variante,slug15,S,jour,phase,t0_rel_s,t1_rel_s,duree_s,marge_debut,marge_max,portefeuille,prix_jambes,ages_jambes_s,tailles_jambes,ecart_ages_s,taille_min,profit_10,lots_10,profit_10_sans_limite,profit_50,lots_50,profit_50_sans_limite,profit_100,lots_100,profit_100_sans_limite
A,btc-updown-15m-1788494400,1788494400,2026-09-04,après clôture #2,745,746,2,0.007962,0.007962,15m Down + 5m#3 Up,0.120 / 0.856,0 / 0,11.7 / 50.2,0,11.6667,0.07962,10,0.07962,0.09289,11.6667,0.3981,0.09289,11.6667,0.7962
A,btc-updown-15m-1788494400,1788494400,2026-09-04,après clôture #2,751,752,2,0.0109327,0.0109327,15m Down + 5m#3 Up,0.123 / 0.850,0 / 0,63.6 / 106.0,0,63.6154,0.109327,10,0.109327,0.546635,50,0.546635,0.695487,63.6154,1.09327
A,btc-updown-15m-1788494400,1788494400,2026-09-04,après clôture #2,754,755,2,0.00315806,0.00315806,15m Down + 5m#3 Up,0.130 / 0.850,0 / 0,15.4 / 20.2,0,15.3846,0.0315806,10,0.0315806,0.0485855,15.3846,0.157903,0.0485855,15.3846,0.315806
A,btc-updown-15m-1788494400,1788494400,2026-09-04,après clôture #2,763,770,8,0.007414,0.00741408,15m Down + 5m#3 Up,0.090 / 0.890,0 / 0,121.0 / 66.0,0,66,0.07414,10,0.07414,0.3707,50,0.3707,0.489324,66,0.7414
A,btc-updown-15m-1788494400,1788494400,2026-09-04,après clôture #2,772,773,2,0.007414,0.007414,15m Down + 5m#3 Up,0.090 / 0.890,0 / 0,85.0 / 97.0,0,85,0.07414,10,0.07414,0.3707,50,0.3707,0.63019,85,0.7414
A,btc-updown-15m-1788494400,1788494400,2026-09-04,après clôture #2,778,779,2,0.007414,0.007414,15m Down + 5m#3 Up,0.090 / 0.890,1 / 0,50.0 / 6.0,1,6,0.044484,6,0.07414,0.044484,6,0.3707,0.044484,6,0.7414
B,btc-updown-15m-1788494400,1788494400,2026-09-04,après clôture #2,742,743,2,0.00116078,0.00116078,15m Down + 5m#3 Up,0.123 / 0.860,0 / 0,224.5 / 91.5,0,91.5335,0.0116078,10,0.0116078,0.0580391,50,0.0580391,0.10625,91.5335,0.116078
C,btc-updown-15m-1788494400,1788494400,2026-09-04,après clôture #2,765,767,3,0.007414,0.007414,15m Down + 5m#3 Up,0.090 / 0.890,0 / 0,53.0 / 250.9,0,53,0.07414,10,0.07414,0.3707,50,0.3707,0.392942,53,0.7414
C,btc-updown-15m-1788494400,1788494400,2026-09-04,après clôture #2,769,770,2,0.00197985,0.00197985,15m Down + 5m#3 Up,0.095 / 0.890,0 / 0,10.3 / 138.0,0,10.29,0.0197985,10,0.0197985,0.0203726,10.29,0.0989924,0.0203726,10.29,0.197985
C,btc-updown-15m-1788494400,1788494400,2026-09-04,après clôture #2,778,778,1,0.007414,0.007414,15m Down + 5m#3 Up,0.090 / 0.890,1 / 0,50.0 / 6.0,1,6,0.044484,6,0.07414,0.044484,6,0.3707,0.044484,6,0.7414
A,btc-updown-15m-1788518700,1788518700,2026-09-04,après clôture #2,679,680,2,0.008548,0.008548,15m Down + 5m#3 Up,0.080 / 0.900,0 / 0,26.0 / 65.9,0,26,0.08548,10,0.08548,0.222248,26,0.4274,0.222248,26,0.8548
A,btc-updown-15m-1788518700,1788518700,2026-09-04,après clôture #2,742,746,5,0.003987,0.003987,15m Down + 5m#3 Up,0.040 / 0.950,0 / 0,35.0 / 129.0,0,35,0.03987,10,0.03987,0.139545,35,0.19935,0.139545,35,0.3987
B,btc-updown-15m-1788518700,1788518700,2026-09-04,après clôture #2,603,603,1,0.0112301,0.0112301,15m Down + 5m#3 Up,0.270 / 0.690,0 / 0,4.6 / 14.0,0,4.61538,0.0518313,4.61538,0.112301,0.0518313,4.61538,0.561506,0.0518313,4.61538,1.12301
C,btc-updown-15m-1788518700,1788518700,2026-09-04,après clôture #2,603,603,1,0.011832,0.011832,15m Down + 5m#3 Up,0.260 / 0.700,0 / 0,50.0 / 1.7,0,1.72,0.020351,1.72,0.11832,0.020351,1.72,0.5916,0.020351,1.72,1.1832
A,btc-updown-15m-1788528600,1788528600,2026-09-04,après clôture #2,726,726,1,0.0145201,0.0145201,15m Up + 5m#3 Down,0.740 / 0.220,0 / 0,3.7 / 9.1,0,3.67,0.0532887,3.67,0.145201,0.0532887,3.67,0.726004,0.0532887,3.67,1.45201
A,btc-updown-15m-1788551100,1788551100,2026-09-04,après clôture #2,601,602,2,0.048374,0.048374,15m Down + 5m#3 Up,0.310 / 0.610,0 / 3,8.1 / 4.5,3,4.4918,0.217287,4.4918,0.48374,0.217287,4.4918,2.4187,0.217287,4.4918,4.8374
A,btc-updown-15m-1788551100,1788551100,2026-09-04,après clôture #2,616,617,2,0.002164,0.002164,15m Down + 5m#3 Up,0.140 / 0.840,0 / 0,40.0 / 5.0,0,5,0.01082,5,0.02164,0.01082,5,0.1082,0.01082,5,0.2164
A,btc-updown-15m-1788551100,1788551100,2026-09-04,après clôture #2,679,680,2,0.0394621,0.0394621,15m Down + 5m#3 Up,0.150 / 0.790,0 / 0,804.4 / 2.1,0,2.05063,0.080922,2.05063,0.394621,0.080922,2.05063,1.9731,0.080922,2.05063,3.94621
B,btc-updown-15m-1788551100,1788551100,2026-09-04,après clôture #2,601,602,2,0.028276,0.028276,15m Down + 5m#3 Up,0.320 / 0.620,0 / 3,8.1 / 4.5,3,4.4918,0.12701,4.4918,0.28276,0.12701,4.4918,1.4138,0.12701,4.4918,2.8276
B,btc-updown-15m-1788551100,1788551100,2026-09-04,après clôture #2,679,680,2,0.0193921,0.0193921,15m Down + 5m#3 Up,0.160 / 0.800,0 / 0,804.4 / 2.1,0,2.05063,0.0397659,2.05063,0.193921,0.0397659,2.05063,0.969603,0.0397659,2.05063,1.93921
A,btc-updown-15m-1788559200,1788559200,2026-09-04,après clôture #2,873,873,1,0.00463749,0.00463749,15m Up + 5m#3 Down,0.984 / 0.010,0 / 0,25.0 / 441.0,0,25,0.0463749,10,0.0463749,0.115937,25,0.231875,0.115937,25,0.463749
A,btc-updown-15m-1788561000,1788561000,2026-09-04,après clôture #2,825,825,1,0.058647,0.058647,15m Up + 5m#3 Down,0.300 / 0.610,0 / 0,10.0 / 10.0,0,10,0.58647,10,0.58647,0.58647,10,2.93235,0.58647,10,5.8647
B,btc-updown-15m-1788561000,1788561000,2026-09-04,après clôture #2,825,825,1,0.038535,0.038535,15m Up + 5m#3 Down,0.310 / 0.620,0 / 0,10.0 / 10.0,0,10,0.38535,10,0.38535,0.38535,10,1.92675,0.38535,10,3.8535
A,btc-updown-15m-1788561900,1788561900,2026-09-04,après clôture #2,825,831,7,0.00696353,0.025303,15m Down + 5m#3 Up,0.958 / 0.030,0 / 0,27.7 / 30.0,0,27.7083,0.0696353,10,0.0696353,0.192948,27.7083,0.348176,0.192948,27.7083,0.696353
B,btc-updown-15m-1788561900,1788561900,2026-09-04,après clôture #2,828,831,4,0.005275,0.005275,15m Down + 5m#3 Up,0.960 / 0.030,0 / 0,10.0 / 50.0,0,10,0.05275,10,0.05275,0.05275,10,0.26375,0.05275,10,0.5275
C,btc-updown-15m-1788561900,1788561900,2026-09-04,après clôture #2,826,829,4,0.005275,0.005275,15m Down + 5m#3 Up,0.960 / 0.030,0 / 0,129.0 / 389.0,0,128.96,0.05275,10,0.05275,0.26375,50,0.26375,0.5275,100,0.5275
C,btc-updown-15m-1788561900,1788561900,2026-09-04,après clôture #2,831,831,1,0.0202669,0.0202669,15m Down + 5m#3 Up,0.955 / 0.020,0 / 0,20.5 / 50.0,0,20.5154,0.202669,10,0.202669,0.415784,20.5154,1.01335,0.415784,20.5154,2.02669
A,btc-updown-15m-1788569100,1788569100,2026-09-05,après clôture #2,760,761,2,0.00149506,0.00149506,15m Down + 5m#3 Up,0.930 / 0.060,1 / 0,6.0 / 16.7,1,6.02,0.00900025,6.02,0.0149506,0.00900025,6.02,0.0747529,0.00900025,6.02,0.149506
A,btc-updown-15m-1788569100,1788569100,2026-09-05,après clôture #2,772,773,2,0.000291055,0.000291055,15m Down + 5m#3 Up,0.920 / 0.070,0 / 0,14.3 / 25.0,0,14.2935,0.00291055,10,0.00291055,0.00416019,14.2935,0.0145528,0.00416019,14.2935,0.0291055
C,btc-updown-15m-1788569100,1788569100,2026-09-05,après clôture #2,760,760,1,0.00149506,0.00149506,15m Down + 5m#3 Up,0.930 / 0.060,1 / 0,6.0 / 16.7,1,6.02,0.00900025,6.02,0.0149506,0.00900025,6.02,0.0747529,0.00900025,6.02,0.149506
A,btc-updown-15m-1788588000,1788588000,2026-09-05,après clôture #2,622,623,2,0.006308,0.006308,15m Up + 5m#3 Down,0.880 / 0.100,0 / 0,7.0 / 53.0,0,7,0.044156,7,0.06308,0.044156,7,0.3154,0.044156,7,0.6308
A,btc-updown-15m-1788588000,1788588000,2026-09-05,après clôture #2,631,632,2,0.00315802,0.00315802,15m Up + 5m#3 Down,0.850 / 0.130,1 / 0,22.0 / 38.5,1,22,0.0315802,10,0.0315802,0.0694765,22,0.157901,0.0694765,22,0.315802
A,btc-updown-15m-1788588000,1788588000,2026-09-05,après clôture #2,724,727,4,0.00741409,0.00741409,15m Up + 5m#3 Down,0.890 / 0.090,1 / 0,10.0 / 11.1,1,10,0.0741409,10,0.0741409,0.0741409,10,0.370704,0.0741409,10,0.741409
A,btc-updown-15m-1788588000,1788588000,2026-09-05,après clôture #2,729,729,1,0.001495,0.001495,15m Up + 5m#3 Down,0.930 / 0.060,0 / 0,49.0 / 104.0,0,49,0.01495,10,0.01495,0.073255,49,0.07475,0.073255,49,0.1495
A,btc-updown-15m-1788588000,1788588000,2026-09-05,après clôture #2,751,758,8,0.005275,0.006591,15m Up + 5m#3 Down,0.960 / 0.030,0 / 0,65.0 / 162.0,0,65,0.05275,10,0.05275,0.26375,50,0.26375,0.342875,65,0.5275
C,btc-updown-15m-1788588000,1788588000,2026-09-05,après clôture #2,724,724,1,0.00741409,0.00741409,15m Up + 5m#3 Down,0.890 / 0.090,1 / 0,10.0 / 11.1,1,10,0.0741409,10,0.0741409,0.0741409,10,0.370704,0.0741409,10,0.741409
C,btc-updown-15m-1788588000,1788588000,2026-09-05,après clôture #2,729,729,1,0.001495,0.001495,15m Up + 5m#3 Down,0.930 / 0.060,0 / 0,49.0 / 104.0,0,49,0.01495,10,0.01495,0.073255,49,0.07475,0.073255,49,0.1495
C,btc-updown-15m-1788588000,1788588000,2026-09-05,après clôture #2,751,752,2,0.005275,0.005275,15m Up + 5m#3 Down,0.960 / 0.030,0 / 0,65.0 / 162.0,0,65,0.05275,10,0.05275,0.26375,50,0.26375,0.342875,65,0.5275
C,btc-updown-15m-1788588000,1788588000,2026-09-05,après clôture #2,754,755,2,0.006591,0.006591,15m Up + 5m#3 Down,0.970 / 0.020,0 / 0,125.0 / 50.0,0,50,0.06591,10,0.06591,0.32955,50,0.32955,0.32955,50,0.6591
A,btc-updown-15m-1788588900,1788588900,2026-09-05,après clôture #2,805,806,2,0.006591,0.006591,15m Up + 5m#3 Down,0.970 / 0.020,0 / 0,55.0 / 130.0,0,55,0.06591,10,0.06591,0.32955,50,0.32955,0.362505,55,0.6591
A,btc-updown-15m-1788590700,1788590700,2026-09-05,après clôture #2,717,717,1,0.002164,0.002164,15m Down + 5m#3 Up,0.140 / 0.840,0 / 0,10.0 / 15.0,0,10,0.02164,10,0.02164,0.02164,10,0.1082,0.02164,10,0.2164
A,btc-updown-15m-1788590700,1788590700,2026-09-05,après clôture #2,723,723,1,0.319291,0.319291,15m Down + 5m#3 Up,0.320 / 0.330,0 / 0,10.0 / 6.0,0,6,1.91575,6,3.19291,1.91575,6,15.9645,1.91575,6,31.9291
A,btc-updown-15m-1788590700,1788590700,2026-09-05,après clôture #2,733,734,2,0.0138061,0.0138061,15m Down + 5m#3 Up,0.230 / 0.730,0 / 0,10.2 / 0.7,0,0.72,0.00994038,0.72,0.138061,0.00994038,0.72,0.690304,0.00994038,0.72,1.38061
A,btc-updown-15m-1788590700,1788590700,2026-09-05,après clôture #2,744,744,1,0.0356389,0.0356389,15m Down + 5m#3 Up,0.330 / 0.602,0 / 0,49.5 / 22.0,0,21.9726,0.356389,10,0.356389,0.783078,21.9726,1.78194,0.783078,21.9726,3.56389
A,btc-updown-15m-1788590700,1788590700,2026-09-05,après clôture #2,747,747,1,0.01011,0.01011,15m Down + 5m#3 Up,0.290 / 0.670,0 / 0,5.0 / 23.9,0,5,0.0505501,5,0.1011,0.0505501,5,0.505501,0.0505501,5,1.011
A,btc-updown-15m-1788590700,1788590700,2026-09-05,après clôture #2,766,767,2,0.0955626,0.0955626,15m Down + 5m#3 Up,0.764 / 0.120,0 / 0,34.2 / 10.4,0,10.39,0.955626,10,0.955626,0.992895,10.39,4.77813,0.992895,10.39,9.55626
A,btc-updown-15m-1788590700,1788590700,2026-09-05,après clôture #2,769,771,3,0.0133907,0.0133907,15m Down + 5m#3 Up,0.806 / 0.160,0 / 0,16.1 / 5.0,0,5,0.0669535,5,0.133907,0.0669535,5,0.669535,0.0669535,5,1.33907
B,btc-updown-15m-1788590700,1788590700,2026-09-05,après clôture #2,723,723,1,0.298815,0.298815,15m Down + 5m#3 Up,0.330 / 0.340,0 / 0,10.0 / 6.0,0,6,1.79289,6,2.98815,1.79289,6,14.9407,1.79289,6,29.8815
B,btc-updown-15m-1788590700,1788590700,2026-09-05,après clôture #2,744,744,1,0.0155578,0.0155578,15m Down + 5m#3 Up,0.340 / 0.612,0 / 0,49.5 / 22.0,0,21.9726,0.155578,10,0.155578,0.341846,21.9726,0.777891,0.341846,21.9726,1.55578
B,btc-updown-15m-1788590700,1788590700,2026-09-05,après clôture #2,763,764,2,0.014076,0.014076,15m Down + 5m#3 Up,0.810 / 0.156,0 / 0,113.5 / 32.0,0,32,0.14076,10,0.14076,0.450433,32,0.703802,0.450433,32,1.4076
B,btc-updown-15m-1788590700,1788590700,2026-09-05,après clôture #2,766,767,2,0.0754148,0.0754148,15m Down + 5m#3 Up,0.774 / 0.130,0 / 0,34.2 / 10.4,0,10.39,0.754148,10,0.754148,0.78356,10.39,3.77074,0.78356,10.39,7.54148
A,btc-updown-15m-1788600600,1788600600,2026-09-05,après clôture #2,733,735,3,0.002727,0.002727,15m Down + 5m#3 Up,0.940 / 0.050,0 / 0,95.0 / 35.0,0,35,0.02727,10,0.02727,0.095445,35,0.13635,0.095445,35,0.2727
A,btc-updown-15m-1788617700,1788617700,2026-09-05,après clôture #2,838,840,3,0.00079035,0.00079035,15m Up + 5m#3 Down,0.998 / 0.001,0 / 1,90.2 / 120.0,1,90.16,0.0079035,10,0.0079035,0.0395175,50,0.0395175,0.071258,90.16,0.079035
C,btc-updown-15m-1788617700,1788617700,2026-09-05,après clôture #2,838,838,1,0.00079035,0.00079035,15m Up + 5m#3 Down,0.998 / 0.001,0 / 1,90.2 / 120.0,1,90.16,0.0079035,10,0.0079035,0.0395175,50,0.0395175,0.071258,90.16,0.079035
A,btc-updown-15m-1788623100,1788623100,2026-09-05,après clôture #2,690,690,1,0.0209785,0.0209785,15m Up + 5m#3 Down,0.865 / 0.100,0 / 0,16.8 / 50.0,0,16.7607,0.209785,10,0.209785,0.351614,16.7607,1.04892,0.351614,16.7607,2.09785
A,btc-updown-15m-1788623100,1788623100,2026-09-05,après clôture #2,762,764,3,0.003987,0.003987,15m Up + 5m#3 Down,0.950 / 0.040,0 / 0,25.0 / 84.0,0,25,0.03987,10,0.03987,0.099675,25,0.19935,0.099675,25,0.3987
B,btc-updown-15m-1788623100,1788623100,2026-09-05,après clôture #2,690,690,1,0.000942826,0.000942826,15m Up + 5m#3 Down,0.875 / 0.110,0 / 0,16.8 / 50.0,0,16.7607,0.00942826,10,0.00942826,0.0158024,16.7607,0.0471413,0.0158024,16.7607,0.0942826
A,btc-updown-15m-1788638400,1788638400,2026-09-05,après clôture #2,867,867,1,0.012118,0.012118,15m Down + 5m#3 Up,0.930 / 0.050,0 / 0,194.8 / 19.4,0,19.43,0.12118,10,0.12118,0.235453,19.43,0.6059,0.235453,19.43,1.2118
A,btc-updown-15m-1788638400,1788638400,2026-09-05,après clôture #2,873,873,1,0.00659117,0.00659117,15m Down + 5m#3 Up,0.970 / 0.020,0 / 0,2.1 / 75.0,0,2.06185,0.01359,2.06185,0.0659117,0.01359,2.06185,0.329559,0.01359,2.06185,0.659117
C,btc-updown-15m-1788638400,1788638400,2026-09-05,après clôture #2,873,873,1,0.00659117,0.00659117,15m Down + 5m#3 Up,0.970 / 0.020,0 / 0,2.1 / 75.0,0,2.06185,0.01359,2.06185,0.0659117,0.01359,2.06185,0.329559,0.01359,2.06185,0.659117
A,btc-updown-15m-1788644700,1788644700,2026-09-05,après clôture #2,877,879,3,0.007935,0.007935,15m Up + 5m#3 Down,0.980 / 0.010,0 / 0,111.4 / 100.0,0,100,0.07935,10,0.07935,0.39675,50,0.39675,0.7935,100,0.7935
A,btc-updown-15m-1788648300,1788648300,2026-09-05,après clôture #2,745,746,2,0.035259,0.035259,15m Up + 5m#3 Down,0.490 / 0.440,0 / 0,67.8 / 10.0,0,10,0.35259,10,0.35259,0.35259,10,1.76295,0.35259,10,3.5259
B,btc-updown-15m-1788648300,1788648300,2026-09-05,après clôture #2,745,746,2,0.015175,0.015175,15m Up + 5m#3 Down,0.500 / 0.450,0 / 0,67.8 / 10.0,0,10,0.15175,10,0.15175,0.15175,10,0.75875,0.15175,10,1.5175
A,btc-updown-15m-1788662700,1788662700,2026-09-06,après clôture #2,837,839,3,0.00760514,0.00971006,15m Up + 5m#3 Down,0.910 / 0.072,0 / 0,392.1 / 58.3,0,58.345,0.0760514,10,0.0760514,0.380257,50,0.380257,0.443722,58.345,0.760514
A,btc-updown-15m-1788662700,1788662700,2026-09-06,après clôture #2,841,842,2,0.003987,0.003987,15m Up + 5m#3 Down,0.950 / 0.040,0 / 0,69.3 / 169.2,0,69.2842,0.03987,10,0.03987,0.19935,50,0.19935,0.276236,69.2842,0.3987
A,btc-updown-15m-1788662700,1788662700,2026-09-06,après clôture #2,844,845,2,0.005275,0.005275,15m Up + 5m#3 Down,0.960 / 0.030,0 / 0,56.2 / 94.0,0,56.2083,0.05275,10,0.05275,0.26375,50,0.26375,0.296499,56.2083,0.5275
A,btc-updown-15m-1788662700,1788662700,2026-09-06,après clôture #2,847,848,2,0.00171856,0.00171856,15m Up + 5m#3 Down,0.970 / 0.025,1 / 0,39.0 / 608.5,1,39,0.0171856,10,0.0171856,0.0670239,39,0.0859281,0.0670239,39,0.171856
A,btc-updown-15m-1788662700,1788662700,2026-09-06,après clôture #2,876,876,1,0.0129876,0.0129876,15m Up + 5m#3 Down,0.975 / 0.010,0 / 0,9.2 / 300.0,0,9.23465,0.119936,9.23465,0.129876,0.119936,9.23465,0.64938,0.119936,9.23465,1.29876
C,btc-updown-15m-1788662700,1788662700,2026-09-06,après clôture #2,844,845,2,0.005275,0.005275,15m Up + 5m#3 Down,0.960 / 0.030,0 / 0,56.2 / 94.0,0,56.2083,0.05275,10,0.05275,0.26375,50,0.26375,0.296499,56.2083,0.5275
C,btc-updown-15m-1788662700,1788662700,2026-09-06,après clôture #2,847,847,1,0.00171856,0.00171856,15m Up + 5m#3 Down,0.970 / 0.025,1 / 0,136.1 / 608.5,1,136.09,0.0171856,10,0.0171856,0.0859281,50,0.0859281,0.171856,100,0.171856
C,btc-updown-15m-1788662700,1788662700,2026-09-06,après clôture #2,876,876,1,0.007935,0.007935,15m Up + 5m#3 Down,0.980 / 0.010,0 / 0,50.0 / 300.0,0,50,0.07935,10,0.07935,0.39675,50,0.39675,0.39675,50,0.7935
A,btc-updown-15m-1788674400,1788674400,2026-09-06,après clôture #2,750,750,1,0.0301801,0.0301801,15m Down + 5m#3 Up,0.280 / 0.660,0 / 0,70.0 / 5.5,0,5.5303,0.166905,5.5303,0.301801,0.166905,5.5303,1.509,0.166905,5.5303,3.01801
B,btc-updown-15m-1788674400,1788674400,2026-09-06,après clôture #2,750,750,1,0.0101101,0.0101101,15m Down + 5m#3 Up,0.290 / 0.670,0 / 0,70.0 / 5.5,0,5.5303,0.0559117,5.5303,0.101101,0.0559117,5.5303,0.505503,0.0559117,5.5303,1.01101
A,btc-updown-15m-1788676200,1788676200,2026-09-06,après clôture #2,847,854,8,0.00793502,0.01727,15m Down + 5m#3 Up,0.980 / 0.010,0 / 0,20.2 / 183.7,0,20.2041,0.0793502,10,0.0793502,0.16032,20.2041,0.396751,0.16032,20.2041,0.793502
B,btc-updown-15m-1788676200,1788676200,2026-09-06,après clôture #2,720,720,1,6.08423e-05,6.08423e-05,15m Down + 5m#3 Up,0.890 / 0.097,0 / 0,1.2 / 38.3,0,1.25,7.60528e-05,1.25,0.000608423,7.60528e-05,1.25,0.00304211,7.60528e-05,1.25,0.00608423
C,btc-updown-15m-1788676200,1788676200,2026-09-06,après clôture #2,847,848,2,0.007935,0.007935,15m Down + 5m#3 Up,0.980 / 0.010,0 / 0,43.0 / 183.7,0,43,0.07935,10,0.07935,0.341205,43,0.39675,0.341205,43,0.7935
C,btc-updown-15m-1788676200,1788676200,2026-09-06,après clôture #2,850,851,2,0.007935,0.007935,15m Down + 5m#3 Up,0.980 / 0.010,0 / 0,105.0 / 200.0,0,105,0.07935,10,0.07935,0.39675,50,0.39675,0.7935,100,0.7935
A,btc-updown-15m-1788678000,1788678000,2026-09-06,après clôture #2,777,783,7,0.007935,0.00793504,15m Down + 5m#3 Up,0.980 / 0.010,0 / 0,308.0 / 323.0,0,308.02,0.07935,10,0.07935,0.39675,50,0.39675,0.7935,100,0.7935
C,btc-updown-15m-1788678000,1788678000,2026-09-06,après clôture #2,777,778,2,0.007935,0.00793503,15m Down + 5m#3 Up,0.980 / 0.010,0 / 0,308.0 / 323.0,0,308.02,0.07935,10,0.07935,0.39675,50,0.39675,0.7935,100,0.7935
C,btc-updown-15m-1788678000,1788678000,2026-09-06,après clôture #2,780,781,2,0.007935,0.007935,15m Down + 5m#3 Up,0.980 / 0.010,0 / 0,8.0 / 100.0,0,8,0.06348,8,0.07935,0.06348,8,0.39675,0.06348,8,0.7935
B,btc-updown-15m-1788687900,1788687900,2026-09-06,après clôture #2,858,858,1,0.005275,0.005275,15m Up + 5m#3 Down,0.960 / 0.030,2 / 0,30.0 / 163.0,2,30,0.05275,10,0.05275,0.15825,30,0.26375,0.15825,30,0.5275
C,btc-updown-15m-1788687900,1788687900,2026-09-06,après clôture #2,856,857,2,0.00257202,0.00257202,15m Up + 5m#3 Down,0.950 / 0.041,0 / 0,30.0 / 242.0,0,30,0.0257202,10,0.0257202,0.0771605,30,0.128601,0.0771605,30,0.257202
B,btc-updown-15m-1788712200,1788712200,2026-09-06,après clôture #2,889,890,2,0.013364,0.013364,15m Up + 5m#3 Down,0.940 / 0.040,3 / 0,12.0 / 55.0,3,12,0.13364,10,0.13364,0.160368,12,0.6682,0.160368,12,1.3364
A,btc-updown-15m-1788713100,1788713100,2026-09-06,après clôture #2,748,751,4,0.000291,0.000291,15m Down + 5m#3 Up,0.920 / 0.070,1 / 0,19.0 / 15.0,1,15,0.00291,10,0.00291,0.004365,15,0.01455,0.004365,15,0.0291
A,btc-updown-15m-1788713100,1788713100,2026-09-06,après clôture #2,759,759,1,0.003987,0.003987,15m Down + 5m#3 Up,0.950 / 0.040,0 / 0,55.0 / 27.0,0,27,0.03987,10,0.03987,0.107649,27,0.19935,0.107649,27,0.3987
A,btc-updown-15m-1788713100,1788713100,2026-09-06,après clôture #2,816,821,6,0.007935,0.00793502,15m Down + 5m#3 Up,0.980 / 0.010,0 / 0,100.0 / 850.0,0,100,0.07935,10,0.07935,0.39675,50,0.39675,0.7935,100,0.7935
C,btc-updown-15m-1788713100,1788713100,2026-09-06,après clôture #2,748,748,1,0.000291,0.000291,15m Down + 5m#3 Up,0.920 / 0.070,1 / 0,19.0 / 15.0,1,15,0.00291,10,0.00291,0.004365,15,0.01455,0.004365,15,0.0291
C,btc-updown-15m-1788713100,1788713100,2026-09-06,après clôture #2,816,817,2,0.000913894,0.00793502,15m Down + 5m#3 Up,0.988 / 0.010,0 / 0,101.3 / 850.0,0,101.263,0.00913894,10,0.00913894,0.0456947,50,0.0456947,0.0913894,100,0.0913894
A,btc-updown-15m-1788730200,1788730200,2026-09-06,après clôture #2,865,866,2,0.0134204,0.0134204,15m Down + 5m#3 Up,0.910 / 0.067,0 / 0,20.0 / 14.3,0,14.29,0.134204,10,0.134204,0.191778,14.29,0.671022,0.191778,14.29,1.34204
A,btc-updown-15m-1788730200,1788730200,2026-09-06,après clôture #2,870,870,1,0.003987,0.003987,15m Down + 5m#3 Up,0.950 / 0.040,0 / 0,33.8 / 238.2,0,33.8421,0.03987,10,0.03987,0.134928,33.8421,0.19935,0.134928,33.8421,0.3987
A,btc-updown-15m-1788741900,1788741900,2026-09-07,après clôture #2,820,821,2,0.003987,0.003987,15m Down + 5m#3 Up,0.950 / 0.040,3 / 0,7.0 / 20.0,3,7,0.027909,7,0.03987,0.027909,7,0.19935,0.027909,7,0.3987
A,btc-updown-15m-1788755400,1788755400,2026-09-07,après clôture #2,600,601,2,0.137023,0.137023,15m Down + 5m#3 Up,0.330 / 0.500,3 / 2,4.5 / 70.0,1,4.51515,0.61868,4.51515,1.37023,0.61868,4.51515,6.85116,0.61868,4.51515,13.7023
A,btc-updown-15m-1788755400,1788755400,2026-09-07,après clôture #2,603,603,1,0.145218,0.145218,15m Down + 5m#3 Up,0.322 / 0.500,0 / 0,50.0 / 30.0,0,30,1.45218,10,1.45218,4.35654,30,7.26089,4.35654,30,14.5218
A,btc-updown-15m-1788755400,1788755400,2026-09-07,après clôture #2,624,624,1,0.00528003,0.00528003,15m Down + 5m#3 Up,0.440 / 0.520,0 / 0,10.0 / 2.8,0,2.76923,0.0146216,2.76923,0.0528003,0.0146216,2.76923,0.264001,0.0146216,2.76923,0.528003
A,btc-updown-15m-1788755400,1788755400,2026-09-07,après clôture #2,699,699,1,0.00156665,0.00156665,15m Down + 5m#3 Up,0.205 / 0.770,2 / 0,28.0 / 26.0,2,26,0.0156665,10,0.0156665,0.0407329,26,0.0783326,0.0407329,26,0.156665
A,btc-updown-15m-1788755400,1788755400,2026-09-07,après clôture #2,727,727,1,0.000883702,0.000883702,15m Down + 5m#3 Up,0.252 / 0.720,4 / 0,52.4 / 5.0,4,5,0.00441851,5,0.00883702,0.00441851,5,0.0441851,0.00441851,5,0.0883702
A,btc-updown-15m-1788755400,1788755400,2026-09-07,après clôture #2,730,731,2,0.002119,0.002119,15m Down + 5m#3 Up,0.260 / 0.710,0 / 0,28.0 / 18.0,0,18,0.02119,10,0.02119,0.038142,18,0.10595,0.038142,18,0.2119
B,btc-updown-15m-1788755400,1788755400,2026-09-07,après clôture #2,600,601,2,0.116799,0.116799,15m Down + 5m#3 Up,0.340 / 0.510,3 / 2,4.5 / 70.0,1,4.51515,0.527366,4.51515,1.16799,0.527366,4.51515,5.83996,0.527366,4.51515,11.6799
B,btc-updown-15m-1788755400,1788755400,2026-09-07,après clôture #2,603,606,4,0.124983,0.124983,15m Down + 5m#3 Up,0.332 / 0.510,0 / 0,50.0 / 30.0,0,30,1.24983,10,1.24983,3.74948,30,6.24913,3.74948,30,12.4983
B,btc-updown-15m-1788755400,1788755400,2026-09-07,après clôture #2,700,701,2,0.0200892,0.0200892,15m Down + 5m#3 Up,0.215 / 0.740,3 / 0,28.0 / 6.3,3,6.32,0.126963,6.32,0.200892,0.126963,6.32,1.00446,0.126963,6.32,2.00892
C,btc-updown-15m-1788755400,1788755400,2026-09-07,après clôture #2,603,605,3,0.145218,0.145218,15m Down + 5m#3 Up,0.322 / 0.500,0 / 0,50.0 / 30.0,0,30,1.45218,10,1.45218,4.35654,30,7.26089,4.35654,30,14.5218
C,btc-updown-15m-1788755400,1788755400,2026-09-07,après clôture #2,730,731,2,0.002119,0.002119,15m Down + 5m#3 Up,0.260 / 0.710,0 / 0,28.0 / 40.8,0,28,0.02119,10,0.02119,0.059332,28,0.10595,0.059332,28,0.2119
A,btc-updown-15m-1788756300,1788756300,2026-09-07,après clôture #2,600,601,2,0.0616455,0.0754552,15m Down + 5m#3 Up,0.430 / 0.474,3 / 2,12.0 / 422.2,1,12,0.616455,10,0.616455,0.739746,12,3.08227,0.739746,12,6.16455
A,btc-updown-15m-1788756300,1788756300,2026-09-07,après clôture #2,603,603,1,0.0465437,0.0465437,15m Down + 5m#3 Up,0.479 / 0.440,0 / 0,50.0 / 3.1,0,3.13636,0.145978,3.13636,0.465437,0.145978,3.13636,2.32719,0.145978,3.13636,4.65437
B,btc-updown-15m-1788756300,1788756300,2026-09-07,après clôture #2,600,601,2,0.0415247,0.0553152,15m Down + 5m#3 Up,0.440 / 0.484,3 / 2,12.0 / 422.2,1,12,0.415247,10,0.415247,0.498297,12,2.07624,0.498297,12,4.15247
B,btc-updown-15m-1788756300,1788756300,2026-09-07,après clôture #2,603,603,1,0.026444,0.026444,15m Down + 5m#3 Up,0.489 / 0.450,0 / 0,50.0 / 3.1,0,3.13636,0.0829378,3.13636,0.26444,0.0829378,3.13636,1.3222,0.0829378,3.13636,2.6444
C,btc-updown-15m-1788756300,1788756300,2026-09-07,après clôture #2,603,603,1,0.0465437,0.0465437,15m Down + 5m#3 Up,0.479 / 0.440,0 / 0,50.0 / 3.1,0,3.13636,0.145978,3.13636,0.465437,0.145978,3.13636,2.32719,0.145978,3.13636,4.65437
A,btc-updown-15m-1788757200,1788757200,2026-09-07,après clôture #2,603,605,3,0.0282761,0.0282761,15m Down + 5m#3 Up,0.320 / 0.620,0 / 3,50.0 / 4.4,3,4.41935,0.124962,4.41935,0.282761,0.124962,4.41935,1.4138,0.124962,4.41935,2.82761
A,btc-updown-15m-1788757200,1788757200,2026-09-07,après clôture #2,699,699,1,0.035763,0.035763,15m Down + 5m#3 Up,0.530 / 0.400,0 / 0,15.0 / 10.0,0,10,0.35763,10,0.35763,0.35763,10,1.78815,0.35763,10,3.5763
A,btc-updown-15m-1788757200,1788757200,2026-09-07,après clôture #2,705,705,1,0.0755849,0.0755849,15m Down + 5m#3 Up,0.400 / 0.490,0 / 0,60.7 / 9.8,0,9.79592,0.740423,9.79592,0.755849,0.740423,9.79592,3.77924,0.740423,9.79592,7.55849
A,btc-updown-15m-1788757200,1788757200,2026-09-07,après clôture #2,744,746,3,0.0270122,0.0553711,15m Down + 5m#3 Up,0.390 / 0.549,0 / 0,42.9 / 50.1,0,42.8718,0.270122,10,0.270122,1.15806,42.8718,1.35061,1.15806,42.8718,2.70122
A,btc-updown-15m-1788757200,1788757200,2026-09-07,après clôture #2,748,753,6,0.137825,0.137825,15m Down + 5m#3 Up,0.359 / 0.470,0 / 0,243.7 / 8.0,0,8,1.1026,8,1.37825,1.1026,8,6.89123,1.1026,8,13.7825
B,btc-updown-15m-1788757200,1788757200,2026-09-07,après clôture #2,603,605,3,0.00820605,0.00820605,15m Down + 5m#3 Up,0.330 / 0.630,0 / 3,50.0 / 4.4,3,4.41935,0.0362654,4.41935,0.0820605,0.0362654,4.41935,0.410303,0.0362654,4.41935,0.820605
B,btc-updown-15m-1788757200,1788757200,2026-09-07,après clôture #2,699,699,1,0.015679,0.015679,15m Down + 5m#3 Up,0.540 / 0.410,0 / 0,15.0 / 10.0,0,10,0.15679,10,0.15679,0.15679,10,0.78395,0.15679,10,1.5679
B,btc-updown-15m-1788757200,1788757200,2026-09-07,après clôture #2,703,705,3,0.0553151,0.055445,15m Down + 5m#3 Up,0.470 / 0.440,0 / 0,9.3 / 57.3,0,9.34783,0.517075,9.34783,0.553151,0.517075,9.34783,2.76575,0.517075,9.34783,5.53151
B,btc-updown-15m-1788757200,1788757200,2026-09-07,après clôture #2,744,750,7,0.0069408,0.14682,15m Down + 5m#3 Up,0.400 / 0.559,0 / 0,42.9 / 50.1,0,42.8718,0.069408,10,0.069408,0.297565,42.8718,0.34704,0.297565,42.8718,0.69408
B,btc-updown-15m-1788757200,1788757200,2026-09-07,après clôture #2,753,753,1,0.0227829,0.0227829,15m Down + 5m#3 Up,0.423 / 0.520,0 / 0,10.9 / 8.2,0,8.15686,0.185837,8.15686,0.227829,0.185837,8.15686,1.13915,0.185837,8.15686,2.27829
B,btc-updown-15m-1788757200,1788757200,2026-09-07,après clôture #2,765,765,1,0.0262605,0.0262605,15m Down + 5m#3 Up,0.439 / 0.500,0 / 0,20.0 / 6.1,0,6.12245,0.160778,6.12245,0.262605,0.160778,6.12245,1.31302,0.160778,6.12245,2.62605
C,btc-updown-15m-1788757200,1788757200,2026-09-07,après clôture #2,604,605,2,0.0188437,0.0188437,15m Down + 5m#3 Up,0.320 / 0.630,0 / 0,12.1 / 50.0,0,12.06,0.188437,10,0.188437,0.227255,12.06,0.942187,0.227255,12.06,1.88437
C,btc-updown-15m-1788757200,1788757200,2026-09-07,après clôture #2,747,750,4,0.0304471,0.0354551,15m Down + 5m#3 Up,0.435 / 0.500,0 / 0,55.9 / 12.6,0,12.6,0.304471,10,0.304471,0.383633,12.6,1.52235,0.383633,12.6,3.04471
A,btc-updown-15m-1788763500,1788763500,2026-09-07,après clôture #2,774,774,1,0.010743,0.010743,15m Down + 5m#3 Up,0.820 / 0.150,0 / 0,5.0 / 11.1,0,5,0.053715,5,0.10743,0.053715,5,0.53715,0.053715,5,1.0743
A,btc-updown-15m-1788768900,1788768900,2026-09-07,après clôture #2,837,837,1,0.004135,0.004135,15m Down + 5m#3 Up,0.740 / 0.230,0 / 0,14.9 / 10.0,0,10,0.04135,10,0.04135,0.04135,10,0.20675,0.04135,10,0.4135
A,btc-updown-15m-1788768900,1788768900,2026-09-07,après clôture #2,870,870,1,0.006591,0.006591,15m Down + 5m#3 Up,0.970 / 0.020,0 / 0,72.0 / 79.5,0,72,0.06591,10,0.06591,0.32955,50,0.32955,0.474552,72,0.6591
A,btc-updown-15m-1788768900,1788768900,2026-09-07,après clôture #2,879,880,2,0.00145709,0.00145709,15m Down + 5m#3 Up,0.987 / 0.010,3 / 0,49.2 / 10.0,3,10,0.0145709,10,0.0145709,0.0145709,10,0.0728544,0.0145709,10,0.145709
A,btc-updown-15m-1788815700,1788815700,2026-09-07,après clôture #2,796,797,2,0.0109,0.0109,15m Up + 5m#3 Down,0.060 / 0.920,1 / 0,134.0 / 118.0,1,118,0.109,10,0.109,0.545,50,0.545,1.09,100,1.09
A,btc-updown-15m-1788815700,1788815700,2026-09-07,après clôture #2,814,816,3,0.005275,0.005275,15m Up + 5m#3 Down,0.030 / 0.960,0 / 0,51.5 / 38.9,0,38.85,0.05275,10,0.05275,0.204934,38.85,0.26375,0.204934,38.85,0.5275
C,btc-updown-15m-1788815700,1788815700,2026-09-07,après clôture #2,796,796,1,0.00611393,0.00611393,15m Up + 5m#3 Down,0.060 / 0.925,1 / 0,134.0 / 34.6,1,34.6022,0.0611393,10,0.0611393,0.211555,34.6022,0.305696,0.211555,34.6022,0.611393
C,btc-updown-15m-1788815700,1788815700,2026-09-07,après clôture #2,814,815,2,0.005275,0.005275,15m Up + 5m#3 Down,0.030 / 0.960,0 / 0,51.5 / 38.9,0,38.85,0.05275,10,0.05275,0.204934,38.85,0.26375,0.204934,38.85,0.5275
B,btc-updown-15m-1788860700,1788860700,2026-09-08,après clôture #2,667,668,2,0.133411,0.133411,15m Up + 5m#3 Down,0.550 / 0.285,0 / 0,10.0 / 10.0,0,10,1.33411,10,1.33411,1.33411,10,6.67054,1.33411,10,13.3411
A,btc-updown-15m-1788879600,1788879600,2026-09-08,après clôture #2,628,629,2,0.019392,0.019392,15m Down + 5m#3 Up,0.160 / 0.800,0 / 0,338.8 / 102.0,0,101.98,0.19392,10,0.19392,0.9696,50,0.9696,1.9392,100,1.9392
A,btc-updown-15m-1788885900,1788885900,2026-09-08,après clôture #2,678,678,1,0.000291001,0.000291001,15m Up + 5m#3 Down,0.070 / 0.920,0 / 0,25.7 / 5.4,0,5.43478,0.00158152,5.43478,0.00291001,0.00158152,5.43478,0.01455,0.00158152,5.43478,0.0291001
A,btc-updown-15m-1788885900,1788885900,2026-09-08,après clôture #2,681,681,1,0.003987,0.003987,15m Up + 5m#3 Down,0.040 / 0.950,0 / 0,86.8 / 50.8,0,50.7789,0.03987,10,0.03987,0.19935,50,0.19935,0.202456,50.7789,0.3987
A,btc-updown-15m-1788885900,1788885900,2026-09-08,après clôture #2,688,689,2,0.003987,0.003987,15m Up + 5m#3 Down,0.040 / 0.950,0 / 0,25.0 / 15.0,0,15,0.03987,10,0.03987,0.059805,15,0.19935,0.059805,15,0.3987
A,btc-updown-15m-1788885900,1788885900,2026-09-08,après clôture #2,693,696,4,0.003987,0.003987,15m Up + 5m#3 Down,0.040 / 0.950,0 / 0,448.3 / 102.0,0,102,0.03987,10,0.03987,0.19935,50,0.19935,0.3987,100,0.3987
A,btc-updown-15m-1788886800,1788886800,2026-09-08,après clôture #2,804,804,1,0.00742202,0.00742202,15m Down + 5m#3 Up,0.610 / 0.350,0 / 0,7.6 / 2.9,0,2.85714,0.0212058,2.85714,0.0742202,0.0212058,2.85714,0.371101,0.0212058,2.85714,0.742202
A,btc-updown-15m-1788886800,1788886800,2026-09-08,après clôture #2,850,851,2,0.005275,0.005275,15m Down + 5m#3 Up,0.960 / 0.030,0 / 0,80.0 / 108.0,0,80,0.05275,10,0.05275,0.26375,50,0.26375,0.422,80,0.5275
A,btc-updown-15m-1788886800,1788886800,2026-09-08,après clôture #2,853,854,2,0.00272707,0.00272707,15m Down + 5m#3 Up,0.940 / 0.050,0 / 0,7.4 / 20.0,0,7.37234,0.0201049,7.37234,0.0272707,0.0201049,7.37234,0.136353,0.0201049,7.37234,0.272707
C,btc-updown-15m-1788886800,1788886800,2026-09-08,après clôture #2,850,851,2,0.005275,0.005275,15m Down + 5m#3 Up,0.960 / 0.030,0 / 0,80.0 / 108.0,0,80,0.05275,10,0.05275,0.26375,50,0.26375,0.422,80,0.5275
A,btc-updown-15m-1788894000,1788894000,2026-09-08,après clôture #2,649,650,2,0.016099,0.016099,15m Up + 5m#3 Down,0.560 / 0.390,1 / 0,2.0 / 20.0,1,2,0.032198,2,0.16099,0.032198,2,0.80495,0.032198,2,1.6099
A,btc-updown-15m-1788895800,1788895800,2026-09-08,après clôture #2,660,660,1,0.18587,0.18587,15m Down + 5m#3 Up,0.263 / 0.520,0 / 0,16.0 / 6.0,0,5.96154,1.10807,5.96154,1.8587,1.10807,5.96154,9.29349,1.10807,5.96154,18.587
B,btc-updown-15m-1788895800,1788895800,2026-09-08,après clôture #2,660,660,1,0.16558,0.16558,15m Down + 5m#3 Up,0.273 / 0.530,0 / 0,16.0 / 6.0,0,5.96154,0.987112,5.96154,1.6558,0.987112,5.96154,8.279,0.987112,5.96154,16.558
A,btc-updown-15m-1788902100,1788902100,2026-09-08,après clôture #2,783,785,3,0.002727,0.002727,15m Up + 5m#3 Down,0.940 / 0.050,0 / 0,228.5 / 161.0,0,161,0.02727,10,0.02727,0.13635,50,0.13635,0.2727,100,0.2727
A,btc-updown-15m-1788902100,1788902100,2026-09-08,après clôture #2,885,885,1,0.016032,0.016032,15m Up + 5m#3 Down,0.760 / 0.200,0 / 0,10.0 / 31.5,0,10,0.16032,10,0.16032,0.16032,10,0.8016,0.16032,10,1.6032
A,btc-updown-15m-1788915600,1788915600,2026-09-09,après clôture #2,796,797,2,0.18778,0.18778,15m Down + 5m#3 Up,0.600 / 0.185,0 / 0,40.0 / 39.0,0,39,1.8778,10,1.8778,7.3234,39,9.38898,7.3234,39,18.778
A,btc-updown-15m-1788915600,1788915600,2026-09-09,après clôture #2,801,803,3,0.187646,0.187646,15m Down + 5m#3 Up,0.600 / 0.185,0 / 0,717.2 / 10.0,0,10,1.87646,10,1.87646,1.87646,10,9.38229,1.87646,10,18.7646
A,btc-updown-15m-1788915600,1788915600,2026-09-09,après clôture #2,853,854,2,0.024222,0.024222,15m Down + 5m#3 Up,0.850 / 0.110,0 / 0,5.3 / 18.2,0,5.34,0.129346,5.34,0.24222,0.129346,5.34,1.2111,0.129346,5.34,2.4222
A,btc-updown-15m-1788915600,1788915600,2026-09-09,après clôture #2,856,857,2,0.000291,0.000291,15m Down + 5m#3 Up,0.920 / 0.070,0 / 0,251.0 / 18.0,0,18,0.00291,10,0.00291,0.005238,18,0.01455,0.005238,18,0.0291
A,btc-updown-15m-1788915600,1788915600,2026-09-09,après clôture #2,870,870,1,0.003987,0.003987,15m Down + 5m#3 Up,0.950 / 0.040,0 / 0,354.1 / 84.0,0,84,0.03987,10,0.03987,0.19935,50,0.19935,0.334908,84,0.3987
B,btc-updown-15m-1788915600,1788915600,2026-09-09,après clôture #2,796,797,2,0.167492,0.167492,15m Down + 5m#3 Up,0.610 / 0.195,0 / 0,40.0 / 39.0,0,39,1.67492,10,1.67492,6.5322,39,8.37462,6.5322,39,16.7492
B,btc-updown-15m-1788915600,1788915600,2026-09-09,après clôture #2,801,803,3,0.167359,0.167359,15m Down + 5m#3 Up,0.610 / 0.195,0 / 0,717.2 / 10.0,0,10,1.67359,10,1.67359,1.67359,10,8.36794,1.67359,10,16.7359
B,btc-updown-15m-1788915600,1788915600,2026-09-09,après clôture #2,853,854,2,0.00418001,0.00418001,15m Down + 5m#3 Up,0.860 / 0.120,0 / 0,5.3 / 18.2,0,5.34,0.0223213,5.34,0.0418001,0.0223213,5.34,0.209001,0.0223213,5.34,0.418001
C,btc-updown-15m-1788915600,1788915600,2026-09-09,après clôture #2,798,798,1,0.032532,0.032532,15m Down + 5m#3 Up,0.700 / 0.240,0 / 0,318.6 / 10.0,0,10,0.32532,10,0.32532,0.32532,10,1.6266,0.32532,10,3.2532
C,btc-updown-15m-1788915600,1788915600,2026-09-09,après clôture #2,853,854,2,0.024222,0.024222,15m Down + 5m#3 Up,0.850 / 0.110,0 / 0,5.3 / 18.2,0,5.34,0.129346,5.34,0.24222,0.129346,5.34,1.2111,0.129346,5.34,2.4222
C,btc-updown-15m-1788915600,1788915600,2026-09-09,après clôture #2,870,870,1,0.003987,0.003987,15m Down + 5m#3 Up,0.950 / 0.040,0 / 0,354.1 / 84.0,0,84,0.03987,10,0.03987,0.19935,50,0.19935,0.334908,84,0.3987
A,btc-updown-15m-1788920100,1788920100,2026-09-09,après clôture #2,840,840,1,0.015175,0.015175,15m Up + 5m#3 Down,0.500 / 0.450,0 / 0,5819.0 / 26.2,0,26.1556,0.15175,10,0.15175,0.396911,26.1556,0.75875,0.396911,26.1556,1.5175
A,btc-updown-15m-1788925500,1788925500,2026-09-09,après clôture #2,742,743,2,0.0323273,0.0323273,15m Down + 5m#3 Up,0.540 / 0.394,0 / 0,15.0 / 199.4,0,15,0.323273,10,0.323273,0.484909,15,1.61636,0.484909,15,3.23273
B,btc-updown-15m-1788925500,1788925500,2026-09-09,après clôture #2,742,743,2,0.0122483,0.0122483,15m Down + 5m#3 Up,0.550 / 0.404,0 / 0,15.0 / 199.4,0,15,0.122483,10,0.122483,0.183724,15,0.612415,0.183724,15,1.22483
A,btc-updown-15m-1788999300,1788999300,2026-09-10,après clôture #2,766,767,2,0.00707202,0.00707202,15m Up + 5m#3 Down,0.360 / 0.600,0 / 0,13.6 / 0.9,0,0.91,0.00643554,0.91,0.0707202,0.00643554,0.91,0.353601,0.00643554,0.91,0.707202
A,btc-updown-15m-1788999300,1788999300,2026-09-10,après clôture #2,823,824,2,0.168766,0.168766,15m Up + 5m#3 Down,0.270 / 0.530,0 / 0,7.0 / 22.3,0,6.95,1.17292,6.95,1.68766,1.17292,6.95,8.4383,1.17292,6.95,16.8766
A,btc-updown-15m-1788999300,1788999300,2026-09-10,après clôture #2,864,867,4,0.00425101,0.0302719,15m Up + 5m#3 Down,0.927 / 0.060,0 / 0,51.2 / 95.0,0,51.1613,0.0425101,10,0.0425101,0.21255,50,0.21255,0.217487,51.1613,0.425101
A,btc-updown-15m-1788999300,1788999300,2026-09-10,après clôture #2,871,872,2,0.020319,0.020319,15m Up + 5m#3 Down,0.910 / 0.060,0 / 0,28.9 / 53.0,0,28.9231,0.20319,10,0.20319,0.587688,28.9231,1.01595,0.587688,28.9231,2.0319
A,btc-updown-15m-1788999300,1788999300,2026-09-10,après clôture #2,876,878,3,0.0577665,0.0784793,15m Up + 5m#3 Down,0.927 / 0.010,0 / 0,100.0 / 450.0,0,100,0.577665,10,0.577665,2.88833,50,2.88833,5.77665,100,5.77665
A,btc-updown-15m-1788999300,1788999300,2026-09-10,après clôture #2,880,882,3,0.064155,0.064155,15m Up + 5m#3 Down,0.920 / 0.010,0 / 0,10.2 / 1786.0,0,10.2174,0.64155,10,0.64155,0.655497,10.2174,3.20775,0.655497,10.2174,6.4155
A,btc-updown-15m-1788999300,1788999300,2026-09-10,après clôture #2,886,892,7,0.0449349,0.0449349,15m Up + 5m#3 Down,0.940 / 0.010,0 / 0,500.0 / 100.0,0,100,0.449349,10,0.449349,2.24674,50,2.24674,4.49349,100,4.49349
B,btc-updown-15m-1788999300,1788999300,2026-09-10,après clôture #2,823,824,2,0.1485,0.1485,15m Up + 5m#3 Down,0.280 / 0.540,0 / 0,7.0 / 22.3,0,6.95,1.03208,6.95,1.485,1.03208,6.95,7.425,1.03208,6.95,14.85
B,btc-updown-15m-1788999300,1788999300,2026-09-10,après clôture #2,865,866,2,0.010234,0.010234,15m Up + 5m#3 Down,0.940 / 0.043,0 / 0,418.0 / 51.0,0,51,0.10234,10,0.10234,0.511701,50,0.511701,0.521935,51,1.0234
B,btc-updown-15m-1788999300,1788999300,2026-09-10,après clôture #2,871,884,14,0.000291002,0.091236,15m Up + 5m#3 Down,0.920 / 0.070,0 / 0,28.9 / 53.0,0,28.9231,0.00291002,10,0.00291002,0.00841668,28.9231,0.0145501,0.00841668,28.9231,0.0291002
B,btc-updown-15m-1788999300,1788999300,2026-09-10,après clôture #2,886,887,2,0.0248795,0.0248795,15m Up + 5m#3 Down,0.950 / 0.020,0 / 0,500.0 / 100.0,0,100,0.248795,10,0.248795,1.24397,50,1.24397,2.48795,100,2.48795
B,btc-updown-15m-1788999300,1788999300,2026-09-10,après clôture #2,891,891,1,0.00622111,0.00622111,15m Up + 5m#3 Down,0.970 / 0.020,0 / 3,10.4 / 810.0,3,10.4124,0.0622111,10,0.0622111,0.0647765,10.4124,0.311055,0.0647765,10.4124,0.622111
C,btc-updown-15m-1788999300,1788999300,2026-09-10,après clôture #2,874,881,8,0.0492264,0.083007,15m Up + 5m#3 Down,0.936 / 0.010,0 / 0,100.0 / 1061.9,0,100,0.492264,10,0.492264,2.46132,50,2.46132,4.92264,100,4.92264
C,btc-updown-15m-1788999300,1788999300,2026-09-10,après clôture #2,886,887,2,0.038772,0.038772,15m Up + 5m#3 Down,0.947 / 0.010,0 / 0,2500.0 / 100.0,0,100,0.38772,10,0.38772,1.9386,50,1.9386,3.8772,100,3.8772
A,btc-updown-15m-1789001100,1789001100,2026-09-10,après clôture #2,601,602,2,0.0158751,0.0158751,15m Down + 5m#3 Up,0.400 / 0.550,0 / 0,14.2 / 1.8,0,1.81818,0.0288637,1.81818,0.158751,0.0288637,1.81818,0.793753,0.0288637,1.81818,1.58751
B,btc-updown-15m-1789001100,1789001100,2026-09-10,après clôture #2,603,603,1,0.00149347,0.00149347,15m Down + 5m#3 Up,0.404 / 0.560,0 / 0,11.8 / 45.0,0,11.8,0.0149347,10,0.0149347,0.017623,11.8,0.0746736,0.017623,11.8,0.149347
A,btc-updown-15m-1789015500,1789015500,2026-09-10,après clôture #2,739,740,2,0.004863,0.004863,15m Down + 5m#3 Up,0.220 / 0.750,0 / 0,23.2 / 10.0,0,10,0.04863,10,0.04863,0.04863,10,0.24315,0.04863,10,0.4863
A,btc-updown-15m-1789015500,1789015500,2026-09-10,après clôture #2,801,804,4,0.006591,0.006591,15m Down + 5m#3 Up,0.020 / 0.970,0 / 0,121.2 / 5.1,0,5.10307,0.0336343,5.10307,0.06591,0.0336343,5.10307,0.32955,0.0336343,5.10307,0.6591
C,btc-updown-15m-1789015500,1789015500,2026-09-10,après clôture #2,801,804,4,0.006591,0.006591,15m Down + 5m#3 Up,0.020 / 0.970,0 / 0,121.2 / 44.0,0,44,0.06591,10,0.06591,0.290004,44,0.32955,0.290004,44,0.6591
A,btc-updown-15m-1789018200,1789018200,2026-09-10,après clôture #2,811,812,2,0.000265222,0.000265222,15m Down + 5m#3 Up,0.931 / 0.060,0 / 0,37.2 / 61.5,0,37.152,0.00265222,10,0.00265222,0.00985353,37.152,0.0132611,0.00985353,37.152,0.0265222
A,btc-updown-15m-1789018200,1789018200,2026-09-10,après clôture #2,819,819,1,0.0045986,0.0045986,15m Down + 5m#3 Up,0.949 / 0.040,0 / 0,109.2 / 141.8,0,109.212,0.045986,10,0.045986,0.22993,50,0.22993,0.45986,100,0.45986
A,btc-updown-15m-1789073100,1789073100,2026-09-10,après clôture #2,637,638,2,0.00619,0.00619,15m Up + 5m#3 Down,0.570 / 0.390,0 / 0,50.9 / 5.0,0,5,0.03095,5,0.0619,0.03095,5,0.3095,0.03095,5,0.619
A,btc-updown-15m-1789074000,1789074000,2026-09-10,après clôture #2,838,839,2,0.02124,0.02124,15m Up + 5m#3 Down,0.140 / 0.820,0 / 0,55.0 / 5.0,0,5,0.1062,5,0.2124,0.1062,5,1.062,0.1062,5,2.124
B,btc-updown-15m-1789074000,1789074000,2026-09-10,après clôture #2,838,839,2,0.001198,0.001198,15m Up + 5m#3 Down,0.150 / 0.830,0 / 0,55.0 / 5.0,0,5,0.00599,5,0.01198,0.00599,5,0.0599,0.00599,5,0.1198
A,btc-updown-15m-1789076700,1789076700,2026-09-10,après clôture #2,718,719,2,0.009102,0.009102,15m Down + 5m#3 Up,0.650 / 0.310,0 / 0,50.0 / 100.0,0,50,0.09102,10,0.09102,0.4551,50,0.4551,0.4551,50,0.9102
A,btc-updown-15m-1789076700,1789076700,2026-09-10,après clôture #2,838,839,2,0.006308,0.006308,15m Down + 5m#3 Up,0.880 / 0.100,0 / 0,20.0 / 26.0,0,20,0.06308,10,0.06308,0.12616,20,0.3154,0.12616,20,0.6308
A,btc-updown-15m-1789076700,1789076700,2026-09-10,après clôture #2,841,842,2,0.007414,0.007414,15m Down + 5m#3 Up,0.890 / 0.090,0 / 0,224.0 / 95.0,0,95,0.07414,10,0.07414,0.3707,50,0.3707,0.70433,95,0.7414
A,btc-updown-15m-1789076700,1789076700,2026-09-10,après clôture #2,847,848,2,0.000291,0.000291,15m Down + 5m#3 Up,0.920 / 0.070,0 / 0,50.0 / 53.0,0,50,0.00291,10,0.00291,0.01455,50,0.01455,0.01455,50,0.0291
C,btc-updown-15m-1789076700,1789076700,2026-09-10,après clôture #2,847,848,2,0.000291,0.000291,15m Down + 5m#3 Up,0.920 / 0.070,0 / 0,258.5 / 53.0,0,53,0.00291,10,0.00291,0.01455,50,0.01455,0.015423,53,0.0291
A,btc-updown-15m-1789092000,1789092000,2026-09-11,après clôture #2,742,743,2,0.015091,0.015091,15m Down + 5m#3 Up,0.470 / 0.480,0 / 0,39.6 / 39.6,0,39.6042,0.15091,10,0.15091,0.597667,39.6042,0.754551,0.597667,39.6042,1.5091
A,btc-updown-15m-1789122600,1789122600,2026-09-11,après clôture #2,615,615,1,0.0589336,0.0589336,15m Down + 5m#3 Up,0.705 / 0.210,3 / 0,70.5 / 61.0,3,61,0.589336,10,0.589336,2.94668,50,2.94668,3.59495,61,5.89336
A,btc-updown-15m-1789122600,1789122600,2026-09-11,après clôture #2,720,720,1,0.10843,0.10843,15m Down + 5m#3 Up,0.570 / 0.290,3 / 0,3.9 / 10.7,3,3.93,0.42613,3.93,1.0843,0.42613,3.93,5.4215,0.42613,3.93,10.843
A,btc-updown-15m-1789122600,1789122600,2026-09-11,après clôture #2,804,805,2,0.006308,0.006308,15m Down + 5m#3 Up,0.880 / 0.100,3 / 0,9.0 / 5.0,3,5,0.03154,5,0.06308,0.03154,5,0.3154,0.03154,5,0.6308
A,btc-updown-15m-1789122600,1789122600,2026-09-11,après clôture #2,846,846,1,0.002727,0.002727,15m Down + 5m#3 Up,0.940 / 0.050,0 / 0,7.4 / 78.0,0,7.39,0.0201525,7.39,0.02727,0.0201525,7.39,0.13635,0.0201525,7.39,0.2727
A,btc-updown-15m-1789122600,1789122600,2026-09-11,après clôture #2,849,849,1,0.005275,0.005275,15m Down + 5m#3 Up,0.960 / 0.030,0 / 0,6.3 / 291.0,0,6.34,0.0334435,6.34,0.05275,0.0334435,6.34,0.26375,0.0334435,6.34,0.5275
A,btc-updown-15m-1789122600,1789122600,2026-09-11,après clôture #2,852,854,3,0.006591,0.006591,15m Down + 5m#3 Up,0.970 / 0.020,2 / 0,10.0 / 10.0,2,10,0.06591,10,0.06591,0.06591,10,0.32955,0.06591,10,0.6591
B,btc-updown-15m-1789122600,1789122600,2026-09-11,après clôture #2,615,615,1,0.0388284,0.0388284,15m Down + 5m#3 Up,0.715 / 0.220,3 / 0,70.5 / 61.0,3,61,0.388284,10,0.388284,1.94142,50,1.94142,2.36853,61,3.88284
B,btc-updown-15m-1789122600,1789122600,2026-09-11,après clôture #2,720,720,1,0.088248,0.088248,15m Down + 5m#3 Up,0.580 / 0.300,3 / 0,3.9 / 10.7,3,3.93,0.346815,3.93,0.88248,0.346815,3.93,4.4124,0.346815,3.93,8.8248
C,btc-updown-15m-1789122600,1789122600,2026-09-11,après clôture #2,849,849,1,0.005275,0.005275,15m Down + 5m#3 Up,0.960 / 0.030,0 / 0,6.3 / 291.0,0,6.34,0.0334435,6.34,0.05275,0.0334435,6.34,0.26375,0.0334435,6.34,0.5275
A,btc-updown-15m-1789125300,1789125300,2026-09-11,après clôture #2,817,818,2,0.0163359,0.0163359,15m Up + 5m#3 Down,0.971 / 0.010,0 / 0,14.9 / 1043.0,0,14.95,0.163359,10,0.163359,0.244221,14.95,0.816794,0.244221,14.95,1.63359
C,btc-updown-15m-1789125300,1789125300,2026-09-11,après clôture #2,817,818,2,0.0163359,0.0163359,15m Up + 5m#3 Down,0.971 / 0.010,0 / 0,14.9 / 1043.0,0,14.95,0.163359,10,0.163359,0.244221,14.95,0.816794,0.244221,14.95,1.63359
A,btc-updown-15m-1789164000,1789164000,2026-09-11,après clôture #2,694,698,5,0.020319,0.020319,15m Up + 5m#3 Down,0.910 / 0.060,0 / 0,1.1 / 17.3,0,1.0989,0.0223285,1.0989,0.20319,0.0223285,1.0989,1.01595,0.0223285,1.0989,2.0319
B,btc-updown-15m-1789164000,1789164000,2026-09-11,après clôture #2,694,695,2,0.000291,0.000291,15m Up + 5m#3 Down,0.920 / 0.070,0 / 0,1.1 / 17.3,0,1.0989,0.00031978,1.0989,0.00291,0.00031978,1.0989,0.01455,0.00031978,1.0989,0.0291
C,btc-updown-15m-1789164000,1789164000,2026-09-11,après clôture #2,694,695,2,0.020319,0.020319,15m Up + 5m#3 Down,0.910 / 0.060,0 / 0,1.1 / 27.3,0,1.0989,0.0223285,1.0989,0.20319,0.0223285,1.0989,1.01595,0.0223285,1.0989,2.0319
A,btc-updown-15m-1789164900,1789164900,2026-09-11,après clôture #2,837,837,1,0.007935,0.007935,15m Up + 5m#3 Down,0.010 / 0.980,0 / 0,200.0 / 327.6,0,200,0.07935,10,0.07935,0.39675,50,0.39675,0.7935,100,0.7935
A,btc-updown-15m-1789188300,1789188300,2026-09-12,après clôture #2,816,816,1,0.002727,0.002727,15m Down + 5m#3 Up,0.940 / 0.050,0 / 0,11.0 / 71.0,0,11,0.02727,10,0.02727,0.029997,11,0.13635,0.029997,11,0.2727
A,btc-updown-15m-1789188300,1789188300,2026-09-12,après clôture #2,837,837,1,0.006591,0.006591,15m Down + 5m#3 Up,0.970 / 0.020,0 / 0,152.0 / 50.0,0,50,0.06591,10,0.06591,0.32955,50,0.32955,0.32955,50,0.6591
C,btc-updown-15m-1789188300,1789188300,2026-09-12,après clôture #2,796,797,2,0.000291,0.000291,15m Down + 5m#3 Up,0.920 / 0.070,0 / 0,75.0 / 125.0,0,74.9935,0.00291,10,0.00291,0.01455,50,0.01455,0.0218231,74.9935,0.0291
C,btc-updown-15m-1789188300,1789188300,2026-09-12,après clôture #2,837,837,1,0.006591,0.006591,15m Down + 5m#3 Up,0.970 / 0.020,0 / 0,152.0 / 50.0,0,50,0.06591,10,0.06591,0.32955,50,0.32955,0.32955,50,0.6591
A,btc-updown-15m-1789205400,1789205400,2026-09-12,après clôture #2,804,804,1,0.196883,0.196883,15m Up + 5m#3 Down,0.400 / 0.370,0 / 0,1299.5 / 5.0,0,5,0.984415,5,1.96883,0.984415,5,9.84415,0.984415,5,19.6883
B,btc-updown-15m-1789205400,1789205400,2026-09-12,après clôture #2,804,804,1,0.176575,0.176575,15m Up + 5m#3 Down,0.410 / 0.380,0 / 0,1299.5 / 5.0,0,5,0.882875,5,1.76575,0.882875,5,8.82875,0.882875,5,17.6575
B,btc-updown-15m-1789205400,1789205400,2026-09-12,après clôture #2,807,807,1,0.065574,0.065574,15m Up + 5m#3 Down,0.410 / 0.490,0 / 0,50.2 / 72.2,0,50.175,0.65574,10,0.65574,3.2787,50,3.2787,3.29018,50.175,6.5574
A,btc-updown-15m-1789214400,1789214400,2026-09-12,après clôture #2,750,750,1,0.021523,0.021523,15m Up + 5m#3 Down,0.050 / 0.920,0 / 0,60.0 / 52.1,0,52.1087,0.21523,10,0.21523,1.07615,50,1.07615,1.12154,52.1087,2.1523
B,btc-updown-15m-1789214400,1789214400,2026-09-12,après clôture #2,612,612,1,0.0252721,0.0252721,15m Up + 5m#3 Down,0.100 / 0.860,0 / 0,4.0 / 1.2,0,1.17647,0.0297317,1.17647,0.252721,0.0297317,1.17647,1.2636,0.0297317,1.17647,2.52721
B,btc-updown-15m-1789214400,1789214400,2026-09-12,après clôture #2,750,750,1,0.001495,0.001495,15m Up + 5m#3 Down,0.060 / 0.930,0 / 0,60.0 / 52.1,0,52.1087,0.01495,10,0.01495,0.07475,50,0.07475,0.0779025,52.1087,0.1495
C,btc-updown-15m-1789257600,1789257600,2026-09-13,après clôture #2,825,826,2,0.000291,0.000291,15m Down + 5m#3 Up,0.920 / 0.070,0 / 0,131.0 / 130.0,0,130,0.00291,10,0.00291,0.01455,50,0.01455,0.0291,100,0.0291
A,btc-updown-15m-1789259400,1789259400,2026-09-13,après clôture #2,678,680,3,0.003987,0.003987,15m Down + 5m#3 Up,0.950 / 0.040,2 / 0,362.4 / 54.0,2,54,0.03987,10,0.03987,0.19935,50,0.19935,0.215298,54,0.3987
A,btc-updown-15m-1789259400,1789259400,2026-09-13,après clôture #2,682,683,2,0.005275,0.005275,15m Down + 5m#3 Up,0.960 / 0.030,0 / 0,256.6 / 214.8,0,214.83,0.05275,10,0.05275,0.26375,50,0.26375,0.5275,100,0.5275
A,btc-updown-15m-1789259400,1789259400,2026-09-13,après clôture #2,687,687,1,0.005275,0.005275,15m Down + 5m#3 Up,0.960 / 0.030,0 / 0,136.1 / 15.0,0,15,0.05275,10,0.05275,0.079125,15,0.26375,0.079125,15,0.5275
A,btc-updown-15m-1789259400,1789259400,2026-09-13,après clôture #2,694,695,2,0.006591,0.006591,15m Down + 5m#3 Up,0.970 / 0.020,0 / 0,50.0 / 50.0,0,50,0.06591,10,0.06591,0.32955,50,0.32955,0.32955,50,0.6591
A,btc-updown-15m-1789259400,1789259400,2026-09-13,après clôture #2,702,702,1,0.003987,0.003987,15m Down + 5m#3 Up,0.950 / 0.040,0 / 0,30.0 / 318.0,0,30,0.03987,10,0.03987,0.11961,30,0.19935,0.11961,30,0.3987
A,btc-updown-15m-1789259400,1789259400,2026-09-13,après clôture #2,751,751,1,0.01727,0.01727,15m Down + 5m#3 Up,0.970 / 0.010,0 / 4,25.0 / 100.0,4,25,0.1727,10,0.1727,0.43175,25,0.8635,0.43175,25,1.727
A,btc-updown-15m-1789259400,1789259400,2026-09-13,après clôture #2,756,760,5,0.007935,0.007935,15m Down + 5m#3 Up,0.980 / 0.010,0 / 0,5.0 / 29.7,0,5.04,0.0399924,5.04,0.07935,0.0399924,5.04,0.39675,0.0399924,5.04,0.7935
A,btc-updown-15m-1789259400,1789259400,2026-09-13,après clôture #2,784,788,5,0.0158809,0.0158809,15m Down + 5m#3 Up,0.970 / 0.011,0 / 0,5.0 / 177.0,0,5.05,0.0801983,5.05,0.158809,0.0801983,5.05,0.794043,0.0801983,5.05,1.58809
A,btc-updown-15m-1789259400,1789259400,2026-09-13,après clôture #2,793,797,5,0.006591,0.006591,15m Down + 5m#3 Up,0.970 / 0.020,0 / 1,1000.0 / 50.0,1,50,0.06591,10,0.06591,0.32955,50,0.32955,0.32955,50,0.6591
C,btc-updown-15m-1789259400,1789259400,2026-09-13,après clôture #2,694,695,2,0.00386328,0.00386328,15m Down + 5m#3 Up,0.970 / 0.023,0 / 0,50.0 / 44.3,0,44.3333,0.0386328,10,0.0386328,0.171272,44.3333,0.193164,0.171272,44.3333,0.386328
C,btc-updown-15m-1789259400,1789259400,2026-09-13,après clôture #2,702,702,1,0.003987,0.003987,15m Down + 5m#3 Up,0.950 / 0.040,0 / 0,101.7 / 318.0,0,101.66,0.03987,10,0.03987,0.19935,50,0.19935,0.3987,100,0.3987
C,btc-updown-15m-1789259400,1789259400,2026-09-13,après clôture #2,756,757,2,0.007935,0.007935,15m Down + 5m#3 Up,0.980 / 0.010,0 / 0,5.0 / 29.7,0,5.04,0.0399924,5.04,0.07935,0.0399924,5.04,0.39675,0.0399924,5.04,0.7935
C,btc-updown-15m-1789259400,1789259400,2026-09-13,après clôture #2,783,785,3,0.007935,0.0158809,15m Down + 5m#3 Up,0.980 / 0.010,0 / 0,81.6 / 100.0,0,81.6326,0.07935,10,0.07935,0.39675,50,0.39675,0.647755,81.6326,0.7935
C,btc-updown-15m-1789259400,1789259400,2026-09-13,après clôture #2,793,793,1,0.006591,0.006591,15m Down + 5m#3 Up,0.970 / 0.020,0 / 1,1000.0 / 50.0,1,50,0.06591,10,0.06591,0.32955,50,0.32955,0.32955,50,0.6591
A,btc-updown-15m-1789268400,1789268400,2026-09-13,après clôture #2,793,794,2,0.00938636,0.00938636,15m Down + 5m#3 Up,0.551 / 0.405,0 / 0,20.0 / 135.8,0,20,0.0938636,10,0.0938636,0.187727,20,0.469318,0.187727,20,0.938636
A,btc-updown-15m-1789269300,1789269300,2026-09-13,après clôture #2,759,759,1,0.003158,0.003158,15m Down + 5m#3 Up,0.850 / 0.130,0 / 0,30.8 / 154.0,0,30.7529,0.03158,10,0.03158,0.0971178,30.7529,0.1579,0.0971178,30.7529,0.3158
A,btc-updown-15m-1789269300,1789269300,2026-09-13,après clôture #2,793,794,2,0.004135,0.004135,15m Down + 5m#3 Up,0.740 / 0.230,0 / 0,16.2 / 100.0,0,16.18,0.04135,10,0.04135,0.0669043,16.18,0.20675,0.0669043,16.18,0.4135
A,btc-updown-15m-1789269300,1789269300,2026-09-13,après clôture #2,820,821,2,0.00216402,0.00216402,15m Down + 5m#3 Up,0.840 / 0.140,0 / 0,5.0 / 7.1,0,5,0.0108201,5,0.0216402,0.0108201,5,0.108201,0.0108201,5,0.216402
A,btc-updown-15m-1789269300,1789269300,2026-09-13,après clôture #2,841,841,1,0.0074992,0.0074992,15m Down + 5m#3 Up,0.901 / 0.080,4 / 0,90.0 / 15.0,4,15,0.074992,10,0.074992,0.112488,15,0.37496,0.112488,15,0.74992
C,btc-updown-15m-1789269300,1789269300,2026-09-13,après clôture #2,817,818,2,0.001198,0.001198,15m Down + 5m#3 Up,0.830 / 0.150,0 / 0,75.9 / 10.0,0,10,0.01198,10,0.01198,0.01198,10,0.0599,0.01198,10,0.1198
C,btc-updown-15m-1789269300,1789269300,2026-09-13,après clôture #2,820,821,2,0.00216402,0.00216402,15m Down + 5m#3 Up,0.840 / 0.140,0 / 0,5.0 / 7.1,0,5,0.0108201,5,0.0216402,0.0108201,5,0.108201,0.0108201,5,0.216402
C,btc-updown-15m-1789269300,1789269300,2026-09-13,après clôture #2,843,843,1,0.0109,0.0109,15m Down + 5m#3 Up,0.920 / 0.060,0 / 0,68.0 / 46.7,0,46.6667,0.109,10,0.109,0.508667,46.6667,0.545,0.508667,46.6667,1.09
A,btc-updown-15m-1789271100,1789271100,2026-09-13,après clôture #2,835,836,2,0.00149501,0.00149501,15m Down + 5m#3 Up,0.930 / 0.060,0 / 0,5.4 / 54.0,0,5.37634,0.00803769,5.37634,0.0149501,0.00803769,5.37634,0.0747505,0.00803769,5.37634,0.149501
A,btc-updown-15m-1789300800,1789300800,2026-09-13,après clôture #2,750,750,1,0.003987,0.003987,15m Up + 5m#3 Down,0.950 / 0.040,0 / 0,273.2 / 288.3,0,273.221,0.03987,10,0.03987,0.19935,50,0.19935,0.3987,100,0.3987
A,btc-updown-15m-1789300800,1789300800,2026-09-13,après clôture #2,753,753,1,0.003987,0.003987,15m Up + 5m#3 Down,0.950 / 0.040,0 / 0,207.0 / 172.6,0,172.61,0.03987,10,0.03987,0.19935,50,0.19935,0.3987,100,0.3987
A,btc-updown-15m-1789300800,1789300800,2026-09-13,après clôture #2,756,759,4,0.005275,0.005275,15m Up + 5m#3 Down,0.960 / 0.030,2 / 0,46.1 / 54.0,2,46.07,0.05275,10,0.05275,0.243019,46.07,0.26375,0.243019,46.07,0.5275
A,btc-updown-15m-1789300800,1789300800,2026-09-13,après clôture #2,765,765,1,0.003987,0.003987,15m Up + 5m#3 Down,0.950 / 0.040,0 / 0,87.0 / 132.0,0,87.05,0.03987,10,0.03987,0.19935,50,0.19935,0.347068,87.05,0.3987
A,btc-updown-15m-1789300800,1789300800,2026-09-13,après clôture #2,814,815,2,0.005275,0.005275,15m Up + 5m#3 Down,0.960 / 0.030,1 / 0,21.9 / 33.3,1,21.875,0.05275,10,0.05275,0.115391,21.875,0.26375,0.115391,21.875,0.5275
A,btc-updown-15m-1789300800,1789300800,2026-09-13,après clôture #2,847,848,2,0.00796761,0.00796761,15m Up + 5m#3 Down,0.990 / 0.001,3 / 0,73.9 / 142.9,3,73.88,0.0796761,10,0.0796761,0.39838,50,0.39838,0.588647,73.88,0.796761
C,btc-updown-15m-1789300800,1789300800,2026-09-13,après clôture #2,729,729,1,0.000291,0.000291,15m Up + 5m#3 Down,0.920 / 0.070,0 / 0,14.3 / 31.0,0,14.2935,0.00291,10,0.00291,0.0041594,14.2935,0.01455,0.0041594,14.2935,0.0291
C,btc-updown-15m-1789300800,1789300800,2026-09-13,après clôture #2,757,758,2,0.005275,0.005275,15m Up + 5m#3 Down,0.960 / 0.030,0 / 0,160.0 / 162.0,0,160,0.05275,10,0.05275,0.26375,50,0.26375,0.5275,100,0.5275
C,btc-updown-15m-1789300800,1789300800,2026-09-13,après clôture #2,765,765,1,0.003987,0.003987,15m Up + 5m#3 Down,0.950 / 0.040,0 / 0,87.0 / 132.0,0,87.05,0.03987,10,0.03987,0.19935,50,0.19935,0.347068,87.05,0.3987
C,btc-updown-15m-1789300800,1789300800,2026-09-13,après clôture #2,814,814,1,0.005275,0.005275,15m Up + 5m#3 Down,0.960 / 0.030,1 / 0,21.9 / 41.7,1,21.875,0.05275,10,0.05275,0.115391,21.875,0.26375,0.115391,21.875,0.5275
A,btc-updown-15m-1789310700,1789310700,2026-09-13,après clôture #2,619,620,2,0.00619013,0.00619013,15m Down + 5m#3 Up,0.570 / 0.390,1 / 0,5.8 / 2.6,1,2.5641,0.0158721,2.5641,0.0619013,0.0158721,2.5641,0.309506,0.0158721,2.5641,0.619013
C,btc-updown-15m-1789310700,1789310700,2026-09-13,après clôture #2,619,619,1,0.00619007,0.00619007,15m Down + 5m#3 Up,0.570 / 0.390,1 / 0,14.2 / 2.6,1,2.5641,0.015872,2.5641,0.0619007,0.015872,2.5641,0.309503,0.015872,2.5641,0.619007
A,btc-updown-15m-1789326000,1789326000,2026-09-13,après clôture #2,778,778,1,0.000843781,0.000843781,15m Down + 5m#3 Up,0.931 / 0.060,4 / 0,5.4 / 42.0,4,5.37234,0.00453308,5.37234,0.00843781,0.00453308,5.37234,0.042189,0.00453308,5.37234,0.0843781
A,btc-updown-15m-1789326000,1789326000,2026-09-13,après clôture #2,787,788,2,0.0052752,0.0052752,15m Down + 5m#3 Up,0.960 / 0.030,0 / 0,1.5 / 54.0,0,1.47917,0.00780291,1.47917,0.052752,0.00780291,1.47917,0.26376,0.00780291,1.47917,0.52752
A,btc-updown-15m-1789326000,1789326000,2026-09-13,après clôture #2,790,791,2,0.005275,0.005275,15m Down + 5m#3 Up,0.960 / 0.030,1 / 1,371.7 / 330.0,0,329.96,0.05275,10,0.05275,0.26375,50,0.26375,0.5275,100,0.5275
C,btc-updown-15m-1789326000,1789326000,2026-09-13,après clôture #2,787,790,4,0.0052752,0.0052752,15m Down + 5m#3 Up,0.960 / 0.030,0 / 0,1.5 / 54.0,0,1.47917,0.00780291,1.47917,0.052752,0.00780291,1.47917,0.26376,0.00780291,1.47917,0.52752
A,btc-updown-15m-1789341300,1789341300,2026-09-13,après clôture #2,808,809,2,0.00953547,0.00953547,15m Down + 5m#3 Up,0.700 / 0.262,0 / 0,21.1 / 225.0,0,21.1429,0.0953547,10,0.0953547,0.201607,21.1429,0.476773,0.201607,21.1429,0.953547
A,btc-updown-15m-1789341300,1789341300,2026-09-13,après clôture #2,865,870,6,0.006308,0.0105868,15m Down + 5m#3 Up,0.880 / 0.100,0 / 0,5.0 / 40.0,0,5,0.03154,5,0.06308,0.03154,5,0.3154,0.03154,5,0.6308
A,btc-updown-15m-1789341300,1789341300,2026-09-13,après clôture #2,873,873,1,0.005275,0.005275,15m Down + 5m#3 Up,0.960 / 0.030,0 / 0,211.1 / 305.9,0,211.146,0.05275,10,0.05275,0.26375,50,0.26375,0.5275,100,0.5275
A,btc-updown-15m-1789341300,1789341300,2026-09-13,après clôture #2,882,882,1,0.006308,0.006308,15m Down + 5m#3 Up,0.880 / 0.100,0 / 0,5.0 / 10.3,0,5,0.03154,5,0.06308,0.03154,5,0.3154,0.03154,5,0.6308
C,btc-updown-15m-1789341300,1789341300,2026-09-13,après clôture #2,871,872,2,0.002727,0.002727,15m Down + 5m#3 Up,0.940 / 0.050,0 / 0,86.0 / 54.0,0,53.99,0.02727,10,0.02727,0.13635,50,0.13635,0.147231,53.99,0.2727
A,btc-updown-15m-1789348500,1789348500,2026-09-14,après clôture #2,684,684,1,0.020411,0.020411,15m Up + 5m#3 Down,0.670 / 0.280,0 / 0,70.0 / 3.6,0,3.57143,0.0728966,3.57143,0.20411,0.0728966,3.57143,1.02055,0.0728966,3.57143,2.0411
B,btc-updown-15m-1789348500,1789348500,2026-09-14,après clôture #2,684,684,1,0.000355035,0.000355035,15m Up + 5m#3 Down,0.680 / 0.290,0 / 0,70.0 / 3.6,0,3.57143,0.00126798,3.57143,0.00355035,0.00126798,3.57143,0.0177517,0.00126798,3.57143,0.0355035
A,btc-updown-15m-1789355700,1789355700,2026-09-14,après clôture #2,600,602,3,0.045574,0.045574,15m Down + 5m#3 Up,0.510 / 0.410,0 / 0,3.8 / 7.6,0,3.78431,0.172466,3.78431,0.45574,0.172466,3.78431,2.2787,0.172466,3.78431,4.5574
A,btc-updown-15m-1789355700,1789355700,2026-09-14,après clôture #2,664,666,3,0.00528002,0.0159265,15m Down + 5m#3 Up,0.440 / 0.520,0 / 0,18.1 / 64.8,0,18.1136,0.0528002,10,0.0528002,0.0956403,18.1136,0.264001,0.0956403,18.1136,0.528002
A,btc-updown-15m-1789355700,1789355700,2026-09-14,après clôture #2,670,671,2,0.095679,0.095679,15m Down + 5m#3 Up,0.410 / 0.460,0 / 0,14.5 / 40.0,0,14.5122,0.95679,10,0.95679,1.38851,14.5122,4.78395,1.38851,14.5122,9.5679
A,btc-updown-15m-1789355700,1789355700,2026-09-14,après clôture #2,805,806,2,0.016032,0.016032,15m Down + 5m#3 Up,0.200 / 0.760,3 / 0,18.6 / 26.3,3,18.61,0.16032,10,0.16032,0.298356,18.61,0.8016,0.298356,18.61,1.6032
B,btc-updown-15m-1789355700,1789355700,2026-09-14,après clôture #2,600,602,3,0.025476,0.025476,15m Down + 5m#3 Up,0.520 / 0.420,0 / 0,3.8 / 7.6,0,3.78431,0.0964094,3.78431,0.25476,0.0964094,3.78431,1.2738,0.0964094,3.78431,2.5476
B,btc-updown-15m-1789355700,1789355700,2026-09-14,après clôture #2,607,608,2,0.038115,0.038115,15m Down + 5m#3 Up,0.610 / 0.320,0 / 0,10.0 / 20.0,0,10,0.38115,10,0.38115,0.38115,10,1.90575,0.38115,10,3.8115
B,btc-updown-15m-1789355700,1789355700,2026-09-14,après clôture #2,670,672,3,0.075511,0.075511,15m Down + 5m#3 Up,0.420 / 0.470,0 / 0,14.5 / 40.0,0,14.5122,0.75511,10,0.75511,1.09583,14.5122,3.77555,1.09583,14.5122,7.5511
B,btc-updown-15m-1789355700,1789355700,2026-09-14,après clôture #2,681,683,3,0.036183,0.036183,15m Down + 5m#3 Up,0.380 / 0.550,0 / 0,10.2 / 18.5,0,10.2432,0.36183,10,0.36183,0.370632,10.2432,1.80915,0.370632,10.2432,3.6183
C,btc-updown-15m-1789355700,1789355700,2026-09-14,après clôture #2,600,601,2,0.02535,0.02535,15m Down + 5m#3 Up,0.510 / 0.430,0 / 0,3.8 / 18.0,0,3.78431,0.0959325,3.78431,0.2535,0.0959325,3.78431,1.2675,0.0959325,3.78431,2.535
C,btc-updown-15m-1789355700,1789355700,2026-09-14,après clôture #2,672,672,1,0.005182,0.005182,15m Down + 5m#3 Up,0.450 / 0.510,0 / 0,30.0 / 50.0,0,30,0.05182,10,0.05182,0.15546,30,0.2591,0.15546,30,0.5182
A,btc-updown-15m-1789381800,1789381800,2026-09-14,après clôture #2,796,797,2,0.053823,0.053823,15m Down + 5m#3 Up,0.100 / 0.830,0 / 0,10.0 / 5.0,0,5,0.269115,5,0.53823,0.269115,5,2.69115,0.269115,5,5.3823
B,btc-updown-15m-1789381800,1789381800,2026-09-14,après clôture #2,796,797,2,0.033739,0.033739,15m Down + 5m#3 Up,0.110 / 0.840,0 / 0,10.0 / 5.0,0,5,0.168695,5,0.33739,0.168695,5,1.68695,0.168695,5,3.3739
A,btc-updown-15m-1789398000,1789398000,2026-09-14,après clôture #2,768,771,4,0.006591,0.025303,15m Up + 5m#3 Down,0.020 / 0.970,0 / 0,70.1 / 6.1,0,6.1237,0.0403613,6.1237,0.06591,0.0403613,6.1237,0.32955,0.0403613,6.1237,0.6591
B,btc-updown-15m-1789398000,1789398000,2026-09-14,après clôture #2,771,771,1,0.00527502,0.00527502,15m Up + 5m#3 Down,0.030 / 0.960,3 / 0,70.1 / 7.9,3,7.89474,0.0416449,7.89474,0.0527502,0.0416449,7.89474,0.263751,0.0416449,7.89474,0.527502
C,btc-updown-15m-1789398000,1789398000,2026-09-14,après clôture #2,768,769,2,0.006591,0.006591,15m Up + 5m#3 Down,0.020 / 0.970,0 / 0,70.1 / 6.1,0,6.1237,0.0403613,6.1237,0.06591,0.0403613,6.1237,0.32955,0.0403613,6.1237,0.6591
A,btc-updown-15m-1789411500,1789411500,2026-09-14,après clôture #2,619,620,2,0.007072,0.007072,15m Down + 5m#3 Up,0.600 / 0.360,0 / 0,5.0 / 106.0,0,5,0.03536,5,0.07072,0.03536,5,0.3536,0.03536,5,0.7072
A,btc-updown-15m-1789411500,1789411500,2026-09-14,après clôture #2,709,710,2,0.025812,0.025812,15m Down + 5m#3 Up,0.400 / 0.540,1 / 0,5.0 / 8.0,1,5,0.12906,5,0.25812,0.12906,5,1.2906,0.12906,5,2.5812
A,btc-updown-15m-1789411500,1789411500,2026-09-14,après clôture #2,783,783,1,0.009819,0.009819,15m Down + 5m#3 Up,0.160 / 0.810,0 / 0,16.2 / 50.0,0,16.25,0.09819,10,0.09819,0.159559,16.25,0.49095,0.159559,16.25,0.9819
B,btc-updown-15m-1789411500,1789411500,2026-09-14,après clôture #2,709,710,2,0.005742,0.005742,15m Down + 5m#3 Up,0.410 / 0.550,1 / 0,5.0 / 8.0,1,5,0.02871,5,0.05742,0.02871,5,0.2871,0.02871,5,0.5742
C,btc-updown-15m-1789411500,1789411500,2026-09-14,après clôture #2,619,620,2,0.007072,0.007072,15m Down + 5m#3 Up,0.600 / 0.360,0 / 0,5.0 / 159.0,0,5,0.03536,5,0.07072,0.03536,5,0.3536,0.03536,5,0.7072
A,btc-updown-15m-1789432200,1789432200,2026-09-15,après clôture #2,852,852,1,0.151734,0.151734,15m Up + 5m#3 Down,0.210 / 0.610,0 / 0,4.8 / 1.9,0,1.86885,0.283569,1.86885,1.51734,0.283569,1.86885,7.58671,0.283569,1.86885,15.1734
B,btc-updown-15m-1789432200,1789432200,2026-09-15,après clôture #2,852,852,1,0.131496,0.131496,15m Up + 5m#3 Down,0.220 / 0.620,0 / 0,4.8 / 1.9,0,1.86885,0.245747,1.86885,1.31496,0.245747,1.86885,6.57481,0.245747,1.86885,13.1496
C,btc-updown-15m-1789444800,1789444800,2026-09-15,après clôture #2,781,782,2,0.00211902,0.00211902,15m Down + 5m#3 Up,0.710 / 0.260,0 / 0,14.1 / 5.0,0,5,0.0105951,5,0.0211902,0.0105951,5,0.105951,0.0105951,5,0.211902
A,btc-updown-15m-1789449300,1789449300,2026-09-15,après clôture #2,601,602,2,0.015119,0.015119,15m Up + 5m#3 Down,0.460 / 0.490,0 / 0,236.0 / 5.6,0,5.61224,0.0848516,5.61224,0.15119,0.0848516,5.61224,0.75595,0.0848516,5.61224,1.5119
A,btc-updown-15m-1789449300,1789449300,2026-09-15,après clôture #2,766,767,2,0.003987,0.003987,15m Up + 5m#3 Down,0.950 / 0.040,1 / 0,59.0 / 29.0,1,29,0.03987,10,0.03987,0.115623,29,0.19935,0.115623,29,0.3987
A,btc-updown-15m-1789449300,1789449300,2026-09-15,après clôture #2,769,770,2,0.005275,0.005275,15m Up + 5m#3 Down,0.960 / 0.030,0 / 0,153.0 / 34.9,0,34.9,0.05275,10,0.05275,0.184098,34.9,0.26375,0.184098,34.9,0.5275
C,btc-updown-15m-1789449300,1789449300,2026-09-15,après clôture #2,601,602,2,0.015119,0.015119,15m Up + 5m#3 Down,0.460 / 0.490,0 / 0,236.0 / 5.6,0,5.61224,0.0848516,5.61224,0.15119,0.0848516,5.61224,0.75595,0.0848516,5.61224,1.5119
C,btc-updown-15m-1789449300,1789449300,2026-09-15,après clôture #2,766,766,1,0.003987,0.003987,15m Up + 5m#3 Down,0.950 / 0.040,1 / 0,59.0 / 29.0,1,29,0.03987,10,0.03987,0.115623,29,0.19935,0.115623,29,0.3987
A,btc-updown-15m-1789453800,1789453800,2026-09-15,après clôture #2,732,732,1,0.015783,0.015783,15m Up + 5m#3 Down,0.870 / 0.100,0 / 0,20.2 / 10.0,0,10,0.15783,10,0.15783,0.15783,10,0.78915,0.15783,10,1.5783
A,btc-updown-15m-1789453800,1789453800,2026-09-15,après clôture #2,754,755,2,0.011695,0.011695,15m Up + 5m#3 Down,0.830 / 0.140,0 / 0,43.5 / 1.5,0,1.5,0.0175425,1.5,0.11695,0.0175425,1.5,0.58475,0.0175425,1.5,1.1695
A,btc-updown-15m-1789453800,1789453800,2026-09-15,après clôture #2,817,819,3,0.012118,0.013364,15m Up + 5m#3 Down,0.930 / 0.050,0 / 0,11.0 / 15.0,0,11,0.12118,10,0.12118,0.133298,11,0.6059,0.133298,11,1.2118
A,btc-updown-15m-1789453800,1789453800,2026-09-15,après clôture #2,837,840,4,0.047526,0.047526,15m Up + 5m#3 Down,0.870 / 0.070,0 / 0,50.0 / 100.0,0,50,0.47526,10,0.47526,2.3763,50,2.3763,2.3763,50,4.7526
B,btc-updown-15m-1789453800,1789453800,2026-09-15,après clôture #2,837,840,4,0.027456,0.027456,15m Up + 5m#3 Down,0.880 / 0.080,0 / 0,50.0 / 100.0,0,50,0.27456,10,0.27456,1.3728,50,1.3728,1.3728,50,2.7456
C,btc-updown-15m-1789453800,1789453800,2026-09-15,après clôture #2,732,732,1,0.015783,0.015783,15m Up + 5m#3 Down,0.870 / 0.100,0 / 0,20.2 / 10.0,0,10,0.15783,10,0.15783,0.15783,10,0.78915,0.15783,10,1.5783
A,btc-updown-15m-1789469100,1789469100,2026-09-15,après clôture #2,604,605,2,0.00540603,0.00540603,15m Up + 5m#3 Down,0.430 / 0.530,3 / 0,32.0 / 4.6,3,4.56604,0.0246841,4.56604,0.0540603,0.0246841,4.56604,0.270302,0.0246841,4.56604,0.540603
A,btc-updown-15m-1789469100,1789469100,2026-09-15,après clôture #2,732,732,1,0.002763,0.002763,15m Up + 5m#3 Down,0.720 / 0.250,0 / 0,17.0 / 17.2,0,17,0.02763,10,0.02763,0.046971,17,0.13815,0.046971,17,0.2763
A,btc-updown-15m-1789469100,1789469100,2026-09-15,après clôture #2,751,752,2,0.002727,0.002727,15m Up + 5m#3 Down,0.940 / 0.050,0 / 0,376.5 / 201.4,0,201.4,0.02727,10,0.02727,0.13635,50,0.13635,0.2727,100,0.2727
A,btc-updown-15m-1789469100,1789469100,2026-09-15,après clôture #2,754,761,8,0.003987,0.003987,15m Up + 5m#3 Down,0.950 / 0.040,1 / 0,54.0 / 79.0,1,54,0.03987,10,0.03987,0.19935,50,0.19935,0.215298,54,0.3987
A,btc-updown-15m-1789469100,1789469100,2026-09-15,après clôture #2,804,804,1,0.000291,0.000291,15m Up + 5m#3 Down,0.920 / 0.070,0 / 0,86.0 / 25.0,0,25,0.00291,10,0.00291,0.007275,25,0.01455,0.007275,25,0.0291
A,btc-updown-15m-1789469100,1789469100,2026-09-15,après clôture #2,844,845,2,0.019143,0.019143,15m Up + 5m#3 Down,0.900 / 0.070,0 / 0,18.0 / 14.3,0,14.2857,0.19143,10,0.19143,0.273471,14.2857,0.95715,0.273471,14.2857,1.9143
C,btc-updown-15m-1789469100,1789469100,2026-09-15,après clôture #2,754,754,1,0.003987,0.003987,15m Up + 5m#3 Down,0.950 / 0.040,1 / 0,54.0 / 79.0,1,54,0.03987,10,0.03987,0.19935,50,0.19935,0.215298,54,0.3987
C,btc-updown-15m-1789469100,1789469100,2026-09-15,après clôture #2,756,761,6,0.003987,0.003987,15m Up + 5m#3 Down,0.950 / 0.040,0 / 0,172.6 / 186.5,0,172.611,0.03987,10,0.03987,0.19935,50,0.19935,0.3987,100,0.3987
C,btc-updown-15m-1789469100,1789469100,2026-09-15,après clôture #2,804,804,1,0.000291,0.000291,15m Up + 5m#3 Down,0.920 / 0.070,0 / 0,119.0 / 30.0,0,30,0.00291,10,0.00291,0.00873,30,0.01455,0.00873,30,0.0291
B,btc-updown-15m-1789507800,1789507800,2026-09-15,après clôture #2,619,620,2,0.00645601,0.00645601,15m Up + 5m#3 Down,0.580 / 0.380,0 / 0,5.0 / 13.5,0,5,0.0322801,5,0.0645601,0.0322801,5,0.322801,0.0322801,5,0.645601
C,btc-updown-15m-1789507800,1789507800,2026-09-15,après clôture #2,696,696,1,0.00406048,0.00406048,15m Up + 5m#3 Down,0.708 / 0.260,0 / 0,10.0 / 76.9,0,10,0.0406048,10,0.0406048,0.0406048,10,0.203024,0.0406048,10,0.406048
A,btc-updown-15m-1789544700,1789544700,2026-09-16,après clôture #2,712,713,2,0.008548,0.008548,15m Down + 5m#3 Up,0.900 / 0.080,0 / 0,105.0 / 274.1,0,104.999,0.08548,10,0.08548,0.4274,50,0.4274,0.8548,100,0.8548
A,btc-updown-15m-1789544700,1789544700,2026-09-16,après clôture #2,733,734,2,0.002727,0.002727,15m Down + 5m#3 Up,0.940 / 0.050,0 / 0,14.0 / 64.0,0,14,0.02727,10,0.02727,0.038178,14,0.13635,0.038178,14,0.2727
A,btc-updown-15m-1789544700,1789544700,2026-09-16,après clôture #2,751,752,2,0.000291004,0.000291004,15m Down + 5m#3 Up,0.920 / 0.070,0 / 0,18.0 / 14.3,0,14.2857,0.00291004,10,0.00291004,0.0041572,14.2857,0.0145502,0.0041572,14.2857,0.0291004
A,btc-updown-15m-1789544700,1789544700,2026-09-16,après clôture #2,823,824,2,0.03216,0.03216,15m Down + 5m#3 Up,0.920 / 0.040,0 / 0,35.0 / 35.0,0,35,0.3216,10,0.3216,1.1256,35,1.608,1.1256,35,3.216
A,btc-updown-15m-1789544700,1789544700,2026-09-16,après clôture #2,834,838,5,0.002727,0.002727,15m Down + 5m#3 Up,0.940 / 0.050,0 / 0,158.9 / 236.0,0,158.93,0.02727,10,0.02727,0.13635,50,0.13635,0.2727,100,0.2727
B,btc-updown-15m-1789544700,1789544700,2026-09-16,après clôture #2,723,723,1,0.008548,0.008548,15m Down + 5m#3 Up,0.900 / 0.080,0 / 0,10.0 / 71.4,0,10,0.08548,10,0.08548,0.08548,10,0.4274,0.08548,10,0.8548
B,btc-updown-15m-1789544700,1789544700,2026-09-16,après clôture #2,823,824,2,0.012118,0.012118,15m Down + 5m#3 Up,0.930 / 0.050,0 / 0,35.0 / 35.0,0,35,0.12118,10,0.12118,0.42413,35,0.6059,0.42413,35,1.2118
C,btc-updown-15m-1789544700,1789544700,2026-09-16,après clôture #2,723,723,1,0.000291001,0.000291001,15m Down + 5m#3 Up,0.920 / 0.070,0 / 0,14.3 / 71.4,0,14.2935,0.00291001,10,0.00291001,0.00415941,14.2935,0.01455,0.00415941,14.2935,0.0291001
C,btc-updown-15m-1789544700,1789544700,2026-09-16,après clôture #2,733,734,2,0.002727,0.002727,15m Down + 5m#3 Up,0.940 / 0.050,0 / 0,14.0 / 64.0,0,14,0.02727,10,0.02727,0.038178,14,0.13635,0.038178,14,0.2727
C,btc-updown-15m-1789544700,1789544700,2026-09-16,après clôture #2,823,824,2,0.03216,0.03216,15m Down + 5m#3 Up,0.920 / 0.040,0 / 0,35.0 / 35.0,0,35,0.3216,10,0.3216,1.1256,35,1.608,1.1256,35,3.216
C,btc-updown-15m-1789544700,1789544700,2026-09-16,après clôture #2,832,832,1,0.00272704,0.00272704,15m Down + 5m#3 Up,0.940 / 0.050,1 / 0,1.1 / 54.0,1,1.06382,0.00290106,1.06382,0.0272704,0.00290106,1.06382,0.136352,0.00290106,1.06382,0.272704
C,btc-updown-15m-1789544700,1789544700,2026-09-16,après clôture #2,834,835,2,0.002727,0.002727,15m Down + 5m#3 Up,0.940 / 0.050,0 / 0,158.9 / 236.0,0,158.93,0.02727,10,0.02727,0.13635,50,0.13635,0.2727,100,0.2727
A,btc-updown-15m-1789559100,1789559100,2026-09-16,après clôture #2,648,650,3,0.035595,0.035595,15m Down + 5m#3 Up,0.410 / 0.520,2 / 0,5.0 / 5.0,2,5,0.177975,5,0.35595,0.177975,5,1.77975,0.177975,5,3.5595
B,btc-updown-15m-1789559100,1789559100,2026-09-16,après clôture #2,648,648,1,0.015511,0.015511,15m Down + 5m#3 Up,0.420 / 0.530,2 / 0,5.0 / 5.0,2,5,0.077555,5,0.15511,0.077555,5,0.77555,0.077555,5,1.5511
A,btc-updown-15m-1789576200,1789576200,2026-09-16,après clôture #2,621,622,2,0.001503,0.001503,15m Up + 5m#3 Down,0.270 / 0.700,0 / 0,17.1 / 15.0,0,15,0.01503,10,0.01503,0.022545,15,0.07515,0.022545,15,0.1503
A,btc-updown-15m-1789615800,1789615800,2026-09-17,après clôture #2,766,767,2,0.00920809,0.00920809,15m Down + 5m#3 Up,0.598 / 0.360,1 / 0,115.4 / 5.3,1,5.27778,0.0485982,5.27778,0.0920809,0.0485982,5.27778,0.460404,0.0485982,5.27778,0.920809
A,btc-updown-15m-1789615800,1789615800,2026-09-17,après clôture #2,787,788,2,0.0415077,0.0415077,15m Down + 5m#3 Up,0.832 / 0.110,0 / 0,108.2 / 10.0,0,10,0.415077,10,0.415077,0.415077,10,2.07538,0.415077,10,4.15077
A,btc-updown-15m-1789615800,1789615800,2026-09-17,après clôture #2,823,827,5,0.005275,0.005275,15m Down + 5m#3 Up,0.960 / 0.030,0 / 0,18.0 / 34.0,0,18,0.05275,10,0.05275,0.09495,18,0.26375,0.09495,18,0.5275
B,btc-updown-15m-1789615800,1789615800,2026-09-17,après clôture #2,787,788,2,0.0214403,0.0214403,15m Down + 5m#3 Up,0.842 / 0.120,0 / 0,108.2 / 10.0,0,10,0.214403,10,0.214403,0.214403,10,1.07201,0.214403,10,2.14403
C,btc-updown-15m-1789615800,1789615800,2026-09-17,après clôture #2,823,824,2,0.005275,0.005275,15m Down + 5m#3 Up,0.960 / 0.030,0 / 0,18.0 / 34.0,0,18,0.05275,10,0.05275,0.09495,18,0.26375,0.09495,18,0.5275
A,btc-updown-15m-1789629300,1789629300,2026-09-17,après clôture #2,637,639,3,0.000355,0.000355012,15m Up + 5m#3 Down,0.680 / 0.290,1 / 0,36.0 / 5.9,1,5.94,0.0021087,5.94,0.00355,0.0021087,5.94,0.01775,0.0021087,5.94,0.0355
A,btc-updown-15m-1789629300,1789629300,2026-09-17,après clôture #2,822,822,1,0.00119815,0.00119815,15m Up + 5m#3 Down,0.830 / 0.150,0 / 0,2.4 / 100.0,0,2.40964,0.0028871,2.40964,0.0119815,0.0028871,2.40964,0.0599073,0.0028871,2.40964,0.119815
A,btc-updown-15m-1789629300,1789629300,2026-09-17,après clôture #2,846,846,1,0.000291045,0.000291045,15m Up + 5m#3 Down,0.920 / 0.070,0 / 0,14.3 / 53.0,0,14.2935,0.00291045,10,0.00291045,0.00416004,14.2935,0.0145522,0.00416004,14.2935,0.0291045
A,btc-updown-15m-1789629300,1789629300,2026-09-17,après clôture #2,849,851,3,0.003987,0.003987,15m Up + 5m#3 Down,0.950 / 0.040,0 / 0,205.0 / 216.0,0,204.991,0.03987,10,0.03987,0.19935,50,0.19935,0.3987,100,0.3987
C,btc-updown-15m-1789629300,1789629300,2026-09-17,après clôture #2,637,637,1,0.000355,0.000355,15m Up + 5m#3 Down,0.680 / 0.290,1 / 0,36.0 / 5.9,1,5.94,0.0021087,5.94,0.00355,0.0021087,5.94,0.01775,0.0021087,5.94,0.0355
C,btc-updown-15m-1789629300,1789629300,2026-09-17,après clôture #2,852,852,1,0.003987,0.003987,15m Up + 5m#3 Down,0.950 / 0.040,0 / 0,104.0 / 63.3,0,63.26,0.03987,10,0.03987,0.19935,50,0.19935,0.252218,63.26,0.3987
A,btc-updown-15m-1789636500,1789636500,2026-09-17,après clôture #2,771,771,1,0.056998,0.056998,15m Up + 5m#3 Down,0.750 / 0.170,0 / 0,57.5 / 17.0,0,17,0.56998,10,0.56998,0.968966,17,2.8499,0.968966,17,5.6998
B,btc-updown-15m-1789636500,1789636500,2026-09-17,après clôture #2,771,771,1,0.0369,0.0369,15m Up + 5m#3 Down,0.760 / 0.180,0 / 0,57.5 / 17.0,0,17,0.369,10,0.369,0.6273,17,1.845,0.6273,17,3.69
A,btc-updown-15m-1789654500,1789654500,2026-09-17,après clôture #2,612,612,1,0.01123,0.01123,15m Up + 5m#3 Down,0.690 / 0.270,0 / 0,5.0 / 237.0,0,5,0.05615,5,0.1123,0.05615,5,0.5615,0.05615,5,1.123
A,btc-updown-15m-1789654500,1789654500,2026-09-17,après clôture #2,622,623,2,0.022175,0.022175,15m Up + 5m#3 Down,0.700 / 0.250,1 / 0,7.1 / 10.4,1,7.14286,0.158393,7.14286,0.22175,0.158393,7.14286,1.10875,0.158393,7.14286,2.2175
A,btc-updown-15m-1789654500,1789654500,2026-09-17,après clôture #2,802,802,1,0.003987,0.003987,15m Up + 5m#3 Down,0.950 / 0.040,4 / 0,1.1 / 46.8,4,1.05262,0.0041968,1.05262,0.03987,0.0041968,1.05262,0.19935,0.0041968,1.05262,0.3987
A,btc-updown-15m-1789654500,1789654500,2026-09-17,après clôture #2,855,855,1,0.007935,0.007935,15m Up + 5m#3 Down,0.980 / 0.010,0 / 0,105.0 / 3300.0,0,105,0.07935,10,0.07935,0.39675,50,0.39675,0.7935,100,0.7935
B,btc-updown-15m-1789654500,1789654500,2026-09-17,après clôture #2,622,623,2,0.00211903,0.00211903,15m Up + 5m#3 Down,0.710 / 0.260,1 / 0,7.1 / 10.4,1,7.14286,0.0151359,7.14286,0.0211903,0.0151359,7.14286,0.105951,0.0151359,7.14286,0.211903
C,btc-updown-15m-1789654500,1789654500,2026-09-17,après clôture #2,622,622,1,0.022175,0.022175,15m Up + 5m#3 Down,0.700 / 0.250,1 / 0,7.1 / 10.4,1,7.14286,0.158393,7.14286,0.22175,0.158393,7.14286,1.10875,0.158393,7.14286,2.2175
C,btc-updown-15m-1789654500,1789654500,2026-09-17,après clôture #2,855,855,1,0.007935,0.007935,15m Up + 5m#3 Down,0.980 / 0.010,0 / 0,105.0 / 3300.0,0,105,0.07935,10,0.07935,0.39675,50,0.39675,0.7935,100,0.7935
A,btc-updown-15m-1789670700,1789670700,2026-09-17,après clôture #2,670,671,2,0.00864,0.00864,15m Down + 5m#3 Up,0.640 / 0.320,1 / 0,50.0 / 11.5,1,11.5312,0.0864,10,0.0864,0.09963,11.5312,0.432,0.09963,11.5312,0.864
A,btc-updown-15m-1789688700,1789688700,2026-09-17,après clôture #2,684,688,5,0.000291,0.00971,15m Down + 5m#3 Up,0.070 / 0.920,0 / 0,30.0 / 149.3,0,30,0.00291,10,0.00291,0.00873,30,0.01455,0.00873,30,0.0291
A,btc-updown-15m-1789688700,1789688700,2026-09-17,après clôture #2,747,750,4,0.001495,0.020319,15m Down + 5m#3 Up,0.060 / 0.930,0 / 0,191.7 / 71.0,0,71,0.01495,10,0.01495,0.07475,50,0.07475,0.106145,71,0.1495
B,btc-updown-15m-1789688700,1789688700,2026-09-17,après clôture #2,750,750,1,0.000291,0.000291,15m Down + 5m#3 Up,0.070 / 0.920,2 / 0,270.0 / 12.3,2,12.3389,0.00291,10,0.00291,0.00359062,12.3389,0.01455,0.00359062,12.3389,0.0291
C,btc-updown-15m-1789688700,1789688700,2026-09-17,après clôture #2,747,749,3,0.001495,0.001495,15m Down + 5m#3 Up,0.060 / 0.930,0 / 0,191.7 / 182.0,0,182,0.01495,10,0.01495,0.07475,50,0.07475,0.1495,100,0.1495
A,btc-updown-15m-1789716600,1789716600,2026-09-18,après clôture #2,744,744,1,0.01011,0.01011,15m Up + 5m#3 Down,0.670 / 0.290,0 / 0,51.0 / 6.5,0,6.48276,0.0655408,6.48276,0.1011,0.0655408,6.48276,0.505501,0.0655408,6.48276,1.011
A,btc-updown-15m-1789716600,1789716600,2026-09-18,après clôture #2,753,753,1,0.00128832,0.00128832,15m Up + 5m#3 Down,0.679 / 0.290,0 / 0,62.6 / 100.4,0,62.5979,0.0128832,10,0.0128832,0.0644162,50,0.0644162,0.0806464,62.5979,0.128832
A,btc-updown-15m-1789746300,1789746300,2026-09-18,après clôture #2,838,839,2,0.164819,0.164819,15m Up + 5m#3 Down,0.576 / 0.230,0 / 0,46.3 / 20.0,0,20,1.64819,10,1.64819,3.29639,20,8.24097,3.29639,20,16.4819
B,btc-updown-15m-1789746300,1789746300,2026-09-18,après clôture #2,838,839,2,0.144561,0.144561,15m Up + 5m#3 Down,0.586 / 0.240,0 / 0,46.3 / 20.0,0,20,1.44561,10,1.44561,2.89123,20,7.22807,2.89123,20,14.4561
A,btc-updown-15m-1789760700,1789760700,2026-09-18,après clôture #2,621,621,1,0.0051122,0.0051122,15m Down + 5m#3 Up,0.500 / 0.460,0 / 0,60.6 / 2.2,0,2.17391,0.0111135,2.17391,0.051122,0.0111135,2.17391,0.25561,0.0111135,2.17391,0.51122
A,btc-updown-15m-1789760700,1789760700,2026-09-18,après clôture #2,673,674,2,0.08619,0.08619,15m Down + 5m#3 Up,0.510 / 0.370,0 / 0,10.2 / 18.9,0,10.1961,0.8619,10,0.8619,0.8788,10.1961,4.3095,0.8788,10.1961,8.619
A,btc-updown-15m-1789760700,1789760700,2026-09-18,après clôture #2,804,804,1,0.0124191,0.0124191,15m Down + 5m#3 Up,0.300 / 0.657,0 / 0,9.0 / 152.2,0,9,0.111772,9,0.124191,0.111772,9,0.620955,0.111772,9,1.24191
B,btc-updown-15m-1789760700,1789760700,2026-09-18,après clôture #2,673,674,2,0.066036,0.066036,15m Down + 5m#3 Up,0.520 / 0.380,0 / 0,10.2 / 18.9,0,10.1961,0.66036,10,0.66036,0.673309,10.1961,3.3018,0.673309,10.1961,6.6036
A,btc-updown-15m-1789762500,1789762500,2026-09-18,après clôture #2,798,801,4,0.007935,0.007935,15m Down + 5m#3 Up,0.980 / 0.010,0 / 0,25.0 / 179.0,0,25,0.07935,10,0.07935,0.198375,25,0.39675,0.198375,25,0.7935
A,btc-updown-15m-1789762500,1789762500,2026-09-18,après clôture #2,808,812,5,0.007935,0.007935,15m Down + 5m#3 Up,0.980 / 0.010,0 / 0,19.0 / 2529.4,0,19,0.07935,10,0.07935,0.150765,19,0.39675,0.150765,19,0.7935
C,btc-updown-15m-1789762500,1789762500,2026-09-18,après clôture #2,798,799,2,0.007935,0.007935,15m Down + 5m#3 Up,0.980 / 0.010,0 / 0,25.0 / 179.0,0,25,0.07935,10,0.07935,0.198375,25,0.39675,0.198375,25,0.7935
C,btc-updown-15m-1789762500,1789762500,2026-09-18,après clôture #2,808,809,2,0.007935,0.007935,15m Down + 5m#3 Up,0.980 / 0.010,0 / 0,19.0 / 2529.4,0,19,0.07935,10,0.07935,0.150765,19,0.39675,0.150765,19,0.7935
A,btc-updown-15m-1789763400,1789763400,2026-09-18,après clôture #2,679,680,2,0.024919,0.024919,15m Down + 5m#3 Up,0.740 / 0.210,1 / 0,5.0 / 13.0,1,5,0.124595,5,0.24919,0.124595,5,1.24595,0.124595,5,2.4919
B,btc-updown-15m-1789763400,1789763400,2026-09-18,après clôture #2,679,680,2,0.004863,0.004863,15m Down + 5m#3 Up,0.750 / 0.220,1 / 0,5.0 / 13.0,1,5,0.024315,5,0.04863,0.024315,5,0.24315,0.024315,5,0.4863
A,btc-updown-15m-1789780500,1789780500,2026-09-19,après clôture #2,669,669,1,0.045224,0.045224,15m Down + 5m#3 Up,0.460 / 0.460,2 / 0,5.0 / 15.4,2,5,0.22612,5,0.45224,0.22612,5,2.2612,0.22612,5,4.5224
A,btc-updown-15m-1789780500,1789780500,2026-09-19,après clôture #2,690,690,1,0.068934,0.068934,15m Down + 5m#3 Up,0.610 / 0.290,0 / 0,55.0 / 9.0,0,9,0.620406,9,0.68934,0.620406,9,3.4467,0.620406,9,6.8934
A,btc-updown-15m-1789780500,1789780500,2026-09-19,après clôture #2,850,851,2,0.014638,0.014638,15m Down + 5m#3 Up,0.950 / 0.030,0 / 0,7.0 / 37.3,0,7,0.102466,7,0.14638,0.102466,7,0.7319,0.102466,7,1.4638
A,btc-updown-15m-1789780500,1789780500,2026-09-19,après clôture #2,858,858,1,0.00565687,0.00565687,15m Down + 5m#3 Up,0.971 / 0.020,0 / 0,100.0 / 105.0,0,100,0.0565687,10,0.0565687,0.282843,50,0.282843,0.565687,100,0.565687
A,btc-updown-15m-1789780500,1789780500,2026-09-19,après clôture #2,862,864,3,0.007935,0.007935,15m Down + 5m#3 Up,0.980 / 0.010,0 / 0,9.6 / 113.0,0,9.57,0.075938,9.57,0.07935,0.075938,9.57,0.39675,0.075938,9.57,0.7935
B,btc-updown-15m-1789780500,1789780500,2026-09-19,après clôture #2,669,669,1,0.025126,0.025126,15m Down + 5m#3 Up,0.470 / 0.470,2 / 0,5.0 / 15.4,2,5,0.12563,5,0.25126,0.12563,5,1.2563,0.12563,5,2.5126
B,btc-updown-15m-1789780500,1789780500,2026-09-19,après clôture #2,690,690,1,0.048808,0.048808,15m Down + 5m#3 Up,0.620 / 0.300,0 / 0,55.0 / 9.0,0,9,0.439272,9,0.48808,0.439272,9,2.4404,0.439272,9,4.8808
C,btc-updown-15m-1789780500,1789780500,2026-09-19,après clôture #2,864,864,1,0.007935,0.007935,15m Down + 5m#3 Up,0.980 / 0.010,0 / 0,6.0 / 150.0,0,6,0.04761,6,0.07935,0.04761,6,0.39675,0.04761,6,0.7935
A,btc-updown-15m-1789785000,1789785000,2026-09-19,après clôture #2,793,794,2,0.01851,0.01851,15m Down + 5m#3 Up,0.790 / 0.170,1 / 0,5.0 / 58.8,1,5,0.09255,5,0.1851,0.09255,5,0.9255,0.09255,5,1.851
C,btc-updown-15m-1789785000,1789785000,2026-09-19,après clôture #2,793,793,1,0.01851,0.01851,15m Down + 5m#3 Up,0.790 / 0.170,1 / 0,5.0 / 58.8,1,5,0.09255,5,0.1851,0.09255,5,0.9255,0.09255,5,1.851
A,btc-updown-15m-1789849800,1789849800,2026-09-19,après clôture #2,866,866,1,0.053823,0.053823,15m Down + 5m#3 Up,0.830 / 0.100,0 / 0,28.0 / 10.0,0,10,0.53823,10,0.53823,0.53823,10,2.69115,0.53823,10,5.3823
B,btc-updown-15m-1789849800,1789849800,2026-09-19,après clôture #2,866,866,1,0.033739,0.033739,15m Down + 5m#3 Up,0.840 / 0.110,0 / 0,28.0 / 10.0,0,10,0.33739,10,0.33739,0.33739,10,1.68695,0.33739,10,3.3739
A,btc-updown-15m-1789853400,1789853400,2026-09-19,après clôture #2,855,856,2,0.007935,0.007935,15m Down + 5m#3 Up,0.980 / 0.010,0 / 0,105.0 / 861.0,0,105,0.07935,10,0.07935,0.39675,50,0.39675,0.7935,100,0.7935
C,btc-updown-15m-1789853400,1789853400,2026-09-19,après clôture #2,855,856,2,0.007935,0.007935,15m Down + 5m#3 Up,0.980 / 0.010,0 / 0,105.0 / 861.0,0,105,0.07935,10,0.07935,0.39675,50,0.39675,0.7935,100,0.7935
A,btc-updown-15m-1789907400,1789907400,2026-09-20,après clôture #2,700,701,2,0.00720497,0.00720497,15m Up + 5m#3 Down,0.359 / 0.601,0 / 0,61.4 / 15.7,0,15.69,0.0720497,10,0.0720497,0.113046,15.69,0.360249,0.113046,15.69,0.720497
A,btc-updown-15m-1789920000,1789920000,2026-09-20,après clôture #2,832,832,1,0.000239194,0.000239194,15m Up + 5m#3 Down,0.998 / 0.002,4 / 0,10.4 / 660.0,4,10.45,0.00239194,10,0.00239194,0.00249957,10.45,0.0119597,0.00249957,10.45,0.0239194
A,btc-updown-15m-1789924500,1789924500,2026-09-20,après clôture #2,619,621,3,0.0297554,0.0297554,15m Up + 5m#3 Down,0.703 / 0.240,1 / 0,35.0 / 29.2,1,29.1667,0.297554,10,0.297554,0.867867,29.1667,1.48777,0.867867,29.1667,2.97554
A,btc-updown-15m-1789924500,1789924500,2026-09-20,après clôture #2,637,637,1,0.0232,0.0232,15m Up + 5m#3 Down,0.840 / 0.120,4 / 0,90.0 / 16.7,4,16.6667,0.232,10,0.232,0.386667,16.6667,1.16,0.386667,16.6667,2.32
B,btc-updown-15m-1789924500,1789924500,2026-09-20,après clôture #2,619,621,3,0.00968943,0.00968943,15m Up + 5m#3 Down,0.713 / 0.250,1 / 0,35.0 / 29.2,1,29.1667,0.0968943,10,0.0968943,0.282608,29.1667,0.484472,0.282608,29.1667,0.968943
B,btc-updown-15m-1789924500,1789924500,2026-09-20,après clôture #2,637,637,1,0.003158,0.003158,15m Up + 5m#3 Down,0.850 / 0.130,4 / 0,90.0 / 16.7,4,16.6667,0.03158,10,0.03158,0.0526334,16.6667,0.1579,0.0526334,16.6667,0.3158
A,btc-updown-15m-1789997400,1789997400,2026-09-21,après clôture #2,866,869,4,0.00823707,0.00823707,15m Up + 5m#3 Down,0.990 / 0.001,0 / 0,48.0 / 10160.0,0,48,0.0823707,10,0.0823707,0.395379,48,0.411853,0.395379,48,0.823707
C,btc-updown-15m-1789997400,1789997400,2026-09-21,après clôture #2,866,868,3,0.00823707,0.00823707,15m Up + 5m#3 Down,0.990 / 0.001,0 / 0,48.0 / 10160.0,0,48,0.0823707,10,0.0823707,0.395379,48,0.411853,0.395379,48,0.823707
A,btc-updown-15m-1790038800,1790038800,2026-09-22,après clôture #2,681,681,1,0.03319,0.03319,15m Down + 5m#3 Up,0.710 / 0.230,2 / 0,0.0 / 23.0,2,0.02,0.0006638,0.02,0.3319,0.0006638,0.02,1.6595,0.0006638,0.02,3.319
A,btc-updown-15m-1790038800,1790038800,2026-09-22,après clôture #2,729,729,1,0.003435,0.003435,15m Down + 5m#3 Up,0.730 / 0.240,0 / 0,10.0 / 5.0,0,5,0.017175,5,0.03435,0.017175,5,0.17175,0.017175,5,0.3435
A,btc-updown-15m-1790038800,1790038800,2026-09-22,après clôture #2,739,739,1,0.00343501,0.00343501,15m Down + 5m#3 Up,0.730 / 0.240,4 / 0,9.8 / 57.0,4,9.79452,0.0336443,9.79452,0.0343501,0.0336443,9.79452,0.171751,0.0336443,9.79452,0.343501
A,btc-updown-15m-1790038800,1790038800,2026-09-22,après clôture #2,786,786,1,0.00026,0.00026,15m Down + 5m#3 Up,0.820 / 0.160,2 / 0,5.0 / 6.6,2,5,0.0013,5,0.0026,0.0013,5,0.013,0.0013,5,0.026
A,btc-updown-15m-1790038800,1790038800,2026-09-22,après clôture #2,816,816,1,0.003987,0.003987,15m Down + 5m#3 Up,0.950 / 0.040,0 / 2,143.0 / 19.3,2,19.29,0.03987,10,0.03987,0.0769092,19.29,0.19935,0.0769092,19.29,0.3987
B,btc-updown-15m-1790038800,1790038800,2026-09-22,après clôture #2,681,681,1,0.01312,0.01312,15m Down + 5m#3 Up,0.720 / 0.240,2 / 0,0.0 / 23.0,2,0.02,0.0002624,0.02,0.1312,0.0002624,0.02,0.656,0.0002624,0.02,1.312
B,btc-updown-15m-1790038800,1790038800,2026-09-22,après clôture #2,703,704,2,0.008206,0.008206,15m Down + 5m#3 Up,0.630 / 0.330,1 / 0,11.0 / 36.1,1,11,0.08206,10,0.08206,0.090266,11,0.4103,0.090266,11,0.8206
A,btc-updown-15m-1790042400,1790042400,2026-09-22,après clôture #2,692,692,1,0.003435,0.003435,15m Up + 5m#3 Down,0.240 / 0.730,0 / 0,124.0 / 40.0,0,40,0.03435,10,0.03435,0.1374,40,0.17175,0.1374,40,0.3435
A,btc-updown-15m-1790042400,1790042400,2026-09-22,après clôture #2,728,728,1,0.016875,0.016875,15m Up + 5m#3 Down,0.090 / 0.880,0 / 0,11.1 / 1.1,0,1.13636,0.0191761,1.13636,0.16875,0.0191761,1.13636,0.843752,0.0191761,1.13636,1.6875
A,btc-updown-15m-1790042400,1790042400,2026-09-22,après clôture #2,740,740,1,0.000291,0.000291,15m Up + 5m#3 Down,0.070 / 0.920,0 / 0,42.0 / 199.3,0,42,0.00291,10,0.00291,0.012222,42,0.01455,0.012222,42,0.0291
A,btc-updown-15m-1790042400,1790042400,2026-09-22,après clôture #2,774,775,2,0.003987,0.003987,15m Up + 5m#3 Down,0.040 / 0.950,0 / 0,20.0 / 28.0,0,20,0.03987,10,0.03987,0.07974,20,0.19935,0.07974,20,0.3987
A,btc-updown-15m-1790042400,1790042400,2026-09-22,après clôture #2,849,850,2,0.164335,0.164335,15m Up + 5m#3 Down,0.661 / 0.150,1 / 0,51.9 / 10.0,1,10,1.64335,10,1.64335,1.64335,10,8.21673,1.64335,10,16.4335
A,btc-updown-15m-1790042400,1790042400,2026-09-22,après clôture #2,858,860,3,0.003987,0.005275,15m Up + 5m#3 Down,0.950 / 0.040,0 / 0,52.6 / 148.1,0,52.6316,0.03987,10,0.03987,0.19935,50,0.19935,0.209842,52.6316,0.3987
B,btc-updown-15m-1790042400,1790042400,2026-09-22,après clôture #2,849,850,2,0.144084,0.144084,15m Up + 5m#3 Down,0.671 / 0.160,1 / 0,51.9 / 10.0,1,10,1.44084,10,1.44084,1.44084,10,7.2042,1.44084,10,14.4084
C,btc-updown-15m-1790042400,1790042400,2026-09-22,après clôture #2,740,740,1,0.000291,0.000291,15m Up + 5m#3 Down,0.070 / 0.920,0 / 0,42.0 / 199.3,0,42,0.00291,10,0.00291,0.012222,42,0.01455,0.012222,42,0.0291
C,btc-updown-15m-1790042400,1790042400,2026-09-22,après clôture #2,774,775,2,0.003987,0.003987,15m Up + 5m#3 Down,0.040 / 0.950,0 / 0,20.0 / 142.0,0,20,0.03987,10,0.03987,0.07974,20,0.19935,0.07974,20,0.3987
C,btc-updown-15m-1790042400,1790042400,2026-09-22,après clôture #2,849,849,1,0.108152,0.108152,15m Up + 5m#3 Down,0.680 / 0.186,1 / 0,82.0 / 100.0,1,82,1.08152,10,1.08152,5.4076,50,5.4076,8.86846,82,10.8152
A,btc-updown-15m-1790051400,1790051400,2026-09-22,après clôture #2,601,602,2,0.035959,0.035959,15m Up + 5m#3 Down,0.390 / 0.540,0 / 0,489.0 / 8.5,0,8.5,0.305651,8.5,0.35959,0.305651,8.5,1.79795,0.305651,8.5,3.5959
B,btc-updown-15m-1790051400,1790051400,2026-09-22,après clôture #2,601,602,2,0.015875,0.015875,15m Up + 5m#3 Down,0.400 / 0.550,0 / 0,489.0 / 8.5,0,8.5,0.134937,8.5,0.15875,0.134937,8.5,0.79375,0.134937,8.5,1.5875
C,btc-updown-15m-1790051400,1790051400,2026-09-22,après clôture #2,601,602,2,0.035959,0.035959,15m Up + 5m#3 Down,0.390 / 0.540,0 / 0,489.0 / 8.5,0,8.5,0.305651,8.5,0.35959,0.305651,8.5,1.79795,0.305651,8.5,3.5959
A,btc-updown-15m-1790078400,1790078400,2026-09-22,après clôture #2,852,852,1,0.006591,0.006591,15m Down + 5m#3 Up,0.020 / 0.970,0 / 0,100.0 / 20.0,0,20,0.06591,10,0.06591,0.13182,20,0.32955,0.13182,20,0.6591
A,btc-updown-15m-1790090100,1790090100,2026-09-22,après clôture #2,604,605,2,0.018451,0.018451,15m Up + 5m#3 Down,0.320 / 0.630,0 / 0,5.0 / 10.0,0,5,0.092255,5,0.18451,0.092255,5,0.92255,0.092255,5,1.8451
A,btc-updown-15m-1790091000,1790091000,2026-09-22,après clôture #2,645,645,1,0.014719,0.014719,15m Down + 5m#3 Up,0.110 / 0.860,2 / 0,5.0 / 12.0,2,5,0.073595,5,0.14719,0.073595,5,0.73595,0.073595,5,1.4719
A,btc-updown-15m-1790091000,1790091000,2026-09-22,après clôture #2,718,719,2,0.001495,0.001495,15m Down + 5m#3 Up,0.060 / 0.930,0 / 0,69.0 / 5.0,0,5,0.007475,5,0.01495,0.007475,5,0.07475,0.007475,5,0.1495
A,btc-updown-15m-1790091000,1790091000,2026-09-22,après clôture #2,724,725,2,0.008548,0.008548,15m Down + 5m#3 Up,0.080 / 0.900,0 / 0,46.0 / 4.8,0,4.76666,0.0407454,4.76666,0.08548,0.0407454,4.76666,0.4274,0.0407454,4.76666,0.8548
A,btc-updown-15m-1790091000,1790091000,2026-09-22,après clôture #2,786,786,1,0.006591,0.006591,15m Down + 5m#3 Up,0.020 / 0.970,0 / 0,349.0 / 6.1,0,6.134,0.0404292,6.134,0.06591,0.0404292,6.134,0.32955,0.0404292,6.134,0.6591
A,btc-updown-15m-1790096400,1790096400,2026-09-22,après clôture #2,703,705,3,0.00630801,0.00630801,15m Down + 5m#3 Up,0.100 / 0.880,0 / 0,5.0 / 5.2,0,5,0.0315401,5,0.0630801,0.0315401,5,0.315401,0.0315401,5,0.630801
A,btc-updown-15m-1790100900,1790100900,2026-09-22,après clôture #2,819,823,5,0.00079035,0.00079035,15m Down + 5m#3 Up,0.998 / 0.001,0 / 0,1.0 / 4000.0,0,1.002,0.000791931,1.002,0.0079035,0.000791931,1.002,0.0395175,0.000791931,1.002,0.079035
A,btc-updown-15m-1790104500,1790104500,2026-09-22,après clôture #2,874,874,1,0.007935,0.007935,15m Up + 5m#3 Down,0.980 / 0.010,4 / 0,2.0 / 300.0,4,2.0408,0.0161937,2.0408,0.07935,0.0161937,2.0408,0.39675,0.0161937,2.0408,0.7935
A,btc-updown-15m-1790109000,1790109000,2026-09-22,après clôture #2,833,833,1,0.007414,0.007414,15m Down + 5m#3 Up,0.890 / 0.090,0 / 0,27.0 / 23.7,0,23.6667,0.07414,10,0.07414,0.175465,23.6667,0.3707,0.175465,23.6667,0.7414
A,btc-updown-15m-1790112600,1790112600,2026-09-22,après clôture #2,715,715,1,0.011977,0.011977,15m Down + 5m#3 Up,0.786 / 0.180,4 / 0,127.2 / 55.6,4,55.5556,0.11977,10,0.11977,0.59885,50,0.59885,0.665389,55.5556,1.1977
A,btc-updown-15m-1790112600,1790112600,2026-09-22,après clôture #2,765,765,1,0.006308,0.006308,15m Down + 5m#3 Up,0.880 / 0.100,0 / 0,124.5 / 20.0,0,20,0.06308,10,0.06308,0.12616,20,0.3154,0.12616,20,0.6308
A,btc-updown-15m-1790112600,1790112600,2026-09-22,après clôture #2,775,776,2,0.008548,0.008548,15m Down + 5m#3 Up,0.900 / 0.080,0 / 0,13.4 / 54.0,0,13.43,0.08548,10,0.08548,0.1148,13.43,0.4274,0.1148,13.43,0.8548
A,btc-updown-15m-1790112600,1790112600,2026-09-22,après clôture #2,780,780,1,0.00971,0.00971,15m Down + 5m#3 Up,0.910 / 0.070,0 / 0,4.5 / 106.0,0,4.5,0.043695,4.5,0.0971,0.043695,4.5,0.4855,0.043695,4.5,0.971
A,btc-updown-15m-1790112600,1790112600,2026-09-22,après clôture #2,787,788,2,0.001495,0.001495,15m Down + 5m#3 Up,0.930 / 0.060,0 / 0,233.0 / 40.0,0,40,0.01495,10,0.01495,0.0598,40,0.07475,0.0598,40,0.1495
A,btc-updown-15m-1790112600,1790112600,2026-09-22,après clôture #2,793,794,2,0.001495,0.001495,15m Down + 5m#3 Up,0.930 / 0.060,1 / 1,51.0 / 25.0,0,25,0.01495,10,0.01495,0.037375,25,0.07475,0.037375,25,0.1495
A,btc-updown-15m-1790112600,1790112600,2026-09-22,après clôture #2,821,823,3,0.007935,0.007935,15m Down + 5m#3 Up,0.980 / 0.010,3 / 0,33.0 / 100.0,3,33,0.07935,10,0.07935,0.261855,33,0.39675,0.261855,33,0.7935
A,btc-updown-15m-1790112600,1790112600,2026-09-22,après clôture #2,841,841,1,0.007935,0.007935,15m Down + 5m#3 Up,0.980 / 0.010,0 / 0,366.0 / 200.0,0,200,0.07935,10,0.07935,0.39675,50,0.39675,0.7935,100,0.7935
C,btc-updown-15m-1790112600,1790112600,2026-09-22,après clôture #2,775,776,2,0.008548,0.008548,15m Down + 5m#3 Up,0.900 / 0.080,0 / 0,13.4 / 54.0,0,13.43,0.08548,10,0.08548,0.1148,13.43,0.4274,0.1148,13.43,0.8548
C,btc-updown-15m-1790112600,1790112600,2026-09-22,après clôture #2,780,780,1,0.000291,0.000291,15m Down + 5m#3 Up,0.920 / 0.070,0 / 0,47.0 / 150.0,0,46.9982,0.00291,10,0.00291,0.0136765,46.9982,0.01455,0.0136765,46.9982,0.0291
C,btc-updown-15m-1790112600,1790112600,2026-09-22,après clôture #2,787,788,2,0.001495,0.001495,15m Down + 5m#3 Up,0.930 / 0.060,0 / 0,233.0 / 40.0,0,40,0.01495,10,0.01495,0.0598,40,0.07475,0.0598,40,0.1495
C,btc-updown-15m-1790112600,1790112600,2026-09-22,après clôture #2,792,793,2,0.001495,0.001495,15m Down + 5m#3 Up,0.930 / 0.060,0 / 0,51.0 / 25.0,0,25,0.01495,10,0.01495,0.037375,25,0.07475,0.037375,25,0.1495
C,btc-updown-15m-1790112600,1790112600,2026-09-22,après clôture #2,823,823,1,0.007935,0.007935,15m Down + 5m#3 Up,0.980 / 0.010,0 / 0,5.1 / 100.0,0,5.102,0.0404844,5.102,0.07935,0.0404844,5.102,0.39675,0.0404844,5.102,0.7935
A,btc-updown-15m-1790131500,1790131500,2026-09-23,après clôture #2,656,656,1,0.060075,0.060075,15m Down + 5m#3 Up,0.640 / 0.270,4 / 0,20.3 / 5.7,4,5.7037,0.34265,5.7037,0.60075,0.34265,5.7037,3.00375,0.34265,5.7037,6.0075
A,btc-updown-15m-1790131500,1790131500,2026-09-23,après clôture #2,829,829,1,0.0109,0.0109,15m Down + 5m#3 Up,0.060 / 0.920,0 / 0,38.1 / 41.0,0,38.11,0.109,10,0.109,0.415399,38.11,0.545,0.415399,38.11,1.09
A,btc-updown-15m-1790131500,1790131500,2026-09-23,après clôture #2,841,841,1,0.006591,0.006591,15m Down + 5m#3 Up,0.020 / 0.970,0 / 0,170.0 / 37.4,0,37.3814,0.06591,10,0.06591,0.246381,37.3814,0.32955,0.246381,37.3814,0.6591
B,btc-updown-15m-1790131500,1790131500,2026-09-23,après clôture #2,656,656,1,0.039963,0.039963,15m Down + 5m#3 Up,0.650 / 0.280,4 / 0,20.3 / 5.7,4,5.7037,0.227937,5.7037,0.39963,0.227937,5.7037,1.99815,0.227937,5.7037,3.9963
A,btc-updown-15m-1790147700,1790147700,2026-09-23,après clôture #2,701,702,2,0.00523001,0.00523001,15m Down + 5m#3 Up,0.870 / 0.110,3 / 0,7.7 / 9.4,3,7.7,0.0402711,7.7,0.0523001,0.0402711,7.7,0.2615,0.0402711,7.7,0.523001
A,btc-updown-15m-1790147700,1790147700,2026-09-23,après clôture #2,737,741,5,0.00741401,0.00741401,15m Down + 5m#3 Up,0.890 / 0.090,0 / 0,0.2 / 13.2,0,0.24,0.00177936,0.24,0.0741401,0.00177936,0.24,0.3707,0.00177936,0.24,0.741401
A,btc-updown-15m-1790147700,1790147700,2026-09-23,après clôture #2,752,754,3,0.00026,0.00026,15m Down + 5m#3 Up,0.820 / 0.160,1 / 0,36.0 / 6.2,1,6.25,0.001625,6.25,0.0026,0.001625,6.25,0.013,0.001625,6.25,0.026
C,btc-updown-15m-1790147700,1790147700,2026-09-23,après clôture #2,752,752,1,0.00026,0.00026,15m Down + 5m#3 Up,0.820 / 0.160,1 / 0,36.0 / 6.2,1,6.25,0.001625,6.25,0.0026,0.001625,6.25,0.013,0.001625,6.25,0.026
A,btc-updown-15m-1790167500,1790167500,2026-09-23,après clôture #2,655,655,1,0.00518205,0.00518205,15m Up + 5m#3 Down,0.450 / 0.510,0 / 0,4.9 / 3.9,0,3.92157,0.0203218,3.92157,0.0518205,0.0203218,3.92157,0.259102,0.0203218,3.92157,0.518205
A,btc-updown-15m-1790208000,1790208000,2026-09-24,après clôture #2,695,696,2,0.003158,0.003158,15m Down + 5m#3 Up,0.850 / 0.130,0 / 0,75.1 / 48.0,0,48,0.03158,10,0.03158,0.151584,48,0.1579,0.151584,48,0.3158
A,btc-updown-15m-1790208000,1790208000,2026-09-24,après clôture #2,719,720,2,0.003987,0.003987,15m Down + 5m#3 Up,0.950 / 0.040,0 / 0,25.4 / 93.9,0,25.43,0.03987,10,0.03987,0.101389,25.43,0.19935,0.101389,25.43,0.3987
A,btc-updown-15m-1790208000,1790208000,2026-09-24,après clôture #2,787,792,6,0.003987,0.005275,15m Down + 5m#3 Up,0.950 / 0.040,0 / 0,205.8 / 27.0,0,27,0.03987,10,0.03987,0.107649,27,0.19935,0.107649,27,0.3987
A,btc-updown-15m-1790208000,1790208000,2026-09-24,après clôture #2,800,801,2,0.003987,0.003987,15m Down + 5m#3 Up,0.950 / 0.040,1 / 0,33.7 / 55.0,1,33.67,0.03987,10,0.03987,0.134242,33.67,0.19935,0.134242,33.67,0.3987
A,btc-updown-15m-1790208000,1790208000,2026-09-24,après clôture #2,811,814,4,0.005275,0.005275,15m Down + 5m#3 Up,0.960 / 0.030,0 / 0,516.9 / 110.0,0,110,0.05275,10,0.05275,0.26375,50,0.26375,0.5275,100,0.5275
A,btc-updown-15m-1790208000,1790208000,2026-09-24,après clôture #2,832,832,1,0.000216702,0.000216702,15m Down + 5m#3 Up,0.973 / 0.023,0 / 0,3.1 / 42.8,0,3.08322,0.000668141,3.08322,0.00216702,0.000668141,3.08322,0.0108351,0.000668141,3.08322,0.0216702
C,btc-updown-15m-1790208000,1790208000,2026-09-24,après clôture #2,662,663,2,0.004863,0.004863,15m Down + 5m#3 Up,0.750 / 0.220,0 / 0,10.0 / 25.4,0,10,0.04863,10,0.04863,0.04863,10,0.24315,0.04863,10,0.4863
C,btc-updown-15m-1790208000,1790208000,2026-09-24,après clôture #2,788,789,2,0.003987,0.003987,15m Down + 5m#3 Up,0.950 / 0.040,0 / 0,421.0 / 339.8,0,339.82,0.03987,10,0.03987,0.19935,50,0.19935,0.3987,100,0.3987
C,btc-updown-15m-1790208000,1790208000,2026-09-24,après clôture #2,791,792,2,0.005275,0.005275,15m Down + 5m#3 Up,0.960 / 0.030,0 / 0,316.6 / 400.6,0,316.56,0.05275,10,0.05275,0.26375,50,0.26375,0.5275,100,0.5275
C,btc-updown-15m-1790208000,1790208000,2026-09-24,après clôture #2,800,800,1,0.003987,0.003987,15m Down + 5m#3 Up,0.950 / 0.040,1 / 0,33.7 / 55.0,1,33.67,0.03987,10,0.03987,0.134242,33.67,0.19935,0.134242,33.67,0.3987
C,btc-updown-15m-1790208000,1790208000,2026-09-24,après clôture #2,812,812,1,0.005275,0.005275,15m Down + 5m#3 Up,0.960 / 0.030,1 / 0,516.9 / 24.0,1,24,0.05275,10,0.05275,0.1266,24,0.26375,0.1266,24,0.5275
A,btc-updown-15m-1790225100,1790225100,2026-09-24,après clôture #2,624,625,2,0.020971,0.020971,15m Up + 5m#3 Down,0.680 / 0.270,3 / 0,2.0 / 10.4,3,2.05,0.0429906,2.05,0.20971,0.0429906,2.05,1.04855,0.0429906,2.05,2.0971
B,btc-updown-15m-1790225100,1790225100,2026-09-24,après clôture #2,624,625,2,0.000915044,0.000915044,15m Up + 5m#3 Down,0.690 / 0.280,3 / 0,2.0 / 10.4,3,2.05,0.00187584,2.05,0.00915044,0.00187584,2.05,0.0457522,0.00187584,2.05,0.0915044
A,btc-updown-15m-1790227800,1790227800,2026-09-24,après clôture #2,695,695,1,0.00418008,0.00418008,15m Down + 5m#3 Up,0.120 / 0.860,3 / 0,10.0 / 1.2,3,1.16278,0.00486054,1.16278,0.0418008,0.00486054,1.16278,0.209004,0.00486054,1.16278,0.418008
A,btc-updown-15m-1790227800,1790227800,2026-09-24,après clôture #2,711,713,3,0.0623741,0.071947,15m Down + 5m#3 Up,0.110 / 0.810,0 / 0,5.0 / 12.1,0,5,0.31187,5,0.623741,0.31187,5,3.1187,0.31187,5,6.23741
A,btc-updown-15m-1790227800,1790227800,2026-09-24,après clôture #2,722,722,1,0.00675,0.00675,15m Down + 5m#3 Up,0.370 / 0.590,2 / 0,70.0 / 48.0,2,48,0.0675,10,0.0675,0.324,48,0.3375,0.324,48,0.675
B,btc-updown-15m-1790227800,1790227800,2026-09-24,après clôture #2,711,713,3,0.0422761,0.051835,15m Down + 5m#3 Up,0.120 / 0.820,0 / 0,5.0 / 12.1,0,5,0.21138,5,0.422761,0.21138,5,2.1138,0.21138,5,4.22761
B,btc-updown-15m-1790227800,1790227800,2026-09-24,après clôture #2,786,787,2,0.160551,0.160551,15m Down + 5m#3 Up,0.230 / 0.580,0 / 0,8.4 / 22.4,0,8.40909,1.35009,8.40909,1.60551,1.35009,8.40909,8.02755,1.35009,8.40909,16.0551
A,btc-updown-15m-1790236800,1790236800,2026-09-24,après clôture #2,777,778,2,0.005275,0.005275,15m Down + 5m#3 Up,0.960 / 0.030,0 / 0,2.1 / 35.0,0,2.08332,0.0109895,2.08332,0.05275,0.0109895,2.08332,0.26375,0.0109895,2.08332,0.5275
C,btc-updown-15m-1790236800,1790236800,2026-09-24,après clôture #2,777,778,2,0.005275,0.005275,15m Down + 5m#3 Up,0.960 / 0.030,0 / 0,2.1 / 158.0,0,2.08332,0.0109895,2.08332,0.05275,0.0109895,2.08332,0.26375,0.0109895,2.08332,0.5275
A,btc-updown-15m-1790247600,1790247600,2026-09-24,après clôture #2,845,845,1,0.006591,0.006591,15m Up + 5m#3 Down,0.970 / 0.020,0 / 0,71.8 / 7.0,0,7,0.046137,7,0.06591,0.046137,7,0.32955,0.046137,7,0.6591
A,btc-updown-15m-1790257500,1790257500,2026-09-24,après clôture #2,605,606,2,0.000726955,0.000726955,15m Down + 5m#3 Up,0.216 / 0.759,0 / 0,11.3 / 100.0,0,11.2727,0.00726955,10,0.00726955,0.00819477,11.2727,0.0363478,0.00819477,11.2727,0.0726955
A,btc-updown-15m-1790257500,1790257500,2026-09-24,après clôture #2,653,655,3,0.000291,0.000291005,15m Down + 5m#3 Up,0.070 / 0.920,3 / 0,22.9 / 5.0,3,5,0.001455,5,0.00291,0.001455,5,0.01455,0.001455,5,0.0291
A,btc-updown-15m-1790257500,1790257500,2026-09-24,après clôture #2,659,660,2,0.000291,0.000291,15m Down + 5m#3 Up,0.070 / 0.920,0 / 0,40.0 / 76.0,0,40,0.00291,10,0.00291,0.01164,40,0.01455,0.01164,40,0.0291
A,btc-updown-15m-1790257500,1790257500,2026-09-24,après clôture #2,691,691,1,0.005275,0.005275,15m Down + 5m#3 Up,0.030 / 0.960,0 / 0,37.0 / 20.0,0,20,0.05275,10,0.05275,0.1055,20,0.26375,0.1055,20,0.5275
A,btc-updown-15m-1790257500,1790257500,2026-09-24,après clôture #2,721,721,1,0.005275,0.005275,15m Down + 5m#3 Up,0.030 / 0.960,0 / 0,155.0 / 193.1,0,155,0.05275,10,0.05275,0.26375,50,0.26375,0.5275,100,0.5275
A,btc-updown-15m-1790257500,1790257500,2026-09-24,après clôture #2,724,724,1,0.005275,0.005275,15m Down + 5m#3 Up,0.030 / 0.960,2 / 0,134.6 / 75.6,2,75.625,0.05275,10,0.05275,0.26375,50,0.26375,0.398922,75.625,0.5275
C,btc-updown-15m-1790257500,1790257500,2026-09-24,après clôture #2,655,655,1,0.000291,0.000291,15m Down + 5m#3 Up,0.070 / 0.920,0 / 0,222.0 / 311.0,0,222,0.00291,10,0.00291,0.01455,50,0.01455,0.0291,100,0.0291
C,btc-updown-15m-1790257500,1790257500,2026-09-24,après clôture #2,659,660,2,0.000291,0.000291,15m Down + 5m#3 Up,0.070 / 0.920,0 / 0,40.0 / 76.0,0,40,0.00291,10,0.00291,0.01164,40,0.01455,0.01164,40,0.0291
C,btc-updown-15m-1790257500,1790257500,2026-09-24,après clôture #2,721,721,1,0.005275,0.005275,15m Down + 5m#3 Up,0.030 / 0.960,0 / 0,155.0 / 193.1,0,155,0.05275,10,0.05275,0.26375,50,0.26375,0.5275,100,0.5275
A,btc-updown-15m-1790282700,1790282700,2026-09-24,après clôture #2,744,746,3,0.000291,0.000291,15m Down + 5m#3 Up,0.920 / 0.070,0 / 0,88.0 / 46.0,0,46,0.00291,10,0.00291,0.013386,46,0.01455,0.013386,46,0.0291
A,btc-updown-15m-1790282700,1790282700,2026-09-24,après clôture #2,816,817,2,0.007935,0.007935,15m Down + 5m#3 Up,0.980 / 0.010,0 / 0,315.1 / 1914.0,0,315.051,0.07935,10,0.07935,0.39675,50,0.39675,0.7935,100,0.7935
A,btc-updown-15m-1790282700,1790282700,2026-09-24,après clôture #2,834,835,2,0.001495,0.001495,15m Down + 5m#3 Up,0.930 / 0.060,0 / 0,23.9 / 115.0,0,23.92,0.01495,10,0.01495,0.0357604,23.92,0.07475,0.0357604,23.92,0.1495
A,btc-updown-15m-1790282700,1790282700,2026-09-24,après clôture #2,839,840,2,0.002727,0.002727,15m Down + 5m#3 Up,0.940 / 0.050,3 / 0,10.0 / 35.4,3,10,0.02727,10,0.02727,0.02727,10,0.13635,0.02727,10,0.2727
C,btc-updown-15m-1790282700,1790282700,2026-09-24,après clôture #2,744,745,2,0.000291,0.000291,15m Down + 5m#3 Up,0.920 / 0.070,0 / 0,88.0 / 121.0,0,87.9891,0.00291,10,0.00291,0.01455,50,0.01455,0.0256048,87.9891,0.0291
C,btc-updown-15m-1790282700,1790282700,2026-09-24,après clôture #2,816,817,2,0.007935,0.007935,15m Down + 5m#3 Up,0.980 / 0.010,0 / 0,315.1 / 1914.0,0,315.051,0.07935,10,0.07935,0.39675,50,0.39675,0.7935,100,0.7935
A,btc-updown-15m-1790285400,1790285400,2026-09-24,après clôture #2,731,733,3,0.0232,0.0232,15m Up + 5m#3 Down,0.840 / 0.120,2 / 0,1.4 / 25.0,2,1.39286,0.0323143,1.39286,0.232,0.0323143,1.39286,1.16,0.0323143,1.39286,2.32
B,btc-updown-15m-1790285400,1790285400,2026-09-24,après clôture #2,731,733,3,0.00315803,0.00315803,15m Up + 5m#3 Down,0.850 / 0.130,2 / 0,1.4 / 25.0,2,1.39286,0.00439868,1.39286,0.0315803,0.00439868,1.39286,0.157901,0.00439868,1.39286,0.315803
