latency_ms,n_opp,n_filled,fill_rate,shares,total,per_opp,per_share,n_groups,margin,trigger,valeur,ordres,per_opp_lo,per_opp_hi,per_hour,per_hour_lo,per_hour_hi,hours,mean_edge_fill_c,edge_per_hour
0,1851,1851,1.0,40982.240000000005,-930.5224489799999,-0.5027133705996758,-0.02270550484746563,22,0.0,tous,pnl,1/s,-2.368479889033625,1.2993894662369423,-1084.103824054369,-5137.066720301648,2792.5110419015496,0.8583333333333333,5.527789778468135,2509.145059424201
25,1851,1818,0.9821717990275527,66839.88,-1343.5545814399998,-0.7258533665262019,-0.020101092064198793,22,0.0,tous,pnl,1/s,-3.7527954883972776,2.3345747307087885,-1565.3063084737862,-8143.034986889415,4961.552744424752,0.8583333333333333,5.771919761092612,4452.818712054396
50,1851,1803,0.9740680713128039,70073.31,-1181.0638052100007,-0.6380679660777961,-0.016854688400048473,22,0.0,tous,pnl,1/s,-3.7439566353550524,2.5081375704993962,-1375.9966662640786,-8163.639454842813,5364.490994746893,0.8583333333333333,5.8790130116962835,4789.499406290349
100,1851,1781,0.9621826039978391,72193.95,-950.68590004,-0.513606645078336,-0.0131684981918845,22,0.0,tous,pnl,1/s,-3.792735670630295,2.8016685553776304,-1107.5952233475728,-8184.065167583592,5921.347801611833,0.8583333333333333,6.013705557070761,5005.971279681958
150,1851,1761,0.9513776337115073,72711.48999999999,-1503.3907343900005,-0.8122046106915184,-0.020676109572091022,22,0.0,tous,pnl,1/s,-4.050613803994993,2.489456767429452,-1751.5231856970881,-8843.394360514369,5360.268412863202,0.8583333333333333,6.138633294708332,5153.620320370016
200,1851,1736,0.9378714208535927,73192.59,-872.5009981799996,-0.47136736800648277,-0.011920619261867898,22,0.0,tous,pnl,1/s,-3.770799689181468,2.930961166139966,-1016.5060172970869,-8199.765565705922,6189.070384175228,0.8583333333333333,6.257498259294899,5283.403463793732
300,1851,1723,0.930848190167477,71872.37000000001,-1058.6967740100004,-0.5719593592706647,-0.014730233245543458,22,0.0,tous,pnl,1/s,-3.8071064733132176,2.7339091483227977,-1233.4331347689326,-8214.555093568542,5870.530629020387,0.8583333333333333,6.367866875966454,5328.354062790196
500,1851,1678,0.9065370070232307,70949.95999999999,-517.6563084299999,-0.27966305155591564,-0.007296076113784982,22,0.0,tous,pnl,1/s,-3.608209896100639,3.0379655341798677,-603.094728267961,-7929.0197149852465,6563.319837816111,0.8583333333333333,6.654720183008206,5414.250311262101
750,1851,1648,0.8903295515937332,69616.93,-1096.9254981999998,-0.5926123707185303,-0.015756591079210184,22,0.0,tous,pnl,1/s,-3.894930018310362,2.658228949494755,-1277.971454213592,-8383.132783002815,5717.1455221561155,0.8583333333333333,6.883651652082978,5468.78355724199
1000,1851,1635,0.8833063209076175,68501.07,-897.6057733599998,-0.48493018549972977,-0.01310352923479881,22,0.0,tous,pnl,1/s,-3.6549165705099673,2.6645141104869845,-1045.754299060194,-7924.244913627671,5887.559347675338,0.8583333333333333,7.036456488644122,5624.449543813678
2000,1851,1553,0.8390059427336575,65807.31,-910.6581182700005,-0.4919816954457053,-0.013838251681614103,22,0.0,tous,pnl,1/s,-3.6688318004787956,2.679278748072597,-1060.960914489321,-7964.7360754514575,5853.270310766797,0.8583333333333333,7.733547450036775,5827.3443568701105
5000,1851,1445,0.7806591031874662,61396.45,-832.2568460199999,-0.4496255245921123,-0.013555455503046186,22,0.0,tous,pnl,1/s,-3.4852543663528524,2.5530195464675445,-969.6196264310679,-7372.052377398639,5563.349404885632,0.8583333333333333,9.042103840898124,6561.492861226634
0,1851,1851,1.0,40982.240000000005,-625.81944898,-0.33809802754186924,-0.01527050373478853,22,0.0,tous,markout,1/s,-0.658959751041772,-0.01592111844599789,-729.1100376466019,-1387.0405158847577,-35.404114130680675,0.8583333333333333,5.527789778468135,2509.145059424201
25,1851,1818,0.9821717990275527,66839.88,-1378.15938144,-0.7445485583144247,-0.020618818906317605,22,0.0,tous,markout,1/s,-1.1518092801727382,-0.33711288975253395,-1605.6225803184468,-2500.6912953058254,-723.3213545577673,0.8583333333333333,5.771919761092612,4452.818712054396
50,1851,1803,0.9740680713128039,70073.31,-1268.4481052100002,-0.6852772043273907,-0.01810172953454033,22,0.0,tous,markout,1/s,-1.1571957531753876,-0.19486249342962195,-1477.8036177203887,-2510.181763017378,-435.6085761492239,0.8583333333333333,5.8790130116962835,4789.499406290349
100,1851,1781,0.9621826039978391,72193.95,-1273.69185004,-0.6881101296812534,-0.017642639723134696,22,0.0,tous,markout,1/s,-1.1864079954984699,-0.15517840534384697,-1483.9128349980583,-2580.7031094334957,-348.10513050524327,0.8583333333333333,6.013705557070761,5005.971279681958
150,1851,1761,0.9513776337115073,72711.48999999999,-1368.93453439,-0.7395648484008643,-0.018826935528208816,22,0.0,tous,markout,1/s,-1.2547878711222709,-0.2101210674971739,-1594.8751856970873,-2733.01920636233,-475.73548233786425,0.8583333333333333,6.138633294708332,5153.620320370016
200,1851,1736,0.9378714208535927,73192.59,-1274.7264481799998,-0.688669069789303,-0.017416058759226853,22,0.0,tous,markout,1/s,-1.1916188925206976,-0.1609148844750517,-1485.1181920543688,-2572.4283362755336,-345.8915703818463,0.8583333333333333,6.257498259294899,5283.403463793732
300,1851,1723,0.930848190167477,71872.37000000001,-1382.64962401,-0.7469744051917883,-0.01923756826176735,22,0.0,tous,markout,1/s,-1.2656072670138385,-0.20038469022004415,-1610.853930885437,-2732.4929819766994,-435.70289304902997,0.8583333333333333,6.367866875966454,5328.354062790196
500,1851,1678,0.9065370070232307,70949.95999999999,-1382.98965843,-0.7471581082820097,-0.019492465653680426,22,0.0,tous,markout,1/s,-1.29715212462459,-0.19910768987458502,-1611.250087491262,-2804.1158976378642,-431.8150301831076,0.8583333333333333,6.654720183008206,5414.250311262101
750,1851,1648,0.8903295515937332,69616.93,-1266.5716482,-0.6842634512155592,-0.018193443005889518,22,0.0,tous,markout,1/s,-1.2260087936573711,-0.14794804483935645,-1475.6174542135923,-2631.7756403551452,-320.978351506022,0.8583333333333333,6.883651652082978,5468.78355724199
1000,1851,1635,0.8833063209076175,68501.07,-1347.52222336,-0.7279968791788223,-0.019671549997102234,22,0.0,tous,markout,1/s,-1.235825424300119,-0.20978972696552,-1569.928803914563,-2685.365327442816,-460.16850949281604,0.8583333333333333,7.036456488644122,5624.449543813678
2000,1851,1553,0.8390059427336575,65807.31,-1437.9384682700002,-0.7768441211615343,-0.02185074071968601,22,0.0,tous,markout,1/s,-1.252510194834652,-0.29322445382881196,-1675.2681183728157,-2681.818097044952,-647.0029644664082,0.8583333333333333,7.733547450036775,5827.3443568701105
5000,1851,1445,0.7806591031874662,61396.45,-1288.84759602,-0.696297998930308,-0.02099221691188986,22,0.0,tous,markout,1/s,-1.197549066449304,-0.17466304121618767,-1501.5700147805828,-2607.8711649996117,-394.1399487530103,0.8583333333333333,9.042103840898124,6561.492861226634
0,5524,5524,1.0,115711.78,-5549.810231039999,-1.0046723807096305,-0.047962361576669194,22,0.0,tous,pnl,chaque niveau,-2.7914368834699563,0.7437582012866478,-6465.798327425242,-17871.518103380677,4736.895595443191,0.8583333333333333,7.096964946639628,9537.12039780494
25,5524,5424,0.9818971759594497,184224.09999999998,-7256.015479969999,-1.3135437146940623,-0.039386896068266855,22,0.0,tous,pnl,chaque niveau,-3.8745598655959124,1.4345933104981634,-8453.610267926213,-25149.96853736303,9255.454365210293,0.8583333333333333,7.3435595269128795,15460.579821256859
50,5524,5394,0.9764663287472846,196257.19,-7759.517738279999,-1.4046918425561186,-0.03953749535637394,22,0.0,tous,pnl,chaque niveau,-4.174741737176077,1.5617795568192,-9040.214840714563,-26685.88152080419,9760.29473599922,0.8583333333333333,7.459018588117386,16795.85708352374
100,5524,5330,0.9648805213613324,206424.27000000002,-7254.546665849999,-1.3132778178584357,-0.035143864943061195,22,0.0,tous,pnl,chaque niveau,-4.366723019317815,1.9730675353376563,-8451.899028174757,-28191.330029267767,12278.650457029204,0.8583333333333333,7.636091814505351,18162.48174124764
150,5524,5277,0.9552860246198407,207104.34,-8099.46997766,-1.4662327982729906,-0.0391081615076729,22,0.0,tous,pnl,chaque niveau,-4.5752463631145135,1.8372618654507815,-9436.275702128156,-29858.836591795047,11710.115655946003,0.8583333333333333,7.7804804808612165,18467.670059966807
200,5524,5225,0.9458725561187545,209032.34,-7095.47925741,-1.2844821248026792,-0.03394440906804182,22,0.0,tous,pnl,chaque niveau,-4.433220701431574,1.9971122005364335,-8266.577775623302,-28764.80428946621,12956.231232813483,0.8583333333333333,7.893297751249742,18878.526716820827
300,5524,5169,0.9357349746560464,209576.35,-6323.78728191,-1.1447840843428676,-0.030174145517421216,22,0.0,tous,pnl,chaque niveau,-4.400320726985978,2.236027519990634,-7367.519163390292,-28549.18072810633,14596.906412302125,0.8583333333333333,8.074470451347956,19635.89027073309
500,5524,5076,0.9188993482983345,205371.51,-5748.787136880002,-1.040692819855178,-0.027992135505455467,22,0.0,tous,pnl,chaque niveau,-4.228058170690989,2.262656380298834,-6697.616081801945,-27418.872453460775,14518.468907055998,0.8583333333333333,8.342080258915551,19530.568511406047
750,5524,4994,0.9040550325850832,203662.49,-6566.27371059,-1.1886809758490224,-0.032240957628427304,22,0.0,tous,pnl,chaque niveau,-4.29436456581308,2.007399885729951,-7650.02762398835,-27142.307834902727,13052.250809962086,0.8583333333333333,8.577688643441842,19802.762211697565
1000,5524,4955,0.8969949312092687,202614.93,-6107.38599934,-1.1056093409377263,-0.030142823134208324,22,0.0,tous,pnl,chaque niveau,-4.12565387478668,2.0648531810906716,-7115.401164279612,-26611.021546213997,13414.159721458806,0.8583333333333333,8.700429596587135,20231.29624757212
2000,5524,4763,0.862237509051412,194738.89,-7737.24879456,-1.400660534858798,-0.039731400310230786,22,0.0,tous,pnl,chaque niveau,-4.278914833976647,1.7019945127775007,-9014.270440264077,-27526.33701986125,10828.594207052602,0.8583333333333333,9.449650849202502,21175.148835769734
5000,5524,4423,0.8006879073135409,183716.15000000002,-6239.479504270001,-1.1295219957042,-0.03396260755665738,22,0.0,tous,pnl,chaque niveau,-3.9120115181358983,1.7499521806589757,-7269.296509829128,-24806.396622856628,11299.707594240555,0.8583333333333333,10.928982425916729,23903.0004888806
0,5524,5524,1.0,115711.78,-2638.0994810400007,-0.4775705070673426,-0.022798884271247065,22,0.0,tous,markout,chaque niveau,-0.9540532178697674,-0.0638471191527827,-3073.513958493205,-5819.407735317088,-465.4355052926254,0.8583333333333333,7.096964946639628,9537.12039780494
25,5524,5424,0.9818971759594497,184224.09999999998,-4476.1639799700015,-0.8103120890604637,-0.02429738552105833,22,0.0,tous,markout,chaque niveau,-1.430656172128849,-0.25000640205876323,-5214.948326178643,-8813.864146981454,-1743.658763183883,0.8583333333333333,7.3435595269128795,15460.579821256859
50,5524,5394,0.9764663287472846,196257.19,-4405.428488280001,-0.7975069674656048,-0.022447220854838495,22,0.0,tous,markout,chaque niveau,-1.4623906778631748,-0.18479244839269043,-5132.53804459806,-9080.30446684835,-1286.4021686193228,0.8583333333333333,7.459018588117386,16795.85708352374
100,5524,5330,0.9648805213613324,206424.27000000002,-4623.00996585,-0.8368953594949312,-0.022395670653697842,22,0.0,tous,markout,chaque niveau,-1.5798410586763716,-0.17317421162170207,-5386.031028174758,-9755.850068676991,-1195.3391084656298,0.8583333333333333,7.636091814505351,18162.48174124764
150,5524,5277,0.9552860246198407,207104.34,-4572.99322766,-0.8278409173895728,-0.02208062480805569,22,0.0,tous,markout,chaque niveau,-1.5706914354469768,-0.1519713279507653,-5327.759100186408,-9602.648325442717,-1122.6978216815533,0.8583333333333333,7.7804804808612165,18467.670059966807
200,5524,5225,0.9458725561187545,209032.34,-4255.10825741,-0.7702947605738595,-0.02035621979551107,22,0.0,tous,markout,chaque niveau,-1.5188335945166436,-0.06597448536149522,-4957.407678535923,-9308.266775802816,-404.0514757692249,0.8583333333333333,7.893297751249742,18878.526716820827
300,5524,5169,0.9357349746560464,209576.35,-4230.8456319100005,-0.7659025401719769,-0.020187610061488333,22,0.0,tous,markout,chaque niveau,-1.550305558361504,-0.02368172701827623,-4929.140542031068,-9564.01651805272,-155.91352684980603,0.8583333333333333,8.074470451347956,19635.89027073309
500,5524,5076,0.9188993482983345,205371.51,-3741.3248368799996,-0.6772854520057928,-0.018217350775090468,22,0.0,tous,markout,chaque niveau,-1.4888092382742149,0.08182547049595494,-4358.825052675728,-9147.150417254565,509.05989967689266,0.8583333333333333,8.342080258915551,19530.568511406047
750,5524,4994,0.9040550325850832,203662.49,-3463.2235605900005,-0.6269412673044896,-0.017004719723253903,22,0.0,tous,markout,chaque niveau,-1.4334388538325407,0.14462042525925997,-4034.8235657359232,-8750.877942007575,949.9812969180575,0.8583333333333333,8.577688643441842,19802.762211697565
1000,5524,4955,0.8969949312092687,202614.93,-3532.6787993400003,-0.6395146269623462,-0.017435431827950685,22,0.0,tous,markout,chaque niveau,-1.4346358511154578,0.1171319506356763,-4115.742290493205,-8803.935430155436,802.2044570761163,0.8583333333333333,8.700429596587135,20231.29624757212
2000,5524,4763,0.862237509051412,194738.89,-4822.688894560001,-0.8730428846053586,-0.024764898755251202,22,0.0,tous,markout,chaque niveau,-1.6853673684177573,-0.1735884671367355,-5618.666673273789,-10269.699943365153,-1145.939736816128,0.8583333333333333,9.449650849202502,21175.148835769734
5000,5524,4423,0.8006879073135409,183716.15000000002,-4651.38570427,-0.8420321694913107,-0.025318327780491805,22,0.0,tous,markout,chaque niveau,-1.6566302802843424,-0.11322064419150074,-5419.090140897088,-10116.791140128636,-830.7406831689354,0.8583333333333333,10.928982425916729,23903.0004888806
0,1664,1664,1.0,36501.15,-443.49712163000004,-0.2665247125180289,-0.012150223256801498,22,0.01,tous,pnl,1/s,-2.136150779473987,1.5922883868795523,-516.695675685437,-4071.0037483505826,3024.0143106693176,0.8583333333333333,6.254383254299649,2573.1845556748153
25,1664,1642,0.9867788461538461,60591.39,-768.5027793300004,-0.46184061257812525,-0.012683366057949825,22,0.01,tous,pnl,1/s,-3.6085392932962943,2.748396006636894,-895.3430438796122,-6984.303057064077,5366.2199359036895,0.8583333333333333,6.490664784481205,4540.41128782108
50,1664,1627,0.9777644230769231,62988.09,-478.1689389000005,-0.2873611411658657,-0.0075914182966970506,22,0.01,tous,pnl,1/s,-3.5102577680905784,3.024275956911936,-557.0900259029132,-6827.076084422329,5826.01552451563,0.8583333333333333,6.601745671399911,4862.871428867965
100,1664,1595,0.9585336538461539,64853.899999999994,-180.06291148000037,-0.10821088430288484,-0.00277643921922969,22,0.01,tous,pnl,1/s,-3.5863496219937314,3.3161703051472182,-209.78203279223345,-6911.952928396019,6487.707567263589,0.8583333333333333,6.782270475541205,5061.481527931884
150,1664,1570,0.9435096153846154,64725.11,-755.1072729800007,-0.45379042847355816,-0.011666372957573973,22,0.01,tous,pnl,1/s,-3.772416538776869,2.935749104627735,-879.7366287145641,-7378.9483369191275,5703.99329336242,0.8583333333333333,6.930111814126949,5182.259058719811
200,1664,1551,0.9320913461538461,65398.649999999994,-135.9320296800006,-0.08168992168269266,-0.0020785143069467125,22,0.01,tous,pnl,1/s,-3.513940652487386,3.402976548615066,-158.36741321941818,-6876.00562553592,6612.501714324465,0.8583333333333333,7.027347557971359,5304.1068809518965
300,1664,1525,0.9164663461538461,64008.58000000001,-310.1994815999997,-0.18641795769230748,-0.004846217204006082,22,0.01,tous,pnl,1/s,-3.553725917141421,3.260590995766817,-361.3974542912618,-6922.188104870678,6363.639541162422,0.8583333333333333,7.205978227849698,5342.614084505399
500,1664,1483,0.8912259615384616,63171.579999999994,166.1457496700002,0.09984720533052897,0.002630071143859315,22,0.01,tous,pnl,1/s,-3.3484269488642333,3.5279117242695004,193.56786369320415,-6542.792586002332,6862.433177370873,0.8583333333333333,7.505695951687984,5395.500606313705
750,1664,1466,0.8810096153846154,62119.21,-424.0126775800003,-0.25481531104567323,-0.00682578992199032,22,0.01,tous,pnl,1/s,-3.7213142724620014,3.162177504017714,-493.99535252038874,-7126.690102024079,6110.32913184087,0.8583333333333333,7.6818772808047955,5431.809115794295
1000,1664,1451,0.8719951923076923,61179.29000000001,-223.31004904999986,-0.13420075063100953,-0.0036500921970490314,22,0.01,tous,pnl,1/s,-3.4468479238005627,3.193244499608547,-260.1670474368931,-6687.964147442329,6330.66966180058,0.8583333333333333,7.859974616774553,5586.433107245259
2000,1664,1386,0.8329326923076923,58702.93,-43.956298400000605,-0.026416044711538824,-0.0007487922391608154,22,0.01,tous,pnl,1/s,-3.2312067784406078,3.1943262538994373,-51.211221436893915,-6207.794616918061,6280.150180777864,0.8583333333333333,8.535394412157064,5729.170095679657
5000,1664,1287,0.7734375,55096.04,-70.66989543000022,-0.04246988908052898,-0.001282667419110343,22,0.01,tous,pnl,1/s,-2.9566093465041745,2.9700733148359966,-82.33385875339833,-5824.001945943208,5820.256012353202,0.8583333333333333,9.994756399751846,6472.520906297391
0,1664,1664,1.0,36501.15,-530.8683216300001,-0.3190314432872597,-0.014543879347089067,22,0.01,tous,markout,1/s,-0.6366126399216046,0.016883343287241653,-618.4873650058254,-1218.4426015127185,31.909260256893162,0.8583333333333333,6.254383254299649,2573.1845556748153
25,1664,1642,0.9867788461538461,60591.39,-1277.64137933,-0.7678133289242789,-0.02108618698679796,22,0.01,tous,markout,1/s,-1.199866070740529,-0.3262850462303393,-1488.5142283456312,-2329.3066931321364,-629.4001191270878,0.8583333333333333,6.490664784481205,4540.41128782108
50,1664,1627,0.9777644230769231,62988.09,-1223.4724889000004,-0.7352599091947117,-0.019423870272935732,22,0.01,tous,markout,1/s,-1.222348092140064,-0.23426313730431853,-1425.4048414368938,-2360.8903857104856,-465.07425055310745,0.8583333333333333,6.601745671399911,4862.871428867965
100,1664,1595,0.9585336538461539,64853.899999999994,-1187.1571114800004,-0.7134357641105772,-0.018305099793227555,22,0.01,tous,markout,1/s,-1.2294373431053571,-0.1675378828895557,-1383.0956638601947,-2396.987666276796,-328.7033102935927,0.8583333333333333,6.782270475541205,5061.481527931884
150,1664,1570,0.9435096153846154,64725.11,-1249.01692298,-0.7506111315985576,-0.019297254542788723,22,0.01,tous,markout,1/s,-1.278907846418732,-0.21920207068048908,-1455.165347161165,-2495.6823736872816,-420.77820147000017,0.8583333333333333,6.930111814126949,5182.259058719811
200,1664,1551,0.9320913461538461,65398.649999999994,-1181.6531796800002,-0.7101281127884617,-0.018068464405305008,22,0.01,tous,markout,1/s,-1.2383561682818183,-0.16003405734679313,-1376.6833161320392,-2372.2787087193205,-332.2325469329138,0.8583333333333333,7.027347557971359,5304.1068809518965
300,1664,1525,0.9164663461538461,64008.58000000001,-1293.1493816,-0.7771330418269231,-0.020202750656240144,22,0.01,tous,markout,1/s,-1.3268932873276778,-0.20614657895302413,-1506.5818038058253,-2559.712202633884,-420.6960772269901,0.8583333333333333,7.205978227849698,5342.614084505399
500,1664,1483,0.8912259615384616,63171.579999999994,-1280.7432503300001,-0.7696774340925482,-0.020274041749945154,22,0.01,tous,markout,1/s,-1.3595618375145337,-0.1934395247415091,-1492.1280586368935,-2627.803158285728,-380.310307306312,0.8583333333333333,7.505695951687984,5395.500606313705
750,1664,1466,0.8810096153846154,62119.21,-1227.7065775800002,-0.737804433641827,-0.019763718462936026,22,0.01,tous,markout,1/s,-1.3007922214356151,-0.16809162500431288,-1430.3377602873788,-2510.3967872400003,-340.5568961737865,0.8583333333333333,7.6818772808047955,5431.809115794295
1000,1664,1451,0.8719951923076923,61179.29000000001,-1261.6784490500002,-0.7582202217848558,-0.020622639606474674,22,0.01,tous,markout,1/s,-1.2717926498440737,-0.2303024281013899,-1469.9166396699031,-2455.7010061383494,-458.4138887207777,0.8583333333333333,7.859974616774553,5586.433107245259
2000,1664,1386,0.8329326923076923,58702.93,-1247.0415484000002,-0.7494240074519232,-0.021243259040051327,22,0.01,tous,markout,1/s,-1.243695082828736,-0.23307510285335223,-1452.8639398834955,-2421.3512039400007,-456.3242274346606,0.8583333333333333,8.535394412157064,5729.170095679657
5000,1664,1287,0.7734375,55096.04,-1147.93559543,-0.6898651414843749,-0.020835174278042486,22,0.01,tous,markout,1/s,-1.2071722061528265,-0.15756327048090288,-1337.4006937048543,-2359.556340011359,-311.09608681747574,0.8583333333333333,9.994756399751846,6472.520906297391
0,4959,4959,1.0,103730.92,-4690.1501009799995,-0.9457854609760031,-0.0452145811584434,22,0.01,tous,pnl,chaque niveau,-2.8868016689508886,0.9318581384568914,-5464.252544831068,-16340.582329468834,5322.5282016058145,0.8583333333333333,7.887766816974969,9540.01100735841
25,4959,4867,0.9814478725549506,166012.19,-6121.45369478,-1.2344129249405122,-0.036873519316744145,22,0.01,tous,pnl,chaque niveau,-3.976997653611289,1.6704870181584635,-7131.790712365048,-22805.130403379728,9873.262324677095,0.8583333333333333,8.129134256407355,15373.501816949703
50,4959,4834,0.974793305101835,176419.44,-6277.706446130001,-1.2659218483827386,-0.035583983523187694,22,0.01,tous,pnl,chaque niveau,-4.196224911048975,1.8937500499168314,-7313.832752772817,-23876.094583108857,10559.652972725811,0.8583333333333333,8.256519596951717,16672.71000140938
100,4959,4750,0.9578544061302682,184844.7,-5857.76214359,-1.1812385851159508,-0.03169018177740557,22,0.01,tous,pnl,chaque niveau,-4.470222135759841,2.3248802812909743,-6824.577254667962,-25176.883867507884,13059.773327632109,0.8583333333333333,8.477551592889892,17962.996524797203
150,4959,4705,0.9487799959669289,184993.12,-6581.601513430001,-1.327203370322646,-0.03557754749706368,22,0.01,tous,pnl,chaque niveau,-4.603841551988485,2.1836121971100724,-7667.8852583650505,-26442.485809565544,12220.766040273165,0.8583333333333333,8.617664212374402,18225.715643974796
200,4959,4661,0.9399072393627748,186881.86,-5645.98507668,-1.1385329858197217,-0.03021152013726747,22,0.01,tous,pnl,chaque niveau,-4.471461517038749,2.329565824680775,-6577.84669127767,-25493.056557587766,13589.127942541132,0.8583333333333333,8.72600357758137,18597.861275880652
300,4959,4608,0.9292196007259528,187560.54,-4893.9466581000015,-0.9868817620689658,-0.026092624056744566,22,0.01,tous,pnl,chaque niveau,-4.416750303543509,2.551121476576546,-5701.685426912623,-25161.87472683526,14885.68141111746,0.8583333333333333,8.914129189583072,19329.486840992107
500,4959,4512,0.9098608590441621,183184.94,-4433.52481383,-0.8940360584452511,-0.024202452526010054,22,0.01,tous,pnl,chaque niveau,-4.222863062193998,2.557056382076283,-5165.271627763107,-24269.798052516126,14951.022875515922,0.8583333333333333,9.205291680782727,19136.977877892987
750,4959,4448,0.8969550312563017,181675.11000000002,-5291.57853026,-1.0670656443355515,-0.029126601493512233,22,0.01,tous,pnl,chaque niveau,-4.254542805166047,2.2495469496311853,-6164.945860497088,-24431.67045385545,13326.50121417289,0.8583333333333333,9.422352786659637,19368.05417802513
1000,4959,4398,0.8868723532970357,180934.93,-5064.293763419999,-1.0212328621536597,-0.02798958588825275,22,0.01,tous,pnl,chaque niveau,-4.147087227758408,2.2178749898863184,-5900.148073887378,-23875.826505036723,13280.958470874735,0.8583333333333333,9.575382094026056,19786.732194112978
2000,4959,4261,0.8592458156886469,174003.31,-6029.005205560003,-1.2157703580479942,-0.03464879608071825,22,0.01,tous,pnl,chaque niveau,-4.157659189577173,1.9255267640069709,-7024.083734633014,-23898.081234551664,11222.104443197764,0.8583333333333333,10.263691279985828,20551.645786924873
5000,4959,3955,0.7975398265779391,164407.07,-4167.4227179300005,-0.8403756237003429,-0.025348196509614826,22,0.01,tous,pnl,chaque niveau,-3.6866098921305523,2.0975792389690295,-4855.249768462137,-20857.3443948408,12531.810969896209,0.8583333333333333,11.84655191606941,23188.349869756807
0,4959,4959,1.0,103730.92,-2441.16795098,-0.49227020588425086,-0.02353365757268903,22,0.01,tous,markout,chaque niveau,-1.0086574437108413,-0.04119942984609416,-2844.0791661902917,-5523.503038832037,-257.08239155504896,0.8583333333333333,7.887766816974969,9540.01100735841
25,4959,4867,0.9814478725549506,166012.19,-4208.1599947800005,-0.8485904405686632,-0.025348499979308752,22,0.01,tous,markout,chaque niveau,-1.5338524458929443,-0.23552258093275322,-4902.710673530098,-8430.028032517868,-1485.8633753968013,0.8583333333333333,8.129134256407355,15373.501816949703
50,4959,4834,0.974793305101835,176419.44,-4176.710246130001,-0.842248486817907,-0.023674886657218733,22,0.01,tous,markout,chaque niveau,-1.573724962952421,-0.18205699783650237,-4866.070189666021,-8705.633588323692,-1154.3537103897095,0.8583333333333333,8.256519596951717,16672.71000140938
100,4959,4750,0.9578544061302682,184844.7,-4378.4985935899995,-0.8829398252853397,-0.023687444614803665,22,0.01,tous,markout,chaque niveau,-1.692198324110984,-0.16100348807686465,-5101.163410007766,-9341.627653758353,-1040.6735015755337,0.8583333333333333,8.477551592889892,17962.996524797203
150,4959,4705,0.9487799959669289,184993.12,-4242.42546343,-0.8555001942790884,-0.02293288238735581,22,0.01,tous,markout,chaque niveau,-1.6665195403588169,-0.12427176360532693,-4942.631607879612,-9111.717928789803,-817.2193648843675,0.8583333333333333,8.617664212374402,18225.715643974796
200,4959,4661,0.9399072393627748,186881.86,-3951.917576680001,-0.7969182449445454,-0.0211466087542151,22,0.01,tous,markout,chaque niveau,-1.6185857498656044,-0.03547834672395039,-4604.175817491263,-8809.715184187864,-216.82464138029206,0.8583333333333333,8.72600357758137,18597.861275880652
300,4959,4608,0.9292196007259528,187560.54,-3894.6996081,-0.7853800379310345,-0.020765026631401253,22,0.01,tous,markout,chaque niveau,-1.6464372028241354,0.020257330931807968,-4537.514106524272,-9075.683409683885,125.32417638611908,0.8583333333333333,8.914129189583072,19329.486840992107
500,4959,4512,0.9098608590441621,183184.94,-3502.412513830001,-0.7062739491490222,-0.019119543963766895,22,0.01,tous,markout,chaque niveau,-1.5971327765178607,0.10646126440586384,-4080.4805986368947,-8676.36864817864,685.9895802731099,0.8583333333333333,9.205291680782727,19136.977877892987
750,4959,4448,0.8969550312563017,181675.11000000002,-3212.31243026,-0.6477742347771728,-0.017681631954206602,22,0.01,tous,markout,chaque niveau,-1.5302739597527788,0.16853589867735647,-3742.4999187495146,-8344.098713545342,1013.5278072856244,0.8583333333333333,9.422352786659637,19368.05417802513
1000,4959,4398,0.8868723532970357,180934.93,-3344.034613420001,-0.6743364818350476,-0.018481973676503487,22,0.01,tous,markout,chaque niveau,-1.5240600773717228,0.12228594454053236,-3895.9626564116516,-8387.117170863788,753.1029074979682,0.8583333333333333,9.575382094026056,19786.732194112978
2000,4959,4261,0.8592458156886469,174003.31,-4641.69100556,-0.9360135119096592,-0.026675877634511666,22,0.01,tous,markout,chaque niveau,-1.8085884891295756,-0.1878151329334396,-5407.795346283496,-9937.695103123688,-1192.9619379530143,0.8583333333333333,10.263691279985828,20551.645786924873
5000,4959,3955,0.7975398265779391,164407.07,-4245.27916793,-0.8560756539483767,-0.02582175552383483,22,0.01,tous,markout,chaque niveau,-1.7132897654324046,-0.09448921141268857,-4945.956312151457,-9355.477709973777,-590.368982381944,0.8583333333333333,11.84655191606941,23188.349869756807
0,1478,1478,1.0,31949.120000000003,-47.83232466000004,-0.032362871894451986,-0.0014971405991776937,22,0.02,tous,pnl,1/s,-1.953925910891815,1.8682303530956856,-55.726980186407815,-3336.179181589515,3206.3781595508726,0.8583333333333333,7.016782983049022,2566.876000375144
25,1478,1455,0.9844384303112313,54334.57,-329.2970930500003,-0.22279911573071737,-0.006060544751711485,22,0.02,tous,pnl,1/s,-3.42564395034481,3.0899784308812355,-383.64709869902947,-5945.72351563602,5409.63042105262,0.8583333333333333,7.2567872887010605,4506.901314477965
50,1478,1443,0.976319350473613,56535.81,-118.5590326800002,-0.08021585431664426,-0.0020970608306487555,22,0.02,tous,pnl,1/s,-3.4072321244809256,3.435403090002447,-138.12702836504877,-5924.423305470875,5870.7106088857245,0.8583333333333333,7.373558655050792,4827.646354115343
100,1478,1416,0.9580514208389715,57820.27,155.37310311999977,0.10512388573748292,0.002687173600538354,22,0.02,tous,pnl,1/s,-3.414954408793758,3.743362084182034,181.01720751844636,-5930.781706279515,6441.737286020666,0.8583333333333333,7.558918100812202,5006.814182843678
150,1478,1396,0.9445196211096076,57717.78,-309.67177372000015,-0.20952082119079848,-0.005365275201506367,22,0.02,tous,pnl,1/s,-3.613679443136424,3.3495631854932375,-360.78264899417496,-6422.612930656021,5815.845825649805,0.8583333333333333,7.7002433617131505,5118.884498399256
200,1478,1379,0.9330175913396481,58145.97,261.9420307299995,0.17722735502706324,0.004504904307727595,22,0.02,tous,pnl,1/s,-3.363423933875725,3.7742419407355774,305.17518143300913,-5737.393713202138,6524.136398521163,0.8583333333333333,7.79101002462448,5225.762144863543
300,1478,1357,0.9181326116373477,57048.979999999996,200.91262913999958,0.13593547303112286,0.0035217567279905724,22,0.02,tous,pnl,1/s,-3.2454133430437735,3.6780250886625563,234.07296598834904,-5796.008198205728,6328.00196467048,0.8583333333333333,7.964075180987523,5258.676384610913
500,1478,1313,0.8883626522327469,55875.97,510.3514812999995,0.3452987018267926,0.009133648709812097,22,0.02,tous,pnl,1/s,-3.1035642081849937,3.891413532792084,594.5842500582519,-5321.86137911767,6776.644251606111,0.8583333333333333,8.286339144633487,5264.822329329796
750,1478,1290,0.8728010825439784,54710.04,2.48150779999969,0.0016789633288225238,4.5357448102755734e-05,22,0.02,tous,pnl,1/s,-3.3721126786097235,3.4856448473214576,2.8910770485433286,-5818.576496449806,6033.449804936213,0.8583333333333333,8.493548824030524,5291.661151515906
1000,1478,1277,0.8640054127198917,54176.380000000005,443.71700689999943,0.30021448369418097,0.008190229891698179,22,0.02,tous,pnl,1/s,-2.9881547224208513,3.7276783390261405,516.9518526990284,-5172.911006312041,6503.570019715342,0.8583333333333333,8.689006858523792,5454.492256388126
2000,1478,1222,0.8267929634641408,51373.21,576.8168058699994,0.39026847487821337,0.01122796893302948,22,0.02,tous,pnl,1/s,-2.8017524260742666,3.684691825075638,672.0195796543683,-4810.971734314661,6503.348328704566,0.8583333333333333,9.374638745810273,5540.84219550268
5000,1478,1126,0.7618403247631935,48497.98,781.41052446,0.5286945361705007,0.016112228271363053,22,0.02,tous,pnl,1/s,-2.518500164955307,3.5814520222419555,910.3811935456312,-4207.7906881552435,6378.245209304267,0.8583333333333333,10.90672182321082,6190.976211090254
0,1478,1478,1.0,31949.120000000003,-475.2568246600002,-0.3215540085656293,-0.014875427700669068,22,0.02,tous,markout,1/s,-0.7050966729467011,0.060712543093507425,-553.6972714485439,-1194.6460643848545,108.51706639543674,0.8583333333333333,7.016782983049022,2566.876000375144
25,1478,1455,0.9844384303112313,54334.57,-1174.4041430500001,-0.794590083254398,-0.021614308221266868,22,0.02,tous,markout,1/s,-1.2622015475560093,-0.32064255674904263,-1368.237836563107,-2196.847017278155,-541.6379429373787,0.8583333333333333,7.2567872887010605,4506.901314477965
50,1478,1443,0.976319350473613,56535.81,-1089.8835326800001,-0.7374042846278756,-0.019277755685821078,22,0.02,tous,markout,1/s,-1.2643242575681932,-0.19926599633455747,-1269.767222539806,-2181.6522219177664,-332.647410190194,0.8583333333333333,7.373558655050792,4827.646354115343
100,1478,1416,0.9580514208389715,57820.27,-1047.0008468800002,-0.7083902888227336,-0.01810785122380093,22,0.02,tous,markout,1/s,-1.255131581693477,-0.12979131251310985,-1219.8068118990293,-2187.245781632913,-228.17235729087417,0.8583333333333333,7.558918100812202,5006.814182843678
150,1478,1396,0.9445196211096076,57717.78,-1135.06732372,-0.7679751851962112,-0.019665817426103363,22,0.02,tous,markout,1/s,-1.334168834478819,-0.18738496263844698,-1322.4085324893206,-2329.9727892198057,-325.54023834728156,0.8583333333333333,7.7002433617131505,5118.884498399256
200,1478,1379,0.9330175913396481,58145.97,-1106.38306927,-0.7485677058660353,-0.01902768273140856,22,0.02,tous,markout,1/s,-1.3045364891606739,-0.15763256911663023,-1288.9899836155341,-2271.835521039029,-288.08037134475774,0.8583333333333333,7.79101002462448,5225.762144863543
300,1478,1357,0.9181326116373477,57048.979999999996,-1193.7577708600002,-0.8076845540324764,-0.02092513785277143,22,0.02,tous,markout,1/s,-1.4081572615959939,-0.19605928409042755,-1390.7857524582528,-2434.5035903886405,-350.64747215184553,0.8583333333333333,7.964075180987523,5258.676384610913
500,1478,1313,0.8883626522327469,55875.97,-1193.2626187,-0.8073495390392422,-0.02135555979967775,22,0.02,tous,markout,1/s,-1.4589868415756653,-0.17605434382226282,-1390.20887615534,-2517.49308562602,-292.26126390582544,0.8583333333333333,8.286339144633487,5264.822329329796
750,1478,1290,0.8728010825439784,54710.04,-1160.0637922,-0.7848875454668471,-0.02120385567621592,22,0.02,tous,markout,1/s,-1.4109659137225194,-0.15559261638047212,-1351.5306316893207,-2424.446280716505,-280.6251572985452,0.8583333333333333,8.493548824030524,5291.661151515906
1000,1478,1277,0.8640054127198917,54176.380000000005,-1191.9382431000001,-0.8064534797699595,-0.022001068419484654,22,0.02,tous,markout,1/s,-1.3504602308758598,-0.24605525465556582,-1388.6659142912624,-2348.214311284369,-438.7514873155341,0.8583333333333333,8.689006858523792,5454.492256388126
2000,1478,1222,0.8267929634641408,51373.21,-1245.61024413,-0.8427674182205683,-0.024246299659491787,22,0.02,tous,markout,1/s,-1.3438344753929807,-0.33340606518240007,-1451.1964009281553,-2306.699932095437,-579.893845170583,0.8583333333333333,9.374638745810273,5540.84219550268
5000,1478,1126,0.7618403247631935,48497.98,-1113.6328755399998,-0.7534728521921514,-0.022962458963033092,22,0.02,tous,markout,1/s,-1.281761957244983,-0.2030540978042602,-1297.436359852427,-2206.090711257669,-367.76211515970874,0.8583333333333333,10.90672182321082,6190.976211090254
0,4391,4391,1.0,92270.72,-3936.9500216900005,-0.896595313525393,-0.04266738161022262,22,0.02,tous,pnl,chaque niveau,-2.9142553850416566,1.0987499843364046,-4586.737889347573,-14620.083902264856,5629.014780469793,0.8583333333333333,8.743352322996875,9388.381860219895
25,4391,4302,0.9797312685037577,147466.69,-4952.823210210001,-1.1279488066977912,-0.033586047196217675,22,0.02,tous,pnl,chaque niveau,-3.956144186865801,1.943447691444033,-5770.279468205827,-20329.929918247602,10031.260191778234,0.8583333333333333,8.996660786783819,15040.019234802876
50,4391,4281,0.9749487588248691,157108.71,-5504.604153599999,-1.253610602049647,-0.03503691268039818,22,0.02,tous,pnl,chaque niveau,-4.25072207040418,2.1276181235426983,-6413.131052737864,-22095.144997105064,10385.712102137188,0.8583333333333333,9.112855065638085,16299.611942419222
100,4391,4218,0.9606012297882032,164631.66,-5155.98690255,-1.1742170126508769,-0.031318319347262855,22,0.02,tous,pnl,chaque niveau,-4.509587539803235,2.431359635205723,-6006.975032097088,-23175.529707281956,12454.78631754726,0.8583333333333333,9.307531278260583,17508.71249512131
150,4391,4172,0.9501252562058756,164371.95,-5518.597694310001,-1.2567974708061949,-0.033573840879237614,22,0.02,tous,pnl,chaque niveau,-4.647173805009455,2.3486883042863824,-6429.434206963108,-23422.860500915835,12242.27395494552,0.8583333333333333,9.463401622260868,17733.95262747072
200,4391,4129,0.9403324982919609,165749.94999999998,-4584.267099710001,-1.0440143702368483,-0.027657728401788366,22,0.02,tous,pnl,chaque niveau,-4.468115272957661,2.5870008627364305,-5340.893708400002,-22472.461199023688,13101.396141687934,0.8583333333333333,9.579459925047301,18065.178331846077
300,4391,4075,0.928034616260533,166329.64,-3672.912102260003,-0.8364636989888414,-0.022082126205888515,22,0.02,tous,pnl,chaque niveau,-4.312381673861502,2.8378896146581094,-4279.120895836897,-21879.783626062443,14425.484729493757,0.8583333333333333,9.782942825577672,18757.158711891807
500,4391,3986,0.9077658847642905,162428.83000000002,-3415.862348170001,-0.7779235591368711,-0.021029901823278543,22,0.02,tous,pnl,chaque niveau,-4.181619708500174,2.7831919559578098,-3979.645454178642,-21163.826765505743,14169.75182636941,0.8583333333333333,10.07976905083888,18503.117444999334
750,4391,3918,0.892279662946937,160348.06,-3949.60861298,-0.8994781628285129,-0.02463147114458385,22,0.02,tous,pnl,chaque niveau,-4.085635361471362,2.5130559064787676,-4601.485762695146,-21063.63182408972,12964.439409566467,0.8583333333333333,10.329762179996822,18693.25823402178
1000,4391,3895,0.8870416761557731,160254.27000000002,-3291.583562690002,-0.7496204879731273,-0.02053975574373152,22,0.02,tous,pnl,chaque niveau,-3.9486696913775967,2.607273375503113,-3834.854636143692,-19842.7978929338,13507.790930319894,0.8583333333333333,10.44844970120481,19110.763194724117
2000,4391,3768,0.8581188795263038,153347.01,-3905.9704376,-0.8895400677749943,-0.02547144830277421,22,0.02,tous,pnl,chaque niveau,-3.9488206676315754,2.341980374106358,-4550.6451700194175,-19911.929690571546,11989.518299090354,0.8583333333333333,11.168877627614798,19788.930265568466
5000,4391,3467,0.7895695741289,144584.52000000002,-1996.8530715600004,-0.4547604353359145,-0.013810974173168747,22,0.02,tous,pnl,chaque niveau,-3.43316241275231,2.5732233662673796,-2326.430762982525,-17147.925946429517,13478.096420434338,0.8583333333333333,12.915739925611206,22195.218550312926
0,4391,4391,1.0,92270.72,-2208.1133716900003,-0.502872551056707,-0.023930813281721443,22,0.02,tous,markout,chaque niveau,-1.086378922490192,-0.005072103572277287,-2572.5592679883503,-5291.301003354174,-28.968111226022287,0.8583333333333333,8.743352322996875,9388.381860219895
25,4391,4302,0.9797312685037577,147466.69,-3851.4564102100003,-0.8771251218879527,-0.02611746700363316,22,0.02,tous,markout,chaque niveau,-1.6233864080778062,-0.20591264835460538,-4487.133681798059,-7931.929818794566,-1126.4790517986448,0.8583333333333333,8.996660786783819,15040.019234802876
50,4391,4281,0.9749487588248691,157108.71,-3813.399603600001,-0.8684581196993852,-0.024272362770975595,22,0.02,tous,markout,chaque niveau,-1.6773011503248039,-0.14566518582195917,-4442.795654679613,-8185.86513021175,-809.2834764017483,0.8583333333333333,9.112855065638085,16299.611942419222
100,4391,4218,0.9606012297882032,164631.66,-3982.410352550001,-0.9069483836369849,-0.024189820794797312,22,0.02,tous,markout,chaque niveau,-1.7993339596105098,-0.11387541460663299,-4639.701381611651,-8826.353612801653,-646.7498903236908,0.8583333333333333,9.307531278260583,17508.71249512131
150,4391,4172,0.9501252562058756,164371.95,-3882.040694310001,-0.8840903425893877,-0.023617415832263355,22,0.02,tous,markout,chaque niveau,-1.7777559355838275,-0.07454066510917454,-4522.765857448545,-8624.565440607668,-386.0223409479617,0.8583333333333333,9.463401622260868,17733.95262747072
200,4391,4129,0.9403324982919609,165749.94999999998,-3666.78799971,-0.8350690047164655,-0.022122407878313086,22,0.02,tous,markout,chaque niveau,-1.7366944439062093,0.003514691945746787,-4271.986019079612,-8373.442666979421,18.69386838058334,0.8583333333333333,9.579459925047301,18065.178331846077
300,4391,4075,0.928034616260533,166329.64,-3571.04325226,-0.8132642341744477,-0.02146967463081144,22,0.02,tous,markout,chaque niveau,-1.7766814444576944,0.08488811472276062,-4160.438740497088,-8585.806506549612,456.8646304060208,0.8583333333333333,9.782942825577672,18757.158711891807
500,4391,3986,0.9077658847642905,162428.83000000002,-3203.0914981700002,-0.7294674329697108,-0.019719969036100304,22,0.02,tous,markout,chaque niveau,-1.7084472956567125,0.17323422370108565,-3731.7570852466024,-8202.784573900197,970.0934586996121,0.8583333333333333,10.07976905083888,18503.117444999334
750,4391,3918,0.892279662946937,160348.06,-2878.4397129800004,-0.655531704163061,-0.01795119761960326,22,0.02,tous,markout,chaque niveau,-1.6361780487278494,0.233122295147105,-3353.5219957048553,-7803.727115216217,1374.5330207653387,0.8583333333333333,10.329762179996822,18693.25823402178
1000,4391,3895,0.8870416761557731,160254.27000000002,-3009.5379126899993,-0.6853878188772488,-0.018779767382734944,22,0.02,tous,markout,chaque niveau,-1.6228008737696673,0.17750926222054256,-3506.257762357281,-7736.001638352816,1064.5960819153458,0.8583333333333333,10.44844970120481,19110.763194724117
2000,4391,3768,0.8581188795263038,153347.01,-4385.038837600001,-0.9986424134821228,-0.028595528778813495,22,0.02,tous,markout,chaque niveau,-1.9213782351588022,-0.18592261538510743,-5108.783111766992,-9376.561611043688,-1087.0086641737905,0.8583333333333333,11.168877627614798,19788.930265568466
5000,4391,3467,0.7895695741289,144584.52000000002,-3961.6658715599997,-0.9022240654884991,-0.02740034598143701,22,0.02,tous,markout,chaque niveau,-1.8063177643519295,-0.08836247905565185,-4615.53305424466,-8767.56818464311,-495.27161264097043,0.8583333333333333,12.915739925611206,22195.218550312926
0,358,358,1.0,7899.9800000000005,-418.2099507199999,-1.168184219888268,-0.052938102466082174,22,0.0,carnet,pnl,1/s,-2.631365129081183,0.2436931614678246,-487.23489404271834,-1141.309965829514,92.85639042873653,0.8583333333333333,1.3929801518930494,140.86852189142823
25,358,346,0.9664804469273743,12118.539999999999,-387.30586236999994,-1.0818599507541897,-0.031959779178844974,22,0.0,carnet,pnl,1/s,-3.3224347383859234,1.1867311082344265,-451.23013091650483,-1427.6466824519418,474.39301105601857,0.8583333333333333,1.6763286451568586,212.51472980391264
50,358,344,0.9608938547486033,13106.619999999999,-549.89791149,-1.536027685726257,-0.0419557377485576,22,0.0,carnet,pnl,1/s,-3.8934299993428314,0.92232338173502,-640.6577609592233,-1687.5341644316513,387.28506962737833,0.8583333333333333,1.8091009200649184,248.127286038836
100,358,330,0.9217877094972067,13489.460000000001,-490.15669084,-1.3691527677094972,-0.03633627223328435,22,0.0,carnet,pnl,1/s,-3.625450062859319,0.9905778104950917,-571.0563388427184,-1542.8991183192238,390.8147528062123,0.8583333333333333,2.061896663855126,300.2192699235738
150,358,327,0.9134078212290503,13515.11,-568.4355569300001,-1.5878088182402237,-0.042059262331568155,22,0.0,carnet,pnl,1/s,-4.115128227095992,0.9971465902317805,-662.2550177825244,-1769.10215328699,402.0469201628156,0.8583333333333333,2.2107838499840624,315.22247546362723
200,358,319,0.8910614525139665,13802.380000000001,-541.3613189899997,-1.5121824552793288,-0.03922231665770684,22,0.0,carnet,pnl,1/s,-4.07799462841983,1.2045844790713656,-630.7122162990289,-1768.592240516505,473.78797394941734,0.8583333333333333,2.383019910551377,357.2831664647683
300,358,317,0.8854748603351955,13368.080000000002,-638.3333141899999,-1.7830539502513965,-0.04775056060331774,22,0.0,carnet,pnl,1/s,-4.207803984050637,0.7279051641179842,-743.6892980854368,-1831.6888331059224,289.46538081873723,0.8583333333333333,2.467704933664882,349.28907970027666
500,358,305,0.8519553072625698,13016.16,-475.41606512,-1.3279778355307261,-0.03652506308465784,22,0.0,carnet,pnl,1/s,-3.788860447900088,1.1693698366205938,-553.8827943145632,-1654.4937481706795,488.3281403813593,0.8583333333333333,2.8502902942730786,444.2782722970661
750,358,292,0.8156424581005587,12442.45,-493.5886644499999,-1.378739286173184,-0.03966973260491301,22,0.0,carnet,pnl,1/s,-3.6036603835541565,0.9211012814898848,-575.054754699029,-1610.360137489806,372.41763063757116,0.8583333333333333,3.241503094227962,460.67595745450996
1000,358,291,0.8128491620111732,11703.85,-268.00835717999996,-0.7486266960335195,-0.022899162000538282,22,0.0,carnet,pnl,1/s,-2.8165156704777217,1.4160971024350644,-312.24274622912617,-1204.8811719090295,555.4712301748538,0.8583333333333333,3.3302476871100417,404.30213516620864
2000,358,254,0.7094972067039106,11090.57,-314.32026344,-0.8779895626815643,-0.028341218119537593,22,0.0,carnet,pnl,1/s,-2.5085664491883124,0.8739563360837944,-366.19836517281556,-1052.851705942136,356.36894722077636,0.8583333333333333,4.319276577423166,565.5152944007076
5000,358,244,0.6815642458100558,10010.01,-207.20825671000006,-0.5787940131564248,-0.02070010486602911,22,0.0,carnet,pnl,1/s,-2.5054346594696244,1.6230044776170136,-241.40767772038842,-1064.2434392079613,664.2339455006797,0.8583333333333333,5.548942882016536,643.533658281226
0,358,358,1.0,7899.9800000000005,-202.33505072000003,-0.5651817059217877,-0.025612096577459692,22,0.0,carnet,markout,1/s,-0.7660659044318251,-0.37789703939634667,-235.7301561786408,-324.0295412918447,-151.03637438475752,0.8583333333333333,1.3929801518930494,140.86852189142823
25,358,346,0.9664804469273743,12118.539999999999,-251.49776237,-0.7025077161173184,-0.020753140425331766,22,0.0,carnet,markout,1/s,-0.9225030084500496,-0.46041063947778094,-293.0071017902913,-405.48882349776704,-182.15241957524276,0.8583333333333333,1.6763286451568586,212.51472980391264
50,358,344,0.9608938547486033,13106.619999999999,-250.39691149000004,-0.699432713659218,-0.01910461366011985,22,0.0,carnet,markout,1/s,-0.9557534933626606,-0.44930628381963944,-291.7245570757282,-417.0333814724272,-176.2560072034953,0.8583333333333333,1.8091009200649184,248.127286038836
100,358,330,0.9217877094972067,13489.460000000001,-286.27824084,-0.7996598906145252,-0.0212223647825784,22,0.0,carnet,markout,1/s,-1.0970172789927397,-0.47180305100183656,-333.52804758058255,-489.5565964674757,-186.47351337524282,0.8583333333333333,2.061896663855126,300.2192699235738
150,358,327,0.9134078212290503,13515.11,-313.79005693,-0.8765085389106145,-0.023217721271229015,22,0.0,carnet,markout,1/s,-1.128041542471221,-0.6016803790578925,-365.58064885048543,-505.23573207582524,-233.1530351388351,0.8583333333333333,2.2107838499840624,315.22247546362723
200,358,319,0.8910614525139665,13802.380000000001,-326.9424189900001,-0.9132469804189947,-0.023687394419658062,22,0.0,carnet,markout,1/s,-1.1667244822907696,-0.6809690888089712,-380.9037891145632,-523.2368200316505,-260.58214837456313,0.8583333333333333,2.383019910551377,357.2831664647683
300,358,317,0.8854748603351955,13368.080000000002,-340.79146419000006,-0.9519314642178772,-0.025492925251045774,22,0.0,carnet,markout,1/s,-1.1859692438501725,-0.7140125812221949,-397.0385990563108,-539.1851977211651,-273.4394035651457,0.8583333333333333,2.467704933664882,349.28907970027666
500,358,305,0.8519553072625698,13016.16,-276.88006512000004,-0.7734080031284918,-0.02127202378581702,22,0.0,carnet,markout,1/s,-1.0153573325868228,-0.5180400369082239,-322.57871664466023,-455.0346011000972,-202.44074960504864,0.8583333333333333,2.8502902942730786,444.2782722970661
750,358,292,0.8156424581005587,12442.45,-201.18446445000004,-0.5619677777932962,-0.016169200153506747,22,0.0,carnet,markout,1/s,-0.8541926670057644,-0.2613850627248223,-234.3896673203884,-378.19516548058266,-106.79488419902917,0.8583333333333333,3.241503094227962,460.67595745450996
1000,358,291,0.8128491620111732,11703.85,-193.87550718000006,-0.5415516960335197,-0.016565105258526044,22,0.0,carnet,markout,1/s,-0.8849599712966493,-0.18284645528955618,-225.87437729708745,-397.5266173543691,-71.90137414951475,0.8583333333333333,3.3302476871100417,404.30213516620864
2000,358,254,0.7094972067039106,11090.57,-93.87791344000009,-0.26222880849162034,-0.008464660828072866,22,0.0,carnet,markout,1/s,-0.6982803410115258,0.15892503042044517,-109.37232633786418,-303.8947212553399,65.61864627320335,0.8583333333333333,4.319276577423166,565.5152944007076
5000,358,244,0.6815642458100558,10010.01,-168.22290671000005,-0.4698963874581007,-0.01680546839713447,22,0.0,carnet,markout,1/s,-0.9188481354255003,-0.023772211007891928,-195.98785247766997,-372.7854545685438,-9.328676320777053,0.8583333333333333,5.548942882016536,643.533658281226
0,1083,1083,1.0,22879.74,-1321.6000281699999,-1.220313968762696,-0.05776289538998257,22,0.0,carnet,pnl,chaque niveau,-2.6647169477149215,0.07381790522196217,-1539.7281881592232,-3259.5519916200005,92.5398711099028,0.8583333333333333,3.258383476514749,855.900044573965
25,1083,1054,0.9732225300092336,35297.53,-2018.5745540000003,-1.8638730877192984,-0.0571874166266025,22,0.0,carnet,pnl,chaque niveau,-4.097069845105497,0.17385345806314292,-2351.7373444660197,-5064.655877968546,215.2832155025236,0.8583333333333333,3.6383239804784666,1332.038625170847
50,1083,1048,0.9676823638042474,38047.05,-2389.61133618,-2.2064739946260388,-0.06280674418069206,22,0.0,carnet,pnl,chaque niveau,-4.4184638664777385,-0.12022631706567583,-2784.0132072,-5581.076770826796,-141.85369255427412,0.8583333333333333,3.7930464799767964,1510.5513095517013
100,1083,1031,0.9519852262234534,40139.8,-2144.7940498099997,-1.9804192519021235,-0.05343310255183134,22,0.0,carnet,pnl,chaque niveau,-4.432307165196348,0.22925611861030487,-2498.78918424466,-5469.107877397863,316.85625662621374,0.8583333333333333,4.035472483419968,1829.0636506336086
150,1083,1015,0.9372114496768237,40598.01,-2535.7243177600003,-2.3413890284025856,-0.062459325414225976,22,0.0,carnet,pnl,chaque niveau,-4.857571966049976,-0.00391405691571783,-2954.241923603884,-6076.928528563397,-4.294523668835801,0.8583333333333333,4.14828207388578,1924.2848603357718
200,1083,999,0.9224376731301939,40683.8,-2348.8043561,-2.1687944192982456,-0.05773316052335327,22,0.0,carnet,pnl,chaque niveau,-4.613823454579317,0.05894452880913797,-2736.471094485437,-5770.70228006534,75.19134777640711,0.8583333333333333,4.283951208249321,1946.970944371665
300,1083,991,0.9150507848568791,40516.11,-2309.64418992,-2.1326354477562326,-0.05700557605160021,22,0.0,carnet,pnl,chaque niveau,-4.630666210404506,0.19600032277838214,-2690.8475999067964,-5688.38638817068,246.60676475679614,0.8583333333333333,4.39930004899686,2063.2525852860945
500,1083,967,0.8928901200369345,39136.42,-1924.15505613,-1.7766898025207756,-0.04916533132386662,22,0.0,carnet,pnl,chaque niveau,-4.05789380063856,0.3562554204296892,-2241.7340459766992,-5063.1958778248545,477.3092324356321,0.8583333333333333,4.711009591667486,2204.5493722744864
750,1083,935,0.863342566943675,38515.17,-2628.99239966,-2.4275091409602956,-0.06825862120457991,22,0.0,carnet,pnl,chaque niveau,-4.6489159377137685,-0.39649303192213214,-3062.903766594175,-5777.946755664175,-490.8959264295186,0.8583333333333333,4.962247267052679,2204.8815940529867
1000,1083,926,0.8550323176361958,37327.759999999995,-1789.20008543,-1.652077641209603,-0.04793215787472916,22,0.0,carnet,pnl,chaque niveau,-4.026864087269176,0.5288948149573158,-2084.5049538990293,-4844.841738484078,673.2363950548522,0.8583333333333333,5.014745286241324,2189.605775731926
2000,1083,836,0.7719298245614035,35045.36,-2244.38064001,-2.0723736288180983,-0.06404216250054216,22,0.0,carnet,pnl,chaque niveau,-4.129126161494397,-0.2325192403489153,-2614.812396128156,-4893.910336591162,-290.04289462543653,0.8583333333333333,6.224799042740538,2446.6156126485403
5000,1083,818,0.7553093259464451,33107.51,-1183.4708721700003,-1.0927708884302865,-0.03574629660068064,22,0.0,carnet,pnl,chaque niveau,-3.033923868712915,0.9590670747180163,-1378.8010161203888,-3676.6131408579613,1170.0051084908735,0.8583333333333333,7.745412556519379,2922.225897182649
0,1083,1083,1.0,22879.74,-773.0294281700002,-0.7137852522345339,-0.03378663517024232,22,0.0,carnet,markout,chaque niveau,-1.0408555398552464,-0.42557849850525914,-900.6168095184469,-1377.4380368533982,-459.28072927252515,0.8583333333333333,3.258383476514749,855.900044573965
25,1083,1054,0.9732225300092336,35297.53,-1151.205254,-1.0629780738688828,-0.032614328934630836,22,0.0,carnet,markout,chaque niveau,-1.456661530840058,-0.6696494687410073,-1341.2100046601943,-1980.9219895165058,-732.9183213168934,0.8583333333333333,3.6383239804784666,1332.038625170847
50,1083,1048,0.9676823638042474,38047.05,-1122.3669861800001,-1.036349941071099,-0.02949944834566675,22,0.0,carnet,markout,chaque niveau,-1.5045507352511296,-0.5956567503664943,-1307.612022733981,-1983.4576731838845,-675.9693763255344,0.8583333333333333,3.7930464799767964,1510.5513095517013
100,1083,1031,0.9519852262234534,40139.8,-1256.9011498100003,-1.160573545530933,-0.0313130894974564,22,0.0,carnet,markout,chaque niveau,-1.6824129120478315,-0.7078440035974376,-1464.3508541475733,-2206.9445701735926,-782.0925974528159,0.8583333333333333,4.035472483419968,1829.0636506336086
150,1083,1015,0.9372114496768237,40598.01,-1314.9834677600002,-1.2142044946999078,-0.032390342969027305,22,0.0,carnet,markout,chaque niveau,-1.752649763496925,-0.7547962644267602,-1532.0195740893207,-2301.4533687888356,-833.0152569212628,0.8583333333333333,4.14828207388578,1924.2848603357718
200,1083,999,0.9224376731301939,40683.8,-1312.7435561000002,-1.2121362475530935,-0.03226698479738865,22,0.0,carnet,markout,chaque niveau,-1.7736603184510487,-0.7254905102462985,-1529.409968271845,-2315.037342747962,-834.0114153530114,0.8583333333333333,4.283951208249321,1946.970944371665
300,1083,991,0.9150507848568791,40516.11,-1281.63253992,-1.1834095474792243,-0.031632665128019447,22,0.0,carnet,markout,chaque niveau,-1.8041737198016132,-0.6208920822938683,-1493.1641241786408,-2343.569136861554,-741.6538905897089,0.8583333333333333,4.39930004899686,2063.2525852860945
500,1083,967,0.8928901200369345,39136.42,-980.0108561300002,-0.9049038376084951,-0.025040891735370795,22,0.0,carnet,markout,chaque niveau,-1.6791757964237781,-0.19366557690833955,-1141.760220733981,-2088.183667294369,-233.2771654278653,0.8583333333333333,4.711009591667486,2204.5493722744864
750,1083,935,0.863342566943675,38515.17,-880.3592496600004,-0.8128894272022165,-0.022857467581215412,22,0.0,carnet,markout,chaque niveau,-1.6260950768762832,-0.09624833100995782,-1025.6612617398064,-2015.3133203312627,-104.4672034765054,0.8583333333333333,4.962247267052679,2204.8815940529867
1000,1083,926,0.8550323176361958,37327.759999999995,-735.8994854300005,-0.6795009099076643,-0.01971453645838916,22,0.0,carnet,markout,chaque niveau,-1.562908343178109,0.16923489676976392,-857.3586238019424,-1928.5205976943694,211.54181664116456,0.8583333333333333,5.014745286241324,2189.605775731926
2000,1083,836,0.7719298245614035,35045.36,-697.0751400100004,-0.6436520221698988,-0.01989065428376254,22,0.0,carnet,markout,chaque niveau,-1.5867653635551406,0.09655917989268661,-812.1263767106801,-1934.593203370777,128.1774674126207,0.8583333333333333,6.224799042740538,2446.6156126485403
5000,1083,818,0.7553093259464451,33107.51,-569.8981721700003,-0.5262217656232689,-0.017213561882787328,22,0.0,carnet,markout,chaque niveau,-1.4793672018112893,0.26658463746445327,-663.9590355378645,-1646.7776729388352,377.63158460825224,0.8583333333333333,7.745412556519379,2922.225897182649
0,1462,1462,1.0,31333.54,-933.92701261,-0.6388009662175103,-0.029805984660845854,22,0.0,persistante,pnl,1/s,-2.7935194471297575,1.4867315516260506,-1088.0703059533982,-4739.785963455436,2462.4328679429127,0.8583333333333333,6.67438477930263,2354.589125711196
25,1462,1442,0.9863201094391245,53498.490000000005,-1158.6979440700002,-0.792543053399453,-0.021658516793090797,22,0.0,persistante,pnl,1/s,-4.436938016510219,2.7742288697423403,-1349.9393523145634,-7437.524554423397,4717.746505047376,0.8583333333333333,6.896212758880528,4242.025544483649
50,1462,1433,0.9801641586867305,55888.59,-706.8750931700002,-0.48349869573871423,-0.012647932130153942,22,0.0,persistante,pnl,1/s,-4.157814003465545,3.1857122715839563,-823.5437978679615,-7186.204731867088,5361.698747712521,0.8583333333333333,6.9887706564837515,4552.780167551919
100,1462,1430,0.9781121751025992,58123.14,-478.5987877500006,-0.3273589519493848,-0.008234221133785968,22,0.0,persistante,pnl,1/s,-4.079457054487132,3.5253650415858506,-557.5908206796124,-7205.5728911697115,6026.725177726016,0.8583333333333333,7.058795743100756,4739.911021055084
150,1462,1421,0.9719562243502052,58973.81,-878.3740891100003,-0.600803070526676,-0.014894307983662584,22,0.0,persistante,pnl,1/s,-4.39455793162098,3.25915207010776,-1023.3484533320393,-7677.422148402524,5539.083367257087,0.8583333333333333,7.156177983374177,4880.832532629076
200,1462,1408,0.9630642954856361,59459.04,-289.3425229100005,-0.19790870240082115,-0.004866249487210028,22,0.0,persistante,pnl,1/s,-4.0942364271808955,3.700712269791339,-337.09808494368997,-7036.156496290198,6355.352912577958,0.8583333333333333,7.248113401044641,4979.326946609541
300,1462,1403,0.9596443228454172,58824.86,-477.07855353000036,-0.3263191200615598,-0.008110151958372707,22,0.0,persistante,pnl,1/s,-4.117100925178311,3.5180098828312376,-555.8196740155345,-7156.31089386641,6006.59019129349,0.8583333333333333,7.373630655847342,5045.567035352654
500,1462,1388,0.9493844049247606,58614.29,-70.7377505400002,-0.04838423429548578,-0.0012068345541675965,22,0.0,persistante,pnl,1/s,-4.021947741315073,3.877342333615371,-82.41291325048569,-6790.477412517672,6572.544356556411,0.8583333333333333,7.565175839666613,5081.100100912572
750,1462,1376,0.9411764705882353,58127.21,-584.3784016100001,-0.399711629008208,-0.010053439716270575,22,0.0,persistante,pnl,1/s,-4.341248269336998,3.4883420918498302,-680.8292057592234,-7337.682232349126,5986.69951486718,0.8583333333333333,7.7186401092323775,5119.0011477064445
1000,1462,1363,0.9322845417236663,57667.72,-542.6166940000004,-0.3711468495212041,-0.009409366175739224,22,0.0,persistante,pnl,1/s,-4.165625235683642,3.521143284502678,-632.1747891262141,-7162.67286129874,5982.364130159126,0.8583333333333333,7.897310593987796,5297.214982784379
2000,1462,1317,0.9008207934336525,55486.47,-490.4523541800004,-0.33546672652530807,-0.008839134192173342,22,0.0,persistante,pnl,1/s,-4.10026795321269,3.4473211085176496,-571.4008009864083,-7005.884572875437,5892.828398127083,0.8583333333333333,8.465488974900978,5377.315344300703
5000,1462,1212,0.8290013679890561,51865.21,-654.7364647100001,-0.4478361591723667,-0.01262380822732618,22,0.0,persistante,pnl,1/s,-3.9573703480058335,2.9746552178444734,-762.7997647106797,-6709.379539092527,5247.209184883105,0.8583333333333333,9.846456941282664,6024.069429372852
0,1462,1462,1.0,31333.54,-610.6813126100001,-0.41770267620383045,-0.019489700576762154,22,0.0,persistante,markout,1/s,-0.8220624425400875,-0.0024252187557043574,-711.4733739145632,-1392.4240973178642,-4.2292079397098785,0.8583333333333333,6.67438477930263,2354.589125711196
25,1462,1442,0.9863201094391245,53498.490000000005,-1268.56369407,-0.8676906252188783,-0.023712140175732064,22,0.0,persistante,markout,1/s,-1.388669142771033,-0.34510393934650985,-1477.9382843533983,-2368.940420978446,-598.5130022076698,0.8583333333333333,6.896212758880528,4242.025544483649
50,1462,1433,0.9801641586867305,55888.59,-1147.24039317,-0.7847061512790698,-0.020527273870570007,22,0.0,persistante,markout,1/s,-1.3933140613547017,-0.17091908095845082,-1336.590749324272,-2384.1211485014555,-293.64829584000086,0.8583333333333333,6.9887706564837515,4552.780167551919
100,1462,1430,0.9781121751025992,58123.14,-1078.56503775,-0.7377325839603284,-0.018556551448356027,22,0.0,persistante,markout,1/s,-1.3632403726018765,-0.08108162105848099,-1256.5806265048545,-2333.137216469126,-144.1386067194179,0.8583333333333333,7.058795743100756,4739.911021055084
150,1462,1421,0.9719562243502052,58973.81,-1111.60018911,-0.7603284467236662,-0.01884904823191854,22,0.0,persistante,markout,1/s,-1.4182398487683152,-0.08194132100437068,-1295.0681814873788,-2438.5536948885438,-146.90591651592393,0.8583333333333333,7.156177983374177,4880.832532629076
200,1462,1408,0.9630642954856361,59459.04,-1006.76632291,-0.6886226558891929,-0.016932098515381345,22,0.0,persistante,markout,1/s,-1.3299480189245751,-0.023021837720562096,-1172.9316383417477,-2260.499492790873,-42.6096587653399,0.8583333333333333,7.248113401044641,4979.326946609541
300,1462,1403,0.9596443228454172,58824.86,-1057.1421035299998,-0.7230794141792064,-0.01797100925578063,22,0.0,persistante,markout,1/s,-1.3822176112646558,-0.03628575505085246,-1231.621868190291,-2356.6251657026214,-64.71015022601922,0.8583333333333333,7.373630655847342,5045.567035352654
500,1462,1388,0.9493844049247606,58614.29,-1085.8282505400002,-0.742700581764706,-0.01852497489161773,22,0.0,persistante,markout,1/s,-1.4073111013463941,-0.07443205988208722,-1265.0426219883498,-2404.804319316116,-129.237230780391,0.8583333333333333,7.565175839666613,5081.100100912572
750,1462,1376,0.9411764705882353,58127.21,-1024.30985161,-0.7006223335225717,-0.017621865071624804,22,0.0,persistante,markout,1/s,-1.358757339428606,-0.024381483435926915,-1193.3707009048544,-2307.94134727165,-42.890856233010325,0.8583333333333333,7.7186401092323775,5119.0011477064445
1000,1462,1363,0.9322845417236663,57667.72,-1083.895094,-0.7413783132694938,-0.01879552536497021,22,0.0,persistante,markout,1/s,-1.3549213873990402,-0.08154199185190036,-1262.790400776699,-2336.2774234363105,-138.47260424126202,0.8583333333333333,7.897310593987796,5297.214982784379
2000,1462,1317,0.9008207934336525,55486.47,-1227.6685041800001,-0.8397185391108072,-0.022125547078053445,22,0.0,persistante,markout,1/s,-1.3890814206380855,-0.2535311289251772,-1430.2934029281555,-2370.2052585084466,-431.96972481320415,0.8583333333333333,8.465488974900978,5377.315344300703
5000,1462,1212,0.8290013679890561,51865.21,-1106.24891471,-0.7566682043160055,-0.021329305611796426,22,0.0,persistante,markout,1/s,-1.356689885605041,-0.13451663264627944,-1288.8336870407768,-2289.3245738239807,-246.5634418706809,0.8583333333333333,9.846456941282664,6024.069429372852
0,4229,4229,1.0,87384.13,-4936.841966870001,-1.167378095736581,-0.05649586448786525,22,0.0,persistante,pnl,chaque niveau,-3.2278703096365184,0.9250750932416202,-5751.660543926215,-15976.661495983106,4384.759070894261,0.8583333333333333,8.244812605900053,8457.444953956157
25,4229,4184,0.9893591865689289,143756.84,-5848.949529990001,-1.3830573492527787,-0.04068640859099296,22,0.0,persistante,pnl,chaque niveau,-4.36851445873843,1.90793909268868,-6814.310132027186,-22075.545221638862,9310.857997568151,0.8583333333333333,8.44453298627838,13925.06169615052
50,4229,4168,0.9855757862378813,153267.15,-5862.488095790003,-1.386258712648381,-0.038250127935372996,22,0.0,persistante,pnl,chaque niveau,-4.563141301650386,2.1521376372160734,-6830.08321839612,-22803.78974777886,10532.82399015785,0.8583333333333333,8.548678880014688,15091.392628329675
100,4229,4148,0.9808465358240719,162087.83000000002,-5539.379886940002,-1.3098557311279266,-0.03417517457627757,22,0.0,persistante,pnl,chaque niveau,-4.905471976482277,2.600801529527417,-6453.646470221362,-24242.252533762145,12641.444069340272,0.8583333333333333,8.683695979924504,16195.653591368937
150,4229,4128,0.9761172854102624,162677.89,-5942.3351932900005,-1.4051395585930482,-0.036528228840993694,22,0.0,persistante,pnl,chaque niveau,-5.075716522831942,2.5635361064523656,-6923.108963056312,-24951.40174698088,12447.625558171423,0.8583333333333333,8.817103772121472,16412.518676179046
200,4229,4108,0.9713880349964531,165128.61,-5193.439369360001,-1.2280537643319938,-0.03145087558939667,22,0.0,persistante,pnl,chaque niveau,-4.915626254125836,2.733997817409154,-6050.608974011652,-24447.893167869326,13298.561323122509,0.8583333333333333,8.911235956317064,16830.145795262022
300,4229,4080,0.9647670844171199,166126.68,-4578.8901213300005,-1.0827359000543866,-0.02756264148136832,22,0.0,persistante,pnl,chaque niveau,-4.87967495289614,2.9737665673749802,-5334.629267568933,-23903.645666160013,14410.982654759382,0.8583333333333333,9.099635382562987,17489.574314302088
500,4229,4040,0.9553085835895011,164040.88999999998,-4387.645927420002,-1.0375138158950112,-0.026747269704645,22,0.0,persistante,pnl,chaque niveau,-4.796364920954183,2.997658169055986,-5111.820497965052,-23746.638504651848,14387.722311732221,0.8583333333333333,9.3103579333291,17264.45447313257
750,4229,3995,0.9446677701584298,162824.66999999998,-4453.03589593,-1.0529760926767557,-0.02734865604782126,22,0.0,persistante,pnl,chaque niveau,-4.698281912883989,2.868770344195495,-5188.002985549515,-23440.647040839336,14131.808680357206,0.8583333333333333,9.519419272464821,17533.81083957199
1000,4229,3962,0.9368645069756444,162957.45,-4706.759197190002,-1.1129721440506035,-0.02888336309380149,22,0.0,persistante,pnl,chaque niveau,-4.709878931752357,2.747213502695276,-5483.602948182527,-23429.394141134875,13617.387870849578,0.8583333333333333,9.661161368823716,17963.84958052663
2000,4229,3862,0.9132182549065974,157130.76,-5718.346790899999,-1.352174696358477,-0.036392281122423126,22,0.0,persistante,pnl,chaque niveau,-4.82999186335136,2.400534349378806,-6662.151601048543,-23610.266654893403,11629.8017777723,0.8583333333333333,10.239069799384573,18604.80364200185
5000,4229,3539,0.8368408607235753,148133.78,-5328.532130490002,-1.2599981391558293,-0.0359710805360533,22,0.0,persistante,pnl,chaque niveau,-4.523057446528507,2.1483097640992654,-6207.9985986291285,-21943.458436604888,10588.492020880467,0.8583333333333333,11.778230467242944,20839.414465382488
0,4229,4229,1.0,87384.13,-2184.79211687,-0.5166214511397493,-0.02500216134062329,22,0.0,persistante,markout,chaque niveau,-1.1175646943998132,0.02533640883046498,-2545.388874023301,-5328.465121152815,119.57459506718384,0.8583333333333333,8.244812605900053,8457.444953956157
25,4229,4184,0.9893591865689289,143756.84,-3609.88212999,-0.8536018278529204,-0.025111028664723017,22,0.0,persistante,markout,chaque niveau,-1.6406731610712937,-0.1342194901558193,-4205.687918434952,-7739.757090853108,-703.8794552312668,0.8583333333333333,8.44453298627838,13925.06169615052
50,4229,4168,0.9855757862378813,153267.15,-3576.55889579,-0.8457221318964294,-0.02333545639616839,22,0.0,persistante,markout,chaque niveau,-1.6845123393853225,-0.08124740217265343,-4166.864732959223,-7952.333196180292,-417.7158358709736,0.8583333333333333,8.548678880014688,15091.392628329675
100,4229,4148,0.9808465358240719,162087.83000000002,-3525.17623694,-0.8335720588649799,-0.021748555933779848,22,0.0,persistante,markout,chaque niveau,-1.7798479982896587,0.0025235108663682793,-4107.001441095145,-8324.67110905194,14.776169915825141,0.8583333333333333,8.683695979924504,16195.653591368937
150,4229,4128,0.9761172854102624,162677.89,-3384.40674329,-0.8002853495601797,-0.020804343745114962,22,0.0,persistante,markout,chaque niveau,-1.741766921668111,0.033582365476469145,-3942.9981475223303,-8114.931290944947,190.45776379368814,0.8583333333333333,8.817103772121472,16412.518676179046
200,4229,4108,0.9713880349964531,165128.61,-3038.2719693600006,-0.7184374484180659,-0.018399427993489443,22,0.0,persistante,markout,chaque niveau,-1.6500407221578377,0.15025874975987805,-3539.7343332349524,-7740.4436335913615,786.5683345386369,0.8583333333333333,8.911235956317064,16830.145795262022
300,4229,4080,0.9647670844171199,166126.68,-2945.6555713299995,-0.6965371414826199,-0.017731381686132534,22,0.0,persistante,markout,chaque niveau,-1.655611847756398,0.21979530065513309,-3431.831733588349,-7808.184442344758,1136.6657838672825,0.8583333333333333,9.099635382562987,17489.574314302088
500,4229,4040,0.9553085835895011,164040.88999999998,-2807.58657742,-0.6638889991534642,-0.017115163039044718,22,0.0,persistante,markout,chaque niveau,-1.6277955714906016,0.2175246848524062,-3270.9746533048547,-7575.824471313206,1171.4828180283503,0.8583333333333333,9.3103579333291,17264.45447313257
750,4229,3995,0.9446677701584298,162824.66999999998,-2599.1212959300005,-0.6145947732158904,-0.015962699607682304,22,0.0,persistante,markout,chaque niveau,-1.5553985114353173,0.27298941322577003,-3028.1024806951464,-7305.260073701358,1466.7506448908723,0.8583333333333333,9.519419272464821,17533.81083957199
1000,4229,3962,0.9368645069756444,162957.45,-2764.2904971899998,-0.6536510988862615,-0.016963265546865145,22,0.0,persistante,markout,chaque niveau,-1.5643318698586186,0.23261850673294984,-3220.5326180854368,-7391.27987024505,1175.7493348395133,0.8583333333333333,9.661161368823716,17963.84958052663
2000,4229,3862,0.9132182549065974,157130.76,-4058.0252409,-0.959570877488768,-0.02582578510343869,22,0.0,persistante,markout,chaque niveau,-1.8875438656160017,-0.1586398446285672,-4727.796397165049,-8821.65885803679,-877.3306282587413,0.8583333333333333,10.239069799384573,18604.80364200185
5000,4229,3539,0.8368408607235753,148133.78,-3941.41928049,-0.9319979381626862,-0.026607160638782053,22,0.0,persistante,markout,chaque niveau,-1.8434820772882996,-0.09561725677033756,-4591.9447928038835,-8718.832092175036,-531.2276050462168,0.8583333333333333,11.778230467242944,20839.414465382488
0,80,80,1.0,2803.62,569.7526914300001,7.121908642875002,0.2032203691762793,20,0.0,saut,pnl,1/s,3.3425336109325285,10.455614405863551,663.7895434135925,294.374280622136,1071.1060633564075,0.8583333333333333,2.8033121851838696,90.38330275088285
25,80,76,0.95,2743.6099999999997,497.9971833400001,6.2249647917500015,0.18151165192574753,20,0.0,saut,pnl,1/s,2.6279005510211277,9.512119795329488,580.1908932116506,239.01643313446604,981.5162348956302,0.8583333333333333,2.7741190910769284,88.47710909928477
50,80,71,0.8875,2609.77,418.14551178000005,5.22681889725,0.16022312762427343,20,0.0,saut,pnl,1/s,1.6048682272766541,8.67569625618661,487.1598195495146,139.92222180553398,892.4659495616502,0.8583333333333333,2.863301199051858,87.67233960795951
100,80,64,0.8,2089.74,342.08644837,4.276080604625,0.16369809084862236,20,0.0,saut,pnl,1/s,0.6625261040552097,7.619726792987372,398.54731848932045,59.25737159388354,768.9266048979612,0.8583333333333333,2.7167045377356613,61.01914499989543
150,80,57,0.7125,1683.35,274.84215187000007,3.435526898375001,0.16327094892327804,20,0.0,saut,pnl,1/s,0.4088534030682837,6.426968118806431,320.2044487805826,35.86642007854371,630.9378908219419,0.8583333333333333,2.7197998776777745,46.83139461316624
200,80,52,0.65,1420.5900000000001,261.84519119000004,3.2730648898750005,0.18432143770546042,20,0.0,saut,pnl,1/s,0.35059916914353223,5.91431943891818,305.06235866796123,32.10560973786413,600.5643623868929,0.8583333333333333,2.5891232942168947,40.149850348900536
300,80,43,0.5375,1150.06,246.75084006999998,3.084385500875,0.21455475372589256,20,0.0,saut,pnl,1/s,0.06259275752622578,5.533312930827004,287.4767068776699,5.421350093592265,582.810800437864,0.8583333333333333,1.9773479349601684,21.814891315454876
500,80,25,0.3125,894.51,242.54345666999998,3.031793208375,0.271146724653721,20,0.0,saut,pnl,1/s,1.236317779811667,4.892283260124571,282.57490097475727,106.92943191582528,460.59658944466014,0.8583333333333333,1.617535198834383,15.238097942226501
750,80,19,0.2375,725.86,184.08847468,2.3011059334999997,0.2536142984597581,20,0.0,saut,pnl,1/s,0.5477609492332189,4.043071740649999,214.47200933592234,43.508206224466036,395.7581776333981,0.8583333333333333,1.8906318852542257,14.615003038210768
1000,80,20,0.25,692.97,137.638848,1.7204856,0.19862165461708298,20,0.0,saut,pnl,1/s,0.011355224952764436,3.5406934589469143,160.35593941747572,0.9160827600000059,332.5942485565049,0.8583333333333333,1.7867663777045886,13.614087267314893
2000,80,21,0.2625,774.5,57.170112640000006,0.7146264080000001,0.07381551018721756,20,0.0,saut,pnl,1/s,-1.0446235043537642,2.564060645712995,66.60595647378642,-97.96715378097089,227.68758841514543,0.8583333333333333,2.482466761698565,23.817681434371256
5000,80,20,0.25,675.46,79.36195844000002,0.9920244805000002,0.11749320232138101,20,0.0,saut,pnl,1/s,-0.46844849780172415,2.822821135862185,92.4605341048544,-42.359100681553386,260.3419285502913,0.8583333333333333,2.729640287389549,24.293242313525663
0,80,80,1.0,2803.62,235.59839142999996,2.9449798928749997,0.08403363916293934,20,0.0,saut,markout,1/s,2.077669928171245,3.7804888823809186,274.48356283106796,158.90586593650482,397.49367370776685,0.8583333333333333,2.8033121851838696,90.38330275088285
25,80,76,0.95,2743.6099999999997,233.81563333999998,2.92269541675,0.08522189135482083,20,0.0,saut,markout,1/s,2.092059295740824,3.7098227347182053,272.4065631145631,160.6480898140777,390.2107787347573,0.8583333333333333,2.7741190910769284,88.47710909928477
50,80,71,0.8875,2609.77,234.72286178,2.9340357722499997,0.08994005670231477,20,0.0,saut,markout,1/s,2.052274123277991,3.712896050856731,273.46352828737867,159.62954259524267,395.7203555886407,0.8583333333333333,2.863301199051858,87.67233960795951
100,80,64,0.8,2089.74,181.83469836999998,2.2729337296249996,0.08701307261668915,20,0.0,saut,markout,1/s,1.3843380383066948,3.110673515178797,211.84625052815534,107.30300685786408,329.3903940506796,0.8583333333333333,2.7167045377356613,61.01914499989543
150,80,57,0.7125,1683.35,150.13640187,1.8767050233749998,0.0891890586449639,20,0.0,saut,markout,1/s,1.0662479204429718,2.6835125926436008,174.91619635339805,85.69183741427184,276.8703581921359,0.8583333333333333,2.7197998776777745,46.83139461316624
200,80,52,0.65,1420.5900000000001,145.02694118999997,1.8128367648749997,0.10208923136865665,20,0.0,saut,markout,1/s,0.9116729797253517,2.9188967556651635,168.9634266291262,73.96758477262136,294.35265331514563,0.8583333333333333,2.5891232942168947,40.149850348900536
300,80,43,0.5375,1150.06,77.77534006999998,0.9721917508749998,0.06762720211988939,20,0.0,saut,markout,1/s,0.28450683960581064,1.7824718368046104,90.61204668349514,25.762862840097075,176.65294636019416,0.8583333333333333,1.9773479349601684,21.814891315454876
500,80,25,0.3125,894.51,23.228806669999997,0.29036008337499997,0.025968191154933984,20,0.0,saut,markout,1/s,-0.33656431552224786,1.0458377639087326,27.06268738252427,-28.348221294174763,103.46536389902906,0.8583333333333333,1.617535198834383,15.238097942226501
750,80,19,0.2375,725.86,32.83572467999999,0.4104465584999999,0.045236994296420786,20,0.0,saut,markout,1/s,-0.16826339273904764,1.1256032814450425,38.25521321941747,-14.097025690485442,112.11559025592229,0.8583333333333333,1.8906318852542257,14.615003038210768
1000,80,20,0.25,692.97,15.129397999999991,0.1891174749999999,0.021832688283764074,20,0.0,saut,markout,1/s,-0.35031366680877685,0.7937155229266005,17.62648310679611,-32.140196217087386,77.89395060466015,0.8583333333333333,1.7867663777045886,13.614087267314893
2000,80,21,0.2625,774.5,3.568912639999997,0.044611407999999964,0.004608021484828918,20,0.0,saut,markout,1/s,-0.3850502946573153,0.5286544972308279,4.157956473786404,-36.6374182054369,48.26931236621359,0.8583333333333333,2.482466761698565,23.817681434371256
5000,80,20,0.25,675.46,2.0433584400000084,0.025541980500000106,0.003025136114647808,20,0.0,saut,markout,1/s,-0.20451745448185468,0.2726818853749999,2.3806117747572917,-19.331244622135905,24.28522647378639,0.8583333333333333,2.729640287389549,24.293242313525663
0,212,212,1.0,5447.91,708.631764,3.3426026603773584,0.1300740584921557,20,0.0,saut,pnl,chaque niveau,0.6088278965578057,6.052272749738438,825.5904046601942,146.8166472862136,1523.197160082524,0.8583333333333333,3.808927121794825,223.77539927481732
25,212,186,0.8773584905660378,5169.73,611.5086040200001,2.8844745472641513,0.11828637163256112,20,0.0,saut,pnl,chaque niveau,0.3333786833121964,5.218836105153825,712.4372085669904,81.5756610448543,1385.2714677399022,0.8583333333333333,3.5739106664645566,203.47949993549236
50,212,178,0.839622641509434,4942.99,492.58169368999995,2.323498555141509,0.09965257742580907,20,0.0,saut,pnl,chaque niveau,-0.37184950593907273,4.721272342208088,573.8815848815534,-75.60169171864078,1292.066761503495,0.8583333333333333,3.527752704428513,193.91314564236387
100,212,151,0.7122641509433962,4196.639999999999,429.6272709,2.0265437306603773,0.10237410664245683,20,0.0,saut,pnl,chaque niveau,-0.6536474426556029,4.414354987698149,500.53662629126217,-148.47709024514552,1210.1497208149513,0.8583333333333333,3.4425583853026374,137.7644992450951
150,212,134,0.6320754716981132,3828.4400000000005,378.58953339000004,1.785799685801887,0.0988887205728704,20,0.0,saut,pnl,chaque niveau,-0.5674270040995893,3.781519141532706,441.0751845320389,-125.91005847786404,966.8814475660191,0.8583333333333333,3.3588419492024966,130.86652345198834
200,212,118,0.5566037735849056,3219.9300000000003,446.76446805000006,2.1073795662735852,0.1387497455068899,20,0.0,saut,pnl,chaque niveau,0.2210145772000202,3.9051910055761985,520.5022928737865,49.918019523786526,987.9326380395145,0.8583333333333333,3.0123405482062804,101.4099771871356
300,212,98,0.46226415094339623,2933.5599999999995,564.74702934,2.663901081792453,0.19251252039842381,20,0.0,saut,pnl,chaque niveau,0.21587335477148176,5.00684530988508,657.957704085437,41.84706314155345,1343.0270856658249,0.8583333333333333,2.5583576898440006,83.06337114490448
500,212,69,0.32547169811320753,2194.2,563.01384667,2.655725691839623,0.25659185428402154,20,0.0,saut,pnl,chaque niveau,0.5242892039510432,4.890794422879422,655.9384621398059,130.3865896834951,1250.2235915860192,0.8583333333333333,2.5363343255551682,61.56466599899098
750,212,64,0.3018867924528302,2322.65,515.7545849999999,2.4328046462264146,0.2220543710847523,20,0.0,saut,pnl,chaque niveau,0.12595718562682073,4.753659361681336,600.8791281553397,28.859350311844686,1241.8511446823302,0.8583333333333333,2.6124358930836227,64.06977807258909
1000,212,67,0.3160377358490566,2329.72,388.57328328,1.8328928456603772,0.16678969287296327,20,0.0,saut,pnl,chaque niveau,-0.2827638298303131,4.022489827148872,452.70673780194176,-63.472624384077704,1024.4582398974756,0.8583333333333333,2.8276592947795804,77.84089131356653
2000,212,65,0.30660377358490565,2562.77,225.47863635000004,1.0635784733490568,0.08798239262594772,20,0.0,saut,pnl,chaque niveau,-1.5711530704749581,3.816923548878803,262.69355691262143,-375.5752625606795,984.048103583592,0.8583333333333333,4.0225758430339775,123.72958111934017
5000,212,66,0.3113207547169811,2474.8599999999997,272.52349839,1.28548819995283,0.11011673322531376,20,0.0,saut,pnl,chaque niveau,-2.044481132917646,4.514682578992454,317.50310492038835,-472.5590622480582,1169.7390904706783,0.8583333333333333,4.848245076122186,141.36012631546055
0,212,212,1.0,5447.91,319.72206399999993,1.508122943396226,0.058687104596074444,20,0.0,saut,markout,chaque niveau,0.8489783818485995,2.0895832852379623,372.4917250485436,179.71593728009705,583.3668008146601,0.8583333333333333,3.808927121794825,223.77539927481732
25,212,186,0.8773584905660378,5169.73,284.92340401999996,1.3439783208490563,0.05511378815141216,20,0.0,saut,markout,chaque niveau,0.6352477399433873,2.0610993557448865,331.94959691650485,142.55277365330085,538.1908220338835,0.8583333333333333,3.5739106664645566,203.47949993549236
50,212,178,0.839622641509434,4942.99,293.49739368999997,1.3844216683490564,0.059376489470947744,20,0.0,saut,markout,chaque niveau,0.7649147345735283,2.0058263971787147,341.9387110951456,169.2931149474757,526.4845178994174,0.8583333333333333,3.527752704428513,193.91314564236387
100,212,151,0.7122641509433962,4196.639999999999,159.0674209,0.7503180231132076,0.037903518266994556,20,0.0,saut,markout,chaque niveau,0.08998803573501475,1.3604720531297616,185.32126706796117,18.654373843398034,357.97161175893206,0.8583333333333333,3.4425583853026374,137.7644992450951
150,212,134,0.6320754716981132,3828.4400000000005,126.39698339,0.5962121858018868,0.03301527081265476,20,0.0,saut,markout,chaque niveau,-0.10239432088603105,1.2803408241291825,147.25862142524272,-24.92296689844661,319.13265822961137,0.8583333333333333,3.3588419492024966,130.86652345198834
200,212,118,0.5566037735849056,3219.9300000000003,95.90726805,0.4523927738207547,0.029785513365197375,20,0.0,saut,markout,chaque niveau,-0.2537564892065677,1.1804055967536164,111.7366229708738,-60.20820702873785,303.9451947314561,0.8583333333333333,3.0123405482062804,101.4099771871356
300,212,98,0.46226415094339623,2933.5599999999995,-3.5575206600000087,-0.01678075783018872,-0.0012126974256534754,20,0.0,saut,markout,chaque niveau,-0.725982761084363,0.6992037366917849,-4.14468426407768,-179.47913042563098,168.36664310504835,0.8583333333333333,2.5583576898440006,83.06337114490448
500,212,69,0.32547169811320753,2194.2,46.27259667,0.2182669654245283,0.02108859569319114,20,0.0,saut,markout,chaque niveau,-0.37382626606875063,1.0110366476939832,53.9098213631068,-88.6216682207767,260.7073781210678,0.8583333333333333,2.5363343255551682,61.56466599899098
750,212,64,0.3018867924528302,2322.65,16.256985,0.07668389150943396,0.006999326200675952,20,0.0,saut,markout,chaque niveau,-0.6043221387605896,1.0250093259494921,18.940176699029127,-147.56281863145628,259.43708601203787,0.8583333333333333,2.6124358930836227,64.06977807258909
1000,212,67,0.3160377358490566,2329.72,-32.48881672,-0.15324913547169813,-0.013945374002025997,20,0.0,saut,markout,chaque niveau,-0.8361502428053854,0.7143464357582004,-37.85104860582525,-207.94282136621362,178.77900657203872,0.8583333333333333,2.8276592947795804,77.84089131356653
2000,212,65,0.30660377358490565,2562.77,-67.58851365000002,-0.3188137436320756,-0.0263732264893065,20,0.0,saut,markout,chaque niveau,-0.9620327189677301,0.4453666293214263,-78.74389939805829,-251.59158015611655,96.94297859446584,0.8583333333333333,4.0225758430339775,123.72958111934017
5000,212,66,0.3113207547169811,2474.8599999999997,-140.06825161,-0.6606993000471698,-0.05659643438820783,20,0.0,saut,markout,chaque niveau,-1.3041345883296989,-0.029581294893940138,-163.1863125553398,-345.001690664563,-5.774394915436898,0.8583333333333333,4.848245076122186,141.36012631546055
0,334,334,1.0,7605.69,-387.66528413000003,-1.1606745033832335,-0.05097042926151343,22,0.01,carnet,pnl,1/s,-3.285836586648039,0.9573501676510638,-451.6488747145632,-1371.4513655105827,343.36340284514546,0.8583333333333333,2.3038411636417186,212.2808435549611
25,334,326,0.9760479041916168,11436.78,-566.03023966,-1.6947013163473055,-0.04949209827066709,22,0.01,carnet,pnl,1/s,-5.308249049187322,1.8307391875807884,-659.4527064,-2152.801291909806,677.5474649251453,0.8583333333333333,2.6866595797175696,339.7931516631623
50,334,319,0.9550898203592815,12018.83,-555.74669532,-1.6639122614371256,-0.04623966686607598,22,0.01,carnet,pnl,1/s,-5.099473242404701,1.6649303391014307,-647.4718780427185,-2081.3177842529126,623.2201092495138,0.8583333333333333,2.8370922695342307,376.84246285433994
100,334,306,0.9161676646706587,12533.279999999999,-436.0800675400001,-1.3056289447305391,-0.03479377046870413,22,0.01,carnet,pnl,1/s,-4.99840229907053,2.3643997249297803,-508.0544476194176,-2036.435814600582,864.8659987983499,0.8583333333333333,3.1136650343522723,428.08105685957514
150,334,300,0.8982035928143712,12515.900000000001,-614.4673637699999,-1.8397226460179639,-0.0490949403374907,22,0.01,carnet,pnl,1/s,-5.661762819567949,1.9045250468549753,-715.8843073048542,-2386.160356221262,717.559443447087,0.8583333333333333,3.2912803405010402,452.7046406303143
200,334,294,0.8802395209580839,12504.09,-621.3380681499998,-1.8602936172155682,-0.04969078662661575,22,0.01,carnet,pnl,1/s,-5.680633068988124,1.916710054918195,-723.889011436893,-2378.205414291845,715.8649315735909,0.8583333333333333,3.444425904298059,484.11453980763855
300,334,288,0.8622754491017964,12086.16,-671.1497698899998,-2.0094304487724544,-0.055530438939249506,22,0.01,carnet,pnl,1/s,-5.7981813835507285,1.666852138318008,-781.9220620077668,-2408.732660026893,628.3925617057271,0.8583333333333333,3.591400399941141,472.5638946135502
500,334,274,0.8203592814371258,11637.09,-561.2835278999999,-1.6804896044910176,-0.04823229242877729,22,0.01,carnet,pnl,1/s,-5.351384756569739,1.9981793838259974,-653.9225567766989,-2255.4065058396122,746.6540160824268,0.8583333333333333,3.999936446651111,548.5133020905107
750,334,275,0.8233532934131736,11509.39,-667.90500509,-1.9997155841017964,-0.058031312266766534,22,0.01,carnet,pnl,1/s,-5.354427067120025,1.5011262106809584,-778.1417535029127,-2318.8156333185434,546.117943863786,0.8583333333333333,4.205885026602908,556.0953522668419
1000,334,266,0.7964071856287425,10982.61,-550.22492265,-1.6473800079341319,-0.05009965050657358,22,0.01,carnet,pnl,1/s,-5.176277784490415,1.8616004999194422,-641.0387448349516,-2185.792375446699,695.8736284610679,0.8583333333333333,4.3082019517611,502.42268908726663
2000,334,248,0.7425149700598802,10872.199999999999,-361.35971027,-1.0819153002095807,-0.03323703668714704,22,0.01,carnet,pnl,1/s,-4.061436651079788,1.9348514763074984,-421.00160419805826,-1701.936542123592,730.9111427475722,0.8583333333333333,5.108339519377668,637.0264049068052
5000,334,220,0.6586826347305389,9229.77,-77.43589734,-0.23184400401197605,-0.008389797074033263,22,0.01,carnet,pnl,1/s,-2.1044012953815185,1.8530429875911318,-90.21657942524271,-852.9465077475726,709.1055514430094,0.8583333333333333,6.853375703300249,731.6950917214139
0,334,334,1.0,7605.69,-169.08283413000004,-0.5062360303293414,-0.022231097261392465,22,0.01,carnet,markout,1/s,-0.7360610519960814,-0.2876163119318982,-196.98970966601948,-284.3664259587379,-111.52497752097095,0.8583333333333333,2.3038411636417186,212.2808435549611
25,334,326,0.9760479041916168,11436.78,-228.42333966000007,-0.6839022145508984,-0.019972696830751317,22,0.01,carnet,markout,1/s,-1.0619549887305746,-0.3094545690631827,-266.1242792155341,-419.7593465970876,-121.48047392737878,0.8583333333333333,2.6866595797175696,339.7931516631623
50,334,319,0.9550898203592815,12018.83,-234.86254532000004,-0.7031812734131737,-0.01954121535290873,22,0.01,carnet,markout,1/s,-1.0647928925314996,-0.34832426123522736,-273.62626639223305,-421.82572339893215,-135.49563601223304,0.8583333333333333,2.8370922695342307,376.84246285433994
100,334,306,0.9161676646706587,12533.279999999999,-217.57191754000007,-0.6514129267664673,-0.017359535376214374,22,0.01,carnet,markout,1/s,-1.0168149957378407,-0.2992646267252853,-253.48184567767,-395.7180248860194,-118.95660465640795,0.8583333333333333,3.1136650343522723,428.08105685957514
150,334,300,0.8982035928143712,12515.900000000001,-223.97006377000002,-0.6705690532035928,-0.017894842861480197,22,0.01,carnet,markout,1/s,-1.0536150399373003,-0.3035268207897281,-260.93599662524275,-412.38280891951456,-122.4134612912624,0.8583333333333333,3.2912803405010402,452.7046406303143
200,334,294,0.8802395209580839,12504.09,-260.90486814999997,-0.7811522998502993,-0.02086556224003506,22,0.01,carnet,markout,1/s,-1.0941051067794707,-0.511461408290776,-303.9668366796116,-437.5142406166021,-189.4967709990294,0.8583333333333333,3.444425904298059,484.11453980763855
300,334,288,0.8622754491017964,12086.16,-254.43911989000003,-0.7617937721257486,-0.02105210587068184,22,0.01,carnet,markout,1/s,-1.0809214825600661,-0.4789396600996999,-296.43392608543695,-430.51482693378654,-179.89094196786422,0.8583333333333333,3.591400399941141,472.5638946135502
500,334,274,0.8203592814371258,11637.09,-209.89732790000005,-0.628435113473054,-0.01803692571768372,22,0.01,carnet,markout,1/s,-1.0198675283495198,-0.2559802604633577,-244.54057619417483,-410.65953927262143,-96.90696743854382,0.8583333333333333,3.999936446651111,548.5133020905107
750,334,275,0.8233532934131736,11509.39,-160.5656550900001,-0.4807354942814374,-0.013950839713486127,22,0.01,carnet,markout,1/s,-0.8746486906501065,-0.11712641887232918,-187.06678262912632,-350.12914313271847,-43.77010847970889,0.8583333333333333,4.205885026602908,556.0953522668419
1000,334,266,0.7964071856287425,10982.61,-145.1266726500001,-0.4345109959580841,-0.013214224364700202,22,0.01,carnet,markout,1/s,-0.944912519671019,0.016911070599860682,-169.07961862135934,-363.1318441200001,6.551184279028958,0.8583333333333333,4.3082019517611,502.42268908726663
2000,334,248,0.7425149700598802,10872.199999999999,-48.42511027000006,-0.14498536008982055,-0.004454030487849751,22,0.01,carnet,markout,1/s,-0.6839934857572737,0.379726978489287,-56.41760419805833,-252.66063163572824,149.00262747116483,0.8583333333333333,5.108339519377668,637.0264049068052
5000,334,220,0.6586826347305389,9229.77,-70.22204734000002,-0.21024565071856294,-0.007608212050787833,22,0.01,carnet,markout,1/s,-0.7681484150384024,0.35836565838356466,-81.81209398834955,-287.59493496728146,141.5434467506794,0.8583333333333333,6.853375703300249,731.6950917214139
0,1017,1017,1.0,21609.59,-1692.74613202,-1.6644504739626351,-0.0783330980374917,22,0.01,carnet,pnl,chaque niveau,-3.6224529403007564,0.10325590442767457,-1972.1314159456313,-4123.213098286893,121.52898888902767,0.8583333333333333,4.145814092257866,1044.8516043803088
25,1017,997,0.9803343166175025,33562.11,-2467.70137238,-2.4264516935889873,-0.07352640737963137,22,0.01,carnet,pnl,chaque niveau,-5.274100083712882,0.3163353076784208,-2874.9918901514566,-6208.295030008834,371.9131089463098,0.8583333333333333,4.504944167395227,1615.2287755228665
50,1017,985,0.9685349065880039,35868.71000000001,-2539.49696932,-2.4970471674729597,-0.07079978536501591,22,0.01,carnet,pnl,chaque niveau,-5.363030459675268,0.35088628651454706,-2958.637245809709,-6404.174462539806,404.114891435531,0.8583333333333333,4.69396688769528,1817.1424149536206
100,1017,963,0.9469026548672567,38019.72,-2551.35930258,-2.5087112119764012,-0.06710620968749902,22,0.01,carnet,pnl,chaque niveau,-5.738717679538562,0.5657029924180677,-2972.4574398990294,-6813.044891690098,633.1858016000944,0.8583333333333333,4.955306370771142,2136.841087379493
150,1017,949,0.9331366764995084,37882.979999999996,-2936.3020776000003,-2.887219348672567,-0.07750979668442136,22,0.01,carnet,pnl,chaque niveau,-6.203706998108926,0.1652623786876683,-3420.9344593398064,-7289.579557627865,183.62023505300849,0.8583333333333333,5.082012441684756,2228.418593027802
200,1017,940,0.9242871189773845,37652.729999999996,-2807.1919940899998,-2.7602674474827924,-0.07455480636038875,22,0.01,carnet,pnl,chaque niveau,-6.000704562379903,0.3024963378558672,-3270.514944570874,-7126.980543536505,329.2629737571812,0.8583333333333333,5.203766577031186,2232.629007886598
300,1017,927,0.911504424778761,37855.770000000004,-2711.77489816,-2.6664453275909534,-0.07163438752295884,22,0.01,carnet,pnl,chaque niveau,-5.952584162042962,0.4285834747615133,-3159.349395914563,-6934.527633803593,490.886649496601,0.8583333333333333,5.349709687709282,2359.3037676646495
500,1017,896,0.8810226155358899,36190.479999999996,-2414.8033434,-2.374437899115044,-0.06672482220186082,22,0.01,carnet,pnl,chaque niveau,-5.596563153078296,0.677482551025246,-2813.363118524272,-6471.382723379125,804.1908456882516,0.8583333333333333,5.658905763194566,2453.1559397332844
750,1017,878,0.8633235004916421,36036.19,-3441.72317999,-3.384191917394297,-0.09550741018931246,22,0.01,carnet,pnl,chaque niveau,-6.395867134902008,-0.40713438584665246,-4009.7745786291266,-7697.545181878543,-488.695037358932,0.8583333333333333,5.721413304532594,2403.8804208436886
1000,1017,848,0.8338249754178958,34970.189999999995,-2649.0530929400006,-2.604771969459194,-0.07575175007456353,22,0.01,carnet,pnl,chaque niveau,-5.7219935226836345,0.5145056662781198,-3086.275448085438,-6761.275144864369,627.3933193159221,0.8583333333333333,5.830705553900103,2374.2857755115797
2000,1017,805,0.7915437561455261,33338.24,-2781.1054926600004,-2.7346170035988204,-0.08342088522549483,22,0.01,carnet,pnl,chaque niveau,-5.499210380706018,-0.1466157890000999,-3240.1229040699036,-6344.178019842817,-184.7011218005861,0.8583333333333333,6.687287175865675,2501.875417018237
5000,1017,737,0.7246804326450345,29525.32,-1125.8897650099998,-1.1070695821140608,-0.038133024976867304,22,0.01,carnet,pnl,chaque niveau,-3.228424598392628,0.8030578551241857,-1311.7162310796116,-3419.0608837709724,1069.3259198274748,0.8583333333333333,8.64678924762607,2907.808266174983
0,1017,1017,1.0,21609.59,-663.2546320200001,-0.652167779764012,-0.030692606015199738,22,0.01,carnet,markout,chaque niveau,-1.015584648233014,-0.26148037194180007,-772.7238431300973,-1289.5670531429128,-277.7191901868935,0.8583333333333333,4.145814092257866,1044.8516043803088
25,1017,997,0.9803343166175025,33562.11,-928.2814723800001,-0.9127644762831859,-0.027658614800440143,22,0.01,carnet,markout,chaque niveau,-1.379588920996849,-0.4172711148494004,-1081.4929775300973,-1723.533119242136,-432.3773433023303,0.8583333333333333,4.504944167395227,1615.2287755228665
50,1017,985,0.9685349065880039,35868.71000000001,-884.1447193200001,-0.869365505722714,-0.024649470787212586,22,0.01,carnet,markout,chaque niveau,-1.4215695781460034,-0.2846708511424577,-1030.0715176543692,-1729.59415735136,-314.35249572611696,0.8583333333333333,4.69396688769528,1817.1424149536206
100,1017,963,0.9469026548672567,38019.72,-942.5171025800001,-0.926762146096362,-0.02479021682905608,22,0.01,carnet,markout,chaque niveau,-1.4980557265056182,-0.3843179888635681,-1098.078177763107,-1845.1409399743704,-406.28967126524304,0.8583333333333333,4.955306370771142,2136.841087379493
150,1017,949,0.9331366764995084,37882.979999999996,-922.0376276000002,-0.906625002556539,-0.024339099711796704,22,0.01,carnet,markout,chaque niveau,-1.4917121629473513,-0.38629461423925743,-1074.2185952621362,-1816.2379309007767,-413.7359897030107,0.8583333333333333,5.082012441684756,2228.418593027802
200,1017,940,0.9242871189773845,37652.729999999996,-944.7502940900001,-0.928958007954769,-0.02509114994025666,22,0.01,carnet,markout,chaque niveau,-1.5150547750469268,-0.4377238893810863,-1100.6799542796118,-1816.5140245025252,-470.92778227310725,0.8583333333333333,5.203766577031186,2232.629007886598
300,1017,927,0.911504424778761,37855.770000000004,-968.50184816,-0.9523125350639134,-0.025583995469118707,22,0.01,carnet,markout,chaque niveau,-1.5789001708893338,-0.43193520565920784,-1128.3516677592233,-1869.4217140360195,-473.83240878524373,0.8583333333333333,5.349709687709282,2359.3037676646495
500,1017,896,0.8810226155358899,36190.479999999996,-741.1886934000001,-0.7287991085545724,-0.020480211740767192,22,0.01,carnet,markout,chaque niveau,-1.502539309616377,-0.07249992264033316,-863.5208078446605,-1724.1523851559225,-88.19585765242752,0.8583333333333333,5.658905763194566,2453.1559397332844
750,1017,878,0.8633235004916421,36036.19,-689.5346799900001,-0.6780085348967553,-0.01913450561754725,22,0.01,carnet,markout,chaque niveau,-1.4678374633452282,-0.017677876734427292,-803.3413747456312,-1691.0633910541756,-23.96149987718468,0.8583333333333333,5.721413304532594,2403.8804208436886
1000,1017,848,0.8338249754178958,34970.189999999995,-589.8269429400002,-0.5799674955162244,-0.016866563863107416,22,0.01,carnet,markout,chaque niveau,-1.5022284629264426,0.20602613064233044,-687.1770209009711,-1704.8992512666998,255.0072488158246,0.8583333333333333,5.830705553900103,2374.2857755115797
2000,1017,805,0.7915437561455261,33338.24,-637.8369926600003,-0.6271750173647987,-0.0191322935061959,22,0.01,carnet,markout,chaque niveau,-1.5125414597083706,0.08908033442223925,-743.1110594097091,-1708.1273117236901,99.91555020728045,0.8583333333333333,6.687287175865675,2501.875417018237
5000,1017,737,0.7246804326450345,29525.32,-531.62951501,-0.5227428859488692,-0.01800588494925711,22,0.01,carnet,markout,chaque niveau,-1.4734485092335894,0.25939844409487833,-619.3741922446602,-1589.3025309195145,338.5181079652423,0.8583333333333333,8.64678924762607,2907.808266174983
0,1296,1296,1.0,27151.66,-414.7906743300001,-0.32005453266203715,-0.015276807176062168,22,0.01,persistante,pnl,1/s,-2.33271761999099,1.6942729061661799,-483.25127106407786,-3490.994180278253,2490.961569922424,0.8583333333333333,7.415623271402227,2322.3105628948642
25,1296,1281,0.9884259259259259,47755.43,-388.35378018000074,-0.2996556945833339,-0.008132138694594535,22,0.01,persistante,pnl,1/s,-3.7973268100244653,3.260566398786967,-452.45100603495234,-5723.26457608602,4927.658854747864,0.8583333333333333,7.613246591057248,4174.440739558071
50,1296,1274,0.9830246913580247,49870.61,-121.83684625000001,-0.09400991222993828,-0.002443059073269808,22,0.01,persistante,pnl,1/s,-3.7033443413548075,3.657997339350985,-141.94584029126216,-5694.38131921835,5597.282535645143,0.8583333333333333,7.703103818195947,4478.54615762503
100,1296,1261,0.9729938271604939,51589.34,154.05946996999978,0.11887304781635785,0.0029862655728877282,22,0.01,persistante,pnl,1/s,-3.626028564979785,4.105223208722436,179.48676113009685,-5741.462244853106,6192.051301714368,0.8583333333333333,7.829466946285152,4643.660455183174
150,1296,1247,0.9621913580246914,51924.84,-121.42568235000044,-0.0936926561342596,-0.0023384892924080353,22,0.01,persistante,pnl,1/s,-3.845930398053025,3.877721464056854,-141.46681438835003,-5992.138366314467,5829.259131502137,0.8583333333333333,7.9553172947899045,4759.371699755429
200,1296,1243,0.9591049382716049,52642.63,474.88175054999965,0.36642110381944415,0.00902085915065413,22,0.01,persistante,pnl,1/s,-3.5192722326156307,4.401402936229091,553.2602919029123,-5368.220311731555,6686.28037387019,0.8583333333333333,8.006645050897022,4852.095131420321
300,1296,1231,0.9498456790123457,51928.95,366.6387178,0.2829002452160494,0.007060391511863807,22,0.01,persistante,pnl,1/s,-3.527528670408935,4.295358006797281,427.1519042330097,-5398.011352061943,6448.7735573484415,0.8583333333333333,8.177236601625273,4910.174938390736
500,1296,1219,0.9405864197530864,52011.0,643.1474187599999,0.4962557243518518,0.012365603790736574,22,0.01,persistante,pnl,1/s,-3.3824031001095967,4.467703361230746,749.2979636038834,-5098.183182505921,6771.508456056113,0.8583333333333333,8.35875536443704,4933.820532756414
750,1296,1205,0.9297839506172839,51098.53,289.64671000000044,0.2234928317901238,0.005668396135857537,22,0.01,persistante,pnl,1/s,-3.5502298715052985,4.2466391931671765,337.45247766990343,-5460.080659492138,6438.679097694172,0.8583333333333333,8.54579442711947,4956.843142032169
1000,1296,1196,0.9228395061728395,50589.149999999994,297.36787664999906,0.22945052210648076,0.005878095928672435,22,0.01,persistante,pnl,1/s,-3.508188310414927,4.127480893503892,346.4480116310669,-5308.946375400583,6336.7744230492235,0.8583333333333333,8.716950279733506,5122.234103149745
2000,1296,1150,0.8873456790123457,48314.47,363.4464896500001,0.2804371062114198,0.007522518401836967,22,0.01,persistante,pnl,1/s,-3.325624412342082,4.0340706475846755,423.4328034757283,-5070.00697054369,6215.930213976111,0.8583333333333333,9.344455595458271,5183.4140269390455
5000,1296,1073,0.8279320987654321,46145.56,63.30244846999949,0.04884448184413541,0.0013717993338904,22,0.01,persistante,pnl,1/s,-3.3657197163333255,3.5264346642409428,73.75042540194116,-5109.430397376117,5464.004694663786,0.8583333333333333,10.766640292181533,5843.081908320747
0,1296,1296,1.0,27151.66,-600.0648743300001,-0.46301302031635805,-0.022100485728312746,22,0.01,persistante,markout,1/s,-0.8773717689847808,-0.030500913899707344,-699.1047079572817,-1323.0317985425245,-46.47814698320426,0.8583333333333333,7.415623271402227,2322.3105628948642
25,1296,1281,0.9884259259259259,47755.43,-1270.37653018,-0.9802288041512345,-0.026601719012476696,22,0.01,persistante,markout,1/s,-1.5271199147219154,-0.4458137932827251,-1480.050326423301,-2316.9990767531067,-682.9590685418458,0.8583333333333333,7.613246591057248,4174.440739558071
50,1296,1274,0.9830246913580247,49870.61,-1196.15444625,-0.9229586776620371,-0.023985157716137823,22,0.01,persistante,markout,1/s,-1.5450357515479136,-0.2899774025476424,-1393.5779956310682,-2326.5903944201937,-459.6264256465061,0.8583333333333333,7.703103818195947,4478.54615762503
100,1296,1261,0.9729938271604939,51589.34,-1104.93713003,-0.8525749460108024,-0.021417934984824385,22,0.01,persistante,markout,1/s,-1.5086826099544524,-0.1757681063167265,-1287.3053942097088,-2284.487591471068,-274.6557618728157,0.8583333333333333,7.829466946285152,4643.660455183174
150,1296,1247,0.9621913580246914,51924.84,-1140.11453235,-0.8797180033564814,-0.02195701580110791,22,0.01,persistante,markout,1/s,-1.5492130030758045,-0.19632044667702767,-1328.2887755533982,-2353.4820841537853,-298.39282274126236,0.8583333333333333,7.9553172947899045,4759.371699755429
200,1296,1243,0.9591049382716049,52642.63,-1030.0321994500002,-0.7947779316743829,-0.019566503410828835,22,0.01,persistante,markout,1/s,-1.4648567801736398,-0.10259050696482298,-1200.0375139223304,-2237.1889498829128,-149.58323094407814,0.8583333333333333,8.006645050897022,4852.095131420321
300,1296,1231,0.9498456790123457,51928.95,-1094.3697822000001,-0.8444211282407409,-0.02107436761575191,22,0.01,persistante,markout,1/s,-1.5299393205285272,-0.13891723430939634,-1274.993921009709,-2319.822329527281,-222.6241993202919,0.8583333333333333,8.177236601625273,4910.174938390736
500,1296,1219,0.9405864197530864,52011.0,-1083.8543312399997,-0.8363073543518517,-0.02083894428563188,22,0.01,persistante,markout,1/s,-1.5180860217449101,-0.14342001315230793,-1262.7429101825242,-2317.3108398873787,-217.2942482015538,0.8583333333333333,8.35875536443704,4933.820532756414
750,1296,1205,0.9297839506172839,51098.53,-1075.52734,-0.8298822067901235,-0.02104810725474882,22,0.01,persistante,markout,1/s,-1.5049147281619466,-0.1489161904434255,-1253.0415611650487,-2252.224203157282,-236.06358855116554,0.8583333333333333,8.54579442711947,4956.843142032169
1000,1296,1196,0.9228395061728395,50589.149999999994,-1143.24522335,-0.882133659992284,-0.022598624870154967,22,0.01,persistante,markout,1/s,-1.483736375537801,-0.25878977916224655,-1331.9361825436895,-2227.6098370182526,-404.37460649738074,0.8583333333333333,8.716950279733506,5122.234103149745
2000,1296,1150,0.8873456790123457,48314.47,-1169.24716035,-0.9021968829861111,-0.02420076553359687,22,0.01,persistante,markout,1/s,-1.4504366940360955,-0.3342539143771754,-1362.229701378641,-2186.0700219515534,-518.0923128326228,0.8583333333333333,9.344455595458271,5183.4140269390455
5000,1296,1073,0.8279320987654321,46145.56,-1048.9972515299999,-0.8094114595138888,-0.022732354998617418,22,0.01,persistante,markout,1/s,-1.3934806289684105,-0.21346650329495956,-1222.132720229126,-2109.226915719029,-336.11535638621365,0.8583333333333333,10.766640292181533,5843.081908320747
0,3736,3736,1.0,76875.75,-3425.27398348,-0.9168292247002141,-0.0445559748487657,22,0.01,persistante,pnl,chaque niveau,-3.036240215851485,1.2696110427444558,-3990.6104661902914,-13144.118986545138,5595.108732575531,0.8583333333333333,9.086443385883944,8233.237030859433
25,3736,3687,0.9868843683083511,127242.16,-4000.088359680001,-1.0706874624411138,-0.031436815908186415,22,0.01,persistante,pnl,chaque niveau,-4.174739938065833,2.3583302671642703,-4660.297118073788,-18590.805322081465,10258.927762853593,0.8583333333333333,9.307895326696679,13519.323369680886
50,3736,3672,0.9828693790149893,135497.32,-4004.19424735,-1.0717864687767666,-0.029551833551763235,22,0.01,persistante,pnl,chaque niveau,-4.348577639852695,2.6395427851889077,-4665.080676524272,-19140.962749655548,11139.14170668321,0.8583333333333333,9.414658812386255,14625.659940283858
100,3736,3641,0.9745717344753747,142694.14,-3609.5323586100003,-0.9661489182574947,-0.02529558928355432,22,0.01,persistante,pnl,chaque niveau,-4.595767014393447,3.1818915678012396,-4205.280417798059,-20269.393962421167,13392.505601252891,0.8583333333333333,9.584759226131014,15658.34587706459
150,3736,3624,0.9700214132762313,143348.02000000002,-3878.405298029999,-1.038117049793897,-0.02705586933136571,22,0.01,persistante,pnl,chaque niveau,-4.761991395198497,3.1508314427714326,-4518.530444306795,-20601.32639231856,13032.559185193966,0.8583333333333333,9.71356485606054,15841.987252235262
200,3736,3610,0.9662740899357601,146040.92,-3115.3815982500005,-0.8338815841140258,-0.02133225125019755,22,0.01,persistante,pnl,chaque niveau,-4.622106400709579,3.339092656294885,-3629.5707940776706,-19971.159899413986,14163.224374505804,0.8583333333333333,9.79647377644253,16241.216767541318
300,3736,3584,0.9593147751605996,146634.22999999998,-2435.8032651500002,-0.651981602020878,-0.0166114233023899,22,0.01,persistante,pnl,chaque niveau,-4.525055716397584,3.6086630840403724,-2837.8290467766997,-19562.91279083653,15490.288741455113,0.8583333333333333,9.995305269759605,16863.76201753378
500,3736,3549,0.9499464668094219,144712.66999999998,-2440.20176472,-0.6531589305995718,-0.016862391971069295,22,0.01,persistante,pnl,chaque niveau,-4.407802169481837,3.50707911404815,-2842.9535122951456,-19187.925097537292,14770.409318044047,0.8583333333333333,10.218050108662705,16608.4217948098
750,3736,3506,0.9384368308351178,143389.11,-2194.679703149999,-0.5874410340337257,-0.015305762781776101,22,0.01,persistante,pnl,chaque niveau,-4.209045379934622,3.4121740356464554,-2556.9083920194166,-18626.17413756672,14810.53879405396,0.8583333333333333,10.462563146124577,16882.581969603587
1000,3736,3482,0.9320128479657388,143296.3,-2631.7999331200003,-0.7044432369164884,-0.018366140180311706,22,0.01,persistante,pnl,chaque niveau,-4.305829440667575,3.2321702246939856,-3066.1746793631073,-18613.226184784085,14056.562392563477,0.8583333333333333,10.609303207747017,17308.130262768154
2000,3736,3386,0.9063169164882227,137789.22999999998,-3456.985192539998,-0.9253172356905777,-0.025088936142106305,22,0.01,persistante,pnl,chaque niveau,-4.45063950803771,2.7796316478364727,-4027.55556412427,-18881.04105679281,12302.258321951047,0.8583333333333333,11.239394522446357,17906.779662585846
5000,3736,3159,0.8455567451820128,132575.47,-3292.18933727,-0.8812069960572806,-0.024832567723652044,22,0.01,persistante,pnl,chaque niveau,-4.217826715941156,2.6570426331338077,-3835.5603929359227,-17960.7729519766,11546.456323191846,0.8583333333333333,12.717697297112151,20146.989187305782
0,3736,3736,1.0,76875.75,-2130.3877334800004,-0.5702322627087796,-0.027712090398857903,22,0.01,persistante,markout,chaque niveau,-1.2577905318759852,0.02274494547414131,-2482.0051263844666,-5184.946304773398,92.16825362475636,0.8583333333333333,9.086443385883944,8233.237030859433
25,3736,3687,0.9868843683083511,127242.16,-3601.03265968,-0.9638738382441113,-0.02830062504188863,22,0.01,persistante,markout,chaque niveau,-1.8471719079226034,-0.17009490958630646,-4195.377855937864,-7638.884560693981,-803.7553040988369,0.8583333333333333,9.307895326696679,13519.323369680886
50,3736,3672,0.9828693790149893,135497.32,-3607.62334735,-0.9656379409395075,-0.02662505315492587,22,0.01,persistante,markout,chaque niveau,-1.9061744498351494,-0.12889064589902552,-4203.056327009709,-7903.340464825344,-571.6861992043711,0.8583333333333333,9.414658812386255,14625.659940283858
100,3736,3641,0.9745717344753747,142694.14,-3606.8639086099997,-0.9654346650455031,-0.02527688879592392,22,0.01,persistante,markout,chaque niveau,-2.017797866470065,-0.049586890487753464,-4202.17154401165,-8319.569554175532,-215.08125054582433,0.8583333333333333,9.584759226131014,15658.34587706459
150,3736,3624,0.9700214132762313,143348.02000000002,-3455.10499803,-0.924813971635439,-0.02410291399930044,22,0.01,persistante,markout,chaque niveau,-1.959672341899148,-0.0030675050755141105,-4025.365046248544,-8107.295369327478,-14.29283422485467,0.8583333333333333,9.71356485606054,15841.987252235262
200,3736,3610,0.9662740899357601,146040.92,-3115.69344825,-0.8339650557414348,-0.021334386610615708,22,0.01,persistante,markout,chaque niveau,-1.8708709242514843,0.13131903277881352,-3629.9341144660198,-7745.6706023481565,577.8005235669839,0.8583333333333333,9.79647377644253,16241.216767541318
300,3736,3584,0.9593147751605996,146634.22999999998,-2954.6040651499998,-0.7908469125133832,-0.020149483958486366,22,0.01,persistante,markout,chaque niveau,-1.8725259071842628,0.22605265811984482,-3442.2571632815534,-7734.565889425633,1145.3343953341735,0.8583333333333333,9.995305269759605,16863.76201753378
500,3736,3549,0.9499464668094219,144712.66999999998,-2804.3627147199995,-0.7506324182869378,-0.019378833344170898,22,0.01,persistante,markout,chaque niveau,-1.8171480664648025,0.2408837212101545,-3267.2186967611647,-7474.467197726504,1152.570488926895,0.8583333333333333,10.218050108662705,16608.4217948098
750,3736,3506,0.9384368308351178,143389.11,-2557.16050315,-0.6844648027703426,-0.017833714869629917,22,0.01,persistante,markout,chaque niveau,-1.7419810008837293,0.2822782629921175,-2979.216120174757,-7166.2222149107765,1422.002323185727,0.8583333333333333,10.462563146124577,16882.581969603587
1000,3736,3482,0.9320128479657388,143296.3,-2795.00283312,-0.7481270966595289,-0.019505059328956856,22,0.01,persistante,markout,chaque niveau,-1.7511991191982237,0.21286962447931246,-3256.313980333981,-7228.595557190097,1034.9565695446554,0.8583333333333333,10.609303207747017,17308.130262768154
2000,3736,3386,0.9063169164882227,137789.22999999998,-4005.70219254,-1.072190094362955,-0.029071228517207046,22,0.01,persistante,markout,chaque niveau,-2.1040409771653663,-0.21573930908941716,-4666.837505871845,-8642.076339931753,-1058.4829613647614,0.8583333333333333,11.239394522446357,17906.779662585846
5000,3736,3159,0.8455567451820128,132575.47,-3641.93168727,-0.9748211154362956,-0.027470630028843195,22,0.01,persistante,markout,chaque niveau,-1.941950220830485,-0.08478990737555941,-4243.027208469904,-8075.485224521942,-428.17407809562974,0.8583333333333333,12.717697297112151,20146.989187305782
0,75,75,1.0,2723.0299999999997,482.2869480300001,6.430492640400001,0.1771140780784641,20,0.01,saut,pnl,1/s,2.2274012453645837,9.913443080354973,561.8877064427186,184.24466259087384,966.9378647609707,0.8583333333333333,3.3666407779924223,108.70187507221584
25,75,73,0.9733333333333334,2690.83,407.04967777,5.427329036933333,0.15127290753039027,20,0.01,saut,pnl,1/s,1.4276524699861113,9.039170804859198,474.23263429514566,115.41340541766992,882.1351837316505,0.8583333333333333,3.3281001249313826,107.80250937593473
50,75,70,0.9333333333333333,2566.4700000000003,364.8375696,4.864500928,0.14215540006312172,20,0.01,saut,pnl,1/s,0.4652101453288053,8.802210841346012,425.0534791456311,41.19050090912622,863.5739314167959,0.8583333333333333,3.3708699105543367,104.59453209705163
100,75,64,0.8533333333333334,2115.05,290.85738039000006,3.8780984052000007,0.13751796902673696,20,0.01,saut,pnl,1/s,-0.37800280828380173,7.606497902747934,338.8629674446603,-32.90280450757277,729.2539869745628,0.8583333333333333,3.2616589600789836,78.94748866784786
150,75,58,0.7733333333333333,1647.9099999999999,189.22628987000002,2.523017198266667,0.11482804878300394,20,0.01,saut,pnl,1/s,-1.1456782124798968,5.802335014358491,220.45781344077673,-98.69454294786404,539.2659259331065,0.8583333333333333,3.271469896029638,59.90017109336311
200,75,49,0.6533333333333333,1379.16,206.24030980000003,2.7498707973333336,0.14954052452217292,20,0.01,saut,pnl,1/s,-0.7042370608219289,5.709246204067959,240.27997258252432,-54.36925254436895,555.591834205922,0.8583333333333333,3.154316894751942,49.579131935111235
300,75,39,0.52,1073.24,167.34077794,2.2312103725333334,0.1559211154448213,20,0.01,saut,pnl,1/s,-0.9265077200297172,4.929006162879998,194.96012963883499,-72.97230253194175,482.82850676679607,0.8583333333333333,2.593960076565296,31.208127088055278
500,75,22,0.29333333333333333,770.29,227.75689181,3.036758557466667,0.29567681238234955,20,0.01,saut,pnl,1/s,1.1944691197504984,4.853342420830315,265.34783511844665,84.97052015737864,448.1928411844661,0.8583333333333333,2.3338415401304413,20.17966576117098
750,75,17,0.22666666666666666,625.8599999999999,143.14337468,1.9085783290666667,0.2287146880772058,20,0.01,saut,pnl,1/s,0.12561778373448257,3.5541682394794263,166.76898020970873,9.463931786796113,328.29457342252425,0.8583333333333333,2.6593098886854927,20.02447621558344
1000,75,17,0.22666666666666666,589.97,123.17431299999998,1.6423241733333331,0.20878063799854227,20,0.01,saut,pnl,1/s,-0.06961413918433203,3.2687519515688086,143.5040539805825,-5.10746144621361,300.31649877203876,0.8583333333333333,2.6001981239796113,18.718312702414718
2000,75,17,0.22666666666666666,686.5,62.86603664,0.8382138218666666,0.09157470741442097,20,0.01,saut,pnl,1/s,-0.942340788666074,2.921428830394321,73.24198443495146,-79.10535476038837,240.78852200854368,0.8583333333333333,2.859779595772201,23.56515132526925
5000,75,17,0.22666666666666666,597.21,63.29049943999999,0.8438733258666665,0.10597695859078043,20,0.01,saut,pnl,1/s,-0.5311481405543496,2.523970013537036,73.73650420194174,-44.997916740582546,215.76023240504847,0.8583333333333333,3.3311525891647937,24.42760995676402
0,75,75,1.0,2723.0299999999997,264.67324802999997,3.5289766403999994,0.09719806540140946,20,0.01,saut,markout,1/s,2.6634758306498743,4.357971043493694,308.3571821708738,180.74105252475724,451.46209855893176,0.8583333333333333,3.3666407779924223,108.70187507221584
25,75,73,0.9733333333333334,2690.83,262.06937777,3.494258370266667,0.09739350972376554,20,0.01,saut,markout,1/s,2.574116300610501,4.419836559813392,305.3235469165049,177.15452386514565,452.9057196841746,0.8583333333333333,3.3281001249313826,107.80250937593473
50,75,70,0.9333333333333333,2566.4700000000003,245.9169696,3.278892928,0.09581914832435211,20,0.01,saut,markout,1/s,2.415923761483426,4.134436276064935,286.5052073009709,167.08857791388346,424.86634207951454,0.8583333333333333,3.3708699105543367,104.59453209705163
100,75,64,0.8533333333333334,2115.05,188.03108038999997,2.5070810718666663,0.08890148241885533,20,0.01,saut,markout,1/s,1.5294006064103773,3.3749621030633334,219.065336376699,103.05042047796118,352.009970807767,0.8583333333333333,3.2616589600789836,78.94748866784786
150,75,58,0.7733333333333333,1647.9099999999999,152.84788986999996,2.0379718649333327,0.0927525713600864,20,0.01,saut,markout,1/s,1.195771860943595,2.894980755952609,178.07521149902908,81.58074266504855,290.181417265631,0.8583333333333333,3.271469896029638,59.90017109336311
200,75,49,0.6533333333333333,1379.16,139.1135598,1.854847464,0.10086832550247976,20,0.01,saut,markout,1/s,0.9337970682292372,3.085828719792115,162.07405025242718,65.25033834902914,299.1492576495144,0.8583333333333333,3.154316894751942,49.579131935111235
300,75,39,0.52,1073.24,80.33342793999998,1.0711123725333331,0.07485131744996457,20,0.01,saut,markout,1/s,0.27978870427081914,2.032799445009103,93.59234323106794,23.593317980388328,190.98945748805824,0.8583333333333333,2.593960076565296,31.208127088055278
500,75,22,0.29333333333333333,770.29,34.04714180999999,0.4539618907999999,0.044200420374144796,20,0.01,saut,markout,1/s,-0.1391187952821851,1.217336359343972,39.666572982524265,-12.764880015436892,112.28211548999987,0.8583333333333333,2.3338415401304413,20.17966576117098
750,75,17,0.22666666666666666,625.8599999999999,42.39062467999999,0.5652083290666665,0.06773180053047007,20,0.01,saut,markout,1/s,0.03253355955942614,1.2842572306046693,49.387135549514554,2.5982258644660017,119.89066213281544,0.8583333333333333,2.6593098886854927,20.02447621558344
1000,75,17,0.22666666666666666,589.97,30.809862999999993,0.41079817333333324,0.052222762174347834,20,0.01,saut,markout,1/s,-0.08938189439088134,1.0022393979413873,35.894986019417466,-7.644185500194186,91.92359264038834,0.8583333333333333,2.6001981239796113,18.718312702414718
2000,75,17,0.22666666666666666,686.5,13.324836639999981,0.17766448853333308,0.019409813022578267,20,0.01,saut,markout,1/s,-0.3355100592593789,0.7383173015344822,15.524081522330077,-28.411506972815552,60.33963069902903,0.8583333333333333,2.859779595772201,23.56515132526925
5000,75,17,0.22666666666666666,597.21,9.860649439999992,0.13147532586666658,0.0165111927797592,20,0.01,saut,markout,1/s,-0.02356865552982951,0.32629133476190453,11.488135269902905,-1.8126691398058228,26.847305169320368,0.8583333333333333,3.3311525891647937,24.42760995676402
0,206,206,1.0,5245.58,427.8700145199999,2.077038905436893,0.08156772263886929,20,0.01,saut,pnl,chaque niveau,-0.4597611474209303,4.710727577929698,498.4893373048543,-116.81544909582531,1132.317743592233,0.8583333333333333,4.622282640243714,261.9223721186665
25,206,183,0.8883495145631068,5207.92,346.3360372799999,1.6812428994174753,0.0665017967403493,20,0.01,saut,pnl,chaque niveau,-0.6293395655193658,4.018120034095644,403.4982958601941,-151.3244650526215,963.7700612927182,0.8583333333333333,4.124901756890165,238.94967174595052
50,206,177,0.8592233009708737,5053.41,265.98477054,1.2911882065048543,0.05263471013434493,20,0.01,saut,pnl,chaque niveau,-1.2091810127212936,3.8005384238448707,309.88516956116507,-275.00804749427203,921.1283555833982,0.8583333333333333,4.05554343617186,229.90764617190305
100,206,146,0.7087378640776699,4130.84,303.1295176,1.4715025126213592,0.07338205246390564,20,0.01,saut,pnl,chaque niveau,-0.9395092627095839,3.67813334077959,353.1606030291262,-213.85450369572823,919.7467411098055,0.8583333333333333,4.097956772817394,167.80956035312073
150,206,132,0.6407766990291263,3762.1200000000003,233.1058622,1.1315818553398058,0.061961304317778264,20,0.01,saut,pnl,chaque niveau,-1.0064676984358853,3.154100008075849,271.5796452815534,-230.86746527184465,743.4817658306795,0.8583333333333333,3.9494035886313035,155.30979871173466
200,206,111,0.5388349514563107,3188.21,276.58851566,1.3426626973786406,0.0867535437314355,20,0.01,saut,pnl,chaque niveau,-0.6422813846053889,3.350864561738002,322.2390473708738,-155.4355471826213,797.974290443592,0.8583333333333333,3.7395654030622407,124.01550045273468
300,206,97,0.470873786407767,3070.54,253.63150520999991,1.2312208990776694,0.08260159620457637,20,0.01,saut,pnl,chaque niveau,-1.4844453468987548,3.52140776258431,295.4930157786407,-344.0294644118446,874.041473598932,0.8583333333333333,3.0304364770501127,106.42105579367883
500,206,67,0.32524271844660196,2281.79,421.48029428999985,2.0460208460679605,0.18471476090700714,20,0.01,saut,pnl,chaque niveau,-0.28612417727520184,4.33098611824009,491.0450030563105,-58.01745903407772,1049.5721547605824,0.8583333333333333,2.985621854110279,75.40014334990072
750,206,64,0.3106796116504854,2249.81,344.82435287999994,1.6739046256310677,0.15326821059556137,20,0.01,saut,pnl,chaque niveau,-0.4554942678795182,3.866137674567829,401.73711015145625,-104.8650891017476,913.4785543386403,0.8583333333333333,3.2105925526511494,81.59178757785168
1000,206,68,0.3300970873786408,2668.44,216.55926263999993,1.051258556504854,0.08115575491298284,20,0.01,saut,pnl,chaque niveau,-1.3126610678554815,3.5489575958592456,252.30205356116497,-317.4901849491263,835.0303826271843,0.8583333333333333,3.330858388885151,104.31615583324555
2000,206,70,0.33980582524271846,2875.84,209.08547964000002,1.0149780565048545,0.07270414196895517,20,0.01,saut,pnl,chaque niveau,-1.3396999915672727,3.5756251003852486,243.59473356116507,-310.8610783223301,841.3223524089308,0.8583333333333333,4.196178777776789,142.99070732078994
5000,206,59,0.28640776699029125,2306.2799999999997,250.65638435,1.2167785648058251,0.10868428133184177,20,0.01,saut,pnl,chaque niveau,-1.5180440390950751,3.8433839573118633,292.0268555533981,-330.13778538174756,972.1068257874746,0.8583333333333333,5.173277813166374,133.55241627604246
0,206,206,1.0,5245.58,352.4744145199999,1.7110408471844656,0.06719455513403665,20,0.01,saut,markout,chaque niveau,0.9058135771111476,2.3640050955761107,410.6498033242718,189.3485372076698,648.112635655048,0.8583333333333333,4.622282640243714,261.9223721186665
25,206,183,0.8883495145631068,5207.92,321.1541372799999,1.5590006664077665,0.06166648821026434,20,0.01,saut,markout,chaque niveau,0.7164149382036847,2.360039662524823,374.16015993786397,159.152476338932,597.7083067834947,0.8583333333333333,4.124901756890165,238.94967174595052
50,206,177,0.8592233009708737,5053.41,315.05782053999997,1.5294068958252425,0.06234558853130856,20,0.01,saut,markout,chaque niveau,0.763370367636317,2.3083998224822695,367.05765499805824,170.838214839029,571.1175943668932,0.8583333333333333,4.05554343617186,229.90764617190305
100,206,146,0.7087378640776699,4130.84,170.88241759999997,0.8295262990291261,0.041367474315151385,20,0.01,saut,markout,chaque niveau,0.06303714369358226,1.491759903502702,199.08631176699026,15.266178203592222,373.02830099941735,0.8583333333333333,4.097956772817394,167.80956035312073
150,206,132,0.6407766990291263,3762.1200000000003,134.71716219999996,0.6539668067961163,0.035808842408003985,20,0.01,saut,markout,chaque niveau,-0.11747429971033665,1.3623053786374453,156.95203363106793,-26.27726395223304,327.317829806796,0.8583333333333333,3.9494035886313035,155.30979871173466
200,206,111,0.5388349514563107,3188.21,108.52616565999996,0.5268260468932037,0.0340398423127711,20,0.01,saut,markout,chaque niveau,-0.23182024737163756,1.2509131975183154,126.4382512543689,-53.9027218989321,301.15880417155336,0.8583333333333333,3.7395654030622407,124.01550045273468
300,206,97,0.470873786407767,3070.54,28.40630520999995,0.13789468548543665,0.009251240892481437,20,0.01,saut,markout,chaque niveau,-0.5477213834403851,0.7646221102862172,33.0947245165048,-130.34838199514567,175.3284963163106,0.8583333333333333,3.0304364770501127,106.42105579367883
500,206,67,0.32524271844660196,2281.79,43.13889428999997,0.20941210820388334,0.018905725018516152,20,0.01,saut,markout,chaque niveau,-0.23069177218091586,0.6755737573982272,50.258905968932005,-53.633258445436915,167.16386799378634,0.8583333333333333,2.985621854110279,75.40014334990072
750,206,64,0.3106796116504854,2249.81,34.382752879999956,0.16690656737864057,0.015282514025628812,20,0.01,saut,markout,chaque niveau,-0.32421143094115035,0.6630856694422744,40.05757617087374,-79.74425664815543,163.1673371999999,0.8583333333333333,3.2105925526511494,81.59178757785168
1000,206,68,0.3300970873786408,2668.44,40.795162639999965,0.1980347700970872,0.015288019457061042,20,0.01,saut,markout,chaque niveau,-0.45837757239157645,0.8853528902867663,47.528344823300934,-113.46103933514568,212.45817738640747,0.8583333333333333,3.330858388885151,104.31615583324555
2000,206,70,0.33980582524271846,2875.84,1.8481796399999482,0.008971745825242466,0.0006426573244686589,20,0.01,saut,markout,chaque niveau,-0.784408921026415,0.7663650539634138,2.153218998058192,-184.92246941941747,183.53912169087374,0.8583333333333333,4.196178777776789,142.99070732078994
5000,206,59,0.28640776699029125,2306.2799999999997,-71.71796565000001,-0.3481454643203884,-0.03109681636661638,20,0.01,saut,markout,chaque niveau,-1.0134920048839584,0.20630140613471173,-83.55491143689322,-228.48988030689318,46.639441488931894,0.8583333333333333,5.173277813166374,133.55241627604246
0,324,324,1.0,6749.0599999999995,-409.14863056999997,-1.2628044153395062,-0.06062305425792629,22,0.02,carnet,pnl,1/s,-3.787101481647193,0.9216443265188181,-476.67801619805823,-1474.9765823038836,326.3521431527179,0.8583333333333333,3.4199558448233356,272.11345557300626
25,324,316,0.9753086419753086,11700.529999999999,-580.0156285400001,-1.7901716930246916,-0.04957173978785578,22,0.02,carnet,pnl,1/s,-5.865654329747999,2.3750341135132103,-675.7463633475729,-2428.0349512884463,842.2558667018443,0.8583333333333333,3.7375217332957713,487.8887373645514
50,324,315,0.9722222222222222,12359.94,-483.80911069000007,-1.4932379959567903,-0.039143321948973867,22,0.02,carnet,pnl,1/s,-5.5566745599720075,2.9855575641130905,-563.6610998330099,-2352.527234234854,1081.6785460913595,0.8583333333333333,3.900672226051533,530.2412045132327
100,324,307,0.9475308641975309,12979.039999999999,-508.4773311100001,-1.5693744787345683,-0.03917680592016051,22,0.02,carnet,pnl,1/s,-5.954214747554857,3.1810007798775457,-592.400774108738,-2553.6738473510677,1106.4546929330088,0.8583333333333333,4.156018489642564,596.4621553100565
150,324,302,0.9320987654320988,12728.25,-638.98917009,-1.972188796574074,-0.05020243710565082,22,0.02,carnet,pnl,1/s,-6.565176658563384,2.9104661397642846,-744.453402046602,-2831.617476880777,1011.1815986909688,0.8583333333333333,4.312815550891884,620.7583531459518
200,324,295,0.9104938271604939,12695.169999999998,-521.1182804700001,-1.6083897545370371,-0.041048546846556615,22,0.02,carnet,pnl,1/s,-6.152441601143427,3.2720838022282357,-607.1280937514564,-2652.795356500777,1151.4341937827182,0.8583333333333333,4.455040064626894,639.1859701923139
300,324,290,0.8950617283950617,12486.01,-510.8500467100001,-1.5766976750308643,-0.04091379445555466,22,0.02,carnet,pnl,1/s,-5.867534798808057,2.9848626707966703,-595.165102963107,-2455.285310561068,1061.6924963088347,0.8583333333333333,4.600761175846888,638.7784878908293
500,324,275,0.8487654320987654,11729.5,-409.7612682500001,-1.2646952723765437,-0.03493424854000598,22,0.02,carnet,pnl,1/s,-5.0093233236863,2.784823889154461,-477.3917688349516,-2107.875402333204,990.8431485262136,0.8583333333333333,4.92733032888812,662.7578043849941
750,324,268,0.8271604938271605,11669.07,-534.1328008999999,-1.6485580274691354,-0.045773382188983344,22,0.02,carnet,pnl,1/s,-5.4807802925584825,2.4439066695741194,-622.2906418252427,-2323.523754791651,890.5099327622323,0.8583333333333333,5.106403205403942,687.9454060352477
1000,324,263,0.8117283950617284,11078.31,-151.9058342699999,-0.4688451674999997,-0.013712004292170909,22,0.02,carnet,pnl,1/s,-3.842652818046701,3.2095573487490916,-176.97767099417464,-1631.1137300737862,1129.0577739993191,0.8583333333333333,5.370870167321204,677.7392399859322
2000,324,242,0.7469135802469136,10104.94,-267.52049865000004,-0.825680551388889,-0.026474229302697494,22,0.02,carnet,pnl,1/s,-3.806794708153995,2.4787584786439814,-311.67436735922337,-1590.2868735594175,939.6765291407743,0.8583333333333333,6.039469335637676,724.575132024223
5000,324,212,0.654320987654321,8982.08,406.84194919999993,1.2556850283950616,0.045294848097545325,22,0.02,carnet,pnl,1/s,-1.3364364434273692,4.100668469217289,473.9906204271844,-506.510726045534,1612.9890808858245,0.8583333333333333,7.435722228325445,769.9275903211842
0,324,324,1.0,6749.0599999999995,-203.12148057000002,-0.6269181499074075,-0.0300962623787609,22,0.02,carnet,markout,1/s,-0.9367530626329938,-0.3107460224381589,-236.64638513009712,-360.3254892267962,-107.52671687388349,0.8583333333333333,3.4199558448233356,272.11345557300626
25,324,316,0.9753086419753086,11700.529999999999,-228.71382854000007,-0.7059068782098767,-0.019547304997295,22,0.02,carnet,markout,1/s,-1.0688980327398343,-0.2890417984409224,-266.462712862136,-420.4241428133012,-104.42415384873806,0.8583333333333333,3.7375217332957713,487.8887373645514
50,324,315,0.9722222222222222,12359.94,-214.46176069000012,-0.661919014475309,-0.01735135936663124,22,0.02,carnet,markout,1/s,-1.103826746388423,-0.15910268673878372,-249.8583619689322,-433.0066779174758,-55.04169551563118,0.8583333333333333,3.900672226051533,530.2412045132327
100,324,307,0.9475308641975309,12979.039999999999,-199.90108111000006,-0.6169786454012348,-0.015401838742310686,22,0.02,carnet,markout,1/s,-1.1285239706797967,-0.06724350799166702,-232.8944634291263,-440.97969707475744,-22.911967124563233,0.8583333333333333,4.156018489642564,596.4621553100565
150,324,302,0.9320987654320988,12728.25,-215.0786200900001,-0.663822901512346,-0.01689773693084282,22,0.02,carnet,markout,1/s,-1.1685419089721,-0.15404527191821013,-250.57703311456325,-452.2597615007768,-53.97131894184478,0.8583333333333333,4.312815550891884,620.7583531459518
200,324,295,0.9104938271604939,12695.169999999998,-207.01983047000004,-0.63895009404321,-0.016306975839630353,22,0.02,carnet,markout,1/s,-1.0486579416299882,-0.1896661364651198,-241.18815200388357,-404.87194576165064,-69.69651337252452,0.8583333333333333,4.455040064626894,639.1859701923139
300,324,290,0.8950617283950617,12486.01,-235.61534671000007,-0.7272078602160496,-0.01887034742964326,22,0.02,carnet,markout,1/s,-1.2112126069072393,-0.2430903924404771,-274.5033165553399,-461.4124639398059,-87.78141259368941,0.8583333333333333,4.600761175846888,638.7784878908293
500,324,275,0.8487654320987654,11729.5,-197.1605182500001,-0.608520118055556,-0.01680894481861973,22,0.02,carnet,markout,1/s,-1.1942413291555987,0.0038563969431437356,-229.70157466019432,-465.8743712027186,1.3606435642717332,0.8583333333333333,4.92733032888812,662.7578043849941
750,324,268,0.8271604938271605,11669.07,-157.16135090000006,-0.4850658978395064,-0.013468198485397728,22,0.02,carnet,markout,1/s,-1.1254658144893095,0.18208968119440572,-183.10060299029135,-433.51011709631064,68.6096452869902,0.8583333333333333,5.106403205403942,687.9454060352477
1000,324,263,0.8117283950617284,11078.31,-164.54098427000005,-0.50784254404321,-0.014852534752141803,22,0.02,carnet,markout,1/s,-1.1356063762131374,0.15124503849939908,-191.69823410097095,-449.1593869800001,54.61789256533972,0.8583333333333333,5.370870167321204,677.7392399859322
2000,324,242,0.7469135802469136,10104.94,-153.18139865000006,-0.47278209459876563,-0.015159060682200989,22,0.02,carnet,markout,1/s,-1.10010859004088,0.17120815694823582,-178.4637654174758,-444.8630153734951,63.87330504640743,0.8583333333333333,6.039469335637676,724.575132024223
5000,324,212,0.654320987654321,8982.08,-87.23585080000001,-0.26924645308641976,-0.0097122104011543,22,0.02,carnet,markout,1/s,-0.8867175422724627,0.35725855700907294,-101.63400093203884,-314.1349643647573,135.78650827776696,0.8583333333333333,7.435722228325445,769.9275903211842
0,957,957,1.0,20008.410000000003,-2125.31247003,-2.2208071787147334,-0.10622095758883388,22,0.02,carnet,pnl,chaque niveau,-4.4118990055716845,-0.29892488161492853,-2476.092198093204,-4853.333157446796,-345.12528035883645,0.8583333333333333,5.192663268582183,1219.12117151832
25,957,932,0.9738766980146291,32114.92,-3010.5105186600003,-3.1457790163636368,-0.09374180345646199,22,0.02,carnet,pnl,chaque niveau,-6.160607929419318,-0.04275613743929561,-3507.390895526214,-7397.94650737398,-51.285445329612955,0.8583333333333333,5.530202052493129,1911.5977319764054
50,957,927,0.9686520376175548,34781.17,-3262.9481906500005,-3.4095592378787885,-0.0938136408479071,22,0.02,carnet,pnl,chaque niveau,-6.798384462162456,0.09229100111532722,-3801.4930376504863,-8145.041940470101,100.26362497223275,0.8583333333333333,5.68228714373587,2118.347749083318
100,957,906,0.9467084639498433,36704.509999999995,-3290.7890698700003,-3.4386510656948803,-0.08965625940436205,22,0.02,carnet,pnl,chaque niveau,-7.14465872981482,0.24066538179641853,-3833.9290134407775,-8467.678703965632,259.03452908184227,0.8583333333333333,5.899316974360362,2423.340879303394
150,957,892,0.9320794148380356,36241.9,-3383.92720491,-3.535974090815047,-0.09337057949252109,22,0.02,carnet,pnl,chaque niveau,-7.352425771755481,0.11096446394439624,-3942.439462031068,-8681.376356875922,110.08655126125687,0.8583333333333333,6.0255191290063435,2505.9587943555844
200,957,881,0.9205851619644723,36110.3,-3095.5912759599996,-3.234682629007314,-0.08572599164116608,22,0.02,carnet,pnl,chaque niveau,-7.0370011199399345,0.45849923782200214,-3606.514107914563,-8344.473745678832,486.1051424469885,0.8583333333333333,6.1468703227047135,2489.000120445132
300,957,868,0.9070010449320794,36178.600000000006,-2989.6204038,-3.123950265203762,-0.08263504955415632,22,0.02,carnet,pnl,chaque niveau,-6.97108533291793,0.5592245909605726,-3483.0528976310684,-7989.421744273106,626.3946406185438,0.8583333333333333,6.291228352463536,2608.595074013708
500,957,830,0.8672936259143156,34509.6,-2707.07842075,-2.8287130833333336,-0.07844421322617474,22,0.02,carnet,pnl,chaque niveau,-6.440958669811947,0.6816290344679231,-3153.877771747573,-7370.298014364753,763.6535542497082,0.8583333333333333,6.629648185194216,2700.1862121561885
750,957,797,0.832810867293626,33171.19,-3018.758455,-3.154397549634274,-0.09100543136981218,22,0.02,carnet,pnl,chaque niveau,-6.541426001499141,0.29233641837602453,-3517.0001417475733,-7847.393963032425,294.75665899689125,0.8583333333333333,6.811304432004145,2609.8703787968334
1000,957,783,0.8181818181818182,32536.16,-2063.65675553,-2.156381144754441,-0.06342656157118726,22,0.02,carnet,pnl,chaque niveau,-5.564586807925942,1.1588192907517068,-2404.260297704854,-6440.491949469028,1246.0497329408724,0.8583333333333333,6.921661622181062,2634.169297104768
2000,957,736,0.7690700104493208,29719.34,-2672.149088880001,-2.792214303949844,-0.08991280051575845,22,0.02,carnet,pnl,chaque niveau,-5.707393363595492,0.10061421468457167,-3113.1834045203896,-6810.458783302424,112.68702699058174,0.8583333333333333,7.792071466801115,2685.183305297208
5000,957,680,0.7105538140020898,27480.89,-1040.0333886400003,-1.086764251452456,-0.037845695268239145,22,0.02,carnet,pnl,chaque niveau,-3.640725581364577,1.3586451715297396,-1211.6893848233015,-3795.6867867425244,1559.4907250603883,0.8583333333333333,9.491872256753602,3016.1922696397723
0,957,957,1.0,20008.410000000003,-589.00382003,-0.615468986447231,-0.029437812401385214,22,0.02,carnet,markout,chaque niveau,-0.9746116926058568,-0.22813340040973418,-686.2180427533981,-1113.3229738735924,-228.75242908106853,0.8583333333333333,5.192663268582183,1219.12117151832
25,957,932,0.9738766980146291,32114.92,-701.9341186600001,-0.7334734782236155,-0.021856947445610952,22,0.02,carnet,markout,chaque niveau,-1.2345591839812573,-0.21409612914517692,-817.7873227106797,-1392.7080528026222,-218.348596475243,0.8583333333333333,5.530202052493129,1911.5977319764054
50,957,927,0.9686520376175548,34781.17,-591.6345906500002,-0.6182179630616512,-0.01701019806550499,22,0.02,carnet,markout,chaque niveau,-1.278648284991372,0.07834702289948116,-689.28301823301,-1385.9346227335927,84.51724094854328,0.8583333333333333,5.68228714373587,2118.347749083318
100,957,906,0.9467084639498433,36704.509999999995,-679.97671987,-0.71052948784744,-0.018525699426855176,22,0.02,carnet,markout,chaque niveau,-1.3974042385138559,-0.024491154632838723,-792.2058872271846,-1553.073621231553,-24.588109835825577,0.8583333333333333,5.899316974360362,2423.340879303394
150,957,892,0.9320794148380356,36241.9,-617.5693549100001,-0.6453180302089866,-0.01704020360163237,22,0.02,carnet,markout,chaque niveau,-1.3740269827061669,0.04551323660771397,-719.4982775650487,-1502.848468656117,48.42031219718399,0.8583333333333333,6.0255191290063435,2505.9587943555844
200,957,881,0.9205851619644723,36110.3,-635.9759259600002,-0.6645516467711601,-0.017612036620022545,22,0.02,carnet,markout,chaque niveau,-1.3779007722054544,0.046005396135692746,-740.9428263611653,-1506.8621228333009,50.023755246989424,0.8583333333333333,6.1468703227047135,2489.000120445132
300,957,868,0.9070010449320794,36178.600000000006,-679.9994038000002,-0.7105531910135844,-0.018795625143040364,22,0.02,carnet,markout,chaque niveau,-1.479741135494429,0.004095390746846497,-792.2323151067964,-1617.5959699893208,4.177891574270494,0.8583333333333333,6.291228352463536,2608.595074013708
500,957,830,0.8672936259143156,34509.6,-467.15852075000004,-0.4881489245036573,-0.013537059854359369,22,0.02,carnet,markout,chaque niveau,-1.3874940353591922,0.3218358544717216,-544.2623542718447,-1450.5202335046606,369.6364179847569,0.8583333333333333,6.629648185194216,2700.1862121561885
750,957,797,0.832810867293626,33171.19,-380.3112550000002,-0.3973994305120169,-0.011465107371788597,22,0.02,carnet,markout,chaque niveau,-1.3282900264402522,0.4556221108076728,-443.081073786408,-1378.2979503768936,510.1119345492227,0.8583333333333333,6.811304432004145,2609.8703787968334
1000,957,783,0.8181818181818182,32536.16,-302.2992055300002,-0.3158821374399166,-0.009291176510381072,22,0.02,carnet,markout,chaque niveau,-1.3560718295605647,0.6323705611416465,-352.19324916116534,-1418.3245678654378,716.8250955323298,0.8583333333333333,6.921661622181062,2634.169297104768
2000,957,736,0.7690700104493208,29719.34,-461.7827888800002,-0.4825316498223618,-0.015538123958338248,22,0.02,carnet,markout,chaque niveau,-1.5533205221869728,0.4436707200768734,-537.9993656854372,-1701.9756938501953,487.5336547036875,0.8583333333333333,7.792071466801115,2685.183305297208
5000,957,680,0.7105538140020898,27480.89,-355.0552886400001,-0.3710086610658308,-0.012920079685919928,22,0.02,carnet,markout,chaque niveau,-1.291122358863113,0.35371405345021567,-413.6566469592234,-1246.814406236214,445.31688925951363,0.8583333333333333,9.491872256753602,3016.1922696397723
0,1122,1122,1.0,23552.71,-90.34402221000016,-0.08052051890374345,-0.00383582280807602,22,0.02,persistante,pnl,1/s,-2.0412708649526334,1.9899385704945618,-105.25517150679632,-2710.2612739360206,2541.961256845628,0.8583333333333333,8.244555312753837,2247.961368296684
25,1122,1107,0.9866310160427807,41485.31,18.76382218000026,0.016723549180035883,0.0004523003969356927,22,0.02,persistante,pnl,1/s,-3.4413767861399425,3.741876707652616,21.860763704854673,-4586.231603194953,4956.19950191767,0.8583333333333333,8.464905581576733,4011.104209840768
50,1122,1100,0.9803921568627451,43347.240000000005,104.33795459999988,0.0929928294117646,0.0024070264819628625,22,0.02,persistante,pnl,1/s,-3.462420400029627,3.946519094018164,121.55878205825229,-4643.030830663107,5249.419461150576,0.8583333333333333,8.56704809611173,4327.4826624429625
100,1122,1086,0.9679144385026738,44462.39,522.3056917199999,0.46551309422459886,0.011747134864320156,22,0.02,persistante,pnl,1/s,-3.4002130608239174,4.494419763638272,608.511485499029,-4523.97189179738,6030.18881789534,0.8583333333333333,8.714783931377184,4447.095312932884
150,1122,1076,0.9590017825311943,44969.17,227.18690435999997,0.2024838719786096,0.00505205909648766,22,0.02,persistante,pnl,1/s,-3.574420198693059,4.24176809164435,264.6837720699029,-4858.074177642234,5535.468859735914,0.8583333333333333,8.834238063253453,4562.801549025662
200,1122,1072,0.9554367201426025,45606.47,661.4687433399997,0.589544334527629,0.014503835603588694,22,0.02,persistante,pnl,1/s,-3.3476468545205345,4.691653741347566,770.6431961242715,-4363.831152159612,6224.730080541256,0.8583333333333333,8.880580406153914,4668.0046465101295
300,1122,1064,0.948306595365419,44867.649999999994,668.4266160499999,0.5957456471033867,0.014897740711849183,22,0.02,persistante,pnl,1/s,-3.289756224049145,4.646894574764854,778.749455592233,-4305.99057684,6178.1936199241645,0.8583333333333333,9.041415102408033,4694.801101901863
500,1122,1056,0.9411764705882353,44904.95,858.7528665999994,0.7653768864527624,0.019123790731311346,22,0.02,persistante,pnl,1/s,-3.1925578865164064,4.897248546898805,1000.4887766213585,-4160.26519378427,6508.200124074753,0.8583333333333333,9.245485050540356,4687.391976412235
750,1122,1041,0.9278074866310161,43998.61,528.9282718700003,0.47141557207664914,0.012021476857337092,22,0.02,persistante,pnl,1/s,-3.3258007036518977,4.405365611901815,616.2271128582529,-4413.651310402428,5847.0999220290305,0.8583333333333333,9.44526468637308,4710.375843494259
1000,1122,1037,0.9242424242424242,44075.01,636.29410766,0.567107047825312,0.014436618565940201,22,0.02,persistante,pnl,1/s,-3.2267082081990095,4.4698685464852925,741.3135234873787,-4264.7284131131055,5967.076076804554,0.8583333333333333,9.57258373443314,4891.750687975863
2000,1122,1003,0.8939393939393939,42189.590000000004,927.12939514,0.8263185339928699,0.021975311804167806,22,0.02,persistante,pnl,1/s,-2.8623681262653853,4.628142349134335,1080.1507516194176,-3761.700019694563,6060.562767803885,0.8583333333333333,10.19909595327388,4943.646417377168
5000,1122,930,0.8288770053475936,40181.31,587.80123867,0.5238870219875222,0.014628722624274818,22,0.02,persistante,pnl,1/s,-2.8734775001859196,4.016460335905095,684.8169770912622,-3723.229038065244,5257.463300910869,0.8583333333333333,11.753096616855961,5536.960813461231
0,1122,1122,1.0,23552.71,-535.24037221,-0.47704132995543674,-0.022725213880271104,22,0.02,persistante,markout,1/s,-0.9649850755825151,0.016653371390740725,-623.5810161669904,-1238.3509225931068,23.0257180296108,0.8583333333333333,8.244555312753837,2247.961368296684
25,1122,1107,0.9866310160427807,41485.31,-1206.0455278200002,-1.074906887540107,-0.0290716286757891,22,0.02,persistante,markout,1/s,-1.6776036696796905,-0.4962955892588858,-1405.1015858097091,-2209.9472734284464,-648.1663117167961,0.8583333333333333,8.464905581576733,4011.104209840768
50,1122,1100,0.9803921568627451,43347.240000000005,-1118.4910954000002,-0.996872634046346,-0.025803052175870946,22,0.02,persistante,markout,1/s,-1.6712260186623735,-0.3481206363034233,-1303.096421825243,-2167.886956960194,-455.1392763177677,0.8583333333333333,8.56704809611173,4327.4826624429625
100,1122,1086,0.9679144385026738,44462.39,-1027.1803582799998,-0.9154905154010694,-0.023102229958398543,22,0.02,persistante,markout,1/s,-1.616437606563812,-0.20402609804300653,-1196.7149805203883,-2097.704905563495,-285.4508962526215,0.8583333333333333,8.714783931377184,4447.095312932884
150,1122,1076,0.9590017825311943,44969.17,-1073.15064564,-0.9564622510160428,-0.02386414171397871,22,0.02,persistante,markout,1/s,-1.682855122302243,-0.2390204157445403,-1250.272596862136,-2203.7374265213593,-323.8743568098069,0.8583333333333333,8.834238063253453,4562.801549025662
200,1122,1072,0.9554367201426025,45606.47,-1038.29330666,-0.9253951039750447,-0.022766359831401118,22,0.02,persistante,markout,1/s,-1.6435831198788544,-0.19765486654551595,-1209.6621048466022,-2128.1890464952417,-278.4885555343692,0.8583333333333333,8.880580406153914,4668.0046465101295
300,1122,1064,0.948306595365419,44867.649999999994,-1041.17738395,-0.9279655828431372,-0.02320552522697311,22,0.02,persistante,markout,1/s,-1.6976351328584094,-0.1704589677239557,-1213.022194893204,-2187.1965131493203,-230.3026925717474,0.8583333333333333,9.041415102408033,4694.801101901863
500,1122,1056,0.9411764705882353,44904.95,-1024.8094833999999,-0.9133774361853831,-0.022821748680267987,22,0.02,persistante,markout,1/s,-1.6876809291953403,-0.1637801512748818,-1193.9527961941747,-2179.2369968493203,-208.20298385679607,0.8583333333333333,9.245485050540356,4687.391976412235
750,1122,1041,0.9278074866310161,43998.61,-1029.89687813,-0.917911656087344,-0.023407486694011468,22,0.02,persistante,markout,1/s,-1.624796626182196,-0.2296558952550358,-1199.879858015534,-2095.587886239611,-305.14494953796276,0.8583333333333333,9.44526468637308,4710.375843494259
1000,1122,1037,0.9242424242424242,44075.01,-1054.36114234,-0.9397158131372549,-0.023921971710046123,22,0.02,persistante,markout,1/s,-1.5721673958879665,-0.30890059692891364,-1228.3819134058253,-2030.7032471644663,-410.1134345732042,0.8583333333333333,9.57258373443314,4891.750687975863
2000,1122,1003,0.8939393939393939,42189.590000000004,-1122.58295486,-1.0005195676114083,-0.02660805556204741,22,0.02,persistante,markout,1/s,-1.5671491951954462,-0.4373818833541112,-1307.8636367300971,-2032.9972539605824,-569.0932499091263,0.8583333333333333,10.19909595327388,4943.646417377168
5000,1122,930,0.8288770053475936,40181.31,-1025.39901133,-0.91390286214795,-0.025519302664099304,22,0.02,persistante,markout,1/s,-1.5447973571250253,-0.25253987625204855,-1194.6396248504855,-2020.56918666932,-342.76748713339833,0.8583333333333333,11.753096616855961,5536.960813461231
0,3242,3242,1.0,67193.72,-2319.5870006900013,-0.7154802593121534,-0.034520889760084744,22,0.02,persistante,pnl,chaque niveau,-2.8707823301846194,1.6144298524119425,-2702.4314571145646,-10829.649729522524,5846.705062046786,0.8583333333333333,9.986150360735047,7877.216957805757
25,3242,3207,0.9892041949413942,110563.97,-2477.7694909500005,-0.7642718972702037,-0.022410279686501854,22,0.02,persistante,pnl,chaque niveau,-4.061555044352298,2.82286612999153,-2886.721737029127,-15123.248447757956,10398.740077610379,0.8583333333333333,10.200687351855755,12865.20685416278
50,3242,3199,0.98673658235657,117672.76999999999,-2677.2103765500005,-0.8257897521745837,-0.02275131601431666,22,0.02,persistante,pnl,chaque niveau,-4.265343085458658,3.0327460579829295,-3119.080050349515,-16055.536572829511,10925.92498307242,0.8583333333333333,10.302276187777785,13928.029452824461
100,3242,3170,0.9777914867365823,123921.03,-2203.361895550002,-0.6796304427976564,-0.01778037106010176,22,0.02,persistante,pnl,chaque niveau,-4.451181840456029,3.548786291471926,-2567.0235676310704,-16801.56492907543,12988.624329327939,0.8583333333333333,10.483889577686229,14900.208816774631
150,3242,3154,0.9728562615669339,124378.78,-2487.619938680001,-0.7673102833682914,-0.020000356481065348,22,0.02,persistante,pnl,chaque niveau,-4.595586263540046,3.449152203476383,-2898.1979868116514,-17274.7379420767,12792.182667692618,0.8583333333333333,10.627305334541878,15054.4489221117
200,3242,3141,0.9688463911165947,126442.54,-1938.6303556000012,-0.5979735828500929,-0.01533210544172872,22,0.02,persistante,pnl,chaque niveau,-4.406527756962535,3.604609148870868,-2258.5984725436906,-16698.02941515263,13262.149387493275,0.8583333333333333,10.717533254944295,15440.148815252185
300,3242,3118,0.9617520049352252,127267.05,-1111.829447510001,-0.34294554210672457,-0.0087361924984511,22,0.02,persistante,pnl,chaque niveau,-4.23595648063008,3.957909861182074,-1295.3352786524285,-16021.981223763201,14610.184748278545,0.8583333333333333,10.925381990890125,16035.378917220853
500,3242,3097,0.9552745219000617,125926.36,-1167.8696306300017,-0.3602312247470702,-0.009274226862668005,22,0.02,persistante,pnl,chaque niveau,-4.153180949764239,3.807854155743462,-1360.624812384468,-15819.798387254845,14218.084426474661,0.8583333333333333,11.121381944909976,15728.194513982362
750,3242,3068,0.946329426280074,125309.65,-1258.4504015400016,-0.3881710060271442,-0.010042725373025953,22,0.02,persistante,pnl,chaque niveau,-4.149899617776076,3.6929790493145265,-1466.1558076194194,-15613.698498150883,13857.282121254168,0.8583333333333333,11.348487876491893,16006.489995918504
1000,3242,3058,0.9432449105490438,125638.01000000001,-1444.658405380001,-0.4456071577359658,-0.011498577583169306,22,0.02,persistante,pnl,chaque niveau,-4.172080624377185,3.5105447410280832,-1683.0971713165063,-15565.231565302429,13351.954509513485,0.8583333333333333,11.454408450642637,16378.713534601802
2000,3242,2974,0.9173349784083898,121247.05,-1398.6424380999997,-0.43141346024059213,-0.011535476022715601,22,0.02,persistante,pnl,chaque niveau,-4.091129324290127,3.51870212129348,-1629.4863356504852,-15126.260210803095,13318.350707250294,0.8583333333333333,12.116374768229322,16968.199879872183
5000,3242,2737,0.8442319555829735,115258.65,-1220.4350858700004,-0.3764451221067244,-0.010588663721725011,22,0.02,persistante,pnl,chaque niveau,-3.798182426560047,3.260304454434862,-1421.8661194601948,-14332.256908270492,12273.009890329502,0.8583333333333333,13.86549597522245,19037.269445757094
0,3242,3242,1.0,67193.72,-1969.9337506900001,-0.6076291643090685,-0.029317230102604827,22,0.02,persistante,markout,chaque niveau,-1.3612200663476697,0.04407661697000538,-2295.0684474058257,-4822.0490363047575,180.4653600425194,0.8583333333333333,9.986150360735047,7877.216957805757
25,3242,3207,0.9892041949413942,110563.97,-3440.58149095,-1.061252773272671,-0.031118469162693778,22,0.02,persistante,markout,chaque niveau,-2.014538703403212,-0.1993883624800488,-4008.4444554757283,-7151.006278249809,-871.1788447610684,0.8583333333333333,10.200687351855755,12865.20685416278
50,3242,3199,0.98673658235657,117672.76999999999,-3519.57177655,-1.0856174511258483,-0.029909823458307307,22,0.02,persistante,markout,chaque niveau,-2.096227453611902,-0.18125597896630627,-4100.471972679612,-7496.83735329175,-782.7832656474791,0.8583333333333333,10.302276187777785,13928.029452824461
100,3242,3170,0.9777914867365823,123921.03,-3485.1822455500005,-1.0750099461906233,-0.028124219477113774,22,0.02,persistante,markout,chaque niveau,-2.195855085014734,-0.0678784975356545,-4060.406499669904,-7879.861490518252,-284.4337589732046,0.8583333333333333,10.483889577686229,14900.208816774631
150,3242,3154,0.9728562615669339,124378.78,-3394.94103868,-1.0471749039728562,-0.02729517879721927,22,0.02,persistante,markout,chaque niveau,-2.1745345031763814,-0.04002280691950025,-3955.271113025243,-7750.489661261357,-166.81517971805835,0.8583333333333333,10.627305334541878,15054.4489221117
200,3242,3141,0.9688463911165947,126442.54,-3136.2488556,-0.9673808931523751,-0.02480374765960886,22,0.02,persistante,markout,chaque niveau,-2.0869966238951623,0.07009265682823955,-3653.8821618640777,-7406.185083148253,319.5401788313608,0.8583333333333333,10.717533254944295,15440.148815252185
300,3242,3118,0.9617520049352252,127267.05,-2917.7388475099997,-0.8999811374182602,-0.022926113613146525,22,0.02,persistante,markout,chaque niveau,-2.092328284893623,0.22070196653412869,-3399.3073951572815,-7357.447316418935,962.9820593032983,0.8583333333333333,10.925381990890125,16035.378917220853
500,3242,3097,0.9552745219000617,125926.36,-2767.75678063,-0.8537189329518815,-0.021979169259160672,22,0.02,persistante,markout,chaque niveau,-1.997852480573084,0.21368585689054043,-3224.5710065592234,-7073.1601028822315,955.0864793461169,0.8583333333333333,11.121381944909976,15728.194513982362
750,3242,3068,0.946329426280074,125309.65,-2545.28460154,-0.7850970393399136,-0.020311960024946205,22,0.02,persistante,markout,chaque niveau,-1.9312389593645625,0.28608440202872165,-2965.380118299029,-6814.581859276023,1138.2804628834865,0.8583333333333333,11.348487876491893,16006.489995918504
1000,3242,3058,0.9432449105490438,125638.01000000001,-2766.9928553799996,-0.8534832990067858,-0.022023532968884173,22,0.02,persistante,markout,chaque niveau,-1.93813597914903,0.1800705984859672,-3223.680996559223,-6858.4376001611645,780.4335378696121,0.8583333333333333,11.454408450642637,16378.713534601802
2000,3242,2974,0.9173349784083898,121247.05,-3949.7975880999998,-1.2183212794879703,-0.032576442792628765,22,0.02,persistante,markout,chaque niveau,-2.3283328513949986,-0.3008152944800739,-4601.705927883495,-8280.814161933498,-1236.926851250101,0.8583333333333333,12.116374768229322,16968.199879872183
5000,3242,2737,0.8442319555829735,115258.65,-3577.2296358699996,-1.1034021085348549,-0.0310365394343071,22,0.02,persistante,markout,chaque niveau,-2.180992690791657,-0.14855042960154777,-4167.6461777126215,-7931.373184533207,-622.4285997279591,0.8583333333333333,13.86549597522245,19037.269445757094
0,78,78,1.0,2804.94,533.61618792,6.841233178461539,0.1902415694881174,20,0.02,saut,pnl,1/s,2.6052085404158256,10.142432647956424,621.6887626252428,217.94395902757284,1040.0201531548541,0.8583333333333333,4.268098824739582,131.86441958130567
25,78,74,0.9487179487179487,2661.46,441.32154920000005,5.65796857948718,0.16581934321763245,20,0.02,saut,pnl,1/s,1.6072527872138898,9.165394033362942,514.1610281941748,131.68213946941756,937.3388292332037,0.8583333333333333,4.311338897745967,128.43750911910678
50,78,71,0.9102564102564102,2579.7,405.0503550300001,5.192953269615386,0.15701451914176073,20,0.02,saut,pnl,1/s,0.8806258427096435,9.020571613103762,471.90332624854386,72.972145632233,915.6861596266017,0.8583333333333333,4.384753552235191,124.52227359450528
100,78,63,0.8076923076923077,2056.5699999999997,319.36466327999995,4.094418759999999,0.15528995525559547,20,0.02,saut,pnl,1/s,-0.14351919954962628,7.8168335864557,372.0753358601941,-14.195039100582502,779.7656345560188,0.8583333333333333,4.338565422122318,92.44188692603295
150,78,56,0.717948717948718,1641.98,240.37959157,3.0817896355128207,0.1463961750873945,20,0.02,saut,pnl,1/s,-0.7027698088507622,6.337801023899645,280.0538930912622,-64.02235830378643,631.4610179600969,0.8583333333333333,4.390243597182854,72.72621176816159
200,78,49,0.6282051282051282,1398.23,255.42062650000003,3.274623416666667,0.18267425709647198,20,0.02,saut,pnl,1/s,-0.3124545778263888,6.390112817806494,297.57742893203886,-26.536011083592204,645.2213655040775,0.8583333333333333,4.281521845234529,57.678165658557546
300,78,38,0.48717948717948717,1086.95,180.43619464,2.3132845466666665,0.16600229508257047,20,0.02,saut,pnl,1/s,-0.6964145012988923,4.870646250480429,210.21692579417476,-57.91530187135922,500.1129664234951,0.8583333333333333,3.93652559641768,37.82222379630566
500,78,19,0.24358974358974358,692.56,183.54254622999997,2.353109567051282,0.2650204259991914,20,0.02,saut,pnl,1/s,0.20969483378862366,4.444330622401663,213.83597619029123,19.320874048543676,423.94933139999966,0.8583333333333333,4.671584479443549,22.992742666601398
750,78,16,0.20512820512820512,579.99,131.44832712000002,1.6852349630769232,0.22663895432679876,20,0.02,saut,pnl,1/s,-0.2686178933985964,3.4081016154025967,153.14368208155344,-21.06791074019417,334.57826333592226,0.8583333333333333,5.180531648095835,21.232527169661143
1000,78,15,0.19230769230769232,521.73,89.89605327999999,1.1525135035897434,0.17230378410288844,20,0.02,saut,pnl,1/s,-0.7083480268319444,2.9650439653155267,104.73326595728155,-61.30483106796117,278.12200005320375,0.8583333333333333,5.984015469042018,23.51125158139329
2000,78,14,0.1794871794871795,501.5,31.72991983999999,0.406793844102564,0.0632700295912263,20,0.02,saut,pnl,1/s,-1.4445947966156565,2.4226538194386107,36.966896900970866,-141.7235285021359,221.68883653398052,0.8583333333333333,6.701296508776965,26.360344791439676
5000,78,14,0.1794871794871795,485.15999999999997,42.09111304,0.5396296543589744,0.0867571791573914,20,0.02,saut,pnl,1/s,-0.659466415652174,2.097451526690139,49.03818994951457,-60.48828824038834,188.32047558291256,0.8583333333333333,8.588212740098863,33.665922328471616
0,78,78,1.0,2804.94,268.15713791999997,3.4379120246153843,0.09560173762005603,20,0.02,saut,markout,1/s,2.5430248237554665,4.323688127091752,312.41608301359224,181.15100551165048,454.7070535039806,0.8583333333333333,4.268098824739582,131.86441958130567
25,78,74,0.9487179487179487,2661.46,263.60589919999995,3.3795628102564095,0.09904559873152328,20,0.02,saut,markout,1/s,2.4922190516396476,4.275555156059111,307.11366897087373,182.66686615194183,445.85839777485444,0.8583333333333333,4.311338897745967,128.43750911910678
50,78,71,0.9102564102564102,2579.7,252.48020502999992,3.2369257055128196,0.09787192504167148,20,0.02,saut,markout,1/s,2.3169281411479035,4.145867616201042,294.15169518058246,168.0436511496117,434.24367897844655,0.8583333333333333,4.384753552235191,124.52227359450528
100,78,63,0.8076923076923077,2056.5699999999997,201.40366327999996,2.582098247179487,0.09793182983316881,20,0.02,saut,markout,1/s,1.6289909321202347,3.538383378103735,234.64504459805823,117.93409102805825,367.9893305764076,0.8583333333333333,4.338565422122318,92.44188692603295
150,78,56,0.717948717948718,1641.98,164.79234156999996,2.1127223278205123,0.10036196638814113,20,0.02,saut,markout,1/s,1.2732818292075982,2.98600352522065,191.99107755728153,93.44898766485437,305.078430110097,0.8583333333333333,4.390243597182854,72.72621176816159
200,78,49,0.6282051282051282,1398.23,153.38502649999995,1.966474698717948,0.10969942462971038,20,0.02,saut,markout,1/s,1.0530027987901278,3.1566599065277137,178.70100174757278,79.13215002815537,316.4943213460193,0.8583333333333333,4.281521845234529,57.678165658557546
300,78,38,0.48717948717948717,1086.95,89.11839463999998,1.1425435210256407,0.08198941500529,20,0.02,saut,markout,1/s,0.38144910501399404,2.114130530040697,103.82725589126211,32.02487165650483,201.8545858968929,0.8583333333333333,3.93652559641768,37.82222379630566
500,78,19,0.24358974358974358,692.56,34.220946229999996,0.4387300798717948,0.049412247646413304,20,0.02,saut,markout,1/s,-0.13301801913612374,1.1537551278133351,39.869063568932035,-11.253605185339811,111.54830954941747,0.8583333333333333,4.671584479443549,22.992742666601398
750,78,16,0.20512820512820512,579.99,36.97067711999998,0.4739830399999998,0.0637436457869963,20,0.02,saut,markout,1/s,0.003135445839598988,1.1657408849245823,43.072633537864064,0.22757237009708525,113.48257411223297,0.8583333333333333,5.180531648095835,21.232527169661143
1000,78,15,0.19230769230769232,521.73,32.42910327999999,0.4157577343589743,0.06215686903187471,20,0.02,saut,markout,1/s,0.03134261519518044,0.9227659348886168,37.78147954951456,2.687808738640776,90.7306133860194,0.8583333333333333,5.984015469042018,23.51125158139329
2000,78,14,0.1794871794871795,501.5,25.465169839999994,0.3264765364102563,0.05077800566301095,20,0.02,saut,markout,1/s,0.04707712538292675,0.7357026622852556,29.6681590368932,3.838605245825237,66.21569868233009,0.8583333333333333,6.701296508776965,26.360344791439676
5000,78,14,0.1794871794871795,485.15999999999997,17.330513039999992,0.2221860646153845,0.03572123225327726,20,0.02,saut,markout,1/s,0.011428259533227294,0.45051656000394324,20.190888978640768,0.9647075708737862,42.716581223300956,0.8583333333333333,8.588212740098863,33.665922328471616
0,192,192,1.0,5068.59,507.94944903,2.6455700470312498,0.10021513853556906,20,0.02,saut,pnl,chaque niveau,0.01893566715782738,5.00667576544244,591.7857658601941,4.211757751747608,1236.3101258385439,0.8583333333333333,5.45615537887035,292.04373089581844
25,192,163,0.8489583333333334,4787.8,535.4567994,2.7888374968750003,0.11183775416684072,20,0.02,saut,pnl,chaque niveau,0.16285582971239612,5.332166224656531,623.8331643495146,31.272072846407774,1292.1817881731067,0.8583333333333333,5.12811076330662,263.21464866368916
50,192,155,0.8072916666666666,4654.77,435.55441360000003,2.2685125708333334,0.09357162944678254,20,0.02,saut,pnl,chaque niveau,-0.6031614881556107,4.9236349219510975,507.442035262136,-127.31027670990288,1213.9717472533982,0.8583333333333333,5.081747284208653,253.2347405114438
100,192,142,0.7395833333333334,4006.12,338.16406286999995,1.7612711607812497,0.08441186556318832,20,0.02,saut,pnl,chaque niveau,-0.8361080615235393,4.0897809464323975,393.97754897475727,-163.43184068941736,1026.9365157911654,0.8583333333333333,4.791942194840189,185.16279904328803
150,192,126,0.65625,3751.2700000000004,352.94944927999995,1.8382783816666664,0.0940879886758351,20,0.02,saut,pnl,chaque niveau,-0.8982232254264043,4.203458992688896,411.2032418796116,-182.2980298182524,1034.3601342774755,0.8583333333333333,4.666884760742803,173.54491100343813
200,192,107,0.5572916666666666,3197.11,449.95453184999997,2.34351318671875,0.1407378951146504,20,0.02,saut,pnl,chaque niveau,0.026151948940633114,4.544938455163043,524.2188720582524,5.820262613009714,1151.7444464382522,0.8583333333333333,4.433881518106743,136.0293961487599
300,192,89,0.4635416666666667,2883.99,428.5377490499999,2.2319674429687493,0.14859196774260658,20,0.02,saut,pnl,chaque niveau,-0.019558256683302227,4.353482694202837,499.26728044660183,-4.05224763902914,1084.8526475653398,0.8583333333333333,3.8130871538792466,113.18472065724858
500,192,59,0.3072916666666667,1992.8700000000001,459.0857032099999,2.3910713708854163,0.23036409962014576,20,0.02,saut,pnl,chaque niveau,0.4622400515699403,4.535757638598013,534.8571299533979,93.49042239961166,1043.6188838315531,0.8583333333333333,3.9395179584133007,74.73671886078415
750,192,53,0.2760416666666667,1867.22,327.6002435599999,1.7062512685416662,0.1754481226422167,20,0.02,saut,pnl,chaque niveau,-0.14099919324304852,3.8205401632613625,381.6701866718446,-25.734329780970878,877.0787399487373,0.8583333333333333,4.268637431002113,76.89785930644405
1000,192,54,0.28125,2080.1,216.7315982199999,1.128810407395833,0.10419287448680348,20,0.02,saut,pnl,chaque niveau,-0.7855487324104673,3.4326815618696123,252.50283287766982,-170.138197858835,772.8049274801932,0.8583333333333333,4.619805443699515,97.88036301754693
2000,192,58,0.3020833333333333,2380.62,164.82108938000002,0.8584431738541668,0.069234522678966,20,0.02,saut,pnl,chaque niveau,-1.5207016287523836,3.4649136262250577,192.02457015145635,-323.11400976233006,760.148421724659,0.8583333333333333,5.435650699533297,135.54708039907126
5000,192,50,0.2604166666666667,1844.9799999999998,263.61540295000003,1.3729968903645835,0.14288252607074334,20,0.02,saut,pnl,chaque niveau,-0.679954018340256,3.733577820073496,307.1247413009709,-134.50395868310682,849.181592059223,0.8583333333333333,7.490694066355115,141.75683491606094
0,192,192,1.0,5068.59,350.82419902999993,1.8272093699479164,0.06921534372083754,20,0.02,saut,markout,chaque niveau,0.9898962896449094,2.602728484540674,408.72722217087374,195.5657422133009,643.7395118289318,0.8583333333333333,5.45615537887035,292.04373089581844
25,192,163,0.8489583333333334,4787.8,291.0591993999999,1.5159333302083329,0.06079184581645012,20,0.02,saut,markout,chaque niveau,0.6610333861048279,2.3884681939580665,339.0980963883494,145.73163500475718,537.8449888016504,0.8583333333333333,5.12811076330662,263.21464866368916
50,192,155,0.8072916666666666,4654.77,297.80676359999995,1.5510768937499997,0.06397883538821465,20,0.02,saut,markout,chaque niveau,0.7831274696149064,2.355143823107491,346.95933623300965,160.82987361961162,530.3798772506793,0.8583333333333333,5.081747284208653,253.2347405114438
100,192,142,0.7395833333333334,4006.12,182.74861286999993,0.9518156920312496,0.04561735865875209,20,0.02,saut,markout,chaque niveau,0.09777296283093259,1.6802554006892965,212.91100528543683,18.46135396776698,389.56800550456296,0.8583333333333333,4.791942194840189,185.16279904328803
150,192,126,0.65625,3751.2700000000004,130.46969927999993,0.6795296837499997,0.0347801409336038,20,0.02,saut,markout,chaque niveau,-0.15824171675969162,1.4489845480552461,152.0035331417475,-32.21060113660197,323.8759033497084,0.8583333333333333,4.666884760742803,173.54491100343813
200,192,107,0.5572916666666666,3197.11,105.43678184999993,0.5491499054687496,0.03297877828726566,20,0.02,saut,markout,chaque niveau,-0.2446763634645264,1.3469678378252157,122.838969145631,-52.59342055514569,294.34774377233,0.8583333333333333,4.433881518106743,136.0293961487599
300,192,89,0.4635416666666667,2883.99,26.69499904999995,0.1390364533854164,0.00925627309734082,20,0.02,saut,markout,chaque niveau,-0.5894250072389109,0.8381003688513573,31.100969766990236,-130.82761999456315,171.00197562844656,0.8583333333333333,3.8130871538792466,113.18472065724858
500,192,59,0.3072916666666667,1992.8700000000001,31.823803209999966,0.16574897505208316,0.015968830485681436,20,0.02,saut,markout,chaque niveau,-0.26352376753832457,0.6376456688472213,37.07627558446598,-57.33805414718454,144.5562198646602,0.8583333333333333,3.9395179584133007,74.73671886078415
750,192,53,0.2760416666666667,1867.22,47.15614355999995,0.24560491437499973,0.025254733539700702,20,0.02,saut,markout,chaque niveau,-0.1667473467615544,0.6652074334242419,54.939196380582466,-33.21704823378644,154.24436045475724,0.8583333333333333,4.268637431002113,76.89785930644405
1000,192,54,0.28125,2080.1,59.75414821999997,0.3112195219791665,0.02872657478967356,20,0.02,saut,markout,chaque niveau,-0.31854329356936434,0.9343835208594973,69.61648336310677,-65.96477546912621,215.25069650970875,0.8583333333333333,4.619805443699515,97.88036301754693
2000,192,58,0.3020833333333333,2380.62,26.54153937999995,0.13823718427083306,0.011149002940410461,20,0.02,saut,markout,chaque niveau,-0.5896493951021793,0.8147842777918076,30.92218180194169,-126.77076235572818,183.7429632238834,0.8583333333333333,5.435650699533297,135.54708039907126
5000,192,50,0.2604166666666667,1844.9799999999998,-29.380947050000007,-0.1530257658854167,-0.01592480517403983,20,0.02,saut,markout,chaque niveau,-0.7351089308023406,0.3559555689943008,-34.230229572815546,-156.77278636834956,75.51148801747564,0.8583333333333333,7.490694066355115,141.75683491606094
