margin,trigger,latency_ms,market,n_opp,n_filled,shares,pnl,markout
0.0,carnet,0,btc-updown-15m-1790419500,25,25,473.28,49.11378696000002,-12.646213040000001
0.0,carnet,0,btc-updown-15m-1790420400,97,97,2158.39,-231.76494600999996,-103.51699600999999
0.0,carnet,0,btc-updown-5m-1790418900,52,52,1416.25,-41.93576146,-34.94931146
0.0,carnet,0,btc-updown-5m-1790419200,33,33,898.74,183.96188198000002,31.414681979999994
0.0,carnet,0,btc-updown-5m-1790419500,19,19,546.66,-41.558298090000015,-9.62479809
0.0,carnet,0,btc-updown-5m-1790419800,22,22,645.52,-23.96675044,-30.987950440000013
0.0,carnet,0,btc-updown-5m-1790420100,18,18,584.11,-226.65709009999998,-15.58924009999999
0.0,carnet,0,btc-updown-5m-1790420400,52,52,1504.82,-73.73965096,-164.28605096
0.0,carnet,0,btc-updown-5m-1790420700,49,49,1101.14,-78.87868975999997,-54.80098976000001
0.0,carnet,0,btc-updown-5m-1790421000,33,33,1064.73,-470.78203708999996,-35.11208709000004
0.0,carnet,0,btc-updown-5m-1790421300,16,16,361.33,-36.49990149,-2.445351490000008
0.0,carnet,0,btc-updown-5m-1790421600,5,5,109.63,,-3.0055433099999975
0.0,carnet,0,eth-updown-5m-1790418900,50,50,708.05,-141.49579340000003,-20.65154340000001
0.0,carnet,0,eth-updown-5m-1790419200,155,155,2971.53,15.152051360000002,-108.16184864000002
0.0,carnet,0,eth-updown-5m-1790419500,61,61,1035.22,-25.68374897999999,-2.1544489800000037
0.0,carnet,0,eth-updown-5m-1790419800,89,89,1761.77,-404.93467022,-76.89147022
0.0,carnet,0,eth-updown-5m-1790420100,49,49,823.61,186.48244232,-37.59150767999999
0.0,carnet,0,eth-updown-5m-1790420400,68,68,1196.58,70.54336700000002,-38.58013299999999
0.0,carnet,0,eth-updown-5m-1790420700,79,79,1500.93,22.916612920000016,-69.52853708
0.0,carnet,0,eth-updown-5m-1790421000,46,46,970.8199999999999,-39.19639113999999,23.13650885999998
0.0,carnet,0,eth-updown-5m-1790421300,42,42,596.69,34.495218519999995,5.386268519999997
0.0,carnet,0,eth-updown-5m-1790421600,23,23,449.94,6.215533219999976,-12.442866780000017
0.0,carnet,25,btc-updown-15m-1790419500,25,25,659.92,124.47014188000003,-9.76645812000001
0.0,carnet,25,btc-updown-15m-1790420400,97,95,3211.52,-511.05675743,-176.93675743
0.0,carnet,25,btc-updown-5m-1790418900,52,50,1946.51,-84.41300686,-46.22290685999999
0.0,carnet,25,btc-updown-5m-1790419200,33,33,1356.68,233.72177577000002,40.896375770000006
0.0,carnet,25,btc-updown-5m-1790419500,19,18,860.0,-85.70770000000002,-22.4077
0.0,carnet,25,btc-updown-5m-1790419800,22,22,770.91,148.22699146000002,-36.27825854000002
0.0,carnet,25,btc-updown-5m-1790420100,18,18,703.73,-283.1385772,-20.13852719999999
0.0,carnet,25,btc-updown-5m-1790420400,52,52,1838.27,-138.86780444,-190.29195443999998
0.0,carnet,25,btc-updown-5m-1790420700,49,49,2090.86,89.74376075999999,-83.48933924000002
0.0,carnet,25,btc-updown-5m-1790421000,33,33,1532.45,-760.03871931,-36.75266931000005
0.0,carnet,25,btc-updown-5m-1790421300,16,16,626.0,-65.31198599999999,-8.081986000000015
0.0,carnet,25,btc-updown-5m-1790421600,5,5,160.0,,-3.98621
0.0,carnet,25,eth-updown-5m-1790418900,50,49,1357.05,-223.85739660000002,-41.191146600000025
0.0,carnet,25,eth-updown-5m-1790419200,155,148,3831.03,5.096417439999911,-135.72448256000004
0.0,carnet,25,eth-updown-5m-1790419500,61,57,1706.81,-31.900435689999995,-13.32998569
0.0,carnet,25,eth-updown-5m-1790419800,89,86,2605.29,-600.73772326,-135.33802326
0.0,carnet,25,eth-updown-5m-1790420100,49,47,1731.72,264.66365709,-74.62614290999998
0.0,carnet,25,eth-updown-5m-1790420400,68,68,2216.92,73.0203544,-51.25494559999998
0.0,carnet,25,eth-updown-5m-1790420700,79,76,2638.56,19.76736223000001,-110.85213777
0.0,carnet,25,eth-updown-5m-1790421000,46,44,1538.07,-98.50619275,16.340557250000014
0.0,carnet,25,eth-updown-5m-1790421300,42,42,1239.23,-26.537511489999982,8.322438509999996
0.0,carnet,25,eth-updown-5m-1790421600,23,21,676.0,10.07500599999998,-20.094994000000028
0.0,carnet,50,btc-updown-15m-1790419500,25,24,529.92,95.86188524000002,-5.80371476
0.0,carnet,50,btc-updown-15m-1790420400,97,95,3593.69,-542.37654099,-180.37839098999999
0.0,carnet,50,btc-updown-5m-1790418900,52,48,2017.37,-80.56759751999999,-55.02184751999999
0.0,carnet,50,btc-updown-5m-1790419200,33,33,1416.67,255.69331008000003,50.95206008
0.0,carnet,50,btc-updown-5m-1790419500,19,18,900.0,-100.32719999999999,-24.827199999999994
0.0,carnet,50,btc-updown-5m-1790419800,22,22,819.48,126.30452956000005,-35.00367044000002
0.0,carnet,50,btc-updown-5m-1790420100,18,18,792.86,-307.7015016,-18.322401599999992
0.0,carnet,50,btc-updown-5m-1790420400,52,52,2242.99,-121.07040703000003,-206.61865703
0.0,carnet,50,btc-updown-5m-1790420700,49,49,2170.24,117.08230508000004,-85.18689492000001
0.0,carnet,50,btc-updown-5m-1790421000,33,33,1532.45,-759.5362693100001,-37.500219310000055
0.0,carnet,50,btc-updown-5m-1790421300,16,16,650.0,-67.35974999999999,-8.329750000000017
0.0,carnet,50,btc-updown-5m-1790421600,5,5,180.0,,-5.135649999999999
0.0,carnet,50,eth-updown-5m-1790418900,50,49,1366.85,-192.70827900000003,-36.80077900000003
0.0,carnet,50,eth-updown-5m-1790419200,155,145,4244.3,-206.15186409,-89.24221409000003
0.0,carnet,50,eth-updown-5m-1790419500,61,57,1992.68,-50.62859312999999,-11.669793129999995
0.0,carnet,50,eth-updown-5m-1790419800,89,87,2975.68,-645.0809406899999,-157.61314069
0.0,carnet,50,eth-updown-5m-1790420100,49,46,1790.3,249.70860381,-79.77689618999999
0.0,carnet,50,eth-updown-5m-1790420400,68,68,2131.96,122.84146868,-30.869431319999983
0.0,carnet,50,eth-updown-5m-1790420700,79,77,2891.95,64.38839890000003,-109.96535109999999
0.0,carnet,50,eth-updown-5m-1790421000,46,43,1699.53,-183.53443051999997,12.213519479999999
0.0,carnet,50,eth-updown-5m-1790421300,42,42,1536.13,-73.35167764999998,7.994572349999993
0.0,carnet,50,eth-updown-5m-1790421600,23,21,572.0,-3.861136000000023,-15.46113600000002
0.0,carnet,100,btc-updown-15m-1790419500,25,23,698.3,83.95219556000004,-21.26570444
0.0,carnet,100,btc-updown-15m-1790420400,97,93,3717.32,-672.3094091,-196.2580091
0.0,carnet,100,btc-updown-5m-1790418900,52,48,2261.92,-105.78588025,-74.87763025
0.0,carnet,100,btc-updown-5m-1790419200,33,33,1409.3,210.41485251,39.45845251
0.0,carnet,100,btc-updown-5m-1790419500,19,17,850.0,-103.1298,-24.879799999999996
0.0,carnet,100,btc-updown-5m-1790419800,22,22,826.71,109.07918837000001,-38.90846163000002
0.0,carnet,100,btc-updown-5m-1790420100,18,18,780.14,-301.14504074999996,-15.151240749999978
0.0,carnet,100,btc-updown-5m-1790420400,52,52,2431.16,-181.97238697,-246.80908697
0.0,carnet,100,btc-updown-5m-1790420700,49,49,2204.0,150.81938600000004,-101.92061400000001
0.0,carnet,100,btc-updown-5m-1790421000,33,33,1597.45,-717.7338893100001,-43.06503931000006
0.0,carnet,100,btc-updown-5m-1790421300,16,16,646.0,-53.668676000000005,-7.438676000000013
0.0,carnet,100,btc-updown-5m-1790421600,5,5,190.0,,-5.159529999999999
0.0,carnet,100,eth-updown-5m-1790418900,50,42,1436.0,-204.514433,-34.60443300000004
0.0,carnet,100,eth-updown-5m-1790419200,155,141,4643.84,86.71523648999995,-135.40281351000004
0.0,carnet,100,eth-updown-5m-1790419500,61,56,1826.66,-58.13608034999995,-13.18538034999999
0.0,carnet,100,eth-updown-5m-1790419800,89,87,3046.09,-640.2110977799999,-133.02889778
0.0,carnet,100,eth-updown-5m-1790420100,49,45,1835.75,274.81835450000005,-81.90164549999999
0.0,carnet,100,eth-updown-5m-1790420400,68,67,2607.04,156.13460763999998,-20.93559235999998
0.0,carnet,100,eth-updown-5m-1790420700,79,77,3089.25,118.96796674999999,-101.37328324999999
0.0,carnet,100,eth-updown-5m-1790421000,46,43,1822.63,-173.70291927000002,8.578630730000015
0.0,carnet,100,eth-updown-5m-1790421300,42,42,1549.24,-43.628647850000014,7.6706521499999925
0.0,carnet,100,eth-updown-5m-1790421600,23,22,671.0,12.25195299999995,-16.44304700000003
0.0,carnet,150,btc-updown-15m-1790419500,25,21,713.3,44.547885420000014,-23.37201458
0.0,carnet,150,btc-updown-15m-1790420400,97,92,3746.55,-780.21509674,-199.50794674
0.0,carnet,150,btc-updown-5m-1790418900,52,47,2183.81,-112.05094201,-70.03499201
0.0,carnet,150,btc-updown-5m-1790419200,33,33,1285.97,146.701783,23.094933000000005
0.0,carnet,150,btc-updown-5m-1790419500,19,18,820.0,-109.03113,-24.73113
0.0,carnet,150,btc-updown-5m-1790419800,22,22,901.71,52.99742337000001,-31.69812663000003
0.0,carnet,150,btc-updown-5m-1790420100,18,18,853.33,-307.48761899999994,-8.25486899999998
0.0,carnet,150,btc-updown-5m-1790420400,52,52,2409.25,-174.83835100000002,-254.53960100000003
0.0,carnet,150,btc-updown-5m-1790420700,49,47,2173.66,167.96897168000004,-115.95212832000001
0.0,carnet,150,btc-updown-5m-1790421000,33,33,1591.67,-717.92209587,-42.436145870000054
0.0,carnet,150,btc-updown-5m-1790421300,16,16,694.66,-42.423114580000004,-2.2890145800000123
0.0,carnet,150,btc-updown-5m-1790421600,5,5,163.07999999999998,,-5.095245039999998
0.0,carnet,150,eth-updown-5m-1790418900,50,44,1502.1,-290.95172020000007,-35.94922020000004
0.0,carnet,150,eth-updown-5m-1790419200,155,136,4872.1,27.051296030000003,-139.15615397000005
0.0,carnet,150,eth-updown-5m-1790419500,61,53,1966.48,-22.11511768999996,-10.00551768999998
0.0,carnet,150,eth-updown-5m-1790419800,89,84,2987.56,-703.4133577199999,-153.11375772
0.0,carnet,150,eth-updown-5m-1790420100,49,44,1840.34,288.45716903,-84.60393097
0.0,carnet,150,eth-updown-5m-1790420400,68,66,2643.41,147.32477408000005,-11.487775919999969
0.0,carnet,150,eth-updown-5m-1790420700,79,77,3108.55,131.84218364999998,-106.13606635
0.0,carnet,150,eth-updown-5m-1790421000,46,42,1837.93,-190.92522737,-2.4784273700000083
0.0,carnet,150,eth-updown-5m-1790421300,42,42,1521.55,-73.00492180000002,-1.3724718000000113
0.0,carnet,150,eth-updown-5m-1790421600,23,23,781.0,60.921134999999914,-15.863865000000043
0.0,carnet,200,btc-updown-15m-1790419500,25,20,726.66,31.879021480000016,-25.43487851999999
0.0,carnet,200,btc-updown-15m-1790420400,97,92,3828.61,-749.3843588699999,-205.14940887
0.0,carnet,200,btc-updown-5m-1790418900,52,48,2019.1,-76.46298849000001,-54.59843849
0.0,carnet,200,btc-updown-5m-1790419200,33,33,1396.99,184.375031,17.531081000000015
0.0,carnet,200,btc-updown-5m-1790419500,19,18,860.0,-123.65273,-27.15273
0.0,carnet,200,btc-updown-5m-1790419800,22,22,864.97,-50.27292711,-32.36057711000003
0.0,carnet,200,btc-updown-5m-1790420100,18,18,844.33,-282.35337899999996,-10.152328999999979
0.0,carnet,200,btc-updown-5m-1790420400,52,52,2447.89,-192.19829281000005,-255.92794281000002
0.0,carnet,200,btc-updown-5m-1790420700,49,46,2140.24,179.67886112000005,-127.70933888000002
0.0,carnet,200,btc-updown-5m-1790421000,33,33,1596.67,-715.20833587,-43.673985870000045
0.0,carnet,200,btc-updown-5m-1790421300,16,16,714.65,-50.562444510000006,-1.630594510000014
0.0,carnet,200,btc-updown-5m-1790421600,5,5,191.07999999999998,,-5.16210904
0.0,carnet,200,eth-updown-5m-1790418900,50,44,1515.2,-283.0360964000001,-27.756096400000043
0.0,carnet,200,eth-updown-5m-1790419200,155,134,4640.26,57.74096142999994,-107.02888857000003
0.0,carnet,200,eth-updown-5m-1790419500,61,51,1937.92,-52.33779503999997,-14.898395039999981
0.0,carnet,200,eth-updown-5m-1790419800,89,78,2881.02,-539.08614683,-163.27724682999997
0.0,carnet,200,eth-updown-5m-1790420100,49,44,1781.0,282.42148499999996,-80.183515
0.0,carnet,200,eth-updown-5m-1790420400,68,66,2961.32,186.75785111000005,-2.312548889999976
0.0,carnet,200,eth-updown-5m-1790420700,79,75,3156.9,140.69134945,-124.60065055
0.0,carnet,200,eth-updown-5m-1790421000,46,41,1942.08,-225.65387184000005,-9.829471840000013
0.0,carnet,200,eth-updown-5m-1790421300,42,41,1496.91,-50.19548088000001,3.783469119999992
0.0,carnet,200,eth-updown-5m-1790421600,23,22,740.0,70.58103999999992,-15.21896000000004
0.0,carnet,300,btc-updown-15m-1790419500,25,18,700.0,23.91675000000003,-20.283249999999985
0.0,carnet,300,btc-updown-15m-1790420400,97,93,3999.28,-681.3516222999999,-224.62562229999997
0.0,carnet,300,btc-updown-5m-1790418900,52,44,1933.55,-65.53142395000002,-50.26247395
0.0,carnet,300,btc-updown-5m-1790419200,33,33,1376.0,184.10794700000002,23.74794700000001
0.0,carnet,300,btc-updown-5m-1790419500,19,18,860.0,-122.59813,-26.098129999999998
0.0,carnet,300,btc-updown-5m-1790419800,22,22,963.93,-95.78050263,-36.468852630000036
0.0,carnet,300,btc-updown-5m-1790420100,18,18,697.17,-238.94226475,-13.558214749999983
0.0,carnet,300,btc-updown-5m-1790420400,52,52,2520.07,-215.59202564000006,-268.58657564000004
0.0,carnet,300,btc-updown-5m-1790420700,49,46,1999.97,128.89912424000002,-122.20462576
0.0,carnet,300,btc-updown-5m-1790421000,33,33,1549.33,-738.91061555,-36.44376555000005
0.0,carnet,300,btc-updown-5m-1790421300,16,16,646.22,-86.07447983999998,-1.7999798400000158
0.0,carnet,300,btc-updown-5m-1790421600,5,5,191.07999999999998,,-5.16210904
0.0,carnet,300,eth-updown-5m-1790418900,50,42,1574.05,-322.6587806,-38.11253060000003
0.0,carnet,300,eth-updown-5m-1790419200,155,138,5141.27,202.6405687999998,-76.27468120000003
0.0,carnet,300,eth-updown-5m-1790419500,61,50,2095.0,-40.07573999999995,-14.770739999999979
0.0,carnet,300,eth-updown-5m-1790419800,89,74,2733.29,-559.6931020699999,-162.13195206999998
0.0,carnet,300,eth-updown-5m-1790420100,49,44,1803.85,295.46250620000006,-76.9532438
0.0,carnet,300,eth-updown-5m-1790420400,68,66,2725.68,240.98399772,37.36659772000004
0.0,carnet,300,eth-updown-5m-1790420700,79,74,3004.45,125.25824297000001,-143.40790703
0.0,carnet,300,eth-updown-5m-1790421000,46,43,1901.96,-193.17699600000006,-4.69959600000001
0.0,carnet,300,eth-updown-5m-1790421300,42,40,1414.96,-104.78644948,-5.81174948000001
0.0,carnet,300,eth-updown-5m-1790421600,23,22,685.0,46.78391499999996,-15.091085000000032
0.0,carnet,500,btc-updown-15m-1790419500,25,19,679.96,-21.135134639999983,-37.172934639999994
0.0,carnet,500,btc-updown-15m-1790420400,97,92,4259.55,-682.5037134099999,-245.04706341
0.0,carnet,500,btc-updown-5m-1790418900,52,43,1837.43,-75.1472291,-59.832579100000004
0.0,carnet,500,btc-updown-5m-1790419200,33,27,1338.26,186.60315622000002,44.40345622000001
0.0,carnet,500,btc-updown-5m-1790419500,19,17,850.0,-123.15865,-25.90865
0.0,carnet,500,btc-updown-5m-1790419800,22,22,988.01,-107.00973882999999,-49.98768883000001
0.0,carnet,500,btc-updown-5m-1790420100,18,18,731.61,-213.91870799999992,-10.586957999999985
0.0,carnet,500,btc-updown-5m-1790420400,52,51,2148.85,-199.63839288000005,-263.33004288
0.0,carnet,500,btc-updown-5m-1790420700,49,43,2070.86,114.80073992000003,-89.19116008
0.0,carnet,500,btc-updown-5m-1790421000,33,33,1414.66,-562.5820868000001,-50.194286800000036
0.0,carnet,500,btc-updown-5m-1790421300,16,16,700.22,-82.97184383999999,0.11265615999998024
0.0,carnet,500,btc-updown-5m-1790421600,5,5,191.07999999999998,,-4.659659040000004
0.0,carnet,500,eth-updown-5m-1790418900,50,41,1510.0,-217.73976600000006,-32.334766000000045
0.0,carnet,500,eth-updown-5m-1790419200,155,134,5154.18,198.02469431999987,12.650594319999946
0.0,carnet,500,eth-updown-5m-1790419500,61,53,2287.0,-127.68789699999994,-0.25789699999997984
0.0,carnet,500,eth-updown-5m-1790419800,89,73,2385.01,-526.2556408299998,-105.56184083
0.0,carnet,500,eth-updown-5m-1790420100,49,42,1617.6,214.28301795000004,-66.15148204999998
0.0,carnet,500,eth-updown-5m-1790420400,68,65,2529.56,333.21560467999996,145.92200468000001
0.0,carnet,500,eth-updown-5m-1790420700,79,75,2852.26,181.99500704999997,-111.59434295
0.0,carnet,500,eth-updown-5m-1790421000,46,42,1811.96,-184.49913300000006,-1.6317330000000156
0.0,carnet,500,eth-updown-5m-1790421300,42,35,1091.36,16.040902100000004,-14.06389790000002
0.0,carnet,500,eth-updown-5m-1790421600,23,21,687.0,47.15241499999991,-15.592585000000037
0.0,carnet,750,btc-updown-15m-1790419500,25,13,614.0,-48.750179999999986,-34.820179999999986
0.0,carnet,750,btc-updown-15m-1790420400,97,91,4051.08,-622.42409332,-249.51739332000002
0.0,carnet,750,btc-updown-5m-1790418900,52,43,1923.53,-141.52254534000002,-61.93224534
0.0,carnet,750,btc-updown-5m-1790419200,33,28,1213.39,150.11890241,46.999552410000014
0.0,carnet,750,btc-updown-5m-1790419500,19,18,900.0,-118.28325000000001,-24.783249999999995
0.0,carnet,750,btc-updown-5m-1790419800,22,22,1005.28,-36.79438975999996,-41.74798976000001
0.0,carnet,750,btc-updown-5m-1790420100,18,18,761.96,-252.99826958,-19.52486958000001
0.0,carnet,750,btc-updown-5m-1790420400,52,51,2224.56,-193.72058232000006,-262.56898232000003
0.0,carnet,750,btc-updown-5m-1790420700,49,42,2058.92,121.40795063999995,-84.07704936000003
0.0,carnet,750,btc-updown-5m-1790421000,33,33,1587.89,-698.7483974300001,-39.17954743000005
0.0,carnet,750,btc-updown-5m-1790421300,16,14,590.25,-83.68964143000001,2.587108569999981
0.0,carnet,750,btc-updown-5m-1790421600,5,5,191.07999999999998,,-6.409659040000005
0.0,carnet,750,eth-updown-5m-1790418900,50,42,1605.0,-270.93077300000004,-28.505773000000044
0.0,carnet,750,eth-updown-5m-1790419200,155,130,4613.39,-106.22665803000005,47.78289196999994
0.0,carnet,750,eth-updown-5m-1790419500,61,52,2293.0,-89.83820099999994,1.3767990000000199
0.0,carnet,750,eth-updown-5m-1790419800,89,69,2337.42,-558.4355852399999,-85.99848524
0.0,carnet,750,eth-updown-5m-1790420100,49,38,1411.2,197.49492240000004,-58.679077599999985
0.0,carnet,750,eth-updown-5m-1790420400,68,65,2682.32,243.96360075999996,154.52840076
0.0,carnet,750,eth-updown-5m-1790420700,79,74,2912.39,48.82527714000003,-110.34272286
0.0,carnet,750,eth-updown-5m-1790421000,46,41,1841.51,-204.35358452000006,5.76246547999998
0.0,carnet,750,eth-updown-5m-1790421300,42,31,1082.0,112.13468200000003,-15.685318000000027
0.0,carnet,750,eth-updown-5m-1790421600,23,15,615.0,15.801074999999962,-15.623925000000028
0.0,carnet,1000,btc-updown-15m-1790419500,25,13,519.86,-13.500466719999984,-22.63476671999999
0.0,carnet,1000,btc-updown-15m-1790420400,97,89,3397.7,-452.03026252,-222.08786252000002
0.0,carnet,1000,btc-updown-5m-1790418900,52,47,1979.48,-129.06038596,-53.08538596
0.0,carnet,1000,btc-updown-5m-1790419200,33,26,1180.0,133.45391,57.453910000000015
0.0,carnet,1000,btc-updown-5m-1790419500,19,17,793.33,-125.09530900000001,-22.762259
0.0,carnet,1000,btc-updown-5m-1790419800,22,22,974.41,-113.53802368,-42.898373680000006
0.0,carnet,1000,btc-updown-5m-1790420100,18,18,769.04,-220.88680904999995,-6.833109049999994
0.0,carnet,1000,btc-updown-5m-1790420400,52,51,2336.56,-247.57749632000014,-299.14589632
0.0,carnet,1000,btc-updown-5m-1790420700,49,42,1955.34,101.17335321999998,-94.50654678000002
0.0,carnet,1000,btc-updown-5m-1790421000,33,33,1570.23,-661.9285977500001,-40.43424775000004
0.0,carnet,1000,btc-updown-5m-1790421300,16,14,628.83,-89.03471817,-1.004468170000024
0.0,carnet,1000,btc-updown-5m-1790421600,5,5,190.0,,-7.359530000000001
0.0,carnet,1000,eth-updown-5m-1790418900,50,41,1321.0,-191.76017200000007,-12.195172000000042
0.0,carnet,1000,eth-updown-5m-1790419200,155,130,5027.55,235.17691079000002,34.604360789999944
0.0,carnet,1000,eth-updown-5m-1790419500,61,50,2112.0,-117.60227099999992,1.5777290000000204
0.0,carnet,1000,eth-updown-5m-1790419800,89,73,2749.32,-539.0873541699999,-114.11595417
0.0,carnet,1000,eth-updown-5m-1790420100,49,35,1348.2,213.66003240000003,-43.36896759999999
0.0,carnet,1000,eth-updown-5m-1790420400,68,64,2404.2,366.8737385999999,241.9217386
0.0,carnet,1000,eth-updown-5m-1790420700,79,71,2538.12,122.78734465999999,-91.01485534000001
0.0,carnet,1000,eth-updown-5m-1790421000,46,39,1821.16,-215.2813061200001,22.82249387999997
0.0,carnet,1000,eth-updown-5m-1790421300,42,30,1071.43,218.03719736,-6.562452640000022
0.0,carnet,1000,eth-updown-5m-1790421600,23,16,640.0,28.030129999999943,-14.269870000000033
0.0,carnet,2000,btc-updown-15m-1790419500,25,12,570.91,-59.481816479999985,-42.35886647999999
0.0,carnet,2000,btc-updown-15m-1790420400,97,84,4029.26,-504.75137151999996,-289.04667151999996
0.0,carnet,2000,btc-updown-5m-1790418900,52,41,1752.4,-170.851374,-68.581374
0.0,carnet,2000,btc-updown-5m-1790419200,33,22,910.98,97.83248454999999,57.66978454999999
0.0,carnet,2000,btc-updown-5m-1790419500,19,15,750.0,-115.98755000000004,-26.237550000000017
0.0,carnet,2000,btc-updown-5m-1790419800,22,22,1100.0,-67.55395,-42.80395000000002
0.0,carnet,2000,btc-updown-5m-1790420100,18,16,800.0,-267.3556500000001,-46.35565
0.0,carnet,2000,btc-updown-5m-1790420400,52,47,2099.38,-257.47743362000006,-296.7819336200001
0.0,carnet,2000,btc-updown-5m-1790420700,49,42,1761.53,135.88089056,-72.79185944000002
0.0,carnet,2000,btc-updown-5m-1790421000,33,30,1395.18,-524.79349516,-37.46799516000003
0.0,carnet,2000,btc-updown-5m-1790421300,16,13,640.22,-101.89682384,-1.0123238400000196
0.0,carnet,2000,btc-updown-5m-1790421600,5,5,190.2,,-10.911017399999999
0.0,carnet,2000,eth-updown-5m-1790418900,50,34,1208.0,-302.987518,-4.037517999999995
0.0,carnet,2000,eth-updown-5m-1790419200,155,120,4342.35,126.80979380999997,134.79984380999994
0.0,carnet,2000,eth-updown-5m-1790419500,61,34,1457.0,-51.67067699999998,-1.5156770000000135
0.0,carnet,2000,eth-updown-5m-1790419800,89,70,2389.81,-431.91829652,-13.27814652000001
0.0,carnet,2000,eth-updown-5m-1790420100,49,34,1390.25,187.25291400000003,-19.318335999999984
0.0,carnet,2000,eth-updown-5m-1790420400,68,61,2438.65,-20.525739800000025,86.6255102
0.0,carnet,2000,eth-updown-5m-1790420700,79,63,2564.77,159.64832428,-45.66692572000002
0.0,carnet,2000,eth-updown-5m-1790421000,46,30,1359.0,-145.14685300000002,43.798147
0.0,carnet,2000,eth-updown-5m-1790421300,42,28,1353.33,205.11217462999997,15.24692463000001
0.0,carnet,2000,eth-updown-5m-1790421600,23,13,542.14,-42.41165550000002,-17.049555500000018
0.0,carnet,5000,btc-updown-15m-1790419500,25,12,600.0,-67.6586,-62.90860000000002
0.0,carnet,5000,btc-updown-15m-1790420400,97,81,2719.06,-157.83564308999996,-144.38244308999998
0.0,carnet,5000,btc-updown-5m-1790418900,52,36,1715.29,-23.52962692999999,-47.70747692999999
0.0,carnet,5000,btc-updown-5m-1790419200,33,19,877.1,120.04792551,66.36422551
0.0,carnet,5000,btc-updown-5m-1790419500,19,16,800.0,-122.43975000000003,-36.189750000000004
0.0,carnet,5000,btc-updown-5m-1790419800,22,19,890.0,66.96490000000007,-53.985099999999974
0.0,carnet,5000,btc-updown-5m-1790420100,18,14,700.0,-254.63465000000002,-105.13465000000001
0.0,carnet,5000,btc-updown-5m-1790420400,52,47,2125.31,-99.89534632000007,-211.61999632
0.0,carnet,5000,btc-updown-5m-1790420700,49,42,1759.55,316.10446496,-140.78438504000002
0.0,carnet,5000,btc-updown-5m-1790421000,33,24,1116.94,-433.02503112,-61.30653111999999
0.0,carnet,5000,btc-updown-5m-1790421300,16,11,500.0,-55.83693000000002,-6.136930000000018
0.0,carnet,5000,btc-updown-5m-1790421600,5,5,176.94,,-11.502352779999992
0.0,carnet,5000,eth-updown-5m-1790418900,50,30,1056.67,-406.87995551,-42.845355510000005
0.0,carnet,5000,eth-updown-5m-1790419200,155,127,4496.8,-75.01011739999991,192.30908260000004
0.0,carnet,5000,eth-updown-5m-1790419500,61,36,1524.49,-47.96329067999999,18.896959320000008
0.0,carnet,5000,eth-updown-5m-1790419800,89,71,2989.92,-468.71739652,-11.681996520000052
0.0,carnet,5000,eth-updown-5m-1790420100,49,23,993.75,166.37290599999994,-32.48584400000002
0.0,carnet,5000,eth-updown-5m-1790420400,68,59,2663.86,127.2099347399999,217.52773474
0.0,carnet,5000,eth-updown-5m-1790420700,79,71,2501.43,379.9665082499999,-54.65784175000002
0.0,carnet,5000,eth-updown-5m-1790421000,46,32,1175.66,-256.20959,-6.519090000000008
0.0,carnet,5000,eth-updown-5m-1790421300,42,20,654.74,-2.6440012799999897,-18.639101279999984
0.0,carnet,5000,eth-updown-5m-1790421600,23,23,1070.0,198.89126999999993,-16.508730000000103
0.0,persistante,0,btc-updown-15m-1790419500,244,244,5213.74,1819.3663643799998,-74.42883562000002
0.0,persistante,0,btc-updown-15m-1790420400,282,282,4993.21,-803.5117072600002,-269.82835726
0.0,persistante,0,btc-updown-5m-1790418900,99,99,2588.34,460.52186586999994,-10.863934130000027
0.0,persistante,0,btc-updown-5m-1790419200,117,117,3018.55,-298.24952941000004,-33.774979410000014
0.0,persistante,0,btc-updown-5m-1790419500,74,74,1987.87,163.03416383,-63.687786169999974
0.0,persistante,0,btc-updown-5m-1790419800,231,231,6293.71,-1259.1356483200002,-597.83434832
0.0,persistante,0,btc-updown-5m-1790420100,133,133,3916.0,100.83706049,-251.25463950999998
0.0,persistante,0,btc-updown-5m-1790420400,174,174,5016.69,372.59846017999996,-235.49678982
0.0,persistante,0,btc-updown-5m-1790420700,170,170,4527.08,855.56085089,-47.00634911000002
0.0,persistante,0,btc-updown-5m-1790421000,164,164,5195.7699999999995,-2558.00267527,-727.36957527
0.0,persistante,0,btc-updown-5m-1790421300,130,130,3090.32,-377.2587022999999,-108.74500230000002
0.0,persistante,0,btc-updown-5m-1790421600,104,104,2435.86,,-103.91468089000001
0.0,persistante,0,eth-updown-5m-1790418900,398,398,6567.87,-1918.99711772,-216.92156772
0.0,persistante,0,eth-updown-5m-1790419200,475,475,8052.86,-171.22222367999996,550.0025263199999
0.0,persistante,0,eth-updown-5m-1790419500,78,78,1039.0,69.68092899999998,49.430929000000006
0.0,persistante,0,eth-updown-5m-1790419800,188,188,3221.24,-590.73469589,-70.22319589000001
0.0,persistante,0,eth-updown-5m-1790420100,227,227,3958.45,210.72177474999995,-106.85287524999997
0.0,persistante,0,eth-updown-5m-1790420400,158,158,2818.29,596.0774209799999,251.61927097999998
0.0,persistante,0,eth-updown-5m-1790420700,252,252,4134.02,1345.83310167,262.76425166999996
0.0,persistante,0,eth-updown-5m-1790421000,170,170,2872.7,-877.45189522,-77.93529521999997
0.0,persistante,0,eth-updown-5m-1790421300,163,163,2613.56,-435.0519632100001,-147.98396321
0.0,persistante,0,eth-updown-5m-1790421600,198,198,3829.0,-862.9968197400001,-154.48691974000002
0.0,persistante,25,btc-updown-15m-1790419500,244,242,8879.57,3061.6609953399993,-117.91725466000004
0.0,persistante,25,btc-updown-15m-1790420400,282,279,10017.12,-1541.7949762400003,-525.8337762400001
0.0,persistante,25,btc-updown-5m-1790418900,99,93,3820.79,602.4303417599999,-48.24480824000003
0.0,persistante,25,btc-updown-5m-1790419200,117,115,4856.18,-558.08948217,-57.22308217000001
0.0,persistante,25,btc-updown-5m-1790419500,74,73,3297.97,169.14162075000002,-84.48652924999996
0.0,persistante,25,btc-updown-5m-1790419800,231,231,9485.03,-1029.2283602399998,-849.30771024
0.0,persistante,25,btc-updown-5m-1790420100,133,132,5738.32,706.33545267,-263.76884732999997
0.0,persistante,25,btc-updown-5m-1790420400,174,173,6989.61,337.74623058,-292.78131942000005
0.0,persistante,25,btc-updown-5m-1790420700,170,169,6940.48,1564.70282872,-148.84807127999997
0.0,persistante,25,btc-updown-5m-1790421000,164,164,6438.9,-3046.60799324,-885.24104324
0.0,persistante,25,btc-updown-5m-1790421300,130,130,4999.37,-508.4140016199999,-166.78725162000003
0.0,persistante,25,btc-updown-5m-1790421600,104,104,4093.51,,-155.10733464
0.0,persistante,25,eth-updown-5m-1790418900,398,388,10448.76,-2947.5569663000006,-296.08751630000006
0.0,persistante,25,eth-updown-5m-1790419200,475,471,12341.51,-218.76296635000017,635.02678365
0.0,persistante,25,eth-updown-5m-1790419500,78,77,2159.74,161.24992528,105.58422528000001
0.0,persistante,25,eth-updown-5m-1790419800,188,184,5701.12,-973.7857049500001,-144.00340495000003
0.0,persistante,25,eth-updown-5m-1790420100,227,225,7727.11,556.9159807300002,-239.68826926999995
0.0,persistante,25,eth-updown-5m-1790420400,158,157,4697.02,849.6713900399999,295.69519003999994
0.0,persistante,25,eth-updown-5m-1790420700,252,251,7866.47,2360.35188097,359.95663097
0.0,persistante,25,eth-updown-5m-1790421000,170,167,5521.53,-1739.45037579,-149.85632578999991
0.0,persistante,25,eth-updown-5m-1790421300,163,161,4887.6,-1041.7444583200001,-321.02445832000006
0.0,persistante,25,eth-updown-5m-1790421600,198,198,6849.13,-1493.51240697,-259.93795697
0.0,persistante,50,btc-updown-15m-1790419500,244,241,9440.54,3119.5891852999994,-136.12651470000006
0.0,persistante,50,btc-updown-15m-1790420400,282,279,10734.93,-1508.7526745900002,-540.9216245900001
0.0,persistante,50,btc-updown-5m-1790418900,99,93,3998.88,569.7296691399999,-54.008330860000044
0.0,persistante,50,btc-updown-5m-1790419200,117,115,4815.34,-480.6803135600001,-12.287113560000027
0.0,persistante,50,btc-updown-5m-1790419500,74,73,3150.67,145.39466632000003,-76.65998367999995
0.0,persistante,50,btc-updown-5m-1790419800,231,231,9861.99,-1175.3891345999996,-923.1500846
0.0,persistante,50,btc-updown-5m-1790420100,133,131,6102.24,543.31750901,-293.27249099
0.0,persistante,50,btc-updown-5m-1790420400,174,172,7309.88,352.42468132,-277.29411868000005
0.0,persistante,50,btc-updown-5m-1790420700,170,169,7350.09,1666.17058112,-138.67926887999997
0.0,persistante,50,btc-updown-5m-1790421000,164,164,6831.73,-3149.33325334,-908.91770334
0.0,persistante,50,btc-updown-5m-1790421300,130,130,5106.82,-455.8927336999999,-173.58123370000004
0.0,persistante,50,btc-updown-5m-1790421600,104,104,4420.66,,-160.7717182
0.0,persistante,50,eth-updown-5m-1790418900,398,387,10836.04,-2999.3772955100003,-310.05084551000004
0.0,persistante,50,eth-updown-5m-1790419200,475,469,14112.16,-352.2950403100001,677.44035969
0.0,persistante,50,eth-updown-5m-1790419500,78,76,2248.93,149.99597927999997,110.47837928000001
0.0,persistante,50,eth-updown-5m-1790419800,188,185,5920.19,-949.33094452,-137.30199452000002
0.0,persistante,50,eth-updown-5m-1790420100,227,223,8213.76,774.7890188899999,-216.75988110999995
0.0,persistante,50,eth-updown-5m-1790420400,158,156,5388.5,950.6489837299998,385.33348372999995
0.0,persistante,50,eth-updown-5m-1790420700,252,247,8859.98,2850.55394448,410.30179447999996
0.0,persistante,50,eth-updown-5m-1790421000,170,167,6225.71,-1961.6034012300001,-176.37355122999992
0.0,persistante,50,eth-updown-5m-1790421300,163,159,5125.03,-1156.06290137,-333.08045137000005
0.0,persistante,50,eth-updown-5m-1790421600,198,197,7213.08,-1553.45440345,-290.87600345000004
0.0,persistante,100,btc-updown-15m-1790419500,244,241,10002.05,3614.012556779999,-131.10449322000005
0.0,persistante,100,btc-updown-15m-1790420400,282,279,11710.92,-1889.8728765200003,-510.31267652000014
0.0,persistante,100,btc-updown-5m-1790418900,99,93,3989.11,575.4431489099999,-64.33525109000004
0.0,persistante,100,btc-updown-5m-1790419200,117,115,4879.19,-440.09547322000003,14.777576779999974
0.0,persistante,100,btc-updown-5m-1790419500,74,72,3467.0,163.53232100000002,-79.89267899999994
0.0,persistante,100,btc-updown-5m-1790419800,231,231,10463.49,-1493.1022577,-1094.0826077
0.0,persistante,100,btc-updown-5m-1790420100,133,131,5957.86,655.8295573099999,-250.15534269
0.0,persistante,100,btc-updown-5m-1790420400,174,170,7448.5,355.69853465999984,-296.84426534000005
0.0,persistante,100,btc-updown-5m-1790420700,170,169,7783.22,1867.9681587600003,-123.09214123999998
0.0,persistante,100,btc-updown-5m-1790421000,164,162,6912.11,-3205.9381308499997,-913.57698085
0.0,persistante,100,btc-updown-5m-1790421300,130,129,5217.13,-353.00358145,-171.50603145000002
0.0,persistante,100,btc-updown-5m-1790421600,104,104,4420.09,,-154.48234813000002
0.0,persistante,100,eth-updown-5m-1790418900,398,385,11726.51,-3308.0805487400003,-293.92789874000005
0.0,persistante,100,eth-updown-5m-1790419200,475,468,15170.64,-74.50182539000025,839.88182461
0.0,persistante,100,eth-updown-5m-1790419500,78,77,2609.96,188.85334613,112.55944613000001
0.0,persistante,100,eth-updown-5m-1790419800,188,184,6258.21,-954.5867080800001,-143.07080808000003
0.0,persistante,100,eth-updown-5m-1790420100,227,223,8554.85,919.3074006599998,-221.49624933999993
0.0,persistante,100,eth-updown-5m-1790420400,158,149,5493.18,1073.52305859,459.87015858999996
0.0,persistante,100,eth-updown-5m-1790420700,252,245,9386.16,3159.1699534499994,371.88005345
0.0,persistante,100,eth-updown-5m-1790421000,170,166,6503.53,-2100.05419264,-181.3442426399999
0.0,persistante,100,eth-updown-5m-1790421300,163,159,5941.19,-1335.8902015200001,-387.69270152000007
0.0,persistante,100,eth-updown-5m-1790421600,198,196,8192.93,-1740.0528289499998,-307.22857895000004
0.0,persistante,150,btc-updown-15m-1790419500,244,241,10606.68,3806.81941965,-131.60448035000007
0.0,persistante,150,btc-updown-15m-1790420400,282,278,12169.1,-2068.4386599500003,-551.3874099500001
0.0,persistante,150,btc-updown-5m-1790418900,99,92,3983.91,572.6759968299999,-65.49270317000004
0.0,persistante,150,btc-updown-5m-1790419200,117,114,5074.66,-442.70355659000006,23.547143409999975
0.0,persistante,150,btc-updown-5m-1790419500,74,72,3407.18,144.23146872000004,-81.79183127999994
0.0,persistante,150,btc-updown-5m-1790419800,231,231,10283.24,-1359.2374831700001,-1037.81568317
0.0,persistante,150,btc-updown-5m-1790420100,133,131,6126.47,658.8496513299999,-259.67789867
0.0,persistante,150,btc-updown-5m-1790420400,174,169,7529.24,390.0053263,-236.2333737
0.0,persistante,150,btc-updown-5m-1790420700,170,169,7444.67,1789.1737221800001,-142.41652781999997
0.0,persistante,150,btc-updown-5m-1790421000,164,162,6834.74,-3158.18701419,-872.85361419
0.0,persistante,150,btc-updown-5m-1790421300,130,128,5072.12,-396.69977663000003,-162.90707663000006
0.0,persistante,150,btc-updown-5m-1790421600,104,104,4269.75,,-141.84762113000002
0.0,persistante,150,eth-updown-5m-1790418900,398,381,11784.36,-3324.3934685100003,-262.14036851000003
0.0,persistante,150,eth-updown-5m-1790419200,475,468,14725.78,-47.416370800000095,919.1243792
0.0,persistante,150,eth-updown-5m-1790419500,78,78,2836.66,179.03720918000005,108.18830918000003
0.0,persistante,150,eth-updown-5m-1790419800,188,181,6269.11,-951.29055629,-149.64445629000002
0.0,persistante,150,eth-updown-5m-1790420100,227,221,8454.95,633.0269497699999,-264.0214002299999
0.0,persistante,150,eth-updown-5m-1790420400,158,148,5458.39,1036.0104445799998,467.6794945799999
0.0,persistante,150,eth-updown-5m-1790420700,252,241,9492.61,3135.11544646,330.80519646
0.0,persistante,150,eth-updown-5m-1790421000,170,164,6774.59,-2249.39086662,-198.69361661999991
0.0,persistante,150,eth-updown-5m-1790421300,163,159,6056.46,-1443.73753345,-379.4340334500001
0.0,persistante,150,eth-updown-5m-1790421600,198,196,8023.22,-1701.84037096,-295.78917096000004
0.0,persistante,200,btc-updown-15m-1790419500,244,241,10364.98,3744.6557317299994,-149.56646827000006
0.0,persistante,200,btc-updown-15m-1790420400,282,277,12226.47,-1951.4234133700002,-543.3104633700001
0.0,persistante,200,btc-updown-5m-1790418900,99,90,3839.24,577.4911144799999,-59.75008552000004
0.0,persistante,200,btc-updown-5m-1790419200,117,114,5044.54,-505.6712627700001,15.562837229999971
0.0,persistante,200,btc-updown-5m-1790419500,74,72,3515.27,174.42115847000002,-79.26599152999994
0.0,persistante,200,btc-updown-5m-1790419800,231,231,10297.41,-1264.2375200699998,-946.3825200699999
0.0,persistante,200,btc-updown-5m-1790420100,133,132,6354.73,614.7060556399999,-262.79009435999996
0.0,persistante,200,btc-updown-5m-1790420400,174,166,7782.61,513.1501156700001,-208.97093433
0.0,persistante,200,btc-updown-5m-1790420700,170,169,7634.85,1877.23758049,-140.85201951
0.0,persistante,200,btc-updown-5m-1790421000,164,162,6796.61,-3103.2892782,-864.1205782
0.0,persistante,200,btc-updown-5m-1790421300,130,127,5300.25,-445.8247695,-179.06331950000006
0.0,persistante,200,btc-updown-5m-1790421600,104,104,4499.32,,-146.10365940000003
0.0,persistante,200,eth-updown-5m-1790418900,398,383,12536.53,-3544.4385198400005,-263.39601984000006
0.0,persistante,200,eth-updown-5m-1790419200,475,464,15489.37,401.11216626999953,1041.99721627
0.0,persistante,200,eth-updown-5m-1790419500,78,77,2722.15,197.4034798,112.50042980000003
0.0,persistante,200,eth-updown-5m-1790419800,188,181,6382.97,-954.79400482,-149.07505482000002
0.0,persistante,200,eth-updown-5m-1790420100,227,218,8604.31,736.0934500799998,-241.69509991999993
0.0,persistante,200,eth-updown-5m-1790420400,158,146,5384.53,989.0505241899998,455.51557418999994
0.0,persistante,200,eth-updown-5m-1790420700,252,236,9429.1,3193.7729235399993,408.59292353999996
0.0,persistante,200,eth-updown-5m-1790421000,170,163,6849.06,-2263.1485297500003,-170.5850297499999
0.0,persistante,200,eth-updown-5m-1790421300,163,159,5999.85,-1271.7090510300002,-365.1945010300001
0.0,persistante,200,eth-updown-5m-1790421600,198,196,8074.46,-1695.99041097,-302.31911097
0.0,persistante,300,btc-updown-15m-1790419500,244,241,10944.05,3891.79715203,-81.19529797000007
0.0,persistante,300,btc-updown-15m-1790420400,282,277,12318.89,-1797.96243164,-555.6606816400001
0.0,persistante,300,btc-updown-5m-1790418900,99,89,3740.65,556.7699987599999,-59.121651240000034
0.0,persistante,300,btc-updown-5m-1790419200,117,108,4965.1,-537.47156214,-2.8391621400000115
0.0,persistante,300,btc-updown-5m-1790419500,74,72,3540.0,201.21010000000004,-65.23989999999995
0.0,persistante,300,btc-updown-5m-1790419800,231,230,10085.77,-1240.4914319399998,-905.25738194
0.0,persistante,300,btc-updown-5m-1790420100,133,132,6392.15,684.0045653199998,-230.61548467999995
0.0,persistante,300,btc-updown-5m-1790420400,174,166,7570.93,512.40429981,-214.33425019
0.0,persistante,300,btc-updown-5m-1790420700,170,167,7401.37,1902.4270294399998,-129.59557056
0.0,persistante,300,btc-updown-5m-1790421000,164,162,7099.31,-3154.7684830999997,-970.0795330999999
0.0,persistante,300,btc-updown-5m-1790421300,130,126,5348.87,-540.55998724,-184.34603724000004
0.0,persistante,300,btc-updown-5m-1790421600,104,104,4468.26,,-145.67301000000003
0.0,persistante,300,eth-updown-5m-1790418900,398,384,13015.73,-3623.70107881,-279.29857881000004
0.0,persistante,300,eth-updown-5m-1790419200,475,464,15810.0,513.7825809899996,1181.08468099
0.0,persistante,300,eth-updown-5m-1790419500,78,74,2607.15,187.6457108,119.80266080000003
0.0,persistante,300,eth-updown-5m-1790419800,188,177,6433.16,-842.8951003899999,-145.09615039000002
0.0,persistante,300,eth-updown-5m-1790420100,227,217,8750.7,864.6630414299997,-227.98655856999994
0.0,persistante,300,eth-updown-5m-1790420400,158,145,5216.7,1017.9263765799998,438.56597658
0.0,persistante,300,eth-updown-5m-1790420700,252,229,9355.73,3426.5829040999997,354.76195409999997
0.0,persistante,300,eth-updown-5m-1790421000,170,162,6956.64,-2285.63598835,-177.22768834999988
0.0,persistante,300,eth-updown-5m-1790421300,163,158,6067.59,-1409.0930157900002,-369.77631579000007
0.0,persistante,300,eth-updown-5m-1790421600,198,196,8037.93,-1689.0242411900003,-296.52759119
0.0,persistante,500,btc-updown-15m-1790419500,244,234,9933.53,3606.8776107199997,-56.405839280000045
0.0,persistante,500,btc-updown-15m-1790420400,282,275,11759.32,-1583.6280810500002,-517.0475810500001
0.0,persistante,500,btc-updown-5m-1790418900,99,88,3707.07,493.08388688999986,-73.51296311000004
0.0,persistante,500,btc-updown-5m-1790419200,117,106,4763.08,-589.5157212900001,-3.90502129000003
0.0,persistante,500,btc-updown-5m-1790419500,74,72,3508.8,210.93881839999997,-52.53518159999996
0.0,persistante,500,btc-updown-5m-1790419800,231,230,9872.96,-1225.3144073799997,-930.3606073799999
0.0,persistante,500,btc-updown-5m-1790420100,133,131,6363.45,647.5744818999998,-231.91756809999998
0.0,persistante,500,btc-updown-5m-1790420400,174,166,7830.62,580.28531056,-220.90898944000003
0.0,persistante,500,btc-updown-5m-1790420700,170,162,7334.44,1911.6896482100003,-209.45095178999998
0.0,persistante,500,btc-updown-5m-1790421000,164,162,7025.44,-3217.0595393599997,-879.9028893599999
0.0,persistante,500,btc-updown-5m-1790421300,130,125,5166.27,-545.9327363499999,-173.38238635000002
0.0,persistante,500,btc-updown-5m-1790421600,104,104,4311.14,,-132.59871800000002
0.0,persistante,500,eth-updown-5m-1790418900,398,379,12867.54,-3651.6501452000007,-276.92054520000005
0.0,persistante,500,eth-updown-5m-1790419200,475,459,15797.41,417.63040441999965,1098.69860442
0.0,persistante,500,eth-updown-5m-1790419500,78,77,2586.81,215.61496657,135.34361657000005
0.0,persistante,500,eth-updown-5m-1790419800,188,173,6583.61,-879.9002742100001,-175.99712421000004
0.0,persistante,500,eth-updown-5m-1790420100,227,218,8753.47,912.2304083799997,-231.52964161999998
0.0,persistante,500,eth-updown-5m-1790420400,158,144,5854.59,1212.2188233099998,574.52337331
0.0,persistante,500,eth-updown-5m-1790420700,252,226,9443.7,3451.56534988,345.49884987999997
0.0,persistante,500,eth-updown-5m-1790421000,170,157,6852.6,-2245.66636552,-155.30656551999988
0.0,persistante,500,eth-updown-5m-1790421300,163,156,5846.78,-1284.5670718400002,-351.3334218400001
0.0,persistante,500,eth-updown-5m-1790421600,198,196,7878.26,-1654.1319264600002,-288.63502646
0.0,persistante,750,btc-updown-15m-1790419500,244,231,10323.67,3760.76266579,-63.01108421000003
0.0,persistante,750,btc-updown-15m-1790420400,282,274,11710.78,-1562.08402635,-526.8919263500001
0.0,persistante,750,btc-updown-5m-1790418900,99,86,3861.91,579.1328319199998,-83.68066808000005
0.0,persistante,750,btc-updown-5m-1790419200,117,103,4695.76,-597.2806782399999,15.615521759999982
0.0,persistante,750,btc-updown-5m-1790419500,74,71,3347.18,229.70025576000003,-43.625244239999944
0.0,persistante,750,btc-updown-5m-1790419800,231,230,9460.22,-826.4527142799999,-815.7274142800001
0.0,persistante,750,btc-updown-5m-1790420100,133,131,6058.18,645.1600312,-218.5165688
0.0,persistante,750,btc-updown-5m-1790420400,174,166,7510.25,613.4262507299999,-143.01799927
0.0,persistante,750,btc-updown-5m-1790420700,170,160,7229.57,1668.2844070200001,-207.83154297999997
0.0,persistante,750,btc-updown-5m-1790421000,164,161,7183.01,-3259.8836705399995,-937.3642205399999
0.0,persistante,750,btc-updown-5m-1790421300,130,123,4952.07,-478.61376338,-156.88041338000002
0.0,persistante,750,btc-updown-5m-1790421600,104,104,4712.03,,-143.52684644
0.0,persistante,750,eth-updown-5m-1790418900,398,374,12765.78,-3559.463143000001,-250.35969300000005
0.0,persistante,750,eth-updown-5m-1790419200,475,454,16318.08,275.0434911499997,1131.54849115
0.0,persistante,750,eth-updown-5m-1790419500,78,76,2899.31,226.55338957,139.08953957000003
0.0,persistante,750,eth-updown-5m-1790419800,188,171,6566.84,-1039.95153993,-197.73793993000007
0.0,persistante,750,eth-updown-5m-1790420100,227,217,8814.91,916.1932874000001,-235.32596259999994
0.0,persistante,750,eth-updown-5m-1790420400,158,142,5668.13,1136.28567922,553.84772922
0.0,persistante,750,eth-updown-5m-1790420700,252,222,8992.11,3229.6534636899996,379.83781368999996
0.0,persistante,750,eth-updown-5m-1790421000,170,152,6591.55,-2092.89484136,-156.34939135999988
0.0,persistante,750,eth-updown-5m-1790421300,163,151,5613.32,-1369.7377845300002,-357.77648453000006
0.0,persistante,750,eth-updown-5m-1790421600,198,196,7550.01,-1627.8477413300002,-281.43699133
0.0,persistante,1000,btc-updown-15m-1790419500,244,235,10773.45,3825.67060926,-93.23514074
0.0,persistante,1000,btc-updown-15m-1790420400,282,273,11492.74,-1637.1704833499998,-529.85573335
0.0,persistante,1000,btc-updown-5m-1790418900,99,83,3860.49,603.0129883299999,-82.08756167000004
0.0,persistante,1000,btc-updown-5m-1790419200,117,103,4571.12,-578.34726794,29.990532059999968
0.0,persistante,1000,btc-updown-5m-1790419500,74,71,3484.0,237.44102700000002,-24.87897299999993
0.0,persistante,1000,btc-updown-5m-1790419800,231,230,9908.51,-819.4375324499999,-774.3849324500001
0.0,persistante,1000,btc-updown-5m-1790420100,133,130,6244.38,581.9559156400001,-264.25538435999994
0.0,persistante,1000,btc-updown-5m-1790420400,174,163,7413.43,451.1298964199999,-152.66155358
0.0,persistante,1000,btc-updown-5m-1790420700,170,161,7105.51,1598.1491046800002,-292.43044532
0.0,persistante,1000,btc-updown-5m-1790421000,164,160,6984.27,-3060.45396071,-875.4973107099999
0.0,persistante,1000,btc-updown-5m-1790421300,130,123,4967.71,-666.73049589,-158.73654589
0.0,persistante,1000,btc-updown-5m-1790421600,104,104,4976.54,,-148.90846203
0.0,persistante,1000,eth-updown-5m-1790418900,398,365,12140.48,-3296.94280865,-223.89735865000003
0.0,persistante,1000,eth-updown-5m-1790419200,475,447,15822.46,544.1222427000005,1092.5508927
0.0,persistante,1000,eth-updown-5m-1790419500,78,75,2720.54,178.48457845000001,129.01927845000003
0.0,persistante,1000,eth-updown-5m-1790419800,188,167,6600.1,-1049.50807208,-210.10652208000008
0.0,persistante,1000,eth-updown-5m-1790420100,227,218,8843.62,755.2775643899998,-260.67263560999993
0.0,persistante,1000,eth-updown-5m-1790420400,158,138,5552.5,1066.31051217,461.93256217
0.0,persistante,1000,eth-updown-5m-1790420700,252,222,9279.43,3240.7647067799994,447.90015678
0.0,persistante,1000,eth-updown-5m-1790421000,170,152,6313.58,-2026.34646648,-145.8129664799999
0.0,persistante,1000,eth-updown-5m-1790421300,163,146,5840.95,-1505.3697391900002,-380.7949891900001
0.0,persistante,1000,eth-updown-5m-1790421600,198,196,8061.64,-1715.5780042400002,-307.46740424
0.0,persistante,2000,btc-updown-15m-1790419500,244,230,10193.57,3451.5289480500005,-203.78830195
0.0,persistante,2000,btc-updown-15m-1790420400,282,272,11453.63,-1495.5987834100006,-545.7737334100002
0.0,persistante,2000,btc-updown-5m-1790418900,99,86,4023.54,613.3131596599998,-70.13964034000011
0.0,persistante,2000,btc-updown-5m-1790419200,117,100,4678.97,-633.51647793,-46.47862793000002
0.0,persistante,2000,btc-updown-5m-1790419500,74,70,3173.81,226.54888646999999,-22.510763529999952
0.0,persistante,2000,btc-updown-5m-1790419800,231,226,10250.19,-1203.3256909499999,-1095.73324095
0.0,persistante,2000,btc-updown-5m-1790420100,133,125,5646.32,658.5491324600001,-236.92046753999995
0.0,persistante,2000,btc-updown-5m-1790420400,174,159,7257.64,545.5941310799999,-67.50386891999999
0.0,persistante,2000,btc-updown-5m-1790420700,170,152,6942.94,1572.2673700000003,-262.42852999999997
0.0,persistante,2000,btc-updown-5m-1790421000,164,161,7005.08,-3021.47195581,-1082.15685581
0.0,persistante,2000,btc-updown-5m-1790421300,130,117,4815.29,-682.73068532,-180.92843532000006
0.0,persistante,2000,btc-updown-5m-1790421600,104,104,4994.66,,-157.02424845000002
0.0,persistante,2000,eth-updown-5m-1790418900,398,355,11302.4,-2818.0225669700003,-229.87516697
0.0,persistante,2000,eth-updown-5m-1790419200,475,432,14662.8,200.4436357999998,695.3297858000001
0.0,persistante,2000,eth-updown-5m-1790419500,78,68,2595.46,120.20349977,120.87169977000003
0.0,persistante,2000,eth-updown-5m-1790419800,188,161,6245.07,-1014.8555849200001,-136.76483492000003
0.0,persistante,2000,eth-updown-5m-1790420100,227,210,7854.9,752.30467855,-252.69312144999995
0.0,persistante,2000,eth-updown-5m-1790420400,158,131,4522.52,605.7668691199999,272.52876912
0.0,persistante,2000,eth-updown-5m-1790420700,252,213,8750.01,3319.18818496,352.14413496
0.0,persistante,2000,eth-updown-5m-1790421000,170,146,6554.9,-2183.13965151,-175.2656515099999
0.0,persistante,2000,eth-updown-5m-1790421300,163,148,5769.49,-1519.6801557900003,-370.29500579000006
0.0,persistante,2000,eth-updown-5m-1790421600,198,196,8437.57,-1790.18598576,-362.61913576
0.0,persistante,5000,btc-updown-15m-1790419500,244,203,8912.26,3075.8996421899997,-280.80065780999996
0.0,persistante,5000,btc-updown-15m-1790420400,282,258,10325.34,-980.0603691699996,-540.2092191700001
0.0,persistante,5000,btc-updown-5m-1790418900,99,81,3865.42,619.6517669399998,-31.32153306000007
0.0,persistante,5000,btc-updown-5m-1790419200,117,91,4346.62,-616.15795982,-32.58645981999995
0.0,persistante,5000,btc-updown-5m-1790419500,74,69,3265.7,174.6269324,36.02843240000003
0.0,persistante,5000,btc-updown-5m-1790419800,231,224,9948.98,-1183.0657887,-1100.7991886999998
0.0,persistante,5000,btc-updown-5m-1790420100,133,117,4946.87,77.61310843999979,-353.79324156
0.0,persistante,5000,btc-updown-5m-1790420400,174,145,7044.91,554.80318113,60.064731130000084
0.0,persistante,5000,btc-updown-5m-1790420700,170,139,6603.43,1775.32171096,-128.94423903999993
0.0,persistante,5000,btc-updown-5m-1790421000,164,154,6855.62,-2659.62533284,-996.13103284
0.0,persistante,5000,btc-updown-5m-1790421300,130,116,5050.19,-518.77406448,-192.37341448000004
0.0,persistante,5000,btc-updown-5m-1790421600,104,95,4340.33,,-141.83551416000003
0.0,persistante,5000,eth-updown-5m-1790418900,398,340,13563.76,-3058.40765742,-276.3803574200001
0.0,persistante,5000,eth-updown-5m-1790419200,475,374,13322.6,600.7153747499999,851.0321247500001
0.0,persistante,5000,eth-updown-5m-1790419500,78,51,1538.76,77.28967676000002,59.65457676000005
0.0,persistante,5000,eth-updown-5m-1790419800,188,128,5153.05,-576.5386178000002,-57.149067800000054
0.0,persistante,5000,eth-updown-5m-1790420100,227,185,7248.96,271.9095321000001,-213.27556789999988
0.0,persistante,5000,eth-updown-5m-1790420400,158,109,4362.72,388.6656366599999,114.58423666
0.0,persistante,5000,eth-updown-5m-1790420700,252,184,7595.49,3077.9017480400003,249.02989804000003
0.0,persistante,5000,eth-updown-5m-1790421000,170,141,5503.21,-1801.1149368499998,-154.42178684999996
0.0,persistante,5000,eth-updown-5m-1790421300,163,139,5774.64,-1744.57631012,-421.90836012
0.0,persistante,5000,eth-updown-5m-1790421600,198,196,8564.92,-1764.7714395000003,-389.88363949999996
0.0,saut,0,btc-updown-15m-1790419500,9,9,330.0,141.57438000000002,28.124379999999995
0.0,saut,0,btc-updown-15m-1790420400,27,27,778.99,178.15135055,40.034200550000016
0.0,saut,0,btc-updown-5m-1790418900,7,7,91.55,38.834880139999996,3.2429301399999946
0.0,saut,0,btc-updown-5m-1790419200,13,13,328.06,24.455206999999998,29.982707
0.0,saut,0,btc-updown-5m-1790419500,7,7,222.52,61.79055684,8.676356839999995
0.0,saut,0,btc-updown-5m-1790419800,9,9,215.45,-5.44383040000001,22.11891959999999
0.0,saut,0,btc-updown-5m-1790420100,4,4,155.0,-10.881165000000001,-0.5561650000000093
0.0,saut,0,btc-updown-5m-1790420400,18,18,403.72,-50.81238652,55.74531347999999
0.0,saut,0,btc-updown-5m-1790420700,11,11,366.62,141.00160363999998,-8.907296360000009
0.0,saut,0,btc-updown-5m-1790421000,9,9,280.0,57.696040000000025,25.54604
0.0,saut,0,btc-updown-5m-1790421300,5,5,46.0,-26.968942,1.781058
0.0,saut,0,eth-updown-5m-1790418900,14,14,361.53,-17.49053025,-19.38228025
0.0,saut,0,eth-updown-5m-1790419200,7,7,134.29,-33.10693393,5.056066069999998
0.0,saut,0,eth-updown-5m-1790419500,2,2,60.01,28.059467299999998,3.1553172999999965
0.0,saut,0,eth-updown-5m-1790419800,11,11,340.96,61.61445848000002,32.64005848
0.0,saut,0,eth-updown-5m-1790420100,22,22,494.78,-59.00327326,38.72582674
0.0,saut,0,eth-updown-5m-1790420400,8,8,141.93,-12.300637539999999,15.177012459999997
0.0,saut,0,eth-updown-5m-1790420700,21,21,421.81,143.30935128,38.438601279999986
0.0,saut,0,eth-updown-5m-1790421000,2,2,63.69,29.69902067,-3.8751293300000005
0.0,saut,0,eth-updown-5m-1790421300,6,6,211.0,18.453147,3.9981470000000017
0.0,saut,25,btc-updown-15m-1790419500,9,5,170.0,70.04925000000001,15.499250000000007
0.0,saut,25,btc-updown-15m-1790420400,27,21,662.75,177.41901531000002,31.48886531000001
0.0,saut,25,btc-updown-5m-1790418900,7,5,76.93,32.9400548,2.644804799999995
0.0,saut,25,btc-updown-5m-1790419200,13,13,362.36,38.59183152,29.208431520000005
0.0,saut,25,btc-updown-5m-1790419500,7,7,207.52,60.52655184,8.687351839999994
0.0,saut,25,btc-updown-5m-1790419800,9,9,371.0,4.012391999999984,27.857391999999983
0.0,saut,25,btc-updown-5m-1790420100,4,4,155.0,-10.881165000000001,-0.5561650000000093
0.0,saut,25,btc-updown-5m-1790420400,18,15,386.15,-51.779380999999994,59.830968999999996
0.0,saut,25,btc-updown-5m-1790420700,11,8,326.67,141.26378053999997,-10.571469460000012
0.0,saut,25,btc-updown-5m-1790421000,9,9,230.0,91.67612000000001,22.776120000000002
0.0,saut,25,btc-updown-5m-1790421300,5,5,30.61,-18.10351113,1.0277388700000007
0.0,saut,25,eth-updown-5m-1790418900,14,14,411.53,-34.68850025,-23.26525025
0.0,saut,25,eth-updown-5m-1790419200,7,7,184.29,-62.156313929999996,3.6566860699999997
0.0,saut,25,eth-updown-5m-1790419500,2,2,60.01,28.059467299999998,3.1553172999999965
0.0,saut,25,eth-updown-5m-1790419800,11,8,240.96,-18.77322152,18.13237848
0.0,saut,25,eth-updown-5m-1790420100,22,21,388.64,11.859200639999997,39.34680064
0.0,saut,25,eth-updown-5m-1790420400,8,8,208.16,-33.40499945,41.93180055
0.0,saut,25,eth-updown-5m-1790420700,21,18,383.46,137.68161168,14.930111679999996
0.0,saut,25,eth-updown-5m-1790421000,2,2,63.69,29.69902067,-3.8751293300000005
0.0,saut,25,eth-updown-5m-1790421300,6,5,250.0,17.517400000000002,3.017400000000001
0.0,saut,50,btc-updown-15m-1790419500,9,5,170.0,70.04925000000001,15.499250000000007
0.0,saut,50,btc-updown-15m-1790420400,27,21,710.19,210.27944644000002,24.33269644000001
0.0,saut,50,btc-updown-5m-1790418900,7,5,83.64,35.79073732,2.643737319999994
0.0,saut,50,btc-updown-5m-1790419200,13,13,338.31,23.527085369999998,25.326935370000005
0.0,saut,50,btc-updown-5m-1790419500,7,7,197.52,59.683881840000005,8.694681839999994
0.0,saut,50,btc-updown-5m-1790419800,9,9,306.08,-45.845388960000015,30.260211039999987
0.0,saut,50,btc-updown-5m-1790420100,4,4,155.0,-10.881165000000001,-0.5561650000000093
0.0,saut,50,btc-updown-5m-1790420400,18,12,383.87,-52.88824756,53.96710244
0.0,saut,50,btc-updown-5m-1790420700,11,8,251.54,110.56271307999998,2.1022130799999914
0.0,saut,50,btc-updown-5m-1790421000,9,8,225.0,95.29818500000002,22.223185
0.0,saut,50,btc-updown-5m-1790421300,5,5,30.61,-18.10351113,1.0277388700000007
0.0,saut,50,eth-updown-5m-1790418900,14,12,347.0,-18.676687999999995,-19.001687999999994
0.0,saut,50,eth-updown-5m-1790419200,7,7,214.29,-80.56192392999999,3.10107607
0.0,saut,50,eth-updown-5m-1790419500,2,2,50.01,23.3343973,2.5802472999999964
0.0,saut,50,eth-updown-5m-1790419800,11,8,240.96,-18.77322152,18.13237848
0.0,saut,50,eth-updown-5m-1790420100,22,21,380.35,-5.665645790000001,37.39170421
0.0,saut,50,eth-updown-5m-1790420400,8,8,214.16,-34.48426145,41.48253855
0.0,saut,50,eth-updown-5m-1790420700,21,17,344.46,110.28805068,25.64155067999999
0.0,saut,50,eth-updown-5m-1790421000,2,1,50.0,22.1306,-4.119400000000001
0.0,saut,50,eth-updown-5m-1790421300,6,5,250.0,17.517400000000002,2.767400000000001
0.0,saut,100,btc-updown-15m-1790419500,9,5,210.0,83.31428000000001,15.36428000000001
0.0,saut,100,btc-updown-15m-1790420400,27,21,761.87,194.40321517,8.08286517000001
0.0,saut,100,btc-updown-5m-1790418900,7,5,57.6,24.328580159999994,2.248580159999997
0.0,saut,100,btc-updown-5m-1790419200,13,10,226.16,-5.364959719999992,11.616240280000001
0.0,saut,100,btc-updown-5m-1790419500,7,5,122.52,43.121181840000006,4.50698184
0.0,saut,100,btc-updown-5m-1790419800,9,9,377.54,8.972639519999994,27.55293951999998
0.0,saut,100,btc-updown-5m-1790420100,4,3,150.0,-11.777300000000002,-0.5273000000000083
0.0,saut,100,btc-updown-5m-1790420400,18,8,301.0,-35.85715700000001,48.597843
0.0,saut,100,btc-updown-5m-1790420700,11,5,54.47,28.828926440000004,-4.466323560000001
0.0,saut,100,btc-updown-5m-1790421000,9,7,175.0,113.94291500000001,17.867915000000004
0.0,saut,100,btc-updown-5m-1790421300,5,5,26.61,-15.913343129999998,0.7179068700000022
0.0,saut,100,eth-updown-5m-1790418900,14,11,398.64,-43.32776172,-37.221761719999996
0.0,saut,100,eth-updown-5m-1790419200,7,6,168.85,-83.37877624999999,0.2162237500000026
0.0,saut,100,eth-updown-5m-1790419500,2,2,50.01,23.3343973,2.5802472999999964
0.0,saut,100,eth-updown-5m-1790419800,11,5,90.96,-56.67112151999999,4.484478480000001
0.0,saut,100,eth-updown-5m-1790420100,22,17,277.09,-5.809663790000007,25.68628621
0.0,saut,100,eth-updown-5m-1790420400,8,6,129.86,-11.266435079999997,16.69886492
0.0,saut,100,eth-updown-5m-1790420700,21,16,387.46,143.57295568,16.591455679999996
0.0,saut,100,eth-updown-5m-1790421000,2,1,50.0,22.1306,-4.119400000000001
0.0,saut,100,eth-updown-5m-1790421300,6,4,181.0,13.044098000000004,2.5890979999999972
0.0,saut,150,btc-updown-15m-1790419500,9,5,170.0,70.04925000000001,15.499250000000007
0.0,saut,150,btc-updown-15m-1790420400,27,20,768.36,122.5754006,7.5340006000000095
0.0,saut,150,btc-updown-5m-1790418900,7,5,36.85,15.008960479999999,1.7477104799999994
0.0,saut,150,btc-updown-5m-1790419200,13,8,205.92000000000002,36.987747760000005,21.30734776
0.0,saut,150,btc-updown-5m-1790419500,7,5,109.0,41.981892,4.516892
0.0,saut,150,btc-updown-5m-1790419800,9,9,421.0,42.34939799999997,25.944397999999982
0.0,saut,150,btc-updown-5m-1790420100,4,2,98.87,-21.33385611,-0.6474061100000039
0.0,saut,150,btc-updown-5m-1790420400,18,6,267.0,-42.80494400000001,45.740055999999996
0.0,saut,150,btc-updown-5m-1790420700,11,5,157.14000000000001,66.68054838000002,-24.724951619999995
0.0,saut,150,btc-updown-5m-1790421000,9,7,136.63,81.26809736000001,14.94724736
0.0,saut,150,btc-updown-5m-1790421300,5,4,24.0,-14.329247999999998,0.670752000000002
0.0,saut,150,eth-updown-5m-1790418900,14,11,428.64,-56.74247172,-36.08647172
0.0,saut,150,eth-updown-5m-1790419200,7,3,15.0,5.747999999999999,1.247999999999999
0.0,saut,150,eth-updown-5m-1790419500,2,2,50.01,23.3343973,2.7283972999999966
0.0,saut,150,eth-updown-5m-1790419800,11,5,178.96,-118.08582552,5.989774479999991
0.0,saut,150,eth-updown-5m-1790420100,22,12,195.5,29.343005259999998,20.035805260000004
0.0,saut,150,eth-updown-5m-1790420400,8,6,135.86,-12.345697079999997,16.249602919999997
0.0,saut,150,eth-updown-5m-1790420700,21,15,287.7,85.44617867999997,8.467878679999997
0.0,saut,150,eth-updown-5m-1790421000,2,1,50.0,22.1306,-4.119400000000001
0.0,saut,150,eth-updown-5m-1790421300,6,3,92.0,1.3280999999999992,-0.6519000000000019
0.0,saut,200,btc-updown-15m-1790419500,9,5,210.0,83.31428000000001,15.36428000000001
0.0,saut,200,btc-updown-15m-1790420400,27,20,703.17,113.55319405,3.866144050000006
0.0,saut,200,btc-updown-5m-1790418900,7,3,20.29,8.65355848,0.39030847999999846
0.0,saut,200,btc-updown-5m-1790419200,13,8,200.92000000000002,25.57811776,16.87271776
0.0,saut,200,btc-updown-5m-1790419500,7,4,104.0,41.560557,4.520557
0.0,saut,200,btc-updown-5m-1790419800,9,6,217.11,98.957529,4.85067899999999
0.0,saut,200,btc-updown-5m-1790420100,4,2,100.0,-21.2173,-0.7173000000000043
0.0,saut,200,btc-updown-5m-1790420400,18,4,190.0,0.6492299999999958,60.09922999999999
0.0,saut,200,btc-updown-5m-1790420700,11,4,72.92,29.488103360000007,-12.440896639999998
0.0,saut,200,btc-updown-5m-1790421000,9,6,121.95,70.56517612,10.87572612
0.0,saut,200,btc-updown-5m-1790421300,5,4,36.0,-21.790301999999997,0.7096980000000022
0.0,saut,200,eth-updown-5m-1790418900,14,11,483.0,-65.49952499999999,-43.484525
0.0,saut,200,eth-updown-5m-1790419200,7,2,10.0,3.832,0.8319999999999994
0.0,saut,200,eth-updown-5m-1790419500,2,2,37.01,17.3215333,2.045533299999998
0.0,saut,200,eth-updown-5m-1790419800,11,2,75.0,-50.354775,3.2702250000000013
0.0,saut,200,eth-updown-5m-1790420100,22,12,131.52,24.29364768,13.862047680000002
0.0,saut,200,eth-updown-5m-1790420400,8,5,109.86,-2.727775079999999,13.137524919999997
0.0,saut,200,eth-updown-5m-1790420700,21,14,255.18,67.12851837999999,6.624618379999998
0.0,saut,200,eth-updown-5m-1790421000,2,1,50.0,22.1306,-4.119400000000001
0.0,saut,200,eth-updown-5m-1790421300,6,3,92.0,1.3280999999999992,-0.6519000000000019
0.0,saut,300,btc-updown-15m-1790419500,9,5,145.0,54.70481,5.229810000000006
0.0,saut,300,btc-updown-15m-1790420400,27,15,446.69,134.15854328,-14.499906720000002
0.0,saut,300,btc-updown-5m-1790418900,7,2,1.56,0.6749729999999999,0.011972999999999807
0.0,saut,300,btc-updown-5m-1790419200,13,7,195.48000000000002,-2.3020649599999965,5.996135040000003
0.0,saut,300,btc-updown-5m-1790419500,7,4,72.99000000000001,31.703592000000004,2.7529420000000013
0.0,saut,300,btc-updown-5m-1790419800,9,5,217.54,97.82870951999999,3.709009519999989
0.0,saut,300,btc-updown-5m-1790420100,4,2,100.0,-21.2173,-0.7173000000000043
0.0,saut,300,btc-updown-5m-1790420400,18,4,156.0,11.698311999999998,43.77831199999999
0.0,saut,300,btc-updown-5m-1790420700,11,4,116.19,43.6146024,-24.1238476
0.0,saut,300,btc-updown-5m-1790421000,9,3,126.0,104.110568,7.880568000000001
0.0,saut,300,btc-updown-5m-1790421300,5,4,10.44,-6.336380519999999,0.18861948000000056
0.0,saut,300,eth-updown-5m-1790418900,14,10,446.0,-78.93701700000001,-49.847016999999994
0.0,saut,300,eth-updown-5m-1790419200,7,1,5.0,1.916,0.4159999999999997
0.0,saut,300,eth-updown-5m-1790419500,2,2,26.009999999999998,12.1239563,1.4129562999999983
0.0,saut,300,eth-updown-5m-1790419800,11,2,75.0,-50.354775,3.2702250000000013
0.0,saut,300,eth-updown-5m-1790420100,22,9,108.44,18.574728519999994,11.008928520000003
0.0,saut,300,eth-updown-5m-1790420400,8,5,109.86,-2.727775079999999,13.137524919999997
0.0,saut,300,eth-updown-5m-1790420700,21,11,457.36,194.53239087999998,-7.6536091200000085
0.0,saut,300,eth-updown-5m-1790421000,2,1,50.0,22.1306,-4.119400000000001
0.0,saut,300,eth-updown-5m-1790421300,6,2,68.0,-1.1494440000000006,-1.3894440000000008
0.0,saut,500,btc-updown-15m-1790419500,9,4,117.64,43.737336879999994,3.2279368800000032
0.0,saut,500,btc-updown-15m-1790420400,27,8,199.03,54.47704356,-10.595906440000002
0.0,saut,500,btc-updown-5m-1790418900,7,0,0.0,0.0,0.0
0.0,saut,500,btc-updown-5m-1790419200,13,1,39.05,18.451398349999998,3.80764835
0.0,saut,500,btc-updown-5m-1790419500,7,4,81.87,34.725647,2.6621970000000026
0.0,saut,500,btc-updown-5m-1790419800,9,4,200.0,155.15744999999998,-5.84255000000001
0.0,saut,500,btc-updown-5m-1790420100,4,2,100.0,-21.2173,0.032700000000002394
0.0,saut,500,btc-updown-5m-1790420400,18,5,188.41,-28.65261392,67.31533608000001
0.0,saut,500,btc-updown-5m-1790420700,11,2,22.22,8.07714776,-4.92155224
0.0,saut,500,btc-updown-5m-1790421000,9,3,106.0,87.917208,2.727207999999999
0.0,saut,500,btc-updown-5m-1790421300,5,0,0.0,0.0,0.0
0.0,saut,500,eth-updown-5m-1790418900,14,10,192.0,-33.247519,-19.707519
0.0,saut,500,eth-updown-5m-1790419200,7,0,0.0,0.0,0.0
0.0,saut,500,eth-updown-5m-1790419500,2,2,46.26,21.396545279999998,2.2817952799999954
0.0,saut,500,eth-updown-5m-1790419800,11,1,25.0,-20.996925,-3.1219250000000005
0.0,saut,500,eth-updown-5m-1790420100,22,8,243.35999999999999,67.60681688,28.231616880000008
0.0,saut,500,eth-updown-5m-1790420400,8,3,120.0,-11.428359999999998,-3.328360000000001
0.0,saut,500,eth-updown-5m-1790420700,21,10,413.36,167.54562088,-10.460379120000006
0.0,saut,500,eth-updown-5m-1790421000,2,1,50.0,22.1306,-4.119400000000001
0.0,saut,500,eth-updown-5m-1790421300,6,1,50.0,-2.6662500000000002,-1.9162499999999996
0.0,saut,750,btc-updown-15m-1790419500,9,3,104.23,35.36399344,-0.0183565599999954
0.0,saut,750,btc-updown-15m-1790420400,27,8,351.89,126.68137668000003,-24.91547331999999
0.0,saut,750,btc-updown-5m-1790418900,7,0,0.0,0.0,0.0
0.0,saut,750,btc-updown-5m-1790419200,13,0,0.0,0.0,0.0
0.0,saut,750,btc-updown-5m-1790419500,7,3,76.87,33.589487000000005,2.3510370000000025
0.0,saut,750,btc-updown-5m-1790419800,9,4,200.0,155.67739999999998,-5.32260000000001
0.0,saut,750,btc-updown-5m-1790420100,4,2,100.0,-21.2173,0.28269999999999706
0.0,saut,750,btc-updown-5m-1790420400,18,6,270.0,-45.04219,78.50781
0.0,saut,750,btc-updown-5m-1790420700,11,3,60.0,21.810480000000002,-13.28952
0.0,saut,750,btc-updown-5m-1790421000,9,2,100.0,83.0592,0.5591999999999986
0.0,saut,750,btc-updown-5m-1790421300,5,0,0.0,0.0,0.0
0.0,saut,750,eth-updown-5m-1790418900,14,10,252.0,-48.574988,-19.274988
0.0,saut,750,eth-updown-5m-1790419200,7,0,0.0,0.0,0.0
0.0,saut,750,eth-updown-5m-1790419500,2,2,33.26,15.383681279999998,1.6639312799999968
0.0,saut,750,eth-updown-5m-1790419800,11,1,45.0,-37.794465,-10.344465
0.0,saut,750,eth-updown-5m-1790420100,22,8,232.12,47.455066959999996,23.842866960000006
0.0,saut,750,eth-updown-5m-1790420400,8,2,100.0,-2.8896999999999977,-6.8897
0.0,saut,750,eth-updown-5m-1790420700,21,9,347.28,154.91879264000002,-8.979207360000004
0.0,saut,750,eth-updown-5m-1790421000,2,0,0.0,0.0,0.0
0.0,saut,750,eth-updown-5m-1790421300,6,1,50.0,-2.6662500000000002,-1.9162499999999996
0.0,saut,1000,btc-updown-15m-1790419500,9,3,104.23,35.36399344,-0.03950655999999543
0.0,saut,1000,btc-updown-15m-1790420400,27,7,337.0,120.40283400000003,-30.292165999999995
0.0,saut,1000,btc-updown-5m-1790418900,7,0,0.0,0.0,0.0
0.0,saut,1000,btc-updown-5m-1790419200,13,0,0.0,0.0,0.0
0.0,saut,1000,btc-updown-5m-1790419500,7,3,104.87,44.87203100000001,2.8535810000000046
0.0,saut,1000,btc-updown-5m-1790419800,9,4,200.0,155.67739999999998,-5.32260000000001
0.0,saut,1000,btc-updown-5m-1790420100,4,2,100.0,-21.2173,0.28269999999999706
0.0,saut,1000,btc-updown-5m-1790420400,18,6,212.92000000000002,-29.864369160000006,63.93203084000001
0.0,saut,1000,btc-updown-5m-1790420700,11,4,110.0,39.98588000000001,-24.364119999999996
0.0,saut,1000,btc-updown-5m-1790421000,9,1,50.0,41.5296,0.2795999999999993
0.0,saut,1000,btc-updown-5m-1790421300,5,0,0.0,0.0,0.0
0.0,saut,1000,eth-updown-5m-1790418900,14,11,410.0,-74.782877,-32.412877
0.0,saut,1000,eth-updown-5m-1790419200,7,0,0.0,0.0,0.0
0.0,saut,1000,eth-updown-5m-1790419500,2,2,33.26,15.383681279999998,1.6639312799999968
0.0,saut,1000,eth-updown-5m-1790419800,11,1,50.0,-41.99385,-10.743849999999998
0.0,saut,1000,eth-updown-5m-1790420100,22,8,187.95999999999998,20.80415367999999,16.982353680000003
0.0,saut,1000,eth-updown-5m-1790420400,8,2,100.0,-2.8896999999999977,-6.8897
0.0,saut,1000,eth-updown-5m-1790420700,21,11,243.48000000000002,84.93444404,-7.555555960000005
0.0,saut,1000,eth-updown-5m-1790421000,2,0,0.0,0.0,0.0
0.0,saut,1000,eth-updown-5m-1790421300,6,2,86.0,0.3673619999999991,-0.862638000000002
0.0,saut,2000,btc-updown-15m-1790419500,9,3,110.0,38.032779999999995,0.08278000000000452
0.0,saut,2000,btc-updown-15m-1790420400,27,6,300.0,31.545050000000014,-22.95495
0.0,saut,2000,btc-updown-5m-1790418900,7,0,0.0,0.0,0.0
0.0,saut,2000,btc-updown-5m-1790419200,13,0,0.0,0.0,0.0
0.0,saut,2000,btc-updown-5m-1790419500,7,3,76.87,33.589487000000005,2.899737000000003
0.0,saut,2000,btc-updown-5m-1790419800,9,4,200.0,157.23935,-3.76065000000001
0.0,saut,2000,btc-updown-5m-1790420100,4,1,50.0,5.630400000000002,-2.6195999999999997
0.0,saut,2000,btc-updown-5m-1790420400,18,9,284.33,-42.014279009999996,17.70327099
0.0,saut,2000,btc-updown-5m-1790420700,11,4,200.0,77.62740000000001,-39.3726
0.0,saut,2000,btc-updown-5m-1790421000,9,0,0.0,0.0,0.0
0.0,saut,2000,btc-updown-5m-1790421300,5,0,0.0,0.0,0.0
0.0,saut,2000,eth-updown-5m-1790418900,14,11,465.0,-89.850575,-34.375575
0.0,saut,2000,eth-updown-5m-1790419200,7,4,163.0,-86.56502400000001,38.79997599999998
0.0,saut,2000,eth-updown-5m-1790419500,2,2,29.93,13.84346304,1.422513039999997
0.0,saut,2000,eth-updown-5m-1790419800,11,2,88.0,-64.116906,-8.616905999999997
0.0,saut,2000,eth-updown-5m-1790420100,22,4,110.0,-26.764580000000002,7.260420000000005
0.0,saut,2000,eth-updown-5m-1790420400,8,2,60.0,5.730830000000003,1.0308300000000035
0.0,saut,2000,eth-updown-5m-1790420700,21,9,375.64,174.21749032000002,-23.171509680000014
0.0,saut,2000,eth-updown-5m-1790421000,2,0,0.0,0.0,0.0
0.0,saut,2000,eth-updown-5m-1790421300,6,1,50.0,-2.6662500000000002,-1.9162499999999996
0.0,saut,5000,btc-updown-15m-1790419500,9,0,0.0,0.0,0.0
0.0,saut,5000,btc-updown-15m-1790420400,27,7,310.65999999999997,89.78401199999999,-18.398288000000004
0.0,saut,5000,btc-updown-5m-1790418900,7,0,0.0,0.0,0.0
0.0,saut,5000,btc-updown-5m-1790419200,13,0,0.0,0.0,0.0
0.0,saut,5000,btc-updown-5m-1790419500,7,1,26.87,12.964775000000001,1.8137250000000003
0.0,saut,5000,btc-updown-5m-1790419800,9,4,200.0,157.76,-3.2400000000000095
0.0,saut,5000,btc-updown-5m-1790420100,4,1,50.0,8.006150000000002,0.25614999999999943
0.0,saut,5000,btc-updown-5m-1790420400,18,7,319.63,-76.70795496,-22.680204959999994
0.0,saut,5000,btc-updown-5m-1790420700,11,6,260.0,102.88993000000002,-49.21006999999999
0.0,saut,5000,btc-updown-5m-1790421000,9,0,0.0,0.0,0.0
0.0,saut,5000,btc-updown-5m-1790421300,5,0,0.0,0.0,0.0
0.0,saut,5000,eth-updown-5m-1790418900,14,11,348.0,-41.06067900000001,-14.590679000000002
0.0,saut,5000,eth-updown-5m-1790419200,7,3,105.08,-61.50027755999999,26.241522439999997
0.0,saut,5000,eth-updown-5m-1790419500,2,2,4.6,2.1276287999999997,0.25312879999999954
0.0,saut,5000,eth-updown-5m-1790419800,11,4,193.38,-143.36390121,-30.946951209999995
0.0,saut,5000,eth-updown-5m-1790420100,22,4,55.0,-14.260185,3.8648149999999974
0.0,saut,5000,eth-updown-5m-1790420400,8,1,50.0,7.529600000000003,2.279600000000004
0.0,saut,5000,eth-updown-5m-1790420700,21,13,451.64,227.68620031999998,-33.879199680000006
0.0,saut,5000,eth-updown-5m-1790421000,2,0,0.0,0.0,0.0
0.0,saut,5000,eth-updown-5m-1790421300,6,2,100.0,0.668200000000005,-1.8317999999999917
0.01,carnet,0,btc-updown-15m-1790419500,30,30,605.72,14.963788620000019,-32.476611379999994
0.01,carnet,0,btc-updown-15m-1790420400,102,102,2051.8,-300.9371844999999,-127.86588449999999
0.01,carnet,0,btc-updown-5m-1790418900,41,41,1220.28,-15.385800580000012,-32.769300580000014
0.01,carnet,0,btc-updown-5m-1790419200,38,38,967.68,238.37462411,82.46042411
0.01,carnet,0,btc-updown-5m-1790419500,19,19,474.81,-24.31620146,-14.549351459999993
0.01,carnet,0,btc-updown-5m-1790419800,23,23,634.73,-271.42711664,-8.483116639999992
0.01,carnet,0,btc-updown-5m-1790420100,23,23,668.84,-180.73344109999996,-20.028341099999984
0.01,carnet,0,btc-updown-5m-1790420400,47,47,1271.48,-77.67694382,-154.46784381999998
0.01,carnet,0,btc-updown-5m-1790420700,50,50,1151.48,-93.18389951,-50.08639951
0.01,carnet,0,btc-updown-5m-1790421000,37,37,1272.2,-604.27231896,-18.657618960000043
0.01,carnet,0,btc-updown-5m-1790421300,15,15,323.64,33.89458900000001,-6.395611000000004
0.01,carnet,0,btc-updown-5m-1790421600,11,11,201.21,,-9.169196150000001
0.01,carnet,0,eth-updown-5m-1790418900,58,58,979.0,-309.37258399999996,-36.927583999999996
0.01,carnet,0,eth-updown-5m-1790419200,131,131,2533.86,49.790436270000015,-112.76466373000001
0.01,carnet,0,eth-updown-5m-1790419500,48,48,704.16,5.851831640000011,3.606431640000001
0.01,carnet,0,eth-updown-5m-1790419800,70,70,1382.37,-360.06348502,-17.371435020000014
0.01,carnet,0,eth-updown-5m-1790420100,42,42,918.58,214.51044137999997,-38.011958619999994
0.01,carnet,0,eth-updown-5m-1790420400,67,67,1169.9,99.41551579,-37.06418421
0.01,carnet,0,eth-updown-5m-1790420700,75,75,1453.15,69.55099641000001,-41.230953590000006
0.01,carnet,0,eth-updown-5m-1790421000,41,41,803.51,-118.47536647000001,12.878083529999977
0.01,carnet,0,eth-updown-5m-1790421300,30,30,472.25,86.09586974999999,10.089619749999995
0.01,carnet,0,eth-updown-5m-1790421600,19,19,348.94,-53.935736780000006,-13.969136780000003
0.01,carnet,25,btc-updown-15m-1790419500,30,30,926.04,59.387437359999986,-52.31736264000002
0.01,carnet,25,btc-updown-15m-1790420400,102,101,3274.19,-617.2354010500001,-177.96245105
0.01,carnet,25,btc-updown-5m-1790418900,41,40,1428.7,-54.728158790000016,-39.93840879000001
0.01,carnet,25,btc-updown-5m-1790419200,38,38,1507.84,272.92404645,105.16704645
0.01,carnet,25,btc-updown-5m-1790419500,19,19,813.69,-82.26539348999998,-26.420643489999993
0.01,carnet,25,btc-updown-5m-1790419800,23,23,776.11,-111.62079378,-14.277143779999994
0.01,carnet,25,btc-updown-5m-1790420100,23,23,957.1800000000001,-215.02020184999995,-28.035601849999978
0.01,carnet,25,btc-updown-5m-1790420400,47,47,1752.76,-186.01487902000002,-194.52257902
0.01,carnet,25,btc-updown-5m-1790420700,50,50,2148.48,141.71895480000003,-26.706445199999994
0.01,carnet,25,btc-updown-5m-1790421000,37,37,1742.55,-975.42519685,-18.435546850000055
0.01,carnet,25,btc-updown-5m-1790421300,15,15,562.64,50.85411767999999,-8.011082320000014
0.01,carnet,25,btc-updown-5m-1790421600,11,11,357.31,,-15.718288630000005
0.01,carnet,25,eth-updown-5m-1790418900,58,53,1408.72,-465.59349796000004,-48.542497960000006
0.01,carnet,25,eth-updown-5m-1790419200,131,129,3326.84,-1.2785258900000542,-126.18742589000001
0.01,carnet,25,eth-updown-5m-1790419500,48,44,1154.02,-25.675542209999982,-4.194142209999988
0.01,carnet,25,eth-updown-5m-1790419800,70,67,2076.24,-437.86484362000004,-74.08194362
0.01,carnet,25,eth-updown-5m-1790420100,42,42,1786.83,449.92242381999995,-72.40332618
0.01,carnet,25,eth-updown-5m-1790420400,67,66,2187.26,124.08160775,-47.93889224999999
0.01,carnet,25,eth-updown-5m-1790420700,75,73,2444.42,51.938623400000004,-66.33457659999999
0.01,carnet,25,eth-updown-5m-1790421000,41,41,1407.48,-277.41802657,14.359273429999995
0.01,carnet,25,eth-updown-5m-1790421300,30,30,894.81,77.66194007,16.24209006999999
0.01,carnet,25,eth-updown-5m-1790421600,19,18,628.0,-75.911524,-22.02152400000001
0.01,carnet,50,btc-updown-15m-1790419500,30,30,1029.2,-18.18688486000002,-77.57808486000002
0.01,carnet,50,btc-updown-15m-1790420400,102,101,3658.6,-611.9375408700001,-179.33224087000002
0.01,carnet,50,btc-updown-5m-1790418900,41,39,1492.8899999999999,-59.99111786000002,-48.21136786000001
0.01,carnet,50,btc-updown-5m-1790419200,38,38,1584.17,367.0437400900001,150.67459008999998
0.01,carnet,50,btc-updown-5m-1790419500,19,18,798.54,-74.45933671999998,-25.36083671999999
0.01,carnet,50,btc-updown-5m-1790419800,23,23,818.21,-134.99242308,-10.930273079999989
0.01,carnet,50,btc-updown-5m-1790420100,23,23,1085.25,-243.72244824999993,-23.54429824999998
0.01,carnet,50,btc-updown-5m-1790420400,47,46,2038.66,-142.97176782000003,-209.04026782000003
0.01,carnet,50,btc-updown-5m-1790420700,50,50,2198.86,141.97070212000006,-29.555797879999997
0.01,carnet,50,btc-updown-5m-1790421000,37,37,1779.22,-963.12872156,-22.286621560000054
0.01,carnet,50,btc-updown-5m-1790421300,15,15,596.32,53.86523783999998,-8.572362160000017
0.01,carnet,50,btc-updown-5m-1790421600,11,11,440.32,,-19.567514000000013
0.01,carnet,50,eth-updown-5m-1790418900,58,50,1358.0,-417.96614,-48.71114000000001
0.01,carnet,50,eth-updown-5m-1790419200,131,125,3762.75,-151.49957961000004,-103.34642961000003
0.01,carnet,50,eth-updown-5m-1790419500,48,41,1113.26,-27.048975089999985,-3.267075089999985
0.01,carnet,50,eth-updown-5m-1790419800,70,69,2332.73,-452.82925875,-70.56380875
0.01,carnet,50,eth-updown-5m-1790420100,42,42,1903.34,466.23635745,-71.72844255
0.01,carnet,50,eth-updown-5m-1790420400,67,66,2039.01,165.04628605,-25.726363949999993
0.01,carnet,50,eth-updown-5m-1790420700,75,72,2616.72,116.72714777000002,-67.85045222999999
0.01,carnet,50,eth-updown-5m-1790421000,41,41,1566.53,-330.22750851999996,14.40544147999999
0.01,carnet,50,eth-updown-5m-1790421300,30,30,1041.13,67.55281035,16.274060349999985
0.01,carnet,50,eth-updown-5m-1790421600,19,18,615.0,-79.28043400000001,-20.325434000000012
0.01,carnet,100,btc-updown-15m-1790419500,30,29,1023.0,32.12698991999999,-66.15481008000002
0.01,carnet,100,btc-updown-15m-1790420400,102,99,4101.68,-858.5721108700001,-167.04541087000004
0.01,carnet,100,btc-updown-5m-1790418900,41,38,1677.67,-73.25160300000002,-55.41835300000002
0.01,carnet,100,btc-updown-5m-1790419200,38,38,1549.24,290.76130847999997,134.25730848
0.01,carnet,100,btc-updown-5m-1790419500,19,18,900.0,-102.20539999999998,-25.205399999999987
0.01,carnet,100,btc-updown-5m-1790419800,23,23,835.44,-151.64756426999995,-19.254864269999988
0.01,carnet,100,btc-updown-5m-1790420100,23,23,1032.67,-231.60921299999993,-22.22986299999997
0.01,carnet,100,btc-updown-5m-1790420400,47,45,2121.83,-164.58202321000002,-232.27827321
0.01,carnet,100,btc-updown-5m-1790420700,50,49,2329.0,125.04851599999999,-44.266484000000005
0.01,carnet,100,btc-updown-5m-1790421000,37,37,1814.22,-937.0012015600001,-26.226301560000046
0.01,carnet,100,btc-updown-5m-1790421300,15,14,524.96,26.980437519999988,-9.472362480000017
0.01,carnet,100,btc-updown-5m-1790421600,11,11,415.32,,-18.03186900000001
0.01,carnet,100,eth-updown-5m-1790418900,58,48,1488.67,-462.22185780000007,-48.048607800000006
0.01,carnet,100,eth-updown-5m-1790419200,131,124,4254.66,70.04115306999998,-128.46244693000003
0.01,carnet,100,eth-updown-5m-1790419500,48,36,1058.4,-53.475249269999985,-7.560049269999988
0.01,carnet,100,eth-updown-5m-1790419800,70,65,2222.22,-502.08849733999995,-52.93419733999999
0.01,carnet,100,eth-updown-5m-1790420100,42,42,1892.27,469.74637624999997,-68.98597375
0.01,carnet,100,eth-updown-5m-1790420400,67,66,2600.68,274.33849452,-12.559805479999998
0.01,carnet,100,eth-updown-5m-1790420700,75,70,2753.26,240.73452561999994,-65.48297437999999
0.01,carnet,100,eth-updown-5m-1790421000,41,41,1798.63,-377.78265327,-2.6411032699999994
0.01,carnet,100,eth-updown-5m-1790421300,30,30,1015.9,84.65982862999998,12.882828629999985
0.01,carnet,100,eth-updown-5m-1790421600,19,17,610.0,-53.74809,-17.398090000000014
0.01,carnet,150,btc-updown-15m-1790419500,30,27,1002.98,-22.974910560000012,-68.63161056000001
0.01,carnet,150,btc-updown-15m-1790420400,102,98,4155.66,-994.34659458,-160.69939458000005
0.01,carnet,150,btc-updown-5m-1790418900,41,36,1634.56,-88.91259476,-52.82164476000001
0.01,carnet,150,btc-updown-5m-1790419200,38,38,1510.24,214.39652547999998,118.03752547999999
0.01,carnet,150,btc-updown-5m-1790419500,19,18,900.0,-102.20539999999998,-25.70539999999999
0.01,carnet,150,btc-updown-5m-1790419800,23,23,911.71,-204.38560662999998,-15.431156629999984
0.01,carnet,150,btc-updown-5m-1790420100,23,23,1049.96,-231.54077124999992,-18.80047124999997
0.01,carnet,150,btc-updown-5m-1790420400,47,45,2122.58,-169.75915461000002,-236.65415461
0.01,carnet,150,btc-updown-5m-1790420700,50,49,2304.66,137.31051668000003,-45.62558332
0.01,carnet,150,btc-updown-5m-1790421000,37,37,1808.44,-938.1670081200001,-26.32500812000004
0.01,carnet,150,btc-updown-5m-1790421300,15,14,542.29,29.72765923,-6.138090770000017
0.01,carnet,150,btc-updown-5m-1790421600,11,11,258.4,,-11.956714040000003
0.01,carnet,150,eth-updown-5m-1790418900,58,48,1376.33,-473.97495123999994,-43.78465124
0.01,carnet,150,eth-updown-5m-1790419200,131,123,4422.94,-36.90549173000005,-111.81319173000003
0.01,carnet,150,eth-updown-5m-1790419500,48,33,1050.0,-35.283040999999976,-4.643040999999982
0.01,carnet,150,eth-updown-5m-1790419800,70,66,2202.6,-478.9912896699999,-62.82178966999999
0.01,carnet,150,eth-updown-5m-1790420100,42,41,1828.21,431.07440907999995,-73.82004092
0.01,carnet,150,eth-updown-5m-1790420400,67,65,2646.51,296.08456273,2.9308627300000176
0.01,carnet,150,eth-updown-5m-1790420700,75,69,2795.57,223.60643098999998,-61.81191901
0.01,carnet,150,eth-updown-5m-1790421000,41,39,1815.67,-377.36993264,-0.6750826400000185
0.01,carnet,150,eth-updown-5m-1790421300,30,29,933.67,61.94181903999999,2.0324690399999783
0.01,carnet,150,eth-updown-5m-1790421600,19,17,610.0,-53.22954,-16.879540000000016
0.01,carnet,200,btc-updown-15m-1790419500,30,27,1014.66,-31.802303520000002,-66.45620352000002
0.01,carnet,200,btc-updown-15m-1790420400,102,98,4184.13,-965.6980914600001,-163.38244146000002
0.01,carnet,200,btc-updown-5m-1790418900,41,36,1334.98,-41.22441349000001,-29.942063490000013
0.01,carnet,200,btc-updown-5m-1790419200,38,38,1626.26,171.90773448,102.45663447999999
0.01,carnet,200,btc-updown-5m-1790419500,19,18,900.0,-102.20539999999998,-25.205399999999987
0.01,carnet,200,btc-updown-5m-1790419800,23,23,866.05,-238.89685657999996,-21.24380657999999
0.01,carnet,200,btc-updown-5m-1790420100,23,23,1026.41,-225.99120624999992,-18.428856249999967
0.01,carnet,200,btc-updown-5m-1790420400,47,45,2131.33,-171.67865649000004,-236.43990649
0.01,carnet,200,btc-updown-5m-1790420700,50,49,2290.24,153.78229112000002,-54.90590888
0.01,carnet,200,btc-updown-5m-1790421000,37,37,1813.44,-933.5260481200002,-28.135648120000035
0.01,carnet,200,btc-updown-5m-1790421300,15,14,587.92,35.90226503999999,-6.8285349600000185
0.01,carnet,200,btc-updown-5m-1790421600,11,11,236.4,,-9.402193040000004
0.01,carnet,200,eth-updown-5m-1790418900,58,46,1515.33,-553.00527756,-48.04122756
0.01,carnet,200,eth-updown-5m-1790419200,131,123,4142.92,29.643961159999947,-89.40653884000002
0.01,carnet,200,eth-updown-5m-1790419500,48,32,969.42,-60.77539303999999,-9.858493039999987
0.01,carnet,200,eth-updown-5m-1790419800,70,63,2134.29,-338.53769715999994,-86.68544715999997
0.01,carnet,200,eth-updown-5m-1790420100,42,41,1800.64,446.73957522,-69.16042478
0.01,carnet,200,eth-updown-5m-1790420400,67,66,3009.41,280.1470637,0.7035137000000051
0.01,carnet,200,eth-updown-5m-1790420700,75,65,2694.99,177.04667078,-78.07587922
0.01,carnet,200,eth-updown-5m-1790421000,41,40,1851.0,-387.023582,-1.1685820000000207
0.01,carnet,200,eth-updown-5m-1790421300,30,30,932.91,95.34038312000001,9.299333119999982
0.01,carnet,200,eth-updown-5m-1790421600,19,15,590.0,-35.49222000000001,-14.442220000000015
0.01,carnet,300,btc-updown-15m-1790419500,30,26,1150.0,-82.08184999999999,-86.83185
0.01,carnet,300,btc-updown-15m-1790420400,102,98,4381.21,-886.3986596199998,-170.40890962000003
0.01,carnet,300,btc-updown-5m-1790418900,41,33,1334.26,-26.71493102000001,-35.12098102000001
0.01,carnet,300,btc-updown-5m-1790419200,38,37,1535.0,136.100945,85.97594499999998
0.01,carnet,300,btc-updown-5m-1790419500,19,18,900.0,-100.68124999999999,-24.18125
0.01,carnet,300,btc-updown-5m-1790419800,23,22,924.14,-274.67516398999993,-31.10826399000003
0.01,carnet,300,btc-updown-5m-1790420100,23,23,958.7,-192.60787699999992,-17.973276999999968
0.01,carnet,300,btc-updown-5m-1790420400,47,45,2203.51,-194.05978932000008,-250.08593932000002
0.01,carnet,300,btc-updown-5m-1790420700,50,49,2094.97,137.60767924000004,-48.92107075999999
0.01,carnet,300,btc-updown-5m-1790421000,37,37,1791.88,-941.8072312400002,-27.15143124000003
0.01,carnet,300,btc-updown-5m-1790421300,15,14,624.0,47.02264799999998,-7.137352000000019
0.01,carnet,300,btc-updown-5m-1790421600,11,11,316.4,,-13.497248040000008
0.01,carnet,300,eth-updown-5m-1790418900,58,45,1592.18,-559.78533876,-57.33503876000001
0.01,carnet,300,eth-updown-5m-1790419200,131,122,4592.27,255.36973102999997,-75.29456897000003
0.01,carnet,300,eth-updown-5m-1790419500,48,30,1021.0,-44.865501999999985,-12.13050199999999
0.01,carnet,300,eth-updown-5m-1790419800,70,61,1956.14,-396.3069148799999,-75.87541487999997
0.01,carnet,300,eth-updown-5m-1790420100,42,40,1780.82,437.63937576000006,-62.79582424
0.01,carnet,300,eth-updown-5m-1790420400,67,67,2749.7,308.9234327,47.323132700000016
0.01,carnet,300,eth-updown-5m-1790420700,75,65,2713.75,182.65215979999996,-88.0285902
0.01,carnet,300,eth-updown-5m-1790421000,41,40,1791.2,-371.3007273,-2.296727300000019
0.01,carnet,300,eth-updown-5m-1790421300,30,29,854.64,40.07483347999999,-1.184466520000019
0.01,carnet,300,eth-updown-5m-1790421600,19,15,590.0,-35.49222000000001,-14.442220000000015
0.01,carnet,500,btc-updown-15m-1790419500,30,25,1066.64,-92.80780056000002,-81.31340056
0.01,carnet,500,btc-updown-15m-1790420400,102,98,4498.59,-907.1007938199999,-187.81534382000004
0.01,carnet,500,btc-updown-5m-1790418900,41,34,1289.9,-27.82554246000001,-37.427342460000006
0.01,carnet,500,btc-updown-5m-1790419200,38,32,1421.52,102.85100371999998,94.86640371999998
0.01,carnet,500,btc-updown-5m-1790419500,19,17,850.0,-120.3346,-27.084600000000002
0.01,carnet,500,btc-updown-5m-1790419800,23,22,982.17,-313.72123607,-47.19598607000002
0.01,carnet,500,btc-updown-5m-1790420100,23,22,924.47,-163.18212757999996,-17.028477579999972
0.01,carnet,500,btc-updown-5m-1790420400,47,45,1927.29,-194.06309656000008,-238.26134656
0.01,carnet,500,btc-updown-5m-1790420700,50,47,2165.86,185.81652492,-15.500375080000008
0.01,carnet,500,btc-updown-5m-1790421000,37,36,1542.88,-712.4641282400002,-41.26092824000001
0.01,carnet,500,btc-updown-5m-1790421300,15,14,540.0,-5.1053500000000005,-1.5053500000000142
0.01,carnet,500,btc-updown-5m-1790421600,11,11,379.04,,-17.324686040000003
0.01,carnet,500,eth-updown-5m-1790418900,58,42,1604.0,-555.552181,-52.812181000000024
0.01,carnet,500,eth-updown-5m-1790419200,131,117,4410.31,298.13635333999997,8.36870333999995
0.01,carnet,500,eth-updown-5m-1790419500,48,31,1026.0,-63.427613999999984,-7.382613999999995
0.01,carnet,500,eth-updown-5m-1790419800,70,60,1908.18,-470.3874714399999,-55.391171439999994
0.01,carnet,500,eth-updown-5m-1790420100,42,37,1722.49,415.25140547999996,-57.28204452
0.01,carnet,500,eth-updown-5m-1790420400,67,66,2585.8,422.32007559999994,135.4288756
0.01,carnet,500,eth-updown-5m-1790420700,75,65,2490.0,237.96775725,-81.47949275
0.01,carnet,500,eth-updown-5m-1790421000,41,39,1623.3,-302.534434,9.615065999999977
0.01,carnet,500,eth-updown-5m-1790421300,30,24,672.04,79.79197806000002,-8.731821940000021
0.01,carnet,500,eth-updown-5m-1790421600,19,12,560.0,-48.77058000000002,-14.670580000000013
0.01,carnet,750,btc-updown-15m-1790419500,30,21,971.6,-92.47393000000001,-68.93193000000001
0.01,carnet,750,btc-updown-15m-1790420400,102,93,4122.57,-1003.9297648000002,-185.58381480000003
0.01,carnet,750,btc-updown-5m-1790418900,41,33,1362.75,-26.92016050000001,-51.19516050000001
0.01,carnet,750,btc-updown-5m-1790419200,38,30,1232.72,59.72852500000002,108.317925
0.01,carnet,750,btc-updown-5m-1790419500,19,18,866.18,-127.30866223999999,-28.10916224
0.01,carnet,750,btc-updown-5m-1790419800,23,22,831.28,-168.58213775999997,-44.30573776
0.01,carnet,750,btc-updown-5m-1790420100,23,19,822.41,-209.20154457999996,-27.353894580000002
0.01,carnet,750,btc-updown-5m-1790420400,47,44,1947.0,-229.07337900000005,-252.948379
0.01,carnet,750,btc-updown-5m-1790420700,50,46,2288.92,84.88624063999998,-23.24875936000004
0.01,carnet,750,btc-updown-5m-1790421000,37,36,1643.44,-792.8492131200002,-32.87761312000002
0.01,carnet,750,btc-updown-5m-1790421300,15,14,450.03,7.46213241,2.8543824099999906
0.01,carnet,750,btc-updown-5m-1790421600,11,11,443.0,,-27.71104304
0.01,carnet,750,eth-updown-5m-1790418900,58,43,1745.32,-573.96495136,-33.12275136000003
0.01,carnet,750,eth-updown-5m-1790419200,131,115,4134.5,-72.58554265000004,44.615557349999946
0.01,carnet,750,eth-updown-5m-1790419500,48,36,1287.0,-83.982384,-10.90738399999999
0.01,carnet,750,eth-updown-5m-1790419800,70,63,2032.07,-582.2379172199999,-43.64286722
0.01,carnet,750,eth-updown-5m-1790420100,42,36,1608.2,426.54083039999995,-48.158169599999994
0.01,carnet,750,eth-updown-5m-1790420400,67,66,2774.75,325.04966444999997,121.62341445000001
0.01,carnet,750,eth-updown-5m-1790420700,75,63,2621.7,126.51189562000002,-68.87030438
0.01,carnet,750,eth-updown-5m-1790421000,41,38,1760.51,-351.75031852,5.110731479999981
0.01,carnet,750,eth-updown-5m-1790421300,30,19,550.76,95.16489692000002,-11.208503080000023
0.01,carnet,750,eth-updown-5m-1790421600,19,12,539.48,-43.15901664000001,-13.881216640000014
0.01,carnet,1000,btc-updown-15m-1790419500,30,21,982.51,-96.30499648,-70.09004648
0.01,carnet,1000,btc-updown-15m-1790420400,102,93,3524.01,-870.2328113900003,-156.51966139000004
0.01,carnet,1000,btc-updown-5m-1790418900,41,29,1186.74,-23.62435948000001,-44.67435948000001
0.01,carnet,1000,btc-updown-5m-1790419200,38,26,1185.0,45.86435499999999,110.63935499999998
0.01,carnet,1000,btc-updown-5m-1790419500,19,18,900.0,-135.50275000000002,-29.502750000000002
0.01,carnet,1000,btc-updown-5m-1790419800,23,22,862.26,-255.17531619999997,-54.73141620000002
0.01,carnet,1000,btc-updown-5m-1790420100,23,17,705.71,-150.87627004999996,-27.43862004999999
0.01,carnet,1000,btc-updown-5m-1790420400,47,43,2015.0,-320.7847200000001,-305.85972000000004
0.01,carnet,1000,btc-updown-5m-1790420700,50,46,2203.34,49.12224921999999,-34.71765078000004
0.01,carnet,1000,btc-updown-5m-1790421000,37,35,1650.0,-776.6070900000002,-30.15709000000001
0.01,carnet,1000,btc-updown-5m-1790421300,15,13,465.0,-9.928045,-6.553045000000013
0.01,carnet,1000,btc-updown-5m-1790421600,11,11,434.92,,-27.524638999999997
0.01,carnet,1000,eth-updown-5m-1790418900,58,37,1361.0,-446.01343399999996,-16.318434000000025
0.01,carnet,1000,eth-updown-5m-1790419200,131,114,4633.01,123.22911351000005,29.743263509999956
0.01,carnet,1000,eth-updown-5m-1790419500,48,33,1365.0,-70.57284099999998,-12.537840999999988
0.01,carnet,1000,eth-updown-5m-1790419800,70,59,2189.47,-530.7167360399999,-58.047786040000005
0.01,carnet,1000,eth-updown-5m-1790420100,42,34,1410.8,516.2591068,-26.04339319999999
0.01,carnet,1000,eth-updown-5m-1790420400,67,65,2594.03,479.10048368999986,200.12033368999997
0.01,carnet,1000,eth-updown-5m-1790420700,75,61,2390.95,208.40780020000003,-38.51144980000001
0.01,carnet,1000,eth-updown-5m-1790421000,41,37,1621.0,-286.17246700000004,30.872532999999976
0.01,carnet,1000,eth-updown-5m-1790421300,30,21,720.44,169.46648428000003,-6.397715720000024
0.01,carnet,1000,eth-updown-5m-1790421600,19,13,570.0,-62.226810000000015,-15.576810000000014
0.01,carnet,2000,btc-updown-15m-1790419500,30,21,970.58,-124.70989908,-86.91159908
0.01,carnet,2000,btc-updown-15m-1790420400,102,91,4232.33,-830.6054461400004,-237.07429614
0.01,carnet,2000,btc-updown-5m-1790418900,41,30,1308.9,-17.720152000000013,-61.72015200000001
0.01,carnet,2000,btc-updown-5m-1790419200,38,24,1064.31,7.51516253999997,71.96951253999998
0.01,carnet,2000,btc-updown-5m-1790419500,19,18,765.0,-99.14582,-36.770820000000015
0.01,carnet,2000,btc-updown-5m-1790419800,23,22,1070.0,-358.53845999999993,-89.98846
0.01,carnet,2000,btc-updown-5m-1790420100,23,17,850.0,-192.90795,-66.15794999999999
0.01,carnet,2000,btc-updown-5m-1790420400,47,42,1942.56,-250.41459796000007,-266.57339796
0.01,carnet,2000,btc-updown-5m-1790420700,50,46,1996.53,87.85949556,-24.438254440000026
0.01,carnet,2000,btc-updown-5m-1790421000,37,35,1544.09,-690.1845930800002,-20.099343080000015
0.01,carnet,2000,btc-updown-5m-1790421300,15,13,471.0,-27.107925,-1.5129250000000116
0.01,carnet,2000,btc-updown-5m-1790421600,11,11,500.2,,-34.9447874
0.01,carnet,2000,eth-updown-5m-1790418900,58,39,1212.92,-392.49096264,-14.349762639999994
0.01,carnet,2000,eth-updown-5m-1790419200,131,101,3739.54,112.27021331000003,106.90861330999994
0.01,carnet,2000,eth-updown-5m-1790419500,48,27,1173.31,-20.196020429999997,-0.6098704299999962
0.01,carnet,2000,eth-updown-5m-1790419800,70,52,1881.69,-425.84884867999995,18.227101319999974
0.01,carnet,2000,eth-updown-5m-1790420100,42,37,1311.92,385.70506624999996,2.347766250000008
0.01,carnet,2000,eth-updown-5m-1790420400,67,63,2310.55,68.99246089999998,63.30721089999997
0.01,carnet,2000,eth-updown-5m-1790420700,75,56,2205.48,265.84311655999994,-10.980783440000032
0.01,carnet,2000,eth-updown-5m-1790421000,41,24,1119.0,-145.632,53.672999999999995
0.01,carnet,2000,eth-updown-5m-1790421300,30,22,1053.33,207.13532462999999,18.320074630000004
0.01,carnet,2000,eth-updown-5m-1790421600,19,14,615.0,-102.13287000000001,-20.457870000000014
0.01,carnet,5000,btc-updown-15m-1790419500,30,17,654.81,22.988416910000005,-49.17553309
0.01,carnet,5000,btc-updown-15m-1790420400,102,86,2759.57,-54.47345620999987,-135.58390621
0.01,carnet,5000,btc-updown-5m-1790418900,41,31,1450.38,-19.851935649999987,-42.183135650000004
0.01,carnet,5000,btc-updown-5m-1790419200,38,19,915.25,-20.152404490000006,49.27664551000001
0.01,carnet,5000,btc-updown-5m-1790419500,19,18,900.0,-138.62945,-46.629449999999984
0.01,carnet,5000,btc-updown-5m-1790419800,23,22,1100.0,-368.1098499999999,-116.60984999999992
0.01,carnet,5000,btc-updown-5m-1790420100,23,17,850.0,-188.10395000000003,-114.85394999999998
0.01,carnet,5000,btc-updown-5m-1790420400,47,42,1950.0,-227.23653000000002,-216.43653
0.01,carnet,5000,btc-updown-5m-1790420700,50,42,1690.55,291.43534295999996,-112.81850703999999
0.01,carnet,5000,btc-updown-5m-1790421000,37,18,752.94,-286.51633111999996,-16.317831120000022
0.01,carnet,5000,btc-updown-5m-1790421300,15,12,560.0,74.90012000000002,-13.599880000000004
0.01,carnet,5000,btc-updown-5m-1790421600,11,10,399.21,,-14.75720074
0.01,carnet,5000,eth-updown-5m-1790418900,58,35,1069.0,-408.027052,-27.217052000000024
0.01,carnet,5000,eth-updown-5m-1790419200,131,103,3543.35,183.4851226,204.30657260000004
0.01,carnet,5000,eth-updown-5m-1790419500,48,17,826.0,-11.36634999999999,11.083650000000013
0.01,carnet,5000,eth-updown-5m-1790419800,70,50,2131.59,-222.11771432000006,22.474435679999964
0.01,carnet,5000,eth-updown-5m-1790420100,42,22,900.61,91.62302948,-20.77352052000001
0.01,carnet,5000,eth-updown-5m-1790420400,67,60,2636.34,239.07935257999986,163.43155258
0.01,carnet,5000,eth-updown-5m-1790420700,75,60,2259.81,383.98751374999995,-21.750936250000017
0.01,carnet,5000,eth-updown-5m-1790421000,41,27,1020.9399999999999,-252.6284086,10.141491399999982
0.01,carnet,5000,eth-updown-5m-1790421300,30,11,316.45,-10.540194399999994,-17.10694439999999
0.01,carnet,5000,eth-updown-5m-1790421600,19,18,838.52,-20.830235760000022,-26.529635760000048
0.01,persistante,0,btc-updown-15m-1790419500,220,220,4685.0,1841.1104737,-28.277626300000005
0.01,persistante,0,btc-updown-15m-1790420400,229,229,3967.23,-353.68501836,-250.04936836000002
0.01,persistante,0,btc-updown-5m-1790418900,79,79,1946.49,402.30502812,-16.041421880000023
0.01,persistante,0,btc-updown-5m-1790419200,92,92,2437.37,-423.2824945,-90.72334450000002
0.01,persistante,0,btc-updown-5m-1790419500,58,58,1542.14,156.26001629,-61.086983709999984
0.01,persistante,0,btc-updown-5m-1790419800,217,217,5801.98,-1044.50094568,-607.82864568
0.01,persistante,0,btc-updown-5m-1790420100,120,120,3605.63,100.58365161999998,-231.30869838
0.01,persistante,0,btc-updown-5m-1790420400,162,162,4709.49,480.1945477799999,-211.75070222000002
0.01,persistante,0,btc-updown-5m-1790420700,151,151,4025.52,874.99556151,-64.38323849000002
0.01,persistante,0,btc-updown-5m-1790421000,147,147,4476.65,-2145.41054872,-721.8127487200001
0.01,persistante,0,btc-updown-5m-1790421300,122,122,2906.68,-460.7067093,-108.50280930000001
0.01,persistante,0,btc-updown-5m-1790421600,94,94,2219.65,,-93.74084474000001
0.01,persistante,0,eth-updown-5m-1790418900,348,348,5701.34,-1562.5065682,-190.4742682
0.01,persistante,0,eth-updown-5m-1790419200,465,465,7870.06,-151.27764707999995,547.8611029199999
0.01,persistante,0,eth-updown-5m-1790419500,55,55,740.0,94.27657499999997,48.95157500000001
0.01,persistante,0,eth-updown-5m-1790419800,154,154,2725.2,-459.97923445000004,-66.89413445000001
0.01,persistante,0,eth-updown-5m-1790420100,201,201,3376.86,92.00142936999993,-87.97017062999996
0.01,persistante,0,eth-updown-5m-1790420400,127,127,2170.84,543.6091582299998,258.94075823
0.01,persistante,0,eth-updown-5m-1790420700,210,210,3453.87,1372.7113237499998,210.12597374999999
0.01,persistante,0,eth-updown-5m-1790421000,147,147,2560.01,-819.28353389,-69.94748388999996
0.01,persistante,0,eth-updown-5m-1790421300,154,154,2423.88,-528.36305569,-153.05865569000002
0.01,persistante,0,eth-updown-5m-1790421600,184,184,3529.86,-755.10879824,-142.41599824000002
0.01,persistante,25,btc-updown-15m-1790419500,220,217,7937.15,3045.3633418,-49.4190082
0.01,persistante,25,btc-updown-15m-1790420400,229,226,8192.67,-976.0927710100001,-496.64462101000004
0.01,persistante,25,btc-updown-5m-1790418900,79,76,3279.93,538.50819926,-53.72065074000003
0.01,persistante,25,btc-updown-5m-1790419200,92,91,4072.71,-649.0563381400001,-119.35458814000002
0.01,persistante,25,btc-updown-5m-1790419500,58,58,2685.03,192.06201424,-76.32713575999998
0.01,persistante,25,btc-updown-5m-1790419800,217,217,8899.97,-793.3041743499999,-855.91942435
0.01,persistante,25,btc-updown-5m-1790420100,120,119,5170.2,695.07014067,-237.90515933000003
0.01,persistante,25,btc-updown-5m-1790420400,162,160,6408.41,449.1941701799999,-279.18337982
0.01,persistante,25,btc-updown-5m-1790420700,151,149,6164.49,1555.63858809,-224.05966191
0.01,persistante,25,btc-updown-5m-1790421000,147,146,5550.8,-2512.6589157,-877.5362657
0.01,persistante,25,btc-updown-5m-1790421300,122,122,4681.4,-652.0487873,-170.35378730000002
0.01,persistante,25,btc-updown-5m-1790421600,94,94,3756.2,,-138.90140601000002
0.01,persistante,25,eth-updown-5m-1790418900,348,337,9025.85,-2438.71963511,-265.26933511000004
0.01,persistante,25,eth-updown-5m-1790419200,465,463,12153.71,-210.82531975000006,637.60343025
0.01,persistante,25,eth-updown-5m-1790419500,55,50,1491.2,184.97353109999997,106.62353110000002
0.01,persistante,25,eth-updown-5m-1790419800,154,154,5014.35,-798.0251081299999,-129.29875813000004
0.01,persistante,25,eth-updown-5m-1790420100,201,198,6754.8,269.0117358199999,-207.26546417999992
0.01,persistante,25,eth-updown-5m-1790420400,127,124,3767.47,759.4811663699999,292.02511637
0.01,persistante,25,eth-updown-5m-1790420700,210,207,6511.71,2360.65111205,261.86806205
0.01,persistante,25,eth-updown-5m-1790421000,147,145,4835.12,-1546.1581639699998,-147.42966396999992
0.01,persistante,25,eth-updown-5m-1790421300,154,150,4500.0,-1163.30909232,-328.88509232000007
0.01,persistante,25,eth-updown-5m-1790421600,184,184,6388.99,-1342.96174747,-241.67939747000003
0.01,persistante,50,btc-updown-15m-1790419500,220,217,8290.62,3171.4211314599997,-38.431168540000016
0.01,persistante,50,btc-updown-15m-1790420400,229,226,8721.53,-918.22015773,-508.9915077300001
0.01,persistante,50,btc-updown-5m-1790418900,79,76,3398.02,507.8386816399999,-60.72801836000004
0.01,persistante,50,btc-updown-5m-1790419200,92,91,4028.68,-642.8980649100001,-109.66056491
0.01,persistante,50,btc-updown-5m-1790419500,58,58,2542.88,164.69590304000002,-68.42349695999997
0.01,persistante,50,btc-updown-5m-1790419800,217,217,9277.26,-947.0655939599999,-932.80689396
0.01,persistante,50,btc-updown-5m-1790420100,120,119,5506.18,533.6393870099998,-269.76111299
0.01,persistante,50,btc-updown-5m-1790420400,162,159,6720.88,463.8174293199999,-265.17637068000005
0.01,persistante,50,btc-updown-5m-1790420700,151,149,6540.76,1641.2108955600002,-222.00300443999998
0.01,persistante,50,btc-updown-5m-1790421000,147,145,5926.96,-2604.22688609,-900.90808609
0.01,persistante,50,btc-updown-5m-1790421300,122,122,4801.5,-587.6720815400001,-177.47798154000003
0.01,persistante,50,btc-updown-5m-1790421600,94,94,3980.34,,-140.13760420000003
0.01,persistante,50,eth-updown-5m-1790418900,348,332,9262.1,-2416.7974946000004,-253.03664460000005
0.01,persistante,50,eth-updown-5m-1790419200,465,461,13848.73,-394.22941363999985,666.96443636
0.01,persistante,50,eth-updown-5m-1790419500,55,48,1563.91,187.65303562,113.49698562000002
0.01,persistante,50,eth-updown-5m-1790419800,154,153,5159.53,-810.6774071,-137.99005710000003
0.01,persistante,50,eth-updown-5m-1790420100,201,198,7114.64,485.19317483999976,-185.21812515999994
0.01,persistante,50,eth-updown-5m-1790420400,127,123,4362.16,893.6728740199998,368.17207401999997
0.01,persistante,50,eth-updown-5m-1790420700,210,206,7393.01,2778.41685985,301.39565984999996
0.01,persistante,50,eth-updown-5m-1790421000,147,145,5518.71,-1764.0799132299999,-175.27506322999992
0.01,persistante,50,eth-updown-5m-1790421300,154,149,4769.15,-1279.54655137,-338.83550137000003
0.01,persistante,50,eth-updown-5m-1790421600,184,184,6769.77,-1417.57355134,-272.79130134
0.01,persistante,100,btc-updown-15m-1790419500,220,218,8999.03,3627.76268644,-52.33726356000001
0.01,persistante,100,btc-updown-15m-1790420400,229,225,9217.44,-1104.9764349199997,-492.83683492000006
0.01,persistante,100,btc-updown-5m-1790418900,79,76,3307.16,505.89517465999984,-68.39722534000003
0.01,persistante,100,btc-updown-5m-1790419200,92,89,3986.04,-596.84637938,-85.91077938000001
0.01,persistante,100,btc-updown-5m-1790419500,58,58,2767.0,214.124221,-71.05077899999995
0.01,persistante,100,btc-updown-5m-1790419800,217,217,9888.76,-1224.2842530599999,-1099.37495306
0.01,persistante,100,btc-updown-5m-1790420100,120,119,5357.86,645.54295731,-227.94194269000002
0.01,persistante,100,btc-updown-5m-1790420400,162,158,6904.5,454.8474296599999,-295.39537034000006
0.01,persistante,100,btc-updown-5m-1790420700,151,148,6887.22,1877.10280376,-212.05749624
0.01,persistante,100,btc-updown-5m-1790421000,147,145,6022.45,-2657.34900035,-904.77435035
0.01,persistante,100,btc-updown-5m-1790421300,122,121,4919.83,-493.04664815,-173.14399815000002
0.01,persistante,100,btc-updown-5m-1790421600,94,94,4004.77,,-135.11827913000002
0.01,persistante,100,eth-updown-5m-1790418900,348,325,9887.39,-2670.33519179,-248.23944179000003
0.01,persistante,100,eth-updown-5m-1790419200,465,458,14814.51,-150.01627501999997,821.86732498
0.01,persistante,100,eth-updown-5m-1790419500,55,50,1816.99,234.85787662,118.91512662000002
0.01,persistante,100,eth-updown-5m-1790419800,154,151,5533.92,-802.56473486,-152.92288486
0.01,persistante,100,eth-updown-5m-1790420100,201,194,7292.91,541.16824671,-182.72970328999995
0.01,persistante,100,eth-updown-5m-1790420400,127,120,4378.77,955.0744992799998,450.31804927999997
0.01,persistante,100,eth-updown-5m-1790420700,210,201,7851.28,3063.47637215,257.61297214999996
0.01,persistante,100,eth-updown-5m-1790421000,147,144,5699.53,-1849.02288464,-170.07293463999991
0.01,persistante,100,eth-updown-5m-1790421300,154,146,5405.42,-1537.0265023600002,-395.5954523600001
0.01,persistante,100,eth-updown-5m-1790421600,184,184,7751.36,-1604.3206925400004,-287.67769254
0.01,persistante,150,btc-updown-15m-1790419500,220,218,9533.18,3807.98080965,-53.59559035000003
0.01,persistante,150,btc-updown-15m-1790420400,229,223,9583.94,-1210.61621499,-531.7047649900001
0.01,persistante,150,btc-updown-5m-1790418900,79,76,3372.96,506.10232957999995,-66.02537042000004
0.01,persistante,150,btc-updown-5m-1790419200,92,87,4072.8,-616.87907568,-85.33407568000001
0.01,persistante,150,btc-updown-5m-1790419500,58,58,2707.18,194.82336872000002,-72.44993127999994
0.01,persistante,150,btc-updown-5m-1790419800,217,217,9667.24,-1068.52645117,-1046.88465117
0.01,persistante,150,btc-updown-5m-1790420100,120,119,5582.37,641.1233313299999,-235.02621867
0.01,persistante,150,btc-updown-5m-1790420400,162,157,6990.91,493.0542723,-236.1768777
0.01,persistante,150,btc-updown-5m-1790420700,151,148,6564.17,1789.38409718,-229.15865282000001
0.01,persistante,150,btc-updown-5m-1790421000,147,145,5905.08,-2580.84320369,-862.29630369
0.01,persistante,150,btc-updown-5m-1790421300,122,121,4796.16,-530.5144441499999,-163.56394415000005
0.01,persistante,150,btc-updown-5m-1790421600,94,94,3984.43,,-128.49442213
0.01,persistante,150,eth-updown-5m-1790418900,348,325,10188.33,-2774.5505587999996,-226.86945880000005
0.01,persistante,150,eth-updown-5m-1790419200,465,457,14415.79,-116.4052136500004,910.05218635
0.01,persistante,150,eth-updown-5m-1790419500,55,45,1763.7,222.7368191,113.93931910000003
0.01,persistante,150,eth-updown-5m-1790419800,154,149,5483.21,-773.3275062499999,-144.00590625
0.01,persistante,150,eth-updown-5m-1790420100,201,191,7347.12,306.9386780499999,-219.96012194999994
0.01,persistante,150,eth-updown-5m-1790420400,127,119,4354.59,899.1343351799997,449.34638517999997
0.01,persistante,150,eth-updown-5m-1790420700,210,200,7923.98,3068.3598343599997,220.33543436
0.01,persistante,150,eth-updown-5m-1790421000,147,144,5966.08,-1928.1732561,-184.6770560999999
0.01,persistante,150,eth-updown-5m-1790421300,154,147,5563.15,-1613.2164923200003,-385.79814232000007
0.01,persistante,150,eth-updown-5m-1790421600,184,184,7581.65,-1566.6267845500001,-276.75683455
0.01,persistante,200,btc-updown-15m-1790419500,220,218,9326.48,3746.7233667299997,-76.57633327000002
0.01,persistante,200,btc-updown-15m-1790420400,229,223,9784.65,-1197.4357261300001,-533.8238761300001
0.01,persistante,200,btc-updown-5m-1790418900,79,76,3307.04,503.38944547999995,-56.50075452000004
0.01,persistante,200,btc-updown-5m-1790419200,92,87,4049.99,-620.0617784199999,-74.07712842000001
0.01,persistante,200,btc-updown-5m-1790419500,58,58,2815.27,225.01305847000003,-70.42409152999996
0.01,persistante,200,btc-updown-5m-1790419800,217,217,9735.22,-1013.2705456,-952.8783956
0.01,persistante,200,btc-updown-5m-1790420100,120,119,5745.18,609.73212064,-233.33977936
0.01,persistante,200,btc-updown-5m-1790420400,162,155,7232.61,612.03251567,-210.33853433000002
0.01,persistante,200,btc-updown-5m-1790420700,151,148,6772.85,1900.34464849,-239.48495151000003
0.01,persistante,200,btc-updown-5m-1790421000,147,145,5900.59,-2527.22474878,-854.73594878
0.01,persistante,200,btc-updown-5m-1790421300,122,120,5055.25,-557.9837695,-178.39731950000004
0.01,persistante,200,btc-updown-5m-1790421600,94,94,4264.0,,-135.3718454
0.01,persistante,200,eth-updown-5m-1790418900,348,324,10482.18,-2841.6658653000004,-236.06481530000005
0.01,persistante,200,eth-updown-5m-1790419200,465,456,15289.73,329.41728870999964,1043.39773871
0.01,persistante,200,eth-updown-5m-1790419500,55,48,1794.61,239.85238462,116.18003462000004
0.01,persistante,200,eth-updown-5m-1790419800,154,146,5536.79,-737.5692554,-138.7949054
0.01,persistante,200,eth-updown-5m-1790420100,201,190,7509.75,405.66777950999983,-203.17617048999995
0.01,persistante,200,eth-updown-5m-1790420400,127,118,4299.87,882.4418904899997,440.93824049
0.01,persistante,200,eth-updown-5m-1790420700,210,197,8015.56,3115.53101598,303.99431598
0.01,persistante,200,eth-updown-5m-1790421000,147,144,6157.06,-1995.2756477499997,-168.55214774999988
0.01,persistante,200,eth-updown-5m-1790421300,154,143,5382.78,-1528.51133711,-376.1547371100001
0.01,persistante,200,eth-updown-5m-1790421600,184,184,7583.46,-1546.1829436500004,-281.51204365
0.01,persistante,300,btc-updown-15m-1790419500,220,210,9479.75,3915.3327847,27.35983469999998
0.01,persistante,300,btc-updown-15m-1790420400,229,223,9866.8,-1078.2541821099999,-539.69598211
0.01,persistante,300,btc-updown-5m-1790418900,79,74,3232.9,480.7058155099999,-53.385834490000036
0.01,persistante,300,btc-updown-5m-1790419200,92,87,4117.78,-613.46405634,-74.59945634
0.01,persistante,300,btc-updown-5m-1790419500,58,58,2840.0,251.33245000000002,-56.86754999999995
0.01,persistante,300,btc-updown-5m-1790419800,217,216,9454.45,-936.2257275799998,-905.7590775799999
0.01,persistante,300,btc-updown-5m-1790420100,120,119,5742.15,682.30736532,-205.06268468
0.01,persistante,300,btc-updown-5m-1790420400,162,154,7092.86,603.0027065700001,-229.18939343
0.01,persistante,300,btc-updown-5m-1790420700,151,146,6692.63,1866.71004784,-220.85165216000001
0.01,persistante,300,btc-updown-5m-1790421000,147,145,6153.65,-2569.1976145999997,-954.1051646
0.01,persistante,300,btc-updown-5m-1790421300,122,119,5078.87,-666.76986724,-183.50591724000003
0.01,persistante,300,btc-updown-5m-1790421600,94,94,4152.94,,-130.84614100000002
0.01,persistante,300,eth-updown-5m-1790418900,348,324,10763.24,-2849.96172381,-250.82097381000003
0.01,persistante,300,eth-updown-5m-1790419200,465,454,15629.34,436.08649548999983,1181.99459549
0.01,persistante,300,eth-updown-5m-1790419500,55,47,1695.61,231.63925862,124.12690862000002
0.01,persistante,300,eth-updown-5m-1790419800,154,144,5692.6,-659.65084885,-134.32174885
0.01,persistante,300,eth-updown-5m-1790420100,201,189,7545.75,491.26330743999983,-187.60124255999995
0.01,persistante,300,eth-updown-5m-1790420400,127,117,4130.12,918.6936722999998,411.84577229999996
0.01,persistante,300,eth-updown-5m-1790420700,210,194,7969.63,3294.8518141,254.4833641
0.01,persistante,300,eth-updown-5m-1790421000,147,141,6217.74,-1999.6186730499999,-172.99987304999988
0.01,persistante,300,eth-updown-5m-1790421300,154,145,5538.49,-1609.0738245900002,-379.08132459000007
0.01,persistante,300,eth-updown-5m-1790421600,184,184,7546.93,-1539.21677387,-275.72052387
0.01,persistante,500,btc-updown-15m-1790419500,220,208,8795.12,3670.42855354,34.75315353999999
0.01,persistante,500,btc-updown-15m-1790420400,229,221,9399.41,-896.6906081999996,-502.56235820000006
0.01,persistante,500,btc-updown-5m-1790418900,79,73,3097.91,441.35575136999984,-66.10929863000004
0.01,persistante,500,btc-updown-5m-1790419200,92,86,3991.97,-645.32632034,-74.58047034000002
0.01,persistante,500,btc-updown-5m-1790419500,58,58,2845.0,267.20315,-40.821849999999955
0.01,persistante,500,btc-updown-5m-1790419800,217,216,9297.69,-962.3345371400001,-919.4460871399999
0.01,persistante,500,btc-updown-5m-1790420100,120,118,5720.59,644.56920148,-205.49474852
0.01,persistante,500,btc-updown-5m-1790420400,162,153,7238.62,663.9906315599999,-234.73366844000003
0.01,persistante,500,btc-updown-5m-1790420700,151,143,6607.22,1833.0630427699998,-309.20705723
0.01,persistante,500,btc-updown-5m-1790421000,147,142,6034.44,-2589.6451223599997,-853.9234723599999
0.01,persistante,500,btc-updown-5m-1790421300,122,118,5006.27,-614.8565563499999,-176.30620635000002
0.01,persistante,500,btc-updown-5m-1790421600,94,94,3933.18,,-113.94441100000002
0.01,persistante,500,eth-updown-5m-1790418900,348,318,10697.76,-2913.04006835,-238.77096835
0.01,persistante,500,eth-updown-5m-1790419200,465,450,15532.41,413.0685544199998,1101.31175442
0.01,persistante,500,eth-updown-5m-1790419500,55,48,1734.51,257.85158767,145.78273767000005
0.01,persistante,500,eth-updown-5m-1790419800,154,144,5775.35,-690.50935114,-165.43890114000004
0.01,persistante,500,eth-updown-5m-1790420100,201,189,7474.83,502.51023109999994,-192.29461889999996
0.01,persistante,500,eth-updown-5m-1790420400,127,116,4705.33,1097.2340862300002,557.11333623
0.01,persistante,500,eth-updown-5m-1790420700,210,187,7838.08,3124.6812854400005,244.27948543999997
0.01,persistante,500,eth-updown-5m-1790421000,147,141,6279.6,-2007.7137315199998,-163.58893151999987
0.01,persistante,500,eth-updown-5m-1790421300,154,142,5320.12,-1521.20582476,-362.55217476000007
0.01,persistante,500,eth-updown-5m-1790421600,184,184,7387.26,-1504.3244591400003,-267.82795914
0.01,persistante,750,btc-updown-15m-1790419500,220,201,8972.07,3774.08273579,21.366985790000015
0.01,persistante,750,btc-updown-15m-1790420400,229,219,9292.05,-729.4991728200002,-486.67902282000006
0.01,persistante,750,btc-updown-5m-1790418900,79,72,3296.91,511.68837691999977,-69.85012308000005
0.01,persistante,750,btc-updown-5m-1790419200,92,86,3990.76,-606.25384824,-57.85764824000001
0.01,persistante,750,btc-updown-5m-1790419500,58,58,2731.0,277.51006800000005,-32.51493199999994
0.01,persistante,750,btc-updown-5m-1790419800,217,215,9025.39,-666.3780419599999,-803.99189196
0.01,persistante,750,btc-updown-5m-1790420100,120,117,5388.18,660.3137712,-187.3128288
0.01,persistante,750,btc-updown-5m-1790420400,162,151,6802.58,675.7581524799998,-181.36644752
0.01,persistante,750,btc-updown-5m-1790420700,151,142,6433.35,1685.6311095800002,-289.14934042
0.01,persistante,750,btc-updown-5m-1790421000,147,141,6333.01,-2707.72554554,-917.5560955399999
0.01,persistante,750,btc-updown-5m-1790421300,122,116,4762.07,-572.03134338,-160.14799338000003
0.01,persistante,750,btc-updown-5m-1790421600,94,94,4270.11,,-116.76733244
0.01,persistante,750,eth-updown-5m-1790418900,348,315,10623.96,-2765.6909503300003,-214.75130033000002
0.01,persistante,750,eth-updown-5m-1790419200,465,442,15884.14,238.03103706999946,1115.35673707
0.01,persistante,750,eth-updown-5m-1790419500,55,45,1898.01,267.42027767,147.82392767000005
0.01,persistante,750,eth-updown-5m-1790419800,154,140,5808.4,-806.6304145400002,-177.35401454000007
0.01,persistante,750,eth-updown-5m-1790420100,201,189,7543.67,558.5497054799998,-194.92934451999994
0.01,persistante,750,eth-updown-5m-1790420400,127,116,4533.44,1025.0107524500004,557.93355245
0.01,persistante,750,eth-updown-5m-1790420700,210,186,7470.77,2940.67501241,274.37206241
0.01,persistante,750,eth-updown-5m-1790421000,147,137,5966.5,-1852.17330711,-158.3381071099999
0.01,persistante,750,eth-updown-5m-1790421300,154,140,5291.07,-1512.8309429700003,-363.99269297000006
0.01,persistante,750,eth-updown-5m-1790421600,184,184,7071.67,-1459.44930287,-261.45465287
0.01,persistante,1000,btc-updown-15m-1790419500,220,205,9439.22,3930.3306106399996,15.36971064000002
0.01,persistante,1000,btc-updown-15m-1790420400,229,218,9104.83,-785.37918859,-477.5278885900001
0.01,persistante,1000,btc-updown-5m-1790418900,79,72,3344.99,526.7295943299997,-71.37095567000004
0.01,persistante,1000,btc-updown-5m-1790419200,92,86,3851.12,-592.3620679400001,-55.924267940000014
0.01,persistante,1000,btc-updown-5m-1790419500,58,58,2834.0,294.499527,-12.570472999999929
0.01,persistante,1000,btc-updown-5m-1790419800,217,215,9436.39,-624.0932442899999,-755.28884429
0.01,persistante,1000,btc-updown-5m-1790420100,120,115,5552.14,602.6805555599999,-227.30914443999995
0.01,persistante,1000,btc-updown-5m-1790420400,162,148,6783.43,526.4445964199999,-172.24685358000002
0.01,persistante,1000,btc-updown-5m-1790420700,151,141,6257.19,1598.0893502400004,-383.86839975999993
0.01,persistante,1000,btc-updown-5m-1790421000,147,140,6019.27,-2419.95711071,-830.8254607099999
0.01,persistante,1000,btc-updown-5m-1790421300,122,116,4797.84,-733.37994558,-163.94704558
0.01,persistante,1000,btc-updown-5m-1790421600,94,94,4541.62,,-121.58522303000001
0.01,persistante,1000,eth-updown-5m-1790418900,348,314,10232.81,-2670.9908391400004,-223.28983914000003
0.01,persistante,1000,eth-updown-5m-1790419200,465,438,15512.46,563.0066207,1087.6852707
0.01,persistante,1000,eth-updown-5m-1790419500,55,42,1588.24,211.69762355000003,138.79482355000002
0.01,persistante,1000,eth-updown-5m-1790419800,154,139,5837.9,-838.7749882200001,-199.12798822000005
0.01,persistante,1000,eth-updown-5m-1790420100,201,191,7777.54,399.46413800000005,-235.97706199999993
0.01,persistante,1000,eth-updown-5m-1790420400,127,112,4287.82,920.1517296599998,469.32067966
0.01,persistante,1000,eth-updown-5m-1790420700,210,180,7161.43,2712.0080307800004,253.37348078
0.01,persistante,1000,eth-updown-5m-1790421000,147,136,5820.48,-1828.6090539800002,-157.53105397999988
0.01,persistante,1000,eth-updown-5m-1790421300,154,138,5543.37,-1629.79189519,-384.4146451900001
0.01,persistante,1000,eth-updown-5m-1790421600,184,184,7572.21,-1545.43310333,-286.74165333
0.01,persistante,2000,btc-updown-15m-1790419500,220,198,8676.94,3497.3889293800003,-108.37987061999996
0.01,persistante,2000,btc-updown-15m-1790420400,229,217,9035.06,-643.1723989799998,-505.09249898000013
0.01,persistante,2000,btc-updown-5m-1790418900,79,70,3258.75,504.7122904099998,-61.63795959000008
0.01,persistante,2000,btc-updown-5m-1790419200,92,85,3990.64,-625.6183459200001,-67.74754592
0.01,persistante,2000,btc-updown-5m-1790419500,58,58,2708.81,266.34255647,-6.092093529999939
0.01,persistante,2000,btc-updown-5m-1790419800,217,214,9680.19,-879.75108095,-1041.20863095
0.01,persistante,2000,btc-updown-5m-1790420100,120,111,4946.32,673.87253246,-192.09706753999998
0.01,persistante,2000,btc-updown-5m-1790420400,162,142,6582.64,572.3392810799999,-131.63371891999998
0.01,persistante,2000,btc-updown-5m-1790420700,151,133,6070.94,1538.8311510000003,-345.844749
0.01,persistante,2000,btc-updown-5m-1790421000,147,141,6054.08,-2441.05544781,-1070.06534781
0.01,persistante,2000,btc-updown-5m-1790421300,122,112,4718.16,-725.2934606300001,-181.86516063000005
0.01,persistante,2000,btc-updown-5m-1790421600,94,94,4494.66,,-123.03234845000001
0.01,persistante,2000,eth-updown-5m-1790418900,348,303,9731.52,-2357.47965086,-218.07215086000002
0.01,persistante,2000,eth-updown-5m-1790419200,465,425,14356.37,211.07117229000005,655.6399722900001
0.01,persistante,2000,eth-updown-5m-1790419500,55,39,1633.57,196.62686794000004,125.76641794000003
0.01,persistante,2000,eth-updown-5m-1790419800,154,134,5396.38,-714.9011462000001,-107.87604620000002
0.01,persistante,2000,eth-updown-5m-1790420100,201,181,6787.67,351.03353172999994,-246.01941826999993
0.01,persistante,2000,eth-updown-5m-1790420400,127,107,3742.52,483.4135351199999,285.47543512000004
0.01,persistante,2000,eth-updown-5m-1790420700,210,171,6817.45,2936.89484614,194.61959613999997
0.01,persistante,2000,eth-updown-5m-1790421000,147,136,6092.48,-2001.3513442500002,-190.4138442499999
0.01,persistante,2000,eth-updown-5m-1790421300,154,133,5146.51,-1497.02619675,-329.46504675000006
0.01,persistante,2000,eth-updown-5m-1790421600,184,182,7867.57,-1600.3269657600001,-340.66011576
0.01,persistante,5000,btc-updown-15m-1790419500,220,178,7939.7,3087.7268582799998,-202.73824171999996
0.01,persistante,5000,btc-updown-15m-1790420400,229,212,8547.94,-539.3981683700001,-468.0810183700001
0.01,persistante,5000,btc-updown-5m-1790418900,79,68,3290.33,558.7063156599995,-23.71363434000007
0.01,persistante,5000,btc-updown-5m-1790419200,92,80,3796.62,-582.5993598200001,-62.777859819999975
0.01,persistante,5000,btc-updown-5m-1790419500,58,57,2665.7,255.89373239999998,54.79523240000003
0.01,persistante,5000,btc-updown-5m-1790419800,217,210,9255.57,-869.0214874200001,-1016.3066374199999
0.01,persistante,5000,btc-updown-5m-1790420100,120,107,4446.87,64.52180843999994,-319.88454156000006
0.01,persistante,5000,btc-updown-5m-1790420400,162,132,6378.24,695.95763349,82.55353349000008
0.01,persistante,5000,btc-updown-5m-1790420700,151,114,5505.0,1737.5798949999999,-89.09510499999995
0.01,persistante,5000,btc-updown-5m-1790421000,147,136,6140.28,-2165.4352983400004,-945.6924983399999
0.01,persistante,5000,btc-updown-5m-1790421300,122,111,4830.19,-631.73890448,-182.23825448000002
0.01,persistante,5000,btc-updown-5m-1790421600,94,86,3933.06,,-126.68367120000002
0.01,persistante,5000,eth-updown-5m-1790418900,348,303,12331.58,-2585.4449303600004,-270.37813036000006
0.01,persistante,5000,eth-updown-5m-1790419200,465,364,12907.6,571.8741547500001,816.3159047500001
0.01,persistante,5000,eth-updown-5m-1790419500,55,31,949.96,123.34882116000003,67.04572116000004
0.01,persistante,5000,eth-updown-5m-1790419800,154,116,4761.67,-464.47309056000006,-31.97844056000005
0.01,persistante,5000,eth-updown-5m-1790420100,201,167,6454.05,155.10211461999995,-203.97643537999988
0.01,persistante,5000,eth-updown-5m-1790420400,127,86,3474.72,244.4377326599999,126.57633265999999
0.01,persistante,5000,eth-updown-5m-1790420700,210,158,6615.59,2889.2643078400006,89.16695784000004
0.01,persistante,5000,eth-updown-5m-1790421000,147,130,5062.88,-1634.03680686,-166.33780685999997
0.01,persistante,5000,eth-updown-5m-1790421300,154,134,5499.64,-1741.3870551200002,-417.24410512000003
0.01,persistante,5000,eth-updown-5m-1790421600,184,179,7788.28,-1510.25758904,-351.25898903999996
0.01,saut,0,btc-updown-15m-1790419500,14,14,466.32,162.80218350000004,26.859383499999986
0.01,saut,0,btc-updown-15m-1790420400,22,22,657.33,126.14365407000001,43.148604070000005
0.01,saut,0,btc-updown-5m-1790418900,5,5,79.93,34.525145099999996,2.9548950999999946
0.01,saut,0,btc-updown-5m-1790419200,13,13,340.52,13.768473999999998,38.295074
0.01,saut,0,btc-updown-5m-1790419500,6,6,179.0,58.123257,8.708256999999994
0.01,saut,0,btc-updown-5m-1790419800,9,9,215.45,-5.44383040000001,22.11891959999999
0.01,saut,0,btc-updown-5m-1790420100,3,3,105.0,-16.038515,2.536484999999993
0.01,saut,0,btc-updown-5m-1790420400,13,13,375.39,-50.35271976000001,49.63263024
0.01,saut,0,btc-updown-5m-1790420700,9,9,299.42,107.67178924000001,-12.705110760000007
0.01,saut,0,btc-updown-5m-1790421000,8,8,230.0,16.166440000000023,23.766440000000003
0.01,saut,0,btc-updown-5m-1790421300,5,5,46.0,-26.968942,1.781058
0.01,saut,0,eth-updown-5m-1790418900,20,20,490.53,-104.32450825000002,-22.931258250000003
0.01,saut,0,eth-updown-5m-1790419200,7,7,164.48,-9.443627600000001,12.812372399999997
0.01,saut,0,eth-updown-5m-1790419500,2,2,60.01,28.059467299999998,3.1553172999999965
0.01,saut,0,eth-updown-5m-1790419800,8,8,225.96,2.5475134800000205,22.84811348
0.01,saut,0,eth-updown-5m-1790420100,21,21,444.78,-21.329873259999996,39.64922674
0.01,saut,0,eth-updown-5m-1790420400,7,7,105.93,-19.82235054,20.615299459999996
0.01,saut,0,eth-updown-5m-1790420700,28,28,537.53,99.07634764,71.28859763999998
0.01,saut,0,eth-updown-5m-1790421000,1,1,50.0,22.1306,-4.119400000000001
0.01,saut,0,eth-updown-5m-1790421300,5,5,172.0,10.579510000000003,2.059510000000001
0.01,saut,25,btc-updown-15m-1790419500,14,11,428.0,116.490696,16.870695999999988
0.01,saut,25,btc-updown-15m-1790420400,22,18,547.7,122.70230106,30.424001060000005
0.01,saut,25,btc-updown-5m-1790418900,5,5,76.93,32.9400548,2.644804799999995
0.01,saut,25,btc-updown-5m-1790419200,13,13,374.82,27.905098520000003,37.52079852000001
0.01,saut,25,btc-updown-5m-1790419500,6,6,179.0,58.123257,8.708256999999994
0.01,saut,25,btc-updown-5m-1790419800,9,9,371.0,4.012391999999984,27.857391999999983
0.01,saut,25,btc-updown-5m-1790420100,3,3,105.0,-16.038515,2.536484999999993
0.01,saut,25,btc-updown-5m-1790420400,13,11,351.39,-48.24900252,48.826347479999995
0.01,saut,25,btc-updown-5m-1790420700,9,7,276.67,102.34443053999999,-10.240819460000012
0.01,saut,25,btc-updown-5m-1790421000,8,8,180.0,50.14652000000002,20.99652
0.01,saut,25,btc-updown-5m-1790421300,5,5,30.61,-18.10351113,1.0277388700000007
0.01,saut,25,eth-updown-5m-1790418900,20,16,479.96,-89.07663191999998,-29.66003192
0.01,saut,25,eth-updown-5m-1790419200,7,7,174.48,-47.994967599999995,7.061032399999998
0.01,saut,25,eth-updown-5m-1790419500,2,2,60.01,28.059467299999998,3.1553172999999965
0.01,saut,25,eth-updown-5m-1790419800,8,6,165.96,-35.65644652,14.624153479999999
0.01,saut,25,eth-updown-5m-1790420100,21,19,378.0,13.749178760000007,39.16917876
0.01,saut,25,eth-updown-5m-1790420400,7,7,173.16,-41.57832445,45.983475549999994
0.01,saut,25,eth-updown-5m-1790420700,28,25,638.23,54.365665439999994,55.949415439999974
0.01,saut,25,eth-updown-5m-1790421000,1,1,50.0,22.1306,-4.119400000000001
0.01,saut,25,eth-updown-5m-1790421300,5,4,167.0,10.063775000000003,1.8187750000000014
0.01,saut,50,btc-updown-15m-1790419500,14,11,470.0,125.30229999999999,18.752299999999988
0.01,saut,50,btc-updown-15m-1790420400,22,18,586.8,151.37164867,22.704648670000005
0.01,saut,50,btc-updown-5m-1790418900,5,5,83.64,35.79073732,2.643737319999994
0.01,saut,50,btc-updown-5m-1790419200,13,12,341.72,9.68160602,31.83680602
0.01,saut,50,btc-updown-5m-1790419500,6,6,179.0,58.123257,8.708256999999994
0.01,saut,50,btc-updown-5m-1790419800,9,9,306.08,-45.845388960000015,30.260211039999987
0.01,saut,50,btc-updown-5m-1790420100,3,3,105.0,-16.038515,2.536484999999993
0.01,saut,50,btc-updown-5m-1790420400,13,9,336.11,-46.085751080000016,45.51959892
0.01,saut,50,btc-updown-5m-1790420700,9,7,201.54,71.64336308,2.4328630799999917
0.01,saut,50,btc-updown-5m-1790421000,8,7,175.0,53.768585000000016,20.443585000000002
0.01,saut,50,btc-updown-5m-1790421300,5,5,30.61,-18.10351113,1.0277388700000007
0.01,saut,50,eth-updown-5m-1790418900,20,16,436.0,-83.139076,-29.149076
0.01,saut,50,eth-updown-5m-1790419200,7,7,204.48,-66.40057759999999,6.505422399999999
0.01,saut,50,eth-updown-5m-1790419500,2,2,50.01,23.3343973,2.5802472999999964
0.01,saut,50,eth-updown-5m-1790419800,8,6,165.96,-35.65644652,14.624153479999999
0.01,saut,50,eth-updown-5m-1790420100,21,19,374.07,-2.945794550000011,36.80135545
0.01,saut,50,eth-updown-5m-1790420400,7,7,173.16,-41.57832445,45.983475549999994
0.01,saut,50,eth-updown-5m-1790420700,28,23,617.23,60.56788643999999,53.39663643999998
0.01,saut,50,eth-updown-5m-1790421000,1,1,50.0,22.1306,-4.119400000000001
0.01,saut,50,eth-updown-5m-1790421300,5,4,167.0,10.063775000000003,1.568775000000001
0.01,saut,100,btc-updown-15m-1790419500,14,10,460.0,121.86357999999998,19.16357999999999
0.01,saut,100,btc-updown-15m-1790420400,22,18,611.87,124.50966516999999,9.439315170000004
0.01,saut,100,btc-updown-5m-1790418900,5,5,57.6,24.328580159999994,2.248580159999997
0.01,saut,100,btc-updown-5m-1790419200,13,10,245.63,-13.056247069999998,18.257802930000004
0.01,saut,100,btc-updown-5m-1790419500,6,4,104.0,41.560557,4.520557
0.01,saut,100,btc-updown-5m-1790419800,9,9,377.54,8.972639519999994,27.55293951999998
0.01,saut,100,btc-updown-5m-1790420100,3,2,55.0,-25.478514999999998,2.3464849999999977
0.01,saut,100,btc-updown-5m-1790420400,13,7,296.0,-35.146222000000016,39.63377799999999
0.01,saut,100,btc-updown-5m-1790420700,9,4,44.47,21.045056440000003,-4.400193560000001
0.01,saut,100,btc-updown-5m-1790421000,8,6,125.0,72.41331500000001,16.088315
0.01,saut,100,btc-updown-5m-1790421300,5,5,26.61,-15.913343129999998,0.7179068700000022
0.01,saut,100,eth-updown-5m-1790418900,20,14,458.64,-76.74131672,-43.88531672
0.01,saut,100,eth-updown-5m-1790419200,7,7,179.04,-78.56392991999999,1.9740700800000022
0.01,saut,100,eth-updown-5m-1790419500,2,2,50.01,23.3343973,2.5802472999999964
0.01,saut,100,eth-updown-5m-1790419800,8,4,65.96,-35.674196519999995,7.606403480000002
0.01,saut,100,eth-updown-5m-1790420100,21,13,253.09,12.273568209999997,26.12951821
0.01,saut,100,eth-updown-5m-1790420400,7,3,57.43,-13.88410004,12.261049959999998
0.01,saut,100,eth-updown-5m-1790420700,28,18,464.95,117.23120619999997,32.29255619999999
0.01,saut,100,eth-updown-5m-1790421000,1,1,50.0,22.1306,-4.119400000000001
0.01,saut,100,eth-updown-5m-1790421300,5,4,148.0,7.924223000000003,0.4742230000000007
0.01,saut,150,btc-updown-15m-1790419500,14,10,460.0,121.86357999999998,20.16357999999999
0.01,saut,150,btc-updown-15m-1790420400,22,17,618.36,52.68185059999999,8.890450600000005
0.01,saut,150,btc-updown-5m-1790418900,5,5,36.85,15.008960479999999,1.7477104799999994
0.01,saut,150,btc-updown-5m-1790419200,13,8,200.39000000000001,13.954385410000004,24.74023541
0.01,saut,150,btc-updown-5m-1790419500,6,4,104.0,41.560557,4.520557
0.01,saut,150,btc-updown-5m-1790419800,9,9,382.11,7.593404999999976,23.66155499999998
0.01,saut,150,btc-updown-5m-1790420100,3,2,55.0,-25.478514999999998,2.3464849999999977
0.01,saut,150,btc-updown-5m-1790420400,13,6,267.0,-43.305994000000005,36.739005999999996
0.01,saut,150,btc-updown-5m-1790420700,9,4,152.14000000000001,62.788613380000015,-24.691886619999995
0.01,saut,150,btc-updown-5m-1790421000,8,6,86.63,39.738497360000004,13.917647360000002
0.01,saut,150,btc-updown-5m-1790421300,5,4,24.0,-14.329247999999998,0.670752000000002
0.01,saut,150,eth-updown-5m-1790418900,20,13,413.28,-72.15146144,-42.28946144
0.01,saut,150,eth-updown-5m-1790419200,7,4,25.189999999999998,10.562846330000001,3.005846329999999
0.01,saut,150,eth-updown-5m-1790419500,2,2,50.01,23.3343973,2.7283972999999966
0.01,saut,150,eth-updown-5m-1790419800,8,4,153.96,-97.08890052,9.111699479999992
0.01,saut,150,eth-updown-5m-1790420100,21,11,189.86,27.513998380000004,19.814198380000004
0.01,saut,150,eth-updown-5m-1790420400,7,3,57.43,-13.88410004,12.261049959999998
0.01,saut,150,eth-updown-5m-1790420700,28,17,379.90999999999997,62.317901959999986,23.204251959999993
0.01,saut,150,eth-updown-5m-1790421000,1,1,50.0,22.1306,-4.119400000000001
0.01,saut,150,eth-updown-5m-1790421300,5,2,56.0,-1.7055120000000001,-1.7055119999999995
0.01,saut,200,btc-updown-15m-1790419500,14,10,460.0,120.90697999999999,19.206979999999987
0.01,saut,200,btc-updown-15m-1790420400,22,17,594.71,63.70269404999999,5.949544050000003
0.01,saut,200,btc-updown-5m-1790418900,5,3,20.29,8.65355848,0.39030847999999846
0.01,saut,200,btc-updown-5m-1790419200,13,8,185.39,11.860085410000003,15.47093541
0.01,saut,200,btc-updown-5m-1790419500,6,4,104.0,41.560557,4.520557
0.01,saut,200,btc-updown-5m-1790419800,9,5,206.0,89.028522,4.19852199999999
0.01,saut,200,btc-updown-5m-1790420100,3,1,50.0,-26.37465,2.3753499999999983
0.01,saut,200,btc-updown-5m-1790420400,13,4,190.0,0.14817999999999643,51.098179999999985
0.01,saut,200,btc-updown-5m-1790420700,9,1,20.0,10.251260000000002,-1.2487399999999993
0.01,saut,200,btc-updown-5m-1790421000,8,5,71.95,29.03557612,10.096126120000001
0.01,saut,200,btc-updown-5m-1790421300,5,4,36.0,-21.790301999999997,0.7096980000000022
0.01,saut,200,eth-updown-5m-1790418900,20,14,561.43,-116.61625311,-50.67720311
0.01,saut,200,eth-updown-5m-1790419200,7,3,20.189999999999998,8.64684633,2.589846329999999
0.01,saut,200,eth-updown-5m-1790419500,2,2,37.01,17.3215333,2.045533299999998
0.01,saut,200,eth-updown-5m-1790419800,8,1,50.0,-29.357849999999996,6.392150000000002
0.01,saut,200,eth-updown-5m-1790420100,21,10,120.24,20.635633920000004,13.418833920000003
0.01,saut,200,eth-updown-5m-1790420400,7,2,37.43,-5.345440040000001,8.69970996
0.01,saut,200,eth-updown-5m-1790420700,28,14,331.57,33.14994619999999,18.578196199999994
0.01,saut,200,eth-updown-5m-1790421000,1,1,50.0,22.1306,-4.119400000000001
0.01,saut,200,eth-updown-5m-1790421300,5,2,42.0,-0.9589620000000001,-1.1689619999999996
0.01,saut,300,btc-updown-15m-1790419500,14,11,445.0,108.04256,8.067559999999984
0.01,saut,300,btc-updown-15m-1790420400,22,13,346.69,88.38999328,-12.268456720000003
0.01,saut,300,btc-updown-5m-1790418900,5,2,1.56,0.6749729999999999,0.011972999999999807
0.01,saut,300,btc-updown-5m-1790419200,13,8,200.9,-3.1634384599999965,7.655061540000004
0.01,saut,300,btc-updown-5m-1790419500,6,4,72.99000000000001,31.703592000000004,2.7529420000000013
0.01,saut,300,btc-updown-5m-1790419800,9,5,217.54,97.82870951999999,3.709009519999989
0.01,saut,300,btc-updown-5m-1790420100,3,1,50.0,-26.37465,2.3753499999999983
0.01,saut,300,btc-updown-5m-1790420400,13,4,156.0,11.197261999999998,34.777261999999986
0.01,saut,300,btc-updown-5m-1790420700,9,1,23.27,9.837439039999998,-3.5428109600000024
0.01,saut,300,btc-updown-5m-1790421000,8,1,26.0,21.051368,5.3213680000000005
0.01,saut,300,btc-updown-5m-1790421300,5,4,10.44,-6.336380519999999,0.18861948000000056
0.01,saut,300,eth-updown-5m-1790418900,20,16,757.0,-182.41484400000002,-54.989844000000005
0.01,saut,300,eth-updown-5m-1790419200,7,2,15.19,6.73084633,2.173846329999999
0.01,saut,300,eth-updown-5m-1790419500,2,2,26.009999999999998,12.1239563,1.4129562999999983
0.01,saut,300,eth-updown-5m-1790419800,8,1,50.0,-29.357849999999996,6.392150000000002
0.01,saut,300,eth-updown-5m-1790420100,21,9,108.44,18.574728519999994,11.008928520000003
0.01,saut,300,eth-updown-5m-1790420400,7,2,37.43,-5.345440040000001,8.69970996
0.01,saut,300,eth-updown-5m-1790420700,28,9,426.08,81.00433023999999,10.696330239999991
0.01,saut,300,eth-updown-5m-1790421000,1,1,50.0,22.1306,-4.119400000000001
0.01,saut,300,eth-updown-5m-1790421300,5,1,50.0,-2.6662500000000002,-1.9162499999999996
0.01,saut,500,btc-updown-15m-1790419500,14,10,387.14,90.53443337999998,12.252533379999992
0.01,saut,500,btc-updown-15m-1790420400,22,6,139.03,25.222213559999997,-12.85073644
0.01,saut,500,btc-updown-5m-1790418900,5,0,0.0,0.0,0.0
0.01,saut,500,btc-updown-5m-1790419200,13,1,39.05,18.451398349999998,3.80764835
0.01,saut,500,btc-updown-5m-1790419500,6,4,81.87,34.725647,2.6621970000000026
0.01,saut,500,btc-updown-5m-1790419800,9,4,200.0,155.15744999999998,-5.84255000000001
0.01,saut,500,btc-updown-5m-1790420100,3,1,50.0,-26.37465,2.625350000000004
0.01,saut,500,btc-updown-5m-1790420400,13,2,55.08,35.15957784,25.130177839999995
0.01,saut,500,btc-updown-5m-1790420700,9,0,0.0,0.0,0.0
0.01,saut,500,btc-updown-5m-1790421000,8,1,6.0,4.858008,1.168008
0.01,saut,500,btc-updown-5m-1790421300,5,0,0.0,0.0,0.0
0.01,saut,500,eth-updown-5m-1790418900,20,15,448.0,-118.98933600000001,-22.539336000000006
0.01,saut,500,eth-updown-5m-1790419200,7,0,0.0,0.0,0.0
0.01,saut,500,eth-updown-5m-1790419500,2,2,46.26,21.396545279999998,2.2817952799999954
0.01,saut,500,eth-updown-5m-1790419800,8,0,0.0,0.0,0.0
0.01,saut,500,eth-updown-5m-1790420100,21,8,243.35999999999999,67.60681688,28.231616880000008
0.01,saut,500,eth-updown-5m-1790420400,7,1,20.0,-8.53866,3.5613399999999995
0.01,saut,500,eth-updown-5m-1790420700,28,9,416.0,105.47274999999999,10.602749999999991
0.01,saut,500,eth-updown-5m-1790421000,1,1,50.0,22.1306,-4.119400000000001
0.01,saut,500,eth-updown-5m-1790421300,5,2,100.0,-5.3325000000000005,-3.832499999999999
0.01,saut,750,btc-updown-15m-1790419500,14,8,354.23,71.51864343999999,14.386293439999989
0.01,saut,750,btc-updown-15m-1790420400,22,5,201.89,56.78782668000001,-23.559023319999994
0.01,saut,750,btc-updown-5m-1790418900,5,0,0.0,0.0,0.0
0.01,saut,750,btc-updown-5m-1790419200,13,0,0.0,0.0,0.0
0.01,saut,750,btc-updown-5m-1790419500,6,3,76.87,33.589487000000005,2.3510370000000025
0.01,saut,750,btc-updown-5m-1790419800,9,4,200.0,155.67739999999998,-5.32260000000001
0.01,saut,750,btc-updown-5m-1790420100,3,1,50.0,-26.37465,2.8753499999999987
0.01,saut,750,btc-updown-5m-1790420400,13,2,100.0,38.52175,26.521749999999987
0.01,saut,750,btc-updown-5m-1790420700,9,0,0.0,0.0,0.0
0.01,saut,750,btc-updown-5m-1790421000,8,0,0.0,0.0,0.0
0.01,saut,750,btc-updown-5m-1790421300,5,0,0.0,0.0,0.0
0.01,saut,750,eth-updown-5m-1790418900,20,15,457.0,-113.75029800000002,-23.275298000000006
0.01,saut,750,eth-updown-5m-1790419200,7,0,0.0,0.0,0.0
0.01,saut,750,eth-updown-5m-1790419500,2,2,33.26,15.383681279999998,1.6639312799999968
0.01,saut,750,eth-updown-5m-1790419800,8,0,0.0,0.0,0.0
0.01,saut,750,eth-updown-5m-1790420100,21,8,232.12,47.455066959999996,23.842866960000006
0.01,saut,750,eth-updown-5m-1790420400,7,0,0.0,0.0,0.0
0.01,saut,750,eth-updown-5m-1790420700,28,14,444.44,71.34794552,18.730945519999988
0.01,saut,750,eth-updown-5m-1790421000,1,0,0.0,0.0,0.0
0.01,saut,750,eth-updown-5m-1790421300,5,2,100.0,-5.3325000000000005,-3.832499999999999
0.01,saut,1000,btc-updown-15m-1790419500,14,8,354.23,71.51864343999999,17.865143439999994
0.01,saut,1000,btc-updown-15m-1790420400,22,5,237.0,74.63428400000002,-28.060716
0.01,saut,1000,btc-updown-5m-1790418900,5,0,0.0,0.0,0.0
0.01,saut,1000,btc-updown-5m-1790419200,13,0,0.0,0.0,0.0
0.01,saut,1000,btc-updown-5m-1790419500,6,3,104.87,44.87203100000001,2.8535810000000046
0.01,saut,1000,btc-updown-5m-1790419800,9,4,200.0,155.67739999999998,-5.32260000000001
0.01,saut,1000,btc-updown-5m-1790420100,3,1,50.0,-26.37465,2.8753499999999987
0.01,saut,1000,btc-updown-5m-1790420400,13,4,152.92000000000002,-2.934039160000008,43.06236084
0.01,saut,1000,btc-updown-5m-1790420700,9,0,0.0,0.0,0.0
0.01,saut,1000,btc-updown-5m-1790421000,8,0,0.0,0.0,0.0
0.01,saut,1000,btc-updown-5m-1790421300,5,0,0.0,0.0,0.0
0.01,saut,1000,eth-updown-5m-1790418900,20,16,671.0,-155.40139200000002,-36.326392000000006
0.01,saut,1000,eth-updown-5m-1790419200,7,0,0.0,0.0,0.0
0.01,saut,1000,eth-updown-5m-1790419500,2,2,33.26,15.383681279999998,1.6639312799999968
0.01,saut,1000,eth-updown-5m-1790419800,8,0,0.0,0.0,0.0
0.01,saut,1000,eth-updown-5m-1790420100,21,8,187.95999999999998,20.80415367999999,16.982353680000003
0.01,saut,1000,eth-updown-5m-1790420400,7,0,0.0,0.0,0.0
0.01,saut,1000,eth-updown-5m-1790420700,28,15,591.2,22.9651004,28.498100399999977
0.01,saut,1000,eth-updown-5m-1790421000,1,0,0.0,0.0,0.0
0.01,saut,1000,eth-updown-5m-1790421300,5,2,86.0,-4.58595,-3.2959499999999995
0.01,saut,2000,btc-updown-15m-1790419500,14,8,360.0,74.18742999999999,15.73742999999999
0.01,saut,2000,btc-updown-15m-1790420400,22,6,300.0,31.545050000000018,-22.95495
0.01,saut,2000,btc-updown-5m-1790418900,5,0,0.0,0.0,0.0
0.01,saut,2000,btc-updown-5m-1790419200,13,0,0.0,0.0,0.0
0.01,saut,2000,btc-updown-5m-1790419500,6,3,76.87,33.589487000000005,2.899737000000003
0.01,saut,2000,btc-updown-5m-1790419800,9,4,200.0,157.23935,-3.76065000000001
0.01,saut,2000,btc-updown-5m-1790420100,3,0,0.0,0.0,0.0
0.01,saut,2000,btc-updown-5m-1790420400,13,4,120.0,2.115840000000004,12.71584
0.01,saut,2000,btc-updown-5m-1790420700,9,4,200.0,77.62740000000001,-39.3726
0.01,saut,2000,btc-updown-5m-1790421000,8,0,0.0,0.0,0.0
0.01,saut,2000,btc-updown-5m-1790421300,5,0,0.0,0.0,0.0
0.01,saut,2000,eth-updown-5m-1790418900,20,16,541.04,-103.8355044,-36.887104400000005
0.01,saut,2000,eth-updown-5m-1790419200,7,3,150.0,-80.6208,40.12919999999998
0.01,saut,2000,eth-updown-5m-1790419500,2,2,29.93,13.84346304,1.422513039999997
0.01,saut,2000,eth-updown-5m-1790419800,8,1,38.0,-27.896256,-4.146255999999999
0.01,saut,2000,eth-updown-5m-1790420100,21,4,110.0,-26.764580000000002,7.260420000000005
0.01,saut,2000,eth-updown-5m-1790420400,7,0,0.0,0.0,0.0
0.01,saut,2000,eth-updown-5m-1790420700,28,13,650.0,63.38709999999999,32.637099999999975
0.01,saut,2000,eth-updown-5m-1790421000,1,0,0.0,0.0,0.0
0.01,saut,2000,eth-updown-5m-1790421300,5,2,100.0,-5.3325000000000005,-3.832499999999999
0.01,saut,5000,btc-updown-15m-1790419500,14,4,173.75,37.699000000000005,0.667749999999997
0.01,saut,5000,btc-updown-15m-1790420400,22,6,260.65999999999997,67.65341199999999,-10.778888000000006
0.01,saut,5000,btc-updown-5m-1790418900,5,0,0.0,0.0,0.0
0.01,saut,5000,btc-updown-5m-1790419200,13,0,0.0,0.0,0.0
0.01,saut,5000,btc-updown-5m-1790419500,6,1,26.87,12.964775000000001,1.8137250000000003
0.01,saut,5000,btc-updown-5m-1790419800,9,4,200.0,157.76,-3.2400000000000095
0.01,saut,5000,btc-updown-5m-1790420100,3,0,0.0,0.0,0.0
0.01,saut,5000,btc-updown-5m-1790420400,13,5,219.63,-27.433954959999998,4.093795040000003
0.01,saut,5000,btc-updown-5m-1790420700,9,5,250.0,99.25485000000002,-46.99514999999999
0.01,saut,5000,btc-updown-5m-1790421000,8,0,0.0,0.0,0.0
0.01,saut,5000,btc-updown-5m-1790421300,5,0,0.0,0.0,0.0
0.01,saut,5000,eth-updown-5m-1790418900,20,12,426.0,-54.88249800000001,-11.492498000000005
0.01,saut,5000,eth-updown-5m-1790419200,7,3,105.08,-61.50027755999999,26.241522439999997
0.01,saut,5000,eth-updown-5m-1790419500,2,2,4.6,2.1276287999999997,0.25312879999999954
0.01,saut,5000,eth-updown-5m-1790419800,8,3,144.69,-107.61998793000001,-23.199787929999992
0.01,saut,5000,eth-updown-5m-1790420100,21,2,45.0,-10.907865000000001,3.267134999999998
0.01,saut,5000,eth-updown-5m-1790420400,7,0,0.0,0.0,0.0
0.01,saut,5000,eth-updown-5m-1790420700,28,10,350.0,139.81010200000003,-9.579898000000002
0.01,saut,5000,eth-updown-5m-1790421000,1,0,0.0,0.0,0.0
0.01,saut,5000,eth-updown-5m-1790421300,5,2,100.0,-4.268800000000001,-2.768799999999999
0.02,carnet,0,btc-updown-15m-1790419500,27,27,450.4,-12.548493159999996,-26.52629316
0.02,carnet,0,btc-updown-15m-1790420400,113,113,1961.53,-416.22068251999997,-114.67083251999999
0.02,carnet,0,btc-updown-5m-1790418900,41,41,1004.39,-23.453380530000008,-35.52963053000001
0.02,carnet,0,btc-updown-5m-1790419200,27,27,694.16,187.16869516000003,79.15729515999999
0.02,carnet,0,btc-updown-5m-1790419500,23,23,554.2,-17.73250523,-8.95290522999999
0.02,carnet,0,btc-updown-5m-1790419800,32,32,1029.38,-245.42678189,-30.00463189
0.02,carnet,0,btc-updown-5m-1790420100,19,19,625.44,-183.89819725,-33.47939724999999
0.02,carnet,0,btc-updown-5m-1790420400,41,41,1110.53,-54.93277191000001,-123.83992191
0.02,carnet,0,btc-updown-5m-1790420700,39,39,810.15,-51.76676250999999,-29.531212509999996
0.02,carnet,0,btc-updown-5m-1790421000,35,35,1324.6399999999999,-761.66480517,-53.247555170000034
0.02,carnet,0,btc-updown-5m-1790421300,27,27,569.73,-28.43973217,-17.56318217
0.02,carnet,0,btc-updown-5m-1790421600,15,15,373.87,,-23.30436117
0.02,carnet,0,eth-updown-5m-1790418900,52,52,898.98,-303.09095836,-28.437658359999997
0.02,carnet,0,eth-updown-5m-1790419200,125,125,2543.08,95.15095971,-81.62144029000002
0.02,carnet,0,eth-updown-5m-1790419500,19,19,265.97,28.91496739,15.29801739
0.02,carnet,0,eth-updown-5m-1790419800,64,64,1181.4,-171.20049482000002,-20.498494819999998
0.02,carnet,0,eth-updown-5m-1790420100,32,32,611.14,172.46024912000001,-29.045250879999998
0.02,carnet,0,eth-updown-5m-1790420400,63,63,1183.08,89.06954244999999,-35.75885755
0.02,carnet,0,eth-updown-5m-1790420700,66,66,1096.48,86.71511195000001,27.010911950000008
0.02,carnet,0,eth-updown-5m-1790421000,42,42,760.51,-236.02834247,-2.849892470000005
0.02,carnet,0,eth-updown-5m-1790421300,44,44,760.35,-63.62381165000002,-9.302561650000012
0.02,carnet,0,eth-updown-5m-1790421600,11,11,199.0,-50.710965,-6.305965000000001
0.02,carnet,25,btc-updown-15m-1790419500,27,26,718.34,26.196876359999994,-38.493823640000016
0.02,carnet,25,btc-updown-15m-1790420400,113,111,3749.16,-1058.98758936,-147.58058936
0.02,carnet,25,btc-updown-5m-1790418900,41,41,1459.46,-35.38099059,-41.06294059000001
0.02,carnet,25,btc-updown-5m-1790419200,27,26,990.99,231.68157517,104.02762517000001
0.02,carnet,25,btc-updown-5m-1790419500,23,23,1018.69,-57.58841849000001,-17.998668489999996
0.02,carnet,25,btc-updown-5m-1790419800,32,32,1298.09,-68.71405139000001,-42.23750139000001
0.02,carnet,25,btc-updown-5m-1790420100,19,19,851.45,-233.86943499999998,-31.92238499999999
0.02,carnet,25,btc-updown-5m-1790420400,41,41,1474.19,-134.19457706000006,-157.29272706
0.02,carnet,25,btc-updown-5m-1790420700,39,39,1623.77,235.42245084,-35.512199159999994
0.02,carnet,25,btc-updown-5m-1790421000,35,35,1609.21,-961.86420265,-51.67890265000005
0.02,carnet,25,btc-updown-5m-1790421300,27,26,880.72,-29.87525585999997,-22.43015586
0.02,carnet,25,btc-updown-5m-1790421600,15,15,573.31,,-30.934623430000002
0.02,carnet,25,eth-updown-5m-1790418900,52,48,1338.23,-473.01098836000006,-40.114438359999994
0.02,carnet,25,eth-updown-5m-1790419200,125,119,3359.49,-65.68658669000007,-60.35373669000004
0.02,carnet,25,eth-updown-5m-1790419500,19,16,531.7,29.974316100000006,20.353816100000007
0.02,carnet,25,eth-updown-5m-1790419800,64,61,1900.84,-140.36628854,-59.52528853999999
0.02,carnet,25,eth-updown-5m-1790420100,32,32,1305.61,347.58537932,-52.67007068000001
0.02,carnet,25,eth-updown-5m-1790420400,63,62,2189.79,127.46343043000006,-49.62921957
0.02,carnet,25,eth-updown-5m-1790420700,66,65,2102.24,128.02704428999996,77.25804429000003
0.02,carnet,25,eth-updown-5m-1790421000,42,40,1336.58,-407.58979927,-5.351999269999994
0.02,carnet,25,eth-updown-5m-1790421300,44,44,1348.06,-161.44480448000002,-8.576304480000026
0.02,carnet,25,eth-updown-5m-1790421600,11,11,455.0,-70.58303000000001,-10.208030000000008
0.02,carnet,50,btc-updown-15m-1790419500,27,25,824.8199999999999,-22.117667900000008,-57.271367900000016
0.02,carnet,50,btc-updown-15m-1790420400,113,111,4259.95,-1192.07619245,-151.45304245000003
0.02,carnet,50,btc-updown-5m-1790418900,41,41,1582.32,-49.88486042000001,-49.089660420000016
0.02,carnet,50,btc-updown-5m-1790419200,27,26,1090.66,313.68737941,146.85467941
0.02,carnet,50,btc-updown-5m-1790419500,23,23,991.54,-51.326472720000005,-16.702972719999995
0.02,carnet,50,btc-updown-5m-1790419800,32,32,1250.82,-39.65666261,-34.14466261
0.02,carnet,50,btc-updown-5m-1790420100,19,18,879.39,-235.86605699999998,-28.639506999999995
0.02,carnet,50,btc-updown-5m-1790420400,41,41,1709.33,-119.76745061000004,-176.65120061000002
0.02,carnet,50,btc-updown-5m-1790420700,39,39,1652.48,230.05674416000002,-34.90205583999999
0.02,carnet,50,btc-updown-5m-1790421000,35,35,1682.55,-977.25597065,-60.16577065000004
0.02,carnet,50,btc-updown-5m-1790421300,27,24,891.39,-43.60921784999999,-18.69786785000001
0.02,carnet,50,btc-updown-5m-1790421600,15,15,653.31,,-35.128463430000004
0.02,carnet,50,eth-updown-5m-1790418900,52,45,1369.74,-498.5912981000001,-42.2065981
0.02,carnet,50,eth-updown-5m-1790419200,125,121,3788.93,-210.60907345000004,-34.26242345000005
0.02,carnet,50,eth-updown-5m-1790419500,19,16,531.61,26.58853362,16.173183620000003
0.02,carnet,50,eth-updown-5m-1790419800,64,61,2209.91,-177.89973723999998,-58.34808723999999
0.02,carnet,50,eth-updown-5m-1790420100,32,32,1367.34,341.23759630999996,-52.284803690000004
0.02,carnet,50,eth-updown-5m-1790420400,63,62,2012.97,185.47866193,-19.945788070000006
0.02,carnet,50,eth-updown-5m-1790420700,66,65,2493.87,307.72060061999997,146.33935062000003
0.02,carnet,50,eth-updown-5m-1790421000,42,40,1574.67,-499.4099045,-12.234254499999999
0.02,carnet,50,eth-updown-5m-1790421300,44,44,1474.57,-194.73153777,-8.702087770000029
0.02,carnet,50,eth-updown-5m-1790421600,11,11,489.0,-78.61619,-10.171190000000008
0.02,carnet,100,btc-updown-15m-1790419500,27,23,706.0,6.009599919999998,-46.58720008000002
0.02,carnet,100,btc-updown-15m-1790420400,113,109,4640.07,-1381.5850150899998,-146.89606509000004
0.02,carnet,100,btc-updown-5m-1790418900,41,40,1646.93,-47.79406392000001,-55.60311392000002
0.02,carnet,100,btc-updown-5m-1790419200,27,26,1043.99,224.62898499999997,119.160035
0.02,carnet,100,btc-updown-5m-1790419500,23,23,1132.0,-79.24999399999999,-15.649993999999987
0.02,carnet,100,btc-updown-5m-1790419800,32,31,1256.7,-69.35492829999998,-43.46102829999999
0.02,carnet,100,btc-updown-5m-1790420100,19,19,874.14,-234.12755418999996,-18.36025418999998
0.02,carnet,100,btc-updown-5m-1790420400,41,41,1796.64,-201.20764893999998,-225.27059894
0.02,carnet,100,btc-updown-5m-1790420700,39,39,1835.0,245.496844,-44.508156
0.02,carnet,100,btc-updown-5m-1790421000,35,35,1694.22,-973.71311656,-62.838216560000035
0.02,carnet,100,btc-updown-5m-1790421300,27,24,909.64,-28.497703320000028,-12.98790332000002
0.02,carnet,100,btc-updown-5m-1790421600,15,15,623.31,,-33.580878430000006
0.02,carnet,100,eth-updown-5m-1790418900,52,43,1430.53,-508.4352621599999,-31.940912160000003
0.02,carnet,100,eth-updown-5m-1790419200,125,121,4403.75,87.16178834999998,-61.90826165000005
0.02,carnet,100,eth-updown-5m-1790419500,19,15,639.61,22.643311619999995,19.967961619999997
0.02,carnet,100,eth-updown-5m-1790419800,64,59,2175.24,-235.00972234,-53.80307233999998
0.02,carnet,100,eth-updown-5m-1790420100,32,31,1330.3,325.8377779,-49.2892221
0.02,carnet,100,eth-updown-5m-1790420400,63,59,2363.9,216.43960923000003,-12.866590770000009
0.02,carnet,100,eth-updown-5m-1790420700,66,63,2626.54,393.64874547999995,137.52824548000004
0.02,carnet,100,eth-updown-5m-1790421000,42,35,1547.0,-476.94105200000007,-10.396051999999987
0.02,carnet,100,eth-updown-5m-1790421300,44,44,1620.0,-257.24322212000004,-22.260822120000046
0.02,carnet,100,eth-updown-5m-1790421600,11,11,409.0,-57.66962,-8.424620000000008
0.02,carnet,150,btc-updown-15m-1790419500,27,22,739.32,-8.057007040000002,-46.01480704000001
0.02,carnet,150,btc-updown-15m-1790420400,113,110,4606.26,-1476.2359225,-136.37032250000004
0.02,carnet,150,btc-updown-5m-1790418900,41,38,1619.56,-44.96964976,-52.75369976000002
0.02,carnet,150,btc-updown-5m-1790419200,27,26,1044.99,180.04456199999998,111.97061199999999
0.02,carnet,150,btc-updown-5m-1790419500,23,23,1144.0,-77.42774799999998,-15.227747999999984
0.02,carnet,150,btc-updown-5m-1790419800,32,31,1182.04,0.21868992000000276,-33.235610079999994
0.02,carnet,150,btc-updown-5m-1790420100,19,19,847.43,-233.88004899999999,-21.975298999999982
0.02,carnet,150,btc-updown-5m-1790420400,41,41,1797.5,-208.21324425000003,-230.40574425
0.02,carnet,150,btc-updown-5m-1790420700,39,39,1810.33,260.94158184,-46.311468160000004
0.02,carnet,150,btc-updown-5m-1790421000,35,35,1688.44,-974.90342312,-63.31142312000003
0.02,carnet,150,btc-updown-5m-1790421300,27,24,930.64,-34.31974332000004,-12.32494332000003
0.02,carnet,150,btc-updown-5m-1790421600,15,15,411.19,,-21.44486633
0.02,carnet,150,eth-updown-5m-1790418900,52,41,1232.16,-464.6112279199999,-25.263227920000002
0.02,carnet,150,eth-updown-5m-1790419200,125,118,4492.38,-15.65388565000003,-45.339785650000046
0.02,carnet,150,eth-updown-5m-1790419500,19,14,570.7,17.223258100000002,19.037758100000005
0.02,carnet,150,eth-updown-5m-1790419800,64,59,2103.58,-192.82919018999996,-55.71369018999997
0.02,carnet,150,eth-updown-5m-1790420100,32,30,1304.68,296.77816318999993,-53.607736810000006
0.02,carnet,150,eth-updown-5m-1790420400,63,57,2412.77,224.06787476,-6.552325240000005
0.02,carnet,150,eth-updown-5m-1790420700,66,62,2701.26,392.79825531999995,159.95300532000002
0.02,carnet,150,eth-updown-5m-1790421000,42,35,1574.0,-485.74244600000003,-11.662446000000001
0.02,carnet,150,eth-updown-5m-1790421300,44,42,1575.67,-308.39609696,-21.655446960000056
0.02,carnet,150,eth-updown-5m-1790421600,11,11,453.0,-68.62514000000002,-9.360140000000008
0.02,carnet,200,btc-updown-15m-1790419500,27,22,757.66,-14.43084351999999,-45.49974352
0.02,carnet,200,btc-updown-15m-1790420400,113,108,4692.16,-1436.27500752,-150.43930752000006
0.02,carnet,200,btc-updown-5m-1790418900,41,38,1393.3,-18.138617049999997,-32.291917050000016
0.02,carnet,200,btc-updown-5m-1790419200,27,26,1081.0,134.87408299999998,101.05908299999999
0.02,carnet,200,btc-updown-5m-1790419500,23,23,1150.0,-76.75209999999998,-15.002099999999983
0.02,carnet,200,btc-updown-5m-1790419800,32,31,1232.32,-60.88515735999998,-46.96960735999998
0.02,carnet,200,btc-updown-5m-1790420100,19,18,790.55,-226.289955,-24.729204999999986
0.02,carnet,200,btc-updown-5m-1790420400,41,41,1885.58,-180.67776174000002,-214.19401174
0.02,carnet,200,btc-updown-5m-1790420700,39,39,1795.91,275.37835627999993,-58.12679372000001
0.02,carnet,200,btc-updown-5m-1790421000,35,35,1651.51,-939.98929884,-61.77369884000002
0.02,carnet,200,btc-updown-5m-1790421300,27,22,920.0,-36.73409500000005,-13.08409500000003
0.02,carnet,200,btc-updown-5m-1790421600,15,15,500.86,,-26.678573520000004
0.02,carnet,200,eth-updown-5m-1790418900,52,38,1213.11,-478.29149652,-31.308446520000004
0.02,carnet,200,eth-updown-5m-1790419200,125,117,4216.07,108.32694251999997,-32.96070748000004
0.02,carnet,200,eth-updown-5m-1790419500,19,13,534.61,7.313249619999999,19.25289962
0.02,carnet,200,eth-updown-5m-1790419800,64,59,2098.81,-104.31498068999997,-74.44243068999997
0.02,carnet,200,eth-updown-5m-1790420100,32,29,1281.6,307.09246994999995,-50.97203005000001
0.02,carnet,200,eth-updown-5m-1790420400,63,58,2675.65,245.46420906999998,-15.832340930000008
0.02,carnet,200,eth-updown-5m-1790420700,66,60,2672.21,427.57175768,181.55350768000002
0.02,carnet,200,eth-updown-5m-1790421000,42,37,1707.0,-540.776546,-18.161546
0.02,carnet,200,eth-updown-5m-1790421300,44,41,1437.39,-226.34256132000002,-16.465611320000047
0.02,carnet,200,eth-updown-5m-1790421600,11,11,423.0,-60.52425,-8.909250000000009
0.02,carnet,300,btc-updown-15m-1790419500,27,21,865.0,-54.54243999999999,-62.567440000000005
0.02,carnet,300,btc-updown-15m-1790420400,113,104,4708.76,-1314.0552497699998,-153.39374977000003
0.02,carnet,300,btc-updown-5m-1790418900,41,37,1417.84,-38.60774326000001,-36.19469326000001
0.02,carnet,300,btc-updown-5m-1790419200,27,26,1030.0,114.62595999999999,86.82596
0.02,carnet,300,btc-updown-5m-1790419500,23,23,1150.0,-72.85079999999998,-11.100799999999982
0.02,carnet,300,btc-updown-5m-1790419800,32,30,1286.45,-110.03023425,-58.51658425000002
0.02,carnet,300,btc-updown-5m-1790420100,19,17,670.21,-183.83843675,-21.052386749999986
0.02,carnet,300,btc-updown-5m-1790420400,41,39,1898.79,-244.24157956000002,-250.52732956
0.02,carnet,300,btc-updown-5m-1790420700,39,39,1634.97,227.65258924000005,-49.376160760000005
0.02,carnet,300,btc-updown-5m-1790421000,35,35,1684.07,-961.3177433999999,-67.97279340000001
0.02,carnet,300,btc-updown-5m-1790421300,27,24,965.0,-15.573155000000042,-13.748155000000029
0.02,carnet,300,btc-updown-5m-1790421600,15,15,540.86,,-28.676708520000005
0.02,carnet,300,eth-updown-5m-1790418900,52,34,1246.06,-451.95647071999997,-29.670370720000008
0.02,carnet,300,eth-updown-5m-1790419200,125,118,4636.85,299.04017814999986,-32.91462185000005
0.02,carnet,300,eth-updown-5m-1790419500,19,12,439.61,8.510865619999997,20.195515620000002
0.02,carnet,300,eth-updown-5m-1790419800,64,55,1968.99,-86.96281391999997,-65.91926391999996
0.02,carnet,300,eth-updown-5m-1790420100,32,29,1285.88,293.5689449899999,-48.643255010000004
0.02,carnet,300,eth-updown-5m-1790420400,63,60,2441.7,292.69416369999993,31.643863699999994
0.02,carnet,300,eth-updown-5m-1790420700,66,60,2690.21,464.32728068,167.45903068
0.02,carnet,300,eth-updown-5m-1790421000,42,38,1683.64,-539.5712630000002,-21.584663
0.02,carnet,300,eth-updown-5m-1790421300,44,41,1490.71,-330.32128303,-24.994833030000052
0.02,carnet,300,eth-updown-5m-1790421600,11,11,443.0,-65.734965,-9.26996500000001
0.02,carnet,500,btc-updown-15m-1790419500,27,20,839.98,-43.01626056,-64.55796056
0.02,carnet,500,btc-updown-15m-1790420400,113,103,4614.27,-1265.4200713799999,-168.27352138000003
0.02,carnet,500,btc-updown-5m-1790418900,41,33,1248.32,-14.076851220000002,-38.69775122000001
0.02,carnet,500,btc-updown-5m-1790419200,27,22,877.26,58.353371719999984,82.40887172
0.02,carnet,500,btc-updown-5m-1790419500,23,23,1150.0,-71.42744999999998,-9.177449999999979
0.02,carnet,500,btc-updown-5m-1790419800,32,27,1155.49,-118.40800585999999,-61.632355860000004
0.02,carnet,500,btc-updown-5m-1790420100,19,14,526.06,-137.00338299999999,-25.342882999999997
0.02,carnet,500,btc-updown-5m-1790420400,41,39,1733.78,-227.75455224000004,-241.17665223999998
0.02,carnet,500,btc-updown-5m-1790420700,39,37,1710.86,265.23695992,-22.854940080000013
0.02,carnet,500,btc-updown-5m-1790421000,35,34,1449.07,-772.2583634,-80.2078634
0.02,carnet,500,btc-updown-5m-1790421300,27,24,879.0,-57.124592000000035,-12.399592000000027
0.02,carnet,500,btc-updown-5m-1790421600,15,15,648.5,,-33.15577152
0.02,carnet,500,eth-updown-5m-1790418900,52,32,1211.44,-430.33127148000005,-26.21807148000001
0.02,carnet,500,eth-updown-5m-1790419200,125,115,4413.15,319.2047105499999,36.05196054999993
0.02,carnet,500,eth-updown-5m-1790419500,19,12,477.7,24.1650071,16.034507100000006
0.02,carnet,500,eth-updown-5m-1790419800,64,52,1796.15,-204.20887976,-33.24402976
0.02,carnet,500,eth-updown-5m-1790420100,32,29,1371.24,322.47247047999997,-48.47972952
0.02,carnet,500,eth-updown-5m-1790420400,63,58,2277.92,361.67290155999996,127.43370156
0.02,carnet,500,eth-updown-5m-1790420700,66,59,2683.07,438.22582755999997,180.89342756000002
0.02,carnet,500,eth-updown-5m-1790421000,42,34,1562.64,-491.537918,-13.756317999999997
0.02,carnet,500,eth-updown-5m-1790421300,44,37,1353.7,-305.50415922,-20.829259220000043
0.02,carnet,500,eth-updown-5m-1790421600,11,11,530.0,-88.62684000000002,-9.976840000000008
0.02,carnet,750,btc-updown-15m-1790419500,27,17,761.6,-44.147789999999986,-57.45578999999999
0.02,carnet,750,btc-updown-15m-1790420400,113,98,4274.64,-1273.90399487,-174.14249487000004
0.02,carnet,750,btc-updown-5m-1790418900,41,30,1334.51,15.288721980000005,-57.83627802000001
0.02,carnet,750,btc-updown-5m-1790419200,27,19,827.72,45.39946499999999,78.01386499999998
0.02,carnet,750,btc-updown-5m-1790419500,23,23,1065.18,-55.90685023999998,-2.6323502399999774
0.02,carnet,750,btc-updown-5m-1790419800,32,25,1061.28,112.88181224000002,-51.79178775999999
0.02,carnet,750,btc-updown-5m-1790420100,19,14,700.0,-213.337,-35.83700000000002
0.02,carnet,750,btc-updown-5m-1790420400,41,38,1684.98,-215.69390200000004,-234.109802
0.02,carnet,750,btc-updown-5m-1790420700,39,36,1788.92,198.48584064000005,-30.149159360000027
0.02,carnet,750,btc-updown-5m-1790421000,35,34,1616.22,-891.5694375599999,-77.53113755999999
0.02,carnet,750,btc-updown-5m-1790421300,27,24,577.2,46.69863203999999,-0.1333679600000064
0.02,carnet,750,btc-updown-5m-1790421600,15,15,677.14,,-34.92800952
0.02,carnet,750,eth-updown-5m-1790418900,52,31,1092.06,-389.08825356,-27.377353560000007
0.02,carnet,750,eth-updown-5m-1790419200,125,110,4074.46,-222.17464069999997,50.59445929999993
0.02,carnet,750,eth-updown-5m-1790419500,19,12,536.7,17.993247100000005,14.587747100000001
0.02,carnet,750,eth-updown-5m-1790419800,64,50,1770.66,-199.62979356999998,-18.121693569999998
0.02,carnet,750,eth-updown-5m-1790420100,32,27,1217.2,356.83682439999995,-36.4671756
0.02,carnet,750,eth-updown-5m-1790420400,63,58,2308.77,293.28978954999997,129.86123955
0.02,carnet,750,eth-updown-5m-1790420700,66,58,2629.03,429.3395565100001,208.59640651
0.02,carnet,750,eth-updown-5m-1790421000,42,32,1459.18,-432.98201336,-2.055913360000006
0.02,carnet,750,eth-updown-5m-1790421300,44,35,1183.74,-228.35751908,-10.918819080000056
0.02,carnet,750,eth-updown-5m-1790421600,11,11,530.0,-88.62684000000002,-10.476840000000008
0.02,carnet,1000,btc-updown-15m-1790419500,27,17,770.91,-74.43397647999998,-63.76102647999999
0.02,carnet,1000,btc-updown-15m-1790420400,113,97,3569.36,-1044.1889699199999,-160.54241992000004
0.02,carnet,1000,btc-updown-5m-1790418900,41,30,1290.99,24.77892327,-57.97107673
0.02,carnet,1000,btc-updown-5m-1790419200,27,18,818.26,41.236426219999984,83.75412621999999
0.02,carnet,1000,btc-updown-5m-1790419500,23,23,1150.0,-65.88089999999998,-4.13089999999997
0.02,carnet,1000,btc-updown-5m-1790419800,32,26,1136.15,67.12176180000003,-44.72148820000001
0.02,carnet,1000,btc-updown-5m-1790420100,19,14,597.85,-140.96777546999996,-22.82702547
0.02,carnet,1000,btc-updown-5m-1790420400,41,38,1900.0,-272.67975000000007,-273.67975
0.02,carnet,1000,btc-updown-5m-1790420700,39,36,1721.34,147.56750522000004,-42.282394780000025
0.02,carnet,1000,btc-updown-5m-1790421000,35,34,1507.33,-800.87437428,-63.81987427999999
0.02,carnet,1000,btc-updown-5m-1790421300,27,25,819.63,-71.40029374999997,-26.187543749999985
0.02,carnet,1000,btc-updown-5m-1790421600,15,14,644.6,,-33.729144999999995
0.02,carnet,1000,eth-updown-5m-1790418900,52,31,994.18,-344.35288276,-11.722582760000012
0.02,carnet,1000,eth-updown-5m-1790419200,125,111,4709.19,91.71959401000004,35.540644009999966
0.02,carnet,1000,eth-updown-5m-1790419500,19,12,510.7,16.0152329,13.920832899999999
0.02,carnet,1000,eth-updown-5m-1790419800,64,49,1866.92,-123.32146920000001,-43.038369200000005
0.02,carnet,1000,eth-updown-5m-1790420100,32,26,1061.51,390.14494604,-21.74700396
0.02,carnet,1000,eth-updown-5m-1790420400,63,55,2146.49,460.20428570999985,200.07343570999996
0.02,carnet,1000,eth-updown-5m-1790420700,66,57,2351.43,573.2795480400001,227.31409804
0.02,carnet,1000,eth-updown-5m-1790421000,42,26,1211.59,-324.15274868,17.17530131999999
0.02,carnet,1000,eth-updown-5m-1790421300,44,33,1227.73,-260.75445320000006,0.5597967999999387
0.02,carnet,1000,eth-updown-5m-1790421600,11,11,530.0,-88.62684000000002,-10.476840000000008
0.02,carnet,2000,btc-updown-15m-1790419500,27,16,758.92,-89.33530176,-78.56270176
0.02,carnet,2000,btc-updown-15m-1790420400,113,90,4179.28,-1112.02830196,-278.37470196000004
0.02,carnet,2000,btc-updown-5m-1790418900,41,30,1215.16,-24.01321192000001,-66.78801192000002
0.02,carnet,2000,btc-updown-5m-1790419200,27,12,540.98,-44.327671460000005,28.05962853999999
0.02,carnet,2000,btc-updown-5m-1790419500,23,23,950.0,-30.476764999999993,-15.476764999999983
0.02,carnet,2000,btc-updown-5m-1790419800,32,24,1120.23,65.49377616000001,-70.25097384
0.02,carnet,2000,btc-updown-5m-1790420100,19,14,695.0,-195.88368500000004,-54.908685
0.02,carnet,2000,btc-updown-5m-1790420400,41,38,1734.02,-271.12411046,-283.69061046
0.02,carnet,2000,btc-updown-5m-1790420700,39,36,1503.2,198.2762176,-29.023782400000012
0.02,carnet,2000,btc-updown-5m-1790421000,35,31,1392.3,-699.2143355000002,-22.006835499999973
0.02,carnet,2000,btc-updown-5m-1790421300,27,23,733.39,-90.59578175000003,-28.715031750000026
0.02,carnet,2000,btc-updown-5m-1790421600,15,14,700.0,,-46.53005
0.02,carnet,2000,eth-updown-5m-1790418900,52,30,1002.39,-363.23571162999997,-4.175961630000009
0.02,carnet,2000,eth-updown-5m-1790419200,125,101,3454.34,4.214744910000008,102.80914490999994
0.02,carnet,2000,eth-updown-5m-1790419500,19,11,415.69,13.634099379999997,19.158849379999996
0.02,carnet,2000,eth-updown-5m-1790419800,64,50,1836.76,-176.60422032000002,20.341779679999966
0.02,carnet,2000,eth-updown-5m-1790420100,32,25,852.31,218.32588217999998,-7.470867819999999
0.02,carnet,2000,eth-updown-5m-1790420400,63,50,1625.3799999999999,170.63580125999997,115.02890125999998
0.02,carnet,2000,eth-updown-5m-1790420700,66,53,1996.83,505.47562076,198.05147075999997
0.02,carnet,2000,eth-updown-5m-1790421000,42,19,869.0,-191.04155000000003,37.51344999999999
0.02,carnet,2000,eth-updown-5m-1790421300,44,35,1614.16,-178.66769437000002,19.855805629999974
0.02,carnet,2000,eth-updown-5m-1790421600,11,11,530.0,-88.62684000000002,-16.62684000000001
0.02,carnet,5000,btc-updown-15m-1790419500,27,15,613.81,63.965589049999984,-35.90136095000002
0.02,carnet,5000,btc-updown-15m-1790420400,113,77,2551.1,-278.0100127,-86.19351269999999
0.02,carnet,5000,btc-updown-5m-1790418900,41,26,1266.86,-15.893854619999995,-44.745754620000014
0.02,carnet,5000,btc-updown-5m-1790419200,27,10,487.34000000000003,-55.721657179999994,22.73424282000001
0.02,carnet,5000,btc-updown-5m-1790419500,23,19,930.0,-18.316760000000006,-31.96675999999999
0.02,carnet,5000,btc-updown-5m-1790419800,32,22,929.28,65.30697376000003,-54.71942623999996
0.02,carnet,5000,btc-updown-5m-1790420100,19,11,515.0,-202.80778000000004,-99.13278
0.02,carnet,5000,btc-updown-5m-1790420400,41,37,1700.0,-130.07233000000005,-182.52232999999998
0.02,carnet,5000,btc-updown-5m-1790420700,39,32,1311.33,335.477744,-93.42960599999998
0.02,carnet,5000,btc-updown-5m-1790421000,35,22,934.19,-456.22278112000004,5.69446887999997
0.02,carnet,5000,btc-updown-5m-1790421300,27,19,800.0,-37.52696000000002,-35.126960000000025
0.02,carnet,5000,btc-updown-5m-1790421600,15,14,657.27,,-64.84614296
0.02,carnet,5000,eth-updown-5m-1790418900,52,37,1339.0,-434.79053899999997,-10.770539000000042
0.02,carnet,5000,eth-updown-5m-1790419200,125,95,3277.9,128.9063576000001,204.36005760000003
0.02,carnet,5000,eth-updown-5m-1790419500,19,9,450.0,33.69415000000001,21.944150000000008
0.02,carnet,5000,eth-updown-5m-1790419800,64,43,1902.18,169.78803511999996,56.92493511999996
0.02,carnet,5000,eth-updown-5m-1790420100,32,18,741.46,63.12864947999999,-15.802650519999993
0.02,carnet,5000,eth-updown-5m-1790420400,63,58,2594.34,231.72838697999993,130.58618698
0.02,carnet,5000,eth-updown-5m-1790420700,66,45,1631.37,585.4476141500002,38.076964149999974
0.02,carnet,5000,eth-updown-5m-1790421000,42,33,1310.26,-426.01210696,16.683193039999978
0.02,carnet,5000,eth-updown-5m-1790421300,44,28,1058.2,-314.6337242400001,-76.80552424000001
0.02,carnet,5000,eth-updown-5m-1790421600,11,10,480.0,-76.99614000000001,-20.096140000000013
0.02,persistante,0,btc-updown-15m-1790419500,192,192,4015.86,1735.93196616,-9.340633839999985
0.02,persistante,0,btc-updown-15m-1790420400,171,171,2923.18,31.339840149999986,-222.48275985000004
0.02,persistante,0,btc-updown-5m-1790418900,59,59,1496.17,418.15283447999997,-18.510415520000024
0.02,persistante,0,btc-updown-5m-1790419200,88,88,2380.37,-435.0171235,-91.66297350000002
0.02,persistante,0,btc-updown-5m-1790419500,41,41,1124.81,163.50015978000002,-53.829890219999996
0.02,persistante,0,btc-updown-5m-1790419800,196,196,5249.33,-1067.5049454300001,-590.63079543
0.02,persistante,0,btc-updown-5m-1790420100,111,111,3288.7,157.62934141999997,-198.70625858
0.02,persistante,0,btc-updown-5m-1790420400,143,143,4184.35,466.15798019000005,-255.89696981000003
0.02,persistante,0,btc-updown-5m-1790420700,148,148,4053.02,840.4663515100001,-35.77494849000002
0.02,persistante,0,btc-updown-5m-1790421000,129,129,3796.55,-1699.9623536,-645.2229036
0.02,persistante,0,btc-updown-5m-1790421300,100,100,2439.27,-418.94529329,-100.30554329000002
0.02,persistante,0,btc-updown-5m-1790421600,84,84,1905.32,,-72.15274493000001
0.02,persistante,0,eth-updown-5m-1790418900,296,296,4860.21,-1276.10633522,-178.36968522
0.02,persistante,0,eth-updown-5m-1790419200,446,446,7505.14,-233.56865777000002,538.87589223
0.02,persistante,0,eth-updown-5m-1790419500,37,37,552.0,74.244996,33.83999600000001
0.02,persistante,0,eth-updown-5m-1790419800,126,126,2338.78,-512.47239869,-51.14499869000001
0.02,persistante,0,eth-updown-5m-1790420100,177,177,3013.53,5.4564027199999146,-88.27144727999996
0.02,persistante,0,eth-updown-5m-1790420400,100,100,1650.78,539.0407452899999,256.05364529
0.02,persistante,0,eth-updown-5m-1790420700,171,171,2975.04,1276.91385444,135.60795443999996
0.02,persistante,0,eth-updown-5m-1790421000,130,130,2213.55,-685.56769587,-55.34854586999997
0.02,persistante,0,eth-updown-5m-1790421300,119,119,1775.9,-407.9165852900001,-125.38108529000002
0.02,persistante,0,eth-updown-5m-1790421600,178,178,3451.86,-734.7614392400001,-141.27863924000002
0.02,persistante,25,btc-updown-15m-1790419500,192,188,6895.08,2908.5343320399998,-19.663567959999977
0.02,persistante,25,btc-updown-15m-1790420400,171,171,6214.95,-61.95641901000022,-472.76456901
0.02,persistante,25,btc-updown-5m-1790418900,59,58,2484.6,546.7907805,-51.06091950000004
0.02,persistante,25,btc-updown-5m-1790419200,88,88,4042.71,-656.9734931400001,-119.17174314000003
0.02,persistante,25,btc-updown-5m-1790419500,41,41,1882.03,220.68648524000002,-61.47766475999998
0.02,persistante,25,btc-updown-5m-1790419800,196,196,7971.67,-947.5137845799999,-803.82073458
0.02,persistante,25,btc-updown-5m-1790420100,111,110,4736.87,756.2764481099999,-205.36510189
0.02,persistante,25,btc-updown-5m-1790420400,143,140,5664.21,355.77769228000005,-347.16325772000005
0.02,persistante,25,btc-updown-5m-1790420700,148,146,6066.99,1419.96189309,-200.07385691
0.02,persistante,25,btc-updown-5m-1790421000,129,129,4802.83,-1998.2915298599999,-788.46907986
0.02,persistante,25,btc-updown-5m-1790421300,100,98,3843.0,-683.3790176000001,-149.93671760000004
0.02,persistante,25,btc-updown-5m-1790421600,84,84,3273.21,,-112.57839658000002
0.02,persistante,25,eth-updown-5m-1790418900,296,288,7691.66,-1973.2002831200002,-258.43883312
0.02,persistante,25,eth-updown-5m-1790419200,446,445,11441.36,-282.98830720000024,620.9921928
0.02,persistante,25,eth-updown-5m-1790419500,37,37,1175.5,157.12561800000003,83.13311800000002
0.02,persistante,25,eth-updown-5m-1790419800,126,124,4175.4,-916.4918268800002,-102.25672688000003
0.02,persistante,25,eth-updown-5m-1790420100,177,173,5934.67,84.9743898800001,-189.01836011999993
0.02,persistante,25,eth-updown-5m-1790420400,100,99,2767.14,772.2513779599999,302.40107796
0.02,persistante,25,eth-updown-5m-1790420700,171,170,5591.4,2197.40799274,95.50499273999999
0.02,persistante,25,eth-updown-5m-1790421000,130,128,4267.66,-1314.10509495,-120.70849494999993
0.02,persistante,25,eth-updown-5m-1790421300,119,117,3484.48,-978.4627994000002,-303.2033994
0.02,persistante,25,eth-updown-5m-1790421600,178,177,6156.55,-1281.9259984700002,-237.44144847
0.02,persistante,50,btc-updown-15m-1790419500,192,188,7172.63,3019.1480351399996,-7.023514859999989
0.02,persistante,50,btc-updown-15m-1790420400,171,171,6488.09,89.81894228999977,-483.07960771
0.02,persistante,50,btc-updown-5m-1790418900,59,58,2558.02,522.2595916399999,-58.40710836000004
0.02,persistante,50,btc-updown-5m-1790419200,88,87,3978.68,-655.4834349100001,-109.84593491000001
0.02,persistante,50,btc-updown-5m-1790419500,41,41,1749.88,192.73393904000002,-53.91046095999998
0.02,persistante,50,btc-updown-5m-1790419800,196,196,8364.33,-1106.66625027,-886.4046002700001
0.02,persistante,50,btc-updown-5m-1790420100,111,110,5061.85,597.3411830099999,-236.60056699
0.02,persistante,50,btc-updown-5m-1790420400,143,140,5933.42,354.21388939999997,-324.1338106
0.02,persistante,50,btc-updown-5m-1790420700,148,146,6495.76,1526.55283056,-191.08606944
0.02,persistante,50,btc-updown-5m-1790421000,129,129,5157.32,-2075.99197316,-811.48457316
0.02,persistante,50,btc-updown-5m-1790421300,100,98,3876.43,-659.0972638500001,-154.32211385000002
0.02,persistante,50,btc-updown-5m-1790421600,84,84,3497.35,,-113.81459477000001
0.02,persistante,50,eth-updown-5m-1790418900,296,289,8103.58,-2033.1282979500002,-260.83419795000003
0.02,persistante,50,eth-updown-5m-1790419200,446,443,13132.73,-464.9017226400001,649.60712736
0.02,persistante,50,eth-updown-5m-1790419500,37,36,1216.3,158.26385999999994,92.08016000000002
0.02,persistante,50,eth-updown-5m-1790419800,126,125,4171.32,-948.24528288,-103.42898288000002
0.02,persistante,50,eth-updown-5m-1790420100,177,174,6302.58,277.63665717000003,-168.78424282999993
0.02,persistante,50,eth-updown-5m-1790420400,100,98,3381.43,861.4815061099998,367.56845611
0.02,persistante,50,eth-updown-5m-1790420700,171,170,6156.29,2478.61092532,58.55272531999995
0.02,persistante,50,eth-updown-5m-1790421000,130,127,4823.25,-1479.25612821,-143.7731782099999
0.02,persistante,50,eth-updown-5m-1790421300,119,112,3520.65,-1094.20099477,-312.16264477000004
0.02,persistante,50,eth-updown-5m-1790421600,178,177,6530.88,-1354.1482428200002,-268.28404282
0.02,persistante,100,btc-updown-15m-1790419500,192,187,7963.57,3489.7172299900003,-17.858220009999975
0.02,persistante,100,btc-updown-15m-1790420400,171,170,6763.98,36.97536609999986,-471.8677339000001
0.02,persistante,100,btc-updown-5m-1790418900,59,58,2557.16,502.21929966,-63.42310034000004
0.02,persistante,100,btc-updown-5m-1790419200,88,86,3906.04,-626.1389193800001,-85.20331938000002
0.02,persistante,100,btc-updown-5m-1790419500,41,41,1935.0,242.339715,-57.93528499999997
0.02,persistante,100,btc-updown-5m-1790419800,196,196,8962.45,-1375.4875722299998,-1052.28542223
0.02,persistante,100,btc-updown-5m-1790420100,111,110,4979.53,709.6130397499999,-200.51311025
0.02,persistante,100,btc-updown-5m-1790420400,143,137,6095.9,435.40802655999994,-326.82807344
0.02,persistante,100,btc-updown-5m-1790420700,148,145,6737.22,1710.4007537599998,-191.00954624
0.02,persistante,100,btc-updown-5m-1790421000,129,128,5194.1,-2086.71874163,-806.7722416299999
0.02,persistante,100,btc-updown-5m-1790421300,100,95,3815.83,-647.5593711500001,-146.35672115000003
0.02,persistante,100,btc-updown-5m-1790421600,84,84,3521.78,,-108.7952697
0.02,persistante,100,eth-updown-5m-1790418900,296,288,8810.58,-2275.15179282,-255.83579282000002
0.02,persistante,100,eth-updown-5m-1790419200,446,441,14013.07,-291.2405401000001,792.2062599000001
0.02,persistante,100,eth-updown-5m-1790419500,37,36,1359.38,212.44838900000002,95.04798900000003
0.02,persistante,100,eth-updown-5m-1790419800,126,121,4446.6,-957.8369974000001,-111.50029740000002
0.02,persistante,100,eth-updown-5m-1790420100,177,172,6505.12,321.9478784999999,-164.84172149999995
0.02,persistante,100,eth-updown-5m-1790420400,100,95,3347.35,903.8591906999999,423.6988407
0.02,persistante,100,eth-updown-5m-1790420700,171,167,6535.15,2655.6591122500004,36.61966224999996
0.02,persistante,100,eth-updown-5m-1790421000,130,124,4823.07,-1523.92296762,-129.0899176199999
0.02,persistante,100,eth-updown-5m-1790421300,119,112,4120.57,-1220.09081929,-359.64521929000006
0.02,persistante,100,eth-updown-5m-1790421600,178,177,7527.58,-1544.8209055000002,-282.9940055
0.02,persistante,150,btc-updown-15m-1790419500,192,186,8233.61,3640.51632575,-11.615224249999992
0.02,persistante,150,btc-updown-15m-1790420400,171,168,7193.8,-82.12775503,-515.6374050300001
0.02,persistante,150,btc-updown-5m-1790418900,59,58,2632.96,503.38474957999995,-61.44295042000004
0.02,persistante,150,btc-updown-5m-1790419200,88,86,4022.8,-635.56112568,-83.26612568000002
0.02,persistante,150,btc-updown-5m-1790419500,41,41,1863.18,221.21661672000002,-60.25668327999997
0.02,persistante,150,btc-updown-5m-1790419800,196,196,8816.59,-1286.67865356,-1012.2737035600001
0.02,persistante,150,btc-updown-5m-1790420100,111,110,5179.04,707.9434318199998,-206.48976818
0.02,persistante,150,btc-updown-5m-1790420400,143,135,6171.56,472.33498603000004,-277.07991397
0.02,persistante,150,btc-updown-5m-1790420700,148,145,6369.83,1603.43155376,-204.08269624
0.02,persistante,150,btc-updown-5m-1790421000,129,128,5137.99,-2001.21421519,-765.93456519
0.02,persistante,150,btc-updown-5m-1790421300,100,97,3837.16,-605.6539971500001,-142.52849715000002
0.02,persistante,150,btc-updown-5m-1790421600,84,84,3570.1,,-107.51441232000002
0.02,persistante,150,eth-updown-5m-1790418900,296,288,9004.92,-2354.4660087700004,-242.11405877000004
0.02,persistante,150,eth-updown-5m-1790419200,446,441,13715.88,-229.10753781999983,894.59671218
0.02,persistante,150,eth-updown-5m-1790419500,37,35,1351.0,200.114505,91.11950500000005
0.02,persistante,150,eth-updown-5m-1790419800,126,119,4460.16,-1006.4544397500001,-120.22418975000001
0.02,persistante,150,eth-updown-5m-1790420100,177,169,6462.01,137.09417517999998,-189.72547481999993
0.02,persistante,150,eth-updown-5m-1790420400,100,95,3302.35,835.1113141799998,412.91016418
0.02,persistante,150,eth-updown-5m-1790420700,171,163,6533.84,2631.6659082100005,-29.62289179000003
0.02,persistante,150,eth-updown-5m-1790421000,130,123,5045.62,-1601.07376708,-141.07446707999992
0.02,persistante,150,eth-updown-5m-1790421300,119,110,4114.51,-1235.93432705,-350.68007705
0.02,persistante,150,eth-updown-5m-1790421600,178,177,7359.87,-1507.5081655100003,-272.00431551
0.02,persistante,200,btc-updown-15m-1790419500,192,186,8110.91,3571.1344852700004,-37.25756472999999
0.02,persistante,200,btc-updown-15m-1790420400,171,168,7266.13,-11.723994189999985,-510.8153441900001
0.02,persistante,200,btc-updown-5m-1790418900,59,58,2561.59,507.20937433000006,-54.34157567000004
0.02,persistante,200,btc-updown-5m-1790419200,88,86,3999.99,-638.7438284200001,-73.00917842000001
0.02,persistante,200,btc-updown-5m-1790419500,41,41,1965.27,250.73065847,-58.45649152999997
0.02,persistante,200,btc-updown-5m-1790419800,196,196,8826.41,-1171.0824269099999,-909.83377691
0.02,persistante,200,btc-updown-5m-1790420100,111,110,5325.18,675.30511064,-204.46678936
0.02,persistante,200,btc-updown-5m-1790420400,143,134,6271.24,530.12109536,-296.43370464000003
0.02,persistante,200,btc-updown-5m-1790420700,148,145,6596.44,1724.5651423599998,-214.02420764000001
0.02,persistante,200,btc-updown-5m-1790421000,129,128,5117.76,-1993.28198256,-762.39218256
0.02,persistante,200,btc-updown-5m-1790421300,100,96,4011.25,-675.9320425000001,-151.49559250000004
0.02,persistante,200,btc-updown-5m-1790421600,84,84,3764.0,,-108.66709540000001
0.02,persistante,200,eth-updown-5m-1790418900,296,286,9241.88,-2408.14496671,-252.21661671000004
0.02,persistante,200,eth-updown-5m-1790419200,446,440,14505.25,178.1134743499997,1019.77832435
0.02,persistante,200,eth-updown-5m-1790419500,37,35,1372.0,215.77444700000004,93.41944700000005
0.02,persistante,200,eth-updown-5m-1790419800,126,117,4451.62,-996.8009823400001,-112.75218234000002
0.02,persistante,200,eth-updown-5m-1790420100,177,166,6551.67,226.9136094800001,-166.45204051999994
0.02,persistante,200,eth-updown-5m-1790420400,100,94,3232.61,829.7912983299999,384.63634833000003
0.02,persistante,200,eth-updown-5m-1790420700,171,161,6566.77,2586.29981701,27.029967009999975
0.02,persistante,200,eth-updown-5m-1790421000,130,124,5318.06,-1694.08555975,-130.0470597499999
0.02,persistante,200,eth-updown-5m-1790421300,119,109,4020.83,-1207.0972928099998,-342.03129281
0.02,persistante,200,eth-updown-5m-1790421600,178,177,7365.68,-1488.05504661,-276.42024661000005
0.02,persistante,300,btc-updown-15m-1790419500,192,185,8412.21,3764.08792124,64.82667124000001
0.02,persistante,300,btc-updown-15m-1790420400,171,167,7257.76,126.29687081999987,-506.55282918000006
0.02,persistante,300,btc-updown-5m-1790418900,59,57,2524.32,503.70987775,-52.07587225000003
0.02,persistante,300,btc-updown-5m-1790419200,88,86,4067.78,-632.1461063400001,-74.03150634
0.02,persistante,300,btc-updown-5m-1790419500,41,41,2005.0,269.48285,-48.342149999999975
0.02,persistante,300,btc-updown-5m-1790419800,196,196,8595.64,-1134.6732088899998,-861.17570889
0.02,persistante,300,btc-updown-5m-1790420100,111,110,5329.95,737.2073703199999,-180.28767968
0.02,persistante,300,btc-updown-5m-1790420400,143,135,6192.31,520.17713817,-321.11141183
0.02,persistante,300,btc-updown-5m-1790420700,148,144,6578.11,1760.86231068,-182.39398932
0.02,persistante,300,btc-updown-5m-1790421000,129,126,5320.57,-1979.33275837,-861.5540083699999
0.02,persistante,300,btc-updown-5m-1790421300,100,94,4143.87,-732.3749922400001,-166.48604224000005
0.02,persistante,300,btc-updown-5m-1790421600,84,84,3652.94,,-104.14139100000001
0.02,persistante,300,eth-updown-5m-1790418900,296,285,9523.49,-2420.0014945800003,-262.95659458
0.02,persistante,300,eth-updown-5m-1790419200,446,437,14863.93,316.49183736999953,1161.21348737
0.02,persistante,300,eth-updown-5m-1790419500,37,35,1316.0,207.41384000000002,101.50384000000004
0.02,persistante,300,eth-updown-5m-1790419800,126,116,4546.35,-948.7226833000001,-105.76693330000002
0.02,persistante,300,eth-updown-5m-1790420100,177,165,6630.42,288.54712204999987,-155.46547794999995
0.02,persistante,300,eth-updown-5m-1790420400,100,94,3271.54,855.7715032199998,394.30130321999997
0.02,persistante,300,eth-updown-5m-1790420700,171,155,6380.08,2676.51963691,-7.348363090000016
0.02,persistante,300,eth-updown-5m-1790421000,130,123,5406.74,-1708.5892350499998,-135.5654350499999
0.02,persistante,300,eth-updown-5m-1790421300,119,106,3913.89,-1184.25144444,-341.84904444000006
0.02,persistante,300,eth-updown-5m-1790421600,178,177,7334.15,-1482.7148618300002,-272.47971183000004
0.02,persistante,500,btc-updown-15m-1790419500,192,182,7671.47,3451.13303684,63.526086840000026
0.02,persistante,500,btc-updown-15m-1790420400,171,167,6974.85,215.07173085000022,-465.28721915000006
0.02,persistante,500,btc-updown-5m-1790418900,59,57,2402.91,452.48354636999994,-56.75650363000004
0.02,persistante,500,btc-updown-5m-1790419200,88,86,4036.23,-638.56453834,-70.35878834000002
0.02,persistante,500,btc-updown-5m-1790419500,41,41,2010.0,283.39975000000004,-34.75024999999998
0.02,persistante,500,btc-updown-5m-1790419800,196,196,8472.87,-1081.13768892,-880.79703892
0.02,persistante,500,btc-updown-5m-1790420100,111,109,5319.59,700.1637234799998,-181.62522651999998
0.02,persistante,500,btc-updown-5m-1790420400,143,134,6328.62,573.23876156,-320.53553844000004
0.02,persistante,500,btc-updown-5m-1790420700,148,140,6457.22,1726.22729277,-274.79280723
0.02,persistante,500,btc-updown-5m-1790421000,129,125,5179.03,-2008.75646164,-755.0254116399999
0.02,persistante,500,btc-updown-5m-1790421300,100,92,3977.27,-727.3151943500001,-152.78984435
0.02,persistante,500,btc-updown-5m-1790421600,84,84,3433.18,,-88.77081100000001
0.02,persistante,500,eth-updown-5m-1790418900,296,278,9353.29,-2473.6375769200004,-264.61772692
0.02,persistante,500,eth-updown-5m-1790419200,446,435,14923.29,349.1880470599999,1099.20484706
0.02,persistante,500,eth-updown-5m-1790419500,37,35,1385.5,215.71009,122.53259000000004
0.02,persistante,500,eth-updown-5m-1790419800,126,117,4713.57,-911.94508126,-125.43563126000004
0.02,persistante,500,eth-updown-5m-1790420100,177,165,6485.83,259.19722809999996,-161.12262189999998
0.02,persistante,500,eth-updown-5m-1790420400,100,92,3715.4,1081.5426466300003,527.47774663
0.02,persistante,500,eth-updown-5m-1790420700,171,153,6426.88,2606.8337882,-8.669211800000026
0.02,persistante,500,eth-updown-5m-1790421000,130,122,5515.6,-1750.6949335200002,-131.3901335199999
0.02,persistante,500,eth-updown-5m-1790421300,119,110,4055.78,-1223.60273044,-343.97878044000004
0.02,persistante,500,eth-updown-5m-1790421600,178,177,7087.98,-1425.0674061,-263.79450610000004
0.02,persistante,750,btc-updown-15m-1790419500,192,180,7942.07,3560.03099579,47.36524579000003
0.02,persistante,750,btc-updown-15m-1790420400,171,166,6929.35,348.53090596000004,-454.11994404
0.02,persistante,750,btc-updown-5m-1790418900,59,57,2546.91,499.87207691999987,-58.916423080000044
0.02,persistante,750,btc-updown-5m-1790419200,88,86,3990.76,-615.95984824,-53.56364824000001
0.02,persistante,750,btc-updown-5m-1790419500,41,41,1932.0,293.702506,-30.89749399999997
0.02,persistante,750,btc-updown-5m-1790419800,196,196,8080.0,-897.8428765299999,-759.01697653
0.02,persistante,750,btc-updown-5m-1790420100,111,109,4980.14,701.5094097199998,-167.25259028
0.02,persistante,750,btc-updown-5m-1790420400,143,133,6118.72,605.5098498399999,-255.71205016000002
0.02,persistante,750,btc-updown-5m-1790420700,148,139,6278.44,1561.6835953,-271.23670469999996
0.02,persistante,750,btc-updown-5m-1790421000,129,125,5622.01,-2198.6003165399998,-838.3858665399999
0.02,persistante,750,btc-updown-5m-1790421300,100,92,3996.19,-746.1543113800001,-150.58996138000003
0.02,persistante,750,btc-updown-5m-1790421600,84,84,3770.11,,-94.64798244
0.02,persistante,750,eth-updown-5m-1790418900,296,274,9314.91,-2387.6812493800003,-239.59874938000002
0.02,persistante,750,eth-updown-5m-1790419200,446,430,15387.96,216.4169895699997,1121.77578957
0.02,persistante,750,eth-updown-5m-1790419500,37,34,1510.0,244.44276000000002,125.99276000000005
0.02,persistante,750,eth-updown-5m-1790419800,126,113,4703.79,-936.3916183800001,-114.13956838000004
0.02,persistante,750,eth-updown-5m-1790420100,177,160,6420.52,366.88691205999993,-161.47368793999993
0.02,persistante,750,eth-updown-5m-1790420400,100,92,3746.04,1064.5756173700001,538.30101737
0.02,persistante,750,eth-updown-5m-1790420700,171,148,5864.25,2295.81642105,7.4154710499999865
0.02,persistante,750,eth-updown-5m-1790421000,130,122,5333.32,-1655.5259917500002,-132.04689174999993
0.02,persistante,750,eth-updown-5m-1790421300,119,110,4075.77,-1235.65230465,-347.78595465
0.02,persistante,750,eth-updown-5m-1790421600,178,177,6766.39,-1378.5514418300002,-256.75039183
0.02,persistante,1000,btc-updown-15m-1790419500,192,179,8237.28,3706.61773552,39.56053552000005
0.02,persistante,1000,btc-updown-15m-1790420400,171,162,6682.91,315.47855915,-430.51509085
0.02,persistante,1000,btc-updown-5m-1790418900,59,57,2654.99,508.5675943299999,-58.98295567000005
0.02,persistante,1000,btc-updown-5m-1790419200,88,86,3862.86,-597.6849741600001,-52.41487416000002
0.02,persistante,1000,btc-updown-5m-1790419500,41,41,1984.0,311.417327,-10.902672999999963
0.02,persistante,1000,btc-updown-5m-1790419800,196,196,8539.29,-898.0080522299999,-738.50125223
0.02,persistante,1000,btc-updown-5m-1790420100,111,107,5152.14,636.5088555599998,-210.73084443999997
0.02,persistante,1000,btc-updown-5m-1790420400,143,133,6108.43,533.4467214199998,-183.01972858000002
0.02,persistante,1000,btc-updown-5m-1790420700,148,136,6006.33,1431.3236603200003,-378.73218968
0.02,persistante,1000,btc-updown-5m-1790421000,129,123,5275.35,-1922.48962115,-730.0091711499999
0.02,persistante,1000,btc-updown-5m-1790421300,100,93,3962.21,-756.25830183,-143.77815183000004
0.02,persistante,1000,btc-updown-5m-1790421600,84,84,4041.62,,-99.98302303
0.02,persistante,1000,eth-updown-5m-1790418900,296,273,8932.77,-2280.27975011,-244.36570011
0.02,persistante,1000,eth-updown-5m-1790419200,446,426,14923.28,474.56821419999983,1093.0549642
0.02,persistante,1000,eth-updown-5m-1790419500,37,34,1304.54,178.54690565,118.69050565000003
0.02,persistante,1000,eth-updown-5m-1790419800,126,115,4901.93,-942.28834406,-141.30869406000002
0.02,persistante,1000,eth-updown-5m-1790420100,177,169,7112.43,278.2343783399999,-226.5169716599999
0.02,persistante,1000,eth-updown-5m-1790420400,100,90,3434.55,920.6374814199999,426.73588142
0.02,persistante,1000,eth-updown-5m-1790420700,171,146,5662.43,2134.11454978,-10.435000219999996
0.02,persistante,1000,eth-updown-5m-1790421000,130,122,5226.89,-1608.8046193,-128.05466929999992
0.02,persistante,1000,eth-updown-5m-1790421300,119,109,4336.07,-1312.8724008699999,-374.37705087000006
0.02,persistante,1000,eth-updown-5m-1790421600,178,177,7295.71,-1472.4056513300002,-282.40670133000003
0.02,persistante,2000,btc-updown-15m-1790419500,192,176,7660.78,3276.13197466,-87.47502533999996
0.02,persistante,2000,btc-updown-15m-1790420400,171,152,6266.77,616.44075201,-382.87609799000006
0.02,persistante,2000,btc-updown-5m-1790418900,59,56,2651.99,510.50722632999987,-45.94322367000008
0.02,persistante,2000,btc-updown-5m-1790419200,88,80,3755.0,-656.3432050000001,-89.768205
0.02,persistante,2000,btc-updown-5m-1790419500,41,41,1923.81,280.53570147000005,0.9760514700000318
0.02,persistante,2000,btc-updown-5m-1790419800,196,195,8858.83,-1188.1032433,-1015.7640933
0.02,persistante,2000,btc-updown-5m-1790420100,111,103,4556.32,723.3358024599999,-164.48379753999998
0.02,persistante,2000,btc-updown-5m-1790420400,143,125,5867.64,500.11558607999996,-152.23241392
0.02,persistante,2000,btc-updown-5m-1790420700,148,127,5839.08,1460.2503640799998,-333.41863592
0.02,persistante,2000,btc-updown-5m-1790421000,129,121,5278.58,-1923.8297215100001,-1005.06152151
0.02,persistante,2000,btc-updown-5m-1790421300,100,94,4118.9,-668.87867857,-151.61217857000005
0.02,persistante,2000,btc-updown-5m-1790421600,84,84,3994.66,,-95.42944845000001
0.02,persistante,2000,eth-updown-5m-1790418900,296,268,8765.11,-2027.6978784000003,-235.7205784
0.02,persistante,2000,eth-updown-5m-1790419200,446,407,13989.16,302.78614561999984,626.81989562
0.02,persistante,2000,eth-updown-5m-1790419500,37,28,1194.0,158.88158800000002,107.38158800000004
0.02,persistante,2000,eth-updown-5m-1790419800,126,113,4605.19,-833.01885372,-73.01000372000001
0.02,persistante,2000,eth-updown-5m-1790420100,177,169,6333.03,324.9398910499999,-229.60985894999996
0.02,persistante,2000,eth-updown-5m-1790420400,100,88,2903.7,587.80661384,279.37181384
0.02,persistante,2000,eth-updown-5m-1790420700,171,140,5710.77,2561.59206701,-111.95698299000001
0.02,persistante,2000,eth-updown-5m-1790421000,130,123,5442.48,-1709.19964425,-147.01214424999992
0.02,persistante,2000,eth-updown-5m-1790421300,119,107,3913.68,-1121.39841175,-309.32601175
0.02,persistante,2000,eth-updown-5m-1790421600,178,177,7617.57,-1535.06356576,-333.64671576
0.02,persistante,5000,btc-updown-15m-1790419500,192,152,6710.04,2879.4908720599997,-187.69152793999996
0.02,persistante,5000,btc-updown-15m-1790420400,171,158,6358.84,399.1465603299997,-416.15778967000006
0.02,persistante,5000,btc-updown-5m-1790418900,59,56,2711.9,531.5188496999997,-8.745650300000065
0.02,persistante,5000,btc-updown-5m-1790419200,88,78,3696.62,-596.90410982,-86.08260981999999
0.02,persistante,5000,btc-updown-5m-1790419500,41,38,1735.7,287.3980924,72.44959240000001
0.02,persistante,5000,btc-updown-5m-1790419800,196,191,8476.29,-1112.92416118,-1011.43291118
0.02,persistante,5000,btc-updown-5m-1790420100,111,95,3992.3,95.95543307999999,-306.59526692000003
0.02,persistante,5000,btc-updown-5m-1790420400,143,119,5755.37,692.78136768,103.38351768000008
0.02,persistante,5000,btc-updown-5m-1790420700,148,110,5265.0,1540.153875,-81.62112499999995
0.02,persistante,5000,btc-updown-5m-1790421000,129,118,5258.58,-1607.10722274,-950.16492274
0.02,persistante,5000,btc-updown-5m-1790421300,100,96,4200.19,-603.9210044800001,-155.17035448000001
0.02,persistante,5000,btc-updown-5m-1790421600,84,76,3433.06,,-69.59407120000002
0.02,persistante,5000,eth-updown-5m-1790418900,296,259,10721.71,-2216.08295493,-331.69180493
0.02,persistante,5000,eth-updown-5m-1790419200,446,342,12262.6,818.5776147500001,739.7193647500001
0.02,persistante,5000,eth-updown-5m-1790419500,37,16,427.48,37.0898618,28.1409618
0.02,persistante,5000,eth-updown-5m-1790419800,126,96,3925.98,-676.8074928400002,-10.887992840000031
0.02,persistante,5000,eth-updown-5m-1790420100,177,156,5985.05,185.18708262000013,-199.91646737999992
0.02,persistante,5000,eth-updown-5m-1790420400,100,66,2629.98,260.00753401999987,111.35583402
0.02,persistante,5000,eth-updown-5m-1790420700,171,136,5868.48,2566.68299514,-29.638904859999975
0.02,persistante,5000,eth-updown-5m-1790421000,130,116,4414.88,-1364.55419286,-155.52519285999998
0.02,persistante,5000,eth-updown-5m-1790421300,119,98,4078.6,-1155.9330304000002,-295.5116804
0.02,persistante,5000,eth-updown-5m-1790421600,178,165,7350.0,-1392.470634,-335.850634
0.02,saut,0,btc-updown-15m-1790419500,23,23,727.48,201.25600618,23.071406179999975
0.02,saut,0,btc-updown-15m-1790420400,20,20,616.98,112.06315662000002,42.03085662
0.02,saut,0,btc-updown-5m-1790418900,4,4,67.93,29.3330451,2.862795099999996
0.02,saut,0,btc-updown-5m-1790419200,12,12,335.52,10.649113999999997,37.500714
0.02,saut,0,btc-updown-5m-1790419500,5,5,129.0,47.723857,6.558856999999999
0.02,saut,0,btc-updown-5m-1790419800,9,9,215.45,-5.44383040000001,22.11891959999999
0.02,saut,0,btc-updown-5m-1790420100,2,2,100.0,-16.93465,2.5653499999999942
0.02,saut,0,btc-updown-5m-1790420400,10,10,332.63,-42.92138664,48.81536336
0.02,saut,0,btc-updown-5m-1790420700,8,8,249.42,88.51178924000001,-3.115110760000005
0.02,saut,0,btc-updown-5m-1790421000,7,7,220.0,23.410570000000007,23.660570000000003
0.02,saut,0,btc-updown-5m-1790421300,5,5,46.0,-26.968942,1.781058
0.02,saut,0,eth-updown-5m-1790418900,15,15,382.53,-65.98219225,-24.11894225
0.02,saut,0,eth-updown-5m-1790419200,8,8,170.48,-5.084435599999999,13.391564399999996
0.02,saut,0,eth-updown-5m-1790419500,2,2,60.01,28.059467299999998,3.1553172999999965
0.02,saut,0,eth-updown-5m-1790419800,7,7,219.96,0.307431480000006,22.19803148
0.02,saut,0,eth-updown-5m-1790420100,19,19,429.78,-20.26976826,39.88433174
0.02,saut,0,eth-updown-5m-1790420400,9,9,133.37,-1.3115341400000005,26.474115859999994
0.02,saut,0,eth-updown-5m-1790420700,21,21,396.05,130.67386839999998,69.34111839999998
0.02,saut,0,eth-updown-5m-1790421000,1,1,50.0,22.1306,-4.119400000000001
0.02,saut,0,eth-updown-5m-1790421300,5,5,186.0,-1.2527169999999974,-3.2327170000000063
0.02,saut,25,btc-updown-15m-1790419500,23,22,855.82,217.10539680000002,24.478296799999974
0.02,saut,25,btc-updown-15m-1790420400,20,15,456.39,135.18755089,20.45480089
0.02,saut,25,btc-updown-5m-1790418900,4,4,64.93,27.747954799999995,2.5527047999999963
0.02,saut,25,btc-updown-5m-1790419200,12,11,328.76,3.034746520000006,32.62294652
0.02,saut,25,btc-updown-5m-1790419500,5,5,129.0,47.723857,6.558856999999999
0.02,saut,25,btc-updown-5m-1790419800,9,9,371.0,4.012391999999984,27.857391999999983
0.02,saut,25,btc-updown-5m-1790420100,2,2,100.0,-16.93465,2.5653499999999942
0.02,saut,25,btc-updown-5m-1790420400,10,9,320.11,-43.247394080000014,48.01795592
0.02,saut,25,btc-updown-5m-1790420700,8,7,276.67,102.34443054,-10.240819460000012
0.02,saut,25,btc-updown-5m-1790421000,7,7,175.0,53.768585,20.943585000000002
0.02,saut,25,btc-updown-5m-1790421300,5,5,30.61,-18.10351113,1.0277388700000007
0.02,saut,25,eth-updown-5m-1790418900,15,14,387.0,-55.93028999999999,-31.00529
0.02,saut,25,eth-updown-5m-1790419200,8,8,180.48,-43.6357756,7.670224399999999
0.02,saut,25,eth-updown-5m-1790419500,2,2,60.01,28.059467299999998,3.1553172999999965
0.02,saut,25,eth-updown-5m-1790419800,7,6,165.96,-35.65644652,14.624153479999999
0.02,saut,25,eth-updown-5m-1790420100,19,14,353.0,32.344103759999996,39.38910376
0.02,saut,25,eth-updown-5m-1790420400,9,7,162.91,-10.977762080000002,47.04098792
0.02,saut,25,eth-updown-5m-1790420700,21,13,239.15,74.98654620000002,34.173296199999996
0.02,saut,25,eth-updown-5m-1790421000,1,1,50.0,22.1306,-4.119400000000001
0.02,saut,25,eth-updown-5m-1790421300,5,2,81.0,11.496998000000003,3.2919980000000004
0.02,saut,50,btc-updown-15m-1790419500,23,22,901.16,228.54044812,25.532648119999973
0.02,saut,50,btc-updown-15m-1790420400,20,14,529.03,148.09940472,20.28825472
0.02,saut,50,btc-updown-5m-1790418900,4,3,59.64,25.406537319999998,2.459537319999997
0.02,saut,50,btc-updown-5m-1790419200,12,11,325.66,3.5274140200000055,31.705114020000003
0.02,saut,50,btc-updown-5m-1790419500,5,5,129.0,47.723857,6.558856999999999
0.02,saut,50,btc-updown-5m-1790419800,9,9,306.08,-45.845388960000015,30.260211039999987
0.02,saut,50,btc-updown-5m-1790420100,2,2,100.0,-16.93465,2.5653499999999942
0.02,saut,50,btc-updown-5m-1790420400,10,8,309.11,-39.82142708,45.438922919999996
0.02,saut,50,btc-updown-5m-1790420700,8,6,196.54,69.72736308,3.3918630799999914
0.02,saut,50,btc-updown-5m-1790421000,7,7,175.0,53.768585,20.443585000000002
0.02,saut,50,btc-updown-5m-1790421300,5,5,30.61,-18.10351113,1.0277388700000007
0.02,saut,50,eth-updown-5m-1790418900,15,13,330.0,-45.487714,-30.357713999999998
0.02,saut,50,eth-updown-5m-1790419200,8,8,210.48,-62.0413856,7.234614399999999
0.02,saut,50,eth-updown-5m-1790419500,2,2,50.01,23.3343973,2.5802472999999964
0.02,saut,50,eth-updown-5m-1790419800,7,6,165.96,-35.65644652,14.624153479999999
0.02,saut,50,eth-updown-5m-1790420100,19,13,324.07,24.14720545000001,37.34435545
0.02,saut,50,eth-updown-5m-1790420400,9,6,143.26999999999998,-20.925269319999998,40.66728068
0.02,saut,50,eth-updown-5m-1790420700,21,12,238.15,62.4673962,37.119146199999996
0.02,saut,50,eth-updown-5m-1790421000,1,1,50.0,22.1306,-4.119400000000001
0.02,saut,50,eth-updown-5m-1790421300,5,2,81.0,11.496998000000003,3.041998
0.02,saut,100,btc-updown-15m-1790419500,23,21,791.88,191.46701584,22.65041583999998
0.02,saut,100,btc-updown-15m-1790420400,20,15,540.68,130.96629472,7.424894719999999
0.02,saut,100,btc-updown-5m-1790418900,4,3,49.82,20.962368659999996,2.188868659999998
0.02,saut,100,btc-updown-5m-1790419200,12,10,245.63,-13.056247069999998,18.257802930000004
0.02,saut,100,btc-updown-5m-1790419500,5,4,104.0,41.560557,4.520557
0.02,saut,100,btc-updown-5m-1790419800,9,9,377.54,8.972639519999994,27.55293951999998
0.02,saut,100,btc-updown-5m-1790420100,2,1,50.0,-26.37465,2.3753499999999983
0.02,saut,100,btc-updown-5m-1790420400,10,7,296.0,-35.146222,39.63377799999999
0.02,saut,100,btc-updown-5m-1790420700,8,4,44.47,21.045056440000003,-4.400193560000001
0.02,saut,100,btc-updown-5m-1790421000,7,6,125.0,72.413315,16.088315
0.02,saut,100,btc-updown-5m-1790421300,5,5,26.61,-15.913343129999998,0.7179068700000022
0.02,saut,100,eth-updown-5m-1790418900,15,13,412.64,-59.818574719999994,-45.72257472
0.02,saut,100,eth-updown-5m-1790419200,8,8,185.04,-74.20473792,2.7332620800000025
0.02,saut,100,eth-updown-5m-1790419500,2,2,50.01,23.3343973,2.7283972999999966
0.02,saut,100,eth-updown-5m-1790419800,7,4,65.96,-35.674196519999995,7.606403480000002
0.02,saut,100,eth-updown-5m-1790420100,19,13,253.09,12.27356820999999,26.12951821
0.02,saut,100,eth-updown-5m-1790420400,9,4,59.879999999999995,-6.157051420000001,17.55474858
0.02,saut,100,eth-updown-5m-1790420700,21,11,227.87,51.37712295999999,37.571472959999994
0.02,saut,100,eth-updown-5m-1790421000,1,1,50.0,22.1306,-4.119400000000001
0.02,saut,100,eth-updown-5m-1790421300,5,1,50.0,8.006150000000002,1.2561500000000003
0.02,saut,150,btc-updown-15m-1790419500,23,21,879.0,206.682025,22.347024999999977
0.02,saut,150,btc-updown-15m-1790420400,20,13,540.68,91.80386972,2.5624697199999984
0.02,saut,150,btc-updown-5m-1790418900,4,3,35.29,14.33398748,1.7357374799999996
0.02,saut,150,btc-updown-5m-1790419200,12,8,200.39000000000001,13.954385410000004,24.74023541
0.02,saut,150,btc-updown-5m-1790419500,5,4,104.0,41.560557,4.520557
0.02,saut,150,btc-updown-5m-1790419800,9,9,382.11,7.593404999999976,23.66155499999998
0.02,saut,150,btc-updown-5m-1790420100,2,1,50.0,-26.37465,2.3753499999999983
0.02,saut,150,btc-updown-5m-1790420400,10,5,240.0,-37.04167,36.65833
0.02,saut,150,btc-updown-5m-1790420700,8,4,152.14000000000001,62.788613380000015,-24.691886619999995
0.02,saut,150,btc-updown-5m-1790421000,7,6,86.63,39.738497360000004,13.917647360000002
0.02,saut,150,btc-updown-5m-1790421300,5,4,24.0,-14.329247999999998,0.670752000000002
0.02,saut,150,eth-updown-5m-1790418900,15,13,373.28,-57.30158144,-44.18958144
0.02,saut,150,eth-updown-5m-1790419200,8,4,25.189999999999998,10.56284633,3.005846329999999
0.02,saut,150,eth-updown-5m-1790419500,2,2,37.01,17.3215333,2.045533299999998
0.02,saut,150,eth-updown-5m-1790419800,7,4,153.96,-97.08890052,9.111699479999992
0.02,saut,150,eth-updown-5m-1790420100,19,11,189.86,27.513998379999997,19.814198380000004
0.02,saut,150,eth-updown-5m-1790420400,9,3,54.86,-7.932540080000001,16.657759919999997
0.02,saut,150,eth-updown-5m-1790420700,21,9,166.87,36.07298295999998,19.435132959999997
0.02,saut,150,eth-updown-5m-1790421000,1,1,50.0,22.1306,-4.119400000000001
0.02,saut,150,eth-updown-5m-1790421300,5,1,6.0,0.9607380000000001,0.2107380000000001
0.02,saut,200,btc-updown-15m-1790419500,23,21,909.0,212.77793000000003,19.89292999999997
0.02,saut,200,btc-updown-15m-1790420400,20,13,517.03,102.82471317,-0.3784368300000027
0.02,saut,200,btc-updown-5m-1790418900,4,2,8.29,3.46145848,0.29820847999999994
0.02,saut,200,btc-updown-5m-1790419200,12,8,185.39,11.860085410000003,15.47093541
0.02,saut,200,btc-updown-5m-1790419500,5,4,104.0,41.560557,4.520557
0.02,saut,200,btc-updown-5m-1790419800,9,5,206.0,89.028522,4.19852199999999
0.02,saut,200,btc-updown-5m-1790420100,2,1,50.0,-26.37465,2.3753499999999983
0.02,saut,200,btc-updown-5m-1790420400,10,4,190.0,0.14817999999999643,51.098179999999985
0.02,saut,200,btc-updown-5m-1790420700,8,1,20.0,10.251260000000002,-1.2487399999999993
0.02,saut,200,btc-updown-5m-1790421000,7,5,71.95,29.03557612,10.096126120000001
0.02,saut,200,btc-updown-5m-1790421300,5,4,36.0,-21.790301999999997,0.7096980000000022
0.02,saut,200,eth-updown-5m-1790418900,15,11,402.0,-61.454503,-49.259502999999995
0.02,saut,200,eth-updown-5m-1790419200,8,3,20.189999999999998,8.64684633,2.589846329999999
0.02,saut,200,eth-updown-5m-1790419500,2,2,37.01,17.3215333,2.045533299999998
0.02,saut,200,eth-updown-5m-1790419800,7,1,50.0,-29.357849999999996,6.392150000000002
0.02,saut,200,eth-updown-5m-1790420100,19,9,115.24,24.354618919999993,13.462818920000002
0.02,saut,200,eth-updown-5m-1790420400,9,3,54.86,-7.932540080000001,16.657759919999997
0.02,saut,200,eth-updown-5m-1790420700,21,8,164.15,22.50175819999999,10.423508199999997
0.02,saut,200,eth-updown-5m-1790421000,1,1,50.0,22.1306,-4.119400000000001
0.02,saut,200,eth-updown-5m-1790421300,5,1,6.0,0.9607380000000001,0.2107380000000001
0.02,saut,300,btc-updown-15m-1790419500,23,20,904.5,191.17765999999997,3.1351599999999653
0.02,saut,300,btc-updown-15m-1790420400,20,11,319.85,95.04070539999998,-15.733944600000004
0.02,saut,300,btc-updown-5m-1790418900,4,0,0.0,0.0,0.0
0.02,saut,300,btc-updown-5m-1790419200,12,7,195.9,-1.5899384599999964,7.003561540000003
0.02,saut,300,btc-updown-5m-1790419500,5,4,72.99000000000001,31.703592000000004,2.7529420000000013
0.02,saut,300,btc-updown-5m-1790419800,9,5,217.54,97.82870951999999,3.709009519999989
0.02,saut,300,btc-updown-5m-1790420100,2,1,50.0,-26.37465,2.3753499999999983
0.02,saut,300,btc-updown-5m-1790420400,10,4,156.0,11.197261999999998,34.777261999999986
0.02,saut,300,btc-updown-5m-1790420700,8,1,23.27,9.837439039999998,-3.5428109600000024
0.02,saut,300,btc-updown-5m-1790421000,7,1,26.0,21.051368,5.3213680000000005
0.02,saut,300,btc-updown-5m-1790421300,5,4,10.44,-6.336380519999999,0.18861948000000056
0.02,saut,300,eth-updown-5m-1790418900,15,10,408.0,-61.761019,-51.58601899999999
0.02,saut,300,eth-updown-5m-1790419200,8,2,15.19,6.73084633,2.173846329999999
0.02,saut,300,eth-updown-5m-1790419500,2,2,26.009999999999998,12.1239563,1.4129562999999983
0.02,saut,300,eth-updown-5m-1790419800,7,1,50.0,-29.357849999999996,6.392150000000002
0.02,saut,300,eth-updown-5m-1790420100,19,8,103.44,15.557188519999993,10.266388520000003
0.02,saut,300,eth-updown-5m-1790420400,9,3,54.86,-7.932540080000001,16.657759919999997
0.02,saut,300,eth-updown-5m-1790420700,21,4,200.0,47.510799999999996,5.510799999999996
0.02,saut,300,eth-updown-5m-1790421000,1,1,50.0,22.1306,-4.119400000000001
0.02,saut,300,eth-updown-5m-1790421300,5,0,0.0,0.0,0.0
0.02,saut,500,btc-updown-15m-1790419500,23,17,751.45,149.06933137999994,8.726281379999977
0.02,saut,500,btc-updown-15m-1790420400,20,5,131.67000000000002,21.59736204,-13.05318796
0.02,saut,500,btc-updown-5m-1790418900,4,0,0.0,0.0,0.0
0.02,saut,500,btc-updown-5m-1790419200,12,1,39.05,18.451398349999998,3.80764835
0.02,saut,500,btc-updown-5m-1790419500,5,4,81.87,34.725647,2.6621970000000026
0.02,saut,500,btc-updown-5m-1790419800,9,4,200.0,155.15744999999998,-5.84255000000001
0.02,saut,500,btc-updown-5m-1790420100,2,1,50.0,-26.37465,2.625350000000004
0.02,saut,500,btc-updown-5m-1790420400,10,2,55.08,35.15957784,25.130177839999995
0.02,saut,500,btc-updown-5m-1790420700,8,0,0.0,0.0,0.0
0.02,saut,500,btc-updown-5m-1790421000,7,1,6.0,4.858008,1.168008
0.02,saut,500,btc-updown-5m-1790421300,5,0,0.0,0.0,0.0
0.02,saut,500,eth-updown-5m-1790418900,15,11,224.0,-41.776261,-20.701261000000002
0.02,saut,500,eth-updown-5m-1790419200,8,0,0.0,0.0,0.0
0.02,saut,500,eth-updown-5m-1790419500,2,1,16.63,7.691840639999999,0.8735406399999984
0.02,saut,500,eth-updown-5m-1790419800,7,0,0.0,0.0,0.0
0.02,saut,500,eth-updown-5m-1790420100,19,7,221.12,54.184798959999995,24.706398960000005
0.02,saut,500,eth-updown-5m-1790420400,9,0,0.0,0.0,0.0
0.02,saut,500,eth-updown-5m-1790420700,21,4,166.0,24.210599999999992,5.840599999999996
0.02,saut,500,eth-updown-5m-1790421000,1,1,50.0,22.1306,-4.119400000000001
0.02,saut,500,eth-updown-5m-1790421300,5,0,0.0,0.0,0.0
0.02,saut,750,btc-updown-15m-1790419500,23,14,654.23,112.05884343999998,12.426493439999973
0.02,saut,750,btc-updown-15m-1790420400,20,2,51.89,-20.096623320000003,-1.6934733200000007
0.02,saut,750,btc-updown-5m-1790418900,4,0,0.0,0.0,0.0
0.02,saut,750,btc-updown-5m-1790419200,12,0,0.0,0.0,0.0
0.02,saut,750,btc-updown-5m-1790419500,5,3,76.87,33.589487000000005,2.3510370000000025
0.02,saut,750,btc-updown-5m-1790419800,9,4,200.0,155.67739999999998,-5.32260000000001
0.02,saut,750,btc-updown-5m-1790420100,2,1,50.0,-26.37465,2.8753499999999987
0.02,saut,750,btc-updown-5m-1790420400,10,2,100.0,38.52175,26.521749999999987
0.02,saut,750,btc-updown-5m-1790420700,8,0,0.0,0.0,0.0
0.02,saut,750,btc-updown-5m-1790421000,7,0,0.0,0.0,0.0
0.02,saut,750,btc-updown-5m-1790421300,5,0,0.0,0.0,0.0
0.02,saut,750,eth-updown-5m-1790418900,15,11,253.0,-43.241863,-21.441863
0.02,saut,750,eth-updown-5m-1790419200,8,0,0.0,0.0,0.0
0.02,saut,750,eth-updown-5m-1790419500,2,1,16.63,7.691840639999999,0.7903906399999984
0.02,saut,750,eth-updown-5m-1790419800,7,0,0.0,0.0,0.0
0.02,saut,750,eth-updown-5m-1790420100,19,7,201.88,29.20498503999999,19.049585040000004
0.02,saut,750,eth-updown-5m-1790420400,9,0,0.0,0.0,0.0
0.02,saut,750,eth-updown-5m-1790420700,21,8,262.72,40.569073759999995,11.599473759999995
0.02,saut,750,eth-updown-5m-1790421000,1,0,0.0,0.0,0.0
0.02,saut,750,eth-updown-5m-1790421300,5,0,0.0,0.0,0.0
0.02,saut,1000,btc-updown-15m-1790419500,23,14,654.23,113.50039343999998,18.346893439999977
0.02,saut,1000,btc-updown-15m-1790420400,20,1,37.0,-27.878316,0.4266839999999995
0.02,saut,1000,btc-updown-5m-1790418900,4,0,0.0,0.0,0.0
0.02,saut,1000,btc-updown-5m-1790419200,12,0,0.0,0.0,0.0
0.02,saut,1000,btc-updown-5m-1790419500,5,3,104.87,44.87203100000001,2.8535810000000046
0.02,saut,1000,btc-updown-5m-1790419800,9,4,200.0,155.67739999999998,-5.32260000000001
0.02,saut,1000,btc-updown-5m-1790420100,2,1,50.0,-26.37465,2.8753499999999987
0.02,saut,1000,btc-updown-5m-1790420400,10,3,102.92,-6.2061891600000045,42.54021084000001
0.02,saut,1000,btc-updown-5m-1790420700,8,0,0.0,0.0,0.0
0.02,saut,1000,btc-updown-5m-1790421000,7,0,0.0,0.0,0.0
0.02,saut,1000,btc-updown-5m-1790421300,5,0,0.0,0.0,0.0
0.02,saut,1000,eth-updown-5m-1790418900,15,11,377.63,-54.556943159999996,-35.98194316
0.02,saut,1000,eth-updown-5m-1790419200,8,0,0.0,0.0,0.0
0.02,saut,1000,eth-updown-5m-1790419500,2,1,16.63,7.691840639999999,0.8735406399999984
0.02,saut,1000,eth-updown-5m-1790419800,7,0,0.0,0.0,0.0
0.02,saut,1000,eth-updown-5m-1790420100,19,7,165.72,7.382135759999997,13.679535760000004
0.02,saut,1000,eth-updown-5m-1790420400,9,0,0.0,0.0,0.0
0.02,saut,1000,eth-updown-5m-1790420700,21,9,371.1,2.623895700000002,19.462895699999983
0.02,saut,1000,eth-updown-5m-1790421000,1,0,0.0,0.0,0.0
0.02,saut,1000,eth-updown-5m-1790421300,5,0,0.0,0.0,0.0
0.02,saut,2000,btc-updown-15m-1790419500,23,14,619.5,108.13450649999999,21.222006499999985
0.02,saut,2000,btc-updown-15m-1790420400,20,3,150.0,-45.3394,-1.5894000000000021
0.02,saut,2000,btc-updown-5m-1790418900,4,0,0.0,0.0,0.0
0.02,saut,2000,btc-updown-5m-1790419200,12,0,0.0,0.0,0.0
0.02,saut,2000,btc-updown-5m-1790419500,5,3,76.87,33.589487000000005,2.899737000000003
0.02,saut,2000,btc-updown-5m-1790419800,9,4,200.0,157.23935,-3.76065000000001
0.02,saut,2000,btc-updown-5m-1790420100,2,0,0.0,0.0,0.0
0.02,saut,2000,btc-updown-5m-1790420400,10,4,120.0,2.115840000000004,12.71584
0.02,saut,2000,btc-updown-5m-1790420700,8,3,150.0,58.96005000000001,-28.789949999999997
0.02,saut,2000,btc-updown-5m-1790421000,7,0,0.0,0.0,0.0
0.02,saut,2000,btc-updown-5m-1790421300,5,0,0.0,0.0,0.0
0.02,saut,2000,eth-updown-5m-1790418900,15,11,402.95,-56.07038051999999,-37.60318052
0.02,saut,2000,eth-updown-5m-1790419200,8,3,150.0,-80.6208,40.12919999999998
0.02,saut,2000,eth-updown-5m-1790419500,2,1,13.3,6.1516224,0.6321223999999988
0.02,saut,2000,eth-updown-5m-1790419800,7,1,38.0,-27.896256,-4.146255999999999
0.02,saut,2000,eth-updown-5m-1790420100,19,4,110.0,-26.764580000000002,7.260420000000005
0.02,saut,2000,eth-updown-5m-1790420400,9,0,0.0,0.0,0.0
0.02,saut,2000,eth-updown-5m-1790420700,21,7,350.0,35.32165,17.571649999999984
0.02,saut,2000,eth-updown-5m-1790421000,1,0,0.0,0.0,0.0
0.02,saut,2000,eth-updown-5m-1790421300,5,0,0.0,0.0,0.0
0.02,saut,5000,btc-updown-15m-1790419500,23,9,392.75,64.7749,8.22365
0.02,saut,5000,btc-updown-15m-1790420400,20,6,260.65999999999997,67.65341199999999,-10.778888000000006
0.02,saut,5000,btc-updown-5m-1790418900,4,0,0.0,0.0,0.0
0.02,saut,5000,btc-updown-5m-1790419200,12,0,0.0,0.0,0.0
0.02,saut,5000,btc-updown-5m-1790419500,5,1,26.87,12.964775000000001,1.8137250000000003
0.02,saut,5000,btc-updown-5m-1790419800,9,4,200.0,157.76,-3.2400000000000095
0.02,saut,5000,btc-updown-5m-1790420100,2,0,0.0,0.0,0.0
0.02,saut,5000,btc-updown-5m-1790420400,10,2,69.63,7.36784504,2.1455950400000035
0.02,saut,5000,btc-updown-5m-1790420700,8,4,200.0,79.10745000000001,-37.89254999999999
0.02,saut,5000,btc-updown-5m-1790421000,7,0,0.0,0.0,0.0
0.02,saut,5000,btc-updown-5m-1790421300,5,0,0.0,0.0,0.0
0.02,saut,5000,eth-updown-5m-1790418900,15,12,391.0,-38.08920300000001,-13.949203000000002
0.02,saut,5000,eth-updown-5m-1790419200,8,3,105.08,-61.50027755999999,26.241522439999997
0.02,saut,5000,eth-updown-5m-1790419500,2,1,2.3,1.0638143999999998,0.13231439999999978
0.02,saut,5000,eth-updown-5m-1790419800,7,1,44.69,-33.240287929999994,-7.320087929999998
0.02,saut,5000,eth-updown-5m-1790420100,19,2,45.0,-10.907865000000001,3.267134999999998
0.02,saut,5000,eth-updown-5m-1790420400,9,0,0.0,0.0,0.0
0.02,saut,5000,eth-updown-5m-1790420700,21,3,97.0,17.406409999999994,2.1714100000000007
0.02,saut,5000,eth-updown-5m-1790421000,1,0,0.0,0.0,0.0
0.02,saut,5000,eth-updown-5m-1790421300,5,2,10.0,-0.7455700000000001,-0.19556999999999963
