time,horizon,last_close,pred_median,p_up,p_up_cal,ret,y_true,pred_ret,q10_ret,q90_ret,reversal_h,momentum_h,always_up,majority_prev_day,past_ret_60
2026-05-03 00:00:00+00:00,5,2316.91,2316.9153529451805,0.5019331511161936,,-0.0003367119676802588,0.0,2.3103784769773483e-06,-0.0006575719453394413,0.0007204123539850116,0.48,0.52,0.52,0.48,-0.0033135798635477443
2026-05-03 00:00:00+00:00,10,2316.91,2316.988863328467,0.5187327272127347,,-0.0015895850988867366,0.0,3.4037570003420115e-05,-0.0009584999061189592,0.0011159538989886642,0.48,0.52,0.52,0.48,-0.0033135798635477443
2026-05-03 00:00:00+00:00,15,2316.91,2316.997137942612,0.5166637781048042,,-0.003250980966717165,0.0,3.7608842831104994e-05,-0.0011918839300051332,0.001415307866409421,0.52,0.48,0.52,0.52,-0.0033135798635477443
2026-05-03 05:45:00+00:00,5,2302.79,2302.87571965168,0.5404976011591442,,0.0006685304734217468,1.0,3.722356632351875e-05,-0.00044958514627069235,0.0005251956172287464,0.48,0.52,0.52,0.48,0.00034746502896965126
2026-05-03 05:45:00+00:00,10,2302.79,2302.9476538845183,0.5520603160101418,,0.0004992695573164951,1.0,6.845977623015642e-05,-0.000656164949759841,0.0007770967204123735,0.52,0.48,0.52,0.48,0.00034746502896965126
2026-05-03 05:45:00+00:00,15,2302.79,2303.0106195294,0.5586410379378631,,0.00023881219271437715,1.0,9.580072946846485e-05,-0.0008154948009178042,0.0009804111905395985,0.48,0.52,0.52,0.52,0.00034746502896965126
2026-05-03 11:45:00+00:00,5,2321.96,2321.979150042507,0.5037628817244966,,0.0007275686398777736,1.0,8.24732705950737e-06,-0.0011106786550953984,0.0012926609488204122,0.48,0.52,0.52,0.48,0.00319205191968841
2026-05-03 11:45:00+00:00,10,2321.96,2321.58117172985,0.4488960557140643,,-0.0008617124481933303,0.0,-0.00016316352412104607,-0.0016767014749348164,0.0016314630629494786,0.48,0.52,0.52,0.48,0.00319205191968841
2026-05-03 11:45:00+00:00,15,2321.96,2320.989962820454,0.3887355471541838,,-9.905915347019345e-05,0.0,-0.0004178538220003247,-0.002115718089044094,0.0017167064361274242,0.48,0.52,0.52,0.52,0.00319205191968841
2026-05-03 17:30:00+00:00,5,2333.6,2333.968038469869,0.5904557366668957,,0.000595468885069117,1.0,0.00015770031313877553,-0.0007099950453266501,0.0011168390046805143,0.52,0.48,0.52,0.48,0.0023167027393711237
2026-05-03 17:30:00+00:00,10,2333.6,2334.2803712234636,0.6233312486510563,,0.00020566962674894995,1.0,0.00029151185299269855,-0.0008993031224235892,0.0015648662811145186,0.48,0.52,0.52,0.48,0.0023167027393711237
2026-05-03 17:30:00+00:00,15,2333.6,2334.6497425268058,0.6572149724172585,,-0.000514359205511461,0.0,0.00044973709736950696,-0.0009878523414954543,0.0019871012773364782,0.48,0.52,0.52,0.52,0.0023167027393711237
2026-05-03 23:30:00+00:00,5,2326.57,2329.623722964024,0.8147023522280823,,0.00013323448214030975,1.0,0.0013116822810843587,-0.0005866589490324259,0.0035999573301523924,0.52,0.48,0.52,0.48,-0.00492216865591022
2026-05-03 23:30:00+00:00,10,2326.57,2331.37568299778,0.8304255626903996,,0.0006144499040683371,1.0,0.0020634352695196867,-0.0006772712804377079,0.005153384059667587,0.52,0.48,0.52,0.48,-0.00492216865591022
2026-05-03 23:30:00+00:00,15,2326.57,2331.8429806937415,0.8200535456777984,,-0.0013978827581855313,0.0,0.002263853792101145,-0.0009180859196931124,0.005749261938035488,0.52,0.48,0.52,0.52,-0.00492216865591022
2026-05-04 05:15:00+00:00,5,2383.45,2382.290795484802,0.31401680001007504,,-0.001204862415725927,0.0,-0.00048647401854395866,-0.0018814518116414547,0.0008565261960029602,0.52,0.48,0.52,0.48,-0.0017815416090822822
2026-05-04 05:15:00+00:00,10,2383.45,2381.490105967717,0.30598156014122035,,-0.0011334537966751768,0.0,-0.0008226311765611172,-0.003185682464390993,0.0013053910806775093,0.52,0.48,0.52,0.48,-0.0017815416090822822
2026-05-04 05:15:00+00:00,15,2383.45,2380.6404389555364,0.29334532930251234,,-0.002899161694517538,0.0,-0.0011794744059443474,-0.0043648225255310535,0.0016374532133340836,0.52,0.48,0.52,0.48,-0.0017815416090822822
2026-05-04 11:00:00+00:00,5,2339.13,2338.378363885057,0.4222134561090104,,-0.00016246675880360328,0.0,-0.00032138312235474586,-0.002563243266195059,0.001947963610291481,0.48,0.52,0.52,0.48,-0.012346884924505197
2026-05-04 11:00:00+00:00,10,2339.13,2337.906953718793,0.41937577213723287,,0.0014055176348053422,1.0,-0.0005230004899203777,-0.004047790542244911,0.0032511320896446705,0.52,0.48,0.52,0.48,-0.012346884924505197
2026-05-04 11:00:00+00:00,15,2339.13,2338.0779338505813,0.4446728979455793,,7.69487265372959e-05,1.0,-0.0004498693160712719,-0.00500349048525095,0.004436938092112541,0.52,0.48,0.52,0.48,-0.012346884924505197
2026-05-04 17:00:00+00:00,5,2355.0,2354.8330916201926,0.47562346201492156,,0.0018327144568814902,1.0,-7.087655831128359e-05,-0.001986599061638117,0.0014977387618273497,0.48,0.52,0.52,0.48,0.001219426850603611
2026-05-04 17:00:00+00:00,10,2355.0,2354.812164516749,0.48005792594722696,,0.0038312924060939224,1.0,-7.976347114890814e-05,-0.002816729713231325,0.002153669483959675,0.52,0.48,0.52,0.48,0.001219426850603611
2026-05-04 17:00:00+00:00,15,2355.0,2354.503032626314,0.4575859758434282,,0.003937037986556646,1.0,-0.000211048754863441,-0.0036803537514060736,0.002490553306415677,0.52,0.48,0.52,0.48,0.001219426850603611
2026-05-04 22:45:00+00:00,5,2356.2,2355.5285280498215,0.33428022925732714,,0.0009163103878764289,1.0,-0.00028502149507403374,-0.0011668771039694548,0.0005954763037152588,0.52,0.48,0.52,0.48,-0.0024882014079326
2026-05-04 22:45:00+00:00,10,2356.2,2354.887101651015,0.28414264101949605,,-0.0006877842157182457,0.0,-0.0005573653616011143,-0.001864481484517455,0.0007718426059000194,0.52,0.48,0.52,0.48,-0.0024882014079326
2026-05-04 22:45:00+00:00,15,2356.2,2354.559390211317,0.29485257720396696,,-0.0012400521391660035,0.0,-0.0006965373177081347,-0.002389068016782403,0.0010844371281564236,0.52,0.48,0.52,0.48,-0.0024882014079326
2026-05-05 04:45:00+00:00,5,2376.61,2376.5768098872018,0.49510362781008144,,0.0027354509853960707,1.0,-1.3965414837002754e-05,-0.0016262484714388847,0.0014579198323190212,0.52,0.48,0.52,0.48,-0.0032808056262458862
2026-05-05 04:45:00+00:00,10,2376.61,2376.326092073628,0.4680345281718833,,0.0017362611695688202,1.0,-0.00011946633458137512,-0.002254118677228689,0.0018702894449234009,0.52,0.48,0.52,0.48,-0.0032808056262458862
2026-05-05 04:45:00+00:00,15,2376.61,2375.8518216613325,0.43264574290779534,,0.0008748134219294101,1.0,-0.00031906762160360813,-0.0029207877814769745,0.002132540103048086,0.52,0.48,0.52,0.48,-0.0032808056262458862
2026-05-05 10:30:00+00:00,5,2375.11,2375.424549928702,0.5690909745213761,,0.0016364791172858162,1.0,0.0001324271725025028,-0.0008280818583443761,0.0011553316144272685,0.48,0.52,0.52,0.48,0.0008929888337982916
2026-05-05 10:30:00+00:00,10,2375.11,2375.638469034066,0.5817866410331811,,0.001035205492349256,1.0,0.00022247822198551148,-0.0011838518548756838,0.0016997212078422308,0.48,0.52,0.52,0.48,0.0008929888337982916
2026-05-05 10:30:00+00:00,15,2375.11,2375.985171520664,0.6044496450279575,,0.0008963986838628202,1.0,0.0003684083349071443,-0.0014555886154994369,0.002263970673084259,0.48,0.52,0.52,0.48,0.0008929888337982916
2026-05-05 16:15:00+00:00,5,2379.8,2380.1213043377124,0.5615886245362883,,0.0004999170409885068,1.0,0.00013500405475497246,-0.0010436573065817356,0.0012701951200142503,0.52,0.48,0.52,0.48,-0.0017339358169961017
2026-05-05 16:15:00+00:00,10,2379.8,2380.0273981909118,0.5318339170133888,,-0.0007608574936339707,0.0,9.554892312735319e-05,-0.001553224166855216,0.0016990163130685687,0.52,0.48,0.52,0.48,-0.0017339358169961017
2026-05-05 16:15:00+00:00,15,2379.8,2379.8763933878,0.5084404876730293,,-0.0015222943322195093,0.0,3.210024442523718e-05,-0.002022162778303027,0.002023403998464346,0.52,0.48,0.52,0.48,-0.0017339358169961017
2026-05-05 22:15:00+00:00,5,2374.05,2373.810389027469,0.4563889372677161,,0.00042534286012596567,1.0,-0.0001009342959150672,-0.0012977821752429008,0.0011012685718014836,0.52,0.48,0.52,0.48,-0.002864409486718955
2026-05-05 22:15:00+00:00,10,2374.05,2373.5144535898726,0.4314021621089713,,0.0007621197402087887,1.0,-0.0002256089064758271,-0.001968687167391181,0.0015111950924620032,0.52,0.48,0.52,0.48,-0.002864409486718955
2026-05-05 22:15:00+00:00,15,2374.05,2373.24054426231,0.41532502623219036,,0.00046323592170072203,1.0,-0.0003410179924685508,-0.002532003214582801,0.0018177966121584177,0.52,0.48,0.52,0.48,-0.002864409486718955
2026-05-06 04:00:00+00:00,5,2376.41,2376.587218980922,0.5361821659231376,,9.257233272119691e-05,1.0,7.457146421074867e-05,-0.0010056574828922749,0.0011655153939500451,0.52,0.48,0.52,0.52,0.0025153536124724596
2026-05-06 04:00:00+00:00,10,2376.41,2376.375808176413,0.49523776129737507,,0.0004922181256681313,1.0,-1.4388118870556355e-05,-0.0016558323986828327,0.0016155503690242767,0.48,0.52,0.52,0.52,0.0025153536124724596
2026-05-06 04:00:00+00:00,15,2376.41,2376.19318282154,0.47661821204163957,,8.836468532180675e-05,1.0,-9.124143980443478e-05,-0.002187795005738735,0.0019802767783403397,0.48,0.52,0.52,0.52,0.0025153536124724596
2026-05-06 10:00:00+00:00,5,2411.34,2410.6244835118896,0.43090590747948265,,-0.002262712108524134,0.0,-0.00029677385464310646,-0.002697264775633812,0.0021114228293299675,0.52,0.48,0.52,0.52,0.007450947936106012
2026-05-06 10:00:00+00:00,10,2411.34,2410.8288327405126,0.4712965181230597,,-0.000331820786639625,0.0,-0.00021200720220804214,-0.004199918359518051,0.0038197459653019905,0.48,0.52,0.52,0.52,0.007450947936106012
2026-05-06 10:00:00+00:00,15,2411.34,2410.949792384736,0.48354687704162114,,-0.0005558620775563128,0.0,-0.00016183499246835709,-0.005379860755056143,0.0052685849368572235,0.52,0.48,0.52,0.52,0.007450947936106012
2026-05-06 15:45:00+00:00,5,2360.08,2360.1176003143605,0.5049360932249729,,-0.0008859555439855171,0.0,1.5931669622659683e-05,-0.0017318110913038254,0.0019215373322367668,0.48,0.52,0.52,0.52,-0.004865099511459192
2026-05-06 15:45:00+00:00,10,2360.08,2359.532562533532,0.4512261457668404,,-0.0001737380162216695,0.0,-0.00023198407143354416,-0.0027024708688259125,0.0023993398062884808,0.48,0.52,0.52,0.52,-0.004865099511459192
2026-05-06 15:45:00+00:00,15,2360.08,2359.39122886582,0.44991106032395456,,-0.0007036134655020732,0.0,-0.0002918848767876625,-0.003405545838177204,0.003007901832461357,0.52,0.48,0.52,0.52,-0.004865099511459192
2026-05-06 21:30:00+00:00,5,2350.11,2349.835068628878,0.4390606533767907,,0.0009909517987773953,1.0,-0.00011699344031512737,-0.001149823423475027,0.0008926334558054805,0.52,0.48,0.52,0.52,-8.93535272901147e-05
2026-05-06 21:30:00+00:00,10,2350.11,2349.7363344775313,0.4410614709551366,,0.0022654109634379083,1.0,-0.0001590118044987321,-0.0016252771019935608,0.0012845533201470971,0.48,0.52,0.52,0.52,-8.93535272901147e-05
2026-05-06 21:30:00+00:00,15,2350.11,2349.758280846823,0.45410482832575894,,0.002295128960871473,1.0,-0.00014967191964387894,-0.0019563951063901186,0.0016312251100316644,0.48,0.52,0.52,0.52,-8.93535272901147e-05
2026-05-07 03:30:00+00:00,5,2319.25,2319.233735483825,0.4968244194971365,,0.0008102785129064927,1.0,-7.012858986854553e-06,-0.001148860901594162,0.001132657751441002,0.48,0.52,0.52,0.52,0.0008886128734770793
2026-05-07 03:30:00+00:00,10,2319.25,2319.191979614808,0.4922170600583242,,0.0016887747905798278,1.0,-2.5017186999320984e-05,-0.001757404301315546,0.0017427820712327957,0.48,0.52,0.52,0.48,0.0008886128734770793
2026-05-07 03:30:00+00:00,15,2319.25,2319.13249737519,0.48758883208198445,,0.0016155962370287824,1.0,-5.0665345042943954e-05,-0.0022688284516334534,0.002237711800262332,0.52,0.48,0.52,0.48,0.0008886128734770793
2026-05-07 09:15:00+00:00,5,2335.68,2335.6739576473756,0.49889552354529887,,-0.0009809234745343787,0.0,-2.5869812816381454e-06,-0.0012235920876264572,0.0012343868147581816,0.48,0.52,0.52,0.52,-0.002023058415570489
2026-05-07 09:15:00+00:00,10,2335.68,2335.368059978641,0.46318835399531677,,-0.0010537815021285368,0.0,-0.00013356318231672049,-0.0021154810674488544,0.0018497994169592857,0.48,0.52,0.52,0.48,-0.002023058415570489
2026-05-07 09:15:00+00:00,15,2335.68,2335.1852839036605,0.45553281487847963,,-0.0018941753361056968,0.0,-0.00021183060016483068,-0.002768405480310321,0.0023385128006339073,0.48,0.52,0.52,0.48,-0.002023058415570489
2026-05-07 15:15:00+00:00,5,2299.35,2299.0309919830893,0.4682225537864625,,-0.0029879112092832116,0.0,-0.00013874797150492668,-0.0024467040784657,0.001962127164006233,0.52,0.48,0.52,0.52,-0.006035633656129136
2026-05-07 15:15:00+00:00,10,2299.35,2298.6508362704394,0.4500927710419854,,-0.0028919502914748207,0.0,-0.0003041164018213749,-0.0037962375208735466,0.0027540381997823715,0.48,0.52,0.52,0.48,-0.006035633656129136
2026-05-07 15:15:00+00:00,15,2299.35,2298.980471281999,0.4783591312051735,,-0.00250819867871499,0.0,-0.0001607229933142662,-0.004486548714339733,0.0035114968195557594,0.48,0.52,0.52,0.48,-0.006035633656129136
2026-05-07 21:00:00+00:00,5,2289.62,2289.8075633724943,0.5460535272034222,,1.7469995284180584e-05,1.0,8.191564120352268e-05,-0.0009322154801338911,0.0010299471905454993,0.48,0.52,0.52,0.52,-0.0022859745410084287
2026-05-07 21:00:00+00:00,10,2289.62,2290.137810872015,0.5802058945702864,,-0.002637098884385125,0.0,0.00022613024339079857,-0.0013339160941541195,0.001723744673654437,0.52,0.48,0.52,0.48,-0.0022859745410084287
2026-05-07 21:00:00+00:00,15,2289.62,2290.420102300448,0.5959030720728262,,-0.0016216704132858695,0.0,0.0003493865951895714,-0.0016685505397617817,0.0022877592127770185,0.48,0.52,0.52,0.48,-0.0022859745410084287
2026-05-08 02:45:00+00:00,5,2280.91,2281.3444409319513,0.586481174485433,,-5.2611964849624826e-05,0.0,0.00019045011140406132,-0.001042157644405961,0.0013186776777729392,0.48,0.52,0.52,0.48,-0.0021503359699241997
2026-05-08 02:45:00+00:00,10,2280.91,2281.4128241172466,0.5711809424562448,,-0.0012766211200556654,0.0,0.00022042461205273867,-0.001531694084405899,0.0017857044003903866,0.48,0.52,0.52,0.48,-0.0021503359699241997
2026-05-08 02:45:00+00:00,15,2280.91,2281.4141964284654,0.5576080142681937,,-0.0021198211138004908,0.0,0.00022102613002061844,-0.0019337553530931473,0.002123764716088772,0.48,0.52,0.52,0.48,-0.0021503359699241997
2026-05-08 08:45:00+00:00,5,2285.31,2285.2675342758325,0.4864768466195506,,0.00048121933155442775,1.0,-1.8582213670015335e-05,-0.0008320680935867131,0.0007584461709484458,0.48,0.52,0.52,0.48,0.0021464311789856083
2026-05-08 08:45:00+00:00,10,2285.31,2285.2671610215248,0.49081511877891615,,-2.1879109170619415e-05,0.0,-1.8745544366538525e-05,-0.0012013455852866173,0.00111184932757169,0.48,0.52,0.52,0.48,0.0021464311789856083
2026-05-08 08:45:00+00:00,15,2285.31,2285.2119575669267,0.483726914050167,,-0.0011427296717911872,0.0,-4.290207289159298e-05,-0.0015160593902692199,0.0013798875734210014,0.48,0.52,0.52,0.48,0.0021464311789856083
2026-05-08 14:30:00+00:00,5,2274.41,2272.8044860422897,0.3988732391691425,,0.0030116273245521796,1.0,-0.0007061527576297522,-0.005374870728701353,0.0028550606220960617,0.52,0.48,0.52,0.48,0.0006509300172217181
2026-05-08 14:30:00+00:00,10,2274.41,2273.1661617748036,0.4393851262475018,,0.0053759326856006595,1.0,-0.0005470335017889738,-0.00657479465007782,0.003913648426532745,0.52,0.48,0.52,0.48,0.0006509300172217181
2026-05-08 14:30:00+00:00,15,2274.41,2273.380933508681,0.45669142308067234,,0.005262223762826146,1.0,-0.00045255664736032486,-0.007723656017333269,0.0046693854965269566,0.52,0.48,0.52,0.48,0.0006509300172217181
2026-05-08 20:30:00+00:00,5,2311.03,2310.577968866724,0.386512843846079,,-0.00011251027749992204,0.0,-0.00019561639055609703,-0.0010955173056572676,0.0007017722819000483,0.52,0.48,0.52,0.48,-0.002515191866773847
2026-05-08 20:30:00+00:00,10,2311.03,2310.5494849670304,0.41231000040255716,,-0.0009610723189013015,0.0,-0.00020794407464563847,-0.0015092839021235704,0.0010584029369056225,0.48,0.52,0.52,0.48,-0.002515191866773847
2026-05-08 20:30:00+00:00,15,2311.03,2310.390191517793,0.41012282642869236,,-0.0009567410927093789,0.0,-0.00027688825502991676,-0.00194427534006536,0.0013558552600443363,0.52,0.48,0.52,0.48,-0.002515191866773847
2026-05-09 02:15:00+00:00,5,2316.92,2317.1286788968546,0.554591770850019,,-0.0005785213329190242,0.0,9.00633167475462e-05,-0.0007980857626534998,0.0009329979075118899,0.52,0.48,0.52,0.52,0.001606870146100725
2026-05-09 02:15:00+00:00,10,2316.92,2317.196204599735,0.5521074664781094,,-0.0007210443797847077,0.0,0.00011920486576855183,-0.0011001636739820242,0.0013041633646935225,0.48,0.52,0.52,0.48,0.001606870146100725
2026-05-09 02:15:00+00:00,15,2316.92,2317.092215285223,0.5268426265926827,,5.610739820660626e-05,1.0,7.432664278894663e-05,-0.0013953433372080326,0.0015639130724593997,0.48,0.52,0.52,0.48,0.001606870146100725
2026-05-09 08:00:00+00:00,5,2314.8,2314.7797855694434,0.49250846749022426,,0.001441849270068296,1.0,-8.732728019822389e-06,-0.0006189033156260848,0.0006260967347770929,0.52,0.48,0.52,0.52,-0.00012527295481223888
2026-05-09 08:00:00+00:00,10,2314.8,2315.0018475914185,0.5488728833708323,,0.0013641977957297158,1.0,8.719491597730666e-05,-0.0008643659530207515,0.0010692651849240065,0.52,0.48,0.52,0.48,-0.00012527295481223888
2026-05-09 08:00:00+00:00,15,2314.8,2315.138291556568,0.5645818130509794,,0.0020499106296867353,1.0,0.00014613220992032439,-0.0010590337915346026,0.0013566537527367473,0.52,0.48,0.52,0.48,-0.00012527295481223888
2026-05-09 14:00:00+00:00,5,2314.02,2313.7199824507707,0.3684084922216242,,-0.0005446552596612975,0.0,-0.00012966050417162478,-0.0006546173244714737,0.00037475721910595894,0.48,0.52,0.52,0.52,-0.001088421378311999
2026-05-09 14:00:00+00:00,10,2314.02,2313.555854582172,0.3518709428803617,,-0.00013397497281086856,0.0,-0.00020059981034137309,-0.0009115336579270661,0.0005042841657996178,0.48,0.52,0.52,0.48,-0.001088421378311999
2026-05-09 14:00:00+00:00,15,2314.02,2313.4397260738765,0.34312295674093807,,-0.0002852586147996661,0.0,-0.00025079588522203267,-0.001080224639736116,0.0005912140477448702,0.48,0.52,0.52,0.48,-0.001088421378311999
2026-05-09 19:45:00+00:00,5,2328.59,2328.4375077531495,0.44585307726144374,,0.0009529124642604359,1.0,-6.54890900477767e-05,-0.0007031856803223491,0.0006150805857032537,0.52,0.48,0.52,0.52,-0.0008284844575010553
2026-05-09 19:45:00+00:00,10,2328.59,2328.327508867386,0.4353722264713067,,0.001789181723066413,1.0,-0.00011273170821368694,-0.001085573574528098,0.0009085566271096468,0.48,0.52,0.52,0.48,-0.0008284844575010553
2026-05-09 19:45:00+00:00,15,2328.59,2328.364377245728,0.4588657108827905,,0.001600546157843219,1.0,-9.689712896943092e-05,-0.0013565325643867254,0.0012087917421013117,0.48,0.52,0.52,0.48,-0.0008284844575010553
2026-05-10 01:45:00+00:00,5,2320.9,2320.801623815648,0.47608796445275714,,0.0008656685460950442,1.0,-4.2387982830405235e-05,-0.0009147799573838711,0.0009125237120315433,0.48,0.52,0.52,0.48,-0.0022766945701455654
2026-05-10 01:45:00+00:00,10,2320.9,2321.2331261162517,0.5637093306875025,,0.0013864312815821123,1.0,0.00014352286234498024,-0.00099874846637249,0.0014274909626692533,0.48,0.52,0.52,0.48,-0.0022766945701455654
2026-05-10 01:45:00+00:00,15,2320.9,2321.479640367102,0.5904649320875763,,0.0010163302742123292,1.0,0.0002497169189155102,-0.0011340808123350143,0.0017885679844766855,0.52,0.48,0.52,0.52,-0.0022766945701455654
2026-05-10 07:30:00+00:00,5,2329.0,2329.295879148445,0.6259868359014013,,-0.00016746786481114384,0.0,0.00012703321408480406,-0.00038126492290757596,0.0006656572222709656,0.52,0.48,0.52,0.48,0.0008376199198938394
2026-05-10 07:30:00+00:00,10,2329.0,2329.3831025941918,0.6316075139426663,,-3.0056269633149668e-05,0.0,0.00016447878442704678,-0.0004801289178431034,0.0008340300410054624,0.48,0.52,0.52,0.48,0.0008376199198938394
2026-05-10 07:30:00+00:00,15,2329.0,2329.4214923312497,0.62867280152511,,0.00018890444067487522,1.0,0.00018095929408445954,-0.0005470212199725211,0.000943800201639533,0.48,0.52,0.52,0.52,0.0008376199198938394
2026-05-10 13:15:00+00:00,5,2328.63,2328.155408051823,0.352795675598798,,0.0007726880913985212,1.0,-0.00020382813818287104,-0.0008775563910603523,0.0005007374566048384,0.48,0.52,0.52,0.48,0.0020333030113128814
2026-05-10 13:15:00+00:00,10,2328.63,2327.8462890234414,0.3209890114530928,,0.0007769791357743472,1.0,-0.00033661117777228355,-0.0012459284625947475,0.000608819245826453,0.48,0.52,0.52,0.48,0.0020333030113128814
2026-05-10 13:15:00+00:00,15,2328.63,2327.652124062788,0.31151188290059295,,-0.00017178957537300477,0.0,-0.00042002435657195747,-0.0014952217461541295,0.0007090257713571191,0.48,0.52,0.52,0.52,0.0020333030113128814
2026-05-10 19:15:00+00:00,5,2359.72,2360.378383247552,0.6005766750600587,,0.0006481719026236732,1.0,0.0002789701393339783,-0.0011612270027399063,0.001838185009546578,0.48,0.52,0.52,0.48,-0.0021420264301932335
2026-05-10 19:15:00+00:00,10,2359.72,2360.6810598037955,0.6087064054730909,,0.0024971761041436835,1.0,0.0004071941366419196,-0.0015393922803923488,0.002476661466062069,0.48,0.52,0.52,0.48,-0.0021420264301932335
2026-05-10 19:15:00+00:00,15,2359.72,2361.081169809584,0.6237885085411409,,0.0023661236470395863,1.0,0.0005766690010204911,-0.001809950452297926,0.003134045284241438,0.48,0.52,0.52,0.52,-0.0021420264301932335
2026-05-11 01:00:00+00:00,5,2350.61,2349.966102361436,0.4386580649365459,,-0.0004893544236361791,0.0,-0.0002739654155448079,-0.0029062910471111536,0.002005896298214793,0.48,0.52,0.52,0.52,-0.009442181118767934
2026-05-11 01:00:00+00:00,10,2350.61,2349.4853765472362,0.4235931387887947,,-0.0007490222631050258,0.0,-0.0004785534692928195,-0.004304514732211828,0.0027079060673713684,0.52,0.48,0.52,0.52,-0.009442181118767934
2026-05-11 01:00:00+00:00,15,2350.61,2348.440738524846,0.38526089276537323,,0.002655355710116325,1.0,-0.0009232765296474099,-0.005821428261697292,0.0031159603968262672,0.52,0.48,0.52,0.52,-0.009442181118767934
2026-05-11 07:00:00+00:00,5,2332.0,2332.6679219926555,0.6594838681072905,,-0.0008580009106369246,0.0,0.0002863749396055937,-0.0006841521244496107,0.0011678468436002731,0.52,0.48,0.52,0.52,-0.0011314351574718273
2026-05-11 07:00:00+00:00,10,2332.0,2332.615598728776,0.5975575983724781,,-0.000162963535125904,0.0,0.0002639440353959799,-0.0012391982600092888,0.0016240866389125586,0.48,0.52,0.52,0.52,-0.0011314351574718273
2026-05-11 07:00:00+00:00,15,2332.0,2331.9887531317036,0.49852242224598386,,-0.00020156405194793336,0.0,-4.8228539526462555e-06,-0.001980070024728775,0.0017278834711760283,0.52,0.48,0.52,0.52,-0.0011314351574718273
2026-05-11 12:45:00+00:00,5,2333.72,2333.61610267382,0.4758185065581101,,-0.0013635605616810764,0.0,-4.452103894436732e-05,-0.0010648156749084592,0.000923209881875664,0.52,0.48,0.52,0.52,-0.000488371206087912
2026-05-11 12:45:00+00:00,10,2333.72,2333.673331102403,0.4917527748518554,,-0.001419343181118471,0.0,-1.9997842173324898e-05,-0.0013412043917924166,0.0012083149049431086,0.52,0.48,0.52,0.52,-0.000488371206087912
2026-05-11 12:45:00+00:00,15,2333.72,2333.737528730487,0.5026328264736313,,-0.0012520046570401178,0.0,7.511040166718885e-06,-0.001553474459797144,0.0014126081950962543,0.52,0.48,0.52,0.52,-0.000488371206087912
2026-05-11 18:30:00+00:00,5,2340.77,2340.729236311625,0.49231784460880024,,5.980759045520756e-05,1.0,-1.7414800822734833e-05,-0.0012176072923466563,0.001177474856376648,0.48,0.52,0.52,0.52,0.0051697631133054145
2026-05-11 18:30:00+00:00,10,2340.77,2340.581772257132,0.47660518299807564,,-0.0003418262957524121,0.0,-8.041597902774811e-05,-0.0019279326079413295,0.0017326863016933203,0.48,0.52,0.52,0.52,0.0051697631133054145
2026-05-11 18:30:00+00:00,15,2340.77,2340.526092807102,0.47615665453607825,,-0.0011370243676163128,0.0,-0.00010420498438179493,-0.0024331077001988888,0.0021702018566429615,0.48,0.52,0.52,0.52,0.0051697631133054145
2026-05-12 00:30:00+00:00,5,2335.7,2335.973087611839,0.5750237748571454,,-0.001195216705673019,0.0,0.00011691212421283126,-0.0007145809940993786,0.0009977862937375903,0.48,0.52,0.52,0.48,-0.0005307492248958212
2026-05-12 00:30:00+00:00,10,2335.7,2336.134656813852,0.5896207363236802,,-0.00010275820147853665,0.0,0.0001860754273366183,-0.0009313578484579921,0.0013202130794525146,0.52,0.48,0.52,0.48,-0.0005307492248958212
2026-05-12 00:30:00+00:00,15,2335.7,2336.481122420234,0.6304774158792099,,-0.0006895385290519584,0.0,0.0003343716380186379,-0.00101186940446496,0.0016773759853094816,0.52,0.48,0.52,0.52,-0.0005307492248958212
2026-05-12 06:15:00+00:00,5,2312.5,2312.2843375037414,0.42766255225780825,,9.513061007559998e-05,1.0,-9.326380677521229e-05,-0.0008132043294608593,0.000624318839982152,0.48,0.52,0.52,0.48,0.0005147270438330409
2026-05-12 06:15:00+00:00,10,2312.5,2311.9103379739186,0.3626789536389299,,0.00032859465551116074,1.0,-0.0002550214994698763,-0.001348040415905416,0.0007459986954927444,0.48,0.52,0.52,0.48,0.0005147270438330409
2026-05-12 06:15:00+00:00,15,2312.5,2311.5332144299623,0.3318644230751788,,-0.0013414398688249562,0.0,-0.00041815685108304024,-0.0018886197358369827,0.0008714040741324425,0.48,0.52,0.52,0.52,0.0005147270438330409
2026-05-12 12:00:00+00:00,5,2286.16,2286.063097407493,0.4690701139485456,,-0.0008445669252390431,0.0,-4.238751716911793e-05,-0.0009128451347351074,0.0006737839430570602,0.52,0.48,0.52,0.48,-0.0001355893656276308
2026-05-12 12:00:00+00:00,10,2286.16,2285.7985892447537,0.42043510381947646,,0.0004548078515256293,1.0,-0.00015809887554496527,-0.0014158088015392423,0.0008681706385686994,0.48,0.52,0.52,0.48,-0.0001355893656276308
2026-05-12 12:00:00+00:00,15,2286.16,2285.2730492987375,0.35363477485006567,,0.00105798372179855,1.0,-0.0003880405565723777,-0.0020197369158267975,0.0009133245330303907,0.48,0.52,0.52,0.52,-0.0001355893656276308
2026-05-12 18:00:00+00:00,5,2277.1,2277.277834631621,0.5403741681711947,,0.0004039410652234565,1.0,7.809392991475761e-05,-0.0009812358766794205,0.001052990322932601,0.48,0.52,0.52,0.48,0.004798283588153041
2026-05-12 18:00:00+00:00,10,2277.1,2277.3304974926236,0.536340751723983,,0.0002458966017186981,1.0,0.00010121901868842542,-0.0014608618803322315,0.001565647078678012,0.48,0.52,0.52,0.48,0.004798283588153041
2026-05-12 18:00:00+00:00,15,2277.1,2277.3047615528226,0.5254648932114856,,6.587109030053995e-05,1.0,8.991803042590618e-05,-0.0018907202174887061,0.001956602791324258,0.48,0.52,0.52,0.52,0.004798283588153041
2026-05-12 23:45:00+00:00,5,2276.94,2276.8111461506705,0.46657908823730854,,-0.0007249194668359493,0.0,-5.659239832311869e-05,-0.001013290137052536,0.0008020286913961172,0.52,0.48,0.52,0.48,-0.0032841040002660193
2026-05-12 23:45:00+00:00,10,2276.94,2276.4996891686083,0.41913839811166753,,-0.0012172856037517832,0.0,-0.0001933970197569579,-0.0015695418696850538,0.0010192454792559147,0.52,0.48,0.52,0.48,-0.0032841040002660193
2026-05-12 23:45:00+00:00,15,2276.94,2275.92855017327,0.3499543576719526,,-0.0007117344213147803,0.0,-0.0004443132202140987,-0.002185208722949028,0.0010766524355858564,0.52,0.48,0.52,0.52,-0.0032841040002660193
2026-05-13 05:45:00+00:00,5,2297.32,2297.115023791416,0.4466063622652813,,0.0009484818476375168,1.0,-8.922803681343794e-05,-0.0009149732650257647,0.000823283800855279,0.52,0.48,0.52,0.48,-0.003159560290368013
2026-05-13 05:45:00+00:00,10,2297.32,2297.255215461294,0.48872880311000166,,0.0002567880185502247,1.0,-2.820044755935669e-05,-0.0013167490251362324,0.0013373661786317825,0.52,0.48,0.52,0.48,-0.003159560290368013
2026-05-13 05:45:00+00:00,15,2297.32,2297.344867542595,0.5033579510366522,,0.0004264930585442528,1.0,1.0824529454112053e-05,-0.0016578242648392916,0.0017904085107147694,0.52,0.48,0.52,0.48,-0.003159560290368013
2026-05-13 11:30:00+00:00,5,2302.0,2301.7428327798657,0.45335524433955543,,0.0013500873529794788,1.0,-0.00011172093218192458,-0.0013322564773261547,0.001151868375018239,0.52,0.48,0.52,0.48,-0.0033956184523145083
2026-05-13 11:30:00+00:00,10,2302.0,2301.440881188983,0.4303941354702242,,0.0014975748601866457,1.0,-0.00024291343288496137,-0.0021287051495164633,0.0016943501541391015,0.52,0.48,0.52,0.48,-0.0033956184523145083
2026-05-13 11:30:00+00:00,15,2302.0,2301.4500784674474,0.4475709693513772,,0.0020743024027707335,1.0,-0.00023891712771728635,-0.002692336915060878,0.0022784597240388393,0.48,0.52,0.52,0.48,-0.0033956184523145083
2026-05-13 17:15:00+00:00,5,2254.94,2254.2285758710223,0.39143394131213394,,0.00021284332151338958,1.0,-0.00031554559245705605,-0.0020548703614622355,0.001262887381017208,0.48,0.52,0.52,0.48,0.004899028660787508
2026-05-13 17:15:00+00:00,10,2254.94,2253.451645301136,0.35586774902223683,,0.0012188016036862592,1.0,-0.0006602597422897816,-0.003363930620253086,0.0017086584120988846,0.48,0.52,0.52,0.48,0.004899028660787508
2026-05-13 17:15:00+00:00,15,2254.94,2252.686202459858,0.3330453703485172,,0.0008776868640003599,1.0,-0.0009999931789934635,-0.004469696898013353,0.0020160633139312267,0.52,0.48,0.52,0.48,0.004899028660787508
2026-05-13 23:15:00+00:00,5,2259.49,2259.7638849168143,0.5709096586638933,,-6.196280463388604e-05,0.0,0.0001212080242112279,-0.0007569625740870833,0.0009469918441027403,0.52,0.48,0.52,0.48,0.0020290632515322926
2026-05-13 23:15:00+00:00,10,2259.49,2260.09274776905,0.607318223162182,,0.0006680691943401484,1.0,0.0002667271764948964,-0.0010829612147063017,0.0015102870529517531,0.52,0.48,0.52,0.48,0.0020290632515322926
2026-05-13 23:15:00+00:00,15,2259.49,2260.3000206697416,0.6127605527521258,,-0.0003585522495512805,0.0,0.000358432880602777,-0.0013899896293878555,0.0019404839258641005,0.52,0.48,0.52,0.48,0.0020290632515322926
2026-05-14 05:00:00+00:00,5,2256.78,2257.1864635062557,0.6133759396814712,,0.0002303902466511687,1.0,0.00018009150517173111,-0.0006553051061928272,0.0010019497713074088,0.48,0.52,0.52,0.52,0.006485951738783413
2026-05-14 05:00:00+00:00,10,2256.78,2257.488603799948,0.6334942297363195,,0.000655586684950471,1.0,0.00031393958488479257,-0.0009703462128527462,0.001567730912938714,0.48,0.52,0.52,0.52,0.006485951738783413
2026-05-14 05:00:00+00:00,15,2256.78,2257.829733966397,0.6523154065542142,,-7.089998673581732e-05,0.0,0.0004650386399589479,-0.0011915796203538775,0.0020596126560121775,0.48,0.52,0.52,0.52,0.006485951738783413
2026-05-14 11:00:00+00:00,5,2263.39,2263.8730013699396,0.6131586220990088,,-0.0007115755067470531,0.0,0.0002133745583705604,-0.000772251165471971,0.001211442518979311,0.52,0.48,0.52,0.52,0.001751120324009925
2026-05-14 11:00:00+00:00,10,2263.39,2264.095085531427,0.6106662030645775,,-0.0002562856273140568,0.0,0.00031146896071732044,-0.0011993595398962498,0.001797812758013606,0.48,0.52,0.52,0.52,0.001751120324009925
2026-05-14 11:00:00+00:00,15,2263.39,2264.3313607478135,0.6141777098958658,,-0.0020255634717356585,0.0,0.0004158209776505828,-0.0015367730520665646,0.00232604774646461,0.48,0.52,0.52,0.52,0.001751120324009925
2026-05-14 16:45:00+00:00,5,2308.66,2308.3778543773706,0.46670134430838406,,-0.0006759450488740271,0.0,-0.00012221932411193848,-0.0022090324200689793,0.001846684142947197,0.52,0.48,0.52,0.52,0.0085653349136523
2026-05-14 16:45:00+00:00,10,2308.66,2308.7415614561605,0.506052507291793,,-0.0037624945387353392,0.0,3.5327859222888947e-05,-0.0032489588484168053,0.0030783992260694504,0.48,0.52,0.52,0.52,0.0085653349136523
2026-05-14 16:45:00+00:00,15,2308.66,2309.1699241214037,0.5289131712360668,,0.002560975954342126,1.0,0.0002208501100540161,-0.004051567986607552,0.004263171926140785,0.48,0.52,0.52,0.52,0.0085653349136523
2026-05-14 22:30:00+00:00,5,2296.65,2296.670507574299,0.5050226450680358,,0.001422800284403003,1.0,8.929302566684783e-06,-0.0009304547565989196,0.0009620015625841916,0.52,0.48,0.52,0.52,0.0004485799037388105
2026-05-14 22:30:00+00:00,10,2296.65,2296.563603781474,0.486987984954529,,0.0010966488037196243,1.0,-3.7619072827510536e-05,-0.0015666128601878881,0.0015146543737500906,0.48,0.52,0.52,0.52,0.0004485799037388105
2026-05-14 22:30:00+00:00,15,2296.65,2296.603116628614,0.4945369149777029,,0.0013271402080627936,1.0,-2.041401603491977e-05,-0.002030598931014538,0.0019855236168950796,0.52,0.48,0.52,0.52,0.0004485799037388105
2026-05-15 04:30:00+00:00,5,2268.0,2267.779525642506,0.46412194849497757,,0.0004496343490592025,1.0,-9.721564128994942e-05,-0.001493155024945736,0.0013168377336114645,0.52,0.48,0.52,0.48,-0.0032706596660929677
2026-05-15 04:30:00+00:00,10,2268.0,2267.635795705434,0.45882749712288273,,0.0008770403317592823,1.0,-0.0001605967991054058,-0.002247331663966179,0.0020007952116429806,0.52,0.48,0.52,0.48,-0.0032706596660929677
2026-05-15 04:30:00+00:00,15,2268.0,2267.633260370412,0.46770500782545377,,8.818303270707872e-06,1.0,-0.0001617148518562317,-0.0028358674608170986,0.0026439931243658066,0.52,0.48,0.52,0.48,-0.0032706596660929677
2026-05-15 10:15:00+00:00,5,2258.04,2258.1330384733074,0.5222069856926164,,-0.0004208073805269663,0.0,4.120235098525882e-05,-0.0009751120815053582,0.0010044181253761053,0.48,0.52,0.52,0.48,0.0012230466016340813
2026-05-15 10:15:00+00:00,10,2258.04,2258.017986284066,0.49648788474571726,,-0.000917144687361926,0.0,-9.749084711074829e-06,-0.0015747075667604804,0.0014893044717609882,0.48,0.52,0.52,0.48,0.0012230466016340813
2026-05-15 10:15:00+00:00,15,2258.04,2257.878547059726,0.4800135756206323,,-0.0012806907730489314,0.0,-7.150392048060894e-05,-0.002111720386892557,0.0018441393040120602,0.48,0.52,0.52,0.48,0.0012230466016340813
2026-05-15 16:15:00+00:00,5,2223.6,2223.9109936676964,0.5624654474208021,,0.0011191792057001493,1.0,0.0001398506574332714,-0.0010699648410081863,0.0012955572456121445,0.48,0.52,0.52,0.48,0.0039202483460849535
2026-05-15 16:15:00+00:00,10,2223.6,2224.058753344458,0.5666484124882651,,0.0015727866274888314,1.0,0.00020628981292247772,-0.001535812858492136,0.0019305807072669268,0.52,0.48,0.52,0.48,0.0039202483460849535
2026-05-15 16:15:00+00:00,15,2223.6,2224.1658512518748,0.5649717776121017,,0.0026632968295103865,1.0,0.0002544429153203964,-0.0019164527766406536,0.002438174793496728,0.48,0.52,0.52,0.48,0.0039202483460849535
2026-05-15 22:00:00+00:00,5,2218.08,2218.524968266037,0.6361199702024141,,0.000495801473221924,1.0,0.00020058953668922186,-0.0005951892817392945,0.0009702062234282494,0.52,0.48,0.52,0.48,-0.001108452740661292
2026-05-15 22:00:00+00:00,10,2218.08,2218.644489165176,0.6292388262474937,,0.0016307117930161041,1.0,0.00025446212384849787,-0.0008043558336794376,0.001281927339732647,0.52,0.48,0.52,0.48,-0.001108452740661292
2026-05-15 22:00:00+00:00,15,2218.08,2218.698174963062,0.6182599567232694,,0.0012165287181788997,1.0,0.00027865939773619175,-0.000984478392638266,0.001492390874773264,0.52,0.48,0.52,0.48,-0.001108452740661292
2026-05-16 03:45:00+00:00,5,2228.13,2228.2466753405224,0.5534522210186756,,-0.0003276826804139432,0.0,5.236332071945071e-05,-0.0005019701784476638,0.0005995042738504708,0.52,0.48,0.52,0.48,0.00019300556858503626
2026-05-16 03:45:00+00:00,10,2228.13,2228.471164106331,0.6131991935005634,,-1.3464296053200542e-05,0.0,0.00015310506569221616,-0.0006032977253198624,0.0008954150835052133,0.52,0.48,0.52,0.48,0.00019300556858503626
2026-05-16 03:45:00+00:00,15,2228.13,2228.5977761820095,0.6239357566608534,,-0.0001301624563945225,0.0,0.00020991911878809333,-0.0007234668591991067,0.0011018362129107118,0.52,0.48,0.52,0.48,0.00019300556858503626
2026-05-16 09:45:00+00:00,5,2176.52,2177.1283496939536,0.6453590800607507,,-0.0012090815901926177,0.0,0.0002794666215777397,-0.0009036427363753319,0.0012428746558725834,0.48,0.52,0.52,0.48,-0.008176832543544066
2026-05-16 09:45:00+00:00,10,2176.52,2177.196731367035,0.5991145600971549,,-0.0010296957791293693,0.0,0.0003108752425760031,-0.0015994710847735405,0.001844080281443894,0.48,0.52,0.52,0.48,-0.008176832543544066
2026-05-16 09:45:00+00:00,15,2176.52,2177.0367680799404,0.5563223724149207,,-0.001034295013356612,0.0,0.00023740041069686413,-0.00232498231343925,0.002279522828757763,0.48,0.52,0.52,0.48,-0.008176832543544066
2026-05-16 15:30:00+00:00,5,2178.67,2178.96741456877,0.5871836147753136,,0.000977183083948674,1.0,0.0001365026691928506,-0.00073059624992311,0.0010340225417166948,0.52,0.48,0.52,0.48,0.0005463540188479499
2026-05-16 15:30:00+00:00,10,2178.67,2179.269594204809,0.6212329013110072,,0.0013210344518537198,1.0,0.0002751732536125928,-0.0009803378488868475,0.0015866892645135522,0.48,0.52,0.52,0.48,0.0005463540188479499
2026-05-16 15:30:00+00:00,15,2178.67,2179.3327001048274,0.6110908652706597,,0.0017839008864912742,1.0,0.0003041301970370114,-0.0012219150085002184,0.0018811796326190233,0.52,0.48,0.52,0.48,0.0005463540188479499
2026-05-16 21:30:00+00:00,5,2182.72,2182.4297676720657,0.35173784901169625,,-0.0004444984229330373,0.0,-0.00013297703117132187,-0.0005946290912106633,0.00036233768332749605,0.48,0.52,0.52,0.48,0.0005590919026898789
2026-05-16 21:30:00+00:00,10,2182.72,2182.3544251560083,0.34756650434187686,,-1.8325926604667586e-05,0.0,-0.00016749993665143847,-0.000751324521843344,0.0004288508789613843,0.48,0.52,0.52,0.48,0.0005590919026898789
2026-05-16 21:30:00+00:00,15,2182.72,2182.324255418697,0.3583116533558034,,-6.872395651047469e-05,0.0,-0.00018132443074136972,-0.0008624791516922414,0.0005106747848913074,0.48,0.52,0.52,0.48,0.0005590919026898789
2026-05-17 03:15:00+00:00,5,2177.67,2177.719593890795,0.5206711068280425,,0.00014693525232711835,1.0,2.2773572709411383e-05,-0.000612271367572248,0.0006317630759440362,0.48,0.52,0.52,0.48,0.0026301163307822506
2026-05-17 03:15:00+00:00,10,2177.67,2177.5858233929584,0.47720994622078405,,-0.00015614236541505733,0.0,-3.8655183743685484e-05,-0.001034547109156847,0.0009004438761621714,0.52,0.48,0.52,0.48,0.0026301163307822506
2026-05-17 03:15:00+00:00,15,2177.67,2177.5962432073684,0.48435445822722223,,0.0002663042495854029,1.0,-3.387016477063298e-05,-0.0012639345368370414,0.0011458952212706208,0.48,0.52,0.52,0.48,0.0026301163307822506
2026-05-17 09:00:00+00:00,5,2185.92,2185.924644929449,0.5023208030565992,,0.00044365065754536914,1.0,2.124928869307041e-06,-0.0004943521926179528,0.0005094364751130342,0.52,0.48,0.52,0.48,1.8299098769603006e-05
2026-05-17 09:00:00+00:00,10,2185.92,2185.9821194000583,0.5214346898553474,,0.0011795850874651848,1.0,2.8417562134563923e-05,-0.000711025670170784,0.0007754116086289287,0.48,0.52,0.52,0.48,1.8299098769603006e-05
2026-05-17 09:00:00+00:00,15,2185.92,2186.0494679038766,0.5361859447171773,,0.0018647512670622035,1.0,5.9226353187114e-05,-0.0008601330919191241,0.0009788117604330182,0.48,0.52,0.52,0.48,1.8299098769603006e-05
2026-05-17 15:00:00+00:00,5,2185.16,2185.2285489724773,0.5159405217831634,,0.0010017130586899015,1.0,3.136973828077316e-05,-0.0010735627729445696,0.0010232117492705584,0.52,0.48,0.52,0.48,-0.0019384812770768534
2026-05-17 15:00:00+00:00,10,2185.16,2185.0762569358994,0.48604620605013527,,0.0014405040138383285,1.0,-3.832427319139242e-05,-0.0016079272609204054,0.001391350175254047,0.52,0.48,0.52,0.48,-0.0019384812770768534
2026-05-17 15:00:00+00:00,15,2185.16,2184.9276314124095,0.46920339697592206,,8.694637473460887e-05,1.0,-0.00010634504724293947,-0.002098996890708804,0.0016798239666968584,0.52,0.48,0.52,0.48,-0.0019384812770768534
2026-05-17 20:45:00+00:00,5,2189.19,2189.4322975481336,0.5829950733669574,,0.0002694697627845244,1.0,0.00011067296145483851,-0.0006043355679139495,0.0007887207320891321,0.48,0.52,0.52,0.48,-0.0006529963860586463
2026-05-17 20:45:00+00:00,10,2189.19,2189.6506251696933,0.6066722755156829,,5.938093097324071e-05,1.0,0.00021038681734353304,-0.0008684704080224037,0.001226678374223411,0.52,0.48,0.52,0.48,-0.0006529963860586463
2026-05-17 20:45:00+00:00,15,2189.19,2189.784791393337,0.6102632019242861,,-0.00018730142106893055,0.0,0.0002716578310355544,-0.0010813453700393438,0.001543473917990923,0.52,0.48,0.52,0.48,-0.0006529963860586463
2026-05-18 02:45:00+00:00,5,2117.56,2117.8182407184026,0.5498363363706258,,-0.0006471804182188734,0.0,0.00012194458395242691,-0.001284048892557621,0.0014681527391076088,0.48,0.52,0.52,0.52,0.004828503175097865
2026-05-18 02:45:00+00:00,10,2117.56,2117.782452332007,0.5287395977190148,,-0.0012002137253910306,0.0,0.00010504573583602905,-0.002015812322497368,0.002274046652019024,0.48,0.52,0.52,0.52,0.004828503175097865
2026-05-18 02:45:00+00:00,15,2117.56,2117.826575978609,0.5264297376834407,,0.0005570899277760333,1.0,0.00012588035315275192,-0.002560338005423546,0.0029293373227119446,0.52,0.48,0.52,0.52,0.004828503175097865
2026-05-18 08:30:00+00:00,5,2119.36,2119.561659042387,0.5384941387252833,,-9.436855640032604e-06,0.0,9.514638804830611e-05,-0.0012344240676611662,0.0013111000880599022,0.52,0.48,0.52,0.52,-0.0004953098972189096
2026-05-18 08:30:00+00:00,10,2119.36,2120.3013770116654,0.6435531619675391,,-0.00016043865851056438,0.0,0.00044408123358152807,-0.001187775982543826,0.0019102467922493815,0.52,0.48,0.52,0.52,-0.0004953098972189096
2026-05-18 08:30:00+00:00,15,2119.36,2120.409648828854,0.64417917813706,,-4.718416688476168e-06,0.0,0.0004951442824676633,-0.0013464920921251178,0.002143406542018056,0.52,0.48,0.52,0.52,-0.0004953098972189096
2026-05-18 14:15:00+00:00,5,2127.7,2125.506123078243,0.3089493055425343,,-0.0024563677889775093,0.0,-0.001031634514220059,-0.003882265416905284,0.0017903355183079839,0.52,0.48,0.52,0.52,-0.00842425537136382
2026-05-18 14:15:00+00:00,10,2127.7,2123.988835350954,0.2659573543311494,,-0.003634929420377908,0.0,-0.0017457371577620506,-0.005545862950384617,0.001894030487164855,0.48,0.52,0.52,0.52,-0.00842425537136382
2026-05-18 14:15:00+00:00,15,2127.7,2122.6844550621504,0.2385867086820097,,-0.00564167748681399,0.0,-0.0023600440472364426,-0.006700281053781509,0.0019958377815783024,0.52,0.48,0.52,0.52,-0.00842425537136382
2026-05-18 20:15:00+00:00,5,2127.43,2129.00418547007,0.700743212974174,,-0.000667694878853986,0.0,0.0007396733853965998,-0.0012389894109219313,0.0026254714466631413,0.48,0.52,0.52,0.52,0.00948344447277627
2026-05-18 20:15:00+00:00,10,2127.43,2130.107867620789,0.7118333323682184,,1.4101422128653951e-05,1.0,0.001257942058146,-0.0019662324339151382,0.004279015120118856,0.48,0.52,0.52,0.52,0.00948344447277627
2026-05-18 20:15:00+00:00,15,2127.43,2130.88939899455,0.7056705776711248,,0.0012730268044842674,1.0,0.0016247723251581192,-0.0027564300689846277,0.005609261337667704,0.52,0.48,0.52,0.52,0.00948344447277627
2026-05-19 02:00:00+00:00,5,2124.33,2123.5378775130316,0.36493062902134055,,-0.0009324932151582033,0.0,-0.00037295062793418765,-0.001847588922828436,0.0011466796277090907,0.52,0.48,0.52,0.48,-0.0045557523444967885
2026-05-19 02:00:00+00:00,10,2124.33,2123.0821591882186,0.37205864204890093,,-0.00031073446577689623,0.0,-0.0005875770002603531,-0.0030587580986320972,0.0019157861825078726,0.52,0.48,0.52,0.52,-0.0045557523444967885
2026-05-19 02:00:00+00:00,15,2124.33,2122.719195026669,0.3749036953971304,,0.0002729899952003123,1.0,-0.0007585525745525956,-0.004065334796905518,0.0025491234846413136,0.52,0.48,0.52,0.48,-0.0045557523444967885
2026-05-19 08:00:00+00:00,5,2140.4,2140.020198016023,0.41006262813988825,,-0.0007057245770543119,0.0,-0.00017746014054864645,-0.0012286660494282842,0.0008425959385931492,0.52,0.48,0.52,0.48,0.002025035358458105
2026-05-19 08:00:00+00:00,10,2140.4,2139.9030253817627,0.4208878589369506,,-0.0014914873452021027,0.0,-0.00023221469018608332,-0.0018358821980655193,0.0012640017084777355,0.52,0.48,0.52,0.52,0.002025035358458105
2026-05-19 08:00:00+00:00,15,2140.4,2139.902004747611,0.4365154694642802,,-0.0022965989106804585,0.0,-0.00023269164375960827,-0.002259835135191679,0.0016049204859882593,0.52,0.48,0.52,0.48,0.002025035358458105
2026-05-19 13:45:00+00:00,5,2114.32,2112.668281256487,0.32319423139994174,,0.0025979316193636137,1.0,-0.0007815109565854073,-0.003084526862949133,0.0015593969728797674,0.52,0.48,0.52,0.48,-0.001351766718894254
2026-05-19 13:45:00+00:00,10,2114.32,2111.925769025625,0.3232124675310395,,0.004327713754110896,1.0,-0.0011330298148095608,-0.004425871651619673,0.0022565731778740883,0.52,0.48,0.52,0.52,-0.001351766718894254
2026-05-19 13:45:00+00:00,15,2114.32,2111.2086709196124,0.31092421627446154,,0.0009029559417923494,1.0,-0.0014726344961673021,-0.00562081765383482,0.0026033357717096806,0.48,0.52,0.52,0.48,-0.001351766718894254
2026-05-19 19:30:00+00:00,5,2110.34,2110.0747554766003,0.46502301305109517,,0.002314481683137082,1.0,-0.00012569595128297806,-0.00209507392719388,0.0017457137582823634,0.52,0.48,0.52,0.48,-0.0004121708909368138
2026-05-19 19:30:00+00:00,10,2110.34,2110.5595012209583,0.5205843631904735,,0.0021679147762636575,1.0,0.00010400684550404549,-0.002678020391613245,0.0026056794449687004,0.52,0.48,0.52,0.52,-0.0004121708909368138
2026-05-19 19:30:00+00:00,15,2110.34,2110.6922123163376,0.5276116853728283,,0.0011839420967252323,1.0,0.00016688444884493947,-0.003276159754022956,0.0030866414308547974,0.52,0.48,0.52,0.48,-0.0004121708909368138
2026-05-20 01:30:00+00:00,5,2105.75,2105.1051621867014,0.426998643125307,,0.0010584447547374864,1.0,-0.0003062740433961153,-0.00256265327334404,0.001856425078585744,0.52,0.48,0.52,0.52,-0.0036499850912647958
2026-05-20 01:30:00+00:00,10,2105.75,2105.094297926883,0.44647399857061565,,0.0006361504567893306,1.0,-0.000311434967443347,-0.0034916135482490063,0.0026833629235625267,0.52,0.48,0.52,0.52,-0.0036499850912647958
2026-05-20 01:30:00+00:00,15,2105.75,2105.068092284674,0.454090258103066,,0.0006836081482664014,1.0,-0.0003238837234675884,-0.004370813257992268,0.0032739555463194847,0.52,0.48,0.52,0.52,-0.0036499850912647958
2026-05-20 07:15:00+00:00,5,2130.91,2130.40269306441,0.3793312007924097,,0.0008255973149191576,1.0,-0.00023809890262782574,-0.0014347259420901537,0.0007811957038938999,0.52,0.48,0.52,0.52,0.0013289537737861679
2026-05-20 07:15:00+00:00,10,2130.91,2129.868040393757,0.34250032761675286,,0.0018987926105706876,1.0,-0.0004890935961157084,-0.0024449117481708527,0.001056839246302843,0.52,0.48,0.52,0.52,0.0013289537737861679
2026-05-20 07:15:00+00:00,15,2130.91,2130.007470801023,0.39388304140275177,,0.0012287664169994272,1.0,-0.0004236313980072737,-0.002936386736109853,0.0015777931548655033,0.52,0.48,0.52,0.52,0.0013289537737861679
2026-05-20 13:15:00+00:00,5,2130.4,2130.3885143687025,0.49667130706555196,,0.0004270586284995659,1.0,-5.391317245084792e-06,-0.0008590877987444401,0.0008805173565633595,0.52,0.48,0.52,0.52,-0.0002956753975027482
2026-05-20 13:15:00+00:00,10,2130.4,2130.3513831513965,0.4899909679963653,,-0.0007278277013194057,0.0,-2.282078639836982e-05,-0.001222399529069662,0.0012247818522155285,0.52,0.48,0.52,0.52,-0.0002956753975027482
2026-05-20 13:15:00+00:00,15,2130.4,2130.330006560468,0.4883071612880773,,-0.0015549070775930929,0.0,-3.285513957962394e-05,-0.0015030738431960344,0.0015175358857959509,0.52,0.48,0.52,0.52,-0.0002956753975027482
2026-05-20 19:00:00+00:00,5,2132.32,2132.8846308065044,0.6329348185819151,,-0.0013703389509114317,0.0,0.00026476141647435725,-0.0007877331227064133,0.0014437359059229493,0.52,0.48,0.52,0.52,-0.0034083068256780535
2026-05-20 19:00:00+00:00,10,2132.32,2133.272535341047,0.6495560272600924,,-0.00023920471581906355,0.0,0.0004466133832465857,-0.0011357873445376754,0.002155324211344123,0.52,0.48,0.52,0.52,-0.0034083068256780535
2026-05-20 19:00:00+00:00,15,2132.32,2133.548901742007,0.6527688636004264,,-0.00025327736351687946,0.0,0.0005761554348282516,-0.0014192780945450068,0.0026206013280898333,0.52,0.48,0.52,0.52,-0.0034083068256780535
2026-05-21 00:45:00+00:00,5,2137.53,2138.16781328298,0.6661476691931554,,0.002285074418059807,1.0,0.000298343482427299,-0.0006359292310662568,0.0012358942767605186,0.48,0.52,0.52,0.48,0.0045294774302560015
2026-05-21 00:45:00+00:00,10,2137.53,2138.670907774193,0.696141875253843,,0.0026770775591051788,1.0,0.0005336081376299262,-0.000907090085092932,0.0019460029434412718,0.48,0.52,0.52,0.48,0.0045294774302560015
2026-05-21 00:45:00+00:00,15,2137.53,2139.1336377781217,0.7064618284226702,,0.003595815920891532,1.0,0.0007499480852857232,-0.0011556692188605666,0.002610316965728998,0.48,0.52,0.52,0.52,0.0045294774302560015
2026-05-21 06:45:00+00:00,5,2130.54,2130.1846898089416,0.418831775118495,,-0.0008076331155342231,0.0,-0.0001667839242145419,-0.0012763182166963816,0.00091563630849123,0.52,0.48,0.52,0.48,-0.004402322540483894
2026-05-21 06:45:00+00:00,10,2130.54,2129.488173698717,0.33711536528862585,,-0.0011130132104142376,0.0,-0.000493811909109354,-0.002135372720658779,0.0011036823270842433,0.52,0.48,0.52,0.48,-0.004402322540483894
2026-05-21 06:45:00+00:00,15,2130.54,2128.812833253186,0.29300420706262775,,-0.0010284370777489116,0.0,-0.0008109996560961008,-0.00287900073453784,0.001218857942149043,0.52,0.48,0.52,0.52,-0.004402322540483894
2026-05-21 12:30:00+00:00,5,2113.12,2113.0727233523367,0.4864407449321416,,0.0023822589776925085,1.0,-2.237316220998764e-05,-0.0008544838055968285,0.0008409544825553894,0.52,0.48,0.52,0.48,-0.0030901701502488166
2026-05-21 12:30:00+00:00,10,2113.12,2113.2004630630236,0.5157517780226385,,0.0028353798554370258,1.0,3.807712346315384e-05,-0.0012961681932210922,0.001467370893806219,0.52,0.48,0.52,0.48,-0.0030901701502488166
2026-05-21 12:30:00+00:00,15,2113.12,2113.2291843066596,0.515836136654597,,0.002788189342609826,1.0,5.1668379455804825e-05,-0.001686799805611372,0.0020172190852463245,0.52,0.48,0.52,0.52,-0.0030901701502488166
2026-05-21 18:30:00+00:00,5,2139.72,2140.1123460292383,0.5533916111653148,,-1.8694209469316547e-05,0.0,0.00018334644846618176,-0.0016676441300660372,0.0020369808189570904,0.52,0.48,0.52,0.48,-0.003992542616983563
2026-05-21 18:30:00+00:00,10,2139.72,2140.4144618318323,0.5661050785300086,,0.0005980302557269113,1.0,0.0003245046827942133,-0.0024497255217283964,0.003023927565664053,0.52,0.48,0.52,0.48,-0.003992542616983563
2026-05-21 18:30:00+00:00,15,2139.72,2140.5785875836905,0.5645769159993389,,-0.0006778884735716417,0.0,0.0004011811688542366,-0.0030976724810898304,0.003765455912798643,0.48,0.52,0.52,0.52,-0.003992542616983563
2026-05-22 00:15:00+00:00,5,2129.94,2130.2748363409423,0.5913181942374229,,0.0009057185242591359,1.0,0.0001571922330185771,-0.0008099148981273174,0.0010530573781579733,0.52,0.48,0.52,0.52,-7.042203931106883e-05
2026-05-22 00:15:00+00:00,10,2129.94,2130.3606627597846,0.5800393982216538,,0.001416876072735107,1.0,0.00019748031627386808,-0.001154216006398201,0.0014938628301024437,0.52,0.48,0.52,0.48,-7.042203931106883e-05
2026-05-22 00:15:00+00:00,15,2129.94,2130.560549105639,0.5935990849102584,,0.0014028110124542081,1.0,0.00029130338225513697,-0.0014063443522900343,0.001910867402330041,0.52,0.48,0.52,0.48,-7.042203931106883e-05
2026-05-22 06:00:00+00:00,5,2129.06,2129.5344487101843,0.624158486731039,,0.00014559356408216928,1.0,0.00022281939163804054,-0.0006799839902669191,0.0011477114167064428,0.52,0.48,0.52,0.52,-0.0019520075269179316
2026-05-22 06:00:00+00:00,10,2129.06,2129.8363632941346,0.6497812202794313,,0.0004038525711269614,1.0,0.00036458426620811224,-0.000862910645082593,0.0015953384572640061,0.52,0.48,0.52,0.48,-0.0019520075269179316
2026-05-22 06:00:00+00:00,15,2129.06,2129.942928261755,0.6415858122311882,,0.00035220610525943385,1.0,0.0004146173596382141,-0.0010816752910614014,0.0018818946555256844,0.52,0.48,0.52,0.48,-0.0019520075269179316
2026-05-22 12:00:00+00:00,5,2129.96,2130.3381228111157,0.5991485272800778,,0.0003285906775536418,1.0,0.0001775100245140493,-0.0007392592960968614,0.0011232516262680292,0.48,0.52,0.52,0.52,0.003103460495474053
2026-05-22 12:00:00+00:00,10,2129.96,2130.5713825347434,0.6141987136530235,,0.0008728747697430705,1.0,0.00028699825634248555,-0.0010145711712539196,0.001641267677769065,0.48,0.52,0.52,0.48,0.003103460495474053
2026-05-22 12:00:00+00:00,15,2129.96,2130.747720139081,0.6209282640747025,,0.002892580466911987,1.0,0.00036976023693569005,-0.0012367968447506428,0.00205689063295722,0.48,0.52,0.52,0.48,0.003103460495474053
2026-05-22 17:45:00+00:00,5,2125.23,2125.447943665852,0.5512596332345012,,-0.0016388119458321526,0.0,0.00010254536755383015,-0.0009846586035564542,0.001114875776693225,0.52,0.48,0.52,0.52,0.0021479553231165127
2026-05-22 17:45:00+00:00,10,2125.23,2125.7065641738604,0.5900774067034129,,-0.0018792084598260317,0.0,0.0002242160844616592,-0.0011166592594236135,0.0015163230709731579,0.52,0.48,0.52,0.48,0.0021479553231165127
2026-05-22 17:45:00+00:00,15,2125.23,2125.7575172328825,0.5852896739183568,,-0.003006543140513074,0.0,0.00024818573729135096,-0.0013201157562434673,0.0017798637272790074,0.52,0.48,0.52,0.48,0.0021479553231165127
2026-05-22 23:45:00+00:00,5,2063.71,2066.756804986397,0.6551977102015155,,0.0006248925412428719,1.0,0.0014752838760614395,-0.004814113490283489,0.004360804334282875,0.52,0.48,0.52,0.52,-0.003308938596494393
2026-05-22 23:45:00+00:00,10,2063.71,2066.693311292675,0.6475484609095387,,0.0015106986463635508,1.0,0.0014445619890466332,-0.005124077666550875,0.004607446026057005,0.52,0.48,0.52,0.48,-0.003308938596494393
2026-05-22 23:45:00+00:00,15,2063.71,2065.9402555388533,0.6128931313123315,,0.00016473826034957284,1.0,0.0010801184689626098,-0.006161507219076157,0.004651317372918129,0.52,0.48,0.52,0.48,-0.003308938596494393
2026-05-23 05:30:00+00:00,5,2063.86,2064.121771781798,0.5773664924440405,,0.00020832576410967363,1.0,0.00012682797387242317,-0.0007452742429450154,0.000954176124650985,0.52,0.48,0.52,0.48,-0.002347208747443652
2026-05-23 05:30:00+00:00,10,2063.86,2064.320871409178,0.5992052576615179,,0.0008427252488107939,1.0,0.00022328062914311886,-0.0010030075209215283,0.0013636935036629438,0.52,0.48,0.52,0.48,-0.002347208747443652
2026-05-23 05:30:00+00:00,15,2063.86,2064.416301959612,0.5982496710945125,,0.0011476748739802645,1.0,0.00026950810570269823,-0.0012471384834498167,0.0016496471362188458,0.52,0.48,0.52,0.48,-0.002347208747443652
2026-05-23 11:15:00+00:00,5,2033.99,2033.8772486584912,0.45119675481335875,,-0.00018684236459165504,0.0,-5.543511360883713e-05,-0.0006480508018285036,0.000574339646846056,0.52,0.48,0.52,0.48,0.0020818217300417885
2026-05-23 11:15:00+00:00,10,2033.99,2033.9689847354514,0.49381213004343616,,0.00029002819375634203,1.0,-1.0332092642784119e-05,-0.0009120521135628223,0.0009103426709771156,0.48,0.52,0.52,0.48,0.0020818217300417885
2026-05-23 11:15:00+00:00,15,2033.99,2034.1048693820462,0.5290875272525801,,-0.00032945608083068123,0.0,5.647330544888973e-05,-0.0011038321536034346,0.00119636463932693,0.48,0.52,0.52,0.48,0.0020818217300417885
2026-05-23 17:15:00+00:00,5,2064.08,2065.2592374286423,0.758368954757354,,-0.0012216287962107941,0.0,0.0005711506819352508,-0.00044565965072251856,0.0017862358363345265,0.48,0.52,0.52,0.48,0.0022407940425681616
2026-05-23 17:15:00+00:00,10,2064.08,2065.9827805538716,0.7937697105716415,,-0.0009063832779672154,0.0,0.0009214294259436429,-0.0005073162028566003,0.0026017078198492527,0.48,0.52,0.52,0.48,0.0022407940425681616
2026-05-23 17:15:00+00:00,15,2064.08,2066.524090754863,0.7997630650223533,,0.0002809573883633121,1.0,0.0011834061006084085,-0.0006151142297312617,0.00331440893933177,0.48,0.52,0.52,0.48,0.0022407940425681616
2026-05-23 23:00:00+00:00,5,2115.14,2114.7424128941357,0.4373072807799461,,0.000524650304255303,1.0,-0.00018798967357724905,-0.001758374972268939,0.0014186460757628083,0.52,0.48,0.52,0.48,-0.001525920867901931
2026-05-23 23:00:00+00:00,10,2115.14,2114.569783020093,0.4402808021252901,,0.0015495236426454895,1.0,-0.000269624637439847,-0.002644679741933942,0.0022565375547856092,0.52,0.48,0.52,0.48,-0.001525920867901931
2026-05-23 23:00:00+00:00,15,2115.14,2114.3240134967964,0.432638862779233,,0.0019742783531899732,1.0,-0.00038585811853408813,-0.0034810220822691917,0.002922214101999998,0.48,0.52,0.52,0.48,-0.001525920867901931
2026-05-24 05:00:00+00:00,5,2119.81,2120.0745616177915,0.6022069500448761,,-0.00018871396209085844,0.0,0.00012479661381803453,-0.0005702257039956748,0.0007541079539805651,0.52,0.48,0.52,0.52,-0.0005612135564820875
2026-05-24 05:00:00+00:00,10,2119.81,2120.0873718541507,0.5795930612488427,,-0.0007078610622794912,0.0,0.00013083894737064838,-0.0008292029378935695,0.0010027765529230237,0.52,0.48,0.52,0.52,-0.0005612135564820875
2026-05-24 05:00:00+00:00,15,2119.81,2120.0432884126735,0.55415370667885,,-0.0007409068188533041,0.0,0.00011004551197402179,-0.0010631491895765066,0.0011665534693747759,0.52,0.48,0.52,0.52,-0.0005612135564820875
2026-05-24 10:45:00+00:00,5,2119.93,2120.117658645183,0.5598789595800204,,0.0003348606468636106,1.0,8.851723396219313e-05,-0.0006990272086113691,0.0009902858873829246,0.52,0.48,0.52,0.52,-0.0009759709209298251
2026-05-24 10:45:00+00:00,10,2119.93,2120.027072680665,0.5221399313391014,,0.001136184287779507,1.0,4.578946391120553e-05,-0.0010784524492919445,0.0013217492960393429,0.52,0.48,0.52,0.52,-0.0009759709209298251
2026-05-24 10:45:00+00:00,15,2119.93,2119.829146516644,0.4824369138237474,,0.0015978321905345538,1.0,-4.757510032504797e-05,-0.0014733676798641682,0.00153736537322402,0.52,0.48,0.52,0.52,-0.0009759709209298251
2026-05-24 16:30:00+00:00,5,2101.61,2101.6472840078486,0.5085346921036596,,-0.0018002405181993808,0.0,1.7740530893206596e-05,-0.001119857421144843,0.00123408786021173,0.52,0.48,0.52,0.52,0.0015047406923960338
2026-05-24 16:30:00+00:00,10,2101.61,2101.5850678662337,0.496068040880707,,-0.0012331485173451284,0.0,-1.186341978609562e-05,-0.0016720080748200417,0.0018369406461715698,0.52,0.48,0.52,0.52,0.0015047406923960338
2026-05-24 16:30:00+00:00,15,2101.61,2101.6547120183436,0.5056136597928644,,-0.001247441003547678,0.0,2.1274900063872337e-05,-0.0020330105908215046,0.0024588145315647125,0.52,0.48,0.52,0.52,0.0015047406923960338
2026-05-24 22:30:00+00:00,5,2097.65,2097.8036907825867,0.5212748516980097,,-0.0020711252559753035,0.0,7.326539343921468e-05,-0.001816872856579721,0.0018736027413979173,0.48,0.52,0.52,0.52,0.0042183572765646105
2026-05-24 22:30:00+00:00,10,2097.65,2098.3477215104,0.5699002631646477,,-0.004898398105220636,0.0,0.0003325652505736798,-0.0024412397760897875,0.002924236934632063,0.48,0.52,0.52,0.52,0.0042183572765646105
2026-05-24 22:30:00+00:00,15,2097.65,2098.634134600585,0.5781220720497349,,-0.0022192270451721896,0.0,0.00046905051567591727,-0.0030527980998158455,0.0037001469172537327,0.48,0.52,0.52,0.52,0.0042183572765646105
2026-05-25 04:15:00+00:00,5,2092.95,2093.512994368488,0.6542968655659498,,0.0010458228928271751,1.0,0.0002689594402909279,-0.0007793843979015946,0.0011586735490709543,0.52,0.48,0.52,0.48,-0.0012605826133196274
2026-05-25 04:15:00+00:00,10,2092.95,2093.594427281878,0.6363374669167385,,0.0021239283939795683,1.0,0.0003078564186580479,-0.0010468836408108473,0.0015304879052564502,0.52,0.48,0.52,0.48,-0.0012605826133196274
2026-05-25 04:15:00+00:00,15,2092.95,2093.8547859906503,0.6526211258447021,,0.003281835047416415,1.0,0.000432208355050534,-0.0012579212198033929,0.0019554332830011845,0.52,0.48,0.52,0.48,-0.0012605826133196274
2026-05-25 10:15:00+00:00,5,2119.5,2119.6654515938617,0.5537264567451535,,-0.000736293644500563,0.0,7.805856876075268e-05,-0.000704159727320075,0.0009501401800662279,0.48,0.52,0.52,0.48,0.00035391966393127916
2026-05-25 10:15:00+00:00,10,2119.5,2119.7297398710857,0.5510024738644655,,-0.0014589547691530314,0.0,0.00010838755406439304,-0.0010685187298804522,0.0013808377552777529,0.48,0.52,0.52,0.48,0.00035391966393127916
2026-05-25 10:15:00+00:00,15,2119.5,2119.721736179806,0.5377129360178415,,-0.0012841457003691659,0.0,0.00010461173951625824,-0.001425107242539525,0.001777204917743802,0.48,0.52,0.52,0.48,0.00035391966393127916
2026-05-25 16:00:00+00:00,5,2127.12,2126.89253735687,0.4525633385627045,,-0.00015515137869037687,0.0,-0.00010694027878344059,-0.0012201530626043677,0.0011435078922659159,0.48,0.52,0.52,0.48,-0.0008552511529149598
2026-05-25 16:00:00+00:00,10,2127.12,2126.5927403706496,0.4188675248436876,,-0.0005313758762826026,0.0,-0.0002479056129232049,-0.0017988382605835795,0.0014452873729169369,0.48,0.52,0.52,0.48,-0.0008552511529149598
2026-05-25 16:00:00+00:00,15,2127.12,2126.3794009498715,0.4085083905421546,,8.461787980884594e-05,1.0,-0.0003482304746285081,-0.0022632700856775045,0.0017570995260030031,0.48,0.52,0.52,0.48,-0.0008552511529149598
2026-05-25 21:45:00+00:00,5,2108.72,2108.5457627557003,0.4577914470875213,,0.0006684286250990823,1.0,-8.263043127954006e-05,-0.001139592844992876,0.000936475582420826,0.52,0.48,0.52,0.48,-0.0026426601093056945
2026-05-25 21:45:00+00:00,10,2108.72,2108.193534221087,0.40848791268805096,,0.0007963746415322603,1.0,-0.0002496924716979265,-0.0017719226889312267,0.0012698173522949219,0.52,0.48,0.52,0.48,-0.0026426601093056945
2026-05-25 21:45:00+00:00,15,2108.72,2107.711221230783,0.3665826855392095,,0.0004598889235980508,1.0,-0.00047849887050688267,-0.0024485336616635323,0.0014597363770008087,0.52,0.48,0.52,0.48,-0.0026426601093056945
2026-05-26 03:45:00+00:00,5,2092.0,2091.6611698133597,0.38990437626826535,,2.3900288000255898e-05,1.0,-0.00016197783406823874,-0.00115314987488091,0.0005624517798423767,0.52,0.48,0.52,0.48,0.0023402122613243037
2026-05-26 03:45:00+00:00,10,2092.0,2091.2857647554097,0.3443453957122047,,0.00035844435535281605,1.0,-0.00034147093538194895,-0.0017958064563572407,0.0007172764744609594,0.52,0.48,0.52,0.52,0.0023402122613243037
2026-05-26 03:45:00+00:00,15,2092.0,2091.036805361926,0.33261507831822634,,0.0009316882146501726,1.0,-0.0004605241119861603,-0.002278186846524477,0.0008453249465674162,0.48,0.52,0.52,0.52,0.0023402122613243037
2026-05-26 09:30:00+00:00,5,2098.33,2098.70939778212,0.5953871161713971,,-0.0008629629723708732,0.0,0.00018079305300489068,-0.0008577638072893023,0.0011978370603173971,0.48,0.52,0.52,0.48,0.00023354630638205975
2026-05-26 09:30:00+00:00,10,2098.33,2098.574125853427,0.5435083872678363,,-0.0013257415124776628,0.0,0.0001163361594080925,-0.0013249886687844992,0.0015064207836985588,0.48,0.52,0.52,0.52,0.00023354630638205975
2026-05-26 09:30:00+00:00,15,2098.33,2098.4389792923484,0.5161937146025549,,-0.00041946909175560876,0.0,5.193485412746668e-05,-0.0016558667412027717,0.0017472829204052687,0.48,0.52,0.52,0.52,0.00023354630638205975
2026-05-26 15:30:00+00:00,5,2096.1,2094.3528991751195,0.3652331830191913,,-0.0021300279798932564,0.0,-0.0008338482584804296,-0.004212752915918827,0.002305150032043457,0.52,0.48,0.52,0.48,-0.018598922060460765
2026-05-26 15:30:00+00:00,10,2096.1,2093.11883019589,0.34999105571586586,,-0.00423585615681521,0.0,-0.0014232583343982697,-0.006635603494942188,0.0034299534745514393,0.52,0.48,0.52,0.52,-0.018598922060460765
2026-05-26 15:30:00+00:00,15,2096.1,2092.468738695635,0.3576805597836269,,-0.002933548206787151,0.0,-0.0017338916659355164,-0.008682969957590103,0.004530311096459627,0.52,0.48,0.52,0.52,-0.018598922060460765
2026-05-26 21:15:00+00:00,5,2072.52,2072.370643832394,0.46313325853456344,,0.0006029486783942772,1.0,-7.206760346889496e-05,-0.0010841721668839455,0.0009170146659016609,0.48,0.52,0.52,0.48,-0.0015813633873609234
2026-05-26 21:15:00+00:00,10,2072.52,2072.1513684820397,0.44142179789547287,,0.0013934663640116085,1.0,-0.0001778821460902691,-0.0017553861252963543,0.001410721568390727,0.52,0.48,0.52,0.52,-0.0015813633873609234
2026-05-26 21:15:00+00:00,15,2072.52,2072.2236857238254,0.46158247367861316,,0.0014850103497563438,1.0,-0.00014298316091299057,-0.002158240880817175,0.0018850944470614195,0.52,0.48,0.52,0.52,-0.0015813633873609234
2026-05-27 03:00:00+00:00,5,2075.41,2075.3655612965913,0.489164748418642,,0.0020168430017211136,1.0,-2.1412241039797664e-05,-0.0010522310622036457,0.001017461996525526,0.48,0.52,0.52,0.48,8.191488084730025e-05
2026-05-27 03:00:00+00:00,10,2075.41,2075.1884160918653,0.45958809067429174,,0.0012904780892863954,1.0,-0.00010677202953957021,-0.0015349036548286676,0.0012563420459628105,0.48,0.52,0.52,0.48,8.191488084730025e-05
2026-05-27 03:00:00+00:00,15,2075.41,2075.313548759948,0.4855332275295827,,0.000722487700971719,1.0,-4.647442256100476e-05,-0.0017880650702863932,0.0016132721211761236,0.48,0.52,0.52,0.48,8.191488084730025e-05
2026-05-27 09:00:00+00:00,5,2084.79,2084.5418422946072,0.4480069558496764,,-0.0016466045509551108,0.0,-0.00011903955601155758,-0.0013397345319390297,0.0011125479359179735,0.52,0.48,0.52,0.48,0.00030223437786247587
2026-05-27 09:00:00+00:00,10,2084.79,2084.3593864437503,0.4426486221105499,,-0.0013391605609855972,0.0,-0.00020657142158597708,-0.002159571275115013,0.001756172627210617,0.52,0.48,0.52,0.48,0.00030223437786247587
2026-05-27 09:00:00+00:00,15,2084.79,2084.456729041238,0.4663484351192364,,-0.0020646878613455044,0.0,-0.0001598710659891367,-0.002667096210643649,0.0024073582608252764,0.52,0.48,0.52,0.48,0.00030223437786247587
2026-05-27 14:45:00+00:00,5,2061.32,2062.0715747127438,0.5830289936692683,,0.000174630124139874,1.0,0.00036454200744628906,-0.0019943821243941784,0.002606823109090328,0.48,0.52,0.52,0.48,0.0017528403164313033
2026-05-27 14:45:00+00:00,10,2061.32,2062.4520209761513,0.5806200066190931,,0.0007177289038793333,1.0,0.0005490221083164215,-0.0031701712869107723,0.0041301678866147995,0.48,0.52,0.52,0.48,0.0017528403164313033
2026-05-27 14:45:00+00:00,15,2061.32,2062.7206461974292,0.5790745655690428,,0.00038317614688043733,1.0,0.0006792591884732246,-0.0040464866906404495,0.005250363610684872,0.48,0.52,0.52,0.48,0.0017528403164313033
2026-05-27 20:45:00+00:00,5,2062.94,2063.6832551767507,0.6800319632137264,,7.755620405003327e-05,1.0,0.0003602243959903717,-0.0006851854850538075,0.0013995417393743992,0.48,0.52,0.52,0.48,0.0036081574673989536
2026-05-27 20:45:00+00:00,10,2062.94,2064.300435241797,0.7141510746264261,,2.9084281401914325e-05,1.0,0.0006592469289898872,-0.000930732290726155,0.002272540470585227,0.48,0.52,0.52,0.48,0.0036081574673989536
2026-05-27 20:45:00+00:00,15,2062.94,2064.6287390416733,0.7067377361414425,,-0.0008535154684370383,0.0,0.000818273052573204,-0.0012493499089032412,0.0029098396189510822,0.48,0.52,0.52,0.48,0.0036081574673989536
2026-05-28 02:30:00+00:00,5,2018.03,2016.793628601127,0.29338408754031453,,-0.0008725182121587238,0.0,-0.0006128503009676933,-0.0026523908600211143,0.0008423239924013615,0.52,0.48,0.52,0.52,-0.0004904571505655042
2026-05-28 02:30:00+00:00,10,2018.03,2015.8298702714171,0.2500484617999299,,0.0008172949973355159,1.0,-0.0010908311232924461,-0.0038931150920689106,0.000975864939391613,0.48,0.52,0.52,0.48,-0.0004904571505655042
2026-05-28 02:30:00+00:00,15,2018.03,2015.165253136036,0.2398348881178004,,-0.00012884682113067925,0.0,-0.0014205845072865486,-0.004785188473761082,0.0011489507742226124,0.52,0.48,0.52,0.48,-0.0004904571505655042
2026-05-28 08:15:00+00:00,5,1992.14,1992.4451746973316,0.5629960850853577,,-0.0016076043129862327,0.0,0.00015317765064537525,-0.0012531329412013292,0.0014697378501296043,0.48,0.52,0.52,0.52,0.0022916195086981617
2026-05-28 08:15:00+00:00,10,1992.14,1992.4593114739923,0.5454957720712159,,-0.002462696438384704,0.0,0.00016027281526476145,-0.0018841354176402092,0.002128151711076498,0.48,0.52,0.52,0.48,0.0022916195086981617
2026-05-28 08:15:00+00:00,15,1992.14,1992.5016857564758,0.5409146484167973,,-0.003378959157736894,0.0,0.00018153991550207138,-0.0023979931138455868,0.0026293513365089893,0.52,0.48,0.52,0.48,0.0022916195086981617
2026-05-28 14:15:00+00:00,5,1992.93,1992.9113292768684,0.4985367745510957,,0.0007774470536370259,1.0,-9.36852302402258e-06,-0.0037517272867262363,0.0033828169107437134,0.48,0.52,0.52,0.52,0.0037049274626044237
2026-05-28 14:15:00+00:00,10,1992.93,1992.765903845493,0.4904067505123375,,-0.0003111481391346871,0.0,-8.234253618866205e-05,-0.005031367763876915,0.004629439674317837,0.48,0.52,0.52,0.48,0.0037049274626044237
2026-05-28 14:15:00+00:00,15,1992.93,1992.4947741515841,0.47866002408446007,,-0.0003764011577374049,0.0,-0.00021840876433998346,-0.006009671837091446,0.0055832345969974995,0.48,0.52,0.52,0.48,0.0037049274626044237
2026-05-28 20:00:00+00:00,5,2015.19,2015.584259647432,0.5771939398950783,,-0.002583736823098981,0.0,0.00019562477245926857,-0.001157436054199934,0.001577882212586701,0.52,0.48,0.52,0.52,-0.0039323333621466006
2026-05-28 20:00:00+00:00,10,2015.19,2016.4321381194618,0.6532228803777347,,-0.0017880296212435809,0.0,0.000616197707131505,-0.001482050633057952,0.0027840393595397472,0.52,0.48,0.52,0.48,-0.0039323333621466006
2026-05-28 20:00:00+00:00,15,2015.19,2017.1450635196038,0.6840110783633546,,-0.0007446238504540403,0.0,0.0009696930646896362,-0.0017515651416033506,0.003798196092247963,0.52,0.48,0.52,0.48,-0.0039323333621466006
2026-05-29 02:00:00+00:00,5,2007.61,2006.998909716882,0.3646057778151436,,0.0009857613065493709,1.0,-0.0003044332843273878,-0.001460196916013956,0.0008524126606062055,0.52,0.48,0.52,0.52,-0.0029692724722023556
2026-05-29 02:00:00+00:00,10,2007.61,2006.5839137754265,0.3428783654580354,,0.0006473265639881376,1.0,-0.0005112290382385254,-0.0021744135301560163,0.0011857090285047889,0.48,0.52,0.52,0.48,-0.0029692724722023556
2026-05-29 02:00:00+00:00,15,2007.61,2006.0517179263634,0.3102237592695112,,0.0007966501285192606,1.0,-0.0007764890324324369,-0.0028592105954885483,0.0013427229132503271,0.52,0.48,0.52,0.48,-0.0029692724722023556
2026-05-29 07:45:00+00:00,5,2004.37,2004.5514974855118,0.5358817448011696,,0.0009375109772049584,1.0,9.054678957909346e-05,-0.0012418441474437714,0.0014955857768654823,0.52,0.48,0.52,0.52,-0.0051305769351861485
2026-05-29 07:45:00+00:00,10,2004.37,2004.9450955849277,0.5716224758759176,,0.0006034988150602771,1.0,0.00028687971644103527,-0.0018341261893510818,0.0024842682760208845,0.52,0.48,0.52,0.48,-0.0051305769351861485
2026-05-29 07:45:00+00:00,15,2004.37,2005.3321913633588,0.5918261313881945,,0.002929295527137832,1.0,0.00047993159387260675,-0.002331160008907318,0.0032507935538887978,0.52,0.48,0.52,0.48,-0.0051305769351861485
2026-05-29 13:30:00+00:00,5,1994.14,1993.7789109247947,0.4321445116307069,,-0.00032600818318506697,0.0,-0.00018109148368239403,-0.0016111107543110847,0.0012082071043550968,0.52,0.48,0.52,0.52,-0.0038588733041891032
2026-05-29 13:30:00+00:00,10,1994.14,1993.6331822043105,0.42771148159282124,,0.0020338956098902017,1.0,-0.00025418587028980255,-0.0021715806797146797,0.001713070785626769,0.52,0.48,0.52,0.48,-0.0038588733041891032
2026-05-29 13:30:00+00:00,15,1994.14,1993.5859581310028,0.43687327929333675,,0.00388384988864221,1.0,-0.00027787359431385994,-0.00264072697609663,0.002176922280341387,0.52,0.48,0.52,0.48,-0.0038588733041891032
2026-05-29 19:30:00+00:00,5,2011.65,2011.9836271103654,0.5500362055336245,,0.0029187100969654267,1.0,0.00016583374235779047,-0.0016352569218724966,0.0019186717690899968,0.48,0.52,0.52,0.52,-0.006629234420657326
2026-05-29 19:30:00+00:00,10,2011.65,2012.163948357766,0.5505308924153144,,0.0051714037600314455,1.0,0.0002554533421061933,-0.0024904832243919373,0.003045500721782446,0.48,0.52,0.52,0.48,-0.006629234420657326
2026-05-29 19:30:00+00:00,15,2011.65,2011.943856795721,0.5218990092247958,,0.004686636809664968,1.0,0.00014606682816520333,-0.0034770986530929804,0.0038292473182082176,0.52,0.48,0.52,0.48,-0.006629234420657326
2026-05-30 01:15:00+00:00,5,2016.5,2016.305258271512,0.44776545484710506,,0.0008971922451932457,1.0,-9.657879127189517e-05,-0.00114070950075984,0.0008790139108896255,0.52,0.48,0.52,0.48,0.0007242890130454427
2026-05-30 01:15:00+00:00,10,2016.5,2016.011097263123,0.4142726907732177,,0.0015806989582820563,1.0,-0.0002424805425107479,-0.0018177583115175366,0.0012453654780983925,0.48,0.52,0.52,0.48,0.0007242890130454427
2026-05-30 01:15:00+00:00,15,2016.5,2015.7715573284868,0.3990945050300181,,0.0020262126429200222,1.0,-0.00036130635999143124,-0.002331979339942336,0.0015203814255073667,0.48,0.52,0.52,0.48,0.0007242890130454427
2026-05-30 07:15:00+00:00,5,2015.88,2016.1973080065782,0.6237937135281114,,-0.00012402300890812512,0.0,0.00015739182708784938,-0.0005198101280257106,0.000840941269416362,0.48,0.52,0.52,0.48,0.0006153052405757364
2026-05-30 07:15:00+00:00,10,2015.88,2016.3708179064113,0.6248003014971191,,0.00033230583353738297,1.0,0.00024344612029381096,-0.0008130436763167381,0.0012815543450415134,0.48,0.52,0.52,0.48,0.0006153052405757364
2026-05-30 07:15:00+00:00,15,2015.88,2016.462799842134,0.6169108823734528,,0.0004860219202278415,1.0,0.0002890626492444426,-0.0010544875403866172,0.0015896164113655686,0.52,0.48,0.52,0.48,0.0006153052405757364
2026-05-30 13:00:00+00:00,5,2019.89,2019.8669260636532,0.4873921766520172,,1.485218364205565e-05,1.0,-1.1423428077250719e-05,-0.00045578135177493095,0.0005202534375712276,0.48,0.52,0.52,0.48,0.0012285439833190637
2026-05-30 13:00:00+00:00,10,2019.89,2019.8343136928497,0.48004075808693203,,0.0006285495313402834,1.0,-2.7569360099732876e-05,-0.000705748563632369,0.0007644757861271501,0.48,0.52,0.52,0.48,0.0012285439833190637
2026-05-30 13:00:00+00:00,15,2019.89,2019.7909499370792,0.47188507827684156,,-0.0001782434116552878,0.0,-4.903855733573437e-05,-0.0008988266927190125,0.0009238308994099498,0.48,0.52,0.52,0.48,0.0012285439833190637
2026-05-30 18:45:00+00:00,5,2029.29,2028.7695739929907,0.34656702521610416,,-0.0006358924520899478,0.0,-0.00025649007875472307,-0.0012211515568196774,0.0006166658131405711,0.48,0.52,0.52,0.48,0.002106401128086688
2026-05-30 18:45:00+00:00,10,2029.29,2028.2685425035017,0.28423682906204806,,-0.0009465916016457854,0.0,-0.0005034838104620576,-0.0017865011468529701,0.000662829726934433,0.48,0.52,0.52,0.48,0.002106401128086688
2026-05-30 18:45:00+00:00,15,2029.29,2028.0233540829574,0.27396018018200496,,-0.0010057833384964354,0.0,-0.0006243766983971,-0.0020726521033793688,0.0007344193290919065,0.48,0.52,0.52,0.48,0.002106401128086688
2026-05-31 00:45:00+00:00,5,2024.9,2025.0536996536014,0.5636211478794926,,0.00039006663721430357,1.0,7.590193126816303e-05,-0.0005581961595453322,0.0007432715501636267,0.48,0.52,0.52,0.52,0.0019427224483434813
2026-05-31 00:45:00+00:00,10,2024.9,2025.0718353014233,0.5473505758975077,,0.0008391954089939091,1.0,8.485752914566547e-05,-0.0008710772963240743,0.001083981478586793,0.52,0.48,0.52,0.52,0.0019427224483434813
2026-05-31 00:45:00+00:00,15,2024.9,2025.1836780474814,0.5633958513145134,,0.0016579660164799392,1.0,0.00014008503057993948,-0.0010342055466026068,0.0013263392029330134,0.48,0.52,0.52,0.52,0.0019427224483434813
2026-05-31 06:30:00+00:00,5,2029.48,2029.2560679422281,0.3826638707547865,,0.00013795685913819966,1.0,-0.00011034571070922539,-0.0005983074079267681,0.00039035017834976315,0.52,0.48,0.52,0.52,-0.001683742440624414
2026-05-31 06:30:00+00:00,10,2029.48,2029.1680700862719,0.3857408350381354,,0.00031037617348417257,1.0,-0.000153711240272969,-0.0008674534619785845,0.0005692021222785115,0.52,0.48,0.52,0.52,-0.001683742440624414
2026-05-31 06:30:00+00:00,15,2029.48,2029.1461802985223,0.3998789251424506,,0.0004088881501571606,1.0,-0.00016449886607006192,-0.001042068935930729,0.0007302674930542707,0.52,0.48,0.52,0.52,-0.001683742440624414
2026-05-31 12:15:00+00:00,5,2024.2,2024.1002696698192,0.47434835681547916,,-0.0003359916231344684,0.0,-4.927022382616997e-05,-0.0010033217258751392,0.0010564379626885056,0.48,0.52,0.52,0.52,0.0008006365982522468
2026-05-31 12:15:00+00:00,10,2024.2,2023.8093118193667,0.4199969505957919,,-0.0005435722714333124,0.0,-0.000193027313798666,-0.0013872067211195827,0.0012027060147374868,0.48,0.52,0.52,0.52,0.0008006365982522468
2026-05-31 12:15:00+00:00,15,2024.2,2023.6587008068727,0.4070214277186329,,-0.00030139903731107864,0.0,-0.00026744964998215437,-0.001658970257267356,0.0014181225560605526,0.48,0.52,0.52,0.52,0.0008006365982522468
2026-05-31 18:15:00+00:00,5,2002.5,2002.6933949631537,0.5538949606092539,,-0.00033463775775288696,0.0,9.657209739089012e-05,-0.0009211909491568804,0.0009671750012785196,0.52,0.48,0.52,0.52,0.0004395472733920158
2026-05-31 18:15:00+00:00,10,2002.5,2002.5013758846396,0.5002499440992526,,4.993633118832719e-05,1.0,6.870832294225693e-07,-0.0015730718150734901,0.0013719045091420412,0.52,0.48,0.52,0.52,0.0004395472733920158
2026-05-31 18:15:00+00:00,15,2002.5,2002.2204404125887,0.45854686378800935,,0.00016478043044987345,1.0,-0.0001396150328218937,-0.002116310875862837,0.0016156637575477362,0.52,0.48,0.52,0.52,0.0004395472733920158
2026-06-01 00:00:00+00:00,5,2007.13,2007.0637988277408,0.486380524192618,,0.0019909121466721302,1.0,-3.298354567959905e-05,-0.0012654118472710252,0.00120940909255296,0.52,0.48,0.52,0.52,-0.0032034250290919886
2026-06-01 00:00:00+00:00,10,2007.13,2006.9081202508264,0.4685158269028339,,0.0017770791394893237,1.0,-0.0001105518895201385,-0.0019868924282491207,0.0017495882930234075,0.48,0.52,0.52,0.48,-0.0032034250290919886
2026-06-01 00:00:00+00:00,15,2007.13,2006.5793231849746,0.4384846083997933,,0.002453231856437199,1.0,-0.0002743979566730559,-0.0026886470150202513,0.0020830859430134296,0.48,0.52,0.52,0.48,-0.0032034250290919886
2026-06-01 06:00:00+00:00,5,1995.33,1995.1102551414883,0.4544907120564319,,-0.0015397774628578276,0.0,-0.0001101356465369463,-0.0013651414774358273,0.0011798299383372068,0.52,0.48,0.52,0.52,-0.002162715049307984
2026-06-01 06:00:00+00:00,10,1995.33,1994.8857272076307,0.43676708213334603,,-0.002730089369654465,0.0,-0.00022268109023571014,-0.0021372917108237743,0.001731286058202386,0.52,0.48,0.52,0.48,-0.002162715049307984
2026-06-01 06:00:00+00:00,15,1995.33,1994.8209541283532,0.4451961502589249,,-0.0013440390390311308,0.0,-0.0002551511861383915,-0.0028107408434152603,0.002288021380081773,0.52,0.48,0.52,0.48,-0.002162715049307984
2026-06-01 11:45:00+00:00,5,1985.73,1985.5456058897635,0.4446303146242272,,-0.0014413145669056604,0.0,-9.286392014473677e-05,-0.0010094604222103953,0.0007776633137837052,0.48,0.52,0.52,0.52,9.065087333226529e-05
2026-06-01 11:45:00+00:00,10,1985.73,1985.615086243858,0.47587521219691875,,-0.0010026528310911331,0.0,-5.787145346403122e-05,-0.0013765455223619938,0.0012376080267131329,0.48,0.52,0.52,0.48,9.065087333226529e-05
2026-06-01 11:45:00+00:00,15,1985.73,1985.5367272864478,0.46706279532870987,,-0.003010979480635889,0.0,-9.733554907143116e-05,-0.0017381133511662483,0.0015029902569949627,0.48,0.52,0.52,0.48,9.065087333226529e-05
2026-06-01 17:30:00+00:00,5,1991.82,1993.2669505615531,0.6645888487436782,,-0.0020052021343222037,0.0,0.0007261827122420073,-0.001525436295196414,0.0031529227271676064,0.48,0.52,0.52,0.52,0.010797000590537564
2026-06-01 17:30:00+00:00,10,1991.82,1994.1105727946685,0.6884055703217863,,-0.0016430637029509754,0.0,0.00114932912401855,-0.002002849942073226,0.0045959376730024815,0.48,0.52,0.52,0.48,0.010797000590537564
2026-06-01 17:30:00+00:00,15,1991.82,1994.8324845673799,0.6939160183243416,,0.00036141312925419555,1.0,0.0015112855471670628,-0.002467006677761674,0.006014084443449974,0.48,0.52,0.52,0.48,0.010797000590537564
2026-06-01 23:30:00+00:00,5,1999.3,1998.9178000507611,0.43539810615954455,,0.0014844176387587282,1.0,-0.00019118515774607658,-0.0017748487880453467,0.0014453902840614319,0.52,0.48,0.52,0.52,-0.00032006081428637145
2026-06-01 23:30:00+00:00,10,1999.3,1998.9068764585058,0.4565409228644539,,0.003804089235809549,1.0,-0.00019664992578327656,-0.0027481792494654655,0.0023729403037577868,0.52,0.48,0.52,0.48,-0.00032006081428637145
2026-06-01 23:30:00+00:00,15,1999.3,1999.060008133701,0.480311959914434,,0.0026973043326430357,1.0,-0.00012004515156149864,-0.003469198476523161,0.0032836308237165213,0.52,0.48,0.52,0.48,-0.00032006081428637145
2026-06-02 05:15:00+00:00,5,1999.31,2000.169101506921,0.6363700425970765,,-2.0007102522257014e-05,0.0,0.00042960670543834567,-0.0012311998289078474,0.002047277055680752,0.48,0.52,0.52,0.48,-0.0003850587262128613
2026-06-02 05:15:00+00:00,10,1999.31,2000.2171004526917,0.598878991078013,,-0.0022984314192262545,0.0,0.00045360386138781905,-0.0020912059117108583,0.002888062968850136,0.48,0.52,0.52,0.48,-0.0003850587262128613
2026-06-02 05:15:00+00:00,15,1999.31,1999.676332515126,0.5305782408619968,,-0.003858764171896567,0.0,0.0001832126872614026,-0.003160805907100439,0.0033552173990756273,0.48,0.52,0.52,0.48,-0.0003850587262128613
2026-06-02 11:15:00+00:00,5,1980.5,1980.6284773444352,0.5297044961807279,,-0.0012479381591417038,0.0,6.486906204372644e-05,-0.0011073879431933165,0.0011823021341115236,0.52,0.48,0.52,0.48,0.0007576714594055289
2026-06-02 11:15:00+00:00,10,1980.5,1980.6656063431642,0.5275247580148827,,-0.00012623871758155047,0.0,8.361495565623045e-05,-0.0015635918825864792,0.001691299956291914,0.52,0.48,0.52,0.48,0.0007576714594055289
2026-06-02 11:15:00+00:00,15,1980.5,1980.8752018102741,0.5501149705659336,,-0.0014906332897455243,0.0,0.00018943008035421371,-0.001838616793975234,0.0021905703470110893,0.52,0.48,0.52,0.48,0.0007576714594055289
2026-06-02 17:00:00+00:00,5,1923.14,1924.1696499951422,0.5841198726627392,,0.0021037165612547426,1.0,0.0005352571606636047,-0.002846674993634224,0.003993456717580557,0.48,0.52,0.52,0.48,0.005678707648917758
2026-06-02 17:00:00+00:00,10,1923.14,1925.1942446185342,0.6106666334075356,,0.0005042562976429465,1.0,0.0010676020756363869,-0.004203783348202705,0.006581619381904602,0.52,0.48,0.52,0.48,0.005678707648917758
2026-06-02 17:00:00+00:00,15,1923.14,1926.1370594753478,0.6177641459473405,,0.000265156144727996,1.0,0.0015572067350149155,-0.005296236835420132,0.008703639730811119,0.52,0.48,0.52,0.48,0.005678707648917758
2026-06-02 22:45:00+00:00,5,1886.14,1884.0526020425923,0.3663796230675257,,-0.004181272213152454,0.0,-0.0011073164641857147,-0.005847153253853321,0.003090428188443184,0.52,0.48,0.52,0.48,-0.009072571051427225
2026-06-02 22:45:00+00:00,10,1886.14,1882.1446943862315,0.3190814071493112,,-0.005081441388548491,0.0,-0.0021204911172389984,-0.008836452849209309,0.0038559893146157265,0.52,0.48,0.52,0.48,-0.009072571051427225
2026-06-02 22:45:00+00:00,15,1886.14,1881.5947355764583,0.3334301046835384,,-0.013192775320774786,0.0,-0.002412731759250164,-0.011193806305527687,0.004952937830239534,0.52,0.48,0.52,0.48,-0.009072571051427225
2026-06-03 04:45:00+00:00,5,1845.4,1845.8171678662486,0.5501596547736778,,0.0003684159240684437,1.0,0.0002260326873511076,-0.002227640710771084,0.0025261198170483112,0.48,0.52,0.52,0.48,0.009539230799344267
2026-06-03 04:45:00+00:00,10,1845.4,1845.0990183954948,0.473685819748209,,-0.0003685517043878761,0.0,-0.00016311160288751125,-0.0038198998663574457,0.00316240219399333,0.48,0.52,0.52,0.48,0.009539230799344267
2026-06-03 04:45:00+00:00,15,1845.4,1844.2001217787108,0.41578038153513686,,0.0031218154592345115,1.0,-0.0006504110060632229,-0.005062766373157501,0.0034422948956489563,0.48,0.52,0.52,0.48,0.009539230799344267
2026-06-03 10:30:00+00:00,5,1887.88,1887.9106091917279,0.5050133187427107,,-0.0009698113867679936,0.0,1.6213394701480865e-05,-0.0016182460822165012,0.0017135250382125378,0.48,0.52,0.52,0.48,0.006046166788357787
2026-06-03 10:30:00+00:00,10,1887.88,1888.3384223374446,0.5549985812520635,,-0.0015319905351818264,0.0,0.00024279439821839333,-0.002089998684823513,0.0026819254271686077,0.48,0.52,0.52,0.48,0.006046166788357787
2026-06-03 10:30:00+00:00,15,1887.88,1888.681879652794,0.5806278153775424,,-0.0024448787750843692,0.0,0.00042466120794415474,-0.002415725961327553,0.003473594319075346,0.48,0.52,0.52,0.48,0.006046166788357787
2026-06-03 16:30:00+00:00,5,1820.05,1819.5593379474205,0.47008636028294926,,-0.000500111298924466,0.0,-0.0002696234732866287,-0.0049215927720069885,0.004440742544829845,0.48,0.52,0.52,0.48,-0.019279449455779307
2026-06-03 16:30:00+00:00,10,1820.05,1818.727259293271,0.43749513580511834,,0.003762041859945775,1.0,-0.0007270248606801033,-0.006875896826386452,0.005474947392940521,0.52,0.48,0.52,0.48,-0.019279449455779307
2026-06-03 16:30:00+00:00,15,1820.05,1817.9339073759033,0.41581445629339875,,0.004528069660438838,1.0,-0.001163332723081112,-0.008503345772624016,0.006269280798733234,0.52,0.48,0.52,0.48,-0.019279449455779307
2026-06-03 22:15:00+00:00,5,1833.02,1829.3924512411236,0.3283637978980418,,-7.637960668205324e-05,0.0,-0.001980961998924613,-0.00787984486669302,0.003955908119678497,0.52,0.48,0.52,0.48,0.017500666780510876
2026-06-03 22:15:00+00:00,10,1833.02,1828.1928333743763,0.34851359256360104,,0.0003654502305643348,1.0,-0.002636923687532544,-0.01183801144361496,0.0064507294446229935,0.52,0.48,0.52,0.48,0.017500666780510876
2026-06-03 22:15:00+00:00,15,1833.02,1827.5553149913349,0.3633380310015927,,-0.0022884617494467463,0.0,-0.0029856995679438114,-0.014828532934188843,0.008573416620492935,0.52,0.48,0.52,0.48,0.017500666780510876
2026-06-04 04:00:00+00:00,5,1810.8,1812.0218310137889,0.6186892533686768,,0.0012086794580348226,1.0,0.0006745189893990755,-0.002256576670333743,0.004044918343424797,0.48,0.52,0.52,0.48,0.02311692730975512
2026-06-04 04:00:00+00:00,10,1810.8,1813.2213039153025,0.6601256179977806,,-0.00019330341793022399,0.0,0.0013362527824938297,-0.003021711017936468,0.006500935181975365,0.52,0.48,0.52,0.48,0.02311692730975512
2026-06-04 04:00:00+00:00,15,1810.8,1814.1751483552905,0.6697595655061326,,0.0010597431114991451,1.0,0.0018621641211211681,-0.0038317590951919556,0.008400332182645798,0.48,0.52,0.52,0.48,0.02311692730975512
2026-06-04 10:00:00+00:00,5,1762.64,1764.332125054943,0.6407664946250698,,-0.0029544804564363147,0.0,0.0009595341980457306,-0.0026123845018446445,0.004380529746413231,0.48,0.52,0.52,0.48,-0.005177649828195463
2026-06-04 10:00:00+00:00,10,1762.64,1765.0735828173936,0.6350914058742061,,-0.004714267230382596,0.0,0.0013796943239867687,-0.004126936197280884,0.006604854948818684,0.48,0.52,0.52,0.48,-0.005177649828195463
2026-06-04 10:00:00+00:00,15,1762.64,1765.4113266171064,0.6194883186498492,,-0.005546830775697842,0.0,0.001571024302393198,-0.005633891560137272,0.008264878764748573,0.48,0.52,0.52,0.48,-0.005177649828195463
2026-06-04 15:45:00+00:00,5,1774.86,1774.8200031904626,0.49654076676471326,,-0.0008680507171003882,0.0,-2.2535445168614388e-05,-0.003221253165975213,0.003231270704418421,0.52,0.48,0.52,0.48,0.00020285347287085642
2026-06-04 15:45:00+00:00,10,1774.86,1774.2581657953572,0.46449624529671896,,-0.0018328089112724655,0.0,-0.0003391457721590996,-0.0052628060802817345,0.004648791626095772,0.52,0.48,0.52,0.48,0.00020285347287085642
2026-06-04 15:45:00+00:00,15,1774.86,1773.055923213114,0.4177092095870454,,0.0010249075946298092,1.0,-0.001016978407278657,-0.007403509691357613,0.005419573280960321,0.52,0.48,0.52,0.48,0.00020285347287085642
2026-06-04 21:45:00+00:00,5,1766.76,1767.5379458275395,0.5872284230283846,,-0.001087325965094088,0.0,0.00044022651854902506,-0.00215734145604074,0.0033089853823184967,0.48,0.52,0.52,0.48,-0.0040444263587247065
2026-06-04 21:45:00+00:00,10,1766.76,1768.0444169149157,0.602917503207129,,-0.002209870517021706,0.0,0.0007267259061336517,-0.0028715261723846197,0.004708862863481045,0.48,0.52,0.52,0.48,-0.0040444263587247065
2026-06-04 21:45:00+00:00,15,1766.76,1768.0974927919951,0.5872852609283318,,-0.003038413293958264,0.0,0.0007567449938505888,-0.003667640732601285,0.005627379287034273,0.52,0.48,0.52,0.48,-0.0040444263587247065
2026-06-05 03:30:00+00:00,5,1734.51,1734.5004369275148,0.4992094940828896,,0.0009277855118456912,1.0,-5.513429641723633e-06,-0.003438452258706093,0.003680948633700609,0.48,0.52,0.52,0.48,-0.0006051751302109665
2026-06-05 03:30:00+00:00,10,1734.51,1734.1357161457051,0.47712172312747325,,-0.0011999055360405464,0.0,-0.00021580979228019714,-0.005070429295301437,0.004887375980615616,0.48,0.52,0.52,0.48,-0.0006051751302109665
2026-06-05 03:30:00+00:00,15,1734.51,1734.136084374805,0.4812175840527637,,-0.0005363182744924089,0.0,-0.00021559745073318481,-0.006178976036608219,0.0059915585443377495,0.48,0.52,0.52,0.48,-0.0006051751302109665
2026-06-05 09:15:00+00:00,5,1684.16,1683.352016786698,0.44300467240097696,,-0.0020684497573499883,0.0,-0.000479869544506073,-0.004673803225159645,0.004424368962645531,0.48,0.52,0.52,0.48,0.011628003271855647
2026-06-05 09:15:00+00:00,10,1684.16,1683.7339185779852,0.48041366582318634,,-0.000659299562668636,0.0,-0.00025302544236183167,-0.006754025351256132,0.007107745856046677,0.48,0.52,0.52,0.48,0.011628003271855647
2026-06-05 09:15:00+00:00,15,1684.16,1684.0452417465171,0.49604179199432186,,-0.0006355334685661518,0.0,-6.814207881689072e-05,-0.00825992040336132,0.009443264454603195,0.48,0.52,0.52,0.48,0.011628003271855647
2026-06-05 15:15:00+00:00,5,1581.0,1583.076701822153,0.5957654515089706,,0.0036366431472592,1.0,0.001312674954533577,-0.005954476073384285,0.008909652009606361,0.52,0.48,0.52,0.48,-0.024257473732549606
2026-06-05 15:15:00+00:00,10,1581.0,1585.2628325653332,0.6221793347565148,,0.012146051021066029,1.0,0.002692660316824913,-0.00882958434522152,0.014820283278822899,0.52,0.48,0.52,0.48,-0.024257473732549606
2026-06-05 15:15:00+00:00,15,1581.0,1586.5853178744574,0.6202237900540154,,0.01023836371595177,1.0,0.0035265497863292694,-0.011782065033912659,0.019466347992420197,0.52,0.48,0.52,0.48,-0.024257473732549606
2026-06-05 21:00:00+00:00,5,1603.97,1605.3291895719442,0.6178579435269183,,0.004609148688833997,1.0,0.0008470320608466864,-0.003127648960798979,0.0049674296751618385,0.48,0.52,0.52,0.48,0.016754601700592175
2026-06-05 21:00:00+00:00,10,1603.97,1606.4285822116465,0.6377607571556181,,0.004100138578338353,1.0,0.0015316370408982038,-0.004453740082681179,0.008306160569190979,0.52,0.48,0.52,0.48,0.016754601700592175
2026-06-05 21:00:00+00:00,15,1603.97,1607.7654010354615,0.6583619960478961,,0.006462981661823797,1.0,0.0023634592071175575,-0.005533687770366669,0.011335199698805809,0.48,0.52,0.52,0.48,0.016754601700592175
2026-06-06 03:00:00+00:00,5,1574.17,1573.1600980207481,0.3924030660712141,,-0.0027034865977419997,0.0,-0.0006417515687644482,-0.0038881725631654263,0.0024256764445453882,0.52,0.48,0.52,0.48,-0.004961720099786682
2026-06-06 03:00:00+00:00,10,1574.17,1572.3590940819206,0.3732135366668692,,-0.0012904006799621115,0.0,-0.0011510499753057957,-0.006114347372204065,0.0035399599000811577,0.52,0.48,0.52,0.48,-0.004961720099786682
2026-06-06 03:00:00+00:00,15,1574.17,1571.9777427872334,0.3801019035355685,,-0.0016975719901894948,0.0,-0.0013936138711869717,-0.00784955732524395,0.004621678963303566,0.52,0.48,0.52,0.48,-0.004961720099786682
2026-06-06 08:45:00+00:00,5,1585.6,1585.5084757227332,0.48906340018227523,,0.00027115395089261085,1.0,-5.7723838835954666e-05,-0.0029050293378531933,0.0028970716521143913,0.52,0.48,0.52,0.48,0.0054829656764949775
2026-06-06 08:45:00+00:00,10,1585.6,1585.9009913957736,0.5236150667757387,,0.0005863568180659584,1.0,0.00018981005996465683,-0.004141070879995823,0.004567955620586872,0.48,0.52,0.52,0.48,0.0054829656764949775
2026-06-06 08:45:00+00:00,15,1585.6,1586.1624275412344,0.5352585953468346,,-0.0013316127416924672,0.0,0.0003546467050909996,-0.005172152537852526,0.00599503330886364,0.52,0.48,0.52,0.48,0.0054829656764949775
2026-06-06 14:30:00+00:00,5,1559.91,1559.9021985941445,0.4991492427448486,,0.0021004778623474607,1.0,-5.00120222568512e-06,-0.0030241813510656357,0.003033420769497752,0.48,0.52,0.52,0.48,0.0011802514535643738
2026-06-06 14:30:00+00:00,10,1559.91,1560.5071288690326,0.546461275816358,,0.0012556940319559118,1.0,0.00038272375240921974,-0.003998063039034605,0.0047597335651516914,0.52,0.48,0.52,0.48,0.0011802514535643738
2026-06-06 14:30:00+00:00,15,1559.91,1560.9935970175272,0.5665680470401222,,0.002266790581816558,1.0,0.0006944123888388276,-0.004842707421630621,0.006228240672498941,0.52,0.48,0.52,0.48,0.0011802514535643738
2026-06-06 20:30:00+00:00,5,1551.99,1551.9745982199688,0.49567586486760673,,0.0020275952915875806,1.0,-9.923940524458885e-06,-0.0012771144974976778,0.001245484221726656,0.52,0.48,0.52,0.48,-0.0028310585827950874
2026-06-06 20:30:00+00:00,10,1551.99,1552.051379543107,0.512715311703225,,0.0018668251378981537,1.0,3.954814746975899e-05,-0.0016883115749806166,0.0018438964616507292,0.52,0.48,0.52,0.48,-0.0028310585827950874
2026-06-06 20:30:00+00:00,15,1551.99,1552.2315619531869,0.5397761285508397,,0.004307746448242611,1.0,0.00015563447959721088,-0.0019644214771687984,0.0024077792186290026,0.52,0.48,0.52,0.48,-0.0028310585827950874
2026-06-07 02:15:00+00:00,5,1587.94,1587.8419256357251,0.4880009408401522,,-0.002717898487596848,0.0,-6.176391616463661e-05,-0.0027314494363963604,0.002705899067223072,0.52,0.48,0.52,0.48,0.00018264322586070136
2026-06-07 02:15:00+00:00,10,1587.94,1587.1134877528225,0.42610673804566934,,-0.0017711558424986507,0.0,-0.0005206288769841194,-0.004542306065559387,0.003369108773767948,0.52,0.48,0.52,0.48,0.00018264322586070136
2026-06-07 02:15:00+00:00,15,1587.94,1585.9501525503792,0.3669980669366849,,-0.0018153172334640644,0.0,-0.0012538856826722622,-0.006358731538057327,0.0037245359271764755,0.52,0.48,0.52,0.48,0.00018264322586070136
2026-06-07 08:15:00+00:00,5,1611.58,1612.483067668642,0.6371032939396314,,0.0012712352225587864,1.0,0.0005602047313004732,-0.0015863885637372732,0.0028411224484443665,0.52,0.48,0.52,0.48,-0.00024817282883127234
2026-06-07 08:15:00+00:00,10,1611.58,1613.0425042242323,0.665560993382903,,0.0019031506908211426,1.0,0.0009070856031030416,-0.0019054659642279148,0.00401891116052866,0.48,0.52,0.52,0.48,-0.00024817282883127234
2026-06-07 08:15:00+00:00,15,1611.58,1613.644050506148,0.6947237577282722,,0.004414471504945006,1.0,0.0012799425749108195,-0.0020609877537935972,0.005085475277155638,0.52,0.48,0.52,0.48,-0.00024817282883127234
2026-06-07 14:00:00+00:00,5,1618.14,1618.340588722548,0.5372030000999288,,0.0014018621739690929,1.0,0.00012395484372973442,-0.0016190215246751904,0.001926500117406249,0.52,0.48,0.52,0.48,1.853997682577102e-05
2026-06-07 14:00:00+00:00,10,1618.14,1618.6398677432207,0.566355939346147,,3.7078922490607624e-05,1.0,0.0003088673111051321,-0.0022350067738443613,0.0029580930713564157,0.48,0.52,0.52,0.48,1.853997682577102e-05
2026-06-07 14:00:00+00:00,15,1618.14,1618.6050846192154,0.5485542111207872,,0.0,,0.00028737797401845455,-0.0029174056835472584,0.003691141027957201,0.48,0.52,0.52,0.48,1.853997682577102e-05
2026-06-07 19:45:00+00:00,5,1608.84,1609.3653132595578,0.5774025340269743,,0.0016954367015067362,1.0,0.0003264634869992733,-0.0019283108413219452,0.00280949124135077,0.52,0.48,0.52,0.48,-0.016270044819269636
2026-06-07 19:45:00+00:00,10,1608.84,1609.3858070053925,0.561358387004931,,0.0038215342552865295,1.0,0.00033919746056199074,-0.002750570885837078,0.0038867704570293427,0.48,0.52,0.52,0.48,-0.016270044819269636
2026-06-07 19:45:00+00:00,15,1608.84,1609.7614764823215,0.5774451063861948,,0.0003852965899202587,1.0,0.0005725943483412266,-0.0033019068650901318,0.005130645353347063,0.52,0.48,0.52,0.48,-0.016270044819269636
2026-06-08 01:45:00+00:00,5,1684.38,1685.279191946912,0.5946886891749656,,-0.0017529217367471261,0.0,0.000533699057996273,-0.002516520209610462,0.0035444749519228935,0.48,0.52,0.52,0.52,-0.010142056792164844
2026-06-08 01:45:00+00:00,10,1684.38,1686.4177429475924,0.6357144128765027,,0.0007537025249746421,1.0,0.0012090569362044334,-0.003666175529360771,0.005885270424187183,0.48,0.52,0.52,0.52,-0.010142056792164844
2026-06-08 01:45:00+00:00,15,1684.38,1687.3979557811026,0.6560687522869768,,0.0017735601890755959,1.0,0.0017901277169585228,-0.004594531841576099,0.007961985655128956,0.48,0.52,0.52,0.52,-0.010142056792164844
2026-06-08 07:30:00+00:00,5,1674.75,1674.839129921157,0.5144312785679487,,0.0006446645281732444,1.0,5.3218420362100005e-05,-0.0018371188780292869,0.0019843331538140774,0.52,0.48,0.52,0.52,0.004272436757834619
2026-06-08 07:30:00+00:00,10,1674.75,1675.2552234835134,0.5612297271046378,,0.0009907018081936059,1.0,0.0003016254922840744,-0.002353598363697529,0.0030650594271719456,0.48,0.52,0.52,0.52,0.004272436757834619
2026-06-08 07:30:00+00:00,15,1674.75,1675.5280267113833,0.5750756458067132,,0.0006207954738046695,1.0,0.000464455020846799,-0.002836313098669052,0.003915924113243818,0.48,0.52,0.52,0.52,0.004272436757834619
2026-06-08 13:30:00+00:00,5,1690.24,1689.5441431905053,0.414582840296701,,-9.466559386073214e-05,0.0,-0.0004117758944630623,-0.003043972887098789,0.0023192414082586765,0.48,0.52,0.52,0.52,0.004655129187568718
2026-06-08 13:30:00+00:00,10,1690.24,1688.6282511732168,0.36968308433950103,,-0.003841142837796241,0.0,-0.0009540170431137085,-0.004921978339552879,0.00303109223023057,0.52,0.48,0.52,0.52,0.004655129187568718
2026-06-08 13:30:00+00:00,15,1690.24,1688.5442945748769,0.39400690382283954,,-0.0023989846923253566,0.0,-0.0010037370957434177,-0.0061462149024009705,0.004163062199950218,0.52,0.48,0.52,0.52,0.004655129187568718
2026-06-08 19:15:00+00:00,5,1682.93,1682.8688795264807,0.4899895073592879,,0.0025043928961014927,1.0,-3.631855361163616e-05,-0.0019367479253560305,0.001796924858354032,0.48,0.52,0.52,0.52,-0.0029666041704334845
2026-06-08 19:15:00+00:00,10,1682.93,1682.5984079082561,0.46108312471425883,,0.0007959135606663281,1.0,-0.0001970520243048668,-0.002960839308798313,0.002489236183464527,0.52,0.48,0.52,0.52,-0.0029666041704334845
2026-06-08 19:15:00+00:00,15,1682.93,1682.6130982065004,0.4705149567968224,,0.002705895871915942,1.0,-0.000188321340829134,-0.0036918148398399353,0.0031929214019328356,0.52,0.48,0.52,0.52,-0.0029666041704334845
2026-06-09 01:00:00+00:00,5,1665.61,1666.4527296717993,0.5717407786546908,,-0.00042035478562407746,0.0,0.0005058306269347668,-0.0032729674130678177,0.004491674248129129,0.48,0.52,0.52,0.48,-0.014045861330602705
2026-06-09 01:00:00+00:00,10,1665.61,1666.9007606249297,0.5719378656260486,,-0.0011533957365523761,0.0,0.0007746475748717785,-0.005109282210469246,0.006987076718360186,0.48,0.52,0.52,0.48,-0.014045861330602705
2026-06-09 01:00:00+00:00,15,1665.61,1667.3978574812938,0.5733367881783183,,0.0007681920857889324,1.0,0.0010728193446993828,-0.0067967986688017845,0.009277630597352982,0.52,0.48,0.52,0.48,-0.014045861330602705
2026-06-09 07:00:00+00:00,5,1689.42,1689.574627354368,0.5214753759817483,,-0.0004973357118496224,0.0,9.152269922196865e-05,-0.002143404446542263,0.0027183378115296364,0.48,0.52,0.52,0.48,0.0018129148452192823
2026-06-09 07:00:00+00:00,10,1689.42,1689.7383529709082,0.5328938752399677,,0.000692305671717186,1.0,0.00018842145800590515,-0.00298483413644135,0.0037125456146895885,0.48,0.52,0.52,0.48,0.0018129148452192823
2026-06-09 07:00:00+00:00,15,1689.42,1689.9245061397626,0.5417222925509955,,-0.0021450461824921163,0.0,0.00029858225025236607,-0.003682790556922555,0.004608693066984415,0.52,0.48,0.52,0.48,0.0018129148452192823
2026-06-09 12:45:00+00:00,5,1671.75,1672.6155217495138,0.647578335174037,,0.0025270868625160148,1.0,0.0005175999831408262,-0.001472983043640852,0.0023393318988382816,0.52,0.48,0.52,0.48,6.580147696766403e-05
2026-06-09 12:45:00+00:00,10,1671.75,1673.014130265972,0.6610546849802388,,0.0015898824684494883,1.0,0.0007558860816061497,-0.0018619580660015345,0.003306993283331394,0.52,0.48,0.52,0.48,6.580147696766403e-05
2026-06-09 12:45:00+00:00,15,1671.75,1673.1363149643732,0.6484622299789448,,0.002855199234997663,1.0,0.0008289160905405879,-0.0022642670664936304,0.003976937383413315,0.52,0.48,0.52,0.48,6.580147696766403e-05
2026-06-09 18:45:00+00:00,5,1649.23,1649.1967086758177,0.49548021803637976,,0.0006425177216478062,1.0,-2.0186183974146843e-05,-0.0024055391550064087,0.002384723862633109,0.52,0.48,0.52,0.48,0.003322211747422976
2026-06-09 18:45:00+00:00,10,1649.23,1649.5205802795576,0.5288118258443224,,0.0010302531697661266,1.0,0.00017617596313357353,-0.003216058248654008,0.0036530992947518826,0.52,0.48,0.52,0.48,0.003322211747422976
2026-06-09 18:45:00+00:00,15,1649.23,1649.7687705381845,0.5422539118386771,,0.0007879361330873635,1.0,0.00032662670128047466,-0.003851050976663828,0.004665255546569824,0.52,0.48,0.52,0.48,0.003322211747422976
2026-06-10 00:30:00+00:00,5,1642.69,1642.6652211956412,0.4955203387524717,,-0.0054265520820484525,0.0,-1.5084398910403252e-05,-0.001840218435972929,0.0016891085542738438,0.48,0.52,0.52,0.48,0.005059377486404948
2026-06-10 00:30:00+00:00,10,1642.69,1642.8969150448952,0.5263732761338841,,-0.004869723420968697,0.0,0.00012595317093655467,-0.0024118111468851566,0.002537146210670471,0.48,0.52,0.52,0.48,0.005059377486404948
2026-06-10 00:30:00+00:00,15,1642.69,1643.1000261087208,0.5439126906323215,,-0.0056591657424158726,0.0,0.0002495753578841686,-0.00285098934546113,0.003196855541318655,0.48,0.52,0.52,0.48,0.005059377486404948
2026-06-10 06:15:00+00:00,5,1629.74,1629.45747133818,0.4377912931603438,,0.00040489059305226505,1.0,-0.00017337314784526825,-0.0016203795094043016,0.0013117438647896051,0.48,0.52,0.52,0.48,0.005340236635968054
2026-06-10 06:15:00+00:00,10,1629.74,1628.9598086090111,0.3784020663498845,,-0.0004050545958502738,0.0,-0.00047883600927889347,-0.002547780517488718,0.0016036226879805326,0.48,0.52,0.52,0.48,0.005340236635968054
2026-06-10 06:15:00+00:00,15,1629.74,1628.566793566298,0.35587523016349554,,-0.0010620828256451276,0.0,-0.0007201326079666615,-0.0032794165890663862,0.0018811470363289118,0.48,0.52,0.52,0.48,0.005340236635968054
2026-06-10 12:15:00+00:00,5,1621.18,1621.8528077577362,0.5851917866239358,,0.00041319384003912774,1.0,0.0004149250453338027,-0.0023257818538695574,0.0029091399628669024,0.52,0.48,0.52,0.48,-0.00028987026966564855
2026-06-10 12:15:00+00:00,10,1621.18,1622.3309721712874,0.6079830570743198,,0.0014423523935489513,1.0,0.0007097076158970594,-0.0028473655693233013,0.004165224730968475,0.52,0.48,0.52,0.48,-0.00028987026966564855
2026-06-10 12:15:00+00:00,15,1621.18,1622.8817767996488,0.6284122439444677,,0.009087734011867354,1.0,0.0010491643333807588,-0.0032668099738657475,0.005397678352892399,0.48,0.52,0.52,0.48,-0.00028987026966564855
2026-06-10 18:00:00+00:00,5,1633.6,1634.1993082980846,0.57300966068386,,0.000991183443952437,1.0,0.00036679627373814583,-0.002382978331297636,0.0031151571311056614,0.48,0.52,0.52,0.48,-0.0046049538737005236
2026-06-10 18:00:00+00:00,10,1633.6,1634.747769483813,0.5933381695079192,,-0.0026418313254330528,0.0,0.0007023545913398266,-0.003377381479367614,0.004866728559136391,0.48,0.52,0.52,0.48,-0.0046049538737005236
2026-06-10 18:00:00+00:00,15,1633.6,1635.0297039102245,0.591316918370886,,-0.0013537562672558678,0.0,0.0008748032851144671,-0.004292365163564682,0.006215170491486788,0.48,0.52,0.52,0.48,-0.0046049538737005236
2026-06-11 00:00:00+00:00,5,1623.72,1623.3547663263769,0.42634494198595896,,0.0007387707191792714,1.0,-0.0002249616663902998,-0.001825427869334817,0.0016139720100909472,0.48,0.52,0.52,0.48,0.005818386900069861
2026-06-11 00:00:00+00:00,10,1623.72,1623.1749493517436,0.4231793024124313,,1.84759212560337e-05,1.0,-0.0003357365494593978,-0.002593100070953369,0.0022351399529725313,0.48,0.52,0.52,0.48,0.005818386900069861
2026-06-11 00:00:00+00:00,15,1623.72,1623.2889241555615,0.44965902868255536,,0.003043917747866054,1.0,-0.00026552181225270033,-0.003101448528468609,0.0027630282565951347,0.48,0.52,0.52,0.48,0.005818386900069861
2026-06-11 05:45:00+00:00,5,1651.86,1652.123244272625,0.5651837025861987,,-0.0014054645798129428,0.0,0.00015934964176267385,-0.0011432752944529057,0.0015624376246705651,0.48,0.52,0.52,0.48,-0.002811053819272935
2026-06-11 05:45:00+00:00,10,1651.86,1652.4704945103485,0.5978033636216014,,-0.0012236122312945241,0.0,0.0003695117775350809,-0.001663173083215952,0.002518855966627598,0.48,0.52,0.52,0.48,-0.002811053819272935
2026-06-11 05:45:00+00:00,15,1651.86,1652.8888857746183,0.624186220540263,,-0.002527618748088045,0.0,0.0006226710975170135,-0.002016768790781498,0.003413604572415352,0.48,0.52,0.52,0.48,-0.002811053819272935
2026-06-11 11:30:00+00:00,5,1665.13,1665.077825442196,0.49169250560658184,,-0.00041446794023070055,0.0,-3.133411519229412e-05,-0.0018311324529349804,0.002159229014068842,0.48,0.52,0.52,0.48,0.004755664581254315
2026-06-11 11:30:00+00:00,10,1665.13,1665.3031059096468,0.5215373001133595,,-0.0017310921621236375,0.0,0.00010395399294793606,-0.0023137545213103294,0.003019141498953104,0.48,0.52,0.52,0.48,0.004755664581254315
2026-06-11 11:30:00+00:00,15,1665.13,1665.2323278093927,0.5105215488202066,,-0.001520556347699653,0.0,6.145145744085312e-05,-0.0028928250540047884,0.0036968677304685116,0.48,0.52,0.52,0.48,0.004755664581254315
2026-06-11 17:30:00+00:00,5,1657.08,1658.4546963038094,0.5742695985114312,,0.012062756675423891,1.0,0.00082924566231668,-0.005760976113379002,0.007045940030366182,0.48,0.52,0.52,0.48,0.01021444471046884
2026-06-11 17:30:00+00:00,10,1657.08,1656.5827502611253,0.4805486228783027,,0.011502138310627963,1.0,-0.00030012091156095266,-0.008833738975226879,0.00838457141071558,0.48,0.52,0.52,0.48,0.01021444471046884
2026-06-11 17:30:00+00:00,15,1657.08,1655.4370925206997,0.44488363046104207,,0.013159228411093515,1.0,-0.0009919391013681889,-0.010542463511228561,0.00927515234798193,0.48,0.52,0.52,0.48,0.01021444471046884
2026-06-11 23:15:00+00:00,5,1673.9,1674.361646158625,0.6393990745346103,,-0.0012254354070320161,0.0,0.00027575273998081684,-0.0008301311172544956,0.0013343456666916609,0.48,0.52,0.52,0.48,-0.004107687856683029
2026-06-11 23:15:00+00:00,10,1673.9,1674.4510268053687,0.6074286657648926,,-0.0015484830653536008,0.0,0.0003291332395747304,-0.0014462393010035157,0.0019873911514878273,0.52,0.48,0.52,0.48,-0.004107687856683029
2026-06-11 23:15:00+00:00,15,1673.9,1674.4843438977593,0.5901243823417837,,-0.0015245500299849724,0.0,0.00034903036430478096,-0.001950061647221446,0.0024813804775476456,0.48,0.52,0.52,0.48,-0.004107687856683029
2026-06-12 05:15:00+00:00,5,1668.94,1669.0032197270514,0.5131032763627417,,0.0002935564383328426,1.0,3.7879450246691704e-05,-0.001451851800084114,0.0015785188879817724,0.52,0.48,0.52,0.48,-0.0016523783634161404
2026-06-12 05:15:00+00:00,10,1668.94,1668.8823984222163,0.4921266055070236,,5.991809197247733e-06,1.0,-3.451446536928415e-05,-0.0023095030337572098,0.0022905461955815554,0.52,0.48,0.52,0.48,-0.0016523783634161404
2026-06-12 05:15:00+00:00,15,1668.94,1669.007891812405,0.5073953313251418,,-8.388909866052785e-05,0.0,4.067877307534218e-05,-0.002884313929826021,0.0029363795183598995,0.52,0.48,0.52,0.48,-0.0016523783634161404
2026-06-12 11:00:00+00:00,5,1674.56,1673.8610074171202,0.300378400396347,,0.0016408754617724952,1.0,-0.0004175057983957231,-0.0015525794588029385,0.0006715884665027261,0.52,0.48,0.52,0.48,-0.0024573260924967144
2026-06-12 11:00:00+00:00,10,1674.56,1673.5902300642633,0.3324481761667505,,1.1943364565780712e-05,1.0,-0.0005792870069853961,-0.002516196807846427,0.0012250646250322461,0.52,0.48,0.52,0.48,-0.0024573260924967144
2026-06-12 11:00:00+00:00,15,1674.56,1672.88920926873,0.2932935910618315,,0.0012890598810617604,1.0,-0.0009982471819967031,-0.003729606978595257,0.0014465274289250374,0.52,0.48,0.52,0.48,-0.0024573260924967144
2026-06-12 16:45:00+00:00,5,1670.26,1670.2752687735376,0.5018052599792772,,0.000532709258095565,1.0,9.141513146460056e-06,-0.0026140855625271797,0.002691718516871333,0.52,0.48,0.52,0.48,-0.0003471910483527907
2026-06-12 16:45:00+00:00,10,1670.26,1670.367293676554,0.5097933454663047,,0.00033522094965920957,1.0,6.423564627766609e-05,-0.003376993350684643,0.003654465079307556,0.48,0.52,0.52,0.48,-0.0003471910483527907
2026-06-12 16:45:00+00:00,15,1670.26,1670.9269982275096,0.5498407327611812,,0.001274438118435306,1.0,0.00039925824967212975,-0.003813225543126464,0.004813890904188156,0.52,0.48,0.52,0.48,-0.0003471910483527907
2026-06-12 22:45:00+00:00,5,1662.64,1662.8590088116393,0.5945383719395113,,-0.000180452213736082,0.0,0.00013171485625207424,-0.0006414076779037714,0.0009176897583529353,0.52,0.48,0.52,0.48,-0.0014784811602526204
2026-06-12 22:45:00+00:00,10,1662.64,1663.0069116598365,0.6085240503091833,,-0.000180452213736082,0.0,0.00022065581288188696,-0.0008820421062409878,0.0013472181744873524,0.52,0.48,0.52,0.48,-0.0014784811602526204
2026-06-12 22:45:00+00:00,15,1662.64,1663.1734889331462,0.6255555594397038,,-0.00043314003131644796,0.0,0.0003208171110600233,-0.0010313191451132298,0.0016819429583847523,0.52,0.48,0.52,0.48,-0.0014784811602526204
2026-06-13 04:30:00+00:00,5,1666.01,1665.8731346339175,0.4357064229962686,,0.0009359308094456509,1.0,-8.21549620013684e-05,-0.0007569474400952458,0.000601575244218111,0.48,0.52,0.52,0.48,0.0006664845589270385
2026-06-13 04:30:00+00:00,10,1666.01,1665.9693026442378,0.4862564380124892,,0.0008939526800446629,1.0,-2.4428336473647505e-05,-0.0009829542832449079,0.0009369380422867835,0.48,0.52,0.52,0.48,0.0006664845589270385
2026-06-13 04:30:00+00:00,15,1666.01,1666.0710706087984,0.5168007345663679,,0.0008219860725198203,1.0,3.665613621706143e-05,-0.0011262726038694382,0.0012263564858585596,0.48,0.52,0.52,0.48,0.0006664845589270385
2026-06-13 10:30:00+00:00,5,1673.71,1673.6053673465883,0.43726482486790474,,0.0008480548996701032,1.0,-6.251735612750053e-05,-0.0006223606178537011,0.0004846230149269104,0.48,0.52,0.52,0.48,-0.00021506789656910996
2026-06-13 10:30:00+00:00,10,1673.71,1673.5217220426955,0.4199305320216391,,0.0007764161024548244,1.0,-0.0001124977134168148,-0.0009433156810700893,0.0006687922868877649,0.48,0.52,0.52,0.48,-0.00021506789656910996
2026-06-13 10:30:00+00:00,15,1673.71,1673.4896703655645,0.4262127243650182,,0.0010569720826740792,1.0,-0.00013165012933313847,-0.0011968300677835941,0.0008455477654933929,0.48,0.52,0.52,0.48,-0.00021506789656910996
2026-06-13 16:15:00+00:00,5,1673.7,1674.7980392032187,0.6656493790346177,,-0.0002091393921670459,0.0,0.0006558398599736392,-0.0015025816392153502,0.0027017053216695786,0.52,0.48,0.52,0.48,-0.005089494111490289
2026-06-13 16:15:00+00:00,10,1673.7,1675.2299466025888,0.6788615802311391,,-0.0005916788611575186,0.0,0.0009136928711086512,-0.0018479349091649055,0.003394932020455599,0.52,0.48,0.52,0.48,-0.005089494111490289
2026-06-13 16:15:00+00:00,15,1673.7,1675.327234223068,0.6678505540952269,,-3.5849360989104184e-05,0.0,0.0009717653738334775,-0.0022700021509081125,0.0037171565927565098,0.52,0.48,0.52,0.48,-0.005089494111490289
2026-06-13 22:00:00+00:00,5,1684.82,1683.715354770444,0.33552647492062293,,-0.0007540739646652028,0.0,-0.000655860872939229,-0.0029378151521086693,0.0014197484124451876,0.52,0.48,0.52,0.48,0.005081680626997986
2026-06-13 22:00:00+00:00,10,1684.82,1683.0533661874313,0.314880060073111,,-0.000682798550495356,0.0,-0.0010491095017641783,-0.004160961136221886,0.001798534533008933,0.52,0.48,0.52,0.48,0.005081680626997986
2026-06-13 22:00:00+00:00,15,1684.82,1682.462980783118,0.2955389059627965,,-0.0010451679752341292,0.0,-0.0013999533839523792,-0.005065900273621082,0.0020358047913759947,0.52,0.48,0.52,0.48,0.005081680626997986
2026-06-14 04:00:00+00:00,5,1682.3,1682.5936971301326,0.6086229513326619,,-0.0005232302451316784,0.0,0.00017456547357141972,-0.0006215241155587137,0.0012799636460840702,0.48,0.52,0.52,0.52,0.0002556351209017649
2026-06-14 04:00:00+00:00,10,1682.3,1683.0274301114025,0.6799993039729297,,-0.000951531442594522,0.0,0.00043230867595411837,-0.0007238605758175254,0.002198606263846159,0.48,0.52,0.52,0.52,0.0002556351209017649
2026-06-14 04:00:00+00:00,15,1682.3,1683.262742590803,0.6935487102741658,,-0.000767101494217215,0.0,0.0005721139023080468,-0.0008520912379026413,0.002675257856026292,0.48,0.52,0.52,0.52,0.0002556351209017649
2026-06-14 09:45:00+00:00,5,1677.23,1677.050557314817,0.44300679591240655,,-8.347444494383183e-05,0.0,-0.00010699324775487185,-0.0011207053903490305,0.0008973513031378388,0.48,0.52,0.52,0.52,-6.558217598051641e-05
2026-06-14 09:45:00+00:00,10,1677.23,1676.940965685883,0.43381167751759975,,0.00045898493606522095,1.0,-0.00017234322149306536,-0.0015898199053481221,0.0012775113573297858,0.48,0.52,0.52,0.52,-6.558217598051641e-05
2026-06-14 09:45:00+00:00,15,1677.23,1676.5999849825132,0.38543844183499054,,-0.00023255328705573675,0.0,-0.0003756988444365561,-0.002049186499789357,0.0014512515626847744,0.48,0.52,0.52,0.52,-6.558217598051641e-05
2026-06-14 15:45:00+00:00,5,1662.32,1662.4446231128559,0.5319343775167319,,0.0008117884143601373,1.0,7.496657781302929e-05,-0.001371180173009634,0.0012184567749500275,0.52,0.48,0.52,0.52,0.0033382574461722214
2026-06-14 15:45:00+00:00,10,1662.32,1662.3121934409833,0.49856904787411027,,0.0008538631812262665,1.0,-4.69619408249855e-06,-0.002057646168395877,0.0017545842565596104,0.52,0.48,0.52,0.52,0.0033382574461722214
2026-06-14 15:45:00+00:00,15,1662.32,1662.3090832128096,0.49841531046285004,,0.001028154073165588,1.0,-6.567221134901047e-06,-0.002600157167762518,0.00221035024151206,0.52,0.48,0.52,0.52,0.0033382574461722214
2026-06-14 21:30:00+00:00,5,1701.57,1700.8237903546994,0.46320868648205293,,0.0012744803226301116,1.0,-0.00043863803148269653,-0.0066525316797196865,0.006628558970987797,0.52,0.48,0.52,0.52,0.020099926373304378
2026-06-14 21:30:00+00:00,10,1701.57,1699.9093765440055,0.4440105077593255,,0.011191453603012214,1.0,-0.0009764125570654869,-0.010053718462586403,0.009119485504925251,0.48,0.52,0.52,0.52,0.020099926373304378
2026-06-14 21:30:00+00:00,15,1701.57,1698.424947583178,0.4165979577518897,,0.010424038475179032,1.0,-0.0018500341102480888,-0.012594154104590416,0.010929808020591736,0.48,0.52,0.52,0.52,0.020099926373304378
2026-06-15 03:15:00+00:00,5,1721.79,1721.816690359952,0.5051781208876334,,-0.0003543452347143372,0.0,1.5501398593187332e-05,-0.0016726641915738583,0.0016726371832191944,0.48,0.52,0.52,0.48,-0.0013291275278071168
2026-06-15 03:15:00+00:00,10,1721.79,1721.9106755669939,0.5145641148709652,,-0.0005286594539661849,0.0,7.00848177075386e-05,-0.0026430035941302776,0.0027314582839608192,0.48,0.52,0.52,0.48,-0.0013291275278071168
2026-06-15 03:15:00+00:00,15,1721.79,1722.0135209874306,0.522330470390895,,-0.0010924834744363565,0.0,0.00012981053441762924,-0.0032715261913836002,0.0036658411845564842,0.48,0.52,0.52,0.48,-0.0013291275278071168
2026-06-15 09:15:00+00:00,5,1721.17,1721.122995361659,0.48469313001754377,,0.0009697998152660148,1.0,-2.7310074074193835e-05,-0.0009762675035744905,0.0009448123164474964,0.48,0.52,0.52,0.48,0.0003254130159060509
2026-06-15 09:15:00+00:00,10,1721.17,1720.9979200471635,0.4568597238997014,,0.0007259865749995598,1.0,-9.99834737740457e-05,-0.0013457085005939007,0.0011419611983001232,0.48,0.52,0.52,0.48,0.0003254130159060509
2026-06-15 09:15:00+00:00,15,1721.17,1720.8300039445505,0.4283423950220673,,5.809832562242434e-05,1.0,-0.0001975572668015957,-0.0016698488034307957,0.0012792224297299981,0.48,0.52,0.52,0.48,0.0003254130159060509
2026-06-15 15:00:00+00:00,5,1815.56,1815.5294863573454,0.49548221707763873,,0.00020377310761166,1.0,-1.680688001215458e-05,-0.0018621972994878888,0.0019447433296591043,0.52,0.48,0.52,0.48,0.0016758179044851218
2026-06-15 15:00:00+00:00,10,1815.56,1815.9236690122927,0.536331027620408,,0.00023130682953897974,1.0,0.00020028674043715,-0.0027223441284149885,0.003373345360159874,0.52,0.48,0.52,0.48,0.0016758179044851218
2026-06-15 15:00:00+00:00,15,1815.56,1816.08079647213,0.5381605184765169,,-0.00014321675880868412,0.0,0.00028681056573987007,-0.003569456050172448,0.004538482986390591,0.48,0.52,0.52,0.48,0.0016758179044851218
2026-06-15 21:00:00+00:00,5,1816.44,1816.5855166794595,0.5313344984576825,,0.0006274043826923759,1.0,8.010771125555038e-05,-0.0015081189339980483,0.0013859199825674295,0.48,0.52,0.52,0.48,-0.0012599137332918176
2026-06-15 21:00:00+00:00,10,1816.44,1816.3140792844565,0.48103336636176675,,0.0006219025464542227,1.0,-6.932520773261786e-05,-0.002506902441382408,0.0018290136940777302,0.48,0.52,0.52,0.48,-0.0012599137332918176
2026-06-15 21:00:00+00:00,15,1816.44,1816.2062606927398,0.4719692687742275,,0.0019030129438872834,1.0,-0.00012868817429989576,-0.0031298932153731585,0.002328758127987385,0.52,0.48,0.52,0.48,-0.0012599137332918176
2026-06-16 02:45:00+00:00,5,1774.41,1773.4897851090577,0.30723134495794235,,-0.000840068495248758,0.0,-0.0005187378264963627,-0.00211128662340343,0.0009099675226025283,0.52,0.48,0.52,0.52,-0.011943651197054095
2026-06-16 02:45:00+00:00,10,1774.41,1772.615790182556,0.26094716800480744,,-0.0033079714948360817,0.0,-0.0010116701014339924,-0.0034420406445860863,0.0011670270469039679,0.48,0.52,0.52,0.52,-0.011943651197054095
2026-06-16 02:45:00+00:00,15,1774.41,1771.872616519395,0.2451434742337837,,-0.0028500740276014014,0.0,-0.001431010547094047,-0.004629574250429869,0.0013862273190170527,0.52,0.48,0.52,0.52,-0.011943651197054095
2026-06-16 08:30:00+00:00,5,1782.57,1783.0112319974714,0.5920463927948116,,0.0015303251143015117,1.0,0.0002474951324984431,-0.0011889711022377014,0.0018278169445693493,0.48,0.52,0.52,0.52,0.005022211157278633
2026-06-16 08:30:00+00:00,10,1782.57,1783.7530004436428,0.6545344707020909,,0.0009083875065316604,1.0,0.0006634286837652326,-0.0016328394412994385,0.0032108817249536514,0.48,0.52,0.52,0.52,0.005022211157278633
2026-06-16 08:30:00+00:00,15,1782.57,1784.2633153942834,0.6679230405514095,,0.002062307039462752,1.0,0.0009494783589616418,-0.00209820456802845,0.004303412511944771,0.48,0.52,0.52,0.52,0.005022211157278633
2026-06-16 14:30:00+00:00,5,1774.29,1773.8469710421975,0.4677187119267645,,0.00030430078676779715,1.0,-0.0002497248351573944,-0.004951153416186571,0.0037568071857094765,0.52,0.48,0.52,0.52,-0.017891283546895842
2026-06-16 14:30:00+00:00,10,1774.29,1773.2293992904272,0.4433718545462404,,0.003623049684416735,1.0,-0.0005979393608868122,-0.0070349848829209805,0.004955531097948551,0.52,0.48,0.52,0.52,-0.017891283546895842
2026-06-16 14:30:00+00:00,15,1774.29,1772.5459238173835,0.4244468389224062,,0.005132526283755823,1.0,-0.0009834547527134418,-0.008862178772687912,0.006005805917084217,0.52,0.48,0.52,0.52,-0.017891283546895842
2026-06-16 20:15:00+00:00,5,1795.99,1795.5648224211375,0.4189830725880773,,0.0004675992759475278,1.0,-0.00023676519049331546,-0.0017875137273222208,0.001326988684013486,0.48,0.52,0.52,0.52,0.001844695075686964
2026-06-16 20:15:00+00:00,10,1795.99,1795.4112883160662,0.42236601576078137,,-0.0013818082711285484,0.0,-0.0003222762607038021,-0.0026133868377655745,0.0019637485966086388,0.48,0.52,0.52,0.52,0.001844695075686964
2026-06-16 20:15:00+00:00,15,1795.99,1795.2139793429067,0.4161027562196329,,-0.002704113291327026,0.0,-0.0004321785527281463,-0.003351123770698905,0.0024146190844476223,0.48,0.52,0.52,0.52,0.001844695075686964
2026-06-17 02:15:00+00:00,5,1798.39,1797.8497000192272,0.3964319221489113,,0.00042806910911963314,1.0,-0.00030048051849007607,-0.0019219617825001478,0.001318345544859767,0.48,0.52,0.52,0.52,0.00371576785911909
2026-06-17 02:15:00+00:00,10,1798.39,1797.1541670527708,0.3330712016190134,,0.004062046039305045,1.0,-0.0006874247337691486,-0.0029087672010064125,0.001501872786320746,0.48,0.52,0.52,0.52,0.00371576785911909
2026-06-17 02:15:00+00:00,15,1798.39,1796.6061105716594,0.2983143828014724,,0.002959378747442898,1.0,-0.0009924292098730803,-0.003585663391277194,0.001594595261849463,0.48,0.52,0.52,0.52,0.00371576785911909
2026-06-17 08:00:00+00:00,5,1784.78,1785.8589135173424,0.6661246306780968,,-0.00017370596107291192,0.0,0.0006043252069503069,-0.001419758889824152,0.002370158676058054,0.48,0.52,0.52,0.52,-0.0030042568883521525
2026-06-17 08:00:00+00:00,10,1784.78,1786.8761681278147,0.7254544868048146,,-0.00196856529409839,0.0,0.0011737794848158956,-0.001528316643089056,0.00357899721711874,0.48,0.52,0.52,0.52,-0.0030042568883521525
2026-06-17 08:00:00+00:00,15,1784.78,1787.5790532636554,0.7413892036726734,,-0.0034011538328950763,0.0,0.0015670618740841746,-0.0017400325741618872,0.004440496675670147,0.52,0.48,0.52,0.52,-0.0030042568883521525
2026-06-17 13:45:00+00:00,5,1767.87,1767.0000013937206,0.4011904928823744,,-0.001369816704066551,0.0,-0.0004922379739582539,-0.003175965743139386,0.002322823740541935,0.48,0.52,0.52,0.52,0.007072984233309931
2026-06-17 13:45:00+00:00,10,1767.87,1766.1642170288453,0.36209337591802426,,-0.0014038029509686467,0.0,-0.0009653461165726185,-0.004572673235088587,0.002912212163209915,0.48,0.52,0.52,0.52,0.007072984233309931
2026-06-17 13:45:00+00:00,15,1767.87,1765.5174292261925,0.3476183154882958,,-0.004671872423784862,0.0,-0.0013316236436367035,-0.00556934904307127,0.0035586897283792496,0.48,0.52,0.52,0.52,0.007072984233309931
2026-06-17 19:45:00+00:00,5,1733.12,1731.6847629556048,0.37435236463970745,,0.001424160807607322,1.0,-0.0008284663781523705,-0.00433326605707407,0.002756137400865555,0.52,0.48,0.52,0.52,-0.026600220201799196
2026-06-17 19:45:00+00:00,10,1733.12,1729.951407522303,0.3209372782615968,,0.000761342306267565,1.0,-0.0018299324437975883,-0.007208368740975857,0.0037072645500302315,0.52,0.48,0.52,0.52,-0.026600220201799196
2026-06-17 19:45:00+00:00,15,1733.12,1728.925029091459,0.3212359133904461,,0.0008420567443945259,1.0,-0.0024234075099229813,-0.00953944493085146,0.004880256485193968,0.52,0.48,0.52,0.52,-0.026600220201799196
2026-06-18 01:30:00+00:00,5,1761.15,1761.1128724423502,0.4946897542666119,,-0.0011419514974218004,0.0,-2.1081650629639626e-05,-0.0020175338722765446,0.0024010592605918646,0.48,0.52,0.52,0.52,0.002695051609072685
2026-06-18 01:30:00+00:00,10,1761.15,1761.152893723026,0.5003162239889302,,-0.0019494900842103036,0.0,1.643085852265358e-06,-0.002721810946241021,0.003076990367844701,0.48,0.52,0.52,0.52,0.002695051609072685
2026-06-18 01:30:00+00:00,15,1761.15,1761.2646708478965,0.5105194179377288,,-0.0029171200924889007,0.0,6.510922685265541e-05,-0.003272940870374441,0.003667693119496107,0.48,0.52,0.52,0.52,0.002695051609072685
2026-06-18 07:15:00+00:00,5,1738.0,1738.5712952620079,0.6032894814066526,,0.0009891538940687283,1.0,0.0003286544233560562,-0.0012467510532587767,0.0022650430910289288,0.48,0.52,0.52,0.52,0.004937370157445109
2026-06-18 07:15:00+00:00,10,1738.0,1739.1684137432574,0.6614722753602544,,0.003853325888501402,1.0,0.0006720490055158734,-0.0014164503663778305,0.003076934488490224,0.48,0.52,0.52,0.52,0.004937370157445109
2026-06-18 07:15:00+00:00,15,1738.0,1739.822313652068,0.7050817390380074,,0.003606836215457321,1.0,0.0010479625780135393,-0.0015037828125059605,0.00389189668931067,0.48,0.52,0.52,0.52,0.004937370157445109
2026-06-18 13:15:00+00:00,5,1749.59,1749.7708987816939,0.5409429921010097,,0.0005485495003476615,1.0,0.00010338961146771908,-0.0012147410307079554,0.0015101812314242125,0.52,0.48,0.52,0.52,0.0030109470015586837
2026-06-18 13:15:00+00:00,10,1749.59,1749.8158987587674,0.5372992970773215,,0.0012737727381333386,1.0,0.00012910692021250725,-0.0017376646865159273,0.0019834802951663733,0.52,0.48,0.52,0.52,0.0030109470015586837
2026-06-18 13:15:00+00:00,15,1749.59,1749.9270121643012,0.5465320559263076,,9.144581556075337e-05,1.0,0.00019260495901107788,-0.0020547141321003437,0.002439415082335472,0.52,0.48,0.52,0.52,0.0030109470015586837
2026-06-18 19:00:00+00:00,5,1685.17,1684.8403528077454,0.43999147274420514,,-0.00029674999624251797,0.0,-0.0001956357154995203,-0.0019895078148692846,0.0015470786020159721,0.48,0.52,0.52,0.52,0.0031083704312822036
2026-06-18 19:00:00+00:00,10,1685.17,1684.810401915569,0.4549874725117148,,-5.9342954822128036e-05,0.0,-0.0002134125679731369,-0.0029131979681551456,0.002272592391818762,0.52,0.48,0.52,0.52,0.0031083704312822036
2026-06-18 19:00:00+00:00,15,1685.17,1685.0290928255477,0.48642732078820194,,0.000806714757396243,1.0,-8.36194958537817e-05,-0.003588726045563817,0.003096432890743017,0.52,0.48,0.52,0.52,0.0031083704312822036
2026-06-19 01:00:00+00:00,5,1714.21,1714.4595244218401,0.5744829656883187,,0.0027205828454501813,1.0,0.00014555174857378006,-0.0008431256283074617,0.0011457684449851513,0.48,0.52,0.52,0.48,0.002014616867810126
2026-06-19 01:00:00+00:00,10,1714.21,1714.5984330645251,0.583050442429539,,8.750003651414318e-05,1.0,0.00022657029330730438,-0.0012552381958812475,0.0016913148574531078,0.52,0.48,0.52,0.48,0.002014616867810126
2026-06-19 01:00:00+00:00,15,1714.21,1714.6978131497135,0.5829020598554764,,-2.3334636185090574e-05,0.0,0.00028452975675463676,-0.001561193959787488,0.0021441103890538216,0.52,0.48,0.52,0.48,0.002014616867810126
2026-06-19 06:45:00+00:00,5,1698.18,1698.291449594442,0.5208556325809117,,7.06613906453768e-05,1.0,6.562669295817614e-05,-0.0016618894878774881,0.0015883297892287374,0.48,0.52,0.52,0.48,0.0019038474656918325
2026-06-19 06:45:00+00:00,10,1698.18,1698.6142571535481,0.5613037653166606,,0.0009417415850974109,1.0,0.00025568646378815174,-0.002017540857195854,0.002369335852563381,0.48,0.52,0.52,0.48,0.0019038474656918325
2026-06-19 06:45:00+00:00,15,1698.18,1698.9810370809535,0.595123710640592,,0.0009946882119686862,1.0,0.00047159206587821245,-0.0022318826522678137,0.0029964467976242304,0.52,0.48,0.52,0.48,0.0019038474656918325
2026-06-19 12:30:00+00:00,5,1688.92,1689.129737980359,0.5586065161695486,,-0.0015999339736740836,0.0,0.0001241769641637802,-0.0009984711650758982,0.0012372409692034125,0.48,0.52,0.52,0.48,-0.002631354832175248
2026-06-19 12:30:00+00:00,10,1688.92,1689.351114131901,0.5878435588279132,,0.00019537205116915146,1.0,0.0002552276710048318,-0.001282637007534504,0.0018136126454919577,0.48,0.52,0.52,0.48,-0.002631354832175248
2026-06-19 12:30:00+00:00,15,1688.92,1689.4587367319182,0.5895041898232168,,-0.002222822476012354,0.0,0.0003189321141690016,-0.0015409339684993029,0.0021901517175137997,0.48,0.52,0.52,0.48,-0.002631354832175248
2026-06-19 18:30:00+00:00,5,1701.36,1700.9810272219577,0.4281101072321549,,0.0016150490814803575,1.0,-0.00022277177777141333,-0.002100970596075058,0.001482199179008603,0.52,0.48,0.52,0.48,0.0023597199294638216
2026-06-19 18:30:00+00:00,10,1701.36,1701.2056046374075,0.47973549656067804,,-0.0008996851708982234,0.0,-9.075232082977891e-05,-0.0027054869569838047,0.002358055906370282,0.52,0.48,0.52,0.48,0.0023597199294638216
2026-06-19 18:30:00+00:00,15,1701.36,1701.3007892902278,0.49378273297957853,,-5.8778235612066965e-05,0.0,-3.480259329080582e-05,-0.0033358882647007704,0.002915493678301573,0.52,0.48,0.52,0.48,0.0023597199294638216
2026-06-20 00:15:00+00:00,5,1710.0,1710.0116978031226,0.5029256848563122,,-0.0003275390151635804,0.0,6.8407971411943436e-06,-0.00117625726852566,0.001402722205966711,0.48,0.52,0.52,0.48,0.002465023980855463
2026-06-20 00:15:00+00:00,10,1710.0,1709.9897337815166,0.49826862833505836,,0.0012389982064942018,1.0,-6.003654561936855e-06,-0.0017485138960182667,0.00204257620498538,0.48,0.52,0.52,0.52,0.002465023980855463
2026-06-20 00:15:00+00:00,15,1710.0,1709.9016464230897,0.48665232516328705,,0.0006138466453116109,1.0,-5.7518365792930126e-05,-0.002230674959719181,0.002474017208442092,0.52,0.48,0.52,0.52,0.002465023980855463
2026-06-20 06:15:00+00:00,5,1725.12,1725.0690251776841,0.48875967825074973,,-2.3187061620077998e-05,0.0,-2.9549002647399902e-05,-0.0015485011972486973,0.0014857607893645763,0.48,0.52,0.52,0.48,-0.0012339351056009917
2026-06-20 06:15:00+00:00,10,1725.12,1724.8747585289057,0.4637352978208348,,0.0013786633785217717,1.0,-0.00014216918498277664,-0.0026767882518470287,0.002065880224108696,0.52,0.48,0.52,0.52,-0.0012339351056009917
2026-06-20 06:15:00+00:00,15,1725.12,1724.1574451218246,0.39510586341998,,0.001367085887479469,1.0,-0.0005581197328865528,-0.003929498605430126,0.0022248541936278343,0.52,0.48,0.52,0.52,-0.0012339351056009917
2026-06-20 12:00:00+00:00,5,1727.15,1727.058816034299,0.45612347766860295,,0.0010242848985990705,1.0,-5.279586184769869e-05,-0.0006943666958250105,0.0006336416117846966,0.48,0.52,0.52,0.48,-0.0007466163867384523
2026-06-20 12:00:00+00:00,10,1727.15,1726.957580616315,0.43872721347706034,,0.0009548749984054083,1.0,-0.00011141481809318066,-0.0010877014137804508,0.0009199051419273019,0.52,0.48,0.52,0.52,-0.0007466163867384523
2026-06-20 12:00:00+00:00,15,1727.15,1726.8750267541598,0.4288022134765951,,0.0008681058476769365,1.0,-0.00015921902377158403,-0.0013712389627471566,0.001153547316789627,0.52,0.48,0.52,0.52,-0.0007466163867384523
2026-06-20 17:45:00+00:00,5,1725.8,1726.0127723235757,0.5464873817737488,,6.953055291170074e-05,1.0,0.00012328149750828743,-0.0016642145346850157,0.0015993723645806313,0.48,0.52,0.52,0.48,-0.0035918727035610942
2026-06-20 17:45:00+00:00,10,1725.8,1726.1597707374247,0.5477334407866091,,0.0008803633225440421,1.0,0.00020844434038735926,-0.0027634743601083755,0.00246717082336545,0.48,0.52,0.52,0.52,-0.0035918727035610942
2026-06-20 17:45:00+00:00,15,1725.8,1726.0504402361762,0.5248262838280772,,0.0009150986107062664,1.0,0.00014510491746477783,-0.0037619201466441154,0.0030490714125335217,0.52,0.48,0.52,0.52,-0.0035918727035610942
2026-06-20 23:45:00+00:00,5,1741.59,1741.5792166910019,0.4964167283124681,,-0.00014355729252635285,0.0,-6.191665306687355e-06,-0.0010106185218319297,0.0009234379976987839,0.52,0.48,0.52,0.48,-0.00021242697902490448
2026-06-20 23:45:00+00:00,10,1741.59,1741.4360766477398,0.46119788658755856,,-0.000246931305539988,0.0,-8.838484063744545e-05,-0.0014872722094878554,0.0011465251445770264,0.48,0.52,0.52,0.52,-0.00021242697902490448
2026-06-20 23:45:00+00:00,15,1741.59,1741.3811474580982,0.4580297311743846,,-0.00029287874168115735,0.0,-0.00011992780491709709,-0.0018719254294410348,0.001406936440616846,0.48,0.52,0.52,0.52,-0.00021242697902490448
2026-06-21 05:30:00+00:00,5,1735.63,1735.534702670256,0.46348557547615143,,-0.0001786254488393979,0.0,-5.490798503160477e-05,-0.0008591167279519141,0.0007590944296680391,0.48,0.52,0.52,0.48,-0.0018880202699236293
2026-06-21 05:30:00+00:00,10,1735.63,1735.3221907680502,0.4175874722976668,,-0.0010664638513988578,0.0,-0.00017736299196258187,-0.00138129573315382,0.001012982800602913,0.48,0.52,0.52,0.48,-0.0018880202699236293
2026-06-21 05:30:00+00:00,15,1735.63,1735.0706818260423,0.383962295818317,,-0.001141447340645918,0.0,-0.00032230850774794817,-0.001829879474826157,0.001184532418847084,0.48,0.52,0.52,0.48,-0.0018880202699236293
2026-06-21 11:30:00+00:00,5,1725.82,1725.94403861846,0.5229253391699202,,-0.0004578582168459633,0.0,7.186969742178917e-05,-0.0017227008938789368,0.001676826854236424,0.52,0.48,0.52,0.48,-0.0045843927936140005
2026-06-21 11:30:00+00:00,10,1725.82,1726.0733982302745,0.5341360083151079,,-0.00024339219294855496,0.0,0.0001468169502913952,-0.0023288424126803875,0.0024237046018242836,0.48,0.52,0.52,0.48,-0.0045843927936140005
2026-06-21 11:30:00+00:00,15,1725.82,1726.256506540466,0.5461619537537272,,0.00030126066227076365,1.0,0.0002528950572013855,-0.0028944951482117176,0.003073406871408224,0.52,0.48,0.52,0.48,-0.0045843927936140005
2026-06-21 17:15:00+00:00,5,1730.08,1729.8853387130875,0.41597910251200154,,-0.001463430414200495,0.0,-0.00011252210242673755,-0.00084762426558882,0.000611444003880024,0.48,0.52,0.52,0.48,0.0019208300186210892
2026-06-21 17:15:00+00:00,10,1730.08,1729.8976625217551,0.45073826292133545,,-0.0013129395822817358,0.0,-0.00010539806680753827,-0.001298757502809167,0.0010719391284510493,0.52,0.48,0.52,0.48,0.0019208300186210892
2026-06-21 17:15:00+00:00,15,1730.08,1729.9306299218736,0.47014029786750056,,-0.002025076921714053,0.0,-8.634082041680813e-05,-0.001668804557994008,0.0014725743094459176,0.48,0.52,0.52,0.48,0.0019208300186210892
2026-06-21 23:00:00+00:00,5,1714.31,1714.7653263854163,0.5575915003754082,,-4.083358854867214e-05,0.0,0.0002655680291354656,-0.002468852326273918,0.0028222473338246346,0.52,0.48,0.52,0.48,-0.0004840426401937492
2026-06-21 23:00:00+00:00,10,1714.31,1715.1078798928363,0.5767547673291435,,-0.0006010053892113731,0.0,0.00046531506814062595,-0.0030198469758033752,0.0040097106248140335,0.52,0.48,0.52,0.48,-0.0004840426401937492
2026-06-21 23:00:00+00:00,15,1714.31,1715.4777689317987,0.5877117039088804,,-0.001751508204030472,0.0,0.0006809569895267487,-0.0035900636576116085,0.005100597627460957,0.52,0.48,0.52,0.48,-0.0004840426401937492
2026-06-22 05:00:00+00:00,5,1735.42,1735.1118107931447,0.4198990023091487,,-0.00031697639367589403,0.0,-0.0001776034478098154,-0.0014376628678292036,0.0010443769861012697,0.48,0.52,0.52,0.48,0.003926056705207515
2026-06-22 05:00:00+00:00,10,1735.42,1734.8043880160756,0.398681399749618,,0.0010251626471609043,1.0,-0.0003547966480255127,-0.002361825667321682,0.0015511296223849058,0.48,0.52,0.52,0.48,0.003926056705207515
2026-06-22 05:00:00+00:00,15,1735.42,1734.661390411293,0.401947901747556,,0.000650927306341309,1.0,-0.00043722870759665966,-0.003018538001924753,0.002002354944124818,0.48,0.52,0.52,0.48,0.003926056705207515
2026-06-22 10:45:00+00:00,5,1747.65,1747.7541766555184,0.5368337454131097,,0.0011723163165138217,1.0,5.960778798907995e-05,-0.0007687555626034737,0.001014210982248187,0.48,0.52,0.52,0.48,0.0007040500338044708
2026-06-22 10:45:00+00:00,10,1747.65,1747.9183762380314,0.5676671872082214,,0.0012809004650495837,1.0,0.00015355227515101433,-0.00107925059273839,0.0015201629139482975,0.52,0.48,0.52,0.48,0.0007040500338044708
2026-06-22 10:45:00+00:00,15,1747.65,1748.1547960179626,0.6022204995054027,,-9.727821290450578e-05,0.0,0.000288801034912467,-0.001232893904671073,0.001984436297789216,0.48,0.52,0.52,0.48,0.0007040500338044708
2026-06-22 16:45:00+00:00,5,1735.44,1735.8257749253053,0.5593595403613933,,0.002250496663256385,1.0,0.00022226758301258087,-0.002009918913245201,0.0022652093321084976,0.52,0.48,0.52,0.48,-0.010962829099251614
2026-06-22 16:45:00+00:00,10,1735.44,1735.0610280999747,0.4557959383332406,,0.002773543798278766,1.0,-0.00021839607506990433,-0.003174754325300455,0.0025447793304920197,0.52,0.48,0.52,0.48,-0.010962829099251614
2026-06-22 16:45:00+00:00,15,1735.44,1735.4573740141661,0.5015793746120252,,0.0029688978206072747,1.0,1.0011252015829086e-05,-0.0036178785376250744,0.0033991909585893154,0.52,0.48,0.52,0.48,-0.010962829099251614
2026-06-22 22:30:00+00:00,5,1721.44,1720.3067824609325,0.35415285087156323,,0.0014048125840933068,1.0,-0.0006585130468010902,-0.003405448980629444,0.0015103970654308796,0.52,0.48,0.52,0.48,-0.006900571552852064
2026-06-22 22:30:00+00:00,10,1721.44,1719.7196147473344,0.3488787381905829,,-0.0016395066549286241,0.0,-0.0009998870082199574,-0.0050150007009506226,0.0022635660134255886,0.52,0.48,0.52,0.48,-0.006900571552852064
2026-06-22 22:30:00+00:00,15,1721.44,1719.0182053793253,0.33317327377231476,,-0.0009182576997188718,0.0,-0.0014078328385949135,-0.0068168845027685165,0.0026774508878588676,0.52,0.48,0.52,0.48,-0.006900571552852064
2026-06-23 04:15:00+00:00,5,1730.16,1730.1099890626358,0.4833686776957935,,-0.0023146015333033176,0.0,-2.8905800718348473e-05,-0.0009647266124375165,0.000896792218554765,0.48,0.52,0.52,0.52,0.0011103401557122083
2026-06-23 04:15:00+00:00,10,1730.16,1730.0018586992962,0.4633530205624331,,-0.0015386131226078348,0.0,-9.140688052866608e-05,-0.001488679088652134,0.0012523115146905184,0.48,0.52,0.52,0.52,0.0011103401557122083
2026-06-23 04:15:00+00:00,15,1730.16,1729.8640423853942,0.44517454670201806,,-0.0017528184073505315,0.0,-0.00017107257735915482,-0.0019353729439899325,0.001479958649724722,0.52,0.48,0.52,0.52,0.0011103401557122083
2026-06-23 10:15:00+00:00,5,1655.7,1655.2284947562564,0.38734426316369,,-0.0003443245383376592,0.0,-0.00028481753543019295,-0.0017528784228488803,0.0011114184744656086,0.52,0.48,0.52,0.52,0.0025156941703388114
2026-06-23 10:15:00+00:00,10,1655.7,1654.7210205338047,0.35342336533806595,,-0.0007371200691448365,0.0,-0.0005914531648159027,-0.002960864920169115,0.0015375183429569006,0.52,0.48,0.52,0.52,0.0025156941703388114
2026-06-23 10:15:00+00:00,15,1655.7,1654.1582848964347,0.32448040249630106,,-0.000997054240768236,0.0,-0.0009315898641943932,-0.004052272066473961,0.0017882001120597124,0.48,0.52,0.52,0.52,0.0025156941703388114
2026-06-23 16:00:00+00:00,5,1660.68,1661.5070238409533,0.6221227391576024,,-6.021647823928333e-06,0.0,0.0004978791694156826,-0.0015190774574875832,0.0030020992271602154,0.48,0.52,0.52,0.52,0.00010237294472759118
2026-06-23 16:00:00+00:00,10,1660.68,1662.9703921539897,0.7378416861025395,,0.007421150945954302,1.0,0.001378239132463932,-0.0014068547170609236,0.004782999865710735,0.48,0.52,0.52,0.52,0.00010237294472759118
2026-06-23 16:00:00+00:00,15,1660.68,1663.5354898329958,0.7459728274416264,,0.002820163923225927,1.0,0.0017179936403408647,-0.0016374557744711637,0.005762414075434208,0.48,0.52,0.52,0.52,0.00010237294472759118
2026-06-23 22:00:00+00:00,5,1667.18,1667.241390309457,0.5259041684991225,,0.0008154162072084858,1.0,3.682216629385948e-05,-0.0006973600247874856,0.0008604393806308508,0.48,0.52,0.52,0.52,0.0020114026252917583
2026-06-23 22:00:00+00:00,10,1667.18,1667.3563705613465,0.5549616312132666,,0.002234811854934904,1.0,0.0001057841582223773,-0.0009270574664697051,0.0012394099030643702,0.52,0.48,0.52,0.52,0.0020114026252917583
2026-06-23 22:00:00+00:00,15,1667.18,1667.5583403961875,0.5968239010425386,,0.0023006420788114212,1.0,0.00022690859623253345,-0.0010345285991206765,0.0016311116050928831,0.52,0.48,0.52,0.52,0.0020114026252917583
2026-06-24 03:45:00+00:00,5,1668.77,1668.6583201145413,0.4627700428649234,,-0.00020376363488949778,0.0,-6.692571332678199e-05,-0.0011448641307651997,0.0009381801355630159,0.48,0.52,0.52,0.48,0.00047351465633393985
2026-06-24 03:45:00+00:00,10,1668.77,1668.4442138319791,0.4352469200389645,,-0.0004675193985832493,0.0,-0.00019524438539519906,-0.002023081760853529,0.0014795106835663319,0.48,0.52,0.52,0.48,0.00047351465633393985
2026-06-24 03:45:00+00:00,15,1668.77,1668.235319594247,0.42277793191516344,,-0.0015652505647061332,0.0,-0.0003204552340321243,-0.0026791971176862717,0.0019495505839586258,0.48,0.52,0.52,0.48,0.00047351465633393985
2026-06-24 09:30:00+00:00,5,1667.27,1667.914252907872,0.6681191981369082,,0.00013194352836176648,1.0,0.0003863372257910669,-0.0008175463881343603,0.001578501658514142,0.52,0.48,0.52,0.48,-0.0018815470185025163
2026-06-24 09:30:00+00:00,10,1667.27,1668.0403081923473,0.6474876392815349,,-0.0008880728803379867,0.0,0.00046191096771508455,-0.0011661839671432972,0.002085386775434017,0.52,0.48,0.52,0.48,-0.0018815470185025163
2026-06-24 09:30:00+00:00,15,1667.27,1668.0394745544218,0.6181693492671587,,-0.0004979437426468891,0.0,0.0004614111967384815,-0.001574004185386002,0.0024963277392089367,0.52,0.48,0.52,0.48,-0.0018815470185025163
2026-06-24 15:30:00+00:00,5,1642.06,1642.0163493610953,0.49501114664014656,,-0.003899044823921116,0.0,-2.658320590853691e-05,-0.0028002122417092323,0.002593403682112694,0.52,0.48,0.52,0.48,-0.007353866599578929
2026-06-24 15:30:00+00:00,10,1642.06,1641.4742619619153,0.44948040575826476,,-0.005336798016689848,0.0,-0.00035677291452884674,-0.004174727946519852,0.0034546428360044956,0.52,0.48,0.52,0.48,-0.007353866599578929
2026-06-24 15:30:00+00:00,15,1642.06,1641.1102064345973,0.4339450975221796,,-0.011262532045809515,0.0,-0.0005785832181572914,-0.005295073613524437,0.004162823781371117,0.48,0.52,0.52,0.48,-0.007353866599578929
2026-06-24 21:15:00+00:00,5,1608.44,1608.8787435518964,0.558207946946154,,0.002006143320128828,1.0,0.00027273863088339567,-0.002300589345395565,0.002962430939078331,0.52,0.48,0.52,0.48,-0.0005283227739871776
2026-06-24 21:15:00+00:00,10,1608.44,1608.961531270946,0.5423756484800842,,0.0009321460539846171,1.0,0.00032419408671557903,-0.0040575237944722176,0.005074028857052326,0.52,0.48,0.52,0.48,-0.0005283227739871776
2026-06-24 21:15:00+00:00,15,1608.44,1608.9110003603585,0.5274364386903087,,0.0017951597636525207,1.0,0.0002927876776084304,-0.005776204168796539,0.006507271900773048,0.52,0.48,0.52,0.48,-0.0005283227739871776
2026-06-25 03:15:00+00:00,5,1618.67,1619.1761802259077,0.6244733223578349,,0.00048176103114538904,1.0,0.0003126647789031267,-0.0010177004151046276,0.0016388099174946547,0.52,0.48,0.52,0.48,0.001991268761816656
2026-06-25 03:15:00+00:00,10,1618.67,1619.5565909479903,0.6586194537796571,,0.0005064604698512554,1.0,0.0005475780926644802,-0.0013449006946757436,0.002312600612640381,0.52,0.48,0.52,0.48,0.001991268761816656
2026-06-25 03:15:00+00:00,15,1618.67,1619.5392757936652,0.6346940185622396,,0.0006546442921537832,1.0,0.0005368867423385382,-0.0016877033049240708,0.0026113460771739483,0.52,0.48,0.52,0.48,0.001991268761816656
2026-06-25 09:00:00+00:00,5,1653.68,1653.1904050653834,0.3489825751476231,,0.00047760834001842056,1.0,-0.00029610772617161274,-0.0012198390904814005,0.0007335093105211854,0.48,0.52,0.52,0.48,-0.002542602009364181
2026-06-25 09:00:00+00:00,10,1653.68,1653.1233737581788,0.3750304041341389,,0.0005561802651010694,1.0,-0.00033665518276393414,-0.0016083610244095325,0.0011654319241642952,0.52,0.48,0.52,0.48,-0.002542602009364181
2026-06-25 09:00:00+00:00,15,1653.68,1653.1156269387293,0.3949781719373665,,-0.00024796262544146686,0.0,-0.00034134136512875557,-0.0018946367781609297,0.0015726189594715834,0.48,0.52,0.52,0.48,-0.002542602009364181
2026-06-25 14:45:00+00:00,5,1566.01,1564.771868823322,0.420542313636993,,0.004008532249829777,1.0,-0.000790940597653389,-0.006263868883252144,0.005010660737752914,0.52,0.48,0.52,0.48,-0.013093892074105717
2026-06-25 14:45:00+00:00,10,1566.01,1563.7229009805485,0.40554577157488114,,0.005571896469795057,1.0,-0.0014615301042795181,-0.01028839498758316,0.007875297218561172,0.52,0.48,0.52,0.48,-0.013093892074105717
2026-06-25 14:45:00+00:00,15,1566.01,1563.4827559697335,0.4211342878503721,,0.0007468427094323715,1.0,-0.0016151145100593567,-0.013438114896416664,0.010761432349681854,0.48,0.52,0.52,0.48,-0.013093892074105717
2026-06-25 20:45:00+00:00,5,1563.06,1562.6022198156863,0.42192582994182626,,-0.002992201370717318,0.0,-0.00029291724786162376,-0.0022608591243624687,0.0017682886682450771,0.48,0.52,0.52,0.48,0.004250701225406495
2026-06-25 20:45:00+00:00,10,1563.06,1562.6793846611529,0.45825044464525777,,-0.00301145219288923,0.0,-0.00024353619664907455,-0.0032567158341407776,0.0030090436339378357,0.52,0.48,0.52,0.48,0.004250701225406495
2026-06-25 20:45:00+00:00,15,1563.06,1562.6246248430452,0.4615468817791776,,-0.0017160570766101557,0.0,-0.00027857907116413116,-0.004164847545325756,0.0038511401508003473,0.52,0.48,0.52,0.48,0.004250701225406495
2026-06-26 02:30:00+00:00,5,1538.19,1542.427238213218,0.784129739145311,,-0.00013003140276701686,0.0,0.002750903833657503,-0.0021774275228381157,0.007869824767112732,0.48,0.52,0.52,0.48,-0.012719522144878148
2026-06-26 02:30:00+00:00,10,1538.19,1545.1051074440416,0.7722328878145217,,-0.0012294723600190238,0.0,0.004485538229346275,-0.003563213162124157,0.012879419140517712,0.48,0.52,0.52,0.48,-0.012719522144878148
2026-06-26 02:30:00+00:00,15,1538.19,1546.7984207524414,0.7656246203133386,,-0.003164559602963024,0.0,0.005580859258770943,-0.004736051894724369,0.015980314463377,0.48,0.52,0.52,0.48,-0.012719522144878148
2026-06-26 08:30:00+00:00,5,1572.63,1572.1055375928224,0.4020508963612247,,-0.0034141247851566803,0.0,-0.00033354945480823517,-0.002217959612607956,0.0015200665220618248,0.52,0.48,0.52,0.48,-0.00547894455344089
2026-06-26 08:30:00+00:00,10,1572.63,1571.9308779029675,0.41333081615556155,,-0.003401363823490655,0.0,-0.00044465484097599983,-0.0034478504676371813,0.0024107294157147408,0.48,0.52,0.52,0.48,-0.00547894455344089
2026-06-26 08:30:00+00:00,15,1572.63,1571.732638948606,0.41531681346718907,,-0.003050501176237397,0.0,-0.0005707745440304279,-0.004577133804559708,0.0031734565272927284,0.52,0.48,0.52,0.48,-0.00547894455344089
2026-06-26 14:15:00+00:00,5,1563.58,1563.0278526878944,0.4592378409861164,,0.0029312705589985555,1.0,-0.00035319256130605936,-0.005102818366140127,0.004134237300604582,0.48,0.52,0.52,0.48,0.01795920279781793
2026-06-26 14:15:00+00:00,10,1563.58,1562.8850294050853,0.4638808875906477,,0.004594247415268704,1.0,-0.00044457276817411184,-0.00727534294128418,0.006053995341062546,0.48,0.52,0.52,0.48,0.01795920279781793
2026-06-26 14:15:00+00:00,15,1563.58,1562.6193729712909,0.4614158714181291,,0.0027144338234554866,1.0,-0.0006145654479041696,-0.009319810196757317,0.007760378532111645,0.52,0.48,0.52,0.48,0.01795920279781793
2026-06-26 20:00:00+00:00,5,1580.67,1579.5539505504164,0.32875308871370923,,-0.0023308409810205433,0.0,-0.0007063103839755058,-0.002872257959097624,0.0016578463837504387,0.48,0.52,0.52,0.48,0.006123717850528898
2026-06-26 20:00:00+00:00,10,1580.67,1579.7180015008992,0.38215997909944577,,-0.003447514425696241,0.0,-0.0006024567410349846,-0.003521132515743375,0.0023503871634602547,0.48,0.52,0.52,0.48,0.006123717850528898
2026-06-26 20:00:00+00:00,15,1580.67,1579.5145023481102,0.38055821541055634,,-0.0018870558671650883,0.0,-0.0007312849629670382,-0.0042890869081020355,0.0027863173745572567,0.48,0.52,0.52,0.48,0.006123717850528898
2026-06-27 02:00:00+00:00,5,1575.01,1574.9848576973882,0.4912866856099207,,0.001598711221259208,1.0,-1.5963392797857523e-05,-0.0010338980937376618,0.0009452725644223392,0.52,0.48,0.52,0.48,-0.0011485392289376506
2026-06-27 02:00:00+00:00,10,1575.01,1575.0242253640117,0.5036021278035544,,0.002530113809715573,1.0,9.03187901712954e-06,-0.0013978827046230435,0.0013462670613080263,0.52,0.48,0.52,0.48,-0.0011485392289376506
2026-06-27 02:00:00+00:00,15,1575.01,1574.9973521107859,0.49737115694551837,,0.00586842398364773,1.0,-8.030387107282877e-06,-0.0017048376612365246,0.0016243050340563059,0.52,0.48,0.52,0.48,-0.0011485392289376506
2026-06-27 07:45:00+00:00,5,1584.29,1584.1445920893266,0.447154714037048,,0.0003723372408650505,1.0,-9.178533218801022e-05,-0.0009781736880540848,0.0008589469362050295,0.48,0.52,0.52,0.48,0.0005303465686505859
2026-06-27 07:45:00+00:00,10,1584.29,1583.9001639583068,0.3976521638044167,,0.0012994223815123718,1.0,-0.0002460938412696123,-0.001517683151178062,0.0010497018229216337,0.48,0.52,0.52,0.48,0.0005303465686505859
2026-06-27 07:45:00+00:00,15,1584.29,1583.9184869231656,0.42209512812253114,,0.00010729783047747077,1.0,-0.0002345256507396698,-0.0018023361917585135,0.0013804431073367596,0.48,0.52,0.52,0.48,0.0005303465686505859
2026-06-27 13:45:00+00:00,5,1591.49,1591.3002653508008,0.44515977025896736,,-0.00030793498416148424,0.0,-0.00011922535486519337,-0.0012415405362844467,0.0010742484591901302,0.48,0.52,0.52,0.48,0.005134144443919908
2026-06-27 13:45:00+00:00,10,1591.49,1591.1093289539376,0.4223130153900595,,-0.0005216598958703855,0.0,-0.00023922021500766277,-0.0018813499482348561,0.0014466720167547464,0.48,0.52,0.52,0.48,0.005134144443919908
2026-06-27 13:45:00+00:00,15,1591.49,1590.881538902678,0.4012238959826743,,-0.0007165665456332349,0.0,-0.0003823947627097368,-0.0023979144170880318,0.0017443152610212564,0.48,0.52,0.52,0.48,0.005134144443919908
2026-06-27 19:30:00+00:00,5,1576.58,1578.2106269559529,0.6142155408982664,,0.0014831249747642161,1.0,0.001033746637403965,-0.005172343924641609,0.004787850193679333,0.52,0.48,0.52,0.48,-0.010034605478223213
2026-06-27 19:30:00+00:00,10,1576.58,1579.0587796059463,0.6271591146159959,,0.0010903743853409864,1.0,0.0015710163861513138,-0.007190548814833164,0.006282452959567308,0.52,0.48,0.52,0.48,-0.010034605478223213
2026-06-27 19:30:00+00:00,15,1576.58,1579.6438787479854,0.6298995656752466,,0.0009446373517185691,1.0,0.0019414843991398811,-0.008980505168437958,0.007379665970802307,0.52,0.48,0.52,0.48,-0.010034605478223213
2026-06-28 01:15:00+00:00,5,1572.24,1572.2986398689513,0.5202223829011781,,0.0006803262013130862,1.0,3.729632589966059e-05,-0.0010605695424601436,0.001010488485917449,0.48,0.52,0.52,0.52,-0.0027439041605967773
2026-06-28 01:15:00+00:00,10,1572.24,1572.357325856151,0.5263154037768151,,0.0022363414657080583,1.0,7.462059147655964e-05,-0.001614050124771893,0.001591402804479003,0.48,0.52,0.52,0.52,-0.0027439041605967773
2026-06-28 01:15:00+00:00,15,1572.24,1572.2480721343957,0.501398683679513,,0.0017475689414974127,1.0,5.134148523211479e-06,-0.0022097164765000343,0.0019757933914661407,0.52,0.48,0.52,0.52,-0.0027439041605967773
2026-06-28 07:15:00+00:00,5,1572.27,1572.0230574136554,0.40998811600731533,,-0.0001399348669082201,0.0,-0.00015707351849414408,-0.0013578590005636215,0.0007978302310220897,0.52,0.48,0.52,0.52,0.005286580666308716
2026-06-28 07:15:00+00:00,10,1572.27,1571.8455012356146,0.3998325290883832,,-0.0005344021503264074,0.0,-0.00027002746355719864,-0.002043601591140032,0.0011612448142841458,0.48,0.52,0.52,0.52,0.005286580666308716
2026-06-28 07:15:00+00:00,15,1572.27,1571.6989888066607,0.3968643817291764,,-0.0005407658011531424,0.0,-0.0003632422594819218,-0.0026140769477933645,0.0014659957960247993,0.48,0.52,0.52,0.52,0.005286580666308716
2026-06-28 13:00:00+00:00,5,1582.87,1582.8289207819796,0.48609634740047125,,-0.003969025330846421,0.0,-2.5952700525522232e-05,-0.0010799139272421598,0.0010681801941245794,0.52,0.48,0.52,0.52,0.000543464536517213
2026-06-28 13:00:00+00:00,10,1582.87,1582.9245456917379,0.5118123301501663,,-0.0037660775131076463,0.0,3.445940092206001e-05,-0.001569520216435194,0.0016897141467779875,0.48,0.52,0.52,0.52,0.000543464536517213
2026-06-28 13:00:00+00:00,15,1582.87,1583.1104914042735,0.5420033338687007,,-0.0022642760198969825,0.0,0.0001519222278147936,-0.0017967411549761891,0.0021685112733393908,0.48,0.52,0.52,0.52,0.000543464536517213
2026-06-28 19:00:00+00:00,5,1571.43,1571.4383658012075,0.5027395701037598,,-0.0015539325892657274,0.0,5.323672667145729e-06,-0.0010303494054824114,0.001035322668030858,0.48,0.52,0.52,0.52,-0.0007315498686626398
2026-06-28 19:00:00+00:00,10,1571.43,1571.2153476399492,0.4492750948089276,,-0.0009804796221795087,0.0,-0.00013660616241395473,-0.0015787757001817226,0.0013101663207635283,0.48,0.52,0.52,0.52,-0.0007315498686626398
2026-06-28 19:00:00+00:00,15,1571.43,1570.9610993688257,0.40825685512443366,,-0.0011779651856711482,0.0,-0.00029843556694686413,-0.0020907216239720583,0.0014603971503674984,0.48,0.52,0.52,0.52,-0.0007315498686626398
2026-06-29 00:45:00+00:00,5,1562.41,1563.9339421966338,0.6599217747046123,,8.320133126904494e-05,1.0,0.0009749038144946098,-0.0022586334962397814,0.00427684560418129,0.48,0.52,0.52,0.52,-0.0075113533035784386
2026-06-29 00:45:00+00:00,10,1562.41,1565.3806388831547,0.7095650684083197,,0.0058965219377364875,1.0,0.0018995131831616163,-0.002739447169005871,0.006660216022282839,0.48,0.52,0.52,0.52,-0.0075113533035784386
2026-06-29 00:45:00+00:00,15,1562.41,1566.7151649788213,0.7356377504829383,,0.006074662783995599,1.0,0.0027516749687492847,-0.0030680785421282053,0.008638795465230942,0.48,0.52,0.52,0.52,-0.0075113533035784386
2026-06-29 06:30:00+00:00,5,1583.78,1583.534958573198,0.45231666340199195,,-0.0012509557542106364,0.0,-0.00015473132953047752,-0.0020018985960632563,0.0016517904587090015,0.52,0.48,0.52,0.52,0.00926757770880382
2026-06-29 06:30:00+00:00,10,1583.78,1583.4067878886672,0.45381993473191773,,-0.0019655870696642097,0.0,-0.00023567420430481434,-0.003234217409044504,0.0025605824775993824,0.52,0.48,0.52,0.52,0.00926757770880382
2026-06-29 06:30:00+00:00,15,1583.78,1583.1230650228458,0.43936774050853655,,-0.001130846644422867,0.0,-0.0004148753359913826,-0.0044333599507808685,0.003251262940466404,0.52,0.48,0.52,0.52,0.00926757770880382
2026-06-29 12:30:00+00:00,5,1590.23,1589.2996129782439,0.3375331955066293,,-0.0021529482291873236,0.0,-0.0005852356553077698,-0.0026270567905157804,0.001373304519802332,0.48,0.52,0.52,0.52,0.010544446546444597
2026-06-29 12:30:00+00:00,10,1590.23,1588.635611108076,0.3290506358096843,,-0.011396386987576612,0.0,-0.0010031182318925858,-0.004241639282554388,0.002099462319165468,0.52,0.48,0.52,0.52,0.010544446546444597
2026-06-29 12:30:00+00:00,15,1590.23,1587.690757038423,0.29427928407905746,,-0.007701426208984508,0.0,-0.001598053378984332,-0.005750371143221855,0.0024720518849790096,0.52,0.48,0.52,0.52,0.010544446546444597
2026-06-29 18:15:00+00:00,5,1626.96,1626.8469893848837,0.4864540067161509,,-0.00020285284939536297,0.0,-6.946362555027008e-05,-0.003106514923274517,0.0027730921283364296,0.48,0.52,0.52,0.52,0.0015931945067668707
2026-06-29 18:15:00+00:00,10,1626.96,1626.455979538114,0.4649038172448533,,-0.001236196731134065,0.0,-0.00030984077602624893,-0.005811753682792187,0.004610922187566757,0.48,0.52,0.52,0.52,0.0015931945067668707
2026-06-29 18:15:00+00:00,15,1626.96,1625.6777603604344,0.440246194675899,,-0.004410557975930374,0.0,-0.0007884306833148003,-0.00875056628137827,0.006142446771264076,0.48,0.52,0.52,0.52,0.0015931945067668707
2026-06-30 00:15:00+00:00,5,1612.4,1612.4445114054624,0.5143651865218705,,-0.0017877543620299363,0.0,2.7605303330346942e-05,-0.0009405688615515828,0.0011177146807312965,0.48,0.52,0.52,0.48,0.0002853297128222465
2026-06-30 00:15:00+00:00,10,1612.4,1612.341819198685,0.4875127130243613,,-0.0021357447212375646,0.0,-3.6084005841985345e-05,-0.0014947638846933842,0.0016096708131954074,0.52,0.48,0.52,0.48,0.0002853297128222465
2026-06-30 00:15:00+00:00,15,1612.4,1612.1278543466817,0.45304329746868344,,-0.007595130826987706,0.0,-0.00016879721079021692,-0.0019884761422872543,0.0019807431381195784,0.48,0.52,0.52,0.48,0.0002853297128222465
2026-06-30 06:00:00+00:00,5,1591.16,1590.7885274636742,0.383832398507547,,-0.0005783617436634358,0.0,-0.0002334874588996172,-0.001447232672944665,0.0008447235450148582,0.48,0.52,0.52,0.48,0.0012766133124326728
2026-06-30 06:00:00+00:00,10,1591.16,1590.2154694949286,0.31979676740140983,,-0.0007104260025503351,0.0,-0.0005937875248491764,-0.0025983541272580624,0.0011013359762728214,0.48,0.52,0.52,0.48,0.0012766133124326728
2026-06-30 06:00:00+00:00,15,1591.16,1589.7259883777372,0.2946239101782776,,-0.0004840408071755675,0.0,-0.0009016429539769888,-0.003541373647749424,0.0013172687031328678,0.48,0.52,0.52,0.48,0.0012766133124326728
2026-06-30 11:45:00+00:00,5,1581.35,1581.7752567040832,0.6315299706908702,,0.0007522385772675833,1.0,0.0002688838867470622,-0.0008094224613159895,0.0014723405474796891,0.48,0.52,0.52,0.48,-0.0017375101118899394
2026-06-30 11:45:00+00:00,10,1581.35,1582.0053833517643,0.6404462148362116,,-0.0020890050010020644,0.0,0.0004143596161156893,-0.0011324507649987936,0.002107689157128334,0.48,0.52,0.52,0.48,-0.0017375101118899394
2026-06-30 11:45:00+00:00,15,1581.35,1582.3152846891703,0.6628784000023995,,-0.002481972161611168,0.0,0.0006102318875491619,-0.0013020962942391634,0.0027000599075108767,0.48,0.52,0.52,0.48,-0.0017375101118899394
2026-06-30 17:45:00+00:00,5,1570.04,1570.654941272676,0.6377503034262109,,-0.0006116364012385134,0.0,0.0003915956767741591,-0.0010803393088281155,0.0019081811187788844,0.52,0.48,0.52,0.48,0.0014787621888032731
2026-06-30 17:45:00+00:00,10,1570.04,1571.1508514290508,0.6685414989752089,,0.0006112625308123398,1.0,0.0007072804728522897,-0.0015123609919101,0.0029684030450880527,0.52,0.48,0.52,0.48,0.0014787621888032731
2026-06-30 17:45:00+00:00,15,1570.04,1571.4749865748984,0.6714055936735137,,0.0012094285969972418,1.0,0.0009135634754784405,-0.001894136774353683,0.003797948593273759,0.52,0.48,0.52,0.48,0.0014787621888032731
2026-06-30 23:30:00+00:00,5,1569.85,1569.760313643834,0.4696053934220986,,0.0006749958865031047,1.0,-5.713215796276927e-05,-0.0010627429001033306,0.0009482440073043108,0.52,0.48,0.52,0.48,-0.0004521702657278581
2026-06-30 23:30:00+00:00,10,1569.85,1569.6469848372453,0.4514938256835149,,0.00014650008147398808,1.0,-0.000129329739138484,-0.0016034996369853616,0.0013342390302568674,0.48,0.52,0.52,0.48,-0.0004521702657278581
2026-06-30 23:30:00+00:00,15,1569.85,1569.3745860361933,0.40923033903961015,,0.0004139666019922217,1.0,-0.0003028862411156297,-0.002165447920560837,0.0014983098953962326,0.48,0.52,0.52,0.48,-0.0004521702657278581
2026-07-01 05:30:00+00:00,5,1593.99,1594.1769148530318,0.5509392663081958,,-0.0008347324476964957,0.0,0.00011725537478923798,-0.001101053785532713,0.0014942390844225883,0.52,0.48,0.52,0.48,-3.136733343467313e-05
2026-07-01 05:30:00+00:00,10,1593.99,1594.5545689594546,0.5955509792268461,,-0.00033255423920941496,0.0,0.0003541233018040657,-0.0016623858828097582,0.002653217874467373,0.52,0.48,0.52,0.48,-3.136733343467313e-05
2026-07-01 05:30:00+00:00,15,1593.99,1594.868065971218,0.6125405440834424,,-0.0005208415159394519,0.0,0.0005507087334990501,-0.002079885918647051,0.0034587569534778595,0.52,0.48,0.52,0.48,-3.136733343467313e-05
2026-07-01 11:15:00+00:00,5,1574.56,1574.1125438357394,0.36472939168817775,,-0.0003430117737481808,0.0,-0.00028421892784535885,-0.001492384122684598,0.0007950318977236748,0.48,0.52,0.52,0.48,-0.0006031612178780676
2026-07-01 11:15:00+00:00,10,1574.56,1573.7989244472396,0.3400057334711122,,-0.00017149117973946915,0.0,-0.00048347446136176586,-0.002184420358389616,0.0011052568443119526,0.48,0.52,0.52,0.48,-0.0006031612178780676
2026-07-01 11:15:00+00:00,15,1574.56,1573.8432955474698,0.3780776294368149,,-0.0008386810327039029,0.0,-0.00045528123155236244,-0.002610788680613041,0.0015486144693568349,0.48,0.52,0.52,0.48,-0.0006031612178780676
2026-07-01 17:00:00+00:00,5,1613.26,1612.5178746832787,0.3614031735247074,,-0.0028678749598141096,0.0,-0.0004601217806339264,-0.002283195499330759,0.0012638773769140244,0.52,0.48,0.52,0.48,-0.0032860668897916057
2026-07-01 17:00:00+00:00,10,1613.26,1611.6043556936013,0.30231026410852235,,-0.0014515321172234863,0.0,-0.0010267994366586208,-0.003973819315433502,0.0016231276094913483,0.52,0.48,0.52,0.48,-0.0032860668897916057
2026-07-01 17:00:00+00:00,15,1613.26,1611.0911110874242,0.29841123191027297,,0.0004028297293228178,1.0,-0.0013453182764351368,-0.005202344618737698,0.0020778197795152664,0.52,0.48,0.52,0.48,-0.0032860668897916057
2026-07-01 23:00:00+00:00,5,1617.06,1617.4570095308952,0.5505620235232649,,-0.00012368889784220016,0.0,0.00024548303917981684,-0.002533719642087817,0.002780530834570527,0.52,0.48,0.52,0.48,-0.008657209768622387
2026-07-01 23:00:00+00:00,10,1617.06,1616.8211179903533,0.4755257082454959,,0.0009457142237465632,1.0,-0.00014773703878745437,-0.003650354454293847,0.003055770415812731,0.52,0.48,0.52,0.48,-0.008657209768622387
2026-07-01 23:00:00+00:00,15,1617.06,1616.2676609227385,0.434826140250714,,-0.0002412075231328359,0.0,-0.00049010751536116,-0.004923334810882807,0.003451121272519231,0.52,0.48,0.52,0.48,-0.008657209768622387
2026-07-02 04:45:00+00:00,5,1632.16,1631.7239208922913,0.39663842659487103,,4.90136012833986e-05,1.0,-0.00026721484027802944,-0.0016294915694743395,0.0014233761467039585,0.48,0.52,0.52,0.48,-0.0005451410610897156
2026-07-02 04:45:00+00:00,10,1632.16,1631.4026972507775,0.38044352516680313,,0.0006124974160339747,1.0,-0.00046409573405981064,-0.0025405623018741608,0.0017287605442106724,0.48,0.52,0.52,0.48,-0.0005451410610897156
2026-07-02 04:45:00+00:00,15,1632.16,1630.8874212534179,0.3527858424985042,,-0.0010298409560851596,0.0,-0.0007799940649420023,-0.003581632860004902,0.00208677863702178,0.52,0.48,0.52,0.48,-0.0005451410610897156
2026-07-02 10:45:00+00:00,5,1644.6,1644.6379180414112,0.5066015471876225,,0.0008326825316942177,1.0,2.3055821657180786e-05,-0.0017827372066676617,0.002343539148569107,0.52,0.48,0.52,0.48,0.0026912016437501407
2026-07-02 10:45:00+00:00,10,1644.6,1644.5614020288417,0.49561460065379437,,0.0008509087002197546,1.0,-2.3469794541597366e-05,-0.0027965635526925325,0.003297832328826189,0.52,0.48,0.52,0.48,0.0026912016437501407
2026-07-02 10:45:00+00:00,15,1644.6,1644.471569009617,0.4886215129386877,,0.0008023048459246951,1.0,-7.809558883309364e-05,-0.0036683175712823868,0.003958848770707846,0.52,0.48,0.52,0.48,0.0026912016437501407
2026-07-02 16:30:00+00:00,5,1689.82,1691.5436692072612,0.7251707535914332,,0.0007394502967894567,1.0,0.0010195113718509674,-0.0012727640569210052,0.003397348802536726,0.52,0.48,0.52,0.48,-0.006035648007588712
2026-07-02 16:30:00+00:00,10,1689.82,1691.259646248797,0.6337975104372413,,0.003644626739143675,1.0,0.0008515897206962109,-0.0025323834270238876,0.0043508149683475494,0.52,0.48,0.52,0.48,-0.006035648007588712
2026-07-02 16:30:00+00:00,15,1689.82,1691.8480523143812,0.6434231383784823,,0.003921712622801721,1.0,0.0011994391679763794,-0.003281976096332073,0.005637879949063063,0.52,0.48,0.52,0.48,-0.006035648007588712
2026-07-02 22:15:00+00:00,5,1697.42,1697.9079430693391,0.6337658601491505,,-0.0004537325471840603,0.0,0.00028742029098793864,-0.0008231441024690866,0.0015096066053956747,0.52,0.48,0.52,0.48,-0.004185828402381908
2026-07-02 22:15:00+00:00,10,1697.42,1698.4468494322882,0.696800115317669,,0.000282742129281921,1.0,0.0006047642673365772,-0.000952703645452857,0.0022769507486373186,0.48,0.52,0.52,0.48,-0.004185828402381908
2026-07-02 22:15:00+00:00,15,1697.42,1699.158258864254,0.7575560846696211,,-0.0007072052722234545,0.0,0.0010235353838652372,-0.0008809276623651385,0.003029500599950552,0.52,0.48,0.52,0.48,-0.004185828402381908
2026-07-03 04:15:00+00:00,5,1704.82,1705.0290268252872,0.5409149537855233,,-2.9329039563208426e-05,0.0,0.00012260180665180087,-0.0015415006782859564,0.0016508570406585932,0.48,0.52,0.52,0.52,0.00196695001310232
2026-07-03 04:15:00+00:00,10,1704.82,1705.2503812509206,0.5626327776525236,,-0.00032853438759783415,0.0,0.000252417812589556,-0.0020019300282001495,0.0023297539446502924,0.52,0.48,0.52,0.52,0.00196695001310232
2026-07-03 04:15:00+00:00,15,1704.82,1705.430972942614,0.5730728934820001,,-0.0005808751428491021,0.0,0.00035831553395837545,-0.0023620729334652424,0.0029136952944099903,0.52,0.48,0.52,0.52,0.00196695001310232
2026-07-03 10:00:00+00:00,5,1731.29,1729.6788194319527,0.3004451284291979,,0.00043888270409375707,1.0,-0.0009310576133430004,-0.0028782167937606573,0.001626170240342617,0.48,0.52,0.52,0.52,0.007967938607611025
2026-07-03 10:00:00+00:00,10,1731.29,1728.8462096447465,0.2573319248900311,,0.00012128948059597633,1.0,-0.0014125402085483074,-0.003939144313335419,0.0015511424280703068,0.48,0.52,0.52,0.52,0.007967938607611025
2026-07-03 10:00:00+00:00,15,1731.29,1728.4980182196907,0.2569545472188798,,0.0016505844275602755,1.0,-0.0016139615327119827,-0.004557870794087648,0.0017867381684482098,0.48,0.52,0.52,0.52,0.007967938607611025
2026-07-03 16:00:00+00:00,5,1730.99,1731.2370543520678,0.5537993938980352,,0.00036966228306223314,1.0,0.00014271412510424852,-0.0012902981834486127,0.0016545038670301437,0.52,0.48,0.52,0.52,-0.003742288429318563
2026-07-03 16:00:00+00:00,10,1730.99,1731.3269790138424,0.5483473234010864,,0.0007795965549766137,1.0,0.00019465520745143294,-0.0020376420579850674,0.0023878482170403004,0.52,0.48,0.52,0.52,-0.003742288429318563
2026-07-03 16:00:00+00:00,15,1730.99,1731.2324931485612,0.5268198019775499,,-0.0006183345039838528,0.0,0.00014007947174832225,-0.0028176067862659693,0.0029743958730250597,0.52,0.48,0.52,0.52,-0.003742288429318563
2026-07-03 21:45:00+00:00,5,1761.49,1760.6567447773396,0.3810286650813035,,0.0005221487675033387,1.0,-0.00047315191477537155,-0.0024901404976844788,0.00178953493013978,0.48,0.52,0.52,0.52,-0.0055988620217277685
2026-07-03 21:45:00+00:00,10,1761.49,1761.0606006848002,0.4573963240326112,,0.002222916223412419,1.0,-0.00024380022659897804,-0.00333767500706017,0.0031286096200346947,0.48,0.52,0.52,0.52,-0.0055988620217277685
2026-07-03 21:45:00+00:00,15,1761.49,1761.3196349727825,0.48730107781297327,,0.0007887934990202794,1.0,-9.67211090028286e-05,-0.004124844912439585,0.004347443580627441,0.52,0.48,0.52,0.52,-0.0055988620217277685
2026-07-04 03:30:00+00:00,5,1748.91,1748.8975169262246,0.4945405425620769,,0.0027008909939167935,1.0,-7.137656211853027e-06,-0.0007396482396870852,0.0007042052457109094,0.52,0.48,0.52,0.52,0.0009496133613700053
2026-07-04 03:30:00+00:00,10,1748.91,1748.8535286053875,0.482300513942296,,0.0030258763866886085,1.0,-3.229000139981508e-05,-0.0010673347860574722,0.0009994826978072524,0.48,0.52,0.52,0.52,0.0009496133613700053
2026-07-04 03:30:00+00:00,15,1748.91,1748.8561686023024,0.4854063774310562,,0.0035558890795064357,1.0,-3.078044392168522e-05,-0.0012996073346585035,0.0012268099235370755,0.52,0.48,0.52,0.52,0.0009496133613700053
2026-07-04 09:30:00+00:00,5,1759.18,1759.439902851017,0.5909684009806593,,-0.0005970471929916954,0.0,0.00014772999566048384,-0.0007274941308423877,0.0010377968428656459,0.48,0.52,0.52,0.52,0.0005344826733102437
2026-07-04 09:30:00+00:00,10,1759.18,1759.6203875689146,0.6086086460449185,,-0.0018263806052605247,0.0,0.00025030551478266716,-0.0009839223930612206,0.0014942442066967487,0.52,0.48,0.52,0.52,0.0005344826733102437
2026-07-04 09:30:00+00:00,15,1759.18,1759.6715879212668,0.5998869219890742,,-0.0013139746774690764,0.0,0.0002794024767354131,-0.001198749290779233,0.0017902601975947618,0.52,0.48,0.52,0.52,0.0005344826733102437
2026-07-04 15:15:00+00:00,5,1783.51,1781.7852747899717,0.2630029151798854,,0.002251445908260763,1.0,-0.000967507716268301,-0.0026485491544008255,0.0013035009615123272,0.52,0.48,0.52,0.52,0.006282625387040497
2026-07-04 15:15:00+00:00,10,1783.51,1780.6384941002143,0.22626195320221876,,0.005975907389334623,1.0,-0.0016113282181322575,-0.00409037945792079,0.0014745541848242283,0.48,0.52,0.52,0.52,0.006282625387040497
2026-07-04 15:15:00+00:00,15,1783.51,1779.71053907033,0.2177906905883893,,0.0038780669484763663,1.0,-0.002132600173354149,-0.005221545230597258,0.00174721609801054,0.48,0.52,0.52,0.52,0.006282625387040497
2026-07-04 21:15:00+00:00,5,1790.67,1791.0444667193694,0.5849526933838844,,0.0008819622556002216,1.0,0.0002090991474688053,-0.0010576903587207198,0.0017134384252130985,0.48,0.52,0.52,0.52,-0.0018802084368312322
2026-07-04 21:15:00+00:00,10,1790.67,1791.2827748254274,0.5960078622325695,,0.00047457003450546154,1.0,0.00034214567858725786,-0.001572317909449339,0.0025863037444651127,0.48,0.52,0.52,0.52,-0.0018802084368312322
2026-07-04 21:15:00+00:00,15,1790.67,1791.4627457614015,0.5953901613152501,,0.0009768105959651052,1.0,0.00044261105358600616,-0.00204597064293921,0.0033851023763418198,0.48,0.52,0.52,0.52,-0.0018802084368312322
2026-07-05 03:00:00+00:00,5,1761.21,1761.1452198985478,0.48121083419276156,,0.0003746721662416519,1.0,-3.67822649423033e-05,-0.001229298417456448,0.000959918019361794,0.48,0.52,0.52,0.52,-0.0033330529963597755
2026-07-05 03:00:00+00:00,10,1761.21,1760.8553341881325,0.4293151922165853,,0.0006413986114797154,1.0,-0.00020139649859629571,-0.001897548558190465,0.0012533292174339294,0.48,0.52,0.52,0.52,-0.0033330529963597755
2026-07-05 03:00:00+00:00,15,1761.21,1760.4522773427022,0.37902703011245553,,0.0011746381677975037,1.0,-0.00043032102985307574,-0.002498441142961383,0.0013659176183864474,0.48,0.52,0.52,0.52,-0.0033330529963597755
2026-07-05 08:45:00+00:00,5,1769.01,1769.1929190694163,0.5523662756161661,,-0.0006898891927100692,0.0,0.0001033965963870287,-0.0009009080240502954,0.0011822176165878773,0.48,0.52,0.52,0.52,0.0008369763024873578
2026-07-05 08:45:00+00:00,10,1769.01,1769.2543413587528,0.5512637396825452,,-0.0005767599820609703,0.0,0.00013811368262395263,-0.001269292552024126,0.0016084224916994572,0.48,0.52,0.52,0.52,0.0008369763024873578
2026-07-05 08:45:00+00:00,15,1769.01,1769.2928999740668,0.5488992095839591,,-0.0010293536342409482,0.0,0.00015990715473890305,-0.0015493505634367466,0.0019727095495909452,0.48,0.52,0.52,0.52,0.0008369763024873578
2026-07-05 14:45:00+00:00,5,1767.24,1767.346821149973,0.5298979579791068,,0.00032814153378168953,1.0,6.044335896149278e-05,-0.0010881309863179922,0.0010736101539805532,0.52,0.48,0.52,0.52,0.0001641111545502838
2026-07-05 14:45:00+00:00,10,1767.24,1767.4889102830516,0.5558421743072006,,0.0015096902914004673,1.0,0.0001408369862474501,-0.001280733267776668,0.001417862600646913,0.48,0.52,0.52,0.52,0.0001641111545502838
2026-07-05 14:45:00+00:00,15,1767.24,1767.3076600485665,0.5131560776934084,,0.002401992829851096,1.0,3.828498302027583e-05,-0.0016436756122857332,0.0015157983871176839,0.52,0.48,0.52,0.52,0.0001641111545502838
2026-07-05 20:30:00+00:00,5,1777.23,1777.5664265908904,0.6041135605149045,,0.00021379302666080235,1.0,0.00018928037025034428,-0.0008849240839481354,0.0012112332042306662,0.52,0.48,0.52,0.52,-0.0017933191038572716
2026-07-05 20:30:00+00:00,10,1777.23,1777.9514207036643,0.6469652871607794,,-0.00011254100724844562,0.0,0.00040584185626357794,-0.0011484078131616116,0.001875939778983593,0.52,0.48,0.52,0.52,-0.0017933191038572716
2026-07-05 20:30:00+00:00,15,1777.23,1778.3207728111445,0.6752930349644062,,0.00025879626127611743,1.0,0.0006135605508461595,-0.0013681736309081316,0.0023391961585730314,0.52,0.48,0.52,0.52,-0.0017933191038572716
2026-07-06 02:15:00+00:00,5,1783.26,1783.2118501874477,0.4917070701481788,,0.0016193155908164059,1.0,-2.700136974453926e-05,-0.0016636027721688151,0.001628986792638898,0.48,0.52,0.52,0.52,-0.005006345287853264
2026-07-06 02:15:00+00:00,10,1783.26,1783.0528601528902,0.47435295720265647,,0.0024419763008811657,1.0,-0.00011616470874287188,-0.0025224904529750347,0.0023077335208654404,0.52,0.48,0.52,0.52,-0.005006345287853264
2026-07-06 02:15:00+00:00,15,1783.26,1783.1687653140277,0.49109903431847135,,0.001311343305888002,1.0,-5.116304964758456e-05,-0.00308122462593019,0.0030677078757435083,0.52,0.48,0.52,0.52,-0.005006345287853264
2026-07-06 08:15:00+00:00,5,1772.83,1772.797836081299,0.4917158096282995,,0.00024252063659346845,1.0,-1.8142862245440483e-05,-0.00116797536611557,0.0011273374548181891,0.52,0.48,0.52,0.52,0.0013546848760936925
2026-07-06 08:15:00+00:00,10,1772.83,1772.8910079172995,0.5111480620494169,,-0.0006940467434111142,0.0,3.441213630139828e-05,-0.0016220067627727985,0.0017095275688916445,0.52,0.48,0.52,0.52,0.0013546848760936925
2026-07-06 08:15:00+00:00,15,1772.83,1772.6292194047087,0.46995352982759986,,-0.0010045487712257994,0.0,-0.00011326069943606853,-0.0021408284083008766,0.0019154262263327837,0.52,0.48,0.52,0.52,0.0013546848760936925
2026-07-06 14:00:00+00:00,5,1746.01,1746.3519019865735,0.5287616557769971,,-0.0012722793853283676,0.0,0.00019579986110329628,-0.0034741703420877457,0.0038111445028334856,0.52,0.48,0.52,0.52,0.002758654081865153
2026-07-06 14:00:00+00:00,10,1746.01,1747.019013205797,0.5570984323375765,,0.0006813217905783375,1.0,0.0005777296610176563,-0.004937719088047743,0.006165835075080395,0.52,0.48,0.52,0.52,0.002758654081865153
2026-07-06 14:00:00+00:00,15,1746.01,1747.2936967509852,0.5558602219420674,,0.0011905785442287709,1.0,0.0007349471561610699,-0.006394919008016586,0.00804165005683899,0.52,0.48,0.52,0.52,0.002758654081865153
2026-07-06 20:00:00+00:00,5,1792.84,1793.597026204429,0.6903626304823098,,-0.002071486543242962,0.0,0.0004221606068313122,-0.0007301573641598225,0.0015534376725554466,0.52,0.48,0.52,0.52,-8.923989921871822e-05
2026-07-06 20:00:00+00:00,10,1792.84,1794.0368893403709,0.7086130482657369,,-0.002882264906886256,0.0,0.0006673713214695454,-0.001030570361763239,0.0022332663647830486,0.52,0.48,0.52,0.52,-8.923989921871822e-05
2026-07-06 20:00:00+00:00,15,1792.84,1794.2199962668583,0.7036310321545106,,-0.0018982329806327414,0.0,0.0007694303058087826,-0.0013311458751559258,0.002688921056687832,0.52,0.48,0.52,0.52,-8.923989921871822e-05
2026-07-07 01:45:00+00:00,5,1796.14,1796.1425465044306,0.5003935565754745,,6.680770518041612e-05,1.0,1.4177639968693256e-06,-0.0018842349527403712,0.0020834906026721,0.48,0.52,0.52,0.48,-0.003628981339056203
2026-07-07 01:45:00+00:00,10,1796.14,1796.0471665549287,0.48992839798777565,,-0.0010639572969788347,0.0,-5.168630741536617e-05,-0.0027617670129984617,0.0028716197703033686,0.48,0.52,0.52,0.48,-0.003628981339056203
2026-07-07 01:45:00+00:00,15,1796.14,1796.1383593115966,0.49985829986017805,,-0.0016270313616688625,0.0,-9.13452822715044e-07,-0.0033884996082633734,0.00369079876691103,0.48,0.52,0.52,0.48,-0.003628981339056203
2026-07-07 07:30:00+00:00,5,1778.19,1777.8992102862157,0.43148612275493636,,-0.003396851464303907,0.0,-0.00016354466788470745,-0.0015953218098729849,0.0011981918942183256,0.48,0.52,0.52,0.48,0.004339648592837975
2026-07-07 07:30:00+00:00,10,1778.19,1778.1603363346353,0.49578144829935233,,-0.003859670719073449,0.0,-1.6682082787156105e-05,-0.0022126445546746254,0.002276600804179907,0.52,0.48,0.52,0.48,0.004339648592837975
2026-07-07 07:30:00+00:00,15,1778.19,1779.3624788897823,0.6267427359013513,,-0.0024436673909624673,0.0,0.0006591491983272135,-0.002096637384966016,0.00360634783282876,0.52,0.48,0.52,0.48,0.004339648592837975
2026-07-07 13:30:00+00:00,5,1773.84,1773.195761015138,0.3929523881436453,,-0.0026644403506486114,0.0,-0.00036325486144050956,-0.0020222889725118876,0.001484443200752139,0.48,0.52,0.52,0.48,-0.009091277809099019
2026-07-07 13:30:00+00:00,10,1773.84,1772.6473838426318,0.36029119850827585,,-0.0024327135611477146,0.0,-0.0006725619314238429,-0.003055085428059101,0.001938279252499342,0.52,0.48,0.52,0.48,-0.009091277809099019
2026-07-07 13:30:00+00:00,15,1773.84,1772.4386092914128,0.3686161960335348,,0.002061194532655186,1.0,-0.0007903444347903132,-0.0037991979625076056,0.002500934060662985,0.52,0.48,0.52,0.48,-0.009091277809099019
2026-07-07 19:15:00+00:00,5,1779.08,1777.7809624323452,0.3761316573061738,,-5.620898500424687e-06,0.0,-0.0007304404862225056,-0.0037254467606544495,0.002443760633468628,0.48,0.52,0.52,0.48,-0.01388232831370484
2026-07-07 19:15:00+00:00,10,1779.08,1776.7663152136427,0.3411034820008445,,0.0012975816811353624,1.0,-0.0013013414572924376,-0.005598554853349924,0.0030239701736718416,0.52,0.48,0.52,0.48,-0.01388232831370484
2026-07-07 19:15:00+00:00,15,1779.08,1775.338149595371,0.2935691382320408,,0.0036413152320724507,1.0,-0.0021054651588201523,-0.007483882363885641,0.0031549541745334864,0.52,0.48,0.52,0.48,-0.01388232831370484
2026-07-08 01:15:00+00:00,5,1776.95,1776.7681665648427,0.46822113799506027,,-0.00030956703076956416,0.0,-0.00010233419016003609,-0.002143336459994316,0.0015193194849416614,0.52,0.48,0.52,0.48,0.0011486940500553544
2026-07-08 01:15:00+00:00,10,1776.95,1776.8038820974757,0.4805587298232171,,-0.000805073696463765,0.0,-8.22329893708229e-05,-0.0027256563771516085,0.002196893095970154,0.48,0.52,0.52,0.48,0.0011486940500553544
2026-07-08 01:15:00+00:00,15,1776.95,1776.699923324567,0.4728710816624473,,-0.0026315582224976097,0.0,-0.000140743562951684,-0.0033477526158094406,0.0026829512789845467,0.52,0.48,0.52,0.48,0.0011486940500553544
2026-07-08 07:00:00+00:00,5,1748.95,1748.5852857266464,0.4384934575178119,,-0.0016079703844269488,0.0,-0.00020855502225458622,-0.0022224350832402706,0.0014750640839338303,0.52,0.48,0.52,0.48,-0.002620993994344012
2026-07-08 07:00:00+00:00,10,1748.95,1748.6395468655394,0.4602382181615273,,-0.000652032190020968,0.0,-0.00017752405256032944,-0.002834050450474024,0.0021848832257092,0.52,0.48,0.52,0.48,-0.002620993994344012
2026-07-08 07:00:00+00:00,15,1748.95,1748.7367429091462,0.47743942836121656,,0.0007658806286512387,1.0,-0.00012194178998470306,-0.0033433730714023113,0.002773907734081149,0.48,0.52,0.52,0.48,-0.002620993994344012
2026-07-08 12:45:00+00:00,5,1743.76,1743.540852326918,0.4321076443837665,,-9.74952328478551e-05,0.0,-0.00012568326201289892,-0.0011810826836153865,0.0010294130770489573,0.52,0.48,0.52,0.48,-0.0004185479886222865
2026-07-08 12:45:00+00:00,10,1743.76,1743.7196855037466,0.4926256248262889,,0.0012264806704713749,1.0,-2.3119559045881033e-05,-0.0018105137860402465,0.0019010505639016628,0.52,0.48,0.52,0.48,-0.0004185479886222865
2026-07-08 12:45:00+00:00,15,1743.76,1743.7199853284042,0.4946094298913243,,-0.003136077192762876,0.0,-2.294761361554265e-05,-0.0024511334486305714,0.0024594690185040236,0.52,0.48,0.52,0.48,-0.0004185479886222865
2026-07-08 18:45:00+00:00,5,1734.52,1734.323514414171,0.4703155841629326,,0.0024760041900862007,1.0,-0.00011328593245707452,-0.0020138819236308336,0.0019425952341407537,0.48,0.52,0.52,0.48,-0.0028554999253138647
2026-07-08 18:45:00+00:00,10,1734.52,1734.3249099097065,0.4776223061977969,,0.0014057407225793739,1.0,-0.0001124812988564372,-0.0026923660188913345,0.00256755156442523,0.48,0.52,0.52,0.48,-0.0028554999253138647
2026-07-08 18:45:00+00:00,15,1734.52,1734.0830250741717,0.45790655300920036,,0.00298771460766023,1.0,-0.0002519601839594543,-0.0033726415131241083,0.0029318530578166246,0.52,0.48,0.52,0.48,-0.0028554999253138647
2026-07-09 00:30:00+00:00,5,1742.71,1743.031347016204,0.5970425755884274,,-0.0015562596638565296,0.0,0.00018437800463289022,-0.0007946364348754287,0.0011792518198490143,0.48,0.52,0.52,0.48,0.0017919196133897586
2026-07-09 00:30:00+00:00,10,1742.71,1743.1208265502653,0.5917330925480082,,-0.002142638446848366,0.0,0.00023571227211505175,-0.0011064469581469893,0.0015809850301593542,0.48,0.52,0.52,0.48,0.0017919196133897586
2026-07-09 00:30:00+00:00,15,1742.71,1743.2720852033826,0.6054737669488726,,-0.0011827662028327524,0.0,0.00032248313073068857,-0.001277479575946927,0.0019425693899393082,0.52,0.48,0.52,0.52,0.0017919196133897586
2026-07-09 06:30:00+00:00,5,1752.2,1752.004770658333,0.46361309767294745,,0.0006789157007567326,1.0,-0.00011142576113343239,-0.0017387857660651207,0.0015285327099263668,0.48,0.52,0.52,0.48,0.008137114406926216
2026-07-09 06:30:00+00:00,10,1752.2,1751.7990582812392,0.448006170099878,,0.0007359464517531222,1.0,-0.0002288480754941702,-0.002552105113863945,0.0020945630967617035,0.48,0.52,0.52,0.48,0.008137114406926216
2026-07-09 06:30:00+00:00,15,1752.2,1751.6263168868925,0.4411985112679224,,0.0010324539378885333,1.0,-0.0003274609334766865,-0.003233712399378419,0.0025513707660138607,0.48,0.52,0.52,0.52,0.008137114406926216
2026-07-09 12:15:00+00:00,5,1741.41,1740.4000274728835,0.2856393298223523,,-0.00018377602348973454,0.0,-0.0005801422521471977,-0.0019349728245288134,0.0008016719948500395,0.52,0.48,0.52,0.48,-0.0026724183498725296
2026-07-09 12:15:00+00:00,10,1741.41,1739.97919577665,0.28674405525000846,,0.00012058466349973429,1.0,-0.0008219731971621513,-0.0028428398072719574,0.001179000362753868,0.48,0.52,0.52,0.48,-0.0026724183498725296
2026-07-09 12:15:00+00:00,15,1741.41,1739.587920135098,0.2882056390690203,,-0.0002756767018956552,0.0,-0.0010468722321093082,-0.0035941756796091795,0.001496828394010663,0.52,0.48,0.52,0.52,-0.0026724183498725296
2026-07-09 18:00:00+00:00,5,1749.17,1749.1834793522632,0.5026703990531066,,-0.00044030570506947697,0.0,7.70611222833395e-06,-0.0015628626570105553,0.001553680282086134,0.48,0.52,0.52,0.48,0.005152833560195802
2026-07-09 18:00:00+00:00,10,1749.17,1749.215627400531,0.5065224738283944,,0.0027689066814433616,1.0,2.6084831915795803e-05,-0.002222918439656496,0.0022403583861887455,0.48,0.52,0.52,0.48,0.005152833560195802
2026-07-09 18:00:00+00:00,15,1749.17,1749.259177838008,0.5100879986565583,,0.004341198221025522,1.0,5.0981645472347736e-05,-0.002755251247435808,0.0027766188140958548,0.52,0.48,0.52,0.52,0.005152833560195802
2026-07-10 00:00:00+00:00,5,1744.5,1744.4200174226949,0.4760085282651072,,-0.00024078565033924804,0.0,-4.5849476009607315e-05,-0.0010753428796306252,0.001009250059723854,0.52,0.48,0.52,0.48,-0.0015007363296879461
2026-07-10 00:00:00+00:00,10,1744.5,1744.5264427772745,0.5056276303169844,,-0.0013192992420369976,0.0,1.5157682355493307e-05,-0.0014359204797074199,0.0014903144910931587,0.52,0.48,0.52,0.48,-0.0015007363296879461
2026-07-10 00:00:00+00:00,15,1744.5,1744.5488753871628,0.5085244604989296,,0.00081938333099707,1.0,2.801645314320922e-05,-0.001724198111332953,0.0017837996128946543,0.52,0.48,0.52,0.48,-0.0015007363296879461
2026-07-10 05:45:00+00:00,5,1778.84,1778.7846373065317,0.48409460848706376,,-0.0002642520417603933,0.0,-3.112340345978737e-05,-0.0010973205789923668,0.0011012991890311241,0.48,0.52,0.52,0.48,0.0016484988612610607
2026-07-10 05:45:00+00:00,10,1778.84,1778.763913082435,0.48583293233639324,,-0.00029236807099142226,0.0,-4.2774248868227005e-05,-0.0017167460173368454,0.0016824393533170223,0.48,0.52,0.52,0.48,0.0016484988612610607
2026-07-10 05:45:00+00:00,15,1778.84,1778.949044786524,0.5160237558488857,,-0.0005004512600264022,0.0,6.129918619990349e-05,-0.002056117169559002,0.0022669234313070774,0.48,0.52,0.52,0.48,0.0016484988612610607
2026-07-10 11:45:00+00:00,5,1798.66,1799.265059156015,0.6193195304026031,,0.0012501494862107165,1.0,0.0003363378345966339,-0.0010889722034335136,0.0019670650362968445,0.48,0.52,0.52,0.48,0.00035588376322337467
2026-07-10 11:45:00+00:00,10,1798.66,1799.6399899882692,0.6300646751746188,,0.0010668920006011717,1.0,0.0005446961149573326,-0.0016347221098840237,0.0029949448071420193,0.48,0.52,0.52,0.48,0.00035588376322337467
2026-07-10 11:45:00+00:00,15,1798.66,1799.960021588994,0.6366621132918409,,0.0014333733946667593,1.0,0.0007225112058222294,-0.002056591445580125,0.0038099572993814945,0.48,0.52,0.52,0.48,0.00035588376322337467
2026-07-10 17:30:00+00:00,5,1792.93,1793.0828038459804,0.532654543832479,,-0.0015964279137099524,0.0,8.522214193362743e-05,-0.001332980114966631,0.001459229039028287,0.52,0.48,0.52,0.48,0.0009151224614845077
2026-07-10 17:30:00+00:00,10,1792.93,1793.2449226454373,0.5482866938493332,,-0.0009095399080800703,0.0,0.00017563150322530419,-0.0017796814208850265,0.002152783330529928,0.48,0.52,0.52,0.48,0.0009151224614845077
2026-07-10 17:30:00+00:00,15,1792.93,1793.4866630702638,0.5660781349566401,,-0.002009905038670823,0.0,0.0003104285569861531,-0.0021819109097123146,0.0028516040183603764,0.48,0.52,0.52,0.48,0.0009151224614845077
2026-07-10 23:15:00+00:00,5,1797.39,1798.1593301329253,0.6519238307136404,,-0.0010966347774736818,0.0,0.0004279346903786063,-0.0010797177674248815,0.002019195118919015,0.48,0.52,0.52,0.48,0.0008293235922502973
2026-07-10 23:15:00+00:00,10,1797.39,1797.8538391628,0.5704884040802372,,-0.00018361640914577038,0.0,0.0002580293221399188,-0.0016539141070097685,0.002422432880848646,0.48,0.52,0.52,0.48,0.0008293235922502973
2026-07-10 23:15:00+00:00,15,1797.39,1797.428478033098,0.505296055397922,,-0.0007513712878850498,0.0,2.1407497115433216e-05,-0.0020224438048899174,0.0025869752280414104,0.48,0.52,0.52,0.48,0.0008293235922502973
2026-07-11 05:15:00+00:00,5,1797.72,1797.4927500618212,0.39882344690037586,,8.89976638696055e-05,1.0,-0.00012641807552427053,-0.0008833809988573194,0.0005227383226156235,0.48,0.52,0.52,0.52,-0.00022804065896853132
2026-07-11 05:15:00+00:00,10,1797.72,1797.1982256654703,0.33760532890749473,,0.001267469566965218,1.0,-0.0002902843989431858,-0.0013831431278958917,0.0005918105598539114,0.48,0.52,0.52,0.52,-0.00022804065896853132
2026-07-11 05:15:00+00:00,15,1797.72,1796.9804269275216,0.30842180460244206,,0.00048938916312391,1.0,-0.00041147967567667365,-0.001688395394012332,0.0006401743739843369,0.48,0.52,0.52,0.52,-0.00022804065896853132
2026-07-11 11:00:00+00:00,5,1797.94,1797.7645555427168,0.407000652004889,,0.00015572165897292933,1.0,-9.758558007888496e-05,-0.0006758131203241646,0.0004579525557346642,0.52,0.48,0.52,0.52,0.0010851631452792887
2026-07-11 11:00:00+00:00,10,1797.94,1797.7188987813706,0.41684769641510433,,0.00036145952185950847,1.0,-0.0001229823101311922,-0.0009489020449109375,0.0006551123806275427,0.52,0.48,0.52,0.52,0.0010851631452792887
2026-07-11 11:00:00+00:00,15,1797.94,1797.6748928562783,0.4177191265492518,,0.00015572165897292933,1.0,-0.00014746136730536819,-0.0011310032568871975,0.0007942233351059258,0.52,0.48,0.52,0.52,0.0010851631452792887
2026-07-11 17:00:00+00:00,5,1822.56,1821.9271246947837,0.3897084230869332,,-0.0004664857518319465,0.0,-0.0003473055548965931,-0.001981788082048297,0.0013888143002986908,0.48,0.52,0.52,0.52,0.004823527440354525
2026-07-11 17:00:00+00:00,10,1822.56,1821.7080485077308,0.40191237799749335,,-0.0010210636416827512,0.0,-0.00046755699440836906,-0.0030518434941768646,0.0021614949218928814,0.48,0.52,0.52,0.52,0.004823527440354525
2026-07-11 17:00:00+00:00,15,1822.56,1821.5965888334222,0.4142425672843446,,-0.0009386811396794315,0.0,-0.0005287430249154568,-0.0037666417192667723,0.0027915681712329388,0.48,0.52,0.52,0.52,0.004823527440354525
2026-07-11 22:45:00+00:00,5,1815.56,1815.896463555052,0.5769797863486157,,-0.0013062351151136298,0.0,0.0001853050198405981,-0.0012238305062055588,0.0014216199051588774,0.48,0.52,0.52,0.52,-0.004698236778231113
2026-07-11 22:45:00+00:00,10,1815.56,1816.5593607022408,0.6372705361950135,,-0.0013558726234315088,0.0,0.0005502906860783696,-0.001693056896328926,0.0025013021659106016,0.52,0.48,0.52,0.52,-0.004698236778231113
2026-07-11 22:45:00+00:00,15,1815.56,1816.9833048751889,0.6500001037669477,,-0.0011628517076367473,0.0,0.0007836410077288747,-0.002106976695358753,0.0033621652983129025,0.48,0.52,0.52,0.52,-0.004698236778231113
2026-07-12 04:30:00+00:00,5,1809.95,1810.2422037833426,0.6019126516896703,,-0.0021238593626486946,0.0,0.00016142998356372118,-0.0006514749838970602,0.0009908713400363922,0.52,0.48,0.52,0.52,0.0012328378666079942
2026-07-12 04:30:00+00:00,10,1809.95,1810.3629947731044,0.5982435803075166,,-0.0014541355571635606,0.0,0.00022815418196842074,-0.001017063856124878,0.0015090495580807328,0.48,0.52,0.52,0.52,0.0012328378666079942
2026-07-12 04:30:00+00:00,15,1809.95,1810.5645058229632,0.613913941075322,,-0.0012770934870793837,0.0,0.0003394577361177653,-0.001301031792536378,0.0019747286569327116,0.52,0.48,0.52,0.52,0.0012328378666079942
2026-07-12 10:30:00+00:00,5,1800.75,1800.7201204628257,0.4872379507837469,,0.00035534432683625994,1.0,-1.6592966858297586e-05,-0.0007586932042613626,0.0006778431124985218,0.52,0.48,0.52,0.52,0.0005332533579673893
2026-07-12 10:30:00+00:00,10,1800.75,1800.4531677308978,0.420251382372147,,-0.00065549731260095,0.0,-0.00016485172091051936,-0.0014106022426858544,0.0009749492746777833,0.52,0.48,0.52,0.52,0.0005332533579673893
2026-07-12 10:30:00+00:00,15,1800.75,1800.0590413060124,0.3667548952671208,,-0.0006388268024553057,0.0,-0.00038377969758585095,-0.0020813127048313618,0.0011599573772400618,0.48,0.52,0.52,0.52,0.0005332533579673893
2026-07-12 16:15:00+00:00,5,1818.74,1819.651704442587,0.6609563220666971,,0.001466972777947717,1.0,0.0005011579487472773,-0.0010844385251402855,0.0023784758523106575,0.52,0.48,0.52,0.52,-0.001192422489592282
2026-07-12 16:15:00+00:00,10,1818.74,1820.130308910819,0.6789573463189479,,0.00214204586789446,1.0,0.0007641431875526905,-0.0014091962948441505,0.0032952018082141876,0.52,0.48,0.52,0.52,-0.001192422489592282
2026-07-12 16:15:00+00:00,15,1818.74,1820.0579101434985,0.6442893617248453,,0.0015548129528060173,1.0,0.0007243657018989325,-0.0018677948974072933,0.003638660069555044,0.52,0.48,0.52,0.52,-0.001192422489592282
2026-07-12 22:15:00+00:00,5,1804.56,1804.0752041082633,0.43982782624111627,,-0.002563463742526473,0.0,-0.00026868656277656555,-0.0024937642738223076,0.002416471252217889,0.52,0.48,0.52,0.52,-0.008475749322908399
2026-07-12 22:15:00+00:00,10,1804.56,1803.9940244526852,0.44959100916085604,,-0.00048222823632482203,0.0,-0.0003136855084449053,-0.0032836725004017353,0.003615021239966154,0.48,0.52,0.52,0.52,-0.008475749322908399
2026-07-12 22:15:00+00:00,15,1804.56,1804.2462381665841,0.47767848977022687,,-0.0004877724416596507,0.0,-0.00017388677224516869,-0.003910538740456104,0.004646331071853638,0.52,0.48,0.52,0.52,-0.008475749322908399
2026-07-13 04:00:00+00:00,5,1779.93,1780.7680247288065,0.6040578586816518,,-0.0018557262900236182,0.0,0.00047070812433958054,-0.002133091911673546,0.0030846772715449333,0.52,0.48,0.52,0.52,-0.014656689616658447
2026-07-13 04:00:00+00:00,10,1779.93,1781.3154402591288,0.6070711412280643,,-0.00010113268617040205,0.0,0.00077806506305933,-0.0033678514882922173,0.005142244976013899,0.52,0.48,0.52,0.52,-0.014656689616658447
2026-07-13 04:00:00+00:00,15,1779.93,1782.1189522836007,0.6189885947440549,,3.9326615977941515e-05,1.0,0.0012290412560105324,-0.004277389496564865,0.007182721048593521,0.48,0.52,0.52,0.52,-0.014656689616658447
2026-07-13 09:45:00+00:00,5,1786.55,1786.6363084974312,0.5304077562050813,,-0.00019592750744923393,0.0,4.830898251384497e-05,-0.0008266698569059372,0.0009638462797738612,0.52,0.48,0.52,0.52,-0.001370418751483804
2026-07-13 09:45:00+00:00,10,1786.55,1786.5857176943323,0.5077283248530854,,9.515094024692416e-05,1.0,1.9992352463304996e-05,-0.0014106279704719782,0.0015538844745606184,0.48,0.52,0.52,0.52,-0.001370418751483804
2026-07-13 09:45:00+00:00,15,1786.55,1786.7636386717415,0.5354163911804648,,0.00010634457330827018,1.0,0.00011957454262301326,-0.0017876529600471258,0.0021328863222151995,0.52,0.48,0.52,0.52,-0.001370418751483804
2026-07-13 15:45:00+00:00,5,1776.35,1777.4318397980956,0.6706214185015771,,0.001052166744509364,1.0,0.0006088386289775372,-0.0013006114168092608,0.0023499373346567154,0.52,0.48,0.52,0.52,-0.0004840216666046615
2026-07-13 15:45:00+00:00,10,1776.35,1777.9980894706416,0.6952719036394377,,6.755197282437564e-05,1.0,0.0009273653267882764,-0.0015621969942003489,0.0032682649325579405,0.52,0.48,0.52,0.52,-0.0004840216666046615
2026-07-13 15:45:00+00:00,15,1776.35,1778.5109331750518,0.7114516857593861,,3.3776556820797055e-05,1.0,0.0012157625751569867,-0.0017419728683307767,0.003999555483460426,0.52,0.48,0.52,0.52,-0.0004840216666046615
2026-07-13 21:30:00+00:00,5,1760.28,1759.9036837630008,0.41987055869012446,,-0.0014383052084010473,0.0,-0.00021380488760769367,-0.0016750649083405733,0.001108353491872549,0.52,0.48,0.52,0.52,-0.005031970362057159
2026-07-13 21:30:00+00:00,10,1760.28,1759.6118190602242,0.3962185056952121,,-0.0034827774474255335,0.0,-0.00037965993396937847,-0.002394771436229348,0.0015104042831808329,0.52,0.48,0.52,0.52,-0.005031970362057159
2026-07-13 21:30:00+00:00,15,1760.28,1759.474112778945,0.3968159348363728,,-0.002610945262624398,0.0,-0.00045792246237397194,-0.0029309913516044617,0.00187001284211874,0.52,0.48,0.52,0.52,-0.005031970362057159
2026-07-14 03:30:00+00:00,5,1779.73,1780.6330114895661,0.6640636725025488,,0.0002471979562574944,1.0,0.0005072581116110086,-0.0010429268004372716,0.002050207694992423,0.48,0.52,0.52,0.48,-0.0002696674679398825
2026-07-14 03:30:00+00:00,10,1779.73,1780.6208973298944,0.608117678432237,,0.0012185433458897776,1.0,0.0005004548002034426,-0.0019480560440570116,0.002950333757326007,0.48,0.52,0.52,0.48,-0.0002696674679398825
2026-07-14 03:30:00+00:00,15,1779.73,1780.599292705953,0.5814189863955864,,0.0011399724384109078,1.0,0.0004883215297013521,-0.0026992447674274445,0.0036749939899891615,0.48,0.52,0.52,0.48,-0.0002696674679398825
2026-07-14 09:15:00+00:00,5,1789.07,1789.2839463707576,0.5655079543751454,,-0.0002906960513762158,0.0,0.00011957809329032898,-0.0008234656415879726,0.0011033965274691582,0.48,0.52,0.52,0.48,0.004066230174750274
2026-07-14 09:15:00+00:00,10,1789.07,1789.450039012653,0.5831463966612072,,-0.0007045246427708207,0.0,0.00021240010391920805,-0.0011394377797842026,0.0015822385903447866,0.48,0.52,0.52,0.48,0.004066230174750274
2026-07-14 09:15:00+00:00,15,1789.07,1789.5715339706817,0.5891920035710911,,-0.0005199583032320376,0.0,0.0002802929375320673,-0.0013885634252801538,0.00199185055680573,0.48,0.52,0.52,0.48,0.004066230174750274
2026-07-14 15:00:00+00:00,5,1877.81,1879.0791593748065,0.6214575910262847,,-0.000772474380276833,0.0,0.0006756437942385674,-0.0021545563358813524,0.0040581561625003815,0.52,0.48,0.52,0.48,0.004782935778049335
2026-07-14 15:00:00+00:00,10,1877.81,1880.1898869466527,0.6589864686571654,,-0.00017575207286135708,0.0,0.0012665712274610996,-0.0028952336870133877,0.006178697571158409,0.48,0.52,0.52,0.48,0.004782935778049335
2026-07-14 15:00:00+00:00,15,1877.81,1881.4804881684192,0.6844633187261503,,0.00068141289335788,1.0,0.001952756429091096,-0.003474192228168249,0.008377513848245144,0.48,0.52,0.52,0.48,0.004782935778049335
2026-07-14 21:00:00+00:00,5,1875.8,1875.560342367147,0.39473202504281424,,0.0006608328866279933,1.0,-0.00012777105439454317,-0.0007630590698681772,0.00048201275058090687,0.48,0.52,0.52,0.48,-0.0007780318319712265
2026-07-14 21:00:00+00:00,10,1875.8,1875.5318777360014,0.4213837452445922,,0.0014170571271669985,1.0,-0.00014294777065515518,-0.0011306583182886243,0.0007897812174633145,0.48,0.52,0.52,0.48,-0.0007780318319712265
2026-07-14 21:00:00+00:00,15,1875.8,1875.5255705403326,0.43730600162820954,,0.0012520147082284439,1.0,-0.00014631066005676985,-0.0014291363768279552,0.0010518314084038138,0.48,0.52,0.52,0.48,-0.0007780318319712265
2026-07-15 02:45:00+00:00,5,1866.66,1866.5196969991277,0.4683697383813781,0.5333333333333333,-0.0006752303274186744,0.0,-7.51654151827097e-05,-0.0013688553590327501,0.0011666049249470234,0.48,0.52,0.52,0.52,-0.0010441013244824049
2026-07-15 02:45:00+00:00,10,1866.66,1865.9131411995368,0.3832097304594543,0.47368421052631576,-0.00015001178692131134,0.0,-0.0004001844208687544,-0.002297914121299982,0.0014940567780286074,0.48,0.52,0.52,0.52,-0.0010441013244824049
2026-07-15 02:45:00+00:00,15,1866.66,1865.7307888384044,0.3892739722009607,,-0.00037507166987627016,0.0,-0.0004979174118489027,-0.00297564547508955,0.0019734168890863657,0.48,0.52,0.52,0.52,-0.0010441013244824049
2026-07-15 08:45:00+00:00,5,1878.41,1878.6294570591642,0.5455391971784711,0.546583850931677,-0.0005112011741150724,0.0,0.00011682446347549558,-0.0011263509513810277,0.001549314707517624,0.48,0.52,0.52,0.52,0.004979343121512159
2026-07-15 08:45:00+00:00,10,1878.41,1878.9758723032705,0.5850131084659431,0.5420560747663551,-0.00038337637912633227,0.0,0.00030120532028377056,-0.0015123068587854505,0.0023179277777671814,0.48,0.52,0.52,0.52,0.004979343121512159
2026-07-15 08:45:00+00:00,15,1878.41,1879.128184739168,0.5839704862083401,,0.0007184348010156327,1.0,0.00038226344622671604,-0.00195611035451293,0.002963191131129861,0.48,0.52,0.52,0.52,0.004979343121512159
2026-07-15 14:30:00+00:00,5,1928.29,1928.028526145418,0.4804816321606423,0.5333333333333333,0.0026413389846311475,1.0,-0.0001356080174446106,-0.004129263572394848,0.0035041943192481995,0.48,0.52,0.52,0.52,-0.004382873990639524
2026-07-15 14:30:00+00:00,10,1928.29,1927.5583707754938,0.46608851316262534,0.5333333333333333,0.0006894925245486405,1.0,-0.0003794906660914421,-0.006998286582529545,0.005591442808508873,0.48,0.52,0.52,0.52,-0.004382873990639524
2026-07-15 14:30:00+00:00,15,1928.29,1926.4271586671452,0.4361560333775447,,-0.0013077120538458331,0.0,-0.000966525636613369,-0.009869733825325966,0.006859784945845604,0.52,0.48,0.52,0.52,-0.004382873990639524
2026-07-15 20:15:00+00:00,5,1923.38,1923.3703263456634,0.4976836224454576,0.546583850931677,0.0014027943881798066,1.0,-5.0295202527195215e-06,-0.0011586672626435757,0.0011075125075876713,0.48,0.52,0.52,0.52,-0.0010964258140067074
2026-07-15 20:15:00+00:00,10,1923.38,1923.5922899412699,0.5332922760981135,0.5420560747663551,0.001174325028043377,1.0,0.00011036728392355144,-0.0017405236139893532,0.0018500551814213395,0.48,0.52,0.52,0.52,-0.0010964258140067074
2026-07-15 20:15:00+00:00,15,1923.38,1923.6508015125416,0.5323189913998642,,0.0015948759559485381,1.0,0.00014078468666411936,-0.0023172912187874317,0.002428636187687516,0.48,0.52,0.52,0.52,-0.0010964258140067074
2026-07-16 02:15:00+00:00,5,1920.95,1920.9487623311636,0.49973538548041074,0.546583850931677,0.0004163739097808872,1.0,-6.443005986511707e-07,-0.0013147121062502265,0.0012899573193863034,0.48,0.52,0.52,0.52,0.0033894802226512866
2026-07-16 02:15:00+00:00,10,1920.95,1921.0667526330044,0.5178570356629699,0.5420560747663551,0.001274597958921042,1.0,6.077674333937466e-05,-0.0018036848632618785,0.0019053558353334665,0.52,0.48,0.52,0.52,0.0033894802226512866
2026-07-16 02:15:00+00:00,15,1920.95,1921.2166102055642,0.5328997466328623,,0.0008533800088086352,1.0,0.00013878117897547781,-0.002162121469154954,0.0023912605829536915,0.52,0.48,0.52,0.52,0.0033894802226512866
2026-07-16 08:00:00+00:00,5,1912.43,1914.0451000779078,0.7364094603327317,0.5555555555555556,-0.001198146939861644,0.0,0.0008441712707281113,-0.0008729931432753801,0.002669532084837556,0.48,0.52,0.52,0.52,-0.004689811274521283
2026-07-16 08:00:00+00:00,10,1912.43,1914.8095471936595,0.7459256437791397,0.6363636363636364,-0.006826108329302194,0.0,0.0012434797827154398,-0.0012065931223332882,0.0037887715734541416,0.48,0.52,0.52,0.52,-0.004689811274521283
2026-07-16 08:00:00+00:00,15,1912.43,1915.3537337092635,0.7451425043819657,,-0.016906118753278854,0.0,0.0015276381745934486,-0.0014937622472643852,0.004658936522901058,0.48,0.52,0.52,0.52,-0.004689811274521283
2026-07-16 14:00:00+00:00,5,1884.88,1884.960664671695,0.5099927583192342,0.546583850931677,-0.0004404433159637122,0.0,4.2794737964868546e-05,-0.002208575140684843,0.002244403585791588,0.48,0.52,0.52,0.52,0.0059704211363582615
2026-07-16 14:00:00+00:00,10,1884.88,1885.229049798354,0.5316694847017728,0.5420560747663551,0.002352817576295685,1.0,0.00018516695126891136,-0.003055492416024208,0.003338928334414959,0.48,0.52,0.52,0.52,0.0059704211363582615
2026-07-16 14:00:00+00:00,15,1884.88,1884.6511618254422,0.48344728812978277,,0.0018286821891289051,1.0,-0.0001214146614074707,-0.004226238466799259,0.003843415528535843,0.48,0.52,0.52,0.52,0.0059704211363582615
2026-07-16 19:45:00+00:00,5,1873.6,1873.2671829705603,0.40228145209161925,0.4375,1.601182740351703e-05,1.0,-0.00017765082884579897,-0.0011533750221133232,0.0007577948272228241,0.52,0.48,0.52,0.52,-0.0001761160021951369
2026-07-16 19:45:00+00:00,10,1873.6,1872.9105304001782,0.3628015157746849,0.47368421052631576,0.0010722259849780258,1.0,-0.0003680596128106117,-0.0017874084878712893,0.0010323839960619807,0.52,0.48,0.52,0.52,-0.0001761160021951369
2026-07-16 19:45:00+00:00,15,1873.6,1872.7663185632184,0.36498915444173785,,0.0010988836235927835,1.0,-0.0004450613632798195,-0.002223566174507141,0.0012985009234398603,0.52,0.48,0.52,0.52,-0.0001761160021951369
2026-07-17 01:30:00+00:00,5,1863.08,1863.8306254632525,0.6280604394678766,0.546583850931677,-0.0023590936763850934,0.0,0.00040281377732753754,-0.0012669465504586697,0.0018657263135537505,0.48,0.52,0.52,0.48,0.0024989869273017717
2026-07-17 01:30:00+00:00,10,1863.08,1864.1970638624105,0.6306047212154782,0.6071428571428571,-0.0015416476118819133,0.0,0.0005993994418531656,-0.0018897352274507284,0.0028025424107909203,0.48,0.52,0.52,0.48,0.0024989869273017717
2026-07-17 01:30:00+00:00,15,1863.08,1864.1882048650907,0.6045046186673304,,-0.004885565046045315,0.0,0.0005946472520008683,-0.00255746953189373,0.0033200490288436413,0.52,0.48,0.52,0.48,0.0024989869273017717
2026-07-17 07:30:00+00:00,5,1833.27,1834.0465243132116,0.6643297555776493,0.5555555555555556,-0.0029991418391688285,0.0,0.0004234836669638753,-0.0008846370037645102,0.001717054401524365,0.48,0.52,0.52,0.48,-0.0002672462471897674
2026-07-17 07:30:00+00:00,10,1833.27,1834.2579994085975,0.6442572230723085,0.6071428571428571,-0.002463115965821494,0.0,0.0005387822166085243,-0.001419123844243586,0.00246118544600904,0.48,0.52,0.52,0.48,-0.0002672462471897674
2026-07-17 07:30:00+00:00,15,1833.27,1834.2915265337335,0.6188158517303983,,-0.0022772149193190927,0.0,0.0005570603534579277,-0.0019368985667824745,0.003073381260037422,0.48,0.52,0.52,0.48,-0.0002672462471897674
2026-07-17 13:15:00+00:00,5,1815.97,1817.0405916332795,0.6012580782240171,0.546583850931677,0.001276738766706309,1.0,0.0005893688648939133,-0.003199206665158272,0.0031190726440399885,0.48,0.52,0.52,0.48,-0.010871487957595072
2026-07-17 13:15:00+00:00,10,1815.97,1817.1287211216877,0.5691014531940557,0.5420560747663551,0.00044043890448097756,1.0,0.0006378693506121635,-0.005260133650153875,0.004627226386219263,0.52,0.48,0.52,0.48,-0.010871487957595072
2026-07-17 13:15:00+00:00,15,1815.97,1816.9799161434219,0.5467262445209768,,0.0007046091637477048,1.0,0.000555975828319788,-0.007045360282063484,0.00564667908474803,0.52,0.48,0.52,0.48,-0.010871487957595072
2026-07-17 19:15:00+00:00,5,1839.82,1838.8262697624587,0.3025083713060941,0.3333333333333333,-0.0007829917207162751,0.0,-0.0005402695387601852,-0.0019490629201754928,0.0008808691054582596,0.52,0.48,0.52,0.48,-0.000961588161267457
2026-07-17 19:15:00+00:00,10,1839.82,1838.6262349443496,0.35031606949621263,0.47368421052631576,-0.0013379820226315786,0.0,-0.0006490594241768122,-0.002992659341543913,0.0016654240898787975,0.52,0.48,0.52,0.48,-0.000961588161267457
2026-07-17 19:15:00+00:00,15,1839.82,1838.4957267280292,0.3765354641721055,,0.0014121841227572318,1.0,-0.0007200433174148202,-0.0038319830782711506,0.002343605039641261,0.52,0.48,0.52,0.48,-0.000961588161267457
2026-07-18 01:00:00+00:00,5,1840.6,1840.4290232563371,0.42634523880948316,0.45454545454545453,-0.00013583449945464565,0.0,-9.289616718888283e-05,-0.0007379622547887266,0.0005738704930990934,0.52,0.48,0.52,0.48,-0.0005322933822569098
2026-07-18 01:00:00+00:00,10,1840.6,1840.4081482192087,0.44494963087541806,0.5333333333333333,8.692439756075032e-05,1.0,-0.00010423871572129428,-0.0010840761242434382,0.0009368444443680346,0.52,0.48,0.52,0.48,-0.0005322933822569098
2026-07-18 01:00:00+00:00,15,1840.6,1840.3922092467485,0.454167368182141,,-0.0001195333852725966,0.0,-0.00011289931717328727,-0.0013853423297405243,0.001237555523402989,0.52,0.48,0.52,0.48,-0.0005322933822569098
2026-07-18 06:45:00+00:00,5,1844.81,1844.929218250374,0.5514460124311331,0.546583850931677,0.0001897034398918862,1.0,6.462150486186147e-05,-0.0005984578747302294,0.0007354385452345014,0.48,0.52,0.52,0.48,-0.0018575437571968223
2026-07-18 06:45:00+00:00,10,1844.81,1844.9922422881143,0.5571954671786343,0.5420560747663551,0.0001951230094157097,1.0,9.878160199150443e-05,-0.0008127295877784491,0.0010168995941057801,0.48,0.52,0.52,0.48,-0.0018575437571968223
2026-07-18 06:45:00+00:00,15,1844.81,1845.0937689689251,0.5748954403014856,,0.00025473633572126175,1.0,0.00015380833065137267,-0.0009156750747933984,0.0012392663629725575,0.52,0.48,0.52,0.48,-0.0018575437571968223
2026-07-18 12:45:00+00:00,5,1845.1,1845.3737237733696,0.6239282935238292,0.546583850931677,0.0007909721242578271,1.0,0.00014834072499070317,-0.0005270694382488728,0.0008350573480129242,0.48,0.52,0.52,0.48,5.419907320902695e-05
2026-07-18 12:45:00+00:00,10,1845.1,1845.40132979404,0.6005098505246838,0.5420560747663551,0.0008722009540393927,1.0,0.0001633001957088709,-0.0007520152721554041,0.001113077625632286,0.48,0.52,0.52,0.48,5.419907320902695e-05
2026-07-18 12:45:00+00:00,15,1845.1,1845.3771304128325,0.5834422534080521,,-0.00045536353975439425,0.0,0.00015018676640465856,-0.0008585170144215226,0.0012056990526616573,0.48,0.52,0.52,0.48,5.419907320902695e-05
2026-07-18 18:30:00+00:00,5,1857.74,1856.2519050388323,0.24029051342139396,0.3333333333333333,-0.0010394367512320812,0.0,-0.0008013453334569931,-0.002150748623535037,0.0007694894447922707,0.52,0.48,0.52,0.48,0.007147035622004694
2026-07-18 18:30:00+00:00,10,1857.74,1855.1834606718246,0.1982857309223225,0.3076923076923077,-0.0012064936668343407,0.0,-0.0013771033845841885,-0.003278530901297927,0.0008331700228154659,0.48,0.52,0.52,0.48,0.007147035622004694
2026-07-18 18:30:00+00:00,15,1857.74,1854.4002670200164,0.18973815479528133,,-0.0007808230271004746,0.0,-0.0017993575893342495,-0.004093724302947521,0.0009457077831029892,0.48,0.52,0.52,0.48,0.007147035622004694
2026-07-19 00:30:00+00:00,5,1859.7,1860.3165818474272,0.7046282156386804,0.5555555555555556,-0.00018284190141937273,0.0,0.00033149414230138063,-0.000538218766450882,0.0011721848277375102,0.52,0.48,0.52,0.52,-0.0017460684328129972
2026-07-19 00:30:00+00:00,10,1859.7,1860.9356302903418,0.7841077108874778,0.6363636363636364,0.00027420018398061075,1.0,0.0006642038933932781,-0.000466369092464447,0.0017772611463442445,0.52,0.48,0.52,0.52,-0.0017460684328129972
2026-07-19 00:30:00+00:00,15,1859.7,1861.3134984349063,0.8031678548425886,,8.603168121990024e-05,1.0,0.0008672360563650727,-0.0004893620498478413,0.002181828022003174,0.52,0.48,0.52,0.52,-0.0017460684328129972
2026-07-19 06:15:00+00:00,5,1869.56,1869.3565406718521,0.39341260419192214,0.4375,0.00017114862160205746,1.0,-0.00010883330833166838,-0.0006490909727290273,0.0004364387132227421,0.48,0.52,0.52,0.52,-0.0003369209203603063
2026-07-19 06:15:00+00:00,10,1869.56,1869.2957170370044,0.40145612474762893,0.47368421052631576,6.953266032105887e-05,1.0,-0.00014137104153633118,-0.0009330253233201802,0.0006537175504490733,0.48,0.52,0.52,0.52,-0.0003369209203603063
2026-07-19 06:15:00+00:00,15,1869.56,1869.1986527545632,0.39126152446598206,,-0.00024072731863089558,0.0,-0.00019329797942191362,-0.0011689576786011457,0.000788416713476181,0.48,0.52,0.52,0.52,-0.0003369209203603063
2026-07-19 12:00:00+00:00,5,1870.77,1870.5012693857811,0.4186245858097374,0.4375,-0.0011552718580283283,0.0,-0.00014365738024935126,-0.001072531333193183,0.0008123650914058089,0.52,0.48,0.52,0.52,-0.00027792178818497604
2026-07-19 12:00:00+00:00,10,1870.77,1870.2289444393389,0.3886564890933447,0.47368421052631576,-0.0023172376920364,0.0,-0.00028925726655870676,-0.001677710097283125,0.0010911915451288223,0.52,0.48,0.52,0.52,-0.00027792178818497604
2026-07-19 12:00:00+00:00,15,1870.77,1870.0000467782686,0.373643979909034,,-0.002086879108419204,0.0,-0.0004116549389436841,-0.0021933401003479958,0.0012829056940972805,0.52,0.48,0.52,0.52,-0.00027792178818497604
2026-07-19 18:00:00+00:00,5,1867.57,1867.7345330466655,0.5424434913974783,0.546583850931677,-0.0029815711790197597,0.0,8.809618884697556e-05,-0.0010174504714086652,0.0011760059278458357,0.52,0.48,0.52,0.52,0.00035881932760872814
2026-07-19 18:00:00+00:00,10,1867.57,1868.019194863868,0.5825437045194101,0.5420560747663551,-0.0022514442870429363,0.0,0.00024049478815868497,-0.001329307327978313,0.0017958057578653097,0.52,0.48,0.52,0.52,0.00035881932760872814
2026-07-19 18:00:00+00:00,15,1867.57,1868.4828111853162,0.6313158891566143,,-0.003293111047899977,0.0,0.0004886500537395477,-0.0014823703095316887,0.0024083624593913555,0.52,0.48,0.52,0.52,0.00035881932760872814
2026-07-19 23:45:00+00:00,5,1871.96,1871.6348068278257,0.44565245020938116,0.48684650317274003,-0.0005877921095169825,0.0,-0.00017373310402035713,-0.0018741826061159372,0.001554649556055665,0.48,0.52,0.52,0.52,-0.0004646455559065288
2026-07-19 23:45:00+00:00,10,1871.96,1871.6123737557757,0.453688137207088,0.5333333333333333,-0.00010684559752860423,0.0,-0.0001857189927250147,-0.0023387314286082983,0.0019717265386134386,0.52,0.48,0.52,0.52,-0.0004646455559065288
2026-07-19 23:45:00+00:00,15,1871.96,1871.5966619628693,0.45858215174344075,,-0.0006038276442623669,0.0,-0.00019411381799727678,-0.0027127275243401527,0.0022973469458520412,0.48,0.52,0.52,0.52,-0.0004646455559065288
2026-07-20 05:45:00+00:00,5,1857.89,1857.5204570134576,0.44485970873629765,0.45454545454545453,-0.0005814736212510496,0.0,-0.0001989244483411312,-0.0021790266036987305,0.0016462677158415318,0.52,0.48,0.52,0.48,-0.009049884010456921
2026-07-20 05:45:00+00:00,10,1857.89,1856.9321844259305,0.40362851396710275,0.47368421052631576,-0.0015513483140425777,0.0,-0.0005156723782420158,-0.003629616927355528,0.0023890368174761534,0.48,0.52,0.52,0.48,-0.009049884010456921
2026-07-20 05:45:00+00:00,15,1857.89,1856.4519688729151,0.390253394143232,,-0.0009746983111327268,0.0,-0.0007743127644062042,-0.004854146391153336,0.0029968779999762774,0.52,0.48,0.52,0.48,-0.009049884010456921
2026-07-20 11:30:00+00:00,5,1878.78,1878.0485333638555,0.38126785972394506,0.4375,0.005345548251330712,1.0,-0.0003894064575433731,-0.0019208770245313644,0.0016831792891025543,0.48,0.52,0.52,0.48,0.005540180375614767
2026-07-20 11:30:00+00:00,10,1878.78,1877.9124100064528,0.39193609877936764,0.47368421052631576,0.006705239699795307,1.0,-0.0004618903622031212,-0.002503328723832965,0.0021745231933891773,0.48,0.52,0.52,0.48,0.005540180375614767
2026-07-20 11:30:00+00:00,15,1878.78,1878.1648553014588,0.437420923881366,,0.004625274092331821,1.0,-0.00032747071236371994,-0.0028402209281921387,0.0028487853705883026,0.48,0.52,0.52,0.48,0.005540180375614767
2026-07-20 17:15:00+00:00,5,1896.74,1896.6191335607198,0.48332490535276273,0.5333333333333333,0.001217138084654401,1.0,-6.372528150677681e-05,-0.0021755192428827286,0.0020109559409320354,0.52,0.48,0.52,0.48,-0.0022802625071758342
2026-07-20 17:15:00+00:00,10,1896.74,1895.8587028620198,0.406969499526008,0.47368421052631576,0.0009538138783717898,1.0,-0.00046474579721689224,-0.0034425805788487196,0.002302267123013735,0.52,0.48,0.52,0.48,-0.0022802625071758342
2026-07-20 17:15:00+00:00,15,1896.74,1895.1507002141573,0.37092935643591685,,0.0008748030933585227,1.0,-0.0008382624946534634,-0.004526917822659016,0.002542139496654272,0.52,0.48,0.52,0.48,-0.0022802625071758342
2026-07-20 23:15:00+00:00,5,1899.99,1900.5052956679483,0.6513264253765969,0.546583850931677,0.0011835161274484918,1.0,0.0002711729030124843,-0.0006368400063365698,0.0012603376526385546,0.52,0.48,0.52,0.48,0.00023687140362316228
2026-07-20 23:15:00+00:00,10,1899.99,1900.9082876289278,0.6686276491438873,0.625,0.0012150573913087825,1.0,0.0004831950645893812,-0.0009764080168679357,0.0020939367823302746,0.48,0.52,0.52,0.48,0.00023687140362316228
2026-07-20 23:15:00+00:00,15,1899.99,1901.2866782903309,0.6731731262458502,,0.0019087136178859154,1.0,0.0006822330760769546,-0.0013189016608521342,0.0028364653699100018,0.48,0.52,0.52,0.48,0.00023687140362316228
2026-07-21 05:00:00+00:00,5,1923.93,1923.9786470739393,0.5121417638528785,0.546583850931677,-0.0004887026601583244,0.0,2.5284942239522934e-05,-0.0010372013784945011,0.0011083604767918587,0.52,0.48,0.52,0.52,-0.0011584146081649038
2026-07-21 05:00:00+00:00,10,1923.93,1923.9968003387123,0.5122072353422229,0.5420560747663551,-0.00011435581303853581,0.0,3.472017124295235e-05,-0.001505088759586215,0.0015931734815239906,0.52,0.48,0.52,0.48,-0.0011584146081649038
2026-07-21 05:00:00+00:00,15,1923.93,1923.7307765520904,0.4718050324791613,,-0.0004731020766959304,0.0,-0.00010355561971664429,-0.002065635984763503,0.001884670928120613,0.48,0.52,0.52,0.52,-0.0011584146081649038
2026-07-21 11:00:00+00:00,5,1933.7,1934.0782008949898,0.5814468427585137,0.546583850931677,-0.0005276253361863326,0.0,0.00019556493498384953,-0.0010592448525130749,0.0016686699818819761,0.48,0.52,0.52,0.52,-0.004437571781541472
2026-07-21 11:00:00+00:00,10,1933.7,1934.4744044952376,0.6092265954259581,0.5420560747663551,-0.0021380859082213988,0.0,0.000400397926568985,-0.001514829695224762,0.002652587369084358,0.52,0.48,0.52,0.48,-0.004437571781541472
2026-07-21 11:00:00+00:00,15,1933.7,1934.901834182621,0.6252245300380026,,-0.0023298568617287074,0.0,0.0006213274318724871,-0.0019407118670642376,0.003475163597613573,0.52,0.48,0.52,0.52,-0.004437571781541472
2026-07-21 16:45:00+00:00,5,1922.67,1922.2755337852313,0.4404333308549684,0.45454545454545453,0.0016110427448490228,1.0,-0.00020518689416348934,-0.0021903757005929947,0.0015055632684379816,0.52,0.48,0.52,0.52,-0.0021353707993263527
2026-07-21 16:45:00+00:00,10,1922.67,1922.1575078970934,0.44339489440423263,0.5333333333333333,0.0029239407271965945,1.0,-0.00026658782735466957,-0.003044916782528162,0.002197141293436289,0.52,0.48,0.52,0.48,-0.0021353707993263527
2026-07-21 16:45:00+00:00,15,1922.67,1922.4516298962217,0.4811005157275199,,0.002462287741984426,1.0,-0.00011358293704688549,-0.0036140712909400463,0.0029996843077242374,0.52,0.48,0.52,0.52,-0.0021353707993263527
2026-07-21 22:30:00+00:00,5,1920.74,1921.0795031450743,0.6042220499672053,0.546583850931677,0.001066727822805369,1.0,0.00017674081027507782,-0.0008373806485906243,0.0009939961601048708,0.52,0.48,0.52,0.52,-0.0023297184714872188
2026-07-21 22:30:00+00:00,10,1920.74,1921.2343218383453,0.6104912502465711,0.5420560747663551,0.000869078805205703,1.0,0.0002573269885033369,-0.0010892412392422557,0.0013693193905055523,0.48,0.52,0.52,0.48,-0.0023297184714872188
2026-07-21 22:30:00+00:00,15,1920.74,1921.2670039253098,0.598751724403813,,-0.00023431215171854092,0.0,0.0002743378281593323,-0.0013383585028350353,0.0016099296044558287,0.52,0.48,0.52,0.52,-0.0023297184714872188
2026-07-22 04:30:00+00:00,5,1934.17,1934.11515909736,0.4883732253845199,0.546583850931677,0.0006047277488132607,1.0,-2.8354115784168243e-05,-0.0014012998435646296,0.0012304820120334625,0.52,0.48,0.52,0.52,0.0008844912037000441
2026-07-22 04:30:00+00:00,10,1934.17,1933.890150922445,0.4585773182889321,0.5333333333333333,0.0010180063974889464,1.0,-0.00014469737652689219,-0.0021828804165124893,0.0017026846762746572,0.52,0.48,0.52,0.52,0.0008844912037000441
2026-07-22 04:30:00+00:00,15,1934.17,1933.628224510651,0.439567365741643,,0.002050456389569355,1.0,-0.00028014671988785267,-0.002913904841989279,0.0020706956274807453,0.52,0.48,0.52,0.52,0.0008844912037000441
2026-07-22 10:15:00+00:00,5,1925.01,1925.0100231664055,0.5000057906446009,0.546583850931677,0.0006024127852137795,1.0,1.2034433893859386e-08,-0.001081853173673153,0.0011096552480012178,0.48,0.52,0.52,0.52,0.0005352053523584033
2026-07-22 10:15:00+00:00,10,1925.01,1924.8429948562334,0.46998540059998506,0.5333333333333333,0.0006076044214875509,1.0,-8.675923163536936e-05,-0.0016534700989723206,0.0014843498356640339,0.48,0.52,0.52,0.52,0.0005352053523584033
2026-07-22 10:15:00+00:00,15,1925.01,1924.7835196063752,0.46760455821607483,,0.0019409621637835883,1.0,-0.00011765846284106374,-0.0020800484344363213,0.0018366167787462473,0.48,0.52,0.52,0.52,0.0005352053523584033
2026-07-22 16:15:00+00:00,5,1942.41,1942.4759115033828,0.508078177701285,0.546583850931677,-8.752397261435618e-05,0.0,3.393227234482765e-05,-0.002352979267016053,0.002268888521939516,0.52,0.48,0.52,0.52,0.00032954188827094555
2026-07-22 16:15:00+00:00,10,1942.41,1942.2989995872913,0.4904120558887226,0.5333333333333333,-0.0017158363499509832,0.0,-5.7147350162267685e-05,-0.0036626658402383327,0.0031437426805496216,0.48,0.52,0.52,0.52,0.00032954188827094555
2026-07-22 16:15:00+00:00,15,1942.41,1942.16629411812,0.4837366048538647,,-0.00021624961468269532,0.0,-0.0001254735980182886,-0.00477221654728055,0.00392681360244751,0.48,0.52,0.52,0.52,0.00032954188827094555
2026-07-22 22:00:00+00:00,5,1937.79,1937.719702952241,0.4851034629135398,0.5333333333333333,-0.0010481342364725421,0.0,-3.627757541835308e-05,-0.0014173215022310615,0.0013646248262375593,0.48,0.52,0.52,0.52,0.0053087579276116514
2026-07-22 22:00:00+00:00,10,1937.79,1937.5504510441644,0.46646354904192444,0.5333333333333333,-0.0008725080511906569,0.0,-0.00012362730922177434,-0.002175810281187296,0.0019600698724389076,0.48,0.52,0.52,0.52,0.0053087579276116514
2026-07-22 22:00:00+00:00,15,1937.79,1937.7465268869546,0.49529628507765533,,-0.0009293249123842884,0.0,-2.2434629499912262e-05,-0.002615500707179308,0.0026378624606877565,0.48,0.52,0.52,0.52,0.0053087579276116514
2026-07-23 03:45:00+00:00,5,1922.82,1922.5912817907672,0.43692388604388166,0.45454545454545453,-0.0020303307041746876,0.0,-0.00011895643547177315,-0.0011259212624281645,0.0008421659003943205,0.52,0.48,0.52,0.48,-0.0024517200284126517
2026-07-23 03:45:00+00:00,10,1922.82,1922.3966254459679,0.4121034475067471,0.47368421052631576,-0.001530174394905437,0.0,-0.00022020842880010605,-0.0015851696953177452,0.0011298436438664794,0.48,0.52,0.52,0.48,-0.0024517200284126517
2026-07-23 03:45:00+00:00,15,1922.82,1922.410113256035,0.4296336029681864,,-0.0015978892528734079,0.0,-0.00021319231018424034,-0.0018693988677114248,0.0014194126706570387,0.52,0.48,0.52,0.48,-0.0024517200284126517
2026-07-23 09:45:00+00:00,5,1929.74,1930.0630003446538,0.6043597304128054,0.546583850931677,-0.0012548419353342055,0.0,0.00016736623365432024,-0.0006750065367668867,0.0010425967629998922,0.48,0.52,0.52,0.48,0.0023034790628511104
2026-07-23 09:45:00+00:00,10,1929.74,1930.36059318236,0.6330276736971816,0.6071428571428571,-0.0017945969826920205,0.0,0.00032154249493032694,-0.0009713157778605819,0.0016507026739418507,0.48,0.52,0.52,0.48,0.0023034790628511104
2026-07-23 09:45:00+00:00,15,1929.74,1930.4656846400799,0.6190035233550608,,-0.0037744612215000473,0.0,0.0003759823739528656,-0.0013136351481080055,0.0021297698840498924,0.48,0.52,0.52,0.48,0.0023034790628511104
2026-07-23 15:30:00+00:00,5,1891.83,1891.2607105421555,0.4320624255655964,0.45454545454545453,0.00015856404434977378,1.0,-0.0003009652718901634,-0.002652057446539402,0.0018938155844807625,0.52,0.48,0.52,0.48,-0.006816651797185713
2026-07-23 15:30:00+00:00,10,1891.83,1891.4323025540252,0.4660233891723484,0.5333333333333333,0.00024312125528069828,1.0,-0.00021024048328399658,-0.00358579121530056,0.0031323921866714954,0.48,0.52,0.52,0.48,-0.006816651797185713
2026-07-23 15:30:00+00:00,15,1891.83,1891.9530122068875,0.5080173011234936,,-0.00011629628076459397,0.0,6.502075120806694e-05,-0.004225138574838638,0.004303104244172573,0.48,0.52,0.52,0.48,-0.006816651797185713
2026-07-23 21:30:00+00:00,5,1883.54,1883.8529490570209,0.5960610172777279,0.546583850931677,0.00023888330133470248,1.0,0.0001661356072872877,-0.0008001272799447179,0.0011047519510611892,0.48,0.52,0.52,0.48,-0.002142600365698577
2026-07-23 21:30:00+00:00,10,1883.54,1883.8242976052195,0.5555171152745946,0.5420560747663551,-0.0006798024585981111,0.0,0.0001509265275672078,-0.0013627163134515285,0.0016347356140613556,0.48,0.52,0.52,0.48,-0.002142600365698577
2026-07-23 21:30:00+00:00,15,1883.54,1883.8746590530275,0.550426086330146,,8.494282291326982e-05,1.0,0.00017765979282557964,-0.001778498524799943,0.0020755906589329243,0.48,0.52,0.52,0.48,-0.002142600365698577
2026-07-24 03:15:00+00:00,5,1877.85,1878.478309941112,0.612611973473449,0.546583850931677,0.0005217372904962048,1.0,0.0003345340956002474,-0.0012905291514471173,0.0016843624180182815,0.48,0.52,0.52,0.48,0.0007724579194778869
2026-07-24 03:15:00+00:00,10,1877.85,1878.4917596902176,0.5821153839697673,0.5420560747663551,0.0007186489709223309,1.0,0.00034169398713856936,-0.0019839308224618435,0.0022697760723531246,0.48,0.52,0.52,0.48,0.0007724579194778869
2026-07-24 03:15:00+00:00,15,1877.85,1878.5199775125006,0.5701606574649403,,0.000947443570239237,1.0,0.00035671540535986423,-0.002477551344782114,0.00269380584359169,0.48,0.52,0.52,0.48,0.0007724579194778869
2026-07-24 09:00:00+00:00,5,1888.57,1888.503765275354,0.4812727977979845,0.5333333333333333,-0.0016481059789992258,0.0,-3.5071978345513344e-05,-0.0010108817368745804,0.0010155522031709552,0.52,0.48,0.52,0.48,-0.003794609660619841
2026-07-24 09:00:00+00:00,10,1888.57,1888.8182514940318,0.5468101372461874,0.5420560747663551,-0.0020406601856963746,0.0,0.00013144081458449364,-0.0014186813496053219,0.0017665582709014416,0.52,0.48,0.52,0.48,-0.003794609660619841
2026-07-24 09:00:00+00:00,15,1888.57,1889.1607492282833,0.5843994110175654,,-0.004649221033511175,0.0,0.00031275348737835884,-0.0017554806545376778,0.0023629660718142986,0.52,0.48,0.52,0.48,-0.003794609660619841
2026-07-24 15:00:00+00:00,5,1860.72,1859.7245441947766,0.39102114767452556,0.4375,-0.0020766204827546986,0.0,-0.0005351273575797677,-0.003191850148141384,0.001953279133886099,0.48,0.52,0.52,0.48,0.0005752116211574787
2026-07-24 15:00:00+00:00,10,1860.72,1859.115808583724,0.37369664509859346,0.47368421052631576,-0.0004407867577320701,0.0,-0.0008625066257081926,-0.0045297276228666306,0.002672832226380706,0.48,0.52,0.52,0.48,0.0005752116211574787
2026-07-24 15:00:00+00:00,15,1860.72,1858.8965834467258,0.3831265775563383,,0.0025602435748659502,1.0,-0.0009804326109588146,-0.005478828214108944,0.0033383318223059177,0.48,0.52,0.52,0.48,0.0005752116211574787
2026-07-24 20:45:00+00:00,5,1861.83,1862.0341639786584,0.5749163465285897,0.546583850931677,-0.0009188732359746155,0.0,0.00010965167894028127,-0.0006712257163599133,0.0008827268611639738,0.52,0.48,0.52,0.48,-0.0006926267743567749
2026-07-24 20:45:00+00:00,10,1861.83,1862.0102039168726,0.5440359457326063,0.5420560747663551,-0.00016114477281270467,0.0,9.678391506895423e-05,-0.0010861826594918966,0.0012496111448854208,0.52,0.48,0.52,0.48,-0.0006926267743567749
2026-07-24 20:45:00+00:00,15,1861.83,1862.1587372016402,0.5640512280967387,,-0.000983387283930881,0.0,0.00017655112606007606,-0.001329235965386033,0.0016401358880102634,0.52,0.48,0.52,0.48,-0.0006926267743567749
2026-07-25 02:30:00+00:00,5,1860.72,1860.8713811061825,0.5751645497766184,0.546583850931677,-0.0008656310103063447,0.0,8.135288953781128e-05,-0.0004926655092276633,0.0006610544514842331,0.48,0.52,0.52,0.48,0.0008387367826125924
2026-07-25 02:30:00+00:00,10,1860.72,1860.8291402553702,0.5402209109669798,0.5420560747663551,9.673206836779968e-05,1.0,5.865313141839579e-05,-0.0007240235572680831,0.0008454258204437792,0.48,0.52,0.52,0.48,0.0008387367826125924
2026-07-25 02:30:00+00:00,15,1860.72,1860.8800862500398,0.5480207179629554,,-8.06172053673393e-05,0.0,8.603087189840153e-05,-0.0008660980965942144,0.0010704374872148037,0.48,0.52,0.52,0.48,0.0008387367826125924
2026-07-25 08:30:00+00:00,5,1855.3,1855.2624787570514,0.48148100375234526,0.5333333333333333,-0.00016171199129644265,0.0,-2.0224018953740597e-05,-0.0006264535477384925,0.0005252569681033492,0.52,0.48,0.52,0.48,-0.000958953628888537
2026-07-25 08:30:00+00:00,10,1855.3,1855.2186889144668,0.4707417573877307,0.5333333333333333,-1.0779985878173193e-05,0.0,-4.382734186947346e-05,-0.000882255844771862,0.0007358544389717281,0.52,0.48,0.52,0.48,-0.000958953628888537
2026-07-25 08:30:00+00:00,15,1855.3,1855.128197875358,0.45032441742249574,,-0.0006092514752529254,0.0,-9.260501246899366e-05,-0.0011208925861865282,0.0008785831741988659,0.48,0.52,0.52,0.48,-0.000958953628888537
2026-07-25 14:15:00+00:00,5,1868.08,1868.4090158040956,0.5945549802360671,0.546583850931677,-0.0011515771182182277,0.0,0.00017610960640013218,-0.0007349152583628893,0.0012317155487835407,0.48,0.52,0.52,0.48,0.0027821201176276844
2026-07-25 14:15:00+00:00,10,1868.08,1868.705094077442,0.623351146242501,0.6071428571428571,-0.0009318716833757179,0.0,0.00033456250093877316,-0.0010352260433137417,0.00190534139983356,0.48,0.52,0.52,0.48,0.0027821201176276844
2026-07-25 14:15:00+00:00,15,1868.08,1869.180495821692,0.6673203204896541,,-0.0006800736026750798,0.0,0.000588931841775775,-0.0011511289048939943,0.002643248299136758,0.48,0.52,0.52,0.48,0.0027821201176276844
2026-07-25 20:15:00+00:00,5,1874.1,1874.2788265225727,0.5991507708387771,0.546583850931677,-0.0013028065573434944,0.0,9.54153947532177e-05,-0.0004206765443086624,0.0006337796221487224,0.48,0.52,0.52,0.48,-0.0005281140849140442
2026-07-25 20:15:00+00:00,10,1874.1,1874.3781390861875,0.6171472172555351,0.6071428571428571,-0.0009395586901019826,0.0,0.0001484010717831552,-0.0005102698924019933,0.0008441356476396322,0.48,0.52,0.52,0.48,-0.0005281140849140442
2026-07-25 20:15:00+00:00,15,1874.1,1874.463173950528,0.6294414530075898,,-0.0013989824952673757,0.0,0.00019376701675355434,-0.0005826702108606696,0.001005062134936452,0.52,0.48,0.52,0.48,-0.0005281140849140442
2026-07-26 02:00:00+00:00,5,1878.7,1878.7684993035452,0.5321794037308307,0.546583850931677,-0.00029812289272168613,0.0,3.646034747362137e-05,-0.0005306861130520701,0.0006391694769263268,0.52,0.48,0.52,0.52,-0.0013085595479767065
2026-07-26 02:00:00+00:00,10,1878.7,1878.7446467871623,0.5163262547706718,0.5420560747663551,0.0,,2.376444172114134e-05,-0.0007475834572687745,0.0008078095270320773,0.52,0.48,0.52,0.52,-0.0013085595479767065
2026-07-26 02:00:00+00:00,15,1878.7,1878.6679523380021,0.4903758067122135,,0.0004257357309800369,1.0,-1.7058569937944412e-05,-0.0009508957155048847,0.0009233683813363314,0.52,0.48,0.52,0.52,-0.0013085595479767065
2026-07-26 07:45:00+00:00,5,1880.52,1880.3783089654905,0.4328881531648239,0.45454545454545453,0.000547570898858929,1.0,-7.534956966992468e-05,-0.0006788780447095633,0.0005175139522179961,0.52,0.48,0.52,0.52,-0.0010842183529664595
2026-07-26 07:45:00+00:00,10,1880.52,1880.182989686895,0.40191119528609476,0.47368421052631576,0.00023395046737295644,1.0,-0.00017922729603014886,-0.0011907926527783275,0.0007794476114213467,0.52,0.48,0.52,0.52,-0.0010842183529664595
2026-07-26 07:45:00+00:00,15,1880.52,1880.1446275414678,0.4155411260994797,,0.0002073679432541553,1.0,-0.00019963091472163796,-0.0014861468225717545,0.0010712933726608753,0.52,0.48,0.52,0.52,-0.0010842183529664595
2026-07-26 13:45:00+00:00,5,1888.75,1888.6758264469777,0.4721976945145203,0.5333333333333333,-0.0008845737805431853,0.0,-3.92720103263855e-05,-0.00072669074870646,0.0007614180212840438,0.48,0.52,0.52,0.52,0.0008368821861779452
2026-07-26 13:45:00+00:00,10,1888.75,1888.1584117184154,0.3440100088928244,0.47368421052631576,-0.001419935493766289,0.0,-0.0003132658894173801,-0.001321174786426127,0.0007631863700225949,0.48,0.52,0.52,0.52,0.0008368821861779452
2026-07-26 13:45:00+00:00,15,1888.75,1888.070517672308,0.3574018415340867,,-0.0008421811398990897,0.0,-0.00035981711698696017,-0.0016448743408545852,0.0009830617345869541,0.48,0.52,0.52,0.52,0.0008368821861779452
2026-07-26 19:30:00+00:00,5,1913.75,1914.1460940059178,0.6501750409463855,0.546583850931677,0.0008513683779112213,1.0,0.00020695128478109837,-0.0005211229436099529,0.000978583935648203,0.52,0.48,0.52,0.52,0.0001567725755720062
2026-07-26 19:30:00+00:00,10,1913.75,1914.4487928663093,0.6756443420911334,0.625,0.0007103942464308233,1.0,0.00036507658660411835,-0.0007124601397663355,0.0015434914967045188,0.48,0.52,0.52,0.52,0.0001567725755720062
2026-07-26 19:30:00+00:00,15,1913.75,1914.801472620681,0.7030576738633239,,0.0005223978178090505,1.0,0.0005492796190083027,-0.0008393286261707544,0.002061976585537195,0.48,0.52,0.52,0.52,0.0001567725755720062
2026-07-27 01:30:00+00:00,5,1940.66,1940.2263363403558,0.4076351861741796,0.4375,-0.001629639158435836,0.0,-0.0002234869170933962,-0.0014318334870040417,0.001049417071044445,0.52,0.48,0.52,0.52,-0.0016475655802308253
2026-07-27 01:30:00+00:00,10,1940.66,1939.821882727119,0.3818923380757322,0.47368421052631576,0.002033321422143075,1.0,-0.00043196557089686394,-0.0023245876654982567,0.0015501275192946196,0.52,0.48,0.52,0.52,-0.0016475655802308253
2026-07-27 01:30:00+00:00,15,1940.66,1939.2424364258072,0.35026929158297926,,0.0010248989517673834,1.0,-0.0007307212799787521,-0.0032087990548461676,0.0019276747480034828,0.52,0.48,0.52,0.52,-0.0016475655802308253
2026-07-27 07:15:00+00:00,5,1970.3,1970.5920328746315,0.5628683456790123,0.546583850931677,0.0004211669430986831,1.0,0.00014820648357272148,-0.001114624086767435,0.0014082835987210274,0.48,0.52,0.52,0.52,-0.0003247708871452204
2026-07-27 07:15:00+00:00,10,1970.3,1970.630374516021,0.5511440340909091,0.5420560747663551,3.552695354258617e-05,1.0,0.00016766320914030075,-0.001638482790440321,0.0019503994844853878,0.48,0.52,0.52,0.52,-0.0003247708871452204
2026-07-27 07:15:00+00:00,15,1970.3,1970.6415579029317,0.5433421979828653,,-0.0020576400294345376,0.0,0.00017333822324872017,-0.00207772059366107,0.002367819659411907,0.48,0.52,0.52,0.52,-0.0003247708871452204
2026-07-27 13:00:00+00:00,5,1957.3,1957.3777497834935,0.5209566667935982,0.546583850931677,0.0003575715819774672,1.0,3.9722188375890255e-05,-0.0010458040051162243,0.0010817477013915777,0.52,0.48,0.52,0.52,-0.0021893963411372397
2026-07-27 13:00:00+00:00,10,1957.3,1957.4227714716492,0.5198174744054419,0.5420560747663551,-0.0004394773356644066,0.0,6.27229455858469e-05,-0.0017738714814186096,0.0017529500182718039,0.52,0.48,0.52,0.52,-0.0021893963411372397
2026-07-27 13:00:00+00:00,15,1957.3,1957.35244124747,0.5063354178497997,,-0.0009660824068218332,0.0,2.6792287826538086e-05,-0.00244522443972528,0.0022791107185184956,0.48,0.52,0.52,0.52,-0.0021893963411372397
2026-07-27 19:00:00+00:00,5,1939.33,1939.7915690789046,0.6019108734799343,0.546583850931677,-0.0003919647281929173,0.0,0.00023797608446329832,-0.0010574255138635635,0.0015437225811183453,0.48,0.52,0.52,0.52,-0.0023022674875230464
2026-07-27 19:00:00+00:00,10,1939.33,1940.2022223457652,0.6137917916609348,0.5806448990195492,0.0053586066287598655,1.0,0.00044965336564928293,-0.0017212254460901022,0.0027024452574551105,0.48,0.52,0.52,0.52,-0.0023022674875230464
2026-07-27 19:00:00+00:00,15,1939.33,1940.4482240263833,0.6073218397821516,,0.004799404272720409,1.0,0.0005764371016994119,-0.002378342906013131,0.0036116281989961863,0.48,0.52,0.52,0.52,-0.0023022674875230464
2026-07-28 00:45:00+00:00,5,1881.35,1880.6380652800713,0.42386494987701084,0.44431364109499133,-0.001478755136592902,0.0,-0.00037848856300115585,-0.003080267459154129,0.0021278755739331245,0.52,0.48,0.52,0.48,-0.00401563292410323
2026-07-28 00:45:00+00:00,10,1881.35,1879.766774173268,0.3887894834826139,0.47368421052631576,-0.00036150791723876807,0.0,-0.0008418913930654526,-0.005143440328538418,0.0032382719218730927,0.52,0.48,0.52,0.48,-0.00401563292410323
2026-07-28 00:45:00+00:00,15,1881.35,1879.0795083198038,0.3761511181374879,,-0.0013616516382581878,0.0,-0.0012075705453753471,-0.0068977270275354385,0.004161977209150791,0.48,0.52,0.52,0.48,-0.00401563292410323
2026-07-28 06:45:00+00:00,5,1885.37,1885.0364967768583,0.41560647992659205,0.4375,0.0011661994356320093,1.0,-0.00017690571257844567,-0.0013234945945441723,0.000971547095105052,0.52,0.48,0.52,0.48,-0.0018070298890640046
2026-07-28 06:45:00+00:00,10,1885.37,1884.8953124139425,0.4242321973398908,0.47368421052631576,0.0011873904781793954,1.0,-0.0002518059336580336,-0.00208536465652287,0.001590927131474018,0.48,0.52,0.52,0.48,-0.0018070298890640046
2026-07-28 06:45:00+00:00,15,1885.37,1884.5508648544474,0.4001620516341332,,0.0013674962113254807,1.0,-0.0004345635825302452,-0.002821963978931308,0.0019400803139433265,0.48,0.52,0.52,0.48,-0.0018070298890640046
2026-07-28 12:30:00+00:00,5,1881.01,1880.345971560469,0.33896714547010176,0.3333333333333333,-0.00013291615402710732,0.0,-0.00035307928919792175,-0.001413926249369979,0.0007919577765278518,0.48,0.52,0.52,0.48,0.00287492677957335
2026-07-28 12:30:00+00:00,10,1881.01,1879.938177569698,0.29967627354605564,0.3076923076923077,-0.000537089784009126,0.0,-0.0005699745961464942,-0.0019842132460325956,0.0009049645741470158,0.48,0.52,0.52,0.48,0.00287492677957335
2026-07-28 12:30:00+00:00,15,1881.01,1879.6680473683396,0.29170530623343793,,0.0010202076369614232,1.0,-0.0007136759231798351,-0.002397976815700531,0.001038774149492383,0.48,0.52,0.52,0.48,0.00287492677957335
2026-07-28 18:15:00+00:00,5,1909.75,1909.9224530766296,0.5224432327829159,0.546583850931677,0.00011519168957097037,1.0,9.029731154441833e-05,-0.002011270960792899,0.002143213525414467,0.52,0.48,0.52,0.48,-0.000774670411263223
2026-07-28 18:15:00+00:00,10,1909.75,1909.9937468633916,0.521540105943193,0.5420560747663551,-0.0003561309552093661,0.0,0.00012762472033500671,-0.003276035189628601,0.003415619023144245,0.48,0.52,0.52,0.48,-0.000774670411263223
2026-07-28 18:15:00+00:00,15,1909.75,1910.0831480165452,0.5221130698327353,,-0.0005813968878332076,0.0,0.00017443066462874413,-0.004383963532745838,0.0044289701618254185,0.48,0.52,0.52,0.48,-0.000774670411263223
2026-07-29 00:15:00+00:00,5,1924.49,1924.685183346211,0.5287137902688335,0.546583850931677,-0.0009201473924660419,0.0,0.00010141567327082157,-0.0016161331441253424,0.0020467080175876617,0.48,0.52,0.52,0.52,0.008128599043221385
2026-07-29 00:15:00+00:00,10,1924.49,1924.9426438441728,0.5476412742689312,0.5420560747663551,-0.001575683837232944,0.0,0.00023517431691288948,-0.0023318827152252197,0.0030078336130827665,0.52,0.48,0.52,0.52,0.008128599043221385
2026-07-29 00:15:00+00:00,15,1924.49,1924.8286175914216,0.52819700637626,,-0.002877624954680691,0.0,0.0001759363804012537,-0.0031310338526964188,0.0036988197825849056,0.48,0.52,0.52,0.52,0.008128599043221385
2026-07-29 06:00:00+00:00,5,1911.47,1911.6178483250144,0.527426128506459,0.546583850931677,-0.0008059873781167681,0.0,7.734497921774164e-05,-0.001398267108015716,0.0014923032140359282,0.52,0.48,0.52,0.52,0.0031386342065271577
2026-07-29 06:00:00+00:00,10,1911.47,1912.1886652814521,0.5914649816506343,0.5420560747663551,-0.0007745731076580498,0.0,0.00037590452120639384,-0.0018546403152868152,0.0025460761971771717,0.52,0.48,0.52,0.52,0.0031386342065271577
2026-07-29 06:00:00+00:00,15,1911.47,1912.2698325736285,0.577759738154304,,-0.00010986912505472901,0.0,0.0004183509445283562,-0.0024707047268748283,0.0032576171215623617,0.52,0.48,0.52,0.52,0.0031386342065271577
2026-07-29 12:00:00+00:00,5,1914.27,1913.6927456784247,0.3540959335666515,0.36363636363636365,-0.0003552899046219693,0.0,-0.00030159871676005423,-0.001438770443201065,0.0007885507075116038,0.52,0.48,0.52,0.52,0.0006636584545187674
2026-07-29 12:00:00+00:00,10,1914.27,1913.563131040052,0.3783374712138884,0.47368421052631576,-0.0007107060850257696,0.0,-0.00036933113005943596,-0.0021645224187523127,0.0012828547041863203,0.52,0.48,0.52,0.52,0.0006636584545187674
2026-07-29 12:00:00+00:00,15,1914.27,1913.4561413684849,0.3897883680639107,,-0.0022592852072174097,0.0,-0.00042524392483755946,-0.0026668799109756947,0.0016589182196184993,0.48,0.52,0.52,0.52,0.0006636584545187674
2026-07-29 17:45:00+00:00,5,1900.81,1900.409587809619,0.43512167665701096,0.45454545454545453,0.002060155135119146,1.0,-0.00021067564375698566,-0.0019913152791559696,0.0014901563990861177,0.48,0.52,0.52,0.52,0.005512823991370652
2026-07-29 17:45:00+00:00,10,1900.81,1900.1348014915884,0.4172119002471306,0.47368421052631576,0.006105031470838185,1.0,-0.00035527930594980717,-0.0027340922970324755,0.001923833042383194,0.48,0.52,0.52,0.52,0.005512823991370652
2026-07-29 17:45:00+00:00,15,1900.81,1899.9316074297258,0.41286416747830523,,0.01202228562126706,1.0,-0.00046222168020904064,-0.003337438916787505,0.0023178718984127045,0.48,0.52,0.52,0.52,0.005512823991370652
2026-07-29 23:30:00+00:00,5,1909.05,1908.4470859669348,0.38128394571990554,0.4375,-0.00018859325206399546,0.0,-0.0003158687613904476,-0.0017183214658871293,0.0010995299089699984,0.48,0.52,0.52,0.52,0.0015569590551152146
2026-07-29 23:30:00+00:00,10,1909.05,1907.975289045428,0.3622548642944734,0.47368421052631576,-0.00141531710997711,0.0,-0.0005631144158542156,-0.0027169238310307264,0.0016352764796465635,0.52,0.48,0.52,0.52,0.0015569590551152146
2026-07-29 23:30:00+00:00,15,1909.05,1907.8507038213538,0.38202199803771875,,0.0016643641576008505,1.0,-0.0006284136325120926,-0.003400229848921299,0.002290948061272502,0.48,0.52,0.52,0.52,0.0015569590551152146
2026-07-30 05:30:00+00:00,5,1904.32,1904.7793564335914,0.5990180271504112,0.546583850931677,0.0016317967810586254,1.0,0.00024118900182656944,-0.0010696644894778728,0.0016266647726297379,0.48,0.52,0.52,0.48,-0.001443043339679484
2026-07-30 05:30:00+00:00,10,1904.32,1904.8411414423697,0.5728756769628163,0.5420560747663551,0.0012699880480822046,1.0,0.0002736253081820905,-0.0017467528814449906,0.00243522971868515,0.48,0.52,0.52,0.48,-0.001443043339679484
2026-07-30 05:30:00+00:00,15,1904.32,1904.9950537318073,0.5724331759886375,,0.0017680965568986906,1.0,0.0003544226347003132,-0.0022836599964648485,0.003223394975066185,0.48,0.52,0.52,0.48,-0.001443043339679484
2026-07-30 11:15:00+00:00,5,1919.71,1919.771664154155,0.5223984868410372,0.546583850931677,-5.209133694172863e-06,0.0,3.21210827678442e-05,-0.000729523366317153,0.0008251168765127659,0.48,0.52,0.52,0.48,0.000317806823017186
2026-07-30 11:15:00+00:00,10,1919.71,1919.8622632191095,0.5394252269602374,0.5420560747663551,0.0003801934866052292,1.0,7.931259460747242e-05,-0.0010081010404974222,0.0012002764269709587,0.48,0.52,0.52,0.48,0.000317806823017186
2026-07-30 11:15:00+00:00,15,1919.71,1919.8493109106398,0.5302583330339884,,7.292502269162782e-05,1.0,7.25660938769579e-05,-0.0012496195267885923,0.001451414544135332,0.48,0.52,0.52,0.48,0.000317806823017186
2026-07-30 17:15:00+00:00,5,1917.03,1917.560576559138,0.6226529548443782,0.546583850931677,0.0027816864318959134,1.0,0.00027673179283738136,-0.0008757737232372165,0.0014688086230307817,0.52,0.48,0.52,0.48,-0.003244549482106507
2026-07-30 17:15:00+00:00,10,1917.03,1917.9023178996651,0.6517745934255799,0.6071428571428571,0.0022509505697927423,1.0,0.0004549326258711517,-0.0010832709958776832,0.002032779622823,0.52,0.48,0.52,0.48,-0.003244549482106507
2026-07-30 17:15:00+00:00,15,1917.03,1918.047419608564,0.6492168675170784,,0.0029533348028287776,1.0,0.0005305862287059426,-0.0013103432720527053,0.002405097708106041,0.52,0.48,0.52,0.48,-0.003244549482106507
2026-07-30 23:00:00+00:00,5,1924.78,1924.4616608103306,0.40488146552084847,0.4375,0.0010073997995938555,1.0,-0.00016540358774363995,-0.0010765547631308436,0.0007891464047133923,0.52,0.48,0.52,0.48,0.0030752043799591178
2026-07-30 23:00:00+00:00,10,1924.78,1924.129639437865,0.3625000911321261,0.47368421052631576,0.0011371455759023874,1.0,-0.00033794535556808114,-0.0016037116292864084,0.0009846200700849295,0.52,0.48,0.52,0.48,0.0030752043799591178
2026-07-30 23:00:00+00:00,15,1924.78,1924.027869568236,0.36904326982139835,,0.001982675599794703,1.0,-0.00039083813317120075,-0.0019282576395198703,0.0011891400208696723,0.52,0.48,0.52,0.48,0.0030752043799591178
2026-07-31 04:45:00+00:00,5,1906.2,1906.3395635338968,0.5462045627532863,0.546583850931677,-0.00025708896731480024,0.0,7.321289740502834e-05,-0.0008274957071989775,0.0009971125982701778,0.48,0.52,0.52,0.48,-0.0013420850463727874
2026-07-31 04:45:00+00:00,10,1906.2,1906.2741645048002,0.516474628139995,0.5420560747663551,-0.00018362823204487455,0.0,3.890623338520527e-05,-0.0012721470557153225,0.0014785267412662506,0.52,0.48,0.52,0.48,-0.0013420850463727874
2026-07-31 04:45:00+00:00,15,1906.2,1906.009120481604,0.4663916652536314,,0.0003986195229490619,1.0,-0.00010014115832746029,-0.0017476757057011127,0.0017186722252517939,0.52,0.48,0.52,0.48,-0.0013420850463727874
2026-07-31 10:45:00+00:00,5,1889.61,1890.037403933031,0.6328552066564621,0.546583850931677,-0.0015358870911788003,0.0,0.00022616074420511723,-0.0006663820240646601,0.0011136275716125965,0.48,0.52,0.52,0.48,0.0034139315066399334
2026-07-31 10:45:00+00:00,10,1889.61,1890.2547726081227,0.6262215597902553,0.6071428571428571,-0.00032287005290321247,0.0,0.0003411617362871766,-0.0011350733693689108,0.0017906115390360355,0.48,0.52,0.52,0.48,0.0034139315066399334
2026-07-31 10:45:00+00:00,15,1889.61,1890.4599243760383,0.6225832437767683,,-0.0010218967397017664,0.0,0.00044968712609261274,-0.0015507913194596767,0.0024661440402269363,0.48,0.52,0.52,0.48,0.0034139315066399334
2026-07-31 16:30:00+00:00,5,1865.98,1866.0023292850194,0.5045442669362814,0.546583850931677,-0.0012118938663183698,0.0,1.1966447345912457e-05,-0.0015011902432888746,0.0012698229402303696,0.48,0.52,0.52,0.48,0.004027434923528972
2026-07-31 16:30:00+00:00,10,1865.98,1865.8865901032295,0.48570922480774725,0.5333333333333333,-0.0011045873666608585,0.0,-5.0060683861374855e-05,-0.0022084424272179604,0.0018222818616777658,0.48,0.52,0.52,0.48,0.004027434923528972
2026-07-31 16:30:00+00:00,15,1865.98,1865.82006008754,0.48154128396208107,,-0.0013299443169252356,0.0,-8.571729995310307e-05,-0.0028547269757837057,0.0023140485864132643,0.48,0.52,0.52,0.48,0.004027434923528972
2026-07-31 22:30:00+00:00,5,1863.77,1863.789622344382,0.5093626625048852,0.546583850931677,-0.0005205859661332468,0.0,1.0528252460062504e-05,-0.000595355813857168,0.0005974797531962395,0.48,0.52,0.52,0.48,0.0003112456289748877
2026-07-31 22:30:00+00:00,10,1863.77,1863.7849839955506,0.5049190428382213,0.5420560747663551,0.00012876296365771367,1.0,8.039583917707205e-06,-0.0008840328664518893,0.0008878870867192745,0.48,0.52,0.52,0.48,0.0003112456289748877
2026-07-31 22:30:00+00:00,15,1863.77,1863.8147727999076,0.5116121052304303,,-0.00025757567769435497,0.0,2.4022418074309826e-05,-0.0010978990467265248,0.001142582856118679,0.48,0.52,0.52,0.48,0.0003112456289748877
2026-08-01 04:15:00+00:00,5,1869.98,1870.007831337897,0.5175266508735564,0.546583850931677,-9.091419577966775e-05,0.0,1.4883116818964481e-05,-0.00042062863940373063,0.00043616117909550667,0.48,0.52,0.52,0.48,0.0014395537194493713
2026-08-01 04:15:00+00:00,10,1869.98,1869.9750970948733,0.4975675322473164,0.5420560747663551,-5.882588875572026e-05,0.0,-2.621905878186226e-06,-0.0006011007353663445,0.0005624211626127362,0.48,0.52,0.52,0.48,0.0014395537194493713
2026-08-01 04:15:00+00:00,15,1869.98,1869.9154884885004,0.4735338903203047,,-0.0001925339614459176,0.0,-3.4499098546803e-05,-0.0007443581707775593,0.0006370879709720612,0.48,0.52,0.52,0.48,0.0014395537194493713
2026-08-01 10:00:00+00:00,5,1867.79,1867.93360373299,0.588580445004215,0.546583850931677,-0.0019614574660931083,0.0,7.688134792260826e-05,-0.0004185594734735787,0.0005372549640014768,0.52,0.48,0.52,0.48,-0.0011343875791745006
2026-08-01 10:00:00+00:00,10,1867.79,1867.9773474407543,0.5812164014683844,0.5420560747663551,-0.0020526569811893935,0.0,0.00010029930854216218,-0.000591333897318691,0.000734052387997508,0.52,0.48,0.52,0.48,-0.0011343875791745006
2026-08-01 10:00:00+00:00,15,1867.79,1867.9753154573727,0.5639142731495504,,-0.0017951738770953796,0.0,9.921150922309607e-05,-0.000769039907027036,0.000862671178765595,0.52,0.48,0.52,0.48,-0.0011343875791745006
2026-08-01 16:00:00+00:00,5,1870.66,1870.5966234359703,0.4646005088687113,0.5333333333333333,0.00011225354345434368,1.0,-3.387982724234462e-05,-0.000535197090357542,0.00047291454393416643,0.52,0.48,0.52,0.48,-0.0019492819198774214
2026-08-01 16:00:00+00:00,10,1870.66,1870.6393981972433,0.49231300830514435,0.5420560747663551,-0.0007593786295023719,0.0,-1.10131804831326e-05,-0.0007738370914012194,0.0007479770574718714,0.48,0.52,0.52,0.48,-0.0019492819198774214
2026-08-01 16:00:00+00:00,15,1870.66,1870.7196668578865,0.5183915657565528,,-0.0006095963484664679,0.0,3.189564449712634e-05,-0.0009002756560221314,0.0009518955484963953,0.52,0.48,0.52,0.48,-0.0019492819198774214
2026-08-01 21:45:00+00:00,5,1844.82,1844.9348093776591,0.5279992834717678,0.546583850931677,0.00011382576539809008,1.0,6.223144009709358e-05,-0.0011240255553275347,0.001249882159754634,0.48,0.52,0.52,0.48,0.005593393848249306
2026-08-01 21:45:00+00:00,10,1844.82,1845.145483636667,0.5542256640809786,0.5420560747663551,0.0001517648082005607,1.0,0.00017641554586589336,-0.0016894459258764982,0.0019314317032694817,0.48,0.52,0.52,0.48,0.005593393848249306
2026-08-01 21:45:00+00:00,15,1844.82,1845.248412900122,0.5564947792511488,,0.0006069210863781649,1.0,0.0002321978099644184,-0.002226598095148802,0.002472642343491316,0.48,0.52,0.52,0.48,0.005593393848249306
2026-08-02 03:45:00+00:00,5,1879.54,1879.5893939797286,0.51157226417319,0.546583850931677,-0.001224453008886961,0.0,2.6279478333890438e-05,-0.0011378222843632102,0.0013961002696305513,0.48,0.52,0.52,0.52,0.0030586115166002514
2026-08-02 03:45:00+00:00,10,1879.54,1879.5508859112174,0.5019355119822317,0.5420560747663551,-0.0015387936021697968,0.0,5.791778676211834e-06,-0.0016505438834428787,0.001803235150873661,0.48,0.52,0.52,0.52,0.0030586115166002514
2026-08-02 03:45:00+00:00,15,1879.54,1879.6721114916522,0.518521470320534,,-0.0003991134413192654,0.0,7.028679829090834e-05,-0.0020257243886590004,0.0023045502603054047,0.48,0.52,0.52,0.52,0.0030586115166002514
2026-08-02 09:30:00+00:00,5,1871.69,1871.5444899113395,0.4619601274261398,0.5333333333333333,-0.00028855094192969943,0.0,-7.774564437568188e-05,-0.0013158883666619658,0.0010904616210609674,0.52,0.48,0.52,0.52,-0.0004273298891481758
2026-08-02 09:30:00+00:00,10,1871.69,1871.3120096403125,0.43283965745568487,0.5333333333333333,-0.0005344192860157193,0.0,-0.0002019717649091035,-0.0021412658970803022,0.0015096957795321941,0.48,0.52,0.52,0.52,-0.0004273298891481758
2026-08-02 09:30:00+00:00,15,1871.69,1871.2253876477102,0.43528539896893337,,-0.0005290736791687678,0.0,-0.00024826228036545217,-0.002711846027523279,0.0019277128158137202,0.48,0.52,0.52,0.52,-0.0004273298891481758
2026-08-02 15:15:00+00:00,5,1858.44,1858.252035847246,0.4448139168699746,0.45454545454545453,0.00012375205484538299,1.0,-0.00010114593897014856,-0.0012459902791306376,0.0008492041379213333,0.48,0.52,0.52,0.52,0.0011683282123424732
2026-08-02 15:15:00+00:00,10,1858.44,1857.9321861088458,0.39375157546694606,0.47368421052631576,2.690392340110037e-05,1.0,-0.0002732847351580858,-0.0018480273429304361,0.0010439963079988956,0.48,0.52,0.52,0.52,0.0011683282123424732
2026-08-02 15:15:00+00:00,15,1858.44,1857.6526119611078,0.3713920814305176,,0.00015603268109209978,1.0,-0.0004237720277160406,-0.002338171238079667,0.00124510214664042,0.48,0.52,0.52,0.52,0.0011683282123424732
2026-08-02 21:15:00+00:00,5,1886.55,1886.5910965838877,0.5119098643471663,0.546583850931677,-0.0004029329330244025,0.0,2.178375143557787e-05,-0.0009041791781783104,0.0011186245828866959,0.48,0.52,0.52,0.52,0.002510370523076233
2026-08-02 21:15:00+00:00,10,1886.55,1886.8756798649174,0.5744887225070607,0.5420560747663551,-0.0009015220422856629,0.0,0.00017261761240661144,-0.0010278465924784541,0.0015699914656579494,0.48,0.52,0.52,0.52,0.002510370523076233
2026-08-02 21:15:00+00:00,15,1886.55,1887.03626356696,0.5930778388380419,,0.0002808966451324224,1.0,0.00025771959917619824,-0.0011903223348781466,0.0019382571335881948,0.48,0.52,0.52,0.52,0.002510370523076233
2026-08-03 03:00:00+00:00,5,1863.95,1863.9116873583905,0.4896620450606586,0.546583850931677,0.0008741048356144532,1.0,-2.055475488305092e-05,-0.0010919608175754547,0.001027046935632825,0.52,0.48,0.52,0.52,-0.0012063859484907624
2026-08-03 03:00:00+00:00,10,1863.95,1863.8642613550383,0.4842061042400637,0.5333333333333333,0.0004559168701163685,1.0,-4.599941894412041e-05,-0.0016276384703814983,0.001555050490424037,0.52,0.48,0.52,0.52,-0.0012063859484907624
2026-08-03 03:00:00+00:00,15,1863.95,1863.7331157565245,0.46759145178986905,,-0.00032731555926535094,0.0,-0.00011636409908533096,-0.0021125348284840584,0.0018891645595431328,0.52,0.48,0.52,0.52,-0.0012063859484907624
2026-08-03 09:00:00+00:00,5,1840.32,1840.8499967325067,0.6626298377825778,0.5555555555555556,0.00020646451328687476,1.0,0.00028795015532523394,-0.0006641278741881251,0.0011265415232628584,0.48,0.52,0.52,0.52,-0.002615685829246317
2026-08-03 09:00:00+00:00,10,1840.32,1841.1309054023206,0.6601425062848387,0.6074674586627732,0.0002988164175672381,1.0,0.0004405357758514583,-0.001051462022587657,0.0017746295779943466,0.48,0.52,0.52,0.52,-0.002615685829246317
2026-08-03 09:00:00+00:00,15,1840.32,1841.2447175037184,0.6358478427470711,,-0.0001630284162139617,0.0,0.0005023502744734287,-0.0015209809644147754,0.002318834885954857,0.48,0.52,0.52,0.52,-0.002615685829246317
2026-08-03 14:45:00+00:00,5,1864.66,1864.3349932558124,0.4693607279400269,0.5333333333333333,0.0013076941430920641,1.0,-0.00017431331798434258,-0.003354649292305112,0.002909454982727766,0.52,0.48,0.52,0.52,0.009066753200023037
2026-08-03 14:45:00+00:00,10,1864.66,1864.4383179603242,0.4854966931431074,0.5333333333333333,0.004243768493582323,1.0,-0.0001188931055366993,-0.004697364289313555,0.0043002041056752205,0.48,0.52,0.52,0.52,0.009066753200023037
2026-08-03 14:45:00+00:00,15,1864.66,1864.1622535713163,0.47410649362145696,,0.003714949163862613,1.0,-0.00026697246357798576,-0.005972334649413824,0.005323220510035753,0.52,0.48,0.52,0.52,0.009066753200023037
2026-08-03 20:30:00+00:00,5,1872.78,1872.962124470607,0.5629981386733598,0.546583850931677,8.543083844880783e-05,1.0,9.724346455186605e-05,-0.0007311208173632622,0.0009484094334766269,0.52,0.48,0.52,0.52,-0.0004164064186751304
2026-08-03 20:30:00+00:00,10,1872.78,1873.1437016521386,0.5978889807636218,0.5420560747663551,-0.0006463071251987529,0.0,0.00019418529700487852,-0.0008900454267859459,0.0012941638706251979,0.52,0.48,0.52,0.52,-0.0004164064186751304
2026-08-03 20:30:00+00:00,15,1872.78,1873.4228594049441,0.6438728360723875,,-0.0018759776215677704,0.0,0.00034320587292313576,-0.0009147687815129757,0.0016050344565883279,0.48,0.52,0.52,0.52,-0.0004164064186751304
2026-08-04 02:30:00+00:00,5,1864.24,1864.3199321208324,0.5222830536801562,0.546583850931677,0.0018114296486073656,1.0,4.287559931981377e-05,-0.0010174858616665006,0.0010881039779633284,0.48,0.52,0.52,0.48,0.002868548408984317
2026-08-04 02:30:00+00:00,10,1864.24,1864.4126019968428,0.5344345792666367,0.5420560747663551,0.0016722053419604421,1.0,9.25814310903661e-05,-0.0014898767694830894,0.0016731719952076674,0.48,0.52,0.52,0.48,0.002868548408984317
2026-08-04 02:30:00+00:00,15,1864.24,1864.5157732148118,0.5415317197049578,,0.0028977842334487747,1.0,0.0001479170168749988,-0.0018569703679531813,0.0021866606548428535,0.52,0.48,0.52,0.48,0.002868548408984317
2026-08-04 08:15:00+00:00,5,1862.07,1862.3700308591706,0.5851442376636511,0.546583850931677,-0.0010800268638559984,0.0,0.000161114614456892,-0.0008071631891652942,0.0011925685685127974,0.52,0.48,0.52,0.48,0.004143756400142529
2026-08-04 08:15:00+00:00,10,1862.07,1862.31717987153,0.5473505872532649,0.5420560747663551,-0.0004297217080955207,0.0,0.00013273586228024215,-0.0013962765224277973,0.0016824164194986224,0.52,0.48,0.52,0.48,0.004143756400142529
2026-08-04 08:15:00+00:00,15,1862.07,1862.3771588014888,0.5458709368128805,,-0.0012359479680927876,0.0,0.00016494195733685046,-0.0018250044668093324,0.002107655629515648,0.52,0.48,0.52,0.48,0.004143756400142529
2026-08-04 14:15:00+00:00,5,1863.45,1863.2200879220613,0.4665799336243126,0.5333333333333333,-0.0014231055633953105,0.0,-0.00012338740634731948,-0.0020000343210995197,0.0018683508969843388,0.48,0.52,0.52,0.48,-0.00598703264235656
2026-08-04 14:15:00+00:00,10,1863.45,1862.932491278102,0.4463019306918674,0.5333333333333333,0.00021463257668319358,1.0,-0.0002777539484668523,-0.002954179188236594,0.0026108562014997005,0.52,0.48,0.52,0.48,-0.00598703264235656
2026-08-04 14:15:00+00:00,15,1863.45,1862.8904832801124,0.4537821217374354,,0.002626080077168247,1.0,-0.0003003035963047296,-0.003641752991825342,0.0033528506755828857,0.48,0.52,0.52,0.48,-0.00598703264235656
2026-08-04 20:00:00+00:00,5,1874.36,1873.9020394008612,0.41456960259503195,0.4375,-0.00040021665595624256,0.0,-0.0002443589037284255,-0.0017972277710214257,0.0013050162233412266,0.52,0.48,0.52,0.48,-0.0005333731711738565
2026-08-04 20:00:00+00:00,10,1874.36,1874.099253127462,0.4660155433249833,0.5333333333333333,-0.0001920840053291073,0.0,-0.0001391221594531089,-0.00239137327298522,0.002013114746659994,0.52,0.48,0.52,0.48,-0.0005333731711738565
2026-08-04 20:00:00+00:00,15,1874.36,1874.4704013865298,0.5117456916189924,,-0.0020294165451879564,0.0,5.8899109717458487e-05,-0.002767132129520178,0.002630449365824461,0.52,0.48,0.52,0.48,-0.0005333731711738565
2026-08-05 01:45:00+00:00,5,1871.47,1870.9142109818204,0.36146337340688517,0.36363636363636365,0.0007317770489816411,1.0,-0.00029702403116971254,-0.0014130737399682403,0.0008530411869287491,0.52,0.48,0.52,0.48,0.002214615219888749
2026-08-05 01:45:00+00:00,10,1871.47,1870.641863481067,0.3571066418304223,0.47368421052631576,0.0010200676479001913,1.0,-0.0004426038358360529,-0.002032696735113859,0.0011983944568783045,0.48,0.52,0.52,0.48,0.002214615219888749
2026-08-05 01:45:00+00:00,15,1871.47,1870.421887584401,0.35252604482619,,0.0010574325670491547,1.0,-0.0005602045566774905,-0.002523945877328515,0.001413168734870851,0.48,0.52,0.52,0.48,0.002214615219888749
2026-08-05 07:45:00+00:00,5,1865.15,1865.106768426704,0.4846701036801606,0.5333333333333333,0.0009592481088374072,1.0,-2.3178872652351856e-05,-0.0007766749477013946,0.0008701425977051258,0.48,0.52,0.52,0.48,-0.0023830254265435613
2026-08-05 07:45:00+00:00,10,1865.15,1865.1774341833034,0.5077165683266894,0.5420560747663551,0.0011038593325274348,1.0,1.4708726666867733e-05,-0.0010082934750244021,0.0012048562057316303,0.48,0.52,0.52,0.48,-0.0023830254265435613
2026-08-05 07:45:00+00:00,15,1865.15,1865.310116779823,0.5353373239986716,,0.004365440827937661,1.0,8.584291208535433e-05,-0.001203290419653058,0.0015267125563696027,0.48,0.52,0.52,0.48,-0.0023830254265435613
2026-08-05 13:30:00+00:00,5,1867.78,1867.926476796314,0.5229680637834415,0.546583850931677,-0.006025246859225675,0.0,7.841986371204257e-05,-0.0019250605255365372,0.0017575531965121627,0.52,0.48,0.52,0.48,-0.0070636230529865784
2026-08-05 13:30:00+00:00,10,1867.78,1868.2553633391467,0.5535558791509594,0.5420560747663551,0.0021606597345771306,1.0,0.0002544747549109161,-0.0024629810359328985,0.0026051197201013565,0.52,0.48,0.52,0.48,-0.0070636230529865784
2026-08-05 13:30:00+00:00,15,1867.78,1868.4739393069178,0.5646787966625197,,-5.8895179981810486e-05,0.0,0.00037146260729059577,-0.0029624428134411573,0.0032277971040457487,0.52,0.48,0.52,0.48,-0.0070636230529865784
2026-08-05 19:30:00+00:00,5,1919.69,1920.1562317319772,0.6012317756358955,0.546583850931677,-0.0013553033522812896,0.0,0.0002428387524560094,-0.0009852658258751035,0.0017416938208043575,0.52,0.48,0.52,0.48,0.0013396547571336015
2026-08-05 19:30:00+00:00,10,1919.69,1920.4791050907154,0.6203859994824623,0.6071428571428571,5.20916083068812e-06,1.0,0.0004109741421416402,-0.0014267392689362168,0.00251175370067358,0.48,0.52,0.52,0.48,0.0013396547571336015
2026-08-05 19:30:00+00:00,15,1919.69,1920.5572457349242,0.6046081471306743,,0.00043747494330848014,1.0,0.00045166141353547573,-0.0019044980872422457,0.003054445143789053,0.48,0.52,0.52,0.48,0.0013396547571336015
2026-08-06 01:15:00+00:00,5,1908.31,1908.5807545843234,0.5864780852717826,0.546583850931677,-1.0480532410817034e-05,0.0,0.00014187180204316974,-0.0007775411941111088,0.001004302641376853,0.52,0.48,0.52,0.52,-0.0008066713199603726
2026-08-06 01:15:00+00:00,10,1908.31,1908.7933642768394,0.6109817080575484,0.5420560747663551,-0.0010590888632169282,0.0,0.0002532623475417495,-0.0009859463898465037,0.0014615999534726143,0.52,0.48,0.52,0.52,-0.0008066713199603726
2026-08-06 01:15:00+00:00,15,1908.31,1908.9687000012523,0.6267668635354695,,-0.00227685368068542,0.0,0.00034511496778577566,-0.0011333039728924632,0.0017967760795727372,0.52,0.48,0.52,0.52,-0.0008066713199603726
2026-08-06 07:00:00+00:00,5,1913.02,1912.6752467860108,0.37495416570686546,0.4375,-0.0001829735294691659,0.0,-0.0001802303595468402,-0.0009783825371414423,0.0006358635146170855,0.52,0.48,0.52,0.52,7.841312744361062e-05
2026-08-06 07:00:00+00:00,10,1913.02,1912.478005865721,0.3580199025029559,0.47368421052631576,-3.659202764705327e-05,0.0,-0.00028335873503237963,-0.001412880141288042,0.0008182671153917909,0.52,0.48,0.52,0.52,7.841312744361062e-05
2026-08-06 07:00:00+00:00,15,1913.02,1912.304063782871,0.3493288578536218,,0.0008934753386489191,1.0,-0.0003743140259757638,-0.0017578140832483768,0.0009514500852674246,0.52,0.48,0.52,0.52,7.841312744361062e-05
2026-08-06 13:00:00+00:00,5,1899.53,1899.3780633062802,0.46424202178870555,0.5333333333333333,-0.0008953589407214579,0.0,-7.998966611921787e-05,-0.0012018426787108183,0.0010490758577361703,0.52,0.48,0.52,0.52,-0.003924839467553731
2026-08-06 13:00:00+00:00,10,1899.53,1899.7456231385102,0.5355791869007323,0.5420560747663551,-0.0024087570185384877,0.0,0.00011350749991834164,-0.0015338242519646883,0.0018274368485435843,0.52,0.48,0.52,0.52,-0.003924839467553731
2026-08-06 13:00:00+00:00,15,1899.53,1900.0723648525518,0.5693281639428796,,-0.0018231641681945021,0.0,0.0002854850608855486,-0.0018405523151159286,0.002455109730362892,0.52,0.48,0.52,0.52,-0.003924839467553731
2026-08-06 18:45:00+00:00,5,1906.75,1907.0051438819294,0.5576820720181666,0.546583850931677,-0.0006400369551275986,0.0,0.00013380192103795707,-0.0010802841279655695,0.00136758538428694,0.48,0.52,0.52,0.52,-0.0032620135581904464
2026-08-06 18:45:00+00:00,10,1906.75,1906.8469805873406,0.5146417132792986,0.5420560747663551,-0.0010862065962236045,0.0,5.086042801849544e-05,-0.001798811717890203,0.0018517144490033388,0.52,0.48,0.52,0.52,-0.0032620135581904464
2026-08-06 18:45:00+00:00,15,1906.75,1906.8204437086097,0.5083625331404745,,6.29323320309183e-05,1.0,3.69437038898468e-05,-0.0023106581065803766,0.0022979658097028732,0.52,0.48,0.52,0.52,-0.0032620135581904464
2026-08-07 00:45:00+00:00,5,1903.75,1903.231959326541,0.34378563449440025,0.3333333333333333,-0.0008040000748392728,0.0,-0.00027215294539928436,-0.0012270186562091112,0.0005894832429476082,0.48,0.52,0.52,0.48,0.001913845993833263
2026-08-07 00:45:00+00:00,10,1903.75,1902.9329698348774,0.3045745608584003,0.3076923076923077,-0.0009985285673055344,0.0,-0.0004292609519325197,-0.0016267385799437761,0.000654648058116436,0.52,0.48,0.52,0.48,0.001913845993833263
2026-08-07 00:45:00+00:00,15,1903.75,1902.5861297918132,0.2664103078077201,,0.0013018442880321501,1.0,-0.0006115435971878469,-0.001994522288441658,0.0006413999944925308,0.48,0.52,0.52,0.48,0.001913845993833263
2026-08-07 06:30:00+00:00,5,1904.98,1905.1281730858148,0.5412776552431438,0.546583850931677,0.0001522209831685828,1.0,7.777893915772438e-05,-0.0009507251670584083,0.0010016686283051968,0.52,0.48,0.52,0.48,0.004435063681214935
2026-08-07 06:30:00+00:00,10,1904.98,1905.3162183956729,0.5676105297171019,0.5420560747663551,-5.24941272228574e-06,0.0,0.00017647887580096722,-0.0012306277640163898,0.0014843392418697476,0.48,0.52,0.52,0.48,0.004435063681214935
2026-08-07 06:30:00+00:00,15,1904.98,1905.300120193507,0.5529165978490784,,5.2493851656620905e-06,1.0,0.00016802974278107285,-0.0015567379305139184,0.0017833826132118702,0.48,0.52,0.52,0.48,0.004435063681214935
2026-08-07 12:15:00+00:00,5,1931.79,1927.983754542685,0.15744524115987135,0.3333333333333333,-0.0018912265703905362,0.0,-0.0019722641445696354,-0.00393783301115036,0.0006185891106724739,0.52,0.48,0.52,0.48,0.008463128516369878
2026-08-07 12:15:00+00:00,10,1931.79,1926.398714148455,0.14920059443269207,0.3076923076923077,-0.0017045355642055782,0.0,-0.002794725587591529,-0.0052891504019498825,0.0007062493823468685,0.48,0.52,0.52,0.48,0.008463128516369878
2026-08-07 12:15:00+00:00,15,1931.79,1925.5976017942687,0.15082804609706102,,-0.0012535094722183615,0.0,-0.003210672177374363,-0.006038933992385864,0.0008561615832149982,0.48,0.52,0.52,0.48,0.008463128516369878
2026-08-07 18:15:00+00:00,5,1913.78,1913.7709258726018,0.4974977575720342,0.546583850931677,9.405027516695696e-05,1.0,-4.741479642689228e-06,-0.0010345744667574763,0.0010182862170040607,0.52,0.48,0.52,0.48,0.003444146006733817
2026-08-07 18:15:00+00:00,10,1913.78,1913.645835895381,0.47532396383815756,0.5333333333333333,-0.0006638284325743982,0.0,-7.010670378804207e-05,-0.001618414418771863,0.0014843285316601396,0.48,0.52,0.52,0.48,0.003444146006733817
2026-08-07 18:15:00+00:00,15,1913.78,1913.6094149848095,0.47453517572481063,,-0.0002403908976589264,0.0,-8.913909550756216e-05,-0.002036851132288575,0.0018724044784903526,0.52,0.48,0.52,0.48,0.003444146006733817
2026-08-08 00:00:00+00:00,5,1913.69,1913.6181716499602,0.44328749184281213,0.45454545454545453,0.0006111974697589062,1.0,-3.753465716727078e-05,-0.0004552520695142448,0.0003245746484026313,0.52,0.48,0.52,0.48,-0.0006007527874070107
2026-08-08 00:00:00+00:00,10,1913.69,1913.574641288583,0.44004774659571055,0.5333333333333333,0.00012540429839713596,1.0,-6.028258940204978e-05,-0.0006907940842211246,0.0004950215807184577,0.52,0.48,0.52,0.48,-0.0006007527874070107
2026-08-08 00:00:00+00:00,15,1913.69,1913.5653620184808,0.4517122236153879,,0.00031870511948195457,1.0,-6.513178232125938e-05,-0.0009063474135473371,0.000671886489726603,0.52,0.48,0.52,0.48,-0.0006007527874070107
2026-08-08 06:00:00+00:00,5,1917.81,1917.8830782122238,0.542074010183213,0.546583850931677,-0.00034941785776432255,0.0,3.810430644080043e-05,-0.0004482101066969335,0.0005602016462944448,0.48,0.52,0.52,0.48,0.000412013054646998
2026-08-08 06:00:00+00:00,10,1917.81,1917.8314488336443,0.509166858299881,0.5420560747663551,-0.00015644066237552323,0.0,1.1183961760252714e-05,-0.0006541099864989519,0.0007126208511181176,0.48,0.52,0.52,0.48,0.000412013054646998
2026-08-08 06:00:00+00:00,15,1917.81,1917.756965515374,0.48094587039471626,,-0.0004693954273191636,0.0,-2.765405224636197e-05,-0.0008194113033823669,0.0007940767100080848,0.48,0.52,0.52,0.48,0.000412013054646998
2026-08-08 11:45:00+00:00,5,1919.61,1919.5389276053754,0.4225894937964355,0.4390514353671509,0.00020314563267742614,1.0,-3.702507819980383e-05,-0.0003530843532644212,0.00024134584236890078,0.48,0.52,0.52,0.48,-0.0007811035828000357
2026-08-08 11:45:00+00:00,10,1919.61,1919.4451096516395,0.4020472952074243,0.47368421052631576,0.0005155968147221301,1.0,-8.590152719989419e-05,-0.0006767086451873183,0.0003961077891290188,0.52,0.48,0.52,0.48,-0.0007811035828000357
2026-08-08 11:45:00+00:00,15,1919.61,1919.362627669885,0.393393394618324,,0.0006041069036291091,1.0,-0.00012887423508800566,-0.0009016831172630191,0.0005183513276278973,0.52,0.48,0.52,0.48,-0.0007811035828000357
2026-08-08 17:30:00+00:00,5,1923.92,1923.7134141068316,0.35186144080013304,0.36363636363636365,0.0008157094656349173,1.0,-0.0001073833554983139,-0.00046792428474873304,0.00032766349613666534,0.48,0.52,0.52,0.48,0.0008683964073075146
2026-08-08 17:30:00+00:00,10,1923.92,1923.6085058193541,0.35122355679594675,0.47368421052631576,0.0006235321217129552,1.0,-0.00016191910253837705,-0.0006651441799476743,0.0004612974589690566,0.48,0.52,0.52,0.48,0.0008683964073075146
2026-08-08 17:30:00+00:00,15,1923.92,1923.5491405673963,0.35297553131284143,,0.0005767806964360744,1.0,-0.0001927809789776802,-0.0008072694763541222,0.0005518401158042252,0.48,0.52,0.52,0.48,0.0008683964073075146
2026-08-08 23:30:00+00:00,5,1916.91,1916.8610246527387,0.45801744586425897,0.5333333333333333,0.0007144366032827421,1.0,-2.554943785071373e-05,-0.0003740178653970361,0.00031492835842072964,0.52,0.48,0.52,0.48,-0.001938742613863731
2026-08-08 23:30:00+00:00,10,1916.91,1916.8068813798754,0.4420260599886586,0.5333333333333333,0.0008968750764140054,1.0,-5.3795636631548405e-05,-0.0005972114158794284,0.0004908632836304605,0.5,0.5,0.52,0.48,-0.001938742613863731
2026-08-08 23:30:00+00:00,15,1916.91,1916.8092282045336,0.4580290814121539,,0.0008916630104813805,1.0,-5.257129669189453e-05,-0.0007624061545357108,0.0006555818254128098,0.48,0.52,0.52,0.48,-0.001938742613863731
2026-08-09 05:15:00+00:00,5,1913.82,1913.7134571047948,0.39001024782429206,0.4375,0.00045448491187194406,1.0,-5.567182961385697e-05,-0.0003596465103328228,0.00022975241881795228,0.52,0.48,0.52,0.52,-0.000940085303628102
2026-08-09 05:15:00+00:00,10,1913.82,1913.5645226166218,0.33282893798235147,0.47368421052631576,0.0002507758390617454,1.0,-0.00013349972141440958,-0.0005827315617352724,0.00028626734274439514,0.48,0.52,0.52,0.48,-0.000940085303628102
2026-08-09 05:15:00+00:00,15,1913.82,1913.381831845032,0.2753268433547751,,0.00010972216790605671,1.0,-0.00022897572489455342,-0.0007795658893883228,0.0002869618474505842,0.48,0.52,0.52,0.52,-0.000940085303628102
2026-08-09 11:15:00+00:00,5,1920.7,1920.7100416296373,0.5129617229575668,0.546583850931677,0.00014576955940892589,1.0,5.228095687925816e-06,-0.00026334624271839857,0.00023611937649548054,0.48,0.52,0.52,0.52,-0.0006818105195280921
2026-08-09 11:15:00+00:00,10,1920.7,1920.7001218614091,0.5000908150189711,0.5420560747663551,0.0001145350139992729,1.0,6.344635039567947e-08,-0.0005179935251362622,0.0003918790025636554,0.48,0.52,0.52,0.48,-0.0006818105195280921
2026-08-09 11:15:00+00:00,15,1920.7,1920.7091718255322,0.504776824731559,,5.2062996236834636e-05,1.0,4.775240086019039e-06,-0.0007943118689581752,0.0005442082183435559,0.48,0.52,0.52,0.52,-0.0006818105195280921
2026-08-09 17:00:00+00:00,5,1923.91,1923.749201335125,0.36600355239786864,0.36363636363636365,0.00036377620889016526,1.0,-8.358259219676256e-05,-0.000529785524122417,0.0002646871143952012,0.52,0.48,0.52,0.52,-0.0015529203470858732
2026-08-09 17:00:00+00:00,10,1923.91,1923.6191970280672,0.36437416427245395,0.47368421052631576,0.00020788832314178052,1.0,-0.00015116349095478654,-0.0010024462826550007,0.0004283327725715935,0.52,0.48,0.52,0.48,-0.0015529203470858732
2026-08-09 17:00:00+00:00,15,1923.91,1923.4411285062936,0.34240067364044635,,7.79631858227603e-05,1.0,-0.00024373730411753058,-0.0013788777869194746,0.0005254517891444266,0.52,0.48,0.52,0.52,-0.0015529203470858732
2026-08-09 22:45:00+00:00,5,1917.1,1917.0689849522064,0.4949150743876648,0.546583850931677,0.00022948699326708066,1.0,-1.617823727428913e-05,-0.0018588630482554436,0.0017644423060119152,0.52,0.48,0.52,0.52,-0.004610917184416863
2026-08-09 22:45:00+00:00,10,1917.1,1917.89545017629,0.5925885325090141,0.5420560747663551,0.0015480161645680113,1.0,0.00041483761742711067,-0.0021388311870396137,0.0028865630738437176,0.52,0.48,0.52,0.48,-0.004610917184416863
2026-08-09 22:45:00+00:00,15,1917.1,1918.3769004372678,0.6225329526912246,,0.0011052259539363618,1.0,0.0006658366182819009,-0.002439406467601657,0.0034932103008031845,0.52,0.48,0.52,0.52,-0.004610917184416863
2026-08-10 04:45:00+00:00,5,1917.43,1917.9969684908988,0.6343358685465127,0.546583850931677,5.73668112293646e-05,1.0,0.0002956481766887009,-0.0009493331890553236,0.0015374163631349802,0.48,0.52,0.52,0.52,-0.0012665189885696648
2026-08-10 04:45:00+00:00,10,1917.43,1918.4081267242057,0.6651450552336058,0.625,-0.0003442699945326311,0.0,0.0005099937552586198,-0.0012104661436751485,0.0022388179786503315,0.52,0.48,0.52,0.52,-0.0012665189885696648
2026-08-10 04:45:00+00:00,15,1917.43,1918.820261926034,0.6860970794968915,,-0.0007043153954509052,0.0,0.000724802550394088,-0.0013634536880999804,0.0028846196364611387,0.52,0.48,0.52,0.52,-0.0012665189885696648
2026-08-10 10:30:00+00:00,5,1919.43,1919.463625210211,0.515095649417386,0.546583850931677,-0.0006462338861865646,0.0,1.751817762851715e-05,-0.0006239600479602814,0.000670251261908561,0.52,0.48,0.52,0.52,-0.0011247013697879282
2026-08-10 10:30:00+00:00,10,1919.43,1919.6792334945565,0.5729800142778527,0.5420560747663551,-0.0010320886635808435,0.0,0.00012983923079445958,-0.0008901894325390458,0.0011506045702844858,0.52,0.48,0.52,0.52,-0.0011247013697879282
2026-08-10 10:30:00+00:00,15,1919.43,1919.884366535294,0.5993151084745374,,-0.0011207520115146252,0.0,0.000236691499594599,-0.001120130647905171,0.0015626770909875631,0.48,0.52,0.52,0.52,-0.0011247013697879282
2026-08-10 16:30:00+00:00,5,1875.22,1875.1600476009385,0.486327124998133,0.5440939679228797,1.5997994918137692e-05,1.0,-3.197137266397476e-05,-0.00150357186794281,0.0012185457162559032,0.52,0.48,0.52,0.52,-0.0010819541251665399
2026-08-10 16:30:00+00:00,10,1875.22,1874.8590892485265,0.4452221240459704,0.5333333333333333,0.0014654203448936087,1.0,-0.00019248167518526316,-0.0023528586607426405,0.0017628073692321777,0.48,0.52,0.52,0.52,-0.0010819541251665399
2026-08-10 16:30:00+00:00,15,1875.22,1874.5893877077574,0.42938481884935564,,-0.0012593116005454874,0.0,-0.00033634365536272526,-0.003160040592774749,0.002260345034301281,0.48,0.52,0.52,0.52,-0.0010819541251665399
2026-08-10 22:15:00+00:00,5,1877.36,1877.4193165669828,0.5257817375915158,0.546583850931677,-0.00012784726530767898,0.0,3.1595234759151936e-05,-0.0006178774056024849,0.0007083836244419217,0.48,0.52,0.52,0.52,0.0006927016171820455
2026-08-10 22:15:00+00:00,10,1877.36,1877.4230871743405,0.5182210068698132,0.5420560747663551,-0.0008792802192898463,0.0,3.3603631891310215e-05,-0.0009366509038954973,0.0010553670581430197,0.48,0.52,0.52,0.52,0.0006927016171820455
2026-08-10 22:15:00+00:00,15,1877.36,1877.4281416185036,0.5159109884053237,,-0.0002237434417873274,0.0,3.629585262387991e-05,-0.0011910987086594105,0.0013202454429119825,0.48,0.52,0.52,0.52,0.0006927016171820455
2026-08-11 04:00:00+00:00,5,1881.05,1881.1032666270635,0.5466361436728058,0.546583850931677,-0.0003456114032989177,0.0,2.8317095711827278e-05,-0.0002917083911597729,0.00034981255885213614,0.48,0.52,0.52,0.48,0.001250083280021741
2026-08-11 04:00:00+00:00,10,1881.05,1881.1376197831619,0.5563580098232686,0.5420560747663551,-0.0006381451464934074,0.0,4.657916724681854e-05,-0.0004151799366809428,0.0005070307524874806,0.48,0.52,0.52,0.48,0.001250083280021741
2026-08-11 04:00:00+00:00,15,1881.05,1881.1448868689217,0.5495367533405892,,-0.0006168670793913478,0.0,5.044229328632355e-05,-0.0005185999907553196,0.000623286934569478,0.48,0.52,0.52,0.48,0.001250083280021741
2026-08-11 10:00:00+00:00,5,1884.54,1884.0253657995522,0.3340215584347046,0.3333333333333333,0.0018713840180639707,1.0,-0.0002731194254010916,-0.0011415054323151708,0.0006157062016427517,0.48,0.52,0.52,0.48,0.002981293410172725
2026-08-11 10:00:00+00:00,10,1884.54,1883.9604886163997,0.36417831000304246,0.47368421052631576,0.001140211672548297,1.0,-0.0003075554268434644,-0.0014945168513804674,0.0009137478191405535,0.48,0.52,0.52,0.48,0.002981293410172725
2026-08-11 10:00:00+00:00,15,1884.54,1883.8857601202683,0.3764460958829826,,-0.00020696846988865758,0.0,-0.00034722185228019953,-0.0017580129206180573,0.0011498599778860807,0.48,0.52,0.52,0.48,0.002981293410172725
2026-08-11 15:45:00+00:00,5,1858.5,1859.4553780883452,0.6081705810316309,0.546583850931677,0.0009841805878263443,1.0,0.0005139266140758991,-0.0020219003781676292,0.0030002379789948463,0.52,0.48,0.52,0.48,-0.010395070614507063
2026-08-11 15:45:00+00:00,10,1858.5,1859.1554947304091,0.5485357917222929,0.5420560747663551,0.00013450803705783443,1.0,0.00035263877362012863,-0.003455911763012409,0.004120927304029465,0.52,0.48,0.52,0.48,-0.010395070614507063
2026-08-11 15:45:00+00:00,15,1858.5,1858.776777813178,0.5160487941235069,,0.0016290194810579806,1.0,0.00014891428872942924,-0.004704571329057217,0.004870540462434292,0.52,0.48,0.52,0.48,-0.010395070614507063
2026-08-11 21:30:00+00:00,5,1880.83,1881.4593179710205,0.7030333619544982,0.5555555555555556,-0.00018078759633599617,0.0,0.00033453991636633873,-0.000507303630001843,0.0012903173919767141,0.52,0.48,0.52,0.48,-0.00011164660140750016
2026-08-11 21:30:00+00:00,10,1880.83,1881.5526540826086,0.6878634456820483,0.625,0.0005421667667651064,1.0,0.00038414704613387585,-0.000720747048035264,0.001602808479219675,0.52,0.48,0.52,0.48,-0.00011164660140750016
2026-08-11 21:30:00+00:00,15,1880.83,1881.6160935299392,0.682251780170029,,0.0011318379757572217,1.0,0.00041786301881074905,-0.0008316951571032405,0.0018463635351508856,0.52,0.48,0.52,0.48,-0.00011164660140750016
2026-08-12 03:30:00+00:00,5,1883.74,1883.4824809730221,0.3871100266622156,0.4375,0.0012891556225689271,1.0,-0.00013671559281647205,-0.0007644710130989552,0.0005179412546567619,0.52,0.48,0.52,0.48,-0.0009391789507748882
2026-08-12 03:30:00+00:00,10,1883.74,1883.424135026196,0.3964633252460025,0.47368421052631576,0.0017397027799495035,1.0,-0.00016769376816228032,-0.0010274323867633939,0.0007193421479314566,0.48,0.52,0.52,0.52,-0.0009391789507748882
2026-08-12 03:30:00+00:00,15,1883.74,1883.421381787586,0.41207086805960036,,0.0012573446223225204,1.0,-0.00016915559535846114,-0.0011930185137316585,0.0008830869337543845,0.52,0.48,0.52,0.52,-0.0009391789507748882
2026-08-12 09:15:00+00:00,5,1893.73,1893.744663458702,0.5054239297783228,0.546583850931677,0.0011927003936493819,1.0,7.743132300674915e-06,-0.0007050166605040431,0.0007348600775003433,0.48,0.52,0.52,0.48,0.0006814274318989177
2026-08-12 09:15:00+00:00,10,1893.73,1893.7933784472716,0.5175854163123839,0.5420560747663551,0.0037685076789522043,1.0,3.3466960303485394e-05,-0.0009768676245585084,0.0010351696982979774,0.48,0.52,0.52,0.52,0.0006814274318989177
2026-08-12 09:15:00+00:00,15,1893.73,1893.8806878654061,0.5339507804063418,,0.005818087181720166,1.0,7.95688247308135e-05,-0.0011605136096477509,0.0013109196443110704,0.48,0.52,0.52,0.52,0.0006814274318989177
2026-08-12 15:15:00+00:00,5,1893.94,1893.724005823516,0.46411044686558867,0.5333333333333333,-0.00011088611215637201,0.0,-0.00011405139230191708,-0.0018249333370476961,0.0015961328754201531,0.48,0.52,0.52,0.48,-0.002783960291783849
2026-08-12 15:15:00+00:00,10,1893.94,1893.2880027989884,0.4269356434885333,0.5044950417301862,-0.0007341892161019103,0.0,-0.00034431368112564087,-0.0029637522529810667,0.002255620900541544,0.48,0.52,0.52,0.52,-0.002783960291783849
2026-08-12 15:15:00+00:00,15,1893.94,1893.1332419007433,0.4297479862007434,,0.0006914406784517269,1.0,-0.0004260588902980089,-0.003729625605046749,0.0029396156314760447,0.48,0.52,0.52,0.52,-0.002783960291783849
2026-08-12 21:00:00+00:00,5,1888.05,1888.2295416983154,0.5490256805471025,0.546583850931677,-0.0007629826632635783,0.0,9.508919902145863e-05,-0.0008801840012893081,0.0011295326985418797,0.48,0.52,0.52,0.48,0.004480241910204796
2026-08-12 21:00:00+00:00,10,1888.05,1888.34782465033,0.5595529155692771,0.5420560747663551,1.5889283472958482e-05,1.0,0.0001577294897288084,-0.0012582693016156554,0.0016090241260826588,0.48,0.52,0.52,0.52,0.004480241910204796
2026-08-12 21:00:00+00:00,15,1888.05,1888.3858965265324,0.5544682989773404,,-0.0006940783739439738,0.0,0.00017789076082408428,-0.0015703464159741998,0.0020252526737749577,0.48,0.52,0.52,0.52,0.004480241910204796
2026-08-13 02:45:00+00:00,5,1876.66,1876.5657465646211,0.4715031721340982,0.5333333333333333,0.0009853083347337588,1.0,-5.022529512643814e-05,-0.0010847941739484668,0.0008580675348639488,0.48,0.52,0.52,0.52,0.0007089571431198038
2026-08-13 02:45:00+00:00,10,1876.66,1876.4716409478074,0.45760271473543523,0.5333333333333333,0.002883947150683852,1.0,-0.00010037433821707964,-0.0014629197539761662,0.0011416519992053509,0.48,0.52,0.52,0.48,0.0007089571431198038
2026-08-13 02:45:00+00:00,15,1876.66,1876.4336286211799,0.4587962305760106,,0.003425753930147657,1.0,-0.0001206318847835064,-0.001767832087352872,0.0014114775694906712,0.48,0.52,0.52,0.48,0.0007089571431198038
2026-08-13 08:45:00+00:00,5,1891.27,1890.5311599822905,0.23408310695451418,0.3333333333333333,-0.0009204401834770337,0.0,-0.00039073446532711387,-0.0011728104436770082,0.0003007205086760223,0.52,0.48,0.52,0.52,-0.002961870095547603
2026-08-13 08:45:00+00:00,10,1891.27,1890.0573834957004,0.22592291819067534,0.3076923076923077,-0.0008357666264489083,0.0,-0.0006413708324544132,-0.0019136543851345778,0.0004567329306155443,0.52,0.48,0.52,0.48,-0.002961870095547603
2026-08-13 08:45:00+00:00,15,1891.27,1889.7221668604648,0.22791342265137027,,-0.00079872419963678,0.0,-0.0008187444764189422,-0.002435790840536356,0.000608106842264533,0.52,0.48,0.52,0.48,-0.002961870095547603
2026-08-13 14:30:00+00:00,5,1890.87,1890.6855903112332,0.45020261360404357,0.5,0.002709363214542293,1.0,-9.753112681210041e-05,-0.0010799746960401535,0.0010241958079859614,0.52,0.48,0.52,0.52,0.0011271005344397622
2026-08-13 14:30:00+00:00,10,1890.87,1890.805577686463,0.48895149309618735,0.5333333333333333,0.0024561666060245457,1.0,-3.407077747397125e-05,-0.0015619749901816249,0.0016669010510668159,0.52,0.48,0.52,0.48,0.0011271005344397622
2026-08-13 14:30:00+00:00,15,1890.87,1891.0297583590643,0.5225448050302508,,0.0024034092424036757,1.0,8.448577136732638e-05,-0.0018723972607403994,0.0021793178748339415,0.52,0.48,0.52,0.48,0.0011271005344397622
2026-08-13 20:30:00+00:00,5,1887.68,1887.3975428344693,0.37887034407630626,0.4375,0.0006037336341195854,1.0,-0.00014964310685172677,-0.0008064828580245376,0.0005275559378787875,0.48,0.52,0.52,0.52,-0.00045018683513653457
2026-08-13 20:30:00+00:00,10,1887.68,1887.3686269826128,0.40532956796847674,0.47368421052631576,-0.0001483412274776441,0.0,-0.00016496371245011687,-0.0011578088160604239,0.0008507774909958243,0.52,0.48,0.52,0.48,-0.00045018683513653457
2026-08-13 20:30:00+00:00,15,1887.68,1887.3750392618902,0.4273963856272577,,-0.0006200006027672345,0.0,-0.0001615662476979196,-0.001416160725057125,0.0011045432183891535,0.48,0.52,0.52,0.48,-0.00045018683513653457
2026-08-14 02:15:00+00:00,5,1888.88,1889.1018853362154,0.5730650764599072,0.546583850931677,-0.0007361567128079116,0.0,0.00011746236123144627,-0.000720097916200757,0.0010016089072450995,0.52,0.48,0.52,0.48,0.0013986312648901489
2026-08-14 02:15:00+00:00,10,1888.88,1889.255204888711,0.5955421057258904,0.5420560747663551,-0.0013297134599481453,0.0,0.00019861909095197916,-0.0009007205371744931,0.0013401727192103863,0.52,0.48,0.52,0.48,0.0013986312648901489
2026-08-14 02:15:00+00:00,15,1888.88,1889.3336019658634,0.5973548210169974,,-0.0009428016736574563,0.0,0.00024011451750993729,-0.0010580606758594513,0.001594433095306158,0.52,0.48,0.52,0.48,0.0013986312648901489
2026-08-14 08:00:00+00:00,5,1874.65,1874.8224316494614,0.5723074782914293,0.546583850931677,-0.0002667520288976988,0.0,9.197648614645004e-05,-0.000612196046859026,0.0007808580994606018,0.52,0.48,0.52,0.48,0.0011101564432429711
2026-08-14 08:00:00+00:00,10,1874.65,1875.0195726904628,0.6041055324768219,0.5420560747663551,0.0003573361958251198,1.0,0.00019712280482053757,-0.0008408068679273129,0.0012169372057542205,0.52,0.48,0.52,0.48,0.0011101564432429711
2026-08-14 08:00:00+00:00,15,1874.65,1875.0325704963557,0.5857015594120644,,6.400990021937503e-05,1.0,0.00020405487157404423,-0.0010863076895475388,0.0014834244502708316,0.52,0.48,0.52,0.48,0.0011101564432429711
2026-08-14 14:00:00+00:00,5,1870.25,1870.2808674528264,0.5072001852725584,0.546583850931677,-0.0003690027075329283,0.0,1.6504316590726376e-05,-0.0011749090626835823,0.0013102093944326043,0.48,0.52,0.52,0.48,-0.0015814250008761022
2026-08-14 14:00:00+00:00,10,1870.25,1870.2201781232866,0.4948819842077652,0.5420560747663551,-0.0011823589167558879,0.0,-1.594552304595709e-05,-0.0016138078644871712,0.001651235157623887,0.48,0.52,0.52,0.48,-0.0015814250008761022
2026-08-14 14:00:00+00:00,15,1870.25,1870.3063818051724,0.5080231479502018,,-0.000855866751005685,0.0,3.0146213248372078e-05,-0.0019380575977265835,0.0020524936262518167,0.48,0.52,0.52,0.48,-0.0015814250008761022
2026-08-14 19:45:00+00:00,5,1880.02,1880.164427200845,0.5509181906183555,0.546583850931677,7.978320248636095e-05,1.0,7.681921124458313e-05,-0.0007120779482647777,0.0008559590205550194,0.48,0.52,0.52,0.48,0.0015064372420967587
2026-08-14 19:45:00+00:00,10,1880.02,1880.1511627945338,0.5322156138645238,0.5420560747663551,0.001026058245718886,1.0,6.976426811888814e-05,-0.0011107376776635647,0.0012173004215583205,0.48,0.52,0.52,0.48,0.0015064372420967587
2026-08-14 19:45:00+00:00,15,1880.02,1880.2525634659683,0.5449431301471552,,0.0003190946248992077,1.0,0.0001236950047314167,-0.001393793849274516,0.0015898352721706033,0.48,0.52,0.52,0.48,0.0015064372420967587
2026-08-15 01:45:00+00:00,5,1883.82,1883.964611657107,0.6102051883206064,0.546583850931677,0.00018577544049058758,1.0,7.676216773688793e-05,-0.00028470909455791116,0.0004219105467200279,0.52,0.48,0.52,0.48,0.0005469108963627178
2026-08-15 01:45:00+00:00,10,1883.82,1883.9470764784592,0.571082666431127,0.5420560747663551,1.592496158142609e-05,1.0,6.745452992618084e-05,-0.00046371412463486195,0.0005657077999785542,0.52,0.48,0.52,0.52,0.0005469108963627178
2026-08-15 01:45:00+00:00,15,1883.82,1883.9504200194792,0.5581801763284682,,0.0002653829225742754,1.0,6.922928150743246e-05,-0.0006033790414221585,0.0007109260186553001,0.48,0.52,0.52,0.48,0.0005469108963627178
2026-08-15 07:30:00+00:00,5,1881.14,1881.1993348206577,0.5378016265335079,0.546583850931677,5.3159113200251795e-06,1.0,3.154145088046789e-05,-0.00043618306517601013,0.0004314200778026134,0.52,0.48,0.52,0.48,7.974206105565429e-05
2026-08-15 07:30:00+00:00,10,1881.14,1881.3266492227422,0.5835162751454653,0.5420560747663551,0.00017541015457123166,1.0,9.921641321852803e-05,-0.000570905685890466,0.0006832043873146176,0.52,0.48,0.52,0.52,7.974206105565429e-05
2026-08-15 07:30:00+00:00,15,1881.14,1881.3225771314092,0.5640814902926894,,5.31578415916556e-05,1.0,9.705193224363029e-05,-0.0007487433031201363,0.0008353871526196599,0.52,0.48,0.52,0.48,7.974206105565429e-05
2026-08-15 13:15:00+00:00,5,1884.21,1884.0061784207064,0.4195873768449727,0.4375,-0.0004352903774007544,0.0,-0.00010817934526130557,-0.0009055346017703414,0.0006607185350731015,0.48,0.52,0.52,0.48,0.0029445552357962868
2026-08-15 13:15:00+00:00,10,1884.21,1883.6191957213296,0.36083902122630607,0.47368421052631576,-0.0005786591726320012,0.0,-0.00031360459979623556,-0.0015533167170360684,0.0008840612135827541,0.52,0.48,0.52,0.52,0.0029445552357962868
2026-08-15 13:15:00+00:00,15,1884.21,1883.3031916125778,0.3319747643073814,,-0.000583969522770289,0.0,-0.00048138300189748406,-0.001975199906155467,0.0010401790495961905,0.48,0.52,0.52,0.48,0.0029445552357962868
2026-08-15 19:15:00+00:00,5,1883.61,1883.6831349439442,0.5718806726736952,0.546583850931677,0.00011148183255826893,1.0,3.8826256059110165e-05,-0.0003094407729804516,0.0004963323590345681,0.48,0.52,0.52,0.48,-0.0006474828006401978
2026-08-15 19:15:00+00:00,10,1883.61,1883.6716176163864,0.5363474113696843,0.5420560747663551,0.0003715577868179665,1.0,3.2711977837607265e-05,-0.0004928389680571854,0.0006646008114330471,0.48,0.52,0.52,0.52,-0.0006474828006401978
2026-08-15 19:15:00+00:00,15,1883.61,1883.6132583275632,0.5015860922685591,,0.0003025646356871192,1.0,1.7298298189416528e-06,-0.0006010143551975489,0.0007141620735637844,0.48,0.52,0.52,0.48,-0.0006474828006401978
2026-08-16 01:00:00+00:00,5,1881.45,1881.7307923761791,0.6812162253707401,0.5555555555555556,0.00031885213502480525,1.0,0.00014923140406608582,-0.0002889700699597597,0.0005239431047812104,0.52,0.48,0.52,0.52,-0.0005419881532917614
2026-08-16 01:00:00+00:00,10,1881.45,1881.7162373858828,0.6474382792970372,0.6071428571428571,-0.0005688720802670133,0.0,0.0001414964790455997,-0.00040012551471590996,0.0006115625146776438,0.52,0.48,0.52,0.52,-0.0005419881532917614
2026-08-16 01:00:00+00:00,15,1881.45,1881.6885292716,0.6178198496360702,,-6.37826288230059e-05,0.0,0.0001267714542336762,-0.0005153032252565026,0.0006763830315321684,0.52,0.48,0.52,0.52,-0.0005419881532917614
2026-08-16 07:00:00+00:00,5,1880.57,1880.721292142985,0.6443062216580072,0.546583850931677,-0.00032442235820528964,0.0,8.044691639952362e-05,-0.00023023929679766297,0.001045977813191712,0.52,0.48,0.52,0.52,0.0003988948007762616
2026-08-16 07:00:00+00:00,10,1880.57,1881.484118209831,0.812154766207648,0.8187485596514643,-0.00018081259355806623,0.0,0.0004859676118940115,-0.0001931042643263936,0.0017481137765571475,0.52,0.48,0.52,0.52,0.0003988948007762616
2026-08-16 07:00:00+00:00,15,1880.57,1882.0215222063798,0.8198702410718413,,-1.0635129961578116e-05,0.0,0.0007715545361861587,-0.00025634432677179575,0.0019776951521635056,0.52,0.48,0.52,0.52,0.0003988948007762616
2026-08-16 12:45:00+00:00,5,1879.62,1879.9207680675556,0.8209751124870721,0.99,0.00028725085175906884,1.0,0.00016000255709514022,-7.136215572245419e-05,0.0003926251665689051,0.48,0.52,0.52,0.52,-0.0004893408888761996
2026-08-16 12:45:00+00:00,10,1879.62,1879.8752861161586,0.7108464223592115,0.6363636363636364,0.00023406247447077533,1.0,0.00013580871745944023,-0.0002016611397266388,0.00044995680218562484,0.52,0.48,0.52,0.52,-0.0004893408888761996
2026-08-16 12:45:00+00:00,15,1879.62,1879.859640258424,0.679197471543377,,0.00015427460377992475,1.0,0.00012748586595989764,-0.0002568337076809257,0.000493715750053525,0.52,0.48,0.52,0.52,-0.0004893408888761996
2026-08-16 18:30:00+00:00,5,1885.86,1885.7356447369464,0.43995531999469994,0.45454545454545453,0.0001007447156267105,1.0,-6.594305159524083e-05,-0.0007387548685073853,0.0005236916476860642,0.48,0.52,0.52,0.52,-0.0006785051943314357
2026-08-16 18:30:00+00:00,10,1885.86,1885.7416642186258,0.4575859069382976,0.5333333333333333,-0.0006524351177867871,0.0,-6.275094347074628e-05,-0.0009428709745407104,0.0007501736981794238,0.52,0.48,0.52,0.52,-0.0006785051943314357
2026-08-16 18:30:00+00:00,15,1885.86,1885.7254297731938,0.4608120194425389,,-0.0003818615798190095,0.0,-7.136003114283085e-05,-0.0010844916105270386,0.0009207057300955057,0.48,0.52,0.52,0.52,-0.0006785051943314357
2026-08-17 00:30:00+00:00,5,1875.63,1875.3439243266505,0.39851484249924674,0.4375,-0.0010722145456103505,0.0,-0.0001525340776424855,-0.001070429920218885,0.0006432074005715549,0.48,0.52,0.52,0.52,0.0010295173646852618
2026-08-17 00:30:00+00:00,10,1875.63,1875.211270840277,0.3798302055189876,0.47368421052631576,-0.0008000512459522824,0.0,-0.0002232721308246255,-0.0013577226782217622,0.000739227922167629,0.48,0.52,0.52,0.48,0.0010295173646852618
2026-08-17 00:30:00+00:00,15,1875.63,1875.177826741887,0.38720765945985414,,0.0012361533764710941,1.0,-0.00024110713275149465,-0.0015362289268523455,0.0008514026994816959,0.48,0.52,0.52,0.48,0.0010295173646852618
2026-08-17 06:15:00+00:00,5,1900.71,1900.8036493865097,0.5454837773646144,0.546583850931677,7.891476420418542e-05,1.0,4.9269525334239006e-05,-0.0005410555750131607,0.0006837586406618357,0.52,0.48,0.52,0.52,-0.00026302499941177615
2026-08-17 06:15:00+00:00,10,1900.71,1900.9802486828507,0.5794938455630122,0.5420560747663551,-0.0001578482134858561,0.0,0.0001421729102730751,-0.0007954423781484365,0.001247071661055088,0.48,0.52,0.52,0.48,-0.00026302499941177615
2026-08-17 06:15:00+00:00,15,1900.71,1901.2981246730494,0.6246247024743067,,0.0001104789262571515,1.0,0.00030937581323087215,-0.0009565893560647964,0.0019114324823021889,0.48,0.52,0.52,0.48,-0.00026302499941177615
2026-08-17 12:15:00+00:00,5,1903.03,1902.6215798134365,0.39746093865303633,0.4375,-0.00012612262288680398,0.0,-0.00021463877055794,-0.001445314846932888,0.0008725888328626752,0.52,0.48,0.52,0.52,-0.0017902757658045942
2026-08-17 12:15:00+00:00,10,1903.03,1902.1613028337656,0.3474439437284381,0.47368421052631576,-0.0005361310390599172,0.0,-0.0004565852868836373,-0.002184559591114521,0.0010810295352712274,0.52,0.48,0.52,0.48,-0.0017902757658045942
2026-08-17 12:15:00+00:00,15,1903.03,1901.6942163212427,0.3126840359959192,,-0.001177763542401955,0.0,-0.0007021711207926273,-0.002831647638231516,0.0012141373008489609,0.52,0.48,0.52,0.48,-0.0017902757658045942
2026-08-17 18:00:00+00:00,5,1908.03,1907.9632955738941,0.4791604588046624,0.5333333333333333,0.0001781783884808874,1.0,-3.496045246720314e-05,-0.0009813918732106686,0.0008733168942853808,0.52,0.48,0.52,0.52,0.000492776121864047
2026-08-17 18:00:00+00:00,10,1908.03,1907.8856806591566,0.46780800810164314,0.5333333333333333,-0.00034072354283765094,0.0,-7.564073894172907e-05,-0.0014745830558240414,0.0012289542937651277,0.52,0.48,0.52,0.48,0.000492776121864047
2026-08-17 18:00:00+00:00,15,1908.03,1907.6884404045804,0.44088208870708256,,0.00027249527232076076,1.0,-0.00017902767285704613,-0.001932390732690692,0.0014828816056251526,0.52,0.48,0.52,0.48,0.000492776121864047
2026-08-17 23:45:00+00:00,5,1912.91,1912.4382862116279,0.37168187581019674,0.4043142244749357,0.0006114466128481766,1.0,-0.00024662527721375227,-0.0012336567742750049,0.0008005168056115508,0.52,0.48,0.52,0.52,0.004390383849227852
2026-08-17 23:45:00+00:00,10,1912.91,1912.2304414891541,0.3709281573248112,0.47368421052631576,-0.000256187049315848,0.0,-0.00035531166940927505,-0.0017918976955115795,0.0011546658352017403,0.52,0.48,0.52,0.48,0.004390383849227852
2026-08-17 23:45:00+00:00,15,1912.91,1911.971437654252,0.3617996343585237,,0.0005174022342817608,1.0,-0.000490766775328666,-0.0022312786895781755,0.0014333742437884212,0.52,0.48,0.52,0.48,0.004390383849227852
2026-08-18 05:45:00+00:00,5,1895.63,1895.3973017509338,0.4297596226219038,0.45454545454545453,-0.00025324603515120003,0.0,-0.00012276263441890478,-0.001049842918291688,0.0007765048649162054,0.48,0.52,0.52,0.48,-0.001075580732696757
2026-08-18 05:45:00+00:00,10,1895.63,1895.2616222675656,0.41523690037424965,0.47368421052631576,0.0001055002559358087,1.0,-0.00019434886053204536,-0.0014324288349598646,0.0010634362697601318,0.48,0.52,0.52,0.48,-0.001075580732696757
2026-08-18 05:45:00+00:00,15,1895.63,1895.1736669518396,0.4122976907108946,,-0.0004062799324584532,0.0,-0.00024075794499367476,-0.00173292332328856,0.0012882923474535346,0.48,0.52,0.52,0.48,-0.001075580732696757
2026-08-18 11:30:00+00:00,5,1904.63,1904.5476457504285,0.4721878027923917,0.5333333333333333,-0.000231042686163363,0.0,-4.3239910155534744e-05,-0.0008778891060501337,0.0007867403328418732,0.52,0.48,0.52,0.48,0.004172229984481746
2026-08-18 11:30:00+00:00,10,1904.63,1904.4792891597833,0.46588628107933405,0.5333333333333333,-0.0001627745182712914,0.0,-7.913180161267519e-05,-0.0013213352067396045,0.0011538791004568338,0.48,0.52,0.52,0.48,0.004172229984481746
2026-08-18 11:30:00+00:00,15,1904.63,1904.3949587559368,0.45941263042149905,,0.00019424458604344608,1.0,-0.0001234128139913082,-0.0017056234646588564,0.0014903643168509007,0.48,0.52,0.52,0.48,0.004172229984481746
2026-08-18 17:30:00+00:00,5,1914.43,1914.2743434860538,0.45571498316605064,0.5249938121449217,-0.0005538429526597,0.0,-8.131028153002262e-05,-0.0011677935253828764,0.0008515864610671997,0.52,0.48,0.52,0.48,5.223500529005776e-06
2026-08-18 17:30:00+00:00,10,1914.43,1914.2451596050996,0.4602386234853526,0.5333333333333333,8.879533464689615e-05,1.0,-9.655579924583435e-05,-0.0016433852724730968,0.0011907380539923906,0.52,0.48,0.52,0.48,5.223500529005776e-06
2026-08-18 17:30:00+00:00,15,1914.43,1914.006161258903,0.4286380541014312,,-2.6117775497880302e-05,0.0,-0.00022141612134873867,-0.0021953016985207796,0.0013949440326541662,0.52,0.48,0.52,0.48,5.223500529005776e-06
2026-08-18 23:15:00+00:00,5,1917.17,1917.1402978180606,0.4865047188992243,0.546583850931677,4.1727301658411875e-05,1.0,-1.5492842067033052e-05,-0.0006495668203569949,0.0005864609847776592,0.48,0.52,0.52,0.48,0.0017175452206474873
2026-08-18 23:15:00+00:00,10,1917.17,1917.128285396095,0.4861820317729987,0.5333333333333333,0.0009540766643896248,1.0,-2.1758663933724165e-05,-0.0008714199066162109,0.0007969471625983715,0.48,0.52,0.52,0.48,0.0017175452206474873
2026-08-18 23:15:00+00:00,15,1917.17,1917.027132107282,0.4620192725578012,,0.0008654849341089843,1.0,-7.452297722920775e-05,-0.0011042577680200338,0.00095010781660676,0.48,0.52,0.52,0.48,0.0017175452206474873
2026-08-19 05:00:00+00:00,5,1910.41,1910.3416507249203,0.47333793707135463,0.5333333333333333,0.0011927494809462758,1.0,-3.5777920857071877e-05,-0.0007435595616698265,0.0006591323181055486,0.48,0.52,0.52,0.48,-0.000873776049774122
2026-08-19 05:00:00+00:00,10,1910.41,1910.3656002701173,0.4871630089307014,0.5333333333333333,0.0012398025228037568,1.0,-2.324121305719018e-05,-0.0009977932786569,0.0009452810045331717,0.52,0.48,0.52,0.48,-0.000873776049774122
2026-08-19 05:00:00+00:00,15,1910.41,1910.387893024208,0.49474393734095645,,0.001344356912092337,1.0,-1.1571915820240974e-05,-0.0012107654474675655,0.0011653028195723891,0.52,0.48,0.52,0.48,-0.000873776049774122
2026-08-19 11:00:00+00:00,5,1920.01,1920.0850024545484,0.5472329320152194,0.546583850931677,0.0013792495426860896,1.0,3.9062811993062496e-05,-0.000395815703086555,0.00048580358270555735,0.48,0.52,0.52,0.48,0.0004428040508175357
2026-08-19 11:00:00+00:00,10,1920.01,1920.145883765887,0.5559745167331771,0.5420560747663551,0.002216280678682736,1.0,7.076992187649012e-05,-0.0006321059190668166,0.0007869378896430135,0.48,0.52,0.52,0.48,0.0004428040508175357
2026-08-19 11:00:00+00:00,15,1920.01,1920.177018336745,0.5545793678446806,,0.002148720309570251,1.0,8.698448073118925e-05,-0.0008253316045738757,0.001018004142679274,0.48,0.52,0.52,0.48,0.0004428040508175357
2026-08-19 16:45:00+00:00,5,2090.26,2088.8276139239465,0.40866980013003706,0.4375,-0.0018291958077574222,0.0,-0.0006855018436908722,-0.006186479702591896,0.00481492280960083,0.52,0.48,0.52,0.48,0.0037961987783834417
2026-08-19 16:45:00+00:00,10,2090.26,2087.888684856223,0.4182889874551491,0.47368421052631576,0.0009468022225513906,1.0,-0.0011351034045219421,-0.012150434777140617,0.007987570017576218,0.52,0.48,0.52,0.48,0.0037961987783834417
2026-08-19 16:45:00+00:00,15,2090.26,2086.53348317424,0.4110892904873631,,-0.0012925403085342069,0.0,-0.001784391701221466,-0.019128799438476562,0.010523322969675064,0.52,0.48,0.52,0.48,0.0037961987783834417
2026-08-19 22:45:00+00:00,5,2255.87,2252.8340800282676,0.30054676028143756,0.3333333333333333,-0.0017614035438473508,0.0,-0.001346693141385913,-0.004987203981727362,0.0021040416322648525,0.52,0.48,0.52,0.48,-0.015016109704143688
2026-08-19 22:45:00+00:00,10,2255.87,2251.114185870484,0.2952410736058174,0.3076923076923077,-0.003423603986111523,0.0,-0.0021104204934090376,-0.007969032041728497,0.003308428917080164,0.48,0.52,0.52,0.48,-0.015016109704143688
2026-08-19 22:45:00+00:00,15,2255.87,2250.1974409383197,0.3129699002646368,,-0.003414707861708166,0.0,-0.002517743967473507,-0.010195489041507244,0.004738754127174616,0.52,0.48,0.52,0.48,-0.015016109704143688
2026-08-20 04:30:00+00:00,5,2255.2,2255.8261246867005,0.5945169675536709,0.546583850931677,-0.0022062276035503814,0.0,0.00027759745717048645,-0.0013118588831275702,0.001835532020777464,0.52,0.48,0.52,0.52,0.00865744581161465
2026-08-20 04:30:00+00:00,10,2255.2,2256.008280751573,0.5826693244211542,0.5420560747663551,-0.0020684733968296953,0.0,0.0003583433572202921,-0.0021825055591762066,0.002754068234935403,0.52,0.48,0.52,0.52,0.00865744581161465
2026-08-20 04:30:00+00:00,15,2255.2,2256.4023973849885,0.5994069857315305,,-0.0010203856168056191,0.0,0.0005330245476216078,-0.002808779012411833,0.0037529082037508488,0.48,0.52,0.52,0.52,0.00865744581161465
2026-08-20 10:15:00+00:00,5,2292.57,2295.066798702685,0.6731681201522572,0.5555555555555556,-0.0013967884870913494,0.0,0.0010884902440011501,-0.0020717838779091835,0.0050168633460998535,0.48,0.52,0.52,0.52,0.0014186287951281074
2026-08-20 10:15:00+00:00,10,2292.57,2296.68811313452,0.6905058000308355,0.6284758357320621,-0.003053637574844892,0.0,0.0017946753650903702,-0.0029527642764151096,0.007394131273031235,0.48,0.52,0.52,0.52,0.0014186287951281074
2026-08-20 10:15:00+00:00,15,2292.57,2297.5671661170345,0.6817692514135354,,-0.004353933936627641,0.0,0.0021773502230644226,-0.003912921529263258,0.009375949390232563,0.48,0.52,0.52,0.52,0.0014186287951281074
2026-08-20 16:15:00+00:00,5,2322.17,2322.661312258282,0.5276193568037527,0.546583850931677,-0.00035748819700565093,0.0,0.00021155225113034248,-0.0036796252243220806,0.004631120711565018,0.52,0.48,0.52,0.52,0.01065440309393928
2026-08-20 16:15:00+00:00,10,2322.17,2322.100322438771,0.4972613411637802,0.5420560747663551,-0.0004221081348640965,0.0,-3.0005816370248795e-05,-0.0057469201274216175,0.006021522916853428,0.52,0.48,0.52,0.52,0.01065440309393928
2026-08-20 16:15:00+00:00,15,2322.17,2321.407011788333,0.47580080692781057,,-0.00044364904212468304,0.0,-0.00032862089574337006,-0.00739781791344285,0.006996014155447483,0.48,0.52,0.52,0.52,0.01065440309393928
2026-08-20 22:00:00+00:00,5,2319.43,2320.146712436075,0.6172481796739638,0.546583850931677,-0.0005649534926170929,0.0,0.0003089559613727033,-0.0010747569613158703,0.0017085317522287369,0.48,0.52,0.52,0.52,0.0009877992508275923
2026-08-20 22:00:00+00:00,10,2319.43,2320.2795810343346,0.5973987684512105,0.5420560747663551,-0.0015274029358156582,0.0,0.0003662216477096081,-0.0016673053614795208,0.002396106254309416,0.52,0.48,0.52,0.52,0.0009877992508275923
2026-08-20 22:00:00+00:00,15,2319.43,2320.146689882673,0.5680233950026478,,-0.0035848834218219494,0.0,0.00030894624069333076,-0.0021110912784934044,0.0027521285228431225,0.52,0.48,0.52,0.52,0.0009877992508275923
2026-08-21 04:00:00+00:00,5,2344.83,2345.5316392104887,0.5828481441125459,0.546583850931677,-0.00034123433319077634,0.0,0.00029918341897428036,-0.0016227540327236056,0.0021838133689016104,0.52,0.48,0.52,0.52,5.1177727463880274e-05
2026-08-21 04:00:00+00:00,10,2344.83,2345.988450373072,0.6015225774350044,0.5420560747663551,7.676168060655186e-05,1.0,0.0004939225036650896,-0.0022097579203546047,0.0031417193822562695,0.52,0.48,0.52,0.52,5.1177727463880274e-05
2026-08-21 04:00:00+00:00,15,2344.83,2346.1275587430673,0.593267014107915,,0.0013084070202076248,1.0,0.0005532170180231333,-0.0027063745073974133,0.0037546209059655666,0.52,0.48,0.52,0.52,5.1177727463880274e-05
2026-08-21 09:45:00+00:00,5,2411.52,2413.229749237273,0.5745758708954141,0.546583850931677,-0.001888559010128965,0.0,0.0007087411358952522,-0.003830956295132637,0.006021800450980663,0.48,0.52,0.52,0.52,-0.0029316062833402157
2026-08-21 09:45:00+00:00,10,2411.52,2413.523334935895,0.5606498934099167,0.5420560747663551,-0.002162800277679011,0.0,0.000830390490591526,-0.006113708484917879,0.008790433406829834,0.48,0.52,0.52,0.52,-0.0029316062833402157
2026-08-21 09:45:00+00:00,15,2411.52,2413.7722769255397,0.5539433534783849,,-0.004921858954809899,0.0,0.0009335298091173172,-0.00770048750564456,0.011192616075277328,0.48,0.52,0.52,0.52,-0.0029316062833402157
2026-08-21 15:30:00+00:00,5,2401.13,2400.858739237022,0.47798086413170493,0.5333333333333333,-0.0022306035419825676,0.0,-0.00011297850869596004,-0.0029689455404877663,0.002541681518778205,0.52,0.48,0.52,0.52,0.003090818648789906
2026-08-21 15:30:00+00:00,10,2401.13,2401.1502222820604,0.5011712685607226,0.5420560747663551,0.00012076917485615013,1.0,8.421950042247772e-06,-0.003938322886824608,0.0037690838798880577,0.48,0.52,0.52,0.52,0.003090818648789906
2026-08-21 15:30:00+00:00,15,2401.13,2401.0484327849667,0.4961551576658362,,-6.247253813373987e-05,0.0,-3.3970922231674194e-05,-0.004886346869170666,0.004629398230463266,0.52,0.48,0.52,0.52,0.003090818648789906
2026-08-21 21:30:00+00:00,5,2484.67,2482.039687089236,0.38931162211523995,0.4375,0.0010056639838378345,1.0,-0.0010591773316264153,-0.00583093473687768,0.004160754382610321,0.48,0.52,0.52,0.52,0.017240581532849575
2026-08-21 21:30:00+00:00,10,2484.67,2480.3067290101058,0.3664997759106192,0.47368421052631576,-0.0017240480719804552,0.0,-0.0017576203681528568,-0.008060570806264877,0.005393882282078266,0.48,0.52,0.52,0.52,0.017240581532849575
2026-08-21 21:30:00+00:00,15,2484.67,2478.637862363863,0.3461218989125059,,0.0035595232633625074,1.0,-0.0024306937120854855,-0.009599714539945126,0.006237545050680637,0.48,0.52,0.52,0.52,0.017240581532849575
2026-08-22 03:15:00+00:00,5,2516.34,2515.6802262465403,0.41564796937092663,0.4375,0.0016557971560509088,1.0,-0.00026223016902804375,-0.001999935135245323,0.001449755858629942,0.48,0.52,0.52,0.52,0.0019810257687025157
2026-08-22 03:15:00+00:00,10,2516.34,2515.688790767839,0.443035236073803,0.5333333333333333,0.0037840520182150783,1.0,-0.00025882571935653687,-0.002859282772988081,0.0021908991038799286,0.52,0.48,0.52,0.52,0.0019810257687025157
2026-08-22 03:15:00+00:00,15,2516.34,2516.039738638608,0.47916726959965794,,0.0020564294464220367,1.0,-0.00011933175846934319,-0.003334753680974245,0.002972148358821869,0.48,0.52,0.52,0.52,0.0019810257687025157
2026-08-22 09:15:00+00:00,5,2426.29,2425.042891875507,0.36471652011299427,0.36363636363636365,-0.0003132845019866437,0.0,-0.0005141301080584526,-0.0028835441917181015,0.0014875349588692188,0.48,0.52,0.52,0.52,-0.005663385705764412
2026-08-22 09:15:00+00:00,10,2426.29,2424.6918598690027,0.37773190406988577,0.47368421052631576,1.648593955483335e-05,1.0,-0.0006588934920728207,-0.004204615019261837,0.002226063050329685,0.48,0.52,0.52,0.52,-0.005663385705764412
2026-08-22 09:15:00+00:00,15,2426.29,2424.1158831692337,0.36773690677543047,,-0.0004163600709006232,0.0,-0.0008964680600911379,-0.005192026495933533,0.002661455422639847,0.48,0.52,0.52,0.52,-0.005663385705764412
2026-08-22 15:00:00+00:00,5,2411.59,2411.6965258173154,0.5127260165083027,0.546583850931677,0.0015827639517178582,1.0,4.417146556079388e-05,-0.0018472387455403805,0.0017970604822039604,0.48,0.52,0.52,0.52,-0.008143925743476998
2026-08-22 15:00:00+00:00,10,2411.59,2411.3328172267225,0.47839237320716355,0.5333333333333333,-0.0004354922063880551,0.0,-0.00010665017180144787,-0.0027169804088771343,0.0024197169113904238,0.52,0.48,0.52,0.52,-0.008143925743476998
2026-08-22 15:00:00+00:00,15,2411.59,2411.0334391942342,0.46142722069392184,,-0.001539588682086368,0.0,-0.0002308124676346779,-0.003467656672000885,0.0028929347172379494,0.52,0.48,0.52,0.52,-0.008143925743476998
2026-08-22 20:45:00+00:00,5,2437.22,2437.4550547618865,0.554136752471883,0.546583850931677,-0.0006197503548506234,0.0,9.643915109336376e-05,-0.0008539645932614803,0.0010442158672958612,0.48,0.52,0.52,0.52,0.0011741571845584886
2026-08-22 20:45:00+00:00,10,2437.22,2437.5883362848854,0.5569837208934808,0.5420560747663551,-0.0010016421198688619,0.0,0.00015111826360225677,-0.0013058017939329147,0.0016109864227473736,0.48,0.52,0.52,0.52,0.0011741571845584886
2026-08-22 20:45:00+00:00,15,2437.22,2437.655348977642,0.5525942639472796,,-0.0030532116317543156,0.0,0.00017860927619040012,-0.0016868371749296784,0.0020562612917274237,0.52,0.48,0.52,0.52,0.0011741571845584886
2026-08-23 02:45:00+00:00,5,2419.8,2419.843999685204,0.5083347163071557,0.546583850931677,-0.0003141248754863213,0.0,1.8183025531470776e-05,-0.001130425836890936,0.001214785035699606,0.48,0.52,0.52,0.52,-0.00316055106446278
2026-08-23 02:45:00+00:00,10,2419.8,2420.0445019036133,0.5304318372596473,0.5420560747663551,-0.0014350319761815555,0.0,0.00010103709064424038,-0.0017335343873128295,0.0019694645889103413,0.48,0.52,0.52,0.48,-0.00316055106446278
2026-08-23 02:45:00+00:00,15,2419.8,2420.0020587670174,0.5190641147872617,,-0.0010915948290444177,0.0,8.349877316504717e-05,-0.0023558572866022587,0.0024785217829048634,0.48,0.52,0.52,0.52,-0.00316055106446278
2026-08-23 08:30:00+00:00,5,2408.15,2407.49798573407,0.3983208798492257,0.4375,0.0026541164729207978,1.0,-0.0002707898383960128,-0.0018904749304056168,0.0012524271151050925,0.48,0.52,0.52,0.52,0.006373693728610519
2026-08-23 08:30:00+00:00,10,2408.15,2407.2542557530965,0.413349795331066,0.47368421052631576,0.00541272750274846,1.0,-0.00037203283864073455,-0.0029518608935177326,0.0020432674791663885,0.48,0.52,0.52,0.48,0.006373693728610519
2026-08-23 08:30:00+00:00,15,2408.15,2406.6954995332417,0.3943150251877138,,0.005420987767159602,1.0,-0.0006041732849553227,-0.003975948318839073,0.0025082752108573914,0.48,0.52,0.52,0.52,0.006373693728610519
2026-08-23 14:30:00+00:00,5,2455.44,2454.253957823004,0.38481207905847903,0.4375,-0.00040326769577969657,0.0,-0.0004831430269405246,-0.002603804226964712,0.0019115714821964502,0.52,0.48,0.52,0.52,0.0011613622248969335
2026-08-23 14:30:00+00:00,10,2455.44,2454.110401786093,0.4125367117559934,0.47368421052631576,-0.0005744001037859547,0.0,-0.0005416374769993126,-0.003710734425112605,0.0030898815020918846,0.52,0.48,0.52,0.48,0.0011613622248969335
2026-08-23 14:30:00+00:00,15,2455.44,2453.7077383813867,0.40899247655593696,,-0.012614662882583616,0.0,-0.0007057280745357275,-0.004684937186539173,0.0038396031595766544,0.52,0.48,0.52,0.52,0.0011613622248969335
2026-08-23 20:15:00+00:00,5,2440.79,2440.845601911905,0.5123361945406638,0.546583850931677,0.0018624151691319923,1.0,2.2780033759772778e-05,-0.0010311257792636752,0.0010324916802346706,0.52,0.48,0.52,0.52,-0.0011219577289880434
2026-08-23 20:15:00+00:00,10,2440.79,2441.1316797888253,0.552286203894967,0.5420560747663551,0.003002710420687116,1.0,0.00013997757923789322,-0.0014383646193891764,0.001618726528249681,0.48,0.52,0.52,0.48,-0.0011219577289880434
2026-08-23 20:15:00+00:00,15,2440.79,2441.3784332985774,0.5708317209406937,,0.0023448492628652673,1.0,0.00024105407646857202,-0.001747923088259995,0.002080019097775221,0.52,0.48,0.52,0.52,-0.0011219577289880434
2026-08-24 02:00:00+00:00,5,2427.92,2425.8162471231813,0.31960947765517056,0.3333333333333333,0.0035522847603370877,1.0,-0.0008668592199683189,-0.003474464640021324,0.001548360101878643,0.52,0.48,0.52,0.52,-0.013634427245934333
2026-08-24 02:00:00+00:00,10,2427.92,2425.2481667800153,0.3427138004575693,0.47368421052631576,0.003494825053940609,1.0,-0.0011010677553713322,-0.0050343782640993595,0.002510791877284646,0.52,0.48,0.52,0.52,-0.013634427245934333
2026-08-24 02:00:00+00:00,15,2427.92,2424.958843800488,0.36310849432150216,,0.007533579596567641,1.0,-0.0012203711085021496,-0.006510742008686066,0.0033977923449128866,0.52,0.48,0.52,0.52,-0.013634427245934333
2026-08-24 08:00:00+00:00,5,2455.54,2456.034467517432,0.560070421630235,0.546583850931677,-0.0012591714360743467,0.0,0.0002013478660956025,-0.0014976488891988993,0.0021024399902671576,0.48,0.52,0.52,0.52,-0.001001314818049437
2026-08-24 08:00:00+00:00,10,2455.54,2456.5509431619093,0.5844034294766363,0.5420560747663551,-0.001854671755500803,0.0,0.0004116141935810447,-0.0020960839465260506,0.003165875095874071,0.52,0.48,0.52,0.52,-0.001001314818049437
2026-08-24 08:00:00+00:00,15,2455.54,2457.047197756611,0.6019567225170122,,-0.0034961718505064354,0.0,0.0006136065348982811,-0.002495639957487583,0.003975633531808853,0.48,0.52,0.52,0.52,-0.001001314818049437
2026-08-24 13:45:00+00:00,5,2479.6,2477.615154132904,0.40503442856424965,0.4375,0.005405592492867761,1.0,-0.0008007907308638096,-0.005590863525867462,0.003573078429326415,0.52,0.48,0.52,0.52,-0.008109471500330478
2026-08-24 13:45:00+00:00,10,2479.6,2477.093317265775,0.41380396808499453,0.47368421052631576,0.005036497013306551,1.0,-0.00101143354550004,-0.00768306152895093,0.0050500244833528996,0.52,0.48,0.52,0.52,-0.008109471500330478
2026-08-24 13:45:00+00:00,15,2479.6,2477.737744382173,0.44819775325776345,,0.006804510864252045,1.0,-0.0007513128221035004,-0.009270983748137951,0.006684157997369766,0.52,0.48,0.52,0.52,-0.008109471500330478
2026-08-24 19:45:00+00:00,5,2470.25,2469.8977182023973,0.4590010561838965,0.5333333333333333,-0.0005628544562465976,0.0,-0.00014261994510889053,-0.0020140609703958035,0.0016346138436347246,0.52,0.48,0.52,0.52,-0.002817603587761397
2026-08-24 19:45:00+00:00,10,2470.25,2469.478194664703,0.4383934268205917,0.5333333333333333,-0.0002793629732673608,0.0,-0.00031248899176716805,-0.003212901297956705,0.002457526745274663,0.52,0.48,0.52,0.52,-0.002817603587761397
2026-08-24 19:45:00+00:00,15,2470.25,2469.4838937758777,0.45187084132043065,,-6.47728699059158e-05,0.0,-0.0003101811744272709,-0.004038505256175995,0.0032705520279705524,0.48,0.52,0.52,0.52,-0.002817603587761397
2026-08-25 01:30:00+00:00,5,2500.18,2499.4355381965775,0.4375927516149808,0.45454545454545453,-0.0018295409834010457,0.0,-0.00029780762270092964,-0.0028265188448131084,0.0021656109020113945,0.48,0.52,0.52,0.48,0.008124330598952234
2026-08-25 01:30:00+00:00,10,2500.18,2498.421223893635,0.3924504486064204,0.47368421052631576,-0.0003760436254909294,0.0,-0.0007037073373794556,-0.004213263280689716,0.002651314251124859,0.48,0.52,0.52,0.52,0.008124330598952234
2026-08-25 01:30:00+00:00,15,2500.18,2497.6257448021074,0.3719343832475279,,-0.0016091782654772402,0.0,-0.0010221507400274277,-0.00520866084843874,0.0030678189359605312,0.48,0.52,0.52,0.52,0.008124330598952234
2026-08-25 07:15:00+00:00,5,2506.69,2505.639064447072,0.3203115912520661,0.3333333333333333,-0.0009379309931398794,0.0,-0.00041934021282941103,-0.0016586000565439463,0.0007921538781374693,0.52,0.48,0.52,0.48,-0.0011920972153527387
2026-08-25 07:15:00+00:00,10,2506.69,2505.516785479564,0.3660364352286021,0.47368421052631576,-0.0009738692512168967,0.0,-0.00046814291272312403,-0.00245315651409328,0.0013936327304691076,0.52,0.48,0.52,0.52,-0.0011920972153527387
2026-08-25 07:15:00+00:00,15,2506.69,2505.5387803308054,0.39761189620123705,,-0.0015170935403094887,0.0,-0.00045936438255012035,-0.0029624379239976406,0.0019470902625471354,0.48,0.52,0.52,0.52,-0.0011920972153527387
2026-08-25 13:15:00+00:00,5,2465.28,2464.5852708120406,0.42781592910010935,0.45454545454545453,-0.00030427136371891095,0.0,-0.0002818451030179858,-0.00280125648714602,0.001612239982932806,0.52,0.48,0.52,0.48,-0.004052169566295838
2026-08-25 13:15:00+00:00,10,2465.28,2464.0187663554607,0.403324783913073,0.47368421052631576,-0.002144041363188798,0.0,-0.0005117294494993985,-0.003915697801858187,0.0021031182259321213,0.52,0.48,0.52,0.52,-0.004052169566295838
2026-08-25 13:15:00+00:00,15,2465.28,2463.482324617875,0.39068720793178513,,-0.0025912958381066886,0.0,-0.0007294632378034294,-0.00502476841211319,0.0025448272936046124,0.52,0.48,0.52,0.52,-0.004052169566295838
2026-08-25 19:00:00+00:00,5,2468.15,2468.9896848136696,0.6868355529855817,0.5555555555555556,-0.0008268717563444383,0.0,0.0003401503199711442,-0.000610094633884728,0.001242670463398099,0.48,0.52,0.52,0.48,-0.0014130157681533362
2026-08-25 19:00:00+00:00,10,2468.15,2469.2678255185415,0.6728274593743491,0.625,-0.00012966016898285915,0.0,0.0004527976270765066,-0.0009356847731396556,0.0017857836792245507,0.52,0.48,0.52,0.52,-0.0014130157681533362
2026-08-25 19:00:00+00:00,15,2468.15,2469.6867454869084,0.6919395280185028,,0.000162051573267874,1.0,0.0006224367534741759,-0.0010908865369856358,0.0022634691558778286,0.52,0.48,0.52,0.52,-0.0014130157681533362
2026-08-26 01:00:00+00:00,5,2447.93,2447.593189999718,0.4516763882069206,0.5,0.0037146039528046515,1.0,-0.0001375991851091385,-0.0017830436117947102,0.0013232780620455742,0.52,0.48,0.52,0.48,0.0029824694762625725
2026-08-26 01:00:00+00:00,10,2447.93,2447.577865832128,0.46594289812047085,0.5333333333333333,0.00323830781787926,1.0,-0.00014386011753231287,-0.0026937383227050304,0.002009754069149494,0.48,0.52,0.52,0.48,0.0029824694762625725
2026-08-26 01:00:00+00:00,15,2447.93,2447.444538424997,0.4634515337015318,,0.0029328704189719446,1.0,-0.00019833480473607779,-0.0035290797241032124,0.0025168489664793015,0.48,0.52,0.52,0.48,0.0029824694762625725
2026-08-26 06:45:00+00:00,5,2460.84,2461.3579538252575,0.5781233348933748,0.546583850931677,-0.0005040199763639563,0.0,0.00021045631729066372,-0.001190446550026536,0.001583227887749672,0.48,0.52,0.52,0.48,-0.0012711151989366343
2026-08-26 06:45:00+00:00,10,2460.84,2461.4693956793817,0.5692064284175069,0.5420560747663551,-0.0004633637854372097,0.0,0.00025573186576366425,-0.0017072726041078568,0.002150498330593109,0.48,0.52,0.52,0.48,-0.0012711151989366343
2026-08-26 06:45:00+00:00,15,2460.84,2461.538334932705,0.5636659141929157,,-0.0009838878998955636,0.0,0.00028373883105814457,-0.0020914829801768064,0.002553241793066263,0.48,0.52,0.52,0.48,-0.0012711151989366343
2026-08-26 12:30:00+00:00,5,2460.24,2461.160203129975,0.5571397341055155,0.546583850931677,0.0007394917347331997,1.0,0.00037395989056676626,-0.003994614351540804,0.0035494621843099594,0.52,0.48,0.52,0.48,-0.002176279422595684
2026-08-26 12:30:00+00:00,10,2460.24,2462.007063831644,0.5951785530510555,0.5420560747663551,-0.0013340927708771488,0.0,0.0007179907406680286,-0.004247698467224836,0.004351911135017872,0.52,0.48,0.52,0.48,-0.002176279422595684
2026-08-26 12:30:00+00:00,15,2460.24,2461.9353356605247,0.5822950481384503,,-0.001468414112501648,0.0,0.0006888562929816544,-0.004934575408697128,0.0048259468749165535,0.52,0.48,0.52,0.48,-0.002176279422595684
2026-08-26 18:30:00+00:00,5,2464.06,2463.9369526013443,0.4832457144196256,0.5333333333333333,0.00048688258165618947,1.0,-4.993809852749109e-05,-0.0015993588604032993,0.0015779463574290276,0.52,0.48,0.52,0.48,-0.0003246147257511822
2026-08-26 18:30:00+00:00,10,2464.06,2463.6109604145972,0.4587596127731439,0.5333333333333333,-0.0004505775384178179,0.0,-0.0001822522608563304,-0.0025070281699299812,0.002177414484322071,0.52,0.48,0.52,0.48,-0.0003246147257511822
2026-08-26 18:30:00+00:00,15,2464.06,2463.4205048213016,0.4539629176370312,,0.00046660053957836567,1.0,-0.0002595627447590232,-0.0031850729137659073,0.002695712959393859,0.52,0.48,0.52,0.48,-0.0003246147257511822
2026-08-27 00:15:00+00:00,5,2500.94,2501.740943173076,0.6020922571732052,0.546583850931677,0.0018735387188764108,1.0,0.0003202055813744664,-0.0013065137900412083,0.001959322253242135,0.52,0.48,0.52,0.48,0.003994468352430225
2026-08-27 00:15:00+00:00,10,2500.94,2502.0250645874644,0.6007541917492503,0.5420560747663551,5.5977385151173564e-05,1.0,0.0004337686114013195,-0.001862324308604002,0.002795263659209013,0.52,0.48,0.52,0.52,0.003994468352430225
2026-08-27 00:15:00+00:00,15,2500.94,2502.361084294066,0.6020159333101441,,-3.598711661645382e-05,0.0,0.0005680586909875274,-0.0023613839875906706,0.0035387948155403137,0.52,0.48,0.52,0.52,0.003994468352430225
2026-08-27 06:15:00+00:00,5,2485.63,2486.1476374718636,0.598383671484777,0.546583850931677,-0.0001528904341840942,0.0,0.0002082303399220109,-0.0009235967881977558,0.0012909413781017065,0.52,0.48,0.52,0.48,0.0002454407383583046
2026-08-27 06:15:00+00:00,10,2485.63,2485.594945941908,0.4950672008476098,0.5420560747663551,3.218448145059227e-05,1.0,-1.4102784916758537e-05,-0.0015418734401464462,0.001489250804297626,0.52,0.48,0.52,0.52,0.0002454407383583046
2026-08-27 06:15:00+00:00,15,2485.63,2484.8946738497125,0.41397011160504993,,0.0008887155830672455,1.0,-0.0002958746626973152,-0.0021364279091358185,0.001530709327198565,0.52,0.48,0.52,0.52,0.0002454407383583046
2026-08-27 12:00:00+00:00,5,2503.07,2503.853269303589,0.62415331234579,0.546583850931677,-0.0003516300887733692,0.0,0.00031287450110539794,-0.0010499188210815191,0.0017348802648484707,0.48,0.52,0.52,0.48,-0.0003914425907565189
2026-08-27 12:00:00+00:00,10,2503.07,2503.9517470233245,0.5948497693621844,0.5420560747663551,5.592975224555374e-05,1.0,0.0003522041952237487,-0.0017159275012090802,0.0025089578703045845,0.48,0.52,0.52,0.52,-0.0003914425907565189
2026-08-27 12:00:00+00:00,15,2503.07,2503.803188204061,0.5611164620843077,,0.0011698779750215493,1.0,0.0002928726898971945,-0.002337642014026642,0.0030356571078300476,0.48,0.52,0.52,0.52,-0.0003914425907565189
2026-08-27 17:45:00+00:00,5,2516.63,2517.4938909454377,0.6079019760313242,0.546583850931677,0.002179112745205991,1.0,0.00034321402199566364,-0.0014218068681657314,0.0019903085194528103,0.52,0.48,0.52,0.48,-0.005156295174510994
2026-08-27 17:45:00+00:00,10,2516.63,2517.846232613551,0.6072346280386849,0.5420560747663551,0.0016595734974016452,1.0,0.00048316153697669506,-0.0019965283572673798,0.0028677689842879772,0.52,0.48,0.52,0.52,-0.005156295174510994
2026-08-27 17:45:00+00:00,15,2516.63,2517.674465532623,0.5743429360353991,,-9.139623652565376e-05,0.0,0.0004149393644183874,-0.0026416094042360783,0.0033494862727820873,0.52,0.48,0.52,0.52,-0.005156295174510994
2026-08-27 23:45:00+00:00,5,2511.6,2511.662662444284,0.5131734625583061,0.546583850931677,1.5925976063257963e-05,1.0,2.4948902137111872e-05,-0.0010231344494968653,0.0010032509453594685,0.52,0.48,0.52,0.48,-0.00023488243048053192
2026-08-27 23:45:00+00:00,10,2511.6,2511.7735160765865,0.5251985333263269,0.5420560747663551,-7.963368509056323e-05,0.0,6.908348586875945e-05,-0.0014547177124768496,0.0015049688518047333,0.52,0.48,0.52,0.52,-0.00023488243048053192
2026-08-27 23:45:00+00:00,15,2511.6,2511.8216004427613,0.5256187620643085,,-0.00034246984808117276,0.0,8.822689414955676e-05,-0.0018427646718919277,0.0018892623484134674,0.52,0.48,0.52,0.52,-0.00023488243048053192
2026-08-28 05:30:00+00:00,5,2490.44,2489.9040146607326,0.40718671689263,0.4375,0.0016810199201549025,1.0,-0.00021524028852581978,-0.001381011912599206,0.001021949341520667,0.48,0.52,0.52,0.48,-0.00015658657362305206
2026-08-28 05:30:00+00:00,10,2490.44,2489.803140909726,0.41878635260333996,0.47368421052631576,0.0015086348113966253,1.0,-0.000255754217505455,-0.0018517342396080494,0.0015093942638486624,0.48,0.52,0.52,0.48,-0.00015658657362305206
2026-08-28 05:30:00+00:00,15,2490.44,2490.086730115149,0.46391806791115575,,0.0021298835412846273,1.0,-0.0001418604515492916,-0.0021415858063846827,0.0020994292572140694,0.48,0.52,0.52,0.48,-0.00015658657362305206
2026-08-28 11:30:00+00:00,5,2505.01,2504.703985794147,0.4428524284850762,0.45454545454545453,-0.0001676780585215809,0.0,-0.00012216833420097828,-0.0012616177555173635,0.0010274748783558607,0.52,0.48,0.52,0.48,0.005660679502974553
2026-08-28 11:30:00+00:00,10,2505.01,2504.599618287388,0.4475093187485687,0.5333333333333333,-0.000906594840190067,0.0,-0.00016383780166506767,-0.0018622493371367455,0.001501543214544654,0.52,0.48,0.52,0.48,0.005660679502974553
2026-08-28 11:30:00+00:00,15,2505.01,2504.1970487886233,0.41981035617823614,,0.0004509942903929698,1.0,-0.00032458279747515917,-0.002490181243047118,0.0018444317393004894,0.52,0.48,0.52,0.48,0.005660679502974553
2026-08-28 17:15:00+00:00,5,2444.47,2445.176077095708,0.5506346847803014,0.546583850931677,0.0011202696360186337,1.0,0.0002888049930334091,-0.003153461031615734,0.003805964719504118,0.48,0.52,0.52,0.48,0.0006015382372988043
2026-08-28 17:15:00+00:00,10,2444.47,2445.9537305144963,0.566883748814329,0.5420560747663551,-0.001752425386954748,0.0,0.0006067901849746704,-0.0048222849145531654,0.0064185443334281445,0.48,0.52,0.52,0.48,0.0006015382372988043
2026-08-28 17:15:00+00:00,15,2444.47,2446.8907395681686,0.5752177353261323,,-0.0013181273041507069,0.0,0.0009898021817207336,-0.006493488326668739,0.009167764335870743,0.48,0.52,0.52,0.48,0.0006015382372988043
2026-08-28 23:00:00+00:00,5,2440.54,2440.2679212967687,0.4527148061212499,0.5,-0.00019259887655564967,0.0,-0.00011148920748382807,-0.0013937174808233976,0.0011493475176393986,0.52,0.48,0.52,0.48,0.006173391903078418
2026-08-28 23:00:00+00:00,10,2440.54,2440.2690417265912,0.4698365926460998,0.5333333333333333,-0.00014751921874367468,0.0,-0.00011103006545454264,-0.002013788791373372,0.001805485226213932,0.48,0.52,0.52,0.48,0.006173391903078418
2026-08-28 23:00:00+00:00,15,2440.54,2440.144443367077,0.4652597296475268,,-0.0007091108743964014,0.0,-0.00016209064051508904,-0.0025677860248833895,0.0023280144669115543,0.52,0.48,0.52,0.48,0.006173391903078418
2026-08-29 05:00:00+00:00,5,2439.43,2438.854497682903,0.25279145920445056,0.3333333333333333,0.0005614489628520403,1.0,-0.00023594454978592694,-0.0007624414283782244,0.00022458063904196024,0.52,0.48,0.52,0.48,0.0015753784781109559
2026-08-29 05:00:00+00:00,10,2439.43,2438.20241552147,0.15175816585235757,0.3076923076923077,0.0005122835457962438,1.0,-0.0005033526103943586,-0.0011678338050842285,0.00011658458970487118,0.48,0.52,0.52,0.48,0.0015753784781109559
2026-08-29 05:00:00+00:00,15,2439.43,2437.6275522127207,0.09996194143531167,,0.0006556759228937281,1.0,-0.0007391538238152862,-0.0015097041614353657,-1.022417563945055e-07,0.48,0.52,0.52,0.48,0.0015753784781109559
2026-08-29 10:45:00+00:00,5,2435.41,2435.2978651313438,0.4493939658074685,0.5,0.00045156735689122485,1.0,-4.604458808898926e-05,-0.0005576315452344716,0.00044401883496902883,0.52,0.48,0.52,0.48,-7.801256827466574e-05
2026-08-29 10:45:00+00:00,10,2435.41,2435.3745022219955,0.48895829844819516,0.5333333333333333,0.00029559441377546847,1.0,-1.4575794921256602e-05,-0.0007316693663597107,0.0006778888637199998,0.52,0.48,0.52,0.48,-7.801256827466574e-05
2026-08-29 10:45:00+00:00,15,2435.41,2435.5078948896253,0.524775031529086,,-0.000509284179252667,0.0,4.019566404167563e-05,-0.0008499420364387333,0.0008723558275960386,0.52,0.48,0.52,0.48,-7.801256827466574e-05
2026-08-29 16:30:00+00:00,5,2447.63,2447.4644818616866,0.46741393276175813,0.5333333333333333,0.000547318561226362,1.0,-6.762612611055374e-05,-0.001418725703842938,0.0009921675082296133,0.48,0.52,0.52,0.48,0.0018729507303136828
2026-08-29 16:30:00+00:00,10,2447.63,2447.196801396588,0.440607703837153,0.5333333333333333,0.0013228541277880979,1.0,-0.0001770026283338666,-0.0022587687708437443,0.0012967586517333984,0.52,0.48,0.52,0.48,0.0018729507303136828
2026-08-29 16:30:00+00:00,15,2447.63,2446.3855552027317,0.3630038388457082,,0.0008698511387921215,1.0,-0.0005085577722638845,-0.0030310589354485273,0.0012774583883583546,0.52,0.48,0.52,0.48,0.0018729507303136828
2026-08-29 22:30:00+00:00,5,2451.0,2451.2320595362116,0.5872500286317612,0.546583850931677,0.00010199398244381541,1.0,9.46750515140593e-05,-0.00048691791016608477,0.0006898273131810129,0.48,0.52,0.52,0.48,0.00029788197973079633
2026-08-29 22:30:00+00:00,10,2451.0,2451.455340264769,0.6147670474759122,0.6071428571428571,0.00022437303130384834,1.0,0.0001857600873336196,-0.0006658763741143048,0.001067683333531022,0.48,0.52,0.52,0.48,0.00029788197973079633
2026-08-29 22:30:00+00:00,15,2451.0,2451.5398644218117,0.6086333373761789,,0.00027332045769856705,1.0,0.0002202386676799506,-0.0008418750949203968,0.0013336887350305915,0.52,0.48,0.52,0.48,0.00029788197973079633
2026-08-30 04:15:00+00:00,5,2457.13,2457.224097153054,0.5710914301274653,0.546583850931677,-3.2558839931695616e-05,0.0,3.829482011497021e-05,-0.00027263653464615345,0.00038266280898824334,0.48,0.52,0.52,0.52,0.0004029902746633951
2026-08-30 04:15:00+00:00,10,2457.13,2457.2668946715203,0.5638588195733202,0.5420560747663551,-0.0005292125441043183,0.0,5.571168730966747e-05,-0.0004397984012030065,0.0006025127950124443,0.52,0.48,0.52,0.52,0.0004029902746633951
2026-08-30 04:15:00+00:00,15,2457.13,2457.3513829810818,0.5822417792386206,,-0.0008428013258976463,0.0,9.009413770399988e-05,-0.0005255204741843045,0.0007728063501417637,0.5,0.5,0.52,0.52,0.0004029902746633951
2026-08-30 10:15:00+00:00,5,2453.82,2453.9023509511717,0.5360230401703459,0.546583850931677,0.00035856022158498035,1.0,3.355974331498146e-05,-0.00045752665027976036,0.000583331217058003,0.52,0.48,0.52,0.52,-0.001083436963200235
2026-08-30 10:15:00+00:00,10,2453.82,2453.8978443393257,0.5259068818058917,0.5420560747663551,0.0008961596089633872,1.0,3.172323340550065e-05,-0.0006055670091882348,0.0007382306503131986,0.48,0.52,0.52,0.52,-0.001083436963200235
2026-08-30 10:15:00+00:00,15,2453.82,2454.1133846645703,0.5814635601260301,,0.0006070322219020596,1.0,0.0001195552758872509,-0.000634116877336055,0.0009425354655832052,0.48,0.52,0.52,0.52,-0.001083436963200235
2026-08-30 16:00:00+00:00,5,2479.6,2480.0868056980257,0.6065978996495189,0.546583850931677,0.0028834015096323995,1.0,0.0001963050162885338,-0.0007398360758088529,0.0011758109321817756,0.48,0.52,0.52,0.52,0.0009683667638578086
2026-08-30 16:00:00+00:00,10,2479.6,2480.6728451532945,0.6797295820460356,0.625,0.001909773865381048,1.0,0.00043257506331428885,-0.0007808714872226119,0.0017003635875880718,0.5,0.5,0.52,0.52,0.0009683667638578086
2026-08-30 16:00:00+00:00,15,2479.6,2480.803333114742,0.6691301317572794,,0.014223259285506273,1.0,0.00048517552204430103,-0.0009541320614516735,0.0020095123909413815,0.52,0.48,0.52,0.52,0.0009683667638578086
2026-08-30 21:45:00+00:00,5,2477.5,2476.870010435282,0.4452525900567883,0.46063089967158743,-0.0007348814627805567,0.0,-0.000254316721111536,-0.0029669394716620445,0.0021715746261179447,0.52,0.48,0.52,0.52,-0.005285703300652145
2026-08-30 21:45:00+00:00,10,2477.5,2475.1182604313317,0.3618558669901546,0.47368421052631576,0.0015527796862446763,1.0,-0.0009618103504180908,-0.005537319928407669,0.0027722783852368593,0.52,0.48,0.52,0.52,-0.005285703300652145
2026-08-30 21:45:00+00:00,15,2477.5,2473.950260441713,0.3461710980310091,,0.0004317937465065924,1.0,-0.001433818368241191,-0.007855352945625782,0.003439517691731453,0.52,0.48,0.52,0.52,-0.005285703300652145
2026-08-31 03:45:00+00:00,5,2423.78,2423.6148803339743,0.47551053886121375,0.5333333333333333,-0.0006025463957293198,0.0,-6.812717765569687e-05,-0.0017049899324774742,0.0014655333943665028,0.48,0.52,0.52,0.48,0.004623300863159763
2026-08-31 03:45:00+00:00,10,2423.78,2422.6437910364293,0.3973134909848691,0.47368421052631576,-0.0009865495715715156,0.0,-0.00046888552606105804,-0.0031692259944975376,0.0020083398558199406,0.48,0.52,0.52,0.48,0.004623300863159763
2026-08-31 03:45:00+00:00,15,2423.78,2421.7465647718473,0.367532461950117,,-0.0013748317171229374,0.0,-0.0008393041789531708,-0.004447690211236477,0.0024336245842278004,0.48,0.52,0.52,0.48,0.004623300863159763
2026-08-31 09:30:00+00:00,5,2448.26,2448.6631287260366,0.5612244049835067,0.546583850931677,-0.000236931009250263,0.0,0.0001646457239985466,-0.0012020452413707972,0.0015944335609674454,0.52,0.48,0.52,0.48,0.004367721875466302
2026-08-31 09:30:00+00:00,10,2448.26,2448.390457110173,0.5135648856681204,0.5420560747663551,-0.0007886258501850207,0.0,5.328422412276268e-05,-0.0020735531579703093,0.002195779699832201,0.48,0.52,0.52,0.48,0.004367721875466302
2026-08-31 09:30:00+00:00,15,2448.26,2448.5165280568276,0.5211804120654386,,0.002068717215485627,1.0,0.00010477425530552864,-0.0025839805603027344,0.0028780438005924225,0.48,0.52,0.52,0.48,0.004367721875466302
2026-08-31 15:30:00+00:00,5,2468.92,2468.9882712693106,0.5064594730126477,0.546583850931677,0.0007287980823180717,1.0,2.7651898562908173e-05,-0.002100573154166341,0.002376842312514782,0.48,0.52,0.52,0.48,0.008358311036138488
2026-08-31 15:30:00+00:00,10,2468.92,2468.7880018163746,0.49098407513270725,0.5333333333333333,-0.00013772151920488085,0.0,-5.346536636352539e-05,-0.0030927248299121857,0.0032033626921474934,0.48,0.52,0.52,0.48,0.008358311036138488
2026-08-31 15:30:00+00:00,15,2468.92,2468.742025531861,0.4903046832922079,,0.0021888442461781565,1.0,-7.20885582268238e-05,-0.0038142369594424963,0.004039928317070007,0.48,0.52,0.52,0.48,0.008358311036138488
2026-08-31 21:15:00+00:00,5,2472.47,2472.5240931208455,0.5101396775244792,0.546583850931677,0.00042054355874032723,1.0,2.187793143093586e-05,-0.0011180262081325054,0.001207717345096171,0.52,0.48,0.52,0.48,-0.0031618696298503224
2026-08-31 21:15:00+00:00,10,2472.47,2472.2861751308974,0.47567289819300973,0.5333333333333333,0.0004933119934422692,1.0,-7.435143925249577e-05,-0.0017119522672146559,0.001640670350752771,0.48,0.52,0.52,0.48,-0.0031618696298503224
2026-08-31 21:15:00+00:00,15,2472.47,2472.8698101630425,0.5427660986262649,,0.0031900916240585886,1.0,0.00016169168520718813,-0.0018506967462599277,0.0023215296678245068,0.52,0.48,0.52,0.48,-0.0031618696298503224
2026-09-01 03:00:00+00:00,5,2464.88,2465.5140202050056,0.6421359004547182,0.546583850931677,0.0005962001543400319,1.0,0.00025718845427036285,-0.0006885956972837448,0.0012186563108116388,0.48,0.52,0.52,0.48,0.0015469100416192205
2026-09-01 03:00:00+00:00,10,2464.88,2466.1415190130965,0.6873758919526552,0.625,0.00023933392266872744,1.0,0.0005116664106026292,-0.0008899107342585921,0.0019856030121445656,0.48,0.52,0.52,0.52,0.0015469100416192205
2026-09-01 03:00:00+00:00,15,2464.88,2466.4270686736404,0.6843835663382838,,0.0006691798335856092,1.0,0.0006274477345868945,-0.0011149286292493343,0.0024444139562547207,0.48,0.52,0.52,0.52,0.0015469100416192205
2026-09-01 09:00:00+00:00,5,2447.89,2447.7845900231328,0.4879438939204508,0.546583850931677,-0.0010667932025762994,0.0,-4.3062493205070496e-05,-0.0018573440611362457,0.0017789674457162619,0.52,0.48,0.52,0.48,-0.010217690480695651
2026-09-01 09:00:00+00:00,10,2447.89,2447.5252164125127,0.4719490379314365,0.5333333333333333,-0.0006824530158970887,0.0,-0.00014903070405125618,-0.003025124780833721,0.0027301060035824776,0.52,0.48,0.52,0.52,-0.010217690480695651
2026-09-01 09:00:00+00:00,15,2447.89,2447.607343571502,0.48325050885132825,,-0.001459463364689384,0.0,-0.0001154760830104351,-0.003967352211475372,0.003638133406639099,0.52,0.48,0.52,0.52,-0.010217690480695651
2026-09-01 14:45:00+00:00,5,2454.43,2454.870274643528,0.5579209889329619,0.546583850931677,-0.00023226011607402341,0.0,0.00017936350195668638,-0.0015069228829815984,0.0018436717800796032,0.48,0.52,0.52,0.48,0.004823321344918696
2026-09-01 14:45:00+00:00,10,2454.43,2455.1324263421225,0.5687660774192059,0.5420560747663551,-0.001973891448846743,0.0,0.0002861462126020342,-0.0020261239260435104,0.0025113578885793686,0.48,0.52,0.52,0.52,0.004823321344918696
2026-09-01 14:45:00+00:00,15,2454.43,2455.477850888362,0.5825254723218682,,-0.004467209833227237,0.0,0.0004268311895430088,-0.0024357649963349104,0.0031899018213152885,0.48,0.52,0.52,0.52,0.004823321344918696
2026-09-01 20:45:00+00:00,5,2418.86,2418.725099617828,0.4761930649821253,0.5333333333333333,-0.0005169059366982864,0.0,-5.577178671956062e-05,-0.001337419031187892,0.0011733362916857004,0.52,0.48,0.52,0.48,0.0006906463193638857
2026-09-01 20:45:00+00:00,10,2418.86,2418.2024231079877,0.4250290667627106,0.47368421052631576,0.0006571184971475574,1.0,-0.00027189101092517376,-0.0023435624316334724,0.001687404466792941,0.52,0.48,0.52,0.52,0.0006906463193638857
2026-09-01 20:45:00+00:00,15,2418.86,2417.837222205741,0.4117468006335572,,0.0011775474083934867,1.0,-0.0004229240585118532,-0.003218979574739933,0.0022165230475366116,0.52,0.48,0.52,0.52,0.0006906463193638857
2026-09-02 02:30:00+00:00,5,2407.02,2407.9217456705924,0.63964147892988,0.546583850931677,0.0009011235584992505,1.0,0.00037456140853464603,-0.0010707719484344125,0.0017382974037900567,0.48,0.52,0.52,0.48,-0.0006728049991524543
2026-09-02 02:30:00+00:00,10,2407.02,2407.977195226326,0.6039235916900538,0.5420560747663551,0.00014955134624106137,1.0,0.0003975891158916056,-0.0017602916341274977,0.0023932144977152348,0.48,0.52,0.52,0.48,-0.0006728049991524543
2026-09-02 02:30:00+00:00,15,2407.02,2408.315487976132,0.6081057040342766,,9.13951469811991e-05,1.0,0.0005380676011554897,-0.002284953836351633,0.00312061351723969,0.48,0.52,0.52,0.48,-0.0006728049991524543
2026-09-02 08:15:00+00:00,5,2418.4,2418.4165269479486,0.5032887444455307,0.546583850931677,-0.001448286103399532,0.0,6.8338122218847275e-06,-0.0010913955047726631,0.0011491298209875822,0.52,0.48,0.52,0.48,-0.0028202007696229714
2026-09-02 08:15:00+00:00,10,2418.4,2418.6930136449364,0.5408890779183275,0.5420560747663551,-0.0013033630676293484,0.0,0.00012115278514102101,-0.0014793509617447853,0.0017511533806100488,0.52,0.48,0.52,0.48,-0.0028202007696229714
2026-09-02 08:15:00+00:00,15,2418.4,2418.9192306196633,0.5571094124414775,,-0.0027535394145852266,0.0,0.00021467701299116015,-0.001807075459510088,0.002270895056426525,0.52,0.48,0.52,0.48,-0.0028202007696229714
2026-09-02 14:15:00+00:00,5,2406.8,2407.874756792055,0.5824419807503958,0.546583850931677,-0.0004529860794635354,0.0,0.0004464504308998585,-0.0024961268063634634,0.003553094808012247,0.48,0.52,0.52,0.48,0.010030191113544085
2026-09-02 14:15:00+00:00,10,2406.8,2408.4409125594166,0.5779443968111111,0.5420560747663551,-0.002062954082258095,0.0,0.0006815495435148478,-0.004157452844083309,0.005755219608545303,0.48,0.52,0.52,0.48,0.010030191113544085
2026-09-02 14:15:00+00:00,15,2406.8,2408.977083485644,0.5789097339939355,,-0.0041176565503828755,0.0,0.0009041463490575552,-0.005411800462752581,0.007676941342651844,0.48,0.52,0.52,0.48,0.010030191113544085
2026-09-02 20:00:00+00:00,5,2391.45,2391.5560037600917,0.5197602792957301,0.546583850931677,0.002338938102939281,1.0,4.432516288943589e-05,-0.001145483460277319,0.0012228316627442837,0.48,0.52,0.52,0.48,-0.0012411538053749283
2026-09-02 20:00:00+00:00,10,2391.45,2391.541374971337,0.5111707055123762,0.5420560747663551,0.0012495065239761516,1.0,3.820829442702234e-05,-0.0017821379005908966,0.0018335895147174597,0.48,0.52,0.52,0.48,-0.0012411538053749283
2026-09-02 20:00:00+00:00,15,2391.45,2391.4313054176246,0.4982052134606585,,-0.0006483524754710146,0.0,-7.817288860678673e-06,-0.002364066429436207,0.002293013036251068,0.48,0.52,0.52,0.48,-0.0012411538053749283
2026-09-03 02:00:00+00:00,5,2386.7,2386.460824341924,0.46680200671166305,0.5333333333333333,-0.0006664138173331224,0.0,-0.00010021688649430871,-0.0016597997164353728,0.0014728766400367022,0.52,0.48,0.52,0.48,0.004505883529301258
2026-09-03 02:00:00+00:00,10,2386.7,2386.6078261822463,0.4906499893851647,0.5333333333333333,-1.256973584773391e-05,0.0,-3.8620521081611514e-05,-0.002215770771726966,0.0021722549572587013,0.48,0.52,0.52,0.48,0.004505883529301258
2026-09-03 02:00:00+00:00,15,2386.7,2386.6299414030213,0.494156153345106,,0.00096320965631147,1.0,-2.9354181606322527e-05,-0.002704814076423645,0.002676149597391486,0.52,0.48,0.52,0.48,0.004505883529301258
2026-09-03 07:45:00+00:00,5,2408.45,2408.378616747954,0.49105852323292065,0.546583850931677,-0.002927322220302564,0.0,-2.963910810649395e-05,-0.001797138131223619,0.001801011385396123,0.52,0.48,0.52,0.48,0.0002823791290760269
2026-09-03 07:45:00+00:00,10,2408.45,2408.281040797728,0.4850789299321675,0.5333333333333333,-0.004602741466928961,0.0,-7.015513256192207e-05,-0.0026922302786260843,0.0025161122903227806,0.48,0.52,0.52,0.48,0.0002823791290760269
2026-09-03 07:45:00+00:00,15,2408.45,2408.2778968336297,0.48803734245275776,,-0.0035146497097411356,0.0,-7.146061398088932e-05,-0.0033889575861394405,0.0031479396857321262,0.48,0.52,0.52,0.48,0.0002823791290760269
2026-09-03 13:30:00+00:00,5,2420.92,2420.829507069036,0.487671038263116,0.546583850931677,0.002092055288484218,1.0,-3.738026134669781e-05,-0.0016189499292522669,0.0016679903492331505,0.48,0.52,0.52,0.48,0.0019722689753152167
2026-09-03 13:30:00+00:00,10,2420.92,2420.5660728377543,0.46535085057192205,0.5333333333333333,0.004368942989820823,1.0,-0.00014620600268244743,-0.0024445413146167994,0.002235943917185068,0.48,0.52,0.52,0.48,0.0019722689753152167
2026-09-03 13:30:00+00:00,15,2420.92,2420.3306699023706,0.4552297552337371,,0.004484090666843521,1.0,-0.00024346192367374897,-0.0031355987302958965,0.0027642613276839256,0.48,0.52,0.52,0.48,0.0019722689753152167
2026-09-03 19:30:00+00:00,5,2511.84,2515.5322812361196,0.8384716964333411,0.99,-0.0006212516029782122,0.0,0.0014688714873045683,-0.0004022577777504921,0.003639968577772379,0.52,0.48,0.52,0.48,0.003821228797627363
2026-09-03 19:30:00+00:00,10,2511.84,2518.3315014723835,0.9064153516629607,0.99,0.001253275090785877,1.0,0.0025810273364186287,5.559390410780907e-05,0.005737455561757088,0.52,0.48,0.52,0.48,0.003821228797627363
2026-09-03 19:30:00+00:00,15,2511.84,2521.214895183943,0.9529230926436765,,0.0019568076879963314,1.0,0.0037253343034535646,0.0005643502809107304,0.007900107651948929,0.48,0.52,0.52,0.48,0.003821228797627363
2026-09-04 01:15:00+00:00,5,2506.38,2505.6074524165797,0.40027655875629664,0.4375,0.000833524480693626,1.0,-0.0003082799375988543,-0.0018425164744257927,0.0013511052820831537,0.52,0.48,0.52,0.52,-0.0014074148754117388
2026-09-04 01:15:00+00:00,10,2506.38,2505.0151979996367,0.3658134633652459,0.47368421052631576,-0.0013814307588848607,0.0,-0.0005446794675663114,-0.0025758196134120226,0.0015881055733188987,0.48,0.52,0.52,0.52,-0.0014074148754117388
2026-09-04 01:15:00+00:00,15,2506.38,2504.9705490049596,0.3787554373711425,,5.5855891814005076e-05,1.0,-0.0005625034682452679,-0.002924719825387001,0.0018992600962519646,0.48,0.52,0.52,0.52,-0.0014074148754117388
2026-09-04 07:15:00+00:00,5,2513.86,2512.234879770401,0.2705384325089569,0.3333333333333333,0.000254556158849617,1.0,-0.0006466731429100037,-0.0019825820345431566,0.0007069584680721164,0.52,0.48,0.52,0.52,-9.944371195746982e-05
2026-09-04 07:15:00+00:00,10,2513.86,2511.2131281185057,0.22789102903491143,0.3076923076923077,-0.0009631266539580352,0.0,-0.0010534661123529077,-0.0028140926733613014,0.0007733649108558893,0.48,0.52,0.52,0.52,-9.944371195746982e-05
2026-09-04 07:15:00+00:00,15,2513.86,2510.880138875711,0.24013910677604566,,-0.0009153464429196845,0.0,-0.0011860758531838655,-0.003243600018322468,0.0010072947479784489,0.48,0.52,0.52,0.52,-9.944371195746982e-05
2026-09-04 13:00:00+00:00,5,2446.92,2449.630566066484,0.600952853106711,0.546583850931677,0.0010864904571299405,1.0,0.0011071329936385155,-0.005236899480223656,0.008136425167322159,0.52,0.48,0.52,0.52,-0.031018815803733446
2026-09-04 13:00:00+00:00,10,2446.92,2451.1964714784317,0.6077731333916954,0.5420560747663551,-4.9042446247149485e-05,0.0,0.0017461702227592468,-0.007063351571559906,0.013188561424612999,0.52,0.48,0.52,0.52,-0.031018815803733446
2026-09-04 13:00:00+00:00,15,2446.92,2453.9018585308067,0.6311112641670609,,-0.0004005837130449663,0.0,0.0028492622077465057,-0.008342891931533813,0.018046274781227112,0.48,0.52,0.52,0.52,-0.031018815803733446
2026-09-04 18:45:00+00:00,5,2450.78,2451.016348273042,0.5518983630221438,0.546583850931677,-0.0002979087237875433,0.0,9.643333032727242e-05,-0.0009471657685935497,0.0010721711441874504,0.52,0.48,0.52,0.52,0.002136294730558319
2026-09-04 18:45:00+00:00,10,2450.78,2451.006663993188,0.5347760004902862,0.5420560747663551,-0.0005632446303946992,0.0,9.248219430446625e-05,-0.001415042206645012,0.0015996843576431274,0.48,0.52,0.52,0.52,0.002136294730558319
2026-09-04 18:45:00+00:00,15,2450.78,2450.8812123712705,0.5126340547501823,,0.0005139899191641817,1.0,4.1297171264886856e-05,-0.0018434040248394012,0.0018701637163758278,0.48,0.52,0.52,0.52,0.002136294730558319
2026-09-05 00:45:00+00:00,5,2453.07,2452.8582390496726,0.43215460059834765,0.45454545454545453,0.00031791837102268516,1.0,-8.63285968080163e-05,-0.0007753507816232741,0.0005638058064505458,0.52,0.48,0.52,0.52,-0.000236410474900417
2026-09-05 00:45:00+00:00,10,2453.07,2452.704945314828,0.40627877501524656,0.47368421052631576,0.00020380545617015855,1.0,-0.00014882651157677174,-0.0010066881077364087,0.0006753611378371716,0.48,0.52,0.52,0.48,-0.000236410474900417
2026-09-05 00:45:00+00:00,15,2453.07,2452.6049487191035,0.39856586763723323,,-6.930331822907476e-05,0.0,-0.00018959726730827242,-0.0012036808766424656,0.0007870100671425462,0.52,0.48,0.52,0.48,-0.000236410474900417
2026-09-05 06:30:00+00:00,5,2451.74,2451.66892939131,0.4655927965260773,0.5333333333333333,0.0002691603437039447,1.0,-2.8988244594074786e-05,-0.0004752865352202207,0.0004360347520560026,0.48,0.52,0.52,0.52,0.00032227206159785027
2026-09-05 06:30:00+00:00,10,2451.74,2451.6130581653733,0.4513799013353311,0.5333333333333333,0.0008154146427328257,1.0,-5.177756247576326e-05,-0.0006187823601067066,0.0005259677418507636,0.52,0.48,0.52,0.48,0.00032227206159785027
2026-09-05 06:30:00+00:00,15,2451.74,2451.5998822143065,0.4535228687618956,,0.0003466324690677425,1.0,-5.7151977671310306e-05,-0.0007128530414775014,0.0005997009575366974,0.48,0.52,0.52,0.48,0.00032227206159785027
2026-09-05 12:30:00+00:00,5,2454.01,2454.1718224583647,0.5879156556800407,0.546583850931677,0.0015594941931134088,1.0,6.593987927772105e-05,-0.00039639216265641153,0.00046284651034511626,0.52,0.48,0.52,0.52,6.92767709145059e-05
2026-09-05 12:30:00+00:00,10,2454.01,2454.1926277037505,0.5733496788938758,0.5420560747663551,0.0021167388969294265,1.0,7.441734487656504e-05,-0.0005290594417601824,0.0006003534654155374,0.52,0.48,0.52,0.48,6.92767709145059e-05
2026-09-05 12:30:00+00:00,15,2454.01,2454.1698096622717,0.5513160463560595,,0.0026452242701857642,1.0,6.511972605949268e-05,-0.0006744823185727,0.0007111585582606494,0.52,0.48,0.52,0.48,6.92767709145059e-05
2026-09-05 18:15:00+00:00,5,2478.35,2477.9913410622758,0.40589632531825903,0.4375,0.00020172678193208782,1.0,-0.0001447272952646017,-0.0011727716773748398,0.0006694903131574392,0.52,0.48,0.52,0.52,-0.00010490300516430295
2026-09-05 18:15:00+00:00,10,2478.35,2477.6243354095573,0.3810655185427074,0.47368421052631576,6.455699779994717e-05,1.0,-0.0002928443718701601,-0.0020468730945140123,0.0009749126620590687,0.52,0.48,0.52,0.48,-0.00010490300516430295
2026-09-05 18:15:00+00:00,15,2478.35,2476.9128965181935,0.3368389669047025,,0.0002582029893272164,1.0,-0.0005800311919301748,-0.003012408036738634,0.001134942751377821,0.52,0.48,0.52,0.48,-0.00010490300516430295
2026-09-06 00:00:00+00:00,5,2480.14,2480.2694953920713,0.5379163403013818,0.546583850931677,-7.257918190362034e-05,0.0,5.22115733474493e-05,-0.0006864502793177962,0.0008992654038593173,0.52,0.48,0.52,0.52,-0.00022576821763120591
2026-09-06 00:00:00+00:00,10,2480.14,2480.48395360166,0.574401071798307,0.5420560747663551,0.00021367478376177473,1.0,0.00013867352390661836,-0.0008571825455874205,0.0012460709549486637,0.52,0.48,0.52,0.52,-0.00022576821763120591
2026-09-06 00:00:00+00:00,15,2480.14,2480.3769372284983,0.5449073507815239,,0.000669093161920209,1.0,9.552924893796444e-05,-0.0010558492504060268,0.0013201672118157148,0.52,0.48,0.52,0.52,-0.00022576821763120591
2026-09-06 06:00:00+00:00,5,2511.24,2511.3422374425104,0.5195861492860652,0.546583850931677,0.0002468595103222171,1.0,4.071110743097961e-05,-0.0009936189744621515,0.0012981966137886047,0.52,0.48,0.52,0.52,0.002703512622195703
2026-09-06 06:00:00+00:00,10,2511.24,2511.6441747290537,0.5551499736648592,0.5420560747663551,-0.00049390191474874,0.0,0.00016093332669697702,-0.0013050246052443981,0.001958758570253849,0.52,0.48,0.52,0.52,0.002703512622195703
2026-09-06 06:00:00+00:00,15,2511.24,2512.140076890261,0.5996318642021031,,-0.0006771856424556688,0.0,0.00035835508606396616,-0.0014390511205419898,0.002596638398244977,0.52,0.48,0.52,0.52,0.002703512622195703
2026-09-06 11:45:00+00:00,5,2501.98,2501.851281339989,0.4646815724055575,0.5333333333333333,6.39473074404151e-05,1.0,-5.144804163137451e-05,-0.0008347039110958576,0.0007548507419414818,0.48,0.52,0.52,0.52,0.0006916915331665052
2026-09-06 11:45:00+00:00,10,2501.98,2502.0611498068274,0.5157942099642392,0.5420560747663551,-0.00019186646153190878,0.0,3.243370883865282e-05,-0.001097465748898685,0.0012497291900217533,0.48,0.52,0.52,0.52,0.0006916915331665052
2026-09-06 11:45:00+00:00,15,2501.98,2501.913994589497,0.4900831612999922,,-0.00023983882945710633,0.0,-2.6381618226878345e-05,-0.001444962457753718,0.0015027127228677273,0.48,0.52,0.52,0.52,0.0006916915331665052
2026-09-06 17:45:00+00:00,5,2492.02,2492.1881957144037,0.5374393474316828,0.546583850931677,0.0003370191490867924,1.0,6.74914481351152e-05,-0.0009037316194735467,0.0009886103216558695,0.52,0.48,0.52,0.52,0.0035939014783679113
2026-09-06 17:45:00+00:00,10,2492.02,2492.4111053267084,0.5630889528294845,0.5420560747663551,-4.414187198431563e-05,0.0,0.00015693077875766903,-0.0012217031326144934,0.0014714248245581985,0.48,0.52,0.52,0.52,0.0035939014783679113
2026-09-06 17:45:00+00:00,15,2492.02,2492.6732828272616,0.5854507080475984,,-2.0064245715545326e-05,0.0,0.00026211555814370513,-0.0014511944027617574,0.0019053270807489753,0.48,0.52,0.52,0.52,0.0035939014783679113
2026-09-06 23:30:00+00:00,5,2513.99,2513.869042633144,0.4794031704297216,0.5333333333333333,0.0014746539124290692,1.0,-4.811485996469855e-05,-0.0012642302317544818,0.0012602920178323984,0.48,0.52,0.52,0.52,0.0060325027440404355
2026-09-06 23:30:00+00:00,10,2513.99,2514.182310323851,0.5253436890522658,0.5420560747663551,0.0008945913606552836,1.0,7.649313192814589e-05,-0.0015749952290207148,0.0017889572773128748,0.48,0.52,0.52,0.52,0.0060325027440404355
2026-09-06 23:30:00+00:00,15,2513.99,2514.3378726437704,0.536923613889807,,0.003268333658077438,1.0,0.0001383651397190988,-0.0019140189979225397,0.0022223335690796375,0.48,0.52,0.52,0.52,0.0060325027440404355
2026-09-07 05:15:00+00:00,5,2506.92,2508.7767244037814,0.672763469987071,0.5555555555555556,-4.7868648437976447e-05,0.0,0.0007403655326925218,-0.0013253471115604043,0.0034368974156677723,0.48,0.52,0.52,0.52,0.003408383599739828
2026-09-07 05:15:00+00:00,10,2506.92,2509.570369618824,0.6771314246914026,0.625,0.00224724568025092,1.0,0.0010566629935055971,-0.0017707145307213068,0.004979170858860016,0.48,0.52,0.52,0.52,0.003408383599739828
2026-09-07 05:15:00+00:00,15,2506.92,2510.1041409747904,0.6724995439404571,,0.0019526819707582632,1.0,0.0012693346943706274,-0.0022013154812157154,0.006214096210896969,0.48,0.52,0.52,0.52,0.003408383599739828
2026-09-07 11:15:00+00:00,5,2489.99,2490.0849743473914,0.5247554377186932,0.546583850931677,0.0008069065209124204,1.0,3.814173396676779e-05,-0.0008545443415641785,0.0009110776009038091,0.48,0.52,0.52,0.52,0.0006267048786794405
2026-09-07 11:15:00+00:00,10,2489.99,2490.1894188598408,0.5350955463079592,0.5420560747663551,0.0007627642946523849,1.0,8.008501026779413e-05,-0.0012184563092887402,0.001383249880746007,0.48,0.52,0.52,0.52,0.0006267048786794405
2026-09-07 11:15:00+00:00,15,2489.99,2490.3402361282306,0.5475374771933981,,0.001011540477621864,1.0,0.00014064775314182043,-0.0015100843738764524,0.0018482381710782647,0.48,0.52,0.52,0.52,0.0006267048786794405
2026-09-07 17:00:00+00:00,5,2483.54,2484.3212168658724,0.6425471572220992,0.546583850931677,-0.00031814493582249526,0.0,0.00031450833193957806,-0.0008590812794864178,0.0016160616651177406,0.48,0.52,0.52,0.52,0.004366202414368026
2026-09-07 17:00:00+00:00,10,2483.54,2484.7341378073643,0.6348621538581701,0.6071428571428571,0.0015610669922674347,1.0,0.00048070529010146856,-0.0013937732437625527,0.002659070072695613,0.48,0.52,0.52,0.52,0.004366202414368026
2026-09-07 17:00:00+00:00,15,2483.54,2485.096887754356,0.6293603639754453,,0.0024129927172973353,1.0,0.0006266860873438418,-0.0018815465737134218,0.0035378632601350546,0.48,0.52,0.52,0.52,0.004366202414368026
2026-09-07 23:00:00+00:00,5,2483.85,2483.856545971892,0.5010499240314708,0.546583850931677,0.00037434866788643717,1.0,2.6354100555181503e-06,-0.0013266302412375808,0.0013619880191981792,0.48,0.52,0.52,0.52,-0.0027058393046752727
2026-09-07 23:00:00+00:00,10,2483.85,2483.9608262550723,0.5116167930021025,0.5420560747663551,0.0012673890468013482,1.0,4.461774369701743e-05,-0.0020731096155941486,0.0021792645566165447,0.48,0.52,0.52,0.52,-0.0027058393046752727
2026-09-07 23:00:00+00:00,15,2483.85,2484.146175650847,0.5233393268765922,,0.0013719272093570822,1.0,0.00011923344573006034,-0.002643548185005784,0.002970476169139147,0.48,0.52,0.52,0.52,-0.0027058393046752727
2026-09-08 04:45:00+00:00,5,2483.55,2483.3177358741564,0.45362386690119016,0.5,-0.0001610727448264626,0.0,-9.352539200335741e-05,-0.00114354956895113,0.0009509933297522366,0.52,0.48,0.52,0.48,-0.0013921974823158934
2026-09-08 04:45:00+00:00,10,2483.55,2483.1683961415492,0.44346711974049047,0.5333333333333333,-0.0018660067843088157,0.0,-0.00015366438310593367,-0.0016068171244114637,0.0013242142740637064,0.48,0.52,0.52,0.48,-0.0013921974823158934
2026-09-08 04:45:00+00:00,15,2483.55,2483.1068150163205,0.4479187652392467,,-0.001692559190257903,0.0,-0.00017846410628408194,-0.0020068867597728968,0.001672137645073235,0.48,0.52,0.52,0.48,-0.0013921974823158934
2026-09-08 10:30:00+00:00,5,2491.24,2491.0378696518646,0.46271545394778024,0.5333333333333333,-0.0024877984171194356,0.0,-8.113973308354616e-05,-0.0012540712486952543,0.0011191165540367365,0.52,0.48,0.52,0.48,0.003768270192181511
2026-09-08 10:30:00+00:00,10,2491.24,2491.0966430468516,0.4823118158946289,0.5333333333333333,-0.0032647444946842796,0.0,-5.754607263952494e-05,-0.001815688912756741,0.001748785376548767,0.52,0.48,0.52,0.48,0.003768270192181511
2026-09-08 10:30:00+00:00,15,2491.24,2491.0429123795943,0.4818122259172489,,-0.0027695225707917714,0.0,-7.911538705229759e-05,-0.002334495075047016,0.002317871665582061,0.48,0.52,0.52,0.48,0.003768270192181511
2026-09-08 16:30:00+00:00,5,2490.57,2490.342167631756,0.45864352296266353,0.5333333333333333,0.0016368388600467298,1.0,-9.148218668997288e-05,-0.001252884161658585,0.001138185616582632,0.52,0.48,0.52,0.48,0.0029232791275948244
2026-09-08 16:30:00+00:00,10,2490.57,2490.002135079727,0.43056630793880357,0.5333333333333333,0.004830578967858656,1.0,-0.00022803200408816338,-0.002057440811768174,0.0016256009694188833,0.48,0.52,0.52,0.48,0.0029232791275948244
2026-09-08 16:30:00+00:00,15,2490.57,2489.685430336541,0.41890648145835074,,0.001572699549441836,1.0,-0.0003552306443452835,-0.002770347287878394,0.0020905714482069016,0.48,0.52,0.52,0.48,0.0029232791275948244
2026-09-08 22:15:00+00:00,5,2483.91,2483.471038188525,0.40688657561804353,0.4375,0.00022945058761525416,1.0,-0.0001767377252690494,-0.0011703791096806526,0.0008376280893571675,0.48,0.52,0.52,0.48,-0.0010743408624946937
2026-09-08 22:15:00+00:00,10,2483.91,2483.2182979803097,0.39878287688498093,0.47368421052631576,0.00012077002985666496,1.0,-0.0002785118413157761,-0.0017141917487606406,0.001219738507643342,0.52,0.48,0.52,0.48,-0.0010743408624946937
2026-09-08 22:15:00+00:00,15,2483.91,2483.1722031368117,0.4097288097940055,,-4.025918865835365e-06,0.0,-0.00029707455541938543,-0.002059843158349395,0.001538309152238071,0.52,0.48,0.52,0.48,-0.0010743408624946937
2026-09-09 04:15:00+00:00,5,2496.81,2496.106543856989,0.3850402336526888,0.4375,-0.00043665236556122977,0.0,-0.00028178165666759014,-0.0015217354521155357,0.001083476934581995,0.48,0.52,0.52,0.52,0.0033378162696076075
2026-09-09 04:15:00+00:00,10,2496.81,2495.3920364874357,0.3419502186971126,0.47368421052631576,0.0007566795342937027,1.0,-0.0005680713802576065,-0.002416986972093582,0.001356873894110322,0.52,0.48,0.52,0.48,0.0033378162696076075
2026-09-09 04:15:00+00:00,15,2496.81,2494.6292158953747,0.30423740976867064,,0.00020423977820893668,1.0,-0.0008738097967579961,-0.0030724445823580027,0.0015107435174286366,0.48,0.52,0.52,0.48,0.0033378162696076075
2026-09-09 10:00:00+00:00,5,2491.71,2490.014992056821,0.2365119834917142,0.3333333333333333,0.0008263999122402055,1.0,-0.0006804903969168663,-0.001968720927834511,0.000596088357269764,0.48,0.52,0.52,0.52,-0.010888805771535282
2026-09-09 10:00:00+00:00,10,2491.71,2488.488308822743,0.21092404715484137,0.3076923076923077,7.624994736410429e-05,1.0,-0.001293800538405776,-0.003505957080051303,0.0009211034048348665,0.52,0.48,0.52,0.48,-0.010888805771535282
2026-09-09 10:00:00+00:00,15,2491.71,2486.8368254579077,0.19295492402750003,,-0.0011565012311915979,0.0,-0.001957670086994767,-0.004903668537735939,0.0010916739702224731,0.52,0.48,0.52,0.48,-0.010888805771535282
2026-09-09 15:45:00+00:00,5,2491.86,2492.0564519329487,0.5147800696855593,0.546583850931677,0.00022871863494522415,1.0,7.883436046540737e-05,-0.0027747051790356636,0.002819216810166836,0.52,0.48,0.52,0.52,-0.004856040047870991
2026-09-09 15:45:00+00:00,10,2491.86,2492.7626457173233,0.5470198785597963,0.5420560747663551,-0.00022475698246005038,0.0,0.00036217214073985815,-0.003816756419837475,0.004503894131630659,0.48,0.52,0.52,0.48,-0.004856040047870991
2026-09-09 15:45:00+00:00,15,2491.86,2492.9805687565727,0.5449919265208547,,-0.0003050395772365988,0.0,0.0004495906177908182,-0.00487793143838644,0.005824743770062923,0.48,0.52,0.52,0.48,-0.004856040047870991
2026-09-09 21:45:00+00:00,5,2464.03,2464.540141875167,0.5813654572533911,0.546583850931677,-0.0028001489491096265,0.0,0.0002070141490548849,-0.0012788076419383287,0.0014689499512314796,0.52,0.48,0.52,0.52,-0.002059540899166379
2026-09-09 21:45:00+00:00,10,2464.03,2465.003990975702,0.6134943569568261,0.561276537301284,-0.0018157487638541525,0.0,0.00039520562859252095,-0.0015889066271483898,0.0020331291016191244,0.52,0.48,0.52,0.48,-0.002059540899166379
2026-09-09 21:45:00+00:00,15,2464.03,2465.1211791210426,0.6076966391542067,,-0.0007835766001917932,0.0,0.00044274525134824216,-0.0019274902297183871,0.002368540270254016,0.52,0.48,0.52,0.48,-0.002059540899166379
2026-09-10 03:30:00+00:00,5,2475.56,2475.9609249343757,0.5671095270050892,0.546583850931677,-0.0007556700869777444,0.0,0.0001619401155039668,-0.0011453096522018313,0.001449929317459464,0.48,0.52,0.52,0.48,0.005261112997365203
2026-09-10 03:30:00+00:00,10,2475.56,2476.0965627640862,0.5624684363453575,0.5420560747663551,-0.0001696729759466109,0.0,0.00021672050934284925,-0.001701165339909494,0.0020901483949273825,0.52,0.48,0.52,0.48,0.005261112997365203
2026-09-10 03:30:00+00:00,15,2475.56,2476.0133568834276,0.5414106599165183,,0.00032714517661691644,1.0,0.0001831162953749299,-0.002252398757264018,0.0025746512692421675,0.48,0.52,0.52,0.52,0.005261112997365203
2026-09-10 09:30:00+00:00,5,2475.44,2474.919832515458,0.4002531928839663,0.4375,-0.0016009965173688911,0.0,-0.00021015340462327003,-0.0013686269521713257,0.0008665124769322574,0.52,0.48,0.52,0.48,0.000860823493419538
2026-09-10 09:30:00+00:00,10,2475.44,2474.6678879392366,0.38869022385896024,0.47368421052631576,-0.003678833075407617,0.0,-0.0003119576722383499,-0.0018464057939127088,0.0011217121500521898,0.52,0.48,0.52,0.48,0.000860823493419538
2026-09-10 09:30:00+00:00,15,2475.44,2474.4636332343393,0.38355838253183006,,-0.003082988163906286,0.0,-0.0003944993077311665,-0.0022825091145932674,0.00132663210388273,0.48,0.52,0.52,0.52,0.000860823493419538
2026-09-10 15:15:00+00:00,5,2442.7,2443.4634708403746,0.6138323820674179,0.546583850931677,-0.0018562269844126789,0.0,0.00031250319443643093,-0.0011917485389858484,0.0016569052822887897,0.52,0.48,0.52,0.48,0.004858880692523826
2026-09-10 15:15:00+00:00,10,2442.7,2443.6871151536034,0.599213056267849,0.5420560747663551,-0.0032557958502179574,0.0,0.00040402659215033054,-0.0019714785739779472,0.0025034064892679453,0.48,0.52,0.52,0.48,0.004858880692523826
2026-09-10 15:15:00+00:00,15,2442.7,2443.91040723014,0.5927613391677308,,-0.002471631817121178,0.0,0.0004953974857926369,-0.002686642110347748,0.0032122479751706123,0.48,0.52,0.52,0.52,0.004858880692523826
2026-09-10 21:00:00+00:00,5,2462.92,2463.406509701254,0.6064492157495489,0.546583850931677,-0.0002639492095832807,0.0,0.00019751419313251972,-0.0008263376075774431,0.0012515197740867734,0.52,0.48,0.52,0.48,-0.00028417510248957
2026-09-10 21:00:00+00:00,10,2462.92,2463.8368970772567,0.6316797726827178,0.6071428571428571,-6.090517269541351e-05,0.0,0.0003722112160176039,-0.0011314994189888239,0.0019523100927472115,0.48,0.52,0.52,0.48,-0.00028417510248957
2026-09-10 21:00:00+00:00,15,2462.92,2464.249038508224,0.6460625811789863,,-0.0010684087212116111,0.0,0.0005394734907895327,-0.0013742530718445778,0.002560014370828867,0.52,0.48,0.52,0.52,-0.00028417510248957
2026-09-11 03:00:00+00:00,5,2447.3,2446.6352592365665,0.36095735790521666,0.36363636363636365,-0.001705371924608734,0.0,-0.0002716589951887727,-0.0013238023966550827,0.0007191812619566917,0.52,0.48,0.52,0.48,-0.0025302005010017226
2026-09-11 03:00:00+00:00,10,2447.3,2446.3042900834457,0.3542350804960567,0.47368421052631576,-0.0016030494080405688,0.0,-0.0004069433780387044,-0.0019050347618758678,0.0010490063577890396,0.52,0.48,0.52,0.48,-0.0025302005010017226
2026-09-11 03:00:00+00:00,15,2447.3,2445.979753195149,0.3506837681084418,,-0.00048636841117311036,0.0,-0.0005396163323894143,-0.0024751380551606417,0.0013334988616406918,0.52,0.48,0.52,0.48,-0.0025302005010017226
2026-09-11 08:45:00+00:00,5,2479.02,2479.4798994596827,0.5790844353210471,0.546583850931677,-0.0008757292417609364,0.0,0.0001854994334280491,-0.0009743531700223684,0.0015375083312392235,0.48,0.52,0.52,0.48,0.004742938469004088
2026-09-11 08:45:00+00:00,10,2479.02,2480.11215121754,0.6266457818733963,0.6071428571428571,-0.0011947336277478016,0.0,0.000440460629761219,-0.0013709634076803923,0.0025257589295506477,0.48,0.52,0.52,0.48,0.004742938469004088
2026-09-11 08:45:00+00:00,15,2479.02,2480.12203364993,0.60021179896748,,-0.000645624704658232,0.0,0.00044444529339671135,-0.0019149919971823692,0.003101650159806013,0.52,0.48,0.52,0.48,0.004742938469004088
2026-09-11 14:45:00+00:00,5,2610.6,2609.2870091844884,0.44251260067771214,0.45454545454545453,-0.005831726739969234,0.0,-0.000503072515130043,-0.006202291697263718,0.004803387448191643,0.48,0.52,0.52,0.48,0.033315255151312506
2026-09-11 14:45:00+00:00,10,2610.6,2608.298141118804,0.4441248023785366,0.5333333333333333,-0.002427674365373278,0.0,-0.0008821245282888412,-0.012332115322351456,0.008241463452577591,0.48,0.52,0.52,0.48,0.033315255151312506
2026-09-11 14:45:00+00:00,15,2610.6,2605.477723311973,0.4220519420612121,,-0.0009389222246660722,0.0,-0.0019640345126390457,-0.019929900765419006,0.011957444250583649,0.52,0.48,0.52,0.48,0.033315255151312506
2026-09-11 20:30:00+00:00,5,2535.1,2534.413997471128,0.40845013515301587,0.4375,-0.0004655732355818287,0.0,-0.00027063838206231594,-0.0019871778786182404,0.001199900172650814,0.52,0.48,0.52,0.48,-0.004258993806501188
2026-09-11 20:30:00+00:00,10,2535.1,2533.9664248012614,0.40442677198497246,0.47368421052631576,0.0015766035349651375,1.0,-0.00044725206680595875,-0.0033443691208958626,0.0019654950592666864,0.52,0.48,0.52,0.48,-0.004258993806501188
2026-09-11 20:30:00+00:00,15,2535.1,2533.388210460756,0.3877665031867238,,0.0007570799159752895,1.0,-0.0006754635833203793,-0.004653009120374918,0.002541707828640938,0.52,0.48,0.52,0.48,-0.004258993806501188
2026-09-12 02:15:00+00:00,5,2513.57,2513.467367481128,0.47368938644374714,0.5333333333333333,-0.00021883622980745088,0.0,-4.083220846951008e-05,-0.0010245851008221507,0.0007694216910749674,0.52,0.48,0.52,0.52,-0.0008748663404434254
2026-09-12 02:15:00+00:00,10,2513.57,2513.218904796528,0.4379450458692348,0.5333333333333333,0.0003341302104686861,1.0,-0.00013968965504318476,-0.0015519518638029695,0.0010261568240821362,0.48,0.52,0.52,0.48,-0.0008748663404434254
2026-09-12 02:15:00+00:00,15,2513.57,2512.5630159579423,0.363863119144904,,6.365245760342475e-05,1.0,-0.0004006993258371949,-0.00222856760956347,0.0010850399266928434,0.52,0.48,0.52,0.48,-0.0008748663404434254
2026-09-12 08:15:00+00:00,5,2525.7,2525.539407586489,0.44846691637811475,0.5,0.0007955024848564918,1.0,-6.358535028994083e-05,-0.0007722219452261925,0.000600314000621438,0.52,0.48,0.52,0.52,0.000716889916811958
2026-09-12 08:15:00+00:00,10,2525.7,2525.4684806642963,0.44660082380433763,0.5333333333333333,0.0006293303776487846,1.0,-9.166961535811424e-05,-0.0011285089422017336,0.0008513694629073143,0.48,0.52,0.52,0.48,0.000716889916811958
2026-09-12 08:15:00+00:00,15,2525.7,2525.421157172427,0.4489381130360718,,0.0016496659904570166,1.0,-0.00011040829122066498,-0.0014285920187830925,0.001062123104929924,0.48,0.52,0.52,0.48,0.000716889916811958
2026-09-12 14:00:00+00:00,5,2543.2,2543.1672129344006,0.49359812817270865,0.546583850931677,-0.0002634823334615177,0.0,-1.289213469135575e-05,-0.0010000242618843913,0.001053505577147007,0.48,0.52,0.52,0.52,0.002945510229757531
2026-09-12 14:00:00+00:00,10,2543.2,2543.2103877210507,0.5016635667993383,0.5420560747663551,-0.0005270341081589081,0.0,4.084499778400641e-06,-0.0012110407697036862,0.0013246492017060518,0.48,0.52,0.52,0.48,0.002945510229757531
2026-09-12 14:00:00+00:00,15,2543.2,2543.1710805460625,0.49599427760717685,,-0.0008378784465072897,0.0,-1.1371350410627201e-05,-0.0013880757614970207,0.0015313075855374336,0.48,0.52,0.52,0.48,0.002945510229757531
2026-09-12 20:00:00+00:00,5,2519.63,2518.78689634346,0.24697985269182965,0.3333333333333333,0.0007894867754476564,1.0,-0.00033467006869614124,-0.0010314567480236292,0.00032547791488468647,0.48,0.52,0.52,0.52,-0.0010353302378440787
2026-09-12 20:00:00+00:00,10,2519.63,2518.1538284102844,0.19819757232922863,0.3076923076923077,0.0009956821542296268,1.0,-0.0005860400851815939,-0.0014873596373945475,0.0003462184686213732,0.48,0.52,0.52,0.48,-0.0010353302378440787
2026-09-12 20:00:00+00:00,15,2519.63,2517.7180040949834,0.18208429426824357,,0.001344531351846534,1.0,-0.0007591280154883862,-0.0018012069631367922,0.00034324568696320057,0.48,0.52,0.52,0.48,-0.0010353302378440787
2026-09-13 01:45:00+00:00,5,2525.48,2525.2859065992184,0.4222738312761659,0.4377490925052329,-9.107594354063053e-05,0.0,-7.685701712034643e-05,-0.0007372528780251741,0.0004761533928103745,0.52,0.48,0.52,0.48,0.0004673471008551644
2026-09-13 01:45:00+00:00,10,2525.48,2525.1255579009985,0.3962041689831175,0.47368421052631576,4.7514590947095314e-05,1.0,-0.00014035627827979624,-0.000952343747485429,0.0005855307099409401,0.48,0.52,0.52,0.48,0.0004673471008551644
2026-09-13 01:45:00+00:00,15,2525.48,2525.092785210474,0.4020197663951198,,-0.00020196220207502336,0.0,-0.00015333500050473958,-0.0010583435650914907,0.000691146356984973,0.48,0.52,0.52,0.52,0.0004673471008551644
2026-09-13 07:30:00+00:00,5,2515.0,2514.895494488468,0.45568434356602083,0.5243682967657515,0.0004809976221737955,1.0,-4.155375063419342e-05,-0.0005826540291309357,0.0004704608581960201,0.52,0.48,0.52,0.48,-0.002771503745464976
2026-09-13 07:30:00+00:00,10,2515.0,2514.770986752284,0.43045866241834363,0.5333333333333333,0.0016169822377500864,1.0,-9.106309153139591e-05,-0.0008721385383978486,0.0006738038500770926,0.52,0.48,0.52,0.48,-0.002771503745464976
2026-09-13 07:30:00+00:00,15,2515.0,2514.7245859356526,0.43672493811881186,,0.0017717892948798664,1.0,-0.0001095145707949996,-0.0011099893599748611,0.0008471100591123104,0.48,0.52,0.52,0.52,-0.002771503745464976
2026-09-13 13:30:00+00:00,5,2468.19,2468.2975462802997,0.5203887242247333,0.546583850931677,0.0014170387076877233,1.0,4.3571984861046076e-05,-0.00123698846437037,0.0011109390761703253,0.48,0.52,0.52,0.48,-0.005664203896193598
2026-09-13 13:30:00+00:00,10,2468.19,2468.2386523515906,0.5065200259921543,0.5420560747663551,0.0020682028382070783,1.0,1.971155870705843e-05,-0.0017962846904993057,0.0015482752351090312,0.52,0.48,0.52,0.48,-0.005664203896193598
2026-09-13 13:30:00+00:00,15,2468.19,2468.069706486305,0.4868986453575602,,0.003466165918852404,1.0,-4.87387296743691e-05,-0.002332507399842143,0.0018909897189587355,0.52,0.48,0.52,0.52,-0.005664203896193598
2026-09-13 19:15:00+00:00,5,2509.8,2509.9797926858873,0.5469423034487784,0.546583850931677,-0.0011162495179144472,0.0,7.163369446061552e-05,-0.000736924062948674,0.0009280839585699141,0.52,0.48,0.52,0.48,0.0013077317505434394
2026-09-13 19:15:00+00:00,10,2509.8,2510.2057852341118,0.5765197272156974,0.5420560747663551,-0.0008251072210585519,0.0,0.00016166723798960447,-0.000992265180684626,0.001322306809015572,0.52,0.48,0.52,0.48,0.0013077317505434394
2026-09-13 19:15:00+00:00,15,2509.8,2510.465775442792,0.5980784674231201,,-0.000964685415980604,0.0,0.0002652351395227015,-0.0011958004906773567,0.001698921900242567,0.52,0.48,0.52,0.52,0.0013077317505434394
2026-09-14 01:15:00+00:00,5,2479.73,2480.1269977133084,0.5471354639767516,0.546583850931677,-0.0005042142331532773,0.0,0.00016008433885872364,-0.0017939209938049316,0.001957912230864167,0.52,0.48,0.52,0.48,-0.00280684700117817
2026-09-14 01:15:00+00:00,10,2479.73,2480.2379057340113,0.5434745518940896,0.5420560747663551,0.0006571136821351686,1.0,0.0002048020251095295,-0.0025178571231663227,0.002793220104649663,0.52,0.48,0.52,0.52,-0.00280684700117817
2026-09-14 01:15:00+00:00,15,2479.73,2480.2757012086536,0.5368384268105485,,0.0012131057191808736,1.0,0.0002200405579060316,-0.0031458125449717045,0.003500713035464287,0.52,0.48,0.52,0.48,-0.00280684700117817
2026-09-14 07:00:00+00:00,5,2512.74,2512.600270490647,0.48345591393082654,0.5333333333333333,0.0023174889280488387,1.0,-5.5609969422221184e-05,-0.0019511200953274965,0.001698853331618011,0.52,0.48,0.52,0.48,-0.0014594914255727787
2026-09-14 07:00:00+00:00,10,2512.74,2513.4712326988383,0.5613285914020023,0.5420560747663551,0.002047457991982249,1.0,0.0002909677568823099,-0.0023771682754158974,0.0027573811821639538,0.52,0.48,0.52,0.52,-0.0014594914255727787
2026-09-14 07:00:00+00:00,15,2512.74,2514.2238919933093,0.5964065126397877,,0.002658894250936683,1.0,0.0005903730634599924,-0.0028445241041481495,0.0036710714921355247,0.52,0.48,0.52,0.48,-0.0014594914255727787
2026-09-14 12:45:00+00:00,5,2512.91,2513.0093606664377,0.5176071096144181,0.546583850931677,-0.0021671674770171734,0.0,3.953929990530014e-05,-0.0011608321219682693,0.001255726907402277,0.48,0.52,0.52,0.48,0.0003900621760797307
2026-09-14 12:45:00+00:00,10,2512.91,2513.030162865192,0.5159975969262467,0.5420560747663551,-0.0035719591643532667,0.0,4.7817069571465254e-05,-0.0015491815283894539,0.0016984280664473772,0.48,0.52,0.52,0.52,0.0003900621760797307
2026-09-14 12:45:00+00:00,15,2512.91,2513.056440019444,0.5163208909503925,,-0.003400245239329358,0.0,5.827337736263871e-05,-0.0018273330060765147,0.0020188679918646812,0.52,0.48,0.52,0.48,0.0003900621760797307
2026-09-14 18:45:00+00:00,5,2541.72,2542.255672823547,0.5676365130964391,0.546583850931677,0.0005545886451479021,1.0,0.00021072989329695702,-0.0013584722764790058,0.0018707993440330029,0.48,0.52,0.52,0.48,0.005938786965256071
2026-09-14 18:45:00+00:00,10,2541.72,2542.4420642266905,0.5693068868194646,0.5420560747663551,-0.001137672225136832,0.0,0.0002840445376932621,-0.0019508050754666328,0.002531044650822878,0.48,0.52,0.52,0.52,0.005938786965256071
2026-09-14 18:45:00+00:00,15,2541.72,2542.5160032765884,0.5631975210945679,,-0.0015867987997051358,0.0,0.00031312601640820503,-0.0024168300442397594,0.0030638081952929497,0.48,0.52,0.52,0.48,0.005938786965256071
2026-09-15 00:30:00+00:00,5,2510.54,2509.107538332386,0.301800271139669,0.3333333333333333,0.002216188626520399,1.0,-0.0005707419477403164,-0.0021302499808371067,0.0009633060544729233,0.48,0.52,0.52,0.48,-0.003935620009822394
2026-09-15 00:30:00+00:00,10,2510.54,2507.6244654665393,0.23126154575973046,0.3076923076923077,0.0017630056043822506,1.0,-0.0011619925498962402,-0.0034604333341121674,0.0010173344053328037,0.48,0.52,0.52,0.52,-0.003935620009822394
2026-09-15 00:30:00+00:00,15,2510.54,2506.3140466365307,0.2012455445115442,,0.0016675724770855993,1.0,-0.0016847029328346252,-0.004514409229159355,0.0010682749561965466,0.52,0.48,0.52,0.48,-0.003935620009822394
2026-09-15 06:30:00+00:00,5,2488.47,2487.9135767009984,0.3907737878391757,0.4375,-4.0186142215681286e-05,0.0,-0.00022362556774169207,-0.0013608246808871627,0.0008451141184195876,0.52,0.48,0.52,0.48,-0.0004580079146689897
2026-09-15 06:30:00+00:00,10,2488.47,2487.9154862406267,0.4310742323362815,0.5333333333333333,-0.00018888891177759604,0.0,-0.00022285804152488708,-0.002015151083469391,0.0014712900156155229,0.52,0.48,0.52,0.52,-0.0004580079146689897
2026-09-15 06:30:00+00:00,15,2488.47,2487.5645106611883,0.41568735011699376,,0.00018885323949469068,1.0,-0.0003639401402324438,-0.002754511311650276,0.0019069035770371556,0.52,0.48,0.52,0.48,-0.0004580079146689897
2026-09-15 12:15:00+00:00,5,2478.6,2478.150145244968,0.4171469017820705,0.4375,-0.0004963710535994537,0.0,-0.00018151197582483292,-0.0013459802139550447,0.0009572131675668061,0.52,0.48,0.52,0.48,-0.0016407092994379369
2026-09-15 12:15:00+00:00,10,2478.6,2477.585430840102,0.3728309205817554,0.47368421052631576,0.00020170643713601777,1.0,-0.00040941534098237753,-0.002114182338118553,0.0012566910590976477,0.48,0.52,0.52,0.52,-0.0016407092994379369
2026-09-15 12:15:00+00:00,15,2478.6,2477.209079319142,0.36422507660757386,,-8.876372313171288e-05,0.0,-0.0005613294197246432,-0.002775009721517563,0.001564469770528376,0.48,0.52,0.52,0.48,-0.0016407092994379369
2026-09-15 18:00:00+00:00,5,2437.81,2435.5258383533674,0.29795332196139623,0.3333333333333333,0.00038961811765947374,1.0,-0.0009374120272696018,-0.003332794178277254,0.0015891105867922306,0.52,0.48,0.52,0.48,0.006634451745261671
2026-09-15 18:00:00+00:00,10,2437.81,2433.6572154177506,0.28230313509453253,0.3076923076923077,-0.0006360187901490733,0.0,-0.0017049424350261688,-0.00551593117415905,0.0024156635627150536,0.52,0.48,0.52,0.52,0.006634451745261671
2026-09-15 18:00:00+00:00,15,2437.81,2432.0575958691115,0.2673243281492801,,-0.0009685509020620486,0.0,-0.0023624489549547434,-0.00755327520892024,0.0028485949151217937,0.48,0.52,0.52,0.48,0.006634451745261671
2026-09-16 00:00:00+00:00,5,2399.39,2399.385790005853,0.49931303242038483,0.546583850931677,0.002164872472779855,1.0,-1.7546117305755615e-06,-0.0013560084626078606,0.001401308341883123,0.52,0.48,0.52,0.48,-4.584393475148829e-05
2026-09-16 00:00:00+00:00,10,2399.39,2399.2640860450224,0.4867675230003047,0.5333333333333333,0.0006791086855688633,1.0,-5.2478862926363945e-05,-0.0021809625905007124,0.002194107510149479,0.52,0.48,0.52,0.48,-4.584393475148829e-05
2026-09-16 00:00:00+00:00,15,2399.39,2398.906578274324,0.4598914959259992,,0.0015575159524825466,1.0,-0.00020149722695350647,-0.0030386068392544985,0.0026198732666671276,0.52,0.48,0.52,0.48,-4.584393475148829e-05
2026-09-16 05:45:00+00:00,5,2406.49,2406.4130543171464,0.4847490707661418,0.5333333333333333,-0.00044888714151714026,0.0,-3.197474870830774e-05,-0.0011301343329250813,0.0011185613693669438,0.48,0.52,0.52,0.48,-0.0008390447013528757
2026-09-16 05:45:00+00:00,10,2406.49,2406.3335635537533,0.47844853171321156,0.5333333333333333,-0.0008439082179094726,0.0,-6.500817835330963e-05,-0.0017390348948538303,0.0016203148989006877,0.48,0.52,0.52,0.48,-0.0008390447013528757
2026-09-16 05:45:00+00:00,15,2406.49,2406.3726795557977,0.48751380823422463,,0.0009054736079159298,1.0,-4.875287413597107e-05,-0.002205254975706339,0.0020908776205033064,0.48,0.52,0.52,0.48,-0.0008390447013528757
2026-09-16 11:45:00+00:00,5,2423.78,2420.065436583028,0.2178894433021974,0.3333333333333333,-0.0002764659417762161,0.0,-0.0015337252989411354,-0.003867822466418147,0.0012377118691802025,0.48,0.52,0.52,0.48,0.007046860364216201
2026-09-16 11:45:00+00:00,10,2423.78,2418.415931714598,0.20909461739980562,0.3076923076923077,-0.0012302409603517361,0.0,-0.002215552842244506,-0.005319605115801096,0.0016210470348596573,0.48,0.52,0.52,0.48,0.007046860364216201
2026-09-16 11:45:00+00:00,15,2423.78,2417.1754253590398,0.2027095394997065,,-0.0012137176335444977,0.0,-0.0027286261320114136,-0.0063016475178301334,0.001908769365400076,0.48,0.52,0.52,0.48,0.007046860364216201
2026-09-16 17:30:00+00:00,5,2387.7,2388.192517803393,0.5739829725680288,0.546583850931677,-0.0025664265294285116,0.0,0.0002062516286969185,-0.001309794606640935,0.001689355238340795,0.52,0.48,0.52,0.48,-0.003470120755427075
2026-09-16 17:30:00+00:00,10,2387.7,2388.381148858415,0.57923606444348,0.5420560747663551,-0.0036881599140041743,0.0,0.00028523337095975876,-0.0016524705570191145,0.0022657420486211777,0.52,0.48,0.52,0.48,-0.003470120755427075
2026-09-16 17:30:00+00:00,15,2387.7,2388.569463357641,0.5843793860583981,,-0.00420533714702831,0.0,0.0003640763461589813,-0.0019067309331148863,0.002702350728213787,0.52,0.48,0.52,0.48,-0.003470120755427075
2026-09-16 23:15:00+00:00,5,2400.23,2400.3668492784313,0.5212504846255198,0.546583850931677,0.0050492459657274225,1.0,5.701344343833625e-05,-0.0014074229402467608,0.0014794481685385108,0.48,0.52,0.52,0.48,-9.998541887590306e-05
2026-09-16 23:15:00+00:00,10,2400.23,2399.9664484183913,0.47183875183397195,0.5333333333333333,0.004929025506132945,1.0,-0.0001098086650017649,-0.002290362026542425,0.001998241525143385,0.48,0.52,0.52,0.48,-9.998541887590306e-05
2026-09-16 23:15:00+00:00,15,2400.23,2400.129115130556,0.49126931254789374,,0.00613472100902257,1.0,-4.203221760690212e-05,-0.0026672109961509705,0.0025639745872467756,0.48,0.52,0.52,0.48,-9.998541887590306e-05
2026-09-17 05:15:00+00:00,5,2440.14,2439.4005548208443,0.3227615979827052,0.3333333333333333,0.0005121345263967569,1.0,-0.00030307983979582787,-0.001184005057439208,0.000604680273681879,0.52,0.48,0.52,0.52,0.003777400880041526
2026-09-17 05:15:00+00:00,10,2440.14,2438.871195270224,0.296727076615395,0.3076923076923077,0.0018547297842124166,1.0,-0.0005201073363423347,-0.0017949913162738085,0.0007900525815784931,0.52,0.48,0.52,0.48,0.003777400880041526
2026-09-17 05:15:00+00:00,15,2440.14,2437.980931351865,0.24421486754777222,,0.0007128197236703215,1.0,-0.0008852051105350256,-0.002546764211729169,0.0008287741802632809,0.52,0.48,0.52,0.52,0.003777400880041526
2026-09-17 11:00:00+00:00,5,2437.07,2437.0741441179916,0.5008587289659023,0.546583850931677,-0.00018056097059560017,0.0,1.70044950209558e-06,-0.0010042693465948105,0.0010745710460469127,0.48,0.52,0.52,0.52,-0.0009556093556648548
2026-09-17 11:00:00+00:00,10,2437.07,2437.0665156609493,0.4994784862991849,0.5420560747663551,0.00013129659509303337,1.0,-1.4297256711870432e-06,-0.001397187588736415,0.0014940730761736631,0.48,0.52,0.52,0.48,-0.0009556093556648548
2026-09-17 11:00:00+00:00,15,2437.07,2437.1495137228385,0.509738924518685,,0.000824420952531213,1.0,3.262623795308173e-05,-0.001706987852230668,0.001872635562904179,0.48,0.52,0.52,0.52,-0.0009556093556648548
2026-09-17 16:45:00+00:00,5,2464.71,2463.6850065333006,0.37525388688734673,0.4375,-0.0008280263006126276,0.0,-0.00041595427319407463,-0.00241751316934824,0.0012911318335682154,0.48,0.52,0.52,0.52,-0.0024111679094547256
2026-09-17 16:45:00+00:00,10,2464.71,2462.616491074488,0.3396566999672366,0.47368421052631576,-0.000486991255956859,0.0,-0.0008497545495629311,-0.0040514967404305935,0.0018645264208316803,0.48,0.52,0.52,0.48,-0.0024111679094547256
2026-09-17 16:45:00+00:00,15,2464.71,2462.6423411396786,0.38430868657769235,,0.002718730719442064,1.0,-0.00083925761282444,-0.005120635963976383,0.002929424401372671,0.52,0.48,0.52,0.52,-0.0024111679094547256
2026-09-17 22:45:00+00:00,5,2446.82,2446.1828549783627,0.3613795211411106,0.36363636363636365,-0.0008831683418506486,0.0,-0.0002604310866445303,-0.0012617860920727253,0.0007208855822682381,0.48,0.52,0.52,0.52,-0.0017843986270076329
2026-09-17 22:45:00+00:00,10,2446.82,2445.9145649598445,0.37528096949922973,0.47368421052631576,-0.001308675888755495,0.0,-0.00037011411041021347,-0.002003840170800686,0.0012606378877535462,0.48,0.52,0.52,0.48,-0.0017843986270076329
2026-09-17 22:45:00+00:00,15,2446.82,2445.8855590407834,0.4013771806060942,,-0.0006132285858564401,0.0,-0.00038197310641407967,-0.002513439394533634,0.0017291941912844777,0.48,0.52,0.52,0.52,-0.0017843986270076329
2026-09-18 04:30:00+00:00,5,2473.26,2473.501293796247,0.5351279568405035,0.546583850931677,0.0005335661748624432,1.0,9.755627252161503e-05,-0.0013257875107228756,0.0016488432884216309,0.48,0.52,0.52,0.48,-0.0015473656465472274
2026-09-18 04:30:00+00:00,10,2473.26,2473.409980835783,0.5150065743757224,0.5420560747663551,-0.001027512337620884,0.0,6.063911132514477e-05,-0.0021306443959474564,0.002380331978201866,0.52,0.48,0.52,0.48,-0.0015473656465472274
2026-09-18 04:30:00+00:00,15,2473.26,2473.500947100319,0.5184826029433527,,0.002136593291106159,1.0,9.74161084741354e-05,-0.002705441787838936,0.003006075043231249,0.52,0.48,0.52,0.48,-0.0015473656465472274
2026-09-18 10:30:00+00:00,5,2517.11,2516.3065779826807,0.3995903626879379,0.4375,-0.00043313008686052257,0.0,-0.0003192352596670389,-0.0018514379626139998,0.0015253295423462987,0.48,0.52,0.52,0.48,0.0040445431981499524
2026-09-18 10:30:00+00:00,10,2517.11,2515.9773602683267,0.3951417542957206,0.47368421052631576,0.00030188799390362675,1.0,-0.00045007752487435937,-0.0024542533792555332,0.0020142390858381987,0.48,0.52,0.52,0.48,0.0040445431981499524
2026-09-18 10:30:00+00:00,15,2517.11,2515.9566836361523,0.40889585285705843,,0.0002820297421042284,1.0,-0.0004582956898957491,-0.0027725775726139545,0.002452562563121319,0.48,0.52,0.52,0.48,0.0040445431981499524
2026-09-18 16:15:00+00:00,5,2595.91,2597.1808672013526,0.6055933805498857,0.546583850931677,0.000997225946600011,1.0,0.0004894454032182693,-0.0019754990935325623,0.002824573777616024,0.48,0.52,0.52,0.48,0.006128350929059501
2026-09-18 16:15:00+00:00,10,2595.91,2598.0581906875973,0.6233032194234718,0.6071428571428571,-9.630997952125853e-05,0.0,0.0008271867409348488,-0.0029942961409687996,0.004320917651057243,0.48,0.52,0.52,0.48,0.006128350929059501
2026-09-18 16:15:00+00:00,15,2595.91,2597.898139496755,0.592563074130542,,0.0021818232451691344,1.0,0.0007655806839466095,-0.004170035012066364,0.005129409953951836,0.48,0.52,0.52,0.48,0.006128350929059501
2026-09-18 22:00:00+00:00,5,2628.23,2628.8014614167973,0.58585811961411,0.546583850931677,0.00030814472393814185,1.0,0.0002174084074795246,-0.0011658151634037495,0.0016745207831263542,0.48,0.52,0.52,0.48,-0.0022157662862580807
2026-09-18 22:00:00+00:00,10,2628.23,2628.8182920487925,0.5605685222127428,0.5420560747663551,0.001646140970378518,1.0,0.00022381078451871872,-0.00176157895475626,0.002363936509937048,0.52,0.48,0.52,0.48,-0.0022157662862580807
2026-09-18 22:00:00+00:00,15,2628.23,2629.451136629825,0.5960926730636036,,0.0007986977848055687,1.0,0.0004645152948796749,-0.0020547029562294483,0.003136366605758667,0.48,0.52,0.52,0.48,-0.0022157662862580807
2026-09-19 04:00:00+00:00,5,2620.17,2620.1909141712345,0.5059937435229027,0.546583850931677,0.0010375621274647528,1.0,7.981958333402872e-06,-0.0007351095555350184,0.0007817865116521716,0.52,0.48,0.52,0.52,-0.0009765588523329427
2026-09-19 04:00:00+00:00,10,2620.17,2620.3446213469733,0.5320914289622403,0.5420560747663551,0.001651200546000986,1.0,6.664282409474254e-05,-0.0010926222894340754,0.0013014781288802624,0.52,0.48,0.52,0.52,-0.0009765588523329427
2026-09-19 04:00:00+00:00,15,2620.17,2620.3680665461625,0.5278977477787135,,0.002470068839666162,1.0,7.559015648439527e-05,-0.0014152302173897624,0.0016671509947627783,0.52,0.48,0.52,0.52,-0.0009765588523329427
2026-09-19 09:45:00+00:00,5,2638.26,2639.818966488639,0.6562187949602394,0.5555555555555556,0.0015679861412056795,1.0,0.000590732553973794,-0.0012570604449138045,0.002820342779159546,0.48,0.52,0.52,0.52,-0.004440031044893544
2026-09-19 09:45:00+00:00,10,2638.26,2640.4386958064524,0.6530827780186936,0.6071428571428571,0.00159447685904901,1.0,0.0008254670538008213,-0.0018857400864362717,0.003989281132817268,0.48,0.52,0.52,0.52,-0.004440031044893544
2026-09-19 09:45:00+00:00,15,2638.26,2640.8343319533938,0.6451564969120422,,0.0015225718493203644,1.0,0.0009752931073307991,-0.0024086139164865017,0.004933645948767662,0.52,0.48,0.52,0.52,-0.004440031044893544
2026-09-19 15:45:00+00:00,5,2646.28,2644.1669987381347,0.2500294268133547,0.3333333333333333,-0.000419544743419209,0.0,-0.0007987988064996898,-0.0023061344400048256,0.0007949676364660263,0.48,0.52,0.52,0.52,0.0022736955440327833
2026-09-19 15:45:00+00:00,10,2646.28,2643.6453842403803,0.2529035846935789,0.3076923076923077,-0.0015694701628161667,0.0,-0.0009960881434381008,-0.0028415657579898834,0.001025154022499919,0.48,0.52,0.52,0.52,0.0022736955440327833
2026-09-19 15:45:00+00:00,15,2646.28,2643.192799750868,0.2415236820874248,,-0.0021979485842908986,0.0,-0.0011672999244183302,-0.003210844472050667,0.0010880224872380495,0.48,0.52,0.52,0.52,0.0022736955440327833
2026-09-19 21:30:00+00:00,5,2627.29,2627.475763195574,0.5316916930706709,0.546583850931677,-0.0012454036888538411,0.0,7.070275023579597e-05,-0.0012006573379039764,0.001197126810438931,0.48,0.52,0.52,0.52,-0.003328687901034577
2026-09-19 21:30:00+00:00,10,2627.29,2627.7291620519927,0.5527207097375939,0.5420560747663551,-0.0004682726345954791,0.0,0.0001671400386840105,-0.0016114378813654184,0.0017918474040925503,0.48,0.52,0.52,0.52,-0.003328687901034577
2026-09-19 21:30:00+00:00,15,2627.29,2628.138671920401,0.5827908420273593,,-0.00044542497895516675,0.0,0.00032296963036060333,-0.0017945007421076298,0.0022960477508604527,0.48,0.52,0.52,0.52,-0.003328687901034577
2026-09-20 03:15:00+00:00,5,2570.78,2568.6398384648423,0.4073284800124356,0.4375,0.006594874800727624,1.0,-0.000832841731607914,-0.007087708450853825,0.003167949616909027,0.52,0.48,0.52,0.52,-0.02042572759247996
2026-09-20 03:15:00+00:00,10,2570.78,2568.1083681518917,0.41972428084439983,0.47368421052631576,0.006865339305842433,1.0,-0.001039770431816578,-0.010307712480425835,0.004882483743131161,0.52,0.48,0.52,0.52,-0.02042572759247996
2026-09-20 03:15:00+00:00,15,2570.78,2568.369657217356,0.4432379168308038,,0.006409371138430764,1.0,-0.0009380318224430084,-0.012933412566781044,0.0064878989942371845,0.52,0.48,0.52,0.52,-0.02042572759247996
2026-09-20 09:15:00+00:00,5,2576.82,2576.7876184188594,0.4915199859224193,0.546583850931677,0.0001746186043094511,1.0,-1.2566568329930305e-05,-0.000835692510008812,0.0007900814525783062,0.52,0.48,0.52,0.52,-0.001430973247654066
2026-09-20 09:15:00+00:00,10,2576.82,2576.483991823074,0.43957347505518474,0.5333333333333333,0.001047254543635745,1.0,-0.00013040495105087757,-0.0013659095857292414,0.0010771272936835885,0.48,0.52,0.52,0.52,-0.001430973247654066
2026-09-20 09:15:00+00:00,15,2576.82,2576.4715070586453,0.44955901903117046,,0.0012953319450570433,1.0,-0.0001352506224066019,-0.0016518875490874052,0.0013388580409809947,0.48,0.52,0.52,0.52,-0.001430973247654066
2026-09-20 15:00:00+00:00,5,2590.16,2588.759837947979,0.309825280497685,0.3333333333333333,0.00364563063460821,1.0,-0.0005407158751040697,-0.0018625268712639809,0.0009890352375805378,0.48,0.52,0.52,0.52,0.003097264627742291
2026-09-20 15:00:00+00:00,10,2590.16,2587.791726557846,0.27129386245874276,0.3076923076923077,0.003418648628690235,1.0,-0.0009147530654445291,-0.002732666675001383,0.001131514087319374,0.48,0.52,0.52,0.52,0.003097264627742291
2026-09-20 15:00:00+00:00,15,2590.16,2587.0527130883493,0.26014803260826735,,0.0045645734153083595,1.0,-0.0012003707233816385,-0.003436411265283823,0.0013695559464395046,0.48,0.52,0.52,0.52,0.003097264627742291
2026-09-20 21:00:00+00:00,5,2635.67,2636.3907459008096,0.6156697323836526,0.546583850931677,-0.0046052450273839085,0.0,0.00027342094108462334,-0.0009410707280039787,0.0017118846299126744,0.48,0.52,0.52,0.52,0.0009337848570289964
2026-09-20 21:00:00+00:00,10,2635.67,2637.0305813024793,0.650499458624336,0.6071428571428571,-0.008347621448043796,0.0,0.0005160851869732141,-0.0012561080511659384,0.0026065916754305363,0.48,0.52,0.52,0.52,0.0009337848570289964
2026-09-20 21:00:00+00:00,15,2635.67,2637.7898805975665,0.6829171473197952,,-0.005787544241004916,0.0,0.0008039809763431549,-0.0014109127223491669,0.003437415696680546,0.52,0.48,0.52,0.52,0.0009337848570289964
2026-09-21 02:45:00+00:00,5,2661.44,2661.853017556667,0.5336692175410164,0.546583850931677,-0.0011466533081634367,0.0,0.00015517370775341988,-0.002249049488455057,0.002713154535740614,0.48,0.52,0.52,0.52,-0.008358918838639262
2026-09-21 02:45:00+00:00,10,2661.44,2662.1990817183264,0.5411293320416192,0.5420560747663551,0.0005146264845699022,1.0,0.000285173999145627,-0.003481104038655758,0.004136054310947657,0.48,0.52,0.52,0.52,-0.008358918838639262
2026-09-21 02:45:00+00:00,15,2661.44,2661.9269796166172,0.5209290501354469,,0.00048082703174223695,1.0,0.00018295925110578537,-0.00460135517641902,0.004950897768139839,0.52,0.48,0.52,0.52,-0.008358918838639262
2026-09-21 08:30:00+00:00,5,2680.85,2681.8867609947274,0.5996539312735233,0.546583850931677,0.0029648081371105306,1.0,0.0003866537008434534,-0.0016099173808470368,0.0023643046151846647,0.48,0.52,0.52,0.52,0.00968548725079188
2026-09-21 08:30:00+00:00,10,2680.85,2682.4601722052475,0.6012491642620234,0.5420560747663551,0.007651055755998115,1.0,0.0006004397291690111,-0.002517272252589464,0.003749438561499119,0.48,0.52,0.52,0.52,0.00968548725079188
2026-09-21 08:30:00+00:00,15,2680.85,2682.62659921358,0.5857786800487901,,0.007695475522801587,1.0,0.0006624804809689522,-0.0034101647324860096,0.0049079605378210545,0.48,0.52,0.52,0.52,0.00968548725079188
2026-09-21 14:30:00+00:00,5,2731.36,2731.334254552019,0.4982655792191679,0.546583850931677,0.0038842805101548805,1.0,-9.425915777683258e-06,-0.002917763777077198,0.0027899297419935465,0.52,0.48,0.52,0.52,-0.002519376571413545
2026-09-21 14:30:00+00:00,10,2731.36,2731.8044073218052,0.5209564865844032,0.5420560747663551,-0.0003149110402338451,0.0,0.00016269227489829063,-0.004007195588201284,0.004244332667440176,0.48,0.52,0.52,0.52,-0.002519376571413545
2026-09-21 14:30:00+00:00,15,2731.36,2732.0906126472996,0.5272535744086504,,0.0005709810047740405,1.0,0.00026745465584099293,-0.004896704573184252,0.00539275910705328,0.48,0.52,0.52,0.52,-0.002519376571413545
2026-09-21 20:15:00+00:00,5,2772.0,2771.0951702693706,0.39254354348847287,0.4375,0.007733368041138888,1.0,-0.0003264709375798702,-0.0019680215045809746,0.0012729624286293983,0.52,0.48,0.52,0.52,0.0035560989814484856
2026-09-21 20:15:00+00:00,10,2772.0,2770.6306565650684,0.39000491550767624,0.47368421052631576,0.008849615276981915,1.0,-0.0004941131919622421,-0.0029421206563711166,0.001907604280859232,0.48,0.52,0.52,0.52,0.0035560989814484856
2026-09-21 20:15:00+00:00,15,2772.0,2770.4811705502098,0.4038249615738816,,0.009775298034067958,1.0,-0.0005480684340000153,-0.003588435472920537,0.002460908144712448,0.48,0.52,0.52,0.52,0.0035560989814484856
2026-09-22 02:15:00+00:00,5,2744.69,2745.7936173274757,0.596411612563153,0.546583850931677,-0.0017321136293917405,0.0,0.000402010977268219,-0.0018478324636816978,0.002619025995954871,0.48,0.52,0.52,0.52,-0.003295483155024037
2026-09-22 02:15:00+00:00,10,2744.69,2746.048750191426,0.5842724808257551,0.5420560747663551,-4.007818890894299e-05,0.0,0.0004949243739247322,-0.002641634549945593,0.0037192178424447775,0.48,0.52,0.52,0.52,-0.003295483155024037
2026-09-22 02:15:00+00:00,15,2744.69,2746.475205402233,0.5883791812784805,,-0.0009914958181580502,0.0,0.0006502100732177496,-0.0032366816885769367,0.004695986397564411,0.52,0.48,0.52,0.52,-0.003295483155024037
2026-09-22 08:00:00+00:00,5,2728.46,2728.147678613342,0.4560772067839127,0.5323887012247746,5.1309679582445256e-05,1.0,-0.00011447456199675798,-0.0014764638617634773,0.0013182936236262321,0.48,0.52,0.52,0.52,-0.0005972282193802414
2026-09-22 08:00:00+00:00,10,2728.46,2727.107796767868,0.3580940049529221,0.47368421052631576,0.0013148956845592252,1.0,-0.0004957149503752589,-0.0023292002733796835,0.0013627046719193459,0.48,0.52,0.52,0.52,-0.0005972282193802414
2026-09-22 08:00:00+00:00,15,2728.46,2726.292542449953,0.3112513672858249,,0.0013112354227402534,1.0,-0.0007947043050080538,-0.0029779067263007164,0.0014074004720896482,0.48,0.52,0.52,0.52,-0.0005972282193802414
2026-09-22 13:45:00+00:00,5,2750.37,2750.947062451402,0.5581379848332437,0.546583850931677,0.002792085946730083,1.0,0.0002097906544804573,-0.0016790643567219377,0.002125253900885582,0.48,0.52,0.52,0.52,-0.0001817771998231521
2026-09-22 13:45:00+00:00,10,2750.37,2751.08160569096,0.5505396949870455,0.5420560747663551,0.00209207376767484,1.0,0.0002586974296718836,-0.0024450705386698246,0.002929138019680977,0.52,0.48,0.52,0.52,-0.0001817771998231521
2026-09-22 13:45:00+00:00,15,2750.37,2751.23271550975,0.5509032382649692,,0.0009993659401130728,1.0,0.0003136233426630497,-0.002928349655121565,0.003581219119951129,0.48,0.52,0.52,0.52,-0.0001817771998231521
2026-09-22 19:45:00+00:00,5,2753.57,2753.319268909719,0.4703877160471627,0.5333333333333333,-0.0008974198873934469,0.0,-9.10608796402812e-05,-0.0017279188614338636,0.0015052660601213574,0.52,0.48,0.52,0.52,0.0009810263047800305
2026-09-22 19:45:00+00:00,10,2753.57,2753.080976182492,0.457745758792258,0.5333333333333333,-0.0028767683676180766,0.0,-0.0001776120625436306,-0.002450853819027543,0.001972971484065056,0.52,0.48,0.52,0.52,0.0009810263047800305
2026-09-22 19:45:00+00:00,15,2753.57,2752.6866155261173,0.4366528134259794,,-0.0008683410328078622,0.0,-0.00032086571445688605,-0.0031168668065220118,0.002250500489026308,0.52,0.48,0.52,0.52,0.0009810263047800305
2026-09-23 01:30:00+00:00,5,2767.23,2765.923195202319,0.3280199240599355,0.3333333333333333,-0.0030038964637943977,0.0,-0.00047235446982085705,-0.0018457942642271519,0.0009455860126763582,0.52,0.48,0.52,0.48,0.0018374578810931297
2026-09-23 01:30:00+00:00,10,2767.23,2765.0270739974303,0.30622038442402666,0.3076923076923077,-0.0036021333145335177,0.0,-0.000796393258497119,-0.002878541825339198,0.0012777866795659065,0.52,0.48,0.52,0.52,0.0018374578810931297
2026-09-23 01:30:00+00:00,15,2767.23,2764.4468343333483,0.30441097770033987,,-0.00561338100196096,0.0,-0.001006264821626246,-0.0036425560247153044,0.0015597965102642775,0.52,0.48,0.52,0.52,0.0018374578810931297
2026-09-23 07:30:00+00:00,5,2750.86,2751.143776171836,0.5394302293500414,0.546583850931677,-0.003120252297173387,0.0,0.00010315375402569771,-0.0012519035954028368,0.0015261148801073432,0.48,0.52,0.52,0.48,-0.001253367453372789
2026-09-23 07:30:00+00:00,10,2750.86,2750.920065292579,0.5057485849212742,0.5420560747663551,-0.002270958199018125,0.0,2.1834857761859894e-05,-0.0019864391069859266,0.0021113180555403233,0.52,0.48,0.52,0.52,-0.001253367453372789
2026-09-23 07:30:00+00:00,15,2750.86,2751.015943822763,0.5115582522220835,,-0.0034813296245284064,0.0,5.668750964105129e-05,-0.0025137204211205244,0.0026966878212988377,0.48,0.52,0.52,0.52,-0.001253367453372789
2026-09-23 13:15:00+00:00,5,2712.68,2713.079563768824,0.5476497091075099,0.546583850931677,0.0007185880607183392,1.0,0.00014728399401064962,-0.0014810246648266912,0.0017780623165890574,0.48,0.52,0.52,0.48,-0.003933007893561324
2026-09-23 13:15:00+00:00,10,2712.68,2713.35884873734,0.5635646749386807,0.5420560747663551,0.000939588234735389,1.0,0.0002502189017832279,-0.0018628365360200405,0.0023089158348739147,0.52,0.48,0.52,0.52,-0.003933007893561324
2026-09-23 13:15:00+00:00,15,2712.68,2713.2547173737516,0.5456167183825147,,0.0011936780697467952,1.0,0.0002118408738169819,-0.002260376699268818,0.0025949510745704174,0.52,0.48,0.52,0.52,-0.003933007893561324
2026-09-23 19:00:00+00:00,5,2670.95,2669.3810087948436,0.3178523182788111,0.3333333333333333,-0.002432803927322702,0.0,-0.0005876007489860058,-0.0023080906830728054,0.0011030631139874458,0.52,0.48,0.52,0.48,0.0015699619726881053
2026-09-23 19:00:00+00:00,10,2670.95,2668.227521078223,0.28668691101395316,0.3076923076923077,-0.0012737662113710968,0.0,-0.0010198121890425682,-0.0036385965067893267,0.0014020977541804314,0.48,0.52,0.52,0.52,0.0015699619726881053
2026-09-23 19:00:00+00:00,15,2670.95,2667.5747294668918,0.28885716697796315,,-0.0013299991657715893,0.0,-0.001264495775103569,-0.004576761741191149,0.0017618476413190365,0.48,0.52,0.52,0.52,0.0015699619726881053
2026-09-24 01:00:00+00:00,5,2683.27,2683.6183093294826,0.5656325659891112,0.546583850931677,-0.0010664321029780766,0.0,0.00012979935854673386,-0.0008540292037650943,0.0012452680384740233,0.48,0.52,0.52,0.48,-0.0013519127151910837
2026-09-24 01:00:00+00:00,10,2683.27,2683.9819304592716,0.5957808519500651,0.5420560747663551,-0.0003802054646291353,0.0,0.00026528676971793175,-0.0011846811976283789,0.0018368558958172798,0.48,0.52,0.52,0.48,-0.0013519127151910837
2026-09-24 01:00:00+00:00,15,2683.27,2684.334944352703,0.6095268498411818,,0.0004396652653300137,1.0,0.00039680430199950933,-0.0014628618955612183,0.002363866660743952,0.52,0.48,0.52,0.48,-0.0013519127151910837
2026-09-24 06:45:00+00:00,5,2688.43,2688.349458641783,0.4859677653732266,0.5333333333333333,-0.0007888754097660211,0.0,-2.9958959203213453e-05,-0.0011230475502088666,0.001175086246803403,0.48,0.52,0.52,0.48,-0.000948059430680992
2026-09-24 06:45:00+00:00,10,2688.43,2688.2373897519337,0.47636101960496613,0.5333333333333333,-0.0008893900822011247,0.0,-7.164670387282968e-05,-0.001646919408813119,0.0016603159019723535,0.52,0.48,0.52,0.48,-0.000948059430680992
2026-09-24 06:45:00+00:00,15,2688.43,2688.007990530843,0.45996915655497417,,-0.0012803765460178695,0.0,-0.0001569847809150815,-0.0021770261228084564,0.00203724205493927,0.52,0.48,0.52,0.48,-0.000948059430680992
2026-09-24 12:45:00+00:00,5,2643.21,2642.8498128959936,0.44761370308315795,0.5,-0.0006736504538871202,0.0,-0.00013627810403704643,-0.0014985348097980022,0.0011902903206646442,0.48,0.52,0.52,0.48,-0.0010549780624211635
2026-09-24 12:45:00+00:00,10,2643.21,2642.378104867264,0.4210162995852077,0.47368421052631576,0.001066315866628642,1.0,-0.0003147786483168602,-0.002519160509109497,0.001838592579588294,0.48,0.52,0.52,0.48,-0.0010549780624211635
2026-09-24 12:45:00+00:00,15,2643.21,2642.1009733549668,0.41889637930987933,,0.0027202573814815167,1.0,-0.0004196637310087681,-0.003402753733098507,0.002435022499412298,0.52,0.48,0.52,0.48,-0.0010549780624211635
2026-09-24 18:30:00+00:00,5,2685.56,2686.8692928522646,0.6548580612580714,0.5555555555555556,-0.002225474577220332,0.0,0.00048741186037659645,-0.0011349578853696585,0.0021209330298006535,0.48,0.52,0.52,0.48,0.0005102658521254355
2026-09-24 18:30:00+00:00,10,2685.56,2687.2260604251087,0.6268668800067798,0.6071428571428571,0.00023083768118059567,1.0,0.0006201849319040775,-0.0020127329044044018,0.0032978616654872894,0.48,0.52,0.52,0.48,0.0005102658521254355
2026-09-24 18:30:00+00:00,15,2685.56,2687.406267775725,0.6051328728669427,,0.0008858286612563049,1.0,0.0006872434169054031,-0.0028709450270980597,0.004365191329270601,0.48,0.52,0.52,0.48,0.0005102658521254355
2026-09-25 00:15:00+00:00,5,2694.39,2694.4466738670085,0.5116439914338725,0.546583850931677,-0.0007165598012131014,0.0,2.1033803932368755e-05,-0.0009660405921749771,0.0009244588436558843,0.48,0.52,0.52,0.52,0.003245325847206715
2026-09-25 00:15:00+00:00,10,2694.39,2694.4616267898705,0.5103972036021335,0.5420560747663551,-0.0007202738837142064,0.0,2.6583322323858738e-05,-0.0013632860500365496,0.0013170207384973764,0.48,0.52,0.52,0.48,0.003245325847206715
2026-09-25 00:15:00+00:00,15,2694.39,2694.6171502629445,0.5270966170342697,,-0.0018351219153460718,0.0,8.430134039372206e-05,-0.0016318534035235643,0.0017006297130137682,0.48,0.52,0.52,0.48,0.003245325847206715
2026-09-25 06:15:00+00:00,5,2673.41,2673.332697587282,0.48723868182093755,0.546583850931677,0.0030625493122808933,1.0,-2.8915703296661377e-05,-0.0012262258678674698,0.001069752499461174,0.52,0.48,0.52,0.52,-0.0024619834194270496
2026-09-25 06:15:00+00:00,10,2673.41,2673.0042694202994,0.4497630244096418,0.5333333333333333,0.0022007552724749857,1.0,-0.00015177670866250992,-0.0017880976665765047,0.0014505743747577071,0.52,0.48,0.52,0.48,-0.0024619834194270496
2026-09-25 06:15:00+00:00,15,2673.41,2673.4914166864664,0.5079235019021542,,0.0014241316046659236,1.0,3.045378252863884e-05,-0.001989478711038828,0.002041216241195798,0.52,0.48,0.52,0.48,-0.0024619834194270496
2026-09-25 12:00:00+00:00,5,2719.4,2721.3319393686334,0.6948392222138156,0.5555555555555556,0.0004999853049660885,1.0,0.0007101763039827347,-0.0010871998965740204,0.002934357151389122,0.48,0.52,0.52,0.52,0.0021977504920931423
2026-09-25 12:00:00+00:00,10,2719.4,2722.979675627267,0.7228705731417693,0.6363636363636364,0.0013817029479454845,1.0,0.001315481960773468,-0.0015365192666649818,0.004787287209182978,0.52,0.48,0.52,0.48,0.0021977504920931423
2026-09-25 12:00:00+00:00,15,2719.4,2724.057244689694,0.7285990625004849,,-0.007063203069059831,0.0,0.0017111352644860744,-0.001914020162075758,0.005893368273973465,0.52,0.48,0.52,0.48,0.0021977504920931423
2026-09-25 18:00:00+00:00,5,2688.28,2689.5859147817955,0.6425935187070358,0.546583850931677,-0.0008224250838022584,0.0,0.0004856628365814686,-0.0012390203773975372,0.0022645811550319195,0.48,0.52,0.52,0.52,0.0012990712910143642
2026-09-25 18:00:00+00:00,10,2688.28,2689.517595889772,0.5974450825850066,0.5420560747663551,0.0009629774964992066,1.0,0.00046026124618947506,-0.0020226535852998495,0.0029623880982398987,0.48,0.52,0.52,0.48,0.0012990712910143642
2026-09-25 18:00:00+00:00,15,2688.28,2689.2345467653563,0.5625135141451127,,0.002656162461842193,1.0,0.0003550141118466854,-0.002654692158102989,0.00334338890388608,0.48,0.52,0.52,0.48,0.0012990712910143642
2026-09-25 23:45:00+00:00,5,2692.58,2692.475736157959,0.45075580315141894,0.5,,,-3.872340312227607e-05,-0.0004994807532057166,0.0003932530526071787,0.52,0.48,0.52,0.52,-0.00026736578025854385
2026-09-25 23:45:00+00:00,10,2692.58,2692.428697499831,0.4538422958055707,0.5333333333333333,,,-5.6193966884166e-05,-0.0007946485420688987,0.0006244275718927383,0.52,0.48,0.52,0.48,-0.00026736578025854385
2026-09-25 23:45:00+00:00,15,2692.58,2692.3811724296356,0.45527058234524675,,,,-7.384549826383591e-05,-0.0010698644910007715,0.0008301920024678111,0.52,0.48,0.52,0.48,-0.00026736578025854385
