time,horizon,last_close,pred_median,p_up,p_up_cal,ret,y_true,pred_ret,q10_ret,q90_ret,reversal_h,momentum_h,always_up,majority_prev_day,past_ret_60
2026-05-02 23:45:00+00:00,5,84.34,84.33023617218137,0.42506606216738163,,0.0,,-0.00011577416444197297,-0.0009077730355784297,0.0007115287007763982,0.52,0.48,0.52,0.52,0.001186380492693928
2026-05-02 23:45:00+00:00,10,84.34,84.32805840200169,0.4397593890973278,,0.000948092035939041,1.0,-0.00014159880811348557,-0.0014508925378322601,0.0011385526740923524,0.52,0.48,0.52,0.48,0.001186380492693928
2026-05-02 23:45:00+00:00,15,84.34,84.31793570743794,0.41389189695536,,-0.0005930143090226991,0.0,-0.00026164547307416797,-0.0019918158650398254,0.0013780127046629786,0.52,0.48,0.52,0.52,0.001186380492693928
2026-05-03 05:30:00+00:00,5,83.76,83.75613262954074,0.44374414923493266,,0.0003581020629139786,1.0,-4.6173110604286194e-05,-0.0005182905588299036,0.0004061355721205473,0.5,0.5,0.52,0.52,0.0009555662456683933
2026-05-03 05:30:00+00:00,10,83.76,83.74992305087656,0.4132400445932378,,-0.0004776689844820936,0.0,-0.000120314653031528,-0.0009107295190915465,0.000624035601504147,0.52,0.48,0.52,0.52,0.0009555662456683933
2026-05-03 05:30:00+00:00,15,83.76,83.74318903555117,0.3972654982840126,,-0.0005971218903164655,0.0,-0.0002007241128012538,-0.0012957957806065679,0.0008031909819692373,0.52,0.48,0.52,0.52,0.0009555662456683933
2026-05-03 11:30:00+00:00,5,83.88,83.8776350070149,0.46903307739197453,,0.001548633343036343,1.0,-2.819535438902676e-05,-0.0005395690677687526,0.0004918581107631326,0.48,0.52,0.52,0.52,-0.0010723861617529806
2026-05-03 11:30:00+00:00,10,83.88,83.87765018126976,0.48137548396084584,,0.0013105381038167607,1.0,-2.8014444978907704e-05,-0.0008652868564240634,0.0008054478093981743,0.5,0.5,0.52,0.52,-0.0010723861617529806
2026-05-03 11:30:00+00:00,15,83.88,83.87969466624241,0.49813429707747214,,0.0023815205349766444,1.0,-3.6401324905455112e-06,-0.0010504599194973707,0.001064330106601119,0.52,0.48,0.52,0.52,-0.0010723861617529806
2026-05-03 17:15:00+00:00,5,84.22,84.20897899918624,0.40582808119656155,,0.0002374450919377935,1.0,-0.00013086822582408786,-0.0008413125760853291,0.0005718115717172623,0.48,0.52,0.52,0.52,0.0016636961650862148
2026-05-03 17:15:00+00:00,10,84.22,84.20791162695754,0.41796161189201675,,0.0008308112756090225,1.0,-0.00014354358427226543,-0.0010718056000769138,0.0007635588990524411,0.48,0.52,0.52,0.52,0.0016636961650862148
2026-05-03 17:15:00+00:00,15,84.22,84.21158365576476,0.44885945546005424,,0.0002374450919377935,1.0,-9.993783896788955e-05,-0.0011475542560219765,0.000915879150852561,0.48,0.52,0.52,0.52,0.0016636961650862148
2026-05-03 23:15:00+00:00,5,84.53,84.49130543624055,0.35150196844486636,,-0.0010652779607163154,0.0,-0.0004578661173582077,-0.0020589677151292562,0.0012223470257595181,0.52,0.48,0.52,0.52,-0.004131993364890896
2026-05-03 23:15:00+00:00,10,84.53,84.4642685033408,0.33596055133684954,,-0.004386751951436452,0.0,-0.0007779139559715986,-0.0033092740923166275,0.0017107846215367317,0.52,0.48,0.52,0.52,-0.004131993364890896
2026-05-03 23:15:00+00:00,15,84.53,84.45906113165995,0.35939225831265287,,-0.005099933961933978,0.0,-0.0008395676268264651,-0.004038879182189703,0.0023253033868968487,0.52,0.48,0.52,0.52,-0.004131993364890896
2026-05-04 05:00:00+00:00,5,85.78,85.78879924949034,0.5504764043501973,,-0.0006997084833582079,0.0,0.00010257400572299957,-0.0009446213953197002,0.0011177211999893188,0.48,0.52,0.52,0.52,0.0040885519252071845
2026-05-04 05:00:00+00:00,10,85.78,85.79190082896072,0.543279624956599,,-0.0022174251952158386,0.0,0.00013872701674699783,-0.0016393745318055153,0.0018015955574810505,0.52,0.48,0.52,0.48,0.0040885519252071845
2026-05-04 05:00:00+00:00,15,85.78,85.79157887278095,0.5324495185552964,,-0.0016334153672525886,0.0,0.00013497425243258476,-0.002296373713761568,0.0024184249341487885,0.52,0.48,0.52,0.48,0.0040885519252071845
2026-05-04 10:45:00+00:00,5,84.12,84.13913209036693,0.5624148825225446,,0.00023772732787552542,1.0,0.00022741220891475677,-0.001779115293174982,0.002223846036940813,0.52,0.48,0.52,0.52,-0.012052609565507133
2026-05-04 10:45:00+00:00,10,84.12,84.15713408940434,0.5756168431735171,,-0.0008324909798744784,0.0,0.0004413444548845291,-0.002881798893213272,0.0037504485808312893,0.5,0.5,0.52,0.48,-0.012052609565507133
2026-05-04 10:45:00+00:00,15,84.12,84.17899961059241,0.586492581854654,,-0.0013085114577435775,0.0,0.0007011285051703453,-0.003856340888887644,0.005102832801640034,0.48,0.52,0.52,0.48,-0.012052609565507133
2026-05-04 16:45:00+00:00,5,84.63,84.59540846787326,0.3579913415431708,,-0.0007092198878835276,0.0,-0.00040882197208702564,-0.002544623799622059,0.0010889892000705004,0.48,0.52,0.52,0.52,0.001773993724063061
2026-05-04 16:45:00+00:00,10,84.63,84.57315511931084,0.34800018177973024,,-0.001773993724063061,0.0,-0.0006719127995893359,-0.003988803829997778,0.001583616714924574,0.48,0.52,0.52,0.48,0.001773993724063061
2026-05-04 16:45:00+00:00,15,84.63,84.55683495519825,0.3476391529268068,,-0.0014189431256230733,0.0,-0.00086490239482373,-0.005110712256282568,0.002011534757912159,0.48,0.52,0.52,0.48,0.001773993724063061
2026-05-04 22:30:00+00:00,5,84.32,84.31262100043202,0.4418044811278762,,-0.0007118282421814115,0.0,-8.751568384468555e-05,-0.0009069923544302583,0.0006968269008211792,0.52,0.48,0.52,0.52,-0.0007113219031404938
2026-05-04 22:30:00+00:00,10,84.32,84.30909756488563,0.4440627451928355,,-0.0007118282421814115,0.0,-0.00012930668890476227,-0.0013811124954372644,0.0011057881638407707,0.52,0.48,0.52,0.48,-0.0007113219031404938
2026-05-04 22:30:00+00:00,15,84.32,84.29922907404853,0.41641766168604044,,-0.0008305155605814463,0.0,-0.0002463648561388254,-0.001867216546088457,0.0013751888182014227,0.52,0.48,0.52,0.48,-0.0007113219031404938
2026-05-05 04:30:00+00:00,5,84.66,84.65169182779489,0.4566868806647961,,-0.00011812651363385385,0.0,-9.814056102186441e-05,-0.0012793472269549966,0.00110331317409873,0.52,0.48,0.52,0.48,-0.00011811256140781268
2026-05-05 04:30:00+00:00,10,84.66,84.64509057276675,0.4417316114352091,,0.000354295840729435,1.0,-0.00017612497322261333,-0.0017618023557588458,0.001422535628080368,0.52,0.48,0.52,0.48,-0.00011811256140781268
2026-05-05 04:30:00+00:00,15,84.66,84.6310916313823,0.40758974119897273,,-0.0007089684806000918,0.0,-0.0003415226237848401,-0.00226388918235898,0.0015968275256454945,0.52,0.48,0.52,0.48,-0.00011811256140781268
2026-05-05 10:15:00+00:00,5,84.64,84.62222714369157,0.376332455061847,,0.0012987781505708895,1.0,-0.00021000381093472242,-0.0010751690715551376,0.0007042621728032827,0.52,0.48,0.52,0.48,0.00011815442797491471
2026-05-05 10:15:00+00:00,10,84.64,84.63143458343455,0.45557772703319865,,0.001770643205922795,1.0,-0.00010120333172380924,-0.001297026639804244,0.0011451408499851823,0.48,0.52,0.52,0.48,0.00011815442797491471
2026-05-05 10:15:00+00:00,15,84.64,84.63595710167633,0.4835107348104276,,0.001770643205922795,1.0,-4.776695277541876e-05,-0.0015833504730835557,0.0015140982577577233,0.48,0.52,0.52,0.48,0.00011815442797491471
2026-05-05 16:00:00+00:00,5,85.52,85.5171298397108,0.4889419492032514,,0.0004676174974154179,1.0,-3.3561838790774345e-05,-0.0017254038248211145,0.0015996843576431274,0.5,0.5,0.52,0.48,0.0010529395532623553
2026-05-05 16:00:00+00:00,10,85.52,85.50713700884448,0.4662941578195816,,0.0008181871767289906,1.0,-0.00015042047016322613,-0.0027122737374156713,0.00229532434605062,0.52,0.48,0.52,0.48,0.0010529395532623553
2026-05-05 16:00:00+00:00,15,85.52,85.49864593970842,0.45728847886849455,,0.00035073362141258,1.0,-0.0002497278619557619,-0.0035535211209207773,0.0028646178543567657,0.52,0.48,0.52,0.48,0.0010529395532623553
2026-05-05 22:00:00+00:00,5,86.85,86.85329610075038,0.5109355732524672,,0.0009207044038586076,1.0,3.795092925429344e-05,-0.0016605909913778305,0.0019113356247544289,0.48,0.52,0.52,0.48,0.002651756900633906
2026-05-05 22:00:00+00:00,10,86.85,86.85808385741802,0.5194075066633653,,-0.002420889994379394,0.0,9.307404980063438e-05,-0.0024422500282526016,0.0027825073339045048,0.48,0.52,0.52,0.48,0.002651756900633906
2026-05-05 22:00:00+00:00,15,86.85,86.87337331282288,0.5443240958707936,,-0.002767210344161164,0.0,0.0002690865658223629,-0.0029572313651442528,0.0036917016841471195,0.48,0.52,0.52,0.48,0.002651756900633906
2026-05-06 03:45:00+00:00,5,87.3,87.33311825369218,0.6296432976664427,,-0.0006875215121286971,0.0,0.00037928950041532516,-0.00112224742770195,0.002028968185186386,0.48,0.52,0.52,0.52,0.008281620831722236
2026-05-06 03:45:00+00:00,10,87.3,87.35095336878247,0.6281530000676839,,0.00034358358008468315,1.0,0.0005834880284965038,-0.001812465488910675,0.0030796732753515244,0.52,0.48,0.52,0.52,0.008281620831722236
2026-05-06 03:45:00+00:00,15,87.3,87.36683608930629,0.6299254171697044,,0.0011448198159325074,1.0,0.0007652980275452137,-0.0023241618182510138,0.003956583794206381,0.48,0.52,0.52,0.52,0.008281620831722236
2026-05-06 09:45:00+00:00,5,89.08,89.06745562756463,0.46965403961602104,,-0.00022454249561043582,0.0,-0.0001408313401043415,-0.0026622265577316284,0.0022379006259143353,0.52,0.48,0.52,0.52,0.007889142686573258
2026-05-06 09:45:00+00:00,10,89.08,89.05601993042856,0.457845580440403,,0.004144967565561153,1.0,-0.00026923324912786484,-0.003717784071341157,0.0030753612518310547,0.48,0.52,0.52,0.52,0.007889142686573258
2026-05-06 09:45:00+00:00,15,89.08,89.04385157355638,0.45017372484591134,,0.0034739767105937958,1.0,-0.0004058796912431717,-0.004739932715892792,0.0038679041899740696,0.48,0.52,0.52,0.52,0.007889142686573258
2026-05-06 15:30:00+00:00,5,88.81,88.83175119850493,0.5647834205935564,,-0.0009012054231662958,0.0,0.0002448883606120944,-0.0017298083985224366,0.002329844981431961,0.52,0.48,0.52,0.52,0.005079877718496384
2026-05-06 15:30:00+00:00,10,88.81,88.82943744638408,0.5395570494096775,,-0.0021416904990694263,0.0,0.00021884156740270555,-0.0027386590372771025,0.0032005230896174908,0.52,0.48,0.52,0.52,0.005079877718496384
2026-05-06 15:30:00+00:00,15,88.81,88.83962826427634,0.5493761622708335,,0.0014627288121369375,1.0,0.00033355841878801584,-0.003382654394954443,0.004007731564342976,0.48,0.52,0.52,0.52,0.005079877718496384
2026-05-06 21:15:00+00:00,5,89.26,89.26495223467238,0.5181028588359531,,0.000671967770832893,1.0,5.547946784645319e-05,-0.0015196764143183827,0.0015866574831306934,0.52,0.48,0.52,0.52,-0.0025734279936431292
2026-05-06 21:15:00+00:00,10,89.26,89.26037245369226,0.500957935095708,,0.0014553598986370986,1.0,4.1726743802428246e-06,-0.002278077183291316,0.002191478619351983,0.48,0.52,0.52,0.52,-0.0025734279936431292
2026-05-06 21:15:00+00:00,15,89.26,89.26001880813124,0.5000398664978911,,0.0008958567228489756,1.0,2.1071173250675201e-07,-0.0027951246593147516,0.0027218046598136425,0.48,0.52,0.52,0.52,-0.0025734279936431292
2026-05-07 03:15:00+00:00,5,88.05,88.04301846340431,0.46769596469894126,,-0.0013637915513049492,0.0,-7.929373532533646e-05,-0.001347274985164404,0.001208549365401268,0.48,0.52,0.52,0.52,0.00022716946940093408
2026-05-07 03:15:00+00:00,10,88.05,88.0358799368326,0.45368290108057585,,-0.0035269392041472614,0.0,-0.00016037700697779655,-0.0019976417534053326,0.0017023752443492413,0.48,0.52,0.52,0.52,0.00022716946940093408
2026-05-07 03:15:00+00:00,15,88.05,88.03539673125849,0.46155567236073947,,-0.0035269392041472614,0.0,-0.00016586575657129288,-0.002520801965147257,0.0021840729750692844,0.52,0.48,0.52,0.52,0.00022716946940093408
2026-05-07 09:00:00+00:00,5,89.5,89.45512058991393,0.37810583060006386,,-0.0016773836753722904,0.0,-0.0005015716888010502,-0.0026165437884628773,0.0016001155599951744,0.52,0.48,0.52,0.52,-0.007347244450711443
2026-05-07 09:00:00+00:00,10,89.5,89.4146110564027,0.35434387171902404,,0.0002234387228599033,1.0,-0.0009545218199491501,-0.004350939765572548,0.0024570180103182793,0.52,0.48,0.52,0.52,-0.007347244450711443
2026-05-07 09:00:00+00:00,15,89.5,89.38316767722212,0.35018905828651015,,0.0002234387228599033,1.0,-0.0013062418438494205,-0.005807635840028524,0.0032126973383128643,0.52,0.48,0.52,0.52,-0.007347244450711443
2026-05-07 15:00:00+00:00,5,88.1,88.06947011138419,0.42265540650774014,,0.0010210449579552971,1.0,-0.0003465968184173107,-0.0027555888518691063,0.0018849796615540981,0.52,0.48,0.52,0.52,-0.006787356373400222
2026-05-07 15:00:00+00:00,10,88.1,88.0403123421795,0.3986902915334881,,0.0035125524755788007,1.0,-0.0006777285598218441,-0.004424784332513809,0.002809646539390087,0.52,0.48,0.52,0.52,-0.006787356373400222
2026-05-07 15:00:00+00:00,15,88.1,88.02846054837606,0.4058245079123781,,0.003286308130722837,1.0,-0.0008123554289340973,-0.005623489618301392,0.0037052766419947147,0.48,0.52,0.52,0.52,-0.006787356373400222
2026-05-07 20:45:00+00:00,5,88.17,88.23855734037755,0.7030547576150389,,0.0010202347424659308,1.0,0.0007772564422339201,-0.0012253941968083382,0.0025390186347067356,0.52,0.48,0.52,0.52,-0.004300595129906881
2026-05-07 20:45:00+00:00,10,88.17,88.2421541843712,0.6500379082359806,,-0.000567247164792839,0.0,0.0008180183358490467,-0.002067465800791979,0.003419815097004175,0.52,0.48,0.52,0.52,-0.004300595129906881
2026-05-07 20:45:00+00:00,15,88.17,88.23122998784231,0.6052918006148063,,-0.001021276684511463,0.0,0.0006942127365618944,-0.0028284694999456406,0.003916561603546143,0.52,0.48,0.52,0.52,-0.004300595129906881
2026-05-08 02:30:00+00:00,5,87.89,87.90535294513072,0.5681640381873805,,0.003294147353238408,1.0,0.00017466838471591473,-0.0012919921427965164,0.0014854706823825836,0.48,0.52,0.52,0.48,-0.0038610086574601965
2026-05-08 02:30:00+00:00,10,87.89,87.90231167450759,0.5367215130069818,,0.0027269645350154192,1.0,0.00014007068239152431,-0.0019879243336617947,0.002096588257700205,0.48,0.52,0.52,0.48,-0.0038610086574601965
2026-05-08 02:30:00+00:00,15,87.89,87.89786958555737,0.5186168667699458,,0.003407545323535821,1.0,8.953502401709557e-05,-0.00253240461461246,0.00253232941031456,0.52,0.48,0.52,0.48,-0.0038610086574601965
2026-05-08 08:30:00+00:00,5,88.23,88.24043879897731,0.5542606354705855,,0.0012459649343670165,1.0,0.00011830648873001337,-0.0010605135466903448,0.0012241094373166561,0.48,0.52,0.52,0.48,0.004543913304988045
2026-05-08 08:30:00+00:00,10,88.23,88.26071297689184,0.6138087194499788,,0.0019249284095845809,1.0,0.0003480407176539302,-0.0013153410982340574,0.0019343557069078088,0.48,0.52,0.52,0.48,0.004543913304988045
2026-05-08 08:30:00+00:00,15,88.23,88.2645629988434,0.6040308913904727,,0.0030555107798697634,1.0,0.0003916607820428908,-0.0016777452547103167,0.0023628235794603825,0.5,0.5,0.52,0.48,0.004543913304988045
2026-05-08 14:15:00+00:00,5,88.89,88.85957307676277,0.40921022734289136,,0.004265834937687174,1.0,-0.0003423572052270174,-0.0023755417205393314,0.0016155645716935396,0.48,0.52,0.52,0.48,0.005867104723670025
2026-05-08 14:15:00+00:00,10,88.89,88.8246496702573,0.3643513539835883,,0.005497293251721658,1.0,-0.0007354523986577988,-0.0036402465775609016,0.002044978318735957,0.48,0.52,0.52,0.48,0.005867104723670025
2026-05-08 14:15:00+00:00,15,88.89,88.78710798679954,0.32904903767907123,,-0.0019143072114715665,0.0,-0.0011581911239773035,-0.004723432008177042,0.0023023379035294056,0.48,0.52,0.52,0.48,0.005867104723670025
2026-05-08 20:15:00+00:00,5,92.37,92.40038548437796,0.6067492664065057,,0.00032472804311911574,1.0,0.0003288999432697892,-0.0014013340696692467,0.0020105387084186077,0.52,0.48,0.52,0.48,-0.001298279961649662
2026-05-08 20:15:00+00:00,10,92.37,92.40548361576582,0.579921743958558,,0.00032472804311911574,1.0,0.00038407277315855026,-0.0023247716017067432,0.003090563463047147,0.52,0.48,0.52,0.48,-0.001298279961649662
2026-05-08 20:15:00+00:00,15,92.37,92.40964403175555,0.5671524878339747,,0.000865707228614454,1.0,0.00042909523472189903,-0.002998520154505968,0.004075611010193825,0.52,0.48,0.52,0.48,-0.001298279961649662
2026-05-09 02:00:00+00:00,5,93.55,93.56186807989934,0.5181116470482643,,-0.0009625154478190012,0.0,0.00012685544788837433,-0.0033365129493176937,0.004301675595343113,0.52,0.48,0.52,0.52,0.011611785130551944
2026-05-09 02:00:00+00:00,10,93.55,93.58501351043516,0.536172091798497,,0.0003206327179716695,1.0,0.0003742058761417866,-0.004761910997331142,0.006702900864183903,0.48,0.52,0.52,0.52,0.011611785130551944
2026-05-09 02:00:00+00:00,15,93.55,93.58333669585596,0.5272713955149508,,0.0008547922306991751,1.0,0.0003562881611287594,-0.006232167594134808,0.008507936261594296,0.48,0.52,0.52,0.52,0.011611785130551944
2026-05-09 07:45:00+00:00,5,93.75,93.72341807495307,0.4071055339160863,,0.0003199488109206783,1.0,-0.0002835807390511036,-0.0018983674235641956,0.001469810726121068,0.52,0.48,0.52,0.52,0.0033121457706029034
2026-05-09 07:45:00+00:00,10,93.75,93.71067008152566,0.41204288826678226,,-0.0005334756061436963,0.0,-0.0004196071531623602,-0.0030320598743855953,0.0022759283892810345,0.52,0.48,0.52,0.52,0.0033121457706029034
2026-05-09 07:45:00+00:00,15,93.75,93.70887943664195,0.42963469037335345,,-0.00021335609212513873,0.0,-0.00043871556408703327,-0.003763942513614893,0.0030352496542036533,0.48,0.52,0.52,0.52,0.0033121457706029034
2026-05-09 13:45:00+00:00,5,93.31,93.32228158396241,0.5547599326922239,,0.0005357047323695241,1.0,0.0001316126435995102,-0.0012051983503624797,0.0014440221711993217,0.48,0.52,0.52,0.52,-0.0005357047323695241
2026-05-09 13:45:00+00:00,10,93.31,93.32490694115349,0.5477236066990019,,0.0011781718280312603,1.0,0.000159744406118989,-0.0016723403241485357,0.0019684648141264915,0.48,0.52,0.52,0.52,-0.0005357047323695241
2026-05-09 13:45:00+00:00,15,93.31,93.32344802001289,0.5348189282632347,,0.0010711226388266937,1.0,0.00014411157462745905,-0.0020826684776693583,0.0023714734707027674,0.48,0.52,0.52,0.52,-0.0005357047323695241
2026-05-09 19:30:00+00:00,5,93.31,93.31298436105305,0.515450888047847,,0.0004285867418012401,1.0,3.19827813655138e-05,-0.0010206406004726887,0.001108109368942678,0.48,0.52,0.52,0.52,-0.0025687694741680644
2026-05-09 19:30:00+00:00,10,93.31,93.31520538378003,0.5190688730842943,,0.0018202264247264566,1.0,5.578435957431793e-05,-0.0014639366418123245,0.0016120965592563152,0.48,0.52,0.52,0.52,-0.0025687694741680644
2026-05-09 19:30:00+00:00,15,93.31,93.31928601288064,0.5278611008532612,,0.0010711226388266937,1.0,9.951292304322124e-05,-0.0017555023077875376,0.002021661028265953,0.48,0.52,0.52,0.52,-0.0025687694741680644
2026-05-10 01:30:00+00:00,5,92.69,92.70786012260365,0.5799826600154842,,0.0007549204995900283,1.0,0.00019266805611550808,-0.0010554082691669464,0.0015083940234035254,0.48,0.52,0.52,0.52,-0.004735774645824975
2026-05-10 01:30:00+00:00,10,92.69,92.70812490900732,0.5566226529719189,,0.0005392870755738244,1.0,0.0001955241896212101,-0.0015755998902022839,0.002097771968692541,0.52,0.48,0.52,0.48,-0.004735774645824975
2026-05-10 01:30:00+00:00,15,92.69,92.72489994710007,0.5864369203595081,,0.001078283477347064,1.0,0.00037645245902240276,-0.001843657111749053,0.0027425638400018215,0.52,0.48,0.52,0.52,-0.004735774645824975
2026-05-10 07:15:00+00:00,5,93.44,93.43597506549423,0.4709926560510752,,0.0005349596233070741,1.0,-4.307599738240242e-05,-0.0008061994449235499,0.0007772167446091771,0.52,0.48,0.52,0.52,0.0010707785582475537
2026-05-10 07:15:00+00:00,10,93.44,93.43942069114021,0.49695285612521345,,0.001390300207904538,1.0,-6.1998143792152405e-06,-0.001067681354470551,0.0010948029812425375,0.52,0.48,0.52,0.48,0.0010707785582475537
2026-05-10 07:15:00+00:00,15,93.44,93.44215048820786,0.5096050171604924,,0.0007488633674386236,1.0,2.3014377802610397e-05,-0.0012473384849727154,0.0013458593748509884,0.52,0.48,0.52,0.52,0.0010707785582475537
2026-05-10 13:00:00+00:00,5,93.32,93.32417427768081,0.5273060968355641,,0.00032142283450298237,1.0,4.4729793444275856e-05,-0.0008503359276801348,0.0009372495114803314,0.52,0.48,0.52,0.52,-0.0023547051445111933
2026-05-10 13:00:00+00:00,10,93.32,93.32478321639312,0.5215503316678153,,0.0011780456516357063,1.0,5.1254755817353725e-05,-0.0012599669862538576,0.0013605777639895678,0.52,0.48,0.52,0.48,-0.0023547051445111933
2026-05-10 13:00:00+00:00,15,93.32,93.32875605532163,0.5315716054122237,,0.0016060820412633348,1.0,9.382388088852167e-05,-0.0015470962971448898,0.0017439003568142653,0.52,0.48,0.52,0.52,-0.0023547051445111933
2026-05-10 19:00:00+00:00,5,96.1,96.16048515955816,0.592701723399924,,-0.00020813820451870413,0.0,0.0006292001344263554,-0.003756136167794466,0.004043633583933115,0.52,0.48,0.52,0.52,-0.002286665584263936
2026-05-10 19:00:00+00:00,10,96.1,96.18052090255112,0.596289405281506,,0.0014557556901770852,1.0,0.0008375357720069587,-0.004500093869864941,0.005179153755307198,0.52,0.48,0.52,0.48,-0.002286665584263936
2026-05-10 19:00:00+00:00,15,96.1,96.17646433939969,0.5729169427681208,,0.0018712969386243117,1.0,0.0007953583262860775,-0.005730327684432268,0.006170433480292559,0.52,0.48,0.52,0.52,-0.002286665584263936
2026-05-11 00:45:00+00:00,5,95.91,95.79799487975873,0.32922562723010906,,-0.00010426985046674275,0.0,-0.0011684972560033202,-0.0051907883025705814,0.0021080421283841133,0.52,0.48,0.52,0.52,-0.006961428705536399
2026-05-11 00:45:00+00:00,10,95.91,95.73384876274702,0.3172252503572087,,-0.004284004253174878,0.0,-0.0018383192364126444,-0.007907168008387089,0.002833905629813671,0.52,0.48,0.52,0.52,-0.006961428705536399
2026-05-11 00:45:00+00:00,15,95.91,95.69006126918795,0.31607634031676,,-0.0024009615375373272,0.0,-0.0022958116605877876,-0.009991212747991085,0.0034771256614476442,0.52,0.48,0.52,0.52,-0.006961428705536399
2026-05-11 06:45:00+00:00,5,95.6,95.62448866371336,0.5749713247065511,,-0.0010465725706714224,0.0,0.00025612476747483015,-0.0015735009219497442,0.00200086971744895,0.52,0.48,0.52,0.52,0.0005231493710740054
2026-05-11 06:45:00+00:00,10,95.6,95.6530799677403,0.615755267665409,,-0.0005231493710740054,0.0,0.0005550757050514221,-0.0019777482375502586,0.0030622303020209074,0.52,0.48,0.52,0.52,0.0005231493710740054
2026-05-11 06:45:00+00:00,15,95.6,95.70889191221569,0.6805492146799519,,-0.001675042267695659,0.0,0.0011383885284885764,-0.002068951725959778,0.00440193759277463,0.52,0.48,0.52,0.52,0.0005231493710740054
2026-05-11 12:30:00+00:00,5,95.2,95.19076968159162,0.46418036497487125,,-0.00031517571306771686,0.0,-9.696182678453624e-05,-0.0015726280398666859,0.0013280243147164583,0.48,0.52,0.52,0.52,-0.00021006196905304364
2026-05-11 12:30:00+00:00,10,95.2,95.18312874593228,0.45658197425486335,,-0.0012612993053267019,0.0,-0.0001772347604855895,-0.002438369207084179,0.0020083202980458736,0.48,0.52,0.52,0.52,-0.00021006196905304364
2026-05-11 12:30:00+00:00,15,95.2,95.19390438967302,0.4877768898556277,,-0.0011561302459668354,0.0,-6.403157021850348e-05,-0.002961019054055214,0.0027330988086760044,0.48,0.52,0.52,0.52,-0.00021006196905304364
2026-05-11 18:15:00+00:00,5,97.5,97.44782321479222,0.3932468545460712,,0.0005126890653190941,1.0,-0.0005352897569537163,-0.0033059208653867245,0.0022457437589764595,0.52,0.48,0.52,0.52,0.002978791170823669
2026-05-11 18:15:00+00:00,10,97.5,97.4467437765474,0.43356265918328285,,-0.001128842030693633,0.0,-0.0005463669076561928,-0.005177141632884741,0.003979401662945747,0.52,0.48,0.52,0.52,0.002978791170823669
2026-05-11 18:15:00+00:00,15,97.5,97.45362782807172,0.4561596360983564,,-0.00020514924679559954,0.0,-0.0004757251590490341,-0.006463301833719015,0.005279310047626495,0.52,0.48,0.52,0.52,0.002978791170823669
2026-05-12 00:15:00+00:00,5,97.31,97.28679407642781,0.40036343829257437,,0.0010271159489665393,1.0,-0.00023850263096392155,-0.0014459443045780063,0.0010554299224168062,0.48,0.52,0.52,0.48,-0.0015402785814622177
2026-05-12 00:15:00+00:00,10,97.31,97.29309329147658,0.44723056555763896,,0.00010275908142443058,1.0,-0.00017375580500811338,-0.0018884420860558748,0.0016713279765099287,0.48,0.52,0.52,0.48,-0.0015402785814622177
2026-05-12 00:15:00+00:00,15,97.31,97.28537577268122,0.4378656227251071,,0.001950619169903689,1.0,-0.0002530813217163086,-0.002398480661213398,0.002079833997413516,0.48,0.52,0.52,0.48,-0.0015402785814622177
2026-05-12 06:00:00+00:00,5,96.55,96.52261623957645,0.38259953874707375,,0.0010351967798163386,1.0,-0.0002836628118529916,-0.0016340119764208794,0.0010065537644550204,0.52,0.48,0.52,0.48,0.0018660590113270814
2026-05-12 06:00:00+00:00,10,96.55,96.48337374547779,0.3171304483580726,,0.0013455469607590587,1.0,-0.000690308166667819,-0.002727857092395425,0.001294823014177382,0.52,0.48,0.52,0.48,0.0018660590113270814
2026-05-12 06:00:00+00:00,15,96.55,96.46260125732012,0.3140833653048849,,0.002069323035367887,1.0,-0.0009056273847818375,-0.0035638432018458843,0.0016596566420048475,0.52,0.48,0.52,0.48,0.0018660590113270814
2026-05-12 11:45:00+00:00,5,94.83,94.8139364843713,0.44180137866162006,,0.0,,-0.00016940711066126823,-0.0017158305272459984,0.0013313204981386662,0.48,0.52,0.52,0.48,-0.0030534374868897984
2026-05-12 11:45:00+00:00,10,94.83,94.80311794334392,0.4290587375807029,,0.0007378907202459928,1.0,-0.0002835164777934551,-0.0024723894894123077,0.0018705087713897228,0.48,0.52,0.52,0.48,-0.0030534374868897984
2026-05-12 11:45:00+00:00,15,94.83,94.78682531154234,0.40858673715952787,,0.0008432592467642053,1.0,-0.00045538879930973053,-0.0032212971709668636,0.002205050550401211,0.48,0.52,0.52,0.48,-0.0030534374868897984
2026-05-12 17:45:00+00:00,5,94.61,94.60486420910904,0.4812928669444545,,-0.0009517263976466239,0.0,-5.428527947515249e-05,-0.0018030304927378893,0.0015155848814174533,0.48,0.52,0.52,0.48,0.007106898117504201
2026-05-12 17:45:00+00:00,10,94.61,94.60282306332755,0.4827170526419087,,-0.0010575297093886604,0.0,-7.586099673062563e-05,-0.002635228680446744,0.0023048794828355312,0.48,0.52,0.52,0.48,0.007106898117504201
2026-05-12 17:45:00+00:00,15,94.61,94.58790312461208,0.4591894216356608,,-0.0007401533512627623,0.0,-0.0002335847821086645,-0.003454137360677123,0.0028161094523966312,0.48,0.52,0.52,0.48,0.007106898117504201
2026-05-12 23:30:00+00:00,5,94.67,94.67458800419011,0.5319648412469578,,-0.001903151346264842,0.0,4.846195224672556e-05,-0.0007859369507059455,0.0008492214838042855,0.48,0.52,0.52,0.48,-0.0005280109948957445
2026-05-12 23:30:00+00:00,10,94.67,94.68621703405321,0.5808009441285359,,-0.0022206956728281213,0.0,0.00017128599574789405,-0.0010309661738574505,0.0013183351838961244,0.48,0.52,0.52,0.48,-0.0005280109948957445
2026-05-12 23:30:00+00:00,15,94.67,94.68635342633162,0.5662248430701236,,-0.002856086989344142,0.0,0.00017272646073251963,-0.0012921990128234029,0.0015775315696373582,0.48,0.52,0.52,0.48,-0.0005280109948957445
2026-05-13 05:30:00+00:00,5,95.4,95.37243990199707,0.3896535396795605,,-0.0008389262236994099,0.0,-0.0002889316529035568,-0.0016668144380673766,0.001073985593393445,0.52,0.48,0.52,0.48,-0.003975316460222089
2026-05-13 05:30:00+00:00,10,95.4,95.35029178424888,0.3661922337128942,,-0.0015735644474306199,0.0,-0.0005211862735450268,-0.0025725052691996098,0.0015657644253224134,0.48,0.52,0.52,0.48,-0.003975316460222089
2026-05-13 05:30:00+00:00,15,95.4,95.33773644702435,0.3693555646472265,,-0.0015735644474306199,0.0,-0.000652870861813426,-0.0032385343220084906,0.002021272899582982,0.48,0.52,0.52,0.48,-0.003975316460222089
2026-05-13 11:15:00+00:00,5,94.32,94.29529744402235,0.42522015070219565,,0.0013773377184032043,1.0,-0.00026193587109446526,-0.0020643211901187897,0.0016008680686354637,0.52,0.48,0.52,0.48,-0.011280494928000984
2026-05-13 11:15:00+00:00,10,94.32,94.26933064593226,0.3924415921116944,,0.001800752565419117,1.0,-0.0005373512394726276,-0.0031699752435088158,0.002182524185627699,0.52,0.48,0.52,0.48,-0.011280494928000984
2026-05-13 11:15:00+00:00,15,94.32,94.24263087263918,0.37055400689669415,,0.0009537435153097462,1.0,-0.000820619985461235,-0.004203250631690025,0.0025268462486565113,0.52,0.48,0.52,0.48,-0.011280494928000984
2026-05-13 17:00:00+00:00,5,91.11,91.10729858146306,0.49482762122077373,,-0.0005489378191310124,0.0,-2.965051680803299e-05,-0.0029147095046937466,0.003253118135035038,0.48,0.52,0.52,0.48,0.003738733187231169
2026-05-13 17:00:00+00:00,10,91.11,91.08358817661725,0.46312731149045794,,-0.002307566542333994,0.0,-0.00028993142768740654,-0.0045069619081914425,0.004109697882086039,0.52,0.48,0.52,0.48,0.003738733187231169
2026-05-13 17:00:00+00:00,15,91.11,91.05100729382377,0.43619939929581475,,-0.0008784452085697225,0.0,-0.0006476985290646553,-0.006091021001338959,0.004866823088377714,0.48,0.52,0.52,0.48,0.003738733187231169
2026-05-13 23:00:00+00:00,5,91.26,91.25951388670147,0.49795596086502225,,-0.0006576784189702423,0.0,-5.326699465513229e-06,-0.0012970364186912775,0.0013648943277075887,0.48,0.52,0.52,0.48,0.0037325765149134327
2026-05-13 23:00:00+00:00,10,91.26,91.26891194104509,0.5276648479677417,,-0.0005480353071893873,0.0,9.764963760972023e-05,-0.0017623822204768658,0.0020095915533602238,0.48,0.52,0.52,0.48,0.0037325765149134327
2026-05-13 23:00:00+00:00,15,91.26,91.27996020592036,0.5493271816411323,,-0.0005480353071893873,0.0,0.00021869409829378128,-0.0021334311459213495,0.002629089867696166,0.48,0.52,0.52,0.48,0.0037325765149134327
2026-05-14 04:45:00+00:00,5,90.35,90.38524113613353,0.6378175863360738,,0.0015483303248045033,1.0,0.0003899752628058195,-0.0011459365487098694,0.0017800016794353724,0.52,0.48,0.52,0.48,0.0006643047188497064
2026-05-14 04:45:00+00:00,10,90.35,90.39890073426606,0.6387808679912118,,0.0021007249695754737,1.0,0.0005410902667790651,-0.0015635155141353607,0.002495948225259781,0.52,0.48,0.52,0.48,0.0006643047188497064
2026-05-14 04:45:00+00:00,15,90.35,90.42819505184124,0.6822025488123307,,0.0013272869994125358,1.0,0.0008650938980281353,-0.0016688494943082333,0.003259933553636074,0.48,0.52,0.52,0.48,0.0006643047188497064
2026-05-14 10:45:00+00:00,5,90.89,90.92502062516226,0.6147550680263817,,0.0010996262379210364,1.0,0.0003852335794363171,-0.001334130298346281,0.002110001165419817,0.52,0.48,0.52,0.48,0.002754367410927827
2026-05-14 10:45:00+00:00,10,90.89,90.94620374231647,0.6317960245252907,,0.0024175835950881464,1.0,0.0006181799108162522,-0.0018114441772922873,0.0030208630487322807,0.52,0.48,0.52,0.48,0.002754367410927827
2026-05-14 10:45:00+00:00,15,90.89,90.9593492027019,0.633071516702979,,0.001978457449048676,1.0,0.0007627105223946273,-0.0022326651960611343,0.0037054873537272215,0.52,0.48,0.52,0.48,0.002754367410927827
2026-05-14 16:30:00+00:00,5,93.35,93.36216963974174,0.5271073195766478,,-0.0005357621344339591,0.0,0.00013035722076892853,-0.002423422411084175,0.002616104669868946,0.48,0.52,0.52,0.48,0.007742806721795503
2026-05-14 16:30:00+00:00,10,93.35,93.33799198045921,0.48168599332295625,,-0.0007501473855500151,0.0,-0.00012864265590906143,-0.004104495979845524,0.0037094010040163994,0.48,0.52,0.52,0.48,0.007742806721795503
2026-05-14 16:30:00+00:00,15,93.35,93.33556907392308,0.4834793140614224,,-0.0019300885253983324,0.0,-0.00015460141003131866,-0.005205539055168629,0.004772932268679142,0.52,0.48,0.52,0.48,0.007742806721795503
2026-05-14 22:15:00+00:00,5,92.79,92.78412046373462,0.4718258761306279,,-0.0009704027932793124,0.0,-6.336590740829706e-05,-0.0012886568438261747,0.0010947288246825337,0.52,0.48,0.52,0.48,0.001078283477347064
2026-05-14 22:15:00+00:00,10,92.79,92.75834121883811,0.4024197996133614,,-0.00010777604149048159,0.0,-0.00034124564263038337,-0.002332010306417942,0.0014973679790273309,0.48,0.52,0.52,0.48,0.001078283477347064
2026-05-14 22:15:00+00:00,15,92.79,92.75013686846216,0.40635096042112995,,-0.00010777604149048159,0.0,-0.00042969820788130164,-0.0030635190196335316,0.00196622172370553,0.48,0.52,0.52,0.48,0.001078283477347064
2026-05-15 04:15:00+00:00,5,91.97,91.96967539432234,0.49867389250472394,,-0.0014145043433497761,0.0,-3.5294797271490097e-06,-0.0014656942803412676,0.0013465468073263764,0.52,0.48,0.52,0.52,-0.002714589863953343
2026-05-15 04:15:00+00:00,10,91.97,91.96854516136733,0.4958144228405691,,-0.001305625253471554,0.0,-1.5818746760487556e-05,-0.0021078127902001143,0.0020294557325541973,0.52,0.48,0.52,0.52,-0.002714589863953343
2026-05-15 04:15:00+00:00,15,91.97,91.97397324148913,0.5088037491554247,,-0.0034854626288920443,0.0,4.320056177675724e-05,-0.0026360817719250917,0.0027003269642591476,0.52,0.48,0.52,0.52,-0.002714589863953343
2026-05-15 10:00:00+00:00,5,91.14,91.13587202482411,0.4844417056820345,,-0.0006585446401983219,0.0,-4.529370926320553e-05,-0.0016507452819496393,0.001489797723479569,0.48,0.52,0.52,0.52,-0.0012062066268638816
2026-05-15 10:00:00+00:00,10,91.14,91.12281450149771,0.45714508696731104,,0.0007677543563300304,1.0,-0.00018857931718230247,-0.0026892852038145065,0.0022502478677779436,0.48,0.52,0.52,0.52,-0.0012062066268638816
2026-05-15 10:00:00+00:00,15,91.14,91.10570412102989,0.43428755868759306,,0.0006581112445491755,1.0,-0.0003763696877285838,-0.0036098018754273653,0.0027608722448349,0.48,0.52,0.52,0.52,-0.0012062066268638816
2026-05-15 16:00:00+00:00,5,89.01,88.97814137231714,0.3961213023990877,,0.0005615769227169665,1.0,-0.0003579859621822834,-0.002308154245838523,0.0013789670774713159,0.52,0.48,0.52,0.52,-0.0005615769227169665
2026-05-15 16:00:00+00:00,10,89.01,88.96770675238865,0.39935132170525334,,-0.0013490727172564831,0.0,-0.00047526456182822585,-0.00323898671194911,0.0020317852031439543,0.48,0.52,0.52,0.52,-0.0005615769227169665
2026-05-15 16:00:00+00:00,15,89.01,88.93098207963251,0.3515454282169689,,-0.0005618924685677484,0.0,-0.000888136331923306,-0.0042317770421504974,0.002202272182330489,0.48,0.52,0.52,0.52,-0.0005615769227169665
2026-05-15 21:45:00+00:00,5,89.24,89.26619470532995,0.6824118930128202,,-0.0010090252551817613,0.0,0.0002934879157692194,-0.0005458032246679068,0.0011403653770685196,0.48,0.52,0.52,0.52,0.0014578079397029597
2026-05-15 21:45:00+00:00,10,89.24,89.2856632522093,0.7126177225428479,,-0.001233391421705754,0.0,0.0005115595413371921,-0.0007264151936396956,0.001783196348696947,0.48,0.52,0.52,0.52,0.0014578079397029597
2026-05-15 21:45:00+00:00,15,89.24,89.29474123478083,0.7039201598595626,,-0.002019069670774698,0.0,0.0006132278358563781,-0.0009465576149523258,0.0022369553335011005,0.52,0.48,0.52,0.52,0.0014578079397029597
2026-05-16 03:30:00+00:00,5,89.19,89.21285313804154,0.6714319666221366,,-0.000672947535489854,0.0,0.00025619700318202376,-0.0005253562703728676,0.001002592034637928,0.52,0.48,0.52,0.48,0.0019078620904071641
2026-05-16 03:30:00+00:00,10,89.19,89.22277191817855,0.6915068341790145,,-0.0004485813689658613,0.0,0.0003673718892969191,-0.000622364750597626,0.0013114747125655413,0.52,0.48,0.52,0.48,0.0019078620904071641
2026-05-16 03:30:00+00:00,15,89.19,89.2378427357567,0.7301917469606669,,-0.0012340832889483622,0.0,0.0005362698575481772,-0.0006264438852667809,0.0016398460138589144,0.52,0.48,0.52,0.48,0.0019078620904071641
2026-05-16 09:30:00+00:00,5,85.96,86.08132540773803,0.6913666576615024,,0.003367984137160107,1.0,0.0014104219153523445,-0.0025213994085788727,0.00792575441300869,0.52,0.48,0.52,0.48,-0.018213759988440437
2026-05-16 09:30:00+00:00,10,85.96,86.24950796655803,0.7348270762855332,,0.0030200975446792455,1.0,0.003362279385328293,-0.0035551078617572784,0.012354168109595776,0.52,0.48,0.52,0.48,-0.018213759988440437
2026-05-16 09:30:00+00:00,15,85.96,86.34890224961237,0.7509804942969109,,0.0030200975446792455,1.0,0.004514019936323166,-0.004128951579332352,0.013400197960436344,0.52,0.48,0.52,0.48,-0.018213759988440437
2026-05-16 15:15:00+00:00,5,86.42,86.41933495585586,0.49628021718615745,,-0.0009261403764559972,0.0,-7.695518434047699e-06,-0.0011303836945444345,0.001190574374049902,0.48,0.52,0.52,0.48,0.003593581795713341
2026-05-16 15:15:00+00:00,10,86.42,86.41389282564411,0.4773720659254477,,-0.00023145469377716665,0.0,-7.067102706059813e-05,-0.0017692851833999157,0.0017473933985456824,0.52,0.48,0.52,0.48,0.003593581795713341
2026-05-16 15:15:00+00:00,15,86.42,86.41068750382111,0.47180870745788384,,0.0,,-0.00010776438284665346,-0.002247223164886236,0.002206987701356411,0.52,0.48,0.52,0.48,0.003593581795713341
2026-05-16 21:15:00+00:00,5,86.66,86.67297278034734,0.6203041964062637,,0.0,,0.00014968623872846365,-0.0005361572839319706,0.0007885278319008648,0.48,0.52,0.52,0.48,-0.0023052107949128597
2026-05-16 21:15:00+00:00,10,86.66,86.67648269966823,0.6177229075230484,,0.00011538683449074938,1.0,0.00019018154125660658,-0.0006913352408446372,0.0010342744644731283,0.52,0.48,0.52,0.48,-0.0023052107949128597
2026-05-16 21:15:00+00:00,15,86.66,86.67826492213935,0.6106609919182078,,0.00011538683449074938,1.0,0.00021074310643598437,-0.0008242568001151085,0.0012238785857334733,0.52,0.48,0.52,0.48,-0.0023052107949128597
2026-05-17 03:00:00+00:00,5,86.07,86.07449513731606,0.5210679914856546,,0.0016252615604503973,1.0,5.22251648362726e-05,-0.0012620624620467424,0.0013588345609605312,0.48,0.52,0.52,0.48,0.0025593313178982058
2026-05-17 03:00:00+00:00,10,86.07,86.07933112091733,0.5324796740771924,,0.0016252615604503973,1.0,0.00010840728646144271,-0.0016805649502202868,0.0018872171640396118,0.48,0.52,0.52,0.48,0.0025593313178982058
2026-05-17 03:00:00+00:00,15,86.07,86.08096985294468,0.5312859538851469,,0.0022050725583140363,1.0,0.00012744456762447953,-0.0020448602735996246,0.0023022417444735765,0.48,0.52,0.52,0.48,0.0025593313178982058
2026-05-17 08:45:00+00:00,5,86.7,86.69449123121777,0.46397577471221585,,0.0004612546207241053,1.0,-6.354029756039381e-05,-0.0010247192112728953,0.0008825343102216721,0.5,0.5,0.52,0.48,-0.0027643417741494147
2026-05-17 08:45:00+00:00,10,86.7,86.6897280034596,0.45303124208264556,,0.0009222965837079045,1.0,-0.00011848448775708675,-0.0015267711132764816,0.0012740807142108679,0.48,0.52,0.52,0.48,-0.0027643417741494147
2026-05-17 08:45:00+00:00,15,86.7,86.68700596296387,0.4521890268753267,,0.0013831260849510585,1.0,-0.0001498847850598395,-0.001904378063045442,0.0015848748153075576,0.48,0.52,0.52,0.48,-0.0027643417741494147
2026-05-17 14:45:00+00:00,5,86.34,86.36082439974541,0.5921884067258363,,0.0,,0.00024116155691444874,-0.0011638316791504622,0.0015959664015099406,0.48,0.52,0.52,0.48,-0.0021981844913163684
2026-05-17 14:45:00+00:00,10,86.34,86.38198054700845,0.6225275778383392,,-0.00011582787989983245,0.0,0.0004861054476350546,-0.0016431855037808418,0.0025484291836619377,0.48,0.52,0.52,0.48,-0.0021981844913163684
2026-05-17 14:45:00+00:00,15,86.34,86.40719914865257,0.6499226282585406,,-0.0012748451630981705,0.0,0.0007780056912451982,-0.0019426601938903332,0.0034301721025258303,0.52,0.48,0.52,0.48,-0.0021981844913163684
2026-05-17 20:30:00+00:00,5,86.73,86.73154937277977,0.5088300266479768,,-0.00011530700502859759,0.0,1.78641639649868e-05,-0.0010595747735351324,0.0011400558287277818,0.48,0.52,0.52,0.48,0.002655430758530919
2026-05-17 20:30:00+00:00,10,86.73,86.74406814719589,0.5582262092080985,,-0.0009228285347493426,0.0,0.00016219308599829674,-0.0013617267832159996,0.001712724333629012,0.48,0.52,0.52,0.48,0.002655430758530919
2026-05-17 20:30:00+00:00,15,86.73,86.74997013010154,0.5659116405096535,,-0.0005766680282066616,0.0,0.00023022980894893408,-0.001671124598942697,0.0021537046413868666,0.48,0.52,0.52,0.48,0.002655430758530919
2026-05-18 02:30:00+00:00,5,85.04,85.04407911852243,0.5149004620320732,,-0.000588131523157287,0.0,4.796590656042099e-05,-0.0017084460705518723,0.001840262208133936,0.52,0.48,0.52,0.52,0.0036520038233192054
2026-05-18 02:30:00+00:00,10,85.04,85.04700942020942,0.5162612807530578,,-0.0016476407163903417,0.0,8.242158219218254e-05,-0.0027402848936617374,0.0029723001644015312,0.52,0.48,0.52,0.52,0.0036520038233192054
2026-05-18 02:30:00+00:00,15,85.04,85.05243985182169,0.5213946037398124,,-0.0008234810182425889,0.0,0.00014627166092395782,-0.003552790265530348,0.00394862936809659,0.52,0.48,0.52,0.52,0.0036520038233192054
2026-05-18 08:15:00+00:00,5,84.78,84.75519101034082,0.42038030896223577,,0.0008253257557440108,1.0,-0.0002926706802099943,-0.002257314044982195,0.0016294943634420633,0.52,0.48,0.52,0.52,0.0016526978145021687
2026-05-18 08:15:00+00:00,10,84.78,84.75062812659517,0.4299099113949163,,0.000943173849687895,1.0,-0.0003465081681497395,-0.0030123305041342974,0.002254797611385584,0.52,0.48,0.52,0.52,0.0016526978145021687
2026-05-18 08:15:00+00:00,15,84.78,84.74316816242639,0.42524602905825537,,-0.0004719207260786007,0.0,-0.0004345345660112798,-0.0036247912794351578,0.0025669008027762175,0.52,0.48,0.52,0.52,0.0016526978145021687
2026-05-18 14:00:00+00:00,5,84.58,84.54298923954558,0.4151904522146037,,-0.001538188790533468,0.0,-0.00043767865281552076,-0.003379080444574356,0.0021501323208212852,0.52,0.48,0.52,0.52,-0.011169359548347302
2026-05-18 14:00:00+00:00,10,84.58,84.51843022457751,0.3933940173124584,,0.00023643456783517536,1.0,-0.000728212296962738,-0.004535204730927944,0.0028230103198438883,0.52,0.48,0.52,0.52,-0.011169359548347302
2026-05-18 14:00:00+00:00,15,84.58,84.47415153025217,0.35028582414194775,,-0.0009462976812146806,0.0,-0.0012522435281425714,-0.0058578732423484325,0.0031001882161945105,0.52,0.48,0.52,0.52,-0.011169359548347302
2026-05-18 20:00:00+00:00,5,85.15,85.17397577042856,0.5615536862939139,,-0.0012926730750049131,0.0,0.00028153136372566223,-0.0021650062408298254,0.002734167966991663,0.48,0.52,0.52,0.52,0.017533916801189875
2026-05-18 20:00:00+00:00,10,85.15,85.22545174499551,0.6315182697649836,,0.0009390774255093604,1.0,0.0008857115171849728,-0.002803265815600753,0.0044273375533521175,0.48,0.52,0.52,0.52,0.017533916801189875
2026-05-18 20:00:00+00:00,15,85.15,85.27779048404386,0.6679010893187569,,0.001994486494452552,1.0,0.0014996440149843693,-0.003369986778125167,0.006087310612201691,0.48,0.52,0.52,0.52,0.017533916801189875
2026-05-19 01:45:00+00:00,5,85.19,85.19080171323144,0.5033481311270767,,-0.0011745361932833376,0.0,9.41083999350667e-06,-0.0015084239421412349,0.0015063646715134382,0.48,0.52,0.52,0.48,-0.005385168715379862
2026-05-19 01:45:00+00:00,10,85.19,85.18170028141306,0.47718740204269094,,-0.0023504535442144814,0.0,-9.743071859702468e-05,-0.0024470025673508644,0.002221616916358471,0.52,0.48,0.52,0.52,-0.005385168715379862
2026-05-19 01:45:00+00:00,15,85.19,85.19087912938556,0.5018455700240012,,-0.0038812162805701433,0.0,1.0319577995687723e-05,-0.003030911786481738,0.0030335106421262026,0.48,0.52,0.52,0.52,-0.005385168715379862
2026-05-19 07:45:00+00:00,5,85.5,85.48176500431528,0.4055103962637605,,0.000935235045956162,1.0,-0.0002132975496351719,-0.0014177351258695126,0.0009524167980998755,0.48,0.52,0.52,0.48,0.0
2026-05-19 07:45:00+00:00,10,85.5,85.47357672839935,0.40997104578658383,,0.00011695222514873649,1.0,-0.00030909187626093626,-0.002214510226622224,0.0015204977244138718,0.48,0.52,0.52,0.52,0.0
2026-05-19 07:45:00+00:00,15,85.5,85.47365471993618,0.4319619268211379,,-0.0008190487791877032,0.0,-0.00030817941296845675,-0.0027937497943639755,0.0020879111252725124,0.48,0.52,0.52,0.52,0.0
2026-05-19 13:30:00+00:00,5,84.56,84.61639992972759,0.7016006513908242,,0.0035414982121970695,1.0,0.0006667588604614139,-0.0010446403175592422,0.002309991279616952,0.48,0.52,0.52,0.48,-0.0008274721200320911
2026-05-19 13:30:00+00:00,10,84.56,84.64408355934258,0.7221289767078392,,0.002952118811626825,1.0,0.000993871595710516,-0.0012536125723272562,0.0031778188422322273,0.48,0.52,0.52,0.52,-0.0008274721200320911
2026-05-19 13:30:00+00:00,15,84.56,84.6609100119669,0.7226011114873304,,0.001772316881477387,1.0,0.0011926424922421575,-0.0014942986890673637,0.003809311194345355,0.52,0.48,0.52,0.52,-0.0008274721200320911
2026-05-19 19:15:00+00:00,5,84.64,84.63049077352561,0.4625541972062468,,-0.0010638927653996433,0.0,-0.00011235539568588138,-0.0016641400288790464,0.0014772145077586174,0.52,0.48,0.52,0.48,-0.0008266903334703812
2026-05-19 19:15:00+00:00,10,84.64,84.64048593131616,0.5014239090310497,,-0.0030765614137964192,0.0,5.741138011217117e-06,-0.0021159816533327103,0.0021619382314383984,0.48,0.52,0.52,0.52,-0.0008266903334703812
2026-05-19 19:15:00+00:00,15,84.64,84.64213757769406,0.5051256715193682,,-0.004855815782716988,0.0,2.5254616048187017e-05,-0.0025940677151083946,0.0026824839878827333,0.48,0.52,0.52,0.52,-0.0008266903334703812
2026-05-20 01:15:00+00:00,5,84.34,84.34843484926078,0.5375611079568621,,0.00023710729216031012,1.0,0.0001000050688162446,-0.0013041743077337742,0.001485357410274446,0.5,0.5,0.52,0.52,0.00368237037828667
2026-05-20 01:15:00+00:00,10,84.34,84.36074395679545,0.5655786096827748,,-0.001186380492693928,0.0,0.0002459260867908597,-0.001779609126970172,0.0022594425827264786,0.48,0.52,0.52,0.52,0.00368237037828667
2026-05-20 01:15:00+00:00,15,84.34,84.36537698006669,0.5647131746101604,,-0.004753990412968534,0.0,0.00030084376339800656,-0.0022317420225590467,0.002829393371939659,0.48,0.52,0.52,0.48,0.00368237037828667
2026-05-20 07:00:00+00:00,5,84.95,84.95805876695866,0.5443401842510516,,-0.0005887548006393573,0.0,9.486032649874687e-05,-0.001080230576917529,0.0011943900026381016,0.52,0.48,0.52,0.52,0.0016493877443322091
2026-05-20 07:00:00+00:00,10,84.95,84.95677881781846,0.5249487143275207,,-0.00047097610666924083,0.0,7.979455403983593e-05,-0.0017675911076366901,0.0017658448778092861,0.52,0.48,0.52,0.52,0.0016493877443322091
2026-05-20 07:00:00+00:00,15,84.95,84.95574449959997,0.5163124280003661,,-0.0009421741363553338,0.0,6.761983968317509e-05,-0.002393240574747324,0.002254521008580923,0.48,0.52,0.52,0.48,0.0016493877443322091
2026-05-20 13:00:00+00:00,5,85.1,85.10833742860162,0.5481944263885492,,-0.000587716737458166,0.0,9.796733502298594e-05,-0.0009737221407704055,0.0012036273255944252,0.52,0.48,0.52,0.52,0.005656390287406943
2026-05-20 13:00:00+00:00,10,85.1,85.11084308788901,0.5430594009193201,,-0.0012934330687937035,0.0,0.0001274077221751213,-0.001474885269999504,0.0017693869303911924,0.48,0.52,0.52,0.52,0.005656390287406943
2026-05-20 13:00:00+00:00,15,85.1,85.11326126950266,0.5418554203228844,,-0.002352942262026758,0.0,0.00015581946354359388,-0.0018772315233945847,0.0022463188506662846,0.48,0.52,0.52,0.48,0.005656390287406943
2026-05-20 18:45:00+00:00,5,85.69,85.69404548735204,0.5079926842826885,,0.0011663169038467203,1.0,4.720961442217231e-05,-0.0039021160919219255,0.00309605966322124,0.52,0.48,0.52,0.52,-0.013446360006087232
2026-05-20 18:45:00+00:00,10,85.69,85.71140311992052,0.5301027277458649,,0.0012828738128893846,1.0,0.00024974264670163393,-0.004997349344193935,0.0045002419501543045,0.52,0.48,0.52,0.52,-0.013446360006087232
2026-05-20 18:45:00+00:00,15,85.69,85.72683785816508,0.5399489189422559,,0.001515946882351571,1.0,0.0004298044368624687,-0.006197716109454632,0.005901431664824486,0.52,0.48,0.52,0.48,-0.013446360006087232
2026-05-21 00:30:00+00:00,5,86.38,86.39153679154794,0.5446987446215181,,0.0013882464052787924,1.0,0.00013354967813938856,-0.0014397238846868277,0.001698021311312914,0.48,0.52,0.52,0.52,0.004641456464419491
2026-05-21 00:30:00+00:00,10,86.38,86.4038122142898,0.562536532436842,,0.0011570057983973925,1.0,0.0002756301546469331,-0.002070580143481493,0.0026566199958324432,0.48,0.52,0.52,0.52,0.004641456464419491
2026-05-21 00:30:00+00:00,15,86.38,86.41212241041531,0.5670427752391796,,0.002428167927154945,1.0,0.0003718041116371751,-0.002618675120174885,0.0034362138248980045,0.52,0.48,0.52,0.52,0.004641456464419491
2026-05-21 06:30:00+00:00,5,86.51,86.47394537096652,0.33037964350494353,,-0.00046248121994363345,0.0,-0.0004168552113696933,-0.0016680530970916152,0.0008659698069095612,0.48,0.52,0.52,0.52,-0.0011552681506703522
2026-05-21 06:30:00+00:00,10,86.51,86.45088360613482,0.29879137985727644,,-0.0013880858214898595,0.0,-0.0006835811072960496,-0.002434698399156332,0.0010826124344021082,0.48,0.52,0.52,0.52,-0.0011552681506703522
2026-05-21 06:30:00+00:00,15,86.51,86.44447053349766,0.3161204702756367,,-0.002778101103795727,0.0,-0.0007577655487693846,-0.002897319383919239,0.0013852479169145226,0.48,0.52,0.52,0.52,-0.0011552681506703522
2026-05-21 12:15:00+00:00,5,85.61,85.61646969889499,0.5321878954487935,,-0.00023364486087551484,0.0,7.556891068816185e-05,-0.0011912733316421509,0.0015229377895593643,0.48,0.52,0.52,0.52,-0.0037309125707380986
2026-05-21 12:15:00+00:00,10,85.61,85.62934768175116,0.5644203427630793,,0.0004671260157351753,1.0,0.00022597238421440125,-0.0016575902700424194,0.00250909011811018,0.52,0.48,0.52,0.52,-0.0037309125707380986
2026-05-21 12:15:00+00:00,15,85.61,85.65466452870199,0.6071670569774491,,-0.0016366615764678016,0.0,0.0005215848796069622,-0.0019290866330265999,0.003610669169574976,0.5,0.5,0.52,0.52,-0.0037309125707380986
2026-05-21 18:15:00+00:00,5,87.46,87.44739138197289,0.4706296339862337,,0.0013711153884781169,1.0,-0.00014417478814721107,-0.00302320858463645,0.002586538903415203,0.52,0.48,0.52,0.52,0.005848305184482427
2026-05-21 18:15:00+00:00,10,87.46,87.41568103568096,0.4293805349925065,,0.002398219615719732,1.0,-0.0005068625323474407,-0.005185070913285017,0.003498016856610775,0.48,0.52,0.52,0.52,0.005848305184482427
2026-05-21 18:15:00+00:00,15,87.46,87.3794665837404,0.40395012817525056,,0.0013711153884781169,1.0,-0.0009212270379066467,-0.007048341445624828,0.004228677600622177,0.52,0.48,0.52,0.52,0.005848305184482427
2026-05-22 00:00:00+00:00,5,87.26,87.26358900258836,0.5208459230099252,,-0.0006878367805303043,0.0,4.1129140299744904e-05,-0.0010091090807691216,0.0010806852951645851,0.52,0.48,0.52,0.52,0.0011466576190448663
2026-05-22 00:00:00+00:00,10,87.26,87.26326688227704,0.5139882251637171,,-0.0019501009908156064,0.0,3.743778506759554e-05,-0.0013973641907796264,0.0014839154900982976,0.52,0.48,0.52,0.52,0.0011466576190448663
2026-05-22 00:00:00+00:00,15,87.26,87.26900488266115,0.5331934764079322,,-0.0022946315713125998,0.0,0.00010319067223463207,-0.001602567732334137,0.0018493237439543009,0.52,0.48,0.52,0.48,0.0011466576190448663
2026-05-22 05:45:00+00:00,5,86.93,86.92594335741914,0.47666255648587696,,0.0016091957495509845,1.0,-4.66667115688324e-05,-0.0010359329171478748,0.0010054637677967548,0.48,0.52,0.52,0.52,-0.0009198574869602183
2026-05-22 05:45:00+00:00,10,86.93,86.92294146623613,0.4701618374661092,,0.00023004370931900553,1.0,-8.120120037347078e-05,-0.001443958026356995,0.0013563386164605618,0.48,0.52,0.52,0.52,-0.0009198574869602183
2026-05-22 05:45:00+00:00,15,86.93,86.91994203640348,0.46413482803875306,,-0.0016117894348193218,0.0,-0.00011570856440812349,-0.0017605957109481096,0.0016195159405469894,0.52,0.48,0.52,0.48,-0.0009198574869602183
2026-05-22 11:45:00+00:00,5,86.96,86.92520964717448,0.2685845230586611,,0.002985419601666095,1.0,-0.00040015310514718294,-0.001301365322433412,0.00043133870349265635,0.52,0.48,0.52,0.52,-0.0016086410455029565
2026-05-22 11:45:00+00:00,10,86.96,86.90849956244115,0.2542520264549146,,0.002985419601666095,1.0,-0.000592406780924648,-0.0018010642379522324,0.0005711981793865561,0.48,0.52,0.52,0.52,-0.0016086410455029565
2026-05-22 11:45:00+00:00,15,86.96,86.90371019528376,0.27659526718578487,,0.00355851836226595,1.0,-0.000647516455501318,-0.0021138836164027452,0.0007938917260617018,0.48,0.52,0.52,0.48,-0.0016086410455029565
2026-05-22 17:30:00+00:00,5,86.9,86.88738436616714,0.4631922444187475,,0.0009201748981464419,1.0,-0.00014518469106405973,-0.002280326560139656,0.001967877149581909,0.48,0.52,0.52,0.52,0.00034528399951749833
2026-05-22 17:30:00+00:00,10,86.9,86.89418065785016,0.4865687659849085,,0.0021840344333021733,1.0,-6.696820491924882e-05,-0.002728239865973592,0.00263524753972888,0.48,0.52,0.52,0.52,0.00034528399951749833
2026-05-22 17:30:00+00:00,15,86.9,86.90722465884059,0.5141383969803431,,0.0017246339428513835,1.0,8.313416037708521e-05,-0.003049671184271574,0.003286884631961584,0.52,0.48,0.52,0.48,0.00034528399951749833
2026-05-22 23:30:00+00:00,5,84.74,84.72265857069434,0.4237955870267046,,0.0004719207260786007,1.0,-0.0002046637237071991,-0.0019465228542685509,0.0012144586071372032,0.52,0.48,0.52,0.52,-0.0038867017893799982
2026-05-22 23:30:00+00:00,10,84.74,84.72203250823159,0.446156993084302,,0.0012972464818226115,1.0,-0.0002120533026754856,-0.0025796322152018547,0.0018858411349356174,0.52,0.48,0.52,0.52,-0.0038867017893799982
2026-05-22 23:30:00+00:00,15,84.74,84.72310102672785,0.45651762962060527,,-0.0073433943639136245,0.0,-0.0001994413323700428,-0.0032149120233953,0.0023716227151453495,0.52,0.48,0.52,0.48,-0.0038867017893799982
2026-05-23 05:15:00+00:00,5,84.37,84.36372955936427,0.4507699496776004,,-0.0010672992415470262,0.0,-7.43234995752573e-05,-0.0008814195170998573,0.0007059217896312475,0.48,0.52,0.52,0.48,-0.0035494594766500853
2026-05-23 05:15:00+00:00,10,84.37,84.36563626482283,0.4762495202274256,,-0.0010672992415470262,0.0,-5.1722745411098e-05,-0.00125038786791265,0.0011107202153652906,0.52,0.48,0.52,0.48,-0.0035494594766500853
2026-05-23 05:15:00+00:00,15,84.37,84.36234877437245,0.4670360838701597,,-0.0015420203518159425,0.0,-9.069067891687155e-05,-0.0016554431058466434,0.0013749452773481607,0.48,0.52,0.52,0.48,-0.0035494594766500853
2026-05-23 11:00:00+00:00,5,82.26,82.25342965896755,0.44014341920456435,,0.0007291287235160482,1.0,-7.987604476511478e-05,-0.000880145002156496,0.0006506543140858412,0.48,0.52,0.52,0.48,0.0021905813798186458
2026-05-23 11:00:00+00:00,10,82.26,82.24615008541107,0.4257622977744929,,0.001457726205656762,1.0,-0.0001683817245066166,-0.0014891655882820487,0.0009977773297578096,0.52,0.48,0.52,0.48,0.0021905813798186458
2026-05-23 11:00:00+00:00,15,82.26,82.23520042684856,0.3957429065831618,,0.0012149193573112171,1.0,-0.00030152336694300175,-0.0020886543206870556,0.001236260635778308,0.52,0.48,0.52,0.48,0.0021905813798186458
2026-05-23 17:00:00+00:00,5,84.21,84.19068804343325,0.42111261620909113,,-0.00023752969232848642,0.0,-0.0002293572179041803,-0.0016509911511093378,0.0013574280310422182,0.48,0.52,0.52,0.48,0.00023752969232848642
2026-05-23 17:00:00+00:00,10,84.21,84.20155255238808,0.47370981273911006,,0.00011874369188102918,1.0,-0.00010031909914687276,-0.002022800035774708,0.0020022219978272915,0.48,0.52,0.52,0.48,0.00023752969232848642
2026-05-23 17:00:00+00:00,15,84.21,84.216441301631,0.5164564897771076,,0.0011868028926835805,1.0,7.64880096539855e-05,-0.002306021749973297,0.0026973802596330643,0.48,0.52,0.52,0.48,0.00023752969232848642
2026-05-23 22:45:00+00:00,5,85.81,85.82778248896378,0.5606823748247629,,0.0008154231915504795,1.0,0.0002072094939649105,-0.0017063613049685955,0.0020747152157127857,0.5,0.5,0.52,0.48,-0.005578166701186937
2026-05-23 22:45:00+00:00,10,85.81,85.86060302203241,0.6101036036913422,,0.0008154231915504795,1.0,0.0005895362701267004,-0.0024325954727828503,0.003636515699326992,0.48,0.52,0.52,0.48,-0.005578166701186937
2026-05-23 22:45:00+00:00,15,85.81,85.87912886185566,0.6117606559834616,,-0.0008160886491985764,0.0,0.0008052794728428125,-0.003154102712869644,0.004857892170548439,0.52,0.48,0.52,0.48,-0.005578166701186937
2026-05-24 04:45:00+00:00,5,85.98,85.96771861076346,0.4149742471886192,,-0.0004653327212862379,0.0,-0.00014285027282312512,-0.0010751350782811642,0.0007722016307525337,0.48,0.52,0.52,0.52,0.0025620137456439096
2026-05-24 04:45:00+00:00,10,85.98,85.96018569315197,0.4038695414396425,,-0.00011631288178293175,0.0,-0.00023047906870488077,-0.0016124662943184376,0.001135795610025525,0.52,0.48,0.52,0.52,0.0025620137456439096
2026-05-24 04:45:00+00:00,15,85.98,85.95574160632535,0.41040556135487105,,-0.0005816997430034831,0.0,-0.0002821797679644078,-0.0020503774285316467,0.0014754754956811666,0.52,0.48,0.52,0.52,0.0025620137456439096
2026-05-24 10:30:00+00:00,5,86.32,86.30082760833368,0.41688429581069164,,0.00011584129755259909,1.0,-0.00022213300690054893,-0.0015867678448557854,0.0012138885213062167,0.5,0.5,0.52,0.52,-0.003584854952169536
2026-05-24 10:30:00+00:00,10,86.32,86.28506439909978,0.3910089094169502,,0.0005790723423153565,1.0,-0.000404803897254169,-0.0022794005926698446,0.0016592091415077448,0.48,0.52,0.52,0.52,-0.003584854952169536
2026-05-24 10:30:00+00:00,15,86.32,86.28149735179997,0.4051792500925666,,0.00034748364280901,1.0,-0.0004461450153030455,-0.0028162880335003138,0.0021550357341766357,0.48,0.52,0.52,0.52,-0.003584854952169536
2026-05-24 16:15:00+00:00,5,85.63,85.63926852934313,0.5387387987996497,,0.00035028314912377567,1.0,0.00010823342017829418,-0.0013659005053341389,0.0017256400315091014,0.48,0.52,0.52,0.52,0.0037440081174979767
2026-05-24 16:15:00+00:00,10,85.63,85.64914630293599,0.554011795510731,,-0.0010515862393383202,0.0,0.00022356840781867504,-0.001995933474972844,0.002763459226116538,0.48,0.52,0.52,0.52,0.0037440081174979767
2026-05-24 16:15:00+00:00,15,85.63,85.66925387121341,0.5830336653978024,,-0.001168497445410921,0.0,0.00045830756425857544,-0.0024171257391572,0.0038805354852229357,0.48,0.52,0.52,0.52,0.0037440081174979767
2026-05-24 22:15:00+00:00,5,85.11,85.08100890020579,0.44622727253935235,,0.0008221270061978814,1.0,-0.0003406889736652374,-0.004036840051412582,0.003062456613406539,0.48,0.52,0.52,0.52,0.00211714969695187
2026-05-24 22:15:00+00:00,10,85.11,85.08010508821245,0.461652347993073,,0.002112676842148886,1.0,-0.00035131198819726706,-0.0058027273043990135,0.004607398062944412,0.48,0.52,0.52,0.52,0.00211714969695187
2026-05-24 22:15:00+00:00,15,85.11,85.06566218749965,0.45636144188341,,0.0010568963464008263,1.0,-0.0005210828967392445,-0.007371962070465088,0.005814798641949892,0.48,0.52,0.52,0.52,0.00211714969695187
2026-05-25 04:00:00+00:00,5,84.97,84.96082006542849,0.43931676072371295,,-0.00011769552182094856,0.0,-0.00010804319754242897,-0.0011320468038320541,0.0008687900844961405,0.5,0.5,0.52,0.48,-0.0019987073845566528
2026-05-25 04:00:00+00:00,10,84.97,84.95630794998168,0.4366544158780836,,0.0005882699151946724,1.0,-0.00016115279868245125,-0.001655121217481792,0.001310837920755148,0.48,0.52,0.52,0.52,-0.0019987073845566528
2026-05-25 04:00:00+00:00,15,84.97,84.95727171248473,0.45356324613946186,,0.0,,-0.00014980864943936467,-0.0020808710251003504,0.001719588995911181,0.48,0.52,0.52,0.52,-0.0019987073845566528
2026-05-25 10:00:00+00:00,5,85.96,85.95635541556169,0.4731771874744538,,-0.00011633994545068305,0.0,-4.23995079472661e-05,-0.0008688595844432712,0.0008647339418530464,0.48,0.52,0.52,0.48,-0.0012788468870734704
2026-05-25 10:00:00+00:00,10,85.96,85.95464889065917,0.47390905959419627,,0.00023263929382633108,1.0,-6.225309334695339e-05,-0.0013380504678934813,0.0013256226666271687,0.52,0.48,0.52,0.52,-0.0012788468870734704
2026-05-25 10:00:00+00:00,15,85.96,85.95023230243834,0.4632041133276036,,0.0008140008589476722,1.0,-0.00011363718658685684,-0.0017403137171640992,0.0016866836231201887,0.52,0.48,0.52,0.52,-0.0012788468870734704
2026-05-25 15:45:00+00:00,5,86.29,86.28246316674856,0.46355688359830505,,-0.001739836894252278,0.0,-8.73468816280365e-05,-0.001306344522163272,0.0011395812034606934,0.5,0.5,0.52,0.48,0.00034772530051974115
2026-05-25 15:45:00+00:00,10,86.29,86.27101231844921,0.43069603488698216,,-0.0008115472012280023,0.0,-0.00022006919607520103,-0.0018549344968050718,0.0014385730028152466,0.48,0.52,0.52,0.52,0.00034772530051974115
2026-05-25 15:45:00+00:00,15,86.29,86.26879155960044,0.43596933809067207,,-0.00023180343172946039,0.0,-0.0002458111848682165,-0.002190883969888091,0.0017530377954244614,0.48,0.52,0.52,0.52,0.00034772530051974115
2026-05-25 21:30:00+00:00,5,85.47,85.46825239678321,0.49015813993103297,,-0.00011700696204730576,0.0,-2.044718712568283e-05,-0.0010905878152698278,0.0010218331590294838,0.48,0.52,0.52,0.48,-0.0018702518601747542
2026-05-25 21:30:00+00:00,10,85.47,85.46624476677174,0.485351307335408,,-0.0005851717646061516,0.0,-4.3937237933278084e-05,-0.0016474213916808367,0.0015597536694258451,0.48,0.52,0.52,0.52,-0.0018702518601747542
2026-05-25 21:30:00+00:00,15,85.47,85.46637514617261,0.48880918035848564,,-0.0017565435747766145,0.0,-4.241173155605793e-05,-0.002094654366374016,0.0019779319409281015,0.48,0.52,0.52,0.52,-0.0018702518601747542
2026-05-26 03:30:00+00:00,5,83.97,83.95204902566383,0.412889743714404,,0.0023789710280128773,1.0,-0.00021380127873271704,-0.0016661699628457427,0.00101182097569108,0.52,0.48,0.52,0.48,0.00023820867192192452
2026-05-26 03:30:00+00:00,10,83.97,83.93030341967818,0.361891667080802,,0.0020224859669024653,1.0,-0.00047285895561799407,-0.002476347144693136,0.0012391494819894433,0.52,0.48,0.52,0.52,0.00023820867192192452
2026-05-26 03:30:00+00:00,15,83.97,83.90855707743526,0.33041090884739566,,0.00226015679392777,1.0,-0.0007319925352931023,-0.003230488393455744,0.0014068946475163102,0.48,0.52,0.52,0.52,0.00023820867192192452
2026-05-26 09:15:00+00:00,5,84.42,84.42068761335857,0.5037198985409715,,0.0020117159615704594,1.0,8.145114406943321e-06,-0.0011953564826399088,0.0011145493481308222,0.5,0.5,0.52,0.48,0.00011846235872425837
2026-05-26 09:15:00+00:00,10,84.42,84.42385952679975,0.5145836054712984,,0.0010655302020383672,1.0,4.571711178869009e-05,-0.0016717707039788365,0.0016588690923526883,0.48,0.52,0.52,0.52,0.00011846235872425837
2026-05-26 09:15:00+00:00,15,84.42,84.42566628945295,0.5173184098689936,,0.0026026277556363553,1.0,6.711797323077917e-05,-0.0020357752218842506,0.002052429597824812,0.52,0.48,0.52,0.52,0.00011846235872425837
2026-05-26 15:15:00+00:00,5,85.25,85.28979530690559,0.6093441567006401,,-0.0012911557636199333,0.0,0.00046669819857925177,-0.0018368437886238098,0.002729268977418542,0.48,0.52,0.52,0.48,-0.004213982590767884
2026-05-26 15:15:00+00:00,10,85.25,85.3166701309343,0.615017671554476,,-0.0034075586699975347,0.0,0.0007817486766725779,-0.0030144397169351578,0.004471348598599434,0.48,0.52,0.52,0.52,-0.004213982590767884
2026-05-26 15:15:00+00:00,15,85.25,85.3418654428509,0.6191135086876618,,-0.005410504847714215,0.0,0.0010770203080028296,-0.003956745378673077,0.005975215695798397,0.52,0.48,0.52,0.52,-0.004213982590767884
2026-05-26 21:00:00+00:00,5,83.91,83.89780297573627,0.43385067865153304,,-0.0014311272567830713,0.0,-0.00014536897651851177,-0.0013241744600236416,0.0009788698516786098,0.48,0.52,0.52,0.48,0.0015504803630896902
2026-05-26 21:00:00+00:00,10,83.91,83.89433182032596,0.4433789093661007,,-0.0022668983041791435,0.0,-0.0001867434475570917,-0.002045915462076664,0.0016089861746877432,0.48,0.52,0.52,0.52,0.0015504803630896902
2026-05-26 21:00:00+00:00,15,83.91,83.89766178425148,0.4658790434637917,,-0.00262529983719606,0.0,-0.00014705187641084194,-0.0025940989144146442,0.0022040216717869043,0.48,0.52,0.52,0.52,0.0015504803630896902
2026-05-27 02:45:00+00:00,5,83.75,83.74754372682648,0.4871558291823256,,-0.00047772603321050156,0.0,-2.9329065000638366e-05,-0.0011613786919042468,0.0011751812417060137,0.48,0.52,0.52,0.48,-0.0015510353285437262
2026-05-27 02:45:00+00:00,10,83.75,83.74317298770961,0.4729043026311538,,0.0008354717917500309,1.0,-8.151988731697202e-05,-0.0016079359920695424,0.0015109905507415533,0.52,0.48,0.52,0.48,-0.0015510353285437262
2026-05-27 02:45:00+00:00,15,83.75,83.73835044335559,0.4610899785454281,,0.0015510353285437262,1.0,-0.00013910885900259018,-0.0019773878157138824,0.001765866414643824,0.52,0.48,0.52,0.48,-0.0015510353285437262
2026-05-27 08:45:00+00:00,5,84.17,84.16851831580117,0.49162458112935836,,-0.0011887780762798172,0.0,-1.760362647473812e-05,-0.0011680067982524633,0.001052645267918706,0.52,0.48,0.52,0.48,0.0014267033688604158
2026-05-27 08:45:00+00:00,10,84.17,84.17386295273627,0.5151155764173956,,-0.0023789710280128773,0.0,4.589359741657972e-05,-0.0015901613514870405,0.0015641117934137583,0.52,0.48,0.52,0.48,0.0014267033688604158
2026-05-27 08:45:00+00:00,15,84.17,84.18200985148431,0.5392542112087079,,-0.002974599135443512,0.0,0.00014267547521740198,-0.0018394376384094357,0.00196071807295084,0.52,0.48,0.52,0.48,0.0014267033688604158
2026-05-27 14:30:00+00:00,5,83.57,83.6529927832316,0.6725221287599428,,0.0002392916977198567,1.0,0.000992600223980844,-0.001917887246236205,0.004104591440409422,0.48,0.52,0.52,0.48,-0.00011965300642469145
2026-05-27 14:30:00+00:00,10,83.57,83.71059803351251,0.714314817680128,,0.0009568234194885505,1.0,0.0016809847438707948,-0.002221407601609826,0.005819374695420265,0.52,0.48,0.52,0.48,-0.00011965300642469145
2026-05-27 14:30:00+00:00,15,83.57,83.73470350800343,0.7148955164913813,,0.0008372705470884867,1.0,0.0019689053297042847,-0.0026384301017969847,0.006805852055549622,0.52,0.48,0.52,0.48,-0.00011965300642469145
2026-05-27 20:30:00+00:00,5,83.89,83.85780187304913,0.32580912324745803,,-0.0010734093701660896,0.0,-0.00038388732355087996,-0.0015990054234862328,0.0007362401229329407,0.52,0.48,0.52,0.48,-0.00119132727933291
2026-05-27 20:30:00+00:00,10,83.89,83.84333649040313,0.33069351306456307,,-0.0007154782084368705,0.0,-0.0005564011516980827,-0.002371830865740776,0.0011296967277303338,0.52,0.48,0.52,0.48,-0.00119132727933291
2026-05-27 20:30:00+00:00,15,83.89,83.83322803956054,0.3426540292284166,,-0.0007154782084368705,0.0,-0.0006769719766452909,-0.0030377530492842197,0.0015406304737553,0.52,0.48,0.52,0.48,-0.00119132727933291
2026-05-28 02:15:00+00:00,5,82.4,82.36109851585795,0.34401040393761784,,-0.0031603283870138554,0.0,-0.0004722168669104576,-0.0022720261476933956,0.0011282998602837324,0.48,0.52,0.52,0.52,-0.0019398648178263755
2026-05-28 02:15:00+00:00,10,82.4,82.33277007308871,0.3117791761600689,,-0.0024301348532915767,0.0,-0.000816230196505785,-0.0033641918562352657,0.0014475083444267511,0.48,0.52,0.52,0.48,-0.0019398648178263755
2026-05-28 02:15:00+00:00,15,82.4,82.30559177193997,0.28852972300277835,,-0.0026734734601623344,0.0,-0.0011463877744972706,-0.004279132001101971,0.0016578789800405502,0.48,0.52,0.52,0.48,-0.0019398648178263755
2026-05-28 08:00:00+00:00,5,81.18,81.19564263991981,0.5695126509814266,,-0.0004928536324504407,0.0,0.00019267224706709385,-0.0013886590022593737,0.0015668363776057959,0.48,0.52,0.52,0.52,0.0018494549381173897
2026-05-28 08:00:00+00:00,10,81.18,81.19124797105944,0.5367050051382516,,-0.0006161050037780669,0.0,0.00013854634016752243,-0.002013636287301779,0.0020474004559218884,0.48,0.52,0.52,0.48,0.0018494549381173897
2026-05-28 08:00:00+00:00,15,81.18,81.17804535679755,0.4945650788645606,,0.0002463357568807112,1.0,-2.4078181013464928e-05,-0.002688144100829959,0.0022731455974280834,0.5,0.5,0.52,0.48,0.0018494549381173897
2026-05-28 14:00:00+00:00,5,80.78,80.75729885340667,0.4153621225235572,,-0.00807909434528753,0.0,-0.00028106383979320526,-0.0020459694787859917,0.0013409279054030776,0.48,0.52,0.52,0.52,-0.006170573694904924
2026-05-28 14:00:00+00:00,10,80.78,80.73710543191845,0.3823836886992822,,-0.006582648125141866,0.0,-0.0005311458371579647,-0.002979662735015154,0.0017533529317006469,0.52,0.48,0.52,0.48,-0.006170573694904924
2026-05-28 14:00:00+00:00,15,80.78,80.72617316632997,0.3796215778739729,,0.003953550986100396,1.0,-0.0006665607215836644,-0.0036971084773540497,0.002155850175768137,0.48,0.52,0.52,0.48,-0.006170573694904924
2026-05-28 19:45:00+00:00,5,82.44,82.46743057273895,0.5945132002286029,,0.0,,0.00033267843537032604,-0.0013949021231383085,0.0023374040611088276,0.48,0.52,0.52,0.52,-0.005564306118991169
2026-05-28 19:45:00+00:00,10,82.44,82.50365431152727,0.6510791229344912,,-0.0014566644964641995,0.0,0.0007718310225754976,-0.001791932387277484,0.0036038076505064964,0.48,0.52,0.52,0.48,-0.005564306118991169
2026-05-28 19:45:00+00:00,15,82.44,82.54828400267023,0.700053273970636,,-0.0026721745525257745,0.0,0.0013126267585903406,-0.0019669069442898035,0.004833301529288292,0.52,0.48,0.52,0.48,-0.005564306118991169
2026-05-29 01:45:00+00:00,5,82.29,82.29187610876521,0.5095029266369453,,-0.0015810279973189623,0.0,2.2798485588282347e-05,-0.001219810452312231,0.0012372315395623446,0.48,0.52,0.52,0.52,-0.0009716993355350922
2026-05-29 01:45:00+00:00,10,82.29,82.28127510791555,0.46931120484063027,,0.0,,-0.00010603177361190319,-0.0019035772420465946,0.0016902522183954716,0.48,0.52,0.52,0.52,-0.0009716993355350922
2026-05-29 01:45:00+00:00,15,82.29,82.27371118172468,0.45415301627464866,,-0.0013376301623582165,0.0,-0.00019796367269009352,-0.0024552426766604185,0.002049521543085575,0.48,0.52,0.52,0.52,-0.0009716993355350922
2026-05-29 07:30:00+00:00,5,82.16,82.17367914679512,0.5470316957103929,,-0.00036520786820215534,0.0,0.00016648013843223453,-0.0018465635366737843,0.001830251538194716,0.52,0.48,0.52,0.52,-0.00024339783496074574
2026-05-29 07:30:00+00:00,10,82.16,82.17128479558475,0.5309675971421306,,-0.001705445656390303,0.0,0.0001373420236632228,-0.0023150609340518713,0.002248101867735386,0.52,0.48,0.52,0.52,-0.00024339783496074574
2026-05-29 07:30:00+00:00,15,82.16,82.17805036687933,0.5419865268022115,,-0.002193250544111791,0.0,0.0002196736168116331,-0.002650588285177946,0.0027114124968647957,0.52,0.48,0.52,0.52,-0.00024339783496074574
2026-05-29 13:15:00+00:00,5,81.34,81.34233449980653,0.5104288073531104,,0.0004916420944649502,1.0,2.8700102120637894e-05,-0.001436260063201189,0.0014802771620452404,0.48,0.52,0.52,0.52,-0.004171273377331808
2026-05-29 13:15:00+00:00,10,81.34,81.33446963192903,0.4826393091583131,,-0.0004918839253136298,0.0,-6.799306720495224e-05,-0.002186061814427376,0.002020426094532013,0.52,0.48,0.52,0.52,-0.004171273377331808
2026-05-29 13:15:00+00:00,15,81.34,81.3245704947385,0.46126338649422416,,-0.0017226533114467202,0.0,-0.00018970947712659836,-0.0028504827059805393,0.0024444146547466516,0.52,0.48,0.52,0.52,-0.004171273377331808
2026-05-29 19:15:00+00:00,5,81.87,81.81938012360992,0.3657343574372425,,-0.0024458860181724162,0.0,-0.0006184870144352317,-0.0030992983374744654,0.0017180368304252625,0.52,0.48,0.52,0.52,-0.01201981326089907
2026-05-29 19:15:00+00:00,10,81.87,81.7899545896018,0.35855001527048147,,-0.0003665017449856478,0.0,-0.0009781918488442898,-0.004688561893999577,0.002613656222820282,0.52,0.48,0.52,0.52,-0.01201981326089907
2026-05-29 19:15:00+00:00,15,81.87,81.76163580669134,0.34932379884758635,,0.0009766818014815826,1.0,-0.001324489712715149,-0.006081425119191408,0.0032930313609540462,0.52,0.48,0.52,0.52,-0.01201981326089907
2026-05-30 01:00:00+00:00,5,82.3,82.29585548635774,0.4720307004830713,,-0.00036458650218484934,0.0,-5.035987851442769e-05,-0.0010787148494273424,0.000908035144675523,0.48,0.52,0.52,0.48,0.002798566041403383
2026-05-30 01:00:00+00:00,10,82.3,82.30232206673436,0.5102797507806496,,0.0018209413225838134,1.0,2.8214264602866024e-05,-0.0015056624542921782,0.0014654431724920869,0.48,0.52,0.52,0.48,0.002798566041403383
2026-05-30 01:00:00+00:00,15,82.3,82.30427860965261,0.5150477977541692,,0.002063483162240587,1.0,5.198661528993398e-05,-0.0019105563405901194,0.0018524030456319451,0.48,0.52,0.52,0.48,0.002798566041403383
2026-05-30 07:00:00+00:00,5,82.47,82.46272532359423,0.44516421737094536,,-0.002306526060507963,0.0,-8.821386290946975e-05,-0.0009349798783659935,0.0007511169533245265,0.52,0.48,0.52,0.48,-0.0015750896816681959
2026-05-30 07:00:00+00:00,10,82.47,82.4618896645826,0.46195495752921656,,-0.0014561342216152795,0.0,-9.834769298322499e-05,-0.0015341098187491298,0.0013329129433259368,0.52,0.48,0.52,0.48,-0.0015750896816681959
2026-05-30 07:00:00+00:00,15,82.47,82.46561312690896,0.4848215272972478,,-0.0013347086856754231,0.0,-5.3194977226667106e-05,-0.0019841790199279785,0.001901532057672739,0.52,0.48,0.52,0.48,-0.0015750896816681959
2026-05-30 12:45:00+00:00,5,82.32,82.31714333215015,0.4725846936502094,,-0.00012148454124094599,0.0,-3.470259252935648e-05,-0.0006893017562106252,0.0006518600275740027,0.5,0.5,0.52,0.48,-0.0015779574798138185
2026-05-30 12:45:00+00:00,10,82.32,82.32031938356837,0.5022200727833745,,0.00036436509785531257,1.0,3.8797734305262566e-06,-0.0009261242812499404,0.0009774458594620228,0.52,0.48,0.52,0.48,-0.0015779574798138185
2026-05-30 12:45:00+00:00,15,82.32,82.32001426954878,0.5000783315330846,,0.0014566644964641995,1.0,1.7334241420030594e-07,-0.0011750461999326944,0.0012246461119502783,0.52,0.48,0.52,0.48,-0.0015779574798138185
2026-05-30 18:30:00+00:00,5,82.89,82.90167571191445,0.5735937503326507,,0.000964669072758717,1.0,0.00014084798749536276,-0.0008816678309813142,0.0011844770051538944,0.52,0.48,0.52,0.48,0.0015695747260924264
2026-05-30 18:30:00+00:00,10,82.89,82.92136068733704,0.6402352436051347,,0.0010851873012871494,1.0,0.00037826946936547756,-0.0010126190027222037,0.001833166810683906,0.52,0.48,0.52,0.48,0.0015695747260924264
2026-05-30 18:30:00+00:00,15,82.89,82.9358025925432,0.667828982110187,,0.0021691982475449123,1.0,0.0005524181760847569,-0.0011401126394048333,0.002246324671432376,0.52,0.48,0.52,0.48,0.0015695747260924264
2026-05-31 00:30:00+00:00,5,82.8,82.79975288530899,0.4985150410631417,,0.0009657171199588532,1.0,-2.9844813980162144e-06,-0.001159583916887641,0.00103674060665071,0.52,0.48,0.52,0.52,0.0020552506781204016
2026-05-31 00:30:00+00:00,10,82.8,82.7977547597716,0.49005244076205334,,-0.00012078024049877456,0.0,-2.7116795536130667e-05,-0.0015658889897167683,0.0013696053065359592,0.52,0.48,0.52,0.52,0.0020552506781204016
2026-05-31 00:30:00+00:00,15,82.8,82.78705353838716,0.4515127624853206,,0.0003622532189586636,1.0,-0.00015637045726180077,-0.0019796642009168863,0.0014986563473939896,0.52,0.48,0.52,0.52,0.0020552506781204016
2026-05-31 06:15:00+00:00,5,82.91,82.90663430206868,0.47464680237709855,,0.00024119633498553839,1.0,-4.059541970491409e-05,-0.000880112056620419,0.0008055910002440214,0.52,0.48,0.52,0.52,-0.0021686755487628773
2026-05-31 06:15:00+00:00,10,82.91,82.90335689738482,0.4646594033290896,,0.00036177269010817525,1.0,-8.01274727564305e-05,-0.0012922610621899366,0.0011381495278328657,0.48,0.52,0.52,0.52,-0.0021686755487628773
2026-05-31 06:15:00+00:00,15,82.91,82.88724855038654,0.40139017917084074,,0.00024119633498553839,1.0,-0.0002744490629993379,-0.0017752844141796231,0.0012446147156879306,0.52,0.48,0.52,0.52,-0.0021686755487628773
2026-05-31 12:00:00+00:00,5,82.77,82.7733795148117,0.5230915725206722,,-0.0018138949286852224,0.0,4.082935629412532e-05,-0.0008675050921738148,0.0009617236210033298,0.48,0.52,0.52,0.52,0.0003625158640385706
2026-05-31 12:00:00+00:00,10,82.77,82.77358356407885,0.517669376642264,,-0.0008460748676588636,0.0,4.329450894147158e-05,-0.0012351260520517826,0.0013334047980606556,0.48,0.52,0.52,0.52,0.0003625158640385706
2026-05-31 12:00:00+00:00,15,82.77,82.77353889588737,0.5146160758666992,,0.000603901220117109,1.0,4.275486571714282e-05,-0.0014809848507866263,0.0015984419733285904,0.52,0.48,0.52,0.52,0.0003625158640385706
2026-05-31 18:00:00+00:00,5,81.81,81.80853107916664,0.4913544843049328,,-0.0006113590702128135,0.0,-1.7955433577299118e-05,-0.001129811629652977,0.0010090658906847239,0.52,0.48,0.52,0.52,0.0018351996341774424
2026-05-31 18:00:00+00:00,10,81.81,81.80028644619566,0.4612554367438415,,0.0,,-0.0001187401358038187,-0.001819572877138853,0.0015197384636849165,0.52,0.48,0.52,0.52,0.0018351996341774424
2026-05-31 18:00:00+00:00,15,81.81,81.78851603750971,0.43330895572596895,,-0.0012230921289910768,0.0,-0.00026264251209795475,-0.00239327410236001,0.0018423616420477629,0.52,0.48,0.52,0.52,0.0018351996341774424
2026-05-31 23:45:00+00:00,5,82.13,82.10026881850085,0.40252203347332793,,0.002675098871548265,1.0,-0.00036206701770424843,-0.0022373031824827194,0.0015976777067407966,0.48,0.52,0.52,0.52,-0.005585250070525127
2026-05-31 23:45:00+00:00,10,82.13,82.09348889792376,0.4153924995456213,,0.0035247681585701685,1.0,-0.00044465140672400594,-0.003191641764715314,0.002344149397686124,0.52,0.48,0.52,0.52,-0.005585250070525127
2026-05-31 23:45:00+00:00,15,82.13,82.07679063711093,0.4022312127957407,,0.0034034310231909615,1.0,-0.0006480775191448629,-0.004152941517531872,0.0028880422469228506,0.52,0.48,0.52,0.52,-0.005585250070525127
2026-06-01 05:45:00+00:00,5,81.88,81.86259841361138,0.4366585138234059,,0.0007325113256371196,1.0,-0.00021254806779325008,-0.0019442178308963776,0.0015108883380889893,0.48,0.52,0.52,0.52,-0.001098565871850532
2026-06-01 05:45:00+00:00,10,81.88,81.84035794951885,0.40166203558580216,,0.00024423006593554675,1.0,-0.00048426538705825806,-0.003124468494206667,0.002185491379350424,0.48,0.52,0.52,0.52,-0.001098565871850532
2026-06-01 05:45:00+00:00,15,81.88,81.81675618502024,0.38181911421849524,,-0.00012213740473132617,0.0,-0.0007726948242634535,-0.004238187801092863,0.0026977912057191133,0.48,0.52,0.52,0.52,-0.001098565871850532
2026-06-01 11:30:00+00:00,5,81.12,81.1033359295098,0.4102426361312491,,0.000492975114740446,1.0,-0.0002054460346698761,-0.0014513044152408838,0.000993860187008977,0.48,0.52,0.52,0.52,0.002097859719229156
2026-06-01 11:30:00+00:00,10,81.12,81.08372136089427,0.3686442762206562,,-0.0003698908864073758,0.0,-0.0004473219159990549,-0.0022784462198615074,0.0012910477817058563,0.52,0.48,0.52,0.52,0.002097859719229156
2026-06-01 11:30:00+00:00,15,81.12,81.06933114011242,0.3567072180248734,,-0.0008632916611883701,0.0,-0.0006248112767934799,-0.0029133004136383533,0.0015829582698643208,0.48,0.52,0.52,0.52,0.002097859719229156
2026-06-01 17:15:00+00:00,5,80.57,80.6163849992081,0.6686587405571304,,-0.000993418683462366,0.0,0.0005755448946729302,-0.0011888042790815234,0.002248465083539486,0.52,0.48,0.52,0.52,0.015131908812486827
2026-06-01 17:15:00+00:00,10,80.57,80.64167588085193,0.6618909278629038,,-0.0002482621661208384,0.0,0.0008892145706340671,-0.0020564435981214046,0.003611937863752246,0.48,0.52,0.52,0.52,0.015131908812486827
2026-06-01 17:15:00+00:00,15,80.57,80.66213970710821,0.6550403132529263,,0.004705308334539637,1.0,0.001142944791354239,-0.002836299827322364,0.004813612904399633,0.48,0.52,0.52,0.52,0.015131908812486827
2026-06-01 23:15:00+00:00,5,81.43,81.44538063456123,0.549361232917225,,0.0008592647677767573,1.0,0.0001888638362288475,-0.0017832997255027294,0.0021768719889223576,0.48,0.52,0.52,0.52,0.012107882040647944
2026-06-01 23:15:00+00:00,10,81.43,81.47221926579674,0.5892102844072504,,-0.0007371007704746191,0.0,0.00051833875477314,-0.002617425750941038,0.0036859200336039066,0.48,0.52,0.52,0.52,0.012107882040647944
2026-06-01 23:15:00+00:00,15,81.43,81.50135309086895,0.6155026470648355,,-0.003198034705955699,0.0,0.0008758669719099998,-0.0032177348621189594,0.00503872474655509,0.48,0.52,0.52,0.52,0.012107882040647944
2026-06-02 05:00:00+00:00,5,80.43,80.42489700338888,0.4829178485349013,,-0.0033626035794229736,0.0,-6.344844587147236e-05,-0.00201885006390512,0.0018314787885174155,0.52,0.48,0.52,0.48,-0.005950184903770861
2026-06-02 05:00:00+00:00,10,80.43,80.44147638506671,0.5262317060694177,,-0.0013685849725586507,0.0,0.0001426776871085167,-0.0027998751029372215,0.0030603662598878145,0.52,0.48,0.52,0.48,-0.005950184903770861
2026-06-02 05:00:00+00:00,15,80.43,80.44986735395428,0.5346724398119533,,0.0011183598556137042,1.0,0.0002469837199896574,-0.003548662643879652,0.003929076250642538,0.52,0.48,0.52,0.48,-0.005950184903770861
2026-06-02 11:00:00+00:00,5,79.45,79.4256347471938,0.38949333294804744,,-0.0016375893311302292,0.0,-0.00030672107823193073,-0.0018024977762252092,0.0010848979000002146,0.48,0.52,0.52,0.48,0.0042886039494201
2026-06-02 11:00:00+00:00,10,79.45,79.38362102367597,0.2947861698250729,,-0.0021420029609924285,0.0,-0.000835830345749855,-0.0030417321249842644,0.0011712298728525639,0.48,0.52,0.52,0.48,0.0042886039494201
2026-06-02 11:00:00+00:00,15,79.45,79.36141216584676,0.28094717308306594,,-0.004541448451399255,0.0,-0.0011156357359141111,-0.0038560775574296713,0.0013411075342446566,0.48,0.52,0.52,0.48,0.0042886039494201
2026-06-02 16:45:00+00:00,5,77.05,77.05314458920532,0.5070125605503661,,0.0014266262714031086,1.0,4.0811486542224884e-05,-0.0033171242102980614,0.0031885234639048576,0.52,0.48,0.52,0.48,0.008079272511332114
2026-06-02 16:45:00+00:00,10,77.05,77.06678755451094,0.5236754184340743,,-0.003510372193473721,0.0,0.00021785497665405273,-0.005132758058607578,0.0053289891220629215,0.52,0.48,0.52,0.48,0.008079272511332114
2026-06-02 16:45:00+00:00,15,77.05,77.07049405501361,0.5205800554499743,,-0.0039011752988180604,0.0,0.00026594847440719604,-0.006897423416376114,0.0070642875507473946,0.52,0.48,0.52,0.48,0.008079272511332114
2026-06-02 22:30:00+00:00,5,75.17,75.0865797889679,0.37431240650646846,,-0.0031978708131585876,0.0,-0.0011103702709078789,-0.006368749774992466,0.0031615709885954857,0.52,0.48,0.52,0.48,-0.009400929877435793
2026-06-02 22:30:00+00:00,10,75.17,75.07017073017141,0.38738849930515096,,-0.004399713783488579,0.0,-0.001328929327428341,-0.008609949611127377,0.004598584026098251,0.48,0.52,0.52,0.48,-0.009400929877435793
2026-06-02 22:30:00+00:00,15,75.17,75.02840282038977,0.37156407448777284,,-0.007075658650289363,0.0,-0.0018854690715670586,-0.011137513443827629,0.005514183547347784,0.48,0.52,0.52,0.48,-0.009400929877435793
2026-06-03 04:30:00+00:00,5,73.45,73.45127557110298,0.5020510366826156,,0.002175983450728225,1.0,1.7366372048854828e-05,-0.005067526362836361,0.004062341060489416,0.52,0.48,0.52,0.48,-0.008135638093921038
2026-06-03 04:30:00+00:00,10,73.45,73.50767952911092,0.5685989573435415,,0.002990758074835398,1.0,0.0007849815301597118,-0.0059591131284832954,0.0064446767792105675,0.5,0.5,0.52,0.48,-0.008135638093921038
2026-06-03 04:30:00+00:00,15,73.45,73.54813110622071,0.5937709188976341,,0.0059725981806693085,1.0,0.0013351342640817165,-0.007088507525622845,0.008328178897500038,0.48,0.52,0.52,0.48,-0.008135638093921038
2026-06-03 10:15:00+00:00,5,75.32,75.31373436052631,0.4805564776369563,,-0.0011956162168216267,0.0,-8.319038897752762e-05,-0.0024070499930530787,0.002393188886344433,0.52,0.48,0.52,0.48,0.005992427546357426
2026-06-03 10:15:00+00:00,10,75.32,75.3038689200761,0.4631610814689756,,0.00026549847494372614,1.0,-0.00021419022232294083,-0.003410777309909463,0.0031466330401599407,0.48,0.52,0.52,0.48,0.005992427546357426
2026-06-03 10:15:00+00:00,15,75.32,75.30095046048216,0.4645554777613272,,0.0029166134953593215,1.0,-0.00025294674560427666,-0.003986132796853781,0.003734779544174671,0.48,0.52,0.52,0.48,0.005992427546357426
2026-06-03 16:15:00+00:00,5,73.19,73.17504420712882,0.4764869449305055,,-0.0057550172541409594,0.0,-0.0002043629065155983,-0.004446803592145443,0.00425365287810564,0.5,0.5,0.52,0.48,-0.012221770815429522
2026-06-03 16:15:00+00:00,10,73.19,73.1887993098098,0.49855623274691985,,-0.011543346535643373,0.0,-1.6405247151851654e-05,-0.005753516219556332,0.006092868745326996,0.52,0.48,0.52,0.48,-0.012221770815429522
2026-06-03 16:15:00+00:00,15,73.19,73.22892918540846,0.5388189965692933,,-0.009886116491945707,0.0,0.0005317507311701775,-0.006366083398461342,0.007961285300552845,0.52,0.48,0.52,0.48,-0.012221770815429522
2026-06-03 22:00:00+00:00,5,72.87,72.78868128449419,0.3609276333673501,,0.0008230453139512761,1.0,-0.001116565428674221,-0.005352322943508625,0.002995380200445652,0.48,0.52,0.52,0.48,0.025011724843387206
2026-06-03 22:00:00+00:00,10,72.87,72.73497549951495,0.3554906771378017,,-0.0024732081856466692,0.0,-0.00185466930270195,-0.008610483258962631,0.0046789441257715225,0.48,0.52,0.52,0.48,0.025011724843387206
2026-06-03 22:00:00+00:00,15,72.87,72.66166501349181,0.33015071658343575,,-0.008544704689649407,0.0,-0.002863090019673109,-0.011502360925078392,0.005691801197826862,0.48,0.52,0.52,0.48,0.025011724843387206
2026-06-04 03:45:00+00:00,5,71.55,71.62529860608069,0.6412423533466531,,-0.00041937513720124997,0.0,0.001051838044077158,-0.0028704486321657896,0.004788432270288467,0.5,0.5,0.52,0.48,0.019475636738262914
2026-06-04 03:45:00+00:00,10,71.55,71.70624460994064,0.6913337907516477,,-0.0018185638361574163,0.0,0.00218133139424026,-0.003954901825636625,0.008174184709787369,0.48,0.52,0.52,0.48,0.019475636738262914
2026-06-04 03:45:00+00:00,15,71.55,71.76901066429582,0.7028160102859646,,0.0002794857480461488,1.0,0.0030562705360352993,-0.004835271276533604,0.010946910828351974,0.48,0.52,0.52,0.48,0.019475636738262914
2026-06-04 09:45:00+00:00,5,68.45,68.62759279049602,0.71885175602338,,-0.0013156934870677262,0.0,0.002591129392385483,-0.0034776721149683,0.00835774652659893,0.48,0.52,0.52,0.48,-0.008872140227388137
2026-06-04 09:45:00+00:00,10,68.45,68.73693435635928,0.739591674357076,,0.0014598542738646358,1.0,0.004183121025562286,-0.004535817541182041,0.012723634019494057,0.48,0.52,0.52,0.48,-0.008872140227388137
2026-06-04 09:45:00+00:00,15,68.45,68.8687331950078,0.7628025363013551,,0.0048094532696616454,1.0,0.006098723504692316,-0.005198278464376926,0.017068374902009964,0.48,0.52,0.52,0.48,-0.008872140227388137
2026-06-04 15:30:00+00:00,5,69.77,69.7453818607872,0.459252644069601,,0.0021476133961346733,1.0,-0.00035290932282805443,-0.004826375283300877,0.00412758719176054,0.52,0.48,0.52,0.48,-0.0030053689883970947
2026-06-04 15:30:00+00:00,10,69.77,69.72493857109319,0.4508109859713201,,0.001002793580202166,1.0,-0.0006460654549300671,-0.007474320940673351,0.006191414315253496,0.48,0.52,0.52,0.48,-0.0030053689883970947
2026-06-04 15:30:00+00:00,15,69.77,69.71114382234487,0.4489884460787218,,-0.0015778530132903867,0.0,-0.0008439302910119295,-0.009475966915488243,0.00780912209302187,0.52,0.48,0.52,0.48,-0.0030053689883970947
2026-06-04 21:30:00+00:00,5,68.3,68.32087341072842,0.5469289500559257,,-0.004255013389196982,0.0,0.0003055669367313385,-0.00309611763805151,0.003657288383692503,0.52,0.48,0.52,0.48,-0.007729929833528715
2026-06-04 21:30:00+00:00,10,68.3,68.3418522055297,0.5649333322145116,,-0.008971308056228366,0.0,0.0006125825457274914,-0.004431542940437794,0.0056047639809548855,0.52,0.48,0.52,0.48,-0.007729929833528715
2026-06-04 21:30:00+00:00,15,68.3,68.36861509832667,0.5855807507328492,,-0.0032262823116253614,0.0,0.0010041091591119766,-0.005286047235131264,0.007088320795446634,0.52,0.48,0.52,0.48,-0.007729929833528715
2026-06-05 03:15:00+00:00,5,67.29,67.30931030611899,0.5362196013703042,,0.003115960678257146,1.0,0.00028693024069070816,-0.003829510882496834,0.004448258318006992,0.48,0.52,0.52,0.48,-0.014751705772771295
2026-06-05 03:15:00+00:00,10,67.29,67.3162688872896,0.535375265363659,,0.002523192433277366,1.0,0.0003903070464730263,-0.0054448433220386505,0.006227500736713409,0.48,0.52,0.52,0.48,-0.014751705772771295
2026-06-05 03:15:00+00:00,15,67.29,67.32468553141041,0.5370937802295485,,0.0026714174391067047,1.0,0.000515330582857132,-0.006794539280235767,0.007684360258281231,0.52,0.48,0.52,0.48,-0.014751705772771295
2026-06-05 09:00:00+00:00,5,65.41,65.42000331688102,0.5207720961476789,,0.0013749906680855517,1.0,0.00015292083844542503,-0.0037078806199133396,0.00406140461564064,0.48,0.52,0.52,0.48,-0.010644869372365307
2026-06-05 09:00:00+00:00,10,65.41,65.41238747344674,0.5034187735953366,,0.004880290302363477,1.0,3.649946302175522e-05,-0.0057224128395318985,0.0058299521915614605,0.5,0.5,0.52,0.48,-0.010644869372365307
2026-06-05 09:00:00+00:00,15,65.41,65.3897726282176,0.4770281235063041,,0.013062154127013947,1.0,-0.00030928757041692734,-0.0075996932573616505,0.00710055697709322,0.48,0.52,0.52,0.48,-0.010644869372365307
2026-06-05 15:00:00+00:00,5,64.99,65.03925127515858,0.5546218676436864,,0.0006152899748030904,1.0,0.0007575415074825287,-0.006598226726055145,0.007747201714664698,0.52,0.48,0.52,0.48,0.0030821414443913397
2026-06-05 15:00:00+00:00,10,64.99,65.05788302279356,0.5550558685284598,,-0.004935996447755997,0.0,0.001043969765305519,-0.00920356810092926,0.010935798287391663,0.52,0.48,0.52,0.48,0.0030821414443913397
2026-06-05 15:00:00+00:00,15,64.99,65.05577304490407,0.5415755284840713,,-0.011763020636556654,0.0,0.0010115369223058224,-0.012211726978421211,0.013378337025642395,0.52,0.48,0.52,0.48,0.0030821414443913397
2026-06-05 20:45:00+00:00,5,64.44,64.49272515502157,0.5786134166749191,,0.0040266431980811035,1.0,0.000817870837636292,-0.004565792623907328,0.006315877661108971,0.48,0.52,0.52,0.48,0.0259387331827563
2026-06-05 20:45:00+00:00,10,64.44,64.5444150000962,0.6015737578443086,,0.0015506283150417133,1.0,0.0016190331662073731,-0.007169109769165516,0.0105178477242589,0.48,0.52,0.52,0.48,0.0259387331827563
2026-06-05 20:45:00+00:00,15,64.44,64.64911811654395,0.6492507384706288,,0.002325041735607769,1.0,0.0032399059273302555,-0.008362270891666412,0.015103217214345932,0.48,0.52,0.52,0.48,0.0259387331827563
2026-06-06 02:45:00+00:00,5,63.64,63.630021939507024,0.47957756985766165,,0.00392065114466611,1.0,-0.00015680142678320408,-0.004485025070607662,0.0040601687505841255,0.48,0.52,0.52,0.48,-0.007202160457038254
2026-06-06 02:45:00+00:00,10,63.64,63.629557297763725,0.4851918367484146,,0.0012562815722620968,1.0,-0.0001641036942601204,-0.006460936274379492,0.005756937898695469,0.52,0.48,0.52,0.48,-0.007202160457038254
2026-06-06 02:45:00+00:00,15,63.64,63.66659797395354,0.5287501067306554,,-0.0029900093091885793,0.0,0.00041785696521401405,-0.007817639037966728,0.007964607328176498,0.48,0.52,0.52,0.48,-0.007202160457038254
2026-06-06 08:30:00+00:00,5,63.37,63.39566011766667,0.5593396764076539,,-0.0009472687793907753,0.0,0.0004048433620482683,-0.0030617970041930676,0.004094033036381006,0.48,0.52,0.52,0.48,0.01094814584760595
2026-06-06 08:30:00+00:00,10,63.37,63.419286571439585,0.5784619885308246,,-0.0012632245482118165,0.0,0.0007774564437568188,-0.004498410504311323,0.0062440079636871815,0.48,0.52,0.52,0.48,0.01094814584760595
2026-06-06 08:30:00+00:00,15,63.37,63.43680849982111,0.5843704010550331,,-0.0030027679614867964,0.0,0.001053705345839262,-0.005703689996153116,0.008064803667366505,0.48,0.52,0.52,0.48,0.01094814584760595
2026-06-06 14:15:00+00:00,5,62.78,62.79677330320178,0.5441220202186453,,0.0015915967071435944,1.0,0.0002671402180567384,-0.0027484439779073,0.0034210626035928726,0.48,0.52,0.52,0.48,0.0007967493051559416
2026-06-06 14:15:00+00:00,10,62.78,62.82657094806047,0.5835835425627314,,-0.003510455176751748,0.0,0.0007415368454530835,-0.0039853742346167564,0.0056164804846048355,0.48,0.52,0.52,0.48,0.0007967493051559416
2026-06-06 14:15:00+00:00,15,62.78,62.861774303960146,0.6104198973112687,,-0.003350621403535037,0.0,0.0013017058372497559,-0.0049540214240550995,0.0077036358416080475,0.48,0.52,0.52,0.48,0.0007967493051559416
2026-06-06 20:15:00+00:00,5,61.63,61.661341241383745,0.6128051881387256,,-0.0004868944346769766,0.0,0.000508409459143877,-0.0019011134281754494,0.0028754635713994503,0.48,0.52,0.52,0.48,-0.005501631999864642
2026-06-06 20:15:00+00:00,10,61.63,61.69364929313738,0.6476703435061577,,-0.0004868944346769766,0.0,0.001032231841236353,-0.0025600227527320385,0.004685547202825546,0.48,0.52,0.52,0.48,-0.005501631999864642
2026-06-06 20:15:00+00:00,15,61.63,61.714787508928474,0.6556727461139369,,-0.0024368463037562904,0.0,0.0013748051133006811,-0.0031504319049417973,0.005998190958052874,0.52,0.48,0.52,0.48,-0.005501631999864642
2026-06-07 02:00:00+00:00,5,63.6,63.594872245535335,0.48789797698527193,,0.0014140940371980548,1.0,-8.062832057476044e-05,-0.0038065994158387184,0.0035210493952035904,0.48,0.52,0.52,0.48,0.0246729586954606
2026-06-07 02:00:00+00:00,10,63.6,63.581579110915754,0.47104692401493076,,0.0025125641358831885,1.0,-0.00028967857360839844,-0.00617904681712389,0.005289764143526554,0.5,0.5,0.52,0.48,0.0246729586954606
2026-06-07 02:00:00+00:00,15,63.6,63.5348497516764,0.4251080527636396,,0.0,,-0.0010249000042676926,-0.008691206574440002,0.0063283443450927734,0.48,0.52,0.52,0.48,0.0246729586954606
2026-06-07 08:00:00+00:00,5,64.95,65.04999063549904,0.8286188364841162,,-0.004629637898741379,0.0,0.001538317883387208,-0.0005116547690704465,0.0039743161760270596,0.48,0.52,0.52,0.48,0.003392970559189301
2026-06-07 08:00:00+00:00,10,64.95,65.16062756336328,0.9271493850678239,,-0.005248545546534089,0.0,0.003237671684473753,0.0002855753991752863,0.006528356112539768,0.48,0.52,0.52,0.48,0.003392970559189301
2026-06-07 08:00:00+00:00,15,64.95,65.2368713251257,0.9580898472212576,,-0.005867836478232746,0.0,0.004407077096402645,0.0007594760973006487,0.00833382923156023,0.48,0.52,0.52,0.48,0.003392970559189301
2026-06-07 13:45:00+00:00,5,64.33,64.35104969834508,0.5669922807111223,,0.0004662367012739921,1.0,0.00032716081477701664,-0.002279937267303467,0.0028877872973680496,0.48,0.52,0.52,0.48,0.003425727423742586
2026-06-07 13:45:00+00:00,10,64.33,64.35900245184051,0.5638715390561772,,0.0006216006416162045,1.0,0.00045073707588016987,-0.003423924557864666,0.004292839672416449,0.48,0.52,0.52,0.48,0.003425727423742586
2026-06-07 13:45:00+00:00,15,64.33,64.37876960519469,0.581923764347702,,0.0010875476873994927,1.0,0.0007578288204967976,-0.00428480701521039,0.005782398395240307,0.48,0.52,0.52,0.48,0.003425727423742586
2026-06-07 19:30:00+00:00,5,63.99,64.01723755421017,0.5708478980658656,,-0.00297363080062496,0.0,0.0004255627281963825,-0.0029876106418669224,0.003445012029260397,0.48,0.52,0.52,0.48,-0.02210120095886925
2026-06-07 19:30:00+00:00,10,63.99,64.00612963174628,0.5325578611452823,,-0.0015639665371169897,0.0,0.00025203311815857887,-0.0042700497433543205,0.0044340454041957855,0.48,0.52,0.52,0.48,-0.02210120095886925
2026-06-07 19:30:00+00:00,15,63.99,63.997272384561484,0.5116978840320732,,-0.003443960824188075,0.0,0.00011364230886101723,-0.005423327907919884,0.005106003955006599,0.52,0.48,0.52,0.48,-0.02210120095886925
2026-06-08 01:30:00+00:00,5,65.44,65.3725347548881,0.36513086253135607,,0.006397584653726085,1.0,-0.0010314799146726727,-0.005106035619974136,0.002867882838472724,0.52,0.48,0.52,0.52,-0.02056938824810839
2026-06-08 01:30:00+00:00,10,65.44,65.32198345971571,0.3416029094719657,,0.006549410358109853,1.0,-0.0018050593789666891,-0.00811991561204195,0.004165969789028168,0.52,0.48,0.52,0.52,-0.02056938824810839
2026-06-08 01:30:00+00:00,15,65.44,65.26261057496475,0.31893946207162893,,0.009126926757435427,1.0,-0.0027143992483615875,-0.011101137846708298,0.005142867099493742,0.52,0.48,0.52,0.52,-0.02056938824810839
2026-06-08 07:15:00+00:00,5,65.6,65.58142030881098,0.445056834347184,,0.0033480475651499475,1.0,-0.00028326711617410183,-0.002985309809446335,0.0022360594011843204,0.48,0.52,0.52,0.52,0.0012202564052294917
2026-06-08 07:15:00+00:00,10,65.6,65.58804802114692,0.47268678125817987,,0.004866189651172803,1.0,-0.00018221139907836914,-0.0037164748646318913,0.003229341236874461,0.48,0.52,0.52,0.52,0.0012202564052294917
2026-06-08 07:15:00+00:00,15,65.6,65.58681559414129,0.4745164138421252,,0.0069877240125997275,1.0,-0.0002010019961744547,-0.004473433364182711,0.00390878738835454,0.52,0.48,0.52,0.52,0.0012202564052294917
2026-06-08 13:15:00+00:00,5,66.9,66.87794026258082,0.43836983809983776,,0.0011951002318753012,1.0,-0.0003297963412478566,-0.0032557183876633644,0.002364004496484995,0.5,0.5,0.52,0.52,0.011274076573218217
2026-06-08 13:15:00+00:00,10,66.9,66.83613664836264,0.3761676905493042,,-0.0005980861422303363,0.0,-0.0009550650720484555,-0.0050245122984051704,0.0029813528526574373,0.52,0.48,0.52,0.52,0.011274076573218217
2026-06-08 13:15:00+00:00,15,66.9,66.80046578530799,0.3472836767352303,,-0.00044853106829556566,0.0,-0.001488913781940937,-0.006533851847052574,0.0035107366275042295,0.52,0.48,0.52,0.52,0.011274076573218217
2026-06-08 19:00:00+00:00,5,67.41,67.43049474949393,0.5662897268150766,,0.003110422414392744,1.0,0.0003039850853383541,-0.0022157863713800907,0.002737496979534626,0.48,0.52,0.52,0.52,-0.0004449388282523614
2026-06-08 19:00:00+00:00,10,67.41,67.43659967511309,0.5598537531521914,,0.0008896797739863516,1.0,0.00039451755583286285,-0.003260770346969366,0.0038982322439551353,0.48,0.52,0.52,0.52,-0.0004449388282523614
2026-06-08 19:00:00+00:00,15,67.41,67.43531142658883,0.5437610716141928,,0.00118606388996767,1.0,0.00037541426718235016,-0.0042984457686543465,0.004834955092519522,0.48,0.52,0.52,0.52,-0.0004449388282523614
2026-06-09 00:45:00+00:00,5,65.62,65.63764134458279,0.5386949258885863,,-0.004123087462724939,0.0,0.0002688048407435417,-0.0035671470686793327,0.0038287686184048653,0.48,0.52,0.52,0.52,-0.01707376974740349
2026-06-09 00:45:00+00:00,10,65.62,65.64336334486093,0.5335503742331665,,-0.001372474481549979,0.0,0.0003559766337275505,-0.005526901222765446,0.005951672792434692,0.52,0.48,0.52,0.52,-0.01707376974740349
2026-06-09 00:45:00+00:00,15,65.62,65.66396202866439,0.5472846120564382,,-0.001372474481549979,0.0,0.0006697243079543114,-0.007151155732572079,0.007998554967343807,0.52,0.48,0.52,0.52,-0.01707376974740349
2026-06-09 06:45:00+00:00,5,67.31,67.32819118435235,0.5679454094990094,,-0.0037210729845389423,0.0,0.0002702232450246811,-0.0018200906924903393,0.002420091535896063,0.48,0.52,0.52,0.52,0.0011892375416762135
2026-06-09 06:45:00+00:00,10,67.31,67.33909963149057,0.5810653016701178,,-0.0034228770676136833,0.0,0.0004322291351854801,-0.0026397821493446827,0.003424163907766342,0.48,0.52,0.52,0.52,0.0011892375416762135
2026-06-09 06:45:00+00:00,15,67.31,67.3429134663032,0.5744720832635781,,-0.0020820947438489057,0.0,0.000488863792270422,-0.003470619209110737,0.004216290079057217,0.5,0.5,0.52,0.52,0.0011892375416762135
2026-06-09 12:30:00+00:00,5,66.24,66.22721690879852,0.43676762591300033,,-0.0007551159461725021,0.0,-0.0001930000726133585,-0.0019500930793583393,0.001539306715130806,0.52,0.48,0.52,0.52,0.0028724791086700563
2026-06-09 12:30:00+00:00,10,66.24,66.2235988615509,0.44705365210140513,,-0.0006040471340416076,0.0,-0.0002476323861628771,-0.002815952990204096,0.0024694353342056274,0.52,0.48,0.52,0.52,0.0028724791086700563
2026-06-09 12:30:00+00:00,15,66.24,66.22678685404952,0.4665224130365897,,-0.004084416842224492,0.0,-0.00019949371926486492,-0.003469225950539112,0.003226208733394742,0.52,0.48,0.52,0.52,0.0028724791086700563
2026-06-09 18:30:00+00:00,5,65.19,65.19477107161991,0.5102796190466223,,0.0,,7.318449206650257e-05,-0.003587020793929696,0.003910563886165619,0.48,0.52,0.52,0.52,0.004304387891070682
2026-06-09 18:30:00+00:00,10,65.19,65.18710113642683,0.495640303869057,,0.0009199632663552393,1.0,-4.4468906708061695e-05,-0.00537206931039691,0.005491479765623808,0.52,0.48,0.52,0.52,0.004304387891070682
2026-06-09 18:30:00+00:00,15,65.19,65.21037950279725,0.5248025589053154,,-0.000613779365593814,0.0,0.00031256815418601036,-0.006362493149936199,0.007334246300160885,0.48,0.52,0.52,0.52,0.004304387891070682
2026-06-10 00:15:00+00:00,5,65.02,65.0485400860805,0.6042744680993017,,-0.0020013862426813134,0.0,0.00043884688057005405,-0.001686139265075326,0.0026029839646071196,0.52,0.48,0.52,0.48,0.00015381065938147032
2026-06-10 00:15:00+00:00,10,65.02,65.05093802779633,0.5850987305741779,,-0.0009232190223364967,0.0,0.00047571008326485753,-0.0024740127846598625,0.003396789077669382,0.52,0.48,0.52,0.48,0.00015381065938147032
2026-06-10 00:15:00+00:00,15,65.02,65.051889731927,0.574589253383088,,0.00046129008275563876,1.0,0.0004903401131741703,-0.003059730865061283,0.004011836834251881,0.48,0.52,0.52,0.48,0.00015381065938147032
2026-06-10 06:00:00+00:00,5,64.07,64.06864142171241,0.4940341311057891,,-0.0009369144970179377,0.0,-2.1204818040132523e-05,-0.0017907456494867802,0.0017368397675454617,0.52,0.48,0.52,0.48,-0.0035833955926438676
2026-06-10 06:00:00+00:00,10,64.07,64.0631121737438,0.4776634988695192,,-0.0012494144995613965,0.0,-0.00010751048102974892,-0.0026242248713970184,0.002431794535368681,0.52,0.48,0.52,0.48,-0.0035833955926438676
2026-06-10 06:00:00+00:00,15,64.07,64.05767521710874,0.4672365951163264,,-0.00015609146991835132,0.0,-0.0001923828385770321,-0.0032605412416160107,0.0029220746364444494,0.52,0.48,0.52,0.48,-0.0035833955926438676
2026-06-10 12:00:00+00:00,5,63.42,63.43292261591787,0.5389558633412516,,0.0018903597311688003,1.0,0.00020374171435832977,-0.0027346727438271046,0.0028798826970160007,0.52,0.48,0.52,0.48,-0.003462934359384384
2026-06-10 12:00:00+00:00,10,63.42,63.455607119128125,0.5773623511546605,,0.001260636788444458,1.0,0.0005612918175756931,-0.0035280543379485607,0.004469734616577625,0.52,0.48,0.52,0.48,-0.003462934359384384
2026-06-10 12:00:00+00:00,15,63.42,63.46789012693992,0.5822933768708809,,0.00015766653560422839,1.0,0.0007548416033387184,-0.004325355868786573,0.005688280798494816,0.48,0.52,0.52,0.48,-0.003462934359384384
2026-06-10 17:45:00+00:00,5,63.81,63.7888574957987,0.4538320312563354,,0.002035225751439995,1.0,-0.0003313901834189892,-0.004051730036735535,0.003493692260235548,0.52,0.48,0.52,0.48,-0.013851283626599376
2026-06-10 17:45:00+00:00,10,63.81,63.784807751088465,0.4625603540535672,,0.0026606166411164978,1.0,-0.00039487890899181366,-0.00611074035987258,0.005310408305376768,0.52,0.48,0.52,0.48,-0.013851283626599376
2026-06-10 17:45:00+00:00,15,63.81,63.77466555232327,0.4580009208473773,,0.005470045678003466,1.0,-0.0005538980476558208,-0.007753379642963409,0.006719673052430153,0.52,0.48,0.52,0.48,-0.013851283626599376
2026-06-10 23:45:00+00:00,5,63.21,63.157540891990294,0.33297916754202384,,-0.0004747211102680282,0.0,-0.0008302624337375164,-0.003791795577853918,0.001657423097640276,0.48,0.52,0.52,0.48,0.00571158144795092
2026-06-10 23:45:00+00:00,10,63.21,63.12822993304105,0.31972844373767895,,0.00047449585706438313,1.0,-0.0012944629415869713,-0.005473814904689789,0.0022919056937098503,0.48,0.52,0.52,0.48,0.00571158144795092
2026-06-10 23:45:00+00:00,15,63.21,63.08949364034102,0.2924199935798262,,0.0012648223030069516,1.0,-0.001908264122903347,-0.007072790060192347,0.0026736967265605927,0.48,0.52,0.52,0.48,0.00571158144795092
2026-06-11 05:30:00+00:00,5,65.12,65.15522990473777,0.6587396885113681,,-0.0003071724797614195,0.0,0.0005408534780144691,-0.0012783189304172993,0.0024023791775107384,0.52,0.48,0.52,0.48,0.0
2026-06-11 05:30:00+00:00,10,65.12,65.18056737634056,0.6817255184493328,,-0.0003071724797614195,0.0,0.0009296564385294914,-0.0018120533786714077,0.0037083132192492485,0.52,0.48,0.52,0.48,0.0
2026-06-11 05:30:00+00:00,15,65.12,65.20062020105755,0.6832034192648105,,0.001074361242162425,1.0,0.001237259479239583,-0.0023537417873740196,0.004858236759901047,0.5,0.5,0.52,0.48,0.0
2026-06-11 11:15:00+00:00,5,65.59,65.59810305752406,0.5426602214653506,,-0.0018312228526449204,0.0,0.00012353342026472092,-0.0013360511511564255,0.0017053382471203804,0.48,0.52,0.52,0.48,0.0029009868424916263
2026-06-11 11:15:00+00:00,10,65.59,65.60773640411567,0.5621794137269663,,-0.0016784928027107071,0.0,0.000270376680418849,-0.0020186605397611856,0.002700978424400091,0.48,0.52,0.52,0.48,0.0029009868424916263
2026-06-11 11:15:00+00:00,15,65.59,65.60759067608865,0.5489390343655389,,-0.0004574914300157218,0.0,0.0002681554760783911,-0.0026785817462950945,0.0033422037959098816,0.48,0.52,0.52,0.48,0.0029009868424916263
2026-06-11 17:15:00+00:00,5,65.17,65.19852010616574,0.5897068051555243,,-0.0007675186500035736,0.0,0.0004375305725261569,-0.002140197902917862,0.003090004902333021,0.52,0.48,0.52,0.48,-0.00886043071358511
2026-06-11 17:15:00+00:00,10,65.17,65.21782796067754,0.6123920051793413,,-0.0006139677859788861,0.0,0.0007336261915042996,-0.0026937322691082954,0.0042223744094371796,0.52,0.48,0.52,0.48,-0.00886043071358511
2026-06-11 17:15:00+00:00,15,65.17,65.23840600865891,0.6319434479144003,,0.01144264525692762,1.0,0.0010491043794900179,-0.0031040674075484276,0.005156089551746845,0.52,0.48,0.52,0.48,-0.00886043071358511
2026-06-11 23:00:00+00:00,5,66.77,66.76713724667437,0.4901299375101501,,0.0008982036532012572,1.0,-4.287576302886009e-05,-0.0029266071505844593,0.002210441743955016,0.52,0.48,0.52,0.48,-0.0032894766503988038
2026-06-11 23:00:00+00:00,10,66.77,66.76764413861515,0.4936463288087627,,-0.0005992509542620539,0.0,-3.5283854231238365e-05,-0.003882216289639473,0.0029867487028241158,0.52,0.48,0.52,0.48,-0.0032894766503988038
2026-06-11 23:00:00+00:00,15,66.77,66.7716804304114,0.5034723188165102,,0.00044920267282311244,1.0,2.5167129933834076e-05,-0.0046762689016759396,0.0037147989496588707,0.52,0.48,0.52,0.48,-0.0032894766503988038
2026-06-12 05:00:00+00:00,5,67.07,67.06480192454306,0.4734690925378797,,-0.0019401543284649492,0.0,-7.750524673610926e-05,-0.0015626406529918313,0.001472753006964922,0.5,0.5,0.52,0.52,0.0007457678024813674
2026-06-12 05:00:00+00:00,10,67.07,67.06105015075114,0.4651214246920454,,-0.00283688133519977,0.0,-0.00013344932813197374,-0.0021834727376699448,0.0019062254577875137,0.52,0.48,0.52,0.52,0.0007457678024813674
2026-06-12 05:00:00+00:00,15,67.07,67.05198869292394,0.4428946281283237,,-0.0038840801742603404,0.0,-0.0002685809740796685,-0.0027741780504584312,0.002210467355325818,0.52,0.48,0.52,0.52,0.0007457678024813674
2026-06-12 10:45:00+00:00,5,66.78,66.75823233500093,0.40976351595195537,,0.0016458446148082118,1.0,-0.00032601397833786905,-0.00217078416608274,0.0015353696653619409,0.52,0.48,0.52,0.52,-0.007608002684718507
2026-06-12 10:45:00+00:00,10,66.78,66.75426304162745,0.4285476677404575,,0.001197246476444036,1.0,-0.00038547348231077194,-0.003296646988019347,0.002495980355888605,0.52,0.48,0.52,0.52,-0.007608002684718507
2026-06-12 10:45:00+00:00,15,66.78,66.74658792757762,0.42983272422907937,,0.0,,-0.0005004557315260172,-0.004337058402597904,0.0032811774872243404,0.48,0.52,0.52,0.52,-0.007608002684718507
2026-06-12 16:30:00+00:00,5,67.65,67.62970617311258,0.46527531770329333,,-0.0016273396593753375,0.0,-0.0003000276628881693,-0.004988191649317741,0.004466143436729908,0.48,0.52,0.52,0.52,-0.006336129648321531
2026-06-12 16:30:00+00:00,10,67.65,67.61378446084744,0.4566176858942921,,0.004424785980355672,1.0,-0.0005354802124202251,-0.007556368131190538,0.006059425417333841,0.48,0.52,0.52,0.52,-0.006336129648321531
2026-06-12 16:30:00+00:00,15,67.65,67.5953169922058,0.4499257635512157,,0.0023623220789534827,1.0,-0.000808649230748415,-0.009950172156095505,0.007504533510655165,0.52,0.48,0.52,0.52,-0.006336129648321531
2026-06-12 22:30:00+00:00,5,66.71,66.7044262786916,0.4599714006540818,,-0.002251070208471262,0.0,-8.355500176548958e-05,-0.001170816831290722,0.000992173096165061,0.52,0.48,0.52,0.52,-0.001497903215961216
2026-06-12 22:30:00+00:00,10,66.71,66.7071932163675,0.48614029355777355,,-0.0016502891750809212,0.0,-4.207529127597809e-05,-0.001724589616060257,0.0016448204405605793,0.48,0.52,0.52,0.52,-0.001497903215961216
2026-06-12 22:30:00+00:00,15,66.71,66.70807677698116,0.4927143881772379,,-0.0016502891750809212,0.0,-2.8830021619796753e-05,-0.0022589731961488724,0.0021462230943143368,0.48,0.52,0.52,0.52,-0.001497903215961216
2026-06-13 04:15:00+00:00,5,66.73,66.7218104552404,0.4386024620093715,,0.0005992509542620539,1.0,-0.00012273411266505718,-0.001195004559122026,0.0008843489922583103,0.48,0.52,0.52,0.48,-0.0035901310064438974
2026-06-13 04:15:00+00:00,10,66.73,66.71484208077406,0.4238550411745231,,0.0008987418220298693,1.0,-0.00022717879619449377,-0.0018347095465287566,0.0013091865694150329,0.52,0.48,0.52,0.52,-0.0035901310064438974
2026-06-13 04:15:00+00:00,15,66.73,66.70793644417029,0.41291358847897486,,0.000749007599993412,1.0,-0.0003306939033791423,-0.002401679754257202,0.0016669034957885742,0.52,0.48,0.52,0.52,-0.0035901310064438974
2026-06-13 10:15:00+00:00,5,67.35,67.34621860615906,0.4720608186782185,,0.0005937361017522846,1.0,-5.6146993301808834e-05,-0.0012005508178845048,0.0009991626720875502,0.52,0.48,0.52,0.48,-0.0011871198901172164
2026-06-13 10:15:00+00:00,10,67.35,67.34057528844417,0.44788890160460815,,0.0008904720089741858,1.0,-0.0001399461179971695,-0.0016711534699425101,0.0012748243752866983,0.52,0.48,0.52,0.52,-0.0011871198901172164
2026-06-13 10:15:00+00:00,15,67.35,67.32782834102017,0.40052819000490625,,0.0010388069495412822,1.0,-0.0003292547771707177,-0.0021725466940551996,0.0013968830462545156,0.52,0.48,0.52,0.52,-0.0011871198901172164
2026-06-13 16:00:00+00:00,5,68.43,68.5019962767511,0.744344922906616,,-0.003806739589713004,0.0,0.0010515626054257154,-0.0010664728470146656,0.0030824223067611456,0.52,0.48,0.52,0.48,0.0030735479739067983
2026-06-13 16:00:00+00:00,10,68.43,68.52620527627603,0.7815443771281829,,-0.0027804217809830334,0.0,0.0014049059245735407,-0.0009641305077821016,0.003769458504393697,0.52,0.48,0.52,0.52,0.0030735479739067983
2026-06-13 16:00:00+00:00,15,68.43,68.54419538464236,0.8010861541732535,,-0.004246912731586505,0.0,0.0016674003563821316,-0.0009226055117323995,0.0043181004002690315,0.48,0.52,0.52,0.52,0.0030735479739067983
2026-06-13 21:45:00+00:00,5,69.44,69.57935667172555,0.6602916697685882,,-0.002451158317581026,0.0,0.0020048534497618675,-0.004984590690582991,0.01015664916485548,0.48,0.52,0.52,0.48,0.018165143819533824
2026-06-13 21:45:00+00:00,10,69.44,69.59374757186326,0.6147232886505174,,-0.0010085729548849898,0.0,0.0022116592153906822,-0.008151872083544731,0.014274993911385536,0.48,0.52,0.52,0.52,0.018165143819533824
2026-06-13 21:45:00+00:00,15,69.44,69.58217796246653,0.5838624907354337,,-0.0031732321448965095,0.0,0.0020454004406929016,-0.01083800196647644,0.017542587593197823,0.48,0.52,0.52,0.52,0.018165143819533824
2026-06-14 03:45:00+00:00,5,68.77,68.7709711203047,0.5067054389927358,,0.002033702037372187,1.0,1.4121178537607193e-05,-0.0011853957548737526,0.0011260021710768342,0.52,0.48,0.52,0.52,-0.0011626218429192647
2026-06-14 03:45:00+00:00,10,68.77,68.77218161634629,0.5108389815495389,,0.0030490041769501985,1.0,3.172286960761994e-05,-0.0016544719692319632,0.001608557067811489,0.52,0.48,0.52,0.52,-0.0011626218429192647
2026-06-14 03:45:00+00:00,15,68.77,68.77344543249947,0.5140916079044784,,0.0029040241114550724,1.0,5.009955202694982e-05,-0.002003907226026058,0.0020087568555027246,0.52,0.48,0.52,0.52,-0.0011626218429192647
2026-06-14 09:30:00+00:00,5,68.18,68.1852428072579,0.5328009129476778,,0.0011726767688040596,1.0,7.689360063523054e-05,-0.0012257767375558615,0.0012184098595753312,0.48,0.52,0.52,0.52,-0.0016120762632416685
2026-06-14 09:30:00+00:00,10,68.18,68.14982982071673,0.36757330191989923,,0.002490296460202046,1.0,-0.0004426056984812021,-0.0023137819953262806,0.0012034701649099588,0.48,0.52,0.52,0.52,-0.0016120762632416685
2026-06-14 09:30:00+00:00,15,68.18,68.11920190956513,0.2900282317129892,,0.0033677460631498235,1.0,-0.0008921269327402115,-0.003230114933103323,0.0011830123839899898,0.48,0.52,0.52,0.52,-0.0016120762632416685
2026-06-14 15:30:00+00:00,5,67.4,67.40089769607313,0.5044812669504604,,0.0010380367210727215,1.0,1.3318844139575958e-05,-0.0016819583252072334,0.0015310957096517086,0.52,0.48,0.52,0.52,-0.0004450048282294006
2026-06-14 15:30:00+00:00,10,67.4,67.40116174691403,0.5038654895277241,,0.0010380367210727215,1.0,1.723645254969597e-05,-0.0025639068335294724,0.0024307076819241047,0.52,0.48,0.52,0.52,-0.0004450048282294006
2026-06-14 15:30:00+00:00,15,67.4,67.39628926057826,0.4904582438210281,,0.0005932957753387313,1.0,-5.5056996643543243e-05,-0.003451632335782051,0.003114082384854555,0.52,0.48,0.52,0.52,-0.0004450048282294006
2026-06-14 21:15:00+00:00,5,68.45,68.41831055487899,0.4542345377312035,,0.008872140227388137,1.0,-0.0004630647599697113,-0.004760309122502804,0.0068136053159832954,0.48,0.52,0.52,0.52,0.013827816680678673
2026-06-14 21:15:00+00:00,10,68.45,68.45453002848254,0.5056702534329898,,0.01262991311294659,1.0,6.617791950702667e-05,-0.005412699654698372,0.00927848368883133,0.48,0.52,0.52,0.52,0.013827816680678673
2026-06-14 21:15:00+00:00,15,68.45,68.48532626660295,0.537141002975957,,0.014503517465894511,1.0,0.0005159555003046989,-0.005851699970662594,0.011732006445527077,0.48,0.52,0.52,0.52,0.013827816680678673
2026-06-15 03:00:00+00:00,5,70.96,70.95368173670866,0.47489688055473145,,0.0015489688374801247,1.0,-8.90437513589859e-05,-0.0018845470622181892,0.0017138179391622543,0.48,0.52,0.52,0.52,0.0002818886558477729
2026-06-15 03:00:00+00:00,10,70.96,70.94439885549173,0.4620411844715764,,0.0025334285189853034,1.0,-0.00021988246589899063,-0.003190857358276844,0.002914801239967346,0.52,0.48,0.52,0.52,0.0002818886558477729
2026-06-15 03:00:00+00:00,15,70.96,70.94301948124816,0.46858381817359385,,0.00337648041660632,1.0,-0.00023932568728923798,-0.0043647028505802155,0.004054635763168335,0.52,0.48,0.52,0.48,0.0002818886558477729
2026-06-15 09:00:00+00:00,5,71.35,71.38007856551104,0.6427149107248433,,0.0,,0.0004214748041704297,-0.001071033999323845,0.0019975234754383564,0.48,0.52,0.52,0.52,0.0016832659325825006
2026-06-15 09:00:00+00:00,10,71.35,71.37967246161597,0.6079867127608898,,-0.0007010165025951309,0.0,0.0004157854709774256,-0.0015966983046382666,0.002455328358337283,0.48,0.52,0.52,0.52,0.0016832659325825006
2026-06-15 09:00:00+00:00,15,71.35,71.36715819707194,0.5523756465325418,,-0.0002803476328985255,0.0,0.000240450375713408,-0.0021640027407556772,0.0026448708958923817,0.52,0.48,0.52,0.48,0.0016832659325825006
2026-06-15 14:45:00+00:00,5,73.89,73.89799162337117,0.5186771998836344,,0.0002706359962392213,1.0,0.00010814983397722244,-0.002821606118232012,0.0032226790208369493,0.52,0.48,0.52,0.52,0.0029818401058339106
2026-06-15 14:45:00+00:00,10,73.89,73.92787127778556,0.5634933837527281,,-0.0008123477294814663,0.0,0.0005124046001583338,-0.003770924173295498,0.00501170614734292,0.5,0.5,0.52,0.52,0.0029818401058339106
2026-06-15 14:45:00+00:00,15,73.89,73.93765015188386,0.5635615625776917,,-0.000270709259909907,0.0,0.000644671730697155,-0.004729625768959522,0.006301014218479395,0.48,0.52,0.52,0.48,0.0029818401058339106
2026-06-15 20:45:00+00:00,5,74.98,74.97029407474551,0.47182912624113904,,-0.002136182387765473,0.0,-0.00012945523485541344,-0.002770646708086133,0.0022029883693903685,0.52,0.48,0.52,0.52,-0.005585863706144778
2026-06-15 20:45:00+00:00,10,74.98,74.9655632046057,0.47018476239298856,,-0.002136182387765473,0.0,-0.00019256048835814,-0.004203012213110924,0.0032182997092604637,0.52,0.48,0.52,0.52,-0.005585863706144778
2026-06-15 20:45:00+00:00,15,74.98,74.9475911333519,0.44824722643005566,,-0.0010675207845913803,0.0,-0.00043232692405581474,-0.005575820803642273,0.003981392830610275,0.52,0.48,0.52,0.48,-0.005585863706144778
2026-06-16 02:30:00+00:00,5,72.97,73.04970202806435,0.6828005572898669,,-0.0012341448258261778,0.0,0.0010916613973677158,-0.00213839253410697,0.003885674988850951,0.52,0.48,0.52,0.52,-0.017389379905280222
2026-06-16 02:30:00+00:00,10,72.97,73.0898105173255,0.7040633831229617,,0.0013694880255972208,1.0,0.0016405682545155287,-0.0026253052055835724,0.005296465940773487,0.52,0.48,0.52,0.52,-0.017389379905280222
2026-06-16 02:30:00+00:00,15,72.97,73.06013237656624,0.6297535439043755,,0.0015063337322773762,1.0,0.0012344354763627052,-0.004015195183455944,0.005576859228312969,0.52,0.48,0.52,0.52,-0.017389379905280222
2026-06-16 08:15:00+00:00,5,74.83,74.86363315614628,0.6303419272068568,,-0.003346499341591702,0.0,0.00044935988262295723,-0.001338205300271511,0.0022505829110741615,0.48,0.52,0.52,0.52,0.007511772411061379
2026-06-16 08:15:00+00:00,10,74.83,74.90949919806674,0.6969222104928201,,-0.0016049221045566497,0.0,0.0010618334636092186,-0.001787323970347643,0.0039017535746097565,0.48,0.52,0.52,0.52,0.007511772411061379
2026-06-16 08:15:00+00:00,15,74.83,74.96056996574195,0.7300367001352213,,-0.0002673082079533984,0.0,0.0017433674074709415,-0.0020845583640038967,0.005667281337082386,0.48,0.52,0.52,0.52,0.007511772411061379
2026-06-16 14:15:00+00:00,5,73.84,73.88015913925278,0.5991750896087791,,-0.00774934202272437,0.0,0.000543719157576561,-0.0023430194705724716,0.0035581840202212334,0.52,0.48,0.52,0.52,-0.007152044520611689
2026-06-16 14:15:00+00:00,10,73.84,73.8421771510155,0.5039356247478737,,-0.00925176667193206,0.0,2.9484275728464127e-05,-0.003897783812135458,0.004198708105832338,0.52,0.48,0.52,0.52,-0.007152044520611689
2026-06-16 14:15:00+00:00,15,73.84,73.8162881106062,0.46502814087677846,,-0.012811951179984682,0.0,-0.00032117683440446854,-0.005152421072125435,0.0048036035150289536,0.52,0.48,0.52,0.52,-0.007152044520611689
2026-06-16 20:00:00+00:00,5,73.79,73.77826629012607,0.4576204416377264,,-0.0005422258503458011,0.0,-0.00015902754967100918,-0.002132316352799535,0.0018612698186188936,0.52,0.48,0.52,0.52,-0.0006773691243218138
2026-06-16 20:00:00+00:00,10,73.79,73.78736465397422,0.49353783927669836,,0.0012189342607635822,1.0,-3.571477282093838e-05,-0.00297622662037611,0.003003692487254739,0.52,0.48,0.52,0.52,-0.0006773691243218138
2026-06-16 20:00:00+00:00,15,73.79,73.7931012756734,0.5062530217918895,,0.004866847513666173,1.0,4.202751733828336e-05,-0.0036167073994874954,0.003837734228000045,0.52,0.48,0.52,0.52,-0.0006773691243218138
2026-06-17 02:00:00+00:00,5,73.89,73.79073490527558,0.21766799082901644,,0.0,,-0.0013443203642964363,-0.003710290417075157,0.0008847675053402781,0.52,0.48,0.52,0.48,0.007471338157375662
2026-06-17 02:00:00+00:00,10,73.89,73.74270678976117,0.20162460193920206,,-0.0005414918231672061,0.0,-0.001995401456952095,-0.0051427558064460754,0.0011126392055302858,0.48,0.52,0.52,0.52,0.007471338157375662
2026-06-17 02:00:00+00:00,15,73.89,73.71743107159452,0.1988938469854774,,0.0010821047992202182,1.0,-0.002338215708732605,-0.005956435110419989,0.0012748877052217722,0.48,0.52,0.52,0.52,0.007471338157375662
2026-06-17 07:45:00+00:00,5,73.27,73.28474940612436,0.5572029101063003,,-0.0008192245133216147,0.0,0.00020128185860812664,-0.0016808360815048218,0.001982287969440222,0.52,0.48,0.52,0.48,-0.0017726874485974875
2026-06-17 07:45:00+00:00,10,73.27,73.29312329822663,0.5637772223668005,,-0.0016391207057395718,0.0,0.00031554047018289566,-0.0023122101556509733,0.0028984234668314457,0.48,0.52,0.52,0.52,-0.0017726874485974875
2026-06-17 07:45:00+00:00,15,73.27,73.29278618219732,0.5521129354691812,,-0.0008192245133216147,0.0,0.00031094090081751347,-0.002863498404622078,0.003423159010708332,0.48,0.52,0.52,0.52,-0.0017726874485974875
2026-06-17 13:30:00+00:00,5,72.27,72.2614123794978,0.4695160620802312,,0.002211472912344803,1.0,-0.00011883396655321121,-0.0022536232136189938,0.0019062873907387257,0.48,0.52,0.52,0.48,0.006663914706497742
2026-06-17 13:30:00+00:00,10,72.27,72.2249713416549,0.3877367020692656,,0.0035911640804311418,1.0,-0.0006232557352632284,-0.0036541088484227657,0.002185571938753128,0.52,0.48,0.52,0.52,0.006663914706497742
2026-06-17 13:30:00+00:00,15,72.27,72.19544210239178,0.3539926161332152,,0.005244284721402259,1.0,-0.0010321901645511389,-0.004856822080910206,0.0025031771510839462,0.52,0.48,0.52,0.52,0.006663914706497742
2026-06-17 19:30:00+00:00,5,71.99,71.8775437193328,0.3715694865605311,,0.001665510447456775,1.0,-0.0015633311122655869,-0.008083751425147057,0.0046037486754357815,0.52,0.48,0.52,0.48,-0.015848192240023096
2026-06-17 19:30:00+00:00,10,71.99,71.7902965466535,0.34279111155621855,,-0.002364231683275264,0.0,-0.0027778991498053074,-0.01237054355442524,0.006199713796377182,0.52,0.48,0.52,0.52,-0.015848192240023096
2026-06-17 19:30:00+00:00,15,71.99,71.69710197078115,0.32012714567489164,,-0.006689920420907214,0.0,-0.004076892510056496,-0.016579080373048782,0.007472789380699396,0.52,0.48,0.52,0.52,-0.015848192240023096
2026-06-18 01:15:00+00:00,5,72.45,72.44283762915873,0.46822006547577477,,-0.0006903693750208717,0.0,-9.886438783723861e-05,-0.0018628325778990984,0.0015760293463245034,0.52,0.48,0.52,0.52,0.0019342365798316052
2026-06-18 01:15:00+00:00,10,72.45,72.44754882855086,0.49299475411974814,,-0.0008285004616421787,0.0,-3.383316652616486e-05,-0.0027582626789808273,0.0025295547675341368,0.48,0.52,0.52,0.52,0.0019342365798316052
2026-06-18 01:15:00+00:00,15,72.45,72.44354673238983,0.4855311928789866,,0.0009657171199588532,1.0,-8.907598385121673e-05,-0.003607600461691618,0.003172379918396473,0.48,0.52,0.52,0.52,0.0019342365798316052
2026-06-18 07:00:00+00:00,5,71.3,71.31316608461934,0.5631272726693795,,-0.00014026229071273377,0.0,0.00018464052118360996,-0.0013840459287166595,0.0016819399315863848,0.52,0.48,0.52,0.52,0.003231020581446309
2026-06-18 07:00:00+00:00,10,71.3,71.33171899483197,0.6099654106054018,,-0.0015439683044684571,0.0,0.00044476776383817196,-0.0017154146917164326,0.002549686236307025,0.52,0.48,0.52,0.52,0.003231020581446309
2026-06-18 07:00:00+00:00,15,71.3,71.34200413781164,0.618956409943419,,0.0019616091479939257,1.0,0.0005889448802918196,-0.0020887921564280987,0.003179243067279458,0.52,0.48,0.52,0.52,0.003231020581446309
2026-06-18 13:00:00+00:00,5,71.59,71.61731952960865,0.6195458616585499,,0.0,,0.00038153817877173424,-0.0012139691971242428,0.0019447645172476768,0.48,0.52,0.52,0.52,0.009261924194098548
2026-06-18 13:00:00+00:00,10,71.59,71.638352157121,0.649800510594968,,0.00013967455850583121,1.0,0.0006751758046448231,-0.0016664855647832155,0.0029246299527585506,0.48,0.52,0.52,0.52,0.009261924194098548
2026-06-18 13:00:00+00:00,15,71.59,71.65937513626247,0.6752749127145912,,-0.0002794076575876048,0.0,0.0009685925906524062,-0.0019311956129968166,0.0037640503142029047,0.48,0.52,0.52,0.52,0.009261924194098548
2026-06-18 18:45:00+00:00,5,68.76,68.74705768599543,0.4620183553473479,,0.0005815644246487395,1.0,-0.00018824217841029167,-0.002763485535979271,0.002468501217663288,0.48,0.52,0.52,0.52,0.0007274314716640973
2026-06-18 18:45:00+00:00,10,68.76,68.73616397835569,0.45344020400707186,,-0.0014553924851030686,0.0,-0.00034671544563025236,-0.004232445731759071,0.0036176738794893026,0.48,0.52,0.52,0.52,0.0007274314716640973
2026-06-18 18:45:00+00:00,15,68.76,68.73065931835183,0.4559239308547127,,-0.0026212334798749737,0.0,-0.0004268025513738394,-0.005385462194681168,0.004587539937347174,0.48,0.52,0.52,0.52,0.0007274314716640973
2026-06-19 00:45:00+00:00,5,69.81,69.82661872098767,0.5931962693159349,,-0.0007164863815862788,0.0,0.00023802812211215496,-0.0011684594210237265,0.0015000388957560062,0.52,0.48,0.52,0.48,0.0018639334380630146
2026-06-19 00:45:00+00:00,10,69.81,69.83385509086945,0.5968456246943467,,-0.0010032247348048529,0.0,0.0003416561521589756,-0.0016464993823319674,0.0020955707877874374,0.52,0.48,0.52,0.48,0.0018639334380630146
2026-06-19 00:45:00+00:00,15,69.81,69.84428868860141,0.6133752853502108,,-0.0005731480311652604,0.0,0.0004910510033369064,-0.0019578265491873026,0.0027073370292782784,0.52,0.48,0.52,0.52,0.0018639334380630146
2026-06-19 06:30:00+00:00,5,68.79,68.80752916156807,0.5654978943663826,,-0.002911634026692589,0.0,0.0002547889016568661,-0.001795667689293623,0.0022225670982152224,0.52,0.48,0.52,0.48,0.002328628617378925
2026-06-19 06:30:00+00:00,10,68.79,68.81921884034725,0.5774841169535987,,-0.003786779940190499,0.0,0.0004246640019118786,-0.0025587566196918488,0.0032703918404877186,0.48,0.52,0.52,0.48,0.002328628617378925
2026-06-19 06:30:00+00:00,15,68.79,68.81981138168538,0.5639290743448973,,-0.003203264241649073,0.0,0.0004332740791141987,-0.0032640290446579456,0.0038715163245797157,0.48,0.52,0.52,0.52,0.002328628617378925
2026-06-19 12:15:00+00:00,5,68.2,68.18206449479787,0.4281233854650497,,0.0004397859779157187,1.0,-0.00026301853358745575,-0.0023144937586039305,0.0014749316032975912,0.52,0.48,0.52,0.48,-0.0005863383340072303
2026-06-19 12:15:00+00:00,10,68.2,68.17548064522052,0.42573588033956233,,-0.0002932981396597256,0.0,-0.0003595859743654728,-0.0031071496196091175,0.002043467480689287,0.52,0.48,0.52,0.48,-0.0005863383340072303
2026-06-19 12:15:00+00:00,15,68.2,68.16907564029412,0.42185128669785366,,0.0004397859779157187,1.0,-0.0004535391926765442,-0.0038316722493618727,0.0024725275579839945,0.52,0.48,0.52,0.52,-0.0005863383340072303
2026-06-19 18:15:00+00:00,5,69.22,69.24790905593069,0.6133445630027805,,-0.00043349469647857575,0.0,0.0004031122662127018,-0.0014825796242803335,0.002277127932757139,0.48,0.52,0.52,0.48,0.004488532838081483
2026-06-19 18:15:00+00:00,10,69.22,69.27042131005445,0.6343091644874057,,-0.0011564037137201666,0.0,0.0007281559519469738,-0.00219996296800673,0.0035856026224792004,0.52,0.48,0.52,0.48,0.004488532838081483
2026-06-19 18:15:00+00:00,15,69.22,69.2741150580962,0.6129463433500787,,-0.003618210763998597,0.0,0.0007814781274646521,-0.00299345632083714,0.004545303992927074,0.52,0.48,0.52,0.52,0.004488532838081483
2026-06-20 00:00:00+00:00,5,69.84,69.81626352228355,0.43262194474724047,,-0.0015762702984281063,0.0,-0.00033992715179920197,-0.0027151356916874647,0.0026581990532577038,0.48,0.52,0.52,0.52,0.005887860766165431
2026-06-20 00:00:00+00:00,10,69.84,69.78810990050137,0.39496398593777915,,-0.0031550291480542114,0.0,-0.0007432615384459496,-0.004080311395227909,0.0034562447108328342,0.48,0.52,0.52,0.48,0.005887860766165431
2026-06-20 00:00:00+00:00,15,69.84,69.77254319653595,0.39201718870849334,,-0.0015762702984281063,0.0,-0.0009663430973887444,-0.0051366668194532394,0.004313527140766382,0.48,0.52,0.52,0.48,0.005887860766165431
2026-06-20 06:00:00+00:00,5,71.84,71.8492855767661,0.5252019867249004,,0.0,,0.00012924522161483765,-0.002510596066713333,0.00336611270904541,0.48,0.52,0.52,0.52,0.014017611079311543
2026-06-20 06:00:00+00:00,10,71.84,71.87765933188062,0.5644650575605419,,-0.0012535693542137238,0.0,0.0005240738391876221,-0.0038334252312779427,0.006123291328549385,0.48,0.52,0.52,0.48,0.014017611079311543
2026-06-20 06:00:00+00:00,15,71.84,71.88805954700734,0.5592659354082584,,-0.00013920790723442877,0.0,0.0006687566637992859,-0.005284680053591728,0.008466877043247223,0.48,0.52,0.52,0.48,0.014017611079311543
2026-06-20 11:45:00+00:00,5,71.81,71.80889446048087,0.4939571039647166,,0.002920116098502845,1.0,-1.539546065032482e-05,-0.0013921910431236029,0.0013959736097604036,0.48,0.52,0.52,0.52,0.00418644206192198
2026-06-20 11:45:00+00:00,10,71.81,71.79716209070773,0.4555889835630208,,0.0005568704028071636,1.0,-0.0001787920482456684,-0.002335262019187212,0.0020508882589638233,0.48,0.52,0.52,0.48,0.00418644206192198
2026-06-20 11:45:00+00:00,15,71.81,71.79594558537666,0.4631633350568316,,-0.0004178564027652598,0.0,-0.00019573583267629147,-0.0029740803875029087,0.00275595486164093,0.48,0.52,0.52,0.48,0.00418644206192198
2026-06-20 17:30:00+00:00,5,71.45,71.46738625070722,0.5665957603927161,,-0.0046293131702270784,0.0,0.0002433049085084349,-0.0018323801923543215,0.0022294295486062765,0.48,0.52,0.52,0.52,0.0008401008615068761
2026-06-20 17:30:00+00:00,10,71.45,71.4655066792531,0.5402116374152567,,-0.002522422862097251,0.0,0.00021700485376641154,-0.0029163022991269827,0.0031917081214487553,0.52,0.48,0.52,0.48,0.0008401008615068761
2026-06-20 17:30:00+00:00,15,71.45,71.469104636218,0.5384105510556207,,-0.000559988814857526,0.0,0.00026734895072877407,-0.003724808571860194,0.004091469570994377,0.48,0.52,0.52,0.48,0.0008401008615068761
2026-06-20 23:30:00+00:00,5,73.43,73.40425133278589,0.41660909155328796,,-0.001771962570913388,0.0,-0.0003507174551486969,-0.002821106929332018,0.002062619663774967,0.52,0.48,0.52,0.52,-0.00312733955340061
2026-06-20 23:30:00+00:00,10,73.43,73.39230456557998,0.4190511636921017,,-0.00040863584304862144,0.0,-0.0005134837701916695,-0.0044669825583696365,0.003055080771446228,0.52,0.48,0.52,0.48,-0.00312733955340061
2026-06-20 23:30:00+00:00,15,73.43,73.37110418216687,0.4072487436644949,,-0.0012264088203384205,0.0,-0.0008023893460631371,-0.006273019593209028,0.003803769126534462,0.52,0.48,0.52,0.48,-0.00312733955340061
2026-06-21 05:15:00+00:00,5,73.18,73.16762509072453,0.4377897045866549,,-0.000820232445166269,0.0,-0.0001691166398813948,-0.001671746838837862,0.0012552966363728046,0.52,0.48,0.52,0.52,-0.004635318456370108
2026-06-21 05:15:00+00:00,10,73.18,73.15731637859885,0.41898594035304293,,0.0004098640674898846,1.0,-0.00031001828028820455,-0.002482027281075716,0.0017456701025366783,0.52,0.48,0.52,0.52,-0.004635318456370108
2026-06-21 05:15:00+00:00,15,73.18,73.13784139645398,0.38185920641207916,,0.0002732613762050917,1.0,-0.0005762606160715222,-0.0033568148501217365,0.0020592918153852224,0.52,0.48,0.52,0.52,-0.004635318456370108
2026-06-21 11:15:00+00:00,5,73.78,73.76335835662536,0.43740190700661474,,-0.003394205960398189,0.0,-0.00022558309137821198,-0.0022220562677830458,0.0014703953638672829,0.52,0.48,0.52,0.52,-0.003112527040845414
2026-06-21 11:15:00+00:00,10,73.78,73.72917450466282,0.36048961973977134,,-0.003938349627749638,0.0,-0.0006891164230182767,-0.0033538630232214928,0.0017755413427948952,0.48,0.52,0.52,0.52,-0.003112527040845414
2026-06-21 11:15:00+00:00,15,73.78,73.68650003745903,0.2981271093287361,,-0.0053000056115584115,0.0,-0.0012680842773988843,-0.004623119253665209,0.0018474084790796041,0.52,0.48,0.52,0.52,-0.003112527040845414
2026-06-21 17:00:00+00:00,5,74.21,74.2004064295017,0.47034728482140187,,0.003631720986769338,1.0,-0.0001292843371629715,-0.0024072672240436077,0.0021356805227696896,0.52,0.48,0.52,0.52,0.0022934242767451707
2026-06-21 17:00:00+00:00,10,74.21,74.19680411593245,0.47160780240760347,,0.002422612221208098,1.0,-0.00017783395014703274,-0.003517240984365344,0.0031104935333132744,0.52,0.48,0.52,0.52,0.0022934242767451707
2026-06-21 17:00:00+00:00,15,74.21,74.17948491293825,0.44746738960404786,,0.004436982069070616,1.0,-0.000411283690482378,-0.004562070593237877,0.003684649709612131,0.48,0.52,0.52,0.52,0.0022934242767451707
2026-06-21 22:45:00+00:00,5,72.93,72.94244493321114,0.5346005012266266,,0.0010963410718520805,1.0,0.00017062760889530182,-0.0026821764186024666,0.0027201841585338116,0.48,0.52,0.52,0.52,-0.003695343971124032
2026-06-21 22:45:00+00:00,10,72.93,72.94962654633778,0.5343784134962054,,0.003695343971124032,1.0,0.00026907864958047867,-0.004185454919934273,0.004367784596979618,0.48,0.52,0.52,0.52,-0.003695343971124032
2026-06-21 22:45:00+00:00,15,72.93,72.9518234074819,0.5292664306872268,,-0.0004114379815298719,0.0,0.00029919296503067017,-0.005288104526698589,0.005638328846544027,0.48,0.52,0.52,0.52,-0.003695343971124032
2026-06-22 04:45:00+00:00,5,73.59,73.55154904335313,0.3673540660876633,,0.0033914432560893104,1.0,-0.0005226390203461051,-0.002585544716566801,0.0015540443127974868,0.48,0.52,0.52,0.52,-0.0006792094263694537
2026-06-22 04:45:00+00:00,10,73.59,73.56658453684277,0.44275887701738503,,0.0036622624859097286,1.0,-0.00031823874451220036,-0.003312397049739957,0.0027257930487394333,0.52,0.48,0.52,0.52,-0.0006792094263694537
2026-06-22 04:45:00+00:00,15,73.59,73.56386823793139,0.44853186638626064,,0.0046095526305007795,1.0,-0.0003551624249666929,-0.0041607278399169445,0.0035074432380497456,0.52,0.48,0.52,0.48,-0.0006792094263694537
2026-06-22 10:30:00+00:00,5,73.69,73.6812688549374,0.44946583084924907,,0.0010850401173030377,1.0,-0.00011849182192236185,-0.001322856405749917,0.0011868831934407353,0.52,0.48,0.52,0.52,0.00013571283185687122
2026-06-22 10:30:00+00:00,10,73.69,73.68032622246928,0.460229398305539,,-0.00013571283185687122,0.0,-0.00013128528371453285,-0.0018126240465790033,0.0016960727516561747,0.52,0.48,0.52,0.52,0.00013571283185687122
2026-06-22 10:30:00+00:00,15,73.69,73.69573985179976,0.5188488525205333,,0.00013569441638328072,1.0,7.788883522152901e-05,-0.002070179907605052,0.0024333163164556026,0.52,0.48,0.52,0.48,0.00013571283185687122
2026-06-22 16:30:00+00:00,5,72.73,72.74086267482186,0.5330692326093591,,-0.0015135881802592621,0.0,0.0001493450254201889,-0.0023803897202014923,0.002661654260009527,0.52,0.48,0.52,0.52,-0.0128417065282731
2026-06-22 16:30:00+00:00,10,72.73,72.70996191182242,0.4586229127625654,,-0.0017890323356990478,0.0,-0.00027555134147405624,-0.0038762474432587624,0.0034287371672689915,0.52,0.48,0.52,0.52,-0.0128417065282731
2026-06-22 16:30:00+00:00,15,72.73,72.71299790586254,0.4720232383716201,,-0.0009629273733935406,0.0,-0.0002337973564863205,-0.0047617219388484955,0.0044302851893007755,0.48,0.52,0.52,0.48,-0.0128417065282731
2026-06-22 22:15:00+00:00,5,72.79,72.79049245222113,0.5021913471313466,,-0.004129961817380234,0.0,6.76536001265049e-06,-0.0016229650937020779,0.001638243324123323,0.48,0.52,0.52,0.52,-0.0004120596171208746
2026-06-22 22:15:00+00:00,10,72.79,72.81303496519438,0.5666645245760745,,-0.0038540997466647298,0.0,0.0003164077643305063,-0.0022735476959496737,0.002911359304562211,0.52,0.48,0.52,0.52,-0.0004120596171208746
2026-06-22 22:15:00+00:00,15,72.79,72.81691231153471,0.5585739905383783,,-0.01341559433222983,0.0,0.0003696570638567209,-0.003075301880016923,0.0037759249098598957,0.48,0.52,0.52,0.48,-0.0004120596171208746
2026-06-23 04:00:00+00:00,5,72.01,71.99023711628391,0.386790076524978,,-0.0013896611463728448,0.0,-0.0002744840458035469,-0.00160965695977211,0.0009905623737722635,0.48,0.52,0.52,0.48,0.0006945891784431169
2026-06-23 04:00:00+00:00,10,72.01,71.97406304819944,0.3574849457485818,,-0.0012506080974103995,0.0,-0.0004991795867681503,-0.002455916488543153,0.0013415827415883541,0.48,0.52,0.52,0.48,0.0006945891784431169
2026-06-23 04:00:00+00:00,15,72.01,71.96666482386593,0.3612324310428353,,-0.0018069363454173981,0.0,-0.0006019750144332647,-0.0030216046143323183,0.0016638946253806353,0.48,0.52,0.52,0.48,0.0006945891784431169
2026-06-23 10:00:00+00:00,5,68.97,68.96897186910284,0.495382831375206,,0.002317162513973514,1.0,-1.4907040167599916e-05,-0.0018906178884208202,0.0016795673873275518,0.48,0.52,0.52,0.48,0.0013057673237248935
2026-06-23 10:00:00+00:00,10,68.97,68.95291067541781,0.4478819378389025,,0.0008695652721844027,1.0,-0.00024780980311334133,-0.0030930337961763144,0.002250122372061014,0.52,0.48,0.52,0.48,0.0013057673237248935
2026-06-23 10:00:00+00:00,15,68.97,68.93889301609667,0.4257283280223586,,0.00028993911481745016,1.0,-0.0004511236911639571,-0.004168373066931963,0.002668942790478468,0.48,0.52,0.52,0.48,0.0013057673237248935
2026-06-23 15:45:00+00:00,5,68.66,68.71725541847135,0.6729578889448236,,-0.002917154927506438,0.0,0.0008335502352565527,-0.0015816004015505314,0.0036108247004449368,0.52,0.48,0.52,0.48,-0.008989476224633641
2026-06-23 15:45:00+00:00,10,68.66,68.7815651262712,0.7548874967770387,,0.0,,0.001768972259014845,-0.001533537171781063,0.005717515014111996,0.52,0.48,0.52,0.48,-0.008989476224633641
2026-06-23 15:45:00+00:00,15,68.66,68.83470939297717,0.799120836484176,,0.004359838325891374,1.0,0.0025413266848772764,-0.0013907523825764656,0.007170259486883879,0.52,0.48,0.52,0.48,-0.008989476224633641
2026-06-23 21:45:00+00:00,5,69.26,69.24520017137755,0.41812439649347377,,-0.00014439390682863262,0.0,-0.00021370791364461184,-0.0016262981807813048,0.001169129740446806,0.52,0.48,0.52,0.48,0.004630977885557108
2026-06-23 21:45:00+00:00,10,69.26,69.23477867564229,0.4000198130479147,,0.00014437306023751262,1.0,-0.0003642205847427249,-0.0023660361766815186,0.0015971448738127947,0.5,0.5,0.52,0.48,0.004630977885557108
2026-06-23 21:45:00+00:00,15,69.26,69.22512155600141,0.3917587416458771,,0.0002887252799030904,1.0,-0.0005037139635533094,-0.002992213936522603,0.0019313974771648645,0.52,0.48,0.52,0.48,0.004630977885557108
2026-06-24 03:30:00+00:00,5,69.44,69.44321432206564,0.5120629374474718,,0.0025888120311980956,1.0,4.6288128942251205e-05,-0.0019432539120316505,0.0021373936906456947,0.48,0.52,0.52,0.48,-0.004454350349379688
2026-06-24 03:30:00+00:00,10,69.44,69.41857449849344,0.4428082973697186,,0.004024150299724916,1.0,-0.00030859457910992205,-0.0031596641056239605,0.002615668112412095,0.48,0.52,0.52,0.48,-0.004454350349379688
2026-06-24 03:30:00+00:00,15,69.44,69.40361860639344,0.42116197689451595,,0.004167570880824201,1.0,-0.0005240628961473703,-0.004024754278361797,0.0031270862091332674,0.48,0.52,0.52,0.48,-0.004454350349379688
2026-06-24 09:15:00+00:00,5,69.43,69.45937587597722,0.6315505118168843,,0.0005759539396077429,1.0,0.00042301113717257977,-0.0012758513912558556,0.002113992115482688,0.5,0.5,0.52,0.48,0.0011529040043409822
2026-06-24 09:15:00+00:00,10,69.43,69.49649820334346,0.7137682771866747,,0.0007198906077228173,1.0,0.0009573149727657437,-0.0013056008610874414,0.0032349987886846066,0.52,0.48,0.52,0.48,0.0011529040043409822
2026-06-24 09:15:00+00:00,15,69.43,69.51039781742104,0.7094942979909614,,-0.001874144569324443,0.0,0.001157299499027431,-0.0016431680414825678,0.003984671551734209,0.52,0.48,0.52,0.48,0.0011529040043409822
2026-06-24 15:15:00+00:00,5,68.41,68.37962708960362,0.43297873387119445,,0.0007306203291328472,1.0,-0.0004440820775926113,-0.004085038788616657,0.0028955708257853985,0.52,0.48,0.52,0.48,-0.006846847346568374
2026-06-24 15:15:00+00:00,10,68.41,68.3638977713546,0.4281442178356405,,-0.0010237660857610464,0.0,-0.0006741378456354141,-0.0058182599022984505,0.004186644218862057,0.52,0.48,0.52,0.48,-0.006846847346568374
2026-06-24 15:15:00+00:00,15,68.41,68.35202418167702,0.4265392284470898,,-0.00043862856175103104,0.0,-0.0008478350937366486,-0.007247605361044407,0.005209842696785927,0.52,0.48,0.52,0.48,-0.006846847346568374
2026-06-24 21:00:00+00:00,5,67.68,67.77428647354726,0.700342105317888,,-0.004145697379707158,0.0,0.0013921521604061127,-0.0023448504507541656,0.005303108599036932,0.48,0.52,0.52,0.48,0.02498446959728895
2026-06-24 21:00:00+00:00,10,67.68,67.78719047780211,0.6456673477625774,,-0.0026631174194839957,0.0,0.0015825307928025723,-0.004207361489534378,0.008054041303694248,0.52,0.48,0.52,0.48,0.02498446959728895
2026-06-24 21:00:00+00:00,15,67.68,67.81426590594741,0.6348445169955304,,-0.00622500898584466,0.0,0.0019818691071122885,-0.005960393697023392,0.010366594418883324,0.48,0.52,0.52,0.48,0.02498446959728895
2026-06-25 03:00:00+00:00,5,67.76,67.76672809341387,0.5393060680106072,,-0.00029520295417384546,0.0,9.928806684911251e-05,-0.001243540202267468,0.0014716573059558868,0.48,0.52,0.52,0.48,-0.0011799411398483173
2026-06-25 03:00:00+00:00,10,67.76,67.78340825636727,0.5892734163716915,,-0.0005904930788647178,0.0,0.0003453986719250679,-0.0017024283297359943,0.0024622369091957808,0.48,0.52,0.52,0.48,-0.0011799411398483173
2026-06-25 03:00:00+00:00,15,67.76,67.79812485201086,0.6159248521738121,,-0.0023640672948808117,0.0,0.0005624871701002121,-0.0020387694239616394,0.0032911081798374653,0.48,0.52,0.52,0.48,-0.0011799411398483173
2026-06-25 08:45:00+00:00,5,69.14,69.09780206789756,0.29284010206462996,,-0.0002893099976777336,0.0,-0.0006105122156441212,-0.0020197140984237194,0.0009659081697463989,0.48,0.52,0.52,0.48,-0.0031768979788084906
2026-06-25 08:45:00+00:00,10,69.14,69.08208199981578,0.2954807387521978,,-0.0007234319927746924,0.0,-0.0008380427025258541,-0.0028584375977516174,0.0013235402293503284,0.48,0.52,0.52,0.48,-0.0031768979788084906
2026-06-25 08:45:00+00:00,15,69.14,69.07478118230965,0.31290897985629196,,-0.0002893099976777336,0.0,-0.0009437315165996552,-0.00345215923152864,0.0017382758669555187,0.48,0.52,0.52,0.48,-0.0031768979788084906
2026-06-25 14:30:00+00:00,5,65.71,65.72135636765451,0.5138672450103656,,0.011950826752031851,1.0,0.0001728106290102005,-0.006771700456738472,0.007092313840985298,0.52,0.48,0.52,0.48,-0.03543236335534239
2026-06-25 14:30:00+00:00,10,65.71,65.73353049892188,0.5190094781855367,,0.008335275961973032,1.0,0.00035803206264972687,-0.010460441932082176,0.011168894357979298,0.52,0.48,0.52,0.48,-0.03543236335534239
2026-06-25 14:30:00+00:00,15,65.71,65.73679184483107,0.5166012411504878,,0.005312299052866898,1.0,0.00040764547884464264,-0.013742242008447647,0.014063399285078049,0.52,0.48,0.52,0.48,-0.03543236335534239
2026-06-25 20:30:00+00:00,5,66.64,66.58972043688344,0.34241261252997834,,-0.0004502814334994554,0.0,-0.000754780019633472,-0.0033572977408766747,0.0018661289941519499,0.52,0.48,0.52,0.48,0.009195813652107532
2026-06-25 20:30:00+00:00,10,66.64,66.56468473044849,0.3534954509932391,,-0.003909191566759063,0.0,-0.0011308202520012856,-0.005293802358210087,0.0030703083612024784,0.52,0.48,0.52,0.48,0.009195813652107532
2026-06-25 20:30:00+00:00,15,66.64,66.53794645539087,0.35047141972615925,,-0.0028552126993330873,0.0,-0.0015325895510613918,-0.007041709963232279,0.00406742375344038,0.48,0.52,0.52,0.48,0.009195813652107532
2026-06-26 02:15:00+00:00,5,66.39,66.59225953651057,0.7620194581299278,,-0.0025639106119674793,0.0,0.0030419048853218555,-0.0031067118979990482,0.008463118225336075,0.52,0.48,0.52,0.48,-0.018948720621493997
2026-06-26 02:15:00+00:00,10,66.39,66.64055184848044,0.7388525327567944,,-0.0016582501727055998,0.0,0.0037668361328542233,-0.004716380964964628,0.011003939434885979,0.52,0.48,0.52,0.48,-0.018948720621493997
2026-06-26 02:15:00+00:00,15,66.39,66.65548344570402,0.7142940658408327,,0.004658510190510334,1.0,0.003990872763097286,-0.006393348798155785,0.01279798336327076,0.52,0.48,0.52,0.48,-0.018948720621493997
2026-06-26 08:15:00+00:00,5,70.1,70.05228931927486,0.3800228865084194,,-0.0034295546618583472,0.0,-0.0006808405742049217,-0.0036656856536865234,0.0023476891219615936,0.52,0.48,0.52,0.48,-0.007390596459695864
2026-06-26 08:15:00+00:00,10,70.1,69.99633961569961,0.3349488419496014,,-0.0017133071010020373,0.0,-0.0014798445627093315,-0.006304730661213398,0.0032225465402007103,0.52,0.48,0.52,0.48,-0.007390596459695864
2026-06-26 08:15:00+00:00,15,70.1,69.97039489775595,0.34351972917593576,,-0.003286421476184742,0.0,-0.001850571483373642,-0.008118933066725731,0.0043413955718278885,0.52,0.48,0.52,0.48,-0.007390596459695864
2026-06-26 14:00:00+00:00,5,70.73,70.80414942544539,0.6052248140737566,,-0.0032571012296758184,0.0,0.0010477956384420395,-0.004333370365202427,0.006429886445403099,0.48,0.52,0.52,0.48,0.02606850567878194
2026-06-26 14:00:00+00:00,10,70.73,70.84833379193955,0.5956024839824252,,-0.0007071635964033263,0.0,0.0016716374084353447,-0.007710843812674284,0.010942251421511173,0.48,0.52,0.52,0.48,0.02606850567878194
2026-06-26 14:00:00+00:00,15,70.73,70.87968704023697,0.5910539546514422,,0.0021184952489265996,1.0,0.0021140798926353455,-0.010544857010245323,0.015111368149518967,0.48,0.52,0.52,0.48,0.02606850567878194
2026-06-26 19:45:00+00:00,5,73.75,73.85227351855696,0.7204789797804072,,-0.005302167271720393,0.0,0.0013857989106327295,-0.001692087622359395,0.004745299927890301,0.52,0.48,0.52,0.48,0.0151652609268913
2026-06-26 19:45:00+00:00,10,73.75,73.90193096959855,0.7314931588777531,,-0.006120386327324034,0.0,0.0020579618867486715,-0.002281989436596632,0.006652625743299723,0.48,0.52,0.52,0.48,0.0151652609268913
2026-06-26 19:45:00+00:00,15,73.75,73.93937360465812,0.7342366004959437,,-0.0043484237564106465,0.0,0.0025644865818321705,-0.0027568629011511803,0.008335242979228497,0.48,0.52,0.52,0.48,0.0151652609268913
2026-06-27 01:45:00+00:00,5,71.52,71.52112498788183,0.5056051984859874,,0.0019555810115488015,1.0,1.5729572623968124e-05,-0.0016217175871133804,0.0015026764012873173,0.52,0.48,0.52,0.52,-0.002095119140569146
2026-06-27 01:45:00+00:00,10,71.52,71.51784569043585,0.49213885546927216,,-0.0016792615197198657,0.0,-3.012223169207573e-05,-0.0022264663130044937,0.0020907986909151077,0.52,0.48,0.52,0.52,-0.002095119140569146
2026-06-27 01:45:00+00:00,15,71.52,71.5152981824763,0.48532684948648186,,-0.001259181698377354,0.0,-6.574345752596855e-05,-0.0027241306379437447,0.0024669975973665714,0.52,0.48,0.52,0.48,-0.002095119140569146
2026-06-27 07:30:00+00:00,5,72.12,72.11996770947964,0.4998597726026438,,-0.0009710758895851157,0.0,-4.477333277463913e-07,-0.0017053995979949832,0.0017301198095083237,0.52,0.48,0.52,0.52,0.0006935293987666569
2026-06-27 07:30:00+00:00,10,72.12,72.1171755996674,0.4912963319424437,,-0.0006935293987666569,0.0,-3.916327841579914e-05,-0.0024820752441883087,0.002415267750620842,0.48,0.52,0.52,0.52,0.0006935293987666569
2026-06-27 07:30:00+00:00,15,72.12,72.1176252412302,0.4943175199939409,,0.0006930487490652837,1.0,-3.292842302471399e-05,-0.003088301047682762,0.0030421363189816475,0.48,0.52,0.52,0.48,0.0006935293987666569
2026-06-27 13:30:00+00:00,5,72.38,72.40379117486351,0.6129756361725058,,-0.0006910372744064475,0.0,0.00032864417880773544,-0.0011599140707403421,0.0019039863254874945,0.48,0.52,0.52,0.52,0.0069319562202379
2026-06-27 13:30:00+00:00,10,72.38,72.40597082281845,0.594591184929846,,0.0016565437250326553,1.0,0.00035874778404831886,-0.0017028350848704576,0.002502922434359789,0.48,0.52,0.52,0.52,0.0069319562202379
2026-06-27 13:30:00+00:00,15,72.38,72.39983030208343,0.5581696719256846,,0.0017944652479053858,1.0,0.0002739373594522476,-0.0022901243064552546,0.0029672333039343357,0.48,0.52,0.52,0.48,0.0069319562202379
2026-06-27 19:15:00+00:00,5,71.89,71.87893968256904,0.4378666062414146,,-0.0025069651012969985,0.0,-0.00015386240556836128,-0.0017202235758304596,0.0011151868384331465,0.52,0.48,0.52,0.52,-0.0031942253393362208
2026-06-27 19:15:00+00:00,10,71.89,71.86799511929947,0.41123643671728227,,-0.008942353847020357,0.0,-0.0003061378374695778,-0.0023985260631889105,0.001552389468997717,0.52,0.48,0.52,0.52,-0.0031942253393362208
2026-06-27 19:15:00+00:00,15,71.89,71.85288155781163,0.3837201973339305,,-0.010346848459918512,0.0,-0.0005164560861885548,-0.0031761382706463337,0.0018355029169470072,0.52,0.48,0.52,0.48,-0.0031942253393362208
2026-06-28 01:00:00+00:00,5,70.71,70.70159740377981,0.4580866877488662,,-0.003258023988225389,0.0,-0.00011883885599672794,-0.0018425211310386658,0.001424797112122178,0.52,0.48,0.52,0.48,0.0029742957979266293
2026-06-28 01:00:00+00:00,10,70.71,70.68183861378012,0.40582759461522844,,-0.0025488543960614507,0.0,-0.00039834529161453247,-0.0030039686243981123,0.0018880765419453382,0.48,0.52,0.52,0.48,0.0029742957979266293
2026-06-28 01:00:00+00:00,15,70.71,70.65467765872785,0.3622326006020389,,-0.0016985142087690974,0.0,-0.0007826897781342268,-0.004153394140303135,0.002174807246774435,0.52,0.48,0.52,0.52,0.0029742957979266293
2026-06-28 07:00:00+00:00,5,70.5,70.50444406220113,0.5247887652794946,,0.0026914103646396015,1.0,6.303435657173395e-05,-0.0013248147442936897,0.0014161458238959312,0.48,0.52,0.52,0.48,-0.0008507018803127764
2026-06-28 07:00:00+00:00,10,70.5,70.50817759267417,0.5346134751883925,,0.0036811594733618946,1.0,0.00011598749551922083,-0.0017377128824591637,0.0019313914235681295,0.52,0.48,0.52,0.48,-0.0008507018803127764
2026-06-28 07:00:00+00:00,15,70.5,70.51427146699311,0.5506183834052806,,0.003963765099094019,1.0,0.00020241166930645704,-0.0019903366919606924,0.0023611122742295265,0.48,0.52,0.52,0.52,-0.0008507018803127764
2026-06-28 12:45:00+00:00,5,71.83,71.85346966057337,0.6062102267321136,,0.0008349569090704279,1.0,0.0003266856074333191,-0.0013434370048344135,0.0022981888614594936,0.52,0.48,0.52,0.48,-0.0012521740766553435
2026-06-28 12:45:00+00:00,10,71.83,71.85920419125705,0.5874269758460686,,0.0011131210276928982,1.0,0.00040649110451340675,-0.0021245081443339586,0.003299393691122532,0.52,0.48,0.52,0.48,-0.0012521740766553435
2026-06-28 12:45:00+00:00,15,71.83,71.86883434432903,0.5930158030548298,,0.00013920790723442877,1.0,0.0005404963158071041,-0.002600535051897168,0.004030371550470591,0.52,0.48,0.52,0.52,-0.0012521740766553435
2026-06-28 18:45:00+00:00,5,71.1,71.16797174378964,0.7362445921739753,,-0.0004220299703909802,0.0,0.0009555453434586525,-0.0010330798104405403,0.0030883087310940027,0.48,0.52,0.52,0.48,-0.0029492332310177005
2026-06-28 18:45:00+00:00,10,71.1,71.2126490825867,0.7671849404615866,,0.0005624297111141985,1.0,0.0015831214841455221,-0.001236187294125557,0.004573741462081671,0.48,0.52,0.52,0.48,-0.0029492332310177005
2026-06-28 18:45:00+00:00,15,71.1,71.23409432932165,0.7587964670899774,,0.0007029877266671036,1.0,0.0018842199351638556,-0.0016584144905209541,0.005431109573692083,0.52,0.48,0.52,0.52,-0.0029492332310177005
2026-06-29 00:30:00+00:00,5,70.66,70.67543460506272,0.5253876202915198,,0.0009901691168998639,1.0,0.00021841097623109818,-0.004381929058581591,0.004622525069862604,0.52,0.48,0.52,0.52,-0.007051220866635788
2026-06-29 00:30:00+00:00,10,70.66,70.74870367676401,0.6054589528465993,,0.002967570891165394,1.0,0.0012545718345791101,-0.005091123282909393,0.0072216070257127285,0.52,0.48,0.52,0.52,-0.007051220866635788
2026-06-29 00:30:00+00:00,15,70.66,70.80386769135431,0.6396617610305448,,0.005363456752915496,1.0,0.002033985685557127,-0.005694324150681496,0.008925249800086021,0.52,0.48,0.52,0.52,-0.007051220866635788
2026-06-29 06:15:00+00:00,5,72.45,72.49133056178742,0.6004975387751554,,0.0048192864359482,1.0,0.0005703074857592583,-0.002424204256385565,0.003499725367873907,0.48,0.52,0.52,0.52,0.01487895070467804
2026-06-29 06:15:00+00:00,10,72.45,72.51715121485314,0.6044869819695566,,0.007699749301302461,1.0,0.0009264335967600346,-0.004022811073809862,0.005739765241742134,0.48,0.52,0.52,0.52,0.01487895070467804
2026-06-29 06:15:00+00:00,15,72.45,72.53468337006474,0.5962252889682298,,0.003582257895273777,1.0,0.0011681700125336647,-0.005546095781028271,0.007743919268250465,0.52,0.48,0.52,0.52,0.01487895070467804
2026-06-29 12:15:00+00:00,5,73.97,74.06535250653342,0.6397473343906187,,0.0,,0.0012882398441433907,-0.0032177921384572983,0.006523096933960915,0.48,0.52,0.52,0.52,0.019245799792894758
2026-06-29 12:15:00+00:00,10,73.97,74.13261363576392,0.6471867282584542,,-0.0017590154051791984,0.0,0.002195959910750389,-0.005238300655037165,0.010761447250843048,0.48,0.52,0.52,0.52,0.019245799792894758
2026-06-29 12:15:00+00:00,15,73.97,74.17458948526512,0.6435350736269055,,0.0004054876043939615,1.0,0.0027620261535048485,-0.006826520897448063,0.01417345367372036,0.48,0.52,0.52,0.52,0.019245799792894758
2026-06-29 18:00:00+00:00,5,75.18,75.02476618175115,0.2580434254983224,,0.002922036877878398,1.0,-0.002066963352262974,-0.0064087193459272385,0.0022544478997588158,0.52,0.48,0.52,0.52,0.01460466770746649
2026-06-29 18:00:00+00:00,10,75.18,74.892814493269,0.24775643245036638,,0.006364381068850733,1.0,-0.003827286884188652,-0.011606235057115555,0.0037423837929964066,0.52,0.48,0.52,0.52,0.01460466770746649
2026-06-29 18:00:00+00:00,15,75.18,74.75912826316996,0.23763152324548664,,0.004512283701212816,1.0,-0.005613916087895632,-0.016486847773194313,0.00485619530081749,0.52,0.48,0.52,0.52,0.01460466770746649
2026-06-30 00:00:00+00:00,5,75.17,75.17385429653085,0.5161720488018238,,0.0,,5.1273083954583853e-05,-0.001608541002497077,0.001826439518481493,0.48,0.52,0.52,0.48,-0.0015951086726531116
2026-06-30 00:00:00+00:00,10,75.17,75.19004785332267,0.5576582972027423,,-0.0021307772078325016,0.0,0.0002666646323632449,-0.0021529733203351498,0.002828706055879593,0.48,0.52,0.52,0.48,-0.0015951086726531116
2026-06-30 00:00:00+00:00,15,75.17,75.2121771461953,0.5993671714567079,,-0.001464421482502587,0.0,0.0005609327927231789,-0.002454015426337719,0.0037993211299180984,0.48,0.52,0.52,0.48,-0.0015951086726531116
2026-06-30 05:45:00+00:00,5,74.14,74.13562599108174,0.4832099014112784,,-0.0002697963054263397,0.0,-5.899835377931595e-05,-0.0018973919795826077,0.0017952073831111193,0.52,0.48,0.52,0.48,0.0012146570087780972
2026-06-30 05:45:00+00:00,10,74.14,74.11183915058855,0.42419194326668175,,0.00026972353501353297,1.0,-0.0003799055702984333,-0.0030622209887951612,0.002291776705533266,0.48,0.52,0.52,0.48,0.0012146570087780972
2026-06-30 05:45:00+00:00,15,74.14,74.0846737468799,0.3845816792595599,,0.0009437142594563852,1.0,-0.0007465188391506672,-0.004159876145422459,0.0026562227867543697,0.48,0.52,0.52,0.48,0.0012146570087780972
2026-06-30 11:30:00+00:00,5,73.46,73.47713300008829,0.581202050493774,,0.0009524458166101368,1.0,0.0002332017756998539,-0.0013514328747987747,0.0017253311816602945,0.48,0.52,0.52,0.48,-0.0017681065469865587
2026-06-30 11:30:00+00:00,10,73.46,73.4997501083588,0.631548795833915,,0.0002722199554039406,1.0,0.000540965935215354,-0.0016478458419442177,0.0026737141888588667,0.5,0.5,0.52,0.48,-0.0017681065469865587
2026-06-30 11:30:00+00:00,15,73.46,73.50816356024362,0.6286456416060879,,0.0019039853433096,1.0,0.0006554285064339638,-0.0020297556184232235,0.003272361122071743,0.52,0.48,0.52,0.48,-0.0017681065469865587
2026-06-30 17:30:00+00:00,5,73.44,73.44515781155586,0.5188046416852059,,0.0012247398958962208,1.0,7.0229172706604e-05,-0.0020442656241357327,0.0022652794141322374,0.5,0.5,0.52,0.48,0.008752791109595037
2026-06-30 17:30:00+00:00,10,73.44,73.4498632677041,0.5221135167028905,,-0.0008173273850990981,0.0,0.00013429473619908094,-0.0033488585613667965,0.003737399820238352,0.52,0.48,0.52,0.48,0.008752791109595037
2026-06-30 17:30:00+00:00,15,73.44,73.47244146379207,0.5511928237808406,,-0.0013625836690547288,0.0,0.0004416435258463025,-0.00429527647793293,0.005394583567976952,0.52,0.48,0.52,0.48,0.008752791109595037
2026-06-30 23:15:00+00:00,5,73.42,73.43782359137987,0.5805040301947462,,0.0005446623228326786,1.0,0.00024273261078633368,-0.0013202640693634748,0.001937303808517754,0.52,0.48,0.52,0.48,-0.003535013878362747
2026-06-30 23:15:00+00:00,10,73.42,73.4491595331113,0.6002357562414484,,0.0028561733119367716,1.0,0.00039708177791908383,-0.0017102350248023868,0.00257941079325974,0.48,0.52,0.52,0.48,-0.003535013878362747
2026-06-30 23:15:00+00:00,15,73.42,73.46376719745224,0.6232071302542521,,0.0023127688698192372,1.0,0.0005959433037787676,-0.0019341545412316918,0.0031789604108780622,0.48,0.52,0.52,0.48,-0.003535013878362747
2026-07-01 05:15:00+00:00,5,75.54,75.55410930698164,0.5423711122379986,,-0.0011921320704528782,0.0,0.00018676184117794037,-0.0021360283717513084,0.002516079694032669,0.48,0.52,0.52,0.48,0.001324678959108816
2026-07-01 05:15:00+00:00,10,75.54,75.56450578389038,0.5495085733131284,,-0.003182182478463247,0.0,0.00032435543835163116,-0.003341948613524437,0.0038687903434038162,0.52,0.48,0.52,0.48,0.001324678959108816
2026-07-01 05:15:00+00:00,15,75.54,75.58258409876966,0.5688376426370231,,-0.003979312851480898,0.0,0.0005635702982544899,-0.00406667310744524,0.005032607354223728,0.52,0.48,0.52,0.48,0.001324678959108816
2026-07-01 11:00:00+00:00,5,74.89,74.88908639728487,0.497451351957079,,0.0,,-1.219933619722724e-05,-0.0027910948265343904,0.0023041926324367523,0.52,0.48,0.52,0.48,-0.005592557851984203
2026-07-01 11:00:00+00:00,10,74.89,74.86510600109965,0.44668324200096987,,0.0,,-0.00033246277598664165,-0.003965415526181459,0.002765992656350136,0.52,0.48,0.52,0.48,-0.005592557851984203
2026-07-01 11:00:00+00:00,15,74.89,74.80411315964065,0.35269265340666056,,0.0038648678747561505,1.0,-0.001147498027421534,-0.00559518625959754,0.0026952852495014668,0.52,0.48,0.52,0.48,-0.005592557851984203
2026-07-01 16:45:00+00:00,5,77.57,77.56592186274985,0.4874266394346308,,-0.001806452104148093,0.0,-5.257502198219299e-05,-0.0024454398080706596,0.002246381714940071,0.48,0.52,0.52,0.48,0.002710903357741934
2026-07-01 16:45:00+00:00,10,77.57,77.54754617612932,0.453844554846488,,-0.00789494814532965,0.0,-0.0002895072102546692,-0.0037863794714212418,0.003018142655491829,0.52,0.48,0.52,0.48,0.002710903357741934
2026-07-01 16:45:00+00:00,15,77.57,77.52549913454416,0.42673737277656243,,-0.005818104200490559,0.0,-0.0005738511681556702,-0.004940164275467396,0.0035238079726696014,0.52,0.48,0.52,0.48,0.002710903357741934
2026-07-01 22:45:00+00:00,5,77.93,77.86194680703889,0.3186176092432129,,-0.00102708957546227,0.0,-0.0008736420422792435,-0.0034216581843793392,0.0015504476614296436,0.52,0.48,0.52,0.48,-0.0035865287580509886
2026-07-01 22:45:00+00:00,10,77.93,77.7938753745281,0.25838045224652806,,-0.0012840268841722846,0.0,-0.0017482824623584747,-0.005409142002463341,0.0017813374288380146,0.52,0.48,0.52,0.48,-0.0035865287580509886
2026-07-01 22:45:00+00:00,15,77.93,77.75086900871298,0.2536747001191082,,-0.003470663551948583,0.0,-0.002301259897649288,-0.006935622543096542,0.002197396010160446,0.52,0.48,0.52,0.48,-0.0035865287580509886
2026-07-02 04:30:00+00:00,5,78.23,78.18266323307456,0.3285045664022086,,-0.0006393453321802411,0.0,-0.0006052805110812187,-0.0024304636754095554,0.0012921483721584082,0.52,0.48,0.52,0.52,-0.002170721659373598
2026-07-02 04:30:00+00:00,10,78.23,78.14077003660027,0.2885595569036379,,-0.0015351160747831827,0.0,-0.0011412615422159433,-0.0039351098239421844,0.0017303600907325745,0.52,0.48,0.52,0.52,-0.002170721659373598
2026-07-02 04:30:00+00:00,15,78.23,78.07550934711978,0.23942906922534402,,0.0,,-0.001976778730750084,-0.0055817533284425735,0.001755548408254981,0.52,0.48,0.52,0.52,-0.002170721659373598
2026-07-02 10:30:00+00:00,5,80.29,80.30396800505756,0.5216671132749379,,0.005960529257611924,1.0,0.0001739542931318283,-0.003881302662193775,0.004278214648365974,0.48,0.52,0.52,0.52,0.01759060308959448
2026-07-02 10:30:00+00:00,10,80.29,80.30728630745159,0.5180954774223397,,0.005465173210331464,1.0,0.00021527521312236786,-0.006010381504893303,0.006551532074809074,0.48,0.52,0.52,0.52,0.01759060308959448
2026-07-02 10:30:00+00:00,15,80.29,80.31433426579625,0.5205094135422136,,0.011393312097726316,1.0,0.0003030337393283844,-0.0075977034866809845,0.008523032069206238,0.48,0.52,0.52,0.52,0.01759060308959448
2026-07-02 16:15:00+00:00,5,80.81,80.8254362452027,0.5342573891509902,,-0.0017339612964732964,0.0,0.00019100075587630272,-0.002763903234153986,0.0029532809276133776,0.52,0.48,0.52,0.52,0.005335331224300965
2026-07-02 16:15:00+00:00,10,80.81,80.83155543236109,0.5347957893150885,,-0.00037131011008906256,0.0,0.00026670657098293304,-0.003850712440907955,0.004107214510440826,0.52,0.48,0.52,0.52,0.005335331224300965
2026-07-02 16:15:00+00:00,15,80.81,80.80185971421218,0.48917550539655485,,-0.003595119473764896,0.0,-0.00010073871817439795,-0.005197909660637379,0.004772868938744068,0.52,0.48,0.52,0.52,0.005335331224300965
2026-07-02 22:00:00+00:00,5,80.72,80.73989711861402,0.5798222782073539,,-0.0016118037089336568,0.0,0.0002464651479385793,-0.0014098196988925338,0.001821582205593586,0.48,0.52,0.52,0.52,-0.003462778627085328
2026-07-02 22:00:00+00:00,10,80.72,80.73841856095363,0.551949972200151,,-0.002108266422370164,0.0,0.00022815237753093243,-0.002145749982446432,0.002434693742543459,0.48,0.52,0.52,0.52,-0.003462778627085328
2026-07-02 22:00:00+00:00,15,80.72,80.75303810934696,0.5760663989650873,,-0.002977669693924767,0.0,0.0004092089948244393,-0.002536199986934662,0.0031185303814709187,0.48,0.52,0.52,0.52,-0.003462778627085328
2026-07-03 04:00:00+00:00,5,80.73,80.73487466920137,0.5215056327040358,,-0.0008674639617023416,0.0,6.0380552895367146e-05,-0.0013844099594280124,0.0015180855989456177,0.48,0.52,0.52,0.52,0.0006195403209128258
2026-07-03 04:00:00+00:00,10,80.73,80.72965628473557,0.4989038758542186,,-0.002977300301282071,0.0,-4.2575993575155735e-06,-0.0020290713291615248,0.0020693601109087467,0.52,0.48,0.52,0.52,0.0006195403209128258
2026-07-03 04:00:00+00:00,15,80.73,80.73080862124702,0.5021321613151477,,-0.0022321437839405434,0.0,1.0016316082328558e-05,-0.002428894629701972,0.002523937961086631,0.48,0.52,0.52,0.52,0.0006195403209128258
2026-07-03 09:45:00+00:00,5,80.87,80.87642219624021,0.5241949042376486,,0.003209879299242324,1.0,7.941067451611161e-05,-0.0016089286655187607,0.0018200513441115618,0.48,0.52,0.52,0.52,-0.005303089446034193
2026-07-03 09:45:00+00:00,10,80.87,80.88005293176687,0.5260540263820606,,0.0028400340136363056,1.0,0.00012430205242708325,-0.0023648664355278015,0.002709292806684971,0.48,0.52,0.52,0.52,-0.005303089446034193
2026-07-03 09:45:00+00:00,15,80.87,80.87833272934002,0.5171916148025011,,0.0025933944760678784,1.0,0.00010303326416760683,-0.0030076012481004,0.0033675518352538347,0.52,0.48,0.52,0.52,-0.005303089446034193
2026-07-03 15:45:00+00:00,5,81.29,81.34338172604788,0.6883973242581458,,-0.0004921865486346988,0.0,0.0006564670475199819,-0.0010925510432571173,0.002601139945909381,0.48,0.52,0.52,0.52,-0.004173833704783192
2026-07-03 15:45:00+00:00,10,81.29,81.36272014689176,0.6827268617204343,,-0.0006152710462972166,0.0,0.000894176890142262,-0.0015665293904021382,0.0034358459524810314,0.48,0.52,0.52,0.52,-0.004173833704783192
2026-07-03 15:45:00+00:00,15,81.29,81.37020283037266,0.6671275398764207,,-0.00024606299336760173,0.0,0.0009861396392807364,-0.0019834076520055532,0.004033113829791546,0.48,0.52,0.52,0.52,-0.004173833704783192
2026-07-03 21:30:00+00:00,5,82.4,82.38838762498419,0.447684418950558,,-0.0007284205736670657,0.0,-0.0001409368123859167,-0.0015460951253771782,0.0014177393168210983,0.52,0.48,0.52,0.52,-0.0018187334507109298
2026-07-03 21:30:00+00:00,10,82.4,82.38698027149543,0.4612499172111697,,-0.0017004741131483314,0.0,-0.00015801889821887016,-0.0023277010768651962,0.0021748305298388004,0.52,0.48,0.52,0.52,-0.0018187334507109298
2026-07-03 21:30:00+00:00,15,82.4,82.39749208537906,0.4941953491924429,,0.0009704027932784243,1.0,-3.04363202303648e-05,-0.0028024509083479643,0.0029491479508578777,0.52,0.48,0.52,0.52,-0.0018187334507109298
2026-07-04 03:15:00+00:00,5,82.3,82.29727185489436,0.4901608753812814,,-0.00036458650218484934,0.0,-3.314933564979583e-05,-0.0017442683456465602,0.0019537066109478474,0.52,0.48,0.52,0.52,0.0035299166347035893
2026-07-04 03:15:00+00:00,10,82.3,82.2902336233134,0.4726790972901801,,0.0006073489406253074,1.0,-0.00011867504508700222,-0.0023143035359680653,0.0024594892747700214,0.48,0.52,0.52,0.52,0.0035299166347035893
2026-07-04 03:15:00+00:00,15,82.3,82.28932229061226,0.4751451117520846,,0.001092962644475115,1.0,-0.0001297497219638899,-0.0027307644486427307,0.002908637747168541,0.48,0.52,0.52,0.52,0.0035299166347035893
2026-07-04 09:15:00+00:00,5,82.08,82.0969545244983,0.568175956297592,,0.0008524630608182093,1.0,0.00020653964020311832,-0.001641625538468361,0.001847350737079978,0.52,0.48,0.52,0.52,-0.006194226400166869
2026-07-04 09:15:00+00:00,10,82.08,82.11437885597404,0.5827456880092381,,-0.0007312614585464061,0.0,0.00041875801980495453,-0.002639428712427616,0.0032082218676805496,0.48,0.52,0.52,0.52,-0.006194226400166869
2026-07-04 09:15:00+00:00,15,82.08,82.08529736207893,0.5093152868917745,,-0.0018291572687356705,0.0,6.45369291305542e-05,-0.0040100677870213985,0.003785331267863512,0.48,0.52,0.52,0.52,-0.006194226400166869
2026-07-04 15:00:00+00:00,5,81.83,81.8246478283189,0.4730010706319131,,0.0,,-6.540812319144607e-05,-0.0014341549249365926,0.0012445200700312853,0.48,0.52,0.52,0.52,0.0017123291855130063
2026-07-04 15:00:00+00:00,10,81.83,81.82241582921291,0.4730084081588788,,0.0035376676114422523,1.0,-9.268632857128978e-05,-0.002020136686041951,0.0017562428256496787,0.48,0.52,0.52,0.52,0.0017123291855130063
2026-07-04 15:00:00+00:00,15,81.83,81.81218823618033,0.45003193220858917,,0.0020753227249628026,1.0,-0.00021769158774986863,-0.0026421016082167625,0.002070997143164277,0.5,0.5,0.52,0.52,0.0017123291855130063
2026-07-04 21:00:00+00:00,5,81.88,81.8745158595404,0.47489418957362306,,0.0009765625776108067,1.0,-6.698002107441425e-05,-0.0015900067519396544,0.0012548750964924693,0.52,0.48,0.52,0.52,0.0007330482918357362
2026-07-04 21:00:00+00:00,10,81.88,81.86824859087095,0.4611492424131418,,0.0003663227344219422,1.0,-0.00014353019651025534,-0.0022654449567198753,0.0017637411365285516,0.52,0.48,0.52,0.52,0.0007330482918357362
2026-07-04 21:00:00+00:00,15,81.88,81.86411601361047,0.4578517794540917,,0.0021959262209518826,1.0,-0.00019400985911488533,-0.002810635371133685,0.002158980816602707,0.52,0.48,0.52,0.52,0.0007330482918357362
2026-07-05 02:45:00+00:00,5,80.38,80.40479264208075,0.5840372986461253,,-0.0009957680683392311,0.0,0.0003083953633904457,-0.0017659682780504227,0.0021193334832787514,0.52,0.48,0.52,0.52,-0.006572036798693226
2026-07-05 02:45:00+00:00,10,80.38,80.39735729248582,0.5452446736002116,,-0.0013694368775691856,0.0,0.00021591712720692158,-0.002442633733153343,0.0025654006749391556,0.52,0.48,0.52,0.52,-0.006572036798693226
2026-07-05 02:45:00+00:00,15,80.38,80.37926224224306,0.4983112448448651,,0.00024878716386567135,1.0,-9.178416803479195e-06,-0.0030609075911343098,0.002766624093055725,0.52,0.48,0.52,0.52,-0.006572036798693226
2026-07-05 08:30:00+00:00,5,80.56,80.57396596605632,0.5704956679680555,,0.00037232392611308285,1.0,0.00017334602307528257,-0.001131890807300806,0.001429856987670064,0.48,0.52,0.52,0.52,0.0014906835058559054
2026-07-05 08:30:00+00:00,10,80.56,80.58390154617685,0.5885668982742218,,-0.00037246260285339616,0.0,0.00029664847534149885,-0.001496495446190238,0.0020718455780297518,0.48,0.52,0.52,0.52,0.0014906835058559054
2026-07-05 08:30:00+00:00,15,80.56,80.59077384555475,0.5905851606877714,,0.0004964011022758896,1.0,0.0003819261328317225,-0.0018276195041835308,0.0025682910345494747,0.52,0.48,0.52,0.52,0.0014906835058559054
2026-07-05 14:30:00+00:00,5,81.16,81.17599739883947,0.5759601863974378,,-0.0011095359579984532,0.0,0.00019708997569978237,-0.0011831845622509718,0.0015582521446049213,0.48,0.52,0.52,0.52,0.004569319465996813
2026-07-05 14:30:00+00:00,10,81.16,81.16986602704873,0.5327476825919342,,0.0013544298074998906,1.0,0.00012155529111623764,-0.001959754154086113,0.002141494769603014,0.48,0.52,0.52,0.52,0.004569319465996813
2026-07-05 14:30:00+00:00,15,81.16,81.19399060663453,0.5887234640867895,,0.0014774688725580631,1.0,0.00041872216388583183,-0.002236980712041259,0.002961529418826103,0.52,0.48,0.52,0.52,0.004569319465996813
2026-07-05 20:15:00+00:00,5,81.09,81.07647254780616,0.4082176370844215,,-0.0008636111819217973,0.0,-0.000166834142873995,-0.001134749734774232,0.0008139362325891852,0.52,0.48,0.52,0.52,0.00037002775630323725
2026-07-05 20:15:00+00:00,10,81.09,81.07133597191866,0.40926870909738844,,-0.0002466699568506314,0.0,-0.00023019085347186774,-0.0016048864927142859,0.0011357530020177364,0.48,0.52,0.52,0.52,0.00037002775630323725
2026-07-05 20:15:00+00:00,15,81.09,81.06629072939164,0.40574780252210363,,-0.00037002775630323725,0.0,-0.00029242492746561766,-0.0019706925377249718,0.0013539085630327463,0.48,0.52,0.52,0.52,0.00037002775630323725
2026-07-06 02:00:00+00:00,5,81.58,81.59050813725293,0.5379368985345292,,-0.0020860183035260604,0.0,0.0001287994673475623,-0.0017394728492945433,0.001944210845977068,0.52,0.48,0.52,0.48,-0.007327829565851651
2026-07-06 02:00:00+00:00,10,81.58,81.5897994800536,0.5253847681131822,,-0.0036841500592403875,0.0,0.00012011389480903745,-0.002472278196364641,0.0026419416535645723,0.52,0.48,0.52,0.48,-0.007327829565851651
2026-07-06 02:00:00+00:00,15,81.58,81.5821391403123,0.5045324915391962,,-0.00380718912429856,0.0,2.6221037842333317e-05,-0.003085171338170767,0.0031286494340747595,0.52,0.48,0.52,0.48,-0.007327829565851651
2026-07-06 08:00:00+00:00,5,80.92,80.92289678852964,0.5123722956594757,,0.0008646779613536992,1.0,3.5797536838799715e-05,-0.0014919679379090667,0.0016836882568895817,0.48,0.52,0.52,0.48,0.006695623278489826
2026-07-06 08:00:00+00:00,10,80.92,80.93419954497948,0.5411896196664298,,0.0,,0.0001754609402269125,-0.002121641766279936,0.0026258325669914484,0.48,0.52,0.52,0.48,0.006695623278489826
2026-07-06 08:00:00+00:00,15,80.92,80.95696331655482,0.5824794181826438,,-0.0013602920541888608,0.0,0.0004566840943880379,-0.0025102600920945406,0.00356107740662992,0.52,0.48,0.52,0.48,0.006695623278489826
2026-07-06 13:45:00+00:00,5,80.52,80.7430637423854,0.810883379504474,,0.0031000086826136197,1.0,0.0027664597146213055,-0.0013024965301156044,0.007237609010189772,0.48,0.52,0.52,0.48,0.00885679088367386
2026-07-06 13:45:00+00:00,10,80.52,80.88805966655667,0.858526933779991,,-0.0016158104317218758,0.0,0.004560618661344051,-0.0007925739046186209,0.010963719338178635,0.48,0.52,0.52,0.48,0.00885679088367386
2026-07-06 13:45:00+00:00,15,80.52,81.02559700178719,0.9083187388130263,,-0.00398208589912219,0.0,0.006259516347199678,0.00018101540626958013,0.01394994743168354,0.48,0.52,0.52,0.48,0.00885679088367386
2026-07-06 19:45:00+00:00,5,82.09,82.1035350023743,0.5681711055315084,,-0.0014628796952358414,0.0,0.00016486644744873047,-0.0010713329538702965,0.0013990183360874653,0.48,0.52,0.52,0.48,0.0024393230780779263
2026-07-06 19:45:00+00:00,10,82.09,82.11851449968144,0.6011059603733214,,-0.0012189177520882666,0.0,0.00034729624167084694,-0.0015412094071507454,0.002210912760347128,0.48,0.52,0.52,0.48,0.0024393230780779263
2026-07-06 19:45:00+00:00,15,82.09,82.11873582970317,0.5840239550680374,,-0.001340891283983403,0.0,0.00034999148920178413,-0.002059951890259981,0.0027439678087830544,0.48,0.52,0.52,0.48,0.0024393230780779263
2026-07-07 01:30:00+00:00,5,81.97,81.97313820378885,0.5137226739429746,,-0.0003660545462134124,0.0,3.8284051697701216e-05,-0.0014456911012530327,0.0015921159647405148,0.52,0.48,0.52,0.48,-0.00523211025048731
2026-07-07 01:30:00+00:00,10,81.97,81.97551960480537,0.5162302541028112,,-0.000610165373741367,0.0,6.73346221446991e-05,-0.0022153370082378387,0.0024838708341121674,0.52,0.48,0.52,0.48,-0.00523211025048731
2026-07-07 01:30:00+00:00,15,81.97,81.98437878917771,0.5320384472381796,,0.0013410547575203324,1.0,0.00017539988039061427,-0.002773391781374812,0.0033021639101207256,0.52,0.48,0.52,0.48,-0.00523211025048731
2026-07-07 07:15:00+00:00,5,81.7,81.73881140916254,0.6547678977760694,,-0.0008571604026927915,0.0,0.0004749350482597947,-0.001078834873624146,0.0021589859388768673,0.48,0.52,0.52,0.48,0.008357964091413095
2026-07-07 07:15:00+00:00,10,81.7,81.75815719719765,0.6554254373906186,,-0.0009796718882979505,0.0,0.0007115851622074842,-0.0016658715903759003,0.0032623233273625374,0.48,0.52,0.52,0.48,0.008357964091413095
2026-07-07 07:15:00+00:00,15,81.7,81.7744840662684,0.651137814408977,,-0.0009796718882979505,0.0,0.0009112623520195484,-0.0022478587925434113,0.004157144110649824,0.48,0.52,0.52,0.48,0.008357964091413095
2026-07-07 13:15:00+00:00,5,81.28,81.26656975235976,0.4525084452387941,,-0.0003691626203252696,0.0,-0.00016524799866601825,-0.0019485490629449487,0.001612912630662322,0.48,0.52,0.52,0.48,-0.00613273110632484
2026-07-07 13:15:00+00:00,10,81.28,81.24528556501922,0.415918375577106,,-0.002710362630009122,0.0,-0.0004271881189197302,-0.0031628648284822702,0.0023026319686323404,0.52,0.48,0.52,0.48,-0.00613273110632484
2026-07-07 13:15:00+00:00,15,81.28,81.23083810272043,0.4075882281594102,,-0.002463662246372955,0.0,-0.0006050291704013944,-0.004180509597063065,0.0029102033004164696,0.52,0.48,0.52,0.48,-0.00613273110632484
2026-07-07 19:00:00+00:00,5,81.13,80.99490539595143,0.280417532953697,,0.0025850940721054982,1.0,-0.0016665500588715076,-0.005690285004675388,0.00207533105276525,0.52,0.48,0.52,0.48,-0.017835801415652774
2026-07-07 19:00:00+00:00,10,81.13,80.90776691322861,0.2651470713801388,,-0.0024682228993624378,0.0,-0.002742980606853962,-0.009013216942548752,0.002909889677539468,0.52,0.48,0.52,0.48,-0.017835801415652774
2026-07-07 19:00:00+00:00,15,81.13,80.8053906114644,0.24109690699537656,,-0.0012333499343393228,0.0,-0.004009127616882324,-0.012562848627567291,0.003229119349271059,0.52,0.48,0.52,0.48,-0.017835801415652774
2026-07-08 01:00:00+00:00,5,80.38,80.37059476010603,0.4569013035222059,,-0.0018678792554904788,0.0,-0.00011701654875651002,-0.0015171056147664785,0.0013328869827091694,0.52,0.48,0.52,0.48,-0.001988566402252978
2026-07-08 01:00:00+00:00,10,80.38,80.34483369348166,0.38457518532510526,,-0.0007467330776362857,0.0,-0.0004375964344944805,-0.0024635777808725834,0.0015902506420388818,0.52,0.48,0.52,0.48,-0.001988566402252978
2026-07-08 01:00:00+00:00,15,80.38,80.33028161489354,0.3695369453850429,,-0.0018678792554904788,0.0,-0.0006187331164255738,-0.0031502400524914265,0.0018955911509692669,0.52,0.48,0.52,0.48,-0.001988566402252978
2026-07-08 06:45:00+00:00,5,78.06,78.0325431310493,0.3683292434937333,,0.003325236469785331,1.0,-0.00035180244594812393,-0.0018929507350549102,0.0010652363998815417,0.52,0.48,0.52,0.48,-0.004473708490361439
2026-07-08 06:45:00+00:00,10,78.06,77.99854220064348,0.28564909223644475,,0.0026866260642774975,1.0,-0.000787624972872436,-0.003031617496162653,0.0010600698878988624,0.52,0.48,0.52,0.48,-0.004473708490361439
2026-07-08 06:45:00+00:00,15,78.06,77.96503369826479,0.2384065671176785,,0.0005122950931708559,1.0,-0.0012173214927315712,-0.0042173657566308975,0.0009875426767393947,0.52,0.48,0.52,0.48,-0.004473708490361439
2026-07-08 12:30:00+00:00,5,77.45,77.43773276212048,0.4468969285407641,,-0.0012919898438026323,0.0,-0.00015840167179703712,-0.001835159957408905,0.0014527169987559319,0.48,0.52,0.52,0.48,0.00375137882534915
2026-07-08 12:30:00+00:00,10,77.45,77.41807205464256,0.4070187965977108,,-0.0011627157178386582,0.0,-0.0004123244434595108,-0.0030391421169042587,0.0020499848760664463,0.52,0.48,0.52,0.48,0.00375137882534915
2026-07-08 12:30:00+00:00,15,77.45,77.39265100342341,0.37960057040813544,,-0.0019386112695007895,0.0,-0.0007407390512526035,-0.004172861576080322,0.0025264797732234,0.52,0.48,0.52,0.48,0.00375137882534915
2026-07-08 18:30:00+00:00,5,77.07,77.03708732888386,0.34456048981222565,,-0.0029887618895454438,0.0,-0.0004271402722224593,-0.001813609735108912,0.0010341533925384283,0.52,0.48,0.52,0.48,-0.006466654712879105
2026-07-08 18:30:00+00:00,10,77.07,77.03612225197077,0.3985832734635567,,-0.0014282934324505447,0.0,-0.0004396677832119167,-0.00277512613683939,0.001940820598974824,0.52,0.48,0.52,0.48,-0.006466654712879105
2026-07-08 18:30:00+00:00,15,77.07,77.05198616950089,0.4604527709849372,,-0.0007788162387427633,0.0,-0.000233760685659945,-0.003441674867644906,0.0029615876264870167,0.52,0.48,0.52,0.48,-0.006466654712879105
2026-07-09 00:15:00+00:00,5,77.79,77.79749151324738,0.5357797593713343,,-0.0016725639151617955,0.0,9.62996855378151e-05,-0.001236424781382084,0.0015609702095389366,0.48,0.52,0.52,0.48,0.0027032262068615864
2026-07-09 00:15:00+00:00,10,77.79,77.809119292171,0.5656254585427605,,-0.0027032262068615864,0.0,0.0002457506489008665,-0.0016809178050607443,0.0022925082594156265,0.48,0.52,0.52,0.48,0.0027032262068615864
2026-07-09 00:15:00+00:00,15,77.79,77.82484003610176,0.5962756174264079,,-0.0006429627946058503,0.0,0.0004477726761251688,-0.0019480506889522076,0.002988555934280157,0.48,0.52,0.52,0.48,0.0027032262068615864
2026-07-09 06:15:00+00:00,5,78.21,78.15805745074901,0.292855356238095,,-0.00038365624871161685,0.0,-0.0006643626838922501,-0.0022044568322598934,0.0010479725897312164,0.48,0.52,0.52,0.48,0.0006395088789927783
2026-07-09 06:15:00+00:00,10,78.21,78.08261475490569,0.1861150919593374,,0.0022988515871107396,1.0,-0.0016300869174301624,-0.003935556858778,0.000766693614423275,0.52,0.48,0.52,0.48,0.0006395088789927783
2026-07-09 06:15:00+00:00,15,78.21,78.02556081930051,0.15839607677398337,,0.002426410742842222,1.0,-0.0023610407952219248,-0.005316205322742462,0.0006450205110013485,0.52,0.48,0.52,0.48,0.0006395088789927783
2026-07-09 12:00:00+00:00,5,77.63,77.59652838847862,0.33823995998040135,,-0.002450507449267114,0.0,-0.00043126149103045464,-0.0018186243250966072,0.0009567881934344769,0.48,0.52,0.52,0.48,-0.001287332824539078
2026-07-09 12:00:00+00:00,10,77.63,77.57224392961896,0.31624723785277464,,0.0006438735654805683,1.0,-0.0007442685309797525,-0.002909617032855749,0.001379588502459228,0.48,0.52,0.52,0.48,-0.001287332824539078
2026-07-09 12:00:00+00:00,15,77.63,77.54837054099181,0.3072913649015978,,-0.0001288244768291591,0.0,-0.001052072737365961,-0.0039440118707716465,0.0017324414802715182,0.48,0.52,0.52,0.48,-0.001287332824539078
2026-07-09 17:45:00+00:00,5,78.09,78.09133914245302,0.5041452400020936,,-0.0002561475423838999,0.0,1.7148558981716633e-05,-0.0020760665647685528,0.002140589989721775,0.52,0.48,0.52,0.48,0.005135458712254071
2026-07-09 17:45:00+00:00,10,78.09,78.09406938964015,0.5092135498914026,,-0.0003842459221141681,0.0,5.211017560213804e-05,-0.0028635284397751093,0.003005960490554571,0.48,0.52,0.52,0.48,0.005135458712254071
2026-07-09 17:45:00+00:00,15,78.09,78.08545023268786,0.4917278822650706,,0.0,,-5.826482083648443e-05,-0.0036399615928530693,0.0036247307434678078,0.48,0.52,0.52,0.48,0.005135458712254071
2026-07-09 23:45:00+00:00,5,78.03,78.02419983146262,0.46665230253626566,,0.00025627883277135055,1.0,-7.433530845446512e-05,-0.00129652488976717,0.001057057292200625,0.52,0.48,0.52,0.48,-0.0029432486535965197
2026-07-09 23:45:00+00:00,10,78.03,78.02006498857443,0.4571415360714456,,0.0014087214982545504,1.0,-0.0001273310772376135,-0.0017749150283634663,0.0014091272605583072,0.48,0.52,0.52,0.48,-0.0029432486535965197
2026-07-09 23:45:00+00:00,15,78.03,78.01865372773484,0.4589171422142849,,-0.0003845414390779567,0.0,-0.0001454196753911674,-0.002076650969684124,0.0016853485722094774,0.48,0.52,0.52,0.48,-0.0029432486535965197
2026-07-10 05:30:00+00:00,5,79.08,79.06497099528391,0.3903475063517685,,0.0023997485466482615,1.0,-0.00019006617367267609,-0.001149565912783146,0.0007929401472210884,0.48,0.52,0.52,0.48,0.0025322880080365096
2026-07-10 05:30:00+00:00,10,79.08,79.06450304629233,0.4204074241823953,,0.0010111224319491185,1.0,-0.00019598472863435745,-0.0016013318672776222,0.0012053013779222965,0.48,0.52,0.52,0.48,0.0025322880080365096
2026-07-10 05:30:00+00:00,15,79.08,79.06057072740903,0.41892626461893967,,0.0016425551737722088,1.0,-0.0002457215450704098,-0.0019464930519461632,0.0014578443951904774,0.48,0.52,0.52,0.48,0.0025322880080365096
2026-07-10 11:30:00+00:00,5,79.34,79.32622006637416,0.4244447471510693,,-0.0010088273238952894,0.0,-0.0001736971316859126,-0.0013612793991342187,0.0010295553365722299,0.52,0.48,0.52,0.48,-0.0030203899125984535
2026-07-10 11:30:00+00:00,10,79.34,79.31237541009278,0.39340332583071436,,-0.0018923868638633934,0.0,-0.0003482404863461852,-0.0021104966290295124,0.0014093909412622452,0.5,0.5,0.52,0.48,-0.0030203899125984535
2026-07-10 11:30:00+00:00,15,79.34,79.30498719160097,0.3931864174409003,,0.0005040322687355214,1.0,-0.00044139823876321316,-0.0026396780740469694,0.0017655270639806986,0.52,0.48,0.52,0.48,-0.0030203899125984535
2026-07-10 17:15:00+00:00,5,77.87,77.8490700013032,0.42194359147016713,,-0.00192814507965533,0.0,-0.000268817413598299,-0.0020506600849330425,0.0015897699631750584,0.52,0.48,0.52,0.48,-0.0037172381456329617
2026-07-10 17:15:00+00:00,10,77.87,77.85015631528285,0.45015432337691785,,-0.0001284274065849189,0.0,-0.0002548634074628353,-0.0029960228130221367,0.002577632199972868,0.52,0.48,0.52,0.48,-0.0037172381456329617
2026-07-10 17:15:00+00:00,15,77.87,77.84676108161068,0.4537329496116226,,-0.0012850168820426333,0.0,-0.00029847677797079086,-0.003767075017094612,0.0032672053202986717,0.52,0.48,0.52,0.48,-0.0037172381456329617
2026-07-10 23:00:00+00:00,5,78.15,78.15108620074353,0.5105102474692743,,-0.001793033267263766,0.0,1.3898825272917747e-05,-0.0006807775935158134,0.0007029271218925714,0.52,0.48,0.52,0.48,0.00230591954597692
2026-07-10 23:00:00+00:00,10,78.15,78.15387627466633,0.5265077811630712,,-0.001793033267263766,0.0,4.9599213525652885e-05,-0.0009746367577463388,0.0010537493508309126,0.48,0.52,0.52,0.48,0.00230591954597692
2026-07-10 23:00:00+00:00,15,78.15,78.15560367134293,0.5309678240049395,,-0.001024196735285976,0.0,7.170147728174925e-05,-0.001203202293254435,0.0013357806019484997,0.48,0.52,0.52,0.48,0.00230591954597692
2026-07-11 05:00:00+00:00,5,77.69,77.69801612900736,0.5570452791496554,,0.00012870841127199384,1.0,0.00010317564010620117,-0.0009418191621080041,0.0009943883633241057,0.52,0.48,0.52,0.48,-0.0012863392563531306
2026-07-11 05:00:00+00:00,10,77.69,77.7064693470831,0.5884512565211287,,0.0009006111898539615,1.0,0.0002119655255228281,-0.001152725308202207,0.0014280336908996105,0.52,0.48,0.52,0.48,-0.0012863392563531306
2026-07-11 05:00:00+00:00,15,77.69,77.71416039278849,0.6087312439360093,,0.0007720020970136687,1.0,0.0003109362442046404,-0.0012724624248221517,0.0017562813591212034,0.52,0.48,0.52,0.52,-0.0012863392563531306
2026-07-11 10:45:00+00:00,5,78.02,78.03140597310882,0.5886209541903652,,0.000640656053689348,1.0,0.00014618225395679474,-0.0006860452704131603,0.0010101988445967436,0.48,0.52,0.52,0.48,0.0016676291466533044
2026-07-11 10:45:00+00:00,10,78.02,78.04054825721971,0.613913987363496,,0.000640656053689348,1.0,0.00026333698770031333,-0.0009346259757876396,0.0014774017035961151,0.48,0.52,0.52,0.48,0.0016676291466533044
2026-07-11 10:45:00+00:00,15,78.02,78.04788283393906,0.6248604401675969,,-0.00012818047828844215,0.0,0.00035731674870476127,-0.0011248220689594746,0.001851785695180297,0.48,0.52,0.52,0.52,0.0016676291466533044
2026-07-11 16:45:00+00:00,5,77.76,77.73371857402917,0.40619548959622165,,0.001413609436711205,1.0,-0.0003380384296178818,-0.002271561650559306,0.0015425102319568396,0.52,0.48,0.52,0.48,-0.006026045544805569
2026-07-11 16:45:00+00:00,10,77.76,77.696928367091,0.35919967401511943,,0.001413609436711205,1.0,-0.0008114355150610209,-0.003916939254850149,0.0021092998795211315,0.52,0.48,0.52,0.48,-0.006026045544805569
2026-07-11 16:45:00+00:00,15,77.76,77.67885779050131,0.35484780555027273,,0.0021838277032859565,1.0,-0.0010440403129905462,-0.005065503064543009,0.0025919200852513313,0.52,0.48,0.52,0.52,-0.006026045544805569
2026-07-11 22:30:00+00:00,5,77.94,77.9748283338345,0.7074441670907503,,0.0005130836438880237,1.0,0.00044676102697849274,-0.0007640611147508025,0.001421312103047967,0.48,0.52,0.52,0.48,-0.003969529509699754
2026-07-11 22:30:00+00:00,10,77.94,77.9921376758207,0.7129992157011998,,0.000256574728796366,1.0,0.0006687226705253124,-0.0010296315886080265,0.0020729138050228357,0.48,0.52,0.52,0.48,-0.003969529509699754
2026-07-11 22:30:00+00:00,15,77.94,77.99859713063044,0.697004361293706,,0.0,,0.000751541112549603,-0.001338483765721321,0.0025124200619757175,0.52,0.48,0.52,0.52,-0.003969529509699754
2026-07-12 04:15:00+00:00,5,76.9,76.90572032717576,0.538190986011127,,-0.00013004746750944207,0.0,7.438380271196365e-05,-0.0009831893257796764,0.001099348533898592,0.52,0.48,0.52,0.52,-0.0005200208125506478
2026-07-12 04:15:00+00:00,10,76.9,76.90246461821405,0.51137280919541,,0.0007799298458524007,1.0,3.2049138098955154e-05,-0.001599351642653346,0.001498130732215941,0.52,0.48,0.52,0.52,-0.0005200208125506478
2026-07-12 04:15:00+00:00,15,76.9,76.89553819453751,0.48316782931494706,,-0.00026011184956153954,0.0,-5.802256055176258e-05,-0.0022239936515688896,0.0017718987073749304,0.52,0.48,0.52,0.52,-0.0005200208125506478
2026-07-12 10:15:00+00:00,5,76.72,76.73171233129771,0.5913916359244176,,0.0013025923425757924,1.0,0.00015265168622136116,-0.0007568231085315347,0.0010557598434388638,0.48,0.52,0.52,0.52,0.0018264845260347329
2026-07-12 10:15:00+00:00,10,76.72,76.73623100507827,0.5852601594087228,,0.00039095589212401194,1.0,0.00021153921261429787,-0.0011522267013788223,0.0015825475566089153,0.48,0.52,0.52,0.52,0.0018264845260347329
2026-07-12 10:15:00+00:00,15,76.72,76.7395773436509,0.5793301848368504,,0.0007817589974683514,1.0,0.00025514658773317933,-0.001494705444201827,0.0020380273927003145,0.52,0.48,0.52,0.52,0.0018264845260347329
2026-07-12 16:00:00+00:00,5,77.49,77.51667269859679,0.6407840866010613,,0.000258064517561607,1.0,0.0003441490407567471,-0.0009438202250748873,0.0016875527799129486,0.48,0.52,0.52,0.52,0.0005163289129814785
2026-07-12 16:00:00+00:00,10,77.49,77.52788632077691,0.6391399262027163,,0.0018050546417303082,1.0,0.0004887993563897908,-0.001334283733740449,0.0023412106093019247,0.48,0.52,0.52,0.52,0.0005163289129814785
2026-07-12 16:00:00+00:00,15,77.49,77.5374553828973,0.6422919141331312,,-0.0007745933772262958,0.0,0.0006122190970927477,-0.0016004843637347221,0.0029336735606193542,0.48,0.52,0.52,0.52,0.0005163289129814785
2026-07-12 22:00:00+00:00,5,76.86,76.93300410213543,0.704649734436782,,-0.0029969401543850083,0.0,0.00094938138499856,-0.0015962044708430767,0.0031606804113835096,0.52,0.48,0.52,0.52,-0.007905179507113225
2026-07-12 22:00:00+00:00,10,76.86,76.93541066545681,0.6684906738859853,,-0.00026024723634154867,0.0,0.0009806621819734573,-0.0022882078774273396,0.0038399186450988054,0.52,0.48,0.52,0.52,-0.007905179507113225
2026-07-12 22:00:00+00:00,15,76.86,76.93867428978754,0.6454227044888478,,-0.0013019139971985894,0.0,0.0010230815969407558,-0.002985733561217785,0.004459520801901817,0.52,0.48,0.52,0.52,-0.007905179507113225
2026-07-13 03:45:00+00:00,5,75.74,75.76335659827335,0.575872468763464,,0.0022420055550274043,1.0,0.00030833110213279724,-0.0019696829840540886,0.0025921911001205444,0.52,0.48,0.52,0.52,-0.009984318358840838
2026-07-13 03:45:00+00:00,10,75.74,75.77323318978053,0.5705933925616862,,0.0021102619279353974,1.0,0.0004386836662888527,-0.0030817976221442223,0.004100352060049772,0.48,0.52,0.52,0.52,-0.009984318358840838
2026-07-13 03:45:00+00:00,15,75.74,75.76525102017541,0.5395522256111037,,0.001319435473117636,1.0,0.0003333352506160736,-0.004252295941114426,0.005028187297284603,0.52,0.48,0.52,0.52,-0.009984318358840838
2026-07-13 09:30:00+00:00,5,76.65,76.67383648681052,0.6316894551742083,,-0.00013047165521840043,0.0,0.00031092995777726173,-0.0009469132637605071,0.0015115502756088972,0.52,0.48,0.52,0.52,0.0022203365746769066
2026-07-13 09:30:00+00:00,10,76.65,76.69357560320061,0.6654841357615713,,0.0003913128596204629,1.0,0.0005683394847437739,-0.0012817378155887127,0.0023770697880536318,0.48,0.52,0.52,0.52,0.0022203365746769066
2026-07-13 09:30:00+00:00,15,76.65,76.69577202502884,0.6368312556333429,,0.0003913128596204629,1.0,0.0005969780031591654,-0.0017485114512965083,0.002916890662163496,0.52,0.48,0.52,0.52,0.0022203365746769066
2026-07-13 15:30:00+00:00,5,76.2,76.219615391531,0.5697045112574243,,-0.003286233650818815,0.0,0.0002573867095634341,-0.0017190215876325965,0.0022227901499718428,0.48,0.52,0.52,0.52,0.004208317625787217
2026-07-13 15:30:00+00:00,10,76.2,76.22443222088084,0.5629792240659885,,-0.004076539276779201,0.0,0.0003205814282409847,-0.002499726600944996,0.00305036548525095,0.48,0.52,0.52,0.52,0.004208317625787217
2026-07-13 15:30:00+00:00,15,76.2,76.23480302871258,0.5718107794215412,,-0.00473560474583401,0.0,0.00045662838965654373,-0.003011210123077035,0.003844935679808259,0.48,0.52,0.52,0.52,0.004208317625787217
2026-07-13 21:15:00+00:00,5,74.57,74.55805463036779,0.44951382366752757,,0.00013409319497181826,1.0,-0.00016020284965634346,-0.0018882118165493011,0.0014194240793585777,0.48,0.52,0.52,0.52,-0.006549512151171832
2026-07-13 21:15:00+00:00,10,74.57,74.54283410834158,0.41877425181402017,,-0.000536552662100398,0.0,-0.00036436691880226135,-0.0028465217910706997,0.0020049642771482468,0.52,0.48,0.52,0.52,-0.006549512151171832
2026-07-13 21:15:00+00:00,15,74.57,74.53225025212342,0.4067472272461814,,-0.000536552662100398,0.0,-0.000506360549479723,-0.0036113853566348553,0.00241581117734313,0.52,0.48,0.52,0.52,-0.006549512151171832
2026-07-14 03:15:00+00:00,5,74.78,74.79315363986962,0.5585216600771835,,-0.0022759230655440277,0.0,0.000175882363691926,-0.0013391370885074139,0.0017083424609154463,0.5,0.5,0.52,0.48,-0.004669476832101616
2026-07-14 03:15:00+00:00,10,74.78,74.79386246395221,0.5405848928074612,,-0.0016059960625298686,0.0,0.0001853594440035522,-0.002178291790187359,0.0025748193729668856,0.52,0.48,0.52,0.48,-0.004669476832101616
2026-07-14 03:15:00+00:00,15,74.78,74.78348570891418,0.5079689499305489,,0.0008020318569217366,1.0,4.6611763536930084e-05,-0.002970835193991661,0.0030754143372178078,0.52,0.48,0.52,0.48,-0.004669476832101616
2026-07-14 09:00:00+00:00,5,75.17,75.2032117297822,0.7521529826383072,,0.001196569975913775,1.0,0.00044172402704134583,-0.0004069973947480321,0.001319654518738389,0.52,0.48,0.52,0.48,0.002530803881612087
2026-07-14 09:00:00+00:00,10,75.17,75.22073871375609,0.756475316454889,,0.0,,0.0006747585139237344,-0.0006098139565438032,0.0019729193300008774,0.52,0.48,0.52,0.48,0.002530803881612087
2026-07-14 09:00:00+00:00,15,75.17,75.23817914130608,0.7675819975359375,,0.0014622800877468478,1.0,0.000906588276848197,-0.0007178382948040962,0.002577173290774226,0.52,0.48,0.52,0.48,0.002530803881612087
2026-07-14 14:45:00+00:00,5,77.04,77.02112620265025,0.4564727157213433,,-0.00025963910310711213,0.0,-0.00024501699954271317,-0.003330403473228216,0.0030922871083021164,0.52,0.48,0.52,0.48,-0.00168601297964166
2026-07-14 14:45:00+00:00,10,77.04,76.98705417078094,0.4212726338084949,,0.0027221482879848935,1.0,-0.0006874874234199524,-0.005748571828007698,0.004303827881813049,0.52,0.48,0.52,0.48,-0.00168601297964166
2026-07-14 14:45:00+00:00,15,77.04,76.98951975064783,0.443914837529246,,0.0032398136289097934,1.0,-0.0006554620340466499,-0.007277165539562702,0.005807757377624512,0.48,0.52,0.52,0.48,-0.00168601297964166
2026-07-14 20:45:00+00:00,5,77.04,77.03782558030866,0.4831749679153129,,0.0003893323000312421,1.0,-2.822495298460126e-05,-0.0009005913743749261,0.0008564638555981219,0.48,0.52,0.52,0.48,-0.002592690070443382
2026-07-14 20:45:00+00:00,10,77.04,77.04919983544058,0.5450700150845998,,0.0006488029813009888,1.0,0.00011940921831410378,-0.0012536675203591585,0.001538057578727603,0.48,0.52,0.52,0.48,-0.002592690070443382
2026-07-14 20:45:00+00:00,15,77.04,77.0611974492323,0.5810418608893988,,0.0023337233462203955,1.0,0.0002751107676886022,-0.0015303611289709806,0.00213793758302927,0.48,0.52,0.52,0.48,-0.002592690070443382
2026-07-15 02:30:00+00:00,5,77.2,77.18054826235037,0.39743641828392284,,-0.0018151178327192596,0.0,-0.0002519972622394562,-0.0013962944503873587,0.0010944870300590992,0.48,0.52,0.52,0.48,-0.007227703121452933
2026-07-15 02:30:00+00:00,10,77.2,77.17082243476715,0.39194492908532297,,-0.001296176461447196,0.0,-0.00037801917642354965,-0.0020784297958016396,0.001603130716830492,0.52,0.48,0.52,0.52,-0.007227703121452933
2026-07-15 02:30:00+00:00,15,77.2,77.1713417848318,0.4169219383997993,,0.0009063249147622798,1.0,-0.0003712893230840564,-0.002567889867350459,0.0021896502003073692,0.52,0.48,0.52,0.52,-0.007227703121452933
2026-07-15 08:30:00+00:00,5,77.38,77.37632502275082,0.48272168378540004,,0.0,,-4.749372601509094e-05,-0.0014533312059938908,0.0013881135964766145,0.48,0.52,0.52,0.48,-0.0020655829704159245
2026-07-15 08:30:00+00:00,10,77.38,77.37433167859578,0.4813901038940299,,0.0011624153714437924,1.0,-7.325573824346066e-05,-0.002175000263378024,0.00208085123449564,0.52,0.48,0.52,0.52,-0.0020655829704159245
2026-07-15 08:30:00+00:00,15,77.38,77.36727185893402,0.4674794218273389,,0.0021945403501808514,1.0,-0.00016450230032205582,-0.002831403398886323,0.0025488699320703745,0.52,0.48,0.52,0.52,-0.0020655829704159245
2026-07-15 14:15:00+00:00,5,78.1,78.03179943375663,0.3712589385204246,,-0.0012812301560485295,0.0,-0.0008736281888559461,-0.004426645115017891,0.0026157302781939507,0.52,0.48,0.52,0.48,-0.009049835519918226
2026-07-15 14:15:00+00:00,10,78.1,77.98271694019506,0.34967978330024996,,-0.00333461896789089,0.0,-0.0015028323978185654,-0.006541084963828325,0.00365661783143878,0.52,0.48,0.52,0.52,-0.009049835519918226
2026-07-15 14:15:00+00:00,15,78.1,77.9331814121882,0.32848318246908526,,0.0006400000218453883,1.0,-0.002138245850801468,-0.00841483287513256,0.004260365851223469,0.52,0.48,0.52,0.52,-0.009049835519918226
2026-07-15 20:00:00+00:00,5,77.18,77.15535110943532,0.38013786671393,,0.0007771014508408669,1.0,-0.00031941989436745644,-0.0018431483767926693,0.0010487150866538286,0.52,0.48,0.52,0.48,-0.005040398393307832
2026-07-15 20:00:00+00:00,10,77.18,77.1397278863103,0.36826926613941513,,0.0009065596683823784,1.0,-0.0005219308659434319,-0.002801555674523115,0.0015800697728991508,0.48,0.52,0.52,0.52,-0.005040398393307832
2026-07-15 20:00:00+00:00,15,77.18,77.12504672460938,0.36211439001871193,,0.0009065596683823784,1.0,-0.000712268054485321,-0.0037559987977147102,0.002018171828240156,0.52,0.48,0.52,0.52,-0.005040398393307832
2026-07-16 02:00:00+00:00,5,77.08,77.09689941548056,0.5786785593566983,,-0.0006488871812910801,0.0,0.00021922111045569181,-0.0012563043273985386,0.0016688311006873846,0.52,0.48,0.52,0.52,0.0010384216924812506
2026-07-16 02:00:00+00:00,10,77.08,77.11398511515789,0.6103557487437723,,-0.0009085599950067191,0.0,0.00044080987572669983,-0.0017114677466452122,0.002572363242506981,0.52,0.48,0.52,0.52,0.0010384216924812506
2026-07-16 02:00:00+00:00,15,77.08,77.13311813248613,0.637645722050875,,-0.0012981956905653291,0.0,0.0006888925563544035,-0.0019888223614543676,0.0033095339313149452,0.48,0.52,0.52,0.52,0.0010384216924812506
2026-07-16 07:45:00+00:00,5,76.39,76.44249225610021,0.6406767898462571,,-0.001441016821050134,0.0,0.000686925370246172,-0.0019611092284321785,0.003100695786997676,0.48,0.52,0.52,0.52,-0.011195118224586409
2026-07-16 07:45:00+00:00,10,76.39,76.46280809597393,0.6291610089841857,,-0.0015721213771211495,0.0,0.0009526563808321953,-0.003050544299185276,0.00474493158981204,0.52,0.48,0.52,0.52,-0.011195118224586409
2026-07-16 07:45:00+00:00,15,76.39,76.46911403097437,0.6082372242654172,,0.0009159307149984031,1.0,0.001035123597830534,-0.004206484649330378,0.005831846967339516,0.52,0.48,0.52,0.52,-0.011195118224586409
2026-07-16 13:45:00+00:00,5,76.34,76.36974603133494,0.6012000564234061,,0.00026195154046337876,1.0,0.00038957607466727495,-0.001672262791544199,0.0024439075496047735,0.52,0.48,0.52,0.52,0.007230689493145981
2026-07-16 13:45:00+00:00,10,76.34,76.38859225013387,0.6136265013510142,,-0.0006551792149451785,0.0,0.0006363216089084744,-0.0023676417768001556,0.003671317594125867,0.52,0.48,0.52,0.52,0.007230689493145981
2026-07-16 13:45:00+00:00,15,76.34,76.42037326092459,0.6515019821208297,,0.0011782419377093234,1.0,0.0010522790253162384,-0.002703107660636306,0.004804404452443123,0.52,0.48,0.52,0.52,0.007230689493145981
2026-07-16 19:30:00+00:00,5,75.87,75.9083113365006,0.6662339904980541,,0.0003953350516008314,1.0,0.0005048328312113881,-0.0010617268271744251,0.002087988890707493,0.48,0.52,0.52,0.52,0.0010549915260460452
2026-07-16 19:30:00+00:00,10,75.87,75.9181432966384,0.6413093364996364,,-0.00026364355544217233,0.0,0.0006343486020341516,-0.0016668483149260283,0.0030595583375543356,0.48,0.52,0.52,0.52,0.0010549915260460452
2026-07-16 19:30:00+00:00,15,75.87,75.91307475550276,0.6019014497213997,,-0.0009230567016578206,0.0,0.0005675831343978643,-0.0023043458350002766,0.003639815840870142,0.48,0.52,0.52,0.52,0.0010549915260460452
2026-07-17 01:15:00+00:00,5,75.67,75.68063325360531,0.5552247500141981,,-0.0025140602060806927,0.0,0.00014051151811145246,-0.0012335525825619698,0.0013547171838581562,0.5,0.5,0.52,0.48,0.004370578442535411
2026-07-17 01:15:00+00:00,10,75.67,75.68444235433996,0.5543678321216795,,-0.0017194634221198157,0.0,0.00019084149971604347,-0.0017647675704210997,0.0019218423403799534,0.48,0.52,0.52,0.48,0.004370578442535411
2026-07-17 01:15:00+00:00,15,75.67,75.69777206952028,0.5861620843382419,,-0.0009254975209431748,0.0,0.0003669482539407909,-0.002042983425781131,0.0024851136840879917,0.48,0.52,0.52,0.48,0.004370578442535411
2026-07-17 07:15:00+00:00,5,74.55,74.53499263289333,0.40842515282066927,,-0.0008051530225623438,0.0,-0.00020132632926106453,-0.0013917749747633934,0.0009360818658024073,0.48,0.52,0.52,0.48,0.0002683123171447477
2026-07-17 07:15:00+00:00,10,74.55,74.52698988703557,0.41041461570530213,,-0.0006709158252338199,0.0,-0.00030870107002556324,-0.002249517012387514,0.0015743155963718891,0.52,0.48,0.52,0.48,0.0002683123171447477
2026-07-17 07:15:00+00:00,15,74.55,74.52364354469773,0.42376224601872625,,0.0010725299325482496,1.0,-0.00035360315814614296,-0.0029429886490106583,0.0022246071603149176,0.52,0.48,0.52,0.48,0.0002683123171447477
2026-07-17 13:00:00+00:00,5,74.34,74.3262167541847,0.43226969112987035,,-0.0028288562004776807,0.0,-0.00018542539328336716,-0.0016410008538514376,0.0011750421253964305,0.52,0.48,0.52,0.48,-0.006970537607177363
2026-07-17 13:00:00+00:00,10,74.34,74.31643971334904,0.41882857986101796,,-0.006613155891717071,0.0,-0.0003169763367623091,-0.002451583044603467,0.0016822031466290355,0.52,0.48,0.52,0.48,-0.006970537607177363
2026-07-17 13:00:00+00:00,15,74.34,74.31511167426915,0.4323356823526201,,-0.007832585620767496,0.0,-0.0003348465543240309,-0.003099162597209215,0.002212454564869404,0.52,0.48,0.52,0.48,-0.006970537607177363
2026-07-17 19:00:00+00:00,5,75.31,75.31006421127766,0.5002987188209171,,-0.0002656042512292345,0.0,8.526258170604706e-07,-0.0014982600696384907,0.0014378633350133896,0.52,0.48,0.52,0.48,0.0013287272749487045
2026-07-17 19:00:00+00:00,10,75.31,75.30696575516295,0.490720232004925,,-0.0022598879674369243,0.0,-4.029087722301483e-05,-0.0025059536565095186,0.0022629438899457455,0.48,0.52,0.52,0.48,0.0013287272749487045
2026-07-17 19:00:00+00:00,15,75.31,75.30914853066992,0.4980988206110397,,-0.003325134406384933,0.0,-1.130625605583191e-05,-0.0033339231740683317,0.003064405173063278,0.48,0.52,0.52,0.48,0.0013287272749487045
2026-07-18 00:45:00+00:00,5,75.11,75.11891153451245,0.5889159530691555,,0.00026624068314884397,1.0,0.00011863940744660795,-0.000578059465624392,0.0008730024565011263,0.52,0.48,0.52,0.48,0.0009324009999511773
2026-07-18 00:45:00+00:00,10,75.11,75.13789928801972,0.6783410378114778,,-0.00026631158612744343,0.0,0.0003713767509907484,-0.0006896844133734703,0.001536592491902411,0.5,0.5,0.52,0.48,0.0009324009999511773
2026-07-18 00:45:00+00:00,15,75.11,75.15712943394118,0.7263861542004432,,-0.00026631158612744343,0.0,0.0006272753817029297,-0.0007367547368630767,0.0020655663684010506,0.52,0.48,0.52,0.48,0.0009324009999511773
2026-07-18 06:30:00+00:00,5,75.01,74.98334447395587,0.26930278290530263,,-0.0002666666682475949,0.0,-0.00035542278783395886,-0.001089393044821918,0.000388036307413131,0.52,0.48,0.52,0.48,-0.00013330667219602077
2026-07-18 06:30:00+00:00,10,75.01,74.97424166494558,0.28660936083863453,,0.00039986671642378013,1.0,-0.00047682790318503976,-0.001553824171423912,0.0006371078779920936,0.52,0.48,0.52,0.48,-0.00013330667219602077
2026-07-18 06:30:00+00:00,15,75.01,74.97173707672113,0.3105921606193339,,0.00039986671642378013,1.0,-0.000510234443936497,-0.001854283269494772,0.0008482512203045189,0.48,0.52,0.52,0.48,-0.00013330667219602077
2026-07-18 12:30:00+00:00,5,74.78,74.79386850236206,0.5933095468779838,,0.0016034209742068484,1.0,0.00018544017802923918,-0.0009199472842738032,0.00115194171667099,0.52,0.48,0.52,0.48,-0.003204275104773835
2026-07-18 12:30:00+00:00,10,74.78,74.80608296115709,0.6254917772430018,,0.002003874827251728,1.0,0.00034873513504862785,-0.0011971162166446447,0.0017325400840491056,0.52,0.48,0.52,0.48,-0.003204275104773835
2026-07-18 12:30:00+00:00,15,74.78,74.81598941992894,0.6398785512612243,,0.002937643987342753,1.0,0.0004811548860743642,-0.001418426283635199,0.002179440576583147,0.52,0.48,0.52,0.48,-0.003204275104773835
2026-07-18 18:15:00+00:00,5,75.3,75.31180553061395,0.5945405324953594,,0.0007964954622599052,1.0,0.00015676766633987427,-0.0007699133129790425,0.0011621182784438133,0.52,0.48,0.52,0.48,0.0021270946600244756
2026-07-18 18:15:00+00:00,10,75.3,75.3139994761722,0.5717845785641268,,0.0019900504080103687,1.0,0.00018589873798191547,-0.0012750920141115785,0.001705586677417159,0.52,0.48,0.52,0.48,0.0021270946600244756
2026-07-18 18:15:00+00:00,15,75.3,75.31647716471994,0.5644864950179792,,0.0014597574087078513,1.0,0.00021879631094634533,-0.001694169593974948,0.002081975108012557,0.52,0.48,0.52,0.48,0.0021270946600244756
2026-07-19 00:15:00+00:00,5,75.5,75.50812791175584,0.5867197222553064,,0.0,,0.00010764866601675749,-0.0005565844476222992,0.0008075138321146369,0.52,0.48,0.52,0.52,0.0007950179297768756
2026-07-19 00:15:00+00:00,10,75.5,75.517655662981,0.636601639628905,,0.0006620324637696129,1.0,0.0002338225021958351,-0.0006449451902881265,0.001175984856672585,0.52,0.48,0.52,0.52,0.0007950179297768756
2026-07-19 00:15:00+00:00,15,75.5,75.5249556484074,0.6627966288344499,,-0.00013245910344572565,0.0,0.00033048377372324467,-0.0006979241734370589,0.0014175877440720797,0.52,0.48,0.52,0.52,0.0007950179297768756
2026-07-19 06:00:00+00:00,5,75.96,75.96636459583178,0.5604937607482732,,0.0006580246338643292,1.0,8.378527127206326e-05,-0.0006382155697792768,0.0008223881013691425,0.52,0.48,0.52,0.52,-0.0005264543422462964
2026-07-19 06:00:00+00:00,10,75.96,75.96032465921246,0.5021538948924636,,0.0002632618153945998,1.0,4.274072125554085e-06,-0.001055405242368579,0.0010738555574789643,0.52,0.48,0.52,0.52,-0.0005264543422462964
2026-07-19 06:00:00+00:00,15,75.96,75.96234095716511,0.5126492077849659,,0.0006580246338643292,1.0,3.0817813239991665e-05,-0.0012880244757980108,0.0013887281529605389,0.52,0.48,0.52,0.52,-0.0005264543422462964
2026-07-19 11:45:00+00:00,5,76.18,76.18526748389203,0.5354419090919127,,-0.0006565557323376936,0.0,6.914284313097596e-05,-0.0009142933413386345,0.0010647643357515335,0.48,0.52,0.52,0.52,-0.0014429070516799314
2026-07-19 11:45:00+00:00,10,76.18,76.181191313067,0.5057940018292603,,-0.0011821108620271303,0.0,1.563801197335124e-05,-0.0013948276173323393,0.0014043758856132627,0.52,0.48,0.52,0.52,-0.0014429070516799314
2026-07-19 11:45:00+00:00,15,76.18,76.1833078343736,0.5132405446551283,,-0.0019709618101133586,0.0,4.342035390436649e-05,-0.001671123318374157,0.0016994434408843517,0.52,0.48,0.52,0.52,-0.0014429070516799314
2026-07-19 17:45:00+00:00,5,75.98,75.98895729368192,0.5536362381976562,,0.0007893698607492894,1.0,0.00011788320261985064,-0.0010336951818317175,0.0013193187769502401,0.52,0.48,0.52,0.52,0.0001316222443490389
2026-07-19 17:45:00+00:00,10,75.98,75.99255794277646,0.550455544251385,,0.00013160492221420128,1.0,0.0001652659266255796,-0.0015868335030972958,0.001955668907612562,0.52,0.48,0.52,0.52,0.0001316222443490389
2026-07-19 17:45:00+00:00,15,75.98,75.99995501376884,0.5613114049190527,,-0.0003949187176974789,0.0,0.00026260060258209705,-0.0020158279221504927,0.0025566897820681334,0.52,0.48,0.52,0.52,0.0001316222443490389
2026-07-19 23:30:00+00:00,5,76.28,76.29123796963212,0.5562540092652648,,0.002356947536048537,1.0,0.00014731439296156168,-0.0012588310055434704,0.0015388475731015205,0.52,0.48,0.52,0.52,0.0015743902491083261
2026-07-19 23:30:00+00:00,10,76.28,76.28480904279645,0.51726067173991,,0.001441016821050134,1.0,6.304262205958366e-05,-0.00192355178296566,0.0019870882388204336,0.48,0.52,0.52,0.52,0.0015743902491083261
2026-07-19 23:30:00+00:00,15,76.28,76.29048914112815,0.5306396968371594,,0.0024877263239151404,1.0,0.0001374989515170455,-0.0023408615961670876,0.0025531011633574963,0.48,0.52,0.52,0.52,0.0015743902491083261
2026-07-20 05:30:00+00:00,5,76.07,76.0782582948346,0.5294597222757541,,-0.0003944513889813095,0.0,0.00010855589061975479,-0.001882015960291028,0.0020377719774842262,0.5,0.5,0.52,0.52,-0.006943107737335197
2026-07-20 05:30:00+00:00,10,76.07,76.0795317713534,0.5220071820025445,,-0.0005259697688648757,0.0,0.00012529478408396244,-0.0030298889614641666,0.0031208028085529804,0.52,0.48,0.52,0.52,-0.006943107737335197
2026-07-20 05:30:00+00:00,15,76.07,76.08630649759745,0.5284130064679252,,-0.0013154434940796378,0.0,0.000214338768273592,-0.00392545573413372,0.004101516678929329,0.48,0.52,0.52,0.52,-0.006943107737335197
2026-07-20 11:15:00+00:00,5,76.53,76.52571848758014,0.478525294718526,,-0.0003920799893402105,0.0,-5.594710819423199e-05,-0.0014172755181789398,0.001293038483709097,0.52,0.48,0.52,0.52,0.0010458884467583474
2026-07-20 11:15:00+00:00,10,76.53,76.52249623688887,0.47421817416026113,,-0.0013075315670372234,0.0,-9.805476292967796e-05,-0.002156616188585758,0.0019325457978993654,0.48,0.52,0.52,0.52,0.0010458884467583474
2026-07-20 11:15:00+00:00,15,76.53,76.51462586437903,0.4596731526274602,,0.00013065917572596675,1.0,-0.00020091049373149872,-0.002871775534003973,0.002431773114949465,0.48,0.52,0.52,0.52,0.0010458884467583474
2026-07-20 17:00:00+00:00,5,77.67,77.6623271394405,0.46617016967854996,,-0.0006439564907960715,0.0,-9.879283607006073e-05,-0.001840483397245407,0.001568418461829424,0.52,0.48,0.52,0.52,-0.0011580777206274817
2026-07-20 17:00:00+00:00,10,77.67,77.6470561150994,0.43782967035659026,,-0.00025753283685947537,0.0,-0.0002954457886517048,-0.0031841937452554703,0.0023853243328630924,0.52,0.48,0.52,0.52,-0.0011580777206274817
2026-07-20 17:00:00+00:00,15,77.67,77.62928860615843,0.41951290998006263,,-0.0012883279287754235,0.0,-0.0005242959596216679,-0.004480435512959957,0.0029685315676033497,0.48,0.52,0.52,0.52,-0.0011580777206274817
2026-07-20 23:00:00+00:00,5,77.43,77.40037931734288,0.3235331811013369,,0.0015485872239153764,1.0,-0.0003826210740953684,-0.0014713479904457927,0.0007397377630695701,0.52,0.48,0.52,0.52,-0.0033522465636970367
2026-07-20 23:00:00+00:00,10,77.43,77.38740679480993,0.32921575430129046,,0.002193124790540679,1.0,-0.000550237949937582,-0.002257194370031357,0.0011650650994852185,0.52,0.48,0.52,0.52,-0.0033522465636970367
2026-07-20 23:00:00+00:00,15,77.43,77.36464879159625,0.2987012722473541,,0.002579648018956604,1.0,-0.0008443600963801146,-0.0030372946057468653,0.0013594420161098242,0.52,0.48,0.52,0.52,-0.0033522465636970367
2026-07-21 04:45:00+00:00,5,78.11,78.07048176535697,0.2996126352318721,,0.0,,-0.0005060585681349039,-0.0018100893357768655,0.0007601786637678742,0.52,0.48,0.52,0.48,-0.001407279705162523
2026-07-21 04:45:00+00:00,10,78.11,78.04417972064775,0.25670048439267434,,-0.0005122294900061775,0.0,-0.0008430166053585708,-0.0025295759551227093,0.000841332133859396,0.52,0.48,0.52,0.48,-0.001407279705162523
2026-07-21 04:45:00+00:00,15,78.11,78.02231352577422,0.23602973109762249,,0.0005119672452797985,1.0,-0.001123232999816537,-0.0031412311363965273,0.0009098827140405774,0.48,0.52,0.52,0.48,-0.001407279705162523
2026-07-21 10:45:00+00:00,5,78.34,78.34171498785221,0.5129981763091527,,-0.002940238615479096,0.0,2.1891359210712835e-05,-0.0008458249503746629,0.0009347875602543354,0.48,0.52,0.52,0.48,-0.001403150941357012
2026-07-21 10:45:00+00:00,10,78.34,78.33946884839524,0.4970873943598876,,-0.002684222229031974,0.0,-6.7801047407556325e-06,-0.0012151708360761404,0.0012301479000598192,0.52,0.48,0.52,0.48,-0.001403150941357012
2026-07-21 10:45:00+00:00,15,78.34,78.34067545030247,0.503135156323656,,-0.0020444678728761545,0.0,8.621998858870938e-06,-0.0014431590680032969,0.0014989946503192186,0.52,0.48,0.52,0.48,-0.001403150941357012
2026-07-21 16:30:00+00:00,5,78.03,78.03081336644756,0.5040980297748942,,0.0012807378799832847,1.0,1.0423711501061916e-05,-0.0013655838556587696,0.0013259162660688162,0.52,0.48,0.52,0.48,0.0016674152519673413
2026-07-21 16:30:00+00:00,10,78.03,78.04603773439722,0.5603350716125941,,0.0016646396058579427,1.0,0.00020551180932670832,-0.0016481031198054552,0.0020299653988331556,0.52,0.48,0.52,0.48,0.0016674152519673413
2026-07-21 16:30:00+00:00,15,78.03,78.04974109406167,0.5584800364295195,,0.0001281476262411374,1.0,0.0002529616467654705,-0.0020546726882457733,0.00253878440707922,0.52,0.48,0.52,0.48,0.0016674152519673413
2026-07-21 22:15:00+00:00,5,77.98,77.99176007312022,0.5952808206708728,,-0.0008980692116846711,0.0,0.00015079746663104743,-0.0007151184254325926,0.0009527907241135836,0.52,0.48,0.52,0.48,-0.00038464004577054567
2026-07-21 22:15:00+00:00,10,77.98,77.99660212199451,0.5946654094636172,,0.00025644313514039396,1.0,0.00021287964773364365,-0.0010166591964662075,0.0014015475753694773,0.52,0.48,0.52,0.48,-0.00038464004577054567
2026-07-21 22:15:00+00:00,15,77.98,77.99828634275758,0.584323092240485,,-0.0005130836438880237,0.0,0.00023447292915079743,-0.0012712185271084309,0.001719914609566331,0.5,0.5,0.52,0.48,-0.00038464004577054567
2026-07-22 04:15:00+00:00,5,78.12,78.10845560453893,0.4404507805430389,,0.0003839508590077756,1.0,-0.00014778863987885416,-0.001416029641404748,0.0011141583090648055,0.48,0.52,0.52,0.52,0.0011527378798081855
2026-07-22 04:15:00+00:00,10,78.12,78.10112731553933,0.42888594625308596,,0.00012800000017509916,1.0,-0.00024161500914487988,-0.002017092425376177,0.0015236717881634831,0.48,0.52,0.52,0.52,0.0011527378798081855
2026-07-22 04:15:00+00:00,15,78.12,78.10341585908695,0.44925803946216336,,0.0,,-0.0002123131271218881,-0.0024049696512520313,0.0019427575170993805,0.48,0.52,0.52,0.48,0.0011527378798081855
2026-07-22 10:00:00+00:00,5,77.59,77.58963733935501,0.4979057766399947,,-0.0007735946749898304,0.0,-4.674075171351433e-06,-0.0012023947201669216,0.0011808465933427215,0.48,0.52,0.52,0.52,0.002193407756355903
2026-07-22 10:00:00+00:00,10,77.59,77.60482207198638,0.5603767992377026,,-0.0007735946749898304,0.0,0.00019101245561614633,-0.0015290408628061414,0.0019377508433535695,0.48,0.52,0.52,0.52,0.002193407756355903
2026-07-22 10:00:00+00:00,15,77.59,77.60487761092085,0.5474978049022816,,-0.0005156632833100971,0.0,0.0001917281188070774,-0.002011233475059271,0.0023690585512667894,0.48,0.52,0.52,0.48,0.002193407756355903
2026-07-22 16:00:00+00:00,5,78.46,78.44403475595814,0.44519115122160446,,-0.00012746160236432047,0.0,-0.0002035032957792282,-0.0023206747137010098,0.0018508993089199066,0.52,0.48,0.52,0.52,0.004342834772928406
2026-07-22 16:00:00+00:00,10,78.46,78.44065219407534,0.4543782017212522,,-0.00012746160236432047,0.0,-0.0002466249279677868,-0.00347535265609622,0.002741373609751463,0.52,0.48,0.52,0.52,0.004342834772928406
2026-07-22 16:00:00+00:00,15,78.46,78.41516608879505,0.42164265998003203,,-0.0019136320185602074,0.0,-0.0005715871229767799,-0.004809136036783457,0.003309651743620634,0.52,0.48,0.52,0.48,0.004342834772928406
2026-07-22 21:45:00+00:00,5,77.96,77.92940512420203,0.2802609285628447,,0.0007693294391506456,1.0,-0.00039252027636393905,-0.0013214682694524527,0.0004983427352271974,0.52,0.48,0.52,0.52,0.0016689136680625438
2026-07-22 21:45:00+00:00,10,77.96,77.89731500673636,0.2305605460794261,,0.0006411489608622034,1.0,-0.0008043895359151065,-0.0023285953793674707,0.0006365247536450624,0.5,0.5,0.52,0.52,0.0016689136680625438
2026-07-22 21:45:00+00:00,15,77.96,77.88593844453413,0.2568178039809025,,0.000384738703046672,1.0,-0.0009504458284936845,-0.003012518398463726,0.0009486073977313936,0.48,0.52,0.52,0.48,0.0016689136680625438
2026-07-23 03:30:00+00:00,5,77.68,77.73641487140327,0.7235657570660741,,-0.0009015391170219544,0.0,0.0007259834674187005,-0.0008558862609788775,0.0023720217868685722,0.48,0.52,0.52,0.48,0.0019328657522015291
2026-07-23 03:30:00+00:00,10,77.68,77.75994162647731,0.7166057747947356,,-0.0002574996795488005,0.0,0.0010285854805260897,-0.001307957456447184,0.0035838952753692865,0.48,0.52,0.52,0.48,0.0019328657522015291
2026-07-23 03:30:00+00:00,15,77.68,77.79362520551602,0.7372915895388977,,-0.0002574996795488005,0.0,0.0014616656117141247,-0.001517672324553132,0.004731229972094297,0.48,0.52,0.52,0.48,0.0019328657522015291
2026-07-23 09:30:00+00:00,5,77.57,77.56980113587738,0.49835895187423507,,-0.00012892412832954392,0.0,-2.563676389399916e-06,-0.000911570037715137,0.000880181323736906,0.52,0.48,0.52,0.48,0.001806452104148093
2026-07-23 09:30:00+00:00,10,77.57,77.57041953702347,0.5023650425648865,,0.00038667268639258623,1.0,5.408481229096651e-06,-0.001301045180298388,0.001291312975808978,0.52,0.48,0.52,0.48,0.001806452104148093
2026-07-23 09:30:00+00:00,15,77.57,77.57534690260162,0.5234708404938097,,0.00038667268639258623,1.0,6.892765668453649e-05,-0.0016013295389711857,0.0016888533718883991,0.48,0.52,0.52,0.48,0.001806452104148093
2026-07-23 15:15:00+00:00,5,75.87,75.80383488872454,0.3444681568559732,,0.0030269155176565476,1.0,-0.0008724657818675041,-0.0040327757596969604,0.0018728068098425865,0.52,0.48,0.52,0.48,-0.011792589489823868
2026-07-23 15:15:00+00:00,10,75.87,75.78033686930996,0.355063037062755,,0.0060446964603952935,1.0,-0.0011824984103441238,-0.005891370587050915,0.003031107597053051,0.52,0.48,0.52,0.48,-0.011792589489823868
2026-07-23 15:15:00+00:00,15,75.87,75.78211406285475,0.3906964501906922,,0.004602546095730631,1.0,-0.0011590467765927315,-0.007463257759809494,0.004434031434357166,0.52,0.48,0.52,0.48,-0.011792589489823868
2026-07-23 21:15:00+00:00,5,76.01,75.98721891174598,0.34194595026942565,,-0.0005263850628187683,0.0,-0.0002997566480189562,-0.0013072123983874917,0.0006790927145630121,0.52,0.48,0.52,0.48,-0.0002630886623959938
2026-07-23 21:15:00+00:00,10,76.01,75.98685607309065,0.39603294275485434,,0.0006575919221649684,1.0,-0.00030453165527433157,-0.0018989858217537403,0.0012587744276970625,0.52,0.48,0.52,0.48,-0.0002630886623959938
2026-07-23 21:15:00+00:00,15,76.01,75.98016866813796,0.3939817298352384,,0.0007890584312608695,1.0,-0.0003925429191440344,-0.0024379154201596975,0.0016137715429067612,0.52,0.48,0.52,0.48,-0.0002630886623959938
2026-07-24 03:00:00+00:00,5,75.53,75.54805327882742,0.5882356076209208,,0.0023803237898585294,1.0,0.00023899273946881294,-0.0012773815542459488,0.0015591996489092708,0.48,0.52,0.52,0.48,-0.0023803237898585294
2026-07-24 03:00:00+00:00,10,75.53,75.56883521088452,0.6236721105393259,,0.003040520552466397,1.0,0.0005140372086316347,-0.001745252637192607,0.00253676506690681,0.48,0.52,0.52,0.48,-0.0023803237898585294
2026-07-24 03:00:00+00:00,15,75.53,75.5985515309834,0.6707798454199303,,0.004491421024627407,1.0,0.000907195033505559,-0.001895431661978364,0.00344525882974267,0.52,0.48,0.52,0.48,-0.0023803237898585294
2026-07-24 08:45:00+00:00,5,75.88,75.86578407425446,0.41996414319300635,,-0.0003954392722720357,0.0,-0.00018736501806415617,-0.0015421159332618117,0.0010359821608290076,0.52,0.48,0.52,0.48,-0.000131778349008016
2026-07-24 08:45:00+00:00,10,75.88,75.85924607767515,0.4194455521847682,,-0.0013187394763587434,0.0,-0.00027354719350114465,-0.0022124885581433773,0.001516362652182579,0.48,0.52,0.52,0.48,-0.000131778349008016
2026-07-24 08:45:00+00:00,15,75.88,75.84969519417402,0.4069996248210582,,-0.0013187394763587434,0.0,-0.0003994578146375716,-0.002788884798064828,0.0018537439173087478,0.48,0.52,0.52,0.48,-0.000131778349008016
2026-07-24 14:45:00+00:00,5,73.69,73.6690497410426,0.4241668715801187,,0.0031163225545203233,1.0,-0.00028434302657842636,-0.0023366734385490417,0.0015635585878044367,0.52,0.48,0.52,0.48,-0.011737065598427243
2026-07-24 14:45:00+00:00,10,73.69,73.65370202359905,0.40457383354324983,,0.0033868487295780625,1.0,-0.0004926980473101139,-0.003387033473700285,0.0022113185841590166,0.52,0.48,0.52,0.48,-0.011737065598427243
2026-07-24 14:45:00+00:00,15,73.69,73.62462258034446,0.36525251515982116,,0.0033868487295780625,1.0,-0.0008875890634953976,-0.004510786850005388,0.0025247943121939898,0.52,0.48,0.52,0.48,-0.011737065598427243
2026-07-24 20:30:00+00:00,5,73.88,73.88639866062088,0.5496968482370703,,0.00013534546951721182,1.0,8.660508319735527e-05,-0.0008637579157948494,0.001006580307148397,0.52,0.48,0.52,0.48,-0.0010822511878849639
2026-07-24 20:30:00+00:00,10,73.88,73.88592583719071,0.5320990886896886,,-0.0004061463536499943,0.0,8.020573295652866e-05,-0.0012685873080044985,0.0014127418398857117,0.52,0.48,0.52,0.48,-0.0010822511878849639
2026-07-24 20:30:00+00:00,15,73.88,73.87927786618424,0.4968087989306158,,-0.0008124577291868107,0.0,-9.774463251233101e-06,-0.0016835394781082869,0.0016556173795834184,0.52,0.48,0.52,0.48,-0.0010822511878849639
2026-07-25 02:15:00+00:00,5,74.1,74.1004938961401,0.5041551455614534,,0.0,,6.665242835879326e-06,-0.0008040081593208015,0.0008884255075827241,0.52,0.48,0.52,0.48,0.0
2026-07-25 02:15:00+00:00,10,74.1,74.11220528174348,0.5756349454561979,,0.0001349436612256838,1.0,0.00016470008995383978,-0.0009570878464728594,0.001364710507914424,0.52,0.48,0.52,0.48,0.0
2026-07-25 02:15:00+00:00,15,74.1,74.11615924739183,0.5842479373562626,,0.0009442234464254184,1.0,0.0002180497394874692,-0.0011162480805069208,0.0015996379079297185,0.52,0.48,0.52,0.48,0.0
2026-07-25 08:15:00+00:00,5,73.78,73.78557182809482,0.5452048627686004,,0.0008128980260675434,1.0,7.551664020866156e-05,-0.00077808927744627,0.000962335616350174,0.48,0.52,0.52,0.48,-0.0020310074004790124
2026-07-25 08:15:00+00:00,10,73.78,73.78395554293056,0.5220111471231943,,0.0006774609025450573,1.0,5.361123476177454e-05,-0.0011901396792382002,0.0013539306819438934,0.48,0.52,0.52,0.48,-0.0020310074004790124
2026-07-25 08:15:00+00:00,15,73.78,73.7835416035007,0.5154191400678654,,0.0008128980260675434,1.0,4.8001063987612724e-05,-0.0015227815601974726,0.0016704159788787365,0.48,0.52,0.52,0.48,-0.0020310074004790124
2026-07-25 14:00:00+00:00,5,73.9,73.90458342663995,0.5309563415573422,,-0.0002706726231176404,0.0,6.202008808031678e-05,-0.0010490980930626392,0.0010232392232865095,0.52,0.48,0.52,0.48,-0.0005411255543297244
2026-07-25 14:00:00+00:00,10,73.9,73.91084036759254,0.5544800563798943,,-0.0009476748830818948,0.0,0.00014667892537545413,-0.0013943585800006986,0.0014704951317980886,0.52,0.48,0.52,0.48,-0.0005411255543297244
2026-07-25 14:00:00+00:00,15,73.9,73.91404108351924,0.5591280638895542,,-0.0004060364135103356,0.0,0.0001899830822367221,-0.0017022326355800033,0.0017749191028997302,0.52,0.48,0.52,0.48,-0.0005411255543297244
2026-07-25 20:00:00+00:00,5,74.56,74.57164951876767,0.6016397607938155,,-0.0005366246439475475,0.0,0.00015623134095221758,-0.000636138953268528,0.000984270591288805,0.52,0.48,0.52,0.48,-0.0009384007659605231
2026-07-25 20:00:00+00:00,10,74.56,74.58271214236808,0.6401483241693816,,-0.0008050449918215463,0.0,0.00030456925742328167,-0.000814389786683023,0.001463580527342856,0.52,0.48,0.52,0.48,-0.0009384007659605231
2026-07-25 20:00:00+00:00,15,74.56,74.5958777133504,0.6735844855084978,,-0.0002682763262225052,0.0,0.0004810767713934183,-0.0009210631251335144,0.0019154746551066637,0.52,0.48,0.52,0.48,-0.0009384007659605231
2026-07-26 01:45:00+00:00,5,74.76,74.7454182983619,0.3746323508696804,,0.0009358915049046956,1.0,-0.00019506586249917746,-0.0009606710518710315,0.0006257585482671857,0.52,0.48,0.52,0.48,0.0010706639138398089
2026-07-26 01:45:00+00:00,10,74.76,74.73091293690955,0.32406707937159296,,0.0014702936552319912,1.0,-0.00038914824835956097,-0.0014767475659027696,0.0007639266550540924,0.5,0.5,0.52,0.52,0.0010706639138398089
2026-07-26 01:45:00+00:00,15,74.76,74.7229399829161,0.32099854123873417,,0.0009358915049046956,1.0,-0.0004958427743986249,-0.001862997654825449,0.0009529005037620664,0.48,0.52,0.52,0.52,0.0010706639138398089
2026-07-26 07:30:00+00:00,5,74.95,74.96636496178456,0.6537045211122021,,0.0,,0.0002183212200179696,-0.0005131317884661257,0.0009858462726697326,0.52,0.48,0.52,0.48,0.002538241961244303
2026-07-26 07:30:00+00:00,10,74.95,74.98362344214965,0.6888616973321013,,-0.0001334311830651913,0.0,0.00044851104030385613,-0.0007617424707859755,0.0016967477276921272,0.52,0.48,0.52,0.52,0.002538241961244303
2026-07-26 07:30:00+00:00,15,74.95,74.97934062702514,0.6306451493014363,,-0.0005338315888145928,0.0,0.00039139273576438427,-0.0011695579160004854,0.0019483137875795364,0.52,0.48,0.52,0.52,0.002538241961244303
2026-07-26 13:30:00+00:00,5,74.79,74.7901558762469,0.5011238508353709,,0.0009355162727073818,1.0,2.084183506667614e-06,-0.0009952670661732554,0.0009428698685951531,0.52,0.48,0.52,0.48,-0.0028039273327342684
2026-07-26 13:30:00+00:00,10,74.79,74.80215377583895,0.567084241897895,,0.001336184057699974,1.0,0.00016249215696007013,-0.0011351852444931865,0.0014520292170345783,0.52,0.48,0.52,0.52,-0.0028039273327342684
2026-07-26 13:30:00+00:00,15,74.79,74.80936875500645,0.586754207748271,,0.002270451726590572,1.0,0.0002589416690170765,-0.0013273230288177729,0.0018458308186382055,0.52,0.48,0.52,0.52,-0.0028039273327342684
2026-07-26 19:15:00+00:00,5,75.28,75.28610669403078,0.5571684437837003,,0.0,,8.111645001918077e-05,-0.0006659137434326112,0.000861748238094151,0.52,0.48,0.52,0.48,-0.0005312085118269749
2026-07-26 19:15:00+00:00,10,75.28,75.28778816499218,0.5503671400709511,,0.0,,0.00010345061309635639,-0.0010110510047525167,0.0012607317185029387,0.52,0.48,0.52,0.52,-0.0005312085118269749
2026-07-26 19:15:00+00:00,15,75.28,75.28548727300934,0.5278489297623606,,-0.00013284623068354762,0.0,7.288885535672307e-05,-0.0013101354707032442,0.001544975326396525,0.52,0.48,0.52,0.52,-0.0005312085118269749
2026-07-27 01:15:00+00:00,5,76.2,76.2014856153165,0.5075668783362356,,0.00026243275311355063,1.0,1.9496073946356773e-05,-0.0014701437903568149,0.0014398773200809956,0.52,0.48,0.52,0.52,-0.0047132844520980655
2026-07-27 01:15:00+00:00,10,76.2,76.17125826953142,0.39692792258990495,,0.0003936233075814144,1.0,-0.0003772592172026634,-0.0025188447907567024,0.0015988759696483612,0.52,0.48,0.52,0.52,-0.0047132844520980655
2026-07-27 01:15:00+00:00,15,76.2,76.1506177535272,0.3615851395202446,,0.00026243275311355063,1.0,-0.0006482710596174002,-0.0032271372620016336,0.0019043998327106237,0.52,0.48,0.52,0.52,-0.0047132844520980655
2026-07-27 07:00:00+00:00,5,76.69,76.6928764418749,0.5155653114535821,,0.0007820646905392081,1.0,3.750668838620186e-05,-0.0012085961643606424,0.0013110666768625379,0.52,0.48,0.52,0.52,0.0019578417792116554
2026-07-27 07:00:00+00:00,10,76.69,76.6876572232602,0.490439990323958,,-0.00013040359932414702,0.0,-3.05491266772151e-05,-0.0016861262265592813,0.001691395416855812,0.48,0.52,0.52,0.52,0.0019578417792116554
2026-07-27 07:00:00+00:00,15,76.69,76.69606055438709,0.5208324868048979,,-0.0002608242059647381,0.0,7.902353536337614e-05,-0.001900564762763679,0.002169302199035883,0.52,0.48,0.52,0.52,0.0019578417792116554
2026-07-27 12:45:00+00:00,5,76.85,76.8471166630789,0.4901349310468742,,0.0019499518690793138,1.0,-3.7519726902246475e-05,-0.002020921790972352,0.002056700177490711,0.48,0.52,0.52,0.52,0.002997330712101842
2026-07-27 12:45:00+00:00,10,76.85,76.80501912851776,0.3918576809365968,,0.001170427339544311,1.0,-0.0005854787304997444,-0.0033102522138506174,0.002402564277872443,0.48,0.52,0.52,0.52,0.002997330712101842
2026-07-27 12:45:00+00:00,15,76.85,76.7552566144068,0.316998927265724,,-0.0003904470668461002,0.0,-0.0012335957726463675,-0.004389828070998192,0.0024450758937746286,0.48,0.52,0.52,0.52,0.002997330712101842
2026-07-27 18:45:00+00:00,5,75.44,75.40948542839405,0.38222168811931634,,-0.0013264360613067794,0.0,-0.000404569786041975,-0.002227680291980505,0.0014334563165903091,0.48,0.52,0.52,0.52,-0.005947285090619481
2026-07-27 18:45:00+00:00,10,75.44,75.38672780701702,0.36986019666905057,,0.002118644860285457,1.0,-0.0007064025849103928,-0.003672232385724783,0.0022425255738198757,0.52,0.48,0.52,0.52,-0.005947285090619481
2026-07-27 18:45:00+00:00,15,75.44,75.36410135695716,0.35917658851130874,,0.0026476054650546033,1.0,-0.0010065860114991665,-0.0049547771923244,0.0028556736651808023,0.52,0.48,0.52,0.52,-0.005947285090619481
2026-07-28 00:30:00+00:00,5,73.92,73.92477871008974,0.5150116352500498,,0.0018921481520379757,1.0,6.46449625492096e-05,-0.002360805869102478,0.0025617731735110283,0.52,0.48,0.52,0.48,-0.005934735519814716
2026-07-28 00:30:00+00:00,10,73.92,73.91947335013602,0.49896093523977947,,0.0012167918759464769,1.0,-7.124617695808411e-06,-0.0036538010463118553,0.0039523327723145485,0.52,0.48,0.52,0.48,-0.005934735519814716
2026-07-28 00:30:00+00:00,15,73.92,73.93933250523308,0.529197424888241,,0.0004057618233801463,1.0,0.0002614986151456833,-0.0044724782928824425,0.0055573927238583565,0.52,0.48,0.52,0.48,-0.005934735519814716
2026-07-28 06:30:00+00:00,5,73.36,73.34934810291665,0.42885559994250744,,0.00081755012047946,1.0,-0.0001452108845114708,-0.0012633830774575472,0.0009699714137241244,0.52,0.48,0.52,0.48,-0.0006813381744805724
2026-07-28 06:30:00+00:00,10,73.36,73.33626822283378,0.39762292837755164,,0.00149833168397695,1.0,-0.0003235498443245888,-0.002049879403784871,0.0014378869673237205,0.48,0.52,0.52,0.48,-0.0006813381744805724
2026-07-28 06:30:00+00:00,15,73.36,73.32743319566285,0.39105593687595397,,0.0013622124433121385,1.0,-0.00044402992352843285,-0.002727700863033533,0.0017848587594926357,0.48,0.52,0.52,0.48,-0.0006813381744805724
2026-07-28 12:15:00+00:00,5,73.19,73.19292759563808,0.5164126203157468,,0.0006829201931735085,1.0,3.999914042651653e-05,-0.0012085003545507789,0.0012793479254469275,0.52,0.48,0.52,0.48,0.002736354149595499
2026-07-28 12:15:00+00:00,10,73.19,73.19984751465593,0.5398566515294039,,0.0008194482840409023,1.0,0.00013453821884468198,-0.0016380633460357785,0.0018972851103171706,0.52,0.48,0.52,0.48,0.002736354149595499
2026-07-28 12:15:00+00:00,15,73.19,73.20007455556538,0.5331344492421689,,0.0010924485587366917,1.0,0.000137639872264117,-0.002083314349874854,0.002296452410519123,0.48,0.52,0.52,0.48,0.002736354149595499
2026-07-28 18:00:00+00:00,5,73.91,73.91630035670553,0.5227486140298333,,0.0004058167116909317,1.0,8.523999713361263e-05,-0.0018198147881776094,0.0021909577772021294,0.48,0.52,0.52,0.48,-0.006742204612374181
2026-07-28 18:00:00+00:00,10,73.91,73.93275735574228,0.5569183252226055,,0.0002705627722132675,1.0,0.0003078589215874672,-0.002591055817902088,0.0033385432325303555,0.48,0.52,0.52,0.48,-0.006742204612374181
2026-07-28 18:00:00+00:00,15,73.91,73.93849315135651,0.5562824621843283,,-0.00013530884263879273,0.0,0.00038543716073036194,-0.0033236697781831026,0.004217396955937147,0.48,0.52,0.52,0.48,-0.006742204612374181
2026-07-29 00:00:00+00:00,5,73.92,73.9583724824021,0.6879259835719089,,0.003106641250512965,1.0,0.0005189735675230622,-0.0008415316697210073,0.0019348348723724484,0.48,0.52,0.52,0.48,0.006378524713541722
2026-07-29 00:00:00+00:00,10,73.92,74.00906856158211,0.7760658918792401,,0.001081665870741766,1.0,0.0012042064918205142,-0.0008805482648313046,0.003358127549290657,0.48,0.52,0.52,0.48,0.006378524713541722
2026-07-29 00:00:00+00:00,15,73.92,74.05196112448024,0.7996128604377966,,0.0027019740837310735,1.0,0.0017835968174040318,-0.0010053898440673947,0.004676437005400658,0.48,0.52,0.52,0.48,0.006378524713541722
2026-07-29 05:45:00+00:00,5,73.73,73.72094248225484,0.46010562630870433,,0.0002712232183705865,1.0,-0.00012285466073080897,-0.0017711736727505922,0.0015425855526700616,0.52,0.48,0.52,0.48,0.006668052195249352
2026-07-29 05:45:00+00:00,10,73.73,73.72106580495978,0.47398524501669437,,0.0001356208044391849,1.0,-0.00012118183076381683,-0.0025915270671248436,0.0023984306026250124,0.48,0.52,0.52,0.48,0.006668052195249352
2026-07-29 05:45:00+00:00,15,73.73,73.71755152125785,0.4723494817515208,,-0.0010856290929197598,0.0,-0.00016885297372937202,-0.003348542144522071,0.0030929273925721645,0.48,0.52,0.52,0.48,0.006668052195249352
2026-07-29 11:45:00+00:00,5,73.87,73.87959829720194,0.5704201872879838,,0.0014879948636616902,1.0,0.00012992654228582978,-0.0008667453657835722,0.0011787937255576253,0.52,0.48,0.52,0.48,-0.002703800484551877
2026-07-29 11:45:00+00:00,10,73.87,73.88841131548003,0.5869425018367846,,0.001217614978277659,1.0,0.0002492083585821092,-0.0013317044358700514,0.0018628616817295551,0.48,0.52,0.52,0.48,-0.002703800484551877
2026-07-29 11:45:00+00:00,15,73.87,73.88745564648842,0.5642464699485241,,0.0004060364135103356,1.0,0.0002362743252888322,-0.0017772072460502386,0.0023032415192574263,0.52,0.48,0.52,0.48,-0.002703800484551877
2026-07-29 17:30:00+00:00,5,73.24,73.23430469804556,0.47634056093581156,,0.0005460005595656625,1.0,-7.77652021497488e-05,-0.0018133213743567467,0.001609961036592722,0.52,0.48,0.52,0.48,0.00040969614775843155
2026-07-29 17:30:00+00:00,10,73.24,73.21949794393515,0.4338870068394316,,0.00040952836556318317,1.0,-0.00027996895369142294,-0.0025566578842699528,0.0019095020834356546,0.52,0.48,0.52,0.48,0.00040969614775843155
2026-07-29 17:30:00+00:00,15,73.24,73.19886358759533,0.38855368645749344,,0.0013644428368708716,1.0,-0.0005618237191811204,-0.0032394351437687874,0.0020070187747478485,0.52,0.48,0.52,0.48,0.00040969614775843155
2026-07-29 23:15:00+00:00,5,73.5,73.4927113391501,0.46721910331789085,,0.0031243657827682014,1.0,-9.917037095874548e-05,-0.0016657492378726602,0.0014681005850434303,0.48,0.52,0.52,0.48,-0.0009519277253824399
2026-07-29 23:15:00+00:00,10,73.5,73.47277097410053,0.4167270510546338,,0.0013596195160401336,1.0,-0.00037053157575428486,-0.0027704904787242413,0.0020591553766280413,0.48,0.52,0.52,0.48,-0.0009519277253824399
2026-07-29 23:15:00+00:00,15,73.5,73.46055583385998,0.408263680829406,,0.0020387366898484416,1.0,-0.0005367993726395071,-0.003650110214948654,0.0026791340205818415,0.52,0.48,0.52,0.48,-0.0009519277253824399
2026-07-30 05:15:00+00:00,5,73.54,73.54870742132503,0.5562789598654923,,0.0,,0.00011839687067549676,-0.0010166906286031008,0.0012336447834968567,0.52,0.48,0.52,0.48,-0.0008155498617048451
2026-07-30 05:15:00+00:00,10,73.54,73.54947473833501,0.5393016314184267,,-0.0004080244871298433,0.0,0.00012882958981208503,-0.0016627254663035274,0.0018827901221811771,0.48,0.52,0.52,0.48,-0.0008155498617048451
2026-07-30 05:15:00+00:00,15,73.54,73.54922291766042,0.5292207279634507,,0.000951410197489011,1.0,0.00012540575698949397,-0.00224626949056983,0.0024063014425337315,0.48,0.52,0.52,0.48,-0.0008155498617048451
2026-07-30 11:00:00+00:00,5,73.94,73.9474544797053,0.5431155803413394,,-0.00013525393947766418,0.0,0.0001008128747344017,-0.0010657465318217874,0.0013904707739129663,0.48,0.52,0.52,0.48,-0.0021615787935553854
2026-07-30 11:00:00+00:00,10,73.94,73.95088965581857,0.5448421810849842,,0.0016216219769802365,1.0,0.0001472660806030035,-0.001546357641927898,0.0019376394338905811,0.52,0.48,0.52,0.48,-0.0021615787935553854
2026-07-30 11:00:00+00:00,15,73.94,73.95143227551776,0.5378321765576589,,0.0013515341968108885,1.0,0.00015460362192243338,-0.0019265414448454976,0.0024154167622327805,0.52,0.48,0.52,0.48,-0.0021615787935553854
2026-07-30 17:00:00+00:00,5,74.58,74.60271765279268,0.6202188165874447,,0.000670196392620781,1.0,0.00030456145759671926,-0.0010067997500300407,0.0016824578633531928,0.52,0.48,0.52,0.48,-0.0010720987357624168
2026-07-30 17:00:00+00:00,10,74.58,74.62231278557725,0.6607990690530996,,-0.00013409319497181826,0.0,0.0005671867402270436,-0.001226744381710887,0.0024557202123105526,0.48,0.52,0.52,0.48,-0.0010720987357624168
2026-07-30 17:00:00+00:00,15,74.58,74.64501052308746,0.7004532449325436,,-0.0010732493651612884,0.0,0.0008713087299838662,-0.0013427906669676304,0.0031383438035845757,0.48,0.52,0.52,0.48,-0.0010720987357624168
2026-07-30 22:45:00+00:00,5,74.84,74.8316807263975,0.449447473742165,,0.0,,-0.00011116696987301111,-0.0012761526741087437,0.0010462369536980987,0.48,0.52,0.52,0.48,0.00455337602037531
2026-07-30 22:45:00+00:00,10,74.84,74.82677033250948,0.4427928654197073,,-0.0008020318569217366,0.0,-0.0001767883077263832,-0.0017905436689034104,0.0014509381726384163,0.48,0.52,0.52,0.48,0.00455337602037531
2026-07-30 22:45:00+00:00,15,74.84,74.81363933016087,0.4074414998310105,,-0.0017385494181789696,0.0,-0.0003522890619933605,-0.002299320185557008,0.0016508616972714663,0.52,0.48,0.52,0.48,0.00455337602037531
2026-07-31 04:30:00+00:00,5,73.86,73.88138967609987,0.6181490833778635,,-0.000677185642456557,0.0,0.0002895556390285492,-0.001032322645187378,0.0016569308936595917,0.48,0.52,0.52,0.48,-0.005131679053527627
2026-07-31 04:30:00+00:00,10,73.86,73.88564061672376,0.5923857685562186,,-0.0016260166184194347,0.0,0.00034709135070443153,-0.0016880780458450317,0.00248687993735075,0.5,0.5,0.52,0.48,-0.005131679053527627
2026-07-31 04:30:00+00:00,15,73.86,73.89009862668215,0.581903298912906,,-0.0005417118225654605,0.0,0.0004074261523783207,-0.002201528288424015,0.0031724765431135893,0.52,0.48,0.52,0.48,-0.005131679053527627
2026-07-31 10:30:00+00:00,5,73.62,73.61589087038989,0.4748765478675687,,-0.0005434782742463895,0.0,-5.5816955864429474e-05,-0.0012579257600009441,0.0010778206633403897,0.52,0.48,0.52,0.48,0.001903467603949771
2026-07-31 10:30:00+00:00,10,73.62,73.61814471668715,0.492419708282238,,-0.0009512809034282199,0.0,-2.520112320780754e-05,-0.0018085623160004616,0.0017380135832354426,0.48,0.52,0.52,0.48,0.001903467603949771
2026-07-31 10:30:00+00:00,15,73.62,73.62114989528658,0.5036434993105029,,-0.0002717022160441118,0.0,1.561921089887619e-05,-0.0022695837542414665,0.0023223329335451126,0.48,0.52,0.52,0.48,0.001903467603949771
2026-07-31 16:15:00+00:00,5,73.07,73.07200250094282,0.5080570261364088,,0.0010942416630070895,1.0,2.7404865249991417e-05,-0.0017978895921260118,0.001858147676102817,0.52,0.48,0.52,0.48,-0.00041048095260709516
2026-07-31 16:15:00+00:00,10,73.07,73.0950513488928,0.575045889423947,,0.0009575269181087975,1.0,0.0003427816554903984,-0.002086104592308402,0.0029151001945137978,0.52,0.48,0.52,0.48,-0.00041048095260709516
2026-07-31 16:15:00+00:00,15,73.07,73.10437671381412,0.5844947872182911,,0.0016409138100099696,1.0,0.00047035212628543377,-0.0024720437359064817,0.0035667596384882927,0.52,0.48,0.52,0.48,-0.00041048095260709516
2026-07-31 22:15:00+00:00,5,72.82,72.82925988751153,0.5575287818248662,,0.0005491488331301753,1.0,0.00012715323828160763,-0.0011578467674553394,0.001202726038172841,0.52,0.48,0.52,0.48,-0.0030165935394261822
2026-07-31 22:15:00+00:00,10,72.82,72.83727550825274,0.5754791165348917,,0.0002746121121202094,1.0,0.00023720762692391872,-0.001563831465318799,0.0017980122938752174,0.48,0.52,0.52,0.48,-0.0030165935394261822
2026-07-31 22:15:00+00:00,15,72.82,72.84644566448696,0.593703107077643,,0.0006863889349038033,1.0,0.0003630989231169224,-0.0018065839540213346,0.0022932197898626328,0.48,0.52,0.52,0.48,-0.0030165935394261822
2026-08-01 04:00:00+00:00,5,73.04,73.03225832286633,0.41226342745345457,,0.00013690190999504637,1.0,-0.00010599791130516678,-0.0007809108938090503,0.0005026618600822985,0.48,0.52,0.52,0.48,-0.0005474952230928309
2026-08-01 04:00:00+00:00,10,73.04,73.02147059691924,0.35426203606830076,,0.0002737850804228614,1.0,-0.0002537206164561212,-0.0012049241922795773,0.0006293912883847952,0.48,0.52,0.52,0.48,-0.0005474952230928309
2026-08-01 04:00:00+00:00,15,73.04,73.01486629768527,0.33726762936330734,,0.0008211304690197707,1.0,-0.000344167958246544,-0.001478320686146617,0.0007262775325216353,0.48,0.52,0.52,0.48,-0.0005474952230928309
2026-08-01 09:45:00+00:00,5,72.97,72.97190929234576,0.5289786186527299,,-0.0006854479670668212,0.0,2.6165100280195475e-05,-0.0004554642946459353,0.0004951852606609464,0.5,0.5,0.52,0.48,-0.000137033230773298
2026-08-01 09:45:00+00:00,10,72.97,72.97523732464524,0.5585190760860279,,-0.0010969423834072956,0.0,7.177109364420176e-05,-0.0005917699309065938,0.0007301613222807646,0.52,0.48,0.52,0.48,-0.000137033230773298
2026-08-01 09:45:00+00:00,15,72.97,72.98381427897833,0.6208776469080511,,-0.0021950893709092867,0.0,0.00018929658108390868,-0.0006444831960834563,0.0010134393814951181,0.48,0.52,0.52,0.48,-0.000137033230773298
2026-08-01 15:45:00+00:00,5,72.82,72.82563473594865,0.5741601184947154,,0.0,,7.737596752122045e-05,-0.0004906561225652695,0.0006171506829559803,0.48,0.52,0.52,0.48,-0.002194788261014935
2026-08-01 15:45:00+00:00,10,72.82,72.82935730911137,0.587719820416247,,0.00041188989392626496,1.0,0.00012849090853706002,-0.0006721176905557513,0.0008637876017019153,0.48,0.52,0.52,0.48,-0.002194788261014935
2026-08-01 15:45:00+00:00,15,72.82,72.83363679837052,0.6027205245848034,,-0.0001373343406676497,0.0,0.00018724967958405614,-0.0008052429184317589,0.0010788883082568645,0.48,0.52,0.52,0.48,-0.002194788261014935
2026-08-01 21:30:00+00:00,5,71.68,71.70306428440273,0.6430728135850365,,0.0012547927753061572,1.0,0.0003217156045138836,-0.0008604070171713829,0.0015280311927199364,0.48,0.52,0.52,0.48,0.0039138993211356166
2026-08-01 21:30:00+00:00,10,71.68,71.71697072408804,0.6551833668685902,,0.0008367034374616722,1.0,0.0005156416445970535,-0.0013481636997312307,0.0023028403520584106,0.52,0.48,0.52,0.48,0.0039138993211356166
2026-08-01 21:30:00+00:00,15,71.68,71.72511602560132,0.6477494878607999,,0.0016727073875033582,1.0,0.0006292108446359634,-0.001795551972463727,0.0029331455007195473,0.52,0.48,0.52,0.48,0.0039138993211356166
2026-08-02 03:30:00+00:00,5,73.1,73.10632656952933,0.5450580024448121,,0.0013670542115331585,1.0,8.654303383082151e-05,-0.0008647291688248515,0.0012714092154055834,0.52,0.48,0.52,0.52,0.00013680826343254182
2026-08-02 03:30:00+00:00,10,73.1,73.11262997162623,0.5643752243347917,,0.0015036569028179514,1.0,0.00017276170547120273,-0.0012352861231192946,0.001800639322027564,0.52,0.48,0.52,0.52,0.00013680826343254182
2026-08-02 03:30:00+00:00,15,73.1,73.12139446139884,0.5845654807959867,,0.0016402409363571735,1.0,0.0002926310698967427,-0.0014982710126787424,0.0022971718572080135,0.52,0.48,0.52,0.52,0.00013680826343254182
2026-08-02 09:15:00+00:00,5,73.33,73.33787990282389,0.5646971824741642,,-0.0006820817398329737,0.0,0.00010745233157649636,-0.000928957830183208,0.0010836865985766053,0.48,0.52,0.52,0.52,-0.0013627693578106559
2026-08-02 09:15:00+00:00,10,73.33,73.33688663474405,0.5330538782788847,,0.000545330620195017,1.0,9.390851482748985e-05,-0.001643636729568243,0.0016207558801397681,0.48,0.52,0.52,0.52,-0.0013627693578106559
2026-08-02 09:15:00+00:00,15,73.33,73.33470057114833,0.5171839565722094,,0.00013636053747223542,1.0,6.40995567664504e-05,-0.0021349643357098103,0.00209041777998209,0.48,0.52,0.52,0.52,-0.0013627693578106559
2026-08-02 15:00:00+00:00,5,73.09,73.08491691149297,0.4525875492248622,,0.0005471207905589637,1.0,-6.954802665859461e-05,-0.0008554388768970966,0.0006799793336540461,0.52,0.48,0.52,0.52,0.0016431607147717742
2026-08-02 15:00:00+00:00,10,73.09,73.07310499893255,0.39235733236059855,,0.0005471207905589637,1.0,-0.00023118010722100735,-0.001376784173771739,0.0008931222837418318,0.52,0.48,0.52,0.52,0.0016431607147717742
2026-08-02 15:00:00+00:00,15,73.09,73.07021177306694,0.39578704513853136,,0.0013672411208354163,1.0,-0.00027077447157353163,-0.001699501066468656,0.0010759951546788216,0.52,0.48,0.52,0.52,0.0016431607147717742
2026-08-02 21:00:00+00:00,5,73.68,73.68020576011598,0.5018370351735849,,0.001220752949159909,1.0,2.7926143957301974e-06,-0.0007710573845542967,0.0008242093026638031,0.52,0.48,0.52,0.52,0.0
2026-08-02 21:00:00+00:00,10,73.68,73.68408840351393,0.5264518204818753,,0.0009496032728781856,1.0,5.548710760194808e-05,-0.0010532665764912963,0.0012030998477712274,0.48,0.52,0.52,0.52,0.0
2026-08-02 21:00:00+00:00,15,73.68,73.67965068613445,0.4982581960037259,,0.000814000858946784,1.0,-4.740970325656235e-06,-0.0014262222684919834,0.0014369543641805649,0.48,0.52,0.52,0.52,0.0
2026-08-03 02:45:00+00:00,5,73.1,73.1097070708173,0.5817693674214671,,0.0002735603901617978,1.0,0.00013278285041451454,-0.0007359408773481846,0.0010690782219171524,0.52,0.48,0.52,0.52,0.0008211304690197707
2026-08-03 02:45:00+00:00,10,73.1,73.11588381277343,0.5896809188491512,,-0.0009580511237148315,0.0,0.00021726521663367748,-0.0010391613468527794,0.001613762229681015,0.48,0.52,0.52,0.52,0.0008211304690197707
2026-08-03 02:45:00+00:00,15,73.1,73.12878648747996,0.6240469732369904,,-0.0009580511237148315,0.0,0.0003937184810638428,-0.0012348066084086895,0.002152984729036689,0.48,0.52,0.52,0.52,0.0008211304690197707
2026-08-03 08:45:00+00:00,5,72.22,72.21783865372622,0.48637133302514557,,0.0008304498747158107,1.0,-2.992770168930292e-05,-0.001295585185289383,0.0010623863199725747,0.48,0.52,0.52,0.52,-0.004696789957569614
2026-08-03 08:45:00+00:00,10,72.22,72.21151358353963,0.46129281129860145,,0.0020748330287245764,1.0,-0.00011751474812626839,-0.0018202336505055428,0.001463394146412611,0.48,0.52,0.52,0.52,-0.004696789957569614
2026-08-03 08:45:00+00:00,15,72.22,72.20986200577315,0.46187338933873845,,0.0020748330287245764,1.0,-0.00014038640074431896,-0.0022033315617591143,0.001794181065633893,0.48,0.52,0.52,0.52,-0.004696789957569614
2026-08-03 14:30:00+00:00,5,73.58,73.66211547047372,0.658803993889603,,-0.0004078026291818304,0.0,0.0011153803206980228,-0.0024094399996101856,0.004756144247949123,0.48,0.52,0.52,0.52,0.015062587941904404
2026-08-03 14:30:00+00:00,10,73.58,73.72675096946081,0.6912977681147983,,0.0012224110180936165,1.0,0.0019924547523260117,-0.0033109979704022408,0.0074253566563129425,0.48,0.52,0.52,0.52,0.015062587941904404
2026-08-03 14:30:00+00:00,15,73.58,73.77315125323119,0.6993118243201777,,-0.000815771629197215,0.0,0.0026216115802526474,-0.004156849347054958,0.009719427675008774,0.48,0.52,0.52,0.52,0.015062587941904404
2026-08-03 20:15:00+00:00,5,74.02,74.02332279649877,0.527874701986372,,0.0010802053440315262,1.0,4.488951526582241e-05,-0.00084292097017169,0.0009199093328788877,0.5,0.5,0.52,0.52,-0.0006752650671879579
2026-08-03 20:15:00+00:00,10,74.02,74.02946281115777,0.5540286892626346,,0.0002701607472870293,1.0,0.00012783310376107693,-0.0011861957609653473,0.0014627616619691253,0.52,0.48,0.52,0.52,-0.0006752650671879579
2026-08-03 20:15:00+00:00,15,74.02,74.03650358245464,0.5737937944109623,,0.0,,0.00022293627262115479,-0.0014295268338173628,0.0019339841092005372,0.48,0.52,0.52,0.52,-0.0006752650671879579
2026-08-04 02:15:00+00:00,5,73.78,73.789649208738,0.5661082750651683,,-0.000677920166970658,0.0,0.00013077497715130448,-0.000977490795776248,0.0012476157862693071,0.48,0.52,0.52,0.48,0.008165532577468326
2026-08-04 02:15:00+00:00,10,73.78,73.79880293672826,0.5839136614857283,,-0.0002711129201911078,0.0,0.0002548189368098974,-0.0015317520592361689,0.0020320797339081764,0.5,0.5,0.52,0.48,0.008165532577468326
2026-08-04 02:15:00+00:00,15,73.78,73.80811969370545,0.5948071817711215,,0.0008128980260675434,1.0,0.00038105633575469255,-0.0019789848010987043,0.0027592487167567015,0.5,0.5,0.52,0.48,0.008165532577468326
2026-08-04 08:00:00+00:00,5,73.71,73.70212749750117,0.4405395719237508,,-0.0012217472503222027,0.0,-0.00010680942796170712,-0.001087440992705524,0.0009016469120979309,0.48,0.52,0.52,0.48,0.004214539580726928
2026-08-04 08:00:00+00:00,10,73.71,73.70487357012604,0.4764939057917258,,-0.0017652255245685922,0.0,-6.955105345696211e-05,-0.0016604717820882797,0.0015526238130405545,0.48,0.52,0.52,0.48,0.004214539580726928
2026-08-04 08:00:00+00:00,15,73.71,73.70563043186915,0.4850299551705025,,-0.002580997153765807,0.0,-5.928229074925184e-05,-0.0022004900965839624,0.002100465353578329,0.48,0.52,0.52,0.48,0.004214539580726928
2026-08-04 14:00:00+00:00,5,73.52,73.51903791616361,0.49669590494588056,,0.003801253558995299,1.0,-1.3086100807413459e-05,-0.002104962943121791,0.0020584012381732464,0.52,0.48,0.52,0.48,-0.002716654754191694
2026-08-04 14:00:00+00:00,10,73.52,73.5028921816715,0.45587440715416283,,-0.0001360266614351957,0.0,-0.00023272319231182337,-0.003086179494857788,0.0025620856322348118,0.52,0.48,0.52,0.48,-0.002716654754191694
2026-08-04 14:00:00+00:00,15,73.52,73.48393506589522,0.4232646039569936,,0.0002719978256946476,1.0,-0.0004906662506982684,-0.004053561948239803,0.002922443673014641,0.52,0.48,0.52,0.48,-0.002716654754191694
2026-08-04 19:45:00+00:00,5,74.26,74.25915607971976,0.49484030419054825,,-0.000673536766892191,0.0,-1.1364463716745377e-05,-0.0012028826167806983,0.0011948414612561464,0.48,0.52,0.52,0.48,0.0008082985755999417
2026-08-04 19:45:00+00:00,10,74.26,74.25183901349052,0.4662717441399342,,-0.0013475274913350432,0.0,-0.00010990351438522339,-0.0019246706506237388,0.0016359570436179638,0.48,0.52,0.52,0.48,0.0008082985755999417
2026-08-04 19:45:00+00:00,15,74.26,74.24507768476185,0.451319479889571,,-0.0009430785474995318,0.0,-0.0002009670715779066,-0.0024863500148057938,0.0019867687951773405,0.48,0.52,0.52,0.48,0.0008082985755999417
2026-08-05 01:30:00+00:00,5,73.75,73.73888087628653,0.43914986281289936,,0.001490414204488033,1.0,-0.00015077914576977491,-0.0013858918100595474,0.0012226952239871025,0.48,0.52,0.52,0.48,0.0013568523112903463
2026-08-05 01:30:00+00:00,10,73.75,73.7064158272296,0.33470060672813884,,0.0036543317380806073,1.0,-0.0005911465268582106,-0.002368463668972254,0.0013538870261982083,0.48,0.52,0.52,0.48,0.0013568523112903463
2026-08-05 01:30:00+00:00,15,73.75,73.68103862019437,0.2938154729268867,,0.002843411298994347,1.0,-0.0009355070069432259,-0.0030994790140539408,0.0014828009298071265,0.48,0.52,0.52,0.48,0.0013568523112903463
2026-08-05 07:30:00+00:00,5,73.73,73.71404726516094,0.3600862868524686,,-0.00013563919993586637,0.0,-0.00021639035549014807,-0.0010151017922908068,0.0005864868289791048,0.48,0.52,0.52,0.48,-0.00568029658238256
2026-08-05 07:30:00+00:00,10,73.73,73.69932780750119,0.321544576977983,,0.00040680724677955027,1.0,-0.00041609350591897964,-0.0016510160639882088,0.0008086800226010382,0.52,0.48,0.52,0.48,-0.00568029658238256
2026-08-05 07:30:00+00:00,15,73.73,73.68128211550467,0.27860719496348874,,-0.00013563919993586637,0.0,-0.0006609790725633502,-0.002241491572931409,0.0008629898657090962,0.52,0.48,0.52,0.48,-0.00568029658238256
2026-08-05 13:15:00+00:00,5,73.88,73.91716403825026,0.6976698197685989,,0.00013534546951721182,1.0,0.0005029059830121696,-0.0008449457818642259,0.0018274221802130342,0.48,0.52,0.52,0.48,0.00027074590662135023
2026-08-05 13:15:00+00:00,10,73.88,73.9507806722382,0.7519729188766507,,-0.0008124577291868107,0.0,0.0009575905278325081,-0.0009443069575354457,0.0028207642026245594,0.52,0.48,0.52,0.48,0.00027074590662135023
2026-08-05 13:15:00+00:00,15,73.88,73.97750145893573,0.7769428309367283,,-0.0017611601111093833,0.0,0.0013188573066145182,-0.00103536166716367,0.003458547405898571,0.52,0.48,0.52,0.48,0.00027074590662135023
2026-08-05 19:15:00+00:00,5,74.53,74.52556418368917,0.47180119907118867,,-0.00107396976358487,0.0,-5.9518963098526e-05,-0.0011733060237020254,0.0011736182495951653,0.52,0.48,0.52,0.48,-0.0013408422496929973
2026-08-05 19:15:00+00:00,10,74.53,74.5185794083541,0.45367919455907935,,-0.0005368407054175961,0.0,-0.0001532465685158968,-0.0019345160108059645,0.0017482936382293701,0.52,0.48,0.52,0.48,-0.0013408422496929973
2026-08-05 19:15:00+00:00,15,74.53,74.51025756780024,0.4387983147490653,,-0.0006710959247913095,0.0,-0.0002649275120347738,-0.0026063891127705574,0.0021664437372237444,0.48,0.52,0.52,0.48,-0.0013408422496929973
2026-08-06 01:00:00+00:00,5,74.05,74.05980650425906,0.5802340229833169,,-0.00013505300851068824,0.0,0.00013242207933217287,-0.0008005702402442694,0.0010027525713667274,0.52,0.48,0.52,0.48,-0.00013503477165865974
2026-08-06 01:00:00+00:00,10,74.05,74.07358501495054,0.6398701615514801,,0.0006749915882338087,1.0,0.00031845050398260355,-0.0009084204211831093,0.0015518543077632785,0.5,0.5,0.52,0.48,-0.00013503477165865974
2026-08-06 01:00:00+00:00,15,74.05,74.079330166588,0.6454097760282507,,-0.00013505300851068824,0.0,0.0003960075555369258,-0.0010559363290667534,0.001878964714705944,0.52,0.48,0.52,0.48,-0.00013503477165865974
2026-08-06 06:45:00+00:00,5,74.12,74.09888985460117,0.36171759758701927,,-0.0006748093919615172,0.0,-0.0002848509466275573,-0.0013138685608282685,0.0007722795708104968,0.48,0.52,0.52,0.48,-0.001348254215291611
2026-08-06 06:45:00+00:00,10,74.12,74.06441750196093,0.2585728662648521,,-0.0009448607033517575,0.0,-0.0007501801010221243,-0.0023024925030767918,0.000752684660255909,0.48,0.52,0.52,0.48,-0.001348254215291611
2026-08-06 06:45:00+00:00,15,74.12,74.01992280235223,0.1823304057841657,,-0.0012149849621527764,0.0,-0.0013511173892766237,-0.0033613122068345547,0.0005568804917857051,0.48,0.52,0.52,0.48,-0.001348254215291611
2026-08-06 12:45:00+00:00,5,73.36,73.34652940299388,0.3956878587918038,,-0.00027266530502867425,0.0,-0.00018364004790782928,-0.0010687906760722399,0.0007476103492081165,0.52,0.48,0.52,0.48,-0.0023146582599222754
2026-08-06 12:45:00+00:00,10,73.36,73.3364949953368,0.38623430397198,,-0.0012275797763363627,0.0,-0.00032045762054622173,-0.001790554728358984,0.001204848289489746,0.5,0.5,0.52,0.48,-0.0023146582599222754
2026-08-06 12:45:00+00:00,15,73.36,73.33372825137886,0.40392753565263884,,-0.0025933270522706664,0.0,-0.00035818503238260746,-0.0023510458413511515,0.0016890952829271555,0.52,0.48,0.52,0.48,-0.0023146582599222754
2026-08-06 18:30:00+00:00,5,73.1,73.09715353336239,0.48413524359432236,,-0.001642935747431018,0.0,-3.894011024385691e-05,-0.0013195406645536423,0.001210245885886252,0.5,0.5,0.52,0.48,-0.0034141378332579464
2026-08-06 18:30:00+00:00,10,73.1,73.10582003164781,0.5226614244719698,,-0.0020540917869382724,0.0,7.961422670632601e-05,-0.0017719294410198927,0.0018990261014550924,0.52,0.48,0.52,0.48,-0.0034141378332579464
2026-08-06 18:30:00+00:00,15,73.1,73.11005589016517,0.5304392774310422,,-0.0023282897595908736,0.0,0.00013755401596426964,-0.002230615122243762,0.0024439897388219833,0.52,0.48,0.52,0.48,-0.0034141378332579464
2026-08-07 00:30:00+00:00,5,72.59,72.59339001571571,0.5242928307481005,,0.0016517553652164452,1.0,4.669977352023125e-05,-0.0010197795927524567,0.0010311255464330316,0.52,0.48,0.52,0.48,0.002068538281536192
2026-08-07 00:30:00+00:00,10,72.59,72.5858985045795,0.47913800113988725,,0.0,,-5.650380626320839e-05,-0.0015671455767005682,0.0013625429710373282,0.5,0.5,0.52,0.48,0.002068538281536192
2026-08-07 00:30:00+00:00,15,72.59,72.57627588595692,0.44365810424074237,,0.0008262187195429149,1.0,-0.00018908130005002022,-0.0020924049895256758,0.001601118710823357,0.52,0.48,0.52,0.48,0.002068538281536192
2026-08-07 06:15:00+00:00,5,72.97,72.95365069337846,0.3940283580535934,,0.00041104337086217413,1.0,-0.00022408028598874807,-0.0012990612303838134,0.0009020080324262381,0.48,0.52,0.52,0.48,0.003431947908305588
2026-08-07 06:15:00+00:00,10,72.97,72.94194524265674,0.3729854241043863,,0.0006849784499616263,1.0,-0.0003845436731353402,-0.0019390266388654709,0.0012315551284700632,0.48,0.52,0.52,0.48,0.003431947908305588
2026-08-07 06:15:00+00:00,15,72.97,72.93039080904336,0.35924416717752694,,0.0002740476860116914,1.0,-0.0005429621087387204,-0.002463854383677244,0.0014962379354983568,0.48,0.52,0.52,0.48,0.003431947908305588
2026-08-07 12:00:00+00:00,5,73.63,73.63245643448028,0.5222613522048,,0.0009502478146661275,1.0,3.336131339892745e-05,-0.0007328802021220326,0.0008684048661962152,0.48,0.52,0.52,0.48,0.0006793017039967708
2026-08-07 12:00:00+00:00,10,73.63,73.63669426085485,0.5415146451277311,,0.005012541823544936,1.0,9.091343963518739e-05,-0.0010673434007912874,0.0013270019553601742,0.52,0.48,0.52,0.48,0.0006793017039967708
2026-08-07 12:00:00+00:00,15,73.63,73.64744939868177,0.5836071987560789,,0.004201402127860909,1.0,0.00023695954587310553,-0.001245377236045897,0.001823918311856687,0.52,0.48,0.52,0.48,0.0006793017039967708
2026-08-07 18:00:00+00:00,5,73.49,73.52684424984272,0.6392199520102002,,-0.000408302149258688,0.0,0.0005012248875573277,-0.0012790164910256863,0.0024727375712245703,0.48,0.52,0.52,0.48,-0.0005441436673514488
2026-08-07 18:00:00+00:00,10,73.49,73.52017767940735,0.5828719190187388,,0.0006801333323460668,1.0,0.0004105522530153394,-0.002102496335282922,0.0032329189125448465,0.48,0.52,0.52,0.48,-0.0005441436673514488
2026-08-07 18:00:00+00:00,15,73.49,73.51498194964483,0.5550099580011645,,0.0004081355066514192,1.0,0.0003398789558559656,-0.0027288084384053946,0.003847721964120865,0.48,0.52,0.52,0.48,-0.0005441436673514488
2026-08-07 23:45:00+00:00,5,73.75,73.79341510804544,0.9065629968851304,,-0.0005425200187323398,0.0,0.0005885062273591757,1.3037555618211627e-05,0.001194699201732874,0.48,0.52,0.52,0.48,0.0021718482814216955
2026-08-07 23:45:00+00:00,10,73.75,73.81983152853827,0.8859180937985119,,-0.0009496032728781856,0.0,0.0009464201866649091,-4.929775604978204e-05,0.0020096206571906805,0.48,0.52,0.52,0.48,0.0021718482814216955
2026-08-07 23:45:00+00:00,15,73.75,73.84599779014033,0.8848948871401723,,-0.0014926388550522418,0.0,0.001300818519666791,-7.274388917721808e-05,0.0027758826036006212,0.48,0.52,0.52,0.48,0.0021718482814216955
2026-08-08 05:45:00+00:00,5,74.58,74.555606576593,0.2836006732899474,,-0.0005364806995622473,0.0,-0.0003271307796239853,-0.0011301245540380478,0.00048426538705825806,0.52,0.48,0.52,0.52,-0.0012060302969354453
2026-08-08 05:45:00+00:00,10,74.58,74.53983807722913,0.28732348984061906,,0.0002681324590403378,1.0,-0.0005386529956012964,-0.001924238633364439,0.0007858849130570889,0.52,0.48,0.52,0.52,-0.0012060302969354453
2026-08-08 05:45:00+00:00,15,74.58,74.53137739701978,0.3041194652386814,,0.000938149234523955,1.0,-0.0006521649193018675,-0.002500321017578244,0.0011365539394319057,0.52,0.48,0.52,0.52,-0.0012060302969354453
2026-08-08 11:30:00+00:00,5,75.24,75.23749749987084,0.47793307351162484,,0.0001328991961555559,1.0,-3.326078876852989e-05,-0.0007537782657891512,0.0010866965167224407,0.52,0.48,0.52,0.52,0.003728366502663505
2026-08-08 11:30:00+00:00,10,75.24,75.24281720343978,0.5171209162782477,,-0.00039880359451860414,0.0,3.744219429790974e-05,-0.0010924609377980232,0.0017621628940105438,0.52,0.48,0.52,0.52,0.003728366502663505
2026-08-08 11:30:00+00:00,15,75.24,75.24156090333562,0.507128171240592,,-0.0001329168607000497,0.0,2.0745443180203438e-05,-0.001461221370846033,0.0021313061006367207,0.52,0.48,0.52,0.52,0.003728366502663505
2026-08-08 17:15:00+00:00,5,76.36,76.37268801347888,0.6026713349557917,,0.00013095004274621402,1.0,0.00016614666674286127,-0.0006337853847071528,0.0012165553634986281,0.48,0.52,0.52,0.52,0.00013096719290572878
2026-08-08 17:15:00+00:00,10,76.36,76.38806374024645,0.6624979197621105,,0.0,,0.000367451342754066,-0.0007386012002825737,0.001815680181607604,0.48,0.52,0.52,0.52,0.00013096719290572878
2026-08-08 17:15:00+00:00,15,76.36,76.40196507063592,0.6900046025839653,,0.0006545788019280963,1.0,0.0005494178039953113,-0.0008468898013234138,0.0023878717329353094,0.52,0.48,0.52,0.52,0.00013096719290572878
2026-08-08 23:15:00+00:00,5,75.8,75.79185454939604,0.44876565410342306,,0.001450135380350659,1.0,-0.00010746554471552372,-0.0012991996482014656,0.0009578377939760685,0.52,0.48,0.52,0.52,-0.005525602797388451
2026-08-08 23:15:00+00:00,10,75.8,75.78656071675357,0.44288180759298856,,0.0017135705768165366,1.0,-0.00017731497064232826,-0.001964220544323325,0.0014560052659362555,0.52,0.48,0.52,0.52,-0.005525602797388451
2026-08-08 23:15:00+00:00,15,75.8,75.78668984614748,0.45614557053656624,,0.001318391753258652,1.0,-0.00017561111599206924,-0.0025356258265674114,0.001936180517077446,0.52,0.48,0.52,0.52,-0.005525602797388451
2026-08-09 05:00:00+00:00,5,75.96,75.97089846746782,0.5997176042972696,,0.0001316395710455609,1.0,0.0001434661098755896,-0.0006124881329014897,0.0008801864460110664,0.52,0.48,0.52,0.52,-0.0001316395710455609
2026-08-09 05:00:00+00:00,10,75.96,75.96903566792244,0.5569507998710195,,0.0007895776170174784,1.0,0.00011894589988514781,-0.0009937790455296636,0.0011930720647796988,0.52,0.48,0.52,0.52,-0.0001316395710455609
2026-08-09 05:00:00+00:00,15,75.96,75.96961569239201,0.5483925581167642,,0.0001316395710455609,1.0,0.0001265808823518455,-0.0012685273541137576,0.0014699016464874148,0.52,0.48,0.52,0.52,-0.0001316395710455609
2026-08-09 11:00:00+00:00,5,76.38,76.38302065831428,0.5262307259304331,,0.00026181437510430783,1.0,3.954698331654072e-05,-0.0007771563250571489,0.000840214837808162,0.52,0.48,0.52,0.52,-0.0006544074574224013
2026-08-09 11:00:00+00:00,10,76.38,76.38771650016403,0.5430958696344208,,0.00026181437510430783,1.0,0.00010102265514433384,-0.0011792099103331566,0.0013909130357205868,0.52,0.48,0.52,0.52,-0.0006544074574224013
2026-08-09 11:00:00+00:00,15,76.38,76.3988258916643,0.578131927102979,,0.0006544074574224013,1.0,0.00024644634686410427,-0.0014502714620903134,0.0019615013152360916,0.52,0.48,0.52,0.52,-0.0006544074574224013
2026-08-09 16:45:00+00:00,5,77.28,77.28044252485077,0.5018499323782546,,-0.0002588326661276952,0.0,5.72623685002327e-06,-0.001472101779654622,0.0018095038831233978,0.52,0.48,0.52,0.52,0.0010357328735324245
2026-08-09 16:45:00+00:00,10,77.28,77.29381727695466,0.5371577480328678,,0.0001293912145170495,1.0,0.0001787790097296238,-0.002220534486696124,0.0030444259755313396,0.48,0.52,0.52,0.52,0.0010357328735324245
2026-08-09 16:45:00+00:00,15,77.28,77.3118892557187,0.56624661557661,,0.00025876568911353814,1.0,0.0004125605337321758,-0.002690319437533617,0.004143610596656799,0.48,0.52,0.52,0.52,0.0010357328735324245
2026-08-09 22:30:00+00:00,5,77.48,77.48961203179292,0.5514040791911083,,-0.003620381508064874,0.0,0.00012405053712427616,-0.0010435597505420446,0.001687332522124052,0.48,0.52,0.52,0.52,0.001162265256427375
2026-08-09 22:30:00+00:00,10,77.48,77.49934642289828,0.573766765705606,,-0.006344295248837284,0.0,0.00024966453202068806,-0.0013979682698845863,0.0024380290415138006,0.52,0.48,0.52,0.52,0.001162265256427375
2026-08-09 22:30:00+00:00,15,77.48,77.50420364679597,0.5773752414593054,,-0.006993941214646249,0.0,0.00031233695335686207,-0.001679429318755865,0.0028813318349421024,0.52,0.48,0.52,0.52,0.001162265256427375
2026-08-10 04:30:00+00:00,5,76.64,76.63434920099989,0.46475963627603,,0.0,,-7.373443804681301e-05,-0.0011743833310902119,0.0010884830262511969,0.52,0.48,0.52,0.48,-0.0006521881141630104
2026-08-10 04:30:00+00:00,10,76.64,76.62852597029607,0.4522860778559743,,-0.002089864919458506,0.0,-0.0001497245393693447,-0.0018924563191831112,0.0016693327343091369,0.52,0.48,0.52,0.52,-0.0006521881141630104
2026-08-10 04:30:00+00:00,15,76.64,76.60746611851444,0.39828205428468144,,-0.00039151713387486353,0.0,-0.0004245927557349205,-0.0027368362061679363,0.0019575676415115595,0.52,0.48,0.52,0.52,-0.0006521881141630104
2026-08-10 10:15:00+00:00,5,76.54,76.52103580718108,0.3800677089517779,,0.0005224660515921187,1.0,-0.00024779909290373325,-0.0012831566855311394,0.0008571756770834327,0.5,0.5,0.52,0.48,-0.00586206329240202
2026-08-10 10:15:00+00:00,10,76.54,76.50769330174987,0.36013776944875797,,0.0018274381798875083,1.0,-0.00042217818554490805,-0.0019466567318886518,0.0011884050909429789,0.52,0.48,0.52,0.52,-0.00586206329240202
2026-08-10 10:15:00+00:00,15,76.54,76.50567164848411,0.3798553394297943,,0.0014361253202670454,1.0,-0.00044860271736979485,-0.002398764481768012,0.001588946906849742,0.52,0.48,0.52,0.52,-0.00586206329240202
2026-08-10 16:15:00+00:00,5,75.95,75.95571371431771,0.5220161793685794,,-0.002900845916050443,0.0,7.522711530327797e-05,-0.001710981596261263,0.0019016452133655548,0.52,0.48,0.52,0.48,-0.00420444713436563
2026-08-10 16:15:00+00:00,10,75.95,75.96164561064586,0.5300322437940957,,-0.0015812363289375853,0.0,0.00015332084149122238,-0.0025701820850372314,0.0029636940453201532,0.52,0.48,0.52,0.52,-0.00420444713436563
2026-08-10 16:15:00+00:00,15,75.95,75.96416137259999,0.5281319868859093,,-0.0032970685983784165,0.0,0.0001864391379058361,-0.003276069648563862,0.0037424282636493444,0.48,0.52,0.52,0.52,-0.00420444713436563
2026-08-10 22:00:00+00:00,5,76.33,76.34281148809099,0.612918853022994,,-0.002229655327268709,0.0,0.0001678293338045478,-0.0006059756851755083,0.0009470032528042793,0.52,0.48,0.52,0.48,-0.0011783962083748989
2026-08-10 22:00:00+00:00,10,76.33,76.35457649365534,0.6383713930903946,,-0.0010486303228578464,0.0,0.00032192503567785025,-0.0008972190553322434,0.0015400880947709084,0.48,0.52,0.52,0.52,-0.0011783962083748989
2026-08-10 22:00:00+00:00,15,76.33,76.35899822532153,0.6251063074684821,,-0.0001310186703475935,0.0,0.0003798338584601879,-0.0012193896109238267,0.0019954796880483627,0.52,0.48,0.52,0.52,-0.0011783962083748989
2026-08-11 03:45:00+00:00,5,76.12,76.13432303343983,0.6262094928863908,,0.0,,0.0001881461648736149,-0.00058296590577811,0.0009666270925663412,0.52,0.48,0.52,0.48,0.0
2026-08-11 03:45:00+00:00,10,76.12,76.15240266793832,0.688103681219438,,-0.0002627775603087912,0.0,0.00042558819404803216,-0.0007323477184399962,0.0015786804724484682,0.52,0.48,0.52,0.48,0.0
2026-08-11 03:45:00+00:00,15,76.12,76.16762423800974,0.7211373574026376,,-0.0006570734187389959,0.0,0.0006254512118175626,-0.0007931508007459342,0.0020176623947918415,0.52,0.48,0.52,0.48,0.0
2026-08-11 09:45:00+00:00,5,75.85,75.86078695529115,0.5739586847851177,,-0.0011872569167188374,0.0,0.0001422041968908161,-0.000856159022077918,0.001147923176176846,0.48,0.52,0.52,0.48,-0.0007907222341350106
2026-08-11 09:45:00+00:00,10,75.85,75.864645955028,0.5708333853859523,,-0.0007913479706038729,0.0,0.00019307239563204348,-0.0012890157522633672,0.0016239958349615335,0.48,0.52,0.52,0.48,-0.0007907222341350106
2026-08-11 09:45:00+00:00,15,75.85,75.86778523505508,0.5702214150675636,,0.00013183046621101369,1.0,0.00023445155238732696,-0.0015844024019315839,0.0019640247337520123,0.48,0.52,0.52,0.48,-0.0007907222341350106
2026-08-11 15:30:00+00:00,5,75.33,75.29757230261963,0.38456811669994806,,-0.002525421691780494,0.0,-0.00043056788854300976,-0.0024456907995045185,0.0014354146551340818,0.52,0.48,0.52,0.48,-0.0034455374664821292
2026-08-11 15:30:00+00:00,10,75.33,75.28180466370821,0.3865162477055061,,-0.006525960431714495,0.0,-0.0006399941630661488,-0.003779605496674776,0.0023400005884468555,0.48,0.52,0.52,0.48,-0.0034455374664821292
2026-08-11 15:30:00+00:00,15,75.33,75.27972041360397,0.4072029030623373,,-0.006926895953290213,0.0,-0.0006676805205643177,-0.004718726966530085,0.003172302385792136,0.48,0.52,0.52,0.48,-0.0034455374664821292
2026-08-11 21:15:00+00:00,5,76.12,76.11836304409387,0.4915848512015394,,-0.000788539927834897,0.0,-2.1505169570446014e-05,-0.001425126101821661,0.001417126040905714,0.52,0.48,0.52,0.48,0.000788539927834897
2026-08-11 21:15:00+00:00,10,76.12,76.12799196382163,0.5274970820573051,,0.0002627085264022,1.0,0.00010498613119125366,-0.0020566857419908047,0.002222464419901371,0.48,0.52,0.52,0.48,0.000788539927834897
2026-08-11 21:15:00+00:00,15,76.12,76.1303512239273,0.5274841240633739,,-0.0006570734187389959,0.0,0.00013597635552287102,-0.0027128830552101135,0.002875792793929577,0.48,0.52,0.52,0.48,0.000788539927834897
2026-08-12 03:15:00+00:00,5,76.39,76.40922935122182,0.6588513166925036,,-0.001047806251726513,0.0,0.0002516943495720625,-0.0005789861315861344,0.0011153987143188715,0.52,0.48,0.52,0.52,-0.001961682444287405
2026-08-12 03:15:00+00:00,10,76.39,76.4134197570389,0.6343305834843401,,-0.0005237658886274588,0.0,0.00030653446447104216,-0.0009051829692907631,0.0015373993664979935,0.52,0.48,0.52,0.52,-0.001961682444287405
2026-08-12 03:15:00+00:00,15,76.39,76.4099264983056,0.5963943924244465,,-0.0013099294511302872,0.0,0.00026081816758960485,-0.0012016422115266323,0.0017579554114490747,0.52,0.48,0.52,0.52,-0.001961682444287405
2026-08-12 09:00:00+00:00,5,76.2,76.21760251727446,0.6450075060877606,,0.0003936233075814144,1.0,0.00023097748635336757,-0.0005597512936219573,0.001107904128730297,0.48,0.52,0.52,0.52,-0.0005247966533454829
2026-08-12 09:00:00+00:00,10,76.2,76.22539246243025,0.6442120068875566,,0.0014425286089414513,1.0,0.00033317890483886003,-0.0008390132570639253,0.001616963418200612,0.52,0.48,0.52,0.52,-0.0005247966533454829
2026-08-12 09:00:00+00:00,15,76.2,76.2312045772307,0.6414207077834844,,0.0023594191047697777,1.0,0.0004094250616617501,-0.0010371269891038537,0.0020332871936261654,0.52,0.48,0.52,0.52,-0.0005247966533454829
2026-08-12 15:00:00+00:00,5,75.44,75.40222035711973,0.358617281256265,,0.0037046880159197215,1.0,-0.0005009160377085209,-0.0022863070480525494,0.0013890988193452358,0.52,0.48,0.52,0.52,-0.010155049352824186
2026-08-12 15:00:00+00:00,10,75.44,75.3618995824973,0.3064282613881858,,0.00344052211820145,1.0,-0.001035801600664854,-0.0037870723754167557,0.0019165095873177052,0.52,0.48,0.52,0.52,-0.010155049352824186
2026-08-12 15:00:00+00:00,15,75.44,75.3311836778717,0.2965606873100992,,0.004760654323123781,1.0,-0.0014434633776545525,-0.005060551688075066,0.002451794221997261,0.52,0.48,0.52,0.52,-0.010155049352824186
2026-08-12 20:45:00+00:00,5,75.99,75.99578187610084,0.5453266101598526,,0.0,,7.608443411299959e-05,-0.0007916406029835343,0.000967158586718142,0.48,0.52,0.52,0.52,0.0048809542189065525
2026-08-12 20:45:00+00:00,10,75.99,76.00970025772975,0.6058366269991355,,-0.001053324653017107,0.0,0.000259214430116117,-0.001051759929396212,0.0015964750200510025,0.5,0.5,0.52,0.52,0.0048809542189065525
2026-08-12 20:45:00+00:00,15,75.99,76.01887384500091,0.621958307987331,,0.0,,0.0003798968391492963,-0.001291115884669125,0.002097852062433958,0.48,0.52,0.52,0.52,0.0048809542189065525
2026-08-13 02:30:00+00:00,5,75.59,75.59638287719918,0.5343693921871246,,0.0005290305638521176,1.0,8.443719707429409e-05,-0.001321967109106481,0.0012406406458467245,0.52,0.48,0.52,0.48,0.0
2026-08-13 02:30:00+00:00,10,75.59,75.59972565675633,0.5419081964850808,,-0.0003969566707766603,0.0,0.0001286549959331751,-0.0016387987416237593,0.001628653146326542,0.52,0.48,0.52,0.48,0.0
2026-08-13 02:30:00+00:00,15,75.59,75.59547354542366,0.5195273743911264,,0.001322052016989872,1.0,7.24083511158824e-05,-0.002049455652013421,0.0018742840038612485,0.52,0.48,0.52,0.48,0.0
2026-08-13 08:30:00+00:00,5,76.26,76.25341092661094,0.440271096311294,,-0.000262295083471642,0.0,-8.640647865831852e-05,-0.0008305138908326626,0.0006753033958375454,0.52,0.48,0.52,0.48,-0.003142186403072067
2026-08-13 08:30:00+00:00,10,76.26,76.24573061014827,0.41719411467138945,,-0.000262295083471642,0.0,-0.00018713250756263733,-0.001414816826581955,0.001067677396349609,0.52,0.48,0.52,0.48,-0.003142186403072067
2026-08-13 08:30:00+00:00,15,76.26,76.24100467473166,0.41990023754036054,,-0.0007870917368171249,0.0,-0.00024911738000810146,-0.0019405791535973549,0.001448107068426907,0.52,0.48,0.52,0.48,-0.003142186403072067
2026-08-13 14:15:00+00:00,5,76.41,76.43871958527184,0.6484634914543831,,-0.0011785505194437107,0.0,0.0003757909871637821,-0.0008953753858804703,0.0017404959071427584,0.48,0.52,0.52,0.48,0.003802535231526072
2026-08-13 14:15:00+00:00,10,76.41,76.44914608313553,0.6439421614483727,,-0.001440639369064023,0.0,0.0005121850408613682,-0.0013309564674273133,0.0024431052152067423,0.48,0.52,0.52,0.48,0.003802535231526072
2026-08-13 14:15:00+00:00,15,76.41,76.46646601750116,0.6630658886021867,,-0.0017027969272565002,0.0,0.0007387143559753895,-0.001594201079569757,0.003187059424817562,0.48,0.52,0.52,0.48,0.003802535231526072
2026-08-13 20:15:00+00:00,5,76.16,76.14134079399523,0.38874458917790544,,0.0009186955170719102,1.0,-0.0002450300962664187,-0.0014447104185819626,0.0008889499586075544,0.52,0.48,0.52,0.48,0.0007881256154700367
2026-08-13 20:15:00+00:00,10,76.16,76.12822667266309,0.37318115435615495,,0.0001312939015862824,1.0,-0.0004172788467258215,-0.0022506944369524717,0.0012860434362664819,0.52,0.48,0.52,0.48,0.0007881256154700367
2026-08-13 20:15:00+00:00,15,76.16,76.10782045383066,0.3422075910659387,,0.0011810250044108628,1.0,-0.000685365404933691,-0.003101351670920849,0.00148678885307163,0.52,0.48,0.52,0.48,0.0007881256154700367
2026-08-14 02:00:00+00:00,5,76.09,76.08570531512174,0.4644646383488842,,0.0001314146792088522,1.0,-5.644376506097615e-05,-0.0009188544354401529,0.0007974541513249278,0.48,0.52,0.52,0.48,0.00039434768831725364
2026-08-14 02:00:00+00:00,10,76.09,76.08417142355577,0.46722995229775255,,0.0011821108620271303,1.0,-7.660401752218604e-05,-0.001355431042611599,0.001171446405351162,0.52,0.48,0.52,0.48,0.00039434768831725364
2026-08-14 02:00:00+00:00,15,76.09,76.08027714872506,0.4556983063541622,,0.0006569007659198434,1.0,-0.00012778909876942635,-0.0017248328076675534,0.0014198138378560543,0.5,0.5,0.52,0.48,0.00039434768831725364
2026-08-14 07:45:00+00:00,5,75.63,75.63416689783087,0.5334488300294237,,0.0,,5.509431503014639e-05,-0.000811671488918364,0.0009152631973847747,0.48,0.52,0.52,0.48,-0.00026441036642754767
2026-08-14 07:45:00+00:00,10,75.63,75.63993070771775,0.5592055681608352,,0.00013221392231876905,1.0,0.00013129784201737493,-0.0010556657798588276,0.0012990424875169992,0.52,0.48,0.52,0.48,-0.00026441036642754767
2026-08-14 07:45:00+00:00,15,75.63,75.6373072345573,0.5357307744769537,,-0.0005290305638521176,0.0,9.66135339695029e-05,-0.001338962814770639,0.0015073367394506931,0.52,0.48,0.52,0.48,-0.00026441036642754767
2026-08-14 13:45:00+00:00,5,75.4,75.3917278784921,0.44319662863108056,,-0.000663349941405933,0.0,-0.00010971585288643837,-0.0011433747131377459,0.0008405568078160286,0.48,0.52,0.52,0.48,-0.00026521681630065075
2026-08-14 13:45:00+00:00,10,75.4,75.38739369174259,0.43096927122984297,,-0.0005306447458028885,0.0,-0.00016720639541745186,-0.00147162564098835,0.0010780892334878445,0.48,0.52,0.52,0.48,-0.00026521681630065075
2026-08-14 13:45:00+00:00,15,75.4,75.38855403470927,0.4453951057047352,,-0.000265287174920914,0.0,-0.00015181477647274733,-0.0016289837658405304,0.0012855918612331152,0.48,0.52,0.52,0.48,-0.00026521681630065075
2026-08-14 19:30:00+00:00,5,74.84,74.85062914372912,0.569148551443455,,0.0012018429703299915,1.0,0.00014201481826603413,-0.0009679719805717468,0.001255461247637868,0.48,0.52,0.52,0.48,-0.004399713783488579
2026-08-14 19:30:00+00:00,10,74.84,74.8524950444317,0.5563296563958051,,0.0017355321090812836,1.0,0.00016694283112883568,-0.0014285393990576267,0.0018364698626101017,0.48,0.52,0.52,0.48,-0.004399713783488579
2026-08-14 19:30:00+00:00,15,74.84,74.85332780901877,0.5442595979120128,,0.003068510179021544,1.0,0.00017806817777454853,-0.0018843263387680054,0.0023696895223110914,0.48,0.52,0.52,0.48,-0.004399713783488579
2026-08-15 01:30:00+00:00,5,75.41,75.41647314751941,0.5774747161643173,,0.0003977461106465796,1.0,8.583569433540106e-05,-0.0005301975761540234,0.0006403685547411442,0.52,0.48,0.52,0.48,0.00013261720064505766
2026-08-15 01:30:00+00:00,10,75.41,75.41877065443536,0.5748551608591141,,0.00013259961565559308,1.0,0.00011629948858171701,-0.0007750312215648592,0.000912005896680057,0.5,0.5,0.52,0.48,0.00013261720064505766
2026-08-15 01:30:00+00:00,15,75.41,75.41809572016756,0.5570742081313533,,0.0003977461106465796,1.0,0.00010735029354691505,-0.0010058516636490822,0.0010998341022059321,0.48,0.52,0.52,0.48,0.00013261720064505766
2026-08-15 07:15:00+00:00,5,75.4,75.40237439619769,0.5259760893812903,,-0.000663349941405933,0.0,3.149016993120313e-05,-0.0005929696490056813,0.0006540629547089338,0.48,0.52,0.52,0.48,0.0011943469006503449
2026-08-15 07:15:00+00:00,10,75.4,75.40186003726522,0.5146875564521963,,-0.0009288131763067753,0.0,2.4668624973855913e-05,-0.0008658641017973423,0.0008965834276750684,0.52,0.48,0.52,0.48,0.0011943469006503449
2026-08-15 07:15:00+00:00,15,75.4,75.40611035043622,0.5382238475873137,,-0.0010615712249588682,0.0,8.103584696073085e-05,-0.0010500464122742414,0.0011745881056413054,0.52,0.48,0.52,0.48,0.0011943469006503449
2026-08-15 13:00:00+00:00,5,75.43,75.45438695795697,0.6949045995048394,,0.0006626466348107485,1.0,0.0003232535673305392,-0.000491518818307668,0.001339281559921801,0.48,0.52,0.52,0.48,0.002522069432709273
2026-08-15 13:00:00+00:00,10,75.43,75.46297054903664,0.6747840621663117,,0.0001325644596628095,1.0,0.0004370057722553611,-0.0007846186053939164,0.001990808639675379,0.48,0.52,0.52,0.48,0.002522069432709273
2026-08-15 13:00:00+00:00,15,75.43,75.47239642903858,0.6771008947996144,,0.0005301524312377737,1.0,0.0005619053263217211,-0.0009672844898886979,0.002560602966696024,0.48,0.52,0.52,0.48,0.002522069432709273
2026-08-15 19:00:00+00:00,5,75.54,75.54067920867928,0.5104408517334166,,0.0,,8.99133738130331e-06,-0.0004914578748866916,0.00045604625483974814,0.52,0.48,0.52,0.48,-0.0017194634221198157
2026-08-15 19:00:00+00:00,10,75.54,75.53650423631107,0.45915150531176196,,0.0,,-4.6278059016913176e-05,-0.0007457026513293386,0.0005671827238984406,0.52,0.48,0.52,0.48,-0.0017194634221198157
2026-08-15 19:00:00+00:00,15,75.54,75.53378352149058,0.4422151979698875,,0.0,,-8.229725062847137e-05,-0.000917809724342078,0.0006753153284080327,0.52,0.48,0.52,0.48,-0.0017194634221198157
2026-08-16 00:45:00+00:00,5,75.47,75.48456208369393,0.7092069954636009,,-0.0006627344665659507,0.0,0.0001929333375301212,-0.0002637708093971014,0.0006646863184869289,0.48,0.52,0.52,0.52,0.0017240240328817436
2026-08-16 00:45:00+00:00,10,75.47,75.50191674709001,0.7899658803773355,,-0.0005301524312377737,0.0,0.00042281701462343335,-0.00027433549985289574,0.0011291789123788476,0.48,0.52,0.52,0.52,0.0017240240328817436
2026-08-16 00:45:00+00:00,15,75.47,75.5158191474745,0.8108494042140246,,-0.0001325117606123527,0.0,0.0006069331429898739,-0.0002938138786703348,0.0014991415664553642,0.48,0.52,0.52,0.52,0.0017240240328817436
2026-08-16 06:45:00+00:00,5,75.45,75.45530523805519,0.5558790763545503,,-0.0003976933836469243,0.0,7.031214772723615e-05,-0.0005568609340116382,0.0007583445403724909,0.48,0.52,0.52,0.52,0.0010608673584791006
2026-08-16 06:45:00+00:00,10,75.45,75.45575115046215,0.5461289522304327,,-0.0007955449902476985,0.0,7.622175326105207e-05,-0.0007590898312628269,0.0010159260127693415,0.48,0.52,0.52,0.52,0.0010608673584791006
2026-08-16 06:45:00+00:00,15,75.45,75.45991591105071,0.565223851901435,,-0.0005302929993025174,0.0,0.00013141497038304806,-0.0008790143765509129,0.001297645503655076,0.48,0.52,0.52,0.52,0.0010608673584791006
2026-08-16 12:30:00+00:00,5,75.28,75.27935586308504,0.4885446416951945,,-0.0002657101118330729,0.0,-8.556584361940622e-06,-0.0004121207748539746,0.00039076272514648736,0.48,0.52,0.52,0.52,-0.0003984328361354983
2026-08-16 12:30:00+00:00,10,75.28,75.27874525244175,0.4825150012120649,,-0.00039859164813904613,0.0,-1.666788011789322e-05,-0.0005336101166903973,0.0004991254536435008,0.48,0.52,0.52,0.52,-0.0003984328361354983
2026-08-16 12:30:00+00:00,15,75.28,75.27465852016188,0.436445279996997,,-0.001063264321330415,0.0,-7.095735054463148e-05,-0.0006611443823203444,0.0005437011132016778,0.48,0.52,0.52,0.52,-0.0003984328361354983
2026-08-16 18:15:00+00:00,5,75.15,75.12995377001506,0.3327736819765438,,0.0007980846393280672,1.0,-0.0002667851513251662,-0.0011393651366233826,0.0005419752560555935,0.52,0.48,0.52,0.52,-0.0050438121263729485
2026-08-16 18:15:00+00:00,10,75.15,75.10111096145936,0.23420324050190744,,0.0003991219370487187,1.0,-0.0006507644429802895,-0.001919761998578906,0.0005252832779660821,0.52,0.48,0.52,0.52,-0.0050438121263729485
2026-08-16 18:15:00+00:00,15,75.15,75.07911278306473,0.20546673824480477,,0.0,,-0.000943721504881978,-0.0025732037611305714,0.0005459077656269073,0.52,0.48,0.52,0.52,-0.0050438121263729485
2026-08-17 00:15:00+00:00,5,74.59,74.59307092824235,0.5289946839212394,,0.0,,4.1169929318130016e-05,-0.0007595213246531785,0.0007829803507775068,0.48,0.52,0.52,0.48,0.0010731054014359032
2026-08-17 00:15:00+00:00,10,74.59,74.593054394334,0.5200144300226408,,-0.0013415617788865575,0.0,4.094827454537153e-05,-0.0011115933302789927,0.001151051837950945,0.52,0.48,0.52,0.48,0.0010731054014359032
2026-08-17 00:15:00+00:00,15,74.59,74.58828066814901,0.49136517339515395,,0.0004021178259403513,1.0,-2.30506993830204e-05,-0.0015103189507499337,0.0014297019224613905,0.52,0.48,0.52,0.48,0.0010731054014359032
2026-08-17 06:00:00+00:00,5,75.44,75.44102793093728,0.5087298449953532,,0.000530082175147939,1.0,1.3625714927911758e-05,-0.000901148421689868,0.0009434360545128584,0.52,0.48,0.52,0.48,-0.001324678959108816
2026-08-17 06:00:00+00:00,10,75.44,75.44448163696593,0.5267403240800421,,0.0006625588263311499,1.0,5.9404876083135605e-05,-0.0012049612123519182,0.0013377247378230095,0.52,0.48,0.52,0.48,-0.001324678959108816
2026-08-17 06:00:00+00:00,15,75.44,75.44540648133166,0.524832509326552,,0.0006625588263311499,1.0,7.166340947151184e-05,-0.0015218080952763557,0.0017092273337766528,0.52,0.48,0.52,0.48,-0.001324678959108816
2026-08-17 12:00:00+00:00,5,75.66,75.65240091094599,0.44591272185871567,,-0.0006610696347042477,0.0,-0.00010044238297268748,-0.0011514821089804173,0.0008122093277052045,0.52,0.48,0.52,0.48,-0.001452816738399143
2026-08-17 12:00:00+00:00,10,75.66,75.64393011449995,0.4133650499726991,,-0.0009256199007969812,0.0,-0.00021241861395537853,-0.0016134551260620356,0.0010415301658213139,0.52,0.48,0.52,0.48,-0.001452816738399143
2026-08-17 12:00:00+00:00,15,75.66,75.6268587832888,0.3569260797517483,,-0.0010579212835395424,0.0,-0.0004381242033559829,-0.002127306070178747,0.0011162608861923218,0.52,0.48,0.52,0.48,-0.001452816738399143
2026-08-17 17:45:00+00:00,5,75.94,75.90091825491935,0.31986282427764545,,-0.00013169157851411484,0.0,-0.00051477225497365,-0.0018255335744470358,0.0010107466951012611,0.48,0.52,0.52,0.48,-0.0009213557742926426
2026-08-17 17:45:00+00:00,10,75.94,75.8847875347696,0.2996789323550284,,0.0,,-0.0007273182272911072,-0.0024809103924781084,0.001181266037747264,0.48,0.52,0.52,0.48,-0.0009213557742926426
2026-08-17 17:45:00+00:00,15,75.94,75.87811724814101,0.3074070559881966,,-0.0003951267749799925,0.0,-0.0008152222726494074,-0.0029090577736496925,0.0014000202063471079,0.48,0.52,0.52,0.48,-0.0009213557742926426
2026-08-17 23:30:00+00:00,5,75.95,75.93046184882546,0.33760685104237664,,0.0009212345193203575,1.0,-0.0002572832745499909,-0.0010100917425006628,0.0005969126359559596,0.48,0.52,0.52,0.48,0.0019769363934560857
2026-08-17 23:30:00+00:00,10,75.95,75.92089892331893,0.32161522641715656,,0.0006581112445491755,1.0,-0.0003832344082184136,-0.0013995175249874592,0.0007644360302947462,0.48,0.52,0.52,0.48,0.0019769363934560857
2026-08-17 23:30:00+00:00,15,75.95,75.91153532460163,0.30700929985813774,,0.00013165690230287908,1.0,-0.0005065756267867982,-0.001725126407109201,0.0008765002712607384,0.48,0.52,0.52,0.48,0.0019769363934560857
2026-08-18 05:30:00+00:00,5,75.73,75.71027512430932,0.403099494479187,,-0.0007926024193007919,0.0,-0.00026049709413200617,-0.0018785458523780107,0.0010831987019628286,0.52,0.48,0.52,0.52,-0.00013203934791761185
2026-08-18 05:30:00+00:00,10,75.73,75.71004050696773,0.42457339876403855,,0.0,,-0.0002635959826875478,-0.0025569957215338945,0.0014568516053259373,0.52,0.48,0.52,0.48,-0.00013203934791761185
2026-08-18 05:30:00+00:00,15,75.73,75.70216420532553,0.4110176511061946,,0.0006600224647232977,1.0,-0.00036763385287486017,-0.003153605619445443,0.0016679575201123953,0.52,0.48,0.52,0.48,-0.00013203934791761185
2026-08-18 11:15:00+00:00,5,76.1,76.12719003857585,0.6653018207488279,,0.003279766797001038,1.0,0.00035722972825169563,-0.0007008574903011322,0.0014980800915509462,0.48,0.52,0.52,0.52,0.0024998368389637093
2026-08-18 11:15:00+00:00,10,76.1,76.1286241964625,0.619368318677139,,0.003017780942738746,1.0,0.00037606852129101753,-0.0012175013544037938,0.002066283253952861,0.48,0.52,0.52,0.48,0.0024998368389637093
2026-08-18 11:15:00+00:00,15,76.1,76.13839752699788,0.6287220004973773,,0.0024936032344982095,1.0,0.0005044394638389349,-0.0015046654734760523,0.002643894637003541,0.48,0.52,0.52,0.48,0.0024998368389637093
2026-08-18 17:15:00+00:00,5,76.94,76.94566762183702,0.5362629143820955,,0.0,,7.366016507148743e-05,-0.0009667020058259368,0.001203036168590188,0.52,0.48,0.52,0.52,-0.0007795245295350028
2026-08-18 17:15:00+00:00,10,76.94,76.95901202059952,0.5816341782951163,,0.00025990903330175286,1.0,0.0002470713807269931,-0.0013331974623724818,0.0020025079138576984,0.52,0.48,0.52,0.48,-0.0007795245295350028
2026-08-18 17:15:00+00:00,15,76.94,76.98673207571788,0.6449614865379947,,-0.0006500682800600899,0.0,0.0006071989773772657,-0.001488595618866384,0.003042093012481928,0.52,0.48,0.52,0.48,-0.0007795245295350028
2026-08-18 23:00:00+00:00,5,76.95,76.96137467470464,0.5814222808219682,,0.0018177101862830725,1.0,0.0001478081103414297,-0.0008037191582843661,0.0011215899139642715,0.48,0.52,0.52,0.52,-0.000519683005069993
2026-08-18 23:00:00+00:00,10,76.95,76.96722481688592,0.5875886179909983,,0.0014284789131231435,1.0,0.00022381922462955117,-0.0011155052343383431,0.0015866251196712255,0.48,0.52,0.52,0.48,-0.000519683005069993
2026-08-18 23:00:00+00:00,15,76.95,76.97454390990205,0.60205916551197,,0.0016879832612772816,1.0,0.00031890833633951843,-0.0013262007851153612,0.001971071120351553,0.52,0.48,0.52,0.48,-0.000519683005069993
2026-08-19 04:45:00+00:00,5,76.95,76.96480776205163,0.6065472965964416,,-0.0009100956228511592,0.0,0.00019241504196543247,-0.0006999556208029389,0.001173773081973195,0.52,0.48,0.52,0.48,-0.000649561568796031
2026-08-19 04:45:00+00:00,10,76.95,76.97262348053309,0.6175127062998436,,-0.0019512201312616995,0.0,0.0002939591358881444,-0.0009644704405218363,0.0016415800200775266,0.52,0.48,0.52,0.52,-0.000649561568796031
2026-08-19 04:45:00+00:00,15,76.95,76.97955720842936,0.6275220455372239,,-0.0011702751481905693,0.0,0.00038403552025556564,-0.0011385183315724134,0.0019542474765330553,0.52,0.48,0.52,0.52,-0.000649561568796031
2026-08-19 10:45:00+00:00,5,77.36,77.34516905537326,0.3547820074968764,,-0.0003878725240946679,0.0,-0.00019173172768205404,-0.0008538024267181754,0.0005090446211397648,0.48,0.52,0.52,0.48,0.0011640691995458141
2026-08-19 10:45:00+00:00,10,77.36,77.3339646096625,0.3227622537474717,,-0.0003878725240946679,0.0,-0.00033660512417554855,-0.0013265187153592706,0.0006848946213722229,0.48,0.52,0.52,0.52,0.0011640691995458141
2026-08-19 10:45:00+00:00,15,77.36,77.33208201785342,0.3449647199977147,,0.00038772213732940486,1.0,-0.0003609490813687444,-0.0015941883902996778,0.000902573810890317,0.48,0.52,0.52,0.52,0.0011640691995458141
2026-08-19 16:30:00+00:00,5,81.89,81.7926610218433,0.36869596502273827,,0.0019519342540030848,1.0,-0.00118936225771904,-0.006246641278266907,0.003625849261879921,0.52,0.48,0.52,0.48,0.0031800418188323576
2026-08-19 16:30:00+00:00,10,81.89,81.79244635998404,0.40305524373931056,,0.0,,-0.0011919867247343063,-0.008489521220326424,0.0058389827609062195,0.52,0.48,0.52,0.52,0.0031800418188323576
2026-08-19 16:30:00+00:00,15,81.89,81.78286713388813,0.4241716116781391,,0.0004883408716267468,1.0,-0.001309109851717949,-0.01104018371552229,0.008590424433350563,0.52,0.48,0.52,0.52,0.0031800418188323576
2026-08-19 22:30:00+00:00,5,85.49,85.32892139071049,0.24465925077228756,,-0.0029286028077262216,0.0,-0.0018859580159187317,-0.004920361563563347,0.0019466318190097809,0.52,0.48,0.52,0.48,-0.01854265666650612
2026-08-19 22:30:00+00:00,10,85.49,85.21649891587357,0.21465637716170805,,0.00559898814821036,1.0,-0.003204345703125,-0.00788495596498251,0.0025248918682336807,0.52,0.48,0.52,0.52,-0.01854265666650612
2026-08-19 22:30:00+00:00,15,85.49,85.15379392271565,0.22485655341370636,,0.0005846927606203423,1.0,-0.00394044816493988,-0.009865391999483109,0.0035112369805574417,0.52,0.48,0.52,0.52,-0.01854265666650612
2026-08-20 04:15:00+00:00,5,84.62,84.64283189720523,0.5990522613353143,,0.00011816839009259894,1.0,0.00026978040114045143,-0.0011886984575539827,0.0016826046630740166,0.52,0.48,0.52,0.52,0.002603243690010082
2026-08-20 04:15:00+00:00,10,84.62,84.64983959306852,0.5891173217301338,,-0.00035458897599838224,0.0,0.00035256834235042334,-0.0018894029781222343,0.0025142058730125427,0.48,0.52,0.52,0.52,0.002603243690010082
2026-08-20 04:15:00+00:00,15,84.62,84.67386876155196,0.6265009303666431,,-0.0009458501532773056,0.0,0.0006363935535773635,-0.002210827311500907,0.0034441472962498665,0.48,0.52,0.52,0.52,0.002603243690010082
2026-08-20 10:00:00+00:00,5,87.3,87.29094185216354,0.47926966772970336,,0.0009159606777329188,1.0,-0.00010376423597335815,-0.0027925530448555946,0.0025093238800764084,0.48,0.52,0.52,0.52,-0.002059732963010319
2026-08-20 10:00:00+00:00,10,87.3,87.28001984552007,0.46811819615819683,,0.0016023810227263624,1.0,-0.00022889394313097,-0.004371056333184242,0.0036693252623081207,0.52,0.48,0.52,0.52,-0.002059732963010319
2026-08-20 10:00:00+00:00,15,87.3,87.24625617028383,0.43398859915342225,,0.004001148521686204,1.0,-0.0006158119067549706,-0.005851386580616236,0.004358591511845589,0.52,0.48,0.52,0.52,-0.002059732963010319
2026-08-20 16:00:00+00:00,5,87.23,87.20519304030483,0.44972220361568993,,0.00011463288830082519,1.0,-0.0002844260889105499,-0.0033026430755853653,0.0025679338723421097,0.52,0.48,0.52,0.52,0.006786705752392486
2026-08-20 16:00:00+00:00,10,87.23,87.20029340164895,0.45710434908565456,,0.00137472813493833,1.0,-0.0003406128380447626,-0.0045964717864990234,0.00379337090998888,0.48,0.52,0.52,0.52,0.006786705752392486
2026-08-20 16:00:00+00:00,15,87.23,87.19243418838387,0.45652275630416406,,-0.001032287755831085,0.0,-0.0004307451890781522,-0.005700906738638878,0.004725261591374874,0.48,0.52,0.52,0.52,0.006786705752392486
2026-08-20 21:45:00+00:00,5,87.55,87.57594328119747,0.6213105540790671,,0.0,,0.0002962814178317785,-0.0009975576540455222,0.001503888051956892,0.52,0.48,0.52,0.52,0.0
2026-08-20 21:45:00+00:00,10,87.55,87.61202654639656,0.7040337352081474,,-0.0005712653682916624,0.0,0.0007082191295921803,-0.0011194241233170033,0.0023771794512867928,0.52,0.48,0.52,0.52,0.0
2026-08-20 21:45:00+00:00,15,87.55,87.64766133516144,0.7529356735671136,,-0.000685557613687493,0.0,0.0011148704215884209,-0.00108137889765203,0.003134219441562891,0.48,0.52,0.52,0.52,0.0
2026-08-21 03:45:00+00:00,5,89.32,89.30520491946804,0.46192914838632093,,0.0019014602228102362,1.0,-0.00016565501573495567,-0.002298917854204774,0.0023186372127383947,0.48,0.52,0.52,0.52,-0.0026833647585968734
2026-08-21 03:45:00+00:00,10,89.32,89.31845082474442,0.4970376632880593,,-0.00022393908950313346,0.0,-1.734425313770771e-05,-0.0029059164226055145,0.0033819882664829493,0.52,0.48,0.52,0.52,-0.0026833647585968734
2026-08-21 03:45:00+00:00,15,89.32,89.34627809133605,0.5421142508492576,,-0.001456501293841228,0.0,0.00029415838071145117,-0.0032356749288737774,0.004461979493498802,0.52,0.48,0.52,0.52,-0.0026833647585968734
2026-08-21 09:30:00+00:00,5,91.1,91.2090385798359,0.6426152193723038,,0.004053245402360517,1.0,0.00119619513861835,-0.0030210441909730434,0.005911143496632576,0.48,0.52,0.52,0.52,-0.003615847910422687
2026-08-21 09:30:00+00:00,10,91.1,91.29728683226853,0.686245842855178,,0.005691784192683791,1.0,0.0021632658317685127,-0.003654130734503269,0.008741119876503944,0.52,0.48,0.52,0.52,-0.003615847910422687
2026-08-21 09:30:00+00:00,15,91.1,91.36971542052596,0.7104357583794162,,0.0096133578458657,1.0,0.002956278156489134,-0.003989510703831911,0.011008694767951965,0.52,0.48,0.52,0.52,-0.003615847910422687
2026-08-21 15:15:00+00:00,5,91.97,91.96724250492417,0.49511656815818594,,-0.003049114852797352,0.0,-2.9982998967170715e-05,-0.0036973166279494762,0.0031418781727552414,0.48,0.52,0.52,0.52,0.01016346653658573
2026-08-21 15:15:00+00:00,10,91.97,91.97134134730578,0.501631875552295,,-0.0026129573930422367,0.0,1.4584511518478394e-05,-0.005130321718752384,0.004556585568934679,0.52,0.48,0.52,0.52,0.01016346653658573
2026-08-21 15:15:00+00:00,15,91.97,91.95924393291627,0.48944725687163326,,-0.003049114852797352,0.0,-0.00011695874854922295,-0.006524492520838976,0.0055876909755170345,0.48,0.52,0.52,0.52,0.01016346653658573
2026-08-21 21:15:00+00:00,5,92.3,92.28001058479592,0.4529968926054114,,0.0023806958544314583,1.0,-0.00021659350022673607,-0.0027968017384409904,0.0021951692178845406,0.48,0.52,0.52,0.52,0.011002888931817445
2026-08-21 21:15:00+00:00,10,92.3,92.24230609497363,0.40253882490252035,,0.004971370878524617,1.0,-0.0006252648308873177,-0.004216424189507961,0.002721307333558798,0.48,0.52,0.52,0.52,0.011002888931817445
2026-08-21 21:15:00+00:00,15,92.3,92.23894511735763,0.4163376089058137,,0.006048841082969325,1.0,-0.0006617018952965736,-0.004976880736649036,0.0034853583201766014,0.48,0.52,0.52,0.52,0.011002888931817445
2026-08-22 03:00:00+00:00,5,95.56,95.67279027939621,0.6840169333662298,,0.0037601882616495885,1.0,0.0011796124745160341,-0.0020270822569727898,0.00439628679305315,0.48,0.52,0.52,0.52,0.01699159659813443
2026-08-22 03:00:00+00:00,10,95.56,95.77195193593381,0.7445426371250223,,0.005634993518637721,1.0,0.0022155423648655415,-0.0021957592107355595,0.0065747336484491825,0.48,0.52,0.52,0.52,0.01699159659813443
2026-08-22 03:00:00+00:00,15,95.56,95.86795363219764,0.7777049558033821,,0.006986836910700234,1.0,0.003217439167201519,-0.0023005970288068056,0.008613086305558681,0.48,0.52,0.52,0.52,0.01699159659813443
2026-08-22 09:00:00+00:00,5,93.92,93.9935037432741,0.5979910186992804,,-0.005016822178214753,0.0,0.0007823146879673004,-0.003944970667362213,0.004897152539342642,0.48,0.52,0.52,0.52,-0.005838967701256692
2026-08-22 09:00:00+00:00,10,93.92,93.92703427988342,0.5061398499099444,,-0.0012785000676078795,0.0,7.489370182156563e-05,-0.007093004882335663,0.006423986051231623,0.48,0.52,0.52,0.52,-0.005838967701256692
2026-08-22 09:00:00+00:00,15,93.92,93.86356752759413,0.4606307171899259,,0.0020209547909102454,1.0,-0.0006010374054312706,-0.00987024325877428,0.007538469508290291,0.48,0.52,0.52,0.52,-0.005838967701256692
2026-08-22 14:45:00+00:00,5,93.36,93.20478314421531,0.23394298070756547,,-0.0019298815896497956,0.0,-0.0016639463137835264,-0.004842448513954878,0.0012111153919249773,0.52,0.48,0.52,0.52,-0.005128216366919958
2026-08-22 14:45:00+00:00,10,93.36,93.07876546023958,0.1925854904367399,,-0.003433479767891434,0.0,-0.003016912844032049,-0.007866381667554379,0.0014254380948841572,0.52,0.48,0.52,0.52,-0.005128216366919958
2026-08-22 14:45:00+00:00,15,93.36,93.01222941021332,0.2049410480146162,,-0.002359250424069259,0.0,-0.0037320044357329607,-0.010125133208930492,0.0020797718316316605,0.52,0.48,0.52,0.52,-0.005128216366919958
2026-08-22 20:30:00+00:00,5,94.48,94.48637741081382,0.5213964394499089,,-0.0007411721446812791,0.0,6.749783642590046e-05,-0.0015855231322348118,0.0016713659279048443,0.52,0.48,0.52,0.52,0.00010584810806335554
2026-08-22 20:30:00+00:00,10,94.48,94.50277066111181,0.5545328907505467,,0.0006348534759839097,1.0,0.00024098134599626064,-0.0021748277358710766,0.002516248030588031,0.48,0.52,0.52,0.52,0.00010584810806335554
2026-08-22 20:30:00+00:00,15,94.48,94.50569661807718,0.5498056359601617,,0.00021166261059057945,1.0,0.00027194246649742126,-0.002723721321672201,0.0030780481174588203,0.52,0.48,0.52,0.52,0.00010584810806335554
2026-08-23 02:30:00+00:00,5,94.51,94.51082340760229,0.5014927433248811,,0.0032747084670079474,1.0,8.712348062545061e-06,-0.003239621873944998,0.003495414275676012,0.48,0.52,0.52,0.52,-0.01761975315755926
2026-08-23 02:30:00+00:00,10,94.51,94.53683036465755,0.5326789199273778,,0.0023250908804781645,1.0,0.0002838488726411015,-0.004735538735985756,0.0056765154004096985,0.52,0.48,0.52,0.52,-0.01761975315755926
2026-08-23 02:30:00+00:00,15,94.51,94.53748708375203,0.5247256080246145,,0.0004231460975017143,1.0,0.0002907955495174974,-0.006290138699114323,0.007239610888063908,0.52,0.48,0.52,0.52,-0.01761975315755926
2026-08-23 08:15:00+00:00,5,92.84,92.83210254234254,0.47979398456156186,,-0.00021544759320679674,0.0,-8.506886661052704e-05,-0.0023515275679528713,0.002266781870275736,0.48,0.52,0.52,0.52,0.0007542697410558574
2026-08-23 08:15:00+00:00,10,92.84,92.80649921855004,0.44113738460778995,,0.00010770639247859037,1.0,-0.0003609093837440014,-0.0036551509983837605,0.003164680441841483,0.48,0.52,0.52,0.52,0.0007542697410558574
2026-08-23 08:15:00+00:00,15,92.84,92.81237225300478,0.46063987082622326,,0.00010770639247859037,1.0,-0.00029762880876660347,-0.004292537458240986,0.004088184796273708,0.48,0.52,0.52,0.52,0.0007542697410558574
2026-08-23 14:15:00+00:00,5,95.57,95.59514661997997,0.5607413977540894,,-0.0013611854884283403,0.0,0.0002630879171192646,-0.0020669973455369473,0.0026806446257978678,0.48,0.52,0.52,0.52,0.006824531710525328
2026-08-23 14:15:00+00:00,10,95.57,95.62289040893913,0.5934253564440848,,-0.002304631231660359,0.0,0.0005532675422728062,-0.0027437182143330574,0.003826424013823271,0.48,0.52,0.52,0.52,0.006824531710525328
2026-08-23 14:15:00+00:00,15,95.57,95.63303624572177,0.5902729538937408,,-0.002304631231660359,0.0,0.0006593645084649324,-0.003446953371167183,0.004685280378907919,0.48,0.52,0.52,0.52,0.006824531710525328
2026-08-23 20:00:00+00:00,5,95.05,95.0430086733434,0.4645790897733837,,-0.001052631676143001,0.0,-7.355690468102694e-05,-0.0012743736151605844,0.0010302190203219652,0.52,0.48,0.52,0.52,-0.0032561343826014166
2026-08-23 20:00:00+00:00,10,95.05,95.04765002438982,0.4913431574639493,,0.0005259006169060498,1.0,-2.472387859597802e-05,-0.0016760083381086588,0.0015105593483895063,0.52,0.48,0.52,0.52,-0.0032561343826014166
2026-08-23 20:00:00+00:00,15,95.05,95.05289884230955,0.5088784313486261,,0.00010520225142496287,1.0,3.049761289730668e-05,-0.0019239562097936869,0.001828296110033989,0.52,0.48,0.52,0.52,-0.0032561343826014166
2026-08-24 01:45:00+00:00,5,94.19,94.2347888028195,0.5733059138368171,,0.0005307010685502433,1.0,0.00047540245577692986,-0.0030312524177134037,0.004030863754451275,0.52,0.48,0.52,0.52,-0.003074153054380524
2026-08-24 01:45:00+00:00,10,94.19,94.31353885677368,0.6408643085799657,,-0.0009559722433918338,0.0,0.0013107326813042164,-0.003509901463985443,0.006244142074137926,0.52,0.48,0.52,0.52,-0.003074153054380524
2026-08-24 01:45:00+00:00,15,94.19,94.39007766617364,0.6844302823095442,,-0.003083632620509036,0.0,0.0021219393238425255,-0.003848749678581953,0.007893173024058342,0.52,0.48,0.52,0.52,-0.003074153054380524
2026-08-24 07:45:00+00:00,5,94.12,94.16030211042211,0.5909302569397876,,0.00021247211383457199,1.0,0.0004281075671315193,-0.0019219971727579832,0.003097638487815857,0.48,0.52,0.52,0.52,0.000637687342259774
2026-08-24 07:45:00+00:00,10,94.12,94.17683450958232,0.5892746251630596,,0.0013802624689587262,1.0,0.0006036693230271339,-0.0028561267536133528,0.004535416141152382,0.52,0.48,0.52,0.52,0.000637687342259774
2026-08-24 07:45:00+00:00,15,94.12,94.20571682273008,0.6045720320244463,,0.0,,0.0009103040210902691,-0.0034571995493024588,0.005845978390425444,0.52,0.48,0.52,0.52,0.000637687342259774
2026-08-24 13:30:00+00:00,5,96.02,95.99585468315446,0.44438978029887266,,-0.0039653605126703795,0.0,-0.0002514929510653019,-0.0028439839370548725,0.0022546369582414627,0.52,0.48,0.52,0.52,0.005011495140978539
2026-08-24 13:30:00+00:00,10,96.02,95.95041035584522,0.3945196892000624,,-0.007316850872252978,0.0,-0.0007250038906931877,-0.004984721075743437,0.003104923292994499,0.52,0.48,0.52,0.52,0.005011495140978539
2026-08-24 13:30:00+00:00,15,96.02,95.92835891696426,0.4005284701531273,,-0.016274179321751348,0.0,-0.000954851508140564,-0.006782386917620897,0.004134711809456348,0.52,0.48,0.52,0.52,0.005011495140978539
2026-08-24 19:30:00+00:00,5,95.98,95.9799797479562,0.4999628088328868,,0.0014575744381692957,1.0,-2.1100277081131935e-07,-0.003230067901313305,0.0029204462189227343,0.48,0.52,0.52,0.52,-0.004470094246189937
2026-08-24 19:30:00+00:00,10,95.98,96.02729785886342,0.5557995313252329,,0.0032246348220930088,1.0,0.0004926673136651516,-0.0043325275182724,0.005065775476396084,0.48,0.52,0.52,0.52,-0.004470094246189937
2026-08-24 19:30:00+00:00,15,95.98,96.05329704286116,0.5669657453415642,,0.0021855657344245216,1.0,0.0007633785135112703,-0.005449998192489147,0.006678657606244087,0.48,0.52,0.52,0.52,-0.004470094246189937
2026-08-25 01:15:00+00:00,5,101.62,101.75197362942662,0.6125130460934821,,0.0037324471186845898,1.0,0.0012978548184037209,-0.004570365883409977,0.008005178533494473,0.52,0.48,0.52,0.52,0.018072182848167806
2026-08-25 01:15:00+00:00,10,101.62,101.8982478291227,0.6587746611244893,,0.0015732549951001928,1.0,0.0027343789115548134,-0.006315192207694054,0.012935889884829521,0.52,0.48,0.52,0.52,0.018072182848167806
2026-08-25 01:15:00+00:00,15,101.62,102.00490189492186,0.6679614804419448,,0.005789154175398714,1.0,0.0037805037572979927,-0.008044352754950523,0.016684794798493385,0.52,0.48,0.52,0.52,0.018072182848167806
2026-08-25 07:00:00+00:00,5,100.99,101.094375165612,0.6744693898704646,,0.0062188641271205825,1.0,0.0010329860961064696,-0.0018594679422676563,0.004589717835187912,0.48,0.52,0.52,0.52,-0.009951311245805172
2026-08-25 07:00:00+00:00,10,100.99,101.12586937202897,0.6603615520789593,,0.005431307480782799,1.0,0.0013444703072309494,-0.0028469786047935486,0.00623692013323307,0.52,0.48,0.52,0.52,-0.009951311245805172
2026-08-25 07:00:00+00:00,15,100.99,101.0912568345132,0.6001578453748864,,0.005037296443376249,1.0,0.0010021398775279522,-0.004173686727881432,0.0070094275288283825,0.52,0.48,0.52,0.52,-0.009951311245805172
2026-08-25 13:00:00+00:00,5,98.63,98.57509113157612,0.3840020057459467,,0.0012159288153288372,1.0,-0.0005568707128986716,-0.0034303839784115553,0.0019391786772757769,0.52,0.48,0.52,0.52,-0.00010138389018621297
2026-08-25 13:00:00+00:00,10,98.63,98.53216504414353,0.36134260341291946,,-0.003554927312923617,0.0,-0.000992431421764195,-0.005293185822665691,0.002697369083762169,0.48,0.52,0.52,0.52,-0.00010138389018621297
2026-08-25 13:00:00+00:00,15,98.63,98.47099520228207,0.33143872042023026,,-0.006305960684813705,0.0,-0.0016134351026266813,-0.0072127291932702065,0.0032686858903616667,0.48,0.52,0.52,0.52,-0.00010138389018621297
2026-08-25 18:45:00+00:00,5,98.67,98.7154898653128,0.630436745596821,,-0.001318391753258652,0.0,0.0004609241150319576,-0.0013920937199145555,0.002278305124491453,0.48,0.52,0.52,0.52,0.00609943946484659
2026-08-25 18:45:00+00:00,10,98.67,98.74272650263882,0.6423400977077877,,-0.00243531322795576,0.0,0.0007367965299636126,-0.0020257604774087667,0.0034065446816384792,0.48,0.52,0.52,0.52,0.00609943946484659
2026-08-25 18:45:00+00:00,15,98.67,98.74672692452947,0.6218434069076175,,-0.001318391753258652,0.0,0.0007773092947900295,-0.0027059249114245176,0.00417060311883688,0.52,0.48,0.52,0.52,0.00609943946484659
2026-08-26 00:45:00+00:00,5,96.54,96.55297459793913,0.5330589058718007,,0.0023795986605037456,1.0,0.0001343870535492897,-0.0021065794862806797,0.00228870683349669,0.48,0.52,0.52,0.48,-0.001552554263109407
2026-08-26 00:45:00+00:00,10,96.54,96.57769618640137,0.5705012382742367,,0.0028961542792007577,1.0,0.00039039598777890205,-0.002809864468872547,0.0034122143406420946,0.48,0.52,0.52,0.48,-0.001552554263109407
2026-08-26 00:45:00+00:00,15,96.54,96.61289488011545,0.6065514252538964,,0.002689564050184501,1.0,0.00075478944927454,-0.003272752743214369,0.004463653080165386,0.52,0.48,0.52,0.48,-0.001552554263109407
2026-08-26 06:30:00+00:00,5,96.74,96.77798079446262,0.6116052411226547,,-0.00031015766596542704,0.0,0.00039252988062798977,-0.00141530716791749,0.0021741457749158144,0.52,0.48,0.52,0.48,-0.0015493470020757627
2026-08-26 06:30:00+00:00,10,96.74,96.79967389350931,0.6291435866236685,,-0.001344711865418624,0.0,0.0006166580133140087,-0.001843621488660574,0.003049531951546669,0.52,0.48,0.52,0.48,-0.0015493470020757627
2026-08-26 06:30:00+00:00,15,96.74,96.81412620871771,0.6317881221414808,,0.00031006149801360294,1.0,0.0007659481489099562,-0.0022133719176054,0.0037287496961653233,0.52,0.48,0.52,0.48,-0.0015493470020757627
2026-08-26 12:15:00+00:00,5,96.78,96.75963300925784,0.44037778882924905,,0.0027859482498469035,1.0,-0.00021046842448413372,-0.0019889483228325844,0.0016383668407797813,0.52,0.48,0.52,0.48,-0.007104276983946001
2026-08-26 12:15:00+00:00,10,96.78,96.74620807326929,0.4298896718903815,,0.006385849283316425,1.0,-0.0003492232644930482,-0.0030723698437213898,0.0023498788941651583,0.52,0.48,0.52,0.48,-0.007104276983946001
2026-08-26 12:15:00+00:00,15,96.78,96.7020390101316,0.37704931736575165,,0.00030993336680751327,1.0,-0.0008058731909841299,-0.004333382938057184,0.0026014165487140417,0.52,0.48,0.52,0.48,-0.007104276983946001
2026-08-26 18:15:00+00:00,5,96.85,96.84274084138187,0.48218003187801006,,0.0004129245439079554,1.0,-7.49554019421339e-05,-0.002345303539186716,0.002049629809334874,0.52,0.48,0.52,0.48,0.003724013820712635
2026-08-26 18:15:00+00:00,10,96.85,96.83034851015894,0.46778585976787224,,0.0001032471220776543,1.0,-0.00020292703993618488,-0.0035855891183018684,0.0030717046465724707,0.48,0.52,0.52,0.48,0.003724013820712635
2026-08-26 18:15:00+00:00,15,96.85,96.81405913806955,0.455260147922256,,-0.00020652622956518485,0.0,-0.0003711670869961381,-0.004813822451978922,0.003950753249228001,0.48,0.52,0.52,0.48,0.003724013820712635
2026-08-27 00:00:00+00:00,5,101.83,101.79886877313079,0.4666614540070797,,-0.0004911350228873346,0.0,-0.000305764377117157,-0.005049843341112137,0.005150513723492622,0.52,0.48,0.52,0.52,0.022142591593021343
2026-08-27 00:00:00+00:00,10,101.83,101.76239714182954,0.4513659800845724,,-0.003640124045030113,0.0,-0.0006641000509262085,-0.007759157568216324,0.006988268345594406,0.48,0.52,0.52,0.52,0.022142591593021343
2026-08-27 00:00:00+00:00,15,101.83,101.72865082050313,0.44477873875772256,,-0.007095723080265515,0.0,-0.000995773822069168,-0.0101112499833107,0.008993126451969147,0.48,0.52,0.52,0.52,0.022142591593021343
2026-08-27 06:00:00+00:00,5,101.84,101.67080138662176,0.2748019169974115,,-0.0016706799620811452,0.0,-0.0016627977602183819,-0.004896174184978008,0.0023144478909671307,0.48,0.52,0.52,0.52,0.007490671729157405
2026-08-27 06:00:00+00:00,10,101.84,101.59784830746749,0.26574208893703966,,-0.003836887977327841,0.0,-0.0023805974051356316,-0.006882065907120705,0.0029188180342316628,0.48,0.52,0.52,0.52,0.007490671729157405
2026-08-27 06:00:00+00:00,15,101.84,101.58786866683393,0.2937153938471446,,-0.008876673337034902,0.0,-0.0024788291193544865,-0.007950502447783947,0.003944823518395424,0.48,0.52,0.52,0.52,0.007490671729157405
2026-08-27 11:45:00+00:00,5,103.91,103.91638305248202,0.5119165831052332,,-0.0025053009827660233,0.0,6.142677739262581e-05,-0.002768951002508402,0.0028924327343702316,0.48,0.52,0.52,0.52,-0.0021149786772491908
2026-08-27 11:45:00+00:00,10,103.91,103.96260935118755,0.564799949924141,,0.0005772561253234443,1.0,0.0005061691626906395,-0.003919735550880432,0.004828143864870071,0.48,0.52,0.52,0.52,-0.0021149786772491908
2026-08-27 11:45:00+00:00,15,103.91,103.97191699748899,0.5606127500452496,,0.0027869894547114527,1.0,0.0005956939421594143,-0.0049440814182162285,0.005934951826930046,0.48,0.52,0.52,0.52,-0.0021149786772491908
2026-08-27 17:30:00+00:00,5,108.4,108.6506358009355,0.7424576455942571,,-0.0024014050516871777,0.0,0.0023094695061445236,-0.002542797476053238,0.006650952622294426,0.52,0.48,0.52,0.52,0.004345220168290531
2026-08-27 17:30:00+00:00,10,108.4,108.75332636236188,0.7569744762778892,,-0.003234006052650784,0.0,0.0032541677355766296,-0.0031298669055104256,0.009055675938725471,0.52,0.48,0.52,0.52,0.004345220168290531
2026-08-27 17:30:00+00:00,15,108.4,108.83859811614091,0.7650031443783276,,-0.005921556903436986,0.0,0.004037944599986076,-0.0035662828013300896,0.01090162806212902,0.52,0.48,0.52,0.52,0.004345220168290531
2026-08-27 23:30:00+00:00,5,109.77,109.72029444820225,0.40322203825610736,,-0.0010937928353280668,0.0,-0.00045291800051927567,-0.002913780976086855,0.00200131768360734,0.5,0.5,0.52,0.52,0.0044738718767449726
2026-08-27 23:30:00+00:00,10,109.77,109.6865868582182,0.3904146485063512,,-0.0023713984115572018,0.0,-0.0007601790130138397,-0.004504776559770107,0.002938848454505205,0.48,0.52,0.52,0.52,0.0044738718767449726
2026-08-27 23:30:00+00:00,15,109.77,109.69998501820236,0.4290510462088296,,-0.005389371345613014,0.0,-0.0006380369886755943,-0.005403928458690643,0.004085922613739967,0.48,0.52,0.52,0.52,0.0044738718767449726
2026-08-28 05:15:00+00:00,5,106.96,106.94137729058349,0.4649826753071621,,-0.00065466450783358,0.0,-0.00017412425950169563,-0.0027488842606544495,0.0026486311107873917,0.48,0.52,0.52,0.52,-0.0035464339549946544
2026-08-28 05:15:00+00:00,10,106.96,106.93826961308005,0.47174612795005233,,-0.0007482230053525996,0.0,-0.0002031843177974224,-0.003999323584139347,0.00409147422760725,0.48,0.52,0.52,0.52,-0.0035464339549946544
2026-08-28 05:15:00+00:00,15,106.96,106.95468127850108,0.49454784857795486,,0.0009344921715479515,1.0,-4.972750321030617e-05,-0.004776707850396633,0.0053971633315086365,0.48,0.52,0.52,0.52,-0.0035464339549946544
2026-08-28 11:15:00+00:00,5,106.49,106.46913394905268,0.445372854318817,,0.0005632745173338449,1.0,-0.00019596295896917582,-0.002302151173353195,0.001796308672055602,0.48,0.52,0.52,0.52,0.011237664887362442
2026-08-28 11:15:00+00:00,10,106.49,106.45496314141414,0.4432808266627739,,-0.0015036183642971324,0.0,-0.000329069618601352,-0.003734518541023135,0.0028643205296248198,0.52,0.48,0.52,0.52,0.011237664887362442
2026-08-28 11:15:00+00:00,15,106.49,106.44711826580166,0.44770078473712394,,-0.0029153168717668265,0.0,-0.0004027643008157611,-0.004772687330842018,0.0037506716325879097,0.48,0.52,0.52,0.52,0.011237664887362442
2026-08-28 17:00:00+00:00,5,104.8,104.66303687594112,0.3823720570013014,,0.0005723552574448121,1.0,-0.0013077547773718834,-0.007465154863893986,0.004353797994554043,0.52,0.48,0.52,0.52,-0.0054241937244947636
2026-08-28 17:00:00+00:00,10,104.8,104.69836530919214,0.4404611473420392,,0.00066771595937265,1.0,-0.0009702672250568867,-0.009976952336728573,0.007537561468780041,0.52,0.48,0.52,0.52,-0.0054241937244947636
2026-08-28 17:00:00+00:00,15,104.8,104.70260850242117,0.45450524849084883,,-9.542440009102648e-05,0.0,-0.0009297402575612068,-0.012466385960578918,0.009735853411257267,0.52,0.48,0.52,0.52,-0.0054241937244947636
2026-08-28 22:45:00+00:00,5,104.17,104.20235549405484,0.5921038053311682,,-0.0013448609135533474,0.0,0.0003105545765720308,-0.0014886590652167797,0.002214609645307064,0.48,0.52,0.52,0.52,0.006452567290933686
2026-08-28 22:45:00+00:00,10,104.17,104.19699949887222,0.5497524513213864,,-0.0017294393242153205,0.0,0.00025915331207215786,-0.0025017422158271074,0.003197604091838002,0.48,0.52,0.52,0.52,0.006452567290933686
2026-08-28 22:45:00+00:00,15,104.17,104.16215016549731,0.4890423018076895,,-0.0006722043754336937,0.0,-7.535883923992515e-05,-0.0036624367348849773,0.003674720413982868,0.48,0.52,0.52,0.52,0.006452567290933686
2026-08-29 04:45:00+00:00,5,103.76,103.76519796597326,0.522514595787529,,0.00038543072359953356,1.0,5.009479355067015e-05,-0.0011081687407568097,0.0012422737199813128,0.48,0.52,0.52,0.48,-0.0022142006639533918
2026-08-29 04:45:00+00:00,10,103.76,103.78458196426433,0.5755359688681922,,0.002694900572262071,1.0,0.00023688370129093528,-0.0014024964766576886,0.0018951867241412401,0.48,0.52,0.52,0.48,-0.0022142006639533918
2026-08-29 04:45:00+00:00,15,103.76,103.81052946622401,0.623009499978824,,0.0008670103139332141,1.0,0.00048686552327126265,-0.0015694559551775455,0.0025613794568926096,0.48,0.52,0.52,0.48,-0.0022142006639533918
2026-08-29 10:30:00+00:00,5,103.4,103.38594794530985,0.4347122717559865,,9.670712255527292e-05,1.0,-0.00013590918388217688,-0.0012074520345777273,0.000882817548699677,0.52,0.48,0.52,0.48,0.0001934423064353652
2026-08-29 10:30:00+00:00,10,103.4,103.37426633752419,0.4126905275846946,,-0.0003869220400369855,0.0,-0.0002489058533683419,-0.0017224145121872425,0.0011901541147381067,0.52,0.48,0.52,0.48,0.0001934423064353652
2026-08-29 10:30:00+00:00,15,103.4,103.3673734128738,0.40641114915215504,,0.0002900933153835439,1.0,-0.0003155873855575919,-0.002065461128950119,0.0014242264442145824,0.48,0.52,0.52,0.48,0.0001934423064353652
2026-08-29 16:15:00+00:00,5,105.3,105.26328135750337,0.39013699037043836,,-0.0014255169912207322,0.0,-0.00034876586869359016,-0.0021017580293118954,0.001378301065415144,0.48,0.52,0.52,0.48,0.0019962932624242313
2026-08-29 16:15:00+00:00,10,105.3,105.26000677639097,0.41700747749122546,,-0.003710579396535074,0.0,-0.000379874836653471,-0.0029849521815776825,0.002176309935748577,0.48,0.52,0.52,0.48,0.0019962932624242313
2026-08-29 16:15:00+00:00,15,105.3,105.25984649579445,0.43718445358462266,,-0.002853068982406448,0.0,-0.0003813975490629673,-0.0037620263174176216,0.002893475815653801,0.48,0.52,0.52,0.48,0.0019962932624242313
2026-08-29 22:15:00+00:00,5,105.0,104.99375169369117,0.4696178784210534,,-0.00019049433336970623,0.0,-5.9509449783945456e-05,-0.001097263302654028,0.000988406827673316,0.5,0.5,0.52,0.48,-0.002853068982406448
2026-08-29 22:15:00+00:00,10,105.0,104.98296956706695,0.44299453256806676,,-0.00019049433336970623,0.0,-0.00016220775432884693,-0.0017058658413589,0.001386823132634163,0.48,0.52,0.52,0.48,-0.002853068982406448
2026-08-29 22:15:00+00:00,15,105.0,104.97693979458658,0.43943380132748167,,0.001712818003674954,1.0,-0.00021964512416161597,-0.0021973871625959873,0.0017285584472119808,0.48,0.52,0.52,0.48,-0.002853068982406448
2026-08-30 04:00:00+00:00,5,105.05,105.07372769925637,0.6318691115798152,,0.0004758505918962541,1.0,0.00022584502585232258,-0.0006355457007884979,0.0011432729661464691,0.52,0.48,0.52,0.52,-0.0008563681002931034
2026-08-30 04:00:00+00:00,10,105.05,105.09335662859493,0.6698532979295866,,-0.0008571020952308217,0.0,0.0004126385902054608,-0.0008050580509006977,0.0017363340593874454,0.52,0.48,0.52,0.52,-0.0008563681002931034
2026-08-30 04:00:00+00:00,15,105.05,105.09953200932468,0.65508085109551,,-0.00047607713348618574,0.0,0.0004713977687060833,-0.00103682279586792,0.0021532787941396236,0.52,0.48,0.52,0.52,-0.0008563681002931034
2026-08-30 10:00:00+00:00,5,104.57,104.59553402207881,0.6094754107649278,,0.00019124115567947797,1.0,0.0002441513352096081,-0.0009310052264481783,0.0014352219877764583,0.52,0.48,0.52,0.52,-0.001719855191749886
2026-08-30 10:00:00+00:00,10,104.57,104.61507973941885,0.6401199661295723,,0.001528906174557143,1.0,0.0004310033982619643,-0.0011643778998404741,0.0020239667501300573,0.52,0.48,0.52,0.52,-0.001719855191749886
2026-08-30 10:00:00+00:00,15,104.57,104.624749652723,0.6416835475838396,,0.0003824457451715446,1.0,0.0005234323907643557,-0.0014047236181795597,0.0024197869934141636,0.52,0.48,0.52,0.52,-0.001719855191749886
2026-08-30 15:45:00+00:00,5,106.46,106.40895130833212,0.32564634736332854,,-0.0012218620816160097,0.0,-0.00047962553799152374,-0.002043819520622492,0.0009858268313109875,0.52,0.48,0.52,0.52,-0.002158105458758719
2026-08-30 15:45:00+00:00,10,106.46,106.3798696674604,0.33279041358269057,,-0.002539385328856447,0.0,-0.0007529635913670063,-0.0033226197119802237,0.0015938119031488895,0.52,0.48,0.52,0.52,-0.002158105458758719
2026-08-30 15:45:00+00:00,15,106.46,106.34643574721522,0.3230305812366987,,-0.0022569127503579978,0.0,-0.0010673010256141424,-0.004391094204038382,0.0020174882374703884,0.52,0.48,0.52,0.52,-0.002158105458758719
2026-08-30 21:30:00+00:00,5,104.37,104.55053557190483,0.7832097783560875,,0.0006704659989678063,1.0,0.0017282706685364246,-0.0011471090838313103,0.004604583140462637,0.48,0.52,0.52,0.52,-0.007730890329237461
2026-08-30 21:30:00+00:00,10,104.37,104.59279355839793,0.7299655274350894,,-0.00019164430875129312,0.0,0.002132376190274954,-0.0025058677420020103,0.006716999690979719,0.48,0.52,0.52,0.52,-0.007730890329237461
2026-08-30 21:30:00+00:00,15,104.37,104.6351600322309,0.7117617867199055,,-0.0005750431440807446,0.0,0.0025373552925884724,-0.0036622686311602592,0.00853031873703003,0.48,0.52,0.52,0.52,-0.007730890329237461
2026-08-31 03:30:00+00:00,5,101.74,101.64386220952458,0.23124335812964936,,0.0006877917244860754,1.0,-0.0009453827515244484,-0.002844876144081354,0.0007333406247198582,0.52,0.48,0.52,0.48,-0.00363012417282782
2026-08-31 03:30:00+00:00,10,101.74,101.58385345991984,0.23302568361031617,,0.0026503082998088345,1.0,-0.0015359395183622837,-0.004782836884260178,0.0011681560426950455,0.48,0.52,0.52,0.48,-0.00363012417282782
2026-08-31 03:30:00+00:00,15,101.74,101.52132888785891,0.2118460644950173,,0.004119672329665036,1.0,-0.0021516261622309685,-0.006395782344043255,0.001310175284743309,0.52,0.48,0.52,0.48,-0.00363012417282782
2026-08-31 09:15:00+00:00,5,103.0,102.98042454092213,0.4441610292960868,,0.0018429608979868561,1.0,-0.00019007106311619282,-0.0021447993349283934,0.0016092951409518719,0.52,0.48,0.52,0.48,0.002235506592653813
2026-08-31 09:15:00+00:00,10,103.0,102.96677850482764,0.4331015212397046,,0.0030051886317181697,1.0,-0.0003225908149033785,-0.003136427840217948,0.0022714389488101006,0.52,0.48,0.52,0.48,0.002235506592653813
2026-08-31 09:15:00+00:00,15,103.0,102.95214201693449,0.423883842857704,,0.0019398648178263755,1.0,-0.0004647485911846161,-0.003987500444054604,0.002763939555734396,0.52,0.48,0.52,0.48,0.002235506592653813
2026-08-31 15:15:00+00:00,5,102.92,102.88878567963926,0.4390054918436974,,0.0009711567238959162,1.0,-0.0003033332177437842,-0.0030350335873663425,0.002237811218947172,0.52,0.48,0.52,0.48,0.005065274808136344
2026-08-31 15:15:00+00:00,10,102.92,102.87227468403724,0.4329965885184487,,0.0010682205434333625,1.0,-0.0004638202954083681,-0.004228227771818638,0.003237141063436866,0.52,0.48,0.52,0.48,0.005065274808136344
2026-08-31 15:15:00+00:00,15,102.92,102.86694620721539,0.44066932778346457,,0.0031043874368696933,1.0,-0.0005156186525709927,-0.005163222551345825,0.004217246547341347,0.52,0.48,0.52,0.48,0.005065274808136344
2026-08-31 21:00:00+00:00,5,103.75,103.77172396942326,0.5704360488342108,,-0.003185792142732957,0.0,0.000209365738555789,-0.001352787367068231,0.0018425141461193562,0.52,0.48,0.52,0.48,0.001157295914682166
2026-08-31 21:00:00+00:00,10,103.75,103.80584824194261,0.6193217877385321,,-0.002992424647206171,0.0,0.000538151478394866,-0.0018431615317240357,0.003049644408747554,0.48,0.52,0.52,0.48,0.001157295914682166
2026-08-31 21:00:00+00:00,15,103.75,103.80000734327311,0.5862952126850067,,-0.00366937453041416,0.0,0.0004818823654204607,-0.002532731741666794,0.0037352130748331547,0.52,0.48,0.52,0.48,0.001157295914682166
2026-09-01 02:45:00+00:00,5,103.11,103.10499940423033,0.4815481742701465,,0.0023249065979253913,1.0,-4.84988559037447e-05,-0.0013745829928666353,0.00139164412394166,0.52,0.48,0.52,0.48,-0.002131370696411672
2026-09-01 02:45:00+00:00,10,103.11,103.08966207727667,0.4456117049446998,,0.0029052896670318518,1.0,-0.00019726436585187912,-0.0021075091790407896,0.0018816208466887474,0.5,0.5,0.52,0.48,-0.002131370696411672
2026-09-01 02:45:00+00:00,15,103.11,103.08286711660979,0.4410945126368089,,0.002131370696411672,1.0,-0.00026317965239286423,-0.002625643741339445,0.00229058088734746,0.52,0.48,0.52,0.48,-0.002131370696411672
2026-09-01 08:45:00+00:00,5,102.3,102.34512456901061,0.5780676294255018,,-0.002446783701727462,0.0,0.00044100312516093254,-0.0024603581987321377,0.003418869571760297,0.48,0.52,0.52,0.48,-0.00691639793802068
2026-09-01 08:45:00+00:00,10,102.3,102.35147416763807,0.5641069387590394,,-0.001173709054929084,0.0,0.000503042247146368,-0.0035255705006420612,0.004661546088755131,0.52,0.48,0.52,0.48,-0.00691639793802068
2026-09-01 08:45:00+00:00,15,102.3,102.36377271442274,0.5648428665147869,,-0.002152853361101492,0.0,0.0006231949664652348,-0.0043375324457883835,0.005728271324187517,0.48,0.52,0.52,0.48,-0.00691639793802068
2026-09-01 14:30:00+00:00,5,102.34,102.37250898095216,0.5595649440525858,,-0.00019544610635868764,0.0,0.0003176062018610537,-0.0024224447552114725,0.0032944995909929276,0.52,0.48,0.52,0.48,0.0030337156897326523
2026-09-01 14:30:00+00:00,10,102.34,102.39466671007641,0.5794293282546468,,0.0,,0.0005340249626897275,-0.0030012158676981926,0.004242460243403912,0.48,0.52,0.52,0.48,0.0030337156897326523
2026-09-01 14:30:00+00:00,15,102.34,102.41733241199047,0.5937816240070111,,0.00019540791464223162,1.0,0.0007553567411378026,-0.0034647437278181314,0.005164013244211674,0.52,0.48,0.52,0.48,0.0030337156897326523
2026-09-01 20:30:00+00:00,5,100.08,100.07624626121438,0.4873361858411741,,0.0005993407431423847,1.0,-3.750808537006378e-05,-0.00172910513356328,0.0015742466785013676,0.48,0.52,0.52,0.48,-0.0003996004049175994
2026-09-01 20:30:00+00:00,10,100.08,100.05357552692195,0.44231535078506334,,-0.0012998052122465964,0.0,-0.00026406836695969105,-0.002935740863904357,0.0022444927599281073,0.52,0.48,0.52,0.48,-0.0003996004049175994
2026-09-01 20:30:00+00:00,15,100.08,100.02376086551209,0.40906711112366645,,-0.002200661086193101,0.0,-0.0005620997399091721,-0.004098317585885525,0.0027709780260920525,0.52,0.48,0.52,0.48,-0.0003996004049175994
2026-09-02 02:15:00+00:00,5,99.16,99.14888572966535,0.4757661042083946,,0.0017129330602747572,1.0,-0.00011209049262106419,-0.0025628143921494484,0.0023579816333949566,0.48,0.52,0.52,0.48,-0.006032594204791408
2026-09-02 02:15:00+00:00,10,99.16,99.13640457974219,0.4637173814885599,,0.0026185934995366367,1.0,-0.00023798132315278053,-0.003876174334436655,0.003255479969084263,0.48,0.52,0.52,0.48,-0.006032594204791408
2026-09-02 02:15:00+00:00,15,99.16,99.12010481636335,0.45098555073859947,,0.0031213839973327495,1.0,-0.00040241237729787827,-0.005016156937927008,0.00396001199260354,0.48,0.52,0.52,0.48,-0.006032594204791408
2026-09-02 08:00:00+00:00,5,99.87,99.8723925292237,0.5102121504351405,,0.0009007657117079404,1.0,2.3956148652359843e-05,-0.0011850197333842516,0.0013249724870547652,0.52,0.48,0.52,0.48,-0.0026998666467550336
2026-09-02 08:00:00+00:00,10,99.87,99.88200266949225,0.5346377179471133,,0.000500525562278753,1.0,0.00012017571134492755,-0.0017288337694481015,0.002034599892795086,0.52,0.48,0.52,0.48,-0.0026998666467550336
2026-09-02 08:00:00+00:00,15,99.87,99.89096694799491,0.546143289936722,,0.0007006656610153428,1.0,0.00020992037025280297,-0.0021947617642581463,0.002718769246712327,0.52,0.48,0.52,0.48,-0.0026998666467550336
2026-09-02 14:00:00+00:00,5,99.2,99.2780138521236,0.6163432813758228,,0.0016116038943412292,1.0,0.000786120886914432,-0.002445648889988661,0.005288245622068644,0.48,0.52,0.52,0.48,0.014417957140327786
2026-09-02 14:00:00+00:00,10,99.2,99.35065802913479,0.6363794782123593,,0.0030196298737195093,1.0,0.0015175780281424522,-0.003957121632993221,0.009061137214303017,0.48,0.52,0.52,0.48,0.014417957140327786
2026-09-02 14:00:00+00:00,15,99.2,99.3894798965693,0.6306863594767598,,0.0032206147000417573,1.0,0.0019082577200606465,-0.005341268144547939,0.0116684939712286,0.52,0.48,0.52,0.48,0.014417957140327786
2026-09-02 19:45:00+00:00,5,99.29,99.30643873149482,0.5617948301230546,,0.0,,0.00016554910689592361,-0.0012816862436011434,0.001615514513105154,0.52,0.48,0.52,0.48,-0.000503448633700998
2026-09-02 19:45:00+00:00,10,99.29,99.31236342055638,0.5537094497571788,,-0.0010076582876008544,0.0,0.0002252080012112856,-0.002051329705864191,0.0024828489404171705,0.48,0.52,0.52,0.48,-0.000503448633700998
2026-09-02 19:45:00+00:00,15,99.29,99.32591497856552,0.5658786994809137,,0.0006041079523226855,1.0,0.00036165257915854454,-0.0025885056238621473,0.003317221300676465,0.48,0.52,0.52,0.48,-0.000503448633700998
2026-09-03 01:45:00+00:00,5,100.15,100.11981917861124,0.4400835445088578,,-0.0017989211327371635,0.0,-0.0003014015965163708,-0.0028616103809326887,0.0023557133972644806,0.52,0.48,0.52,0.52,0.005005015453023454
2026-09-03 01:45:00+00:00,10,100.15,100.11388517613173,0.447342794169036,,0.002791905293420882,1.0,-0.00036067236214876175,-0.003958072513341904,0.003277696669101715,0.52,0.48,0.52,0.48,0.005005015453023454
2026-09-03 01:45:00+00:00,15,100.15,100.14926397038307,0.49911100233536154,,0.0,,-7.349299266934395e-06,-0.004306205548346043,0.0044316560961306095,0.52,0.48,0.52,0.48,0.005005015453023454
2026-09-03 07:30:00+00:00,5,100.71,100.62851165282821,0.3445209702801326,,0.0011908307450703148,1.0,-0.0008094661170616746,-0.0036715089809149504,0.0018467330373823643,0.52,0.48,0.52,0.52,-0.0013891647401678142
2026-09-03 07:30:00+00:00,10,100.71,100.60266893333768,0.3541354256238386,,0.00238024509879331,1.0,-0.0010663121938705444,-0.005165685899555683,0.0026864612009376287,0.52,0.48,0.52,0.48,-0.0013891647401678142
2026-09-03 07:30:00+00:00,15,100.71,100.58626713224976,0.3651176799947988,,0.0007940447067333878,1.0,-0.0012293609324842691,-0.006415999494493008,0.0033883803989738226,0.52,0.48,0.52,0.48,-0.0013891647401678142
2026-09-03 13:15:00+00:00,5,101.58,101.58742713867706,0.5184631413328128,,-0.0011820332345555684,0.0,7.311347872018814e-05,-0.0020065985154360533,0.002214294858276844,0.48,0.52,0.52,0.52,0.005627143532006329
2026-09-03 13:15:00+00:00,10,101.58,101.58126590062817,0.5021999322642483,,-0.0006893495767590352,0.0,1.2462027370929718e-05,-0.0030631222762167454,0.0030990098603069782,0.48,0.52,0.52,0.48,0.005627143532006329
2026-09-03 13:15:00+00:00,15,101.58,101.55337054960295,0.4635778031355684,,-0.0009849306420175452,0.0,-0.00026218686252832413,-0.004085277207195759,0.003622706513851881,0.48,0.52,0.52,0.48,0.005627143532006329
2026-09-03 19:15:00+00:00,5,105.07,105.0649096571034,0.4877957314033349,,0.004273713708375482,1.0,-4.844833165407181e-05,-0.0020984839648008347,0.002139807678759098,0.52,0.48,0.52,0.52,0.0012380364421176182
2026-09-03 19:15:00+00:00,10,105.07,105.07974133423814,0.5164503337742894,,0.0022815866918222127,1.0,9.270850569009781e-05,-0.002926160581409931,0.003448718460276723,0.52,0.48,0.52,0.48,0.0012380364421176182
2026-09-03 19:15:00+00:00,15,105.07,105.13962611593094,0.5861080274898947,,0.0030409602451619833,1.0,0.0006624446250498295,-0.0033208923414349556,0.005152914207428694,0.52,0.48,0.52,0.48,0.0012380364421176182
2026-09-04 01:00:00+00:00,5,103.66,103.65241993410989,0.48385616433427325,,-0.0015447000561374935,0.0,-7.312698289752007e-05,-0.0024610068649053574,0.002461859490722418,0.52,0.48,0.52,0.52,-0.002601282838769592
2026-09-04 01:00:00+00:00,10,103.66,103.62989263946008,0.4475860950606092,,0.001349657970227014,1.0,-0.00029048556461930275,-0.0031868168152868748,0.0027546046767383814,0.48,0.52,0.52,0.48,-0.002601282838769592
2026-09-04 01:00:00+00:00,15,103.66,103.61530072966595,0.4302761651540792,,0.0007714561616936066,1.0,-0.00043130340054631233,-0.0037574246525764465,0.002992772962898016,0.52,0.48,0.52,0.52,-0.002601282838769592
2026-09-04 07:00:00+00:00,5,103.72,103.72106538944196,0.5032162197776001,,0.001733937434718058,1.0,1.0271731298416853e-05,-0.0016329765785485506,0.0017345761880278587,0.48,0.52,0.52,0.52,0.00048218333544269854
2026-09-04 07:00:00+00:00,10,103.72,103.68721474249729,0.4218228416127757,,0.002311249102826096,1.0,-0.00031614385079592466,-0.002365312073379755,0.0018213859293609858,0.48,0.52,0.52,0.48,0.00048218333544269854
2026-09-04 07:00:00+00:00,15,103.72,103.6594838778264,0.3737677280007665,,0.001733937434718058,1.0,-0.0005836269119754434,-0.0028583272360265255,0.0018469502683728933,0.48,0.52,0.52,0.52,0.00048218333544269854
2026-09-04 12:45:00+00:00,5,100.97,100.93995792025306,0.4847715733621326,,0.005235355465612379,1.0,-0.00029757898300886154,-0.011905400082468987,0.0112212635576725,0.52,0.48,0.52,0.52,-0.03273550946364878
2026-09-04 12:45:00+00:00,10,100.97,101.02791039490644,0.5206239462461153,,0.006908831270840743,1.0,0.0005733761936426163,-0.015699544921517372,0.01762513630092144,0.52,0.48,0.52,0.48,-0.03273550946364878
2026-09-04 12:45:00+00:00,15,100.97,101.26593466226592,0.584224913535616,,0.004052390027974084,1.0,0.0029266299679875374,-0.017279651015996933,0.023372208699584007,0.52,0.48,0.52,0.52,-0.03273550946364878
2026-09-04 18:30:00+00:00,5,101.53,101.52999895987101,0.4999956002903808,,0.0007876341846584367,1.0,-1.0244548320770264e-08,-0.0011947876773774624,0.0012333577033132315,0.48,0.52,0.52,0.52,-0.0008860448524545816
2026-09-04 18:30:00+00:00,10,101.53,101.54648799777114,0.5487474592714574,,0.0011812187612241232,1.0,0.00016238214448094368,-0.001577229704707861,0.002032674616202712,0.48,0.52,0.52,0.48,-0.0008860448524545816
2026-09-04 18:30:00+00:00,15,101.53,101.54967518955876,0.5478053751377905,,0.0008860448524545816,1.0,0.0001937681809067726,-0.0020271274261176586,0.002524781273677945,0.48,0.52,0.52,0.52,-0.0008860448524545816
2026-09-05 00:30:00+00:00,5,101.87,101.86287757244392,0.4422356998728536,,-0.000490942127784777,0.0,-6.99192751199007e-05,-0.0007520513609051704,0.0005330115091055632,0.48,0.52,0.52,0.52,-9.815950928082628e-05
2026-09-05 00:30:00+00:00,10,101.87,101.85624957709405,0.4196359964390429,,0.0005888125783464204,1.0,-0.00013498921180143952,-0.0010743357706815004,0.0007192571647465229,0.48,0.52,0.52,0.52,-9.815950928082628e-05
2026-09-05 00:30:00+00:00,15,101.87,101.85187228545894,0.4111349156522851,,-0.0006873864855529987,0.0,-0.00017796532483771443,-0.0012950596865266562,0.0008450312307104468,0.48,0.52,0.52,0.52,-9.815950928082628e-05
2026-09-05 06:15:00+00:00,5,101.83,101.82523487575371,0.4718640365804726,,0.0013738961925611193,1.0,-4.679599078372121e-05,-0.0009685199474915862,0.000819819513708353,0.52,0.48,0.52,0.52,0.00019642506446881924
2026-09-05 06:15:00+00:00,10,101.83,101.83169873621151,0.5080284233159011,,0.0016680571006970624,1.0,1.668194090598263e-05,-0.0010883694048970938,0.001066033961251378,0.52,0.48,0.52,0.52,0.00019642506446881924
2026-09-05 06:15:00+00:00,15,101.83,101.82849204474914,0.49358357067484315,,0.0019621315036397746,1.0,-1.480866558267735e-05,-0.0012547953519970179,0.001151415053755045,0.52,0.48,0.52,0.52,0.00019642506446881924
2026-09-05 12:15:00+00:00,5,102.38,102.36577487509626,0.3904324753627807,,-0.0002930689221383176,0.0,-0.00013895402662456036,-0.0008548077894374728,0.0005648272344842553,0.52,0.48,0.52,0.52,-0.0001953315759699592
2026-09-05 12:15:00+00:00,10,102.38,102.35873829223794,0.3929835544691398,,-9.768009775790176e-05,0.0,-0.00020769599359482527,-0.001304995035752654,0.0008566728793084621,0.52,0.48,0.52,0.52,-0.0001953315759699592
2026-09-05 12:15:00+00:00,15,102.38,102.35104408898698,0.38918948658240293,,-0.0005862237588498687,0.0,-0.00028286781162023544,-0.0017176729161292315,0.0010870295809581876,0.48,0.52,0.52,0.52,-0.0001953315759699592
2026-09-05 18:00:00+00:00,5,104.27,104.27634762619716,0.5134381980429868,,-0.0016317131805783092,0.0,6.087496876716614e-05,-0.0022059869952499866,0.0024632634595036507,0.48,0.52,0.52,0.52,0.00886240267372429
2026-09-05 18:00:00+00:00,10,104.27,104.28116245212782,0.5165229516385813,,-0.0035547906963202536,0.0,0.00010704761371016502,-0.0032714838162064552,0.003633260726928711,0.48,0.52,0.52,0.52,0.00886240267372429
2026-09-05 18:00:00+00:00,15,104.27,104.27767335035017,0.509023170299992,,-0.0035547906963202536,0.0,7.358845323324203e-05,-0.004181141499429941,0.0046653058379888535,0.48,0.52,0.52,0.52,0.00886240267372429
2026-09-05 23:45:00+00:00,5,103.3,103.28173412167652,0.43722108707745133,,-0.0006778676480942991,0.0,-0.0001768392394296825,-0.0016072533326223493,0.0014089163159951568,0.48,0.52,0.52,0.52,0.0006778676480942991
2026-09-05 23:45:00+00:00,10,103.3,103.2770272092197,0.43825020927804736,,-9.68101070508709e-05,0.0,-0.0002224138006567955,-0.002054510870948434,0.0017504983115941286,0.52,0.48,0.52,0.52,0.0006778676480942991
2026-09-05 23:45:00+00:00,15,103.3,103.27366043142082,0.44086765777911974,,-0.0012592630133081428,0.0,-0.0002550138160586357,-0.0024770498275756836,0.0021167383529245853,0.48,0.52,0.52,0.52,0.0006778676480942991
2026-09-06 05:45:00+00:00,5,106.52,106.46750103371268,0.40812444240789536,,-9.388349065719837e-05,0.0,-0.0004929769784212112,-0.0032527130097150803,0.0026369746774435043,0.52,0.48,0.52,0.52,0.0036680031720006667
2026-09-06 05:45:00+00:00,10,106.52,106.45764601941686,0.4257780201774082,,0.0002815975988941233,1.0,-0.0005855448544025421,-0.00466493796557188,0.003896854817867279,0.48,0.52,0.52,0.48,0.0036680031720006667
2026-09-06 05:45:00+00:00,15,106.52,106.45893750837396,0.4435739429359058,,-0.0020674755978298265,0.0,-0.0005734134465456009,-0.005696693900972605,0.005103309638798237,0.48,0.52,0.52,0.52,0.0036680031720006667
2026-09-06 11:30:00+00:00,5,106.54,106.50039238979937,0.38473443012285824,,0.0,,-0.0003718319348990917,-0.0021244999952614307,0.0013180291280150414,0.48,0.52,0.52,0.52,-0.00018770530322598233
2026-09-06 11:30:00+00:00,10,106.54,106.46341274125531,0.34810530972836373,,-0.001314924581309107,0.0,-0.0007191176991909742,-0.0033980451989918947,0.0017837779596447945,0.48,0.52,0.52,0.48,-0.00018770530322598233
2026-09-06 11:30:00+00:00,15,106.54,106.41144483575924,0.31140187028129107,,-0.0002816240337786269,0.0,-0.001207366120070219,-0.004835791885852814,0.002057398669421673,0.52,0.48,0.52,0.52,-0.00018770530322598233
2026-09-06 17:30:00+00:00,5,105.89,105.81969154127691,0.36197512556402944,,0.0008495776222536833,1.0,-0.0006641969084739685,-0.003456468926742673,0.0017578601837158203,0.52,0.48,0.52,0.52,-0.0006608449615059797
2026-09-06 17:30:00+00:00,10,105.89,105.79021356453926,0.36082714529807136,,0.002546570581589691,1.0,-0.0009428036864846945,-0.0049270205199718475,0.002479708753526211,0.52,0.48,0.52,0.48,-0.0006608449615059797
2026-09-06 17:30:00+00:00,15,105.89,105.73802134652557,0.3293631820342372,,0.0013212534953437327,1.0,-0.0014362812507897615,-0.006478677038103342,0.0027317358180880547,0.52,0.48,0.52,0.52,-0.0006608449615059797
2026-09-06 23:15:00+00:00,5,106.04,106.07435419961696,0.6094381233303567,,0.0040468739056906955,1.0,0.00032392150023952127,-0.0012862400617450476,0.0017671044915914536,0.52,0.48,0.52,0.52,0.006528241170626892
2026-09-06 23:15:00+00:00,10,106.04,106.10737951875576,0.6479071114274663,,0.002542972879689742,1.0,0.0006352142663672566,-0.001683201640844345,0.0027747349813580513,0.52,0.48,0.52,0.48,0.006528241170626892
2026-09-06 23:15:00+00:00,15,106.04,106.12149279679556,0.6391322211146763,,0.0031072008427495135,1.0,0.0007682148134335876,-0.0022304062731564045,0.003567866748198867,0.48,0.52,0.52,0.52,0.006528241170626892
2026-09-07 05:00:00+00:00,5,105.07,105.0876965626314,0.5591994559043544,,0.003325576726377122,1.0,0.00016841222532093525,-0.0013610180467367172,0.0016768034547567368,0.48,0.52,0.52,0.52,0.001428639702010237
2026-09-07 05:00:00+00:00,10,105.07,105.10029523868857,0.5695812892313052,,0.0018066852249498666,1.0,0.0002882922999560833,-0.002019227482378483,0.0026270400267094374,0.52,0.48,0.52,0.52,0.001428639702010237
2026-09-07 05:00:00+00:00,15,105.07,105.10487294991151,0.5599724389817993,,0.004368477982315433,1.0,0.0003318469971418381,-0.0027152146212756634,0.003435073886066675,0.52,0.48,0.52,0.52,0.001428639702010237
2026-09-07 11:00:00+00:00,5,105.01,105.01126798555475,0.5053216162892088,,-0.000190476191051836,0.0,1.2074830010533333e-05,-0.0012341664405539632,0.0012001933064311743,0.52,0.48,0.52,0.52,0.0016202052626965724
2026-09-07 11:00:00+00:00,10,105.01,105.0112689024238,0.5036817062328512,,-0.0018109903438823238,0.0,1.2083561159670353e-05,-0.0018781181424856186,0.0018262615194544196,0.52,0.48,0.52,0.52,0.0016202052626965724
2026-09-07 11:00:00+00:00,15,105.01,105.00941506763705,0.49868835317128946,,-0.001238744262457736,0.0,-5.570269422605634e-06,-0.0024356755893677473,0.0023184313904494047,0.52,0.48,0.52,0.52,0.0016202052626965724
2026-09-07 16:45:00+00:00,5,103.79,103.80952953666124,0.5607380426596353,,-0.00019271536001053136,0.0,0.00018814625218510628,-0.001467997208237648,0.0018443441949784756,0.5,0.5,0.52,0.52,0.005313252126784462
2026-09-07 16:45:00+00:00,10,103.79,103.81261522645354,0.543799064991865,,0.00048162597858247835,1.0,0.0002178703434765339,-0.0025129709392786026,0.002934030257165432,0.48,0.52,0.52,0.52,0.005313252126784462
2026-09-07 16:45:00+00:00,15,103.79,103.82199627313511,0.5455202957104788,,0.000963020105242407,1.0,0.0003082314506173134,-0.0033641112968325615,0.0039008960593491793,0.48,0.52,0.52,0.52,0.005313252126784462
2026-09-07 22:45:00+00:00,5,103.36,103.3707120776775,0.5288728895139299,,0.0012569496457901508,1.0,0.00010363315232098103,-0.0018211763817816973,0.0019544041715562344,0.48,0.52,0.52,0.52,-0.005884355955586784
2026-09-07 22:45:00+00:00,10,103.36,103.36787100100628,0.514238689111542,,0.00202967256649611,1.0,7.614842616021633e-05,-0.0028072050772607327,0.0028987331315875053,0.52,0.48,0.52,0.52,-0.005884355955586784
2026-09-07 22:45:00+00:00,15,103.36,103.38214964160446,0.5305246022132506,,0.0023192897910906396,1.0,0.0002142731100320816,-0.003571432549506426,0.0038376757875084877,0.52,0.48,0.52,0.52,-0.005884355955586784
2026-09-08 04:30:00+00:00,5,103.16,103.19258771756962,0.6164870178944267,,0.0017433418458940864,1.0,0.0003158450126647949,-0.0011160606518387794,0.0017218035645782948,0.52,0.48,0.52,0.48,0.0011639186571006377
2026-09-08 04:30:00+00:00,10,103.16,103.19851214832147,0.5987875833748255,,0.0022270645854574056,1.0,0.0003732547629624605,-0.0016555984038859606,0.0024185245856642723,0.52,0.48,0.52,0.48,0.0011639186571006377
2026-09-08 04:30:00+00:00,15,103.16,103.20438355046267,0.589676213682951,,0.001356195112448333,1.0,0.00043014739640057087,-0.0020943661220371723,0.0030198288150131702,0.5,0.5,0.52,0.48,0.0011639186571006377
2026-09-08 10:15:00+00:00,5,103.7,103.72303229356572,0.5850005747930522,,0.0031772038473221187,1.0,0.00022208038717508316,-0.0011359662748873234,0.0016095000319182873,0.48,0.52,0.52,0.48,0.005027079418977287
2026-09-08 10:15:00+00:00,10,103.7,103.75236067305595,0.6296122718732167,,0.001926782869699828,1.0,0.0005047970917075872,-0.0015527119394391775,0.002597538521513343,0.48,0.52,0.52,0.48,0.005027079418977287
2026-09-08 10:15:00+00:00,15,103.7,103.76717084356201,0.6278120850759963,,0.0005784247727067537,1.0,0.0006475322879850864,-0.002009024377912283,0.003402051515877247,0.48,0.52,0.52,0.48,0.005027079418977287
2026-09-08 16:15:00+00:00,5,103.65,103.53804715938797,0.2365129703173473,,0.0001929384532317613,1.0,-0.0010806883219629526,-0.003141794353723526,0.0008383393287658691,0.52,0.48,0.52,0.48,-0.00086793004146557
2026-09-08 16:15:00+00:00,10,103.65,103.48326153054367,0.24414541579039428,,0.0025053009827660233,1.0,-0.0016099635977298021,-0.004843088798224926,0.001377164851874113,0.52,0.48,0.52,0.48,-0.00086793004146557
2026-09-08 16:15:00+00:00,15,103.65,103.45276841935632,0.26453385105702587,,0.002120278357931049,1.0,-0.001904674107208848,-0.0061988215893507,0.002007685136049986,0.52,0.48,0.52,0.48,-0.00086793004146557
2026-09-08 22:00:00+00:00,5,103.13,103.16655188419116,0.5998658154532698,,0.0019374218982859404,1.0,0.00035436253529042006,-0.0015430785715579987,0.0023256789427250624,0.48,0.52,0.52,0.48,0.0002909373050634656
2026-09-08 22:00:00+00:00,10,103.13,103.15833815748373,0.5549324617478758,,0.00029085268516659823,1.0,0.00027474318630993366,-0.002413445618003607,0.003008782397955656,0.48,0.52,0.52,0.48,0.0002909373050634656
2026-09-08 22:00:00+00:00,15,103.13,103.1574478224307,0.5440789487639067,,0.0016470477976149311,1.0,0.00026611238718032837,-0.0030330633744597435,0.0036410843022167683,0.48,0.52,0.52,0.48,0.0002909373050634656
2026-09-09 04:00:00+00:00,5,103.56,103.44380031539936,0.24095343277037617,,0.003277743221844709,1.0,-0.0011226817732676864,-0.0029562951531261206,0.0010665255831554532,0.48,0.52,0.52,0.52,0.00154619280900814
2026-09-09 04:00:00+00:00,10,103.56,103.39753688892053,0.20158786995304423,,0.00048269538032386095,1.0,-0.0015700142830610275,-0.003700125962495804,0.000979327829554677,0.48,0.52,0.52,0.48,0.00154619280900814
2026-09-09 04:00:00+00:00,15,103.56,103.37810534306001,0.20127351082614087,,0.0011580777206274817,1.0,-0.0017579623963683844,-0.0041510192677378654,0.001095968415029347,0.48,0.52,0.52,0.48,0.00154619280900814
2026-09-09 09:45:00+00:00,5,103.65,103.56027864674489,0.3073111667922054,,-0.0006755778860432216,0.0,-0.0008659933228045702,-0.003384144976735115,0.0014434743206948042,0.52,0.48,0.52,0.52,-0.010843075098284416
2026-09-09 09:45:00+00:00,10,103.65,103.53057701149662,0.3357931490564149,,-0.0012550081291982096,0.0,-0.001152839744463563,-0.0052127293311059475,0.0024074020329862833,0.52,0.48,0.52,0.48,-0.010843075098284416
2026-09-09 09:45:00+00:00,15,103.65,103.4960051892144,0.34219103909315784,,-0.0005790388117778988,0.0,-0.0014868241269141436,-0.00696442648768425,0.0031980308704078197,0.52,0.48,0.52,0.48,-0.010843075098284416
2026-09-09 15:30:00+00:00,5,102.76,102.88889340754767,0.6396308718079105,,0.0030121968070178085,1.0,0.0012535289861261845,-0.003532213158905506,0.006314047612249851,0.48,0.52,0.52,0.52,-0.012187016103243131
2026-09-09 15:30:00+00:00,10,102.76,102.98476903989055,0.6726520510034831,,0.003691116381129511,1.0,0.00218493165448308,-0.004331378266215324,0.009052101522684097,0.52,0.48,0.52,0.48,-0.012187016103243131
2026-09-09 15:30:00+00:00,15,102.76,103.04497057100781,0.678535477754286,,0.002526971895756347,1.0,0.002769328188151121,-0.005314838141202927,0.010862003080546856,0.52,0.48,0.52,0.48,-0.012187016103243131
2026-09-09 21:30:00+00:00,5,102.5,102.51641222573801,0.5511945611008827,,-0.0017576413078757014,0.0,0.00016010645776987076,-0.001679158303886652,0.0017457844223827124,0.5,0.5,0.52,0.52,0.0021486481554768844
2026-09-09 21:30:00+00:00,10,102.5,102.52449765428032,0.5548852756720684,,-0.0004879238935542318,0.0,0.00023897294886410236,-0.002293321304023266,0.0025009613018482924,0.48,0.52,0.52,0.48,0.0021486481554768844
2026-09-09 21:30:00+00:00,15,102.5,102.53566327698789,0.5648288103940824,,-0.004301922942637759,0.0,0.0003478738944977522,-0.0026940545067191124,0.003112597158178687,0.48,0.52,0.52,0.48,0.0021486481554768844
2026-09-10 03:15:00+00:00,5,101.9,101.89362720583497,0.4716318231793596,,-9.814024248555597e-05,0.0,-6.254164327401668e-05,-0.0012870213249698281,0.001187876332551241,0.52,0.48,0.52,0.48,0.006992002487010929
2026-09-10 03:15:00+00:00,10,101.9,101.89502120256948,0.48692927029537236,,-0.0014731159059744314,0.0,-4.886083479505032e-05,-0.002091138157993555,0.002011259086430073,0.52,0.48,0.52,0.48,0.006992002487010929
2026-09-10 03:15:00+00:00,15,101.9,101.89218566229577,0.48453146443781636,,-0.0004907975558641198,0.0,-7.668927719350904e-05,-0.0028348336927592754,0.0025900201871991158,0.48,0.52,0.52,0.48,0.006992002487010929
2026-09-10 09:15:00+00:00,5,101.23,101.24006738809302,0.542848157076603,,0.0006912556439768736,1.0,9.944569319486618e-05,-0.0011731069535017014,0.0013322397135198116,0.48,0.52,0.52,0.48,0.000988337696581354
2026-09-10 09:15:00+00:00,10,101.23,101.23769727234676,0.5227326422800165,,0.0008886695228138564,1.0,7.603457197546959e-05,-0.0018204767256975174,0.0019298512488603592,0.52,0.48,0.52,0.48,0.000988337696581354
2026-09-10 09:15:00+00:00,15,101.23,101.24346812378771,0.5305173314846559,,0.0005925340880450491,1.0,0.0001330359373241663,-0.002304935595020652,0.0024783124681562185,0.48,0.52,0.52,0.48,0.000988337696581354
2026-09-10 15:00:00+00:00,5,100.05,100.04119107547474,0.4799399420426389,,0.000399720201185616,1.0,-8.804909884929657e-05,-0.002703940961509943,0.0021168766543269157,0.52,0.48,0.52,0.48,0.0013001952124200855
2026-09-10 15:00:00+00:00,10,100.05,100.04976898666831,0.49962030192065887,,0.0011986815939311057,1.0,-2.308981493115425e-06,-0.0036452128551900387,0.003262397600337863,0.48,0.52,0.52,0.48,0.0013001952124200855
2026-09-10 15:00:00+00:00,15,100.05,100.05041296939845,0.50050710890713,,0.0009990010820848383,1.0,4.127621650695801e-06,-0.004605588037520647,0.004195313900709152,0.52,0.48,0.52,0.48,0.0013001952124200855
2026-09-10 20:45:00+00:00,5,100.06,100.05091724807889,0.4723038945816832,,-0.0001999000506405224,0.0,-9.077717550098896e-05,-0.0018519433215260506,0.00162090128287673,0.48,0.52,0.52,0.48,0.0008998650809690645
2026-09-10 20:45:00+00:00,10,100.06,100.0144460798227,0.40342456029811125,,0.0006993356596529665,1.0,-0.0004553697071969509,-0.0030339988879859447,0.0020685966592282057,0.48,0.52,0.52,0.48,0.0008998650809690645
2026-09-10 20:45:00+00:00,15,100.06,99.99315145344706,0.39132756675179614,,0.0006993356596529665,1.0,-0.0006683078827336431,-0.003943081479519606,0.0025653124321252108,0.52,0.48,0.52,0.48,0.0008998650809690645
2026-09-11 02:45:00+00:00,5,99.25,99.24500777788096,0.4857530947484485,,0.001409585412614156,1.0,-5.0300732254981995e-05,-0.0018937790300697088,0.0017458453075960279,0.52,0.48,0.52,0.48,0.0026230846355836945
2026-09-11 02:45:00+00:00,10,99.25,99.26138232259106,0.5238884491445356,,0.0009063901119041873,1.0,0.00011467677541077137,-0.0024417326785624027,0.002634008415043354,0.48,0.52,0.52,0.48,0.0026230846355836945
2026-09-11 02:45:00+00:00,15,99.25,99.26823205089603,0.5312624529818204,,0.0012083376759717268,1.0,0.00018368137534707785,-0.0029458694625645876,0.0032347622327506542,0.48,0.52,0.52,0.48,0.0026230846355836945
2026-09-11 08:30:00+00:00,5,100.06,100.00619613185698,0.3529140445655574,,-0.0002998650629697508,0.0,-0.0005378606729209423,-0.0022395499981939793,0.0015541391912847757,0.48,0.52,0.52,0.48,0.0015002253151319422
2026-09-11 08:30:00+00:00,10,100.06,100.00359631073559,0.37151281986628315,,-0.0002998650629697508,0.0,-0.0005638576112687588,-0.002712397836148739,0.0019540288485586643,0.48,0.52,0.52,0.48,0.0015002253151319422
2026-09-11 08:30:00+00:00,15,100.06,100.00334039769949,0.3902420745553765,,-0.0002998650629697508,0.0,-0.0005664166528731585,-0.003106658346951008,0.002423570491373539,0.48,0.52,0.52,0.48,0.0015002253151319422
2026-09-11 14:30:00+00:00,5,103.85,103.78185214750226,0.40136525457883665,,-0.00637560119449887,0.0,-0.0006564296782016754,-0.004555594176054001,0.0031571555882692337,0.52,0.48,0.52,0.48,0.024466350274358284
2026-09-11 14:30:00+00:00,10,103.85,103.71745295752571,0.3857142415516285,,-0.004439304723519832,0.0,-0.0012771468609571457,-0.008024787530303001,0.004926234483718872,0.48,0.52,0.52,0.48,0.024466350274358284
2026-09-11 14:30:00+00:00,15,103.85,103.62784705595433,0.36290629240843275,,-0.005019800095857896,0.0,-0.0021414626389741898,-0.011580686084926128,0.006229249760508537,0.52,0.48,0.52,0.48,0.024466350274358284
2026-09-11 20:15:00+00:00,5,102.92,103.02529388436564,0.7010928477697047,,-0.0031140546768746447,0.0,0.0010225423611700535,-0.0017683850601315498,0.0036294041201472282,0.48,0.52,0.52,0.48,0.018831470572283848
2026-09-11 20:15:00+00:00,10,102.92,103.0665532579537,0.663821051398112,,-0.0032115253139224365,0.0,0.0014229402877390385,-0.003382055787369609,0.005907775834202766,0.48,0.52,0.52,0.48,0.018831470572283848
2026-09-11 20:15:00+00:00,15,102.92,103.1039044765322,0.6535224218871596,,-0.004577112728634702,0.0,0.001785273663699627,-0.004707710351794958,0.007998744957149029,0.48,0.52,0.52,0.48,0.018831470572283848
2026-09-12 02:00:00+00:00,5,101.99,101.97425988819768,0.41761801287006406,,-0.0007846984218238262,0.0,-0.0001543418620713055,-0.0012112680124118924,0.0008714263094589114,0.52,0.48,0.52,0.52,0.0013736265896113764
2026-09-12 02:00:00+00:00,10,101.99,101.97773560153252,0.458547312401238,,0.0,,-0.00012025822070427239,-0.0017844706308096647,0.0014833456370979548,0.52,0.48,0.52,0.52,0.0013736265896113764
2026-09-12 02:00:00+00:00,15,101.99,101.98414812650378,0.484613626235721,,-0.0014718150132750907,0.0,-5.7378580095246434e-05,-0.0022081455681473017,0.0020190507639199495,0.52,0.48,0.52,0.48,0.0013736265896113764
2026-09-12 08:00:00+00:00,5,101.64,101.64855196957916,0.58264162766472,,0.0011799411398492055,1.0,8.413626346737146e-05,-0.00047048041597008705,0.0006828198092989624,0.52,0.48,0.52,0.52,-0.00029511583510721806
2026-09-12 08:00:00+00:00,10,101.64,101.65168253893965,0.5745387446909631,,0.0004918113510834488,1.0,0.00011493376223370433,-0.0007019684417173266,0.0010193642228841782,0.52,0.48,0.52,0.52,-0.00029511583510721806
2026-09-12 08:00:00+00:00,15,101.64,101.65818545694816,0.5897344477519908,,-9.839130228783688e-05,0.0,0.00017890427261590958,-0.0008489907486364245,0.001328747603110969,0.48,0.52,0.52,0.48,-0.00029511583510721806
2026-09-12 13:45:00+00:00,5,101.84,101.82808124543882,0.424334297962782,,-0.00039285013272927216,0.0,-0.00011704096687026322,-0.0009619713528081775,0.0006548446835950017,0.52,0.48,0.52,0.52,-0.004017840673760098
2026-09-12 13:45:00+00:00,10,101.84,101.81568349823579,0.38696403264577317,,0.000588985979527834,1.0,-0.00023880013031885028,-0.0014204576145857573,0.0008807815611362457,0.52,0.48,0.52,0.52,-0.004017840673760098
2026-09-12 13:45:00+00:00,15,101.84,101.80483455769594,0.3709573092015923,,0.0014718150132750907,1.0,-0.0003453605168033391,-0.0017990274354815483,0.0010458988836035132,0.52,0.48,0.52,0.48,-0.004017840673760098
2026-09-12 19:45:00+00:00,5,101.33,101.32820071648838,0.4889510566507351,,0.00039467193408171397,1.0,-1.7756829038262367e-05,-0.0008388296701014042,0.0008499969262629747,0.52,0.48,0.52,0.52,-0.0034481094209724006
2026-09-12 19:45:00+00:00,10,101.33,101.32988772226432,0.4995415053730291,,-0.000592300116032618,0.0,-1.1080410331487656e-06,-0.0012736336793750525,0.0013313849922269583,0.52,0.48,0.52,0.52,-0.0034481094209724006
2026-09-12 19:45:00+00:00,15,101.33,101.32929899166443,0.49776209671345373,,-0.0006910509184629987,0.0,-6.918096914887428e-06,-0.0016561276279389858,0.0016959595959633589,0.52,0.48,0.52,0.48,-0.0034481094209724006
2026-09-13 01:30:00+00:00,5,101.99,102.00980968410096,0.5934553392967581,,-0.0005884660821049437,0.0,0.00019421277102082968,-0.0008696059230715036,0.001385546987876296,0.52,0.48,0.52,0.48,0.0036344030968402663
2026-09-13 01:30:00+00:00,10,101.99,102.03415590126556,0.6511083074103158,,0.001469651957071605,1.0,0.0004328497452661395,-0.0010023603681474924,0.0020744246430695057,0.5,0.5,0.52,0.48,0.0036344030968402663
2026-09-13 01:30:00+00:00,15,101.99,102.04988979620012,0.6730752150254813,,0.0013717423275814156,1.0,0.0005870400927960873,-0.001109268399886787,0.0024712886661291122,0.48,0.52,0.52,0.48,0.0036344030968402663
2026-09-13 07:15:00+00:00,5,101.32,101.31554285693822,0.46883049396300436,,-0.0002961354347688072,0.0,-4.399172030389309e-05,-0.0007970500737428665,0.0007099461508914828,0.52,0.48,0.52,0.48,-0.004038419672182769
2026-09-13 07:15:00+00:00,10,101.32,101.32013293199579,0.5006443402116317,,-0.0002961354347688072,0.0,1.3120006769895554e-06,-0.00111537822522223,0.0011658503208309412,0.5,0.5,0.52,0.48,-0.004038419672182769
2026-09-13 07:15:00+00:00,15,101.32,101.33083241823094,0.539957863335184,,-0.0007898894565512293,0.0,0.00010690721683204174,-0.0013410632964223623,0.0016192395705729723,0.48,0.52,0.52,0.48,-0.004038419672182769
2026-09-13 13:15:00+00:00,5,99.82,99.82394684446054,0.5330675359118604,,-0.0012028870736706665,0.0,3.953883424401283e-05,-0.0006002932786941528,0.0006251265294849873,0.48,0.52,0.52,0.48,0.0005010271160470481
2026-09-13 13:15:00+00:00,10,99.82,99.82365438987435,0.5199105995276717,,-0.0024072228274265584,0.0,3.660912625491619e-05,-0.001008385792374611,0.0009575197473168373,0.48,0.52,0.52,0.48,0.0005010271160470481
2026-09-13 13:15:00+00:00,15,99.82,99.82203276182418,0.5085913802316626,,-0.002507649641469989,0.0,2.03640665858984e-05,-0.0013768933713436127,0.0012289485894143581,0.48,0.52,0.52,0.48,0.0005010271160470481
2026-09-13 19:00:00+00:00,5,101.2,101.21341759776693,0.6024623336782862,,0.0005927096883979743,1.0,0.00013257616956252605,-0.0005535323871299624,0.0008700703037902713,0.5,0.5,0.52,0.48,0.0015822788111297115
2026-09-13 19:00:00+00:00,10,101.2,101.22741064146896,0.633929373470788,,-0.0006919389392860964,0.0,0.00027081946609541774,-0.0007972926832735538,0.0013992520980536938,0.52,0.48,0.52,0.48,0.0015822788111297115
2026-09-13 19:00:00+00:00,15,101.2,101.24474299375261,0.6650623088768958,,-0.0015822788111297115,0.0,0.0004420267359819263,-0.0009439281420782208,0.0019315946847200394,0.52,0.48,0.52,0.48,0.0015822788111297115
2026-09-14 01:00:00+00:00,5,99.76,99.76627734424018,0.5196703103141572,,-0.0013039773150156364,0.0,6.292248144745827e-05,-0.0016183406114578247,0.00182001618668437,0.48,0.52,0.52,0.48,0.004823160475429411
2026-09-14 01:00:00+00:00,10,99.76,99.81033559870946,0.6045918672414914,,0.001001903700681872,1.0,0.0005044396966695786,-0.002148960717022419,0.0032522098626941442,0.48,0.52,0.52,0.48,0.004823160475429411
2026-09-14 01:00:00+00:00,15,99.76,99.85042876116343,0.6373317599094543,,-0.002308195113808864,0.0,0.0009060525335371494,-0.002619174774736166,0.004561758134514093,0.48,0.52,0.52,0.48,0.004823160475429411
2026-09-14 06:45:00+00:00,5,101.65,101.67858023001935,0.5821679284766409,,-0.000885783237878357,0.0,0.00028112358995713294,-0.0015291838208213449,0.0021614418365061283,0.48,0.52,0.52,0.48,0.005623257554361771
2026-09-14 06:45:00+00:00,10,101.65,101.71686117396101,0.6269372022263671,,-0.000984252047961931,0.0,0.0006575424922630191,-0.0020777287427335978,0.003416843246668577,0.48,0.52,0.52,0.48,0.005623257554361771
2026-09-14 06:45:00+00:00,15,101.65,101.74274415655174,0.6419390821857034,,-0.001378224278015594,0.0,0.0009119712049141526,-0.00248274696059525,0.004338569939136505,0.48,0.52,0.52,0.48,0.005623257554361771
2026-09-14 12:30:00+00:00,5,101.81,101.78874250592028,0.4160691500039071,,-0.001966375621314853,0.0,-0.00020881753880530596,-0.0015054808463901281,0.0011887610889971256,0.48,0.52,0.52,0.48,-0.00029462313004646745
2026-09-14 12:30:00+00:00,10,101.81,101.75720953852479,0.3571356558906136,,-0.0020647959747233102,0.0,-0.0005186538910493255,-0.002378974575549364,0.0014174566604197025,0.48,0.52,0.52,0.48,-0.00029462313004646745
2026-09-14 12:30:00+00:00,15,101.81,101.74210398220102,0.34900468994005596,,-0.0006877917244860754,0.0,-0.000667111948132515,-0.0028758579865098,0.0016919749323278666,0.48,0.52,0.52,0.48,-0.00029462313004646745
2026-09-14 18:30:00+00:00,5,103.44,103.40197430612504,0.3838621057581516,,0.001352526532143905,1.0,-0.000367678701877594,-0.00208577373996377,0.0013184924609959126,0.48,0.52,0.52,0.48,0.004554050794942199
2026-09-14 18:30:00+00:00,10,103.44,103.3868590106363,0.3827183213622539,,0.0010628533779915017,1.0,-0.0005138693377375603,-0.0029224329628050327,0.0018003666773438454,0.48,0.52,0.52,0.48,0.004554050794942199
2026-09-14 18:30:00+00:00,15,103.44,103.3965365953781,0.42040359159656016,,0.002992424647206171,1.0,-0.00042026815935969353,-0.0033068740740418434,0.002331211231648922,0.48,0.52,0.52,0.48,0.004554050794942199
2026-09-15 00:15:00+00:00,5,102.57,102.54957342133427,0.39998985331773707,,-0.001365853870876066,0.0,-0.00019916752353310585,-0.0012248822022229433,0.0008310277480632067,0.52,0.48,0.52,0.52,-0.002726123779646983
2026-09-15 00:15:00+00:00,10,102.57,102.52326664913187,0.345465548846868,,0.00087706481283778,1.0,-0.00045572780072689056,-0.002012738725170493,0.0011364449746906757,0.48,0.52,0.52,0.52,-0.002726123779646983
2026-09-15 00:15:00+00:00,15,102.57,102.51759687997377,0.3627512309270762,,0.0005847953383035787,1.0,-0.0005110315978527069,-0.002493920736014843,0.001517882221378386,0.52,0.48,0.52,0.52,-0.002726123779646983
2026-09-15 06:15:00+00:00,5,101.33,101.27673384895921,0.29714299013254086,,-0.000592300116032618,0.0,-0.0005258083110675216,-0.0019008343806490302,0.0007345282938331366,0.52,0.48,0.52,0.52,0.004054393687368929
2026-09-15 06:15:00+00:00,10,101.33,101.22860035823149,0.23410839579458875,,-0.0018768218083895505,0.0,-0.0010011882986873388,-0.0029018819332122803,0.0007764119654893875,0.52,0.48,0.52,0.52,0.004054393687368929
2026-09-15 06:15:00+00:00,15,101.33,101.1926829380435,0.20997561134367893,,-0.002767073610596249,0.0,-0.0013560662046074867,-0.003636883106082678,0.0008382918313145638,0.52,0.48,0.52,0.52,0.004054393687368929
2026-09-15 12:00:00+00:00,5,100.89,100.93157728779913,0.6872252059356174,,-0.00019825535354378587,0.0,0.000412020250223577,-0.0007203430868685246,0.0016202504048123956,0.48,0.52,0.52,0.52,-0.0002973093525691084
2026-09-15 12:00:00+00:00,10,100.89,100.95955699129149,0.6960197008350242,,0.00039639283048042984,1.0,0.0006891964003443718,-0.0011280749458819628,0.0025862662587314844,0.48,0.52,0.52,0.52,-0.0002973093525691084
2026-09-15 12:00:00+00:00,15,100.89,100.97580484241566,0.6747454328692291,,0.0002973093525691084,1.0,0.0008501177071593702,-0.001634127227589488,0.0034159524366259575,0.48,0.52,0.52,0.52,-0.0002973093525691084
2026-09-15 17:45:00+00:00,5,99.98,99.91850124844538,0.3770202003507602,,0.006182091680214441,1.0,-0.0006152997957542539,-0.0030416171066462994,0.0023049446754157543,0.52,0.48,0.52,0.52,0.008538045940618133
2026-09-15 17:45:00+00:00,10,99.98,99.90973675939483,0.39751714095583035,,0.002497379051350279,1.0,-0.0007030200213193893,-0.004227304365485907,0.003252745606005192,0.52,0.48,0.52,0.52,0.008538045940618133
2026-09-15 17:45:00+00:00,15,99.98,99.83888103967968,0.3420919453123712,,0.0007998400746345169,1.0,-0.0014124689623713493,-0.005861607380211353,0.003392599057406187,0.48,0.52,0.52,0.52,0.008538045940618133
2026-09-15 23:45:00+00:00,5,97.13,97.19400461370357,0.6879923566623256,,-0.0010300783770311739,0.0,0.000658741220831871,-0.0012350738979876041,0.0024960883893072605,0.48,0.52,0.52,0.52,0.0009270227784448082
2026-09-15 23:45:00+00:00,10,97.13,97.2249487416925,0.6778853882563314,,-0.0014424070087883933,0.0,0.0009770654141902924,-0.001948073972016573,0.003894181689247489,0.52,0.48,0.52,0.52,0.0009270227784448082
2026-09-15 23:45:00+00:00,15,97.13,97.25726128969195,0.6845116856132321,,-0.002061218909722662,0.0,0.0013093585148453712,-0.002457480877637863,0.005026927217841148,0.52,0.48,0.52,0.52,0.0009270227784448082
2026-09-16 05:30:00+00:00,5,97.11,97.07863151834718,0.3959249603047884,,0.0006176652450848863,1.0,-0.00032307227957062423,-0.0019593655597418547,0.0012456966796889901,0.52,0.48,0.52,0.48,-0.0027764941482919525
2026-09-16 05:30:00+00:00,10,97.11,97.0833412676086,0.4349991352753235,,0.0014406258922932125,1.0,-0.00027455866802483797,-0.002513445448130369,0.0019112176960334182,0.52,0.48,0.52,0.48,-0.0027764941482919525
2026-09-16 05:30:00+00:00,15,97.11,97.09330021466471,0.4673737800932418,,0.0015434483693770318,1.0,-0.0001719825086183846,-0.0029757930897176266,0.0025683334097266197,0.48,0.52,0.52,0.48,-0.0027764941482919525
2026-09-16 11:30:00+00:00,5,97.36,97.34736711871285,0.4440294080060818,,0.0022571057084190826,1.0,-0.00012976274592801929,-0.0013152332976460457,0.0011173628736287355,0.48,0.52,0.52,0.48,-0.00010270631139253084
2026-09-16 11:30:00+00:00,10,97.36,97.33168393600204,0.409140596378023,,0.005428950594066784,1.0,-0.00029088108567520976,-0.0019710406195372343,0.001432058634236455,0.48,0.52,0.52,0.48,-0.00010270631139253084
2026-09-16 11:30:00+00:00,15,97.36,97.32573769568005,0.41009453844764254,,0.007164087543815256,1.0,-0.00035197549732401967,-0.002380846533924341,0.001739841653034091,0.48,0.52,0.52,0.48,-0.00010270631139253084
2026-09-16 17:15:00+00:00,5,97.24,97.25051926269961,0.5371821779324143,,-0.0014407741506428096,0.0,0.00010817249858519062,-0.0013585977721959352,0.0016937481705099344,0.48,0.52,0.52,0.48,-0.0012332992313499602
2026-09-16 17:15:00+00:00,10,97.24,97.27154692194671,0.583930071552559,,-0.0012348221367339818,0.0,0.0003243706887587905,-0.0016865464858710766,0.0024913197848945856,0.48,0.52,0.52,0.48,-0.0012332992313499602
2026-09-16 17:15:00+00:00,15,97.24,97.29113074447847,0.6076867047109651,,-0.0025742690424710446,0.0,0.0005256818840280175,-0.0019980170764029026,0.0032683294266462326,0.48,0.52,0.52,0.48,-0.0012332992313499602
2026-09-16 23:00:00+00:00,5,97.43,97.39619539080446,0.39670132988089146,,0.0025626583651989776,1.0,-0.0003470232477411628,-0.002230358775705099,0.0015219191554933786,0.52,0.48,0.52,0.48,-0.008991579941582728
2026-09-16 23:00:00+00:00,10,97.43,97.38165768701005,0.39763562607803005,,0.0028697365190017976,1.0,-0.0004962979583069682,-0.0032833851873874664,0.002282948698848486,0.52,0.48,0.52,0.48,-0.008991579941582728
2026-09-16 23:00:00+00:00,15,97.43,97.36002364858481,0.38334244309396237,,0.004199319941666779,1.0,-0.0007184798596426845,-0.004249496851116419,0.0028164649847894907,0.52,0.48,0.52,0.48,-0.008991579941582728
2026-09-17 05:00:00+00:00,5,100.01,100.01181725512512,0.5046556383442006,,-0.0015009759159623215,0.0,1.8170569092035294e-05,-0.0019087009131908417,0.0021635042503476143,0.48,0.52,0.52,0.48,0.0007001750723665268
2026-09-17 05:00:00+00:00,10,100.01,100.00258969833115,0.48632309890000325,,-0.002302418555533592,0.0,-7.409835234284401e-05,-0.0028559844940900803,0.002922907005995512,0.48,0.52,0.52,0.48,0.0007001750723665268
2026-09-17 05:00:00+00:00,15,100.01,100.00027607364026,0.48555150996819807,,-0.0036061343296216464,0.0,-9.723426774144173e-05,-0.0035451166331768036,0.003582609351724386,0.48,0.52,0.52,0.48,0.0007001750723665268
2026-09-17 10:45:00+00:00,5,99.68,99.65524537927095,0.41051133605064394,,0.0004012036162146515,1.0,-0.00024837173987179995,-0.0016673370264470577,0.0012538725277408957,0.52,0.48,0.52,0.48,-0.009286601264816063
2026-09-17 10:45:00+00:00,10,99.68,99.62567115870799,0.3652950868162035,,0.0006017450788338152,1.0,-0.0005451811011880636,-0.002643727231770754,0.0016462861094623804,0.52,0.48,0.52,0.48,-0.009286601264816063
2026-09-17 10:45:00+00:00,15,99.68,99.6320939186438,0.4052348987127674,,0.002204630615365133,1.0,-0.00048071425408124924,-0.003174658166244626,0.0023124022409319878,0.52,0.48,0.52,0.48,-0.009286601264816063
2026-09-17 16:30:00+00:00,5,101.09,101.05066637474519,0.41813480841359973,,-0.00039576531633667145,0.0,-0.0003891708329319954,-0.003018011339008808,0.0020592976361513138,0.48,0.52,0.52,0.48,0.004759552862007688
2026-09-17 16:30:00+00:00,10,101.09,100.98027064285456,0.3482720180766885,,-0.0010887317351970793,0.0,-0.0010860515758395195,-0.005032599903643131,0.002680312842130661,0.52,0.48,0.52,0.48,0.004759552862007688
2026-09-17 16:30:00+00:00,15,101.09,100.90387333259092,0.31018149351722424,,0.0009887285757015363,1.0,-0.0018428947078064084,-0.007155376486480236,0.0032098223455250263,0.52,0.48,0.52,0.48,0.004759552862007688
2026-09-17 22:30:00+00:00,5,100.92,100.90343255483155,0.437031315230762,,0.0033633427689059303,1.0,-0.0001641776179894805,-0.0016153277829289436,0.0011899936944246292,0.52,0.48,0.52,0.48,-0.0033633427689059303
2026-09-17 22:30:00+00:00,10,100.92,100.91198666870487,0.48042766386033775,,0.004547709271346179,1.0,-7.940595969557762e-05,-0.002271519275382161,0.002080382313579321,0.48,0.52,0.52,0.48,-0.0033633427689059303
2026-09-17 22:30:00+00:00,15,100.92,100.93557315852458,0.5294769187795549,,0.004942186594015574,1.0,0.00015430001076310873,-0.002670691581442952,0.0028792843222618103,0.52,0.48,0.52,0.48,-0.0033633427689059303
2026-09-18 04:15:00+00:00,5,104.73,104.70871862110016,0.4611679390671436,,0.00628214516079062,1.0,-0.00020322296768426895,-0.002995799295604229,0.0027265409007668495,0.48,0.52,0.52,0.52,0.010076377181090557
2026-09-18 04:15:00+00:00,10,104.73,104.79296673905877,0.5684834593447406,,0.003336355032284466,1.0,0.000601048581302166,-0.004119249992072582,0.005494583398103714,0.52,0.48,0.52,0.52,0.010076377181090557
2026-09-18 04:15:00+00:00,15,104.73,104.86537161089974,0.6122856487797224,,0.0006681621018866934,1.0,0.0012917425483465195,-0.004901714622974396,0.007842129096388817,0.5,0.5,0.52,0.52,0.010076377181090557
2026-09-18 10:15:00+00:00,5,106.5,106.5096478978652,0.5277456193961039,,0.0006570610833849244,1.0,9.058648720383644e-05,-0.0015505191404372454,0.0020026371348649263,0.48,0.52,0.52,0.52,0.0015975194864852327
2026-09-18 10:15:00+00:00,10,106.5,106.51855522292696,0.5418785680703875,,0.0002816504736262715,1.0,0.0001742122694849968,-0.0019542730879038572,0.0025560236535966396,0.48,0.52,0.52,0.52,0.0015975194864852327
2026-09-18 10:15:00+00:00,15,106.5,106.54929846924308,0.5978542769230769,,0.0005632216425990322,1.0,0.0004627893213182688,-0.001987079856917262,0.003148763906210661,0.48,0.52,0.52,0.52,0.0015975194864852327
2026-09-18 16:00:00+00:00,5,111.19,111.17099226166957,0.47583994903975746,,0.0035013727022246144,1.0,-0.0001709628850221634,-0.004355216398835182,0.0036401860415935516,0.48,0.52,0.52,0.52,0.003423426766923754
2026-09-18 16:00:00+00:00,10,111.19,111.1812299639821,0.4927914478555804,,0.0005394713311916988,1.0,-7.887743413448334e-05,-0.006837828084826469,0.0057799480855464935,0.48,0.52,0.52,0.52,0.003423426766923754
2026-09-18 16:00:00+00:00,15,111.19,111.16114352013503,0.48208501803081627,,0.0024253324262328846,1.0,-0.00025955773890018463,-0.009226007387042046,0.0071361493319272995,0.48,0.52,0.52,0.52,0.003423426766923754
2026-09-18 21:45:00+00:00,5,113.2,113.18782013712635,0.4688612756644872,,0.0015006402604242908,1.0,-0.00010760175064206123,-0.001859523355960846,0.0016835294663906097,0.52,0.48,0.52,0.52,-0.004758976109570767
2026-09-18 21:45:00+00:00,10,113.2,113.1880278563371,0.4792552676524583,,0.0004415985940608991,1.0,-0.00010576657950878143,-0.0028039412572979927,0.002663146238774061,0.52,0.48,0.52,0.52,-0.004758976109570767
2026-09-18 21:45:00+00:00,15,113.2,113.19060537722586,0.48709167640180573,,-0.0007953692257931522,0.0,-8.299481123685837e-05,-0.0036146147176623344,0.0035379636101424694,0.52,0.48,0.52,0.52,-0.004758976109570767
2026-09-19 03:45:00+00:00,5,113.37,113.38490085375236,0.5498596309591286,,-8.821064708186555e-05,0.0,0.00013142696116119623,-0.0012895280960947275,0.0015203015645965934,0.48,0.52,0.52,0.52,-0.0003527647977321635
2026-09-19 03:45:00+00:00,10,113.37,113.39114727958957,0.5503797681204674,,-0.00017642907596915336,0.0,0.00018651589925866574,-0.0017701361794024706,0.002142459386959672,0.48,0.52,0.52,0.52,-0.0003527647977321635
2026-09-19 03:45:00+00:00,15,113.37,113.3991013101272,0.5569053756918032,,-0.0007941760840974865,0.0,0.00025666027795523405,-0.0021142628975212574,0.002644829684868455,0.48,0.52,0.52,0.52,-0.0003527647977321635
2026-09-19 09:30:00+00:00,5,111.95,111.91717047670117,0.4045382724918667,,-0.0033105206273820187,0.0,-0.0002932946663349867,-0.0020631588995456696,0.0013011833652853966,0.52,0.48,0.52,0.52,-0.002052381035426265
2026-09-19 09:30:00+00:00,10,111.95,111.89866613356676,0.40073881100910036,,-0.0016986280960580302,0.0,-0.0004586479626595974,-0.00312624080106616,0.002003210596740246,0.52,0.48,0.52,0.52,-0.002052381035426265
2026-09-19 09:30:00+00:00,15,111.95,111.90919208747793,0.4363061389850198,,-8.93295815505013e-05,0.0,-0.00036458554677665234,-0.0037553533911705017,0.002739876974374056,0.52,0.48,0.52,0.52,-0.002052381035426265
2026-09-19 15:30:00+00:00,5,111.65,111.6496370898346,0.49886732451714444,,-8.956961804518215e-05,0.0,-3.250432200729847e-06,-0.0014538284158334136,0.0014769298722967505,0.52,0.48,0.52,0.52,-0.0035762219607695656
2026-09-19 15:30:00+00:00,10,111.65,111.65269794736255,0.5065802164741985,,0.00035819826656879883,1.0,2.4164037313312292e-05,-0.0018939636647701263,0.0019433770794421434,0.52,0.48,0.52,0.52,-0.0035762219607695656
2026-09-19 15:30:00+00:00,15,111.65,111.66333854356844,0.5273241452821047,,0.001163675555385879,1.0,0.00011946033919230103,-0.0021657906472682953,0.0023773713037371635,0.52,0.48,0.52,0.52,-0.0035762219607695656
2026-09-19 21:15:00+00:00,5,110.76,110.82353255649998,0.679221816130899,,-0.0021691982475449123,0.0,0.0005734411533921957,-0.0010412274859845638,0.0022515621967613697,0.52,0.48,0.52,0.52,-0.0039646835137210346
2026-09-19 21:15:00+00:00,10,110.76,110.89758771368929,0.7715272519705164,,0.0005415651364426566,1.0,0.0012414439115673304,-0.0009106369689106941,0.0034566977992653847,0.52,0.48,0.52,0.52,-0.0039646835137210346
2026-09-19 21:15:00+00:00,15,110.76,110.93128690079834,0.788461220056997,,0.00018055430219732216,1.0,0.0015452743973582983,-0.0009537579026073217,0.004097643308341503,0.52,0.48,0.52,0.52,-0.0039646835137210346
2026-09-20 03:00:00+00:00,5,107.72,107.70016604663313,0.4826224102275194,,0.0047233243636561895,1.0,-0.00018414203077554703,-0.008005727082490921,0.004940902814269066,0.52,0.48,0.52,0.48,-0.022035412331008253
2026-09-20 03:00:00+00:00,10,107.72,107.53318121534375,0.3995224945188368,,0.005646856014077883,1.0,-0.0017358055338263512,-0.014192473143339157,0.006037404760718346,0.52,0.48,0.52,0.48,-0.022035412331008253
2026-09-20 03:00:00+00:00,15,107.72,107.46138800288087,0.39247160498131517,,0.0,,-0.002403666265308857,-0.01879774034023285,0.007430599071085453,0.52,0.48,0.52,0.48,-0.022035412331008253
2026-09-20 09:00:00+00:00,5,108.12,108.15920061362526,0.6478333214819029,,0.0007396450041348146,1.0,0.0003625000827014446,-0.0009780828841030598,0.001624841708689928,0.48,0.52,0.52,0.48,-0.0036927663824846135
2026-09-20 09:00:00+00:00,10,108.12,108.18553603821682,0.6550603869332217,,0.0015710922320417708,1.0,0.0006059580482542515,-0.0015012030489742756,0.002578241750597954,0.48,0.52,0.52,0.48,-0.0036927663824846135
2026-09-20 09:00:00+00:00,15,108.12,108.20358945236599,0.6542184271365774,,0.0003698908864073758,1.0,0.0007728186901658773,-0.0019873548299074173,0.0032941089011728764,0.48,0.52,0.52,0.48,-0.0036927663824846135
2026-09-20 14:45:00+00:00,5,108.22,108.18785512722552,0.3880870486290181,,0.0011082380151634652,1.0,-0.00029707676731050014,-0.0016325187170878053,0.0010724114254117012,0.52,0.48,0.52,0.48,0.000369685771308248
2026-09-20 14:45:00+00:00,10,108.22,108.18499409088251,0.41466143750547946,,0.0014773779233783202,1.0,-0.0003235221956856549,-0.0022584996186196804,0.0016775354743003845,0.52,0.48,0.52,0.48,0.000369685771308248
2026-09-20 14:45:00+00:00,15,108.22,108.19400751624461,0.4485210907475371,,0.0007389617923552194,1.0,-0.00024021073477342725,-0.0026616407558321953,0.002209785394370556,0.48,0.52,0.52,0.48,0.000369685771308248
2026-09-20 20:45:00+00:00,5,110.48,110.52092418301007,0.6255016504334316,,-0.0016305828415799084,0.0,0.00037035305285826325,-0.0011221470776945353,0.00194456335157156,0.48,0.52,0.52,0.48,0.0004526730419973646
2026-09-20 20:45:00+00:00,10,110.48,110.54751014214337,0.6385778779960446,,-0.002719117056466658,0.0,0.0006108754896558821,-0.0016246106242761016,0.003007865510880947,0.48,0.52,0.52,0.48,0.0004526730419973646
2026-09-20 20:45:00+00:00,15,110.48,110.55888597265412,0.6284659071790877,,-0.003173022924184643,0.0,0.0007137746433727443,-0.002070315647870302,0.0037885960191488266,0.48,0.52,0.52,0.48,0.0004526730419973646
2026-09-21 02:30:00+00:00,5,111.64,111.56429920769968,0.3795109866822667,,-0.004488740816346315,0.0,-0.0006783094722777605,-0.0038150115869939327,0.0022399574518203735,0.52,0.48,0.52,0.52,-0.008473493146917477
2026-09-21 02:30:00+00:00,10,111.64,111.53104164657994,0.39003903863377054,,-0.00224185181102321,0.0,-0.0009764560963958502,-0.006102630868554115,0.0036460855044424534,0.52,0.48,0.52,0.52,-0.008473493146917477
2026-09-21 02:30:00+00:00,15,111.64,111.49458610389415,0.3869791082613877,,-0.0014342060543741653,0.0,-0.0013033740688115358,-0.007892890833318233,0.004601063672453165,0.48,0.52,0.52,0.52,-0.008473493146917477
2026-09-21 08:15:00+00:00,5,112.72,112.61514504753269,0.32242556114045384,,0.0018612901451540154,1.0,-0.0009306578431278467,-0.003856716910377145,0.0016240598633885384,0.48,0.52,0.52,0.52,0.006943854127211324
2026-09-21 08:15:00+00:00,10,112.72,112.5266895851969,0.2881671770720806,,0.005573509363112628,1.0,-0.0017164333257824183,-0.006084647960960865,0.002244499046355486,0.48,0.52,0.52,0.52,0.006943854127211324
2026-09-21 08:15:00+00:00,15,112.72,112.44612280634234,0.27176007341541486,,0.00663161721247274,1.0,-0.002432669047266245,-0.008023225702345371,0.002775088418275118,0.48,0.52,0.52,0.52,0.006943854127211324
2026-09-21 14:15:00+00:00,5,118.17,118.28963412913002,0.6194529386837326,,-0.000846596731905791,0.0,0.0010118779027834535,-0.0032512641046196222,0.005698894150555134,0.48,0.52,0.52,0.52,0.009266803827238768
2026-09-21 14:15:00+00:00,10,118.17,118.39323171811843,0.6665928678628698,,0.0021133614527055755,1.0,0.0018872906221076846,-0.0038402536883950233,0.008131235837936401,0.48,0.52,0.52,0.52,0.009266803827238768
2026-09-21 14:15:00+00:00,15,118.17,118.44488549762335,0.6704171349280933,,0.0021133614527055755,1.0,0.0023234854452311993,-0.0046681733801960945,0.009862633422017097,0.52,0.48,0.52,0.52,0.009266803827238768
2026-09-21 20:00:00+00:00,5,118.34,118.36808393316157,0.5494992481436726,,-8.450585208041872e-05,0.0,0.000237287487834692,-0.002257164567708969,0.002796771004796028,0.48,0.52,0.52,0.52,0.005677740772710216
2026-09-21 20:00:00+00:00,10,118.34,118.37125874491659,0.5419583611523644,,0.0013511233266383371,1.0,0.00026410864666104317,-0.0030250358395278454,0.0035812235437333584,0.48,0.52,0.52,0.52,0.005677740772710216
2026-09-21 20:00:00+00:00,15,118.34,118.31933763665687,0.47584665248762337,,0.0012667315801007106,1.0,-0.00017461692914366722,-0.003955533262342215,0.003615079913288355,0.48,0.52,0.52,0.52,0.005677740772710216
2026-09-22 02:00:00+00:00,5,117.57,117.55932707285105,0.4801516653202387,,-0.0016173657494613636,0.0,-9.078346192836761e-05,-0.00261795986443758,0.002251263940706849,0.52,0.48,0.52,0.52,-0.004074362651872221
2026-09-22 02:00:00+00:00,10,117.57,117.53674993230847,0.4567675300337437,,-0.0022991452202196783,0.0,-0.0002828508149832487,-0.004038519226014614,0.0032906546257436275,0.48,0.52,0.52,0.52,-0.004074362651872221
2026-09-22 02:00:00+00:00,15,117.57,117.5194749195655,0.4480850970492517,,-0.0005955672954360836,0.0,-0.00042983703315258026,-0.005233662202954292,0.004075108096003532,0.52,0.48,0.52,0.52,-0.004074362651872221
2026-09-22 07:45:00+00:00,5,116.22,116.25739002356214,0.6079862615814939,,0.0007740937039883988,1.0,0.0003216658951714635,-0.0012956693535670638,0.002021881053224206,0.48,0.52,0.52,0.52,-0.0033500868852822663
2026-09-22 07:45:00+00:00,10,116.22,116.25900768954213,0.5738563223529791,,8.604000865730654e-05,1.0,0.00033558032009750605,-0.0021837030071765184,0.002878006314858794,0.48,0.52,0.52,0.52,-0.0033500868852822663
2026-09-22 07:45:00+00:00,15,116.22,116.24265166875547,0.5336362255440527,,0.0012898234730265301,1.0,0.00019488437101244926,-0.0030411621555685997,0.0034344415180385113,0.52,0.48,0.52,0.52,-0.0033500868852822663
2026-09-22 13:30:00+00:00,5,117.05,117.03279002187502,0.45137779271382605,,0.0049429110354299866,1.0,-0.0001470418064855039,-0.0017281204927712679,0.0014742385828867555,0.52,0.48,0.52,0.52,-0.004687841527606373
2026-09-22 13:30:00+00:00,10,117.05,117.09430980332661,0.5906624312915802,,0.00034167592371314726,1.0,0.00037848285865038633,-0.0018345389980822802,0.002602685708552599,0.52,0.48,0.52,0.52,-0.004687841527606373
2026-09-22 13:30:00+00:00,15,117.05,117.14465232460292,0.6590118501770417,,0.002218809580709191,1.0,0.0008083218708634377,-0.00179130001924932,0.0034077900927513838,0.52,0.48,0.52,0.52,-0.004687841527606373
2026-09-22 19:30:00+00:00,5,118.6,118.56501632022793,0.4067942382411659,,-0.0018566973010463172,0.0,-0.00029501551762223244,-0.002015156438574195,0.001352374441921711,0.48,0.52,0.52,0.52,0.007022916710168303
2026-09-22 19:30:00+00:00,10,118.6,118.53659780559603,0.37964445731117324,,-0.002363668161081023,0.0,-0.0005347314290702343,-0.002979691606014967,0.0017984360456466675,0.48,0.52,0.52,0.52,0.007022916710168303
2026-09-22 19:30:00+00:00,15,118.6,118.53056747750482,0.3915903624831154,,-0.002363668161081023,0.0,-0.0005856058560311794,-0.0035683652386069298,0.0022244518622756004,0.48,0.52,0.52,0.52,0.007022916710168303
2026-09-23 01:15:00+00:00,5,119.09,119.10990917171242,0.552274041142867,,-8.397363232948152e-05,0.0,0.00016716355457901955,-0.0014513290952891111,0.001739533618092537,0.48,0.52,0.52,0.52,0.002943280937375725
2026-09-23 01:15:00+00:00,10,119.09,119.12770013743784,0.5741823055276195,,-0.0011762730309383684,0.0,0.0003165183588862419,-0.0019293467048555613,0.0025146561674773693,0.48,0.52,0.52,0.52,0.002943280937375725
2026-09-23 01:15:00+00:00,15,119.09,119.18139541309732,0.6432550035322904,,-0.001428511650007458,0.0,0.0007671539206057787,-0.0020188617054373026,0.0034853732213377953,0.48,0.52,0.52,0.52,0.002943280937375725
2026-09-23 07:15:00+00:00,5,118.83,118.85623644363552,0.5714632242703861,,0.0015136228924141903,1.0,0.0002207653596997261,-0.001367858611047268,0.0019308312330394983,0.48,0.52,0.52,0.52,0.000673457387184051
2026-09-23 07:15:00+00:00,10,118.83,118.85351952358128,0.5440721003370476,,-0.0005050505157857543,0.0,0.00019790622172877192,-0.002183459233492613,0.00269658537581563,0.48,0.52,0.52,0.52,0.000673457387184051
2026-09-23 07:15:00+00:00,15,118.83,118.85649703716612,0.5379967121780946,,-0.0004208577142206238,0.0,0.00022295786766335368,-0.002884190995246172,0.0034911036491394043,0.48,0.52,0.52,0.52,0.000673457387184051
2026-09-23 13:00:00+00:00,5,116.89,116.8601172555954,0.42432718129014435,,-0.002484047703287473,0.0,-0.0002556811086833477,-0.002062208019196987,0.0014430535957217216,0.48,0.52,0.52,0.52,-0.0018803424343669661
2026-09-23 13:00:00+00:00,10,116.89,116.81038914167782,0.3591040026368566,,-0.006523068362012552,0.0,-0.0006813070503994823,-0.0032975459471344948,0.0017300087492913008,0.48,0.52,0.52,0.52,-0.0018803424343669661
2026-09-23 13:00:00+00:00,15,116.89,116.75318017946579,0.3052387172582546,,-0.004716383137063573,0.0,-0.0011711862171068788,-0.004416815936565399,0.0018309594597667456,0.52,0.48,0.52,0.52,-0.0018803424343669661
2026-09-23 18:45:00+00:00,5,114.27,114.29692730475941,0.5672804056075537,,0.0018360660895737624,1.0,0.00023561855778098106,-0.0017132875509560108,0.002182764932513237,0.48,0.52,0.52,0.52,-0.003407158321614645
2026-09-23 18:45:00+00:00,10,114.27,114.34615208501376,0.6309524798315539,,0.0027091998218091717,1.0,0.00066620041616261,-0.002191307954490185,0.003376117441803217,0.48,0.52,0.52,0.52,-0.003407158321614645
2026-09-23 18:45:00+00:00,15,114.27,114.3499273562234,0.6173764622281501,,0.0007872982954886254,1.0,0.0006992160342633724,-0.0028114235028624535,0.0038573332130908966,0.48,0.52,0.52,0.52,-0.003407158321614645
2026-09-24 00:45:00+00:00,5,115.03,115.02397310242834,0.47931835309254667,,-0.0006087221371497975,0.0,-5.239550955593586e-05,-0.0013998503563925624,0.001358312787488103,0.52,0.48,0.52,0.48,0.0017401901198210723
2026-09-24 00:45:00+00:00,10,115.03,115.05223211265393,0.5512531746948186,,0.00034767492744780526,1.0,0.00019325362518429756,-0.0018696965416893363,0.0023130630142986774,0.52,0.48,0.52,0.48,0.0017401901198210723
2026-09-24 00:45:00+00:00,15,115.03,115.05892298698413,0.5524503055838639,,0.0015635861420433272,1.0,0.0002514070365577936,-0.0023469228763133287,0.0028612203896045685,0.52,0.48,0.52,0.48,0.0017401901198210723
2026-09-24 06:30:00+00:00,5,115.12,115.10870725288454,0.46807977945712975,,-0.0009559814746218365,0.0,-9.810025221668184e-05,-0.0016733165830373764,0.0015192737337201834,0.48,0.52,0.52,0.48,-0.002515942853201558
2026-09-24 06:30:00+00:00,10,115.12,115.08098339016775,0.4227638012442839,,-0.002348133444004752,0.0,-0.000338978657964617,-0.0026616426184773445,0.001990560907870531,0.48,0.52,0.52,0.48,-0.002515942853201558
2026-09-24 06:30:00+00:00,15,115.12,115.05649589952436,0.40205151029443864,,-0.0013038378134631046,0.0,-0.0005517861573025584,-0.0035171692725270987,0.0024164814967662096,0.52,0.48,0.52,0.48,-0.002515942853201558
2026-09-24 12:30:00+00:00,5,113.51,113.46323076663423,0.35772907110271646,,-0.0029998257893977254,0.0,-0.00041211233474314213,-0.0019459957256913185,0.0011094585061073303,0.52,0.48,0.52,0.48,0.0017635133747724296
2026-09-24 12:30:00+00:00,10,113.51,113.41333949021723,0.3128003863151835,,-0.0014987880257750774,0.0,-0.0008519222028553486,-0.0032954071648418903,0.0016226200386881828,0.52,0.48,0.52,0.48,0.0017635133747724296
2026-09-24 12:30:00+00:00,15,113.51,113.36828669406015,0.29601271875971147,,-0.0006168759834306314,0.0,-0.0012492453679442406,-0.00449083186686039,0.0019947306718677282,0.52,0.48,0.52,0.48,0.0017635133747724296
2026-09-24 18:15:00+00:00,5,116.98,117.01664562443266,0.562711256017073,,0.0017935692556312333,1.0,0.0003132149577140808,-0.0023706331849098206,0.002996171358972788,0.52,0.48,0.52,0.48,-0.0014521849389250718
2026-09-24 18:15:00+00:00,10,116.98,117.04168185443599,0.5746506146926141,,0.002134837068856754,1.0,0.0005271465051919222,-0.00329295895062387,0.004252937622368336,0.48,0.52,0.52,0.48,-0.0014521849389250718
2026-09-24 18:15:00+00:00,15,116.98,117.07154190150484,0.5872255025740442,,0.0032431538198460785,1.0,0.0007822371553629637,-0.004068287089467049,0.005467560607939959,0.48,0.52,0.52,0.48,-0.0014521849389250718
2026-09-25 00:00:00+00:00,5,117.08,117.11396982110973,0.632110658863184,,0.002559073306502846,1.0,0.0002900998806580901,-0.0008365269750356674,0.0014269583625718951,0.48,0.52,0.52,0.52,0.003850931120727097
2026-09-25 00:00:00+00:00,10,117.08,117.14357760965271,0.6609532502846649,,0.0028146208184347543,1.0,0.000542879686690867,-0.0012091273674741387,0.0023068140726536512,0.52,0.48,0.52,0.52,0.003850931120727097
2026-09-25 00:00:00+00:00,15,117.08,117.17042673462734,0.6724942006710254,,0.004006313162393305,1.0,0.0007720518624410033,-0.0015174011932685971,0.0031382902525365353,0.48,0.52,0.52,0.52,0.003850931120727097
2026-09-25 06:00:00+00:00,5,116.44,116.40735406467138,0.40714119390510384,,0.00017174753155124733,1.0,-0.00028040632605552673,-0.0018860839772969484,0.0012419272679835558,0.52,0.48,0.52,0.52,-0.00017174753155124733
2026-09-25 06:00:00+00:00,10,116.44,116.38629044270043,0.3953691630279803,,-0.0017190996153946259,0.0,-0.00046137021854519844,-0.0028996800538152456,0.0019069709815084934,0.52,0.48,0.52,0.52,-0.00017174753155124733
2026-09-25 06:00:00+00:00,15,116.44,116.38193910694481,0.41181926594439244,,-0.0018911722304633116,0.0,-0.0004987579304724932,-0.003644465934485197,0.0025065636727958918,0.52,0.48,0.52,0.52,-0.00017174753155124733
2026-09-25 11:45:00+00:00,5,120.82,120.76752881497585,0.4417769539003108,,0.0008273352006629153,1.0,-0.0004343865439295769,-0.004702934063971043,0.0041144657880067825,0.52,0.48,0.52,0.52,0.015934930261106928
2026-09-25 11:45:00+00:00,10,120.82,120.83896117343438,0.513274629800617,,-0.0008280202510011492,0.0,0.00015692505985498428,-0.006381993182003498,0.007271049544215202,0.52,0.48,0.52,0.52,0.015934930261106928
2026-09-25 11:45:00+00:00,15,120.82,120.88413081118404,0.5352440916243579,,0.001653986483580283,1.0,0.0005306554958224297,-0.007536878809332848,0.009962333366274834,0.52,0.48,0.52,0.52,0.015934930261106928
2026-09-25 17:45:00+00:00,5,120.97,120.9489523558379,0.4732172813004517,,-0.0007442630072729273,0.0,-0.0001740057487040758,-0.0037785370368510485,0.0031905765645205975,0.48,0.52,0.52,0.52,-0.005358848720206311
2026-09-25 17:45:00+00:00,10,120.97,120.93306213523435,0.46629722673380203,,-0.0009097300383444917,0.0,-0.0003053939435631037,-0.005558399483561516,0.004502547904849052,0.48,0.52,0.52,0.52,-0.005358848720206311
2026-09-25 17:45:00+00:00,15,120.97,120.9438539262879,0.48092809649501767,,0.0014868662907776553,1.0,-0.00021616020239889622,-0.006722581572830677,0.005743796471506357,0.48,0.52,0.52,0.52,-0.005358848720206311
2026-09-25 23:30:00+00:00,5,122.1,122.10675425872462,0.5211634461551617,,-0.0003276540003094297,0.0,5.5315904319286346e-05,-0.0013154859188944101,0.00144942756742239,0.48,0.52,0.52,0.52,0.0019675362963100795
2026-09-25 23:30:00+00:00,10,122.1,122.11137391150316,0.5232337510438893,,-0.0007373725294161915,0.0,9.314808994531631e-05,-0.0020803548395633698,0.0023029164876788855,0.48,0.52,0.52,0.52,0.0019675362963100795
2026-09-25 23:30:00+00:00,15,122.1,122.1212583003154,0.5328079559116478,,,,0.00017409049905836582,-0.0027102427557110786,0.0031234421767294407,0.52,0.48,0.52,0.52,0.0019675362963100795
