group,K,lookback_h,delay_s,price_estimator,n_events,n_filled,n_discarded_no_trade_10s,n_wallets,n_slots,mean_price,mean_wait_s,win_rate,pnl_gross_per_share,mean_fee_per_share,pnl_per_share,pnl_lo,pnl_hi,pnl_se,pnl_bonf_lo,pnl_bonf_hi,roi,roi_lo,roi_hi,pnl_per_share_size_weighted,pnl_sw_lo,pnl_sw_hi,leader_own_pnl_per_share_same_events,leader_own_lo,leader_own_hi,leader_own_pnl_per_share_all_events,leader_price_mean,leader_taker_share
hors_echantillon,5,1,0,first,17282,16054,1228,80,166,0.5322654834894543,1.3742369502927618,0.5281549769527843,-0.00411050653666999,0.012595018587509417,-0.01670552512417941,-0.03226667351902544,-0.0016521812469139062,0.007837252060741064,-0.04498183306777843,0.01157078281941961,-0.030660187443390205,-0.05920364032404579,-0.00309203357868563,-0.013515177136006036,-0.047945109390237974,0.017398038724162353,-0.00562905691559694,-0.021154162586547093,0.009288544814299823,-0.00608038905728272,0.526865436783236,0.672456874005958
hors_echantillon,5,1,0,vwap,17282,16054,1228,80,166,0.5347111481296917,1.3742369502927618,0.5281549769527843,-0.0065561711769073616,0.012575907059528265,-0.019132078236435625,-0.033878044058277657,-0.004635853031880297,0.007463855611938516,-0.04606119549514186,0.007797039022270608,-0.034958031722166105,-0.06184546186713182,-0.008491924899842821,-0.016465459843653142,-0.049969810055555716,0.014425416773040232,-0.00562905691559694,-0.021154162586547093,0.009288544814299823,-0.00608038905728272,0.526865436783236,0.672456874005958
hors_echantillon,5,1,0,best,17282,16054,1228,80,166,0.5316665913134296,1.3742369502927618,0.5281549769527843,-0.0035116143606453124,0.012594318323681403,-0.01610593268432672,-0.030823627729378616,-0.001576832065650826,0.0074569846162593914,-0.04301025982677839,0.010798394458124954,-0.02959230104375021,-0.05674597367887192,-0.002943785685852766,-0.012828815120139973,-0.04638991723654979,0.017806507952495033,-0.00562905691559694,-0.021154162586547093,0.009288544814299823,-0.00608038905728272,0.526865436783236,0.672456874005958
hors_echantillon,5,1,1,first,17282,15979,1303,80,166,0.5328010061817825,1.3677326491019464,0.5283810000625822,-0.004420006119200202,0.012544801078449614,-0.016964807197649815,-0.03175926977166237,-0.0014937604529050585,0.007635013928215028,-0.04451145279672755,0.010581838401427918,-0.031108348082622053,-0.058477415320212583,-0.0027425258360680967,-0.015208095124951046,-0.04953485123734411,0.018408198181880463,-0.005303257318666218,-0.02102286975892933,0.00980318123318309,-0.00608038905728272,0.5267768706635289,0.6737355335862173
hors_echantillon,5,1,1,vwap,17282,15979,1303,80,166,0.535371469802155,1.3677326491019464,0.5283810000625822,-0.006990469739572779,0.01250979742864197,-0.019500267168214756,-0.035095688599915034,-0.005842148957211047,0.007528111504729292,-0.0466612156092871,0.00766068127285759,-0.035592140732930364,-0.06375445973327072,-0.010631316783401635,-0.01781391250887463,-0.051531875216878166,0.013750636440788123,-0.005303257318666218,-0.02102286975892933,0.00980318123318309,-0.00608038905728272,0.5267768706635289,0.6737355335862173
hors_echantillon,5,1,1,best,17282,15979,1303,80,166,0.5321944135833282,1.3677326491019464,0.5283810000625822,-0.0038134135207459736,0.012545962652674799,-0.016359376173420776,-0.03180940562524104,-0.0026148366335131375,0.007526056345831795,-0.043512909731647925,0.010794157384806376,-0.030031510214938155,-0.05825534353043576,-0.0048102068936552575,-0.014436522904002075,-0.048280297926590776,0.01731291589477883,-0.005303257318666218,-0.02102286975892933,0.00980318123318309,-0.00608038905728272,0.5267768706635289,0.6737355335862173
hors_echantillon,5,1,2,first,17282,15990,1292,80,166,0.5331297027951533,1.331957473420888,0.5282051282051282,-0.0049245745900250186,0.012495949155101646,-0.01742052374512666,-0.03272448065533877,-0.0029822927616325644,0.007572340452156691,-0.04474104742096058,0.00989999993070726,-0.03192761132629979,-0.05988330293106296,-0.005413681406910548,-0.014941983456883398,-0.048486779419912376,0.015345431208359185,-0.0053127642586119905,-0.02099864487446186,0.009619999547469935,-0.00608038905728272,0.5266076304293701,0.6711030510654111
hors_echantillon,5,1,2,vwap,17282,15990,1292,80,166,0.5353859262373648,1.331957473420888,0.5282051282051282,-0.007180798032236753,0.01246156571142935,-0.019642363743666104,-0.03476213019637737,-0.004928997190588655,0.007685495703733568,-0.04737114438434245,0.008086416897010243,-0.03585370752322805,-0.06351272309486382,-0.009120031756289672,-0.017418037287911393,-0.0502492296548026,0.01393414763967582,-0.0053127642586119905,-0.02099864487446186,0.009619999547469935,-0.00608038905728272,0.5266076304293701,0.6711030510654111
hors_echantillon,5,1,2,best,17282,15990,1292,80,166,0.5325298009992182,1.331957473420888,0.5282051282051282,-0.00432467279409005,0.012497209060536632,-0.01682188185462668,-0.03188764561624138,-0.002166804141494816,0.0076939640098687735,-0.044581215606289366,0.010937451897036009,-0.03086430863817627,-0.05879358599979587,-0.004000771302968308,-0.014229066774754603,-0.046791323120606285,0.016789747934600335,-0.0053127642586119905,-0.02099864487446186,0.009619999547469935,-0.00608038905728272,0.5266076304293701,0.6711030510654111
hors_echantillon,5,1,3,first,17282,15926,1356,80,166,0.533155983174551,0.9733768680145674,0.5286324249654653,-0.004523558209085773,0.012453047405161573,-0.016976605614247346,-0.032768742068426095,-0.0021196831288491256,0.007673916803974522,-0.04466361031959619,0.010710399091101497,-0.031114964494281933,-0.059369428374540886,-0.0038900575146918986,-0.014390694926209799,-0.045460418953224745,0.01694850404062374,-0.004810943283819255,-0.020367116948877762,0.010091438347113426,-0.00608038905728272,0.5265381978511918,0.6720163037242771
hors_echantillon,5,1,3,vwap,17282,15926,1356,80,166,0.5352430314810727,0.9733768680145674,0.5286324249654653,-0.006610606515607413,0.012414483555038118,-0.019025090070645536,-0.034050871170382906,-0.004442509279747886,0.007566961598689469,-0.04632620718460753,0.00827602704331646,-0.0347390285868552,-0.062353506802075506,-0.008079623243363556,-0.016004097253943795,-0.04923033383743381,0.014875920469292826,-0.004810943283819255,-0.020367116948877762,0.010091438347113426,-0.00608038905728272,0.5265381978511918,0.6720163037242771
hors_echantillon,5,1,3,best,17282,15926,1356,80,166,0.5325765107879317,0.9733768680145674,0.5286324249654653,-0.0039440858224664005,0.012454015273354487,-0.016398101095820888,-0.031382375771732786,-0.0018817084466575642,0.007577359695919887,-0.04373673388454184,0.01094053169290007,-0.03008657370867517,-0.057875775949081186,-0.0034361635390040574,-0.013786905872461366,-0.047200141216604874,0.017358002121128476,-0.004810943283819255,-0.020367116948877762,0.010091438347113426,-0.00608038905728272,0.5265381978511918,0.6720163037242771
hors_echantillon,5,1,5,first,17282,15783,1499,80,166,0.5321760462583349,1.4361021352087688,0.5281632135842362,-0.004012832674098716,0.01232775185645525,-0.016340584530553967,-0.03181673881385868,-0.0023319993987284105,0.007591239801691976,-0.04372929585982198,0.011048126798714048,-0.030010046921856562,-0.05840930441852424,-0.004303510636899568,-0.011935351131704056,-0.04288918781842332,0.018596958048038355,-0.004559955148759892,-0.01969553865608606,0.010385113672702282,-0.00608038905728272,0.5258039900089695,0.6725516988118353
hors_echantillon,5,1,5,vwap,17282,15783,1499,80,166,0.5342467777680157,1.4361021352087688,0.5281632135842362,-0.006083564183779486,0.012300103705387398,-0.01838366788916688,-0.03424537675056965,-0.004326856170014808,0.00750968416512704,-0.045478131658681364,0.008710795880347604,-0.03363603107496917,-0.06271479210385364,-0.007862236645452995,-0.013487518871122425,-0.045413152610175776,0.016356209136411087,-0.004559955148759892,-0.01969553865608606,0.010385113672702282,-0.00608038905728272,0.5258039900089695,0.6725516988118353
hors_echantillon,5,1,5,best,17282,15783,1499,80,166,0.5316043545451499,1.4361021352087688,0.5281632135842362,-0.003441140960913633,0.012329105231905528,-0.01577024619281916,-0.03170796887822923,-0.0018083188034701246,0.00751103528164687,-0.04286958470497128,0.011329092319332958,-0.028992969469616724,-0.05830750473056934,-0.003268410978172957,-0.011331645947746277,-0.042968713558327175,0.018407354327308053,-0.004559955148759892,-0.01969553865608606,0.010385113672702282,-0.00608038905728272,0.5258039900089695,0.6725516988118353
hors_echantillon,5,1,10,first,17282,15399,1883,79,166,0.5310491185637833,1.5225664004156114,0.5273719072667056,-0.0036772112970777336,0.012137004291597262,-0.015814215588674994,-0.03090257188156366,-0.0009114789603421353,0.007518672514370845,-0.04294110875170045,0.011312677574350463,-0.02911380634237119,-0.057243887818458586,-0.0016743610949369963,-0.011773632535876564,-0.046285452709790634,0.021492008381994623,-0.0037032019949037394,-0.019194872012298164,0.011755630281534833,-0.00608038905728272,0.5241141839028997,0.6690707220782208
hors_echantillon,5,1,10,vwap,17282,15399,1883,79,166,0.5330550969655438,1.5225664004156114,0.5273719072667056,-0.005683189698838145,0.012103140847937349,-0.0177863305467755,-0.03214104816867343,-0.0021785719085299447,0.007591620164176527,-0.04517641419974319,0.009603753106192197,-0.03262599611098762,-0.05869502383969922,-0.003915915666657906,-0.013984034144714403,-0.04996945933950168,0.017715504808879883,-0.0037032019949037394,-0.019194872012298164,0.011755630281534833,-0.00608038905728272,0.5241141839028997,0.6690707220782208
hors_echantillon,5,1,10,best,17282,15399,1883,79,166,0.5305207819043509,1.5225664004156114,0.5273719072667056,-0.0031488746376452936,0.012138019991423356,-0.015286894629068645,-0.029593192504185517,0.0005525534960453923,0.007591696554730222,-0.04267725389430497,0.01210346463616768,-0.02817036151567799,-0.05456833301620959,0.001017553676056367,-0.011247001674692805,-0.04752836207715391,0.020796735575538027,-0.0037032019949037394,-0.019194872012298164,0.011755630281534833,-0.00608038905728272,0.5241141839028997,0.6690707220782208
hors_echantillon,5,1,20,first,17282,14989,2293,80,166,0.5274145302138168,1.5434652078190674,0.522716658883181,-0.004697871330635799,0.011769015768661023,-0.01646688709929682,-0.03135892578288003,-0.001544714065119553,0.007617508350266815,-0.04395037368435306,0.011016599485759417,-0.030540411001028493,-0.05841262705614506,-0.002876236130802217,-0.01392740564507785,-0.04783898839948076,0.018836382398134933,-0.005199174938394633,-0.021261653663289703,0.010821863975814229,-0.00608038905728272,0.5208584048382702,0.6681729286474319
hors_echantillon,5,1,20,vwap,17282,14989,2293,80,166,0.5294576712015707,1.5434652078190674,0.522716658883181,-0.006741012318389731,0.011749312757898164,-0.018490325076287895,-0.033735497212332585,-0.003264739108673232,0.007891053702792986,-0.046960745929200125,0.009980095776624336,-0.03416497869449637,-0.06289401602493638,-0.006088769167868497,-0.015113069147322898,-0.05040181472112956,0.018579027662809545,-0.005199174938394633,-0.021261653663289703,0.010821863975814229,-0.00608038905728272,0.5208584048382702,0.6681729286474319
hors_echantillon,5,1,20,best,17282,14989,2293,80,166,0.5268676089530923,1.5434652078190674,0.522716658883181,-0.00415095006991126,0.011767898987713592,-0.015918849057624848,-0.03138441568546967,-0.0007901487739536237,0.007875603168270457,-0.044333525362745804,0.012495827247496111,-0.029554028323313337,-0.058335003128850205,-0.0014557404529253145,-0.01326787028798898,-0.048162589017460664,0.020594036380749053,-0.005199174938394633,-0.021261653663289703,0.010821863975814229,-0.00608038905728272,0.5208584048382702,0.6681729286474319
hors_echantillon,5,1,30,first,17282,14470,2812,80,166,0.5247594677038839,1.1890117484450586,0.5201105736005529,-0.004648894103331031,0.011518945798039203,-0.016167839901370232,-0.03185649986595461,-0.0013576411514227013,0.007737464744933329,-0.04408412154381468,0.01174844174107421,-0.03014822057780301,-0.05975242679963089,-0.0024938395797900214,-0.009830559460713113,-0.04786453842663967,0.024275997382754943,-0.0071887842938163134,-0.024036352275141764,0.010063433883178608,-0.00608038905728272,0.5201511290448577,0.666417971256332
hors_echantillon,5,1,30,vwap,17282,14470,2812,80,166,0.5267092524077314,1.1890117484450586,0.5201105736005529,-0.00659867880717845,0.011494912971212844,-0.018093591778391285,-0.03293180719014067,-0.0026465414327293967,0.007933725046319971,-0.04671796813006568,0.010530784573283106,-0.03361845363209288,-0.061346441798075205,-0.004873992654259048,-0.011565499955810911,-0.052790676380292924,0.022225457584437596,-0.0071887842938163134,-0.024036352275141764,0.010063433883178608,-0.00608038905728272,0.5201511290448577,0.666417971256332
hors_echantillon,5,1,30,best,17282,14470,2812,80,166,0.5242760585618106,1.1890117484450586,0.5201105736005529,-0.0041654849612577675,0.011519442144209002,-0.015684927105466772,-0.030572520783911095,-0.00030681610442879174,0.007942861570233486,-0.044342267455454644,0.0129724132445211,-0.029274092605851836,-0.05717381249759892,-0.0005753408220445543,-0.009350577929271386,-0.05044393715317901,0.02450500402690391,-0.0071887842938163134,-0.024036352275141764,0.010063433883178608,-0.00608038905728272,0.5201511290448577,0.666417971256332
hors_echantillon,5,1,60,first,17282,12781,4501,78,166,0.5297422628862687,1.2304201549174556,0.5249980439715203,-0.004744218914748456,0.01079639371506574,-0.015540612629814193,-0.031760612611492885,0.00021026480453584172,0.008219433836198446,-0.04519580815920339,0.014114582899575002,-0.028750233567986824,-0.05931942306820787,0.0003868085941687411,-0.006336617284288089,-0.04576591186103523,0.03147463524837569,-0.011078435868219284,-0.03075923970044825,0.00857667665562242,-0.00608038905728272,0.5287121246978712,0.6647571735555095
hors_echantillon,5,1,60,vwap,17282,12781,4501,78,166,0.5317841718887691,1.2304201549174556,0.5249980439715203,-0.006786127917249004,0.010758854016505925,-0.017544981933754925,-0.03401603323096221,-0.001164042228330423,0.008349698889014164,-0.04767016550476366,0.012580201637253815,-0.032338415749570755,-0.06296625219523107,-0.0021811645585164017,-0.008015971958005345,-0.04908654291026988,0.028873389108557204,-0.011078435868219284,-0.03075923970044825,0.00857667665562242,-0.00608038905728272,0.5287121246978712,0.6647571735555095
hors_echantillon,5,1,60,best,17282,12781,4501,78,166,0.5293058960964478,1.2304201549174556,0.5249980439715203,-0.0043078521249276195,0.010796871114831998,-0.015104723239759617,-0.03166322526231098,0.0013087849953923683,0.00835440672053601,-0.04524689236805637,0.015037445888537134,-0.027966387429840523,-0.059023266432311663,0.002465313738576165,-0.005850864073989438,-0.04711499392082943,0.03087404642737073,-0.011078435868219284,-0.03075923970044825,0.00857667665562242,-0.00608038905728272,0.5287121246978712,0.6647571735555095
hors_echantillon,10,1,0,first,40014,37429,2585,143,167,0.5158810124976463,1.2903363701942345,0.5147879986107029,-0.0010930138869432809,0.012447284117678443,-0.013540298004621726,-0.021213132399458438,-0.00559975337681931,0.004027636469831555,-0.028071754722253234,0.000991158713009782,-0.0256285686217568,-0.04034147346555247,-0.010622962702725206,-0.009246663001471946,-0.029270123718074696,0.00827789887282242,-0.00024874318986827686,-0.008135687849075575,0.007692901430802739,-0.0006519257525612658,0.5096439577475516,0.5560931667009852
hors_echantillon,10,1,0,vwap,40014,37429,2585,143,167,0.5180704801546668,1.2903363701942345,0.5147879986107029,-0.0032824815439638916,0.012426573746614022,-0.015709055290577915,-0.02357537371764925,-0.007946492718146517,0.0040070944900229555,-0.030166397849019776,-0.0012517127321360552,-0.029611955759326767,-0.044523086956628835,-0.014879469888145829,-0.011463719216161928,-0.032185063091663656,0.006671781310465588,-0.00024874318986827686,-0.008135687849075575,0.007692901430802739,-0.0006519257525612658,0.5096439577475516,0.5560931667009852
hors_echantillon,10,1,0,best,40014,37429,2585,143,167,0.515294472895434,1.2903363701942345,0.5147879986107029,-0.0005064742847310835,0.012445689275790248,-0.012952163560521333,-0.02084646384027354,-0.0051567822348141295,0.004013930887231633,-0.027434171406132617,0.0015298442850899506,-0.02454269068178107,-0.03961932503738562,-0.009646217535346509,-0.00861557711961421,-0.02922725727641133,0.00926724559778489,-0.00024874318986827686,-0.008135687849075575,0.007692901430802739,-0.0006519257525612658,0.5096439577475516,0.5560931667009852
hors_echantillon,10,1,1,first,40014,37294,2720,143,167,0.5163296170789349,1.2997801254893548,0.514801308521478,-0.0015283085574569657,0.012398237744359676,-0.01392654630181664,-0.02196561615419554,-0.006466711174619319,0.003987677085081567,-0.02831383209580421,0.0004607394921709255,-0.026339725011217754,-0.04153558264221147,-0.012227110367540756,-0.009976085473235271,-0.03011055845840345,0.007971082826673859,2.408636009035388e-05,-0.007736433710442445,0.007997304773719722,-0.0006519257525612658,0.5093925859168557,0.5559062167409536
hors_echantillon,10,1,1,vwap,40014,37294,2720,143,167,0.518510508346761,1.2997801254893548,0.514801308521478,-0.0037091998252829603,0.012363569026719165,-0.016072768852002123,-0.023608373246531894,-0.008047186380764532,0.003977055358867738,-0.030421732132054055,-0.0017238055719501905,-0.030276047629831097,-0.04440693780043376,-0.0151130184536267,-0.012093877524180452,-0.03268979473074873,0.0058915741993659345,2.408636009035388e-05,-0.007736433710442445,0.007997304773719722,-0.0006519257525612658,0.5093925859168557,0.5559062167409536
hors_echantillon,10,1,1,best,40014,37294,2720,143,167,0.515776770823725,1.2997801254893548,0.514801308521478,-0.0009754623022470028,0.012397808764736918,-0.013373271066983926,-0.020788950358508782,-0.005330604306232616,0.003983483625165166,-0.027745427123784746,0.0009988849898168936,-0.025319793083196065,-0.03955468576643535,-0.009973615934106986,-0.009299494932300353,-0.030006313492646593,0.008753631632139651,2.408636009035388e-05,-0.007736433710442445,0.007997304773719722,-0.0006519257525612658,0.5093925859168557,0.5559062167409536
hors_echantillon,10,1,2,first,40014,37297,2717,143,167,0.5161948555270316,1.267286913156554,0.5144113467571119,-0.0017835087699198326,0.012342915171925227,-0.014126423941845063,-0.02244392923619872,-0.00636703405111352,0.004088715414042599,-0.028878249613032734,0.0006254017293426083,-0.026727368837167087,-0.04230505802985195,-0.011946988268543448,-0.009546377789422786,-0.029683143481668967,0.009140585715525187,4.5440842403607976e-05,-0.007861014047534717,0.008044889168721222,-0.0006519257525612658,0.5089838701016213,0.5541556653580284
hors_echantillon,10,1,2,vwap,40014,37297,2717,143,167,0.5181084770684847,1.267286913156554,0.5144113467571119,-0.003697130311372918,0.01230999640750424,-0.01600712671887716,-0.02422586971434888,-0.008317173280638458,0.0040443267436701515,-0.03059880088505638,-0.001415452552697937,-0.0301782979276301,-0.045841476511052956,-0.015602933732094237,-0.011694796167354932,-0.03207657213317242,0.007275994979563747,4.5440842403607976e-05,-0.007861014047534717,0.008044889168721222,-0.0006519257525612658,0.5089838701016213,0.5541556653580284
hors_echantillon,10,1,2,best,40014,37297,2717,143,167,0.5156559749366276,1.267286913156554,0.5144113467571119,-0.00124462817951577,0.012342508166332087,-0.01358713634584786,-0.02186237639923856,-0.005817682669492291,0.0040709349720645955,-0.028274811311042314,0.0011005386193465947,-0.02573328670567103,-0.04162645621987259,-0.010924191263856901,-0.008905576740054329,-0.029113785715007764,0.010354253391103756,4.5440842403607976e-05,-0.007861014047534717,0.008044889168721222,-0.0006519257525612658,0.5089838701016213,0.5541556653580284
hors_echantillon,10,1,3,first,40014,37150,2864,143,167,0.5162583409640673,0.905114401076716,0.5147510094212652,-0.0015073315428021537,0.012297144972475636,-0.01380447651527779,-0.02196249474369657,-0.005967657415182276,0.004143041612334773,-0.028752307661395825,0.0011433546308402456,-0.026117364936280547,-0.04151008932203304,-0.011290639068075878,-0.00910253054160859,-0.028150419644195387,0.009814290614205369,0.00037986095089388017,-0.007443153265994794,0.008454757168863613,-0.0006519257525612658,0.508998082063744,0.5532572928579904
hors_echantillon,10,1,3,vwap,40014,37150,2864,143,167,0.5181815519118365,0.905114401076716,0.5147510094212652,-0.003430542490571238,0.012263333798113157,-0.015693876288684402,-0.023908755188113077,-0.008036152769526338,0.004053688405513555,-0.03031932673653688,-0.001068425840831921,-0.029586252429749896,-0.04513905249652443,-0.015075483117608094,-0.010725053412226055,-0.02926435142278518,0.007788442000616911,0.00037986095089388017,-0.007443153265994794,0.008454757168863613,-0.0006519257525612658,0.508998082063744,0.5532572928579904
hors_echantillon,10,1,3,best,40014,37150,2864,143,167,0.5157383544228747,0.905114401076716,0.5147510094212652,-0.0009873450016096822,0.012296225759998261,-0.013283570761607945,-0.021570055028678203,-0.005528586582285641,0.004060634211765185,-0.027934081237511774,0.0013669397142958856,-0.025156630380168427,-0.04099717311924828,-0.010557211435778193,-0.00854119858469208,-0.027259746579791286,0.009949453891375309,0.00037986095089388017,-0.007443153265994794,0.008454757168863613,-0.0006519257525612658,0.508998082063744,0.5532572928579904
hors_echantillon,10,1,5,first,40014,36815,3199,142,167,0.5154865314582019,1.3641993752546517,0.5140567703381774,-0.0014297611200244477,0.012166500439836513,-0.013596261559860963,-0.02186306372327557,-0.0057761465768968985,0.004085056981104815,-0.0283348878372384,0.0011423647175164715,-0.025767428097500735,-0.04142771112120353,-0.010860661087128262,-0.007648208924241707,-0.027767286290945447,0.01062691641120916,0.00046037899559256624,-0.007480202737129667,0.008283333720058237,-0.0006519257525612658,0.5082131513496871,0.5535667233905628
hors_echantillon,10,1,5,vwap,40014,36815,3199,142,167,0.517286474311928,1.3641993752546517,0.5140567703381774,-0.003229703973750491,0.012142294814030006,-0.015371998787780502,-0.0234663505416908,-0.007800853252617181,0.003935158865600498,-0.029569802179621643,-0.0011741953959393606,-0.029035065119635203,-0.04448053031905982,-0.0147818822222101,-0.00911378382336834,-0.027664997035976364,0.009242208305676066,0.00046037899559256624,-0.007480202737129667,0.008283333720058237,-0.0006519257525612658,0.5082131513496871,0.5535667233905628
hors_echantillon,10,1,5,best,40014,36815,3199,142,167,0.5149663701074019,1.3641993752546517,0.5140567703381774,-0.000909599769224493,0.012165950896980493,-0.013075550666204987,-0.02112991529896282,-0.005504409168892319,0.003932633447744699,-0.027264242510730386,0.001113141178320412,-0.02480506344458488,-0.04026537529878481,-0.010436690325696253,-0.007124534625098882,-0.025762039247006072,0.011255308710525833,0.00046037899559256624,-0.007480202737129667,0.008283333720058237,-0.0006519257525612658,0.5082131513496871,0.5535667233905628
hors_echantillon,10,1,10,first,40014,35964,4050,140,167,0.5131944276266794,1.4580969858747637,0.5125125125125125,-0.0006819151141669452,0.011941044919731433,-0.012622960033898378,-0.021220386733542144,-0.0049159285185634265,0.004165616832492222,-0.027652241141319076,0.0024063210735223214,-0.024037530682680698,-0.0405979884205051,-0.009319154443066852,-0.007631818370658216,-0.028160050614220902,0.011319159854149094,0.0006126590365399533,-0.007400494725523899,0.008572857496287079,-0.0006519257525612658,0.5064871223738172,0.5511562231611232
hors_echantillon,10,1,10,vwap,40014,35964,4050,140,167,0.5151131882815849,1.4580969858747637,0.5125125125125125,-0.0026006757690723477,0.011918274985545752,-0.014518950754618102,-0.022704514672995686,-0.006825948957779514,0.004095797324408873,-0.029296327508863164,0.00025842599962696243,-0.027548546465543822,-0.043194867636756416,-0.012980722436805928,-0.009657661835024244,-0.029221357753444848,0.008903147650096688,0.0006126590365399533,-0.007400494725523899,0.008572857496287079,-0.0006519257525612658,0.5064871223738172,0.5511562231611232
hors_echantillon,10,1,10,best,40014,35964,4050,140,167,0.5126993912504143,1.4580969858747637,0.5125125125125125,-0.00018687873790178345,0.011939416481135626,-0.012126295219037408,-0.0204044627927817,-0.0045405522579080254,0.004102415508740512,-0.026927549962243218,0.002674959524168399,-0.02311360700034653,-0.038865582990200154,-0.008690857338314057,-0.0071488251320224305,-0.026668197558264013,0.011528052333837273,0.0006126590365399533,-0.007400494725523899,0.008572857496287079,-0.0006519257525612658,0.5064871223738172,0.5511562231611232
hors_echantillon,10,1,20,first,40014,34955,5059,141,167,0.5110219074575797,1.469317694178229,0.5103704763267057,-0.000651431130873982,0.011554779389411348,-0.012206210520285326,-0.020909170976785723,-0.00412091392477877,0.004225592844519656,-0.027451881271955435,0.003039460231384782,-0.023357740265706244,-0.03997164277839819,-0.007778152601573219,-0.006566767865205536,-0.02763818287729622,0.01262245786817497,0.00016459758012120227,-0.008187540927225664,0.008708031068712842,-0.0006519257525612658,0.5047081630617102,0.5516633496690905
hors_echantillon,10,1,20,vwap,40014,34955,5059,141,167,0.5130189113925355,1.469317694178229,0.5103704763267057,-0.0026484350658297056,0.011537373434365448,-0.014185808500195152,-0.022061380603139013,-0.006271733954027788,0.004116317966496103,-0.029037222428485634,0.0006656054280953297,-0.02704344397451333,-0.04230798462074879,-0.011901604559910673,-0.008504262247093925,-0.02941877990107479,0.011453766640716123,0.00016459758012120227,-0.008187540927225664,0.008708031068712842,-0.0006519257525612658,0.5047081630617102,0.5516633496690905
hors_echantillon,10,1,20,best,40014,34955,5059,141,167,0.5105287099090373,1.469317694178229,0.5103704763267057,-0.0001582335823315622,0.011552715996836813,-0.011710949579168368,-0.019693400896444647,-0.0037478010551654432,0.004125914448387153,-0.026596987004958158,0.0031750878466214223,-0.022431270292461492,-0.03792022160955529,-0.007140145599819951,-0.00600896893018394,-0.026920474748424416,0.014098774787566843,0.00016459758012120227,-0.008187540927225664,0.008708031068712842,-0.0006519257525612658,0.5047081630617102,0.5516633496690905
hors_echantillon,10,1,30,first,40014,33600,6414,142,167,0.5105317556392798,1.1087202380952381,0.5087202380952381,-0.0018115175440416675,0.011280426189550097,-0.013091943733591762,-0.02143177965309892,-0.004510468546934143,0.004342878578764817,-0.02876077396937749,0.0025768865021939674,-0.025089379262300007,-0.04131612816112444,-0.0085448997041109,-0.005368987176880673,-0.027022994986834477,0.015494239220026266,-0.002304136032441438,-0.011130738038411303,0.00666986498725275,-0.0006519257525612658,0.5054432535620792,0.5498742408715515
hors_echantillon,10,1,30,vwap,40014,33600,6414,142,167,0.5125088608572165,1.1087202380952381,0.5087202380952381,-0.003788622761978365,0.011260319957337814,-0.015048942719316174,-0.02382534839674952,-0.006652793953441634,0.004416172584442966,-0.030982213075046096,0.0008843276364137505,-0.028732012631809283,-0.045441151785935975,-0.012580342069869185,-0.0069439605325281204,-0.028886858328021632,0.013879738592594499,-0.002304136032441438,-0.011130738038411303,0.00666986498725275,-0.0006519257525612658,0.5054432535620792,0.5498742408715515
hors_echantillon,10,1,30,best,40014,33600,6414,142,167,0.5100598812811399,1.1087202380952381,0.5087202380952381,-0.001339643185901779,0.011278750274272876,-0.012618393460174656,-0.021403479073931846,-0.004240420580695928,0.00439489830300669,-0.028474907558927176,0.0032381206385778665,-0.024203833547741714,-0.04108828848859756,-0.008124896973920825,-0.004910361939629953,-0.026783433068461693,0.015732043265368936,-0.002304136032441438,-0.011130738038411303,0.00666986498725275,-0.0006519257525612658,0.5054432535620792,0.5498742408715515
hors_echantillon,10,1,60,first,40014,29565,10449,135,166,0.5121871634397497,1.1752748181971926,0.5122611195670557,7.395612730593537e-05,0.01050135659255523,-0.01042740046524929,-0.019593746579163428,-0.0011531108149574212,0.0046508515960598735,-0.02720737779798458,0.006352576867485998,-0.019949549426883952,-0.03764202125422243,-0.00220619294442947,-0.0030726481559799463,-0.02632132264279715,0.019190260450799017,-0.004817429653421027,-0.016251989232462304,0.006291001568838444,-0.0006519257525612658,0.5113190844906549,0.5540700884166398
hors_echantillon,10,1,60,vwap,40014,29565,10449,135,166,0.5140534761050499,1.1752748181971926,0.5122611195670557,-0.0017923565379942517,0.010470423426469304,-0.01226277996446355,-0.021043905729950806,-0.0033788744658770197,0.0045415728112272805,-0.02864848637830019,0.0041229264493730915,-0.02337887744565329,-0.0401528675548563,-0.006414190600141139,-0.004953652003390585,-0.02924906717613558,0.018154216174702476,-0.004817429653421027,-0.016251989232462304,0.006291001568838444,-0.0006519257525612658,0.5113190844906549,0.5540700884166398
hors_echantillon,10,1,60,best,40014,29565,10449,135,166,0.5117786306654117,1.1752748181971926,0.5122611195670557,0.0004824889016438438,0.010500093716120535,-0.010017604814476689,-0.01875495437771735,-0.0011681311873260357,0.004533749938463465,-0.02637508679996027,0.006339877171006895,-0.019180572263094293,-0.036018796266149795,-0.0022250498257593157,-0.0026356710668785123,-0.027294130034333987,0.020411315687668432,-0.004817429653421027,-0.016251989232462304,0.006291001568838444,-0.0006519257525612658,0.5113190844906549,0.5540700884166398
hors_echantillon,20,1,0,first,80707,74909,5798,239,168,0.5101662987666636,1.2506908382170367,0.5112336301379007,0.0010673313712371,0.012556978218358331,-0.01148964684712123,-0.01674431895747373,-0.005877001677238043,0.002782466713670918,-0.02152861012516761,-0.0014506835690748527,-0.021980361986922683,-0.03219980922371854,-0.01121909463675543,-0.009699197608633036,-0.022184512551574623,0.002116178996914584,0.0025433921264417635,-0.0028359975618153345,0.008128556774018945,0.002451223469862164,0.5038185811529889,0.504626128888797
hors_echantillon,20,1,0,vwap,80707,74909,5798,239,168,0.5124947057320642,1.2506908382170367,0.5112336301379007,-0.0012610755941634838,0.012535370445341212,-0.013796446039504692,-0.019315033996333993,-0.008665719663443367,0.0027248687060293614,-0.023627599362175407,-0.003965292716833978,-0.02627743945633114,-0.03688820331968758,-0.016468965392626916,-0.011936854941228385,-0.024378952523679404,-0.00016065871485687193,0.0025433921264417635,-0.0028359975618153345,0.008128556774018945,0.002451223469862164,0.5038185811529889,0.504626128888797
hors_echantillon,20,1,0,best,80707,74909,5798,239,168,0.5095388900301913,1.2506908382170367,0.5112336301379007,0.0016947401077093613,0.012554895854156325,-0.010860155746446961,-0.016465786001512914,-0.0057115452586780965,0.0027393603354003123,-0.02074359394799125,-0.0009767175449026735,-0.02080115879573535,-0.031537391417231136,-0.01097074238394351,-0.009048643591395499,-0.021382227930881414,0.002565173833749449,0.0025433921264417635,-0.0028359975618153345,0.008128556774018945,0.002451223469862164,0.5038185811529889,0.504626128888797
hors_echantillon,20,1,1,first,80707,74639,6068,239,168,0.5109294785633717,1.2642184380819679,0.5116226101635875,0.0006931316002157041,0.01250381276894101,-0.011810681168725301,-0.01715415353985468,-0.006529309963622491,0.0027386663794101754,-0.02169161562110798,-0.0019297467163426237,-0.02256387082041185,-0.0327329360054901,-0.012419957689411192,-0.010295519096636199,-0.02286862957277615,0.0012286019631588853,0.0029828533625342745,-0.002504666581641152,0.008557394783026601,0.002451223469862164,0.5037787930877926,0.503708987040883
hors_echantillon,20,1,1,vwap,80707,74639,6068,239,168,0.5133244976942992,1.2642184380819679,0.5116226101635875,-0.0017018875307118631,0.012468348286149981,-0.014170235816861845,-0.019429068733238894,-0.008932905247531741,0.002699548280919904,-0.023910034653022633,-0.004430436980701056,-0.026950225597760877,-0.03713209535793945,-0.017025959533871978,-0.012416717431251825,-0.02532590380217332,-0.0008071295942366991,0.0029828533625342745,-0.002504666581641152,0.008557394783026601,0.002451223469862164,0.5037787930877926,0.503708987040883
hors_echantillon,20,1,1,best,80707,74639,6068,239,168,0.5103509125764627,1.2642184380819679,0.5116226101635875,0.0012716975871247017,0.012502604561110481,-0.01123090697398578,-0.01644826954100475,-0.005920120494192945,0.0027018591013166456,-0.020979043103452208,-0.0014827708445193533,-0.021480025678072865,-0.03175054779026505,-0.011302184482290431,-0.009645491215007265,-0.022636501435505097,0.002072989422135959,0.0029828533625342745,-0.002504666581641152,0.008557394783026601,0.002451223469862164,0.5037787930877926,0.503708987040883
hors_echantillon,20,1,2,first,80707,74583,6124,239,168,0.510913473115399,1.2373329042811365,0.5115642974940671,0.0006508243786680603,0.012451754507856697,-0.011800930129188637,-0.016966002244962218,-0.0064934204718900025,0.0027335895949161097,-0.021663547865379856,-0.0019383123929974152,-0.022548173830309447,-0.032656887583338165,-0.012387868446458703,-0.010003016693720964,-0.02325129458502531,0.0016016129057906075,0.0031481433650108843,-0.002265430744429023,0.008820663122620922,0.002451223469862164,0.5035577965748637,0.5025905532135306
hors_echantillon,20,1,2,vwap,80707,74583,6124,239,168,0.5130572932956203,1.2373329042811365,0.5115642974940671,-0.0014929958015533736,0.012416928176742633,-0.013909923978296003,-0.01934745481520784,-0.008685311146842869,0.002744854514478295,-0.023813184829195227,-0.0040066631273967795,-0.026471182428932125,-0.036888555839722385,-0.016539730552772653,-0.01211443810718227,-0.02506372799425183,-9.8974074899183e-05,0.0031481433650108843,-0.002265430744429023,0.008820663122620922,0.002451223469862164,0.5035577965748637,0.5025905532135306
hors_echantillon,20,1,2,best,80707,74583,6124,239,168,0.5103559748319711,1.2373329042811365,0.5115642974940671,0.0012083226620959269,0.012450371136328617,-0.011242048474232685,-0.016614786561195402,-0.006076039602316781,0.0027364732265166194,-0.021115070170191944,-0.001369026778273429,-0.021503274703774063,-0.03184135440017188,-0.011623817166510798,-0.009380787320405756,-0.022636559511921884,0.0025238206261477447,0.0031481433650108843,-0.002265430744429023,0.008820663122620922,0.002451223469862164,0.5035577965748637,0.5025905532135306
hors_echantillon,20,1,3,first,80707,74301,6406,238,168,0.5110787241468135,0.8779289646168962,0.5117831523128895,0.0007044281660758254,0.01239963919944703,-0.011695211033371206,-0.01715550959306512,-0.006129022470432004,0.002793039926150962,-0.021772321790881267,-0.0016181002758611455,-0.022341345607125463,-0.032887143844562525,-0.011693852313777443,-0.009802831210809429,-0.022270563739959233,0.002226862617126822,0.003517170133294794,-0.0018994688224041384,0.009148185808282,0.002451223469862164,0.5034187113182924,0.5009831658113769
hors_echantillon,20,1,3,vwap,80707,74301,6406,238,168,0.5130187575114685,0.8779289646168962,0.5117831523128895,-0.0012356051985789964,0.01236810515382929,-0.01360371035240829,-0.018996370616942173,-0.008317123526663623,0.0027496793723929625,-0.023524378984392247,-0.0036830417204243345,-0.025892749360721366,-0.036265234788526474,-0.015742887410103535,-0.01132075331510319,-0.023966634684640345,0.0008200872919435688,0.003517170133294794,-0.0018994688224041384,0.009148185808282,0.002451223469862164,0.5034187113182924,0.5009831658113769
hors_echantillon,20,1,3,best,80707,74301,6406,238,168,0.5105480228629655,0.8779289646168962,0.5117831523128895,0.001235129449923965,0.012398108406599228,-0.01116297895667526,-0.016572417245681363,-0.005917806065200418,0.002746128059936696,-0.021070834678746524,-0.0012551232346039963,-0.021346326684881907,-0.03180897576198587,-0.011301960872715568,-0.009250652847089981,-0.02192085032474458,0.002884114778457923,0.003517170133294794,-0.0018994688224041384,0.009148185808282,0.002451223469862164,0.5034187113182924,0.5009831658113769
hors_echantillon,20,1,5,first,80707,73675,7032,234,168,0.5105556240268911,1.3458703766542246,0.5113403461146929,0.0007847220878018317,0.012258890572576701,-0.011474168484774873,-0.01703536006115964,-0.0061615152882063765,0.002797998017182864,-0.021569167719999303,-0.001379169249550444,-0.021946920302251597,-0.03257872507315419,-0.011731952352585947,-0.008749296675868105,-0.02108519495994513,0.002843690875694561,0.003523443554308482,-0.0019647276937230793,0.009316885233404112,0.002451223469862164,0.5029676188683152,0.5000365993160032
hors_echantillon,20,1,5,vwap,80707,73675,7032,234,168,0.5125518548352036,1.3458703766542246,0.5113403461146929,-0.0012115087205107262,0.012230823550450597,-0.013442332270961322,-0.019049041143631835,-0.007989073894293982,0.002796161563088154,-0.02353070569638611,-0.003353958845536534,-0.025615045664831887,-0.03631588386851063,-0.015128707568374651,-0.010383162313666462,-0.023095071790098613,0.0015919755999609984,0.003523443554308482,-0.0019647276937230793,0.009316885233404112,0.002451223469862164,0.5029676188683152,0.5000365993160032
hors_echantillon,20,1,5,best,80707,73675,7032,234,168,0.5100345939624323,1.3458703766542246,0.5113403461146929,0.001305752152260611,0.012256940208131466,-0.01095118805587085,-0.01653077729345743,-0.0054478290396509305,0.002810559161691653,-0.021091507103129112,-0.0008108690086125869,-0.02096757718514837,-0.03170378626981176,-0.010392545057006307,-0.00824440143381548,-0.0206222615261177,0.003736611750930381,0.003523443554308482,-0.0019647276937230793,0.009316885233404112,0.002451223469862164,0.5029676188683152,0.5000365993160032
hors_echantillon,20,1,10,first,80707,72190,8517,232,168,0.5093984986330724,1.4357944313616844,0.5100152375675301,0.000616738934457681,0.011986750111957933,-0.011370011177500252,-0.016885718642075862,-0.005997199151977941,0.0027985995279942396,-0.021467180625549538,-0.0012728417294509652,-0.021807312740181602,-0.03250432905950929,-0.011532643151917417,-0.009099700496096135,-0.021592541435769753,0.004164760992349384,0.003461186289536272,-0.0021191924009209308,0.009180808530247315,0.002451223469862164,0.5016871968631392,0.49798193542658903
hors_echantillon,20,1,10,vwap,80707,72190,8517,232,168,0.5114242454548185,1.4357944313616844,0.5100152375675301,-0.001409007887288321,0.011966237686228301,-0.013375245573516619,-0.018744824101571515,-0.00789096568769678,0.0028112472497156286,-0.023518047198687067,-0.0032324439483461687,-0.025555003394878636,-0.035957863438451886,-0.015210575742390969,-0.01105032440777577,-0.024579095179051755,0.0011300215351988364,0.003461186289536272,-0.0021191924009209308,0.009180808530247315,0.002451223469862164,0.5016871968631392,0.49798193542658903
hors_echantillon,20,1,10,best,80707,72190,8517,232,168,0.5088737323467156,1.4357944313616844,0.5100152375675301,0.001141505220814525,0.011984457679032405,-0.010842952458217878,-0.016257451594575808,-0.0053574502882561,0.0028022714313800223,-0.020953369900598703,-0.0007325350158370533,-0.020817475208908344,-0.03133877568332212,-0.010256335699006169,-0.008584417953001557,-0.022048855103632112,0.0036299751890049767,0.003461186289536272,-0.0021191924009209308,0.009180808530247315,0.002451223469862164,0.5016871968631392,0.49798193542658903
hors_echantillon,20,1,20,first,80707,70154,10553,234,168,0.5068202623796249,1.4313937908030903,0.5080537104085298,0.0012334480289049796,0.011577022580762921,-0.010343574551857936,-0.01608584191536809,-0.004435942381410593,0.0029290999018647,-0.020911581064954613,0.000224431961238742,-0.019952987509663216,-0.031009891638542543,-0.008560193575657855,-0.00785073018624105,-0.021159532403818702,0.004758650309517585,0.0027989443896575253,-0.002923987643470739,0.00886764978668305,0.002451223469862164,0.500318757102282,0.4984286413201736
hors_echantillon,20,1,20,vwap,80707,70154,10553,234,168,0.5088706589322756,1.4313937908030903,0.5080537104085298,-0.0008169485237458054,0.011557728496044648,-0.012374677019790451,-0.01820375081912892,-0.006754716666545695,0.0028135181210193236,-0.022525671804474706,-0.0022236822351061943,-0.02377786707781163,-0.03523730642882493,-0.012961987187559417,-0.009772507666515945,-0.02311473750410032,0.00333292751717023,0.0027989443896575253,-0.002923987643470739,0.00886764978668305,0.002451223469862164,0.500318757102282,0.4984286413201736
hors_echantillon,20,1,20,best,80707,70154,10553,234,168,0.5063152068857086,1.4313937908030903,0.5080537104085298,0.0017385035228212292,0.011573814491704021,-0.009835310968882785,-0.015650432853382946,-0.004240670848750414,0.00280590285324724,-0.019958830350845842,0.0002882084130802747,-0.01899115556210118,-0.030273036957575248,-0.008147865180402817,-0.007309350097214778,-0.02073545238141599,0.00590640244728486,0.0027989443896575253,-0.002923987643470739,0.00886764978668305,0.002451223469862164,0.500318757102282,0.4984286413201736
hors_echantillon,20,1,30,first,80707,67377,13330,234,168,0.5062947262382045,1.0760200068272556,0.5069682532614987,0.0006735270232942988,0.011288571426551397,-0.010615044403257091,-0.016539239880797627,-0.0049095178457808945,0.0029855448970573365,-0.021386700876004427,0.00015661206949024384,-0.020508861957389837,-0.03216048338537796,-0.009438756342802829,-0.00705722232390687,-0.021884414236937814,0.0056889860662805965,0.0007803325442414344,-0.005580834593998396,0.00744248162371577,0.002451223469862164,0.501187440366418,0.49581391848635614
hors_echantillon,20,1,30,vwap,80707,67377,13330,234,168,0.5081939415840145,1.0760200068272556,0.5069682532614987,-0.0012256883225158699,0.011265923256016766,-0.012491611578532633,-0.018150956058888834,-0.006557671648903233,0.00295416485195797,-0.023150050840497823,-0.0018331723165674416,-0.024047308414057063,-0.034924182697190845,-0.012559549517680324,-0.00891099166462418,-0.022841610150978256,0.004802668154017002,0.0007803325442414344,-0.005580834593998396,0.00744248162371577,0.002451223469862164,0.501187440366418,0.49581391848635614
hors_echantillon,20,1,30,best,80707,67377,13330,234,168,0.5057929704228579,1.0760200068272556,0.5069682532614987,0.0011752828386407891,0.011286165263814603,-0.010110882425173807,-0.015838677788614003,-0.004126437266949701,0.0029473024820747856,-0.020744562692208646,0.000522797841861029,-0.019553839494503532,-0.030527340109216546,-0.007995378682569998,-0.0065730615417001785,-0.020411477716613512,0.007310180930449243,0.0007803325442414344,-0.005580834593998396,0.00744248162371577,0.002451223469862164,0.501187440366418,0.49581391848635614
hors_echantillon,20,1,60,first,80707,58710,21997,225,168,0.5069205608872134,1.1464656787600067,0.5083461079884176,0.0014255471012042248,0.010527462936997037,-0.009101915835792805,-0.015254575028737194,-0.003019791902820616,0.0031130925823228553,-0.02033375626053109,0.0021299245889454827,-0.017590009849733128,-0.029491911910770097,-0.0058750180610095785,-0.005144098091771069,-0.019758182602159977,0.010874676682998387,-0.0022357494390756825,-0.009488065947806266,0.0054624488650319636,0.002451223469862164,0.5054118327196737,0.5008141436949328
hors_echantillon,20,1,60,vwap,80707,58710,21997,225,168,0.5088066662557439,1.1464656787600067,0.5083461079884176,-0.00046055826732623826,0.010500330724071418,-0.010960888991397652,-0.017424817960593544,-0.004521562025793188,0.0032386835098554205,-0.022645853510437082,0.0007240755276417769,-0.021106761617201323,-0.03368796109984861,-0.008670957063932007,-0.006948497252606809,-0.02162318688160297,0.008032277662634353,-0.0022357494390756825,-0.009488065947806266,0.0054624488650319636,0.002451223469862164,0.5054118327196737,0.5008141436949328
hors_echantillon,20,1,60,best,80707,58710,21997,225,168,0.5064828367575797,1.1464656787600067,0.5083461079884176,0.0018632712308380246,0.010525293531818846,-0.008662022300980815,-0.015105840981283697,-0.0022746092240825497,0.003223604846058813,-0.02029258395820256,0.0029685393562409283,-0.016754131692536815,-0.029265254176752284,-0.00440855522501806,-0.004715153964112015,-0.0194542589884859,0.010506555284406869,-0.0022357494390756825,-0.009488065947806266,0.0054624488650319636,0.002451223469862164,0.5054118327196737,0.5008141436949328
hors_echantillon,5,6,0,first,13283,12029,1254,48,164,0.4951582778100092,1.4098428797073739,0.48923435032005985,-0.005923927489949292,0.012111491346629148,-0.018035418836578443,-0.03095901749950378,-0.006214614999397694,0.006412618927899535,-0.04117174086946883,0.005100903196311943,-0.03555390037644711,-0.06131945028907254,-0.012197817995801047,-0.026279001701236333,-0.04976774631396862,-0.005076248908595238,-0.002835845261870589,-0.015935839982466865,0.008976562474864962,-0.005342445205554778,0.48817381692554723,0.5392345624161702
hors_echantillon,5,6,0,vwap,13283,12029,1254,48,164,0.49688034461251224,1.4098428797073739,0.48923435032005985,-0.007645994292452374,0.012089954684014697,-0.019735948976467063,-0.032329495572684636,-0.00762987289265138,0.006353634768886071,-0.04265945990782179,0.0031875619548876605,-0.03877622919008259,-0.06376707690175686,-0.014955092269196014,-0.028198553667640878,-0.051725120256400664,-0.006507622308148133,-0.002835845261870589,-0.015935839982466865,0.008976562474864962,-0.005342445205554778,0.48817381692554723,0.5392345624161702
hors_echantillon,5,6,0,best,13283,12029,1254,48,164,0.49449145315764403,1.4098428797073739,0.48923435032005985,-0.005257102837584164,0.012106062715792504,-0.01736316555337667,-0.030298864401025558,-0.00514887826387391,0.00638087191792626,-0.040384946389513975,0.005658615282760633,-0.034274083487046775,-0.05973816478345341,-0.01017289793238652,-0.025606417763011338,-0.049392311393035196,-0.0035147057895021107,-0.002835845261870589,-0.015935839982466865,0.008976562474864962,-0.005342445205554778,0.48817381692554723,0.5392345624161702
hors_echantillon,5,6,1,first,13283,11977,1306,48,164,0.49457398126639396,1.3913333889955748,0.49002254320781496,-0.004551438058578944,0.012049085182154891,-0.016600523240733838,-0.02984673611434925,-0.0036836574046194017,0.006621448591869877,-0.04049028944518061,0.007289242963712941,-0.03276701030828359,-0.05838979619874068,-0.0071885779607085455,-0.02602447953395735,-0.05044942895060873,-0.0027560192711680066,-0.001563344460997032,-0.014935058362488946,0.010125985333647038,-0.005342445205554778,0.48770453338100267,0.5383956100776986
hors_echantillon,5,6,1,vwap,13283,11977,1306,48,164,0.49647162356089886,1.3913333889955748,0.49002254320781496,-0.006449080353083873,0.01203406184442187,-0.018483142197505742,-0.031719305329586146,-0.006128354793309175,0.006555269793276743,-0.04213413949751334,0.005167855102501853,-0.03634795584000828,-0.06198889345566151,-0.01191602909054286,-0.028056490384562163,-0.05165511533018232,-0.006148806808459382,-0.001563344460997032,-0.014935058362488946,0.010125985333647038,-0.005342445205554778,0.48770453338100267,0.5383956100776986
hors_echantillon,5,6,1,best,13283,11977,1306,48,164,0.49402635816713697,1.3913333889955748,0.49002254320781496,-0.004003814959322026,0.012045252468266134,-0.016049067427588156,-0.029246393501849235,-0.0036933508819202315,0.00664313914156161,-0.040017091758454235,0.007918956903277919,-0.03171303643655805,-0.057970852328962624,-0.007272174005648999,-0.025433507078513013,-0.04916175426912164,-0.0034770184157567516,-0.001563344460997032,-0.014935058362488946,0.010125985333647038,-0.005342445205554778,0.48770453338100267,0.5383956100776986
hors_echantillon,5,6,2,first,13283,11952,1331,48,164,0.4937941217871486,1.3596050870147256,0.4897925033467202,-0.00400161844042838,0.012006769782884738,-0.016008388223313116,-0.028440446663188255,-0.0032199085505739593,0.006531232471357691,-0.039572660391673196,0.007555883945046964,-0.03164958482699035,-0.05612089445827835,-0.00640732147540517,-0.02670897315067451,-0.04927869866447979,-0.004162069939099487,-0.0010556732368025503,-0.01406568070983733,0.010641638646905826,-0.005342445205554778,0.48697491027760326,0.534832694059324
hors_echantillon,5,6,2,vwap,13283,11952,1331,48,164,0.49552600168925354,1.3596050870147256,0.4897925033467202,-0.005733498342533274,0.011987562943152395,-0.017721061285685666,-0.03019648155586488,-0.005211478776605774,0.006293666643760157,-0.04042821102823102,0.004986088456859689,-0.03491741407645153,-0.059495486270181946,-0.010206875827529664,-0.02873798029233177,-0.05180456458663429,-0.005827467155986488,-0.0010556732368025503,-0.01406568070983733,0.010641638646905826,-0.005342445205554778,0.48697491027760326,0.534832694059324
hors_echantillon,5,6,2,best,13283,11952,1331,48,164,0.49324269366890067,1.3596050870147256,0.4897925033467202,-0.003450190322180382,0.012002814364651232,-0.015453004686831608,-0.027997657579290614,-0.002654786946632001,0.0063690369987673716,-0.03843208588589833,0.0075260765122351116,-0.03058514017665531,-0.05541599740779081,-0.0052321948932633035,-0.026103065842000863,-0.049205988875204054,-0.0029249632084173667,-0.0010556732368025503,-0.01406568070983733,0.010641638646905826,-0.005342445205554778,0.48697491027760326,0.534832694059324
hors_echantillon,5,6,3,first,13283,11901,1382,48,164,0.4938994237268885,1.0315099571464583,0.4902109066465003,-0.0036885170803882036,0.011949128153236278,-0.015637645233624483,-0.027666022289078215,-0.002979707558254709,0.006293555473769752,-0.03834439388190128,0.007069103414652316,-0.030913689829698807,-0.054864967011715816,-0.005980711057938438,-0.026123347578947805,-0.04863283068742337,-0.004427406301089783,-0.0006153665297933598,-0.013767679267544094,0.01140653504969246,-0.005342445205554778,0.48697076002256623,0.5344747261697587
hors_echantillon,5,6,3,vwap,13283,11901,1382,48,164,0.49542614292638343,1.0315099571464583,0.4902109066465003,-0.005215236279883121,0.011935882120643414,-0.017151118400526532,-0.028871073788241188,-0.004737516008154521,0.006318914834670982,-0.03994936201317842,0.005647125212125351,-0.03380449768375317,-0.05693061829073539,-0.009382170057097336,-0.027357700704040276,-0.05171865989907898,-0.004866554194750061,-0.0006153665297933598,-0.013767679267544094,0.01140653504969246,-0.005342445205554778,0.48697076002256623,0.5344747261697587
hors_echantillon,5,6,3,best,13283,11901,1382,48,164,0.4933812021690194,1.0315099571464583,0.4902109066465003,-0.00317029552251911,0.011945399177200826,-0.015115694699719934,-0.02700306043600947,-0.0025806198513557066,0.0063493656199387445,-0.03802380281266891,0.007792413413229039,-0.029912723097202526,-0.053627097183251475,-0.00504773226036355,-0.02562097813313927,-0.049966862617942066,-0.003014894387506833,-0.0006153665297933598,-0.013767679267544094,0.01140653504969246,-0.005342445205554778,0.48697076002256623,0.5344747261697587
hors_echantillon,5,6,5,first,13283,11793,1490,48,164,0.4917770931360045,1.5072500635970492,0.4874077842788095,-0.004369308857194947,0.011865125796192555,-0.016234434653387503,-0.028844032001524914,-0.004634043855070412,0.006210562809116932,-0.038641751035789075,0.0061728817290140695,-0.03223406228295779,-0.05738451608269247,-0.009256915730454939,-0.0235850381553502,-0.047681555193954166,-0.0009802002380746842,-0.002062307048266439,-0.015203497708818733,0.010106710583163822,-0.005342445205554778,0.48561812114445796,0.5335996805677913
hors_echantillon,5,6,5,vwap,13283,11793,1490,48,164,0.49404478364341176,1.5072500635970492,0.4874077842788095,-0.0066369993646022835,0.011852172568058865,-0.018489171932661155,-0.03163993718539301,-0.005988797837793576,0.006389802071298092,-0.041543172195297504,0.0045648283299751895,-0.03654730811413002,-0.06269426791844175,-0.011648696712104157,-0.02544473686110699,-0.04782757930706183,-0.0029439670664073783,-0.002062307048266439,-0.015203497708818733,0.010106710583163822,-0.005342445205554778,0.48561812114445796,0.5335996805677913
hors_echantillon,5,6,5,best,13283,11793,1490,48,164,0.4913046468727211,1.5072500635970492,0.4874077842788095,-0.0038968625939116357,0.011861451348099811,-0.015758313942011444,-0.029017709400535774,-0.0033184048151254815,0.006403413093402256,-0.038861421908401805,0.007344794024378921,-0.03131831416649956,-0.05773971248664724,-0.006507523301760098,-0.023032473402294695,-0.04585916304242154,-0.0004544471761654804,-0.002062307048266439,-0.015203497708818733,0.010106710583163822,-0.005342445205554778,0.48561812114445796,0.5335996805677913
hors_echantillon,5,6,10,first,13283,11454,1829,47,164,0.4915936275809674,1.6198707874978173,0.4850707176532216,-0.006522909927745764,0.011577165904044735,-0.0181000758317905,-0.030289937229642655,-0.006811536761978101,0.006150641570199628,-0.04029120018784714,0.004091048524266134,-0.03597203189483145,-0.06061698715049865,-0.013529651334413589,-0.024147234619473056,-0.04746706302045081,-0.002355434113182405,-0.002431795692280592,-0.015527486022650382,0.009500444074869187,-0.005342445205554778,0.4836146006646849,0.5369057245086534
hors_echantillon,5,6,10,vwap,13283,11454,1829,47,164,0.494230571689997,1.6198707874978173,0.4850707176532216,-0.00915985403677545,0.0115515702971586,-0.020711424333934043,-0.033580222571271495,-0.008531186985600125,0.00639047544067867,-0.043767854070551504,0.002345005402683415,-0.04094929934173123,-0.06650784247630756,-0.01676596252694349,-0.02680109614485113,-0.04908357060189284,-0.005517957672600592,-0.002431795692280592,-0.015527486022650382,0.009500444074869187,-0.005342445205554778,0.4836146006646849,0.5369057245086534
hors_echantillon,5,6,10,best,13283,11454,1829,47,164,0.4910713910966388,1.6198707874978173,0.4850707176532216,-0.0060006734434171404,0.011574054771884114,-0.017574728215301254,-0.030424344614555877,-0.005285748555760617,0.006441173459001559,-0.04081407318382879,0.005664616753226288,-0.034964463240950726,-0.060648398024500824,-0.010443661207261182,-0.023551037743857813,-0.04609097384355117,-0.0017598978553615484,-0.002431795692280592,-0.015527486022650382,0.009500444074869187,-0.005342445205554778,0.4836146006646849,0.5369057245086534
hors_echantillon,5,6,20,first,13283,11057,2226,48,162,0.4873446063610835,1.6310029845346838,0.48186669078411865,-0.005477915576964819,0.011174815914008158,-0.01665273149097297,-0.028785416555918972,-0.004477907598090287,0.0062175172113301865,-0.039085138915109785,0.005779675933163839,-0.03340437853950594,-0.057836203633250725,-0.009022324914346775,-0.028050710841710177,-0.050813011709669204,-0.006069891782353329,-0.0032566507841063626,-0.01730233735380121,0.009763761864060248,-0.005342445205554778,0.4811634280636993,0.5408415150373591
hors_echantillon,5,6,20,vwap,13283,11057,2226,48,162,0.4892032545242616,1.6310029845346838,0.48186669078411865,-0.007336563740142894,0.011146093118479191,-0.01848265685862208,-0.030888043505905325,-0.007316685516652326,0.006272360234491721,-0.041112934429011,0.004147620711766841,-0.03693950425976983,-0.06177085611737823,-0.014434597537087018,-0.029460293935185417,-0.05194527727016442,-0.007405899356496172,-0.0032566507841063626,-0.01730233735380121,0.009763761864060248,-0.005342445205554778,0.4811634280636993,0.5408415150373591
hors_echantillon,5,6,20,best,13283,11057,2226,48,162,0.48684749409030476,1.6310029845346838,0.48186669078411865,-0.00498080330618612,0.011170199680358633,-0.016151002986544746,-0.028463419451792718,-0.004890498303740764,0.00623749036338355,-0.03865547227543825,0.006353466302348759,-0.03243058065720505,-0.057343707621701205,-0.00977710285862616,-0.027536349996395305,-0.050030061330600416,-0.005743284945563138,-0.0032566507841063626,-0.01730233735380121,0.009763761864060248,-0.005342445205554778,0.4811634280636993,0.5408415150373591
hors_echantillon,5,6,30,first,13283,10479,2804,47,162,0.4859457045688901,1.2827559881668098,0.48182078442599485,-0.004124920142895314,0.010967238407798341,-0.015092158550693653,-0.028456233271267402,-0.003178035116883337,0.006366752410004538,-0.038062997098524745,0.00787867999713744,-0.030371836282400207,-0.057299948491947326,-0.006442483317787639,-0.02078617071437893,-0.04633798476080742,0.0024445869669618885,-0.004305063526147188,-0.018819820984516625,0.009597509661263227,-0.005342445205554778,0.48208682901999994,0.5388405345173681
hors_echantillon,5,6,30,vwap,13283,10479,2804,47,162,0.4871494957413175,1.2827559881668098,0.48182078442599485,-0.005328711315322629,0.01094806148645452,-0.016276772801777143,-0.028960750718179145,-0.003545531891495026,0.006437927944249107,-0.03950440815909599,0.006950862555541705,-0.032677881201360795,-0.058385831908598695,-0.007079551452249882,-0.021802109142961656,-0.04671240394588116,0.0022354596096366077,-0.004305063526147188,-0.018819820984516625,0.009597509661263227,-0.005342445205554778,0.48208682901999994,0.5388405345173681
hors_echantillon,5,6,30,best,13283,10479,2804,47,162,0.4854205299088654,1.2827559881668098,0.48182078442599485,-0.0035997454828704963,0.010961507030896545,-0.01456125251376704,-0.02714017617471863,-0.0019110961945404401,0.006451285215956987,-0.037837080059517636,0.008714575031983553,-0.029334769250592585,-0.05508435987959894,-0.003845923524862372,-0.020214314738131692,-0.04527728634881986,0.003908919085107065,-0.004305063526147188,-0.018819820984516625,0.009597509661263227,-0.005342445205554778,0.48208682901999994,0.5388405345173681
hors_echantillon,5,6,60,first,13283,9004,4279,47,161,0.4916790880880275,1.3617281208351844,0.49333629498000886,0.0016572068919813406,0.010333578229790696,-0.00867637133780935,-0.02288053505660442,0.005808882891799463,0.007362913173855228,-0.03524129468751544,0.017888552011896743,-0.017283172158681036,-0.045970718792288257,0.011365079365943461,-0.011354514210018037,-0.03801088241248607,0.013280197186922927,-0.004926051904702916,-0.023285703187460823,0.011080201354231496,-0.005342445205554778,0.4940722284190068,0.5525082359739891
hors_echantillon,5,6,60,vwap,13283,9004,4279,47,161,0.4928363025613281,1.3617281208351844,0.49333629498000886,0.0004999924186807576,0.010300445718314457,-0.009800453299633693,-0.023627742069607216,0.003918154005977308,0.007121943225317578,-0.035495972371259246,0.015895065771991856,-0.01947870699793651,-0.04744757676219314,0.007719939291190412,-0.012164257015950156,-0.038745346789465486,0.013513259271778778,-0.004926051904702916,-0.023285703187460823,0.011080201354231496,-0.005342445205554778,0.4940722284190068,0.5525082359739891
hors_echantillon,5,6,60,best,13283,9004,4279,47,161,0.4912202098377056,1.3617281208351844,0.49333629498000886,0.0021160851423034253,0.010329608342365511,-0.008213523200062078,-0.022102087768638666,0.005509077090854387,0.007110262695784898,-0.03386689966258809,0.01743985326246393,-0.01637628586900052,-0.04440864731182891,0.010891211164307548,-0.010918513314458414,-0.03748395383900274,0.014715673824544731,-0.004926051904702916,-0.023285703187460823,0.011080201354231496,-0.005342445205554778,0.4940722284190068,0.5525082359739891
hors_echantillon,10,6,0,first,32080,29504,2576,78,165,0.49836590346874327,1.3802874186550975,0.49128931670281994,-0.007076586765923266,0.012064210052553282,-0.019140796818476552,-0.02763584785179027,-0.01023755508688168,0.004462034336362371,-0.035239533463928364,-0.0030420601730247396,-0.03749934870893534,-0.05404472882052605,-0.01991215129388642,-0.02327144582222722,-0.03665322366389272,-0.01039616285555549,-0.00414218628582151,-0.012684035412314302,0.004767768650362531,-0.004543967024370135,0.491741205578425,0.4479101846159704
hors_echantillon,10,6,0,vwap,32080,29504,2576,78,165,0.5000894347810828,1.3802874186550975,0.49128931670281994,-0.00880011807826285,0.012043325219887812,-0.02084344329815066,-0.029539983938184945,-0.012126955108135593,0.004351505725891855,-0.03654339973313839,-0.005143486863162936,-0.04069929699109887,-0.05767110684456882,-0.023616469012478294,-0.024799733257014712,-0.03782306306123386,-0.011718035639722802,-0.00414218628582151,-0.012684035412314302,0.004767768650362531,-0.004543967024370135,0.491741205578425,0.4479101846159704
hors_echantillon,10,6,0,best,32080,29504,2576,78,165,0.4977817292612086,1.3802874186550975,0.49128931670281994,-0.006492412558388687,0.012059316137402713,-0.0185517286957914,-0.02719035142066082,-0.0098329559859147,0.004339369103448193,-0.034207896967408544,-0.00289556042417426,-0.03638727964965437,-0.05360854949732618,-0.019319680822870774,-0.022626942579943337,-0.0357191025315938,-0.009469988242678449,-0.00414218628582151,-0.012684035412314302,0.004767768650362531,-0.004543967024370135,0.491741205578425,0.4479101846159704
hors_echantillon,10,6,1,first,32080,29409,2671,78,165,0.4975961806972559,1.353157196776497,0.49104015777483084,-0.006556022922425109,0.012014790848201099,-0.01857081377062621,-0.027076803328074196,-0.009793350254791028,0.004484199241158414,-0.03474951998560265,-0.0023921075556497737,-0.036441157682119696,-0.05315067066178937,-0.01909294278986703,-0.02293315002676898,-0.03646977869520093,-0.009486879877994734,-0.003568298431523307,-0.012055507905246727,0.0053694545093783625,-0.004543967024370135,0.4909283291826044,0.4468530991772797
hors_echantillon,10,6,1,vwap,32080,29409,2671,78,165,0.4997059216791883,1.353157196776497,0.49104015777483084,-0.008665763904357502,0.011997637927925181,-0.02066340183228268,-0.0292465503641716,-0.011976633699604448,0.0043696871516899684,-0.036428955697433006,-0.004897847967132357,-0.040381587042599545,-0.05717678401396623,-0.023270555484089104,-0.02524260235371289,-0.03879511620417868,-0.012513563436664607,-0.003568298431523307,-0.012055507905246727,0.0053694545093783625,-0.004543967024370135,0.4909283291826044,0.4468530991772797
hors_echantillon,10,6,1,best,32080,29409,2671,78,165,0.49709599666310994,1.353157196776497,0.49104015777483084,-0.006055838888279091,0.012011418208815215,-0.018067257097094308,-0.026773739112441186,-0.009404930528416526,0.004382593683588944,-0.033879376910057823,-0.002255137284130789,-0.035488104414349256,-0.052433721941391113,-0.018245784887093733,-0.0223952721607644,-0.03597440310625503,-0.00961757973227833,-0.003568298431523307,-0.012055507905246727,0.0053694545093783625,-0.004543967024370135,0.4909283291826044,0.4468530991772797
hors_echantillon,10,6,2,first,32080,29395,2685,78,165,0.4971611742312638,1.3265861541078414,0.4908657935022963,-0.006295380728967512,0.011976634707134495,-0.018272015436102008,-0.027339260119493062,-0.008938226496963814,0.004584400942847549,-0.0348122430301888,-0.0017317878420152095,-0.035888152707026284,-0.05375181557483128,-0.017461796761034702,-0.023088075413492625,-0.03670792276389227,-0.009765337052173551,-0.0031539851608389396,-0.011810387080207069,0.006009609971979945,-0.004543967024370135,0.4903435436284461,0.4455312898122159
hors_echantillon,10,6,2,vwap,32080,29395,2685,78,165,0.4990493268909569,1.3265861541078414,0.4908657935022963,-0.00818353338866057,0.011953818883259857,-0.020137352271920424,-0.028662598746821494,-0.011335412727469027,0.004402439029116735,-0.03602107283180925,-0.004253631712031601,-0.03940749179031077,-0.05620835860997714,-0.02209879501482825,-0.02545136925798368,-0.0387117052381199,-0.012355511031866034,-0.0031539851608389396,-0.011810387080207069,0.006009609971979945,-0.004543967024370135,0.4903435436284461,0.4455312898122159
hors_echantillon,10,6,2,best,32080,29395,2685,78,165,0.4966586199723286,1.3265861541078414,0.4908657935022963,-0.0057928264700323135,0.011973422796277403,-0.017766249266309715,-0.026171527118210337,-0.008912147536128784,0.004413758580440343,-0.03369081004883385,-0.001841688483785582,-0.034929473120890626,-0.05167880241219213,-0.01754319810955369,-0.022510906431408552,-0.03599595067589894,-0.009407178148310097,-0.0031539851608389396,-0.011810387080207069,0.006009609971979945,-0.004543967024370135,0.4903435436284461,0.4455312898122159
hors_echantillon,10,6,3,first,32080,29273,2807,78,165,0.49725179415504045,0.9715437433812728,0.49120349810405495,-0.006048296050985551,0.011931221487263055,-0.017979517538248606,-0.02671457526957084,-0.00935213148807821,0.004433357686561954,-0.03397479065155128,-0.0019842444249459287,-0.03531052094416098,-0.05255086443205968,-0.018142025143007053,-0.023160695948520844,-0.03636592906939639,-0.010340261338008501,-0.0028026121240808445,-0.011549716385246468,0.006377191245952428,-0.004543967024370135,0.49034380559548757,0.44460832259971594
hors_echantillon,10,6,3,vwap,32080,29273,2807,78,165,0.49903952865347195,0.9715437433812728,0.49120349810405495,-0.007836030549416966,0.011913769401698835,-0.019749799951115803,-0.028642270201412003,-0.010956619502431625,0.00451007739345238,-0.03602187289688058,-0.0034777270053510285,-0.038652847581743754,-0.056143487460185944,-0.021390039712979175,-0.02516960596484211,-0.038285697799720936,-0.012606864277057239,-0.0028026121240808445,-0.011549716385246468,0.006377191245952428,-0.004543967024370135,0.49034380559548757,0.44460832259971594
hors_echantillon,10,6,3,best,32080,29273,2807,78,165,0.49677519056925495,0.9715437433812728,0.49120349810405495,-0.005571692465200005,0.011928107140259006,-0.017499799605459013,-0.026467718866593506,-0.008743240444722486,0.0045042165228196965,-0.03375072690201626,-0.00124887230890176,-0.034400798430545984,-0.05214377333222441,-0.017220767317290858,-0.022621370550796466,-0.035656419277015836,-0.010082225877372841,-0.0028026121240808445,-0.011549716385246468,0.006377191245952428,-0.004543967024370135,0.49034380559548757,0.44460832259971594
hors_echantillon,10,6,5,first,32080,29046,3034,78,165,0.49595262366355086,1.437271913516491,0.4899469806513806,-0.00600564301217035,0.011830179782140392,-0.017835822794310743,-0.02661987031398884,-0.009283697208004347,0.004429345495782287,-0.03381662017796545,-0.0018550254106560402,-0.035124905123373934,-0.05269465072701221,-0.018239124874935432,-0.021800985974038293,-0.03490908080013409,-0.009139511023810136,-0.0030381946029944826,-0.011761385987512689,0.0062257123841616266,-0.004543967024370135,0.48931725211204924,0.44436409111462194
hors_echantillon,10,6,5,vwap,32080,29046,3034,78,165,0.49819768169616124,1.437271913516491,0.4899469806513806,-0.008250701044780696,0.011810601887519007,-0.020061302932299702,-0.028687073870385174,-0.011070382067782757,0.004499515233626802,-0.03629526827587651,-0.003827337588722897,-0.03933524920680649,-0.05627573456409098,-0.02175460465500269,-0.02390658679846142,-0.0372811852375891,-0.011367255944148617,-0.0030381946029944826,-0.011761385987512689,0.0062257123841616266,-0.004543967024370135,0.48931725211204924,0.44436409111462194
hors_echantillon,10,6,5,best,32080,29046,3034,78,165,0.4955019331094609,1.437271913516491,0.4899469806513806,-0.005554952458080278,0.011826274741752563,-0.017381227199832847,-0.026109414437279117,-0.00846598439934782,0.004500355207345732,-0.03361822311526787,-0.0011442312843978307,-0.03426032089453682,-0.051375764329670025,-0.01676163343953876,-0.021293982483986406,-0.03486149530999616,-0.008690452121490458,-0.0030381946029944826,-0.011761385987512689,0.0062257123841616266,-0.004543967024370135,0.48931725211204924,0.44436409111462194
hors_echantillon,10,6,10,first,32080,28317,3763,76,165,0.4964229514943532,1.5261856835116714,0.48899954091181974,-0.007423410582533462,0.011580455093171757,-0.01900386567570522,-0.02773967284631366,-0.010091448761736522,0.004433133781067815,-0.03499833095219808,-0.0030094003992123634,-0.037408933541139555,-0.054739898197099866,-0.020050469561144126,-0.022399335403572484,-0.03604849332513517,-0.009039794905608028,-0.003158289913882271,-0.011896076195792705,0.0061651730612970745,-0.004543967024370135,0.4884792522689364,0.44471789777993914
hors_echantillon,10,6,10,vwap,32080,28317,3763,76,165,0.4985995384700584,1.5261856835116714,0.48899954091181974,-0.009599997558238592,0.011554455566166978,-0.021154453124405573,-0.02974587669395441,-0.012677080242230819,0.004423789016347382,-0.03711520308297225,-0.005193703165838892,-0.041466798989529076,-0.058256895182694175,-0.024789027568236737,-0.024143240731828882,-0.037218946776119234,-0.011276071371505172,-0.003158289913882271,-0.011896076195792705,0.0061651730612970745,-0.004543967024370135,0.4884792522689364,0.44471789777993914
hors_echantillon,10,6,10,best,32080,28317,3763,76,165,0.4959466459282304,1.5261856835116714,0.48899954091181974,-0.0069471050164106275,0.011576993958133998,-0.018524098974544632,-0.027284697887885453,-0.009898480038831465,0.004447588745923547,-0.03457071684666753,-0.002477481102421731,-0.036498987473159314,-0.05368967166477336,-0.019433613233744155,-0.021876952233901212,-0.03509179241887179,-0.008756659398479747,-0.003158289913882271,-0.011896076195792705,0.0061651730612970745,-0.004543967024370135,0.4884792522689364,0.44471789777993914
hors_echantillon,10,6,20,first,32080,27335,4745,79,164,0.4922610871973294,1.5352112676056338,0.48516553868666545,-0.007095548510663986,0.011214465248562937,-0.018310013759226924,-0.027296320151405675,-0.009805595293483054,0.004430568227035734,-0.03429522267962777,-0.0023248048388260813,-0.036367235052976406,-0.05437896353562166,-0.0195782420912109,-0.023785037558653545,-0.0369969421144003,-0.010482407538361525,-0.004366282724944068,-0.013864235811079689,0.005321141415416785,-0.004543967024370135,0.48579589202529894,0.4429369539861399
hors_echantillon,10,6,20,vwap,32080,27335,4745,79,164,0.49419740079293006,1.5352112676056338,0.48516553868666545,-0.009031862106264662,0.01119365530170187,-0.020225517407966537,-0.028976643484231034,-0.011297076895848416,0.004374746423921879,-0.036009324806178106,-0.004441710009754973,-0.040019539649667646,-0.05714320638868872,-0.02235592966298387,-0.025581136869167933,-0.038783205326719694,-0.012699787457206572,-0.004366282724944068,-0.013864235811079689,0.005321141415416785,-0.004543967024370135,0.48579589202529894,0.4429369539861399
hors_echantillon,10,6,20,best,32080,27335,4745,79,164,0.4917966085055862,1.5352112676056338,0.48516553868666545,-0.0066310698189207895,0.011210052349223835,-0.017841122168144628,-0.026534583031851897,-0.008874219751470196,0.004378300120210856,-0.03363775107698598,-0.0020444932593032747,-0.0354689580806453,-0.052706048978809754,-0.017764417628284034,-0.023272290949712844,-0.036447897759569,-0.010324342427017257,-0.004366282724944068,-0.013864235811079689,0.005321141415416785,-0.004543967024370135,0.48579589202529894,0.4429369539861399
hors_echantillon,10,6,30,first,32080,26091,5989,77,163,0.48932775490671115,1.187076003219501,0.48269518224675173,-0.0066325726599593725,0.010970575500773311,-0.01760314816073268,-0.025788450888584395,-0.00936583719958144,0.004237328639863111,-0.03289116091703945,-0.0023151354044259106,-0.03518530263012314,-0.05182180054156676,-0.01874854328702965,-0.019669114973233166,-0.03360515317419535,-0.006089820486639535,-0.006049709441950823,-0.015950736262813653,0.0036118692360183214,-0.004543967024370135,0.4849420521473768,0.4408376953097622
hors_echantillon,10,6,30,vwap,32080,26091,5989,77,163,0.49099757254524984,1.187076003219501,0.48269518224675173,-0.008302390298498113,0.010951207991620478,-0.019253598290118582,-0.02753264775746192,-0.010432076601726738,0.004222326928873431,-0.03448748582545026,-0.004019710754786899,-0.03835769512085569,-0.05482424552284671,-0.020784236824111846,-0.02083528897208431,-0.03531857936887595,-0.006120904943129786,-0.006049709441950823,-0.015950736262813653,0.0036118692360183214,-0.004543967024370135,0.4849420521473768,0.4408376953097622
hors_echantillon,10,6,30,best,32080,26091,5989,77,163,0.4888624163725882,1.187076003219501,0.48269518224675173,-0.006167234125836488,0.010966977918155445,-0.017134212043991924,-0.025411820669456336,-0.00827132681193463,0.004249734092747109,-0.032466982886833244,-0.0018014412011506022,-0.034280120856648125,-0.05081820113909684,-0.016421007029574265,-0.019159041523799294,-0.033564823635993904,-0.004806743700774687,-0.006049709441950823,-0.015950736262813653,0.0036118692360183214,-0.004543967024370135,0.4849420521473768,0.4408376953097622
hors_echantillon,10,6,60,first,32080,22702,9378,76,165,0.4916276878547573,1.2781252753061405,0.4867853052594485,-0.004842382595308783,0.010339920036973042,-0.015182302632281817,-0.024225943511317887,-0.0065235233535321,0.004421252406766875,-0.031133900664500433,0.0007692953999368004,-0.0302455823714356,-0.04853384376252751,-0.012915494199160906,-0.017430868263918223,-0.03166768945029381,-0.0010280532112039796,-0.008350456416504167,-0.019605397806040023,0.002836093965493136,-0.004543967024370135,0.4911648223980119,0.45234395001089595
hors_echantillon,10,6,60,vwap,32080,22702,9378,76,165,0.49313472340636844,1.2781252753061405,0.4867853052594485,-0.006349418146919931,0.010313445580331138,-0.01666286372725106,-0.025230610686107827,-0.007339066904097478,0.004545692379299492,-0.0330634332811911,-0.0002622941733110215,-0.03309747607343324,-0.05063265533414564,-0.014505764189651391,-0.018518826787575632,-0.03376499737163634,-0.004234431473657831,-0.008350456416504167,-0.019605397806040023,0.002836093965493136,-0.004543967024370135,0.4911648223980119,0.45234395001089595
hors_echantillon,10,6,60,best,32080,22702,9378,76,165,0.49120576961597207,1.2781252753061405,0.4867853052594485,-0.004420464356523647,0.010336432209195641,-0.014756896565719279,-0.023472707770816895,-0.005442293344647513,0.004556337987006094,-0.031195874796504933,0.0016820816650663754,-0.029423040597615305,-0.04718641878256707,-0.010764039361014638,-0.017030368189128623,-0.03218463794869672,-0.002790888081528259,-0.008350456416504167,-0.019605397806040023,0.002836093965493136,-0.004543967024370135,0.4911648223980119,0.45234395001089595
hors_echantillon,20,6,0,first,56567,51733,4834,132,168,0.5060820527496936,1.2818317128332013,0.5023679276283997,-0.0037141251212939523,0.01226729833442325,-0.015981423455717205,-0.022390955335396184,-0.009531679224518464,0.003172554015635847,-0.027427796957367523,-0.004535049954066887,-0.0308313754464868,-0.042942157024132135,-0.01832563067157205,-0.01179240605445887,-0.022664407838403542,-0.0004288974842901506,-0.0006941356133182991,-0.006997535448359612,0.005814782021980636,-0.0018183536279311736,0.499335619991096,0.46133038427769313
hors_echantillon,20,6,0,vwap,56567,51733,4834,132,168,0.5079641535354412,1.2818317128332013,0.5023679276283997,-0.0055962259070415805,0.012243343678496235,-0.017839569585537823,-0.023992004260885255,-0.011490560927731836,0.003204322069801753,-0.029400560210052395,-0.0062785789610232505,-0.034293180473331825,-0.046207556547694914,-0.02207698850116305,-0.013217688721237074,-0.024159159750097133,-0.0015900446715361788,-0.0006941356133182991,-0.006997535448359612,0.005814782021980636,-0.0018183536279311736,0.499335619991096,0.46133038427769313
hors_echantillon,20,6,0,best,56567,51733,4834,132,168,0.5054743101315021,1.2818317128332013,0.5023679276283997,-0.0031063825031024616,0.012264012559061066,-0.01537039506216353,-0.02142725805700847,-0.008990866870198478,0.0031959909714026073,-0.026901327612493822,-0.0038394625118332373,-0.0296875745691129,-0.04157427936195836,-0.017382577980987857,-0.011168527524895855,-0.02221494504072617,0.0004756922659108391,-0.0006941356133182991,-0.006997535448359612,0.005814782021980636,-0.0018183536279311736,0.499335619991096,0.46133038427769313
hors_echantillon,20,6,1,first,56567,51548,5019,132,168,0.50568690012739,1.2841623341351749,0.5021921316054939,-0.003494768521896099,0.012219386094466952,-0.01571415461636305,-0.02206598547023709,-0.009350151456749597,0.0032079139042310613,-0.027288104351496804,-0.004140204881229294,-0.03034169507962206,-0.04242378534001522,-0.01803930772187531,-0.011925211894481702,-0.023302581706312206,-9.839498149766535e-05,-0.00022783796445551054,-0.006505930063173825,0.006219816717444586,-0.0018183536279311736,0.49869991056922974,0.4589755008327195
hors_echantillon,20,6,1,vwap,56567,51548,5019,132,168,0.5080268054234726,1.2841623341351749,0.5021921316054939,-0.005834673817978664,0.012190395089381004,-0.018025068907359672,-0.024523456691348516,-0.011940116902797235,0.0032250147440431092,-0.029660717387011527,-0.006389420427707817,-0.03464912134698689,-0.0474790724368458,-0.02281996727297217,-0.014018687096437355,-0.024873961444338174,-0.002744798528477524,-0.00022783796445551054,-0.006505930063173825,0.006219816717444586,-0.0018183536279311736,0.49869991056922974,0.4589755008327195
hors_echantillon,20,6,1,best,56567,51548,5019,132,168,0.505159181183072,1.2841623341351749,0.5021921316054939,-0.002967049577578172,0.012216931575817649,-0.01518398115339582,-0.021711820712073168,-0.009038416219302703,0.0032337827290797243,-0.026851263966487342,-0.003516698340304299,-0.029348052178960842,-0.04232479931887318,-0.017433437969365216,-0.011342057494218457,-0.022363342068041327,-6.1635945382945e-05,-0.00022783796445551054,-0.006505930063173825,0.006219816717444586,-0.0018183536279311736,0.49869991056922974,0.4589755008327195
hors_echantillon,20,6,2,first,56567,51480,5087,132,168,0.5054322099044192,1.262043512043512,0.5018842268842268,-0.003547983020192309,0.012177501054904442,-0.015725484075096746,-0.022007186892275123,-0.00912678783854603,0.0032768513391369268,-0.02754815569937384,-0.003902812450819651,-0.030380968019227395,-0.04229723201895233,-0.017526920489792257,-0.01235947657784838,-0.02420599313303992,-0.0010009485503283144,6.181591491384141e-05,-0.006180863634738414,0.006411482205933625,-0.0018183536279311736,0.4981073074073724,0.4571645952649499
hors_echantillon,20,6,2,vwap,56567,51480,5087,132,168,0.5075498703021964,1.262043512043512,0.5018842268842268,-0.0056656434179695484,0.012144152804943041,-0.017809796222912587,-0.024021065674444366,-0.011660596324657177,0.003185285256739202,-0.029302103234312576,-0.006317489211512598,-0.034269773041513206,-0.04618820417503598,-0.022339010023920188,-0.014467065094993091,-0.025293483741238732,-0.0031201757389469655,6.181591491384141e-05,-0.006180863634738414,0.006411482205933625,-0.0018183536279311736,0.4981073074073724,0.4571645952649499
hors_echantillon,20,6,2,best,56567,51480,5087,132,168,0.504903174059967,1.262043512043512,0.5018842268842268,-0.003018947175740086,0.012175059440115602,-0.015194006615855689,-0.021466957864849423,-0.008927140092994834,0.0031964545850184933,-0.026726611854682922,-0.0036614013770284552,-0.029384347728211354,-0.04158917664566784,-0.01720927899350479,-0.011719611426370999,-0.022778160870465827,-0.00026103023726744656,6.181591491384141e-05,-0.006180863634738414,0.006411482205933625,-0.0018183536279311736,0.4981073074073724,0.4571645952649499
hors_echantillon,20,6,3,first,56567,51284,5283,132,168,0.5055158677441034,0.8998128071133297,0.5019499259028157,-0.0035659418412877317,0.012132833941430173,-0.015698775782717903,-0.02186477912859578,-0.009018503128791064,0.003211959885805335,-0.027287323162541607,-0.004110228402894198,-0.030327084239949956,-0.04230848842081713,-0.017495225893172265,-0.012545428230489887,-0.02360726595046476,-0.0015311002194683969,0.0003040595109425037,-0.005899892397807753,0.006709741431016731,-0.0018183536279311736,0.4979388987000032,0.45636019485590007
hors_echantillon,20,6,3,vwap,56567,51284,5283,132,168,0.5075503611749576,0.8998128071133297,0.5019499259028157,-0.005600435272141802,0.012104636602745284,-0.01770507187488709,-0.02349886836811398,-0.01170306450354267,0.0030529906869333516,-0.028720068476196417,-0.00669007527357776,-0.03407081996825312,-0.04529947278230252,-0.02233821716156983,-0.014431835713421484,-0.024609394008277167,-0.0036129472610671918,0.0003040595109425037,-0.005899892397807753,0.006709741431016731,-0.0018183536279311736,0.4979388987000032,0.45636019485590007
hors_echantillon,20,6,3,best,56567,51284,5283,132,168,0.5050115136049022,0.8998128071133297,0.5019499259028157,-0.003061587702086414,0.012130557780205378,-0.015192145482291787,-0.02103822210732114,-0.009181332498299869,0.0030658409789171624,-0.026253505121370382,-0.004130785843213192,-0.029377121535676492,-0.04071676046408536,-0.017718074597905697,-0.0119531543954629,-0.02225945384428462,-0.000868191445410008,0.0003040595109425037,-0.005899892397807753,0.006709741431016731,-0.0018183536279311736,0.4979388987000032,0.45636019485590007
hors_echantillon,20,6,5,first,56567,50868,5699,132,168,0.5045318453135507,1.364394118109617,0.5009632775025556,-0.0035685678109951256,0.01202174726817324,-0.015590315079168367,-0.022005479794143565,-0.009638754598772522,0.0032342919177747,-0.02725943501274918,-0.003921195145587555,-0.030181408672909044,-0.04262263396238726,-0.018676987267385228,-0.011390397711180661,-0.022535057127142776,6.725223344753397e-05,0.0001770786776002009,-0.006167440849211237,0.006619237578021071,-0.0018183536279311736,0.4970736580558621,0.4547198590048457
hors_echantillon,20,6,5,vwap,56567,50868,5699,132,168,0.5067409584618232,1.364394118109617,0.5009632775025556,-0.005777680959267584,0.011997236785806609,-0.017774917745074188,-0.023619154682417983,-0.011436338735981034,0.003144853933725087,-0.029121351109530867,-0.006428484380617506,-0.03426568143220875,-0.045718096574193796,-0.021975301318521812,-0.013532133867787302,-0.024628188391676246,-0.0020448155225747033,0.0001770786776002009,-0.006167440849211237,0.006619237578021071,-0.0018183536279311736,0.4970736580558621,0.4547198590048457
hors_echantillon,20,6,5,best,56567,50868,5699,132,168,0.5040536968826393,1.364394118109617,0.5009632775025556,-0.0030904193800837393,0.01201907748173854,-0.015109496861822275,-0.02107882075199259,-0.008603729254350562,0.0031545627628586457,-0.026490959065497678,-0.00372803465814687,-0.029277841444807703,-0.04089420202237389,-0.016704995688688832,-0.01086365206910832,-0.02224827312628544,0.0007704856407384638,0.0001770786776002009,-0.006167440849211237,0.006619237578021071,-0.0018183536279311736,0.4970736580558621,0.4547198590048457
hors_echantillon,20,6,10,first,56567,49715,6852,128,168,0.5043121600075531,1.4562003419491099,0.49942673237453483,-0.004885427633018204,0.011779169525441833,-0.016664597158460033,-0.022902937304020436,-0.01029414877154276,0.0031496721971012204,-0.028028414511325025,-0.005300779805595042,-0.032290015748839725,-0.044411898095094174,-0.019952454656524253,-0.013025305048882226,-0.024351727787134785,-0.0016238258493951037,-6.383533419850892e-05,-0.006472745362220262,0.0064913335461943365,-0.0018183536279311736,0.49575789173760654,0.4513914817083499
hors_echantillon,20,6,10,vwap,56567,49715,6852,128,168,0.506486491188218,1.4562003419491099,0.49942673237453483,-0.0070597588136831904,0.011747805915057726,-0.018807564728740917,-0.025090198184829673,-0.012812515046784203,0.0031300466475198997,-0.030100574344503306,-0.00751455511297853,-0.03629162491534764,-0.048415472300894324,-0.02478069383271912,-0.014947363469332172,-0.0260428467008014,-0.002890380408713811,-6.383533419850892e-05,-0.006472745362220262,0.0064913335461943365,-0.0018183536279311736,0.49575789173760654,0.4513914817083499
hors_echantillon,20,6,10,best,56567,49715,6852,128,168,0.5038177716265474,1.4562003419491099,0.49942673237453483,-0.004391039252012464,0.011776026357264172,-0.016167065609276634,-0.022384592120517535,-0.010170033819366537,0.003138670371443121,-0.02749118907353894,-0.004842942145014326,-0.031356206518574625,-0.04332057957767255,-0.01965597472929911,-0.01251275240420389,-0.023736444822852396,-0.0004222202178941611,-6.383533419850892e-05,-0.006472745362220262,0.0064913335461943365,-0.0018183536279311736,0.49575789173760654,0.4513914817083499
hors_echantillon,20,6,20,first,56567,48095,8472,130,168,0.500828592454567,1.4543923484769727,0.49620542675953844,-0.00462316569502859,0.01139920058927556,-0.016022366284304153,-0.022608969141934852,-0.00968768715686144,0.003230867546056975,-0.02767913130209901,-0.004365601266509294,-0.031279767521191035,-0.04429698835941861,-0.018789654639400424,-0.014095759733062098,-0.02565311013451382,-0.002259202480086966,-0.0013554447913406195,-0.0079761230877163,0.005515802834745748,-0.0018183536279311736,0.493776534662723,0.4500056220488947
hors_echantillon,20,6,20,vwap,56567,48095,8472,130,168,0.5026619509365068,1.4543923484769727,0.49620542675953844,-0.006456524176968467,0.011376499431453569,-0.017833023608422035,-0.024261115493795067,-0.011374300814864824,0.0032683690705210045,-0.02962509174596867,-0.006040955470875398,-0.03469200328430051,-0.04745502104364918,-0.02213520169842385,-0.015539647443434564,-0.02628485179807519,-0.003822503822418487,-0.0013554447913406195,-0.0079761230877163,0.005515802834745748,-0.0018183536279311736,0.493776534662723,0.4500056220488947
hors_echantillon,20,6,20,best,56567,48095,8472,130,168,0.5003593647149661,1.4543923484769727,0.49620542675953844,-0.004153937955427791,0.011395347765361236,-0.015549285720789029,-0.021904197728295133,-0.009096637309919883,0.0032522223496919034,-0.027283097514542658,-0.0038154739270353996,-0.03038425507686315,-0.04299502619019079,-0.017751998974998625,-0.013549454537619186,-0.02438748376456047,-0.0020110703038784504,-0.0013554447913406195,-0.0079761230877163,0.005515802834745748,-0.0018183536279311736,0.493776534662723,0.4500056220488947
hors_echantillon,20,6,30,first,56567,46060,10507,127,168,0.4974832594975011,1.0984368215371254,0.4929656969170647,-0.004517562580436389,0.011129819019123157,-0.01564738159955954,-0.02180930486769223,-0.00916523824465805,0.0032091214801063745,-0.02722568819179716,-0.004069075007321921,-0.030764803856785008,-0.042969712336873495,-0.01807481648806594,-0.011566036675110683,-0.023609452745155003,0.0013425612842771246,-0.004092764254685913,-0.011053862822421393,0.0030836779453806942,-0.0018183536279311736,0.4932326674587768,0.44652091148613116
hors_echantillon,20,6,30,vwap,56567,46060,10507,127,168,0.49923252438187604,1.0984368215371254,0.4929656969170647,-0.006266827464811289,0.011110294199643963,-0.017377121664455247,-0.023234688899346996,-0.010704442542431265,0.0032091973426642663,-0.028955701963986148,-0.005798541364924343,-0.03404989946317721,-0.045546435266993174,-0.02093440861641528,-0.012755974043424618,-0.024262794193907932,-0.0003945705204083038,-0.004092764254685913,-0.011053862822421393,0.0030836779453806942,-0.0018183536279311736,0.4932326674587768,0.44652091148613116
hors_echantillon,20,6,30,best,56567,46060,10507,127,168,0.497014257237729,1.0984368215371254,0.4929656969170647,-0.004048560320664344,0.011126936435079664,-0.015175496755744004,-0.020974249522592855,-0.008502334625610827,0.0032092608939535165,-0.026754306344292426,-0.0035966871671955832,-0.029864724499221524,-0.041253001079350204,-0.016739215777621882,-0.011075322923245277,-0.02269626948549493,0.0012977763768464374,-0.004092764254685913,-0.011053862822421393,0.0030836779453806942,-0.0018183536279311736,0.4932326674587768,0.44652091148613116
hors_echantillon,20,6,60,first,56567,40270,16297,127,168,0.4991464822659846,1.182095852992302,0.49565433325055874,-0.0034921490154258762,0.010477921741764928,-0.013970070757190806,-0.020468054323722625,-0.0077013611839654205,0.003293592001900101,-0.025853141630056913,-0.0020869998843246976,-0.02741248387504294,-0.04011909787558965,-0.014998926999634163,-0.005940485013249439,-0.018521926363091905,0.006577433732199884,-0.007107710689903134,-0.01527790284408975,0.001103597590662672,-0.0018183536279311736,0.49881662838661633,0.4562488429534653
hors_echantillon,20,6,60,vwap,56567,40270,16297,127,168,0.5009420143666848,1.182095852992302,0.49565433325055874,-0.005287681116126146,0.01045703435654401,-0.015744715472670152,-0.022273825537024665,-0.009530427978967844,0.0032928818495132806,-0.027625224160803527,-0.003864206784536778,-0.030787533750754496,-0.043638193774822594,-0.018698962870198697,-0.007293873912105491,-0.01946152211909197,0.00460910573081365,-0.007107710689903134,-0.01527790284408975,0.001103597590662672,-0.0018183536279311736,0.49881662838661633,0.4562488429534653
hors_echantillon,20,6,60,best,56567,40270,16297,127,168,0.4987150691659026,1.182095852992302,0.49565433325055874,-0.00306073591534392,0.010476128390937787,-0.013536864306281707,-0.02007417298556374,-0.007328226932246299,0.003299268099028869,-0.025440414177282225,-0.0016333144352811881,-0.026585032049322888,-0.03950267027765547,-0.014390140334445646,-0.005535697307136973,-0.017714339353700096,0.006534087318276226,-0.007107710689903134,-0.01527790284408975,0.001103597590662672,-0.0018183536279311736,0.49881662838661633,0.4562488429534653
temoin_autres_wallets,0,1,0,first,1858029,1688093,169936,12106,168,0.528871651581031,1.2422111814929628,0.5301194898622291,0.0012478382811981327,0.011860753958965551,-0.010612915677767327,-0.012548333231089597,-0.008757086802645994,0.0009523632177253071,-0.014048981713394013,-0.007176849642140642,-0.0196269274210944,-0.0232207503625603,-0.01620050169134498,-0.011364097391877827,-0.013121186066908545,-0.009351607041245215,-0.00229633939508856,-0.004261888684445372,-0.00043760578110985506,-0.00337317051252167,0.5270935317934371,0.5041946539416151
temoin_autres_wallets,0,1,0,vwap,1858029,1688093,169936,12106,168,0.5304715694438324,1.2422111814929628,0.5301194898622291,-0.00035207958160323415,0.011838638995308168,-0.012190718576911392,-0.01401444153769353,-0.010429179332489047,0.0009326626471741705,-0.015555706204538545,-0.008825730949284238,-0.022479234923491985,-0.025846718027910213,-0.019213379145317136,-0.012781400661414118,-0.014622488802049853,-0.010785923013894977,-0.00229633939508856,-0.004261888684445372,-0.00043760578110985506,-0.00337317051252167,0.5270935317934371,0.5041946539416151
temoin_autres_wallets,0,1,0,best,1858029,1688093,169936,12106,168,0.5282736555796801,1.2422111814929628,0.5301194898622291,0.0018458342825490143,0.011858393006977644,-0.01001255872442853,-0.011817146426473957,-0.008249784150737178,0.0009288144267447136,-0.013363662217022787,-0.006661455231834274,-0.0185372424217892,-0.021898126987276115,-0.015268673647224723,-0.01072693850058948,-0.012572180753637006,-0.008712434482797746,-0.00229633939508856,-0.004261888684445372,-0.00043760578110985506,-0.00337317051252167,0.5270935317934371,0.5041946539416151
temoin_autres_wallets,0,1,1,first,1858029,1677799,180230,12095,168,0.5287457051719475,1.3147528398812969,0.529612307552931,0.000866602380983419,0.011832584987627333,-0.010965982606643807,-0.01292538482828374,-0.009071838457691168,0.0009749474027122589,-0.014483530948108935,-0.00744843426517868,-0.020285651137426718,-0.023920662261672696,-0.01677525699143479,-0.011975007694619398,-0.013917332939314674,-0.009983293676447149,-0.002228625330505523,-0.004202593773234744,-0.0003329024826452113,-0.00337317051252167,0.5265141001569129,0.5000064187510148
temoin_autres_wallets,0,1,1,vwap,1858029,1677799,180230,12095,168,0.5304957106511146,1.3147528398812969,0.529612307552931,-0.0008834030981835599,0.011799044200526104,-0.012682447298709655,-0.014578915376054359,-0.010872478967118984,0.0009203882074884434,-0.016003149527105187,-0.009361745070314122,-0.023386630951610858,-0.02688075266042989,-0.020044762009818723,-0.0134270547305596,-0.015312532148843904,-0.011384638716096605,-0.002228625330505523,-0.004202593773234744,-0.0003329024826452113,-0.00337317051252167,0.5265141001569129,0.5000064187510148
temoin_autres_wallets,0,1,1,best,1858029,1677799,180230,12095,168,0.5282072166345093,1.3147528398812969,0.529612307552931,0.0014050909184215824,0.011830242278849015,-0.010425151360427324,-0.01231776340138037,-0.008613097775620832,0.0009223515014152099,-0.013752937028685042,-0.007097365692169606,-0.019304496731401475,-0.022810173442338377,-0.015979007632567897,-0.01140606464161972,-0.013354204619402118,-0.00934158343793681,-0.002228625330505523,-0.004202593773234744,-0.0003329024826452113,-0.00337317051252167,0.5265141001569129,0.5000064187510148
temoin_autres_wallets,0,1,2,first,1858029,1676045,181984,12073,168,0.527753795427632,1.3018731597301982,0.5284559782106089,0.0007021827829768884,0.011811833143520389,-0.011109650360543403,-0.013119776166456012,-0.009330874489568456,0.0009378332015461225,-0.014493293020129118,-0.007726007700957688,-0.020589989006459357,-0.02432697876921093,-0.017282295996496656,-0.012381659545772897,-0.014281588806682883,-0.010526137053066934,-0.002317133688960946,-0.004260695311425896,-0.0004393183289587424,-0.00337317051252167,0.5254386176202656,0.4983048000390854
temoin_autres_wallets,0,1,2,vwap,1858029,1676045,181984,12073,168,0.5294128417993922,1.3018731597301982,0.5284559782106089,-0.0009568635887833373,0.011776985677532098,-0.012733849266315447,-0.014609982842903655,-0.010948798477115034,0.0009390683383364544,-0.016121948221036908,-0.009345750311593987,-0.023529358128702705,-0.027013987590306286,-0.02021494870852724,-0.013803506375998812,-0.015559376950009989,-0.011928330637548376,-0.002317133688960946,-0.004260695311425896,-0.0004393183289587424,-0.00337317051252167,0.5254386176202656,0.4983048000390854
temoin_autres_wallets,0,1,2,best,1858029,1676045,181984,12073,168,0.5272320943184501,1.3018731597301982,0.5284559782106089,0.00122388389215881,0.011809368966581921,-0.010585485074423029,-0.012494113319650262,-0.008809794492826576,0.0009512327700630933,-0.014017472526642783,-0.007153497622203275,-0.019637608227598694,-0.023172339359756423,-0.016341580910014687,-0.01185040087091857,-0.013761835113231782,-0.009851015084162347,-0.002317133688960946,-0.004260695311425896,-0.0004393183289587424,-0.00337317051252167,0.5254386176202656,0.4983048000390854
temoin_autres_wallets,0,1,3,first,1858029,1666350,191679,12058,168,0.5270234122105486,0.92901911363159,0.5276706574249107,0.0006472452143621083,0.011785710857973574,-0.011138465643611366,-0.013054043754781856,-0.009351997619622115,0.0009547041772252666,-0.014582977712514936,-0.007693953574707795,-0.020672377594829254,-0.024222627354649827,-0.017352485875904766,-0.012241006748726678,-0.014074488425982289,-0.01037672035343817,-0.0023091911873838323,-0.004256033882129572,-0.00042614085025808056,-0.00337317051252167,0.524633249346685,0.4962164116663825
temoin_autres_wallets,0,1,3,vwap,1858029,1666350,191679,12058,168,0.5287091614426618,0.92901911363159,0.5276706574249107,-0.001038504017751034,0.011754396823430838,-0.012792900841181865,-0.014594079178920449,-0.011087407035062434,0.0008944015390879034,-0.016019844819564907,-0.009565956862798822,-0.02367023760533235,-0.027022504750771385,-0.020493356955477746,-0.013796805076184034,-0.015598591121179981,-0.011961904233922863,-0.0023091911873838323,-0.004256033882129572,-0.00042614085025808056,-0.00337317051252167,0.524633249346685,0.4962164116663825
temoin_autres_wallets,0,1,3,best,1858029,1666350,191679,12058,168,0.5265213193288922,0.92901911363159,0.5276706574249107,0.001149338096018491,0.011783367339489047,-0.010634029243470443,-0.012420244848281007,-0.008917433685321614,0.0009011641856197117,-0.013885372421262296,-0.0073826860656785905,-0.019754665911020403,-0.023084646641321857,-0.01656300886283045,-0.011728243569636625,-0.013614540672872637,-0.00982901047609609,-0.0023091911873838323,-0.004256033882129572,-0.00042614085025808056,-0.00337317051252167,0.524633249346685,0.4962164116663825
temoin_autres_wallets,0,1,5,first,1858029,1646124,211905,11990,168,0.5253697338594157,1.3741710831018805,0.5259488349601853,0.0005791011007695648,0.011714242596599847,-0.011135141495830158,-0.013023202095225778,-0.009319977199847498,0.0009444642263678362,-0.014542708472049718,-0.007727574519610597,-0.0207325892857688,-0.024272521562002134,-0.017371220916748656,-0.012418358595599836,-0.014215277520987174,-0.010482699370977854,-0.002315257925082332,-0.004314644418123902,-0.00040027549418786577,-0.00337317051252167,0.5228774019623845,0.4941250305532871
temoin_autres_wallets,0,1,5,vwap,1858029,1646124,211905,11990,168,0.5270178218929189,1.3741710831018805,0.5259488349601853,-0.00106898693273365,0.01168365241742739,-0.012752639350161056,-0.01450011992342991,-0.010935244032474188,0.0009109562296482831,-0.016039311601230538,-0.009465967099091576,-0.023672924538562116,-0.02694510786515542,-0.020279699159178047,-0.013943579352746066,-0.01575360697482747,-0.012043616797018297,-0.002315257925082332,-0.004314644418123902,-0.00040027549418786577,-0.00337317051252167,0.5228774019623845,0.4941250305532871
temoin_autres_wallets,0,1,5,best,1858029,1646124,211905,11990,168,0.5248688511164468,1.3741710831018805,0.5259488349601853,0.001079983843738511,0.011711676326299795,-0.010631692482561197,-0.012397432336825505,-0.008764521972059519,0.0009273695603501574,-0.013977582988920842,-0.007285801976201553,-0.019813787379184263,-0.023146366382354032,-0.01634891816240955,-0.01191322485705647,-0.013797425421751108,-0.010038167905249527,-0.002315257925082332,-0.004314644418123902,-0.00040027549418786577,-0.00337317051252167,0.5228774019623845,0.4941250305532871
temoin_autres_wallets,0,1,10,first,1858029,1596726,261303,11831,168,0.5224660994789703,1.456073239867078,0.5230722115128081,0.0006061120338378655,0.011556695168102399,-0.010950583134264452,-0.01274587425786122,-0.009156825267534871,0.0009324582162685212,-0.014314833188160847,-0.007586333080368057,-0.020505834664794442,-0.023902034152947886,-0.01711425031687691,-0.012049803261184282,-0.014056149699934944,-0.01021573319069571,-0.0024393169321190503,-0.004527021914418785,-0.00040046442786127414,-0.00337317051252167,0.5200381038149333,0.4910075444016058
temoin_autres_wallets,0,1,10,vwap,1858029,1596726,261303,11831,168,0.5242030195969036,1.456073239867078,0.5230722115128081,-0.0011308080840955717,0.011531243765128135,-0.01266205184922374,-0.01449430232108356,-0.010972180524566544,0.0009141042784965841,-0.015960082060706662,-0.009364021637740819,-0.02363494873328094,-0.02705133905905961,-0.020460885539280403,-0.013680345365165164,-0.015521503976848565,-0.011647714666471036,-0.0024393169321190503,-0.004527021914418785,-0.00040046442786127414,-0.00337317051252167,0.5200381038149333,0.4910075444016058
temoin_autres_wallets,0,1,10,best,1858029,1596726,261303,11831,168,0.5219787470654951,1.456073239867078,0.5230722115128081,0.0010934644473130717,0.011554342592471628,-0.010460878145158475,-0.012306607228569931,-0.008770690072260143,0.0009191461076030939,-0.01377709895601344,-0.00714465733430351,-0.0196068029292514,-0.0231020322828219,-0.016425805221471555,-0.011569333950489142,-0.013428003027198552,-0.009607840931110723,-0.0024393169321190503,-0.004527021914418785,-0.00040046442786127414,-0.00337317051252167,0.5200381038149333,0.4910075444016058
temoin_autres_wallets,0,1,20,first,1858029,1533896,324133,11600,168,0.5162975971053549,1.4616010472678722,0.5165708757308187,0.000273278625463851,0.011304227542034829,-0.011030948916570905,-0.01287995957185875,-0.009240898734045103,0.0009312725723284994,-0.014390921242393776,-0.007670976590748034,-0.020907715631846107,-0.02444282529284609,-0.01750296721561883,-0.012096322884349085,-0.013960181751130937,-0.010261694502294064,-0.004214060425916012,-0.0064867278757583195,-0.0020065259881043534,-0.00337317051252167,0.5151926603615076,0.4881615007296304
temoin_autres_wallets,0,1,20,vwap,1858029,1533896,324133,11600,168,0.5180333206932589,1.4616010472678722,0.5165708757308187,-0.001462444962440216,0.01128074460811227,-0.012743189570552541,-0.014621047891222982,-0.010895038046783299,0.0009398129316030484,-0.016133974970514726,-0.009352404170590354,-0.024074912053011353,-0.027647405116272332,-0.02054495299853117,-0.013720454162918724,-0.015663031221607174,-0.011819795282426888,-0.004214060425916012,-0.0064867278757583195,-0.0020065259881043534,-0.00337317051252167,0.5151926603615076,0.4881615007296304
temoin_autres_wallets,0,1,20,best,1858029,1533896,324133,11600,168,0.5158261801430566,1.4616010472678722,0.5165708757308187,0.0007446955877621503,0.011301344811449277,-0.010556649223687058,-0.012398678926455995,-0.008694917270886634,0.0009358699418054706,-0.013933208566751919,-0.0071800898806221964,-0.0200267463259446,-0.023530694500479524,-0.016455992015212008,-0.011631470080161204,-0.013541416548472702,-0.009711794247516748,-0.004214060425916012,-0.0064867278757583195,-0.0020065259881043534,-0.00337317051252167,0.5151926603615076,0.4881615007296304
temoin_autres_wallets,0,1,30,first,1858029,1463827,394202,11413,168,0.511660019438081,1.0847593328993113,0.5120933006427673,0.0004332812046862092,0.011090590014871176,-0.01065730881018491,-0.012511660997786158,-0.0089904360633045,0.0009156406809624811,-0.01396088226423733,-0.007353735356132487,-0.02038698495509627,-0.023929375640395514,-0.017175783790827667,-0.011517909804389492,-0.013524686381091588,-0.00934857050266869,-0.005874009634891565,-0.008490815218536533,-0.0033682772789187933,-0.00337317051252167,0.5122719137134694,0.4866825697652489
temoin_autres_wallets,0,1,30,vwap,1858029,1463827,394202,11413,168,0.5133973563003108,1.0847593328993113,0.5120933006427673,-0.0013040556575436167,0.011069316941972981,-0.012373372599516649,-0.014304655822682305,-0.010659240517337331,0.000923101166652727,-0.015703863012364226,-0.009042882186669073,-0.02359229524160918,-0.027347211301930106,-0.020293465870837666,-0.013159869771837935,-0.015185681941446531,-0.011042477884124118,-0.005874009634891565,-0.008490815218536533,-0.0033682772789187933,-0.00337317051252167,0.5122719137134694,0.4866825697652489
temoin_autres_wallets,0,1,30,best,1858029,1463827,394202,11413,168,0.5111965655835037,1.0847593328993113,0.5120933006427673,0.0008967350592635002,0.011088105398647845,-0.010191370339384285,-0.012186728635982478,-0.008460813024818317,0.0009353334972730628,-0.01356599422462854,-0.00681674645414003,-0.019513056586974564,-0.023345418003772326,-0.016147218971225626,-0.011069728780138783,-0.013180341790345,-0.00890065305916918,-0.005874009634891565,-0.008490815218536533,-0.0033682772789187933,-0.00337317051252167,0.5122719137134694,0.4866825697652489
temoin_autres_wallets,0,1,60,first,1858029,1263665,594364,10778,168,0.5037914611159396,1.1506261548749075,0.5032971554961164,-0.0004943056198231336,0.010521289741450796,-0.011015595361273929,-0.012797579549857154,-0.009309977021333656,0.0009007544357309334,-0.014265460187477092,-0.007765730535070766,-0.021418087229822805,-0.02490483095099812,-0.018070039146697255,-0.011473639151804289,-0.01383233032586964,-0.009167393541697124,-0.01026724317357915,-0.013346646108341059,-0.007289046964920979,-0.00337317051252167,0.5076330213525889,0.4873697725055642
temoin_autres_wallets,0,1,60,vwap,1858029,1263665,594364,10778,168,0.5055365407842537,1.1506261548749075,0.5032971554961164,-0.0022393852881372467,0.010499427314822394,-0.012738812602959693,-0.014452531585429883,-0.010905763105218675,0.0008942577545757374,-0.015965237815949967,-0.00951238738996942,-0.02468590057760042,-0.027984466572899103,-0.021103794528811386,-0.013039875101892508,-0.0152175381804691,-0.010767302140598033,-0.01026724317357915,-0.013346646108341059,-0.007289046964920979,-0.00337317051252167,0.5076330213525889,0.4873697725055642
temoin_autres_wallets,0,1,60,best,1858029,1263665,594364,10778,168,0.5033542982943372,1.1506261548749075,0.5032971554961164,-5.7142798220723544e-05,0.010518716877759125,-0.010575859675979854,-0.012332762216644151,-0.008736212215798012,0.0009137913631413952,-0.013872760908724434,-0.007278958443235274,-0.020580686986332166,-0.02401359942538506,-0.01698371808763282,-0.011066623362251981,-0.013261840455956173,-0.008783451490665128,-0.01026724317357915,-0.013346646108341059,-0.007289046964920979,-0.00337317051252167,0.5076330213525889,0.4873697725055642
in_sample_fuite,10,0,0,first,43276,40291,2985,181,168,0.5137585391453153,1.2800625449852325,0.5758854334714949,0.06212689432617954,0.012317007115761093,0.04980988721041845,0.040398557998263654,0.06076833952720158,0.005275186881953336,0.03077734779761282,0.06884242662322408,0.0946820044467515,0.0766165853196457,0.11526030388016557,0.1090848819474996,0.08986629986395193,0.1307939427173234,0.0630579991015734,0.05364755864246937,0.07386120306699205,0.062084331948323364,0.5072467885096619,0.6149972325343718
in_sample_fuite,10,0,0,vwap,43276,40291,2985,181,168,0.5162760973094362,1.2800625449852325,0.5758854334714949,0.05960933616205862,0.012304791818870535,0.047304544343188086,0.037444165859599365,0.05806183299010669,0.005318300338615525,0.028116454315492853,0.06649263437088332,0.0894934821067764,0.0710563378803309,0.11020212731117465,0.10682529045555228,0.08684654190375424,0.12891706980754516,0.0630579991015734,0.05364755864246937,0.07386120306699205,0.062084331948323364,0.5072467885096619,0.6149972325343718
in_sample_fuite,10,0,0,best,43276,40291,2985,181,168,0.513153131857184,1.2800625449852325,0.5758854334714949,0.0627323016143109,0.012314113257697736,0.050418188356613165,0.04057140578777128,0.06114502144115269,0.005304097237997771,0.03128134221436514,0.06955503449886119,0.09594925054860529,0.0773271414351546,0.11674173499737611,0.10986200176345877,0.09065613490019818,0.1317006922430612,0.0630579991015734,0.05364755864246937,0.07386120306699205,0.062084331948323364,0.5072467885096619,0.6149972325343718
in_sample_fuite,10,0,1,first,43276,40158,3118,181,168,0.5148857912113104,1.2687633846307087,0.5760745057024752,0.06118871449116489,0.012271327896413926,0.048917386594750985,0.03923533291184712,0.05956200610121174,0.0052669179932874274,0.029914680807361052,0.06792009238214092,0.09279469976152355,0.0743279535091823,0.1134317499629806,0.10841718219612077,0.08947040036722888,0.12927844403193087,0.06346713401993108,0.054101504964724365,0.07429488995488291,0.062084331948323364,0.5070302481566396,0.6130877278718038
in_sample_fuite,10,0,1,vwap,43276,40158,3118,181,168,0.5173731695372763,1.2687633846307087,0.5760745057024752,0.05870133616519888,0.0122482333530519,0.04645310281214698,0.03661764294919314,0.05692900080786345,0.005232224085328384,0.027575570442380164,0.06533063518191379,0.087710018059384,0.06921435443590658,0.10692423245901568,0.10603983975308073,0.08692456120957093,0.129017319095701,0.06346713401993108,0.054101504964724365,0.07429488995488291,0.062084331948323364,0.5070302481566396,0.6130877278718038
in_sample_fuite,10,0,1,best,43276,40158,3118,181,168,0.5143280749478236,1.2687633846307087,0.5760745057024752,0.06174643075465164,0.012268423339369701,0.049478007415281945,0.03955733440010202,0.05986263723955549,0.005229784899993818,0.030609275471368116,0.06834673935919577,0.09395810184118963,0.07519682780091315,0.11338782001960604,0.1091496619848572,0.09005716322597235,0.13176366168909245,0.06346713401993108,0.054101504964724365,0.07429488995488291,0.062084331948323364,0.5070302481566396,0.6130877278718038
in_sample_fuite,10,0,2,first,43276,40164,3112,181,168,0.5146778896097599,1.2442236829001097,0.5760880390399362,0.06141014943017628,0.012226937665575236,0.04918321176460104,0.04001176920832614,0.060134924351858104,0.005211617850772039,0.03038002538107499,0.0679863981481271,0.0933436347868194,0.07608662186180334,0.11418433598544381,0.10691952402042941,0.08837769206390286,0.12677202176364896,0.0640452831802805,0.054561959765990216,0.07498758163444688,0.062084331948323364,0.5064645968947545,0.6137649087970334
in_sample_fuite,10,0,2,vwap,43276,40164,3112,181,168,0.5171184451639603,1.2442236829001097,0.5760880390399362,0.05896959387597599,0.012203881282995812,0.04676571259298016,0.03726893142061366,0.05643086257552959,0.005066648006539321,0.02848556820507831,0.065045856980882,0.08835016067977362,0.07044921044916212,0.10634595718644502,0.10463512613696149,0.08618778804867931,0.1247469408735304,0.0640452831802805,0.054561959765990216,0.07498758163444688,0.062084331948323364,0.5064645968947545,0.6137649087970334
in_sample_fuite,10,0,2,best,43276,40164,3112,181,168,0.5141390255041629,1.2442236829001097,0.5760880390399362,0.06194901353577334,0.012223203551331384,0.049725809984441954,0.04030224603233621,0.05943586568665029,0.0050544175753277285,0.03148979221599062,0.06796182775289329,0.09447070332852353,0.07672512075463056,0.11268140377575897,0.10760298317358517,0.0892673394887258,0.1278260676383191,0.0640452831802805,0.054561959765990216,0.07498758163444688,0.062084331948323364,0.5064645968947545,0.6137649087970334
in_sample_fuite,10,0,3,first,43276,40035,3241,180,168,0.5150454481283552,0.879955039340577,0.5758711127763207,0.06082566464796553,0.012176560584650569,0.04864910406331496,0.03882403029305778,0.05993518845943298,0.00531215817824053,0.029483174560361855,0.06781503356626807,0.09227441809963817,0.07398712610251962,0.11434458897227495,0.10505918085918178,0.08746942448653398,0.1235227045845319,0.06415407358719342,0.05460701813301992,0.0752247565891537,0.062084331948323364,0.5061438134780905,0.6143642598547704
in_sample_fuite,10,0,3,vwap,43276,40035,3241,180,168,0.5175207953001449,0.879955039340577,0.5758711127763207,0.05835031747617578,0.012155225652811432,0.04619509182336434,0.036513514462742154,0.056361113618233975,0.0051726448997467395,0.027532517373220204,0.06485766627350847,0.08721386280665178,0.06878525720330089,0.10655807438692871,0.10321753579496916,0.08480091955210267,0.12266905456776177,0.06415407358719342,0.05460701813301992,0.0752247565891537,0.062084331948323364,0.5061438134780905,0.6143642598547704
in_sample_fuite,10,0,3,best,43276,40035,3241,180,168,0.5145151950208793,0.879955039340577,0.5758711127763207,0.0613559177554415,0.012173459153873174,0.04918245860156832,0.03944440364414697,0.0593000139752679,0.0051853397709581564,0.030474081861935943,0.0678908353412007,0.09338051657602228,0.07491213857750888,0.11276220774577336,0.10572441012825522,0.08742641296890617,0.12492769064074927,0.06415407358719342,0.05460701813301992,0.0752247565891537,0.062084331948323364,0.5061438134780905,0.6143642598547704
in_sample_fuite,10,0,5,first,43276,39744,3532,180,168,0.5153837750774808,1.334465579710145,0.5750805152979066,0.059696740220425724,0.012060328251344798,0.04763641196908093,0.03789918767308551,0.05868102058899332,0.005332219886263163,0.028398101097055345,0.06687472284110652,0.09031556456586803,0.07197395652576365,0.11126298187827535,0.10377690347491057,0.08693025841558445,0.12314977949459419,0.06441928885559953,0.054570762573699326,0.07561757534162386,0.062084331948323364,0.5050812197859088,0.6142536301607554
in_sample_fuite,10,0,5,vwap,43276,39744,3532,180,168,0.5175367863271723,1.334465579710145,0.5750805152979066,0.0575437289707343,0.012041473882375423,0.04550225508835888,0.035584001744448035,0.05682023930859697,0.005331776361704252,0.02626554442478788,0.06473896575192989,0.08592168241640848,0.06738604209477869,0.10679896729527297,0.10207406263683609,0.08361833755930556,0.12271210460865528,0.06441928885559953,0.054570762573699326,0.07561757534162386,0.062084331948323364,0.5050812197859088,0.6142536301607554
in_sample_fuite,10,0,5,best,43276,39744,3532,180,168,0.5148725285642336,1.334465579710145,0.5750805152979066,0.06020798673367301,0.012057336963915925,0.048150649769757095,0.038196820216558486,0.059345273591239624,0.005303286539731697,0.029016728575391722,0.06728457096412246,0.09137961789562829,0.07286250756694601,0.11201338865020309,0.10443228883425754,0.08676112267644377,0.12407991487557352,0.06441928885559953,0.054570762573699326,0.07561757534162386,0.062084331948323364,0.5050812197859088,0.6142536301607554
in_sample_fuite,10,0,10,first,43276,38881,4395,180,168,0.5172667472022967,1.4246032766646948,0.574985211285718,0.05771846408342122,0.011803210985614302,0.045915253097806905,0.03606196596636401,0.05693337375679473,0.005426501209935382,0.02633678119474339,0.06549372500087042,0.08678484269843777,0.06826494119956945,0.10733191020650096,0.10165231527605867,0.08393105285725184,0.12111305370385966,0.0645332778320931,0.054864719895034345,0.07549187525359104,0.062084331948323364,0.504851144120841,0.6159886013125276
in_sample_fuite,10,0,10,vwap,43276,38881,4395,180,168,0.5195146339106902,1.4246032766646948,0.574985211285718,0.05547057737502778,0.011785538835715105,0.04368503853931268,0.03374596138958857,0.05510558849576751,0.005357610671630215,0.024355119325434084,0.06301495775319127,0.08222289541803701,0.06363199348098936,0.10365611347026057,0.09921051640363611,0.08252338573829827,0.1197265408140713,0.0645332778320931,0.054864719895034345,0.07549187525359104,0.062084331948323364,0.504851144120841,0.6159886013125276
in_sample_fuite,10,0,10,best,43276,38881,4395,180,168,0.5167809430380493,1.4246032766646948,0.574985211285718,0.05820426824766853,0.011801482879833158,0.04640278536783538,0.03640925614596648,0.05790233175941429,0.005371889646111135,0.027021348520427577,0.06578422221524319,0.08778722691594792,0.06893769366577328,0.10926837674092743,0.10214064224825008,0.0854314905918263,0.12254695546487068,0.0645332778320931,0.054864719895034345,0.07549187525359104,0.062084331948323364,0.504851144120841,0.6159886013125276
in_sample_fuite,10,0,20,first,43276,37649,5627,175,168,0.5176537355682223,1.420967356370687,0.5736938564105288,0.056040120842306564,0.011428536935493287,0.04461158390681329,0.03504263522961301,0.054227066585698994,0.004901211809448703,0.026928322816487802,0.062294844997138776,0.08431880300147458,0.06629626635531209,0.1021141092298407,0.09734826457230376,0.0802869287195816,0.11612425969320474,0.0644094536374689,0.05443742883227008,0.07555790981809946,0.062084331948323364,0.5036161856481806,0.6149349897000913
in_sample_fuite,10,0,20,vwap,43276,37649,5627,175,168,0.5197077325372775,1.420967356370687,0.5736938564105288,0.05398612387325128,0.011407127873185463,0.04257899600006583,0.0336203373730964,0.05288171904862998,0.005010152201418652,0.02450268489080968,0.06065530710932198,0.08016909179901194,0.06329071753529696,0.09979847946211369,0.09530268170809196,0.07824888354208175,0.11405651459209269,0.0644094536374689,0.05443742883227008,0.07555790981809946,0.062084331948323364,0.5036161856481806,0.6149349897000913
in_sample_fuite,10,0,20,best,43276,37649,5627,175,168,0.5171787779604824,1.420967356370687,0.5736938564105288,0.05651507845004648,0.011426505926236908,0.04508857252380959,0.0360492534856592,0.05546780703598887,0.004997542451101576,0.027057756593258188,0.06311938845436099,0.0852972414355815,0.06830796823475799,0.10454726381098385,0.0978354346441041,0.08069622747831967,0.1167870617735714,0.0644094536374689,0.05443742883227008,0.07555790981809946,0.062084331948323364,0.5036161856481806,0.6149349897000913
in_sample_fuite,10,0,30,first,43276,36344,6932,175,168,0.5180328251482142,1.0679616993176315,0.5737398195025314,0.05570699435431708,0.011147115109271516,0.04455987924504557,0.03570361052421835,0.0552437201792449,0.0050431914673839465,0.026364364561446706,0.06275539392864443,0.08420553360991695,0.06753645927285114,0.10397679692794488,0.10117390156294191,0.0827931254887004,0.12011672435916397,0.06434994746066126,0.05379799567280739,0.0760324190673783,0.062084331948323364,0.503632015477899,0.615862651731319
in_sample_fuite,10,0,30,vwap,43276,36344,6932,175,168,0.5202076412546014,1.0679616993176315,0.5737398195025314,0.053532178247930017,0.011125819345392576,0.042406358902537446,0.0326626492339108,0.05331000776100855,0.005138021056383678,0.02386870508140167,0.060944012723673224,0.079811195881869,0.06163498665597558,0.10030052863781247,0.09893061236589526,0.08037717901715064,0.11962060663268893,0.06434994746066126,0.05379799567280739,0.0760324190673783,0.062084331948323364,0.503632015477899,0.615862651731319
in_sample_fuite,10,0,30,best,43276,36344,6932,175,168,0.5175723075397067,1.0679616993176315,0.5737398195025314,0.056167511962824684,0.011144303461375597,0.045023208501449086,0.03519706863076612,0.05583741232786698,0.005155003053926564,0.0264242847111585,0.06362213229173967,0.0851556534533713,0.06651457877563532,0.10585000666042546,0.10160647674825825,0.08286645829908486,0.12242116098826167,0.06434994746066126,0.05379799567280739,0.0760324190673783,0.062084331948323364,0.503632015477899,0.615862651731319
in_sample_fuite,10,0,60,first,43276,31806,11470,170,168,0.5270894419597372,1.1378985097151482,0.582594479029114,0.05550503706937686,0.010368171136429452,0.04513686593294739,0.035524791748314424,0.055514519629847006,0.005195849917285357,0.02639056925252749,0.0638831626133673,0.0839821873076177,0.06624343271151002,0.1033232217797598,0.09486530005112608,0.07790585585533269,0.11317745600731423,0.06710435568232463,0.05549620371317025,0.07959437509872927,0.062084331948323364,0.5095189122680256,0.6224269571969583
in_sample_fuite,10,0,60,vwap,43276,31806,11470,170,168,0.529309629767148,1.1378985097151482,0.582594479029114,0.053284849261965986,0.010346750755008573,0.042938098506957414,0.03391572879818935,0.05348667544804451,0.005047046074284509,0.024728676646343307,0.061147520367571526,0.07956562741908414,0.0628621031833776,0.09888706687090845,0.0921068984415912,0.07544647838548407,0.1111894275931147,0.06710435568232463,0.05549620371317025,0.07959437509872927,0.062084331948323364,0.5095189122680256,0.6224269571969583
in_sample_fuite,10,0,60,best,43276,31806,11470,170,168,0.5266758200736622,1.1378985097151482,0.582594479029114,0.05591865895545182,0.010366889118319874,0.04555176983713194,0.03649741979256122,0.05612982985945741,0.005060083205531249,0.027295310834548062,0.06380822883971582,0.08481964107783481,0.06781907913103723,0.10409092926365787,0.09528515317863465,0.07882888409512491,0.11415001658134555,0.06710435568232463,0.05549620371317025,0.07959437509872927,0.062084331948323364,0.5095189122680256,0.6224269571969583
