hour,rank,wallet,name,pseudonym,pnl,pnl_incl_rebate,fees,rebate_est,volume,n_markets,n_trades,win_rate,taker_share,first_t_rel_median,t_rel_median,assets
2026-09-23 21:00:00+00:00,1,0xb27bc932bf8110d8f78e55da7d5f0497a18b5b82,,,22.081410995483566,209.0743373544464,87.30427999999999,186.99292635896285,39515.68056600452,44,2756,0.5681818181818182,0.1043025612605125,11.0,184.0,"btc,eth,sol"
2026-09-23 21:00:00+00:00,2,0x4a86dfe0f05e34b133b29b7626368e78912c501e,komsa,Perfumed-Praise-Retrospective,637.1067833055745,637.1067833055745,763.49389,0.0,37192.50568564559,8,41,0.375,1.0,79.5,110.0,btc
2026-09-23 21:00:00+00:00,3,0x48ac40fc545cf327edd5365435c3a9f385614a7e,BoneOhio,Warlike-Fallingout,158.58717888905767,160.66433232257717,17.40229,2.077153433519495,33098.83353111094,20,162,0.85,0.701087999741721,268.5,283.0,"btc,eth"
2026-09-23 21:00:00+00:00,4,0xb55fa1296e6ec55d0ce53d93b9237389f11764d4,0xb55fa1296E6ec55D0cE53d93B9237389f11764d4-1777575277609,Lively-Authenticity,-1843.4912430676434,-1828.483285642862,623.89753,15.00795742478145,28093.249918067642,41,1265,0.3170731707317073,0.904598261083431,19.0,173.0,"btc,eth,sol"
2026-09-23 21:00:00+00:00,5,0x21f4c1a1be34a39a7bc20985df4b7e5a39fb691d,CrouchPredictions,Vague-Hourglass,407.6962160032279,497.4038009876032,4.41873,89.70758498437527,19659.10370499677,16,2316,0.8125,0.0169432952794809,7.5,154.0,btc
2026-09-23 21:00:00+00:00,6,0x322b2e7c44237c9fed01d534cd1c96687d52aa0c,yguaihdkjls,Gloomy-Drawing,-310.96978000562973,-232.45271072025753,0.0,78.5170692853722,14345.80802500563,12,1299,0.5,0.0,12.0,161.0,btc
2026-09-23 21:00:00+00:00,7,0xce25e214d5cfe4f459cf67f08df581885aae7fdc,0xcE25E214D5cfE4f459cf67F08DF581885AAE7Fdc-1777575398144,Agile-Spacing,-753.495192062956,-742.0363799115312,289.95134,11.458812151424851,13689.008127062956,35,1166,0.2857142857142857,0.8346501454311358,22.0,175.0,"btc,eth,sol"
2026-09-23 21:00:00+00:00,8,0x9d57c42e847173d06841703825d3fe2299e456ea,Polkadot-Frog,Supportive-Matchmaker,72.41040300591794,126.76846748723219,62.032619999999994,54.358064481314265,11844.565028994082,32,2165,0.5,0.193821266916086,25.0,152.0,"btc,eth"
2026-09-23 21:00:00+00:00,9,0xae50b6122d613c661b71c3fc6775971deb25d7aa,gazddddd,Sorrowful-Element,-9986.465088385401,-9986.465088385401,455.39979,0.0,11772.734698894528,3,28,0.0,1.0,13.0,55.0,btc
2026-09-23 21:00:00+00:00,10,0x0cb038487586d1119b165466072e9baf666f3a90,,,-90.10251702690073,-68.8586531075585,173.79741,21.24386391934214,11105.6666480072,10,503,0.6,0.5343723871887753,16.0,160.0,btc
2026-09-23 21:00:00+00:00,11,0xb4077d7ecb09e5478305fb0c71bc176a5eda252c,0xB4077D7ecB09E5478305fB0c71Bc176a5EDa252c-1772320937442,Expensive-Arrest,847.5685710306493,847.5685710306493,168.55292,0.0,11088.527184059587,7,71,0.5714285714285714,1.0,32.0,104.0,btc
2026-09-23 21:00:00+00:00,12,0x71246529fd8c3887724b178844ba1bb94defcc9c,Understandable98,Pointed-Dose-Formamide,-2427.4806790958723,-2427.4806790958723,270.21288,0.0,8042.732198813516,2,12,0.0,1.0,40.0,43.0,btc
2026-09-23 21:00:00+00:00,13,0x41e2e1ccf1e4940029af02259a31c6b89b9fa354,norm1e69,Improbable-Harmonica,316.1320979991402,319.71294324273634,187.07252,3.580845243596114,7847.79683000086,40,584,0.525,0.9309880533693645,32.0,187.0,"btc,eth,sol"
2026-09-23 21:00:00+00:00,14,0x5e4aa0f176014729f5168e821ce614484fbebe6b,THG.,Illiterate-Pod,104.91358004319989,105.00812337793454,7.22022,0.09454333473465287,7437.8661999568,11,11,1.0,0.9092239653351224,253.0,253.0,btc
2026-09-23 21:00:00+00:00,15,0xae3db1cc155e1b2a5420e256c42cd1649b5a6b95,suspiciouslyLucky,Agitated-Conscience,-153.68691000582288,-153.68691000582288,159.21743,0.0,7027.763050001823,41,342,0.5121951219512195,1.0,104.0,183.0,"btc,eth,sol"
2026-09-23 21:00:00+00:00,16,0xe29042f5d913dcc4015aab3455c13c58514ca33f,stepahead,Windy-Turban,369.55328800467885,407.7994695159318,0.0,38.24618151125294,6552.474279995321,12,935,0.75,0.0,-27.0,109.0,btc
2026-09-23 21:00:00+00:00,17,0xaa1a4f31c010d4a63fc49770d4ca2d69ea370602,hdueilqhsdn,Downright-Scheduling,456.2905580024433,492.62686160470093,0.0,36.33630360225766,6488.580601997557,12,407,0.5833333333333334,0.0,18.0,149.0,btc
2026-09-23 21:00:00+00:00,18,0x3725d52f3c252e8374999cc8617292ea2608ad88,almach,Rural-Wharf-Parable,482.24339101313296,518.1453468877277,28.28444,35.90195587459462,6220.133209986867,21,237,0.47619047619047616,0.12528140052433914,50.0,133.0,"btc,eth"
2026-09-23 21:00:00+00:00,19,0xc2ad03f79ca3f3c17d8c7de2612ce0c89b7d40ed,bosona,Impolite-Sister,993.231874044576,1028.0015192413036,28.533929999999998,34.7696451967277,6197.718541955424,23,150,0.4782608695652174,0.14341430543705913,64.0,192.0,"btc,eth"
2026-09-23 21:00:00+00:00,20,0x4c9497941333332d29f1c235dd23200f3623ffad,,,-502.0475409924788,-471.25134486476475,0.0,30.79619612771405,6153.620153992479,12,579,0.25,0.0,13.5,130.0,btc
2026-09-23 22:00:00+00:00,1,0xa8278bd8002eddb9b26deb70d8331c23da45f959,JeroHJ,Imperfect-Deposition,2591.090427097918,2591.090427097918,150.96119000000002,0.0,25037.14251890208,8,24,1.0,1.0,169.5,185.0,btc
2026-09-23 22:00:00+00:00,2,0xb27bc932bf8110d8f78e55da7d5f0497a18b5b82,,,-768.8132179954408,-664.2331119521859,45.018119999999996,104.5801060432549,24389.73931399544,44,1861,0.38636363636363635,0.060814429990964904,10.0,176.0,"btc,eth,sol"
2026-09-23 22:00:00+00:00,3,0x48ac40fc545cf327edd5365435c3a9f385614a7e,BoneOhio,Warlike-Fallingout,270.75165501036787,271.9750456723788,15.26506,1.2233906620109434,23782.320120989632,15,116,0.8666666666666667,0.6993911995706751,184.0,260.0,"btc,eth,sol"
2026-09-23 22:00:00+00:00,4,0x21f4c1a1be34a39a7bc20985df4b7e5a39fb691d,CrouchPredictions,Vague-Hourglass,-14.814605000304937,65.86792574538106,2.7480200000000004,80.682530745686,17795.073392000304,16,2206,0.4375,0.022608774413924896,5.0,140.0,btc
2026-09-23 22:00:00+00:00,5,0xee65685de42f8de9a03b4c53ee77d56a20d2cfc9,0x50f7,Haunting-Cheese,-9.964072999732114,-7.8296109415393484,0.03715,2.1344620581927685,16738.28692299973,18,66,0.7777777777777778,0.029916366131347148,303.0,285.5,"btc,eth,sol"
2026-09-23 22:00:00+00:00,6,0xb4077d7ecb09e5478305fb0c71bc176a5eda252c,0xB4077D7ecB09E5478305fB0c71Bc176a5EDa252c-1772320937442,Expensive-Arrest,-2088.5770019709603,-2088.5770019709603,255.97218,0.0,15667.297921063544,7,104,0.5714285714285714,1.0,35.0,75.5,btc
2026-09-23 22:00:00+00:00,7,0x0cb038487586d1119b165466072e9baf666f3a90,,,-990.7571050377447,-958.8550646809098,216.45984,31.90204035683485,13807.27677104876,16,695,0.4375,0.5172805624511303,5.0,175.0,btc
2026-09-23 22:00:00+00:00,8,0x322b2e7c44237c9fed01d534cd1c96687d52aa0c,yguaihdkjls,Gloomy-Drawing,-312.1195449967778,-258.2678681516316,0.0,53.851676845146194,12297.941128996777,12,1049,0.5,0.0,10.5,176.0,btc
2026-09-23 22:00:00+00:00,9,0x9d57c42e847173d06841703825d3fe2299e456ea,Polkadot-Frog,Supportive-Matchmaker,-147.34726299372326,-113.629175168307,55.53554,33.718087825416276,12266.306530993723,29,1837,0.4482758620689655,0.3074813686145057,19.0,152.0,"btc,eth"
2026-09-23 22:00:00+00:00,10,0xb55fa1296e6ec55d0ce53d93b9237389f11764d4,0xb55fa1296E6ec55D0cE53d93B9237389f11764d4-1777575277609,Lively-Authenticity,455.1052699884635,455.40898718558907,247.85335,0.3037171971255987,9841.553783011537,18,261,0.6111111111111112,0.9947721669632276,31.5,166.0,"btc,eth,sol"
2026-09-23 22:00:00+00:00,11,0xd4fa2e10c74ab94bc23414989a516b07386ddcc8,quantbarbie,Clueless-Lime,-150.3134039990499,-105.84591208682204,6.50159,44.467491912227864,9272.11209299905,12,1150,0.5,0.019189004210686054,7.0,160.5,btc
2026-09-23 22:00:00+00:00,12,0x71246529fd8c3887724b178844ba1bb94defcc9c,Understandable98,Pointed-Dose-Formamide,458.3478379261435,458.3478379261435,185.77789,0.0,8797.169199662563,4,10,0.5,1.0,51.0,200.0,btc
2026-09-23 22:00:00+00:00,13,0x2277c18fb73d4cfbd61384be80ef9339a9496604,EVPLUS.AI,Bright-Jasmine,22.02591999999998,22.569196056793988,1.05419,0.5432760567940091,8450.16989,8,46,0.875,0.06334696307508204,297.0,298.0,"btc,eth,sol"
2026-09-23 22:00:00+00:00,14,0x41e2e1ccf1e4940029af02259a31c6b89b9fa354,norm1e69,Improbable-Harmonica,99.783619992956,101.34221809717211,183.32486,1.5585981042160997,6935.712087007044,40,547,0.425,0.9635192464991428,38.0,191.0,"btc,eth,sol"
2026-09-23 22:00:00+00:00,15,0x3048d65321be3497164cdfc2996f94f98a2e7537,x-MoneyForWhiskas,Flashy-Gold,-142.08302100279388,-132.9967374941383,162.58592,9.086283508655576,6670.245143002794,12,603,0.4166666666666667,0.7718722010401743,7.0,122.0,btc
2026-09-23 22:00:00+00:00,16,0xb1d30490fa2ec8dc55591e8c71d3d64b6e0fc279,hoodquant,Tender-Affidavit,71.62494699999982,72.37326954987516,3.24844,0.7483225498753389,6273.310488,18,98,0.7222222222222222,0.5999656927868608,95.0,227.0,"btc,eth,sol"
2026-09-23 22:00:00+00:00,17,0x5e4aa0f176014729f5168e821ce614484fbebe6b,THG.,Illiterate-Pod,74.95529999400003,74.95529999400003,5.5565,0.0,6175.488200006,9,9,1.0,1.0,250.0,250.0,btc
2026-09-23 22:00:00+00:00,18,0xaa1a4f31c010d4a63fc49770d4ca2d69ea370602,hdueilqhsdn,Downright-Scheduling,3.0272049883506043,26.186698609966903,0.0,23.159493621616317,6169.96749501165,12,448,0.5833333333333334,0.0,27.0,164.0,btc
2026-09-23 22:00:00+00:00,19,0x4715177a5cd9a181a07014ac00de39d5e0ce4e3b,,,757.2276810602323,757.2276810602323,104.72022,0.0,6123.0573929628235,9,25,0.8888888888888888,1.0,52.0,160.0,"btc,sol"
2026-09-23 22:00:00+00:00,20,0x3884acd922095fc579938f2c6d1569decc38416d,Chepell-plus,Trim-School,15.065579999999997,15.27516470434967,0.0,0.20958470434967272,6050.51442,3,10,1.0,0.0,296.0,267.5,"btc,sol"
2026-09-23 23:00:00+00:00,1,0x48ac40fc545cf327edd5365435c3a9f385614a7e,BoneOhio,Warlike-Fallingout,481.17353618220443,483.21407752753964,24.25121,2.0405413453352215,42765.56442781779,24,161,1.0,0.6788766981859744,253.0,259.0,"btc,eth,sol"
2026-09-23 23:00:00+00:00,2,0xb27bc932bf8110d8f78e55da7d5f0497a18b5b82,,,-533.7382279996643,-377.50592117571614,38.64308,156.23230682394825,34154.268354999665,44,2520,0.5,0.047979926841524086,10.0,179.0,"btc,eth,sol"
2026-09-23 23:00:00+00:00,3,0x21f4c1a1be34a39a7bc20985df4b7e5a39fb691d,CrouchPredictions,Vague-Hourglass,-682.8293549942771,-571.3594979268204,4.90177,111.4698570674568,24328.241876994278,16,2995,0.375,0.01991132328625075,5.0,139.0,btc
2026-09-23 23:00:00+00:00,4,0xa8278bd8002eddb9b26deb70d8331c23da45f959,JeroHJ,Imperfect-Deposition,1775.6713219904211,1775.6713219904211,119.54452,0.0,21999.999814009578,7,22,1.0,1.0,181.0,182.5,btc
2026-09-23 23:00:00+00:00,5,0x0cb038487586d1119b165466072e9baf666f3a90,,,-397.5605320267806,-361.8831075171904,420.45105,35.67742450959015,19688.438388080835,16,937,0.5,0.6722492933770727,8.0,169.0,btc
2026-09-23 23:00:00+00:00,6,0x322b2e7c44237c9fed01d534cd1c96687d52aa0c,yguaihdkjls,Gloomy-Drawing,-974.6547580075195,-901.4150131978788,0.0,73.23974480964067,14750.21744400752,12,1183,0.25,0.0,9.0,146.0,btc
2026-09-23 23:00:00+00:00,7,0x9d57c42e847173d06841703825d3fe2299e456ea,Polkadot-Frog,Supportive-Matchmaker,-349.1511870111298,-314.1031200454877,74.19743,35.04806696564216,12965.901461012338,31,1504,0.5483870967741935,0.39178775307558344,53.0,163.0,"btc,eth"
2026-09-23 23:00:00+00:00,8,0x074a3a0ffc6e1077a9d7fcbd774029e0cc6ef0e0,ox123bs,Colorless-Discussion-Steamroller,2403.956344023495,2423.6440692444367,286.0932,19.68772522094174,12495.572300037817,5,517,0.8,0.7698528061816398,58.0,67.0,btc
2026-09-23 23:00:00+00:00,9,0xb55fa1296e6ec55d0ce53d93b9237389f11764d4,0xb55fa1296E6ec55D0cE53d93B9237389f11764d4-1777575277609,Lively-Authenticity,-618.3510490146967,-614.4214358507498,261.8719,3.9296131639468723,12113.150612014697,21,439,0.38095238095238093,0.9258871468081188,40.0,220.0,"btc,eth,sol"
2026-09-23 23:00:00+00:00,10,0x64071a44d1f42709c82934bbefe3f292661493aa,smash-to-net,Rotten-Democracy,2906.8593539768026,2906.8593539768026,404.1144,0.0,11809.664067023197,5,247,0.8,1.0,56.0,73.0,btc
2026-09-23 23:00:00+00:00,11,0x9595b9d67a821bebac4627a1f5c9a5540dc42008,ghuhkhh6769vggvuyyug.,Mundane-Junker-Penicillin,2195.8126500193716,2203.800659559172,328.67766,7.988009539800248,10774.551581980628,5,352,0.8,0.9047944655331833,58.0,77.0,btc
2026-09-23 23:00:00+00:00,12,0x41e2e1ccf1e4940029af02259a31c6b89b9fa354,norm1e69,Improbable-Harmonica,-34.6549209940095,-31.5603475817672,243.29663,3.0945734122423008,10068.37475699401,40,692,0.35,0.9482381539645606,41.0,188.0,"btc,eth,sol"
2026-09-23 23:00:00+00:00,13,0xee65685de42f8de9a03b4c53ee77d56a20d2cfc9,0x50f7,Haunting-Cheese,34.32415899999963,35.815539167262756,0.65723,1.4913801672631195,8634.288611,9,54,0.7777777777777778,0.10978277918488727,856.0,297.5,"btc,eth,sol"
2026-09-23 23:00:00+00:00,14,0x3048d65321be3497164cdfc2996f94f98a2e7537,x-MoneyForWhiskas,Flashy-Gold,-250.35360599746417,-238.88276905017864,219.38079,11.470836947285495,8589.778201997464,12,701,0.5,0.7792304693550222,7.5,115.0,btc
2026-09-23 23:00:00+00:00,15,0xcfddfb6e1b321fcfdcb6f9aa09b11990142ce5da,trdyugiolkw,Deadly-Champion,-224.56984199798413,-189.8441435273904,22.98762,34.72569847059372,8344.966324997984,13,541,0.46153846153846156,0.12605472281573366,41.0,661.0,btc
2026-09-23 23:00:00+00:00,16,0x87e3bbacf3b9a5f86fa1e9c8f01e4d1fc16f3cd2,0x87E3bBaCf3b9a5F86fa1e9c8F01e4D1FC16F3CD2-1780223149144,Bumpy-Employer-Combat,97.90546000966236,97.90546000966236,7.25979,0.0,7870.899749990338,5,5,1.0,1.0,244.0,244.0,btc
2026-09-23 23:00:00+00:00,17,0xaa1a4f31c010d4a63fc49770d4ca2d69ea370602,hdueilqhsdn,Downright-Scheduling,-400.0559919997772,-365.26146297279223,0.0,34.79452902698495,7608.758669999777,11,523,0.36363636363636365,0.0,20.0,139.0,btc
2026-09-23 23:00:00+00:00,18,0x4c9497941333332d29f1c235dd23200f3623ffad,,,116.29333101244481,154.0478135948258,0.0,37.75448258238099,7400.003877987555,12,754,0.5833333333333334,0.0,10.0,110.0,btc
2026-09-23 23:00:00+00:00,19,0xae3db1cc155e1b2a5420e256c42cd1649b5a6b95,suspiciouslyLucky,Agitated-Conscience,-458.38116399577126,-458.38116399577126,153.10093,0.0,7086.629857995654,42,391,0.5714285714285714,1.0,82.5,157.0,"btc,eth,sol"
2026-09-23 23:00:00+00:00,20,0x4715177a5cd9a181a07014ac00de39d5e0ce4e3b,,,-395.2404859857841,-395.2404859857841,123.80099,0.0,6266.048484886478,8,25,0.5,1.0,49.5,160.0,btc
2026-09-24 00:00:00+00:00,1,0x664a25f165a0150ce687410470f3352f5783fc5f,itsonlyamatteroftime,Satisfied-Fan,-40026.3966249001,-39818.90035420404,0.0,207.49627069606083,56598.7332919001,6,372,0.3333333333333333,0.0,564.0,715.5,"btc,eth,sol"
2026-09-24 00:00:00+00:00,2,0x48ac40fc545cf327edd5365435c3a9f385614a7e,BoneOhio,Warlike-Fallingout,874.1535397115214,875.3985490656468,58.09285,1.2450093541253793,46178.36261028848,22,145,0.9090909090909091,0.8095966354588536,231.5,235.0,"btc,eth,sol"
2026-09-24 00:00:00+00:00,3,0xb27bc932bf8110d8f78e55da7d5f0497a18b5b82,,,-1170.5989939497074,-1029.9697500628586,139.14004,140.62924388684877,38595.39866794971,44,2612,0.5454545454545454,0.1632506485850575,10.0,239.0,"btc,eth,sol"
2026-09-24 00:00:00+00:00,4,0xa8278bd8002eddb9b26deb70d8331c23da45f959,JeroHJ,Imperfect-Deposition,1747.2916070549259,1747.2916070549259,121.70379,0.0,27999.743869945072,8,21,1.0,1.0,151.5,158.0,btc
2026-09-24 00:00:00+00:00,5,0x433f62d1f91768a0877171eee70e172f0bf7a0dc,penguinx,Mealy-Gift,-19768.777912021076,-19692.08776768823,201.9633,76.690144332845,22542.621279021077,4,234,0.5,0.3678463785287183,698.0,776.0,btc
2026-09-24 00:00:00+00:00,6,0x21f4c1a1be34a39a7bc20985df4b7e5a39fb691d,CrouchPredictions,Vague-Hourglass,-1147.4120699942255,-1065.0977205394072,5.88399,82.31434945481824,21668.271342994223,16,2664,0.25,0.04885448590901291,7.0,157.0,btc
2026-09-24 00:00:00+00:00,7,0x5b6331e7ff0831a3fe2ed12004747db1a9c911a4,neutralwave23,Monstrous-Dew,37377.400698263744,37459.79514481452,482.94300999999996,82.3944465507657,19860.273069736257,9,241,0.5555555555555556,0.5380832909067029,14.0,682.0,"btc,sol"
2026-09-24 00:00:00+00:00,8,0x10d57bd3327bcdf43bf0656e717aa56f9dbd5388,maxmaxi04,Quaint-Dreamer-Custody,-17681.8771109593,-17681.8771109593,373.26008,0.0,18903.5906289593,6,133,0.3333333333333333,1.0,690.0,721.0,"btc,eth,sol"
2026-09-24 00:00:00+00:00,9,0x074a3a0ffc6e1077a9d7fcbd774029e0cc6ef0e0,ox123bs,Colorless-Discussion-Steamroller,26786.59099158148,26828.917808096325,537.36004,42.326816514842264,16278.671705418521,4,224,0.75,0.6881341427726072,663.0,682.0,btc
2026-09-24 00:00:00+00:00,10,0x0cb038487586d1119b165466072e9baf666f3a90,,,-1459.3376819271966,-1436.2039318197144,281.04353,23.133750107482058,15970.691241947594,16,761,0.5,0.6015051039069425,6.0,152.0,btc
2026-09-24 00:00:00+00:00,11,0xcfddfb6e1b321fcfdcb6f9aa09b11990142ce5da,trdyugiolkw,Deadly-Champion,-467.5932319876476,-379.0475529845218,28.08687,88.54567900312574,15622.155791987647,11,1056,0.2727272727272727,0.07734620081157877,53.0,662.0,btc
2026-09-24 00:00:00+00:00,12,0xb945945d5bcaf7b56834d4da8cdf8f8f94b2db68,l5Zn1bWoM8eTsK,Noisy-Colonisation,-527.6225110023364,-439.94226178203166,27.07047,87.68024922030472,15486.269187002335,15,1002,0.6,0.07731488356159255,161.0,658.5,"btc,eth"
2026-09-24 00:00:00+00:00,13,0x8470248884a4b364829963afe634075d189070c4,Huiben888,Alert-Oncology,165.59947218071602,165.59947218071602,12.26588,0.0,12499.999847819283,5,5,1.0,1.0,197.0,197.0,btc
2026-09-24 00:00:00+00:00,14,0xfc369971792d08e095da0f6fdb23fa927c60ce29,gesinimen,Gullible-Percentage,141.85901001758424,141.98727447927868,9.829790000000001,0.12826446169446537,11861.061199982416,22,35,1.0,0.9228061060842213,195.5,200.0,"btc,eth,sol"
2026-09-24 00:00:00+00:00,15,0x9e3ed7b661a903fc97afcf49e0f014ebe869f882,0x9e3ed7b661a903fc97afcf49e0f014ebe869f882-1783406009396,Favorable-Pepper-Brushing,-365.67073802533696,-365.67073802533696,185.88336,0.0,10988.471235025338,20,80,0.55,1.0,57.5,138.0,"btc,eth"
2026-09-24 00:00:00+00:00,16,0x322b2e7c44237c9fed01d534cd1c96687d52aa0c,yguaihdkjls,Gloomy-Drawing,-233.4482749968173,-184.99106716343482,0.0,48.45720783338247,10074.830950996817,11,923,0.2727272727272727,0.0,13.0,134.0,btc
2026-09-24 00:00:00+00:00,17,0xae3db1cc155e1b2a5420e256c42cd1649b5a6b95,suspiciouslyLucky,Agitated-Conscience,-1511.417993003047,-1511.417993003047,146.27044,0.0,8229.258740991487,43,352,0.5813953488372093,1.0,46.0,210.5,"btc,eth,sol"
2026-09-24 00:00:00+00:00,18,0x41e2e1ccf1e4940029af02259a31c6b89b9fa354,norm1e69,Improbable-Harmonica,143.6767179983446,145.55634709651758,161.86565,1.879629098172979,7179.9431640016555,38,577,0.47368421052631576,0.9574652626039571,33.0,181.0,"btc,eth,sol"
2026-09-24 00:00:00+00:00,19,0xb55fa1296e6ec55d0ce53d93b9237389f11764d4,0xb55fa1296E6ec55D0cE53d93B9237389f11764d4-1777575277609,Lively-Authenticity,-886.4544379521428,-882.9155385695394,146.85365000000002,3.538899382603283,6859.740073952143,15,348,0.26666666666666666,0.9046060719583588,37.0,244.0,"btc,eth,sol"
2026-09-24 00:00:00+00:00,20,0xaa1a4f31c010d4a63fc49770d4ca2d69ea370602,hdueilqhsdn,Downright-Scheduling,-374.9176420089852,-340.5750228697584,0.0,34.342619139226706,6859.0367860089855,11,556,0.2727272727272727,0.0,13.0,136.0,btc
2026-09-24 01:00:00+00:00,1,0xb27bc932bf8110d8f78e55da7d5f0497a18b5b82,,,-479.429670066605,-230.40516008831025,50.9082,249.0245099782947,50055.750135066606,44,3738,0.38636363636363635,0.036001350157871884,10.5,209.0,"btc,eth,sol"
2026-09-24 01:00:00+00:00,2,0x21f4c1a1be34a39a7bc20985df4b7e5a39fb691d,CrouchPredictions,Vague-Hourglass,451.3526190019404,600.7859994211618,33.68947,149.43338041922135,32464.41120499806,16,4183,0.5625,0.04804126827232062,5.0,184.0,btc
2026-09-24 01:00:00+00:00,3,0x48ac40fc545cf327edd5365435c3a9f385614a7e,BoneOhio,Warlike-Fallingout,-3512.1597231192677,-3511.11508549084,21.8442,1.0446376284272798,26659.050100119268,17,117,0.8235294117647058,0.7240721228860629,223.0,281.0,"btc,eth,sol"
2026-09-24 01:00:00+00:00,4,0x9e3ed7b661a903fc97afcf49e0f014ebe869f882,0x9e3ed7b661a903fc97afcf49e0f014ebe869f882-1783406009396,Favorable-Pepper-Brushing,-8391.132278047859,-8391.132278047859,581.73766,0.0,19417.115146179924,25,139,0.4,1.0,53.0,172.0,"btc,eth"
2026-09-24 01:00:00+00:00,5,0xa8278bd8002eddb9b26deb70d8331c23da45f959,JeroHJ,Imperfect-Deposition,-10856.637334920977,-10856.637334920977,101.91056999999999,0.0,19093.05786492098,7,14,0.42857142857142855,1.0,163.0,176.5,btc
2026-09-24 01:00:00+00:00,6,0x074a3a0ffc6e1077a9d7fcbd774029e0cc6ef0e0,ox123bs,Colorless-Discussion-Steamroller,10023.887486834805,10075.733259040473,384.54043,51.84577220566846,18135.418712165196,4,858,1.0,0.6001317627629614,50.5,110.0,btc
2026-09-24 01:00:00+00:00,7,0x664a25f165a0150ce687410470f3352f5783fc5f,itsonlyamatteroftime,Satisfied-Fan,-14445.148269016981,-14351.611650434093,0.0,93.53661858288824,16916.467657012825,8,309,0.5,0.0,412.0,616.0,"btc,eth,sol"
2026-09-24 01:00:00+00:00,8,0x0cb038487586d1119b165466072e9baf666f3a90,,,-1847.3946150174027,-1816.2507934521964,268.30057999999997,31.143821565206256,16147.610119025478,16,879,0.25,0.6079543612739888,7.0,172.0,btc
2026-09-24 01:00:00+00:00,9,0x64071a44d1f42709c82934bbefe3f292661493aa,smash-to-net,Rotten-Democracy,1450.7937529811193,1452.8381433844947,458.94658,2.044390403375556,14261.20209201888,3,312,0.6666666666666666,0.978965779387762,20.0,104.0,btc
2026-09-24 01:00:00+00:00,10,0x4c9497941333332d29f1c235dd23200f3623ffad,,,-1003.1968509871547,-923.5280231449635,0.0,79.66882784219109,14238.645436987154,12,1453,0.3333333333333333,0.0,9.5,149.0,btc
2026-09-24 01:00:00+00:00,11,0xe9076a87c5ed90ef16e6fe6529c943baeca0cff6,suntori,All-Peasant-Drug,1739.41721390159,1739.41721390159,432.67221,0.0,13370.856121098963,24,158,0.375,1.0,44.5,153.0,"btc,eth"
2026-09-24 01:00:00+00:00,12,0x3048d65321be3497164cdfc2996f94f98a2e7537,x-MoneyForWhiskas,Flashy-Gold,-490.04622800101356,-469.3648323027903,304.55361,20.681395698223316,13245.680051001014,12,1116,0.3333333333333333,0.7412706982346825,7.5,151.0,btc
2026-09-24 01:00:00+00:00,13,0x9595b9d67a821bebac4627a1f5c9a5540dc42008,ghuhkhh6769vggvuyyug.,Mundane-Junker-Penicillin,1551.186023969607,1563.477134529734,360.93529,12.291110560126953,12904.784857030392,4,473,0.75,0.866520614168899,32.5,112.0,btc
2026-09-24 01:00:00+00:00,14,0xee65685de42f8de9a03b4c53ee77d56a20d2cfc9,0x50f7,Haunting-Cheese,-23.226574000000134,-22.29073414499088,0.015600000000000001,0.9358398550092573,11082.440974000001,8,50,0.625,0.02010901032749322,275.5,896.0,"btc,eth,sol"
2026-09-24 01:00:00+00:00,15,0x9d57c42e847173d06841703825d3fe2299e456ea,Polkadot-Frog,Supportive-Matchmaker,129.6516880229397,166.98854208456115,89.93386,37.33685406162148,10302.98598897706,30,1287,0.5333333333333333,0.40843529288328295,58.5,185.0,"btc,eth"
2026-09-24 01:00:00+00:00,16,0x2277c18fb73d4cfbd61384be80ef9339a9496604,EVPLUS.AI,Bright-Jasmine,-544.0015120103284,-543.8316141767051,16.11417,0.1698978336231321,9812.452300010329,19,130,0.9473684210526315,0.5006841765748158,278.0,281.0,"btc,eth,sol"
2026-09-24 01:00:00+00:00,17,0x41e2e1ccf1e4940029af02259a31c6b89b9fa354,norm1e69,Improbable-Harmonica,482.5596459935647,488.16365663477194,223.18077,5.604010641207194,9063.085073006436,40,752,0.475,0.9001622199601513,19.0,190.0,"btc,eth,sol"
2026-09-24 01:00:00+00:00,18,0xd4fa2e10c74ab94bc23414989a516b07386ddcc8,quantbarbie,Clueless-Lime,33.288909011866906,72.98884446354639,9.60551,39.69993545167947,8618.252461988133,8,1059,0.625,0.04571692402067408,7.0,136.0,btc
2026-09-24 01:00:00+00:00,19,0x322b2e7c44237c9fed01d534cd1c96687d52aa0c,yguaihdkjls,Gloomy-Drawing,126.7776580089635,178.12240907708733,0.0,51.34475106812384,8498.514629991036,4,776,0.5,0.0,17.5,140.0,btc
2026-09-24 01:00:00+00:00,20,0xc1b4bfdc36eaa5c09e7231c61e5e44c5463f624f,sir-upalot,Nice-Trapdoor,577.2504300107378,626.120155277346,0.0,48.86972526660825,8416.964569989263,12,923,0.5,0.0,16.5,154.0,btc
2026-09-24 02:00:00+00:00,1,0xb27bc932bf8110d8f78e55da7d5f0497a18b5b82,,,495.7517219952281,608.6328969444062,37.429379999999995,112.88117494917815,26144.84439500477,44,2187,0.5909090909090909,0.05667106545453052,9.0,194.0,"btc,eth,sol"
2026-09-24 02:00:00+00:00,2,0x21f4c1a1be34a39a7bc20985df4b7e5a39fb691d,CrouchPredictions,Vague-Hourglass,151.62403300257654,240.25553709306203,54.14925,88.63150409048545,21046.874549997425,16,2522,0.5625,0.11875284798518028,5.0,149.0,btc
2026-09-24 02:00:00+00:00,3,0x0cb038487586d1119b165466072e9baf666f3a90,,,63.73000894225953,91.72042630211833,317.56835,27.990417359858796,16181.40336301116,16,742,0.625,0.6164433063212599,7.0,151.0,btc
2026-09-24 02:00:00+00:00,4,0x48ac40fc545cf327edd5365435c3a9f385614a7e,BoneOhio,Warlike-Fallingout,178.68849179331053,179.41985738860143,8.82539,0.7313655952908874,13534.74777020669,13,32,1.0,0.6140659391157438,242.0,242.0,"btc,eth,sol"
2026-09-24 02:00:00+00:00,5,0xfc369971792d08e095da0f6fdb23fa927c60ce29,gesinimen,Gullible-Percentage,133.4931099924391,133.75397381828714,8.51959,0.26086382584804624,12623.147300007562,23,46,1.0,0.852402863111731,206.0,216.5,"btc,eth,sol"
2026-09-24 02:00:00+00:00,6,0xb55fa1296e6ec55d0ce53d93b9237389f11764d4,0xb55fa1296E6ec55D0cE53d93B9237389f11764d4-1777575277609,Lively-Authenticity,773.5853329880723,773.5853329880723,282.31694,0.0,11425.990071011927,26,459,0.5,1.0,21.0,155.0,"btc,eth,sol"
2026-09-24 02:00:00+00:00,7,0x433f62d1f91768a0877171eee70e172f0bf7a0dc,penguinx,Mealy-Gift,47.11385999999948,47.6416207244409,0.65011,0.5277607244414223,10875.01603,1,6,1.0,0.8197648367052569,623.0,859.5,btc
2026-09-24 02:00:00+00:00,8,0x8ec422e3b8d0c4b86b57c97074d5fff43e0854f2,maroon6jdjdjdj,Accomplished-Landing,85.08278511989118,104.35608941795931,156.88837999999998,19.27330429806813,9309.472539859056,7,136,0.2857142857142857,0.5315729520309493,-260.0,1.5,btc
2026-09-24 02:00:00+00:00,9,0xb1d30490fa2ec8dc55591e8c71d3d64b6e0fc279,hoodquant,Tender-Affidavit,99.88214999806675,100.25637554408623,6.294650000000001,0.3742255460194733,8155.339867001933,19,149,0.8947368421052632,0.8479032526871342,133.0,197.0,"btc,eth,sol"
2026-09-24 02:00:00+00:00,10,0x9d57c42e847173d06841703825d3fe2299e456ea,Polkadot-Frog,Supportive-Matchmaker,165.07342600745937,187.261944616009,49.93272,22.1885186085496,8110.1210029925405,30,984,0.5,0.4550678490038115,33.0,156.0,"btc,eth"
2026-09-24 02:00:00+00:00,11,0x3048d65321be3497164cdfc2996f94f98a2e7537,x-MoneyForWhiskas,Flashy-Gold,177.68890500185805,187.71548459023685,185.37089,10.026579588378771,7536.887365998142,12,636,0.4166666666666667,0.7879019562892603,7.0,104.0,btc
2026-09-24 02:00:00+00:00,12,0x9e3ed7b661a903fc97afcf49e0f014ebe869f882,0x9e3ed7b661a903fc97afcf49e0f014ebe869f882-1783406009396,Favorable-Pepper-Brushing,-3216.3876731215246,-3216.3876731215246,173.32317999999998,0.0,7227.907202117397,25,97,0.48,1.0,55.0,151.0,"btc,eth,sol"
2026-09-24 02:00:00+00:00,13,0x41e2e1ccf1e4940029af02259a31c6b89b9fa354,norm1e69,Improbable-Harmonica,-166.733619003261,-164.14591814903065,167.59329,2.587700854230336,7020.607141003261,40,490,0.4,0.9379475828442263,26.5,184.5,"btc,eth,sol"
2026-09-24 02:00:00+00:00,14,0xd4fa2e10c74ab94bc23414989a516b07386ddcc8,quantbarbie,Clueless-Lime,61.806990000219656,95.2745087961196,9.107099999999999,33.46751879589994,6789.4164229997805,11,823,0.45454545454545453,0.04389331577831247,8.0,146.0,btc
2026-09-24 02:00:00+00:00,15,0x55aeeb3eb4e8cc0da6d9e4939caf533bf6c3f5df,animal00,Artistic-Design,-61.6015829999999,-59.12884826750724,0.0,2.4727347324926545,5901.171583,12,183,0.25,0.0,219.0,205.0,btc
2026-09-24 02:00:00+00:00,16,0xe9076a87c5ed90ef16e6fe6529c943baeca0cff6,suntori,All-Peasant-Drug,275.5681939316034,275.5681939316034,134.77360000000002,0.0,5647.0385380683965,18,95,0.4444444444444444,1.0,39.0,194.0,"btc,eth"
2026-09-24 02:00:00+00:00,17,0x3dc09f1dda5f7ca9438ca070356259913bdeadd1,0x3dc09f1DDA5f7ca9438ca070356259913Bdeadd1-1788677722175,Unripe-Shadowbox,-533.7882330064693,-533.7882330064693,154.88898,0.0,5550.5950270064695,9,466,0.1111111111111111,1.0,37.0,109.0,btc
2026-09-24 02:00:00+00:00,18,0xc53375ff94e96100f2b30a4b5775db35218d69a9,dangerously-skip-permissions,Lone-Easel-Election,36.06546900514991,40.94409955468238,134.31855000000002,4.878630549532484,5259.18708499485,12,352,0.5,0.8448266297036496,8.5,127.5,btc
2026-09-24 02:00:00+00:00,19,0xce25e214d5cfe4f459cf67f08df581885aae7fdc,0xcE25E214D5cfE4f459cf67F08DF581885AAE7Fdc-1777575398144,Agile-Spacing,-177.99366598926974,-177.25778599666523,126.16762,0.7358799926044904,5102.65146798927,17,387,0.23529411764705882,0.9642402697608063,20.0,223.0,"btc,eth,sol"
2026-09-24 02:00:00+00:00,20,0x4c9497941333332d29f1c235dd23200f3623ffad,,,288.47572001017454,314.46448522625315,0.0,25.98876521607862,4912.651794989825,12,527,0.6666666666666666,0.0,6.0,118.0,btc
2026-09-24 03:00:00+00:00,1,0x48ac40fc545cf327edd5365435c3a9f385614a7e,BoneOhio,Warlike-Fallingout,363.1736200633225,364.42867237137625,20.78538,1.2550523080537215,37129.74099993668,19,138,0.8947368421052632,0.7617329487966241,233.0,235.0,"btc,eth,sol"
2026-09-24 03:00:00+00:00,2,0xb27bc932bf8110d8f78e55da7d5f0497a18b5b82,,,-441.37529903714056,-308.37567036488963,23.076620000000002,132.99962867225094,30588.072815037143,43,2268,0.5581395348837209,0.027965798930273074,8.0,187.0,"btc,eth,sol"
2026-09-24 03:00:00+00:00,3,0x21f4c1a1be34a39a7bc20985df4b7e5a39fb691d,CrouchPredictions,Vague-Hourglass,169.45084400322537,267.4823210315443,61.46374,98.03147702831892,27628.226624996776,16,3282,0.5625,0.13934361076628718,6.0,140.0,btc
2026-09-24 03:00:00+00:00,4,0xe9076a87c5ed90ef16e6fe6529c943baeca0cff6,suntori,All-Peasant-Drug,-4421.675556174963,-4421.675556174963,481.06075999999996,0.0,23165.11406105206,23,186,0.5217391304347826,1.0,40.0,133.0,"btc,eth"
2026-09-24 03:00:00+00:00,5,0xd5b3b6a854543589560a40de153a78eedf3cb230,,,786.2406439244168,786.2406439244168,243.50666999999999,0.0,19892.085785073992,7,17,0.2857142857142857,1.0,81.0,169.0,btc
2026-09-24 03:00:00+00:00,6,0x5e3038ffeada3119a345dcb3bd31d49c077d1613,ROBERTSIMON1987,Virtuous-Reef,1518.2213250212158,1519.168936684393,127.55976000000001,0.9476116631770346,16687.37616597679,12,363,1.0,0.7470698953496946,74.5,117.0,btc
2026-09-24 03:00:00+00:00,7,0xee65685de42f8de9a03b4c53ee77d56a20d2cfc9,0x50f7,Haunting-Cheese,5.277817999900726,5.948323714969529,2.0993500000000003,0.6705057150688041,16446.762832000102,16,52,0.75,0.19391587041035654,292.0,225.5,"btc,eth,sol"
2026-09-24 03:00:00+00:00,8,0xb55fa1296e6ec55d0ce53d93b9237389f11764d4,0xb55fa1296E6ec55D0cE53d93B9237389f11764d4-1777575277609,Lively-Authenticity,-998.3059400240193,-998.1596576574403,358.15811,0.14628236657894195,15558.98976602402,33,715,0.3939393939393939,0.9973150918775445,20.0,198.0,"btc,eth,sol"
2026-09-24 03:00:00+00:00,9,0x0cb038487586d1119b165466072e9baf666f3a90,,,304.98482200274316,328.03646728560125,236.71689,23.051645282858097,14442.411585994754,16,735,0.625,0.5779455491409313,5.0,139.0,btc
2026-09-24 03:00:00+00:00,10,0x9d57c42e847173d06841703825d3fe2299e456ea,Polkadot-Frog,Supportive-Matchmaker,-54.48090800523286,-22.030066855983158,45.73675,32.45084114924972,11034.171951005232,32,1542,0.46875,0.30348350695222215,29.0,137.0,"btc,eth"
2026-09-24 03:00:00+00:00,11,0x3884acd922095fc579938f2c6d1569decc38416d,Chepell-plus,Trim-School,19.0,19.26477554582292,0.0,0.2647755458229205,10981.0,2,7,1.0,0.0,260.5,250.0,btc
2026-09-24 03:00:00+00:00,12,0xce25e214d5cfe4f459cf67f08df581885aae7fdc,0xcE25E214D5cfE4f459cf67F08DF581885AAE7Fdc-1777575398144,Agile-Spacing,-563.8742580109097,-563.5813043530814,239.12579,0.2929536578282743,10111.93415501091,33,718,0.30303030303030304,0.9932723144793977,20.0,189.0,"btc,eth,sol"
2026-09-24 03:00:00+00:00,13,0xd4fa2e10c74ab94bc23414989a516b07386ddcc8,quantbarbie,Clueless-Lime,223.78818999403822,262.01855689861685,3.83393,38.230366904578595,8683.958417005962,11,1044,0.7272727272727273,0.019107645042980615,5.0,130.0,btc
2026-09-24 03:00:00+00:00,14,0xc2c3ea98fbfa020f77c7634824eda3a97af80e32,Numbxtenx,Honest-Burrito,283.2779188405201,283.2779188405201,26.79092,0.0,7917.58122815948,7,8,0.8571428571428571,1.0,187.0,177.0,btc
2026-09-24 03:00:00+00:00,15,0xfc369971792d08e095da0f6fdb23fa927c60ce29,gesinimen,Gullible-Percentage,97.3834,97.43412500461854,6.9292,0.0507250046185361,7915.6674,16,28,1.0,0.9542299617085983,226.0,233.5,"btc,eth,sol"
2026-09-24 03:00:00+00:00,16,0x5f3017816537dcc354da8f2494ed98c047153aee,0x5f3017816537Dcc354da8f2494Ed98C047153aEE-1772028862815,Immense-Sitar,-4520.383706021401,-4520.383706021401,212.47141,0.0,7473.921900057752,6,24,0.16666666666666666,1.0,-29.0,-25.0,btc
2026-09-24 03:00:00+00:00,17,0xe3a1094b08b7be604181a97d386677c85fbf3c87,makemoney2025,Accurate-Savannah,43.14733999999953,43.31939644075882,2.29056,0.1720564407592916,7198.3521,1,20,1.0,0.45458004200711444,196.0,201.0,btc
2026-09-24 03:00:00+00:00,18,0x55aeeb3eb4e8cc0da6d9e4939caf533bf6c3f5df,animal00,Artistic-Design,-48.96751899999997,-46.319484666691224,0.0,2.6480343333087464,7152.183519,12,53,0.0,0.0,219.5,223.0,btc
2026-09-24 03:00:00+00:00,19,0xa8278bd8002eddb9b26deb70d8331c23da45f959,JeroHJ,Imperfect-Deposition,1089.0136880595182,1089.0136880595182,52.15881,0.0,6866.605370940481,3,5,1.0,1.0,122.0,122.0,btc
2026-09-24 03:00:00+00:00,20,0x4c9497941333332d29f1c235dd23200f3623ffad,,,131.61026900846662,157.67545461254136,0.0,26.065185604074767,6268.6256419915335,12,528,0.6666666666666666,0.0,7.0,98.0,btc
2026-09-24 04:00:00+00:00,1,0xb27bc932bf8110d8f78e55da7d5f0497a18b5b82,,,-486.18877696257306,-349.9990566315232,41.94876,136.18972033104984,27201.01407396257,44,2335,0.5227272727272727,0.04434268835408147,11.0,189.0,"btc,eth,sol"
2026-09-24 04:00:00+00:00,2,0x48ac40fc545cf327edd5365435c3a9f385614a7e,BoneOhio,Warlike-Fallingout,234.6238899999989,235.35455328374948,13.54501,0.7306632837505804,24568.721100000002,16,122,1.0,0.7875874051905778,220.0,228.0,"btc,eth,sol"
2026-09-24 04:00:00+00:00,3,0x21f4c1a1be34a39a7bc20985df4b7e5a39fb691d,CrouchPredictions,Vague-Hourglass,-341.9795689944781,-245.5101119962083,83.18511000000001,96.46945699826979,23444.39633499448,16,3216,0.5,0.16164174341906096,7.0,155.0,btc
2026-09-24 04:00:00+00:00,4,0x0cb038487586d1119b165466072e9baf666f3a90,,,-379.6675520077661,-358.1593618113708,354.51115,21.508190196395343,15849.629386996612,16,766,0.4375,0.7173371513238401,7.0,156.0,btc
2026-09-24 04:00:00+00:00,5,0xb55fa1296e6ec55d0ce53d93b9237389f11764d4,0xb55fa1296E6ec55D0cE53d93B9237389f11764d4-1777575277609,Lively-Authenticity,342.8638110446981,342.8638110446981,213.80946,0.0,8746.018766955302,12,200,0.8333333333333334,1.0,17.5,102.0,"btc,eth,sol"
2026-09-24 04:00:00+00:00,6,0x9d57c42e847173d06841703825d3fe2299e456ea,Polkadot-Frog,Supportive-Matchmaker,-43.421360000519726,-15.278857323902132,48.50168,28.142502676617596,7957.11849800052,30,1349,0.5,0.3465985960491247,25.5,137.0,"btc,eth"
2026-09-24 04:00:00+00:00,7,0xfc369971792d08e095da0f6fdb23fa927c60ce29,gesinimen,Gullible-Percentage,76.64798000000037,77.054910664179,3.51972,0.4069306641786383,7786.552299999999,15,37,1.0,0.6267293420735132,228.0,236.0,"btc,eth,sol"
2026-09-24 04:00:00+00:00,8,0x9152315d078354c5d27f93d26515a69fb41cabfb,0x9152315D078354C5d27F93d26515A69Fb41caBfb-1772811069668,Total-Museum,126.23372897310479,126.23372897310479,88.14504000000001,0.0,7681.325641985914,12,407,0.75,1.0,77.0,111.0,btc
2026-09-24 04:00:00+00:00,9,0x3dc09f1dda5f7ca9438ca070356259913bdeadd1,0x3dc09f1DDA5f7ca9438ca070356259913Bdeadd1-1788677722175,Unripe-Shadowbox,108.81721100710087,108.81721100710087,219.01759,0.0,7385.448250992899,11,525,0.5454545454545454,1.0,23.0,108.0,btc
2026-09-24 04:00:00+00:00,10,0x3048d65321be3497164cdfc2996f94f98a2e7537,x-MoneyForWhiskas,Flashy-Gold,-582.5861220059795,-572.8306383047086,174.17856,9.75548370127091,7069.85557800598,12,624,0.16666666666666666,0.7729089851573636,11.0,105.0,btc
2026-09-24 04:00:00+00:00,11,0x55aeeb3eb4e8cc0da6d9e4939caf533bf6c3f5df,animal00,Artistic-Design,-64.37265899999997,-61.93822111211649,0.0,2.4344378878834925,5626.842659,12,148,0.08333333333333333,0.0,220.5,234.0,btc
2026-09-24 04:00:00+00:00,12,0x41e2e1ccf1e4940029af02259a31c6b89b9fa354,norm1e69,Improbable-Harmonica,325.0684520002124,327.100547860437,130.69801,2.0320958602245875,5477.447643999788,40,472,0.5,0.9374582710294731,26.0,164.5,"btc,eth,sol"
2026-09-24 04:00:00+00:00,13,0xd4fa2e10c74ab94bc23414989a516b07386ddcc8,quantbarbie,Clueless-Lime,95.52830700609879,120.7948028644119,6.2154799999999994,25.266495858313125,5405.227751993902,10,692,0.6,0.03669595585799818,8.5,125.5,btc
2026-09-24 04:00:00+00:00,14,0x9e3ed7b661a903fc97afcf49e0f014ebe869f882,0x9e3ed7b661a903fc97afcf49e0f014ebe869f882-1783406009396,Favorable-Pepper-Brushing,704.5874400118543,705.682808882485,74.62886999999999,1.0953688706308498,5294.745201000145,21,109,0.5714285714285714,0.9708070065446529,47.0,147.0,"btc,eth,sol"
2026-09-24 04:00:00+00:00,15,0x5e4aa0f176014729f5168e821ce614484fbebe6b,THG.,Illiterate-Pod,49.934579999999926,50.06868361351536,2.99792,0.13410361351543726,5240.3175,9,16,1.0,0.8172672743588532,222.0,268.0,btc
2026-09-24 04:00:00+00:00,16,0xe9076a87c5ed90ef16e6fe6529c943baeca0cff6,suntori,All-Peasant-Drug,390.5780629734897,391.1583683566114,41.83037,0.5803053831216625,5190.26421802651,17,92,0.5294117647058824,0.9857395421723188,119.0,171.5,"btc,eth"
2026-09-24 04:00:00+00:00,17,0xc53375ff94e96100f2b30a4b5775db35218d69a9,dangerously-skip-permissions,Lone-Easel-Election,-173.16945699140018,-167.12401328500562,123.2868,6.045443706394558,4883.8308799914,12,416,0.5,0.7969278821549014,8.5,126.0,btc
2026-09-24 04:00:00+00:00,18,0x4c9497941333332d29f1c235dd23200f3623ffad,,,73.05566701825661,98.64828548300702,0.0,25.592618464750412,4787.092853981743,12,525,0.4166666666666667,0.0,8.5,119.0,btc
2026-09-24 04:00:00+00:00,19,0xa7614974faca5be9a1b809c978d0a8fc532a866b,0xA7614974FAca5Be9A1b809c978d0A8FC532a866B-1777736641378,Humongous-Fly,55.72910004771984,55.894539868193554,3.2510000000000003,0.16543982047371467,4779.05989995228,1,67,1.0,0.7528780503437941,305.0,318.0,btc
2026-09-24 04:00:00+00:00,20,0xb1d30490fa2ec8dc55591e8c71d3d64b6e0fc279,hoodquant,Tender-Affidavit,66.3263100014668,67.16587774607824,1.97919,0.8395677446114346,4613.636166998534,16,65,0.6875,0.4148282029020708,196.0,212.0,"btc,eth,sol"
2026-09-24 05:00:00+00:00,1,0xb27bc932bf8110d8f78e55da7d5f0497a18b5b82,,,-116.37183495022377,25.873678231403506,37.243339999999996,142.2455131816273,30691.215550950223,44,2285,0.4772727272727273,0.041041427307128904,9.0,186.0,"btc,eth,sol"
2026-09-24 05:00:00+00:00,2,0x48ac40fc545cf327edd5365435c3a9f385614a7e,BoneOhio,Warlike-Fallingout,323.4949379985544,324.99121168081956,16.70686,1.4962736822651495,27075.957799001444,17,213,1.0,0.6053032480204957,198.0,216.0,"btc,eth,sol"
2026-09-24 05:00:00+00:00,3,0x21f4c1a1be34a39a7bc20985df4b7e5a39fb691d,CrouchPredictions,Vague-Hourglass,9.054077006623402,113.73686359522978,81.52458,104.6827865886064,27064.076351993375,16,3437,0.5625,0.15625149766802543,5.0,159.0,btc
2026-09-24 05:00:00+00:00,4,0x0cb038487586d1119b165466072e9baf666f3a90,,,-274.4626220201001,-245.07520309107358,384.8833,29.38741892902654,18851.561471053214,16,838,0.4375,0.6904541200497756,5.0,162.0,btc
2026-09-24 05:00:00+00:00,5,0xe9076a87c5ed90ef16e6fe6529c943baeca0cff6,suntori,All-Peasant-Drug,1756.4424819888582,1756.4424819888582,198.12346000000002,0.0,10251.47331803841,23,95,0.4782608695652174,1.0,47.0,183.0,"btc,eth"
2026-09-24 05:00:00+00:00,6,0x3dc09f1dda5f7ca9438ca070356259913bdeadd1,0x3dc09f1DDA5f7ca9438ca070356259913Bdeadd1-1788677722175,Unripe-Shadowbox,-489.8673758974411,-489.8673758974411,336.80608,0.0,9155.00070989744,12,465,0.4166666666666667,1.0,6.5,108.0,btc
2026-09-24 05:00:00+00:00,7,0x9d57c42e847173d06841703825d3fe2299e456ea,Polkadot-Frog,Supportive-Matchmaker,3.8323500014717524,36.87138362271698,55.4373,33.03903362124524,8791.36549699853,31,1458,0.5806451612903226,0.3095965013551928,23.0,137.0,"btc,eth"
2026-09-24 05:00:00+00:00,8,0xd4fa2e10c74ab94bc23414989a516b07386ddcc8,quantbarbie,Clueless-Lime,12.609419993178165,54.71539040899398,6.02315,42.10597041581582,8248.314722006822,11,1033,0.5454545454545454,0.019989780405649978,8.0,158.0,btc
2026-09-24 05:00:00+00:00,9,0x3048d65321be3497164cdfc2996f94f98a2e7537,x-MoneyForWhiskas,Flashy-Gold,177.47388500097804,191.26276920417217,191.11638,13.788884203194119,8214.491429999021,12,855,0.5833333333333334,0.7493877682449371,5.0,125.0,btc
2026-09-24 05:00:00+00:00,10,0x4c9497941333332d29f1c235dd23200f3623ffad,,,-842.8021569999944,-803.6762965011212,0.0,39.125860498873195,7703.337553999994,12,763,0.3333333333333333,0.0,5.5,131.0,btc
2026-09-24 05:00:00+00:00,11,0x9152315d078354c5d27f93d26515a69fb41cabfb,0x9152315D078354C5d27F93d26515A69Fb41caBfb-1772811069668,Total-Museum,-279.58728902483546,-279.58728902483546,96.38247,0.0,7695.3261729881,12,372,0.75,1.0,57.0,94.0,btc
2026-09-24 05:00:00+00:00,12,0x2277c18fb73d4cfbd61384be80ef9339a9496604,EVPLUS.AI,Bright-Jasmine,76.3284100000001,76.33054175817726,5.68519,0.0021317581771483356,6681.0864,12,49,0.9166666666666666,0.9977209993871655,188.0,180.0,"btc,eth,sol"
2026-09-24 05:00:00+00:00,13,0x71246529fd8c3887724b178844ba1bb94defcc9c,Understandable98,Pointed-Dose-Formamide,-968.3777199336358,-968.3777199336358,169.56572,0.0,6657.499000019188,3,9,0.3333333333333333,1.0,81.0,191.0,btc
2026-09-24 05:00:00+00:00,14,0x41e2e1ccf1e4940029af02259a31c6b89b9fa354,norm1e69,Improbable-Harmonica,-133.02569301448008,-131.77365877828672,147.00331,1.2520342361933992,6539.21372701448,40,520,0.35,0.9658610723981245,26.0,185.0,"btc,eth,sol"
2026-09-24 05:00:00+00:00,15,0x9e3ed7b661a903fc97afcf49e0f014ebe869f882,0x9e3ed7b661a903fc97afcf49e0f014ebe869f882-1783406009396,Favorable-Pepper-Brushing,826.0792499436836,826.6472998089561,136.17033,0.5680498652724659,5852.324441056317,24,132,0.4583333333333333,0.9880655974044523,63.0,126.0,"btc,eth"
2026-09-24 05:00:00+00:00,16,0xc53375ff94e96100f2b30a4b5775db35218d69a9,dangerously-skip-permissions,Lone-Easel-Election,81.78180499986189,88.67682147914446,128.84659,6.895016479282594,5385.181853000138,12,434,0.6666666666666666,0.7861811570284152,8.5,144.0,btc
2026-09-24 05:00:00+00:00,17,0x5e4aa0f176014729f5168e821ce614484fbebe6b,THG.,Illiterate-Pod,59.620850026600124,59.620850026600124,4.41895,0.0,4920.9601999733995,8,8,1.0,1.0,253.0,253.0,btc
2026-09-24 05:00:00+00:00,18,0xb55fa1296e6ec55d0ce53d93b9237389f11764d4,0xb55fa1296E6ec55D0cE53d93B9237389f11764d4-1777575277609,Lively-Authenticity,333.48885898482325,333.48885898482325,130.8086,0.0,4891.833191015176,11,206,0.45454545454545453,1.0,72.0,545.5,"btc,eth,sol"
2026-09-24 05:00:00+00:00,19,0xce25e214d5cfe4f459cf67f08df581885aae7fdc,0xcE25E214D5cfE4f459cf67F08DF581885AAE7Fdc-1777575398144,Agile-Spacing,-194.23825401777665,-192.4948555516,103.74997,1.7433984661766617,4454.353055017777,19,383,0.2631578947368421,0.9316555326351161,20.0,146.0,"btc,eth,sol"
2026-09-24 05:00:00+00:00,20,0xfc369971792d08e095da0f6fdb23fa927c60ce29,gesinimen,Gullible-Percentage,42.05883001520604,42.085756324013936,2.98447,0.026926308807892655,4165.946699984794,9,10,1.0,0.9538691169522882,236.0,238.0,"btc,eth,sol"
2026-09-24 06:00:00+00:00,1,0xb27bc932bf8110d8f78e55da7d5f0497a18b5b82,,,-175.54818901522768,-2.929522249664158,31.84665,172.6186667655635,38612.078393015225,44,2878,0.5909090909090909,0.047552640713122,10.0,216.0,"btc,eth,sol"
2026-09-24 06:00:00+00:00,2,0x21f4c1a1be34a39a7bc20985df4b7e5a39fb691d,CrouchPredictions,Vague-Hourglass,40.0442350001789,155.8833777648316,99.21859,115.83914276465266,31720.10217999982,16,3768,0.5625,0.15684132613340776,7.0,183.0,btc
2026-09-24 06:00:00+00:00,3,0xb55fa1296e6ec55d0ce53d93b9237389f11764d4,0xb55fa1296E6ec55D0cE53d93B9237389f11764d4-1777575277609,Lively-Authenticity,-1216.7605859323103,-1215.2401463263882,685.83692,1.5204396059220817,27413.48559993231,32,1050,0.40625,0.9883900055379622,21.0,212.0,"btc,eth,sol"
2026-09-24 06:00:00+00:00,4,0xce25e214d5cfe4f459cf67f08df581885aae7fdc,0xcE25E214D5cfE4f459cf67F08DF581885AAE7Fdc-1777575398144,Agile-Spacing,-834.4401550276392,-834.4401550276392,516.41685,0.0,19689.22780002764,42,1253,0.38095238095238093,1.0,15.0,195.0,"btc,eth,sol"
2026-09-24 06:00:00+00:00,5,0x0cb038487586d1119b165466072e9baf666f3a90,,,-517.3543219751455,-487.6533835864134,359.21488,29.700938388732162,18073.576144924595,16,890,0.5,0.6461349594735214,7.0,172.0,btc
2026-09-24 06:00:00+00:00,6,0x9d57c42e847173d06841703825d3fe2299e456ea,Polkadot-Frog,Supportive-Matchmaker,119.90727499901185,162.87783774574777,34.79257,42.970562746735936,13594.167163000988,30,2033,0.6333333333333333,0.25014612217327736,26.0,171.0,"btc,eth"
2026-09-24 06:00:00+00:00,7,0xd4fa2e10c74ab94bc23414989a516b07386ddcc8,quantbarbie,Clueless-Lime,-111.75002298487448,-47.7836400958349,3.19745,63.96638288903958,13015.343088984875,12,1553,0.5833333333333334,0.009417515862692315,5.5,164.0,btc
2026-09-24 06:00:00+00:00,8,0xba2c759c7b2cf66484c7e1dc1c211390f709fdda,Donquixote.Doflamingo,Daring-Connotation,15.76486999999996,15.953842485454015,0.16632,0.18897248545405562,11595.25881,5,11,1.0,0.020491133824032344,248.0,339.0,btc
2026-09-24 06:00:00+00:00,9,0x3048d65321be3497164cdfc2996f94f98a2e7537,x-MoneyForWhiskas,Flashy-Gold,245.43138399199233,263.0258679570522,251.55715,17.594483965059826,11137.757858008008,12,960,0.75,0.7287120804273057,6.0,128.5,btc
2026-09-24 06:00:00+00:00,10,0x71246529fd8c3887724b178844ba1bb94defcc9c,Understandable98,Pointed-Dose-Formamide,-4263.693418145917,-4263.693418145917,263.24261,0.0,10999.103498925595,4,14,0.25,1.0,90.0,91.0,btc
2026-09-24 06:00:00+00:00,11,0x3dc09f1dda5f7ca9438ca070356259913bdeadd1,0x3dc09f1DDA5f7ca9438ca070356259913Bdeadd1-1788677722175,Unripe-Shadowbox,-1652.7443990244608,-1652.7443990244608,343.27798,0.0,10888.163901024462,12,397,0.16666666666666666,1.0,15.5,117.0,btc
2026-09-24 06:00:00+00:00,12,0x9e3ed7b661a903fc97afcf49e0f014ebe869f882,0x9e3ed7b661a903fc97afcf49e0f014ebe869f882-1783406009396,Favorable-Pepper-Brushing,341.62077291786863,342.18786305057506,239.32828,0.567090132706465,10304.48130312269,25,151,0.36,0.9899759728837149,26.0,107.0,"btc,eth"
2026-09-24 06:00:00+00:00,13,0xe9076a87c5ed90ef16e6fe6529c943baeca0cff6,suntori,All-Peasant-Drug,-1797.0543990018678,-1795.527223389844,184.76385,1.5271756120237339,9524.596154001407,27,176,0.5925925925925926,0.9744942135003309,47.0,185.5,"btc,eth,sol"
2026-09-24 06:00:00+00:00,14,0xfc369971792d08e095da0f6fdb23fa927c60ce29,gesinimen,Gullible-Percentage,104.34081000000018,104.41931367283915,7.31889,0.0785036728389844,9520.8703,18,27,1.0,0.9411076632353662,224.5,234.0,"btc,eth,sol"
2026-09-24 06:00:00+00:00,15,0x48ac40fc545cf327edd5365435c3a9f385614a7e,BoneOhio,Warlike-Fallingout,103.16069999893458,103.87514461597384,4.6478,0.7144446170392709,9479.141500001066,12,59,0.8333333333333334,0.4616732116511367,249.5,297.0,"btc,eth,sol"
2026-09-24 06:00:00+00:00,16,0x55aeeb3eb4e8cc0da6d9e4939caf533bf6c3f5df,animal00,Artistic-Design,-32.32451900000008,-29.4459215111781,0.0,2.878597488821981,8799.624519,12,168,0.25,0.0,247.0,270.0,btc
2026-09-24 06:00:00+00:00,17,0x4c9497941333332d29f1c235dd23200f3623ffad,,,86.76628798743235,127.56026986560741,0.0,40.79398187817508,8054.7201070125675,12,726,0.4166666666666667,0.0,8.5,129.0,btc
2026-09-24 06:00:00+00:00,18,0x17dea5a4fcc9056edc127bb6b0ac931c87accb7b,,,77.17610000000002,77.53941446470591,3.7948,0.3633144647058885,8016.1191,11,44,1.0,0.6762775268645895,270.0,272.0,"btc,eth"
2026-09-24 06:00:00+00:00,19,0xc53375ff94e96100f2b30a4b5775db35218d69a9,dangerously-skip-permissions,Lone-Easel-Election,120.51824199757147,128.61272838005138,196.54745,8.094486382479927,7615.168976002428,12,535,0.3333333333333333,0.8326410247733792,9.5,146.0,btc
2026-09-24 06:00:00+00:00,20,0x2dad1d7d34bafd498bacc8ce6238595f18092efc,V612,Empty-Spoon,71.32460000000015,72.31320343782423,0.0,0.988603437824077,7061.1354,3,45,1.0,0.0,224.0,231.0,btc
2026-09-24 07:00:00+00:00,1,0xb27bc932bf8110d8f78e55da7d5f0497a18b5b82,,,280.72913500870436,396.59274192490483,12.64463,115.86360691620051,25403.594373991295,44,2119,0.6136363636363636,0.02578476054836254,9.0,167.0,"btc,eth,sol"
2026-09-24 07:00:00+00:00,2,0x21f4c1a1be34a39a7bc20985df4b7e5a39fb691d,CrouchPredictions,Vague-Hourglass,305.24092201345275,357.4186742953752,47.95655,52.1777522819224,15703.056353986547,12,1641,0.6666666666666666,0.1880874345360093,5.0,126.0,btc
2026-09-24 07:00:00+00:00,3,0x433f62d1f91768a0877171eee70e172f0bf7a0dc,penguinx,Mealy-Gift,-1021.8585210138579,-983.3670995967573,221.2492,38.49142141710064,13423.36070395041,4,850,0.5,0.47350753213981395,118.5,147.0,btc
2026-09-24 07:00:00+00:00,4,0x0cb038487586d1119b165466072e9baf666f3a90,,,32.90557899668107,51.803488333371746,240.87511,18.8979093366906,12936.22118402462,16,580,0.5625,0.6677206560667812,5.0,110.5,btc
2026-09-24 07:00:00+00:00,5,0xce25e214d5cfe4f459cf67f08df581885aae7fdc,0xcE25E214D5cfE4f459cf67F08DF581885AAE7Fdc-1777575398144,Agile-Spacing,15.762594010214944,25.613587049727457,261.12846,9.850993039512499,12669.161950989785,48,1235,0.5625,0.8458386772893788,14.0,125.0,"btc,eth,sol"
2026-09-24 07:00:00+00:00,6,0xb55fa1296e6ec55d0ce53d93b9237389f11764d4,0xb55fa1296E6ec55D0cE53d93B9237389f11764d4-1777575277609,Lively-Authenticity,972.2105380029556,974.9193519782073,258.11622,2.708813975251653,12527.412176997044,31,577,0.7096774193548387,0.9585326705420719,17.0,176.0,"btc,eth,sol"
2026-09-24 07:00:00+00:00,7,0x8470248884a4b364829963afe634075d189070c4,Huiben888,Alert-Oncology,120.51378403874969,120.51378403874969,8.97076,0.0,12499.99985596125,5,5,1.0,1.0,213.0,213.0,btc
2026-09-24 07:00:00+00:00,8,0x9d57c42e847173d06841703825d3fe2299e456ea,Polkadot-Frog,Supportive-Matchmaker,-182.7180459965595,-149.33762464006531,65.58678,33.38042135649421,12387.45256499706,32,1724,0.5,0.3870351127355129,21.5,152.0,"btc,eth"
2026-09-24 07:00:00+00:00,9,0xc5e6250906f3a43348374632092a64ee2cf22d79,peipeipei,Embellished-Doorknob,627.9199600116181,636.2897965895955,96.79446,8.369836577977424,10815.513092087254,12,237,0.75,0.7122677265980434,52.0,126.0,btc
2026-09-24 07:00:00+00:00,10,0xee65685de42f8de9a03b4c53ee77d56a20d2cfc9,0x50f7,Haunting-Cheese,182.68467600659014,183.0070669310287,11.69002,0.32239092443857237,9680.11530399341,11,61,0.7272727272727273,0.6676831511837391,272.0,278.0,"btc,eth,sol"
2026-09-24 07:00:00+00:00,11,0xd4fa2e10c74ab94bc23414989a516b07386ddcc8,quantbarbie,Clueless-Lime,102.12341600730514,147.47782459881984,4.59607,45.3544085915147,9257.120679992695,12,1176,0.6666666666666666,0.018135011608841053,8.5,162.0,btc
2026-09-24 07:00:00+00:00,12,0x48ac40fc545cf327edd5365435c3a9f385614a7e,BoneOhio,Warlike-Fallingout,242.34698800410484,242.65048435215832,7.46363,0.3034963480534544,8760.139098995896,12,48,1.0,0.7567391252675132,219.0,215.0,"btc,eth,sol"
2026-09-24 07:00:00+00:00,13,0x2277c18fb73d4cfbd61384be80ef9339a9496604,EVPLUS.AI,Bright-Jasmine,68.07942000000006,68.07956266756132,5.06848,0.00014266756126875174,7255.3221,14,48,1.0,0.9985955413337196,219.5,218.0,"btc,eth,sol"
2026-09-24 07:00:00+00:00,14,0x3048d65321be3497164cdfc2996f94f98a2e7537,x-MoneyForWhiskas,Flashy-Gold,77.1369919960884,84.29645575691282,170.9591,7.159463760824401,6409.279623003911,11,564,0.5454545454545454,0.8041526666281872,6.0,113.0,btc
2026-09-24 07:00:00+00:00,15,0xfc369971792d08e095da0f6fdb23fa927c60ce29,gesinimen,Gullible-Percentage,82.62160999999992,82.95404605225059,4.29049,0.3324360522506645,5758.8979,10,39,1.0,0.5877047064855935,216.5,240.0,"btc,eth,sol"
2026-09-24 07:00:00+00:00,16,0xeba7be146396301075344bb2d477f2ffdba92d1f,0xEba7BE146396301O75344Bb2D477f2fFDba92dlf,Adventurous-Parole,54.85369999999989,55.61402410089984,0.0,0.7603241008999545,5430.5163,6,54,1.0,0.0,218.5,227.5,btc
2026-09-24 07:00:00+00:00,17,0x4c9497941333332d29f1c235dd23200f3623ffad,,,-86.95233899769097,-61.794978854147246,0.0,25.157360143543727,5365.696541997691,12,543,0.5,0.0,4.0,107.0,btc
2026-09-24 07:00:00+00:00,18,0xaa1a4f31c010d4a63fc49770d4ca2d69ea370602,hdueilqhsdn,Downright-Scheduling,-22.898343999522325,0.33793562398022914,0.0,23.236279623502558,5273.618912999522,7,362,0.5714285714285714,0.0,12.0,149.5,btc
2026-09-24 07:00:00+00:00,19,0x322b2e7c44237c9fed01d534cd1c96687d52aa0c,yguaihdkjls,Gloomy-Drawing,-309.75169799912385,-283.6689866847443,0.0,26.082711314379516,5085.693293999124,6,422,0.6666666666666666,0.0,8.5,140.5,btc
2026-09-24 07:00:00+00:00,20,0x8ac8617241fbd47d189a512516206c2b9a1b47ab,Oussou931,Enchanted-Troop,47.3752910322612,47.3752910322612,143.25133,0.0,5009.198097049275,11,19,0.36363636363636365,1.0,26.0,48.0,btc
2026-09-24 08:00:00+00:00,1,0xb27bc932bf8110d8f78e55da7d5f0497a18b5b82,,,2282.615132025197,2408.0898435968234,29.93102,125.47471157162585,25072.770597974803,31,2152,0.5483870967741935,0.02863221263005378,9.0,191.0,"btc,eth,sol"
2026-09-24 08:00:00+00:00,2,0x21f4c1a1be34a39a7bc20985df4b7e5a39fb691d,CrouchPredictions,Vague-Hourglass,222.53332399208216,305.1000362933884,119.71658,82.56671230130624,23310.08288300792,16,2165,0.5625,0.23372502373101273,5.5,158.0,btc
2026-09-24 08:00:00+00:00,3,0x71246529fd8c3887724b178844ba1bb94defcc9c,Understandable98,Pointed-Dose-Formamide,3036.1155467976305,3036.1155467976305,440.51102000000003,0.0,21048.977199897523,6,23,0.8333333333333334,1.0,31.5,150.0,btc
2026-09-24 08:00:00+00:00,4,0xe9076a87c5ed90ef16e6fe6529c943baeca0cff6,suntori,All-Peasant-Drug,-4842.599836066639,-4840.360652054928,516.94973,2.2391840117117177,18979.15753906664,22,154,0.3181818181818182,0.9859619555583771,31.0,118.5,"btc,eth"
2026-09-24 08:00:00+00:00,5,0x9d57c42e847173d06841703825d3fe2299e456ea,Polkadot-Frog,Supportive-Matchmaker,-398.94456699586385,-353.9194947066763,101.78319,45.02507228918759,16571.411202995863,32,2080,0.5,0.4057856761635799,17.5,155.0,"btc,eth"
2026-09-24 08:00:00+00:00,6,0xb55fa1296e6ec55d0ce53d93b9237389f11764d4,0xb55fa1296E6ec55D0cE53d93B9237389f11764d4-1777575277609,Lively-Authenticity,584.6215530040461,584.6215530040461,401.1124,0.0,15368.909062995954,27,547,0.48148148148148145,1.0,20.0,117.0,"btc,eth,sol"
2026-09-24 08:00:00+00:00,7,0x322b2e7c44237c9fed01d534cd1c96687d52aa0c,yguaihdkjls,Gloomy-Drawing,-258.6057540078814,-197.15375675989816,0.0,61.45199724798319,13445.324320007881,12,1089,0.3333333333333333,0.0,8.0,156.0,btc
2026-09-24 08:00:00+00:00,8,0xaa1a4f31c010d4a63fc49770d4ca2d69ea370602,hdueilqhsdn,Downright-Scheduling,-24.336190991847047,33.71266501253976,0.0,58.0488560043868,13270.935937991846,12,932,0.5,0.0,13.0,147.0,btc
2026-09-24 08:00:00+00:00,9,0xce25e214d5cfe4f459cf67f08df581885aae7fdc,0xcE25E214D5cfE4f459cf67F08DF581885AAE7Fdc-1777575398144,Agile-Spacing,-220.10829601633512,-216.81502931890643,320.28085,3.2932666974287055,13267.352621016335,46,1022,0.5434782608695652,0.9563345167986433,18.0,144.0,"btc,eth,sol"
2026-09-24 08:00:00+00:00,10,0xd4fa2e10c74ab94bc23414989a516b07386ddcc8,quantbarbie,Clueless-Lime,-129.64763700369463,-72.73018039192999,18.124290000000002,56.917456611764656,12192.246756003695,12,1401,0.5,0.04940188646571751,5.0,140.0,btc
2026-09-24 08:00:00+00:00,11,0x0cb038487586d1119b165466072e9baf666f3a90,,,-21.74803393372585,4.571373669369876,177.21601,26.3194076030957,11302.529215928984,16,625,0.5,0.551543621682659,5.0,147.0,btc
2026-09-24 08:00:00+00:00,12,0x3048d65321be3497164cdfc2996f94f98a2e7537,x-MoneyForWhiskas,Flashy-Gold,332.64857099386313,343.09180030001494,273.59162,10.44322930615178,10075.760239006137,12,827,0.3333333333333333,0.8433015473224117,6.0,116.0,btc
2026-09-24 08:00:00+00:00,13,0x9e3ed7b661a903fc97afcf49e0f014ebe869f882,0x9e3ed7b661a903fc97afcf49e0f014ebe869f882-1783406009396,Favorable-Pepper-Brushing,-3880.243675092289,-3877.3716155654683,223.56929999999997,2.8720595268204914,9346.180184092289,20,176,0.5,0.9492411669092944,13.0,127.0,"btc,eth"
2026-09-24 08:00:00+00:00,14,0xee65685de42f8de9a03b4c53ee77d56a20d2cfc9,0x50f7,Haunting-Cheese,99.22109000941546,100.21718586099733,1.97576,0.9960958515818688,9273.343149990586,12,80,1.0,0.22083406780786108,293.5,260.0,"btc,eth,sol"
2026-09-24 08:00:00+00:00,15,0x60c20ca0901f9d55992913064686b1b4112b4746,melop,Obvious-Welfare,202.99915508456593,220.52477401549004,66.91785,17.525618930924164,9056.058343913124,6,189,0.3333333333333333,0.29571433423080257,25.0,6.0,btc
2026-09-24 08:00:00+00:00,16,0xb1d30490fa2ec8dc55591e8c71d3d64b6e0fc279,hoodquant,Tender-Affidavit,-1440.589337998588,-1439.6382106334927,4.10158,0.9511273650950315,8994.184424998588,21,106,0.7619047619047619,0.47932061132924264,132.0,256.0,"btc,eth,sol"
2026-09-24 08:00:00+00:00,17,0x8470248884a4b364829963afe634075d189070c4,Huiben888,Alert-Oncology,87.10028301263765,87.10028301263765,6.46305,0.0,7499.999892987363,3,3,1.0,1.0,201.0,201.0,btc
2026-09-24 08:00:00+00:00,18,0x74544b2f1b7971e8b22cf8e925e315c4f50b7836,mx008,Difficult-Maybe-Kill,148.00459199091316,150.7175101260291,80.67866,2.7129181351159533,7469.584580010945,9,104,0.8888888888888888,0.8601563595931848,92.0,191.0,"btc,eth"
2026-09-24 08:00:00+00:00,19,0xa5e9072668d0acda2455869f4244ddbb9edd74c6,chairh4ter,Windy-Shorts-Invite,-4415.501610000001,-4414.6930057861855,2.16211,0.8086042138160261,7034.809500000001,3,27,0.6666666666666666,0.22911460502235376,258.0,302.0,"btc,eth"
2026-09-24 08:00:00+00:00,20,0xa7614974faca5be9a1b809c978d0a8fc532a866b,0xA7614974FAca5Be9A1b809c978d0A8FC532a866B-1777736641378,Humongous-Fly,2954.155400075907,2954.73731517013,77.88,0.5819150942228757,6840.274599924092,1,25,1.0,0.44057982700833903,303.0,305.0,btc
2026-09-24 09:00:00+00:00,1,0x21f4c1a1be34a39a7bc20985df4b7e5a39fb691d,CrouchPredictions,Vague-Hourglass,-664.8056740011468,-573.8603552776422,231.00632,90.94531872350466,33781.081097001144,16,2869,0.375,0.3449259605857714,5.5,138.0,btc
2026-09-24 09:00:00+00:00,2,0xb27bc932bf8110d8f78e55da7d5f0497a18b5b82,,,-234.23065600813823,-115.86171761406239,17.15152,118.36893839407584,27177.035449008137,43,1953,0.627906976744186,0.021300722666329566,9.0,155.0,"btc,eth,sol"
2026-09-24 09:00:00+00:00,3,0xb55fa1296e6ec55d0ce53d93b9237389f11764d4,0xb55fa1296E6ec55D0cE53d93B9237389f11764d4-1777575277609,Lively-Authenticity,-1347.8672279851564,-1347.8672279851564,560.47132,0.0,23185.790844985157,30,877,0.5,1.0,15.0,120.0,"btc,eth,sol"
2026-09-24 09:00:00+00:00,4,0x9d57c42e847173d06841703825d3fe2299e456ea,Polkadot-Frog,Supportive-Matchmaker,-615.4325399913876,-590.2569784607149,90.4008,25.17556153067256,12726.867004991387,32,1412,0.4375,0.49636021948761416,17.0,129.0,"btc,eth"
2026-09-24 09:00:00+00:00,5,0x74544b2f1b7971e8b22cf8e925e315c4f50b7836,mx008,Difficult-Maybe-Kill,-902.6071989512966,-902.6071989512966,182.48556,0.0,12384.027458967603,15,57,0.6,1.0,89.0,131.0,"btc,eth"
2026-09-24 09:00:00+00:00,6,0x3048d65321be3497164cdfc2996f94f98a2e7537,x-MoneyForWhiskas,Flashy-Gold,235.04335400455042,246.6960463760185,299.15264,11.652692371468051,11268.185656995449,12,921,0.4166666666666667,0.831348274261686,6.0,122.0,btc
2026-09-24 09:00:00+00:00,7,0x3663ed135115e034de3a9ad8cdca8493e8d68950,Nikos888,Several-Morning,1114.3659038677645,1114.3659038677645,267.99402000000003,0.0,11037.332878132236,10,61,0.4,1.0,100.5,144.0,btc
2026-09-24 09:00:00+00:00,8,0x322b2e7c44237c9fed01d534cd1c96687d52aa0c,yguaihdkjls,Gloomy-Drawing,-350.4934000119961,-301.37858728999487,0.0,49.11481272200116,10958.682979011995,12,959,0.5,0.0,6.0,155.0,btc
2026-09-24 09:00:00+00:00,9,0x0cb038487586d1119b165466072e9baf666f3a90,,,-442.3113989964351,-420.7128215899424,120.83382,21.598577406492733,9794.168419982048,16,628,0.375,0.45237895755940843,5.0,164.0,btc
2026-09-24 09:00:00+00:00,10,0xaa1a4f31c010d4a63fc49770d4ca2d69ea370602,hdueilqhsdn,Downright-Scheduling,264.6967919983486,301.5635816637192,0.0,36.866789665370646,9426.83746600165,12,691,0.5833333333333334,0.0,7.0,159.0,btc
2026-09-24 09:00:00+00:00,11,0x2dad1d7d34bafd498bacc8ce6238595f18092efc,V612,Empty-Spoon,90.5906,91.8462413535849,0.0,1.2556413535849096,8968.4694,4,35,1.0,0.0,221.0,225.0,btc
2026-09-24 09:00:00+00:00,12,0xee65685de42f8de9a03b4c53ee77d56a20d2cfc9,0x50f7,Haunting-Cheese,10.76716098629997,10.933878249092256,0.0288,0.16671726279228635,8308.8240390137,11,25,0.8181818181818182,0.047361463928704474,287.0,309.0,"btc,eth,sol"
2026-09-24 09:00:00+00:00,13,0xd4fa2e10c74ab94bc23414989a516b07386ddcc8,quantbarbie,Clueless-Lime,43.00106500247736,83.40724758061086,0.78112,40.40618257813351,7977.601758997523,12,1089,0.5833333333333334,0.001639590493071138,7.5,147.0,btc
2026-09-24 09:00:00+00:00,14,0x17dea5a4fcc9056edc127bb6b0ac931c87accb7b,,,76.33724000000001,76.87467240226958,2.79696,0.5374324022695828,7834.2858,10,15,1.0,0.5100196880741829,256.0,270.0,"btc,eth,sol"
2026-09-24 09:00:00+00:00,15,0xf27d40745542dc871e127acff3a1c9d3910d9a88,0xF27d40745542Dc871e127acFf3A1c9D3910d9a88-1775505016568,Extra-Small-Implement,55.68411000799984,55.968652727670445,6.99439,0.2845427196706083,7790.411499992,9,47,0.8888888888888888,0.753997706025931,215.0,228.0,"btc,eth"
2026-09-24 09:00:00+00:00,16,0xc53375ff94e96100f2b30a4b5775db35218d69a9,dangerously-skip-permissions,Lone-Easel-Election,-528.5133259963673,-521.5211663863079,203.38653,6.992159610059449,7682.182785996367,12,542,0.4166666666666667,0.8460234911163534,5.0,137.0,btc
2026-09-24 09:00:00+00:00,17,0x4c9497941333332d29f1c235dd23200f3623ffad,,,209.46366000032123,241.62255235502792,0.0,32.158892354706666,7334.097193999679,12,541,0.75,0.0,8.5,135.0,btc
2026-09-24 09:00:00+00:00,18,0x7cb239f58390a0743e439d92209530502306e655,ClobCleaner,Meaty-Borrowing,7.6568999999999505,7.791143924154791,0.0,0.13424392415484024,6913.2431,4,6,1.0,0.0,197.0,197.0,btc
2026-09-24 09:00:00+00:00,19,0xe114e5ca2d8c47baed151a71fd8eeb143047c208,cash-pony,Unimportant-Steward,-733.4116339927853,-691.3056482673359,0.0,42.105985725449344,6864.09160900388,7,863,0.42857142857142855,0.0,15.0,126.0,btc
2026-09-24 09:00:00+00:00,20,0xe8ade1c67a880380ec861c476052c2f00057a859,suanlimao6,Careful-Rations,-1039.077857221167,-1039.077857221167,179.35325,0.0,6750.710956085277,8,20,0.5,1.0,26.5,36.0,"btc,eth"
2026-09-24 10:00:00+00:00,1,0xb55fa1296e6ec55d0ce53d93b9237389f11764d4,0xb55fa1296E6ec55D0cE53d93B9237389f11764d4-1777575277609,Lively-Authenticity,-4139.420333129979,-4138.070707348545,718.6238,1.3496257814332964,30884.31695312998,43,1118,0.3953488372093023,0.9907486870623106,15.0,168.0,"btc,eth,sol"
2026-09-24 10:00:00+00:00,2,0xb27bc932bf8110d8f78e55da7d5f0497a18b5b82,,,543.5780499787161,678.4078233091764,30.41175,134.8297733304603,28385.020331021282,43,2187,0.5348837209302325,0.041267952861915515,11.0,215.0,"btc,eth,sol"
2026-09-24 10:00:00+00:00,3,0x21f4c1a1be34a39a7bc20985df4b7e5a39fb691d,CrouchPredictions,Vague-Hourglass,224.0258470081493,316.9994250136039,139.12017,92.97357800545464,27659.74294599185,16,2608,0.5625,0.23860505532831125,5.0,167.0,btc
2026-09-24 10:00:00+00:00,4,0x74544b2f1b7971e8b22cf8e925e315c4f50b7836,mx008,Difficult-Maybe-Kill,-1029.9113500144588,-1016.4776867620616,239.32164,13.433663252397142,15106.663882065928,17,162,0.7647058823529411,0.8109296452009075,104.0,95.0,"btc,eth"
2026-09-24 10:00:00+00:00,5,0x0cb038487586d1119b165466072e9baf666f3a90,,,327.92155897947816,347.2736184731335,240.61337,19.35205949365535,12064.87398004119,16,645,0.5625,0.6311460034828814,12.0,198.0,btc
2026-09-24 10:00:00+00:00,6,0x3048d65321be3497164cdfc2996f94f98a2e7537,x-MoneyForWhiskas,Flashy-Gold,-47.390520007972896,-35.57896750175587,298.51806,11.811552506217032,11920.437242007973,12,885,0.5833333333333334,0.8370249008017884,5.5,126.0,btc
2026-09-24 10:00:00+00:00,7,0xe8ade1c67a880380ec861c476052c2f00057a859,suanlimao6,Careful-Rations,-2941.0372249255656,-2939.31826612487,222.0353,1.7189588006953531,10688.440837072454,11,95,0.45454545454545453,0.8359173590669884,51.0,140.0,btc
2026-09-24 10:00:00+00:00,8,0xfc369971792d08e095da0f6fdb23fa927c60ce29,gesinimen,Gullible-Percentage,98.49353998530316,98.8305003688258,5.52096,0.336960383522645,10027.325500014696,18,40,1.0,0.7599878352411645,237.5,238.0,"btc,eth,sol"
2026-09-24 10:00:00+00:00,9,0x322b2e7c44237c9fed01d534cd1c96687d52aa0c,yguaihdkjls,Gloomy-Drawing,-43.41599298876548,-0.186286678948953,0.0,43.229706309816535,8673.166628988765,12,812,0.5833333333333334,0.0,11.0,171.0,btc
2026-09-24 10:00:00+00:00,10,0x2277c18fb73d4cfbd61384be80ef9339a9496604,EVPLUS.AI,Bright-Jasmine,81.51851000000006,81.58212805209855,5.64349,0.06361805209849157,8399.118,18,67,1.0,0.9459179285253523,274.0,276.0,"btc,eth,sol"
2026-09-24 10:00:00+00:00,11,0xd18aa9f4b13ff514f168314ff61e0ca7f9424b74,4282439425493,Shady-Backbone,84.06769999999958,85.23303220008997,0.0,1.1653322000903856,8322.7023,8,52,1.0,0.0,262.0,266.0,btc
2026-09-24 10:00:00+00:00,12,0x8bf4e27a45614d084e9b90bd6bc489c866a811d8,Paulkao1982,Caring-Adobe,45.07811903593438,45.07811903593438,48.69605,0.0,8099.719714964066,10,27,0.9,1.0,182.5,189.0,btc
2026-09-24 10:00:00+00:00,13,0xc53375ff94e96100f2b30a4b5775db35218d69a9,dangerously-skip-permissions,Lone-Easel-Election,62.62972200039377,66.61748446105607,204.63328,3.9877624606622826,7695.242751999606,12,465,0.5833333333333334,0.9196034911520531,7.5,167.0,btc
2026-09-24 10:00:00+00:00,14,0x4c9497941333332d29f1c235dd23200f3623ffad,,,-142.67652897899364,-107.23357979201666,0.0,35.44294918697702,7676.9043749789935,12,517,0.4166666666666667,0.0,6.5,149.0,btc
2026-09-24 10:00:00+00:00,15,0xaa1a4f31c010d4a63fc49770d4ca2d69ea370602,hdueilqhsdn,Downright-Scheduling,-247.81335801129427,-214.9697732293846,0.0,32.84358478190966,7305.557687011295,11,584,0.45454545454545453,0.0,15.0,176.0,btc
2026-09-24 10:00:00+00:00,16,0x9d57c42e847173d06841703825d3fe2299e456ea,Polkadot-Frog,Supportive-Matchmaker,-184.23013799976198,-162.24651827907383,43.14839,21.983619720688125,7239.516538999762,32,1264,0.53125,0.33308729761299316,27.5,183.0,"btc,eth"
2026-09-24 10:00:00+00:00,17,0xd4fa2e10c74ab94bc23414989a516b07386ddcc8,quantbarbie,Clueless-Lime,185.4294050132745,220.26322201235035,2.6271,34.83381699907583,6748.886648986725,12,894,0.75,0.01602895449602562,7.0,173.0,btc
2026-09-24 10:00:00+00:00,18,0x41e2e1ccf1e4940029af02259a31c6b89b9fa354,norm1e69,Improbable-Harmonica,-259.01610000124265,-257.08199862317707,134.91608,1.9341013780655474,6675.934173001242,39,469,0.3076923076923077,0.9550439425820153,75.0,212.0,"btc,eth,sol"
2026-09-24 10:00:00+00:00,19,0xeba7be146396301075344bb2d477f2ffdba92d1f,0xEba7BE146396301O75344Bb2D477f2fFDba92dlf,Adventurous-Parole,60.92399999999998,61.768478114356256,0.0,0.8444781143562785,6031.476000000001,8,93,1.0,0.0,245.5,255.0,btc
2026-09-24 10:00:00+00:00,20,0xcfddfb6e1b321fcfdcb6f9aa09b11990142ce5da,trdyugiolkw,Deadly-Champion,606.936238007209,633.6353791975431,10.89538,26.699141190334082,6018.808025992791,11,379,0.8181818181818182,0.09259323400800347,95.0,624.0,btc
2026-09-24 11:00:00+00:00,1,0xb27bc932bf8110d8f78e55da7d5f0497a18b5b82,,,265.89536600123256,388.61808286544976,40.34316,122.72271686421715,27340.924343998766,44,2135,0.5454545454545454,0.040591560696505276,12.0,203.0,"btc,eth,sol"
2026-09-24 11:00:00+00:00,2,0x71246529fd8c3887724b178844ba1bb94defcc9c,Understandable98,Pointed-Dose-Formamide,3404.5220632048804,3405.08499864443,444.78047,0.5629354395493773,25010.101999122817,7,33,0.7142857142857143,0.9967848991578355,38.0,129.0,btc
2026-09-24 11:00:00+00:00,3,0x21f4c1a1be34a39a7bc20985df4b7e5a39fb691d,CrouchPredictions,Vague-Hourglass,-388.96136200200596,-291.7407251776185,107.23564,97.22063682438747,24118.148003002007,16,2648,0.3125,0.18204414656760623,5.0,179.0,btc
2026-09-24 11:00:00+00:00,4,0x0cb038487586d1119b165466072e9baf666f3a90,,,-592.3267960115344,-568.4699787886909,491.68511,23.85681722284338,20652.338810079276,16,910,0.375,0.741696155429957,7.5,179.5,btc
2026-09-24 11:00:00+00:00,5,0xee65685de42f8de9a03b4c53ee77d56a20d2cfc9,0x50f7,Haunting-Cheese,158.10526103529827,159.02548764614318,1.03542,0.9202266108448849,14014.374201964702,12,34,0.8333333333333334,0.09413012532387757,266.0,278.5,"btc,eth,sol"
2026-09-24 11:00:00+00:00,6,0x3048d65321be3497164cdfc2996f94f98a2e7537,x-MoneyForWhiskas,Flashy-Gold,21.059747002768006,34.607264772154906,335.17147,13.547517769386895,12875.831787997231,12,1028,0.6666666666666666,0.8215849798428546,5.5,135.0,btc
2026-09-24 11:00:00+00:00,7,0xfc369971792d08e095da0f6fdb23fa927c60ce29,gesinimen,Gullible-Percentage,165.16778998244214,165.31178967482413,11.39471,0.14399969238199117,12755.727500017558,23,42,1.0,0.9193966318268727,228.0,239.5,"btc,eth,sol"
2026-09-24 11:00:00+00:00,8,0xb55fa1296e6ec55d0ce53d93b9237389f11764d4,0xb55fa1296E6ec55D0cE53d93B9237389f11764d4-1777575277609,Lively-Authenticity,-1534.549657052126,-1534.549657052126,286.34085,0.0,10795.618735052125,33,503,0.21212121212121213,1.0,29.0,161.0,"btc,eth,sol"
2026-09-24 11:00:00+00:00,9,0x322b2e7c44237c9fed01d534cd1c96687d52aa0c,yguaihdkjls,Gloomy-Drawing,-808.824495991571,-762.6758280023167,0.0,46.148667989254285,9229.28304999157,12,956,0.25,0.0,13.0,180.0,btc
2026-09-24 11:00:00+00:00,10,0xd4fa2e10c74ab94bc23414989a516b07386ddcc8,quantbarbie,Clueless-Lime,66.73450599225498,111.47162256342475,13.882430000000001,44.73711657116978,8709.019590007745,12,1102,0.5833333333333334,0.0447323026406287,16.5,159.0,btc
2026-09-24 11:00:00+00:00,11,0xaa1a4f31c010d4a63fc49770d4ca2d69ea370602,hdueilqhsdn,Downright-Scheduling,-650.844929994465,-611.17194408943,0.0,39.67298590503502,8316.631198994464,12,698,0.3333333333333333,0.0,14.0,185.0,btc
2026-09-24 11:00:00+00:00,12,0x4c9497941333332d29f1c235dd23200f3623ffad,,,188.50573000985838,230.52624036123314,0.0,42.02051035137471,8008.155968990141,12,754,0.4166666666666667,0.0,7.5,147.0,btc
2026-09-24 11:00:00+00:00,13,0xc53375ff94e96100f2b30a4b5775db35218d69a9,dangerously-skip-permissions,Lone-Easel-Election,-175.1733740058848,-169.94124030030233,214.94989,5.232133705582483,7599.1373610058845,12,514,0.5,0.8914433676067652,6.0,166.0,btc
2026-09-24 11:00:00+00:00,14,0x502b532f55778c0985846dc53a9bc71eb4f33b15,0x502b532F55778c0985846Dc53a9bc71eB4F33b15-1761320484518,Stimulating-Power,60.99201499680932,65.46608273789217,1.27023,4.474067741082856,6963.574916003191,25,140,0.52,0.26058606705440784,-13.0,259.5,"btc,eth,sol"
2026-09-24 11:00:00+00:00,15,0x41e2e1ccf1e4940029af02259a31c6b89b9fa354,norm1e69,Improbable-Harmonica,134.3171079907214,136.01352538402767,175.07099,1.6964173933062752,6961.792179009279,40,543,0.45,0.9595693784354355,34.0,177.0,"btc,eth,sol"
2026-09-24 11:00:00+00:00,16,0x9d57c42e847173d06841703825d3fe2299e456ea,Polkadot-Frog,Supportive-Matchmaker,89.17863700220533,113.05241462135767,29.24929,23.873777619152342,6810.1721409977945,29,1329,0.6551724137931034,0.26109607263750895,25.0,184.0,"btc,eth"
2026-09-24 11:00:00+00:00,17,0xc2c3ea98fbfa020f77c7634824eda3a97af80e32,Numbxtenx,Honest-Burrito,316.949095785606,316.949095785606,22.600070000000002,0.0,6778.999966214395,4,5,1.0,1.0,221.5,228.0,btc
2026-09-24 11:00:00+00:00,18,0xae3db1cc155e1b2a5420e256c42cd1649b5a6b95,suspiciouslyLucky,Agitated-Conscience,-566.6067539962827,-566.6067539962827,85.29955,0.0,6767.022764982875,40,268,0.725,1.0,224.0,243.0,"btc,eth,sol"
2026-09-24 11:00:00+00:00,19,0x8470248884a4b364829963afe634075d189070c4,Huiben888,Alert-Oncology,73.0599010679307,73.0599010679307,5.42252,0.0,6205.38967893207,3,3,1.0,1.0,257.0,257.0,btc
2026-09-24 11:00:00+00:00,20,0x9e3ed7b661a903fc97afcf49e0f014ebe869f882,0x9e3ed7b661a903fc97afcf49e0f014ebe869f882-1783406009396,Favorable-Pepper-Brushing,30.71790598290977,30.71790598290977,142.3373,0.0,6200.818726975743,18,100,0.5555555555555556,1.0,130.0,203.0,"btc,eth"
2026-09-24 12:00:00+00:00,1,0x48ac40fc545cf327edd5365435c3a9f385614a7e,BoneOhio,Warlike-Fallingout,424.6909199848629,425.86350359853486,28.72218,1.172583613671981,46935.55690001514,30,154,0.9666666666666667,0.8226046828902691,223.5,225.0,"btc,eth,sol"
2026-09-24 12:00:00+00:00,2,0xb27bc932bf8110d8f78e55da7d5f0497a18b5b82,,,640.2642810408006,753.7265934430047,58.253370000000004,113.46231240220412,26836.3857109592,43,2074,0.6046511627906976,0.12293962773252147,14.0,233.0,"btc,eth,sol"
2026-09-24 12:00:00+00:00,3,0x21f4c1a1be34a39a7bc20985df4b7e5a39fb691d,CrouchPredictions,Vague-Hourglass,700.0941630125676,763.961156459718,94.72331,63.86699344715049,20303.21455098743,13,1925,0.5384615384615384,0.25175264730399854,7.0,156.0,btc
2026-09-24 12:00:00+00:00,4,0xf9246288181d348e5e0741a52b315ee7821ba0cc,0xf9246288181d348e5e0741A52B315ee7821BA0Cc-1780402542158,Grandiose-Accountant-Stallion,-5701.696593532053,-5701.696593532053,560.06749,0.0,17973.822597741688,7,28,0.2857142857142857,1.0,25.0,31.0,btc
2026-09-24 12:00:00+00:00,5,0x0cb038487586d1119b165466072e9baf666f3a90,,,1069.4847680551093,1090.3192464688866,218.07745,20.834478413777507,13851.16509591039,16,700,0.75,0.5398473145877726,11.0,166.0,btc
2026-09-24 12:00:00+00:00,6,0x3048d65321be3497164cdfc2996f94f98a2e7537,x-MoneyForWhiskas,Flashy-Gold,-159.5055589956618,-148.88523999822937,244.26536000000002,10.62031899743243,9694.974494995662,12,808,0.3333333333333333,0.8327011901024336,5.0,112.0,btc
2026-09-24 12:00:00+00:00,7,0x74544b2f1b7971e8b22cf8e925e315c4f50b7836,mx008,Difficult-Maybe-Kill,-2865.493597031561,-2858.112088851761,179.89684,7.381508179799898,9353.118888954892,11,213,0.5454545454545454,0.7710589777155179,87.0,82.0,"btc,eth"
2026-09-24 12:00:00+00:00,8,0x322b2e7c44237c9fed01d534cd1c96687d52aa0c,yguaihdkjls,Gloomy-Drawing,773.776443983159,817.693524688893,0.0,43.91708070573403,8545.983777016841,12,842,0.75,0.0,12.0,165.0,btc
2026-09-24 12:00:00+00:00,9,0xb0132277507d469d091f38126f7342e7c4d17ad4,Feetsmellingloverboy,Ancient-Jade,278.53304597742664,278.53304597742664,61.983180000000004,0.0,8337.442930989584,9,221,0.7777777777777778,1.0,158.0,171.0,btc
2026-09-24 12:00:00+00:00,10,0x4c9497941333332d29f1c235dd23200f3623ffad,,,-129.2465369874236,-94.12538060186844,0.0,35.121156385555174,8153.208422987424,12,539,0.5,0.0,6.5,97.0,btc
2026-09-24 12:00:00+00:00,11,0xaa1a4f31c010d4a63fc49770d4ca2d69ea370602,hdueilqhsdn,Downright-Scheduling,604.2196820159979,640.2465414709875,0.0,36.0268594549895,7391.261259984002,12,586,0.75,0.0,15.0,162.0,btc
2026-09-24 12:00:00+00:00,12,0x9e3ed7b661a903fc97afcf49e0f014ebe869f882,0x9e3ed7b661a903fc97afcf49e0f014ebe869f882-1783406009396,Favorable-Pepper-Brushing,-1349.2486999179491,-1349.1833808961205,219.76333,0.06531902182858254,7353.325673924101,22,174,0.45454545454545453,0.9986783123132348,55.5,74.0,"btc,eth"
2026-09-24 12:00:00+00:00,13,0x9d57c42e847173d06841703825d3fe2299e456ea,Polkadot-Frog,Supportive-Matchmaker,322.5399650002396,343.37049363283444,42.17606,20.830528632594834,7243.716806999761,29,1255,0.5517241379310345,0.3644246828437736,35.0,178.0,"btc,eth"
2026-09-24 12:00:00+00:00,14,0x2dad1d7d34bafd498bacc8ce6238595f18092efc,V612,Empty-Spoon,71.55509999999981,72.54691289069898,0.0,0.9918128906991625,7083.954900000001,4,62,1.0,0.0,228.5,244.5,btc
2026-09-24 12:00:00+00:00,15,0xfc369971792d08e095da0f6fdb23fa927c60ce29,gesinimen,Gullible-Percentage,74.18116000000005,74.24649061744542,5.160839999999999,0.06533061744536692,6878.098,14,20,1.0,0.9321604897167793,227.5,234.0,"btc,eth,sol"
2026-09-24 12:00:00+00:00,16,0xb55fa1296e6ec55d0ce53d93b9237389f11764d4,0xb55fa1296E6ec55D0cE53d93B9237389f11764d4-1777575277609,Lively-Authenticity,-595.6500519893946,-594.0028861311208,146.29732,1.6471658582737019,6875.705779989395,10,281,0.3,0.9324654303343757,26.5,652.0,"btc,eth,sol"
2026-09-24 12:00:00+00:00,17,0x41e2e1ccf1e4940029af02259a31c6b89b9fa354,norm1e69,Improbable-Harmonica,-101.27531300259548,-99.26688760731561,143.03997,2.008425395279852,6827.402049002595,39,502,0.3333333333333333,0.9463019673707902,28.0,202.5,"btc,eth,sol"
2026-09-24 12:00:00+00:00,18,0xd4fa2e10c74ab94bc23414989a516b07386ddcc8,quantbarbie,Clueless-Lime,178.0927550028199,210.68702814535777,5.28201,32.59427314253787,6748.357405997181,12,819,0.6666666666666666,0.027328131410436534,9.0,138.0,btc
2026-09-24 12:00:00+00:00,19,0xf27d40745542dc871e127acff3a1c9d3910d9a88,0xF27d40745542Dc871e127acFf3A1c9D3910d9a88-1775505016568,Extra-Small-Implement,86.99661999699981,87.02860946335585,6.24836,0.03198946635603263,6143.755020003,7,25,1.0,0.9933981742650964,184.0,184.0,"btc,eth"
2026-09-24 12:00:00+00:00,20,0xc53375ff94e96100f2b30a4b5775db35218d69a9,dangerously-skip-permissions,Lone-Easel-Election,43.76227399462524,48.59970513558807,148.1769,4.837431140962825,5936.566930005375,12,398,0.5,0.8784035725502298,6.5,124.5,btc
2026-09-24 13:00:00+00:00,1,0x48ac40fc545cf327edd5365435c3a9f385614a7e,BoneOhio,Warlike-Fallingout,312.63318994186636,314.46371045234304,11.214409999999999,1.8305205104766409,25239.582400058134,18,197,0.9444444444444444,0.48201315327745325,228.5,267.0,"btc,eth,sol"
2026-09-24 13:00:00+00:00,2,0xb27bc932bf8110d8f78e55da7d5f0497a18b5b82,,,296.34806204021896,402.47101619178864,21.2591,106.12295415156972,23794.97142095978,44,2020,0.6136363636363636,0.031202857268798807,8.0,186.5,"btc,eth,sol"
2026-09-24 13:00:00+00:00,3,0x21f4c1a1be34a39a7bc20985df4b7e5a39fb691d,CrouchPredictions,Vague-Hourglass,-584.7555030097775,-519.3252943092924,94.15519,65.43020870048505,17715.94560300978,12,2037,0.5,0.25259746243788533,7.0,158.0,btc
2026-09-24 13:00:00+00:00,4,0xaabfedaa7ca3190bcb3ec45b9ac0598ad13b8b8b,Oi.hughie,Juicy-Universe,-1935.0186759047488,-1933.361924603998,270.3883,1.6567513007507104,17310.024104953176,6,52,0.5,0.6653308473221722,-7.5,67.0,btc
2026-09-24 13:00:00+00:00,5,0x3048d65321be3497164cdfc2996f94f98a2e7537,x-MoneyForWhiskas,Flashy-Gold,191.29391500430003,203.83552926240696,350.09853,12.541614258106964,13224.773573995699,12,1026,0.5833333333333334,0.8516171817219107,5.0,124.5,btc
2026-09-24 13:00:00+00:00,6,0x9d57c42e847173d06841703825d3fe2299e456ea,Polkadot-Frog,Supportive-Matchmaker,-174.5635379998019,-139.26292032118283,107.69676,35.300617678619076,12148.625105999801,31,1692,0.5161290322580645,0.45395364099912583,23.0,186.0,"btc,eth"
2026-09-24 13:00:00+00:00,7,0x8470248884a4b364829963afe634075d189070c4,Huiben888,Alert-Oncology,236.44697596970332,236.44697596970332,16.923699999999997,0.0,11359.776850030297,5,5,1.0,1.0,219.0,219.0,btc
2026-09-24 13:00:00+00:00,8,0x0cb038487586d1119b165466072e9baf666f3a90,,,704.8169630067523,735.1358694760127,152.60622,30.318906469260394,11292.214824986597,16,874,0.5625,0.4640340251410309,5.5,151.0,btc
2026-09-24 13:00:00+00:00,9,0xd5b3b6a854543589560a40de153a78eedf3cb230,,,1156.4969348411535,1156.4969348411535,123.71253,0.0,10095.139719180968,3,10,1.0,1.0,99.0,147.0,btc
2026-09-24 13:00:00+00:00,10,0x4c9497941333332d29f1c235dd23200f3623ffad,,,610.966374018757,657.6787944327086,0.0,46.71242041395161,9877.411803981242,12,743,0.75,0.0,6.0,120.0,btc
2026-09-24 13:00:00+00:00,11,0xc53375ff94e96100f2b30a4b5775db35218d69a9,dangerously-skip-permissions,Lone-Easel-Election,-128.8135450066547,-120.98612868587925,231.27607,7.827416320775502,8802.570650006655,12,622,0.4166666666666667,0.8539592806334437,5.0,140.5,btc
2026-09-24 13:00:00+00:00,12,0x0100f1a36f952615e6e36e13ebe92d2b9929a303,Szgboy,Bleak-Opinion,111.38716899999969,112.52964587049868,2.13613,1.1424768704990012,8232.525701,4,96,1.0,0.22326263734308624,179.0,552.5,btc
2026-09-24 13:00:00+00:00,13,0xd4fa2e10c74ab94bc23414989a516b07386ddcc8,quantbarbie,Clueless-Lime,-84.66455600517139,-46.390919238631575,6.86402,38.273636766539816,7963.2256090051715,12,1010,0.4166666666666667,0.030611966679312524,7.0,134.0,btc
2026-09-24 13:00:00+00:00,14,0xf27d40745542dc871e127acff3a1c9d3910d9a88,0xF27d40745542Dc871e127acFf3A1c9D3910d9a88-1775505016568,Extra-Small-Implement,149.32780000500057,149.53324393348404,9.836200000000002,0.2054439284834784,7711.145999995,6,51,1.0,0.8392887256964393,153.5,203.0,"btc,eth"
2026-09-24 13:00:00+00:00,15,0x322b2e7c44237c9fed01d534cd1c96687d52aa0c,yguaihdkjls,Gloomy-Drawing,-148.02010302192366,-112.57954384556223,0.0,35.44055917636142,7249.618473021924,12,649,0.5,0.0,8.0,159.0,btc
2026-09-24 13:00:00+00:00,16,0xaa1a4f31c010d4a63fc49770d4ca2d69ea370602,hdueilqhsdn,Downright-Scheduling,-500.1494879874913,-469.28324636377863,0.0,30.866241623712696,7055.275172987491,12,601,0.25,0.0,21.5,186.0,btc
2026-09-24 13:00:00+00:00,17,0xee65685de42f8de9a03b4c53ee77d56a20d2cfc9,0x50f7,Haunting-Cheese,23.632130000000217,23.913109314721282,0.25381000000000004,0.2809793147210656,6842.96406,9,24,1.0,0.5298727917036583,857.0,307.0,"btc,eth,sol"
2026-09-24 13:00:00+00:00,18,0xb55fa1296e6ec55d0ce53d93b9237389f11764d4,0xb55fa1296E6ec55D0cE53d93B9237389f11764d4-1777575277609,Lively-Authenticity,287.8347229972218,288.67302922975193,245.42679,0.8383062325301314,6787.652762002778,30,645,0.3333333333333333,0.9872182542268824,19.0,162.0,"btc,eth,sol"
2026-09-24 13:00:00+00:00,19,0xabf97c34977b8b9bb204eccf9ae030ff0db68214,Trader2024,Admirable-Pomegranate,59.886091999999536,60.21753426656778,2.67856,0.3314422665682435,6193.900548,2,27,1.0,0.6177857746255826,193.0,120.0,btc
2026-09-24 13:00:00+00:00,20,0xea847529f85ed878472dd7572896ad5ffe6cf113,anchorage,Stark-Wharf,181.3333789994365,221.4542613803016,0.0,40.12088238086511,5973.830017005753,11,1143,0.36363636363636365,0.0,14.0,105.0,btc
2026-09-24 14:00:00+00:00,1,0x4a86dfe0f05e34b133b29b7626368e78912c501e,komsa,Perfumed-Praise-Retrospective,-8717.219565067611,-8717.219565067611,480.32129,0.0,32378.58559096758,4,28,0.25,1.0,56.5,113.0,btc
2026-09-24 14:00:00+00:00,2,0x21f4c1a1be34a39a7bc20985df4b7e5a39fb691d,CrouchPredictions,Vague-Hourglass,565.3752299982049,643.6736007372912,173.07952,78.29837073908627,27562.867619001794,16,2638,0.625,0.29298997733573884,6.0,140.5,btc
2026-09-24 14:00:00+00:00,3,0xb27bc932bf8110d8f78e55da7d5f0497a18b5b82,,,-250.10212497221625,-145.51636581388584,26.50199,104.58575915833039,26080.275025972216,44,1960,0.45454545454545453,0.048411111375776465,9.0,163.0,"btc,eth,sol"
2026-09-24 14:00:00+00:00,4,0xb55fa1296e6ec55d0ce53d93b9237389f11764d4,0xb55fa1296E6ec55D0cE53d93B9237389f11764d4-1777575277609,Lively-Authenticity,721.2213290032544,721.8125420710529,665.08655,0.5912130677985906,21729.236759996747,48,1252,0.4791666666666667,0.9979117266978054,17.0,140.0,"btc,eth,sol"
2026-09-24 14:00:00+00:00,5,0xe114e5ca2d8c47baed151a71fd8eeb143047c208,cash-pony,Unimportant-Steward,-231.09241999830388,-164.04926745157255,0.0,67.04315254673132,18214.413875992897,12,1559,0.5833333333333334,0.0,14.5,111.0,btc
2026-09-24 14:00:00+00:00,6,0x71246529fd8c3887724b178844ba1bb94defcc9c,Understandable98,Pointed-Dose-Formamide,2061.9910922704835,2061.9910922704835,261.39549999999997,0.0,14107.622198852885,3,14,0.6666666666666666,1.0,46.0,94.0,btc
2026-09-24 14:00:00+00:00,7,0x9d57c42e847173d06841703825d3fe2299e456ea,Polkadot-Frog,Supportive-Matchmaker,-71.16452599821868,-30.910153550400494,101.70792,40.25437244781817,12663.580915998218,32,1670,0.375,0.3993548691755669,23.5,115.0,"btc,eth"
2026-09-24 14:00:00+00:00,8,0xb0132277507d469d091f38126f7342e7c4d17ad4,Feetsmellingloverboy,Ancient-Jade,195.4660850851479,195.4660850851479,42.47843,0.0,11699.601388002406,11,317,0.7272727272727273,1.0,173.0,205.0,btc
2026-09-24 14:00:00+00:00,9,0x322b2e7c44237c9fed01d534cd1c96687d52aa0c,yguaihdkjls,Gloomy-Drawing,-370.7028130089749,-320.87229023486424,0.0,49.83052277411065,11005.688720008975,12,972,0.5,0.0,6.0,152.0,btc
2026-09-24 14:00:00+00:00,10,0x3048d65321be3497164cdfc2996f94f98a2e7537,x-MoneyForWhiskas,Flashy-Gold,-68.903847994567,-57.11798157805226,281.02118,11.785866416514743,10862.259659994568,12,866,0.6666666666666666,0.8131456507644764,5.0,99.0,btc
2026-09-24 14:00:00+00:00,11,0xa7614974faca5be9a1b809c978d0a8fc532a866b,0xA7614974FAca5Be9A1b809c978d0A8FC532a866B-1777736641378,Humongous-Fly,10.702279999999519,10.851966143548296,0.0,0.14968614354877746,10691.577720000001,1,1,1.0,0.0,320.0,320.0,btc
2026-09-24 14:00:00+00:00,12,0xee65685de42f8de9a03b4c53ee77d56a20d2cfc9,0x50f7,Haunting-Cheese,-117.68207199897402,-115.84084283571076,0.05863,1.8412291632632587,10331.483441998975,15,50,0.8,0.08108433263267316,285.0,207.0,"btc,eth,sol"
2026-09-24 14:00:00+00:00,13,0x0cb038487586d1119b165466072e9baf666f3a90,,,-382.0632890079447,-358.429974565285,112.2808,23.633314442659714,10013.397724001552,16,526,0.625,0.42817593150510364,8.5,143.5,btc
2026-09-24 14:00:00+00:00,14,0x7db26f764623b0df0bafeb70aa287a368b5b1b3b,0x7dB26f764623B0dF0Bafeb70Aa287A368b5b1b3B-1759926835930,Cavernous-Agriculture,15.05557000066392,15.143537076840003,0.65627,0.08796707617608251,9615.008159999335,3,10,1.0,0.35604737333884623,750.0,756.0,btc
2026-09-24 14:00:00+00:00,15,0xd4fa2e10c74ab94bc23414989a516b07386ddcc8,quantbarbie,Clueless-Lime,53.39171799785248,94.16086234767617,9.71627,40.7691443498237,9307.574019002148,12,1070,0.6666666666666666,0.028861441172409824,5.5,144.0,btc
2026-09-24 14:00:00+00:00,16,0x4c9497941333332d29f1c235dd23200f3623ffad,,,211.0889420123674,254.6655929577168,0.0,43.57665094534935,9276.718292987633,12,697,0.5,0.0,4.5,114.0,btc
2026-09-24 14:00:00+00:00,17,0xf27d40745542dc871e127acff3a1c9d3910d9a88,0xF27d40745542Dc871e127acFf3A1c9D3910d9a88-1775505016568,Extra-Small-Implement,138.5794900000003,138.9303611679744,8.33751,0.3508711679741212,9120.783,11,77,1.0,0.768276374955966,223.0,248.0,"btc,eth"
2026-09-24 14:00:00+00:00,18,0xaa1a4f31c010d4a63fc49770d4ca2d69ea370602,hdueilqhsdn,Downright-Scheduling,-243.57717099883368,-209.37027142249548,0.0,34.20689957633821,8119.637953998834,12,694,0.16666666666666666,0.0,6.5,179.0,btc
2026-09-24 14:00:00+00:00,19,0xd18aa9f4b13ff514f168314ff61e0ca7f9424b74,4282439425493,Shady-Backbone,76.57299999999955,77.63437909713248,0.0,1.0613790971329284,7580.727,7,130,1.0,0.0,254.0,247.0,btc
2026-09-24 14:00:00+00:00,20,0xc5b6abab6e13d8d067078438a05b280dde573740,p4p4tr33,Leafy-Plough,7.441150000000107,7.545225029381665,0.0,0.10407502938155869,7433.70885,2,12,1.0,0.0,273.0,300.0,btc
2026-09-24 15:00:00+00:00,1,0xb55fa1296e6ec55d0ce53d93b9237389f11764d4,0xb55fa1296E6ec55D0cE53d93B9237389f11764d4-1777575277609,Lively-Authenticity,-325.66938202976485,-325.01048826376973,498.80652,0.6588937659951524,21245.028643029764,46,1086,0.5869565217391305,0.9935331217806979,22.0,135.0,"btc,eth,sol"
2026-09-24 15:00:00+00:00,2,0x21f4c1a1be34a39a7bc20985df4b7e5a39fb691d,CrouchPredictions,Vague-Hourglass,-237.75928897453562,-178.93090855443936,112.56693,58.828380420096266,19319.360822974537,13,2122,0.38461538461538464,0.2893022022932206,8.0,159.0,btc
2026-09-24 15:00:00+00:00,3,0xbd0d0c4bfc88dad382674c9d5ae483dae8261fb4,Perfectly-Spherical-Gum-Boat,Spherical-Casement-Violence,294.8747593248435,297.2807846619584,269.6096,2.406025337114695,16896.96368982931,4,86,0.25,0.49151955062663955,-383.5,635.5,btc
2026-09-24 15:00:00+00:00,4,0xb27bc932bf8110d8f78e55da7d5f0497a18b5b82,,,391.6386719915267,446.2238033326822,14.25336,54.585131341155524,12573.725618008473,29,960,0.7931034482758621,0.02964646353244947,14.0,192.0,"btc,eth,sol"
2026-09-24 15:00:00+00:00,5,0x3048d65321be3497164cdfc2996f94f98a2e7537,x-MoneyForWhiskas,Flashy-Gold,-211.17880500137625,-197.20461440923017,328.67693,13.974190592146085,12432.528869001377,12,1060,0.25,0.8225885182140622,6.0,133.0,btc
2026-09-24 15:00:00+00:00,6,0xfc369971792d08e095da0f6fdb23fa927c60ce29,gesinimen,Gullible-Percentage,120.75096000000005,120.85147042362343,8.43304,0.10051042362337984,11424.336,21,38,1.0,0.9371614595369043,233.0,255.0,"btc,eth,sol"
2026-09-24 15:00:00+00:00,7,0x0cb038487586d1119b165466072e9baf666f3a90,,,572.8579939637223,598.2900114650228,134.04659,25.432017501300518,11191.791169046744,16,642,0.6875,0.4317921346136553,7.5,158.5,btc
2026-09-24 15:00:00+00:00,8,0x322b2e7c44237c9fed01d534cd1c96687d52aa0c,yguaihdkjls,Gloomy-Drawing,497.68891498313855,544.5967890072254,0.0,46.90787402408684,9457.945938016861,12,868,0.5,0.0,8.5,169.0,btc
2026-09-24 15:00:00+00:00,9,0x9d57c42e847173d06841703825d3fe2299e456ea,Polkadot-Frog,Supportive-Matchmaker,130.24432100356637,164.38283923069503,64.31295,34.13851822712865,9273.407329996266,31,1334,0.3870967741935484,0.3175559096249885,26.0,168.0,"btc,eth"
2026-09-24 15:00:00+00:00,10,0x10d57bd3327bcdf43bf0656e717aa56f9dbd5388,maxmaxi04,Quaint-Dreamer-Custody,241.26485190732274,241.26485190732274,17.95776,0.0,8977.149937092676,6,45,0.8333333333333334,1.0,451.0,605.0,"btc,eth,sol"
2026-09-24 15:00:00+00:00,11,0xaa1a4f31c010d4a63fc49770d4ca2d69ea370602,hdueilqhsdn,Downright-Scheduling,-411.73425297681456,-371.9948753390551,0.0,39.73937763775949,8727.656144976814,12,766,0.25,0.0,12.5,158.0,btc
2026-09-24 15:00:00+00:00,12,0xc53375ff94e96100f2b30a4b5775db35218d69a9,dangerously-skip-permissions,Lone-Easel-Election,3.6777789980177147,10.32702699768727,209.70375,6.6492479996695675,8046.931802001983,12,551,0.5833333333333334,0.8469224628329584,6.0,146.0,btc
2026-09-24 15:00:00+00:00,13,0xe114e5ca2d8c47baed151a71fd8eeb143047c208,cash-pony,Unimportant-Steward,21.45812499569064,56.46967048388859,0.0,35.01154548819792,8022.990317002606,9,773,0.6666666666666666,0.0,17.0,96.0,btc
2026-09-24 15:00:00+00:00,14,0xeba7be146396301075344bb2d477f2ffdba92d1f,0xEba7BE146396301O75344Bb2D477f2fFDba92dlf,Adventurous-Parole,79.77999999999997,80.88581219268636,0.0,1.1058121926863904,7898.22,8,100,1.0,0.0,239.0,243.0,btc
2026-09-24 15:00:00+00:00,15,0x4c9497941333332d29f1c235dd23200f3623ffad,,,648.3345990050798,684.1865572826325,0.0,35.85195827755277,7418.755418994921,12,620,0.6666666666666666,0.0,7.0,156.0,btc
2026-09-24 15:00:00+00:00,16,0xa8278bd8002eddb9b26deb70d8331c23da45f959,JeroHJ,Imperfect-Deposition,972.6906659211853,972.6906659211853,62.172019999999996,0.0,7060.160069078815,4,13,1.0,1.0,133.5,143.0,btc
2026-09-24 15:00:00+00:00,17,0xd4fa2e10c74ab94bc23414989a516b07386ddcc8,quantbarbie,Clueless-Lime,-0.39931299540882037,34.4188866290311,3.93176,34.81819962443991,6506.730944995408,12,879,0.75,0.020014658374053033,9.0,162.0,btc
2026-09-24 15:00:00+00:00,18,0x9e3ed7b661a903fc97afcf49e0f014ebe869f882,0x9e3ed7b661a903fc97afcf49e0f014ebe869f882-1783406009396,Favorable-Pepper-Brushing,-2524.719778922018,-2524.66927864483,219.13569999999999,0.05050027718843258,6451.390266135679,23,141,0.391304347826087,0.9988104269493221,20.0,128.0,"btc,eth"
2026-09-24 15:00:00+00:00,19,0xf27d40745542dc871e127acff3a1c9d3910d9a88,0xF27d40745542Dc871e127acFf3A1c9D3910d9a88-1775505016568,Extra-Small-Implement,111.76164999199958,111.81014544692994,7.977450000000001,0.048495454930366305,6404.260900008,8,28,1.0,0.9743202217136727,229.5,225.0,btc
2026-09-24 15:00:00+00:00,20,0xea847529f85ed878472dd7572896ad5ffe6cf113,anchorage,Stark-Wharf,141.4283909889499,182.20330328339088,0.0,40.77491229444091,6105.846521006739,12,1050,0.3333333333333333,0.0,15.0,132.0,btc
2026-09-24 16:00:00+00:00,1,0xb55fa1296e6ec55d0ce53d93b9237389f11764d4,0xb55fa1296E6ec55D0cE53d93B9237389f11764d4-1777575277609,Lively-Authenticity,2232.0289069135993,2232.4732163758285,638.61404,0.44430946222927736,29517.8496970864,47,1058,0.6808510638297872,0.996075676067603,20.0,131.0,"btc,eth,sol"
2026-09-24 16:00:00+00:00,2,0x21f4c1a1be34a39a7bc20985df4b7e5a39fb691d,CrouchPredictions,Vague-Hourglass,884.0292900109378,950.3396273243461,152.96385,66.31033731340833,28057.654118989063,16,2675,0.5,0.327821220726145,5.0,141.0,btc
2026-09-24 16:00:00+00:00,3,0x8bf4e27a45614d084e9b90bd6bc489c866a811d8,Paulkao1982,Caring-Adobe,-1652.8489080043933,-1652.8489080043933,84.66674,0.0,18299.999151004395,12,61,0.8333333333333334,1.0,163.0,201.0,btc
2026-09-24 16:00:00+00:00,4,0xee65685de42f8de9a03b4c53ee77d56a20d2cfc9,0x50f7,Haunting-Cheese,-96.60557299494614,-94.18911938349378,0.041370000000000004,2.4164536114523694,15043.874202994946,21,171,0.47619047619047616,0.039289635902587494,224.0,182.0,"btc,eth,sol"
2026-09-24 16:00:00+00:00,5,0x2dad1d7d34bafd498bacc8ce6238595f18092efc,V612,Empty-Spoon,122.91830000000027,124.62207013592221,0.0,1.7037701359219373,12168.9117,5,84,1.0,0.0,272.0,284.0,btc
2026-09-24 16:00:00+00:00,6,0x322b2e7c44237c9fed01d534cd1c96687d52aa0c,yguaihdkjls,Gloomy-Drawing,84.35487600027022,127.52385990412145,0.0,43.16898390385124,11504.32432299973,12,954,0.6666666666666666,0.0,8.0,144.0,btc
2026-09-24 16:00:00+00:00,7,0xa8278bd8002eddb9b26deb70d8331c23da45f959,JeroHJ,Imperfect-Deposition,1192.8897318816403,1192.8897318816403,78.37881999999999,0.0,11499.99994611836,4,13,1.0,1.0,122.5,116.0,btc
2026-09-24 16:00:00+00:00,8,0xf27d40745542dc871e127acff3a1c9d3910d9a88,0xF27d40745542Dc871e127acFf3A1c9D3910d9a88-1775505016568,Extra-Small-Implement,-2714.853819999999,-2714.299167137547,9.75342,0.5546528624519439,11031.1004,12,64,0.9166666666666666,0.7490966540382499,185.0,185.0,"btc,eth"
2026-09-24 16:00:00+00:00,9,0xaa1a4f31c010d4a63fc49770d4ca2d69ea370602,hdueilqhsdn,Downright-Scheduling,533.7829389875784,571.6112115923476,0.0,37.828272604769154,10521.492536012422,12,891,0.5,0.0,8.0,135.0,btc
2026-09-24 16:00:00+00:00,10,0xc5b6abab6e13d8d067078438a05b280dde573740,p4p4tr33,Leafy-Plough,11.0,11.153738480858593,0.0,0.15373848085859154,10089.0,2,11,1.0,0.0,276.5,278.0,btc
2026-09-24 16:00:00+00:00,11,0x0cb038487586d1119b165466072e9baf666f3a90,,,-146.82725701756874,-124.9926010326846,82.1308,21.83465598488406,9599.00915603106,16,523,0.6875,0.3298878089980071,7.0,135.0,btc
2026-09-24 16:00:00+00:00,12,0x56991cfb6c8062e5a06ae10ccf240463bdfac4b4,hil.bilyhim,Adept-Pouch,1798.5056169880127,1805.3100550690003,147.95516,6.80443808098774,9546.256093024898,9,151,0.5555555555555556,0.5697460910368751,39.0,185.0,btc
2026-09-24 16:00:00+00:00,13,0x3048d65321be3497164cdfc2996f94f98a2e7537,x-MoneyForWhiskas,Flashy-Gold,543.0720380134045,555.1494351022735,214.07609,12.07739708886904,9187.540984986596,12,808,0.6666666666666666,0.7669188754105849,5.5,98.0,btc
2026-09-24 16:00:00+00:00,14,0xf9246288181d348e5e0741a52b315ee7821ba0cc,0xf9246288181d348e5e0741A52B315ee7821BA0Cc-1780402542158,Grandiose-Accountant-Stallion,-1169.318935758021,-1169.318935758021,266.83406,0.0,9097.510899838018,3,11,0.3333333333333333,1.0,-94.0,48.0,btc
2026-09-24 16:00:00+00:00,15,0xb1d30490fa2ec8dc55591e8c71d3d64b6e0fc279,hoodquant,Tender-Affidavit,131.27306099902376,131.5251845535483,8.70745,0.2521235545245518,8821.319127000976,18,115,0.9444444444444444,0.825414410494909,242.5,230.0,"btc,eth,sol"
2026-09-24 16:00:00+00:00,16,0x4c9497941333332d29f1c235dd23200f3623ffad,,,-466.0804589902893,-430.2311995343685,0.0,35.84925945592075,8363.649459990289,12,547,0.5833333333333334,0.0,5.0,84.0,btc
2026-09-24 16:00:00+00:00,17,0x2277c18fb73d4cfbd61384be80ef9339a9496604,EVPLUS.AI,Bright-Jasmine,38.56243999999984,38.69955988606054,2.13766,0.13711988606069925,7809.3099,7,45,1.0,0.39104906055783495,276.0,278.0,"btc,eth,sol"
2026-09-24 16:00:00+00:00,18,0x9d57c42e847173d06841703825d3fe2299e456ea,Polkadot-Frog,Supportive-Matchmaker,-188.16883000976568,-166.79864980295167,31.499000000000002,21.370180206814002,7567.037686009766,32,1085,0.40625,0.3252669699995166,22.0,126.0,"btc,eth"
2026-09-24 16:00:00+00:00,19,0x71246529fd8c3887724b178844ba1bb94defcc9c,Understandable98,Pointed-Dose-Formamide,-41.814018118700915,-41.814018118700915,152.13391000000001,0.0,7510.312600063493,2,6,0.5,1.0,-1.0,50.0,btc
2026-09-24 16:00:00+00:00,20,0xfc369971792d08e095da0f6fdb23fa927c60ce29,gesinimen,Gullible-Percentage,73.86769000000012,74.26377816221793,3.36781,0.3960881622178134,7113.5145,12,25,1.0,0.6023947656253459,232.0,239.0,"btc,eth,sol"
2026-09-24 17:00:00+00:00,1,0x8bf4e27a45614d084e9b90bd6bc489c866a811d8,Paulkao1982,Caring-Adobe,385.54287698372036,385.54287698372036,167.93159,0.0,38638.13786001628,12,116,0.8333333333333334,1.0,188.5,213.5,btc
2026-09-24 17:00:00+00:00,2,0xb55fa1296e6ec55d0ce53d93b9237389f11764d4,0xb55fa1296E6ec55D0cE53d93B9237389f11764d4-1777575277609,Lively-Authenticity,269.16036000561144,270.7802118553752,620.15997,1.6198518497637715,25310.74518399439,48,1418,0.6041666666666666,0.9909272585089662,37.0,161.0,"btc,eth,sol"
2026-09-24 17:00:00+00:00,3,0x3048d65321be3497164cdfc2996f94f98a2e7537,x-MoneyForWhiskas,Flashy-Gold,251.5250490033563,268.10430667252376,337.6225,16.579257669167458,13659.374254996645,12,1225,0.5833333333333334,0.7960967828391753,5.5,123.0,btc
2026-09-24 17:00:00+00:00,4,0x322b2e7c44237c9fed01d534cd1c96687d52aa0c,yguaihdkjls,Gloomy-Drawing,-69.88511998171361,-7.459055994302673,0.0,62.42606398741094,13427.723497981713,12,1203,0.6666666666666666,0.0,8.5,180.0,btc
2026-09-24 17:00:00+00:00,5,0xaa1a4f31c010d4a63fc49770d4ca2d69ea370602,hdueilqhsdn,Downright-Scheduling,-732.9501980129504,-677.0302635143154,0.0,55.91993449863504,12307.05256401295,12,970,0.25,0.0,11.0,180.0,btc
2026-09-24 17:00:00+00:00,6,0xce25e214d5cfe4f459cf67f08df581885aae7fdc,0xcE25E214D5cfE4f459cf67F08DF581885AAE7Fdc-1777575398144,Agile-Spacing,61.024807018927994,62.55481463669687,309.84584,1.53000761776887,12024.08458098107,44,1291,0.6136363636363636,0.9727471373148958,27.0,162.0,"btc,eth,sol"
2026-09-24 17:00:00+00:00,7,0x21f4c1a1be34a39a7bc20985df4b7e5a39fb691d,CrouchPredictions,Vague-Hourglass,-105.83898800578507,-70.96022123471677,53.80054,34.8787667710683,11622.735036005784,6,1132,0.3333333333333333,0.1980645503719749,6.0,215.0,btc
2026-09-24 17:00:00+00:00,8,0xbd0d0c4bfc88dad382674c9d5ae483dae8261fb4,Perfectly-Spherical-Gum-Boat,Spherical-Casement-Violence,1283.3504632321387,1283.7835713587585,205.29164,0.4331081266197651,11198.631900231401,4,17,0.75,0.9938613930154858,-179.0,57.0,btc
2026-09-24 17:00:00+00:00,9,0xa8278bd8002eddb9b26deb70d8331c23da45f959,JeroHJ,Imperfect-Deposition,711.1469329884483,711.1469329884483,47.63259,0.0,10999.99990401155,4,11,1.0,1.0,206.5,212.0,btc
2026-09-24 17:00:00+00:00,10,0x0cb038487586d1119b165466072e9baf666f3a90,,,-648.0909890064565,-621.8389813932305,116.02459,26.252007613226038,10968.128620004954,16,691,0.5,0.395411044970021,9.0,152.0,btc
2026-09-24 17:00:00+00:00,11,0xe8ade1c67a880380ec861c476052c2f00057a859,suanlimao6,Careful-Rations,-450.14862616867833,-450.0390859829719,210.09169,0.10954018570638498,10921.317684294134,12,31,0.5833333333333334,0.9283632595794351,35.5,198.0,btc
2026-09-24 17:00:00+00:00,12,0x118ddab2d46b886182a96a2fbd5c41a52b16fc09,0x118DDAb2d46B886182a96a2FBD5c41a52B16Fc09-1777904569984,Hungry-Withdrawal,-696.6433159966682,-644.3595975472318,0.0,52.2837184494364,10069.366061999068,25,1873,0.2,0.0,51.0,149.0,"btc,eth"
2026-09-24 17:00:00+00:00,13,0x4c9497941333332d29f1c235dd23200f3623ffad,,,88.70892301157625,141.89002418288214,0.0,53.1811011713059,9936.138249988424,12,864,0.3333333333333333,0.0,6.0,140.0,btc
2026-09-24 17:00:00+00:00,14,0xd4fa2e10c74ab94bc23414989a516b07386ddcc8,quantbarbie,Clueless-Lime,-299.2033810102662,-256.3671704636387,4.59925,42.836210546627456,9380.840458010265,12,1187,0.5,0.01474601338992363,6.0,174.0,btc
2026-09-24 17:00:00+00:00,15,0xea847529f85ed878472dd7572896ad5ffe6cf113,anchorage,Stark-Wharf,-127.96972200039346,-77.95826354673649,0.0,50.011458453656964,8471.82823301056,12,1490,0.25,0.0,14.0,114.0,btc
2026-09-24 17:00:00+00:00,16,0xc5e6250906f3a43348374632092a64ee2cf22d79,peipeipei,Embellished-Doorknob,446.8596820097225,450.3486617518873,38.08227,3.4889797421647417,8440.977640985437,8,129,1.0,0.6773167887843585,159.5,225.0,btc
2026-09-24 17:00:00+00:00,17,0xc53375ff94e96100f2b30a4b5775db35218d69a9,dangerously-skip-permissions,Lone-Easel-Election,206.55446399577653,212.62924481042486,221.77103,6.074780814648381,8331.225534004223,12,643,0.4166666666666667,0.880849734537371,8.0,138.0,btc
2026-09-24 17:00:00+00:00,18,0xa5e9072668d0acda2455869f4244ddbb9edd74c6,chairh4ter,Windy-Shorts-Invite,80.84858999999989,81.45986976508243,2.7364100000000002,0.6112797650825489,8274.915,6,46,1.0,0.4724101214332715,260.5,269.0,"btc,eth"
2026-09-24 17:00:00+00:00,19,0x9d57c42e847173d06841703825d3fe2299e456ea,Polkadot-Frog,Supportive-Matchmaker,-34.28561099864915,-5.561811034921945,16.50262,28.723799963727206,7555.0472699986485,32,1381,0.34375,0.1634955488505984,24.0,177.0,"btc,eth"
2026-09-24 17:00:00+00:00,20,0xfc369971792d08e095da0f6fdb23fa927c60ce29,gesinimen,Gullible-Percentage,69.54117999999998,69.59527933854483,4.88742,0.05409933854485184,7368.2014,17,22,1.0,0.9475575002605113,233.0,233.0,"btc,eth,sol"
2026-09-24 18:00:00+00:00,1,0xb55fa1296e6ec55d0ce53d93b9237389f11764d4,0xb55fa1296E6ec55D0cE53d93B9237389f11764d4-1777575277609,Lively-Authenticity,1280.6255820390763,1283.7245192576881,584.22764,3.0989372186119457,24932.944124960923,48,1156,0.6875,0.9758477814339952,17.0,143.0,"btc,eth,sol"
2026-09-24 18:00:00+00:00,2,0x8bf4e27a45614d084e9b90bd6bc489c866a811d8,Paulkao1982,Caring-Adobe,940.1455950224746,940.1455950224746,63.9338,0.0,24376.690953977526,11,42,1.0,1.0,171.0,199.0,btc
2026-09-24 18:00:00+00:00,3,0xa8278bd8002eddb9b26deb70d8331c23da45f959,JeroHJ,Imperfect-Deposition,203.02694088027624,203.02694088027624,154.26502,0.0,23999.999846119725,7,24,0.8571428571428571,1.0,119.0,124.0,btc
2026-09-24 18:00:00+00:00,4,0x21f4c1a1be34a39a7bc20985df4b7e5a39fb691d,CrouchPredictions,Vague-Hourglass,96.1837430122016,158.11000117494504,75.79851,61.92625816274345,20104.851892987797,13,1927,0.5384615384615384,0.2023952188584609,8.0,153.0,btc
2026-09-24 18:00:00+00:00,5,0xc5e6250906f3a43348374632092a64ee2cf22d79,peipeipei,Embellished-Doorknob,-756.6482680817935,-752.4395692781023,84.38803,4.208698803691158,15650.760268903414,10,142,0.7,0.7744361848662213,63.0,179.0,btc
2026-09-24 18:00:00+00:00,6,0x0100f1a36f952615e6e36e13ebe92d2b9929a303,Szgboy,Bleak-Opinion,157.28077998405772,158.07247661543445,7.41582,0.7916966313767337,13698.883400015942,6,52,1.0,0.6813332683746384,489.0,222.0,btc
2026-09-24 18:00:00+00:00,7,0x0cb038487586d1119b165466072e9baf666f3a90,,,191.869726990505,216.09038766922396,126.86202,24.22066067871902,11335.684702007386,16,558,0.625,0.43184492394536295,7.0,150.5,btc
2026-09-24 18:00:00+00:00,8,0x322b2e7c44237c9fed01d534cd1c96687d52aa0c,yguaihdkjls,Gloomy-Drawing,120.42216199710873,169.35668521904643,0.0,48.93452322193771,11139.622995002892,12,892,0.5,0.0,10.0,149.0,btc
2026-09-24 18:00:00+00:00,9,0x71246529fd8c3887724b178844ba1bb94defcc9c,Understandable98,Pointed-Dose-Formamide,3882.6318489389723,3882.6318489389723,222.39936999999998,0.0,10505.022399869045,2,12,1.0,1.0,27.5,109.0,btc
2026-09-24 18:00:00+00:00,10,0xaa1a4f31c010d4a63fc49770d4ca2d69ea370602,hdueilqhsdn,Downright-Scheduling,-221.4855710143812,-180.2514251075931,0.0,41.23414590678813,10206.77406501438,12,819,0.5833333333333334,0.0,8.5,153.0,btc
2026-09-24 18:00:00+00:00,11,0x9d57c42e847173d06841703825d3fe2299e456ea,Polkadot-Frog,Supportive-Matchmaker,103.09602999469118,128.6585217284018,62.41051,25.562491733710655,9308.911841004607,31,1316,0.41935483870967744,0.3436202162654488,21.0,150.0,"btc,eth"
2026-09-24 18:00:00+00:00,12,0xce25e214d5cfe4f459cf67f08df581885aae7fdc,0xcE25E214D5cfE4f459cf67F08DF581885AAE7Fdc-1777575398144,Agile-Spacing,269.8627639845615,274.11260308216805,211.92446999999999,4.249839097606542,8952.030576015439,39,939,0.6410256410256411,0.9032236876714349,12.0,155.0,"btc,eth,sol"
2026-09-24 18:00:00+00:00,13,0xc15bf33ebcd06607caa8ccc5ea50b43e7a867823,publictrader,Unsteady-Pilgrimage-Citizenship,1210.5359901332079,1210.5359901332079,197.789,0.0,8339.840198970229,8,24,0.625,1.0,-3.5,92.5,btc
2026-09-24 18:00:00+00:00,14,0x3048d65321be3497164cdfc2996f94f98a2e7537,x-MoneyForWhiskas,Flashy-Gold,-3.0850110072548773,5.850229830791179,180.62749000000002,8.935240838046036,8091.628882007255,12,733,0.25,0.8008985204960827,6.0,90.0,btc
2026-09-24 18:00:00+00:00,15,0xbc61e8b850e011e4f01f60f5a0fa309fb0b9792f,oracle65,Bite-Sized-Prostacyclin,-1678.037535061124,-1677.165111647388,157.39704,0.8724234137359499,7866.580499048716,7,27,0.5714285714285714,0.9012674058195904,-21.0,227.0,btc
2026-09-24 18:00:00+00:00,16,0x56991cfb6c8062e5a06ae10ccf240463bdfac4b4,hil.bilyhim,Adept-Pouch,-3922.597145026989,-3916.6649051992686,269.44461,5.932239827720588,7776.3900870331845,13,62,0.23076923076923078,0.7778409929713027,47.0,158.5,btc
2026-09-24 18:00:00+00:00,17,0x4c9497941333332d29f1c235dd23200f3623ffad,,,532.2897380012276,564.3784128597526,0.0,32.08867485852502,7004.067612998772,12,516,0.75,0.0,7.0,113.0,btc
2026-09-24 18:00:00+00:00,18,0xb945945d5bcaf7b56834d4da8cdf8f8f94b2db68,l5Zn1bWoM8eTsK,Noisy-Colonisation,-246.96041998914268,-215.83800354224886,9.36631,31.122416446893858,6902.777415989143,14,375,0.7142857142857143,0.06925419569380363,48.5,434.0,"btc,eth"
2026-09-24 18:00:00+00:00,19,0xfc369971792d08e095da0f6fdb23fa927c60ce29,gesinimen,Gullible-Percentage,84.07835000356108,84.30908009124964,4.973949999999999,0.23073008768855569,6764.767699996439,13,34,1.0,0.756393098317202,224.0,225.0,"btc,eth,sol"
2026-09-24 18:00:00+00:00,20,0xd4fa2e10c74ab94bc23414989a516b07386ddcc8,quantbarbie,Clueless-Lime,330.4222580025328,360.51694398789476,0.5978,30.09468598536193,6702.773546997467,12,864,0.75,0.006370497183084401,8.5,125.5,btc
2026-09-24 19:00:00+00:00,1,0x48ac40fc545cf327edd5365435c3a9f385614a7e,BoneOhio,Warlike-Fallingout,509.93441103753975,511.89678116241816,21.84142,1.9623701248784267,31736.779699962462,21,189,1.0,0.584473351591636,224.0,207.0,"btc,eth,sol"
2026-09-24 19:00:00+00:00,2,0x4a86dfe0f05e34b133b29b7626368e78912c501e,komsa,Perfumed-Praise-Retrospective,-16673.581158985173,-16673.581158985173,594.91526,0.0,30049.631173096663,8,31,0.625,1.0,105.0,86.0,btc
2026-09-24 19:00:00+00:00,3,0x21f4c1a1be34a39a7bc20985df4b7e5a39fb691d,CrouchPredictions,Vague-Hourglass,315.0867910119632,401.2214943078019,99.11275,86.13470329583875,23085.871402988036,16,2320,0.4375,0.20565477092577822,7.0,138.0,btc
2026-09-24 19:00:00+00:00,4,0xb55fa1296e6ec55d0ce53d93b9237389f11764d4,0xb55fa1296E6ec55D0cE53d93B9237389f11764d4-1777575277609,Lively-Authenticity,565.0387440809207,570.9416870646592,342.69738,5.902942983738369,14115.51465991908,36,701,0.5277777777777778,0.9209286515660707,21.0,176.0,"btc,eth,sol"
2026-09-24 19:00:00+00:00,5,0x0cb038487586d1119b165466072e9baf666f3a90,,,1084.2056799728518,1114.4887442119207,225.07255999999998,30.283064239068732,13739.535835016484,16,740,0.8125,0.5164289233804241,6.0,173.0,btc
2026-09-24 19:00:00+00:00,6,0x9547dd1651c3c1f9d12c538361bce4338b727117,asdaf54123,Stylish-Conservation,618.014099934481,618.014099934481,395.85242,0.0,13627.479273065519,9,27,0.6666666666666666,1.0,30.0,30.0,btc
2026-09-24 19:00:00+00:00,7,0x322b2e7c44237c9fed01d534cd1c96687d52aa0c,yguaihdkjls,Gloomy-Drawing,59.917435005313564,114.8418436779033,0.0,54.92440867258973,11402.585272994687,12,1002,0.4166666666666667,0.0,9.0,134.0,btc
2026-09-24 19:00:00+00:00,8,0x8bf4e27a45614d084e9b90bd6bc489c866a811d8,Paulkao1982,Caring-Adobe,259.1405830321851,259.1405830321851,18.85503,0.0,11399.999633967815,7,19,1.0,1.0,180.0,201.0,btc
2026-09-24 19:00:00+00:00,9,0xa8278bd8002eddb9b26deb70d8331c23da45f959,JeroHJ,Imperfect-Deposition,938.036815154687,938.036815154687,61.23963,0.0,10999.427939845313,5,11,1.0,1.0,149.0,152.0,btc
2026-09-24 19:00:00+00:00,10,0x9d57c42e847173d06841703825d3fe2299e456ea,Polkadot-Frog,Supportive-Matchmaker,191.85166899286574,230.09146518603268,31.35865,38.23979619316693,9941.943226007133,31,1489,0.3548387096774194,0.24907498903456557,39.0,135.0,"btc,eth"
2026-09-24 19:00:00+00:00,11,0xce25e214d5cfe4f459cf67f08df581885aae7fdc,0xcE25E214D5cfE4f459cf67F08DF581885AAE7Fdc-1777575398144,Agile-Spacing,276.38204297548174,279.72732834828855,250.40663,3.345285372806841,9648.633966024518,35,720,0.5428571428571428,0.9330451035581826,18.0,168.5,"btc,eth,sol"
2026-09-24 19:00:00+00:00,12,0xaa1a4f31c010d4a63fc49770d4ca2d69ea370602,hdueilqhsdn,Downright-Scheduling,57.43940700885298,102.25160214270012,0.0,44.81219513384717,9459.240666991147,12,622,0.5833333333333334,0.0,8.0,134.5,btc
2026-09-24 19:00:00+00:00,13,0x71246529fd8c3887724b178844ba1bb94defcc9c,Understandable98,Pointed-Dose-Formamide,2028.8469278391615,2028.8469278391615,211.19332000000003,0.0,8999.620900185102,3,11,0.6666666666666666,1.0,51.0,164.0,btc
2026-09-24 19:00:00+00:00,14,0xd4fa2e10c74ab94bc23414989a516b07386ddcc8,quantbarbie,Clueless-Lime,400.72635200159584,448.3715399105838,2.87714,47.64518790898791,8909.306228998405,12,1113,0.75,0.010000778591452078,5.5,138.0,btc
2026-09-24 19:00:00+00:00,15,0x3048d65321be3497164cdfc2996f94f98a2e7537,x-MoneyForWhiskas,Flashy-Gold,-84.36390999948478,-75.77098861809137,224.4552,8.592921381393415,8320.906084999486,12,687,0.4166666666666667,0.8301669589149091,5.0,110.0,btc
2026-09-24 19:00:00+00:00,16,0xee65685de42f8de9a03b4c53ee77d56a20d2cfc9,0x50f7,Haunting-Cheese,214.66558500308915,215.3912199690289,0.39232,0.7256349659397499,8080.343969996911,13,51,0.7692307692307693,0.08261404371876699,236.0,272.0,"btc,eth,sol"
2026-09-24 19:00:00+00:00,17,0x4c9497941333332d29f1c235dd23200f3623ffad,,,-330.80372298314353,-291.33381908009795,0.0,39.46990390304557,7639.150279983144,12,564,0.4166666666666667,0.0,8.5,116.0,btc
2026-09-24 19:00:00+00:00,18,0xff42cc3d10b3cb0566292de1c5af03e1c3f501a4,JohnLau,Digital-Laptop,305.1566198347687,305.1566198347687,16.83894,0.0,7321.984133165231,2,5,1.0,1.0,55.0,107.0,btc
2026-09-24 19:00:00+00:00,19,0x0100f1a36f952615e6e36e13ebe92d2b9929a303,Szgboy,Bleak-Opinion,117.57340990387024,118.26653779239483,4.90539,0.6931278885245824,7250.31120109613,2,41,1.0,0.7268543589285937,144.0,167.0,btc
2026-09-24 19:00:00+00:00,20,0x70018e544f223dee25aafd71047e872732c52aba,Bplnt,Visible-Rack,-226.19187297147508,-219.4000169788163,179.59507,6.791855992658787,6929.2731979661185,12,125,0.4166666666666667,0.6441548587341013,88.0,254.0,btc
2026-09-24 20:00:00+00:00,1,0x21f4c1a1be34a39a7bc20985df4b7e5a39fb691d,CrouchPredictions,Vague-Hourglass,-279.7348989874482,-140.77253250266003,103.41626,138.96236648478816,34668.57530198745,16,3279,0.4375,0.1434262618721532,5.5,158.0,btc
2026-09-24 20:00:00+00:00,2,0xff42cc3d10b3cb0566292de1c5af03e1c3f501a4,JohnLau,Digital-Laptop,-2965.5506272443563,-2965.5506272443563,321.84405,0.0,33226.22644134085,5,20,0.6,1.0,89.0,177.5,btc
2026-09-24 20:00:00+00:00,3,0x48ac40fc545cf327edd5365435c3a9f385614a7e,BoneOhio,Warlike-Fallingout,226.75140502009975,230.1268362240152,18.4044,3.3754312039154595,29153.394747979903,26,246,0.7692307692307693,0.43994897026071444,242.5,258.0,"btc,eth,sol"
2026-09-24 20:00:00+00:00,4,0x322b2e7c44237c9fed01d534cd1c96687d52aa0c,yguaihdkjls,Gloomy-Drawing,-344.75982299309527,-260.18159433801236,0.0,84.57822865508291,16783.531679993095,12,1435,0.5833333333333334,0.0,9.0,147.0,btc
2026-09-24 20:00:00+00:00,5,0x64071a44d1f42709c82934bbefe3f292661493aa,smash-to-net,Rotten-Democracy,879.5024969277026,879.5024969277026,477.45989,0.0,14280.481399072298,3,297,1.0,1.0,44.0,132.0,btc
2026-09-24 20:00:00+00:00,6,0x9cbc68db1bb59cfada93ba7e7f6ff5ad51642f36,notgreedy.,Pricey-Standard,408.79437198443884,443.9678523955345,262.77644,35.17348041109568,13362.19760901556,3,713,1.0,0.6356081573199541,44.0,141.0,btc
2026-09-24 20:00:00+00:00,7,0x9595b9d67a821bebac4627a1f5c9a5540dc42008,ghuhkhh6769vggvuyyug.,Mundane-Junker-Penicillin,259.55687705812034,277.3153901535853,347.0492,17.758513095464977,13223.47001194188,3,619,0.6666666666666666,0.8366842659273844,45.0,141.0,btc
2026-09-24 20:00:00+00:00,8,0xaa1a4f31c010d4a63fc49770d4ca2d69ea370602,hdueilqhsdn,Downright-Scheduling,-61.529167995220234,0.8859209883647132,0.0,62.415088983584916,12645.44045699522,12,905,0.5,0.0,9.0,161.0,btc
2026-09-24 20:00:00+00:00,9,0x4c9497941333332d29f1c235dd23200f3623ffad,,,-5.619476988981063,57.20042205614864,0.0,62.819899045129695,11778.326628988982,12,946,0.6666666666666666,0.0,7.5,134.0,btc
2026-09-24 20:00:00+00:00,10,0x29313474cc4e8dd00406bd2dbd69a0d92e5d365b,gndzk,Measly-Tie,1651.3517391389043,1651.3517391389043,166.54775,0.0,10668.90172304166,6,87,1.0,1.0,86.0,135.0,btc
2026-09-24 20:00:00+00:00,11,0x0cb038487586d1119b165466072e9baf666f3a90,,,-924.0790330093963,-895.5421610484639,145.83074,28.536871960932434,10509.155749968148,16,709,0.5,0.45104752558026995,12.0,164.0,btc
2026-09-24 20:00:00+00:00,12,0x9d57c42e847173d06841703825d3fe2299e456ea,Polkadot-Frog,Supportive-Matchmaker,-21.039578990147476,9.685541481892084,66.13045,30.72512047203956,10423.175839990146,31,1417,0.45161290322580644,0.3794658903113293,32.0,186.0,"btc,eth"
2026-09-24 20:00:00+00:00,13,0x4a86dfe0f05e34b133b29b7626368e78912c501e,komsa,Perfumed-Praise-Retrospective,-217.90997903889811,-217.90997903889811,191.11864,0.0,10299.96338717002,4,13,0.5,1.0,90.5,92.0,btc
2026-09-24 20:00:00+00:00,14,0xee65685de42f8de9a03b4c53ee77d56a20d2cfc9,0x50f7,Haunting-Cheese,-23.622938003737904,-23.047650390028707,0.007850000000000001,0.5752876137091951,9775.375088003739,13,61,0.7692307692307693,0.011466342620198099,338.0,233.0,"btc,eth,sol"
2026-09-24 20:00:00+00:00,15,0xd4fa2e10c74ab94bc23414989a516b07386ddcc8,quantbarbie,Clueless-Lime,-397.1386189848894,-348.0134457038778,13.23375,49.12517328101161,9513.882777984889,6,1064,0.5,0.05928599396819039,10.0,204.0,btc
2026-09-24 20:00:00+00:00,16,0x3048d65321be3497164cdfc2996f94f98a2e7537,x-MoneyForWhiskas,Flashy-Gold,305.21087199513,318.22880988911555,210.80545,13.01793789398557,8603.589838004871,12,713,0.75,0.7592244775725677,8.5,122.0,btc
2026-09-24 20:00:00+00:00,17,0x6940545d736920890c575cc73dbf0959a3831c6c,jennyisfallenangel,Weary-Noise-Bather,8.13624999999999,8.250054040136778,0.0,0.11380404013678896,8128.11375,3,14,1.0,0.0,293.0,326.0,btc
2026-09-24 20:00:00+00:00,18,0x41e2e1ccf1e4940029af02259a31c6b89b9fa354,norm1e69,Improbable-Harmonica,49.141482986669004,53.258935571595956,171.01951,4.117452584926949,7225.879681013332,40,570,0.45,0.9040223578835778,29.5,173.0,"btc,eth,sol"
2026-09-24 20:00:00+00:00,19,0xfc369971792d08e095da0f6fdb23fa927c60ce29,gesinimen,Gullible-Percentage,69.3391500000001,69.65194085971468,3.48235,0.312790859714589,7147.7185,14,41,1.0,0.687467350595858,241.5,245.0,"btc,eth,sol"
2026-09-24 20:00:00+00:00,20,0x4c8ed7ead1ac18338f816e964b1edde8a50eb38f,uninfromedfloww,Dense-Standoff,-42.59717899086036,-41.89199486030037,216.09039,0.7051841305599771,6906.82748699086,3,224,0.3333333333333333,0.9852410550006462,44.0,133.0,btc
2026-09-24 21:00:00+00:00,1,0x21f4c1a1be34a39a7bc20985df4b7e5a39fb691d,CrouchPredictions,Vague-Hourglass,-16.603303961546487,179.73529347617256,85.42343,196.33859743771905,44832.89531496155,16,4081,0.5625,0.09366670099010498,8.0,140.0,btc
2026-09-24 21:00:00+00:00,2,0x64071a44d1f42709c82934bbefe3f292661493aa,smash-to-net,Rotten-Democracy,1942.6833511147129,1944.0973800009551,926.69861,1.4140288862420887,32044.206020885285,6,696,0.6666666666666666,0.9938728785829893,18.5,105.0,btc
2026-09-24 21:00:00+00:00,3,0x322b2e7c44237c9fed01d534cd1c96687d52aa0c,yguaihdkjls,Gloomy-Drawing,-733.5483810013783,-583.9383228591896,0.0,149.6100581421887,27459.538511001378,12,2374,0.3333333333333333,0.0,11.0,150.0,btc
2026-09-24 21:00:00+00:00,4,0x9cbc68db1bb59cfada93ba7e7f6ff5ad51642f36,notgreedy.,Pricey-Standard,-155.35771400299382,-92.18159603014527,464.74386,63.176117972848495,24871.573287002993,6,1507,0.3333333333333333,0.6214749956354043,19.0,104.0,btc
2026-09-24 21:00:00+00:00,5,0x9595b9d67a821bebac4627a1f5c9a5540dc42008,ghuhkhh6769vggvuyyug.,Mundane-Junker-Penicillin,-862.6743140092409,-816.5551828875186,529.9960599999999,46.1191311217222,23165.53978300924,6,1285,0.16666666666666666,0.7781202324170965,19.0,149.0,btc
2026-09-24 21:00:00+00:00,6,0x48ac40fc545cf327edd5365435c3a9f385614a7e,BoneOhio,Warlike-Fallingout,207.9855147453645,209.04369446840622,14.57184,1.0581797230417433,21379.378195254638,16,141,0.8125,0.693270251355788,269.5,275.0,"btc,eth,sol"
2026-09-24 21:00:00+00:00,7,0x29313474cc4e8dd00406bd2dbd69a0d92e5d365b,gndzk,Measly-Tie,-1989.223585050615,-1989.223585050615,388.67117,0.0,20548.436500131927,10,99,0.7,1.0,148.5,204.0,btc
2026-09-24 21:00:00+00:00,8,0xaa1a4f31c010d4a63fc49770d4ca2d69ea370602,hdueilqhsdn,Downright-Scheduling,-823.989568999648,-728.1595259741325,0.0,95.83004302551544,18087.677261999648,12,1435,0.3333333333333333,0.0,10.0,168.0,btc
2026-09-24 21:00:00+00:00,9,0x4c8ed7ead1ac18338f816e964b1edde8a50eb38f,uninfromedfloww,Dense-Standoff,-226.0723899856074,-224.8876758688616,419.78959,1.1847141167457598,15447.532799985607,6,490,0.3333333333333333,0.9892178251273787,19.0,107.0,btc
2026-09-24 21:00:00+00:00,10,0x22a4827ca94ba6e9f77f5dd9f49e6512b8e163eb,bopppbop,Sardonic-Presidency,-92.817993994181,-81.8418180272372,315.05187,10.976175966943813,13294.495412994182,6,631,0.5,0.8801883062484636,19.0,107.0,btc
2026-09-24 21:00:00+00:00,11,0x9a4cbaf3ba914b38ca92cc968cb6104c002998d0,asdaasda,Acrobatic-Lifetime,-171.0676820048642,-169.43613263610644,323.08351,1.631549368757795,11997.042081004864,6,480,0.5,0.9831279927474209,19.0,105.0,btc
2026-09-24 21:00:00+00:00,12,0x9d57c42e847173d06841703825d3fe2299e456ea,Polkadot-Frog,Supportive-Matchmaker,-483.0028280175958,-438.57860585677344,64.46433,44.424222160822296,10821.677336017596,29,1442,0.3103448275862069,0.26509313768453274,62.0,144.0,"btc,eth"
2026-09-24 21:00:00+00:00,13,0x0cb038487586d1119b165466072e9baf666f3a90,,,338.11682103890894,371.1115037988798,146.45264,32.99468275997087,10721.765739969198,10,618,0.7,0.44093915224597724,11.0,143.0,btc
2026-09-24 21:00:00+00:00,14,0x29de3c62b7b49a2d2a062f93b6e659980a4bd9e6,0xefe8e41faaaaea1b6eae4546eca7713066dc05,Sad-Nation,-2.8168269912451933,-2.1642863856125985,279.34526,0.6525406056325849,10188.191566991245,6,486,0.6666666666666666,0.9911620363232891,19.0,107.0,btc
2026-09-24 21:00:00+00:00,15,0x9412cdfc1e3171e1aabb013d0f494986445d0cd0,gansinimen,Svelte-Chicory,906.2436140074549,955.8965165911042,28.83883,49.65290258364914,9172.576994992545,6,645,0.6666666666666666,0.13041081046752143,21.5,180.0,btc
2026-09-24 21:00:00+00:00,16,0xbc5887953750f812be60e57ba6e178c847d65e72,1000monkeys,Ill-Informed-Full,314.1015669940721,362.85819973348976,0.0,48.756632739417654,9023.026984005928,12,1186,0.4166666666666667,0.0,-24.5,176.0,btc
2026-09-24 21:00:00+00:00,17,0x239e726f1f4131ca78a7e5abf1fec86bfc151c10,EZTRADENL2,Fluid-Boy-Catamaran,-525.3784990034655,-485.77814450935654,33.61085,39.60035449410905,8889.284618003465,12,646,0.4166666666666667,0.16186647878097438,14.0,103.0,btc
2026-09-24 21:00:00+00:00,18,0xee65685de42f8de9a03b4c53ee77d56a20d2cfc9,0x50f7,Haunting-Cheese,-12.52529500251552,-11.817700777642317,2.09675,0.7075942248732059,8817.518545002516,13,51,0.7692307692307693,0.35373959511210484,857.0,218.0,"btc,eth,sol"
2026-09-24 21:00:00+00:00,19,0xc87836bef73740dd2206c05628e9572f59faa529,0xC87836BEf73740Dd2206c05628E59faA529,Loyal-Update,-118.92230898550497,-109.2142766326889,183.58442,9.70803235281608,8378.315152985506,6,613,0.5,0.8447892769308326,19.0,108.0,btc
2026-09-24 21:00:00+00:00,20,0x4c9497941333332d29f1c235dd23200f3623ffad,,,-85.42390498500347,-38.15725701459222,0.0,47.26664797041128,8347.683013985003,12,781,0.4166666666666667,0.0,7.5,153.0,btc
2026-09-24 22:00:00+00:00,1,0xee65685de42f8de9a03b4c53ee77d56a20d2cfc9,0x50f7,Haunting-Cheese,41.16300399999915,41.73148272902996,0.07661,0.5684787290308095,23535.530386,12,37,0.9166666666666666,0.009157877747603696,606.5,857.0,"btc,eth,sol"
2026-09-24 22:00:00+00:00,2,0x48ac40fc545cf327edd5365435c3a9f385614a7e,BoneOhio,Warlike-Fallingout,-122.87627499198311,-121.1459289174322,12.201979999999999,1.7303460745509485,22424.044294991985,16,110,0.75,0.49880500363130326,266.5,291.0,"btc,eth,sol"
2026-09-24 22:00:00+00:00,3,0x21f4c1a1be34a39a7bc20985df4b7e5a39fb691d,CrouchPredictions,Vague-Hourglass,336.042271006849,407.6334509398896,74.91463999999999,71.5911799330406,21279.78975399315,16,2301,0.75,0.165885459293018,5.0,152.0,btc
2026-09-24 22:00:00+00:00,4,0x0cb038487586d1119b165466072e9baf666f3a90,,,-325.9980030397803,-298.56104226909287,182.8308,27.436960770687307,13415.932574031482,16,707,0.4375,0.4290252326679081,17.5,197.0,btc
2026-09-24 22:00:00+00:00,5,0x322b2e7c44237c9fed01d534cd1c96687d52aa0c,yguaihdkjls,Gloomy-Drawing,441.57407399261433,498.9581488128098,0.0,57.384074820195416,12075.239262007386,12,1248,0.6666666666666666,0.0,10.0,192.0,btc
2026-09-24 22:00:00+00:00,6,0x10d57bd3327bcdf43bf0656e717aa56f9dbd5388,maxmaxi04,Quaint-Dreamer-Custody,1449.4284609799695,1449.4284609799695,88.83413,0.0,11572.24967702003,4,32,0.75,1.0,574.5,515.0,"btc,sol"
2026-09-24 22:00:00+00:00,7,0xa8278bd8002eddb9b26deb70d8331c23da45f959,JeroHJ,Imperfect-Deposition,-895.1170042102611,-895.1170042102611,77.11208,0.0,9999.99997921026,5,11,0.8,1.0,126.0,132.0,btc
2026-09-24 22:00:00+00:00,8,0x664a25f165a0150ce687410470f3352f5783fc5f,itsonlyamatteroftime,Satisfied-Fan,1621.9704369896729,1641.5273210599573,0.0,19.556884070284347,9901.866684998708,5,90,0.4,0.0,543.0,509.0,"btc,eth,sol"
2026-09-24 22:00:00+00:00,9,0xaa1a4f31c010d4a63fc49770d4ca2d69ea370602,hdueilqhsdn,Downright-Scheduling,283.31684500473114,326.94566525625396,0.0,43.62882025152277,9649.161202995268,12,803,0.3333333333333333,0.0,10.0,176.0,btc
2026-09-24 22:00:00+00:00,10,0x433f62d1f91768a0877171eee70e172f0bf7a0dc,penguinx,Mealy-Gift,-184.90910797653305,-180.92551119578548,1.97418,3.9835967807475683,9189.765927976534,1,86,0.0,0.42651721933921716,216.0,251.0,btc
2026-09-24 22:00:00+00:00,11,0xb945945d5bcaf7b56834d4da8cdf8f8f94b2db68,l5Zn1bWoM8eTsK,Noisy-Colonisation,-341.8661299775716,-307.83702644035355,11.62435,34.02910353721807,9140.406444977572,18,577,0.5,0.08409687551897932,85.5,584.0,"btc,eth"
2026-09-24 22:00:00+00:00,12,0xcfddfb6e1b321fcfdcb6f9aa09b11990142ce5da,trdyugiolkw,Deadly-Champion,-418.7737790081043,-384.53550070170985,13.969430000000001,34.23827830639447,8781.090566008104,11,532,0.45454545454545453,0.09642997001715659,50.0,591.0,btc
2026-09-24 22:00:00+00:00,13,0x9d57c42e847173d06841703825d3fe2299e456ea,Polkadot-Frog,Supportive-Matchmaker,326.09072799018173,342.84264606263247,68.79984,16.751918072450778,8384.739002009936,32,1168,0.59375,0.4874241164848647,52.0,164.5,"btc,eth"
2026-09-24 22:00:00+00:00,14,0x2dad1d7d34bafd498bacc8ce6238595f18092efc,V612,Empty-Spoon,77.86779999999953,78.94719447204258,0.0,1.0793944720430535,7708.912200000001,3,27,1.0,0.0,272.0,281.0,btc
2026-09-24 22:00:00+00:00,15,0x3048d65321be3497164cdfc2996f94f98a2e7537,x-MoneyForWhiskas,Flashy-Gold,216.71646299842192,223.12395125630488,203.01737,6.4074882578829415,7692.6057200015775,12,602,0.5833333333333334,0.8632623641080173,7.0,137.0,btc
2026-09-24 22:00:00+00:00,16,0x41e2e1ccf1e4940029af02259a31c6b89b9fa354,norm1e69,Improbable-Harmonica,287.02471700688204,289.5668547813915,185.6259,2.5421377745094427,7637.660577993118,40,601,0.675,0.9477158106305865,21.0,198.0,"btc,eth,sol"
2026-09-24 22:00:00+00:00,17,0x2277c18fb73d4cfbd61384be80ef9339a9496604,EVPLUS.AI,Bright-Jasmine,69.63765000000011,70.19645014479852,2.18385,0.558800144798416,7110.3285,9,72,1.0,0.4387739047499704,282.0,281.5,"btc,eth,sol"
2026-09-24 22:00:00+00:00,18,0x9cd5100cbc931825db7e9e3278bfa3f73208fe6e,Fakhar00777,Pertinent-Reactant-Polyester,980.4687370433295,980.4687370433295,99.10038999999999,0.0,6987.192957928242,7,17,0.42857142857142855,1.0,74.0,170.0,btc
2026-09-24 22:00:00+00:00,19,0xc8008c1143351e21a58287163734737632ab4117,moon-k58-lad,Selfish-Livestock,-124.28374001790036,-124.28374001790036,35.98004,0.0,6761.6237000179,3,11,0.3333333333333333,1.0,510.0,633.0,"btc,eth"
2026-09-24 22:00:00+00:00,20,0xb55fa1296e6ec55d0ce53d93b9237389f11764d4,0xb55fa1296E6ec55D0cE53d93B9237389f11764d4-1777575277609,Lively-Authenticity,112.99395195577699,113.30013400701878,128.18898000000002,0.30618205124178927,6425.292682044223,12,196,0.5833333333333334,0.9928145192312644,39.0,517.5,"btc,eth,sol"
2026-09-24 23:00:00+00:00,1,0x664a25f165a0150ce687410470f3352f5783fc5f,itsonlyamatteroftime,Satisfied-Fan,-6982.483753027091,-6788.105091516311,0.0,194.37866151078057,45054.59383501546,8,721,0.5,0.0,313.0,663.0,"btc,eth,sol"
2026-09-24 23:00:00+00:00,2,0x10d57bd3327bcdf43bf0656e717aa56f9dbd5388,maxmaxi04,Quaint-Dreamer-Custody,4775.406857888907,4775.406857888907,267.46062,0.0,22374.49988811109,6,150,0.8333333333333334,1.0,778.0,662.5,"btc,eth,sol"
2026-09-24 23:00:00+00:00,3,0x21f4c1a1be34a39a7bc20985df4b7e5a39fb691d,CrouchPredictions,Vague-Hourglass,-52.11135897908605,7.512741274225377,79.79734,59.624100253311425,18438.674479979087,15,1733,0.4666666666666667,0.21302996070894836,5.0,159.0,btc
2026-09-24 23:00:00+00:00,4,0x0cb038487586d1119b165466072e9baf666f3a90,,,-473.81770799705316,-450.21383824007467,303.58536,23.60386975697852,16898.643483018077,16,675,0.625,0.6077797905105408,6.0,170.0,btc
2026-09-24 23:00:00+00:00,5,0xcfddfb6e1b321fcfdcb6f9aa09b11990142ce5da,trdyugiolkw,Deadly-Champion,-53.98119699369506,27.851911636518274,21.43216,81.83310863021335,16553.911507993696,13,1013,0.46153846153846156,0.07988542764441653,21.0,671.0,btc
2026-09-24 23:00:00+00:00,6,0xb945945d5bcaf7b56834d4da8cdf8f8f94b2db68,l5Zn1bWoM8eTsK,Noisy-Colonisation,-278.1346560127832,-196.47432711497436,17.397190000000002,81.66032889780882,16455.748093012782,14,931,0.42857142857142855,0.057882904054057556,70.5,672.0,"btc,eth"
2026-09-24 23:00:00+00:00,7,0x433f62d1f91768a0877171eee70e172f0bf7a0dc,penguinx,Mealy-Gift,-12703.565313042856,-12604.969872771639,27.34159,98.59544027121586,16316.55311097583,2,259,0.5,0.08489623945484578,443.0,818.0,btc
2026-09-24 23:00:00+00:00,8,0x48ac40fc545cf327edd5365435c3a9f385614a7e,BoneOhio,Warlike-Fallingout,470.04176087092395,470.97254314996826,25.988519999999998,0.9307822790443386,15856.873767129076,18,123,0.9444444444444444,0.5807757715912272,233.5,242.0,"btc,eth,sol"
2026-09-24 23:00:00+00:00,9,0xee65685de42f8de9a03b4c53ee77d56a20d2cfc9,0x50f7,Haunting-Cheese,30.030649034017912,32.050517214959505,3.21192,2.019868180941586,15671.277430965984,14,54,0.8571428571428571,0.20087389326352567,581.5,218.0,"btc,eth,sol"
2026-09-24 23:00:00+00:00,10,0x9cbc68db1bb59cfada93ba7e7f6ff5ad51642f36,notgreedy.,Pricey-Standard,-994.5933448796327,-976.586490257786,447.46528,18.00685462184689,12722.454095018657,4,177,0.25,0.8418147961124316,329.5,641.0,btc
2026-09-24 23:00:00+00:00,11,0x71246529fd8c3887724b178844ba1bb94defcc9c,Understandable98,Pointed-Dose-Formamide,-5756.4692548772155,-5756.4692548772155,342.06974,0.0,12517.59559888377,5,19,0.2,1.0,36.0,75.0,btc
2026-09-24 23:00:00+00:00,12,0x5b6331e7ff0831a3fe2ed12004747db1a9c911a4,neutralwave23,Monstrous-Dew,2013.596550798053,2071.7542623152776,167.6276,58.15771151722536,10707.365998201947,18,214,0.3333333333333333,0.4126759810010956,49.0,407.0,"btc,sol"
2026-09-24 23:00:00+00:00,13,0x672c9e0698b0d668f8fd8baf0e1e19c76142881b,Antonio1729-2,Descriptive-Spectrograph,7989.596072925846,7989.596072925846,307.93311,0.0,10018.225996074156,4,21,0.5,1.0,401.5,563.0,"btc,sol"
2026-09-24 23:00:00+00:00,14,0xc1737e2db2d19e0b73a958ecd5d0f279d0e726ee,GoodRecipient,Fickle-Spark,944.4329408729295,967.4081242960779,103.10411,22.975183423148227,9350.497931127069,2,137,0.5,0.47624695849644705,346.5,672.0,btc
2026-09-24 23:00:00+00:00,15,0xae3985e1b18b258e940365d8140fec972516ff04,alwayslaugh,Lumbering-Politics-Pneumonia,2043.8685209910211,2053.4722206148886,283.79915,9.603699623867074,8958.970109008978,5,240,0.6,0.8312079858959842,224.0,742.0,btc
2026-09-24 23:00:00+00:00,16,0x322b2e7c44237c9fed01d534cd1c96687d52aa0c,yguaihdkjls,Gloomy-Drawing,-687.5067240086487,-644.4551530466227,0.0,43.05157096202593,8741.537699008648,12,777,0.4166666666666667,0.0,11.0,158.0,btc
2026-09-24 23:00:00+00:00,17,0x90e33303022844d772e3f67df0f9d3b2de4034ad,tlfd1,Adorable-Feed,-70.46858998621565,-70.14472506808079,209.84945,0.3238649181349565,7549.630678986217,3,299,0.6666666666666666,0.9883534118768259,407.0,791.0,btc
2026-09-24 23:00:00+00:00,18,0x41e2e1ccf1e4940029af02259a31c6b89b9fa354,norm1e69,Improbable-Harmonica,90.19082201223776,91.19011679693662,180.90708,0.9992947846988445,7431.640853987762,40,541,0.375,0.9708238917541738,36.5,168.0,"btc,eth,sol"
2026-09-24 23:00:00+00:00,19,0xaa1a4f31c010d4a63fc49770d4ca2d69ea370602,hdueilqhsdn,Downright-Scheduling,-586.7616740011831,-549.4362280639837,0.0,37.325445937199376,7106.180573001183,12,607,0.3333333333333333,0.0,13.5,152.0,btc
2026-09-24 23:00:00+00:00,20,0x6de484dfa0e876f3e9f082a39489aa67dffa7337,SkParis26,Sudden-Ton-Singing,394.734766051236,394.734766051236,121.03601,0.0,6917.51459794922,11,22,0.6363636363636364,1.0,-46.0,-12.5,btc
2026-09-25 00:00:00+00:00,1,0x21f4c1a1be34a39a7bc20985df4b7e5a39fb691d,CrouchPredictions,Vague-Hourglass,-906.0915469749832,-801.7845555860912,144.65904,104.30699138889202,30543.445953974984,16,3045,0.3125,0.21786669055024954,8.0,173.0,btc
2026-09-25 00:00:00+00:00,2,0x48ac40fc545cf327edd5365435c3a9f385614a7e,BoneOhio,Warlike-Fallingout,266.40540005169333,267.71542987685876,13.2994,1.3100298251654223,27399.845199948308,19,156,0.9473684210526315,0.6585441803876451,254.0,279.0,"btc,eth,sol"
2026-09-25 00:00:00+00:00,3,0x0cb038487586d1119b165466072e9baf666f3a90,,,-768.1582529767278,-732.8857003187738,427.75749,35.27255265795405,22463.492450979724,16,1070,0.3125,0.6302469094637496,6.0,167.0,btc
2026-09-25 00:00:00+00:00,4,0x664a25f165a0150ce687410470f3352f5783fc5f,itsonlyamatteroftime,Satisfied-Fan,-37.09465500826309,52.029539517705416,0.0,89.12419452596788,18186.605791987145,7,382,0.42857142857142855,0.0,425.0,648.0,"btc,eth,sol"
2026-09-25 00:00:00+00:00,5,0x71246529fd8c3887724b178844ba1bb94defcc9c,Understandable98,Pointed-Dose-Formamide,1772.3977898256699,1772.3977898256699,337.84920999999997,0.0,15508.068000315894,4,22,0.75,1.0,60.5,112.0,btc
2026-09-25 00:00:00+00:00,6,0xcfddfb6e1b321fcfdcb6f9aa09b11990142ce5da,trdyugiolkw,Deadly-Champion,-293.3786469883192,-219.9873266111128,35.10307,73.3913203772064,14768.558599988319,12,891,0.5,0.10521099195155333,35.0,668.0,btc
2026-09-25 00:00:00+00:00,7,0xb945945d5bcaf7b56834d4da8cdf8f8f94b2db68,l5Zn1bWoM8eTsK,Noisy-Colonisation,-285.45573000086785,-215.7981409115811,23.680619999999998,69.65758908928669,13640.333544000867,17,832,0.6470588235294118,0.0744542568346723,101.0,651.0,"btc,eth"
2026-09-25 00:00:00+00:00,8,0xa8278bd8002eddb9b26deb70d8331c23da45f959,JeroHJ,Imperfect-Deposition,1382.6904631148152,1382.6904631148152,87.79275,0.0,12999.999907885185,5,14,1.0,1.0,102.0,130.0,btc
2026-09-25 00:00:00+00:00,9,0x322b2e7c44237c9fed01d534cd1c96687d52aa0c,yguaihdkjls,Gloomy-Drawing,-168.45636302715218,-117.22515148382107,0.0,51.231211543331106,10840.483363027153,12,1043,0.5,0.0,8.0,161.0,btc
2026-09-25 00:00:00+00:00,10,0x9d57c42e847173d06841703825d3fe2299e456ea,Polkadot-Frog,Supportive-Matchmaker,-266.6687390129034,-231.54091396959498,84.17580000000001,35.127825043308455,10499.055693012962,32,1532,0.5625,0.38101338034349647,47.5,141.0,"btc,eth"
2026-09-25 00:00:00+00:00,11,0xaa1a4f31c010d4a63fc49770d4ca2d69ea370602,hdueilqhsdn,Downright-Scheduling,-602.8247549944326,-556.1223010334247,0.0,46.702453961007954,9771.989778994433,12,749,0.25,0.0,11.0,150.0,btc
2026-09-25 00:00:00+00:00,12,0xbadb9af986ee66437bd39e6cd3d3036cbbdc31a7,0xBadB9af986EE66437BD39E6cd3D3036CbbDc31a,Swift-Census,1576.7211159724784,1580.1272762482042,202.5404,3.406160275725615,9585.707414026056,7,79,0.7142857142857143,0.6747269889086929,216.0,777.0,btc
2026-09-25 00:00:00+00:00,13,0x6de484dfa0e876f3e9f082a39489aa67dffa7337,SkParis26,Sudden-Ton-Singing,1169.9668489587002,1169.9668489587002,176.28536,0.0,9464.81919693747,10,26,0.7,1.0,-46.5,51.0,btc
2026-09-25 00:00:00+00:00,14,0x41e2e1ccf1e4940029af02259a31c6b89b9fa354,norm1e69,Improbable-Harmonica,306.1012410040829,307.43638932716203,215.99034,1.3351483230791261,8527.658170995917,40,674,0.575,0.975323861747268,27.5,173.0,"btc,eth,sol"
2026-09-25 00:00:00+00:00,15,0x433f62d1f91768a0877171eee70e172f0bf7a0dc,penguinx,Mealy-Gift,-5547.33824,-5508.447137617002,0.61168,38.89110238299753,7740.08656,2,190,0.5,0.28224316912548847,801.0,791.5,btc
2026-09-25 00:00:00+00:00,16,0xfc369971792d08e095da0f6fdb23fa927c60ce29,gesinimen,Gullible-Percentage,63.255600008000044,63.5490820345669,3.1332999999999998,0.29348202656685873,6535.501099992,9,42,1.0,0.6793024638917795,233.0,233.5,"btc,eth,sol"
2026-09-25 00:00:00+00:00,17,0x5e60d871c2d646de185e541290689b727ef0e468,0x3664555C090fBEFHSVE94a7d216FCe860d746HD5,Victorious-Recess,-1125.076833015009,-1125.076833015009,147.65868,0.0,6207.254999015009,11,122,0.45454545454545453,1.0,200.0,617.5,"btc,eth,sol"
2026-09-25 00:00:00+00:00,18,0x3048d65321be3497164cdfc2996f94f98a2e7537,x-MoneyForWhiskas,Flashy-Gold,252.39544600712517,258.75613920106485,160.40869,6.360693193939681,6063.947459992875,12,509,0.5833333333333334,0.844084473647876,6.0,125.0,btc
2026-09-25 00:00:00+00:00,19,0xae3985e1b18b258e940365d8140fec972516ff04,alwayslaugh,Lumbering-Politics-Pneumonia,4739.189044980736,4745.290518879516,167.37485,6.101473898779739,5699.865053957698,7,216,0.7142857142857143,0.8427758296875028,137.0,424.0,btc
2026-09-25 00:00:00+00:00,20,0x9cbc68db1bb59cfada93ba7e7f6ff5ad51642f36,notgreedy.,Pricey-Standard,3.9993590415883773,6.923236550755519,203.14381,2.923877509167275,5658.940656958412,7,58,0.5714285714285714,0.9469452897289155,203.0,365.5,btc
2026-09-25 01:00:00+00:00,1,0x48ac40fc545cf327edd5365435c3a9f385614a7e,BoneOhio,Warlike-Fallingout,364.1107299235158,365.3283583319415,20.34734,1.217628408425675,35403.068930076486,14,132,1.0,0.7781614908721126,253.5,261.0,"btc,eth"
2026-09-25 01:00:00+00:00,2,0x21f4c1a1be34a39a7bc20985df4b7e5a39fb691d,CrouchPredictions,Vague-Hourglass,173.99872298306968,256.6903532614805,116.11233,82.69163027841076,22725.716937016932,16,2486,0.625,0.24034769134619746,7.0,149.0,btc
2026-09-25 01:00:00+00:00,3,0x9547dd1651c3c1f9d12c538361bce4338b727117,asdaf54123,Stylish-Conservation,-10520.890738196964,-10520.890738196964,602.54801,0.0,17468.178988196963,9,38,0.3333333333333333,1.0,23.0,98.5,btc
2026-09-25 01:00:00+00:00,4,0xb55fa1296e6ec55d0ce53d93b9237389f11764d4,0xb55fa1296E6ec55D0cE53d93B9237389f11764d4-1777575277609,Lively-Authenticity,-35.585888016521835,-35.09584446453698,381.26182,0.49004355198491206,14378.272054016521,27,414,0.7037037037037037,0.9956547786990477,26.0,129.0,"btc,eth,sol"
2026-09-25 01:00:00+00:00,5,0x0cb038487586d1119b165466072e9baf666f3a90,,,1281.2555229914497,1305.7424093217892,239.20400999999998,24.486886330339477,13693.88900098234,16,727,0.625,0.5943887013684167,8.0,143.0,btc
2026-09-25 01:00:00+00:00,6,0x322b2e7c44237c9fed01d534cd1c96687d52aa0c,yguaihdkjls,Gloomy-Drawing,667.1372970000766,721.1376469853334,0.0,54.00034998525681,10257.784065999924,12,1068,0.75,0.0,10.5,159.0,btc
2026-09-25 01:00:00+00:00,7,0x9d57c42e847173d06841703825d3fe2299e456ea,Polkadot-Frog,Supportive-Matchmaker,280.8443370002797,319.10551799972745,48.98331,38.26118099944773,9633.61770699977,31,1706,0.3870967741935484,0.2913364724822751,33.0,173.0,"btc,eth"
2026-09-25 01:00:00+00:00,8,0x3048d65321be3497164cdfc2996f94f98a2e7537,x-MoneyForWhiskas,Flashy-Gold,426.5870220008008,437.8476754526434,232.04023,11.260653451842614,8844.9715189992,12,754,0.6666666666666666,0.8040416732514895,6.0,163.0,btc
2026-09-25 01:00:00+00:00,9,0xaa1a4f31c010d4a63fc49770d4ca2d69ea370602,hdueilqhsdn,Downright-Scheduling,366.20920800562715,410.99938032287105,0.0,44.790172317243915,8633.083570994373,12,798,0.8333333333333334,0.0,7.0,153.0,btc
2026-09-25 01:00:00+00:00,10,0xfc369971792d08e095da0f6fdb23fa927c60ce29,gesinimen,Gullible-Percentage,86.60206998690212,86.6869867903598,5.98143,0.0849168034576834,8333.846500013098,17,23,1.0,0.9272240375438824,240.0,245.0,"btc,eth,sol"
2026-09-25 01:00:00+00:00,11,0x41e2e1ccf1e4940029af02259a31c6b89b9fa354,norm1e69,Improbable-Harmonica,-95.083802999156,-92.10627329108601,181.13774,2.9775297080699805,8137.925004999156,39,608,0.5641025641025641,0.9378916221655326,36.0,195.0,"btc,eth,sol"
2026-09-25 01:00:00+00:00,12,0x71246529fd8c3887724b178844ba1bb94defcc9c,Understandable98,Pointed-Dose-Formamide,-670.3622440473741,-664.1250701206959,126.25703999999999,6.237173926678169,7455.336088819762,3,65,0.3333333333333333,0.8913627528848648,137.0,144.0,btc
2026-09-25 01:00:00+00:00,13,0xc5e6250906f3a43348374632092a64ee2cf22d79,peipeipei,Embellished-Doorknob,-899.1269330169713,-898.3350666893268,57.59132,0.791866327644551,7333.803489086219,7,52,0.7142857142857143,0.8445564132313892,194.0,218.5,btc
2026-09-25 01:00:00+00:00,14,0xb1d30490fa2ec8dc55591e8c71d3d64b6e0fc279,hoodquant,Tender-Affidavit,89.42455099361374,89.89475452246087,3.96658,0.4702035288471349,6715.154449006386,13,146,1.0,0.7021084241329003,254.0,213.0,"btc,eth,sol"
2026-09-25 01:00:00+00:00,15,0xa8278bd8002eddb9b26deb70d8331c23da45f959,JeroHJ,Imperfect-Deposition,215.93307296838938,215.93307296838938,19.47243,0.0,6235.39918403161,1,5,1.0,1.0,122.0,128.0,btc
2026-09-25 01:00:00+00:00,16,0x747abbf12e38ce77ae9ad50e6b234be4f45a766d,0xNOP,Wiggly-Galley,-498.5827899781515,-496.3966956924401,87.87672,2.1860942857113503,5753.559388977794,7,118,0.42857142857142855,0.7466303047479457,87.0,156.0,btc
2026-09-25 01:00:00+00:00,17,0x5e4aa0f176014729f5168e821ce614484fbebe6b,THG.,Illiterate-Pod,72.22126003279982,72.30733766366485,4.88184,0.08607763086502992,5496.8968999672,9,18,1.0,0.888156898121253,242.0,273.0,btc
2026-09-25 01:00:00+00:00,18,0x0100f1a36f952615e6e36e13ebe92d2b9929a303,Szgboy,Bleak-Opinion,143.50513997479266,143.84803176987728,8.33798,0.34289179508463274,5480.2168800252075,1,23,1.0,0.7696133004148199,122.0,126.0,btc
2026-09-25 01:00:00+00:00,19,0xc53375ff94e96100f2b30a4b5775db35218d69a9,dangerously-skip-permissions,Lone-Easel-Election,-62.15087899484007,-57.24642737706963,136.69925,4.90445161777043,5002.89943799484,12,389,0.5833333333333334,0.8373725980148516,10.0,180.0,btc
2026-09-25 01:00:00+00:00,20,0x4c9497941333332d29f1c235dd23200f3623ffad,,,351.98527800426456,376.50406911712327,0.0,24.518791112858683,4808.368521995735,12,450,0.75,0.0,13.0,103.0,btc
2026-09-25 02:00:00+00:00,1,0x21f4c1a1be34a39a7bc20985df4b7e5a39fb691d,CrouchPredictions,Vague-Hourglass,19.80107601741048,84.05800240857373,70.39038,64.25692639116328,19840.64755298259,16,1979,0.625,0.23340503295733264,8.5,144.0,btc
2026-09-25 02:00:00+00:00,2,0x48ac40fc545cf327edd5365435c3a9f385614a7e,BoneOhio,Warlike-Fallingout,184.4862599946996,185.16275243616016,9.52319,0.6764924414605875,16749.6405500053,17,74,1.0,0.7115373619167922,237.0,240.0,"btc,eth,sol"
2026-09-25 02:00:00+00:00,3,0x0cb038487586d1119b165466072e9baf666f3a90,,,663.9565419926298,689.7360192997285,166.47897,25.77947730709863,11905.072515997432,16,635,0.5625,0.5497133495163273,11.0,111.0,btc
2026-09-25 02:00:00+00:00,4,0xce25e214d5cfe4f459cf67f08df581885aae7fdc,0xcE25E214D5cfE4f459cf67F08DF581885AAE7Fdc-1777575398144,Agile-Spacing,-243.65729498068137,-239.88048596476196,289.1165,3.776809015919334,11590.25939798068,47,838,0.44680851063829785,0.9443471183128136,17.0,93.0,"btc,eth,sol"
2026-09-25 02:00:00+00:00,5,0xf8d71922cd384d7ab4f3d05b8f754a0fa740beca,mracerothstein,Wicked-Replacement-Anguish,280.72117893591206,281.3201908173928,22.27239,0.5990118814807663,10283.938936064287,5,36,0.8,0.5840193794813333,221.0,275.0,btc
2026-09-25 02:00:00+00:00,6,0xb55fa1296e6ec55d0ce53d93b9237389f11764d4,0xb55fa1296E6ec55D0cE53d93B9237389f11764d4-1777575277609,Lively-Authenticity,-323.6659399498293,-323.59452871784333,209.18406000000002,0.0714112319860607,8744.40389794983,20,327,0.45,0.9971457043508731,21.0,125.0,"btc,eth,sol"
2026-09-25 02:00:00+00:00,7,0x9547dd1651c3c1f9d12c538361bce4338b727117,asdaf54123,Stylish-Conservation,5684.640439880604,5684.640439880604,249.67007999999998,0.0,7199.619995119396,6,16,0.5,1.0,69.5,96.5,btc
2026-09-25 02:00:00+00:00,8,0x9d57c42e847173d06841703825d3fe2299e456ea,Polkadot-Frog,Supportive-Matchmaker,-400.50919700018756,-376.9450973093553,38.33245,23.56409969083235,7193.647595000188,29,1113,0.4482758620689655,0.3465758736543217,35.0,140.0,"btc,eth"
2026-09-25 02:00:00+00:00,9,0x7db26f764623b0df0bafeb70aa287a368b5b1b3b,0x7dB26f764623B0dF0Bafeb70Aa287A368b5b1b3B-1759926835930,Cavernous-Agriculture,12.933649999999943,13.113501152387446,0.00419,0.17985115238750224,6458.90216,2,6,1.0,0.009277121485302077,714.5,746.0,btc
2026-09-25 02:00:00+00:00,10,0xa8278bd8002eddb9b26deb70d8331c23da45f959,JeroHJ,Imperfect-Deposition,-4929.738205968961,-4929.738205968961,129.86115,0.0,6203.277771968961,4,13,0.25,1.0,24.0,23.0,btc
2026-09-25 02:00:00+00:00,11,0x4c9497941333332d29f1c235dd23200f3623ffad,,,159.689516007309,189.79781898470586,0.0,30.108302977396864,5808.958596992691,12,566,0.75,0.0,6.0,107.5,btc
2026-09-25 02:00:00+00:00,12,0x3048d65321be3497164cdfc2996f94f98a2e7537,x-MoneyForWhiskas,Flashy-Gold,-556.4049829987616,-549.7807905194542,151.23746,6.6241924793075295,5794.958970998761,12,501,0.5,0.8329469154410415,11.5,122.0,btc
2026-09-25 02:00:00+00:00,13,0x41e2e1ccf1e4940029af02259a31c6b89b9fa354,norm1e69,Improbable-Harmonica,6.159767006184836,8.389578688252506,132.45332,2.229811682067677,5733.780286993815,40,447,0.4,0.9380189387785685,27.0,177.0,"btc,eth,sol"
2026-09-25 02:00:00+00:00,14,0x5e4aa0f176014729f5168e821ce614484fbebe6b,THG.,Illiterate-Pod,62.94067999520007,63.027594219748934,4.20552,0.08691422454886463,5569.8538000048,9,10,1.0,0.8885554231244874,245.0,257.0,btc
2026-09-25 02:00:00+00:00,15,0x8470248884a4b364829963afe634075d189070c4,Huiben888,Alert-Oncology,52.198334999999815,52.198334999999815,3.8866899999999998,0.0,5552.417475,3,3,1.0,1.0,278.0,278.0,btc
2026-09-25 02:00:00+00:00,16,0x322b2e7c44237c9fed01d534cd1c96687d52aa0c,yguaihdkjls,Gloomy-Drawing,73.96920600104414,102.01886714757437,0.0,28.049661146530227,5367.688251998956,12,776,0.75,0.0,7.0,160.0,btc
2026-09-25 02:00:00+00:00,17,0xb1d30490fa2ec8dc55591e8c71d3d64b6e0fc279,hoodquant,Tender-Affidavit,54.14918000000006,54.219700794053566,3.63952,0.07052079405351072,5098.1512999999995,13,43,1.0,0.9292682035544925,275.0,248.0,"btc,eth"
2026-09-25 02:00:00+00:00,18,0x3089fcf3fe5b67ec287654b4d627bcd1d51135e4,13897651,Favorable-Idea-Chance,-215.7547049994981,-215.7547049994981,156.91119,0.0,4783.489581999498,12,335,0.4166666666666667,1.0,-43.0,-16.0,btc
2026-09-25 02:00:00+00:00,19,0xce7dcb6660be8984aabd0fdd85abcc295a7f9bc1,babadok,High-Front,1093.5268159198345,1100.6832193186528,70.81117,7.156403398818192,4732.272299948041,3,92,1.0,0.601076569490967,-27.0,47.0,btc
2026-09-25 02:00:00+00:00,20,0xa17ee7df121d43e1be5947b09c3e7c1a93f6efbc,jmanfrm4,Deadly-Blank,-594.9809459925783,-594.9809459925783,99.14542,0.0,4604.1206860327065,9,32,0.5555555555555556,1.0,21.0,86.5,btc
2026-09-25 03:00:00+00:00,1,0x21f4c1a1be34a39a7bc20985df4b7e5a39fb691d,CrouchPredictions,Vague-Hourglass,-309.62007200701726,-242.05342807074845,82.96427,67.5666439362688,19719.27009700702,16,1993,0.3125,0.21713970506700236,6.0,152.0,btc
2026-09-25 03:00:00+00:00,2,0x8bf4e27a45614d084e9b90bd6bc489c866a811d8,Paulkao1982,Caring-Adobe,575.254030138163,575.254030138163,40.675349999999995,0.0,15599.774456861838,8,26,1.0,1.0,195.5,214.0,btc
2026-09-25 03:00:00+00:00,3,0xce25e214d5cfe4f459cf67f08df581885aae7fdc,0xcE25E214D5cfE4f459cf67F08DF581885AAE7Fdc-1777575398144,Agile-Spacing,-519.649984990339,-513.4685111419673,330.41937,6.181473848371702,13938.73851899034,47,1120,0.44680851063829785,0.91861471456301,15.0,159.0,"btc,eth,sol"
2026-09-25 03:00:00+00:00,4,0x0cb038487586d1119b165466072e9baf666f3a90,,,-655.543850994279,-625.9591280474714,211.66523,29.584722946807616,13315.498014968893,16,720,0.5,0.5120305517902806,5.5,158.0,btc
2026-09-25 03:00:00+00:00,5,0x48ac40fc545cf327edd5365435c3a9f385614a7e,BoneOhio,Warlike-Fallingout,113.42712999890269,114.10899846489473,7.41585,0.681868465992044,12200.497020001098,12,63,0.9166666666666666,0.6008766616624638,257.5,242.0,"btc,eth,sol"
2026-09-25 03:00:00+00:00,6,0x4a86dfe0f05e34b133b29b7626368e78912c501e,komsa,Perfumed-Praise-Retrospective,-241.84828200925904,-241.84828200925904,168.43209,0.0,11368.831587074636,7,17,0.7142857142857143,1.0,146.0,146.0,btc
2026-09-25 03:00:00+00:00,7,0xa17ee7df121d43e1be5947b09c3e7c1a93f6efbc,jmanfrm4,Deadly-Blank,714.2142020494629,714.2142020494629,195.69262,0.0,10899.381686996216,10,49,0.8,1.0,13.5,104.0,btc
2026-09-25 03:00:00+00:00,8,0xb55fa1296e6ec55d0ce53d93b9237389f11764d4,0xb55fa1296E6ec55D0cE53d93B9237389f11764d4-1777575277609,Lively-Authenticity,-637.7085049542294,-635.4121579159075,224.74913,2.2963470383219082,9659.254222954229,42,502,0.47619047619047616,0.9359828822466564,23.0,143.5,"btc,eth,sol"
2026-09-25 03:00:00+00:00,9,0xfc369971792d08e095da0f6fdb23fa927c60ce29,gesinimen,Gullible-Percentage,107.17161999999976,107.4967137861166,6.17788,0.32509378611684536,8582.8905,16,72,1.0,0.7294680620706976,233.5,229.0,"btc,eth,sol"
2026-09-25 03:00:00+00:00,10,0x433f62d1f91768a0877171eee70e172f0bf7a0dc,penguinx,Mealy-Gift,-378.08021299950315,-366.85843208668666,66.77775,11.221780912816337,8286.196366039823,4,57,0.75,0.777162429608534,415.5,222.0,btc
2026-09-25 03:00:00+00:00,11,0x9d57c42e847173d06841703825d3fe2299e456ea,Polkadot-Frog,Supportive-Matchmaker,-330.98538299667166,-304.1424432038984,50.88883,26.842939792773265,7536.858743996671,29,1358,0.4482758620689655,0.29517301246637007,21.0,176.0,"btc,eth"
2026-09-25 03:00:00+00:00,12,0x322b2e7c44237c9fed01d534cd1c96687d52aa0c,yguaihdkjls,Gloomy-Drawing,-80.43125499807647,-45.88952057404653,0.0,34.54173442402994,7081.991756998077,12,860,0.5,0.0,8.0,171.0,btc
2026-09-25 03:00:00+00:00,13,0x04714bc0feb1dc76688370dc363e6166f9807225,lyfanshen,Famous-Algebra-Shirt,-942.9433510082811,-942.9433510082811,113.563,0.0,6338.605633946051,8,20,0.375,1.0,86.0,149.0,"btc,eth"
2026-09-25 03:00:00+00:00,14,0x41e2e1ccf1e4940029af02259a31c6b89b9fa354,norm1e69,Improbable-Harmonica,-42.76352201155234,-40.82716463721114,142.35829999999999,1.9363573743412026,6143.393588011552,38,530,0.39473684210526316,0.9528906146328532,35.0,183.0,"btc,eth,sol"
2026-09-25 03:00:00+00:00,15,0x9e3ed7b661a903fc97afcf49e0f014ebe869f882,0x9e3ed7b661a903fc97afcf49e0f014ebe869f882-1783406009396,Favorable-Pepper-Brushing,3309.0157660011523,3309.0157660011523,106.84397,0.0,5772.295271988091,20,96,0.8,1.0,31.0,176.5,"btc,eth,sol"
2026-09-25 03:00:00+00:00,16,0x3048d65321be3497164cdfc2996f94f98a2e7537,x-MoneyForWhiskas,Flashy-Gold,18.340306999099283,27.96615110033071,133.62353,9.625844101231445,5683.090641000901,12,502,0.5,0.735621207559099,6.0,125.0,btc
2026-09-25 03:00:00+00:00,17,0x239e726f1f4131ca78a7e5abf1fec86bfc151c10,EZTRADENL2,Fluid-Boy-Catamaran,-265.60718399555685,-246.03433238203866,19.64557,19.572851613518228,5464.666437995556,12,434,0.6666666666666666,0.12049943166196991,10.5,155.5,btc
2026-09-25 03:00:00+00:00,18,0xaa1a4f31c010d4a63fc49770d4ca2d69ea370602,hdueilqhsdn,Downright-Scheduling,171.06096899537636,197.1496251112394,0.0,26.088656115863067,5237.625026004624,12,586,0.6666666666666666,0.0,10.0,150.0,btc
2026-09-25 03:00:00+00:00,19,0x4c9497941333332d29f1c235dd23200f3623ffad,,,-254.96512100472344,-230.8636367818509,0.0,24.10148422287256,5088.198021004723,12,440,0.5,0.0,10.0,125.0,btc
2026-09-25 03:00:00+00:00,20,0xee65685de42f8de9a03b4c53ee77d56a20d2cfc9,0x50f7,Haunting-Cheese,-60.98132800261653,-60.02000060213545,0.003,0.9613274004810753,5047.908328002617,14,51,0.6428571428571429,0.008503924241624569,256.0,204.0,"btc,eth,sol"
2026-09-25 04:00:00+00:00,1,0x48ac40fc545cf327edd5365435c3a9f385614a7e,BoneOhio,Warlike-Fallingout,331.31485700430176,332.2949679330612,17.435,0.9801109287594408,23564.348887995697,19,133,1.0,0.7029577633029451,245.0,239.0,"btc,eth,sol"
2026-09-25 04:00:00+00:00,2,0x4a86dfe0f05e34b133b29b7626368e78912c501e,komsa,Perfumed-Praise-Retrospective,149.2636190551916,149.2636190551916,331.22217,0.0,20021.42806010725,10,27,0.6,1.0,133.0,152.0,btc
2026-09-25 04:00:00+00:00,3,0x21f4c1a1be34a39a7bc20985df4b7e5a39fb691d,CrouchPredictions,Vague-Hourglass,-93.38701198920262,-56.432354742703666,109.46293,36.95465724649896,15129.925369989203,16,1320,0.4375,0.42021011581466977,8.5,126.0,btc
2026-09-25 04:00:00+00:00,4,0x8bf4e27a45614d084e9b90bd6bc489c866a811d8,Paulkao1982,Caring-Adobe,551.2034629784316,551.2034629784316,39.152829999999994,0.0,15099.999323021568,9,41,1.0,1.0,212.0,221.0,btc
2026-09-25 04:00:00+00:00,5,0x0cb038487586d1119b165466072e9baf666f3a90,,,17.954765996558166,48.66984252730401,219.29492,30.715076530745808,14052.75785395969,16,820,0.5625,0.5203508217369656,7.0,146.0,btc
2026-09-25 04:00:00+00:00,6,0xc5e6250906f3a43348374632092a64ee2cf22d79,peipeipei,Embellished-Doorknob,732.5320479978378,734.1331399738051,39.775180000000006,1.6010919759671622,7950.500941990872,10,102,1.0,0.8372788725591493,139.0,170.0,btc
2026-09-25 04:00:00+00:00,7,0x322b2e7c44237c9fed01d534cd1c96687d52aa0c,yguaihdkjls,Gloomy-Drawing,-216.56241399670608,-175.345951383083,0.0,41.216462613623115,7875.513147996706,12,970,0.4166666666666667,0.0,12.0,122.0,btc
2026-09-25 04:00:00+00:00,8,0xfc369971792d08e095da0f6fdb23fa927c60ce29,gesinimen,Gullible-Percentage,79.22591,79.45823262696122,4.64579,0.23232262696120615,7821.5883,16,39,1.0,0.7878526667019792,217.5,218.0,"btc,eth,sol"
2026-09-25 04:00:00+00:00,9,0x4c9497941333332d29f1c235dd23200f3623ffad,,,88.2446860017916,124.30373528118254,0.0,36.05904927939092,7033.751435998209,12,608,0.5833333333333334,0.0,9.0,95.5,btc
2026-09-25 04:00:00+00:00,10,0xaa1a4f31c010d4a63fc49770d4ca2d69ea370602,hdueilqhsdn,Downright-Scheduling,22.653929990604354,57.07191159858845,0.0,34.41798160798412,6872.159983009396,12,761,0.5,0.0,10.5,129.0,btc
2026-09-25 04:00:00+00:00,11,0x64071a44d1f42709c82934bbefe3f292661493aa,smash-to-net,Rotten-Democracy,392.2442470368758,392.2442470368758,183.57483000000002,0.0,6014.932634963124,3,130,1.0,1.0,27.0,31.0,btc
2026-09-25 04:00:00+00:00,12,0x239e726f1f4131ca78a7e5abf1fec86bfc151c10,EZTRADENL2,Fluid-Boy-Catamaran,325.35496100079905,352.33718190747345,10.17386,26.982220906674428,5757.327109999201,12,476,0.8333333333333334,0.050353748269245074,13.0,102.0,btc
2026-09-25 04:00:00+00:00,13,0x41e2e1ccf1e4940029af02259a31c6b89b9fa354,norm1e69,Improbable-Harmonica,150.61613699344738,152.35643004033892,142.43773,1.7402930468915585,5646.474817006552,40,467,0.575,0.9530961742354832,26.5,137.0,"btc,eth,sol"
2026-09-25 04:00:00+00:00,14,0x3048d65321be3497164cdfc2996f94f98a2e7537,x-MoneyForWhiskas,Flashy-Gold,-247.80357399915235,-239.80648438902324,130.27564999999998,7.997089610129126,5544.828785999152,12,450,0.25,0.7453850171963293,18.0,104.0,btc
2026-09-25 04:00:00+00:00,15,0x9cbc68db1bb59cfada93ba7e7f6ff5ad51642f36,notgreedy.,Pricey-Standard,268.3965840246917,274.46829308101866,140.00198,6.071709056326925,5466.122114975308,3,227,0.6666666666666666,0.8086228055295587,27.0,29.0,btc
2026-09-25 04:00:00+00:00,16,0x433f62d1f91768a0877171eee70e172f0bf7a0dc,penguinx,Mealy-Gift,-873.8177668681413,-867.0294331018404,124.21648,6.788333766300877,5435.0685178681415,4,151,0.5,0.8401530863595157,156.0,111.0,btc
2026-09-25 04:00:00+00:00,17,0x9d57c42e847173d06841703825d3fe2299e456ea,Polkadot-Frog,Supportive-Matchmaker,13.415409009833297,31.659351874561594,40.27255,18.243942864728318,5198.186497990167,30,849,0.43333333333333335,0.32406522941060695,44.5,162.0,"btc,eth"
2026-09-25 04:00:00+00:00,18,0xe29042f5d913dcc4015aab3455c13c58514ca33f,stepahead,Windy-Turban,-10.131537999798866,15.232333124736101,0.0,25.363871124534974,5086.475031999799,12,650,0.5833333333333334,0.0,-30.0,96.0,btc
2026-09-25 04:00:00+00:00,19,0x3884acd922095fc579938f2c6d1569decc38416d,Chepell-plus,Trim-School,5.0,5.069935851228494,0.0,0.06993585122849413,4995.0,1,18,1.0,0.0,209.0,238.0,btc
2026-09-25 04:00:00+00:00,20,0xaad03b403c831d0a8b484abe59ac25188b49f61d,gangwarharshit,Whopping-Anesthesiology,49.32404000000042,49.881872786313174,0.67596,0.5578327863127502,4950.0,1,22,1.0,0.195082,642.0,665.0,btc
2026-09-25 05:00:00+00:00,1,0xe9076a87c5ed90ef16e6fe6529c943baeca0cff6,suntori,All-Peasant-Drug,13696.053842850806,13696.053842850806,630.5045,0.0,30039.007673149194,15,125,0.5333333333333333,1.0,45.0,69.0,"btc,eth,sol"
2026-09-25 05:00:00+00:00,2,0x48ac40fc545cf327edd5365435c3a9f385614a7e,BoneOhio,Warlike-Fallingout,222.75731999301482,223.8266981616005,13.62011,1.0693781685856723,22429.001695006988,18,117,0.9444444444444444,0.6594822228891172,214.0,216.0,"btc,eth,sol"
2026-09-25 05:00:00+00:00,3,0x4a86dfe0f05e34b133b29b7626368e78912c501e,komsa,Perfumed-Praise-Retrospective,1405.5391571357532,1405.5391571357532,259.3122,0.0,20685.246118099378,12,26,0.75,1.0,121.0,135.5,btc
2026-09-25 05:00:00+00:00,4,0x8bf4e27a45614d084e9b90bd6bc489c866a811d8,Paulkao1982,Caring-Adobe,738.9441070165905,738.9441070165905,51.77765,0.0,20299.999239983412,12,41,1.0,1.0,189.0,192.0,btc
2026-09-25 05:00:00+00:00,5,0x0cb038487586d1119b165466072e9baf666f3a90,,,-299.51750794037014,-268.99524010259256,248.02893,30.522267837777605,15583.312869971725,16,724,0.4375,0.534122292571737,9.0,152.0,btc
2026-09-25 05:00:00+00:00,6,0x21f4c1a1be34a39a7bc20985df4b7e5a39fb691d,CrouchPredictions,Vague-Hourglass,-243.33421699877692,-210.99509413828366,121.63553,32.339122860493255,15214.371911998776,16,1381,0.625,0.4345758925337836,6.0,167.0,btc
2026-09-25 05:00:00+00:00,7,0x9d57c42e847173d06841703825d3fe2299e456ea,Polkadot-Frog,Supportive-Matchmaker,-558.8630069956803,-519.5572721204039,43.12428,39.305734875276485,10968.68433599568,28,1772,0.4642857142857143,0.2842328673605862,28.0,141.0,"btc,eth"
2026-09-25 05:00:00+00:00,8,0xc5e6250906f3a43348374632092a64ee2cf22d79,peipeipei,Embellished-Doorknob,958.6057239867557,960.8229977946193,54.16934,2.2172738078635725,10522.358759047831,11,116,1.0,0.8216219859078855,75.0,167.5,btc
2026-09-25 05:00:00+00:00,9,0xce25e214d5cfe4f459cf67f08df581885aae7fdc,0xcE25E214D5cfE4f459cf67F08DF581885AAE7Fdc-1777575398144,Agile-Spacing,-444.05374700047133,-438.94160339380085,212.21937,5.112143606670427,9611.51035200047,31,740,0.41935483870967744,0.909502517487425,14.0,200.0,"btc,eth,sol"
2026-09-25 05:00:00+00:00,10,0x322b2e7c44237c9fed01d534cd1c96687d52aa0c,yguaihdkjls,Gloomy-Drawing,-47.50603499826565,-8.915151186648757,0.0,38.59088381161688,8332.195022998265,11,944,0.36363636363636365,0.0,9.0,138.0,btc
2026-09-25 05:00:00+00:00,11,0x9e3ed7b661a903fc97afcf49e0f014ebe869f882,0x9e3ed7b661a903fc97afcf49e0f014ebe869f882-1783406009396,Favorable-Pepper-Brushing,-6631.336968915058,-6631.3342805190305,319.31746,0.002688396027614183,8073.744375003161,22,184,0.36363636363636365,0.9994054803103674,29.0,42.0,"btc,eth,sol"
2026-09-25 05:00:00+00:00,12,0xfc369971792d08e095da0f6fdb23fa927c60ce29,gesinimen,Gullible-Percentage,67.75964000000006,67.90779570348057,4.24986,0.148155703480508,7128.9405,13,22,1.0,0.8516306876176061,218.0,239.0,"btc,eth,sol"
2026-09-25 05:00:00+00:00,13,0xb0132277507d469d091f38126f7342e7c4d17ad4,Feetsmellingloverboy,Ancient-Jade,363.4523820012305,363.46390708038444,45.23252,0.011525079153937344,7050.200516966485,10,183,0.8,0.988323949112951,126.5,159.0,btc
2026-09-25 05:00:00+00:00,14,0xaa1a4f31c010d4a63fc49770d4ca2d69ea370602,hdueilqhsdn,Downright-Scheduling,-285.3686410010242,-254.7547239792326,0.0,30.613917021791547,6973.854874001025,12,691,0.3333333333333333,0.0,11.0,131.0,btc
2026-09-25 05:00:00+00:00,15,0x4c9497941333332d29f1c235dd23200f3623ffad,,,446.2169430148504,477.0625451170862,0.0,30.845602102235762,6701.873686985149,12,500,0.6666666666666666,0.0,8.0,108.0,btc
2026-09-25 05:00:00+00:00,16,0xb945945d5bcaf7b56834d4da8cdf8f8f94b2db68,l5Zn1bWoM8eTsK,Noisy-Colonisation,-571.9479840021871,-547.9173785899932,14.64662,24.030605412193975,5801.331721002188,17,451,0.4117647058823529,0.13056010178825966,66.0,707.0,"btc,eth"
2026-09-25 05:00:00+00:00,17,0x41e2e1ccf1e4940029af02259a31c6b89b9fa354,norm1e69,Improbable-Harmonica,-212.35961098863106,-210.43201402489797,128.24641,1.9275969637330848,5630.350697988631,40,489,0.35,0.9489140692245474,34.0,176.0,"btc,eth,sol"
2026-09-25 05:00:00+00:00,18,0x3884acd922095fc579938f2c6d1569decc38416d,Chepell-plus,Trim-School,5.566210000000012,5.64406312872974,0.0,0.07785312872972715,5560.64379,5,11,1.0,0.0,306.0,293.0,"btc,eth,sol"
2026-09-25 05:00:00+00:00,19,0x3048d65321be3497164cdfc2996f94f98a2e7537,x-MoneyForWhiskas,Flashy-Gold,-92.10323400390303,-83.76609920622536,120.51656,8.33713479767769,5173.138945003903,12,408,0.4166666666666667,0.7482395777791048,9.0,90.0,btc
2026-09-25 05:00:00+00:00,20,0x5e4aa0f176014729f5168e821ce614484fbebe6b,THG.,Illiterate-Pod,53.64515999999958,53.64515999999958,3.98484,0.0,5067.37,8,8,1.0,1.0,239.5,239.5,btc
2026-09-25 06:00:00+00:00,1,0x433f62d1f91768a0877171eee70e172f0bf7a0dc,penguinx,Mealy-Gift,-4120.026043045865,-4099.08335351799,71.07392,20.942689527874574,40260.628946045144,5,261,0.6,0.07371062940971745,155.0,162.0,btc
2026-09-25 06:00:00+00:00,2,0x4a86dfe0f05e34b133b29b7626368e78912c501e,komsa,Perfumed-Praise-Retrospective,-392.1898522720511,-392.1898522720511,334.97595,0.0,25802.719112950315,12,28,0.8333333333333334,1.0,152.5,189.5,btc
2026-09-25 06:00:00+00:00,3,0x21f4c1a1be34a39a7bc20985df4b7e5a39fb691d,CrouchPredictions,Vague-Hourglass,1537.8441899924344,1585.9226182960163,167.3265,48.078428303581866,22370.235892007564,15,1563,0.7333333333333333,0.3999515675732186,5.0,159.0,btc
2026-09-25 06:00:00+00:00,4,0xee65685de42f8de9a03b4c53ee77d56a20d2cfc9,0x50f7,Haunting-Cheese,97.23179998880087,98.15120533907411,3.8111599999999997,0.9194053502732273,20005.1470400112,18,34,0.8888888888888888,0.17303547047606513,327.0,339.0,"btc,eth,sol"
2026-09-25 06:00:00+00:00,5,0x0cb038487586d1119b165466072e9baf666f3a90,,,-257.0320610459826,-225.29552316750983,319.62161000000003,31.736537878472696,16802.637243090096,16,856,0.4375,0.6071078378644958,6.0,158.0,btc
2026-09-25 06:00:00+00:00,6,0x8bf4e27a45614d084e9b90bd6bc489c866a811d8,Paulkao1982,Caring-Adobe,19.57252712051354,19.57252712051354,44.93779,0.0,14999.999592879487,7,31,0.8571428571428571,1.0,224.0,249.0,btc
2026-09-25 06:00:00+00:00,7,0x9d57c42e847173d06841703825d3fe2299e456ea,Polkadot-Frog,Supportive-Matchmaker,-54.33248600760626,-5.576395142230666,72.59316,48.75609086537561,13214.548144007606,31,1754,0.5161290322580645,0.23596684926505582,35.0,143.0,"btc,eth"
2026-09-25 06:00:00+00:00,8,0x71246529fd8c3887724b178844ba1bb94defcc9c,Understandable98,Pointed-Dose-Formamide,-443.55401888671486,-443.55401888671486,299.55481,0.0,12455.987700108459,5,14,0.6,1.0,39.0,65.0,btc
2026-09-25 06:00:00+00:00,9,0xc5e6250906f3a43348374632092a64ee2cf22d79,peipeipei,Embellished-Doorknob,-859.0088560443339,-851.9265626341046,52.50434,7.082293410229215,12138.808139037743,10,199,0.7,0.6657133484174619,86.0,126.0,btc
2026-09-25 06:00:00+00:00,10,0xd4fa2e10c74ab94bc23414989a516b07386ddcc8,quantbarbie,Clueless-Lime,405.40383199629576,454.99162612019273,4.69357,49.587794123896984,10551.612265003703,9,1300,0.7777777777777778,0.024311620495708945,5.0,182.0,btc
2026-09-25 06:00:00+00:00,11,0x322b2e7c44237c9fed01d534cd1c96687d52aa0c,yguaihdkjls,Gloomy-Drawing,-150.10534799780473,-99.59540086968337,0.0,50.509947128121354,10122.331573997804,12,1219,0.4166666666666667,0.0,8.5,168.0,btc
2026-09-25 06:00:00+00:00,12,0xaa1a4f31c010d4a63fc49770d4ca2d69ea370602,hdueilqhsdn,Downright-Scheduling,236.1265050078278,277.8380338056364,0.0,41.71152879780862,8863.842229992173,12,923,0.5,0.0,9.0,167.0,btc
2026-09-25 06:00:00+00:00,13,0x9e3ed7b661a903fc97afcf49e0f014ebe869f882,0x9e3ed7b661a903fc97afcf49e0f014ebe869f882-1783406009396,Favorable-Pepper-Brushing,-308.69687274421653,-308.69687274421653,173.99893,0.0,8323.16202382973,17,102,0.6470588235294118,1.0,87.0,190.0,"btc,eth"
2026-09-25 06:00:00+00:00,14,0x3884acd922095fc579938f2c6d1569decc38416d,Chepell-plus,Trim-School,8.13000000000011,8.243720984868794,0.0,0.1137209848686844,8121.87,2,20,1.0,0.0,246.5,284.5,btc
2026-09-25 06:00:00+00:00,15,0x3048d65321be3497164cdfc2996f94f98a2e7537,x-MoneyForWhiskas,Flashy-Gold,376.5628350020085,385.7888653404168,206.57686999999999,9.226030338408282,8019.478855997992,11,692,0.5454545454545454,0.8203995194877297,8.0,164.5,btc
2026-09-25 06:00:00+00:00,16,0xe9076a87c5ed90ef16e6fe6529c943baeca0cff6,suntori,All-Peasant-Drug,-831.3419161193044,-831.3419161193044,221.17934,0.0,7930.044243110272,15,96,0.4666666666666667,1.0,38.0,145.0,"btc,eth,sol"
2026-09-25 06:00:00+00:00,17,0x41e2e1ccf1e4940029af02259a31c6b89b9fa354,norm1e69,Improbable-Harmonica,-156.0690999837549,-152.22898583816067,168.23794,3.840114145594248,7369.009989983755,38,594,0.3157894736842105,0.9058662561264231,24.0,185.0,"btc,eth,sol"
2026-09-25 06:00:00+00:00,18,0xda871f75bafa2d9180a4365b5b8eb4e46185e9f5,Mmmmmmmk,Married-Mink-Beneficiary,-7597.2520898723,-7597.2520898723,373.63369,0.0,7223.6183998723,1,29,0.0,1.0,99.0,189.0,btc
2026-09-25 06:00:00+00:00,19,0x239e726f1f4131ca78a7e5abf1fec86bfc151c10,EZTRADENL2,Fluid-Boy-Catamaran,532.9792489864853,554.4295068334545,29.063409999999998,21.45025784696916,5849.716438013515,11,503,0.7272727272727273,0.17575578421708854,12.0,212.0,btc
2026-09-25 06:00:00+00:00,20,0x4c9497941333332d29f1c235dd23200f3623ffad,,,181.6577210086951,212.80575265262115,0.0,31.14803164392609,5412.432821991305,12,516,0.6666666666666666,0.0,7.5,152.5,btc
2026-09-25 07:00:00+00:00,1,0x21f4c1a1be34a39a7bc20985df4b7e5a39fb691d,CrouchPredictions,Vague-Hourglass,-344.449529987568,-290.33438717168576,147.13975,54.11514281588224,24603.03230098757,13,1365,0.3076923076923077,0.3589946854091725,5.0,140.0,btc
2026-09-25 07:00:00+00:00,2,0x4a86dfe0f05e34b133b29b7626368e78912c501e,komsa,Perfumed-Praise-Retrospective,153.82178514657528,153.82178514657528,124.3897,0.0,19309.24003357573,12,17,0.8333333333333334,1.0,173.5,170.0,btc
2026-09-25 07:00:00+00:00,3,0x8bf4e27a45614d084e9b90bd6bc489c866a811d8,Paulkao1982,Caring-Adobe,315.8842370350121,315.8842370350121,23.08539,0.0,15399.664365964989,9,27,1.0,1.0,198.0,225.0,btc
2026-09-25 07:00:00+00:00,4,0x0cb038487586d1119b165466072e9baf666f3a90,,,-445.0834489285988,-421.83712260234955,283.10272,23.246326326249203,14207.622652984988,16,738,0.3125,0.6496263535726802,7.0,122.0,btc
2026-09-25 07:00:00+00:00,5,0xc5e6250906f3a43348374632092a64ee2cf22d79,peipeipei,Embellished-Doorknob,-183.6512390389048,-175.963007421368,90.01799,7.688231617536851,12164.278835044031,10,195,0.9,0.693890110585523,109.0,156.0,btc
2026-09-25 07:00:00+00:00,6,0x9d57c42e847173d06841703825d3fe2299e456ea,Polkadot-Frog,Supportive-Matchmaker,-376.1687300059076,-329.33039648003125,48.50947,46.83833352587639,11528.467750005908,31,1866,0.3548387096774194,0.2356609099249799,21.0,150.0,"btc,eth"
2026-09-25 07:00:00+00:00,7,0xe8ade1c67a880380ec861c476052c2f00057a859,suanlimao6,Careful-Rations,728.869684892519,729.4909432943825,203.78507,0.6212584018635248,10994.518097244822,5,45,0.6,0.5964476968568143,36.0,212.0,btc
2026-09-25 07:00:00+00:00,8,0x8470248884a4b364829963afe634075d189070c4,Huiben888,Alert-Oncology,101.7368920483874,101.7368920483874,7.5598600000000005,0.0,9474.458299951613,5,5,1.0,1.0,207.0,207.0,btc
2026-09-25 07:00:00+00:00,9,0x3048d65321be3497164cdfc2996f94f98a2e7537,x-MoneyForWhiskas,Flashy-Gold,141.4443569995181,152.3457253021406,237.88965000000002,10.901368302622517,9471.559204000481,12,779,0.5,0.8126047395399819,5.5,110.0,btc
2026-09-25 07:00:00+00:00,10,0x322b2e7c44237c9fed01d534cd1c96687d52aa0c,yguaihdkjls,Gloomy-Drawing,-152.90873100397874,-108.3615697110753,0.0,44.54716129290344,8926.732498003978,12,1014,0.4166666666666667,0.0,8.0,143.0,btc
2026-09-25 07:00:00+00:00,11,0xaa1a4f31c010d4a63fc49770d4ca2d69ea370602,hdueilqhsdn,Downright-Scheduling,-216.05363199174872,-176.82313283680662,0.0,39.23049915494207,7876.603879991749,12,785,0.3333333333333333,0.0,9.5,149.0,btc
2026-09-25 07:00:00+00:00,12,0xce25e214d5cfe4f459cf67f08df581885aae7fdc,0xcE25E214D5cfE4f459cf67F08DF581885AAE7Fdc-1777575398144,Agile-Spacing,-6.137451005171485,3.722852884930262,143.40909,9.860303890101738,7639.019372005171,26,848,0.38461538461538464,0.7657163141175906,14.0,144.0,"btc,eth,sol"
2026-09-25 07:00:00+00:00,13,0xd4fa2e10c74ab94bc23414989a516b07386ddcc8,quantbarbie,Clueless-Lime,-445.26720300002887,-409.8080689725163,5.7694399999999995,35.45913402751258,7123.110831000029,7,816,0.2857142857142857,0.02455668627825147,5.0,131.0,btc
2026-09-25 07:00:00+00:00,14,0xfc369971792d08e095da0f6fdb23fa927c60ce29,gesinimen,Gullible-Percentage,66.49475000000001,66.73855970103222,3.64155,0.2438097010322111,6943.4937,14,32,1.0,0.7492183077807071,229.0,236.0,"btc,eth,sol"
2026-09-25 07:00:00+00:00,15,0x41e2e1ccf1e4940029af02259a31c6b89b9fa354,norm1e69,Improbable-Harmonica,152.2380690025575,154.63574653395,166.7208,2.397677531392504,6805.417336997442,39,519,0.5641025641025641,0.9395272005199451,35.0,176.0,"btc,eth,sol"
2026-09-25 07:00:00+00:00,16,0x9547dd1651c3c1f9d12c538361bce4338b727117,asdaf54123,Stylish-Conservation,1767.2090899516888,1767.2090899516888,218.33601,0.0,6399.999995048312,5,15,0.4,1.0,23.0,36.0,btc
2026-09-25 07:00:00+00:00,17,0x4c9497941333332d29f1c235dd23200f3623ffad,,,-118.06701299661898,-86.48855891698732,0.0,31.578454079631626,6365.934210996619,12,571,0.4166666666666667,0.0,7.0,135.0,btc
2026-09-25 07:00:00+00:00,18,0x9e3ed7b661a903fc97afcf49e0f014ebe869f882,0x9e3ed7b661a903fc97afcf49e0f014ebe869f882-1783406009396,Favorable-Pepper-Brushing,-1788.4198530474928,-1788.4198530474928,205.22501,0.0,6213.917588944749,19,109,0.47368421052631576,1.0,42.0,108.0,"btc,eth"
2026-09-25 07:00:00+00:00,19,0x5f3017816537dcc354da8f2494ed98c047153aee,0x5f3017816537Dcc354da8f2494Ed98C047153aEE-1772028862815,Immense-Sitar,1304.480133941904,1304.480133941904,120.65897000000001,0.0,5862.883798947629,7,20,0.7142857142857143,1.0,39.0,45.0,btc
2026-09-25 07:00:00+00:00,20,0x7db26f764623b0df0bafeb70aa287a368b5b1b3b,0x7dB26f764623B0dF0Bafeb70Aa287A368b5b1b3B-1759926835930,Cavernous-Agriculture,5.2698599999998805,5.310224577250048,0.17923,0.04036457725016719,5443.64091,2,5,1.0,0.4703702820103907,785.0,779.0,btc
2026-09-25 08:00:00+00:00,1,0x4a86dfe0f05e34b133b29b7626368e78912c501e,komsa,Perfumed-Praise-Retrospective,1201.8152462282083,1201.8152462282083,251.67794,0.0,21966.291832964394,10,22,0.8,1.0,132.5,132.5,btc
2026-09-25 08:00:00+00:00,2,0x21f4c1a1be34a39a7bc20985df4b7e5a39fb691d,CrouchPredictions,Vague-Hourglass,792.1632190133607,835.3605134313372,163.73273,43.19729441797652,21105.07151898664,16,1369,0.75,0.443176789549318,7.5,153.0,btc
2026-09-25 08:00:00+00:00,3,0xf418d3a1a941292f9c8707d62a14980c5beb95a3,Thetakerner,Bite-Sized-Molding,141.34099999999944,143.30023796638628,0.0,1.9592379663868456,13992.759,2,15,1.0,0.0,287.5,294.0,btc
2026-09-25 08:00:00+00:00,4,0x0cb038487586d1119b165466072e9baf666f3a90,,,-91.22936200683398,-66.06127654332253,225.28762,25.16808546351145,13217.034466982554,16,709,0.4375,0.5326939273394564,6.0,140.0,btc
2026-09-25 08:00:00+00:00,5,0x48ac40fc545cf327edd5365435c3a9f385614a7e,BoneOhio,Warlike-Fallingout,258.55133400425586,260.2669294274409,7.21955,1.7155954231850306,12470.568193995743,13,35,0.8461538461538461,0.07026385537238886,137.0,260.0,"btc,eth,sol"
2026-09-25 08:00:00+00:00,6,0x2dad1d7d34bafd498bacc8ce6238595f18092efc,V612,Empty-Spoon,120.9603,122.63699791404049,0.0,1.6766979140404932,11975.0697,5,24,1.0,0.0,278.0,278.0,btc
2026-09-25 08:00:00+00:00,7,0xee65685de42f8de9a03b4c53ee77d56a20d2cfc9,0x50f7,Haunting-Cheese,97.48204900000003,98.88987656712398,0.3721499999999999,1.4078275671239424,10977.955801,16,37,0.75,0.051877625518233765,288.0,267.0,"btc,eth,sol"
2026-09-25 08:00:00+00:00,8,0x9d57c42e847173d06841703825d3fe2299e456ea,Polkadot-Frog,Supportive-Matchmaker,-67.39113800251592,-31.94597075294759,39.51888,35.44516724956833,10367.555366002516,32,1662,0.4375,0.3235639089040372,23.5,140.0,"btc,eth"
2026-09-25 08:00:00+00:00,9,0x8470248884a4b364829963afe634075d189070c4,Huiben888,Alert-Oncology,91.16381499999967,91.16381499999967,6.78806,0.0,9697.235625000001,5,5,1.0,1.0,215.0,215.0,btc
2026-09-25 08:00:00+00:00,10,0xce25e214d5cfe4f459cf67f08df581885aae7fdc,0xcE25E214D5cfE4f459cf67F08DF581885AAE7Fdc-1777575398144,Agile-Spacing,-44.44360099551699,-35.73924675289032,193.94339,8.704354242626666,9175.480146995516,47,1056,0.3829787234042553,0.8475752173626646,17.0,152.0,"btc,eth,sol"
2026-09-25 08:00:00+00:00,11,0x55aeeb3eb4e8cc0da6d9e4939caf533bf6c3f5df,animal00,Artistic-Design,-29.772994999999902,-26.85907637273848,0.0,2.9139186272614235,9051.972995,12,210,0.4166666666666667,0.0,217.0,229.5,btc
2026-09-25 08:00:00+00:00,12,0xa5e9072668d0acda2455869f4244ddbb9edd74c6,chairh4ter,Windy-Shorts-Invite,85.55109999999999,86.73699572976082,0.0,1.1858957297608197,8469.5589,3,24,1.0,0.0,279.0,281.0,"btc,eth"
2026-09-25 08:00:00+00:00,13,0x2277c18fb73d4cfbd61384be80ef9339a9496604,EVPLUS.AI,Bright-Jasmine,85.19786000000025,86.37226410470487,0.03534,1.1744041047046234,8438.086800000001,4,31,1.0,0.0059835838616876975,282.5,281.0,btc
2026-09-25 08:00:00+00:00,14,0xfc369971792d08e095da0f6fdb23fa927c60ce29,gesinimen,Gullible-Percentage,94.28018999980017,94.65510819245145,4.9867099999999995,0.374918192651273,8407.6631000002,15,37,1.0,0.6815246795509757,230.0,246.0,"btc,eth,sol"
2026-09-25 08:00:00+00:00,15,0xa635733538447a2f498037fb982f2f1666cfd61c,,,75.31197899347593,76.53164702322744,1.9686,1.2196680297515186,7746.71620100681,3,73,0.6666666666666666,0.2698898146970031,153.0,159.0,btc
2026-09-25 08:00:00+00:00,16,0x8ac8617241fbd47d189a512516206c2b9a1b47ab,Oussou931,Enchanted-Troop,-667.0769960330231,-667.0769960330231,140.09652,0.0,7617.129544033023,8,20,0.5,1.0,27.0,72.0,btc
2026-09-25 08:00:00+00:00,17,0x322b2e7c44237c9fed01d534cd1c96687d52aa0c,yguaihdkjls,Gloomy-Drawing,-62.32892300176846,-27.79831250551638,0.0,34.53061049625208,7312.2136200017685,12,894,0.4166666666666667,0.0,9.0,144.0,btc
2026-09-25 08:00:00+00:00,18,0xb1d30490fa2ec8dc55591e8c71d3d64b6e0fc279,hoodquant,Tender-Affidavit,73.81188000000017,74.60356363032972,1.23442,0.791683630329539,6890.2137,13,77,1.0,0.2559264598716292,264.0,239.0,"btc,eth,sol"
2026-09-25 08:00:00+00:00,19,0x502b532f55778c0985846dc53a9bc71eb4f33b15,0x502b532F55778c0985846Dc53a9bc71eB4F33b15-1761320484518,Stimulating-Power,-861.6787799955828,-851.4055802101346,0.17626,10.273199785448128,6552.685812995584,21,100,0.42857142857142855,0.038426472317751835,-55.0,-21.5,"btc,eth,sol"
2026-09-25 08:00:00+00:00,20,0xc5e6250906f3a43348374632092a64ee2cf22d79,peipeipei,Embellished-Doorknob,-3.378810021826766,-1.612731563550657,41.75859,1.7660784582761297,6219.8863430327865,6,65,0.6666666666666666,0.7489065349646807,73.5,155.0,btc
2026-09-25 09:00:00+00:00,1,0xee65685de42f8de9a03b4c53ee77d56a20d2cfc9,0x50f7,Haunting-Cheese,-0.7029209917527646,0.7864465895346653,2.1896600000000004,1.4893675812874358,16226.843260991753,12,39,0.9166666666666666,0.25442564604815643,293.0,191.0,"btc,eth,sol"
2026-09-25 09:00:00+00:00,2,0x0cb038487586d1119b165466072e9baf666f3a90,,,1173.1836109862263,1208.520578942928,260.28248,35.33696795670175,15013.170520994961,16,762,0.5625,0.558884690296187,9.0,157.0,btc
2026-09-25 09:00:00+00:00,3,0x9d57c42e847173d06841703825d3fe2299e456ea,Polkadot-Frog,Supportive-Matchmaker,361.4020220232591,415.0631292359244,79.47634,53.661107212665314,14442.995205976742,32,2125,0.46875,0.26514077138203584,20.5,114.0,"btc,eth"
2026-09-25 09:00:00+00:00,4,0x4a86dfe0f05e34b133b29b7626368e78912c501e,komsa,Perfumed-Praise-Retrospective,1870.2528869535176,1870.2528869535176,182.4365,0.0,14418.057503962065,9,21,0.8888888888888888,1.0,102.0,107.0,btc
2026-09-25 09:00:00+00:00,5,0x9547dd1651c3c1f9d12c538361bce4338b727117,asdaf54123,Stylish-Conservation,473.4506821531007,473.4506821531007,381.50877,0.0,12199.999988846901,8,26,0.625,1.0,35.0,24.0,btc
2026-09-25 09:00:00+00:00,6,0xff42cc3d10b3cb0566292de1c5af03e1c3f501a4,JohnLau,Digital-Laptop,-1129.2164750355605,-1129.2164750355605,56.24284,0.0,10897.016017211592,4,42,0.75,1.0,73.0,179.5,btc
2026-09-25 09:00:00+00:00,7,0xc5e6250906f3a43348374632092a64ee2cf22d79,peipeipei,Embellished-Doorknob,847.2592249889803,850.3834496428668,58.06259,3.1242246538863916,10031.36838104425,9,107,0.8888888888888888,0.793944485290167,123.0,173.0,btc
2026-09-25 09:00:00+00:00,8,0xd4fa2e10c74ab94bc23414989a516b07386ddcc8,quantbarbie,Clueless-Lime,353.12536401084117,398.77240111749217,20.00871,45.647037106650984,9656.725858989159,9,1098,0.7777777777777778,0.07873890230480404,9.0,120.0,btc
2026-09-25 09:00:00+00:00,9,0xefd1144fefbeaa6f181392a9ef73c2d5e275c520,benzeau,Marvelous-Installation,1275.9169689767434,1279.139733241389,214.08992,3.2227642646454147,9423.983494958855,10,72,0.6,0.9055076125195667,55.5,111.0,btc
2026-09-25 09:00:00+00:00,10,0x48ac40fc545cf327edd5365435c3a9f385614a7e,BoneOhio,Warlike-Fallingout,133.25584700140504,134.07626015117387,3.63718,0.8204131497688271,8581.970749998596,11,77,0.8181818181818182,0.38946832229638423,263.0,197.0,"btc,eth,sol"
2026-09-25 09:00:00+00:00,11,0x322b2e7c44237c9fed01d534cd1c96687d52aa0c,yguaihdkjls,Gloomy-Drawing,200.17157399782786,242.85527393072618,0.0,42.68369993289829,8540.280178002173,12,998,0.4166666666666667,0.0,8.0,134.0,btc
2026-09-25 09:00:00+00:00,12,0x3048d65321be3497164cdfc2996f94f98a2e7537,x-MoneyForWhiskas,Flashy-Gold,145.9606060004793,157.47824294469604,209.51412,11.517636944216791,8095.400923999521,12,709,0.4166666666666667,0.7910813077844754,8.0,120.0,btc
2026-09-25 09:00:00+00:00,13,0xb0132277507d469d091f38126f7342e7c4d17ad4,Feetsmellingloverboy,Ancient-Jade,160.50162611812183,160.5157686829159,72.75835,0.014142564794073142,7871.526199037712,9,186,0.4444444444444444,0.9871675838400373,107.0,168.0,btc
2026-09-25 09:00:00+00:00,14,0xaa1a4f31c010d4a63fc49770d4ca2d69ea370602,hdueilqhsdn,Downright-Scheduling,99.1488550090391,134.2980468981751,0.0,35.149191889136006,7558.208973990961,12,738,0.75,0.0,9.0,146.0,btc
2026-09-25 09:00:00+00:00,15,0xca768e1a1c4e32d874d0f148bb7bfc23428f9fb5,5thhorseman,Quick-Replacement,-401.934826995233,-360.5492063328712,0.0,41.38562066236176,7317.427643995233,8,890,0.25,0.0,8.5,122.5,btc
2026-09-25 09:00:00+00:00,16,0x4c9497941333332d29f1c235dd23200f3623ffad,,,13.812948999530562,48.4283983125361,0.0,34.61544931300554,6849.31676200047,12,551,0.4166666666666667,0.0,7.5,120.0,btc
2026-09-25 09:00:00+00:00,17,0x9e3ed7b661a903fc97afcf49e0f014ebe869f882,0x9e3ed7b661a903fc97afcf49e0f014ebe869f882-1783406009396,Favorable-Pepper-Brushing,-3779.740835920396,-3779.740835920396,236.84384,0.0,6653.3572778450725,23,67,0.5217391304347826,1.0,17.0,92.0,"btc,eth,sol"
2026-09-25 09:00:00+00:00,18,0x41e2e1ccf1e4940029af02259a31c6b89b9fa354,norm1e69,Improbable-Harmonica,-95.17854897165101,-93.27618885457943,161.04067,1.9023601170715931,6593.840491971651,40,522,0.4,0.9527956594675244,19.5,161.5,"btc,eth,sol"
2026-09-25 09:00:00+00:00,19,0x21f4c1a1be34a39a7bc20985df4b7e5a39fb691d,CrouchPredictions,Vague-Hourglass,5.91605400396611,23.401121356629375,43.800520000000006,17.485067352663297,6206.848533996034,10,417,0.6,0.3747182745421036,11.5,110.0,btc
2026-09-25 09:00:00+00:00,20,0xe9076a87c5ed90ef16e6fe6529c943baeca0cff6,suntori,All-Peasant-Drug,-1811.1465571293693,-1811.1465571293693,207.57804,0.0,6046.891014081267,21,98,0.38095238095238093,1.0,-3.0,174.5,"btc,eth"
2026-09-25 10:00:00+00:00,1,0x4a86dfe0f05e34b133b29b7626368e78912c501e,komsa,Perfumed-Praise-Retrospective,443.2021700184613,443.2021700184613,316.56892,0.0,24549.269042111784,12,33,0.6666666666666666,1.0,100.0,111.0,btc
2026-09-25 10:00:00+00:00,2,0x21f4c1a1be34a39a7bc20985df4b7e5a39fb691d,CrouchPredictions,Vague-Hourglass,210.59375099347108,255.73450986116964,125.89207,45.14075886769863,18159.368780006527,16,977,0.625,0.3354327251014369,17.0,183.0,btc
2026-09-25 10:00:00+00:00,3,0xefd1144fefbeaa6f181392a9ef73c2d5e275c520,benzeau,Marvelous-Installation,1169.2884731940192,1182.9823596178694,450.85985999999997,13.693886423850145,17910.302745514615,10,223,0.7,0.8155953371683247,-30.0,189.0,btc
2026-09-25 10:00:00+00:00,4,0x0cb038487586d1119b165466072e9baf666f3a90,,,-746.5708709710668,-712.1852974720946,268.91861,34.385573498972256,14121.269634987393,16,731,0.3125,0.5992941793292761,8.0,176.0,btc
2026-09-25 10:00:00+00:00,5,0xd4fa2e10c74ab94bc23414989a516b07386ddcc8,quantbarbie,Clueless-Lime,-77.9769909884314,-29.34818355194915,3.26078,48.628807436482255,9406.200273988432,8,1125,0.375,0.008844166355697305,5.5,134.0,btc
2026-09-25 10:00:00+00:00,6,0x48ac40fc545cf327edd5365435c3a9f385614a7e,BoneOhio,Warlike-Fallingout,63.82404999996847,64.29438282681323,6.26715,0.47033282684476074,9140.60880000003,9,51,0.7777777777777778,0.6424568788022098,212.0,158.0,"btc,eth"
2026-09-25 10:00:00+00:00,7,0x55aeeb3eb4e8cc0da6d9e4939caf533bf6c3f5df,animal00,Artistic-Design,-32.52901999999966,-29.86137412885956,1.11849,2.6676458711401065,8889.61053,12,263,0.25,0.1797424301782094,209.0,230.0,btc
2026-09-25 10:00:00+00:00,8,0xca768e1a1c4e32d874d0f148bb7bfc23428f9fb5,5thhorseman,Quick-Replacement,-443.1271070002159,-392.80049517250245,0.0,50.32661182771348,8542.734090000216,12,1692,0.08333333333333333,0.0,8.5,107.0,btc
2026-09-25 10:00:00+00:00,9,0x3048d65321be3497164cdfc2996f94f98a2e7537,x-MoneyForWhiskas,Flashy-Gold,-148.3085969992523,-136.01551368658846,191.65501,12.29308331266385,8309.647376999252,12,625,0.5833333333333334,0.7362846607587002,6.0,123.0,btc
2026-09-25 10:00:00+00:00,10,0x4c9497941333332d29f1c235dd23200f3623ffad,,,323.64604400778524,366.4392744149952,0.0,42.79323040720995,8250.662895992215,12,650,0.5833333333333334,0.0,7.0,108.0,btc
2026-09-25 10:00:00+00:00,11,0xfc369971792d08e095da0f6fdb23fa927c60ce29,gesinimen,Gullible-Percentage,83.81481999332797,83.90824980377835,5.72798,0.09342981045037257,7997.167200006672,12,23,1.0,0.9166582761956704,238.0,239.0,"btc,eth,sol"
2026-09-25 10:00:00+00:00,12,0xaad03b403c831d0a8b484abe59ac25188b49f61d,gangwarharshit,Whopping-Anesthesiology,8.0,8.111904129926037,0.0,0.11190412992603727,7992.0,1,1,1.0,0.0,860.0,860.0,btc
2026-09-25 10:00:00+00:00,13,0x322b2e7c44237c9fed01d534cd1c96687d52aa0c,yguaihdkjls,Gloomy-Drawing,-180.52436100005912,-142.45442203031425,0.0,38.069938969744875,7886.356063000059,12,889,0.4166666666666667,0.0,8.0,129.0,btc
2026-09-25 10:00:00+00:00,14,0xaa1a4f31c010d4a63fc49770d4ca2d69ea370602,hdueilqhsdn,Downright-Scheduling,-95.77868500071156,-59.24435374645938,0.0,36.53433125425217,7724.824721000712,12,746,0.5,0.0,7.0,131.0,btc
2026-09-25 10:00:00+00:00,15,0x75b9369fb0451afc1329854399c3ac2a4218fd9b,,,-2048.1025200796175,-2048.1025200796175,128.99962,0.0,7639.517300079617,5,10,0.6,1.0,44.0,56.0,btc
2026-09-25 10:00:00+00:00,16,0xc5e6250906f3a43348374632092a64ee2cf22d79,peipeipei,Embellished-Doorknob,351.60047598344204,353.92660943949863,29.68935,2.326133456056603,6829.130223023714,9,86,0.8888888888888888,0.6835443568326263,135.0,188.0,btc
2026-09-25 10:00:00+00:00,17,0x8ac8617241fbd47d189a512516206c2b9a1b47ab,Oussou931,Enchanted-Troop,-1067.5234780008725,-1067.5234780008725,147.48559,0.0,6764.429930019312,11,24,0.45454545454545453,1.0,30.0,61.0,btc
2026-09-25 10:00:00+00:00,18,0xe8ade1c67a880380ec861c476052c2f00057a859,suanlimao6,Careful-Rations,-196.44120788540158,-196.03953336180166,114.90238000000001,0.4016745235999482,6479.536898886814,5,23,0.6,0.5573861304048723,-6.0,278.0,btc
2026-09-25 10:00:00+00:00,19,0x41e2e1ccf1e4940029af02259a31c6b89b9fa354,norm1e69,Improbable-Harmonica,-125.30985002519843,-123.79750465894638,136.13466,1.5123453662520572,5789.249183025198,40,488,0.325,0.9566253798961761,23.0,162.5,"btc,eth,sol"
2026-09-25 10:00:00+00:00,20,0x5e4aa0f176014729f5168e821ce614484fbebe6b,THG.,Illiterate-Pod,58.17830000000038,58.38889268148307,3.1917,0.21059268148269303,5459.629999999999,9,27,1.0,0.7245691374690227,240.0,260.0,btc
2026-09-25 11:00:00+00:00,1,0xee65685de42f8de9a03b4c53ee77d56a20d2cfc9,0x50f7,Haunting-Cheese,-38.6011130064265,-37.09591837712171,0.05328,1.5051946293047915,35761.917833006424,19,112,0.47368421052631576,0.021282922340857425,227.0,222.0,"btc,eth,sol"
2026-09-25 11:00:00+00:00,2,0xa697d0b3fff7d285a0f92d6ee03a7f97809e59d5,0xa697d0b3FFf7D285a0F92d6Ee03a7f97809E59d5-1774326306031,Zealous-Violence,22.528880000001664,22.84406881477153,0.0,0.31518881476986554,22506.35112,1,1,1.0,0.0,396.0,396.0,btc
2026-09-25 11:00:00+00:00,3,0x9547dd1651c3c1f9d12c538361bce4338b727117,asdaf54123,Stylish-Conservation,-11222.626817769098,-11222.626817769098,642.35262,0.0,20644.663880769098,11,37,0.36363636363636365,1.0,24.0,38.0,btc
2026-09-25 11:00:00+00:00,4,0x21f4c1a1be34a39a7bc20985df4b7e5a39fb691d,CrouchPredictions,Vague-Hourglass,-108.35945600121606,-70.94009505636518,102.306,37.4193609448509,14114.596844001215,10,727,0.6,0.3719627105208127,6.0,117.0,btc
2026-09-25 11:00:00+00:00,5,0xd4fa2e10c74ab94bc23414989a516b07386ddcc8,quantbarbie,Clueless-Lime,-130.82644000158632,-61.834948565225034,6.84774,68.9914914363613,13455.836073001587,12,1610,0.5833333333333334,0.0202000081991937,6.0,123.0,btc
2026-09-25 11:00:00+00:00,6,0x8ac8617241fbd47d189a512516206c2b9a1b47ab,Oussou931,Enchanted-Troop,3537.9590139995744,3537.9590139995744,260.41064,0.0,12879.666459000426,12,44,0.8333333333333334,1.0,34.0,69.5,btc
2026-09-25 11:00:00+00:00,7,0x55aeeb3eb4e8cc0da6d9e4939caf533bf6c3f5df,animal00,Artistic-Design,-21.437961999999963,-19.129329466850674,3.8725699999999996,2.3086325331492867,10260.365392,12,239,0.16666666666666666,0.5391853592576229,223.0,243.0,btc
2026-09-25 11:00:00+00:00,8,0xb1d30490fa2ec8dc55591e8c71d3d64b6e0fc279,hoodquant,Tender-Affidavit,106.72283802196333,107.19045089898174,5.39025,0.46761287701841214,9928.980712978037,17,86,1.0,0.6773035728827825,239.0,231.0,"btc,eth,sol"
2026-09-25 11:00:00+00:00,9,0x4c9497941333332d29f1c235dd23200f3623ffad,,,293.267702021138,342.76617116280295,0.0,49.49846914166488,9184.168006978862,12,651,0.5833333333333334,0.0,5.0,107.0,btc
2026-09-25 11:00:00+00:00,10,0x3884acd922095fc579938f2c6d1569decc38416d,Chepell-plus,Trim-School,8.58140000000003,8.701447943611717,0.0,0.12004794361168666,8572.8186,2,11,1.0,0.0,308.5,222.0,btc
2026-09-25 11:00:00+00:00,11,0x0cb038487586d1119b165466072e9baf666f3a90,,,-892.7250930284561,-864.5104363123353,101.00229999999999,28.21465671612077,8549.335051032287,16,596,0.375,0.4095988143076768,10.0,135.5,btc
2026-09-25 11:00:00+00:00,12,0xaa1a4f31c010d4a63fc49770d4ca2d69ea370602,hdueilqhsdn,Downright-Scheduling,-132.14582998869804,-91.25092471334762,0.0,40.894905275350446,8537.442274988698,11,822,0.45454545454545453,0.0,8.0,138.0,btc
2026-09-25 11:00:00+00:00,13,0x4a86dfe0f05e34b133b29b7626368e78912c501e,komsa,Perfumed-Praise-Retrospective,-1918.0426170478797,-1918.0426170478797,160.84212,0.0,8285.116978985894,6,12,0.5,1.0,106.5,143.5,btc
2026-09-25 11:00:00+00:00,14,0x3048d65321be3497164cdfc2996f94f98a2e7537,x-MoneyForWhiskas,Flashy-Gold,-675.3465189964586,-663.8589373011644,201.57009,11.487581695294224,8184.411374996458,12,699,0.3333333333333333,0.7706978805181148,5.5,108.0,btc
2026-09-25 11:00:00+00:00,15,0x322b2e7c44237c9fed01d534cd1c96687d52aa0c,yguaihdkjls,Gloomy-Drawing,-59.952108989875285,-17.84309328044024,0.0,42.10901570943504,8024.815979989875,11,833,0.45454545454545453,0.0,8.0,122.0,btc
2026-09-25 11:00:00+00:00,16,0xb0132277507d469d091f38126f7342e7c4d17ad4,Feetsmellingloverboy,Ancient-Jade,56.213404963289165,56.213404963289165,58.10523,0.0,7542.546558966254,10,197,0.6,1.0,82.0,174.0,btc
2026-09-25 11:00:00+00:00,17,0x90c7c48c0363f46320a091e4acdbf0933cbcf260,fg0018,Striking-Neighbor-Grandmom,911.0620509824548,913.1469153323433,65.56583,2.084864349888446,7378.096581017089,7,84,0.7142857142857143,0.5061225940881551,143.0,242.0,"btc,eth"
2026-09-25 11:00:00+00:00,18,0x2277c18fb73d4cfbd61384be80ef9339a9496604,EVPLUS.AI,Bright-Jasmine,47.79880800080141,47.9641880895019,5.24667,0.1653800887004956,7287.6819999991985,8,47,0.75,0.06195555733623506,272.5,272.0,"btc,eth,sol"
2026-09-25 11:00:00+00:00,19,0xc5e6250906f3a43348374632092a64ee2cf22d79,peipeipei,Embellished-Doorknob,12.93027000433051,14.443444421286387,62.6119,1.5131744169558903,6931.86404696923,8,61,0.625,0.901128250733703,65.5,149.0,btc
2026-09-25 11:00:00+00:00,20,0x7cb239f58390a0743e439d92209530502306e655,ClobCleaner,Meaty-Borrowing,6.91424999999995,7.010983333269572,0.0,0.09673333326962265,6907.335749999999,3,3,1.0,0.0,375.0,375.0,btc
2026-09-25 12:00:00+00:00,1,0xb77b6ef359f02192fb077227499f9f853d4870a5,ProudIsraeli,Mealy-Itinerary,30.016199999999998,30.436012026619306,0.0,0.4198120266193047,29986.1838,3,3,1.0,0.0,1007.0,1007.0,"btc,eth,sol"
2026-09-25 12:00:00+00:00,2,0xee65685de42f8de9a03b4c53ee77d56a20d2cfc9,0x50f7,Haunting-Cheese,43.60734800210405,44.79224383071459,0.17266,1.18489582861055,27880.969991997896,20,83,0.85,0.022945510510628122,277.5,279.0,"btc,eth,sol"
2026-09-25 12:00:00+00:00,3,0x21f4c1a1be34a39a7bc20985df4b7e5a39fb691d,CrouchPredictions,Vague-Hourglass,729.5618440114354,783.3745787908789,243.36469,53.81273477944355,24025.790267988566,10,1531,0.5,0.5059635100620997,5.5,143.0,btc
2026-09-25 12:00:00+00:00,4,0x8ac8617241fbd47d189a512516206c2b9a1b47ab,Oussou931,Enchanted-Troop,79.92158687865913,79.92158687865913,302.98217,0.0,13919.999947121341,11,48,0.6363636363636364,1.0,35.0,101.5,btc
2026-09-25 12:00:00+00:00,5,0xce25e214d5cfe4f459cf67f08df581885aae7fdc,0xcE25E214D5cfE4f459cf67F08DF581885AAE7Fdc-1777575398144,Agile-Spacing,-641.811008996388,-640.1914123707937,353.80705,1.6195966255942422,13183.671050996389,33,1105,0.45454545454545453,0.9680720547128192,17.0,161.0,"btc,eth,sol"
2026-09-25 12:00:00+00:00,6,0x0cb038487586d1119b165466072e9baf666f3a90,,,579.5127569703411,606.9801227720334,171.43504,27.4673658016922,11488.856258017904,16,705,0.5625,0.4477727183181023,5.5,140.0,btc
2026-09-25 12:00:00+00:00,7,0x3884acd922095fc579938f2c6d1569decc38416d,Chepell-plus,Trim-School,23.89504999999997,24.22750971295077,0.0,0.3324597129508,11365.60995,3,7,1.0,0.0,272.0,272.0,"btc,sol"
2026-09-25 12:00:00+00:00,8,0x55aeeb3eb4e8cc0da6d9e4939caf533bf6c3f5df,animal00,Artistic-Design,-13.282237999999772,-10.751907218455829,3.28831,2.5303307815439418,11009.993928,12,280,0.25,0.4266659573765389,223.0,248.5,btc
2026-09-25 12:00:00+00:00,9,0xb1d30490fa2ec8dc55591e8c71d3d64b6e0fc279,hoodquant,Tender-Affidavit,97.39939000000017,98.34568538269987,4.28331,0.9462953826997038,10464.3273,25,158,0.96,0.5102655284874356,251.0,280.5,"btc,eth,sol"
2026-09-25 12:00:00+00:00,10,0x8470248884a4b364829963afe634075d189070c4,Huiben888,Alert-Oncology,95.42075999999952,95.42075999999952,7.10504,0.0,10150.0542,5,5,1.0,1.0,206.0,206.0,btc
2026-09-25 12:00:00+00:00,11,0xd4fa2e10c74ab94bc23414989a516b07386ddcc8,quantbarbie,Clueless-Lime,165.79822000337526,212.39157990940058,1.3156599999999998,46.59335990602532,9185.237405996624,12,1142,0.6666666666666666,0.005737467162789496,10.0,141.0,btc
2026-09-25 12:00:00+00:00,12,0x3048d65321be3497164cdfc2996f94f98a2e7537,x-MoneyForWhiskas,Flashy-Gold,-269.8153750086489,-257.78278568805854,213.44429,12.032589320590391,8664.47034000865,12,751,0.25,0.7602645102938046,5.0,114.0,btc
2026-09-25 12:00:00+00:00,13,0x4a86dfe0f05e34b133b29b7626368e78912c501e,komsa,Perfumed-Praise-Retrospective,-2140.4562607867747,-2140.4562607867747,111.66369,0.0,8594.815257772554,6,14,0.5,1.0,182.5,182.5,btc
2026-09-25 12:00:00+00:00,14,0x4c9497941333332d29f1c235dd23200f3623ffad,,,497.28132599818,543.7021793137801,0.0,46.42085331560001,8532.35476600182,12,617,0.5833333333333334,0.0,6.0,108.0,btc
2026-09-25 12:00:00+00:00,15,0x9547dd1651c3c1f9d12c538361bce4338b727117,asdaf54123,Stylish-Conservation,-177.6470229071295,-177.6470229071295,203.54878,0.0,8499.99996790713,12,25,0.75,1.0,44.5,47.0,btc
2026-09-25 12:00:00+00:00,16,0x322b2e7c44237c9fed01d534cd1c96687d52aa0c,yguaihdkjls,Gloomy-Drawing,-142.126511991134,-101.08927246612745,0.0,41.03723952500654,8295.256520991134,12,948,0.5,0.0,9.0,146.0,btc
2026-09-25 12:00:00+00:00,17,0xaa1a4f31c010d4a63fc49770d4ca2d69ea370602,hdueilqhsdn,Downright-Scheduling,150.2592109955687,184.75782162132742,0.0,34.498610625758694,7093.970807004432,12,791,0.5833333333333334,0.0,9.0,149.0,btc
2026-09-25 12:00:00+00:00,18,0xc5e6250906f3a43348374632092a64ee2cf22d79,peipeipei,Embellished-Doorknob,122.06338899355416,124.08960286167903,47.5482,2.026213868124873,7063.71953901638,9,91,0.7777777777777778,0.6462418293647109,170.0,215.0,btc
2026-09-25 12:00:00+00:00,19,0x758dac51ba3cc9a246a79787da9df11c5f425d9e,a5533,These-Latency-Perspective,-96.66863698043292,-61.4536897957305,0.0,35.21494718470242,6944.178185980433,12,683,0.3333333333333333,0.0,8.0,530.0,"btc,eth,sol"
2026-09-25 12:00:00+00:00,20,0x502b532f55778c0985846dc53a9bc71eb4f33b15,0x502b532F55778c0985846Dc53a9bc71eB4F33b15-1761320484518,Stimulating-Power,-22.762197000533504,-14.10025053488915,0.2273,8.66194646564437,6487.493446000533,26,108,0.5384615384615384,0.0500532297570468,-34.0,-7.0,"btc,eth,sol"
2026-09-25 13:00:00+00:00,1,0x21f4c1a1be34a39a7bc20985df4b7e5a39fb691d,CrouchPredictions,Vague-Hourglass,220.84187000500572,286.37579035577465,242.07904,65.53392035076892,27413.181418994995,13,2114,0.5384615384615384,0.422357795946039,5.0,137.0,btc
2026-09-25 13:00:00+00:00,2,0x0100f1a36f952615e6e36e13ebe92d2b9929a303,Szgboy,Bleak-Opinion,865.4354299329862,869.0259275740498,40.81612,3.590497641063614,22141.124471067014,6,154,1.0,0.5933890542578681,165.0,186.0,btc
2026-09-25 13:00:00+00:00,3,0x40b56efcf16fd4776b7728fe6c4be7d127826b5f,Kutoba,Clever-Jealousy-Artist,397.57407296625723,397.57407296625723,175.03113000000002,0.0,20868.018484055036,12,91,0.5833333333333334,1.0,34.0,152.0,btc
2026-09-25 13:00:00+00:00,4,0x0cb038487586d1119b165466072e9baf666f3a90,,,-189.19559696986425,-152.81868219038608,182.40788,36.376914779478206,14844.495720024177,16,1004,0.4375,0.49596004033304353,5.0,131.0,btc
2026-09-25 13:00:00+00:00,5,0xb1d30490fa2ec8dc55591e8c71d3d64b6e0fc279,hoodquant,Tender-Affidavit,160.15082103245828,161.06921168017195,6.9357,0.9183906477136755,13222.818028967542,22,160,1.0,0.6520579788725085,284.5,298.5,"btc,eth,sol"
2026-09-25 13:00:00+00:00,6,0x9d57c42e847173d06841703825d3fe2299e456ea,Polkadot-Frog,Supportive-Matchmaker,298.274562999076,338.37694321959975,67.36269,40.10238022052377,12349.069562000925,32,1827,0.375,0.3110657997926591,23.5,153.0,"btc,eth"
2026-09-25 13:00:00+00:00,7,0x55aeeb3eb4e8cc0da6d9e4939caf533bf6c3f5df,animal00,Artistic-Design,-6.59627399999988,-4.2438757316234685,4.74189,2.352398268376412,11815.814384,12,267,0.25,0.5733108340947682,230.5,234.0,btc
2026-09-25 13:00:00+00:00,8,0xf27d40745542dc871e127acff3a1c9d3910d9a88,0xF27d40745542Dc871e127acFf3A1c9D3910d9a88-1775505016568,Extra-Small-Implement,149.7719799920008,150.08916456806887,9.36622,0.31718457606804407,11054.121800008,13,79,1.0,0.8076465558757945,224.0,230.0,"btc,eth"
2026-09-25 13:00:00+00:00,9,0xd4fa2e10c74ab94bc23414989a516b07386ddcc8,quantbarbie,Clueless-Lime,353.8190779933791,404.03531986428806,6.79604,50.216241870908945,10899.00225500662,12,1340,0.75,0.028936960339942214,5.0,131.0,btc
2026-09-25 13:00:00+00:00,10,0x4c9497941333332d29f1c235dd23200f3623ffad,,,288.4525260385926,340.59429981358636,0.0,52.14177377499376,10640.662343961407,12,821,0.4166666666666667,0.0,4.0,144.0,btc
2026-09-25 13:00:00+00:00,11,0x322b2e7c44237c9fed01d534cd1c96687d52aa0c,yguaihdkjls,Gloomy-Drawing,-113.86694798911725,-69.50665827265468,0.0,44.36028971646259,9739.775785989117,12,1054,0.4166666666666667,0.0,7.0,144.0,btc
2026-09-25 13:00:00+00:00,12,0xaa1a4f31c010d4a63fc49770d4ca2d69ea370602,hdueilqhsdn,Downright-Scheduling,562.4809949947673,597.9714017318611,0.0,35.49040673709375,8337.914902005232,12,850,0.75,0.0,8.0,149.0,btc
2026-09-25 13:00:00+00:00,13,0xfc369971792d08e095da0f6fdb23fa927c60ce29,gesinimen,Gullible-Percentage,85.14772000152027,85.30734096954984,5.46208,0.15962096802956732,7738.23019999848,16,40,1.0,0.8526775928686866,238.0,246.0,"btc,eth,sol"
2026-09-25 13:00:00+00:00,14,0xefd1144fefbeaa6f181392a9ef73c2d5e275c520,benzeau,Marvelous-Installation,-3514.044685937326,-3514.044685937326,278.12788,0.0,7668.446297923837,12,32,0.25,1.0,52.0,94.0,btc
2026-09-25 13:00:00+00:00,15,0x3048d65321be3497164cdfc2996f94f98a2e7537,x-MoneyForWhiskas,Flashy-Gold,-404.9022309987512,-395.3633316725143,175.14354,9.53889932623686,7590.680683998751,12,654,0.3333333333333333,0.7534237228626177,6.0,109.0,btc
2026-09-25 13:00:00+00:00,16,0xc5e6250906f3a43348374632092a64ee2cf22d79,peipeipei,Embellished-Doorknob,-284.00989499222703,-279.9403276158885,37.07148,4.069567376338542,7447.869068981137,8,151,0.875,0.6199972207122705,128.0,189.0,btc
2026-09-25 13:00:00+00:00,17,0x8ac8617241fbd47d189a512516206c2b9a1b47ab,Oussou931,Enchanted-Troop,-730.3494739865499,-730.3494739865499,164.40216,0.0,7199.73766698655,6,25,0.6666666666666666,1.0,49.0,123.0,btc
2026-09-25 13:00:00+00:00,18,0x9e3ed7b661a903fc97afcf49e0f014ebe869f882,0x9e3ed7b661a903fc97afcf49e0f014ebe869f882-1783406009396,Favorable-Pepper-Brushing,-606.7746619326123,-606.7393764175057,190.4534,0.035285515106604264,7142.927814801927,17,95,0.4117647058823529,0.9987833560375632,56.0,149.0,"btc,eth"
2026-09-25 13:00:00+00:00,19,0xce25e214d5cfe4f459cf67f08df581885aae7fdc,0xcE25E214D5cfE4f459cf67F08DF581885AAE7Fdc-1777575398144,Agile-Spacing,-281.3403519930179,-279.78189964667274,204.22839,1.5584523463452038,6419.497768993018,48,897,0.4166666666666667,0.9603820600688503,14.0,147.0,"btc,eth,sol"
2026-09-25 13:00:00+00:00,20,0xe114e5ca2d8c47baed151a71fd8eeb143047c208,cash-pony,Unimportant-Steward,-12.95432499810272,7.283640005815485,0.0,20.2379650039182,6224.247592994382,4,565,0.25,0.0,13.0,135.0,btc
2026-09-25 14:00:00+00:00,1,0x0100f1a36f952615e6e36e13ebe92d2b9929a303,Szgboy,Bleak-Opinion,353.03362985471904,355.00005002086607,15.36657,1.9664201661470422,23732.97646714528,5,74,1.0,0.4684225350127703,248.0,206.0,btc
2026-09-25 14:00:00+00:00,2,0x21f4c1a1be34a39a7bc20985df4b7e5a39fb691d,CrouchPredictions,Vague-Hourglass,-1353.0899490072202,-1303.481082197104,167.42631,49.608866810116304,23339.11376700722,10,1399,0.5,0.3781004398068453,5.5,155.0,btc
2026-09-25 14:00:00+00:00,3,0xb1d30490fa2ec8dc55591e8c71d3d64b6e0fc279,hoodquant,Tender-Affidavit,332.0948699988336,334.29213836624564,12.63103,2.1972683674120117,22164.094101001167,31,276,1.0,0.6274813415167637,228.0,225.0,"btc,eth,sol"
2026-09-25 14:00:00+00:00,4,0x8310ab91c468e6ac974b523a5e7a6971f7042283,uuuuuuuuuuuuul,Charming-Arcade-Check,-1949.2325640848233,-1949.2325640848233,576.29176,0.0,20969.853472021183,9,154,0.6666666666666666,1.0,20.0,90.0,btc
2026-09-25 14:00:00+00:00,5,0xe114e5ca2d8c47baed151a71fd8eeb143047c208,cash-pony,Unimportant-Steward,-162.65347400759563,-75.76948892234745,0.0,86.88398508524817,20751.811442999842,11,1726,0.5454545454545454,0.0,15.0,112.0,btc
2026-09-25 14:00:00+00:00,6,0x9d57c42e847173d06841703825d3fe2299e456ea,Polkadot-Frog,Supportive-Matchmaker,176.1396659950749,253.96765753972423,106.22708,77.82799154464928,19750.402044004924,32,2760,0.40625,0.2789313163207989,11.5,143.0,"btc,eth"
2026-09-25 14:00:00+00:00,7,0xb4077d7ecb09e5478305fb0c71bc176a5eda252c,0xB4077D7ecB09E5478305fB0c71Bc176a5EDa252c-1772320937442,Expensive-Arrest,-212.69738595360104,-212.69738595360104,249.1484,0.0,17311.6776129851,7,100,0.5714285714285714,1.0,51.0,106.5,btc
2026-09-25 14:00:00+00:00,8,0xefd1144fefbeaa6f181392a9ef73c2d5e275c520,benzeau,Marvelous-Installation,2273.8885433542555,2279.9612573397108,405.40682,6.072713985455362,16494.092897705457,12,96,0.5,0.9277149699961962,13.0,98.5,btc
2026-09-25 14:00:00+00:00,9,0xe8ade1c67a880380ec861c476052c2f00057a859,suanlimao6,Careful-Rations,1289.154538938267,1290.409498935036,192.27611,1.2549599967690854,15217.664989133951,9,77,0.6666666666666666,0.5318187905223816,72.0,237.0,btc
2026-09-25 14:00:00+00:00,10,0x1b7d3c861b413522b31fbedd91af6367db8de31c,annonnn,Hilarious-Meridian,-3179.2415592599145,-3179.2415592599145,553.55577,0.0,14669.55279997296,12,58,0.3333333333333333,1.0,-41.5,62.0,btc
2026-09-25 14:00:00+00:00,11,0x4c9497941333332d29f1c235dd23200f3623ffad,,,-19.888584989752985,45.731102537297396,0.0,65.61968752705036,11765.130743989754,12,811,0.5833333333333334,0.0,5.5,129.0,btc
2026-09-25 14:00:00+00:00,12,0xd4fa2e10c74ab94bc23414989a516b07386ddcc8,quantbarbie,Clueless-Lime,9.126463011171097,65.04177046146599,5.3933800000000005,55.91530745029491,11081.367585988828,12,1259,0.5833333333333334,0.018064557324706892,6.0,152.0,btc
2026-09-25 14:00:00+00:00,13,0xce25e214d5cfe4f459cf67f08df581885aae7fdc,0xcE25E214D5cfE4f459cf67F08DF581885AAE7Fdc-1777575398144,Agile-Spacing,272.9145230301964,273.2805980963967,287.60295,0.366075066200281,10489.912027969804,47,1011,0.5531914893617021,0.9908494596766816,15.0,129.0,"btc,eth,sol"
2026-09-25 14:00:00+00:00,14,0x8bf4e27a45614d084e9b90bd6bc489c866a811d8,Paulkao1982,Caring-Adobe,314.0290090155768,314.0290090155768,22.12928,0.0,10399.723684984423,6,19,1.0,1.0,187.5,189.0,btc
2026-09-25 14:00:00+00:00,15,0x55aeeb3eb4e8cc0da6d9e4939caf533bf6c3f5df,animal00,Artistic-Design,-23.222052999999423,-20.81666720708162,3.21967,2.4053857929178077,10019.162382999999,12,260,0.4166666666666667,0.4590733161291254,223.0,225.0,btc
2026-09-25 14:00:00+00:00,16,0x3048d65321be3497164cdfc2996f94f98a2e7537,x-MoneyForWhiskas,Flashy-Gold,271.99201899462867,290.8282751543532,223.33659,18.83625615972457,9954.078523005372,12,832,0.5833333333333334,0.689367668151526,5.5,113.0,btc
2026-09-25 14:00:00+00:00,17,0xf27d40745542dc871e127acff3a1c9d3910d9a88,0xF27d40745542Dc871e127acFf3A1c9D3910d9a88-1775505016568,Extra-Small-Implement,147.0800899920001,147.7541379291933,7.23621,0.6740479371931853,9894.543700008,10,81,1.0,0.62949101937899,224.0,228.0,btc
2026-09-25 14:00:00+00:00,18,0x0cb038487586d1119b165466072e9baf666f3a90,,,-476.59024099719284,-449.931640818524,82.26117,26.658600178668777,9513.107676994758,16,553,0.625,0.3277640601655217,9.5,125.0,btc
2026-09-25 14:00:00+00:00,19,0x322b2e7c44237c9fed01d534cd1c96687d52aa0c,yguaihdkjls,Gloomy-Drawing,190.0463190046986,235.57150631435204,0.0,45.52518730965341,9456.234926995301,12,1007,0.6666666666666666,0.0,8.0,149.0,btc
2026-09-25 14:00:00+00:00,20,0xee65685de42f8de9a03b4c53ee77d56a20d2cfc9,0x50f7,Haunting-Cheese,22.341443999476667,24.135434522443024,0.00521,1.793990522966351,8744.893346000523,17,81,0.5294117647058824,0.008503884159320376,222.0,213.0,"btc,eth,sol"
2026-09-25 15:00:00+00:00,1,0x21f4c1a1be34a39a7bc20985df4b7e5a39fb691d,CrouchPredictions,Vague-Hourglass,309.629111001759,363.6871320879659,163.3927,54.0580210862069,20046.32100999824,12,1525,0.5,0.36072037773859744,5.0,173.0,btc
2026-09-25 15:00:00+00:00,2,0xb1d30490fa2ec8dc55591e8c71d3d64b6e0fc279,hoodquant,Tender-Affidavit,238.92245600000024,240.69621793294542,8.14262,1.7737619329451564,17870.160654,28,206,1.0,0.5554851881971223,248.5,240.0,"btc,eth,sol"
2026-09-25 15:00:00+00:00,3,0x8bf4e27a45614d084e9b90bd6bc489c866a811d8,Paulkao1982,Caring-Adobe,852.8113240783524,852.8113240783524,58.4568,0.0,17399.893156921647,10,29,1.0,1.0,201.0,216.0,btc
2026-09-25 15:00:00+00:00,4,0xce25e214d5cfe4f459cf67f08df581885aae7fdc,0xcE25E214D5cfE4f459cf67F08DF581885AAE7Fdc-1777575398144,Agile-Spacing,-429.38427500324264,-428.6943487327269,406.45375,0.6899262705157624,15535.440165003243,48,1316,0.4583333333333333,0.9931246157903915,15.0,155.0,"btc,eth,sol"
2026-09-25 15:00:00+00:00,5,0xf27d40745542dc871e127acff3a1c9d3910d9a88,0xF27d40745542Dc871e127acFf3A1c9D3910d9a88-1775505016568,Extra-Small-Implement,169.5589500000002,170.1277725478558,9.48105,0.5688225478556084,12214.96,9,86,1.0,0.7110908099576257,222.0,230.5,btc
2026-09-25 15:00:00+00:00,6,0xb55fa1296e6ec55d0ce53d93b9237389f11764d4,0xb55fa1296E6ec55D0cE53d93B9237389f11764d4-1777575277609,Lively-Authenticity,-324.8116600332006,-320.144483644811,255.85038,4.6671763883896995,11004.362672033201,46,942,0.45652173913043476,0.9217387092132245,21.0,161.5,"btc,eth,sol"
2026-09-25 15:00:00+00:00,7,0x4c9497941333332d29f1c235dd23200f3623ffad,,,-427.8961690179117,-365.30494979484445,0.0,62.59121922306726,10724.751205017912,12,817,0.4166666666666667,0.0,5.0,146.0,btc
2026-09-25 15:00:00+00:00,8,0x55aeeb3eb4e8cc0da6d9e4939caf533bf6c3f5df,animal00,Artistic-Design,-18.119970000000222,-15.749058846821118,3.7849899999999996,2.3709111531791054,10580.09498,12,261,0.25,0.511066536758066,230.5,236.0,btc
2026-09-25 15:00:00+00:00,9,0xe114e5ca2d8c47baed151a71fd8eeb143047c208,cash-pony,Unimportant-Steward,-423.55427200232424,-373.3832264248257,0.0,50.17104557749852,10113.065205004617,8,996,0.375,0.0,14.5,110.0,btc
2026-09-25 15:00:00+00:00,10,0x94463d93504c83310605800d63897e53e9c4bcaa,eason1024,Difficult-Boyfriend-Junker,-752.7916999979522,-752.7916999979522,109.65959,0.0,9298.853295017852,11,80,0.6363636363636364,1.0,147.0,162.5,btc
2026-09-25 15:00:00+00:00,11,0xd4fa2e10c74ab94bc23414989a516b07386ddcc8,quantbarbie,Clueless-Lime,60.988080007960775,110.59748085441906,0.13769,49.609400846458286,9287.567158992038,12,1161,0.5833333333333334,0.0002407088919965603,8.0,159.0,btc
2026-09-25 15:00:00+00:00,12,0xefd1144fefbeaa6f181392a9ef73c2d5e275c520,benzeau,Marvelous-Installation,817.8354488573464,817.8354488573464,248.18872,0.0,8426.004000093244,10,28,0.7,1.0,20.5,124.0,btc
2026-09-25 15:00:00+00:00,13,0x9e3ed7b661a903fc97afcf49e0f014ebe869f882,0x9e3ed7b661a903fc97afcf49e0f014ebe869f882-1783406009396,Favorable-Pepper-Brushing,1054.9248158784976,1054.9248158784976,242.34414,0.0,8028.661120194589,24,92,0.5416666666666666,1.0,37.0,133.0,"btc,eth,sol"
2026-09-25 15:00:00+00:00,14,0x18fb57a28fa3ab37adcdb22d104ab236d7db0e9f,0xe6a2b584067ce5460301a79d2c9356A3eC1f461d-1771641048535,Disloyal-Twister,144.81051191235323,144.81051191235323,32.04533,0.0,8014.204881096222,12,15,0.9166666666666666,1.0,208.0,207.0,btc
2026-09-25 15:00:00+00:00,15,0x5b6331e7ff0831a3fe2ed12004747db1a9c911a4,neutralwave23,Monstrous-Dew,-4343.769427044468,-4343.769427044468,169.49143,0.0,8002.527040981156,29,55,0.4482758620689655,1.0,23.0,59.0,"btc,eth,sol"
2026-09-25 15:00:00+00:00,16,0x322b2e7c44237c9fed01d534cd1c96687d52aa0c,yguaihdkjls,Gloomy-Drawing,141.26637200408194,183.7519605192881,0.0,42.48558851520616,7998.980336995918,12,931,0.4166666666666667,0.0,6.0,165.0,btc
2026-09-25 15:00:00+00:00,17,0x9d57c42e847173d06841703825d3fe2299e456ea,Polkadot-Frog,Supportive-Matchmaker,-270.6095770033546,-235.69560613702612,37.12993,34.913970866328526,7863.3647570033545,32,1457,0.375,0.21883504748643645,28.0,162.0,"btc,eth"
2026-09-25 15:00:00+00:00,18,0xaa1a4f31c010d4a63fc49770d4ca2d69ea370602,hdueilqhsdn,Downright-Scheduling,208.48967699615568,246.71795254698512,0.0,38.228275550829466,7859.981147003844,12,854,0.5833333333333334,0.0,6.0,164.0,btc
2026-09-25 15:00:00+00:00,19,0x0cb038487586d1119b165466072e9baf666f3a90,,,-1335.2763509866757,-1307.8525086285194,63.63605,27.423842358156342,7321.006522991089,16,618,0.375,0.3202065990013517,8.5,164.0,btc
2026-09-25 15:00:00+00:00,20,0xeba7be146396301075344bb2d477f2ffdba92d1f,0xEba7BE146396301O75344Bb2D477f2fFDba92dlf,Adventurous-Parole,72.60289999999998,73.60925808529673,0.0,1.006358085296755,7187.6871,8,50,1.0,0.0,235.0,233.0,btc
2026-09-25 16:00:00+00:00,1,0xa697d0b3fff7d285a0f92d6ee03a7f97809e59d5,0xa697d0b3FFf7D285a0F92d6Ee03a7f97809E59d5-1774326306031,Zealous-Violence,29.03399999999965,29.44010532637153,0.0,0.40610532637187996,29004.966,1,1,1.0,0.0,320.0,320.0,btc
2026-09-25 16:00:00+00:00,2,0xa7614974faca5be9a1b809c978d0a8fc532a866b,0xA7614974FAca5Be9A1b809c978d0A8FC532a866B-1777736641378,Humongous-Fly,21.5,21.800725512054676,0.0,0.30072551205467446,21478.5,1,1,1.0,0.0,320.0,320.0,btc
2026-09-25 16:00:00+00:00,3,0xee65685de42f8de9a03b4c53ee77d56a20d2cfc9,0x50f7,Haunting-Cheese,-7.044099999970206,-5.418922468427559,0.15306000000000003,1.6251775315426467,20726.981039999973,21,122,0.5238095238095238,0.011757692040615688,245.0,230.0,"btc,eth,sol"
2026-09-25 16:00:00+00:00,4,0x8bf4e27a45614d084e9b90bd6bc489c866a811d8,Paulkao1982,Caring-Adobe,-260.2816018888267,-260.2816018888267,75.51281,0.0,20499.937306888827,12,35,0.8333333333333334,1.0,197.5,206.0,btc
2026-09-25 16:00:00+00:00,5,0xd2d7b600763aac780bbbf44f25a17f5860a482e2,punyapple,Unsightly-Holder,20.448169999999664,20.7341748184213,0.0,0.28600481842163883,20427.72183,1,7,1.0,0.0,336.0,350.0,btc
2026-09-25 16:00:00+00:00,6,0x3048d65321be3497164cdfc2996f94f98a2e7537,x-MoneyForWhiskas,Flashy-Gold,-1068.937441993019,-1060.4111283939487,431.43805,8.526313599070397,15714.84430499302,12,1039,0.16666666666666666,0.9130073147107072,7.0,129.0,btc
2026-09-25 16:00:00+00:00,7,0x21f4c1a1be34a39a7bc20985df4b7e5a39fb691d,CrouchPredictions,Vague-Hourglass,334.6259449974675,365.4952323315344,124.03791,30.869287334066918,14603.819109002532,11,944,0.7272727272727273,0.4086702218412676,6.0,158.0,btc
2026-09-25 16:00:00+00:00,8,0xefd1144fefbeaa6f181392a9ef73c2d5e275c520,benzeau,Marvelous-Installation,-1058.8289098095809,-1058.8289098095809,449.67063,0.0,14426.451184808398,12,46,0.4166666666666667,1.0,52.0,169.0,btc
2026-09-25 16:00:00+00:00,9,0x18fb57a28fa3ab37adcdb22d104ab236d7db0e9f,0xe6a2b584067ce5460301a79d2c9356A3eC1f461d-1771641048535,Disloyal-Twister,-1735.69433491745,-1735.69433491745,30.27301,0.0,11874.639008917451,10,14,0.8,1.0,190.0,190.0,btc
2026-09-25 16:00:00+00:00,10,0x9d57c42e847173d06841703825d3fe2299e456ea,Polkadot-Frog,Supportive-Matchmaker,405.3856320052686,442.9338433543021,51.1971,37.548211349033515,11611.01976299473,30,1583,0.4666666666666667,0.3023398695079452,31.0,188.0,"btc,eth"
2026-09-25 16:00:00+00:00,11,0x0cb038487586d1119b165466072e9baf666f3a90,,,140.89196203563915,171.8162910215529,153.63312,30.92432898591372,11515.597582999972,16,674,0.375,0.40240504816215533,9.0,188.0,btc
2026-09-25 16:00:00+00:00,12,0xb55fa1296e6ec55d0ce53d93b9237389f11764d4,0xb55fa1296E6ec55D0cE53d93B9237389f11764d4-1777575277609,Lively-Authenticity,427.8458329910551,429.6122568481333,274.87383,1.7664238570781823,11163.078516008945,31,641,0.5806451612903226,0.9719566373602953,15.0,129.0,"btc,eth,sol"
2026-09-25 16:00:00+00:00,13,0xb1d30490fa2ec8dc55591e8c71d3d64b6e0fc279,hoodquant,Tender-Affidavit,123.07491100060106,123.87458246100702,5.45839,0.7996714604059616,11123.110779999399,18,82,0.9444444444444444,0.5402495756677813,257.5,267.0,"btc,eth,sol"
2026-09-25 16:00:00+00:00,14,0xce25e214d5cfe4f459cf67f08df581885aae7fdc,0xcE25E214D5cfE4f459cf67F08DF581885AAE7Fdc-1777575398144,Agile-Spacing,264.00976200510513,266.45317033919866,253.78913,2.4434083340935637,10362.506441994894,47,965,0.6382978723404256,0.9651630243106654,14.0,165.0,"btc,eth,sol"
2026-09-25 16:00:00+00:00,15,0xc5b6abab6e13d8d067078438a05b280dde573740,p4p4tr33,Leafy-Plough,12.861400000000003,13.01513060901518,0.1386,0.1537306090151762,10287.0,4,13,1.0,0.019247594050743656,267.5,269.0,btc
2026-09-25 16:00:00+00:00,16,0x2277c18fb73d4cfbd61384be80ef9339a9496604,EVPLUS.AI,Bright-Jasmine,30.91511999999914,31.165737105826533,0.57478,0.25061710582739327,10072.8001,6,38,1.0,0.022528869603994226,302.5,320.0,"btc,eth,sol"
2026-09-25 16:00:00+00:00,17,0xd4fa2e10c74ab94bc23414989a516b07386ddcc8,quantbarbie,Clueless-Lime,-104.1417250022248,-49.21622444506407,0.68822,54.92550055716072,10010.408455002223,12,1315,0.5,0.0029149659707699963,6.0,174.0,btc
2026-09-25 16:00:00+00:00,18,0x4c9497941333332d29f1c235dd23200f3623ffad,,,207.7075969891257,260.20024884002777,0.0,52.49265185090206,10000.573222010875,12,747,0.6666666666666666,0.0,6.5,147.0,btc
2026-09-25 16:00:00+00:00,19,0x322b2e7c44237c9fed01d534cd1c96687d52aa0c,yguaihdkjls,Gloomy-Drawing,129.73614799735557,173.02674274100534,0.0,43.29059474364977,8968.519364002645,12,1025,0.5833333333333334,0.0,8.0,177.0,btc
2026-09-25 16:00:00+00:00,20,0x2dad1d7d34bafd498bacc8ce6238595f18092efc,V612,Empty-Spoon,90.21240000000047,91.46316841089292,0.0,1.250768410892445,8931.0276,4,28,1.0,0.0,278.5,293.0,btc
2026-09-25 17:00:00+00:00,1,0xb55fa1296e6ec55d0ce53d93b9237389f11764d4,0xb55fa1296E6ec55D0cE53d93B9237389f11764d4-1777575277609,Lively-Authenticity,1119.7898369575944,1122.7151622992574,448.29428,2.925325341662975,15033.746299042406,47,722,0.44680851063829785,0.9783954827666517,15.0,157.5,"btc,eth,sol"
2026-09-25 17:00:00+00:00,2,0x55aeeb3eb4e8cc0da6d9e4939caf533bf6c3f5df,animal00,Artistic-Design,965.9430289999997,968.5471506282593,2.83669,2.604121628259617,9912.487081,12,286,0.25,0.4088193474438487,227.0,227.0,btc
2026-09-25 17:00:00+00:00,3,0x9d57c42e847173d06841703825d3fe2299e456ea,Polkadot-Frog,Supportive-Matchmaker,-3.9979089982029663,20.74719103374199,52.1158,24.74510003194495,9460.1963589982,30,1474,0.5,0.33475813607078875,23.5,189.0,"btc,eth"
2026-09-25 17:00:00+00:00,4,0xfc369971792d08e095da0f6fdb23fa927c60ce29,gesinimen,Gullible-Percentage,-404.9536000014417,-404.73312933826253,5.8825,0.22047066317917013,9090.841100001442,16,47,0.9375,0.8267867205379104,230.5,234.0,"btc,eth,sol"
2026-09-25 17:00:00+00:00,5,0x0cb038487586d1119b165466072e9baf666f3a90,,,-78.6208270176878,-55.845462677390785,109.63204999999999,22.77536434029701,8856.619113005007,16,603,0.4375,0.4420874771816052,7.0,167.0,btc
2026-09-25 17:00:00+00:00,6,0x3048d65321be3497164cdfc2996f94f98a2e7537,x-MoneyForWhiskas,Flashy-Gold,-20.19310300230356,-9.82393182769675,192.0486,10.369171174606818,8272.122692002304,12,662,0.3333333333333333,0.7927016733373897,6.0,117.0,btc
2026-09-25 17:00:00+00:00,7,0x322b2e7c44237c9fed01d534cd1c96687d52aa0c,yguaihdkjls,Gloomy-Drawing,87.75617398920969,124.59405681447168,0.0,36.83788282526199,7845.053673010791,12,963,0.5,0.0,8.0,179.0,btc
2026-09-25 17:00:00+00:00,8,0x4c9497941333332d29f1c235dd23200f3623ffad,,,175.77205801621585,216.89724119075018,0.0,41.125183174534314,7786.8646349837845,12,610,0.5833333333333334,0.0,10.0,133.0,btc
2026-09-25 17:00:00+00:00,9,0x04714bc0feb1dc76688370dc363e6166f9807225,lyfanshen,Famous-Algebra-Shirt,350.96978505400796,350.96978505400796,83.73815,0.0,7634.656973929432,8,24,0.875,1.0,107.0,181.0,btc
2026-09-25 17:00:00+00:00,10,0x21e38bf9e464ad267172161489a9727be8a3feb2,Letsrock,Knowing-Snowman,-1247.2439339970415,-1244.7049467054762,255.24081,2.538987291565301,7235.50449997295,13,62,0.3076923076923077,0.8680910778235917,33.0,117.0,btc
2026-09-25 17:00:00+00:00,11,0xaa1a4f31c010d4a63fc49770d4ca2d69ea370602,hdueilqhsdn,Downright-Scheduling,-141.46603799721433,-110.74712913441795,0.0,30.718908862796383,6568.846269997214,12,692,0.4166666666666667,0.0,7.0,170.0,btc
2026-09-25 17:00:00+00:00,12,0x8bf4e27a45614d084e9b90bd6bc489c866a811d8,Paulkao1982,Caring-Adobe,-4009.6460010111327,-4009.6460010111327,8.52802,0.0,5825.484031011133,3,15,0.3333333333333333,1.0,131.0,206.0,btc
2026-09-25 17:00:00+00:00,13,0x41e2e1ccf1e4940029af02259a31c6b89b9fa354,norm1e69,Improbable-Harmonica,-317.4970799969739,-315.56484388202426,119.90597,1.9322361149496015,5553.9919679969735,38,399,0.2631578947368421,0.9325279058453869,29.5,179.0,"btc,eth,sol"
2026-09-25 17:00:00+00:00,14,0x1c2e2715577b2201b05737b59a3771fcf030d554,PANYUNTAO,Similar-Balcony,-136.77150099817334,-136.77150099817334,79.39341,0.0,5326.987281019903,11,62,0.5454545454545454,1.0,-3.0,93.0,btc
2026-09-25 17:00:00+00:00,15,0xd4fa2e10c74ab94bc23414989a516b07386ddcc8,quantbarbie,Clueless-Lime,-319.19862800182653,-293.4792813002249,0.62283,25.719346701601673,5324.405882001826,7,648,0.42857142857142855,0.0024710926048059473,8.0,164.0,btc
2026-09-25 17:00:00+00:00,16,0x5e4aa0f176014729f5168e821ce614484fbebe6b,THG.,Illiterate-Pod,-576.2066900068,-576.1780591600732,4.85909,0.028630846726833897,5234.3476000068,9,16,0.8888888888888888,0.9609322086290687,246.0,258.0,btc
2026-09-25 17:00:00+00:00,17,0xc53375ff94e96100f2b30a4b5775db35218d69a9,dangerously-skip-permissions,Lone-Easel-Election,-3.6308470015166563,1.0384069426489901,126.99089,4.669253944165662,4958.611570001516,12,344,0.4166666666666667,0.8383466704970305,9.0,124.5,btc
2026-09-25 17:00:00+00:00,18,0x239e726f1f4131ca78a7e5abf1fec86bfc151c10,EZTRADENL2,Fluid-Boy-Catamaran,215.42317900586067,234.5867776515675,17.84743,19.16359864570683,4908.462468994139,12,382,0.8333333333333334,0.11803262297664553,14.5,208.0,btc
2026-09-25 17:00:00+00:00,19,0xc5e6250906f3a43348374632092a64ee2cf22d79,peipeipei,Embellished-Doorknob,-567.3608930104022,-562.8646530812008,51.679880000000004,4.496239929201333,4839.878052981881,5,123,0.6,0.5790628925598866,89.0,239.0,btc
2026-09-25 17:00:00+00:00,20,0x31393e2f8333d4a6e2e31ca6424defe8b6cb9e2e,hot-garbage,Wooden-Hearsay,278.3125539980969,294.4000054202864,32.33178,16.087451422189492,4801.856346001903,24,814,0.75,0.28545081344202644,9.0,89.0,"btc,eth"
2026-09-25 18:00:00+00:00,1,0x21f4c1a1be34a39a7bc20985df4b7e5a39fb691d,CrouchPredictions,Vague-Hourglass,-438.01489898161253,-390.77163690198773,177.00575,47.24326207962477,19510.666603981612,13,1455,0.3076923076923077,0.40488966637285606,9.0,189.0,btc
2026-09-25 18:00:00+00:00,2,0x0cb038487586d1119b165466072e9baf666f3a90,,,-858.3044539738885,-826.7730281018786,328.82025,31.531425872009848,16499.494994922803,16,809,0.3125,0.6336843522274215,8.0,183.0,btc
2026-09-25 18:00:00+00:00,3,0xb55fa1296e6ec55d0ce53d93b9237389f11764d4,0xb55fa1296E6ec55D0cE53d93B9237389f11764d4-1777575277609,Lively-Authenticity,-1299.4397649977168,-1296.387899548641,362.11687,3.0518654490758292,12855.645787997717,46,835,0.32608695652173914,0.9699917312315427,21.0,170.0,"btc,eth,sol"
2026-09-25 18:00:00+00:00,4,0x6f8bfc48625a6d2adde508abad216ca33110a588,Sufix,Warmhearted-Crow,1150.786375070604,1162.343536660792,339.30015,11.557161590188256,11948.303467964242,7,98,0.5714285714285714,0.8937809228400118,168.0,177.0,btc
2026-09-25 18:00:00+00:00,5,0x04714bc0feb1dc76688370dc363e6166f9807225,lyfanshen,Famous-Algebra-Shirt,519.0100909692576,519.0100909692576,89.99077,0.0,8808.967390028227,12,26,0.9166666666666666,1.0,152.0,199.5,btc
2026-09-25 18:00:00+00:00,6,0x48ac40fc545cf327edd5365435c3a9f385614a7e,BoneOhio,Warlike-Fallingout,100.25259999819437,100.84653739173302,4.0859000000000005,0.5939373935386619,8641.151500001806,9,62,1.0,0.5091296918010159,203.0,288.0,"btc,eth,sol"
2026-09-25 18:00:00+00:00,7,0x41e2e1ccf1e4940029af02259a31c6b89b9fa354,norm1e69,Improbable-Harmonica,-136.08354499231126,-135.20985680882802,192.62316,0.8736881834832259,8482.985148992311,39,605,0.48717948717948717,0.9792382574169154,26.0,192.0,"btc,eth,sol"
2026-09-25 18:00:00+00:00,8,0x4c9497941333332d29f1c235dd23200f3623ffad,,,-110.45541799383733,-70.1365793478206,0.0,40.31883864601673,8039.040789993837,12,647,0.5,0.0,10.0,122.0,btc
2026-09-25 18:00:00+00:00,9,0x3048d65321be3497164cdfc2996f94f98a2e7537,x-MoneyForWhiskas,Flashy-Gold,-186.96221000519893,-178.3210342507157,203.53703000000002,8.641175754483218,7904.931717005199,12,643,0.3333333333333333,0.815630119376787,9.0,107.0,btc
2026-09-25 18:00:00+00:00,10,0xfc369971792d08e095da0f6fdb23fa927c60ce29,gesinimen,Gullible-Percentage,67.37198000000012,67.48978031327222,4.383719999999999,0.11780031327209303,7103.8143,14,28,1.0,0.8815634158680077,238.5,241.0,"btc,eth,sol"
2026-09-25 18:00:00+00:00,11,0xce25e214d5cfe4f459cf67f08df581885aae7fdc,0xcE25E214D5cfE4f459cf67F08DF581885AAE7Fdc-1777575398144,Agile-Spacing,-487.45402398255493,-483.877179885876,181.7124,3.576844096678946,7088.703013982555,35,677,0.37142857142857144,0.8965237597693085,29.0,168.0,"btc,eth,sol"
2026-09-25 18:00:00+00:00,12,0x322b2e7c44237c9fed01d534cd1c96687d52aa0c,yguaihdkjls,Gloomy-Drawing,-20.630235984145088,11.836927018597954,0.0,32.46716300274304,7074.064039984145,11,923,0.6363636363636364,0.0,9.0,158.0,btc
2026-09-25 18:00:00+00:00,13,0x9d57c42e847173d06841703825d3fe2299e456ea,Polkadot-Frog,Supportive-Matchmaker,-276.45485699643837,-253.09470112370764,33.57758,23.36015587273073,7061.148564996438,29,1311,0.3793103448275862,0.26657855767691946,38.0,165.0,"btc,eth"
2026-09-25 18:00:00+00:00,14,0xaa1a4f31c010d4a63fc49770d4ca2d69ea370602,hdueilqhsdn,Downright-Scheduling,-126.85526300180791,-96.47819312238967,0.0,30.37706987941824,6895.996202001807,12,797,0.3333333333333333,0.0,8.0,171.0,btc
2026-09-25 18:00:00+00:00,15,0x31393e2f8333d4a6e2e31ca6424defe8b6cb9e2e,hot-garbage,Wooden-Hearsay,-397.2497339965902,-374.76875117820987,51.6147,22.480982818380298,6637.59095999659,24,1159,0.5833333333333334,0.3172154495037883,11.5,110.0,"btc,eth"
2026-09-25 18:00:00+00:00,16,0x55aeeb3eb4e8cc0da6d9e4939caf533bf6c3f5df,animal00,Artistic-Design,-63.995499999999964,-62.30060611979901,4.0002699999999995,1.6948938802009432,6059.99523,12,181,0.0,0.9430165838595881,247.0,249.0,btc
2026-09-25 18:00:00+00:00,17,0xbf1af4eaa64ecc3aafff7a64d32fce6136ba83ea,BryanOlivera16,Full-Settler,-1112.0651457696317,-1112.0651457696317,150.74763,0.0,6038.67349799356,2,5,0.5,1.0,174.0,389.0,btc
2026-09-25 18:00:00+00:00,18,0xf2086f01a60d6f31c64bf32cec920a7f483e314e,spacezeus,Rotten-Congregation,804.4086129675977,804.4086129675977,75.66266,0.0,5914.0431300301625,11,56,0.7272727272727273,1.0,38.0,125.0,btc
2026-09-25 18:00:00+00:00,19,0x7e5d2991c2647de2348287e2f499329fc6a6c4c3,aswfadq1555,Big-Hearted-Warning-Fingernail,405.95441801109587,437.966837431074,19.50205,32.012419419978094,5912.515354988904,8,374,0.625,0.10669776941223097,31.5,557.5,"btc,eth"
2026-09-25 18:00:00+00:00,20,0x5e4aa0f176014729f5168e821ce614484fbebe6b,THG.,Illiterate-Pod,74.82140999379999,74.82140999379999,5.54119,0.0,5817.637400006201,10,10,1.0,1.0,237.0,237.0,btc
2026-09-25 19:00:00+00:00,1,0x48ac40fc545cf327edd5365435c3a9f385614a7e,BoneOhio,Warlike-Fallingout,351.2203230013331,352.41065643474343,20.35911,1.1903334334103248,32884.223898998665,28,145,0.9642857142857143,0.7414679748528633,247.0,257.0,"btc,eth,sol"
2026-09-25 19:00:00+00:00,2,0xb55fa1296e6ec55d0ce53d93b9237389f11764d4,0xb55fa1296E6ec55D0cE53d93B9237389f11764d4-1777575277609,Lively-Authenticity,142.60864704229687,143.77545549811606,390.78118,1.166808455819218,17086.760019957703,45,596,0.6444444444444445,0.988690503537544,18.0,155.0,"btc,eth,sol"
2026-09-25 19:00:00+00:00,3,0x0cb038487586d1119b165466072e9baf666f3a90,,,80.53936202163058,109.79229899689065,245.05454,29.252936975260088,14548.122677001915,16,748,0.4375,0.5547883239095642,11.5,171.0,btc
2026-09-25 19:00:00+00:00,4,0x9d57c42e847173d06841703825d3fe2299e456ea,Polkadot-Frog,Supportive-Matchmaker,85.39643601466426,121.13566133297294,49.03143,35.73922531830869,12064.194107985335,28,2063,0.5357142857142857,0.23145484687922352,27.5,185.0,"btc,eth"
2026-09-25 19:00:00+00:00,5,0xce25e214d5cfe4f459cf67f08df581885aae7fdc,0xcE25E214D5cfE4f459cf67F08DF581885AAE7Fdc-1777575398144,Agile-Spacing,-63.16565597975778,-61.71209738692293,259.6494,1.453558592834854,10946.193522979758,47,836,0.5106382978723404,0.9800031107123897,18.0,170.0,"btc,eth,sol"
2026-09-25 19:00:00+00:00,6,0xf2086f01a60d6f31c64bf32cec920a7f483e314e,spacezeus,Rotten-Congregation,-4355.82275092187,-4355.82275092187,159.18610999999999,0.0,10449.741501921868,11,63,0.5454545454545454,1.0,27.0,135.0,btc
2026-09-25 19:00:00+00:00,7,0xbc61e8b850e011e4f01f60f5a0fa309fb0b9792f,oracle65,Bite-Sized-Prostacyclin,-569.484116980822,-562.4431323905277,233.32694,7.040984590294307,9491.094500057397,9,88,0.6666666666666666,0.8546595337357523,-39.0,442.0,btc
2026-09-25 19:00:00+00:00,8,0x8ec422e3b8d0c4b86b57c97074d5fff43e0854f2,maroon6jdjdjdj,Accomplished-Landing,-9502.511451312374,-9460.600455776415,86.48235,41.91099553595966,9416.029101312375,2,85,0.0,0.28881493153017357,7.0,3.0,btc
2026-09-25 19:00:00+00:00,9,0x04714bc0feb1dc76688370dc363e6166f9807225,lyfanshen,Famous-Algebra-Shirt,346.1512730776735,346.1512730776735,109.97492,0.0,8456.091576002831,8,22,0.75,1.0,79.0,162.0,btc
2026-09-25 19:00:00+00:00,10,0x4c9497941333332d29f1c235dd23200f3623ffad,,,-146.32622197182667,-107.66515026485541,0.0,38.66107170697121,8091.382558971827,12,592,0.5833333333333334,0.0,5.5,119.5,btc
2026-09-25 19:00:00+00:00,11,0xfc369971792d08e095da0f6fdb23fa927c60ce29,gesinimen,Gullible-Percentage,115.16467000000021,115.30695080411896,7.67853,0.14228080411874522,7961.9367999999995,14,19,1.0,0.8723608557154083,226.0,228.0,"btc,eth,sol"
2026-09-25 19:00:00+00:00,12,0x322b2e7c44237c9fed01d534cd1c96687d52aa0c,yguaihdkjls,Gloomy-Drawing,-194.58469699960636,-162.6809308844157,0.0,31.90376611519068,7157.023441999607,12,868,0.5,0.0,10.0,155.0,btc
2026-09-25 19:00:00+00:00,13,0x41e2e1ccf1e4940029af02259a31c6b89b9fa354,norm1e69,Improbable-Harmonica,63.58727700367037,64.92682124501268,164.57283999999999,1.3395442413423027,7046.618852996329,39,553,0.38461538461538464,0.9704071045491721,18.0,162.0,"btc,eth,sol"
2026-09-25 19:00:00+00:00,14,0xee65685de42f8de9a03b4c53ee77d56a20d2cfc9,0x50f7,Haunting-Cheese,-264.1805679982292,-259.9088407335202,0.00271,4.271727264708968,6938.52785799823,19,235,0.47368421052631576,0.005570534671190458,225.0,213.0,"btc,eth,sol"
2026-09-25 19:00:00+00:00,15,0x3048d65321be3497164cdfc2996f94f98a2e7537,x-MoneyForWhiskas,Flashy-Gold,130.87862100840096,139.11396169206958,162.80821,8.23534068366861,6382.953908991599,12,547,0.3333333333333333,0.7929852968015936,7.0,107.0,btc
2026-09-25 19:00:00+00:00,16,0x21f4c1a1be34a39a7bc20985df4b7e5a39fb691d,CrouchPredictions,Vague-Hourglass,-138.30174899102002,-126.82086765219407,98.69994,11.48088133882596,6371.19207799102,5,452,0.2,0.5928154501954451,8.0,501.5,btc
2026-09-25 19:00:00+00:00,17,0xbf1af4eaa64ecc3aafff7a64d32fce6136ba83ea,BryanOlivera16,Full-Settler,208.17788004459993,208.17788004459993,136.5998,0.0,6344.759499117128,3,8,0.6666666666666666,1.0,38.0,231.0,btc
2026-09-25 19:00:00+00:00,18,0x55aeeb3eb4e8cc0da6d9e4939caf533bf6c3f5df,animal00,Artistic-Design,-58.85852300000001,-56.48329858634756,0.72728,2.375224413652452,6194.321243,12,216,0.25,0.15974308744774926,232.0,239.0,btc
2026-09-25 19:00:00+00:00,19,0xaa1a4f31c010d4a63fc49770d4ca2d69ea370602,hdueilqhsdn,Downright-Scheduling,12.193434996723596,37.911167345869394,0.0,25.7177323491458,6057.836609003276,12,679,0.4166666666666667,0.0,10.0,173.0,btc
2026-09-25 19:00:00+00:00,20,0x5e4aa0f176014729f5168e821ce614484fbebe6b,THG.,Illiterate-Pod,75.95544996319995,75.95544996319995,5.622870000000001,0.0,5892.4216800368,10,10,1.0,1.0,229.0,229.0,btc
2026-09-25 20:00:00+00:00,1,0xf2086f01a60d6f31c64bf32cec920a7f483e314e,spacezeus,Rotten-Congregation,1182.7409170028284,1182.7409170028284,361.05169,0.0,30333.37657496331,16,97,0.625,1.0,81.0,137.0,"btc,eth,sol"
2026-09-25 20:00:00+00:00,2,0xee65685de42f8de9a03b4c53ee77d56a20d2cfc9,0x50f7,Haunting-Cheese,-69.94400099239813,-67.1091595383232,1.5965799999999999,2.834841454074924,26367.9074209924,18,155,0.5,0.11216850972580526,234.0,233.0,"btc,eth,sol"
2026-09-25 20:00:00+00:00,3,0x48ac40fc545cf327edd5365435c3a9f385614a7e,BoneOhio,Warlike-Fallingout,91.75771401566504,93.11729096934884,9.64535,1.3595769536837905,19406.848293984334,17,109,0.9411764705882353,0.4996816045081494,240.0,249.0,"btc,eth,sol"
2026-09-25 20:00:00+00:00,4,0xb55fa1296e6ec55d0ce53d93b9237389f11764d4,0xb55fa1296E6ec55D0cE53d93B9237389f11764d4-1777575277609,Lively-Authenticity,1513.2580460352515,1513.2580460352515,424.12218,0.0,18473.96884996475,48,580,0.7083333333333334,1.0,18.0,128.5,"btc,eth,sol"
2026-09-25 20:00:00+00:00,5,0x0cb038487586d1119b165466072e9baf666f3a90,,,-846.5453619540615,-815.7840274382602,233.72083999999998,30.76133451580133,13738.408134984787,16,647,0.5,0.534155298406515,10.0,156.0,btc
2026-09-25 20:00:00+00:00,6,0xce25e214d5cfe4f459cf67f08df581885aae7fdc,0xcE25E214D5cfE4f459cf67F08DF581885AAE7Fdc-1777575398144,Agile-Spacing,1181.5221079805995,1185.3359060022722,294.44477,3.813798021672768,12255.9684720194,47,928,0.723404255319149,0.9277895778680949,18.0,162.0,"btc,eth,sol"
2026-09-25 20:00:00+00:00,7,0x9d57c42e847173d06841703825d3fe2299e456ea,Polkadot-Frog,Supportive-Matchmaker,262.45311200872374,288.12703834086705,44.80119,25.673926332143346,11392.193553991276,29,1687,0.6551724137931034,0.31272711292258726,39.0,177.0,"btc,eth"
2026-09-25 20:00:00+00:00,8,0xfc369971792d08e095da0f6fdb23fa927c60ce29,gesinimen,Gullible-Percentage,-206.04140999999984,-205.66808047637318,4.86421,0.373329523626641,9606.2072,16,53,0.9375,0.7226555138223543,239.5,245.0,"btc,eth,sol"
2026-09-25 20:00:00+00:00,9,0x55aeeb3eb4e8cc0da6d9e4939caf533bf6c3f5df,animal00,Artistic-Design,-34.316848999999905,-31.77677842554552,1.67005,2.5400705744543868,8713.576799,12,204,0.16666666666666666,0.2676576397728723,242.0,262.0,btc
2026-09-25 20:00:00+00:00,10,0x4c9497941333332d29f1c235dd23200f3623ffad,,,476.77562400599743,512.8493048893789,0.0,36.07368088338151,8230.396079994003,12,573,0.6666666666666666,0.0,7.0,144.0,btc
2026-09-25 20:00:00+00:00,11,0xc5b6abab6e13d8d067078438a05b280dde573740,p4p4tr33,Leafy-Plough,9.722360000000208,9.858104191185824,0.0,0.13574419118561487,7912.63764,4,13,1.0,0.0,275.5,282.0,btc
2026-09-25 20:00:00+00:00,12,0x322b2e7c44237c9fed01d534cd1c96687d52aa0c,yguaihdkjls,Gloomy-Drawing,4.995731993796085,39.18530405472134,0.0,34.18957206092526,7858.067725006204,12,919,0.5,0.0,11.0,155.0,btc
2026-09-25 20:00:00+00:00,13,0x21f4c1a1be34a39a7bc20985df4b7e5a39fb691d,CrouchPredictions,Vague-Hourglass,158.35421400673658,168.44512496850422,54.05338,10.09091096176761,7290.160228993263,4,335,0.5,0.4564366852677272,26.0,537.0,btc
2026-09-25 20:00:00+00:00,14,0x41e2e1ccf1e4940029af02259a31c6b89b9fa354,norm1e69,Improbable-Harmonica,-3.423662995044938,-1.5096552158121126,148.39186999999998,1.9140077792327999,7263.247865995045,40,535,0.425,0.9524052087474905,20.0,168.0,"btc,eth,sol"
2026-09-25 20:00:00+00:00,15,0xaa1a4f31c010d4a63fc49770d4ca2d69ea370602,hdueilqhsdn,Downright-Scheduling,79.00159600450377,107.16333057647138,0.0,28.161734571967614,6509.245706995496,12,659,0.5833333333333334,0.0,10.0,159.0,btc
2026-09-25 20:00:00+00:00,16,0x2dad1d7d34bafd498bacc8ce6238595f18092efc,V612,Empty-Spoon,60.0,60.83170639056202,0.0,0.8317063905620204,5940.0,2,37,1.0,0.0,255.0,213.0,btc
2026-09-25 20:00:00+00:00,17,0xbc61e8b850e011e4f01f60f5a0fa309fb0b9792f,oracle65,Bite-Sized-Prostacyclin,-1038.5882079513751,-1038.2635395311718,166.94689,0.32466842020323716,5491.778997953201,12,24,0.5,0.9788891723350104,-75.0,26.5,btc
2026-09-25 20:00:00+00:00,18,0x5e4aa0f176014729f5168e821ce614484fbebe6b,THG.,Illiterate-Pod,57.213119983599995,57.213119983599995,4.25258,0.0,5371.5343000164,9,9,1.0,1.0,249.0,249.0,btc
2026-09-25 20:00:00+00:00,19,0x38783bea7c25350b261350585ad2b014cc9db416,letmeseewhatspringislike,Dear-Marker,62.736883998169944,62.833250520353346,61.38949,0.09636652218342631,5014.046433996588,17,70,0.8235294117647058,0.9313709985476065,96.0,196.0,"btc,eth"
2026-09-25 20:00:00+00:00,20,0x3725d52f3c252e8374999cc8617292ea2608ad88,almach,Rural-Wharf-Parable,-500.12553999047395,-479.30316928469716,12.572410000000001,20.822370705776848,4809.393306990474,23,166,0.30434782608695654,0.09083607268325525,39.0,170.0,"btc,eth,sol"
