hour,rank,wallet,name,pseudonym,pnl,pnl_incl_rebate,fees,rebate_est,volume,n_markets,n_trades,win_rate,taker_share,first_t_rel_median,t_rel_median,assets
2026-09-23 21:00:00+00:00,1,0x3c58ef422754ff22c7e806336feba0064d8b776b,antsaslyku,Periodic-Scrap,1031.936810981455,1033.7941033513966,130.4867,1.8572923699416406,4494.641300018545,41,383,0.6829268292682927,0.94211004112833,92.0,194.0,"btc,eth,sol"
2026-09-23 21:00:00+00:00,2,0xc2ad03f79ca3f3c17d8c7de2612ce0c89b7d40ed,bosona,Impolite-Sister,993.231874044576,1028.0015192413036,28.533929999999998,34.7696451967277,6197.718541955424,23,150,0.4782608695652174,0.14341430543705913,64.0,192.0,"btc,eth"
2026-09-23 21:00:00+00:00,3,0x32ed2e546b187ca15e2841edc82b22c713cf8ec3,mo-money,Amazing-Mail,966.2074879838506,1001.8480450932483,22.100450000000002,35.64055710939775,5976.700221016149,24,249,0.5,0.10240433305550165,54.0,212.0,"btc,eth,sol"
2026-09-23 21:00:00+00:00,4,0xc387c2a40d389f17b723b6bba9b18b7dbd2de4f4,flippingsharks,Ambitious-Membership,933.4232859922624,946.472193011395,0.0,13.04890701913253,2801.3989310077377,21,160,0.7142857142857143,0.0,166.0,200.0,"btc,eth"
2026-09-23 21:00:00+00:00,5,0xb4077d7ecb09e5478305fb0c71bc176a5eda252c,0xB4077D7ecB09E5478305fB0c71Bc176a5EDa252c-1772320937442,Expensive-Arrest,847.5685710306493,847.5685710306493,168.55292,0.0,11088.527184059587,7,71,0.5714285714285714,1.0,32.0,104.0,btc
2026-09-23 21:00:00+00:00,6,0x6d0194729138692c6db1ca949b54ed6567f17137,Lion1123,Regal-Virus-Smock,666.6682509814025,666.6682509814025,48.76833,0.0,1493.6872820004155,6,134,0.8333333333333334,1.0,35.5,95.0,btc
2026-09-23 21:00:00+00:00,7,0x4a86dfe0f05e34b133b29b7626368e78912c501e,komsa,Perfumed-Praise-Retrospective,637.1067833055745,637.1067833055745,763.49389,0.0,37192.50568564559,8,41,0.375,1.0,79.5,110.0,btc
2026-09-23 21:00:00+00:00,8,0xf3326d8fc30f7ed01bfade12c706cb52c397b1c0,0xf3326D8Fc30F7Ed01BfAde12c706cb52c397B1c0-1780211395335,Friendly-Diam,636.3817829976327,662.7135858039982,0.0,26.331802806365403,5820.2246070023675,11,181,0.6363636363636364,0.0,40.0,184.0,btc
2026-09-23 21:00:00+00:00,9,0x89b49405e761b7357398a8a2b91a9fbaa96f4f46,0x89B49405e761b7357398A8A2B91a9FBaA96F4F46-1770905549748,Pure-Light,630.6429999593887,630.6429999593887,88.11193,0.0,3328.935095040611,9,32,0.3333333333333333,1.0,8.0,-88.0,btc
2026-09-23 21:00:00+00:00,10,0xe8d68fd271ad704a55f9bb0e4fc6276ee9adc964,Little-big,Rubbery-Chiffonier,535.8723989965576,535.8723989965576,22.21998,0.0,602.9943000034424,12,22,0.9166666666666666,1.0,-14.5,-13.5,"btc,eth"
2026-09-23 21:00:00+00:00,11,0x04c0923c25151ae5b364aa7c093e71896da1b6a2,lkjhsdfowefh,Equal-Crayon-Subsidy,498.7945769916794,498.7945769916794,19.43662,0.0,599.9999990083206,3,3,1.0,1.0,44.0,44.0,btc
2026-09-23 21:00:00+00:00,12,0x3725d52f3c252e8374999cc8617292ea2608ad88,almach,Rural-Wharf-Parable,482.24339101313296,518.1453468877277,28.28444,35.90195587459462,6220.133209986867,21,237,0.47619047619047616,0.12528140052433914,50.0,133.0,"btc,eth"
2026-09-23 21:00:00+00:00,13,0xa82365c8e854728c472812fba6202ca125386215,mihaXd,Monthly-Lollipop,476.59501203455716,480.2592806785712,52.60363,3.6642686440140255,3368.6611989756625,8,71,0.625,0.7541892891322922,50.0,85.0,btc
2026-09-23 21:00:00+00:00,14,0x941743de228c1339b996ae09cc84bd8179d86e5e,0x941743De228c1339B996ae09cc84BD8179D86e5e-1780214631894,Agitated-Destination,472.55853800132587,494.5430646515384,0.0,21.98452665021253,3699.404750998674,12,160,0.6666666666666666,0.0,31.5,166.5,btc
2026-09-23 21:00:00+00:00,15,0xaa1a4f31c010d4a63fc49770d4ca2d69ea370602,hdueilqhsdn,Downright-Scheduling,456.2905580024433,492.62686160470093,0.0,36.33630360225766,6488.580601997557,12,407,0.5833333333333334,0.0,18.0,149.0,btc
2026-09-23 21:00:00+00:00,16,0x3089fcf3fe5b67ec287654b4d627bcd1d51135e4,13897651,Favorable-Idea-Chance,455.2765190116204,455.2765190116204,38.24281,0.0,1142.4074939883797,11,100,0.8181818181818182,1.0,-29.0,-15.0,btc
2026-09-23 21:00:00+00:00,17,0xbc5887953750f812be60e57ba6e178c847d65e72,1000monkeys,Ill-Informed-Full,439.19603099677073,463.26464037813224,0.0,24.068609381361508,3851.1675010032295,12,526,0.6666666666666666,0.0,-24.5,110.0,btc
2026-09-23 21:00:00+00:00,18,0xac37a8cd31274e19d0d2b177825057e7ecb5b46b,,,429.2014300637682,429.2014300637682,25.41357,0.0,654.6149999919538,1,2,1.0,1.0,134.0,159.0,btc
2026-09-23 21:00:00+00:00,19,0x21f4c1a1be34a39a7bc20985df4b7e5a39fb691d,CrouchPredictions,Vague-Hourglass,407.6962160032279,497.4038009876032,4.41873,89.70758498437527,19659.10370499677,16,2316,0.8125,0.0169432952794809,7.5,154.0,btc
2026-09-23 21:00:00+00:00,20,0xe29042f5d913dcc4015aab3455c13c58514ca33f,stepahead,Windy-Turban,369.55328800467885,407.7994695159318,0.0,38.24618151125294,6552.474279995321,12,935,0.75,0.0,-27.0,109.0,btc
2026-09-23 22:00:00+00:00,1,0xa8278bd8002eddb9b26deb70d8331c23da45f959,JeroHJ,Imperfect-Deposition,2591.090427097918,2591.090427097918,150.96119000000002,0.0,25037.14251890208,8,24,1.0,1.0,169.5,185.0,btc
2026-09-23 22:00:00+00:00,2,0x987d5f59b2c190a860ff80d62105c6af3953c90b,greatrise,Nice-Laundry,894.113437042335,894.1738036015169,27.04843,0.06036655918182314,537.6185709576649,16,22,0.375,0.9885447204902946,58.5,81.0,"btc,eth"
2026-09-23 22:00:00+00:00,3,0x4715177a5cd9a181a07014ac00de39d5e0ce4e3b,,,757.2276810602323,757.2276810602323,104.72022,0.0,6123.0573929628235,9,25,0.8888888888888888,1.0,52.0,160.0,"btc,sol"
2026-09-23 22:00:00+00:00,4,0x8ac8617241fbd47d189a512516206c2b9a1b47ab,Oussou931,Enchanted-Troop,726.5017589940489,726.5017589940489,105.54069000000001,0.0,2880.000000005951,11,15,0.6363636363636364,1.0,41.0,44.0,btc
2026-09-23 22:00:00+00:00,5,0x21a1e624a7153831c2c36848c67a21da33ecca28,Nat26,Barren-Quiver,523.5301139543158,523.5301139543158,72.12225,0.0,2872.3641999486563,3,6,1.0,1.0,-14.0,49.5,btc
2026-09-23 22:00:00+00:00,6,0x42811a04202d471323a87c33885677187aff1a5a,traderoffical,Blank-Relation-Leisure,467.3670350026474,468.28496366015435,13.947770000000002,0.9179286575070196,1091.7173239973524,4,25,0.5,0.7970392892671228,368.0,467.0,btc
2026-09-23 22:00:00+00:00,7,0x71246529fd8c3887724b178844ba1bb94defcc9c,Understandable98,Pointed-Dose-Formamide,458.3478379261435,458.3478379261435,185.77789,0.0,8797.169199662563,4,10,0.5,1.0,51.0,200.0,btc
2026-09-23 22:00:00+00:00,8,0xb55fa1296e6ec55d0ce53d93b9237389f11764d4,0xb55fa1296E6ec55D0cE53d93B9237389f11764d4-1777575277609,Lively-Authenticity,455.1052699884635,455.40898718558907,247.85335,0.3037171971255987,9841.553783011537,18,261,0.6111111111111112,0.9947721669632276,31.5,166.0,"btc,eth,sol"
2026-09-23 22:00:00+00:00,9,0x0ca4e9d27ff826a109ecbf74754fb66b93f277a6,GoodFallen,Blue-Smith,405.8979899974182,410.56791327711164,91.40671999999999,4.669923279693403,3731.270083002582,11,240,0.7272727272727273,0.8057507050206447,7.0,169.5,btc
2026-09-23 22:00:00+00:00,10,0x8b785dada86cdd3b9f729c61ef9313161d58c095,simon8445,Slushy-Teriyaki,396.11545000234815,402.1260079780988,0.0,6.010557975750653,869.5998509976519,30,104,0.6,0.0,-19.0,-10.0,"btc,eth,sol"
2026-09-23 22:00:00+00:00,11,0x9412cdfc1e3171e1aabb013d0f494986445d0cd0,gansinimen,Svelte-Chicory,349.2079550019764,350.070105217467,11.90905,0.8621502154906006,832.1620609980235,5,29,1.0,0.796035929835034,121.0,203.0,btc
2026-09-23 22:00:00+00:00,12,0x629da223adfc9957329e02de95ae3d263f92756c,jackinv1lvl2,Near-Failure,336.4861670063023,336.8643655019242,10.882530000000001,0.37819849562191193,450.8236069936977,12,51,0.5833333333333334,0.9221817436891939,144.5,286.0,"btc,eth,sol"
2026-09-23 22:00:00+00:00,13,0x0bf96a1c55e6f47ea84335bc3fc08a89653efd90,alboto,Polite-Promenade,322.4416100165589,327.4118537088112,0.0,4.970243692252286,697.9991819834411,8,41,0.75,0.0,-23.5,-19.0,btc
2026-09-23 22:00:00+00:00,14,0x5380555499c258e06330d364f3828079951ed4b3,rear,Jittery-Cofactor,305.98473398832715,305.98473398832715,5.42239,0.0,107.14480001167286,2,2,1.0,1.0,429.0,429.0,"btc,eth"
2026-09-23 22:00:00+00:00,15,0x4228048ea2f8f571ff2777cc32baee584c5134cb,trinity42,Mountainous-Buy,290.80952800695746,290.80952800695746,11.28253,0.0,313.95239999544253,14,23,0.7857142857142857,1.0,52.5,67.0,"btc,eth"
2026-09-23 22:00:00+00:00,16,0xfc1cc1371716470b3ba6f53a234f737842c1511a,GAMLL,Rusty-Email-Robotics,290.3475040100465,290.3475040100465,21.47428,0.0,656.6883979899535,12,26,0.5833333333333334,1.0,-17.5,-3.0,"btc,eth"
2026-09-23 22:00:00+00:00,17,0xc53375ff94e96100f2b30a4b5775db35218d69a9,dangerously-skip-permissions,Lone-Easel-Election,284.90485400283706,290.2241228488622,125.2909,5.319268846025138,4848.807080997163,11,383,0.5454545454545454,0.8249233539678458,8.0,152.0,btc
2026-09-23 22:00:00+00:00,18,0x48ac40fc545cf327edd5365435c3a9f385614a7e,BoneOhio,Warlike-Fallingout,270.75165501036787,271.9750456723788,15.26506,1.2233906620109434,23782.320120989632,15,116,0.8666666666666667,0.6993911995706751,184.0,260.0,"btc,eth,sol"
2026-09-23 22:00:00+00:00,19,0x03f1a9997a7207f03b32c7e203fc88ff67c4e633,pipi5673,Late-Sniffle-Antiquity,266.64073000234544,266.64073000234544,8.67532,0.0,203.8380999976546,2,14,0.5,1.0,208.5,206.5,btc
2026-09-23 22:00:00+00:00,20,0xd84403efd50b49a1d8a7181627e00307e6ea5908,FairValueMachine,Sparkling-Daikon,259.18947099681316,262.41529606191693,57.31014,3.225825065103792,2433.776609003187,10,157,0.6,0.7566082249251483,13.0,173.0,btc
2026-09-23 23:00:00+00:00,1,0x64071a44d1f42709c82934bbefe3f292661493aa,smash-to-net,Rotten-Democracy,2906.8593539768026,2906.8593539768026,404.1144,0.0,11809.664067023197,5,247,0.8,1.0,56.0,73.0,btc
2026-09-23 23:00:00+00:00,2,0x074a3a0ffc6e1077a9d7fcbd774029e0cc6ef0e0,ox123bs,Colorless-Discussion-Steamroller,2403.956344023495,2423.6440692444367,286.0932,19.68772522094174,12495.572300037817,5,517,0.8,0.7698528061816398,58.0,67.0,btc
2026-09-23 23:00:00+00:00,3,0x9595b9d67a821bebac4627a1f5c9a5540dc42008,ghuhkhh6769vggvuyyug.,Mundane-Junker-Penicillin,2195.8126500193716,2203.800659559172,328.67766,7.988009539800248,10774.551581980628,5,352,0.8,0.9047944655331833,58.0,77.0,btc
2026-09-23 23:00:00+00:00,4,0xa8278bd8002eddb9b26deb70d8331c23da45f959,JeroHJ,Imperfect-Deposition,1775.6713219904211,1775.6713219904211,119.54452,0.0,21999.999814009578,7,22,1.0,1.0,181.0,182.5,btc
2026-09-23 23:00:00+00:00,5,0x8ac8617241fbd47d189a512516206c2b9a1b47ab,Oussou931,Enchanted-Troop,945.9171490604722,945.9171490604722,107.31642000000001,0.0,3249.8834889395275,12,21,0.6666666666666666,1.0,33.0,49.0,btc
2026-09-23 23:00:00+00:00,6,0xf03b3be0a0e7026bc41bbfcdc286129962833ba1,GameMaster2026,Powerful-Mastoid,700.2349140288334,700.2349140288334,56.31422,0.0,1539.9999989711666,9,20,0.6666666666666666,1.0,14.0,12.5,btc
2026-09-23 23:00:00+00:00,7,0xcfee842b3f5f3bd2f5ae78c010a96f71dcf50e19,,,588.3580999839951,588.3580999839951,43.0102,0.0,848.6482999959089,1,4,1.0,1.0,131.0,194.0,btc
2026-09-23 23:00:00+00:00,8,0x855e484854d1411b959ddffdda11a698566c5189,0x855e484854D1411B959dDffddA11A698566C5189-1780249997359,Jaunty-Harmony,541.3476980061774,561.166672460393,0.0,19.818974454215486,4460.309235993823,10,194,0.6,0.0,31.0,105.0,btc
2026-09-23 23:00:00+00:00,9,0x71ebf9ee9f173b02e3ee5db7ee4047d1079bb6f1,0x71ebf9ee9F173B02E3Ee5dB7ee4047d1079Bb6f1-1774061299286,Bulky-Stepsister,484.7977759976476,484.7977759976476,17.27012,0.0,454.9599990023524,4,23,0.75,1.0,109.0,92.0,btc
2026-09-23 23:00:00+00:00,10,0x48ac40fc545cf327edd5365435c3a9f385614a7e,BoneOhio,Warlike-Fallingout,481.17353618220443,483.21407752753964,24.25121,2.0405413453352215,42765.56442781779,24,161,1.0,0.6788766981859744,253.0,259.0,"btc,eth,sol"
2026-09-23 23:00:00+00:00,11,0x2f8b35dc9eaee0c4550ccd9afde7ac54d91dba14,Robotron.4,Muffled-Bit-Spreadsheet,466.14666999756224,469.273495159325,7.80763,3.1268251617627607,682.2879450024376,4,15,0.5,0.33196350846071127,-690.0,-592.0,btc
2026-09-23 23:00:00+00:00,12,0x0bf96a1c55e6f47ea84335bc3fc08a89653efd90,alboto,Polite-Promenade,407.9513990047202,410.75027295780944,0.0,2.7988739530892195,391.9533149952798,4,29,1.0,0.0,-50.5,-47.0,btc
2026-09-23 23:00:00+00:00,13,0x691fd030b65f88a73905ba30674bdc839a85877a,0x691Fd030b65f88A73905bA30674Bdc839a858,Sniveling-Curd,393.89880299721995,398.8134722915855,0.0,4.9146692943655355,403.95861700278004,8,178,0.125,0.0,104.0,144.0,btc
2026-09-23 23:00:00+00:00,14,0x8ec422e3b8d0c4b86b57c97074d5fff43e0854f2,maroon6jdjdjdj,Accomplished-Landing,376.83926999163884,377.2998775328692,11.68483,0.46060754123036907,411.4575680083612,2,12,1.0,0.8334290742743552,-485.5,-25.5,btc
2026-09-23 23:00:00+00:00,15,0xffa9d3169d9012065c36e5ff29726c9294321168,Po1yBot-QesxOuhaBA,Vengeful-Anesthesiology,375.3940010116244,375.3940010116244,17.653660000000002,0.0,1707.3636749883756,5,25,1.0,1.0,148.0,221.0,btc
2026-09-23 23:00:00+00:00,16,0xe4102cb53459f9fc72f1e1c34ac27654fd66d4d1,KingVon1,Boring-Encirclement,358.01361699697213,358.01361699697213,14.60976,0.0,474.9999960030279,1,7,1.0,1.0,-101.0,-98.0,btc
2026-09-23 23:00:00+00:00,17,0xc4f4869e66239ec5e4b36362fcba7291915019bb,dhju67uthf,Exemplary-Celeriac-Vanity,328.8089860126709,344.8331396541409,35.57721,16.02415364146997,3220.801309987329,7,179,0.42857142857142855,0.25729860994991344,109.0,206.0,btc
2026-09-23 23:00:00+00:00,18,0xf363b411bcfadc7a20d89a08bc9a17b0b5d1c197,Telawin,Remote-Kingdom,322.0802299940236,322.0802299940236,14.07077,0.0,500.00000000597635,1,1,1.0,1.0,-2.0,-2.0,eth
2026-09-23 23:00:00+00:00,19,0xb129a54d3b23214728dcc544034fc83067cd890c,0xB129a54d3b23214728Dcc544034fc83067CD890C-1780260877658,Excited-Conviction,300.5626309935018,323.4295882270669,0.0,22.866957233565152,4528.083549006498,9,246,0.2222222222222222,0.0,25.0,210.0,btc
2026-09-23 23:00:00+00:00,20,0xc2ad03f79ca3f3c17d8c7de2612ce0c89b7d40ed,bosona,Impolite-Sister,299.8480349876483,315.50386108452295,15.777940000000001,15.655826096874666,2908.0405530123517,23,146,0.30434782608695654,0.16088914905725035,131.0,163.5,"btc,eth,sol"
2026-09-24 00:00:00+00:00,1,0x5b6331e7ff0831a3fe2ed12004747db1a9c911a4,neutralwave23,Monstrous-Dew,37377.400698263744,37459.79514481452,482.94300999999996,82.3944465507657,19860.273069736257,9,241,0.5555555555555556,0.5380832909067029,14.0,682.0,"btc,sol"
2026-09-24 00:00:00+00:00,2,0x074a3a0ffc6e1077a9d7fcbd774029e0cc6ef0e0,ox123bs,Colorless-Discussion-Steamroller,26786.59099158148,26828.917808096325,537.36004,42.326816514842264,16278.671705418521,4,224,0.75,0.6881341427726072,663.0,682.0,btc
2026-09-24 00:00:00+00:00,3,0x03571aa3cdff1f00df80e4f8340c3f8783bca7d7,FennMeazell4035,Easy-Theme-Advertisement,10032.65009003909,10053.552370824254,160.70042,20.902280785165793,6461.5403509609105,3,150,0.6666666666666666,0.6227886202688371,553.0,650.0,btc
2026-09-24 00:00:00+00:00,4,0xa82365c8e854728c472812fba6202ca125386215,mihaXd,Monthly-Lollipop,3976.8195700011556,3982.764245484404,80.76303,5.9446754832485,2732.591659998844,7,154,0.8571428571428571,0.7112535427252663,224.0,601.5,btc
2026-09-24 00:00:00+00:00,5,0xe327cb5bfe38700dfc6f5453035907b3061eca95,DambrosiSearl28,Improbable-Pasta-Mousse,2905.3970570310953,2917.4091434050442,22.82613,12.012086373948971,2035.7859369689047,2,101,1.0,0.25275186876284006,81.0,112.0,btc
2026-09-24 00:00:00+00:00,6,0xce06d636db3468feae41ad365599d19f0c8e9b85,weg8ef,Impish-Dirndl,2448.270043911607,2452.1338429599527,76.89659,3.863799048345795,2274.8233660883925,3,105,0.6666666666666666,0.8659320233029557,184.0,232.0,btc
2026-09-24 00:00:00+00:00,7,0xbadb9af986ee66437bd39e6cd3d3036cbbdc31a7,0xBadB9af986EE66437BD39E6cd3D3036CbbDc31a,Swift-Census,2124.7404209985975,2130.793094499577,77.78362,6.052673500979275,4093.3616999985975,4,144,1.0,0.47418509339173837,150.0,613.5,btc
2026-09-24 00:00:00+00:00,8,0xaae20e7083e9ba59cdc9349f692399382f432383,120x,Wobbly-Schnitzel,2034.7612979691369,2037.0719804608993,59.62271,2.3106824917623268,2312.6420800308633,5,123,0.8,0.6341656120048159,292.0,616.0,btc
2026-09-24 00:00:00+00:00,9,0x22a60c995b7bcf2516fccf2f228e35aefedbb5cc,rwpo,Gregarious-Maternity-Turn,1855.8162449346894,1857.2874051312697,51.09458,1.47116019658031,1368.2148150653106,5,17,0.8,0.852180364683252,712.0,712.0,btc
2026-09-24 00:00:00+00:00,10,0xa8278bd8002eddb9b26deb70d8331c23da45f959,JeroHJ,Imperfect-Deposition,1747.2916070549259,1747.2916070549259,121.70379,0.0,27999.743869945072,8,21,1.0,1.0,151.5,158.0,btc
2026-09-24 00:00:00+00:00,11,0xb0c078c893300f44d341f4e854d8964b47dce88f,Bossgirl,Good-Ptarmigan,1678.8963889969473,1680.8110177617536,35.71161,1.914628764806373,983.384857003053,6,87,0.8333333333333334,0.7989105124090404,430.5,629.0,btc
2026-09-24 00:00:00+00:00,12,0x5e46b9a5631a40e4ec70c26c4bfd87a6307a32bb,36weg,Exalted-Situation-Nun,1403.3889400437292,1420.5876582598114,43.439449999999994,17.198718216082224,4553.144945956271,1,85,1.0,0.35601177189996497,827.0,889.0,btc
2026-09-24 00:00:00+00:00,13,0x59649aa698c42c543b93e507d0f62e4c36570031,0x59649aA698c42C543B93e507d0f62e4c36570031-1788393663278,Attentive-Driveway,1227.8345049999675,1233.6989762734183,9.57503,5.86447127345066,974.6656130000324,7,152,0.7142857142857143,0.22131518453424381,185.0,556.0,btc
2026-09-24 00:00:00+00:00,14,0xe1a5d4b65d66f4d592778a0163fbf0b4ab1e9786,0xE1A5d4b65D66f4D592778a0163fBF0b4Ab1e9786-1788394072731,Avaricious-Correspondence-Bowtie,1206.1103390108237,1212.2448510855418,16.86013,6.1345120747178505,1184.189636989176,7,187,0.7142857142857143,0.3259715234222036,185.0,572.0,btc
2026-09-24 00:00:00+00:00,15,0xc4f4869e66239ec5e4b36362fcba7291915019bb,dhju67uthf,Exemplary-Celeriac-Vanity,1116.063668995807,1129.8491328009775,8.7513,13.785463805170568,1983.181231004193,4,120,0.75,0.11123748881885903,448.0,215.0,btc
2026-09-24 00:00:00+00:00,16,0x9783f45ce35f794be38ca47dd0816a5c241383b9,0x9783F45CE35F794BE38cA47dD0816A5C241383B9-1766113722324,Acidic-Colonisation,1047.3452339912988,1047.3452339912988,30.0166,0.0,562.7757000087013,3,97,0.6666666666666666,1.0,82.0,119.0,btc
2026-09-24 00:00:00+00:00,17,0xa5767fea34380c29b676dba0e2e9ea43302cac6b,0xa5767fEA34380C29B676DBA0e2E9Ea43302Cac6B-1788393982095,Hurtful-Speculation-Thing,947.5398470013225,951.3559318685875,14.73105,3.816084867265053,875.9307489986776,6,159,0.8333333333333334,0.3870111882569381,262.5,256.0,btc
2026-09-24 00:00:00+00:00,18,0x08454ac1bce55cd6be74ba2be1297fae0fee2104,7eerg,Impractical-Trader-Estimate,944.8392049994286,946.6135720676265,35.77437,1.7743670681978267,1119.3864250005715,2,46,1.0,0.8713631666557883,373.5,227.0,btc
2026-09-24 00:00:00+00:00,19,0x48ac40fc545cf327edd5365435c3a9f385614a7e,BoneOhio,Warlike-Fallingout,874.1535397115214,875.3985490656468,58.09285,1.2450093541253793,46178.36261028848,22,145,0.9090909090909091,0.8095966354588536,231.5,235.0,"btc,eth,sol"
2026-09-24 00:00:00+00:00,20,0xf6a1cb67fb073960a0048edcabf845daaa0b504a,throwthrow,Waterlogged-Armchair,752.468469996089,752.468469996089,26.008229999999998,0.0,609.403300003911,13,106,0.6153846153846154,1.0,50.0,228.0,btc
2026-09-24 01:00:00+00:00,1,0x5b6331e7ff0831a3fe2ed12004747db1a9c911a4,neutralwave23,Monstrous-Dew,10589.660648061767,10600.130582631708,198.60815000000002,10.469934569941701,5426.745224938764,17,32,0.6470588235294118,0.7973898966289269,83.0,187.5,"btc,sol"
2026-09-24 01:00:00+00:00,2,0x074a3a0ffc6e1077a9d7fcbd774029e0cc6ef0e0,ox123bs,Colorless-Discussion-Steamroller,10023.887486834805,10075.733259040473,384.54043,51.84577220566846,18135.418712165196,4,858,1.0,0.6001317627629614,50.5,110.0,btc
2026-09-24 01:00:00+00:00,3,0x66b5b67787fddbedfffaab6cf83ac4698b730c9e,DambraVictoria,Back-Luck-Fork,2521.2821369806256,2538.724535579672,40.52086,17.442398599046776,6568.382307015514,2,117,1.0,0.33977859321722925,277.5,593.0,btc
2026-09-24 01:00:00+00:00,4,0x9412cdfc1e3171e1aabb013d0f494986445d0cd0,gansinimen,Svelte-Chicory,1923.2638170024984,1953.8291807286198,3.91003,30.565363726121305,4027.7794149975016,7,344,0.7142857142857143,0.03661196029030589,34.0,146.0,btc
2026-09-24 01:00:00+00:00,5,0x89df6d298d61bf73cf9bd8bf2273466c990aab14,gerwew,Short-Term-Adrenaline,1742.0425650475777,1750.7515805558187,55.048410000000004,8.709015508241235,3815.3041329524226,3,58,1.0,0.5100102461440845,212.0,728.5,btc
2026-09-24 01:00:00+00:00,6,0xe9076a87c5ed90ef16e6fe6529c943baeca0cff6,suntori,All-Peasant-Drug,1739.41721390159,1739.41721390159,432.67221,0.0,13370.856121098963,24,158,0.375,1.0,44.5,153.0,"btc,eth"
2026-09-24 01:00:00+00:00,7,0x3dc09f1dda5f7ca9438ca070356259913bdeadd1,0x3dc09f1DDA5f7ca9438ca070356259913Bdeadd1-1788677722175,Unripe-Shadowbox,1563.0312670445926,1563.0312670445926,216.03259,0.0,7936.759021955408,12,834,0.6666666666666666,1.0,38.5,138.0,btc
2026-09-24 01:00:00+00:00,8,0x9595b9d67a821bebac4627a1f5c9a5540dc42008,ghuhkhh6769vggvuyyug.,Mundane-Junker-Penicillin,1551.186023969607,1563.477134529734,360.93529,12.291110560126953,12904.784857030392,4,473,0.75,0.866520614168899,32.5,112.0,btc
2026-09-24 01:00:00+00:00,9,0x64071a44d1f42709c82934bbefe3f292661493aa,smash-to-net,Rotten-Democracy,1450.7937529811193,1452.8381433844947,458.94658,2.044390403375556,14261.20209201888,3,312,0.6666666666666666,0.978965779387762,20.0,104.0,btc
2026-09-24 01:00:00+00:00,10,0xb4125e29809f36749a67cc04880da9db1f59e794,paperispols,Medical-Promotion-Supporter,1443.9504979910585,1443.9504979910585,13.6669,0.0,397.8320999917455,13,23,0.38461538461538464,1.0,209.0,229.0,btc
2026-09-24 01:00:00+00:00,11,0x5e60d871c2d646de185e541290689b727ef0e468,0x3664555C090fBEFHSVE94a7d216FCe860d746HD5,Victorious-Recess,1328.9464090229133,1328.9464090229133,117.84708,0.0,4363.936681979163,11,167,0.5454545454545454,1.0,295.0,608.0,"btc,eth,sol"
2026-09-24 01:00:00+00:00,12,0x0d2d845a6ff64e31e04a70afce8a573940767ff5,38791873984189,Sympathetic-Back,1147.830946003536,1172.4503681941503,0.0,24.619422190614337,3351.544933996464,21,81,0.6190476190476191,0.0,-292.0,-167.0,"btc,eth,sol"
2026-09-24 01:00:00+00:00,13,0xd84c2713e2b58beb1d9dc4421aabd778573ee0a5,0x66666666666,Prize-Snowstorm,1049.990000001435,1059.5472521467816,0.0,9.557252145346675,1949.9814319985649,1,27,1.0,0.0,784.0,799.0,btc
2026-09-24 01:00:00+00:00,14,0x6ba25c9f2fe6e9e5dd47983b629c00cd59958d0e,Vega7,Worse-Rectangle,1013.4909860049845,1013.4909860049845,1.96356,0.0,29.99999999501549,4,4,0.5,1.0,205.5,205.5,btc
2026-09-24 01:00:00+00:00,15,0xa82365c8e854728c472812fba6202ca125386215,mihaXd,Monthly-Lollipop,1011.5739580136145,1017.9346509641246,56.84105,6.360692950509915,2625.3082859863857,6,340,1.0,0.6703827841410313,17.5,106.0,btc
2026-09-24 01:00:00+00:00,16,0xc9b8990a4c7118ecc5dd8c344484534b1213599b,madojin,Whole-Transcript,1007.9728119999999,1009.4785098247753,0.0,1.505697824775496,109.728188,12,84,0.16666666666666666,0.0,247.5,271.0,btc
2026-09-24 01:00:00+00:00,17,0xc4f4869e66239ec5e4b36362fcba7291915019bb,dhju67uthf,Exemplary-Celeriac-Vanity,949.5162930409494,957.0025024634375,69.07688999999999,7.486209422488069,2912.8412379590504,7,109,0.42857142857142855,0.6162847039400667,145.0,242.0,btc
2026-09-24 01:00:00+00:00,18,0x84389cfc4a652ea14d8d8be969769b1f69de3680,Atomforge,Sardonic-Mink,930.7352459913777,930.7352459913777,142.49842,0.0,4836.486466008622,9,405,0.5555555555555556,1.0,143.0,97.0,btc
2026-09-24 01:00:00+00:00,19,0xf03b3be0a0e7026bc41bbfcdc286129962833ba1,GameMaster2026,Powerful-Mastoid,911.9547140121441,911.9547140121441,41.29624,0.0,959.9999999878559,6,13,0.6666666666666666,1.0,30.0,28.0,btc
2026-09-24 01:00:00+00:00,20,0xbd0f6c867e2a852807ef8fcdd76d696053da48fd,FatSlag,Tidy-Set,834.5853299991841,841.3149125199551,0.0,6.729582520771015,901.903163000816,15,85,0.6,0.0,-56.0,-110.0,"btc,eth,sol"
2026-09-24 02:00:00+00:00,1,0xa8278bd8002eddb9b26deb70d8331c23da45f959,JeroHJ,Imperfect-Deposition,1176.4353429819726,1176.4353429819726,66.05646,0.0,3142.6839000472173,4,15,0.75,1.0,35.5,19.0,btc
2026-09-24 02:00:00+00:00,2,0xc2ad03f79ca3f3c17d8c7de2612ce0c89b7d40ed,bosona,Impolite-Sister,814.0201300121029,823.9213124012666,4.8784,9.901182389163822,2881.975493987897,16,73,0.75,0.04080603747062738,87.5,227.0,"btc,eth,sol"
2026-09-24 02:00:00+00:00,3,0x3725d52f3c252e8374999cc8617292ea2608ad88,almach,Rural-Wharf-Parable,803.5000939906884,813.215407314163,10.090409999999999,9.715313323474676,2935.0377170093116,18,99,0.8333333333333334,0.08462071835034209,90.0,161.0,"btc,eth,sol"
2026-09-24 02:00:00+00:00,4,0xb55fa1296e6ec55d0ce53d93b9237389f11764d4,0xb55fa1296E6ec55D0cE53d93B9237389f11764d4-1777575277609,Lively-Authenticity,773.5853329880723,773.5853329880723,282.31694,0.0,11425.990071011927,26,459,0.5,1.0,21.0,155.0,"btc,eth,sol"
2026-09-24 02:00:00+00:00,5,0x32ed2e546b187ca15e2841edc82b22c713cf8ec3,mo-money,Amazing-Mail,744.5230460250663,759.3346811315736,9.79612,14.811635106507278,3799.1143049749335,20,133,0.7,0.06251309672162311,76.5,152.0,"btc,eth,sol"
2026-09-24 02:00:00+00:00,6,0x8759a2e469644c09e9ed119d230de3a0cf28d94f,klpo,Joyous-Internet,665.674016985884,665.8762707734631,37.18723,0.20225378757915108,1611.567323014116,9,41,0.7777777777777778,0.9280718085154519,17.0,166.0,btc
2026-09-24 02:00:00+00:00,7,0x2f8b35dc9eaee0c4550ccd9afde7ac54d91dba14,Robotron.4,Muffled-Bit-Spreadsheet,615.0176549796529,615.6472603730492,28.462809999999998,0.6296053933963272,923.119535020347,3,16,0.6666666666666666,0.8985197133794398,-1550.0,3.0,btc
2026-09-24 02:00:00+00:00,8,0x280e296e5f14091642208ac24614826d9902fbd8,0x280E296e5f14091642208Ac24614826D9902fbd8-1780260958670,Blissful-Cormorant,512.7850780010797,526.8226491867521,0.0,14.037571185672416,2870.8421149989204,10,238,0.6,0.0,30.5,217.0,btc
2026-09-24 02:00:00+00:00,9,0x361528e242bc6cc789ac8da6fd5cb98046178fdf,ohioism,Lumpy-Pagoda,501.66710700668165,501.83702556396184,26.46172,0.16991855728021882,1375.1239409933185,21,43,0.8095238095238095,0.9781708643817261,76.0,188.0,"btc,eth,sol"
2026-09-24 02:00:00+00:00,10,0xb27bc932bf8110d8f78e55da7d5f0497a18b5b82,,,495.7517219952281,608.6328969444062,37.429379999999995,112.88117494917815,26144.84439500477,44,2187,0.5909090909090909,0.05667106545453052,9.0,194.0,"btc,eth,sol"
2026-09-24 02:00:00+00:00,11,0x5ee7deebb97e6d8dc7fb40be145c9e58f1f78156,ruanluh,Aware-Detour-Toenail,353.7617740030809,353.7617740030809,12.173060000000001,0.0,393.90197299691914,11,25,0.6363636363636364,1.0,19.0,116.0,btc
2026-09-24 02:00:00+00:00,12,0x3c319770716acf1dc41465ff650f83d5326480cc,20260904-liu,Wild-Path,348.61939800174605,348.61939800174605,14.73011,0.0,499.99999899825394,1,1,1.0,1.0,-17.0,-17.0,btc
2026-09-24 02:00:00+00:00,13,0x7cf89836b082aab85b137d45bfc6b991cf2104ae,Alpharo28,Thin-Saint,330.0612230029443,341.706979590083,0.0,11.645756587138688,1798.8102339968975,30,197,0.6333333333333333,0.0,-73.5,-10.0,"btc,eth,sol"
2026-09-24 02:00:00+00:00,14,0xcb75c42e307b95c0d81219d35233f14c453e8e6c,20260922Q,Skinny-Necktie-Ancestor,324.35901398983316,324.35901398983316,14.16536,0.0,979.447998010167,4,11,0.5,1.0,-17.0,-17.0,btc
2026-09-24 02:00:00+00:00,15,0x09a7987daa6b37e117f2cfef385f51789667ba39,yoyoyoyoyoyoyoyoyoyoyoyoyoyoyo,Naive-Likeness-Downstairs,315.04740200120716,325.9714233189647,0.0,10.924021317757518,1571.0381299987928,12,197,0.8333333333333334,0.0,-30.5,-17.0,btc
2026-09-24 02:00:00+00:00,16,0x941743de228c1339b996ae09cc84bd8179d86e5e,0x941743De228c1339B996ae09cc84BD8179D86e5e-1780214631894,Agitated-Destination,310.4634670081898,321.18890207998237,0.0,10.72543507179255,1960.4609829918102,12,161,0.3333333333333333,0.0,53.5,224.0,btc
2026-09-24 02:00:00+00:00,17,0xdab7817e670763a31be053d567f675c8549e4baf,DefineX,Yummy-Hepatitis-Soy,291.36173000130105,292.6117143670291,29.924770000000002,1.2499843657280596,1681.357202998699,16,222,0.6875,0.7502552686297648,105.0,268.0,"btc,eth,sol"
2026-09-24 02:00:00+00:00,18,0x4c9497941333332d29f1c235dd23200f3623ffad,,,288.47572001017454,314.46448522625315,0.0,25.98876521607862,4912.651794989825,12,527,0.6666666666666666,0.0,6.0,118.0,btc
2026-09-24 02:00:00+00:00,19,0xe9076a87c5ed90ef16e6fe6529c943baeca0cff6,suntori,All-Peasant-Drug,275.5681939316034,275.5681939316034,134.77360000000002,0.0,5647.0385380683965,18,95,0.4444444444444444,1.0,39.0,194.0,"btc,eth"
2026-09-24 02:00:00+00:00,20,0x576b0696fd5a9225d66fd9500fd98f5be10b0cab,Hcrystallash,Moral-Roof,263.13765699538516,265.8463893564887,46.12084,2.708732361103504,1866.3778040046147,48,315,0.4166666666666667,0.7865702200564079,30.5,181.0,"btc,eth,sol"
2026-09-24 03:00:00+00:00,1,0x5e3038ffeada3119a345dcb3bd31d49c077d1613,ROBERTSIMON1987,Virtuous-Reef,1518.2213250212158,1519.168936684393,127.55976000000001,0.9476116631770346,16687.37616597679,12,363,1.0,0.7470698953496946,74.5,117.0,btc
2026-09-24 03:00:00+00:00,2,0x8ac8617241fbd47d189a512516206c2b9a1b47ab,Oussou931,Enchanted-Troop,1386.912375941152,1386.912375941152,72.45447,0.0,2319.969994058848,10,13,0.9,1.0,18.0,19.0,btc
2026-09-24 03:00:00+00:00,3,0xa8278bd8002eddb9b26deb70d8331c23da45f959,JeroHJ,Imperfect-Deposition,1089.0136880595182,1089.0136880595182,52.15881,0.0,6866.605370940481,3,5,1.0,1.0,122.0,122.0,btc
2026-09-24 03:00:00+00:00,4,0x502b532f55778c0985846dc53a9bc71eb4f33b15,0x502b532F55778c0985846Dc53a9bc71eB4F33b15-1761320484518,Stimulating-Power,822.9065579954582,839.2272655431988,1.1203,16.320707547740465,2877.8129600045418,28,131,0.5357142857142857,0.051858823377221745,-52.0,-16.0,"btc,eth,sol"
2026-09-24 03:00:00+00:00,5,0xd5b3b6a854543589560a40de153a78eedf3cb230,,,786.2406439244168,786.2406439244168,243.50666999999999,0.0,19892.085785073992,7,17,0.2857142857142857,1.0,81.0,169.0,btc
2026-09-24 03:00:00+00:00,6,0x0d2d845a6ff64e31e04a70afce8a573940767ff5,38791873984189,Sympathetic-Back,731.1990820050418,752.8916213970474,0.0,21.692539392005557,2940.3309949949585,20,101,0.6,0.0,-225.0,-107.0,"btc,eth,sol"
2026-09-24 03:00:00+00:00,7,0x3c58ef422754ff22c7e806336feba0064d8b776b,antsaslyku,Periodic-Scrap,468.3258520005276,468.8772886681006,46.62165,0.5514366675729833,1813.2677319994725,40,144,0.625,0.9520227319637755,40.5,103.0,"btc,eth,sol"
2026-09-24 03:00:00+00:00,8,0x7cf89836b082aab85b137d45bfc6b991cf2104ae,Alpharo28,Thin-Saint,405.5377959979687,422.4549678062783,0.0,16.91717180830963,2512.7185460010373,29,187,0.5517241379310345,0.0,-104.0,-28.0,"btc,eth,sol"
2026-09-24 03:00:00+00:00,9,0x41e2e1ccf1e4940029af02259a31c6b89b9fa354,norm1e69,Improbable-Harmonica,405.0050000121791,406.7708617022231,120.12725,1.7658616900440305,5880.4953589878205,40,505,0.6,0.9510569521051766,25.5,159.0,"btc,eth,sol"
2026-09-24 03:00:00+00:00,10,0xc1b4bfdc36eaa5c09e7231c61e5e44c5463f624f,sir-upalot,Nice-Trapdoor,391.0815369955369,404.0903122656687,0.0,13.008775270131709,2700.427059004463,12,235,0.5833333333333334,0.0,28.5,103.0,btc
2026-09-24 03:00:00+00:00,11,0x48ac40fc545cf327edd5365435c3a9f385614a7e,BoneOhio,Warlike-Fallingout,363.1736200633225,364.42867237137625,20.78538,1.2550523080537215,37129.74099993668,19,138,0.8947368421052632,0.7617329487966241,233.0,235.0,"btc,eth,sol"
2026-09-24 03:00:00+00:00,12,0xf363b411bcfadc7a20d89a08bc9a17b0b5d1c197,Telawin,Remote-Kingdom,357.03357498699415,357.03357498699415,14.93036,0.0,500.0000000130059,1,1,1.0,1.0,-2.0,-2.0,eth
2026-09-24 03:00:00+00:00,13,0x780f07a9aaa3b7e5bd6719bc97be89c3b1ea91ff,goodsatoshi,Voluminous-Symptom,328.80071000238496,328.85246272151716,15.57779,0.05175271913216471,413.041499997615,5,33,0.8,0.9840209761003722,25.0,35.0,btc
2026-09-24 03:00:00+00:00,14,0xf03b3be0a0e7026bc41bbfcdc286129962833ba1,GameMaster2026,Powerful-Mastoid,325.37517800580696,325.37517800580696,24.023220000000002,0.0,686.700198994193,4,8,0.75,1.0,-19.5,-18.0,btc
2026-09-24 03:00:00+00:00,15,0x28cc505fb60501dbb2199a9662ba175919af904f,0x28cC505fb60501Dbb2199A9662ba175919Af904F-1780262286739,Threadbare-Sneeze,325.245950005882,335.5759273995814,0.0,10.329977393699428,2397.6066399941183,10,109,0.6,0.0,26.0,82.0,btc
2026-09-24 03:00:00+00:00,16,0x568b079891fcc8bef2e557fa2a8a7ecca1700b3b,,,307.37046900078104,315.10118255803405,0.0,7.7307135572530274,2306.201969999219,12,253,0.75,0.0,7.0,83.0,btc
2026-09-24 03:00:00+00:00,17,0x0cb038487586d1119b165466072e9baf666f3a90,,,304.98482200274316,328.03646728560125,236.71689,23.051645282858097,14442.411585994754,16,735,0.625,0.5779455491409313,5.0,139.0,btc
2026-09-24 03:00:00+00:00,18,0x9152315d078354c5d27f93d26515a69fb41cabfb,0x9152315D078354C5d27F93d26515A69Fb41caBfb-1772811069668,Total-Museum,304.2342339804357,304.2342339804357,35.28808,0.0,3941.4731830096084,10,197,0.9,1.0,84.5,90.0,btc
2026-09-24 03:00:00+00:00,19,0x941743de228c1339b996ae09cc84bd8179d86e5e,0x941743De228c1339B996ae09cc84BD8179D86e5e-1780214631894,Agitated-Destination,289.9947180057246,300.934583081464,0.0,10.939865075739316,2476.9441659942754,10,121,0.5,0.0,23.0,139.0,btc
2026-09-24 03:00:00+00:00,20,0xc2c3ea98fbfa020f77c7634824eda3a97af80e32,Numbxtenx,Honest-Burrito,283.2779188405201,283.2779188405201,26.79092,0.0,7917.58122815948,7,8,0.8571428571428571,1.0,187.0,177.0,btc
2026-09-24 04:00:00+00:00,1,0x9e3ed7b661a903fc97afcf49e0f014ebe869f882,0x9e3ed7b661a903fc97afcf49e0f014ebe869f882-1783406009396,Favorable-Pepper-Brushing,704.5874400118543,705.682808882485,74.62886999999999,1.0953688706308498,5294.745201000145,21,109,0.5714285714285714,0.9708070065446529,47.0,147.0,"btc,eth,sol"
2026-09-24 04:00:00+00:00,2,0x280e296e5f14091642208ac24614826d9902fbd8,0x280E296e5f14091642208Ac24614826D9902fbd8-1780260958670,Blissful-Cormorant,631.5038979931408,642.2811589086714,0.0,10.777260915530627,2058.5925470068596,10,125,0.5,0.0,32.5,113.0,btc
2026-09-24 04:00:00+00:00,3,0x21fe8f1e749083b1d9eb5c8e96845cc94fe4c3cc,CGonion,Another-Hectare,621.6661340209971,621.6661340209971,88.41951999999999,0.0,2644.224997979003,8,13,0.5,1.0,-55.5,-22.0,btc
2026-09-24 04:00:00+00:00,4,0x8ac8617241fbd47d189a512516206c2b9a1b47ab,Oussou931,Enchanted-Troop,552.127743106731,552.127743106731,75.21293,0.0,1859.8687998932692,10,12,0.6,1.0,28.0,30.5,btc
2026-09-24 04:00:00+00:00,5,0x44832d0d2ec11187c1e77d786feb15f6a50254c6,NIULAI4,Utter-Paramecium,546.7575120023938,547.4670991279352,33.41147,0.7095871255412841,1676.397709997606,3,252,1.0,0.8725405023369954,243.0,281.0,btc
2026-09-24 04:00:00+00:00,6,0x61228f69f8fe2b61eec3e42c63035d4656042c55,hhhh22222,Scared-Chauvinist,541.1903800321039,541.1903800321039,19.611819999999998,0.0,506.737799967896,1,3,1.0,1.0,300.0,300.0,btc
2026-09-24 04:00:00+00:00,7,0xbc5887953750f812be60e57ba6e178c847d65e72,1000monkeys,Ill-Informed-Full,485.5029660029803,500.21119531139425,0.0,14.708229308413877,2337.89278299702,12,374,0.5833333333333334,0.0,-48.5,209.0,btc
2026-09-24 04:00:00+00:00,8,0x239e726f1f4131ca78a7e5abf1fec86bfc151c10,EZTRADENL2,Fluid-Boy-Catamaran,485.0435499830826,494.5965945112198,58.684250000000006,9.553044528137251,4086.8117320169176,12,564,0.75,0.4880990930874928,14.5,168.0,btc
2026-09-24 04:00:00+00:00,9,0xae3db1cc155e1b2a5420e256c42cd1649b5a6b95,suspiciouslyLucky,Agitated-Conscience,446.1332240350614,446.1332240350614,52.19947,0.0,3943.2855799635386,32,77,0.875,1.0,176.5,185.0,"btc,eth,sol"
2026-09-24 04:00:00+00:00,10,0x502b532f55778c0985846dc53a9bc71eb4f33b15,0x502b532F55778c0985846Dc53a9bc71eB4F33b15-1761320484518,Stimulating-Power,400.61325200053375,404.58168369020655,0.20928000000000002,3.9684316896727636,1134.4775439994662,15,60,0.6666666666666666,0.2635398131777747,-24.0,-24.0,"btc,eth,sol"
2026-09-24 04:00:00+00:00,11,0x1c0041fce73d7345b12b87798b3106039a12741d,JesusKingofKings,Luminous-Sir,398.32824297603895,398.32824297603895,45.53796,0.0,2198.4217960134893,10,19,0.6,1.0,110.5,144.0,btc
2026-09-24 04:00:00+00:00,12,0xe9076a87c5ed90ef16e6fe6529c943baeca0cff6,suntori,All-Peasant-Drug,390.5780629734897,391.1583683566114,41.83037,0.5803053831216625,5190.26421802651,17,92,0.5294117647058824,0.9857395421723188,119.0,171.5,"btc,eth"
2026-09-24 04:00:00+00:00,13,0x780f07a9aaa3b7e5bd6719bc97be89c3b1ea91ff,goodsatoshi,Voluminous-Symptom,373.90834999800995,373.97895083174217,33.74125,0.07060083373217217,896.69040000199,11,50,0.6363636363636364,0.9911033953302251,23.0,51.0,btc
2026-09-24 04:00:00+00:00,14,0xf6ec4d8af29018a08c67fc105301e65fabbab67a,mtx-prod,Acclaimed-Tulip,345.7964100148067,345.7964100148067,8.96509,0.0,200.4299999851933,1,1,1.0,1.0,300.0,300.0,btc
2026-09-24 04:00:00+00:00,15,0xe1abfb374ec61d15afbfb4b8bcb683d3a27bc079,BigFatPilvas,Another-Print-Husband,343.4597469823287,343.4597469823287,26.66357,0.0,620.0000000176713,5,8,0.4,1.0,84.0,103.5,btc
2026-09-24 04:00:00+00:00,16,0xb55fa1296e6ec55d0ce53d93b9237389f11764d4,0xb55fa1296E6ec55D0cE53d93B9237389f11764d4-1777575277609,Lively-Authenticity,342.8638110446981,342.8638110446981,213.80946,0.0,8746.018766955302,12,200,0.8333333333333334,1.0,17.5,102.0,"btc,eth,sol"
2026-09-24 04:00:00+00:00,17,0x41e2e1ccf1e4940029af02259a31c6b89b9fa354,norm1e69,Improbable-Harmonica,325.0684520002124,327.100547860437,130.69801,2.0320958602245875,5477.447643999788,40,472,0.5,0.9374582710294731,26.0,164.5,"btc,eth,sol"
2026-09-24 04:00:00+00:00,18,0x3c58ef422754ff22c7e806336feba0064d8b776b,antsaslyku,Periodic-Scrap,306.9774660038728,307.761210984058,48.44461,0.7837449801852076,1796.149847996127,34,145,0.5588235294117647,0.9188492830038497,63.0,204.0,"btc,eth,sol"
2026-09-24 04:00:00+00:00,19,0x0ae49502214d903677022a2627f8cb27e7dba659,Hand6789hand,Dirty-Marionberry,306.84040000054233,307.88659183573344,5.1471,1.0461918351910988,287.9859069994576,1,11,1.0,0.4479385861067256,-54.0,-48.0,btc
2026-09-24 04:00:00+00:00,20,0xd84403efd50b49a1d8a7181627e00307e6ea5908,FairValueMachine,Sparkling-Daikon,302.59907199987316,305.111213447998,54.250750000000004,2.5121414481248294,2200.322157000127,10,116,0.9,0.8051382813943994,20.0,140.5,btc
2026-09-24 05:00:00+00:00,1,0xe9076a87c5ed90ef16e6fe6529c943baeca0cff6,suntori,All-Peasant-Drug,1756.4424819888582,1756.4424819888582,198.12346000000002,0.0,10251.47331803841,23,95,0.4782608695652174,1.0,47.0,183.0,"btc,eth"
2026-09-24 05:00:00+00:00,2,0x9e3ed7b661a903fc97afcf49e0f014ebe869f882,0x9e3ed7b661a903fc97afcf49e0f014ebe869f882-1783406009396,Favorable-Pepper-Brushing,826.0792499436836,826.6472998089561,136.17033,0.5680498652724659,5852.324441056317,24,132,0.4583333333333333,0.9880655974044523,63.0,126.0,"btc,eth"
2026-09-24 05:00:00+00:00,3,0x8bf4e27a45614d084e9b90bd6bc489c866a811d8,Paulkao1982,Caring-Adobe,815.287605957827,815.287605957827,44.38492,0.0,3299.999897042173,10,33,1.0,1.0,99.0,123.0,btc
2026-09-24 05:00:00+00:00,4,0x8ec422e3b8d0c4b86b57c97074d5fff43e0854f2,maroon6jdjdjdj,Accomplished-Landing,588.44145999,588.44145999,22.658640000000002,0.0,688.89990001,2,3,1.0,1.0,-628.0,-403.0,btc
2026-09-24 05:00:00+00:00,5,0xf3326d8fc30f7ed01bfade12c706cb52c397b1c0,0xf3326D8Fc30F7Ed01BfAde12c706cb52c397B1c0-1780211395335,Friendly-Diam,387.0676280014417,402.98044670706474,0.0,15.912818705623087,3245.599739998558,11,133,0.5454545454545454,0.0,38.0,155.0,btc
2026-09-24 05:00:00+00:00,6,0xb55fa1296e6ec55d0ce53d93b9237389f11764d4,0xb55fa1296E6ec55D0cE53d93B9237389f11764d4-1777575277609,Lively-Authenticity,333.48885898482325,333.48885898482325,130.8086,0.0,4891.833191015176,11,206,0.45454545454545453,1.0,72.0,545.5,"btc,eth,sol"
2026-09-24 05:00:00+00:00,7,0x48ac40fc545cf327edd5365435c3a9f385614a7e,BoneOhio,Warlike-Fallingout,323.4949379985544,324.99121168081956,16.70686,1.4962736822651495,27075.957799001444,17,213,1.0,0.6053032480204957,198.0,216.0,"btc,eth,sol"
2026-09-24 05:00:00+00:00,8,0xe2dcc25c3ee0127b7f0f6501d2950f2f47a9282c,xamarin111,Jubilant-Tummy,313.65270302163754,313.65270302163754,18.09889,0.0,1190.3899959783625,1,6,1.0,1.0,173.0,176.5,btc
2026-09-24 05:00:00+00:00,9,0x0bf96a1c55e6f47ea84335bc3fc08a89653efd90,alboto,Polite-Promenade,308.0113029969008,314.31057667086367,0.0,6.299273673962866,891.9871290030992,9,60,0.6666666666666666,0.0,-43.0,-21.5,btc
2026-09-24 05:00:00+00:00,10,0x6d0194729138692c6db1ca949b54ed6567f17137,Lion1123,Regal-Virus-Smock,292.5716929963762,292.5716929963762,32.913889999999995,0.0,1265.2585929820236,2,65,0.5,1.0,47.0,95.0,btc
2026-09-24 05:00:00+00:00,11,0xf518944dcdaa9968e9414bd6e7ac2d49f98bbb10,woshsfq20,Linear-Turret,276.58299000369595,276.6349631202934,11.38171,0.05197311659745104,372.045299996304,3,5,0.6666666666666666,0.9773242666952551,-28.0,-28.0,btc
2026-09-24 05:00:00+00:00,12,0x21fe8f1e749083b1d9eb5c8e96845cc94fe4c3cc,CGonion,Another-Hectare,256.8414459584934,256.8414459584934,37.66192,0.0,1101.6418000342187,4,8,0.5,1.0,-22.0,15.5,btc
2026-09-24 05:00:00+00:00,13,0xdf0d2ccfe3d7c2ef120395534e43afe283509f79,0xdf0D2CcfE3d7C2EF120395534e43Afe283509F79-1774320078733,Slow-Minute,237.52859400073396,238.83484966493177,0.0,1.306255664197808,150.40946499926602,6,22,0.8333333333333334,0.0,7.5,9.0,btc
2026-09-24 05:00:00+00:00,14,0x2f8b35dc9eaee0c4550ccd9afde7ac54d91dba14,Robotron.4,Muffled-Bit-Spreadsheet,235.2387800053169,236.20399233492802,10.54842,0.9652123296111111,451.1494719946831,4,27,0.5,0.6816410504374685,-876.5,-67.0,btc
2026-09-24 05:00:00+00:00,15,0x361528e242bc6cc789ac8da6fd5cb98046178fdf,ohioism,Lumpy-Pagoda,232.37607600910061,232.48990218694414,14.94291,0.11382617784353122,659.1202719908994,21,31,0.8095238095238095,0.9531210291762569,162.0,188.0,"btc,eth,sol"
2026-09-24 05:00:00+00:00,16,0x987d5f59b2c190a860ff80d62105c6af3953c90b,greatrise,Nice-Laundry,218.49901800393232,218.49901800393232,19.64986,0.0,397.32999999606767,17,19,0.35294117647058826,1.0,56.0,62.0,"btc,eth"
2026-09-24 05:00:00+00:00,17,0xdab7817e670763a31be053d567f675c8549e4baf,DefineX,Yummy-Hepatitis-Soy,213.69882000704544,214.4812487750818,18.21638,0.7824287680363532,1084.0538489929545,20,112,0.8,0.7862018116399716,164.0,253.0,"btc,eth,sol"
2026-09-24 05:00:00+00:00,18,0x1ce1469715b0f59f7597691d678d4781c117523f,parlaygod666,Unfit-Sandal,213.46990200215862,213.46990200215862,12.53682,0.0,895.2135849978414,1,9,1.0,1.0,173.0,179.0,btc
2026-09-24 05:00:00+00:00,19,0x09a7987daa6b37e117f2cfef385f51789667ba39,yoyoyoyoyoyoyoyoyoyoyoyoyoyoyo,Naive-Likeness-Downstairs,204.68178800282703,212.41832642355848,0.0,7.736538420731446,1135.6333579971729,10,54,0.6,0.0,-31.5,-15.0,btc
2026-09-24 05:00:00+00:00,20,0xcfb48851b89e09c2f0d7c17c44dc9e48d01d47c2,lee1021,Well-Informed-Town,189.63143701590025,193.6198140181449,22.54596,3.9883770022446416,974.7849339840998,2,40,0.5,0.5129336559825024,11.5,2.5,btc
2026-09-24 06:00:00+00:00,1,0x9f1a9b421e58a34435f4cb697fffe6c9ed487dd7,RTBnew,Fluid-Bite,1109.4418939936875,1117.264398020866,18.65517,7.822504027178524,4825.840970992891,5,238,0.8,0.12752475759208093,48.0,160.0,btc
2026-09-24 06:00:00+00:00,2,0x80ba7656a65e35b069984891291e8cf5bac8d2df,wsdsg99,Nutty-Dagger,929.91363003148,929.91363003148,4.26567,0.0,65.19069996852,1,1,1.0,1.0,185.0,185.0,btc
2026-09-24 06:00:00+00:00,3,0xf518944dcdaa9968e9414bd6e7ac2d49f98bbb10,woshsfq20,Linear-Turret,711.9045459941038,716.5045353157167,20.89014,4.599989321612887,1303.1939480058963,6,37,0.6666666666666666,0.43553678319910133,-27.5,-6.0,btc
2026-09-24 06:00:00+00:00,4,0xefd1144fefbeaa6f181392a9ef73c2d5e275c520,benzeau,Marvelous-Installation,587.4222210085047,587.4222210085047,97.51289,0.0,5064.911497012967,8,32,0.625,1.0,59.5,148.0,btc
2026-09-24 06:00:00+00:00,5,0xfc1cc1371716470b3ba6f53a234f737842c1511a,GAMLL,Rusty-Email-Robotics,580.3396150049543,580.3396150049543,39.183080000000004,0.0,1199.9999899950458,11,48,0.6363636363636364,1.0,-28.0,-17.0,eth
2026-09-24 06:00:00+00:00,6,0x1b414826a2c991d5ae1669a754291626d0df0b56,Kathod-Shi-14,Compassionate-Restriction-Junker,506.7901989985137,510.0507182372409,54.84738,3.2605192387272584,4061.1455470014866,46,1169,0.6956521739130435,0.7518450264005041,25.0,98.0,"btc,eth,sol"
2026-09-24 06:00:00+00:00,7,0x280e296e5f14091642208ac24614826d9902fbd8,0x280E296e5f14091642208Ac24614826D9902fbd8-1780260958670,Blissful-Cormorant,501.36963401625314,514.969375571577,0.0,13.59974155532378,3349.1989829837466,11,140,0.7272727272727273,0.0,45.0,227.0,btc
2026-09-24 06:00:00+00:00,8,0x41e2e1ccf1e4940029af02259a31c6b89b9fa354,norm1e69,Improbable-Harmonica,499.85949599889125,502.3812038322591,145.28906,2.5217078333678424,6466.719989001109,40,576,0.55,0.9414148446744451,42.5,201.0,"btc,eth,sol"
2026-09-24 06:00:00+00:00,9,0xe8ade1c67a880380ec861c476052c2f00057a859,suanlimao6,Careful-Rations,478.7703999674907,478.7703999674907,31.162100000000002,0.0,1647.5325000549594,2,3,1.0,1.0,77.5,105.0,btc
2026-09-24 06:00:00+00:00,10,0x502b532f55778c0985846dc53a9bc71eb4f33b15,0x502b532F55778c0985846Dc53a9bc71eB4F33b15-1761320484518,Stimulating-Power,451.4616159996755,458.9973767569575,0.4546,7.535760757281998,3639.9730630003246,26,124,0.6923076923076923,0.17841890276646313,-23.0,-9.0,"btc,eth,sol"
2026-09-24 06:00:00+00:00,11,0x86b14772a4da70f3e6d5eee06933ebef143efc87,machinelearned,Fitting-Entree,438.72636299028187,451.86640743567216,0.0,13.140044445390306,3747.021008009718,12,153,0.8333333333333334,0.0,52.0,212.0,btc
2026-09-24 06:00:00+00:00,12,0xc2ad03f79ca3f3c17d8c7de2612ce0c89b7d40ed,bosona,Impolite-Sister,423.99067999874717,436.88815155835607,4.7057,12.897471559608924,3678.931555001253,19,88,0.631578947368421,0.042910474859309045,68.0,224.0,"btc,eth,sol"
2026-09-24 06:00:00+00:00,13,0x0d2d845a6ff64e31e04a70afce8a573940767ff5,38791873984189,Sympathetic-Back,412.79665099671024,418.09779338095393,0.0,5.301142384243725,737.2478490032897,11,27,0.6363636363636364,0.0,-138.0,-106.0,"btc,eth,sol"
2026-09-24 06:00:00+00:00,14,0x0c7c5204404e9d5402d258fedac59c7212bae4cb,OhioRiskManagement,Palatable-Patent,398.6272890000395,398.6272890000395,29.27592,0.0,1998.3777449999604,36,373,0.6666666666666666,1.0,47.0,128.0,"btc,eth,sol"
2026-09-24 06:00:00+00:00,15,0xb129a54d3b23214728dcc544034fc83067cd890c,0xB129a54d3b23214728Dcc544034fc83067CD890C-1780260877658,Excited-Conviction,397.47055600686997,419.14476417331093,0.0,21.67420816644093,4510.26251999313,12,294,0.5833333333333334,0.0,10.5,231.0,btc
2026-09-24 06:00:00+00:00,16,0xb543fd77aeadc8f2a153187664c0b38dcd505d5e,,,384.3749219938663,392.93431131344664,0.06006,8.559389319580314,2094.521681006134,12,215,0.75,0.0018620003007687076,15.5,146.0,btc
2026-09-24 06:00:00+00:00,17,0x7ae555dd33c6d2ed4fe436acb01bd8f9bc937c01,0x96bb3523fB5F57c28C15cAfBC2708bC9B960513E-1771528478010,Teeming-Wrestler,368.0869439954272,368.0869439954272,104.84249,0.0,3272.906699981425,9,16,0.7777777777777778,1.0,66.0,133.5,btc
2026-09-24 06:00:00+00:00,18,0x42338f0daff7b6f0ba92c3217d405862524b6aae,0x42338F0dAFF7B6F0bA92C3217D405862524B6AAe-1780265612600,Tattered-Phenomenon,363.35054699956527,374.9921422759683,0.0,11.641595276403118,1923.9714000004349,36,300,0.5555555555555556,0.0,46.0,221.5,"btc,eth,sol"
2026-09-24 06:00:00+00:00,19,0x6ed5ceabbc6cfdc99c29a8648ef0dc769fe53028,gepolis,Crafty-Vista,349.3002679924906,349.3002679924906,18.51568,0.0,532.6242989995094,15,23,0.8,1.0,207.0,240.0,"btc,eth"
2026-09-24 06:00:00+00:00,20,0x9e3ed7b661a903fc97afcf49e0f014ebe869f882,0x9e3ed7b661a903fc97afcf49e0f014ebe869f882-1783406009396,Favorable-Pepper-Brushing,341.62077291786863,342.18786305057506,239.32828,0.567090132706465,10304.48130312269,25,151,0.36,0.9899759728837149,26.0,107.0,"btc,eth"
2026-09-24 07:00:00+00:00,1,0xb55fa1296e6ec55d0ce53d93b9237389f11764d4,0xb55fa1296E6ec55D0cE53d93B9237389f11764d4-1777575277609,Lively-Authenticity,972.2105380029556,974.9193519782073,258.11622,2.708813975251653,12527.412176997044,31,577,0.7096774193548387,0.9585326705420719,17.0,176.0,"btc,eth,sol"
2026-09-24 07:00:00+00:00,2,0xc5e6250906f3a43348374632092a64ee2cf22d79,peipeipei,Embellished-Doorknob,627.9199600116181,636.2897965895955,96.79446,8.369836577977424,10815.513092087254,12,237,0.75,0.7122677265980434,52.0,126.0,btc
2026-09-24 07:00:00+00:00,3,0x3c319770716acf1dc41465ff650f83d5326480cc,20260904-liu,Wild-Path,582.8295830531025,582.8295830531025,22.72769,0.0,699.9999999468973,1,1,1.0,1.0,-16.0,-16.0,btc
2026-09-24 07:00:00+00:00,4,0x3089fcf3fe5b67ec287654b4d627bcd1d51135e4,13897651,Favorable-Idea-Chance,482.4790329844511,482.4790329844511,73.23856,0.0,2150.308689015549,12,162,0.75,1.0,-36.5,-17.5,btc
2026-09-24 07:00:00+00:00,5,0x9152315d078354c5d27f93d26515a69fb41cabfb,0x9152315D078354C5d27F93d26515A69Fb41caBfb-1772811069668,Total-Museum,371.44411497775616,371.44411497775616,51.93729,0.0,4567.85286991776,12,43,0.9166666666666666,1.0,50.5,114.0,btc
2026-09-24 07:00:00+00:00,6,0xc53375ff94e96100f2b30a4b5775db35218d69a9,dangerously-skip-permissions,Lone-Easel-Election,370.377024996528,375.39324364073445,108.52763,5.016218644206451,4355.720850003472,11,302,0.6363636363636364,0.7845486241391957,9.0,119.0,btc
2026-09-24 07:00:00+00:00,7,0xac37a8cd31274e19d0d2b177825057e7ecb5b46b,,,319.2883000066239,319.2883000066239,11.30532,0.0,562.8330999933762,3,4,1.0,1.0,26.0,38.5,btc
2026-09-24 07:00:00+00:00,8,0x21f4c1a1be34a39a7bc20985df4b7e5a39fb691d,CrouchPredictions,Vague-Hourglass,305.24092201345275,357.4186742953752,47.95655,52.1777522819224,15703.056353986547,12,1641,0.6666666666666666,0.1880874345360093,5.0,126.0,btc
2026-09-24 07:00:00+00:00,9,0xb4077d7ecb09e5478305fb0c71bc176a5eda252c,0xB4077D7ecB09E5478305fB0c71Bc176a5EDa252c-1772320937442,Expensive-Arrest,286.1728360199044,286.1728360199044,15.55871,0.0,1701.7215889800955,1,11,1.0,1.0,12.0,51.0,btc
2026-09-24 07:00:00+00:00,10,0x2ed94d1a460379292d2e3b46f2cf7d94b033f271,Hsilverbasher,Peppery-Digging,286.13334299910457,286.9020427466066,39.90764,0.7686997475020588,2282.5383740008956,29,120,0.6551724137931034,0.9384361395189352,9.0,64.0,"btc,eth,sol"
2026-09-24 07:00:00+00:00,11,0xb27bc932bf8110d8f78e55da7d5f0497a18b5b82,,,280.72913500870436,396.59274192490483,12.64463,115.86360691620051,25403.594373991295,44,2119,0.6136363636363636,0.02578476054836254,9.0,167.0,"btc,eth,sol"
2026-09-24 07:00:00+00:00,12,0x32ed2e546b187ca15e2841edc82b22c713cf8ec3,mo-money,Amazing-Mail,278.4514830041508,290.4001430075072,10.66516,11.948660003356414,3530.3433319958494,14,83,0.5714285714285714,0.09935404775537916,36.0,141.0,"btc,eth"
2026-09-24 07:00:00+00:00,13,0xae3db1cc155e1b2a5420e256c42cd1649b5a6b95,suspiciouslyLucky,Agitated-Conscience,277.10854799641,277.10854799641,40.02622,0.0,2785.29247800359,31,68,0.7096774193548387,1.0,177.0,177.0,"btc,eth,sol"
2026-09-24 07:00:00+00:00,14,0x7743aea53acd19e496c1c515eb0a143fb437fb42,0x7743AEa53ACd19E496C1C515EB0a143fb437fB42-1780258394212,Disgusting-Tennis,270.6667069978621,282.4771358848367,0.0,11.810428886974668,2684.763795002138,11,98,0.36363636363636365,0.0,26.0,60.0,btc
2026-09-24 07:00:00+00:00,15,0x568b079891fcc8bef2e557fa2a8a7ecca1700b3b,,,255.43173399932806,263.55964611944154,0.0,8.12791212011346,2043.617081000672,12,266,0.9166666666666666,0.0,16.5,109.0,btc
2026-09-24 07:00:00+00:00,16,0x48ac40fc545cf327edd5365435c3a9f385614a7e,BoneOhio,Warlike-Fallingout,242.34698800410484,242.65048435215832,7.46363,0.3034963480534544,8760.139098995896,12,48,1.0,0.7567391252675132,219.0,215.0,"btc,eth,sol"
2026-09-24 07:00:00+00:00,17,0xeebde7a0e019a63e6b476eb425505b7b3e6eba30,Bonereaper,Popular-Insurrection,220.77707700684596,222.11830959612163,37.18649,1.3412325892756707,3411.183036993154,28,144,0.6071428571428571,0.591606014133793,0.5,86.5,"btc,eth,sol"
2026-09-24 07:00:00+00:00,18,0xfc1cc1371716470b3ba6f53a234f737842c1511a,GAMLL,Rusty-Email-Robotics,218.86009098830377,218.86009098830377,34.29589,0.0,1042.7759920116962,9,42,0.4444444444444444,1.0,-25.0,-34.0,eth
2026-09-24 07:00:00+00:00,19,0xc2ad03f79ca3f3c17d8c7de2612ce0c89b7d40ed,bosona,Impolite-Sister,213.3371770003804,222.89023004487413,6.568020000000001,9.553053044493709,2595.1409949996196,15,70,0.6,0.10365799026655174,38.0,125.5,"btc,eth"
2026-09-24 07:00:00+00:00,20,0xaa6de553223d62226c184cd70267c93b22767619,0xaa6D,Threadbare-Constant,212.65498901207,212.65498901207,17.3117,0.0,1056.803789991158,9,20,0.5555555555555556,1.0,68.0,477.5,"btc,eth,sol"
2026-09-24 08:00:00+00:00,1,0x3663ed135115e034de3a9ad8cdca8493e8d68950,Nikos888,Several-Morning,5546.308394820917,5546.308394820917,62.419039999999995,0.0,1261.2232001790826,4,19,0.25,1.0,25.5,218.0,btc
2026-09-24 08:00:00+00:00,2,0x71246529fd8c3887724b178844ba1bb94defcc9c,Understandable98,Pointed-Dose-Formamide,3036.1155467976305,3036.1155467976305,440.51102000000003,0.0,21048.977199897523,6,23,0.8333333333333334,1.0,31.5,150.0,btc
2026-09-24 08:00:00+00:00,3,0xd84c2713e2b58beb1d9dc4421aabd778573ee0a5,0x66666666666,Prize-Snowstorm,3000.0,3016.802227044243,0.0,16.80222704424278,2000.0,1,1,1.0,0.0,-121.0,-121.0,btc
2026-09-24 08:00:00+00:00,4,0xa7614974faca5be9a1b809c978d0a8fc532a866b,0xA7614974FAca5Be9A1b809c978d0A8FC532a866B-1777736641378,Humongous-Fly,2954.155400075907,2954.73731517013,77.88,0.5819150942228757,6840.274599924092,1,25,1.0,0.44057982700833903,303.0,305.0,btc
2026-09-24 08:00:00+00:00,5,0x5bae7577f470244ce8e678d20693eee2b8ffed25,makerabi,Beloved-Pathway-Administration,2602.2119249953685,2602.2119249953685,2.62188,0.0,62.209991004631455,2,6,1.0,1.0,295.0,296.5,"btc,sol"
2026-09-24 08:00:00+00:00,6,0xb27bc932bf8110d8f78e55da7d5f0497a18b5b82,,,2282.615132025197,2408.0898435968234,29.93102,125.47471157162585,25072.770597974803,31,2152,0.5483870967741935,0.02863221263005378,9.0,191.0,"btc,eth,sol"
2026-09-24 08:00:00+00:00,7,0x04c2b85b8388e6255146b030f1231bcde3ffb374,moneyforll,Boring-Line-Photo,2219.406464904887,2219.406464904887,3.5529800000000002,0.0,137.98500009511312,3,7,1.0,1.0,290.0,291.0,"btc,sol"
2026-09-24 08:00:00+00:00,8,0xf518944dcdaa9968e9414bd6e7ac2d49f98bbb10,woshsfq20,Linear-Turret,1966.6534779991453,1968.9643371629472,97.40179,2.310859163801907,4032.7193390008547,6,52,0.6666666666666666,0.9140342260749518,-38.0,-25.0,btc
2026-09-24 08:00:00+00:00,9,0x8ac8617241fbd47d189a512516206c2b9a1b47ab,Oussou931,Enchanted-Troop,1873.1692840258575,1873.1692840258575,109.0635,0.0,3659.9999929741425,12,23,0.8333333333333334,1.0,27.5,48.0,btc
2026-09-24 08:00:00+00:00,10,0x3708cef9f92678df15a0473e36c45d68a16cdaf9,0x3708CEF9f92678DF15A0473e36c45d68A16cdAf9-1780222715877,Hearty-Prospect,1162.4737099947083,1176.6119681283524,0.0,14.13825813364395,2711.7850290052916,12,157,0.75,0.0,15.0,101.0,btc
2026-09-24 08:00:00+00:00,11,0x0d2d845a6ff64e31e04a70afce8a573940767ff5,38791873984189,Sympathetic-Back,1071.560378019953,1103.2727841513251,0.0,31.712406131372422,4264.788263980047,27,170,0.5555555555555556,0.0,-279.0,-141.5,"btc,eth,sol"
2026-09-24 08:00:00+00:00,12,0x3387ac6178b871d26dc701ba458105b513acbe96,sfkjbsr457,Even-Bladder,1042.193155012946,1054.2991660598502,0.0,12.106011046904397,2268.925068987054,14,101,0.8571428571428571,0.0,-22.5,-7.0,"btc,sol"
2026-09-24 08:00:00+00:00,13,0x6ba25c9f2fe6e9e5dd47983b629c00cd59958d0e,Vega7,Worse-Rectangle,1012.8899360002139,1012.8899360002139,2.6656199999999997,0.0,39.99999999978611,5,6,0.4,1.0,234.0,240.0,btc
2026-09-24 08:00:00+00:00,14,0x7cf89836b082aab85b137d45bfc6b991cf2104ae,Alpharo28,Thin-Saint,872.8702500060845,899.1637983905241,0.84665,26.293548384439564,3865.655072999517,36,340,0.6111111111111112,0.007631306840087459,-162.5,-18.0,"btc,eth,sol"
2026-09-24 08:00:00+00:00,15,0xb7f945f9696f1adcbf095b5cd07af61fb1e66add,Xecre,Noteworthy-Pruner-Exclamation,790.9107869935463,790.9107869935463,1.86992,0.0,43.02996000645368,1,9,1.0,1.0,294.0,297.0,btc
2026-09-24 08:00:00+00:00,16,0x7f4da3b370ad9c3996c3d5396c8420d681cafdbe,TommyHoo,Inexperienced-Breakfast-Boyfriend,786.0080220041609,786.0080220041609,1.6320199999999998,0.0,48.31995899583913,1,10,1.0,1.0,294.0,298.0,btc
2026-09-24 08:00:00+00:00,17,0xf95d1eb4da78e0e84302f9987659fc16b2c7a6ea,0xF95d1eB4da78E0e84302f9987659FC16B2c7A6eA-1788839897918,Bad-Main-Verification,779.0415310040005,781.0392549508397,0.0,1.9977239468392503,143.98958499599954,12,123,0.08333333333333333,0.0,206.5,242.0,btc
2026-09-24 08:00:00+00:00,18,0x14e3bfabbe01a8c76f1eb7b756620b50bc0fea3a,gudwin,Spiffy-Sitar,721.4491289980926,729.2050673777397,3.49423,7.755938379647068,1182.9435040019073,10,46,0.9,0.08791189067625357,-126.0,-51.5,btc
2026-09-24 08:00:00+00:00,19,0xc8a4337850be801fcf6a0a2c257085895cd8c97f,0xc8a4337850Be801fcf6a0a2c257085895Cd8c97f-1790014603793,Wide-Swordfish-Latitude,715.1254850162883,715.5958338542398,29.61457,0.4703488379515199,2614.682598982706,2,21,1.0,0.35759598482316324,65.5,237.0,btc
2026-09-24 08:00:00+00:00,20,0x2adb9d6fa7b9c1da811d953ec2262fdde3217b43,0x3d2450E154509239112e2Df787E48d642a265Ee2-1721030723711,Worthless-Episode,687.2397450112979,687.2397450112979,6.96406,0.0,1809.889759988702,6,10,1.0,1.0,203.5,213.5,btc
2026-09-24 09:00:00+00:00,1,0x3663ed135115e034de3a9ad8cdca8493e8d68950,Nikos888,Several-Morning,1114.3659038677645,1114.3659038677645,267.99402000000003,0.0,11037.332878132236,10,61,0.4,1.0,100.5,144.0,btc
2026-09-24 09:00:00+00:00,2,0x8ac8617241fbd47d189a512516206c2b9a1b47ab,Oussou931,Enchanted-Troop,1090.357592920967,1090.357592920967,110.31335,0.0,2999.999999079033,12,21,0.6666666666666666,1.0,18.0,32.0,btc
2026-09-24 09:00:00+00:00,3,0x61fc08ca58fd4f391346e5f7732d0ec8d1077efe,zy999999999,Triangular-Psychology-Pouch,919.9887839901008,927.240882940003,1e-05,7.252098949902137,3039.957833010101,1,43,1.0,3.2566241190909e-06,54.0,818.0,btc
2026-09-24 09:00:00+00:00,4,0x0d2d845a6ff64e31e04a70afce8a573940767ff5,38791873984189,Sympathetic-Back,880.1584439769489,898.7116159108494,0.0,18.55317193390075,2510.543795023051,26,155,0.7692307692307693,0.0,-278.0,-172.0,"btc,eth,sol"
2026-09-24 09:00:00+00:00,5,0x5e60d871c2d646de185e541290689b727ef0e468,0x3664555C090fBEFHSVE94a7d216FCe860d746HD5,Victorious-Recess,733.0606949891803,733.0606949891803,72.43034,0.0,3236.8066730108194,11,151,0.7272727272727273,1.0,54.0,317.0,"btc,eth,sol"
2026-09-24 09:00:00+00:00,6,0x7743aea53acd19e496c1c515eb0a143fb437fb42,0x7743AEa53ACd19E496C1C515EB0a143fb437fB42-1780258394212,Disgusting-Tennis,559.1743819997845,567.3930345275609,0.0,8.218652527776461,1862.7742600002157,10,85,0.8,0.0,26.5,105.0,btc
2026-09-24 09:00:00+00:00,7,0x03f1a9997a7207f03b32c7e203fc88ff67c4e633,pipi5673,Late-Sniffle-Antiquity,524.8872260028365,524.8872260028365,10.53335,0.0,208.30419999716347,1,12,1.0,1.0,66.0,103.0,btc
2026-09-24 09:00:00+00:00,8,0x664a25f165a0150ce687410470f3352f5783fc5f,itsonlyamatteroftime,Satisfied-Fan,507.74598500155525,512.0557917473697,0.0,4.309806745814469,854.5283419984447,7,20,0.5714285714285714,0.0,318.0,181.5,"btc,eth,sol"
2026-09-24 09:00:00+00:00,9,0x14e3bfabbe01a8c76f1eb7b756620b50bc0fea3a,gudwin,Spiffy-Sitar,488.16059902702216,495.3324215739773,7.269360000000001,7.171822546955125,1202.4066109984537,8,60,0.625,0.16539887438542514,-113.0,-55.0,btc
2026-09-24 09:00:00+00:00,10,0x86b14772a4da70f3e6d5eee06933ebef143efc87,machinelearned,Fitting-Entree,478.5166260017393,490.6717263379169,0.0,12.15510033617753,3725.4210949982607,12,101,0.8333333333333334,0.0,41.5,140.0,btc
2026-09-24 09:00:00+00:00,11,0xeebde7a0e019a63e6b476eb425505b7b3e6eba30,Bonereaper,Popular-Insurrection,468.0424819983727,469.73877862114773,49.19481,1.6962966227750347,4409.916935001627,27,159,0.5925925925925926,0.6917061579532323,-13.0,68.0,"btc,eth,sol"
2026-09-24 09:00:00+00:00,12,0x9e3ed7b661a903fc97afcf49e0f014ebe869f882,0x9e3ed7b661a903fc97afcf49e0f014ebe869f882-1783406009396,Favorable-Pepper-Brushing,443.41592895908553,443.9683460399405,98.31242999999999,0.5524170808549981,3784.914107049103,20,143,0.55,0.9512953544547227,20.5,71.0,"btc,eth"
2026-09-24 09:00:00+00:00,13,0xe3eeb127d5763a6e4ad597f773f9d259c94d5176,0xe3EeB127d5763a6E4aD597f773F9d259C94d5176-1780742904507,Unwilling-Entirety,396.54594900436234,397.17178718448287,13.80859,0.6258381801204773,1259.3274609956377,10,26,0.9,0.8961650046943695,-4.0,-2.0,"btc,eth,sol"
2026-09-24 09:00:00+00:00,14,0x14a29b12bf88a4492ee6e28e853dafcf27d01b42,nfsduf8,Blissful-Pig,389.9853259984611,393.18423947141,10.92117,3.1989134729489,970.5260000015389,15,100,0.6666666666666666,0.386539361129125,21.0,70.5,"btc,eth"
2026-09-24 09:00:00+00:00,15,0xf03b3be0a0e7026bc41bbfcdc286129962833ba1,GameMaster2026,Powerful-Mastoid,379.8800969736332,379.8800969736332,64.26694,0.0,1726.2300980085429,10,19,0.6,1.0,47.5,42.0,btc
2026-09-24 09:00:00+00:00,16,0xae7327b1dd33a76918d12489128942e8a2b5a5e9,BottleUp,Optimal-Milk-Hole,373.78052999236513,373.78052999236513,20.40054,0.0,709.0299880076348,8,33,0.75,1.0,8.5,17.0,btc
2026-09-24 09:00:00+00:00,17,0xd84403efd50b49a1d8a7181627e00307e6ea5908,FairValueMachine,Sparkling-Daikon,354.96141199964416,357.34147133178476,53.92882,2.3800593321405965,2183.332079000356,11,141,0.6363636363636364,0.8156671708926518,20.0,164.0,btc
2026-09-24 09:00:00+00:00,18,0x576b0696fd5a9225d66fd9500fd98f5be10b0cab,Hcrystallash,Moral-Roof,345.49542100744003,347.0554959871124,57.83509,1.5600749796723252,4726.10051399256,48,388,0.375,0.6925414494047014,11.0,221.5,"btc,eth,sol"
2026-09-24 09:00:00+00:00,19,0x31393e2f8333d4a6e2e31ca6424defe8b6cb9e2e,hot-garbage,Wooden-Hearsay,332.3574730026809,344.2317874595219,21.74457,11.874314456841017,2775.7529779973192,24,773,0.5,0.2952294409822629,6.0,68.0,"btc,eth"
2026-09-24 09:00:00+00:00,20,0x3b905d3792d9304e2e61a9d301d985489f20efc9,brandsdisasterng,Smoggy-Shovel,315.7262760002206,316.53694215861424,0.0,0.8106661583936234,71.4848299997794,1,39,1.0,0.0,15.0,38.0,btc
2026-09-24 10:00:00+00:00,1,0xe9076a87c5ed90ef16e6fe6529c943baeca0cff6,suntori,All-Peasant-Drug,3101.1546529657335,3101.7214482888726,147.57942,0.566795323139161,5814.8537970814805,17,118,0.6470588235294118,0.9873454410774725,39.0,146.0,"btc,eth"
2026-09-24 10:00:00+00:00,2,0x9e3ed7b661a903fc97afcf49e0f014ebe869f882,0x9e3ed7b661a903fc97afcf49e0f014ebe869f882-1783406009396,Favorable-Pepper-Brushing,1947.3781909663576,1947.3808431840807,141.77528999999998,0.002652217723417836,5342.561651048299,22,142,0.5454545454545454,0.9988180389085896,66.0,192.0,"btc,eth,sol"
2026-09-24 10:00:00+00:00,3,0xac2a98a39ed9ed2ebfbc7bc3bb053882edfb207b,finrevpol,Bad-Wastebasket-Reject,1266.0418440468418,1266.0418440468418,39.6212,0.0,999.9999999531581,1,2,1.0,1.0,47.0,47.0,btc
2026-09-24 10:00:00+00:00,4,0x672c9e0698b0d668f8fd8baf0e1e19c76142881b,Antonio1729-2,Descriptive-Spectrograph,1136.2566519765596,1136.2566519765596,15.393389999999998,0.0,278.1219000234403,4,8,1.0,1.0,783.5,805.0,"btc,eth"
2026-09-24 10:00:00+00:00,5,0x664a25f165a0150ce687410470f3352f5783fc5f,itsonlyamatteroftime,Satisfied-Fan,1126.8269479697747,1142.9016737457569,0.0,16.074725775982166,2858.025499030594,8,65,0.5,0.0,443.5,804.0,"btc,eth,sol"
2026-09-24 10:00:00+00:00,6,0x6d0194729138692c6db1ca949b54ed6567f17137,Lion1123,Regal-Virus-Smock,854.5987149714194,854.5987149714194,39.31124,0.0,1444.4382980360883,2,54,0.5,1.0,57.5,79.0,btc
2026-09-24 10:00:00+00:00,7,0x071a80774cef3eea0c610a1d1f8a788e795d7400,CnR89,Fixed-Garbage-Skyscraper,787.7676899838079,788.6255957380637,9.54251,0.8579057542557177,841.309800016192,3,12,1.0,0.9081962435258527,699.0,791.5,btc
2026-09-24 10:00:00+00:00,8,0xf518944dcdaa9968e9414bd6e7ac2d49f98bbb10,woshsfq20,Linear-Turret,707.9991450046032,712.6016079882245,41.62699,4.6024629836214626,2441.834562995397,6,42,0.6666666666666666,0.6944531892942776,-29.5,-22.0,btc
2026-09-24 10:00:00+00:00,9,0xcfddfb6e1b321fcfdcb6f9aa09b11990142ce5da,trdyugiolkw,Deadly-Champion,606.936238007209,633.6353791975431,10.89538,26.699141190334082,6018.808025992791,11,379,0.8181818181818182,0.09259323400800347,95.0,624.0,btc
2026-09-24 10:00:00+00:00,10,0xb945945d5bcaf7b56834d4da8cdf8f8f94b2db68,l5Zn1bWoM8eTsK,Noisy-Colonisation,593.1145849900365,617.0096002245533,12.357140000000001,23.895015234516748,5540.042781009963,15,308,0.6666666666666666,0.09884225116096386,203.0,618.0,"btc,eth"
2026-09-24 10:00:00+00:00,11,0xf03b3be0a0e7026bc41bbfcdc286129962833ba1,GameMaster2026,Powerful-Mastoid,573.6462989923454,573.6462989923454,23.65529,0.0,490.0000000076546,3,7,0.3333333333333333,1.0,24.0,26.0,btc
2026-09-24 10:00:00+00:00,12,0xb27bc932bf8110d8f78e55da7d5f0497a18b5b82,,,543.5780499787161,678.4078233091764,30.41175,134.8297733304603,28385.020331021282,43,2187,0.5348837209302325,0.041267952861915515,11.0,215.0,"btc,eth,sol"
2026-09-24 10:00:00+00:00,13,0x42811a04202d471323a87c33885677187aff1a5a,traderoffical,Blank-Relation-Leisure,456.3959980014346,456.4358445512355,7.4775,0.03984654980085628,701.3952649985654,4,18,1.0,0.9944414152839008,738.5,806.0,btc
2026-09-24 10:00:00+00:00,14,0xe1abfb374ec61d15afbfb4b8bcb683d3a27bc079,BigFatPilvas,Another-Print-Husband,452.25008701039496,452.25008701039496,58.64907,0.0,2051.5492989896047,9,16,0.6666666666666666,1.0,-12.0,54.5,btc
2026-09-24 10:00:00+00:00,15,0xfc1cc1371716470b3ba6f53a234f737842c1511a,GAMLL,Rusty-Email-Robotics,440.7186259910416,440.7186259910416,44.08271,0.0,1853.5090790089585,8,57,0.75,1.0,-23.0,-27.0,eth
2026-09-24 10:00:00+00:00,16,0x234c6097892cf9cd8f8d621a2e049b0262e5b56d,mispp,Colossal-Egg,426.37957900164105,427.95197797849903,0.78142,1.5723989768579751,711.936944998359,2,8,1.0,0.7840006111795288,505.0,803.0,btc
2026-09-24 10:00:00+00:00,17,0xa28ef4607084c45cb7ecac0cc75badcdd8c01654,gekuro,Giddy-Residue-Skiing,356.9928820228088,356.9928820228088,10.96363,0.0,272.6999999771912,1,1,1.0,1.0,123.0,123.0,btc
2026-09-24 10:00:00+00:00,18,0xbd0f6c867e2a852807ef8fcdd76d696053da48fd,FatSlag,Tidy-Set,347.2208509996044,354.47769368890516,0.0,7.2568426893007265,980.1833820003955,19,120,0.5263157894736842,0.0,-49.0,-36.0,"btc,eth,sol"
2026-09-24 10:00:00+00:00,19,0x0d2d845a6ff64e31e04a70afce8a573940767ff5,38791873984189,Sympathetic-Back,343.90861300192284,352.52466969427735,0.0,8.616056692354455,1190.152422998077,13,30,0.46153846153846156,0.0,-204.0,-152.5,"btc,eth,sol"
2026-09-24 10:00:00+00:00,20,0x0cb038487586d1119b165466072e9baf666f3a90,,,327.92155897947816,347.2736184731335,240.61337,19.35205949365535,12064.87398004119,16,645,0.5625,0.6311460034828814,12.0,198.0,btc
2026-09-24 11:00:00+00:00,1,0x71246529fd8c3887724b178844ba1bb94defcc9c,Understandable98,Pointed-Dose-Formamide,3404.5220632048804,3405.08499864443,444.78047,0.5629354395493773,25010.101999122817,7,33,0.7142857142857143,0.9967848991578355,38.0,129.0,btc
2026-09-24 11:00:00+00:00,2,0x49f25611eeeff52d582180ade9acda9113f5b3c3,ethyydsz,Humble-Heating,905.1555230000081,905.1555230000081,60.36161,0.0,3167.7977979563157,9,12,0.6666666666666666,1.0,-18.0,16.0,btc
2026-09-24 11:00:00+00:00,3,0x32ed2e546b187ca15e2841edc82b22c713cf8ec3,mo-money,Amazing-Mail,823.8226570026936,834.0323670214925,10.26874,10.20971001879888,2102.9286179973064,25,142,0.6,0.13621508478509228,87.0,200.5,"btc,eth,sol"
2026-09-24 11:00:00+00:00,4,0xc2ad03f79ca3f3c17d8c7de2612ce0c89b7d40ed,bosona,Impolite-Sister,740.5376269921283,751.169449256394,14.66361,10.631822264265832,2099.3169390078715,21,141,0.5714285714285714,0.19075923819004892,144.0,237.0,"btc,eth,sol"
2026-09-24 11:00:00+00:00,5,0xe9076a87c5ed90ef16e6fe6529c943baeca0cff6,suntori,All-Peasant-Drug,699.789336985311,699.789336985311,132.59532000000002,0.0,4535.697607015715,21,79,0.47619047619047616,1.0,105.0,135.0,"btc,eth"
2026-09-24 11:00:00+00:00,6,0x3725d52f3c252e8374999cc8617292ea2608ad88,almach,Rural-Wharf-Parable,569.4193040082247,580.5830201813402,10.30429,11.163716173115393,2134.022611991775,20,147,0.55,0.1410251223716461,136.0,219.0,"btc,eth,sol"
2026-09-24 11:00:00+00:00,7,0xddb6e6246546230503f153506ac1e9914978b9b3,baseinv3,Physical-Enjoyment,423.95386999883846,425.1313898176652,9.35844,1.1775198188267293,795.0800180011616,10,49,0.4,0.6918620736867724,409.5,472.0,"btc,eth,sol"
2026-09-24 11:00:00+00:00,8,0x2f8b35dc9eaee0c4550ccd9afde7ac54d91dba14,Robotron.4,Muffled-Bit-Spreadsheet,411.737059997952,411.737059997952,20.75614,0.0,604.0068000020481,4,8,1.0,1.0,-783.5,-782.0,btc
2026-09-24 11:00:00+00:00,9,0xb129a54d3b23214728dcc544034fc83067cd890c,0xB129a54d3b23214728Dcc544034fc83067CD890C-1780260877658,Excited-Conviction,395.57032299587246,409.3060267710585,0.0,13.73570377518605,3265.9896780041277,10,160,0.7,0.0,72.5,187.0,btc
2026-09-24 11:00:00+00:00,10,0xf3326d8fc30f7ed01bfade12c706cb52c397b1c0,0xf3326D8Fc30F7Ed01BfAde12c706cb52c397B1c0-1780211395335,Friendly-Diam,391.1497660015465,403.8667034031705,0.0,12.716937401624039,2830.4380769984537,11,164,0.8181818181818182,0.0,48.0,211.0,btc
2026-09-24 11:00:00+00:00,11,0x941743de228c1339b996ae09cc84bd8179d86e5e,0x941743De228c1339B996ae09cc84BD8179D86e5e-1780214631894,Agitated-Destination,348.64880498893325,361.0714806328721,0.0,12.422675643938918,3042.7994380110667,12,136,0.5833333333333334,0.0,70.0,176.0,btc
2026-09-24 11:00:00+00:00,12,0x8759a2e469644c09e9ed119d230de3a0cf28d94f,klpo,Joyous-Internet,336.55897000359755,339.04379248031273,34.80854,2.4848224767151414,1559.6269859964025,9,64,0.4444444444444444,0.7568551394620603,75.0,232.5,btc
2026-09-24 11:00:00+00:00,13,0x7a4c69849cda41b8831bb310bc45e7e41a484068,zjlszsj163,Fabulous-Earrings,326.43333601420034,329.3889194249822,7.552910000000001,2.955583410781844,1367.7536980238542,5,57,0.6,0.5095654290874012,-30.0,-25.0,btc
2026-09-24 11:00:00+00:00,14,0xf03b3be0a0e7026bc41bbfcdc286129962833ba1,GameMaster2026,Powerful-Mastoid,319.5345900135208,319.5345900135208,10.89137,0.0,299.9999999864792,2,4,1.0,1.0,21.0,21.5,btc
2026-09-24 11:00:00+00:00,15,0xc2c3ea98fbfa020f77c7634824eda3a97af80e32,Numbxtenx,Honest-Burrito,316.949095785606,316.949095785606,22.600070000000002,0.0,6778.999966214395,4,5,1.0,1.0,221.5,228.0,btc
2026-09-24 11:00:00+00:00,16,0x664a25f165a0150ce687410470f3352f5783fc5f,itsonlyamatteroftime,Satisfied-Fan,299.3916139837032,307.05087040158315,0.0,7.659256417879946,911.2845150162968,8,74,0.5,0.0,545.5,650.0,"btc,eth,sol"
2026-09-24 11:00:00+00:00,17,0xe8ade1c67a880380ec861c476052c2f00057a859,suanlimao6,Careful-Rations,293.316191922434,293.52547923109,99.94707,0.20928730865607031,3993.185300057241,2,35,0.5,0.6256695876402903,42.0,278.0,btc
2026-09-24 11:00:00+00:00,18,0xfc1cc1371716470b3ba6f53a234f737842c1511a,GAMLL,Rusty-Email-Robotics,287.23584899069124,287.23584899069124,67.67256,0.0,2055.0329800093086,12,85,0.5,1.0,-36.5,-33.0,eth
2026-09-24 11:00:00+00:00,19,0xb27bc932bf8110d8f78e55da7d5f0497a18b5b82,,,265.89536600123256,388.61808286544976,40.34316,122.72271686421715,27340.924343998766,44,2135,0.5454545454545454,0.040591560696505276,12.0,203.0,"btc,eth,sol"
2026-09-24 11:00:00+00:00,20,0x4b0d6ad0192fc0c3b47c0b098e4d268771a89828,Runguine,Scientific-Salsa,250.85882200390355,250.85882200390355,4.45657,0.0,89.00079999609646,2,6,0.5,1.0,129.5,168.0,btc
2026-09-24 12:00:00+00:00,1,0x0cb038487586d1119b165466072e9baf666f3a90,,,1069.4847680551093,1090.3192464688866,218.07745,20.834478413777507,13851.16509591039,16,700,0.75,0.5398473145877726,11.0,166.0,btc
2026-09-24 12:00:00+00:00,2,0x3725d52f3c252e8374999cc8617292ea2608ad88,almach,Rural-Wharf-Parable,963.6696530462606,977.9693609655656,15.001250000000002,14.299707919305035,4591.53810395374,15,107,0.8,0.09354314180987124,129.0,281.0,"btc,eth"
2026-09-24 12:00:00+00:00,3,0x322b2e7c44237c9fed01d534cd1c96687d52aa0c,yguaihdkjls,Gloomy-Drawing,773.776443983159,817.693524688893,0.0,43.91708070573403,8545.983777016841,12,842,0.75,0.0,12.0,165.0,btc
2026-09-24 12:00:00+00:00,4,0x21f4c1a1be34a39a7bc20985df4b7e5a39fb691d,CrouchPredictions,Vague-Hourglass,700.0941630125676,763.961156459718,94.72331,63.86699344715049,20303.21455098743,13,1925,0.5384615384615384,0.25175264730399854,7.0,156.0,btc
2026-09-24 12:00:00+00:00,5,0x280e296e5f14091642208ac24614826d9902fbd8,0x280E296e5f14091642208Ac24614826D9902fbd8-1780260958670,Blissful-Cormorant,689.0823120106405,697.7510986673797,0.0,8.668786656739089,1929.2980979893596,10,82,0.9,0.0,43.5,141.5,btc
2026-09-24 12:00:00+00:00,6,0xf03b3be0a0e7026bc41bbfcdc286129962833ba1,GameMaster2026,Powerful-Mastoid,685.3771810094352,685.3771810094352,26.90709,0.0,754.1474999905648,5,9,0.8,1.0,45.0,25.0,btc
2026-09-24 12:00:00+00:00,7,0xc9def225cd0f39976dfb61396346f6416564bfb4,Superopa,Different-Hyphenation-Diplomacy,680.1547820014366,680.1547820014366,20.90824,0.0,524.9999999985635,2,6,1.0,1.0,102.5,108.5,btc
2026-09-24 12:00:00+00:00,8,0xb27bc932bf8110d8f78e55da7d5f0497a18b5b82,,,640.2642810408006,753.7265934430047,58.253370000000004,113.46231240220412,26836.3857109592,43,2074,0.6046511627906976,0.12293962773252147,14.0,233.0,"btc,eth,sol"
2026-09-24 12:00:00+00:00,9,0x9783f45ce35f794be38ca47dd0816a5c241383b9,0x9783F45CE35F794BE38cA47dD0816A5C241383B9-1766113722324,Acidic-Colonisation,622.2993120008941,622.2993120008941,8.64472,0.0,206.22949999910588,2,34,1.0,1.0,70.5,61.0,btc
2026-09-24 12:00:00+00:00,10,0x3c58ef422754ff22c7e806336feba0064d8b776b,antsaslyku,Periodic-Scrap,614.2672580072199,617.5927020255715,64.80472,3.325444018351567,2358.68851199278,39,245,0.5897435897435898,0.7968380269103091,60.0,232.0,"btc,eth,sol"
2026-09-24 12:00:00+00:00,11,0xaa1a4f31c010d4a63fc49770d4ca2d69ea370602,hdueilqhsdn,Downright-Scheduling,604.2196820159979,640.2465414709875,0.0,36.0268594549895,7391.261259984002,12,586,0.75,0.0,15.0,162.0,btc
2026-09-24 12:00:00+00:00,12,0xc387c2a40d389f17b723b6bba9b18b7dbd2de4f4,flippingsharks,Ambitious-Membership,588.6483799842254,595.9099763290559,0.0,7.261596344830549,1086.8466280157747,16,265,0.375,0.0,128.0,246.0,"btc,eth"
2026-09-24 12:00:00+00:00,13,0xdb1d1d4bcfbeb5f6134a8b86c851ab21536ab6c2,nahoism,Watchful-Milk,555.688349997162,561.6816339456835,0.0,5.9932839485215,776.8561480028379,9,35,0.7777777777777778,0.0,-26.0,-24.0,"btc,eth"
2026-09-24 12:00:00+00:00,14,0xc2ad03f79ca3f3c17d8c7de2612ce0c89b7d40ed,bosona,Impolite-Sister,539.628212992889,551.0743870807364,9.41969,11.446174087847368,3441.423475007111,18,106,0.6666666666666666,0.11767694471457402,105.5,200.0,"btc,eth"
2026-09-24 12:00:00+00:00,15,0x7743aea53acd19e496c1c515eb0a143fb437fb42,0x7743AEa53ACd19E496C1C515EB0a143fb437fB42-1780258394212,Disgusting-Tennis,534.4282359911624,541.4890407764967,0.0,7.060804785334388,1662.0532230088377,11,48,0.8181818181818182,0.0,50.0,76.0,btc
2026-09-24 12:00:00+00:00,16,0x32ed2e546b187ca15e2841edc82b22c713cf8ec3,mo-money,Amazing-Mail,531.5363580190267,542.9477055568864,7.4872,11.41134753785963,3898.8894229809734,16,122,0.75,0.07702139440798227,75.5,263.0,"btc,eth"
2026-09-24 12:00:00+00:00,17,0x14e3bfabbe01a8c76f1eb7b756620b50bc0fea3a,gudwin,Spiffy-Sitar,530.7940000015474,534.4661517109012,0.0,3.672151709353854,512.9275759984527,6,41,1.0,0.0,-42.5,-36.0,btc
2026-09-24 12:00:00+00:00,18,0x502b532f55778c0985846dc53a9bc71eb4f33b15,0x502b532F55778c0985846Dc53a9bc71eB4F33b15-1761320484518,Stimulating-Power,513.8902979981626,527.0974806709211,0.11365,13.207182672758396,2954.8869240018375,25,130,0.56,0.054946265009733083,-51.0,-19.0,"btc,eth,sol"
2026-09-24 12:00:00+00:00,19,0x7e5d2991c2647de2348287e2f499329fc6a6c4c3,aswfadq1555,Big-Hearted-Warning-Fingernail,490.86304700312314,498.45606812965946,10.793239999999999,7.5930211265363665,2072.094253996877,8,206,0.75,0.24873207336241995,33.0,489.0,"btc,eth"
2026-09-24 12:00:00+00:00,20,0x48ac40fc545cf327edd5365435c3a9f385614a7e,BoneOhio,Warlike-Fallingout,424.6909199848629,425.86350359853486,28.72218,1.172583613671981,46935.55690001514,30,154,0.9666666666666667,0.8226046828902691,223.5,225.0,"btc,eth,sol"
2026-09-24 13:00:00+00:00,1,0x6d0194729138692c6db1ca949b54ed6567f17137,Lion1123,Regal-Virus-Smock,1744.0208299867786,1744.0208299867786,96.85565,0.0,2892.9780839898935,7,180,0.7142857142857143,1.0,26.0,68.0,btc
2026-09-24 13:00:00+00:00,2,0xf03b3be0a0e7026bc41bbfcdc286129962833ba1,GameMaster2026,Powerful-Mastoid,1193.372209997247,1193.372209997247,22.83252,0.0,450.000000002753,4,5,1.0,1.0,145.0,116.0,btc
2026-09-24 13:00:00+00:00,3,0xd5b3b6a854543589560a40de153a78eedf3cb230,,,1156.4969348411535,1156.4969348411535,123.71253,0.0,10095.139719180968,3,10,1.0,1.0,99.0,147.0,btc
2026-09-24 13:00:00+00:00,4,0xf518944dcdaa9968e9414bd6e7ac2d49f98bbb10,woshsfq20,Linear-Turret,1009.6702179944274,1015.5940114373078,50.39569,5.923793442880463,2248.421340005573,5,32,0.6,0.6980573311953847,-39.0,-27.0,btc
2026-09-24 13:00:00+00:00,5,0x502b532f55778c0985846dc53a9bc71eb4f33b15,0x502b532F55778c0985846Dc53a9bc71eB4F33b15-1761320484518,Stimulating-Power,838.7209920059927,849.7801701635026,0.38661,11.05917815750998,2938.3522289940074,35,157,0.6857142857142857,0.09949113558114417,-54.0,-18.0,"btc,eth,sol"
2026-09-24 13:00:00+00:00,6,0x0ca4e9d27ff826a109ecbf74754fb66b93f277a6,GoodFallen,Blue-Smith,755.488988009312,760.7942676618621,148.00313,5.3052796525500145,5836.923752990688,12,359,0.8333333333333334,0.8590796303325673,8.0,162.0,btc
2026-09-24 13:00:00+00:00,7,0x0cb038487586d1119b165466072e9baf666f3a90,,,704.8169630067523,735.1358694760127,152.60622,30.318906469260394,11292.214824986597,16,874,0.5625,0.4640340251410309,5.5,151.0,btc
2026-09-24 13:00:00+00:00,8,0x4c9497941333332d29f1c235dd23200f3623ffad,,,610.966374018757,657.6787944327086,0.0,46.71242041395161,9877.411803981242,12,743,0.75,0.0,6.0,120.0,btc
2026-09-24 13:00:00+00:00,9,0xdb1d1d4bcfbeb5f6134a8b86c851ab21536ab6c2,nahoism,Watchful-Milk,602.397762998364,606.8040162628225,0.0,4.40625326445856,604.8731810016361,9,42,0.4444444444444444,0.0,-19.0,-10.5,"btc,eth"
2026-09-24 13:00:00+00:00,10,0xc9def225cd0f39976dfb61396346f6416564bfb4,Superopa,Different-Hyphenation-Diplomacy,548.309635019753,548.309635019753,42.173500000000004,0.0,996.2799999802469,4,18,0.5,1.0,21.0,23.5,btc
2026-09-24 13:00:00+00:00,11,0x7cf89836b082aab85b137d45bfc6b991cf2104ae,Alpharo28,Thin-Saint,482.0616930016681,499.44592264449375,0.9582299999999999,17.384229642825694,2473.2251679982937,33,247,0.696969696969697,0.018554921967392685,-214.0,-31.0,"btc,eth,sol"
2026-09-24 13:00:00+00:00,12,0x5e60d871c2d646de185e541290689b727ef0e468,0x3664555C090fBEFHSVE94a7d216FCe860d746HD5,Victorious-Recess,433.7999810033139,433.7999810033139,42.98959,0.0,3101.8290519954303,12,125,0.75,1.0,178.5,390.0,"btc,eth,sol"
2026-09-24 13:00:00+00:00,13,0xe114e5ca2d8c47baed151a71fd8eeb143047c208,cash-pony,Unimportant-Steward,404.58532300010455,426.3069685523921,0.0,21.721645552287566,5424.096459987054,6,528,0.8333333333333334,0.0,14.0,92.0,btc
2026-09-24 13:00:00+00:00,14,0x32ed2e546b187ca15e2841edc82b22c713cf8ec3,mo-money,Amazing-Mail,398.96384598990073,410.61239304249506,11.91017,11.648547052594392,2812.7681190100993,19,80,0.5789473684210527,0.21053345848117486,83.0,110.0,"btc,eth,sol"
2026-09-24 13:00:00+00:00,15,0x31393e2f8333d4a6e2e31ca6424defe8b6cb9e2e,hot-garbage,Wooden-Hearsay,357.0129339982807,382.64528097281107,32.50529,25.632346974530314,5020.568317001719,24,1439,0.375,0.23968515594649717,5.5,126.0,"btc,eth"
2026-09-24 13:00:00+00:00,16,0x09a7987daa6b37e117f2cfef385f51789667ba39,yoyoyoyoyoyoyoyoyoyoyoyoyoyoyo,Naive-Likeness-Downstairs,353.2320790116274,366.8715816902179,0.0,13.639502678590528,2036.5525489883726,12,149,0.5833333333333334,0.0,-29.0,-7.0,btc
2026-09-24 13:00:00+00:00,17,0x21d0a97aac03917e752857a551bbe5103a00e8d7,PBot-6,Tangible-Friendship,346.7614460137875,353.93761554251114,0.0,7.176169528723592,1036.1474619862124,18,58,0.3888888888888889,0.0,-51.0,-48.0,"btc,eth"
2026-09-24 13:00:00+00:00,18,0xa0e72d5575095199ae08ce0dce447f21b7249461,uninformedfloww,Sore-Axis,344.0364689996552,356.0067389999606,0.0,11.970270000305428,3378.318774000345,27,344,0.8148148148148148,0.0,62.0,166.0,"btc,eth,sol"
2026-09-24 13:00:00+00:00,19,0x3725d52f3c252e8374999cc8617292ea2608ad88,almach,Rural-Wharf-Parable,329.33097302044484,339.8519396889029,5.46957,10.520966668458065,2399.138796979555,16,87,0.6875,0.22467587147243048,92.5,161.0,"btc,eth,sol"
2026-09-24 13:00:00+00:00,20,0x1b1cf5eb08e7d44db23608953c56f5650bbe3b8e,,,327.9232,327.9232,5.129,0.0,93.9378,1,1,1.0,1.0,206.0,206.0,btc
2026-09-24 14:00:00+00:00,1,0x71246529fd8c3887724b178844ba1bb94defcc9c,Understandable98,Pointed-Dose-Formamide,2061.9910922704835,2061.9910922704835,261.39549999999997,0.0,14107.622198852885,3,14,0.6666666666666666,1.0,46.0,94.0,btc
2026-09-24 14:00:00+00:00,2,0xf03b3be0a0e7026bc41bbfcdc286129962833ba1,GameMaster2026,Powerful-Mastoid,1174.5800489965907,1174.5800489965907,52.92752,0.0,1268.0856990092334,7,18,0.7142857142857143,1.0,35.0,41.0,btc
2026-09-24 14:00:00+00:00,3,0x0d2d845a6ff64e31e04a70afce8a573940767ff5,38791873984189,Sympathetic-Back,1141.3465369842447,1164.2762116522902,0.0,22.929674668045397,3138.9569030157554,27,149,0.48148148148148145,0.0,-196.0,-108.0,"btc,eth,sol"
2026-09-24 14:00:00+00:00,4,0xdb1d1d4bcfbeb5f6134a8b86c851ab21536ab6c2,nahoism,Watchful-Milk,904.5185940031316,913.6494196581273,0.0,9.13082565499571,1317.7810539968684,10,73,0.6,0.0,-29.5,-15.0,btc
2026-09-24 14:00:00+00:00,5,0xb55fa1296e6ec55d0ce53d93b9237389f11764d4,0xb55fa1296E6ec55D0cE53d93B9237389f11764d4-1777575277609,Lively-Authenticity,721.2213290032544,721.8125420710529,665.08655,0.5912130677985906,21729.236759996747,48,1252,0.4791666666666667,0.9979117266978054,17.0,140.0,"btc,eth,sol"
2026-09-24 14:00:00+00:00,6,0x610f7cf3247925d19e21a1f98c57fb1b811e6718,microwaveshepard,Fussy-Diarist,704.2184899511444,709.693278660344,40.83431,5.4747887091997125,1874.9194250488558,8,45,0.75,0.5365215627982455,5.5,123.0,"btc,eth,sol"
2026-09-24 14:00:00+00:00,7,0x28cc505fb60501dbb2199a9662ba175919af904f,0x28cC505fb60501Dbb2199A9662ba175919Af904F-1780262286739,Threadbare-Sneeze,636.899031973541,649.3885417154795,0.0,12.489509741938551,2616.729026026459,10,131,0.5,0.0,21.5,137.0,btc
2026-09-24 14:00:00+00:00,8,0x502b532f55778c0985846dc53a9bc71eb4f33b15,0x502b532F55778c0985846Dc53a9bc71eB4F33b15-1761320484518,Stimulating-Power,618.6679580082003,639.7976766053503,0.0,21.129718597149807,4110.987896991799,33,267,0.6363636363636364,0.0,-60.0,-17.0,"btc,eth,sol"
2026-09-24 14:00:00+00:00,9,0x21f4c1a1be34a39a7bc20985df4b7e5a39fb691d,CrouchPredictions,Vague-Hourglass,565.3752299982049,643.6736007372912,173.07952,78.29837073908627,27562.867619001794,16,2638,0.625,0.29298997733573884,6.0,140.5,btc
2026-09-24 14:00:00+00:00,10,0x36223d8d3540f862c6a2210218c9383349bd3fac,Lorolorota09,Sweet-Number,490.88512006077593,497.05048500628857,43.98868,6.165364945512646,3468.413799939224,1,33,1.0,0.4228936005170219,239.0,730.0,btc
2026-09-24 14:00:00+00:00,11,0xfad831b5fef57d5c44b97a20f03843fa16983426,0xFaD831B5fEF57d5c44B97A20F03843Fa16983426-1787852112545,Exemplary-Wound,464.4272000017998,467.7433531353034,0.0,3.3161531335035908,483.3834169982002,1,31,1.0,0.0,28.0,32.0,eth
2026-09-24 14:00:00+00:00,12,0x7743aea53acd19e496c1c515eb0a143fb437fb42,0x7743AEa53ACd19E496C1C515EB0a143fb437fB42-1780258394212,Disgusting-Tennis,451.6848630015032,460.2488442509956,0.0,8.563981249492393,1337.3114769984968,11,102,0.7272727272727273,0.0,26.0,231.0,btc
2026-09-24 14:00:00+00:00,13,0x280e296e5f14091642208ac24614826d9902fbd8,0x280E296e5f14091642208Ac24614826D9902fbd8-1780260958670,Blissful-Cormorant,417.77085299456394,426.7095462023657,0.0,8.938693207801748,1609.350282005436,9,61,0.6666666666666666,0.0,53.0,97.0,btc
2026-09-24 14:00:00+00:00,14,0xf70c77328e82094234d96f7179b02ed17e324e63,boppbop,Dearest-Excellence,405.81020400080257,411.55116885725226,0.0,5.7409648564497155,834.1843009978311,29,91,0.6896551724137931,0.0,-211.0,-131.0,"btc,eth,sol"
2026-09-24 14:00:00+00:00,15,0x3725d52f3c252e8374999cc8617292ea2608ad88,almach,Rural-Wharf-Parable,383.60461900753603,399.6517660691448,13.39762,16.047147061608733,3128.958684992464,21,88,0.5714285714285714,0.09022353070816591,76.0,211.0,"btc,eth,sol"
2026-09-24 14:00:00+00:00,16,0x32ed2e546b187ca15e2841edc82b22c713cf8ec3,mo-money,Amazing-Mail,380.9311279772839,396.6520244643254,10.30693,15.72089648704152,2544.6785560227163,22,154,0.5909090909090909,0.15852485534774116,43.5,185.0,"btc,eth,sol"
2026-09-24 14:00:00+00:00,17,0x941743de228c1339b996ae09cc84bd8179d86e5e,0x941743De228c1339B996ae09cc84BD8179D86e5e-1780214631894,Agitated-Destination,358.74754100083743,362.2465134245832,0.0,3.498972423745812,741.0560979991626,9,46,0.7777777777777778,0.0,46.0,132.0,btc
2026-09-24 14:00:00+00:00,18,0xb2abcd0879d4df485ea48091a53a7f33b8873bb3,isaycroire,Naughty-Removal-Entry,349.8301350055555,349.8301350055555,12.0232,0.0,328.51999999444445,2,3,1.0,1.0,-94.0,23.0,btc
2026-09-24 14:00:00+00:00,19,0xf518944dcdaa9968e9414bd6e7ac2d49f98bbb10,woshsfq20,Linear-Turret,337.52622998696006,338.4091187999687,56.45476,0.8828888130086758,2189.17606901304,4,24,0.75,0.9368786408001654,-37.0,-30.0,btc
2026-09-24 14:00:00+00:00,20,0x3708cef9f92678df15a0473e36c45d68a16cdaf9,0x3708CEF9f92678DF15A0473e36c45d68A16cdAf9-1780222715877,Hearty-Prospect,331.13805199902987,338.4886469262947,0.0,7.350594927264798,1264.22312000097,10,46,0.7,0.0,46.5,62.5,btc
2026-09-24 15:00:00+00:00,1,0x9547dd1651c3c1f9d12c538361bce4338b727117,asdaf54123,Stylish-Conservation,2218.8559679600708,2218.8559679600708,88.40482,0.0,2400.0000000399295,4,7,0.75,1.0,28.0,35.0,btc
2026-09-24 15:00:00+00:00,2,0xa8278bd8002eddb9b26deb70d8331c23da45f959,JeroHJ,Imperfect-Deposition,972.6906659211853,972.6906659211853,62.172019999999996,0.0,7060.160069078815,4,13,1.0,1.0,133.5,143.0,btc
2026-09-24 15:00:00+00:00,3,0xf518944dcdaa9968e9414bd6e7ac2d49f98bbb10,woshsfq20,Linear-Turret,842.973210017049,845.121191343126,67.99128999999999,2.1479813260769305,2481.0156949829507,4,20,1.0,0.8633703947618493,-31.0,-39.5,btc
2026-09-24 15:00:00+00:00,4,0x4c9497941333332d29f1c235dd23200f3623ffad,,,648.3345990050798,684.1865572826325,0.0,35.85195827755277,7418.755418994921,12,620,0.6666666666666666,0.0,7.0,156.0,btc
2026-09-24 15:00:00+00:00,5,0x0cb038487586d1119b165466072e9baf666f3a90,,,572.8579939637223,598.2900114650228,134.04659,25.432017501300518,11191.791169046744,16,642,0.6875,0.4317921346136553,7.5,158.5,btc
2026-09-24 15:00:00+00:00,6,0x322b2e7c44237c9fed01d534cd1c96687d52aa0c,yguaihdkjls,Gloomy-Drawing,497.68891498313855,544.5967890072254,0.0,46.90787402408684,9457.945938016861,12,868,0.5,0.0,8.5,169.0,btc
2026-09-24 15:00:00+00:00,7,0xd5b3b6a854543589560a40de153a78eedf3cb230,,,483.8582529935088,483.8582529935088,59.14734,0.0,3473.522900006491,3,5,0.6666666666666666,1.0,84.0,84.0,btc
2026-09-24 15:00:00+00:00,8,0xf3326d8fc30f7ed01bfade12c706cb52c397b1c0,0xf3326D8Fc30F7Ed01BfAde12c706cb52c397B1c0-1780211395335,Friendly-Diam,456.0481799926911,462.8269371812456,0.0,6.7787571885545574,1143.372258007309,9,114,0.5555555555555556,0.0,69.0,159.0,btc
2026-09-24 15:00:00+00:00,9,0x3708cef9f92678df15a0473e36c45d68a16cdaf9,0x3708CEF9f92678DF15A0473e36c45d68A16cdAf9-1780222715877,Hearty-Prospect,447.87021701682346,456.9020906928633,0.0,9.03187367603978,1721.7919269831766,10,115,0.5,0.0,76.0,170.0,btc
2026-09-24 15:00:00+00:00,10,0x7e5d2991c2647de2348287e2f499329fc6a6c4c3,aswfadq1555,Big-Hearted-Warning-Fingernail,446.8499019961448,458.79287506148,29.15647,11.942973065335181,3544.846479003855,8,278,0.75,0.3745206196846293,10.5,329.5,"btc,eth"
2026-09-24 15:00:00+00:00,11,0x32ed2e546b187ca15e2841edc82b22c713cf8ec3,mo-money,Amazing-Mail,405.431279001634,421.01016711364394,9.41737,15.578888112009945,2457.370356998366,17,153,0.47058823529411764,0.09173151265020119,36.0,119.0,"btc,eth"
2026-09-24 15:00:00+00:00,12,0xb27bc932bf8110d8f78e55da7d5f0497a18b5b82,,,391.6386719915267,446.2238033326822,14.25336,54.585131341155524,12573.725618008473,29,960,0.7931034482758621,0.02964646353244947,14.0,192.0,"btc,eth,sol"
2026-09-24 15:00:00+00:00,13,0xf70c77328e82094234d96f7179b02ed17e324e63,boppbop,Dearest-Excellence,382.2443569987339,389.98321474981145,0.0,7.738857751077516,1088.7374500013132,21,89,0.5238095238095238,0.0,-138.0,-352.0,"btc,eth,sol"
2026-09-24 15:00:00+00:00,14,0x3725d52f3c252e8374999cc8617292ea2608ad88,almach,Rural-Wharf-Parable,380.60986197957516,394.71662267900274,21.477549999999997,14.106760699427555,3182.900828020425,17,132,0.5294117647058824,0.17620910305370438,54.0,101.5,"btc,sol"
2026-09-24 15:00:00+00:00,15,0x8ec422e3b8d0c4b86b57c97074d5fff43e0854f2,maroon6jdjdjdj,Accomplished-Landing,375.19703001000005,375.19703001000005,24.46577,0.0,700.33719999,4,4,0.75,1.0,-171.5,-171.5,btc
2026-09-24 15:00:00+00:00,16,0x42338f0daff7b6f0ba92c3217d405862524b6aae,0x42338F0dAFF7B6F0bA92C3217D405862524B6AAe-1780265612600,Tattered-Phenomenon,360.4827760026905,366.53433753202376,0.0,6.051561529333313,957.5736079973095,35,181,0.4,0.0,38.0,203.0,"btc,eth,sol"
2026-09-24 15:00:00+00:00,17,0x3387ac6178b871d26dc701ba458105b513acbe96,sfkjbsr457,Even-Bladder,325.1570989909666,331.1913031938327,0.0,6.034204202866147,866.0177170090335,15,67,0.6666666666666666,0.0,-30.0,-13.0,"btc,sol"
2026-09-24 15:00:00+00:00,18,0xae3db1cc155e1b2a5420e256c42cd1649b5a6b95,suspiciouslyLucky,Agitated-Conscience,321.93783799771165,321.93783799771165,26.354689999999998,0.0,2342.6656990022884,33,78,0.8787878787878788,1.0,107.0,120.5,"btc,eth,sol"
2026-09-24 15:00:00+00:00,19,0x0d2d845a6ff64e31e04a70afce8a573940767ff5,38791873984189,Sympathetic-Back,313.8898480112991,326.88979155850416,0.0,12.999943547205037,1790.941817988701,19,54,0.5789473684210527,0.0,-280.0,-225.0,"btc,eth,sol"
2026-09-24 15:00:00+00:00,20,0xa076188f365c5aab031f8d2bf2c599258e0d1341,Jo89479488,Loving-Rocket,311.2393599994606,311.63681080051947,18.3824,0.39745080105889696,2690.089218999791,11,122,1.0,0.4723650093186147,153.0,237.0,btc
2026-09-24 16:00:00+00:00,1,0xb55fa1296e6ec55d0ce53d93b9237389f11764d4,0xb55fa1296E6ec55D0cE53d93B9237389f11764d4-1777575277609,Lively-Authenticity,2232.0289069135993,2232.4732163758285,638.61404,0.44430946222927736,29517.8496970864,47,1058,0.6808510638297872,0.996075676067603,20.0,131.0,"btc,eth,sol"
2026-09-24 16:00:00+00:00,2,0x56991cfb6c8062e5a06ae10ccf240463bdfac4b4,hil.bilyhim,Adept-Pouch,1798.5056169880127,1805.3100550690003,147.95516,6.80443808098774,9546.256093024898,9,151,0.5555555555555556,0.5697460910368751,39.0,185.0,btc
2026-09-24 16:00:00+00:00,3,0x7e5d2991c2647de2348287e2f499329fc6a6c4c3,aswfadq1555,Big-Hearted-Warning-Fingernail,1379.0961979964814,1388.6029842616963,41.66069,9.506786265214984,4437.480086003518,8,320,0.625,0.38883259565365447,31.5,449.5,"btc,eth"
2026-09-24 16:00:00+00:00,4,0x21d0a97aac03917e752857a551bbe5103a00e8d7,PBot-6,Tangible-Friendship,1305.595524010752,1338.4915050464042,0.0,32.895981035652355,4488.283396989249,19,64,0.6842105263157895,0.0,-94.0,-57.0,"btc,eth,sol"
2026-09-24 16:00:00+00:00,5,0xa8278bd8002eddb9b26deb70d8331c23da45f959,JeroHJ,Imperfect-Deposition,1192.8897318816403,1192.8897318816403,78.37881999999999,0.0,11499.99994611836,4,13,1.0,1.0,122.5,116.0,btc
2026-09-24 16:00:00+00:00,6,0xe8ade1c67a880380ec861c476052c2f00057a859,suanlimao6,Careful-Rations,935.6461820659655,935.7908421386533,117.66622,0.144660072687777,5291.070490058253,7,24,0.7142857142857143,0.9023610815677027,56.0,161.5,"btc,eth"
2026-09-24 16:00:00+00:00,7,0x21f4c1a1be34a39a7bc20985df4b7e5a39fb691d,CrouchPredictions,Vague-Hourglass,884.0292900109378,950.3396273243461,152.96385,66.31033731340833,28057.654118989063,16,2675,0.5,0.327821220726145,5.0,141.0,btc
2026-09-24 16:00:00+00:00,8,0x55aeeb3eb4e8cc0da6d9e4939caf533bf6c3f5df,animal00,Artistic-Design,869.7842669999999,871.5860804703403,0.0,1.8018134703403437,129.990333,12,252,0.08333333333333333,0.0,203.5,200.0,btc
2026-09-24 16:00:00+00:00,9,0xf95d1eb4da78e0e84302f9987659fc16b2c7a6ea,0xF95d1eB4da78E0e84302f9987659FC16B2c7A6eA-1788839897918,Bad-Main-Verification,774.4490240017907,776.4953111294366,0.0,2.0462871276459436,148.59730799820937,12,223,0.08333333333333333,0.0,178.5,185.0,btc
2026-09-24 16:00:00+00:00,10,0xc8008c1143351e21a58287163734737632ab4117,moon-k58-lad,Selfish-Livestock,745.11372,745.11372,10.070879999999999,0.0,244.8154,3,4,0.3333333333333333,1.0,144.0,124.5,btc
2026-09-24 16:00:00+00:00,11,0xae7327b1dd33a76918d12489128942e8a2b5a5e9,BottleUp,Optimal-Milk-Hole,723.1833479857019,723.1833479857019,28.48164,0.0,1017.509922014298,12,82,0.75,1.0,-26.0,25.0,btc
2026-09-24 16:00:00+00:00,12,0x4af23c57bc7fce293deff92b5ceb65570094b501,Heyimboy,Untried-Footage,638.3860049868248,639.5435115397239,88.38977,1.1575065528990982,4491.059300017539,8,103,0.625,0.5804754793607771,33.5,101.0,btc
2026-09-24 16:00:00+00:00,13,0x19b3823092892c026517fd0ff58df4889abe0b9b,wzbbb,Cultured-Venture,589.9563580037787,591.6366862451708,50.68734,1.6803282413919656,2484.395565996221,12,167,0.5,0.9090759261160922,9.5,80.0,btc
2026-09-24 16:00:00+00:00,14,0x280e296e5f14091642208ac24614826d9902fbd8,0x280E296e5f14091642208Ac24614826D9902fbd8-1780260958670,Blissful-Cormorant,584.2441969913348,594.9717003081948,0.0,10.727503316860009,2831.9597290086654,9,105,0.5555555555555556,0.0,36.0,179.0,btc
2026-09-24 16:00:00+00:00,15,0x576b0696fd5a9225d66fd9500fd98f5be10b0cab,Hcrystallash,Moral-Roof,579.4849080032842,582.1009088938057,29.5698,2.6160008905215504,2806.4298599967155,48,309,0.4166666666666667,0.8358257348353382,89.0,180.0,"btc,eth,sol"
2026-09-24 16:00:00+00:00,16,0x7cd156802a8c9f4c9c8a1fa6270529c8b43e8d05,0x7cd156802A8c9f4c9C8a1FA6270529C8b43E8d05-1766113882443,Vicious-Viability,556.6950859992055,556.6950859992055,3.7482800000000003,0.0,60.131800000794506,1,21,1.0,1.0,644.0,686.0,btc
2026-09-24 16:00:00+00:00,17,0xdab7817e670763a31be053d567f675c8549e4baf,DefineX,Yummy-Hepatitis-Soy,549.2198619972517,549.6944338120481,13.22179,0.4745718147964531,499.48112200274835,10,39,0.6,0.8754649189741989,237.0,255.0,"btc,eth,sol"
2026-09-24 16:00:00+00:00,18,0x3048d65321be3497164cdfc2996f94f98a2e7537,x-MoneyForWhiskas,Flashy-Gold,543.0720380134045,555.1494351022735,214.07609,12.07739708886904,9187.540984986596,12,808,0.6666666666666666,0.7669188754105849,5.5,98.0,btc
2026-09-24 16:00:00+00:00,19,0xaa1a4f31c010d4a63fc49770d4ca2d69ea370602,hdueilqhsdn,Downright-Scheduling,533.7829389875784,571.6112115923476,0.0,37.828272604769154,10521.492536012422,12,891,0.5,0.0,8.0,135.0,btc
2026-09-24 16:00:00+00:00,20,0xf03b3be0a0e7026bc41bbfcdc286129962833ba1,GameMaster2026,Powerful-Mastoid,522.3167749561794,522.3167749561794,28.6597,0.0,689.9999990438205,4,9,0.5,1.0,35.5,18.0,btc
2026-09-24 17:00:00+00:00,1,0xbd0d0c4bfc88dad382674c9d5ae483dae8261fb4,Perfectly-Spherical-Gum-Boat,Spherical-Casement-Violence,1283.3504632321387,1283.7835713587585,205.29164,0.4331081266197651,11198.631900231401,4,17,0.75,0.9938613930154858,-179.0,57.0,btc
2026-09-24 17:00:00+00:00,2,0xf4fc574838313646c777ce1d99c1d2e208423303,cs2bettor,Zigzag-Living-Sculpting,799.8834401157615,799.8834401157615,286.39414,0.0,7267.19130003707,4,19,0.75,1.0,46.0,135.0,btc
2026-09-24 17:00:00+00:00,3,0xa8278bd8002eddb9b26deb70d8331c23da45f959,JeroHJ,Imperfect-Deposition,711.1469329884483,711.1469329884483,47.63259,0.0,10999.99990401155,4,11,1.0,1.0,206.5,212.0,btc
2026-09-24 17:00:00+00:00,4,0x9e3ed7b661a903fc97afcf49e0f014ebe869f882,0x9e3ed7b661a903fc97afcf49e0f014ebe869f882-1783406009396,Favorable-Pepper-Brushing,673.7167740154689,673.7167740154689,53.62057,0.0,2689.3161449890913,18,73,0.7222222222222222,1.0,-12.0,125.0,"btc,eth"
2026-09-24 17:00:00+00:00,5,0x21d0a97aac03917e752857a551bbe5103a00e8d7,PBot-6,Tangible-Friendship,608.8240860156545,620.3099741531859,0.0,11.485888137531324,1543.8187209843454,16,84,0.75,0.0,-49.5,-33.5,"btc,eth"
2026-09-24 17:00:00+00:00,6,0xcd30457c790d8b35a08bcf3f894ad6bb52bc2dd0,,,503.8156019961567,521.5820897015243,0.38535,17.766487705367634,4164.5456580038435,12,392,0.8333333333333334,0.003193625689860962,12.0,157.0,btc
2026-09-24 17:00:00+00:00,7,0x0d2d845a6ff64e31e04a70afce8a573940767ff5,38791873984189,Sympathetic-Back,499.61639599903623,512.6500925327696,0.0,13.033696533733464,1804.2531300009637,17,59,0.5882352941176471,0.0,-174.0,-169.0,"btc,eth,sol"
2026-09-24 17:00:00+00:00,8,0xc5e6250906f3a43348374632092a64ee2cf22d79,peipeipei,Embellished-Doorknob,446.8596820097225,450.3486617518873,38.08227,3.4889797421647417,8440.977640985437,8,129,1.0,0.6773167887843585,159.5,225.0,btc
2026-09-24 17:00:00+00:00,9,0xdb1d1d4bcfbeb5f6134a8b86c851ab21536ab6c2,nahoism,Watchful-Milk,442.7569000060689,446.52352295970525,0.0,3.766622953636287,538.5329449939311,6,16,0.8333333333333334,0.0,-31.5,-27.0,btc
2026-09-24 17:00:00+00:00,10,0x9e39feb80804711a5716265bdd5c52e409072a11,0xcEFd4A721AFD6F2B348DD6fcaF4B68E2c9B56541-1774645803929,Growling-Leading,433.54168199523815,433.54168199523815,15.878160000000001,0.0,1299.407600004762,2,11,1.0,1.0,-29.0,-43.0,btc
2026-09-24 17:00:00+00:00,11,0x8bf4e27a45614d084e9b90bd6bc489c866a811d8,Paulkao1982,Caring-Adobe,385.54287698372036,385.54287698372036,167.93159,0.0,38638.13786001628,12,116,0.8333333333333334,1.0,188.5,213.5,btc
2026-09-24 17:00:00+00:00,12,0xc1b4bfdc36eaa5c09e7231c61e5e44c5463f624f,sir-upalot,Nice-Trapdoor,370.72259500639746,391.0056391092373,0.0,20.28304410283981,4198.746210993602,12,368,0.6666666666666666,0.0,15.5,141.0,btc
2026-09-24 17:00:00+00:00,13,0x601fce54580053520c182888b7922b3de24b699a,wangjian0629,Greedy-Tabby-Coaster,363.6874760043436,363.6874760043436,14.53031,0.0,425.1288989956564,8,19,0.875,1.0,83.5,108.0,btc
2026-09-24 17:00:00+00:00,14,0xcd4a4057125bceabd687c38167deeacf425b224e,tiredofwinning2much,Oddball-Injustice,347.8370230022042,354.07849200287905,0.0,6.241469000674814,872.4420659977958,12,57,0.6666666666666666,0.0,-23.5,-12.0,btc
2026-09-24 17:00:00+00:00,15,0xc2494b32d65dea3a3a80712589d10bc5733f8a61,0xc2494b32d65DeA3a3A80712589d10bC5733f8a61-1774333132835,Well-Informed-Witness,328.1434289996954,331.0569203201362,0.0,2.9134913204407877,398.52164200030455,13,23,0.6923076923076923,0.0,-657.0,-295.0,"btc,eth"
2026-09-24 17:00:00+00:00,16,0x14e3bfabbe01a8c76f1eb7b756620b50bc0fea3a,gudwin,Spiffy-Sitar,320.69695999388506,325.4567190357399,2.72254,4.759759041854859,763.562887009451,5,26,0.8,0.12227859890800633,-52.0,-40.0,btc
2026-09-24 17:00:00+00:00,17,0xae3db1cc155e1b2a5420e256c42cd1649b5a6b95,suspiciouslyLucky,Agitated-Conscience,316.45857899648865,316.45857899648865,31.62478,0.0,2316.402978003511,39,92,0.8461538461538461,1.0,69.0,174.5,"btc,eth,sol"
2026-09-24 17:00:00+00:00,18,0xeebde7a0e019a63e6b476eb425505b7b3e6eba30,Bonereaper,Popular-Insurrection,284.59241900248605,286.6188651039826,44.83149,2.0264461014965294,4646.020059997514,28,193,0.5357142857142857,0.9258470140997016,6.0,123.0,"btc,eth,sol"
2026-09-24 17:00:00+00:00,19,0x239e726f1f4131ca78a7e5abf1fec86bfc151c10,EZTRADENL2,Fluid-Boy-Catamaran,277.96229000297126,294.5192708116049,4.23914,16.55698080863361,4514.314640997029,12,403,0.75,0.0376472207890914,17.5,174.0,btc
2026-09-24 17:00:00+00:00,20,0xb55fa1296e6ec55d0ce53d93b9237389f11764d4,0xb55fa1296E6ec55D0cE53d93B9237389f11764d4-1777575277609,Lively-Authenticity,269.16036000561144,270.7802118553752,620.15997,1.6198518497637715,25310.74518399439,48,1418,0.6041666666666666,0.9909272585089662,37.0,161.0,"btc,eth,sol"
2026-09-24 18:00:00+00:00,1,0x71246529fd8c3887724b178844ba1bb94defcc9c,Understandable98,Pointed-Dose-Formamide,3882.6318489389723,3882.6318489389723,222.39936999999998,0.0,10505.022399869045,2,12,1.0,1.0,27.5,109.0,btc
2026-09-24 18:00:00+00:00,2,0xb55fa1296e6ec55d0ce53d93b9237389f11764d4,0xb55fa1296E6ec55D0cE53d93B9237389f11764d4-1777575277609,Lively-Authenticity,1280.6255820390763,1283.7245192576881,584.22764,3.0989372186119457,24932.944124960923,48,1156,0.6875,0.9758477814339952,17.0,143.0,"btc,eth,sol"
2026-09-24 18:00:00+00:00,3,0x9e3ed7b661a903fc97afcf49e0f014ebe869f882,0x9e3ed7b661a903fc97afcf49e0f014ebe869f882-1783406009396,Favorable-Pepper-Brushing,1235.756855971601,1235.756855971601,39.24015,0.0,1312.0111660309592,17,60,0.5294117647058824,1.0,33.0,113.0,"btc,eth"
2026-09-24 18:00:00+00:00,4,0xc15bf33ebcd06607caa8ccc5ea50b43e7a867823,publictrader,Unsteady-Pilgrimage-Citizenship,1210.5359901332079,1210.5359901332079,197.789,0.0,8339.840198970229,8,24,0.625,1.0,-3.5,92.5,btc
2026-09-24 18:00:00+00:00,5,0x8ec422e3b8d0c4b86b57c97074d5fff43e0854f2,maroon6jdjdjdj,Accomplished-Landing,952.0027490203624,953.4997046984638,80.55862,1.4969556781013234,2725.4347579996374,6,31,0.6666666666666666,0.9198184592920032,-249.0,218.0,btc
2026-09-24 18:00:00+00:00,6,0x8bf4e27a45614d084e9b90bd6bc489c866a811d8,Paulkao1982,Caring-Adobe,940.1455950224746,940.1455950224746,63.9338,0.0,24376.690953977526,11,42,1.0,1.0,171.0,199.0,btc
2026-09-24 18:00:00+00:00,7,0x70018e544f223dee25aafd71047e872732c52aba,Bplnt,Visible-Rack,931.5694589984654,939.1421552786894,146.44568,7.572696280224048,5977.881498037018,9,133,0.4444444444444444,0.6001083492893591,194.0,363.0,btc
2026-09-24 18:00:00+00:00,8,0x7743aea53acd19e496c1c515eb0a143fb437fb42,0x7743AEa53ACd19E496C1C515EB0a143fb437fB42-1780258394212,Disgusting-Tennis,838.886895999361,847.2699108370156,0.0,8.383014837654663,1914.979515000639,10,74,0.6,0.0,20.5,91.0,btc
2026-09-24 18:00:00+00:00,9,0x21d0a97aac03917e752857a551bbe5103a00e8d7,PBot-6,Tangible-Friendship,741.3843470052884,751.3618133851589,0.0,9.977466379870556,1352.7679379947117,15,54,0.6666666666666666,0.0,-52.0,-45.5,"btc,eth,sol"
2026-09-24 18:00:00+00:00,10,0xd406af105f5a98b9164eefa087c6668139f1e83a,ballam,Agile-Valuable,725.8404440192685,725.8404440192685,30.06749,0.0,1074.9999949807316,4,16,1.0,1.0,-15.5,107.5,btc
2026-09-24 18:00:00+00:00,11,0xc6e3fec2e1a29e7a03e1f2d57f4e4eee39dc8b84,Parad0X,Remarkable-Boutique,677.3107629930562,682.4113105902941,0.79131,5.100547597237932,829.9907000069438,7,72,0.8571428571428571,0.031325652202860335,-24.0,-9.5,"btc,eth,sol"
2026-09-24 18:00:00+00:00,12,0x6738a4628a29ce5b7f51beb226618b1aee5cc6fb,0x6738A4628A29cE5b7F51bEb226618B1AEE5CC6fB-1780243879977,Unpleasant-Dashboard,540.168909996776,550.048644599901,0.0,9.879734603124886,1509.371106003224,33,234,0.5151515151515151,0.0,38.0,224.0,"btc,eth,sol"
2026-09-24 18:00:00+00:00,13,0x4c9497941333332d29f1c235dd23200f3623ffad,,,532.2897380012276,564.3784128597526,0.0,32.08867485852502,7004.067612998772,12,516,0.75,0.0,7.0,113.0,btc
2026-09-24 18:00:00+00:00,14,0xb129a54d3b23214728dcc544034fc83067cd890c,0xB129a54d3b23214728Dcc544034fc83067CD890C-1780260877658,Excited-Conviction,501.1999460160215,511.45160649598415,0.0,10.251660479962654,2794.8811899839784,11,114,0.7272727272727273,0.0,33.0,173.5,btc
2026-09-24 18:00:00+00:00,15,0xc88200ae64f7e893fa683a42cac2b92060db0662,Alexandru888,Writhing-Vision,451.2212939961956,452.2512050576834,17.24647,1.0299110614878535,1159.9041340046908,4,19,0.75,0.47272837808665263,-3059.0,-46.0,btc
2026-09-24 18:00:00+00:00,16,0xbca0608ac0687847f1f00d09b2432470de2a4d5e,0xbCA0608AC0687847F1f00D09b2432470dE2A4D5e-1780263075723,Nimble-Spiritual,420.385654999683,428.2472654990389,0.0,7.861610499355896,1362.825125000317,33,211,0.48484848484848486,0.0,36.0,186.0,"btc,eth,sol"
2026-09-24 18:00:00+00:00,17,0x568b079891fcc8bef2e557fa2a8a7ecca1700b3b,,,351.7990119987771,360.90513481792436,0.0,9.106122819147298,2567.703382001223,12,238,0.8333333333333334,0.0,9.0,79.0,btc
2026-09-24 18:00:00+00:00,18,0xf25edf32019707f9102d78c802d9f01419db6a10,,,351.0932469207317,351.0932469207317,41.22894,0.0,839.3170950611343,8,20,0.25,1.0,31.5,149.0,btc
2026-09-24 18:00:00+00:00,19,0x2f8b35dc9eaee0c4550ccd9afde7ac54d91dba14,Robotron.4,Muffled-Bit-Spreadsheet,337.709059999974,337.709059999974,18.08004,0.0,527.2409000000259,4,8,0.75,1.0,-786.5,-784.0,btc
2026-09-24 18:00:00+00:00,20,0xd4fa2e10c74ab94bc23414989a516b07386ddcc8,quantbarbie,Clueless-Lime,330.4222580025328,360.51694398789476,0.5978,30.09468598536193,6702.773546997467,12,864,0.75,0.006370497183084401,8.5,125.5,btc
2026-09-24 19:00:00+00:00,1,0x71246529fd8c3887724b178844ba1bb94defcc9c,Understandable98,Pointed-Dose-Formamide,2028.8469278391615,2028.8469278391615,211.19332000000003,0.0,8999.620900185102,3,11,0.6666666666666666,1.0,51.0,164.0,btc
2026-09-24 19:00:00+00:00,2,0x3725d52f3c252e8374999cc8617292ea2608ad88,almach,Rural-Wharf-Parable,1876.0628340026178,1902.6349510497382,11.81349,26.572117047120443,4861.185631997382,20,113,0.5,0.07136639623808277,74.0,167.0,"btc,eth,sol"
2026-09-24 19:00:00+00:00,3,0x5380555499c258e06330d364f3828079951ed4b3,rear,Jittery-Cofactor,1280.3223870014037,1280.3223870014037,17.019579999999998,0.0,305.95549999619635,5,13,0.2,1.0,695.0,705.0,"btc,eth"
2026-09-24 19:00:00+00:00,4,0x32ed2e546b187ca15e2841edc82b22c713cf8ec3,mo-money,Amazing-Mail,1087.8151859947554,1114.0243689301815,8.184190000000001,26.20918293542609,4318.736240005244,19,147,0.42105263157894735,0.08864370934575415,41.0,150.0,"btc,eth"
2026-09-24 19:00:00+00:00,5,0x0cb038487586d1119b165466072e9baf666f3a90,,,1084.2056799728518,1114.4887442119207,225.07255999999998,30.283064239068732,13739.535835016484,16,740,0.8125,0.5164289233804241,6.0,173.0,btc
2026-09-24 19:00:00+00:00,6,0xc2ad03f79ca3f3c17d8c7de2612ce0c89b7d40ed,bosona,Impolite-Sister,984.3493430081669,1007.6532012819473,5.20918,23.30385827378028,3759.142845991833,20,138,0.45,0.043174629602876394,74.0,203.0,"btc,eth,sol"
2026-09-24 19:00:00+00:00,7,0xa8278bd8002eddb9b26deb70d8331c23da45f959,JeroHJ,Imperfect-Deposition,938.036815154687,938.036815154687,61.23963,0.0,10999.427939845313,5,11,1.0,1.0,149.0,152.0,btc
2026-09-24 19:00:00+00:00,8,0xe29042f5d913dcc4015aab3455c13c58514ca33f,stepahead,Windy-Turban,853.1331970030462,869.7470505216573,0.0,16.613853518611013,3204.2720349969536,12,358,0.5833333333333334,0.0,-36.5,81.0,btc
2026-09-24 19:00:00+00:00,9,0xdf0d2ccfe3d7c2ef120395534e43afe283509f79,0xdf0D2CcfE3d7C2EF120395534e43Afe283509F79-1774320078733,Slow-Minute,845.6465839989066,850.0471400225013,0.0,4.400556023594697,454.35341600109336,7,40,0.42857142857142855,0.0,8.0,48.0,btc
2026-09-24 19:00:00+00:00,10,0x7743aea53acd19e496c1c515eb0a143fb437fb42,0x7743AEa53ACd19E496C1C515EB0a143fb437fB42-1780258394212,Disgusting-Tennis,780.8749859960326,793.3716233084062,0.0,12.49663731237357,1841.1594640039675,11,80,0.6363636363636364,0.0,27.0,53.0,btc
2026-09-24 19:00:00+00:00,11,0x21d0a97aac03917e752857a551bbe5103a00e8d7,PBot-6,Tangible-Friendship,703.8979420130783,710.0546174262165,0.0,6.15667541313834,857.1269179869217,14,60,0.6428571428571429,0.0,-36.0,-39.0,"btc,eth"
2026-09-24 19:00:00+00:00,12,0x941743de228c1339b996ae09cc84bd8179d86e5e,0x941743De228c1339B996ae09cc84BD8179D86e5e-1780214631894,Agitated-Destination,649.7580000139533,662.6491019361504,0.0,12.891101922197109,2240.3783559860467,12,72,0.5,0.0,18.0,47.0,btc
2026-09-24 19:00:00+00:00,13,0xc6e3fec2e1a29e7a03e1f2d57f4e4eee39dc8b84,Parad0X,Remarkable-Boutique,643.7819349945629,657.1507380443138,8.38273,13.368803049750975,2376.4424660114373,12,177,0.5833333333333334,0.10179922445646261,-19.0,-12.0,"btc,eth,sol"
2026-09-24 19:00:00+00:00,14,0x9547dd1651c3c1f9d12c538361bce4338b727117,asdaf54123,Stylish-Conservation,618.014099934481,618.014099934481,395.85242,0.0,13627.479273065519,9,27,0.6666666666666666,1.0,30.0,30.0,btc
2026-09-24 19:00:00+00:00,15,0x31393e2f8333d4a6e2e31ca6424defe8b6cb9e2e,hot-garbage,Wooden-Hearsay,586.053920000454,595.3106069998231,6.20969,9.25668699936916,1771.1487699995462,18,347,0.7222222222222222,0.14752922195218357,10.0,63.0,"btc,eth"
2026-09-24 19:00:00+00:00,16,0xac2a98a39ed9ed2ebfbc7bc3bb053882edfb207b,finrevpol,Bad-Wastebasket-Reject,572.6982849986548,572.6982849986548,26.21859,0.0,1000.000000001345,1,2,1.0,1.0,20.0,20.0,btc
2026-09-24 19:00:00+00:00,17,0xbd0f6c867e2a852807ef8fcdd76d696053da48fd,FatSlag,Tidy-Set,570.0207499976991,576.7449157586157,0.0,6.724165760916538,915.2592620023009,22,97,0.5454545454545454,0.0,-57.5,-55.0,"btc,eth,sol"
2026-09-24 19:00:00+00:00,18,0xb55fa1296e6ec55d0ce53d93b9237389f11764d4,0xb55fa1296E6ec55D0cE53d93B9237389f11764d4-1777575277609,Lively-Authenticity,565.0387440809207,570.9416870646592,342.69738,5.902942983738369,14115.51465991908,36,701,0.5277777777777778,0.9209286515660707,21.0,176.0,"btc,eth,sol"
2026-09-24 19:00:00+00:00,19,0x885278f0e304bc2d53f805af2ab779cb6011c569,gabigol,Elaborate-Glue,541.0183150002196,547.2675873076512,0.0,6.249272307431534,1378.9248019997804,34,256,0.2647058823529412,0.0,133.0,148.0,"btc,eth,sol"
2026-09-24 19:00:00+00:00,20,0xc8008c1143351e21a58287163734737632ab4117,moon-k58-lad,Selfish-Livestock,531.4954479845,532.0547520209044,6.92305,0.5593040364044726,899.1401660155,2,6,0.5,0.9407776807080354,401.5,689.0,"btc,sol"
2026-09-24 20:00:00+00:00,1,0x29313474cc4e8dd00406bd2dbd69a0d92e5d365b,gndzk,Measly-Tie,1651.3517391389043,1651.3517391389043,166.54775,0.0,10668.90172304166,6,87,1.0,1.0,86.0,135.0,btc
2026-09-24 20:00:00+00:00,2,0x32055cfcbcfcd9339df067891918d3a041233467,Wuwux,Mortified-Miracle-Wax,1146.2792619568777,1146.2792619568777,37.95159,0.0,1000.0000000431226,1,2,1.0,1.0,53.0,53.0,btc
2026-09-24 20:00:00+00:00,3,0xf4fc574838313646c777ce1d99c1d2e208423303,cs2bettor,Zigzag-Living-Sculpting,1033.4578490716224,1033.4578490716224,61.75136,0.0,2836.7341000059414,3,6,0.6666666666666666,1.0,71.0,118.0,btc
2026-09-24 20:00:00+00:00,4,0x70018e544f223dee25aafd71047e872732c52aba,Bplnt,Visible-Rack,994.3623340569786,995.9901345535055,125.93768,1.6278004965268367,4986.4090000656415,13,88,0.5384615384615384,0.8472737394801454,72.0,190.5,btc
2026-09-24 20:00:00+00:00,5,0x64071a44d1f42709c82934bbefe3f292661493aa,smash-to-net,Rotten-Democracy,879.5024969277026,879.5024969277026,477.45989,0.0,14280.481399072298,3,297,1.0,1.0,44.0,132.0,btc
2026-09-24 20:00:00+00:00,6,0x8ac8617241fbd47d189a512516206c2b9a1b47ab,Oussou931,Enchanted-Troop,792.1280239878577,792.1280239878577,165.06855,0.0,6319.176191860107,8,28,0.5,1.0,24.5,67.0,btc
2026-09-24 20:00:00+00:00,7,0xe9076a87c5ed90ef16e6fe6529c943baeca0cff6,suntori,All-Peasant-Drug,683.6162060684842,683.6162060684842,47.48411,0.0,2669.387320931516,14,33,0.5,1.0,65.0,156.0,"btc,eth"
2026-09-24 20:00:00+00:00,8,0xf3326d8fc30f7ed01bfade12c706cb52c397b1c0,0xf3326D8Fc30F7Ed01BfAde12c706cb52c397B1c0-1780211395335,Friendly-Diam,620.5896739930752,633.349087910591,0.0,12.759413917515968,2387.053264006925,9,148,0.5555555555555556,0.0,89.0,206.0,btc
2026-09-24 20:00:00+00:00,9,0x7743aea53acd19e496c1c515eb0a143fb437fb42,0x7743AEa53ACd19E496C1C515EB0a143fb437fB42-1780258394212,Disgusting-Tennis,548.3574970014629,562.9897032896112,0.0,14.632206288148273,2891.199266998537,11,142,0.7272727272727273,0.0,29.0,186.5,btc
2026-09-24 20:00:00+00:00,10,0xdb1d1d4bcfbeb5f6134a8b86c851ab21536ab6c2,nahoism,Watchful-Milk,503.73355700152905,508.6979138494231,0.0,4.964356847894112,695.889226998471,10,59,0.5,0.0,-26.0,-15.0,btc
2026-09-24 20:00:00+00:00,11,0xc8008c1143351e21a58287163734737632ab4117,moon-k58-lad,Selfish-Livestock,462.48446000749993,462.48446000749993,9.63824,0.0,264.8772999925,3,3,1.0,1.0,194.0,194.0,"btc,eth"
2026-09-24 20:00:00+00:00,12,0xe8d68fd271ad704a55f9bb0e4fc6276ee9adc964,Little-big,Rubbery-Chiffonier,425.1667369894649,425.1667369894649,13.58414,0.0,347.5043000105351,11,24,0.8181818181818182,1.0,-19.0,-19.0,"btc,eth"
2026-09-24 20:00:00+00:00,13,0x9cbc68db1bb59cfada93ba7e7f6ff5ad51642f36,notgreedy.,Pricey-Standard,408.79437198443884,443.9678523955345,262.77644,35.17348041109568,13362.19760901556,3,713,1.0,0.6356081573199541,44.0,141.0,btc
2026-09-24 20:00:00+00:00,14,0x03f1a9997a7207f03b32c7e203fc88ff67c4e633,pipi5673,Late-Sniffle-Antiquity,404.7286219938845,404.7286219938845,21.46574,0.0,526.6457000036355,4,25,0.5,1.0,175.0,174.0,btc
2026-09-24 20:00:00+00:00,15,0xbd0f6c867e2a852807ef8fcdd76d696053da48fd,FatSlag,Tidy-Set,368.9542179996967,374.5952699152074,0.0,5.641051915510701,777.8028060003032,17,89,0.47058823529411764,0.0,-57.0,-40.0,"btc,eth,sol"
2026-09-24 20:00:00+00:00,16,0x982d3bad6111c6cecb03b8a7dc4b00b18ea4ab4a,0x6DF2046077dc2a77cdD11F6C4B4eB345afbF7C88-1773866576530,Jaded-Baby,360.41046203013116,360.41046203013116,43.02449,0.0,1269.9566989698687,4,13,0.5,1.0,39.0,66.0,btc
2026-09-24 20:00:00+00:00,17,0x1c03ad0e3802e9de35352fe9ebd9885410577bcc,Eskalation,Dear-Milepost,356.380309010203,356.380309010203,16.787679999999998,0.0,739.999996989797,7,8,1.0,1.0,92.0,98.0,btc
2026-09-24 20:00:00+00:00,18,0x5e60d871c2d646de185e541290689b727ef0e468,0x3664555C090fBEFHSVE94a7d216FCe860d746HD5,Victorious-Recess,346.37034000184326,346.37034000184326,43.82704,0.0,3837.016094998157,10,89,0.9,1.0,482.5,648.0,"btc,eth,sol"
2026-09-24 20:00:00+00:00,19,0x6f303a3eedcb4613c2dd941d361da19ba8a09ee9,Henrybaby,Electric-Instruction,340.6909099984,341.28029568958095,5.098789999999999,0.5893856911809697,204.1928000016,2,16,1.0,0.7337589768122381,-57.0,63.0,btc
2026-09-24 20:00:00+00:00,20,0xaae2fccdc8dd8d017e4e17efe96c68d234723624,clearwaterr,Giddy-Monument,324.982492,325.8224949280761,0.0,0.8400029280760863,74.994164,2,8,1.0,0.0,51.5,15.0,btc
2026-09-24 21:00:00+00:00,1,0x64071a44d1f42709c82934bbefe3f292661493aa,smash-to-net,Rotten-Democracy,1942.6833511147129,1944.0973800009551,926.69861,1.4140288862420887,32044.206020885285,6,696,0.6666666666666666,0.9938728785829893,18.5,105.0,btc
2026-09-24 21:00:00+00:00,2,0x8ac8617241fbd47d189a512516206c2b9a1b47ab,Oussou931,Enchanted-Troop,1188.4454599999524,1188.4454599999524,222.91545,0.0,6457.604998019715,11,29,0.5454545454545454,1.0,26.0,41.0,btc
2026-09-24 21:00:00+00:00,3,0x44832d0d2ec11187c1e77d786feb15f6a50254c6,NIULAI4,Utter-Paramecium,1143.922350000514,1144.96536397123,75.74844999999999,1.043013970716069,6004.997519999486,6,691,1.0,0.8800285233088576,242.0,258.0,btc
2026-09-24 21:00:00+00:00,4,0x9412cdfc1e3171e1aabb013d0f494986445d0cd0,gansinimen,Svelte-Chicory,906.2436140074549,955.8965165911042,28.83883,49.65290258364914,9172.576994992545,6,645,0.6666666666666666,0.13041081046752143,21.5,180.0,btc
2026-09-24 21:00:00+00:00,5,0xf4fc574838313646c777ce1d99c1d2e208423303,cs2bettor,Zigzag-Living-Sculpting,823.7017379894461,823.7017379894461,159.12075,0.0,6115.659899886266,5,14,0.6,1.0,41.0,85.0,btc
2026-09-24 21:00:00+00:00,6,0x84389cfc4a652ea14d8d8be969769b1f69de3680,Atomforge,Sardonic-Mink,695.0202699877984,695.0202699877984,136.38127,0.0,4948.569788012202,6,571,0.6666666666666666,1.0,19.0,83.0,btc
2026-09-24 21:00:00+00:00,7,0x10d57bd3327bcdf43bf0656e717aa56f9dbd5388,maxmaxi04,Quaint-Dreamer-Custody,641.4490029782985,641.4490029782985,15.698970000000001,0.0,593.7267830217015,6,20,1.0,1.0,739.0,746.5,"btc,eth,sol"
2026-09-24 21:00:00+00:00,8,0x140284c868108be70fc65fe92d71899bcc804853,Eth15,Rubbery-Wealth,634.1166280526372,634.1166280526372,34.32391,0.0,2668.4315989017928,2,4,1.0,1.0,98.0,248.5,btc
2026-09-24 21:00:00+00:00,9,0xc53375ff94e96100f2b30a4b5775db35218d69a9,dangerously-skip-permissions,Lone-Easel-Election,581.452633996569,586.0125127020974,107.22236,4.559878705528426,4316.935629003431,12,283,0.9166666666666666,0.8240650326353796,20.0,152.0,btc
2026-09-24 21:00:00+00:00,10,0xe9076a87c5ed90ef16e6fe6529c943baeca0cff6,suntori,All-Peasant-Drug,559.9354610090438,560.4155481871228,45.33271,0.48008717807895424,1152.3518949832462,17,30,0.47058823529411764,0.9464656583908363,-88.0,41.5,"btc,eth"
2026-09-24 21:00:00+00:00,11,0x920e3cccc79df84f8cfc981fff22f96b7352f3f2,0x920e3cCCC79dF84F8cFc981FFf22f96B7352f3f2-1781563645014,Safe-Howitzer-Ecliptic,508.8486299844212,524.3464504951792,20.09798,15.497820510757926,3450.452341015579,9,235,0.5555555555555556,0.26969611721384,27.0,141.0,btc
2026-09-24 21:00:00+00:00,12,0x3b8407699e832891203387d52c64d8f61ff2f487,0x0a2c53bd218c04da996cf96490e14-f3dfb9bc2,Lonely-Dresser,457.4881000014392,461.61787477316335,0.0,4.129774771724194,892.4807999985608,4,30,1.0,0.0,244.0,248.0,btc
2026-09-24 21:00:00+00:00,13,0x41e2e1ccf1e4940029af02259a31c6b89b9fa354,norm1e69,Improbable-Harmonica,451.3544409914383,456.51070769977383,198.70462,5.156266708335515,8308.669618008562,40,574,0.725,0.8857888720302587,27.0,177.0,"btc,eth,sol"
2026-09-24 21:00:00+00:00,14,0xfb066dbffe1bdf00c8001af8aeca486c1230cb25,Yespa123,Barren-Raiment,450.5425830227078,450.5425830227078,93.95501999999999,0.0,3970.379997977292,14,175,0.6428571428571429,1.0,242.5,252.0,"btc,eth"
2026-09-24 21:00:00+00:00,15,0x9cbb1a5c3352691f07e2e26209193ce5a2c433d0,0x9CBB1a5C3352691F07E2e26209193Ce5a2C433d0-1777993226700,Authentic-Ski,413.3910399998799,413.3910399998799,4.80789,0.0,86.20000000012013,1,10,1.0,1.0,165.0,204.0,btc
2026-09-24 21:00:00+00:00,16,0x0ca4e9d27ff826a109ecbf74754fb66b93f277a6,GoodFallen,Blue-Smith,380.11170899566696,383.48732624500906,74.22678,3.375617249342134,2782.280851004333,11,180,0.5454545454545454,0.8209404522105757,32.0,166.5,btc
2026-09-24 21:00:00+00:00,17,0x22a60c995b7bcf2516fccf2f228e35aefedbb5cc,rwpo,Gregarious-Maternity-Turn,359.42120999972497,359.42120999972497,4.48859,0.0,81.843200000275,1,10,1.0,1.0,165.0,205.0,btc
2026-09-24 21:00:00+00:00,18,0xa716193f5fd98549b3bebb159161ff2b0205301b,B-5-T,Gentle-Correspondence,356.32223399488316,356.32223399488316,17.96371,0.0,954.3114720051169,1,38,1.0,1.0,188.0,198.0,btc
2026-09-24 21:00:00+00:00,19,0x60c20ca0901f9d55992913064686b1b4112b4746,melop,Obvious-Welfare,341.78900399910424,341.78900399910424,22.55994,0.0,1387.8092530008958,12,446,0.9166666666666666,1.0,173.0,222.0,btc
2026-09-24 21:00:00+00:00,20,0x0cb038487586d1119b165466072e9baf666f3a90,,,338.11682103890894,371.1115037988798,146.45264,32.99468275997087,10721.765739969198,10,618,0.7,0.44093915224597724,11.0,143.0,btc
2026-09-24 22:00:00+00:00,1,0x664a25f165a0150ce687410470f3352f5783fc5f,itsonlyamatteroftime,Satisfied-Fan,1621.9704369896729,1641.5273210599573,0.0,19.556884070284347,9901.866684998708,5,90,0.4,0.0,543.0,509.0,"btc,eth,sol"
2026-09-24 22:00:00+00:00,2,0x10d57bd3327bcdf43bf0656e717aa56f9dbd5388,maxmaxi04,Quaint-Dreamer-Custody,1449.4284609799695,1449.4284609799695,88.83413,0.0,11572.24967702003,4,32,0.75,1.0,574.5,515.0,"btc,sol"
2026-09-24 22:00:00+00:00,3,0xcd9bf7f6f56f4c3ba15416a8adb39c3a3e9a9b52,0xCd9bf7F6F56F4c3BA15416a8ADb39C3A3E9A9b52-1774948389102,Favorite-Crew,1380.5363200517002,1380.5363200517002,0.99478,0.0,14.3588999483,1,2,1.0,1.0,282.0,285.0,sol
2026-09-24 22:00:00+00:00,4,0x9e3ed7b661a903fc97afcf49e0f014ebe869f882,0x9e3ed7b661a903fc97afcf49e0f014ebe869f882-1783406009396,Favorable-Pepper-Brushing,1317.095831917422,1317.095831917422,23.611769999999996,0.0,706.3953610825779,9,27,0.5555555555555556,1.0,129.0,197.0,"btc,eth"
2026-09-24 22:00:00+00:00,5,0xd5b3b6a854543589560a40de153a78eedf3cb230,,,1236.8051619295056,1236.8051619295056,57.37803,0.0,5203.095499070494,1,4,1.0,1.0,183.0,183.0,btc
2026-09-24 22:00:00+00:00,6,0x502b532f55778c0985846dc53a9bc71eb4f33b15,0x502b532F55778c0985846Dc53a9bc71eB4F33b15-1761320484518,Stimulating-Power,1193.7971989998937,1208.3596883149526,0.5707800000000001,14.562489315058995,3901.4247080001064,29,155,0.7241379310344828,0.08416668514102213,-37.0,-12.0,"btc,eth,sol"
2026-09-24 22:00:00+00:00,7,0x9cd5100cbc931825db7e9e3278bfa3f73208fe6e,Fakhar00777,Pertinent-Reactant-Polyester,980.4687370433295,980.4687370433295,99.10038999999999,0.0,6987.192957928242,7,17,0.42857142857142855,1.0,74.0,170.0,btc
2026-09-24 22:00:00+00:00,8,0xf3326d8fc30f7ed01bfade12c706cb52c397b1c0,0xf3326D8Fc30F7Ed01BfAde12c706cb52c397B1c0-1780211395335,Friendly-Diam,865.2676319921143,877.7010985170743,0.0,12.433466524960057,2868.965138007886,11,148,0.7272727272727273,0.0,39.0,161.5,btc
2026-09-24 22:00:00+00:00,9,0x9783f45ce35f794be38ca47dd0816a5c241383b9,0x9783F45CE35F794BE38cA47dD0816A5C241383B9-1766113722324,Acidic-Colonisation,829.56517400018,829.56517400018,5.78016,0.0,91.66799999982,1,29,1.0,1.0,243.0,246.0,btc
2026-09-24 22:00:00+00:00,10,0xe3eeb127d5763a6e4ad597f773f9d259c94d5176,0xe3EeB127d5763a6E4aD597f773F9d259C94d5176-1780742904507,Unwilling-Entirety,658.229671984939,660.0357656307638,19.29999,1.8060936458246457,2236.745210010617,13,56,0.8461538461538461,0.6528359124108181,-7.0,17.0,"btc,eth,sol"
2026-09-24 22:00:00+00:00,11,0x8fa9435444b92399040f3309f013d86263d15e3d,0x8fa9435444b92399040f3309F013d86263D15E3D-1772894899607,Flaky-Historian,590.445839965698,590.445839965698,16.04056,0.0,368.403600034302,1,2,1.0,1.0,195.0,202.5,btc
2026-09-24 22:00:00+00:00,12,0x239e726f1f4131ca78a7e5abf1fec86bfc151c10,EZTRADENL2,Fluid-Boy-Catamaran,575.8073039943571,593.7373895187311,32.79428,17.930085524374118,4910.7093660056435,12,396,0.6666666666666666,0.19855278073535648,11.5,167.5,btc
2026-09-24 22:00:00+00:00,13,0x3089fcf3fe5b67ec287654b4d627bcd1d51135e4,13897651,Favorable-Idea-Chance,540.128037984827,540.128037984827,148.54939000000002,0.0,4464.7527760151725,12,292,0.8333333333333334,1.0,-46.5,-21.5,btc
2026-09-24 22:00:00+00:00,14,0x322b2e7c44237c9fed01d534cd1c96687d52aa0c,yguaihdkjls,Gloomy-Drawing,441.57407399261433,498.9581488128098,0.0,57.384074820195416,12075.239262007386,12,1248,0.6666666666666666,0.0,10.0,192.0,btc
2026-09-24 22:00:00+00:00,15,0x5380555499c258e06330d364f3828079951ed4b3,rear,Jittery-Cofactor,419.05183909645524,419.05183909645524,26.906190000000002,0.0,3380.8611659035446,3,21,1.0,1.0,510.0,546.0,"btc,eth"
2026-09-24 22:00:00+00:00,16,0xf03b3be0a0e7026bc41bbfcdc286129962833ba1,GameMaster2026,Powerful-Mastoid,415.18175400202085,415.18175400202085,30.769199999999998,0.0,781.1152999979792,4,11,0.5,1.0,51.5,71.0,btc
2026-09-24 22:00:00+00:00,17,0x6de484dfa0e876f3e9f082a39489aa67dffa7337,SkParis26,Sudden-Ton-Singing,399.43079300455724,399.43079300455724,18.11742,0.0,1404.9140989954426,3,6,1.0,1.0,-70.0,176.0,btc
2026-09-24 22:00:00+00:00,18,0x1f295509302b15a1b1201919b1dde61ede8fafec,icewolf157,Sparkling-Xylophone,383.515252020121,383.515252020121,30.03471,0.0,1348.904298979879,8,11,0.5,1.0,98.0,131.0,btc
2026-09-24 22:00:00+00:00,19,0x0bf96a1c55e6f47ea84335bc3fc08a89653efd90,alboto,Polite-Promenade,374.2396,378.25946534843035,0.0,4.01986534843036,574.2303999999999,6,29,0.8333333333333334,0.0,-51.0,-46.0,btc
2026-09-24 22:00:00+00:00,20,0xf363b411bcfadc7a20d89a08bc9a17b0b5d1c197,Telawin,Remote-Kingdom,360.8704180104228,360.8704180104228,15.02034,0.0,499.99999998957725,1,1,1.0,1.0,-3.0,-3.0,eth
2026-09-24 23:00:00+00:00,1,0x672c9e0698b0d668f8fd8baf0e1e19c76142881b,Antonio1729-2,Descriptive-Spectrograph,7989.596072925846,7989.596072925846,307.93311,0.0,10018.225996074156,4,21,0.5,1.0,401.5,563.0,"btc,sol"
2026-09-24 23:00:00+00:00,2,0x10d57bd3327bcdf43bf0656e717aa56f9dbd5388,maxmaxi04,Quaint-Dreamer-Custody,4775.406857888907,4775.406857888907,267.46062,0.0,22374.49988811109,6,150,0.8333333333333334,1.0,778.0,662.5,"btc,eth,sol"
2026-09-24 23:00:00+00:00,3,0x66b5b67787fddbedfffaab6cf83ac4698b730c9e,DambraVictoria,Back-Luck-Fork,4174.887925021637,4183.543353163169,81.01747,8.655428141531813,3378.967761978363,4,61,0.75,0.5301190263275647,443.0,669.0,btc
2026-09-24 23:00:00+00:00,4,0xae3985e1b18b258e940365d8140fec972516ff04,alwayslaugh,Lumbering-Politics-Pneumonia,2043.8685209910211,2053.4722206148886,283.79915,9.603699623867074,8958.970109008978,5,240,0.6,0.8312079858959842,224.0,742.0,btc
2026-09-24 23:00:00+00:00,5,0x5b6331e7ff0831a3fe2ed12004747db1a9c911a4,neutralwave23,Monstrous-Dew,2013.596550798053,2071.7542623152776,167.6276,58.15771151722536,10707.365998201947,18,214,0.3333333333333333,0.4126759810010956,49.0,407.0,"btc,sol"
2026-09-24 23:00:00+00:00,6,0xd0ab6d24421752c73e44fbdd31f0bc931056ad59,minger649568,Stormy-Estuary,1917.2813389716066,1925.1864900811531,64.37563,7.90515110954659,5863.562372028394,4,135,0.75,0.8324885778158214,536.5,237.0,btc
2026-09-24 23:00:00+00:00,7,0x5380555499c258e06330d364f3828079951ed4b3,rear,Jittery-Cofactor,1357.2275399779483,1357.9707879509021,83.28854,0.7432479729539574,6187.1353860220515,5,49,0.4,0.9742543212550558,611.0,663.0,"btc,eth"
2026-09-24 23:00:00+00:00,8,0x409a9bf06267b54426dba8f6f62738d8ff838470,erwgrwegr,Electric-Incentive,1242.2937100295915,1247.7249724854807,121.35449,5.431262455889365,4517.405144970409,2,49,0.5,0.7809520480780107,232.5,168.0,btc
2026-09-24 23:00:00+00:00,9,0xa6657ab4eb9d92c8bbfb1d1d52ce7205e4ca01e3,MikeAddon,Funny-Keyboarding,1163.4403599994785,1166.1768655456356,37.01674,2.736505546157137,2798.3311610005217,4,41,1.0,0.6405326592436377,428.5,813.0,btc
2026-09-24 23:00:00+00:00,10,0x22a60c995b7bcf2516fccf2f228e35aefedbb5cc,rwpo,Gregarious-Maternity-Turn,1163.1820460027823,1165.310054382828,102.15518,2.1280083800456095,2731.9618859972175,5,72,0.4,0.9104077376598801,465.0,700.0,btc
2026-09-24 23:00:00+00:00,11,0x42811a04202d471323a87c33885677187aff1a5a,traderoffical,Blank-Relation-Leisure,1038.4179899991304,1039.3636205070018,39.00061,0.9456305078712534,1663.0005310008696,4,32,0.75,0.6918226293695624,429.0,415.0,btc
2026-09-24 23:00:00+00:00,12,0x071a80774cef3eea0c610a1d1f8a788e795d7400,CnR89,Fixed-Garbage-Skyscraper,1022.6097199999999,1022.7327317850563,40.654979999999995,0.12301178505640056,2453.8953,4,22,1.0,0.9552502504894972,684.5,615.5,btc
2026-09-24 23:00:00+00:00,13,0xc1737e2db2d19e0b73a958ecd5d0f279d0e726ee,GoodRecipient,Fickle-Spark,944.4329408729295,967.4081242960779,103.10411,22.975183423148227,9350.497931127069,2,137,0.5,0.47624695849644705,346.5,672.0,btc
2026-09-24 23:00:00+00:00,14,0xfb066dbffe1bdf00c8001af8aeca486c1230cb25,Yespa123,Barren-Raiment,753.3699190173309,753.3699190173309,102.88649,0.0,4649.529611982669,8,100,0.875,1.0,245.5,259.0,"btc,eth"
2026-09-24 23:00:00+00:00,15,0xc5243eeaa61f3a0f32121d90141a8f4bfca56176,isawfuture,Primary-Science,753.0560749995902,753.0560749995902,20.81345,0.0,436.5200000004099,2,9,0.5,1.0,265.5,414.0,btc
2026-09-24 23:00:00+00:00,16,0x7cf89836b082aab85b137d45bfc6b991cf2104ae,Alpharo28,Thin-Saint,648.7182559997743,672.712167057921,0.0,23.993911058146733,3753.3493659990936,35,329,0.5142857142857142,0.0,-82.0,-10.0,"btc,eth,sol"
2026-09-24 23:00:00+00:00,17,0xba679ab701e6162cc2c932b8b498124f47394727,0xba679aB701E6162CC2C932b8B498124F47394727-1774328661530,Dark-Crawdad,528.2585569859135,528.3458855152344,31.48309,0.0873285293208216,1346.0868090140866,12,19,0.5833333333333334,0.9782715194860698,168.5,182.0,"btc,eth,sol"
2026-09-24 23:00:00+00:00,18,0x3089fcf3fe5b67ec287654b4d627bcd1d51135e4,13897651,Favorable-Idea-Chance,483.9333059912957,483.9333059912957,70.53347,0.0,2229.2126800087044,12,138,0.75,1.0,-41.0,-30.5,btc
2026-09-24 23:00:00+00:00,19,0x48ac40fc545cf327edd5365435c3a9f385614a7e,BoneOhio,Warlike-Fallingout,470.04176087092395,470.97254314996826,25.988519999999998,0.9307822790443386,15856.873767129076,18,123,0.9444444444444444,0.5807757715912272,233.5,242.0,"btc,eth,sol"
2026-09-24 23:00:00+00:00,20,0xb040f38b1bfa2ef225f968c6e19d58993f68dbea,,,462.6721699958284,462.6721699958284,26.187829999999998,0.0,691.2400000041715,1,6,1.0,1.0,818.0,835.0,btc
2026-09-25 00:00:00+00:00,1,0xae3985e1b18b258e940365d8140fec972516ff04,alwayslaugh,Lumbering-Politics-Pneumonia,4739.189044980736,4745.290518879516,167.37485,6.101473898779739,5699.865053957698,7,216,0.7142857142857143,0.8427758296875028,137.0,424.0,btc
2026-09-25 00:00:00+00:00,2,0x12390f4098dcd87de380db7c11c65cf7af2143b6,BlagmanDepend,Fine-Force,3379.5939060188716,3387.3408803190428,36.99908,7.746974300171325,1823.3325949811288,1,44,1.0,0.5307456262530539,626.0,702.0,btc
2026-09-25 00:00:00+00:00,3,0x143d5d9aaba4691b2c648238380cbfe41b445dc3,PaciusMarkovi,French-Instant-Bit,2828.5824810024833,2838.7921114395303,18.95129,10.209630437047203,1610.2130289975164,1,105,1.0,0.2551997733218154,413.0,572.0,btc
2026-09-25 00:00:00+00:00,4,0x66b5b67787fddbedfffaab6cf83ac4698b730c9e,DambraVictoria,Back-Luck-Fork,2635.2092939714325,2644.1923946666507,42.43488,8.983100695218273,2791.9363710285675,2,142,1.0,0.4700013630800289,8.5,111.0,btc
2026-09-25 00:00:00+00:00,5,0x0093ab0b05cae7311654d83c1a66890ab64ec0b8,sbl999,Quick-Witted-Hydraulics-Nobody,2191.7148940022657,2194.7930772304103,51.52947999999999,3.078183228144691,1923.3852569977344,6,94,0.8333333333333334,0.7352246747498331,242.5,657.0,btc
2026-09-25 00:00:00+00:00,6,0x71246529fd8c3887724b178844ba1bb94defcc9c,Understandable98,Pointed-Dose-Formamide,1772.3977898256699,1772.3977898256699,337.84920999999997,0.0,15508.068000315894,4,22,0.75,1.0,60.5,112.0,btc
2026-09-25 00:00:00+00:00,7,0x22a60c995b7bcf2516fccf2f228e35aefedbb5cc,rwpo,Gregarious-Maternity-Turn,1671.3740909788953,1675.4834710027596,79.73073,4.109380023864272,2775.1607540211044,7,83,0.7142857142857143,0.8021728816244675,182.0,215.0,"btc,eth"
2026-09-25 00:00:00+00:00,8,0xbadb9af986ee66437bd39e6cd3d3036cbbdc31a7,0xBadB9af986EE66437BD39E6cd3D3036CbbDc31a,Swift-Census,1576.7211159724784,1580.1272762482042,202.5404,3.406160275725615,9585.707414026056,7,79,0.7142857142857143,0.6747269889086929,216.0,777.0,btc
2026-09-25 00:00:00+00:00,9,0xaae20e7083e9ba59cdc9349f692399382f432383,120x,Wobbly-Schnitzel,1532.7396870087807,1533.3267977671878,51.41215,0.587110758407073,1993.0208719912193,7,165,0.8571428571428571,0.9158450860414578,134.0,557.0,btc
2026-09-25 00:00:00+00:00,10,0xa8278bd8002eddb9b26deb70d8331c23da45f959,JeroHJ,Imperfect-Deposition,1382.6904631148152,1382.6904631148152,87.79275,0.0,12999.999907885185,5,14,1.0,1.0,102.0,130.0,btc
2026-09-25 00:00:00+00:00,11,0xda517e48cf3e61a061e9c3c02fa5ca13cfb94770,AvellanoMcch,Fickle-Alfalfa,1337.4901989887926,1346.0149998530549,6.426,8.52480086426213,1855.894150011207,2,78,1.0,0.11315300498077,422.5,740.0,btc
2026-09-25 00:00:00+00:00,12,0x9a4cbaf3ba914b38ca92cc968cb6104c002998d0,asdaasda,Acrobatic-Lifetime,1293.1441299885978,1293.1441299885978,40.36027,0.0,1170.625600011402,6,67,0.8333333333333334,1.0,243.0,654.0,btc
2026-09-25 00:00:00+00:00,13,0x6de484dfa0e876f3e9f082a39489aa67dffa7337,SkParis26,Sudden-Ton-Singing,1169.9668489587002,1169.9668489587002,176.28536,0.0,9464.81919693747,10,26,0.7,1.0,-46.5,51.0,btc
2026-09-25 00:00:00+00:00,14,0x8942c3b62c44363565958f6cb68d7023d04e1ed0,05wefw,Relieved-Range,1058.7681560046653,1060.9859146642698,56.51741,2.217758659604483,2484.7044339953345,1,46,1.0,0.9275617125591396,366.0,841.0,btc
2026-09-25 00:00:00+00:00,15,0x332f64436e26720bc32fc33ca12bb97cfdc6c318,JanuszewskiBrac,Leading-Corporal-Offset,1050.1063870128462,1053.095302042541,29.74532,2.988915029694973,2025.3102039871537,5,51,0.8,0.7886951326483392,167.0,203.0,btc
2026-09-25 00:00:00+00:00,16,0x12c2782b74d3b2a051b55be2e5167970ace01381,gta6wen,Instructive-Heartthrob,770.336390002178,770.4904403578248,36.402409999999996,0.15405035564698685,1084.331199997822,7,192,0.7142857142857143,0.9822988585037131,135.0,461.5,btc
2026-09-25 00:00:00+00:00,17,0x30b3debeef03d62953b39f45878b361e435fd94d,erhg87031er,Embarrassed-Kale-Dancer,698.2326460058894,704.8741476981114,17.26004,6.641501692222111,1584.4983679941108,2,103,0.5,0.3301360295259984,254.5,222.0,btc
2026-09-25 00:00:00+00:00,18,0xb0c078c893300f44d341f4e854d8964b47dce88f,Bossgirl,Good-Ptarmigan,671.8437279998401,672.8121911952508,53.968669999999996,0.9684631954106137,1770.15032900016,8,191,0.75,0.9151169668821126,208.0,281.0,btc
2026-09-25 00:00:00+00:00,19,0xba5d4f546248e5ecfb491f2cb577a67ca80d60bd,bitsamonkey,Svelte-Signup,661.3064429997874,663.90551907624,6.17562,2.599076076452601,530.0541900002127,7,112,0.8571428571428571,0.3114062733830814,249.0,650.5,btc
2026-09-25 00:00:00+00:00,20,0x3e105fda0e7a3b1bad425cfa1981c6ffedd40b9a,,,630.0071549987921,636.6767230980536,37.0454,6.669568099261497,1792.941731001208,7,123,0.5714285714285714,0.5312257969862371,195.0,779.0,btc
2026-09-25 01:00:00+00:00,1,0x0cb038487586d1119b165466072e9baf666f3a90,,,1281.2555229914497,1305.7424093217892,239.20400999999998,24.486886330339477,13693.88900098234,16,727,0.625,0.5943887013684167,8.0,143.0,btc
2026-09-25 01:00:00+00:00,2,0x941743de228c1339b996ae09cc84bd8179d86e5e,0x941743De228c1339B996ae09cc84BD8179D86e5e-1780214631894,Agitated-Destination,1107.1110090139412,1126.7357060003771,0.0,19.624696986436014,3842.318607986059,10,227,0.8,0.0,44.5,228.0,btc
2026-09-25 01:00:00+00:00,3,0x280e296e5f14091642208ac24614826d9902fbd8,0x280E296e5f14091642208Ac24614826D9902fbd8-1780260958670,Blissful-Cormorant,808.954054992404,825.3577355376262,0.0,16.40368054522216,2978.652484007596,11,262,0.7272727272727273,0.0,39.0,255.0,btc
2026-09-25 01:00:00+00:00,4,0xc2ad03f79ca3f3c17d8c7de2612ce0c89b7d40ed,bosona,Impolite-Sister,770.6817990013042,780.6260401928448,0.07854,9.944241191540746,2166.228291998696,15,63,0.6666666666666666,0.001523385144672456,101.0,191.0,"btc,sol"
2026-09-25 01:00:00+00:00,5,0x3725d52f3c252e8374999cc8617292ea2608ad88,almach,Rural-Wharf-Parable,726.92766099848,737.9370126371746,0.05229,11.00935163869465,2451.7319370015202,17,62,0.6470588235294118,0.0038087361261119022,87.0,193.0,"btc,eth,sol"
2026-09-25 01:00:00+00:00,6,0x32ed2e546b187ca15e2841edc82b22c713cf8ec3,mo-money,Amazing-Mail,673.1578850067192,682.9073428109585,3.2226800000000004,9.74945780423936,2433.7345209932805,16,60,0.625,0.03602282798052239,83.5,163.0,"btc,sol"
2026-09-25 01:00:00+00:00,7,0x322b2e7c44237c9fed01d534cd1c96687d52aa0c,yguaihdkjls,Gloomy-Drawing,667.1372970000766,721.1376469853334,0.0,54.00034998525681,10257.784065999924,12,1068,0.75,0.0,10.5,159.0,btc
2026-09-25 01:00:00+00:00,8,0x855e484854d1411b959ddffdda11a698566c5189,0x855e484854D1411B959dDffddA11A698566C5189-1780249997359,Jaunty-Harmony,611.399940018513,632.154405782817,0.0,20.754465764303983,3513.5668709814868,12,222,0.75,0.0,19.0,249.0,btc
2026-09-25 01:00:00+00:00,9,0xbc5887953750f812be60e57ba6e178c847d65e72,1000monkeys,Ill-Informed-Full,455.2051049962147,466.9534617381588,0.0,11.748356741944146,2241.5140620037855,12,390,0.75,0.0,-33.5,196.0,btc
2026-09-25 01:00:00+00:00,10,0x3048d65321be3497164cdfc2996f94f98a2e7537,x-MoneyForWhiskas,Flashy-Gold,426.5870220008008,437.8476754526434,232.04023,11.260653451842614,8844.9715189992,12,754,0.6666666666666666,0.8040416732514895,6.0,163.0,btc
2026-09-25 01:00:00+00:00,11,0x7cf89836b082aab85b137d45bfc6b991cf2104ae,Alpharo28,Thin-Saint,423.76496400898174,437.30507743610536,0.0,13.540113427123597,2021.3564319955842,34,214,0.5294117647058824,0.0,-62.5,-12.5,"btc,eth,sol"
2026-09-25 01:00:00+00:00,12,0x0c7c5204404e9d5402d258fedac59c7212bae4cb,OhioRiskManagement,Palatable-Patent,381.1702050047834,381.1702050047834,46.34707,0.0,3010.647770995217,36,438,0.6111111111111112,1.0,56.5,127.0,"btc,eth,sol"
2026-09-25 01:00:00+00:00,13,0xe3eeb127d5763a6e4ad597f773f9d259c94d5176,0xe3EeB127d5763a6E4aD597f773F9d259C94d5176-1780742904507,Unwilling-Entirety,378.90052999714527,380.9579536826436,10.29117,2.057423685498349,2535.7749590028548,15,50,1.0,0.6954287460476385,77.0,92.0,"btc,eth,sol"
2026-09-25 01:00:00+00:00,14,0xe29042f5d913dcc4015aab3455c13c58514ca33f,stepahead,Windy-Turban,366.5265510040107,382.5597075432473,0.0,16.03315653923666,2829.5979299959895,12,503,0.6666666666666666,0.0,-25.5,134.0,btc
2026-09-25 01:00:00+00:00,15,0xaa1a4f31c010d4a63fc49770d4ca2d69ea370602,hdueilqhsdn,Downright-Scheduling,366.20920800562715,410.99938032287105,0.0,44.790172317243915,8633.083570994373,12,798,0.8333333333333334,0.0,7.0,153.0,btc
2026-09-25 01:00:00+00:00,16,0x48ac40fc545cf327edd5365435c3a9f385614a7e,BoneOhio,Warlike-Fallingout,364.1107299235158,365.3283583319415,20.34734,1.217628408425675,35403.068930076486,14,132,1.0,0.7781614908721126,253.5,261.0,"btc,eth"
2026-09-25 01:00:00+00:00,17,0x4c9497941333332d29f1c235dd23200f3623ffad,,,351.98527800426456,376.50406911712327,0.0,24.518791112858683,4808.368521995735,12,450,0.75,0.0,13.0,103.0,btc
2026-09-25 01:00:00+00:00,18,0x7743aea53acd19e496c1c515eb0a143fb437fb42,0x7743AEa53ACd19E496C1C515EB0a143fb437fB42-1780258394212,Disgusting-Tennis,350.2432480177561,367.28311433865974,0.0,17.039866320903634,3198.086214982244,10,239,0.6,0.0,15.5,252.0,btc
2026-09-25 01:00:00+00:00,19,0xc387c2a40d389f17b723b6bba9b18b7dbd2de4f4,flippingsharks,Ambitious-Membership,340.5783689995442,351.0195642931547,0.0,10.441195293610525,1596.581934000456,19,146,0.631578947368421,0.0,159.0,169.0,"btc,eth"
2026-09-25 01:00:00+00:00,20,0xf363b411bcfadc7a20d89a08bc9a17b0b5d1c197,Telawin,Remote-Kingdom,318.260368018695,318.260368018695,13.97222,0.0,499.999997981305,1,1,1.0,1.0,-4.0,-4.0,eth
2026-09-25 02:00:00+00:00,1,0x9547dd1651c3c1f9d12c538361bce4338b727117,asdaf54123,Stylish-Conservation,5684.640439880604,5684.640439880604,249.67007999999998,0.0,7199.619995119396,6,16,0.5,1.0,69.5,96.5,btc
2026-09-25 02:00:00+00:00,2,0xce7dcb6660be8984aabd0fdd85abcc295a7f9bc1,babadok,High-Front,1093.5268159198345,1100.6832193186528,70.81117,7.156403398818192,4732.272299948041,3,92,1.0,0.601076569490967,-27.0,47.0,btc
2026-09-25 02:00:00+00:00,3,0x0cb038487586d1119b165466072e9baf666f3a90,,,663.9565419926298,689.7360192997285,166.47897,25.77947730709863,11905.072515997432,16,635,0.5625,0.5497133495163273,11.0,111.0,btc
2026-09-25 02:00:00+00:00,4,0x03f1a9997a7207f03b32c7e203fc88ff67c4e633,pipi5673,Late-Sniffle-Antiquity,505.6655280028407,505.6655280028407,14.64353,0.0,286.28509999825934,2,19,1.0,1.0,178.5,156.0,btc
2026-09-25 02:00:00+00:00,5,0x32442e90e903184469e9c0cd1921b2b8be613e5e,0x32442E90E903184469E9C0Cd1921B2B8bE613E5e-1779673335842,Quintessential-Surname,471.42221999759676,471.42221999759676,12.04729,0.0,232.26480000240326,5,12,0.4,1.0,60.0,60.0,btc
2026-09-25 02:00:00+00:00,6,0x28cc505fb60501dbb2199a9662ba175919af904f,0x28cC505fb60501Dbb2199A9662ba175919Af904F-1780262286739,Threadbare-Sneeze,461.51750099795584,469.6314274744022,0.0,8.113926476446341,1870.6690480020443,11,96,0.7272727272727273,0.0,45.0,75.0,btc
2026-09-25 02:00:00+00:00,7,0x610f7cf3247925d19e21a1f98c57fb1b811e6718,microwaveshepard,Fussy-Diarist,454.798100006,454.798100006,10.8793,0.0,234.322599994,1,5,1.0,1.0,5.0,6.0,sol
2026-09-25 02:00:00+00:00,8,0xc53375ff94e96100f2b30a4b5775db35218d69a9,dangerously-skip-permissions,Lone-Easel-Election,445.84837400083745,450.43463547545304,90.99363,4.586261474615555,3720.3053279991627,12,264,0.5833333333333334,0.7783744194878636,20.0,149.5,btc
2026-09-25 02:00:00+00:00,9,0xdb1d1d4bcfbeb5f6134a8b86c851ab21536ab6c2,nahoism,Watchful-Milk,371.5360959951105,373.39505842861377,0.0,1.8589624335032773,218.03596700488953,4,16,1.0,0.0,-7.0,-6.0,btc
2026-09-25 02:00:00+00:00,10,0x941743de228c1339b996ae09cc84bd8179d86e5e,0x941743De228c1339B996ae09cc84BD8179D86e5e-1780214631894,Agitated-Destination,356.06012300539453,369.33104475973664,0.0,13.270921754342163,2425.2780829946055,10,103,0.6,0.0,15.0,110.0,btc
2026-09-25 02:00:00+00:00,11,0x0ca4e9d27ff826a109ecbf74754fb66b93f277a6,GoodFallen,Blue-Smith,349.12997600169956,351.043619664264,54.71262,1.9136436625643827,2253.9308849983004,11,137,0.7272727272727273,0.8331359282125983,33.0,155.0,btc
2026-09-25 02:00:00+00:00,12,0x19b3823092892c026517fd0ff58df4889abe0b9b,wzbbb,Cultured-Venture,346.40024700958037,347.15663291218044,50.96893,0.7563859026000468,2347.8066179904195,12,132,0.75,0.9358313342986934,12.0,95.5,btc
2026-09-25 02:00:00+00:00,13,0x2ed94d1a460379292d2e3b46f2cf7d94b033f271,Hsilverbasher,Peppery-Digging,316.5529370001102,317.8808155084648,40.01394,1.3278785083545956,1862.5204259998898,28,125,0.7142857142857143,0.8828923844518252,-1.5,57.0,"btc,eth,sol"
2026-09-25 02:00:00+00:00,14,0xf8d71922cd384d7ab4f3d05b8f754a0fa740beca,mracerothstein,Wicked-Replacement-Anguish,280.72117893591206,281.3201908173928,22.27239,0.5990118814807663,10283.938936064287,5,36,0.8,0.5840193794813333,221.0,275.0,btc
2026-09-25 02:00:00+00:00,15,0x57218be03ba25b271e505fd95b6983305b99a991,cybercat-1,Immediate-Refrigerator-Stylus,252.54514600779945,253.50592054112263,9.96757,0.9607745333231823,385.6125639912481,5,16,0.8,0.7103331830186599,3.0,85.5,"btc,eth"
2026-09-25 02:00:00+00:00,16,0xcd30457c790d8b35a08bcf3f894ad6bb52bc2dd0,,,249.10307300139195,258.19830753979653,0.28723,9.095234538404577,1942.050710998608,10,179,0.7,0.00754355893856396,13.0,89.0,btc
2026-09-25 02:00:00+00:00,17,0x7cf89836b082aab85b137d45bfc6b991cf2104ae,Alpharo28,Thin-Saint,247.55380199757968,262.44462639057866,0.49385,14.89082439299898,2220.2640430034203,32,233,0.59375,0.018691470562150644,-139.5,-18.0,"btc,eth,sol"
2026-09-25 02:00:00+00:00,18,0x21f701a6d8febfd948f899114f2b9d9a8ef7e19f,0x21F701A6d8febFd948F899114f2B9D9a8ef7e19F-1760280914378,Valid-Profit,245.61187797991835,247.8244356344596,2.39496,2.2125576545412518,677.9145539762017,2,84,0.5,0.6829120237390746,111.5,138.0,btc
2026-09-25 02:00:00+00:00,19,0x8068386eb9b8aabd16b76a6d2fecded269ed5ef9,,,233.34642100286376,234.7113623860133,0.0,1.3649413831495283,191.37275499713624,8,32,0.875,0.0,44.0,78.0,btc
2026-09-25 02:00:00+00:00,20,0xb588f6e481fbb374f60b170edf5b0bf8a54d2c11,wuhua2000001,Complicated-Jicama,225.9036200074965,226.89873755230582,3.84768,0.9951175448093277,279.22425799250345,1,12,1.0,0.43435767675166026,9.0,9.0,eth
2026-09-25 03:00:00+00:00,1,0x9547dd1651c3c1f9d12c538361bce4338b727117,asdaf54123,Stylish-Conservation,3365.4432100714916,3365.4432100714916,106.76621000000002,0.0,3499.9613959285084,3,7,0.6666666666666666,1.0,134.0,53.0,btc
2026-09-25 03:00:00+00:00,2,0x9e3ed7b661a903fc97afcf49e0f014ebe869f882,0x9e3ed7b661a903fc97afcf49e0f014ebe869f882-1783406009396,Favorable-Pepper-Brushing,3309.0157660011523,3309.0157660011523,106.84397,0.0,5772.295271988091,20,96,0.8,1.0,31.0,176.5,"btc,eth,sol"
2026-09-25 03:00:00+00:00,3,0xe9076a87c5ed90ef16e6fe6529c943baeca0cff6,suntori,All-Peasant-Drug,2184.660951985668,2184.660951985668,81.38931000000001,0.0,2483.4406160151043,18,73,0.6666666666666666,1.0,40.0,176.0,"btc,eth,sol"
2026-09-25 03:00:00+00:00,4,0x6daae04265d65cb2aae7fe6db4210568de7d954a,0x6daae04265d65cb2aae7fe6db4210568de7d954a-1783406213213,Well-Made-Birch-Allergist,1299.2976429981804,1299.2976429981804,35.6928,0.0,930.7299990018194,2,26,1.0,1.0,167.5,182.5,"btc,eth"
2026-09-25 03:00:00+00:00,5,0xa17ee7df121d43e1be5947b09c3e7c1a93f6efbc,jmanfrm4,Deadly-Blank,714.2142020494629,714.2142020494629,195.69262,0.0,10899.381686996216,10,49,0.8,1.0,13.5,104.0,btc
2026-09-25 03:00:00+00:00,6,0x47bc998acdacbed22ccc5927402a47a271b01ff6,saskatoonrider,Legal-Normalisation,619.720863069879,619.720863069879,82.63442,0.0,4536.319189032043,11,89,0.7272727272727273,1.0,-42.0,-12.0,btc
2026-09-25 03:00:00+00:00,7,0x8bf4e27a45614d084e9b90bd6bc489c866a811d8,Paulkao1982,Caring-Adobe,575.254030138163,575.254030138163,40.675349999999995,0.0,15599.774456861838,8,26,1.0,1.0,195.5,214.0,btc
2026-09-25 03:00:00+00:00,8,0xb588f6e481fbb374f60b170edf5b0bf8a54d2c11,wuhua2000001,Complicated-Jicama,543.6094400026568,544.7371474992444,38.75076,1.1277074965876397,1325.6320229973433,3,10,0.6666666666666666,0.8649917775859591,29.0,50.0,"btc,eth"
2026-09-25 03:00:00+00:00,9,0xcb43452d00c374e826641e9e3bddff3394ec98b0,f0008,Popular-Civilization-Strudel,541.59301,543.6582559890767,31.451990000000002,2.065245989076725,1218.988,4,28,0.75,0.7579988482249209,-297.0,-280.0,btc
2026-09-25 03:00:00+00:00,10,0x2106587a1e6f51b16880a5fd4ab253fd78d24c18,wuhua2000003,Winged-Logistics,519.2751500314,519.2751500314,40.490449999999996,0.0,1183.2343999686,4,4,0.75,1.0,30.0,30.0,"btc,eth"
2026-09-25 03:00:00+00:00,11,0x860ff1715ad784fd22a77b1ecd87d10254e68d32,www26,Wet-Keyboarding-Manufacturer,381.87227000000007,386.817540344706,6.79068,4.945270344705935,1888.66295,3,42,1.0,0.3124776445686087,381.0,611.5,btc
2026-09-25 03:00:00+00:00,12,0x27b4730d2b00773ca26241a6a82556224701f911,0x27b4730d2B00773CA26241a6a82556224701f911-1781595962149,Understated-Barbecue-Hyacinth,337.991106997473,339.51658614934115,0.0,1.5254791518681214,129.55649700252695,5,43,0.6,0.0,50.0,51.0,btc
2026-09-25 03:00:00+00:00,13,0x2397e5b6f050f56a363f771e67f4dc90fe101b7f,BikramjitDasgupta,True-Linseed,292.80713499868125,292.80713499868125,2.96721,0.0,422.3462020013187,3,21,0.6666666666666666,1.0,773.0,800.0,"btc,eth,sol"
2026-09-25 03:00:00+00:00,14,0x424eb20fcd25113e3b98f42522a54580350b263b,0x424eb20Fcd25113e3b98f42522A54580350b263b-1774330621025,Minor-Complement,277.9596649962438,277.9596649962438,17.0434,0.0,669.0722990037563,16,19,0.8125,1.0,161.0,413.0,"btc,eth,sol"
2026-09-25 03:00:00+00:00,15,0x747abbf12e38ce77ae9ad50e6b234be4f45a766d,0xNOP,Wiggly-Galley,275.0758739909677,275.0758739909677,13.96942,0.0,761.9661990090324,2,6,1.0,1.0,40.0,74.0,btc
2026-09-25 03:00:00+00:00,16,0x2ed94d1a460379292d2e3b46f2cf7d94b033f271,Hsilverbasher,Peppery-Digging,269.7347109937312,270.6871807474208,33.26843,0.9524697536896627,1641.4832940062688,27,99,0.6666666666666666,0.7326407185482287,15.0,99.0,"btc,eth,sol"
2026-09-25 03:00:00+00:00,17,0xd205ff7ed22bc46d1eaac4515277a2b1a17b9e24,Taker-maker,Kindhearted-Row,235.7021590015661,235.7021590015661,11.44294,0.0,505.1999969984339,6,6,1.0,1.0,166.0,166.0,btc
2026-09-25 03:00:00+00:00,18,0xc1b4bfdc36eaa5c09e7231c61e5e44c5463f624f,sir-upalot,Nice-Trapdoor,233.69917000564345,244.31933768008312,0.0,10.620167674439672,2312.3140899943564,12,212,0.75,0.0,14.5,155.0,btc
2026-09-25 03:00:00+00:00,19,0x664a25f165a0150ce687410470f3352f5783fc5f,itsonlyamatteroftime,Satisfied-Fan,226.12062398573227,243.99318631239987,0.0,17.872562326667683,2546.008266016375,8,67,0.375,0.0,287.0,446.0,"btc,eth,sol"
2026-09-25 03:00:00+00:00,20,0x160b4767b0b41e9ec679570c5fe8bd2f58b0f4cd,0x160b4767b0B41E9EC679570C5fE8bD2F58b0F4CD-1783199054801,Nutritious-Spree-Blackfish,225.46673600446917,226.43109478618118,0.0,0.9643587817120209,81.98967299553085,5,23,0.6,0.0,50.0,50.0,btc
2026-09-25 04:00:00+00:00,1,0x9547dd1651c3c1f9d12c538361bce4338b727117,asdaf54123,Stylish-Conservation,1936.9232771714471,1936.9232771714471,70.32675,0.0,3099.999998828553,3,5,1.0,1.0,149.0,59.0,btc
2026-09-25 04:00:00+00:00,2,0xd5b3b6a854543589560a40de153a78eedf3cb230,,,829.6189880643545,829.6189880643545,66.88949,0.0,4564.214000013585,1,6,1.0,1.0,204.0,226.5,btc
2026-09-25 04:00:00+00:00,3,0xc5e6250906f3a43348374632092a64ee2cf22d79,peipeipei,Embellished-Doorknob,732.5320479978378,734.1331399738051,39.775180000000006,1.6010919759671622,7950.500941990872,10,102,1.0,0.8372788725591493,139.0,170.0,btc
2026-09-25 04:00:00+00:00,4,0x2106587a1e6f51b16880a5fd4ab253fd78d24c18,wuhua2000003,Winged-Logistics,713.0084299876,713.0084299876,18.84277,0.0,430.1488000124,2,2,1.0,1.0,9.0,9.0,"btc,eth"
2026-09-25 04:00:00+00:00,5,0x8bf4e27a45614d084e9b90bd6bc489c866a811d8,Paulkao1982,Caring-Adobe,551.2034629784316,551.2034629784316,39.152829999999994,0.0,15099.999323021568,9,41,1.0,1.0,212.0,221.0,btc
2026-09-25 04:00:00+00:00,6,0x64071a44d1f42709c82934bbefe3f292661493aa,smash-to-net,Rotten-Democracy,392.2442470368758,392.2442470368758,183.57483000000002,0.0,6014.932634963124,3,130,1.0,1.0,27.0,31.0,btc
2026-09-25 04:00:00+00:00,7,0x568b079891fcc8bef2e557fa2a8a7ecca1700b3b,,,333.160327000194,342.56334043071496,0.0,9.403013430520963,2314.075175999806,12,272,0.8333333333333334,0.0,7.0,95.0,btc
2026-09-25 04:00:00+00:00,8,0x7743aea53acd19e496c1c515eb0a143fb437fb42,0x7743AEa53ACd19E496C1C515EB0a143fb437fB42-1780258394212,Disgusting-Tennis,331.82763599010667,346.7300608111456,0.0,14.902424821038917,3869.4329730098934,10,175,0.7,0.0,34.0,81.0,btc
2026-09-25 04:00:00+00:00,9,0x48ac40fc545cf327edd5365435c3a9f385614a7e,BoneOhio,Warlike-Fallingout,331.31485700430176,332.2949679330612,17.435,0.9801109287594408,23564.348887995697,19,133,1.0,0.7029577633029451,245.0,239.0,"btc,eth,sol"
2026-09-25 04:00:00+00:00,10,0x239e726f1f4131ca78a7e5abf1fec86bfc151c10,EZTRADENL2,Fluid-Boy-Catamaran,325.35496100079905,352.33718190747345,10.17386,26.982220906674428,5757.327109999201,12,476,0.8333333333333334,0.050353748269245074,13.0,102.0,btc
2026-09-25 04:00:00+00:00,11,0xcd30457c790d8b35a08bcf3f894ad6bb52bc2dd0,,,296.7880009885767,309.3943662590603,0.34808,12.606365270483565,2603.6990780114234,12,275,0.75,0.004164306118002331,28.0,114.0,btc
2026-09-25 04:00:00+00:00,12,0xb0c078c893300f44d341f4e854d8964b47dce88f,Bossgirl,Good-Ptarmigan,289.8710369992236,292.23921835854765,20.63182,2.3681813593240664,1508.0636710007764,11,160,0.9090909090909091,0.7579351734124903,90.0,68.0,btc
2026-09-25 04:00:00+00:00,13,0x47bc998acdacbed22ccc5927402a47a271b01ff6,saskatoonrider,Legal-Normalisation,286.04350804913986,286.04350804913986,46.0572,0.0,2446.0799900264583,6,53,0.6666666666666666,1.0,-50.0,-15.0,btc
2026-09-25 04:00:00+00:00,14,0xae3db1cc155e1b2a5420e256c42cd1649b5a6b95,suspiciouslyLucky,Agitated-Conscience,282.0366799979731,282.0366799979731,42.54408,0.0,2353.056689002027,36,75,0.8055555555555556,1.0,73.0,99.0,"btc,eth,sol"
2026-09-25 04:00:00+00:00,15,0x9cbc68db1bb59cfada93ba7e7f6ff5ad51642f36,notgreedy.,Pricey-Standard,268.3965840246917,274.46829308101866,140.00198,6.071709056326925,5466.122114975308,3,227,0.6666666666666666,0.8086228055295587,27.0,29.0,btc
2026-09-25 04:00:00+00:00,16,0x7e31c4201a2a040e7c091d26407e4282ada2d45b,onoj,Fatal-Policeman,255.25629700279353,255.25629700279353,10.2135,0.0,405.23037999720646,6,8,1.0,1.0,202.0,211.5,"btc,eth"
2026-09-25 04:00:00+00:00,17,0x32442e90e903184469e9c0cd1921b2b8be613e5e,0x32442E90E903184469E9C0Cd1921B2B8bE613E5e-1779673335842,Quintessential-Surname,250.41627996207586,250.41627996207586,30.71136,0.0,768.0643000379241,5,17,0.6,1.0,116.0,128.0,btc
2026-09-25 04:00:00+00:00,18,0x7cd156802a8c9f4c9c8a1fa6270529c8b43e8d05,0x7cd156802A8c9f4c9C8a1FA6270529C8b43E8d05-1766113882443,Vicious-Viability,238.64314599532167,238.64314599532167,15.62857,0.0,1900.8637860046783,1,57,1.0,1.0,660.0,665.0,btc
2026-09-25 04:00:00+00:00,19,0xdb108953f189933dc9cf050aafea3ccba0a05080,ShangAn2627,Thankful-Deck-Gift,226.18224100860604,226.18224100860604,8.68856,0.0,383.28859999139394,4,5,1.0,1.0,13.5,15.0,btc
2026-09-25 04:00:00+00:00,20,0x420070799e1dcd91b6a576ad917febdf35dd7d69,0x64Fa866d768cD0c50DB9bC14928efd1C1027C6B8-1772480361722,Spiffy-Candidacy,225.081797998976,225.081797998976,15.7976,0.0,1044.970770001024,10,34,0.9,1.0,97.0,122.5,btc
2026-09-25 05:00:00+00:00,1,0xe9076a87c5ed90ef16e6fe6529c943baeca0cff6,suntori,All-Peasant-Drug,13696.053842850806,13696.053842850806,630.5045,0.0,30039.007673149194,15,125,0.5333333333333333,1.0,45.0,69.0,"btc,eth,sol"
2026-09-25 05:00:00+00:00,2,0x4a86dfe0f05e34b133b29b7626368e78912c501e,komsa,Perfumed-Praise-Retrospective,1405.5391571357532,1405.5391571357532,259.3122,0.0,20685.246118099378,12,26,0.75,1.0,121.0,135.5,btc
2026-09-25 05:00:00+00:00,3,0xc5e6250906f3a43348374632092a64ee2cf22d79,peipeipei,Embellished-Doorknob,958.6057239867557,960.8229977946193,54.16934,2.2172738078635725,10522.358759047831,11,116,1.0,0.8216219859078855,75.0,167.5,btc
2026-09-25 05:00:00+00:00,4,0x8bf4e27a45614d084e9b90bd6bc489c866a811d8,Paulkao1982,Caring-Adobe,738.9441070165905,738.9441070165905,51.77765,0.0,20299.999239983412,12,41,1.0,1.0,189.0,192.0,btc
2026-09-25 05:00:00+00:00,5,0x5e60d871c2d646de185e541290689b727ef0e468,0x3664555C090fBEFHSVE94a7d216FCe860d746HD5,Victorious-Recess,707.5218589790032,707.5218589790032,74.36527,0.0,3339.496857018437,12,191,0.5833333333333334,1.0,167.5,678.0,"btc,eth,sol"
2026-09-25 05:00:00+00:00,6,0x084569e774264b145bba800ae1c0caa64a12a670,Rainbowl,Darling-Excellence,492.50112602368864,492.50112602368864,69.69913,0.0,2325.8673839763114,10,27,0.6,1.0,137.5,315.0,"btc,eth,sol"
2026-09-25 05:00:00+00:00,7,0x568b079891fcc8bef2e557fa2a8a7ecca1700b3b,,,455.0068429999812,462.2833487479378,0.0,7.276505747956597,2013.6662740000188,12,241,1.0,0.0,8.5,75.0,btc
2026-09-25 05:00:00+00:00,8,0x4c9497941333332d29f1c235dd23200f3623ffad,,,446.2169430148504,477.0625451170862,0.0,30.845602102235762,6701.873686985149,12,500,0.6666666666666666,0.0,8.0,108.0,btc
2026-09-25 05:00:00+00:00,9,0x629da223adfc9957329e02de95ae3d263f92756c,jackinv1lvl2,Near-Failure,433.209775994012,434.4250003292317,15.89194,1.2152243352197727,717.669589005988,10,70,0.5,0.7279425072628264,323.5,555.0,"btc,eth,sol"
2026-09-25 05:00:00+00:00,10,0xdfddd5c3b996c4176d72c3ca7859f10a7c825585,thismonth,Virtuous-Plaster-Licensing,407.6961360156341,409.16015192821885,26.41181,1.4640159125847596,1198.9965989856764,4,33,0.5,0.5006678079757526,85.0,449.0,btc
2026-09-25 05:00:00+00:00,11,0x5e3038ffeada3119a345dcb3bd31d49c077d1613,ROBERTSIMON1987,Virtuous-Reef,390.00061199269214,390.1683248627952,34.03173,0.1677128701030406,3355.989254000574,9,257,1.0,0.74786105200149,60.0,84.0,btc
2026-09-25 05:00:00+00:00,12,0x664a25f165a0150ce687410470f3352f5783fc5f,itsonlyamatteroftime,Satisfied-Fan,379.9389389922987,386.00042456440025,0.0,6.061485572101567,1076.137247007673,10,47,0.5,0.0,385.5,683.0,"btc,eth,sol"
2026-09-25 05:00:00+00:00,13,0xd84403efd50b49a1d8a7181627e00307e6ea5908,FairValueMachine,Sparkling-Daikon,369.81855499556394,371.1254558499979,29.15001,1.3069008544339284,1261.5939040044361,11,64,0.9090909090909091,0.8275110530327413,24.0,226.5,btc
2026-09-25 05:00:00+00:00,14,0xb0132277507d469d091f38126f7342e7c4d17ad4,Feetsmellingloverboy,Ancient-Jade,363.4523820012305,363.46390708038444,45.23252,0.011525079153937344,7050.200516966485,10,183,0.8,0.988323949112951,126.5,159.0,btc
2026-09-25 05:00:00+00:00,15,0xc387c2a40d389f17b723b6bba9b18b7dbd2de4f4,flippingsharks,Ambitious-Membership,341.60586599730397,348.20574091093823,6.21416,6.599874913634304,1300.660098002696,16,159,0.375,0.31989033925569504,148.0,147.0,"btc,eth"
2026-09-25 05:00:00+00:00,16,0x860ff1715ad784fd22a77b1ecd87d10254e68d32,www26,Wet-Keyboarding-Manufacturer,320.363752000152,325.3519889890013,1.14068,4.988236988849341,1821.4676000001518,3,63,0.6666666666666666,0.2236578899344496,174.0,183.0,btc
2026-09-25 05:00:00+00:00,17,0xa6657ab4eb9d92c8bbfb1d1d52ce7205e4ca01e3,MikeAddon,Funny-Keyboarding,309.45587801531804,310.41646973874396,14.33616,0.9605917234259042,676.087961984682,2,39,0.5,0.8350624944235783,701.0,722.0,btc
2026-09-25 05:00:00+00:00,18,0x9547dd1651c3c1f9d12c538361bce4338b727117,asdaf54123,Stylish-Conservation,298.12683593787597,298.12683593787597,16.75853,0.0,1100.000000062124,2,2,1.0,1.0,135.5,135.5,btc
2026-09-25 05:00:00+00:00,19,0xc1b4bfdc36eaa5c09e7231c61e5e44c5463f624f,sir-upalot,Nice-Trapdoor,261.0941740001381,277.63884126703,0.0,16.5446672668919,3342.254925999862,12,289,0.9166666666666666,0.0,15.0,111.0,btc
2026-09-25 05:00:00+00:00,20,0x5e7c595505022a716234e8a91c7d0b4dad4c623d,lsz0303,Substantial-Paperback-Marriage,257.9745930008328,257.9745930008328,12.0969,0.0,599.5599979991672,4,4,1.0,1.0,75.0,75.0,btc
2026-09-25 06:00:00+00:00,1,0x21f4c1a1be34a39a7bc20985df4b7e5a39fb691d,CrouchPredictions,Vague-Hourglass,1537.8441899924344,1585.9226182960163,167.3265,48.078428303581866,22370.235892007564,15,1563,0.7333333333333333,0.3999515675732186,5.0,159.0,btc
2026-09-25 06:00:00+00:00,2,0x3708cef9f92678df15a0473e36c45d68a16cdaf9,0x3708CEF9f92678DF15A0473e36c45d68A16cdAf9-1780222715877,Hearty-Prospect,1377.9970290011734,1397.0655161587442,0.0,19.06848715757084,3901.8075959988264,7,173,0.7142857142857143,0.0,17.0,192.0,btc
2026-09-25 06:00:00+00:00,3,0x941743de228c1339b996ae09cc84bd8179d86e5e,0x941743De228c1339B996ae09cc84BD8179D86e5e-1780214631894,Agitated-Destination,1306.4253830078383,1328.374974461857,0.0,21.94959145401848,4393.635761992162,10,218,0.7,0.0,27.5,170.5,btc
2026-09-25 06:00:00+00:00,4,0x280e296e5f14091642208ac24614826d9902fbd8,0x280E296e5f14091642208Ac24614826D9902fbd8-1780260958670,Blissful-Cormorant,1171.6226450045392,1186.8848712837919,0.0,15.262226279252667,3259.350416995461,7,123,0.8571428571428571,0.0,15.0,218.0,btc
2026-09-25 06:00:00+00:00,5,0xc2ad03f79ca3f3c17d8c7de2612ce0c89b7d40ed,bosona,Impolite-Sister,1139.0884740197118,1158.0074016622154,16.379269999999998,18.918927642503586,5096.869028980288,21,122,0.6190476190476191,0.11284784771150304,77.0,176.5,"btc,eth,sol"
2026-09-25 06:00:00+00:00,6,0x32ed2e546b187ca15e2841edc82b22c713cf8ec3,mo-money,Amazing-Mail,1067.2508179944803,1085.5213048391033,15.5624,18.270486844622923,5012.0256800055195,19,131,0.7368421052631579,0.12628977591278082,99.0,207.0,"btc,eth,sol"
2026-09-25 06:00:00+00:00,7,0xe29042f5d913dcc4015aab3455c13c58514ca33f,stepahead,Windy-Turban,1052.2683949997179,1073.3450275652883,0.0,21.07663256557057,4589.211654000282,12,557,0.8333333333333334,0.0,-12.5,195.0,btc
2026-09-25 06:00:00+00:00,8,0xa4f844fc93bb479ea3f356b43839b0be4055e6a0,netts,Enraged-Unit,1022.7630999998644,1022.7630999998644,1.5576999999999999,0.0,25.59920000013575,3,3,0.3333333333333333,1.0,278.0,278.0,btc
2026-09-25 06:00:00+00:00,9,0x6ba25c9f2fe6e9e5dd47983b629c00cd59958d0e,Vega7,Worse-Rectangle,981.38031,981.38031,1.16969,0.0,17.45,3,3,0.3333333333333333,1.0,278.0,278.0,btc
2026-09-25 06:00:00+00:00,10,0xd9013df863c1ba932780857b020dfdeacedf8e14,PoopStreet,Dear-Colonial,976.8123630072806,976.8123630072806,11.6149,0.0,333.59019999271953,7,8,0.7142857142857143,1.0,180.0,211.5,"btc,eth,sol"
2026-09-25 06:00:00+00:00,11,0xbc5887953750f812be60e57ba6e178c847d65e72,1000monkeys,Ill-Informed-Full,818.187407000625,832.8575384449498,0.0,14.670131444324827,3164.582354999375,12,483,0.8333333333333334,0.0,-15.5,221.0,btc
2026-09-25 06:00:00+00:00,12,0x3725d52f3c252e8374999cc8617292ea2608ad88,almach,Rural-Wharf-Parable,792.9623710048801,808.4999130699613,13.04887,15.537542065081183,3901.82730899512,19,101,0.5263157894736842,0.12471335132605905,126.0,204.0,"btc,eth,sol"
2026-09-25 06:00:00+00:00,13,0x9bfbb4565e7cd5aa50c17e46aadc4c049ac3dc47,,,758.5735529999746,758.5735529999746,0.71122,0.0,12.9475000000253,2,4,0.5,1.0,224.5,203.5,btc
2026-09-25 06:00:00+00:00,14,0xfb066dbffe1bdf00c8001af8aeca486c1230cb25,Yespa123,Barren-Raiment,736.9640399883476,736.9640399883476,33.84967,0.0,1259.5337500116525,6,56,0.5,1.0,242.0,254.0,"btc,eth"
2026-09-25 06:00:00+00:00,15,0xc9b8990a4c7118ecc5dd8c344484534b1213599b,madojin,Whole-Transcript,727.242818,727.700811817326,0.0,0.4579938173260192,33.364232,12,30,0.08333333333333333,0.0,231.0,279.0,btc
2026-09-25 06:00:00+00:00,16,0x9412cdfc1e3171e1aabb013d0f494986445d0cd0,gansinimen,Svelte-Chicory,682.3989890058217,703.8980064403585,9.992930000000001,21.49901743453681,4425.527054994179,5,142,0.8,0.05101939208397789,74.0,221.0,btc
2026-09-25 06:00:00+00:00,17,0x239e726f1f4131ca78a7e5abf1fec86bfc151c10,EZTRADENL2,Fluid-Boy-Catamaran,532.9792489864853,554.4295068334545,29.063409999999998,21.45025784696916,5849.716438013515,11,503,0.7272727272727273,0.17575578421708854,12.0,212.0,btc
2026-09-25 06:00:00+00:00,18,0x3b8407699e832891203387d52c64d8f61ff2f487,0x0a2c53bd218c04da996cf96490e14-f3dfb9bc2,Lonely-Dresser,476.4107999994715,481.0091482226307,0.0,4.5983482231591815,1219.5986900005284,4,39,1.0,0.0,241.0,245.0,btc
2026-09-25 06:00:00+00:00,19,0x28cc505fb60501dbb2199a9662ba175919af904f,0x28cC505fb60501Dbb2199A9662ba175919Af904F-1780262286739,Threadbare-Sneeze,457.67202000279804,474.13057514708987,0.0,16.458555144291772,3134.144248997202,12,165,0.75,0.0,35.0,200.0,btc
2026-09-25 06:00:00+00:00,20,0x037b8d4a5ce2717fd35c0434c9932b82c3219182,asabovesobelow2,Simple-Creek,430.60025601128916,430.60025601128916,8.70738,0.0,576.5955179887109,4,183,0.75,1.0,243.5,272.0,btc
2026-09-25 07:00:00+00:00,1,0x9547dd1651c3c1f9d12c538361bce4338b727117,asdaf54123,Stylish-Conservation,1767.2090899516888,1767.2090899516888,218.33601,0.0,6399.999995048312,5,15,0.4,1.0,23.0,36.0,btc
2026-09-25 07:00:00+00:00,2,0x5f3017816537dcc354da8f2494ed98c047153aee,0x5f3017816537Dcc354da8f2494Ed98C047153aEE-1772028862815,Immense-Sitar,1304.480133941904,1304.480133941904,120.65897000000001,0.0,5862.883798947629,7,20,0.7142857142857143,1.0,39.0,45.0,btc
2026-09-25 07:00:00+00:00,3,0xe8ade1c67a880380ec861c476052c2f00057a859,suanlimao6,Careful-Rations,728.869684892519,729.4909432943825,203.78507,0.6212584018635248,10994.518097244822,5,45,0.6,0.5964476968568143,36.0,212.0,btc
2026-09-25 07:00:00+00:00,4,0x04714bc0feb1dc76688370dc363e6166f9807225,lyfanshen,Famous-Algebra-Shirt,714.8186019934008,715.2386339520033,60.762339999999995,0.4200319586024928,5055.019490944787,7,31,1.0,0.9406589825143898,150.0,137.0,btc
2026-09-25 07:00:00+00:00,5,0x502b532f55778c0985846dc53a9bc71eb4f33b15,0x502b532F55778c0985846Dc53a9bc71eB4F33b15-1761320484518,Stimulating-Power,555.2767740030283,566.408142775813,0.07608,11.131368772784693,2122.1154809969717,24,138,0.5,0.017072350833131546,-42.5,-21.0,"btc,eth,sol"
2026-09-25 07:00:00+00:00,6,0xcb43452d00c374e826641e9e3bddff3394ec98b0,f0008,Popular-Civilization-Strudel,543.00684,545.1071334152341,9.07666,2.100293415234096,567.0665,2,13,1.0,0.47096151862259544,-168.0,-6.0,btc
2026-09-25 07:00:00+00:00,7,0x0c7c5204404e9d5402d258fedac59c7212bae4cb,OhioRiskManagement,Palatable-Patent,436.41871699570333,436.41871699570333,37.56502,0.0,2960.115648004297,36,360,0.7222222222222222,1.0,47.0,131.0,"btc,eth,sol"
2026-09-25 07:00:00+00:00,8,0x3387ac6178b871d26dc701ba458105b513acbe96,sfkjbsr457,Even-Bladder,429.7513439974722,436.6098745548565,0.0,6.858530557384335,1017.2749060025278,13,53,0.6923076923076923,0.0,-24.0,-16.0,"btc,sol"
2026-09-25 07:00:00+00:00,9,0x0ca4e9d27ff826a109ecbf74754fb66b93f277a6,GoodFallen,Blue-Smith,423.0001689907058,425.71494679301895,81.62383,2.714777802313173,3138.9649450092943,12,201,0.5833333333333334,0.837439393576478,11.0,123.0,btc
2026-09-25 07:00:00+00:00,10,0x09a7987daa6b37e117f2cfef385f51789667ba39,yoyoyoyoyoyoyoyoyoyoyoyoyoyoyo,Naive-Likeness-Downstairs,413.30009000052434,419.89098824426065,0.0,6.590898243736301,1080.3060949994756,10,48,0.7,0.0,-17.0,-1.0,btc
2026-09-25 07:00:00+00:00,11,0x7bf54474871bbe724012fedcc64989abde58e9d3,Sndkkcnxkxjg,Buzzing-Mix,394.00186501723033,394.00186501723033,48.83838,0.0,2413.777907992938,9,30,0.7777777777777778,1.0,159.0,151.0,btc
2026-09-25 07:00:00+00:00,12,0xa0c005e435cc420334bbc3300473b2ea0ac35adc,granalmeja,Personal-Microwave,353.8982100046292,355.28151061248025,6.97259,1.3833006078510293,441.06284299537083,2,27,1.0,0.4909504471730635,82.5,161.0,btc
2026-09-25 07:00:00+00:00,13,0x6f303a3eedcb4613c2dd941d361da19ba8a09ee9,Henrybaby,Electric-Instruction,342.91508000207915,344.3138127160098,1.04832,1.3987327139306356,205.98035199792085,2,31,1.0,0.15147075775613264,-52.5,225.0,btc
2026-09-25 07:00:00+00:00,14,0xe54360627359e28aed457c1a951fa6f3b38e5dee,Mustafer,Lean-Dirndl,341.9171170141606,341.9171170141606,28.626,0.0,1071.5780879858394,8,23,0.875,1.0,107.5,141.0,eth
2026-09-25 07:00:00+00:00,15,0xc8a4337850be801fcf6a0a2c257085895cd8c97f,0xc8a4337850Be801fcf6a0a2c257085895Cd8c97f-1790014603793,Wide-Swordfish-Latitude,318.9985450200488,319.169293254557,10.78,0.1707482345081785,889.7400999733821,1,9,1.0,0.31469864063117226,105.0,255.0,btc
2026-09-25 07:00:00+00:00,16,0x0e231b3fc9a53beb231616ed18754d8297061c3d,XTeD123,Limp-Reveal-Gelding,318.76035599517024,318.76035599517024,25.63918,0.0,1018.5818710048297,5,12,0.6,1.0,66.0,177.0,btc
2026-09-25 07:00:00+00:00,17,0x8bf4e27a45614d084e9b90bd6bc489c866a811d8,Paulkao1982,Caring-Adobe,315.8842370350121,315.8842370350121,23.08539,0.0,15399.664365964989,9,27,1.0,1.0,198.0,225.0,btc
2026-09-25 07:00:00+00:00,18,0x3708cef9f92678df15a0473e36c45d68a16cdaf9,0x3708CEF9f92678DF15A0473e36c45d68A16cdAf9-1780222715877,Hearty-Prospect,309.0881750041073,321.49975840342273,0.0,12.4115833993154,2717.0716549958925,11,122,0.6363636363636364,0.0,59.0,110.0,btc
2026-09-25 07:00:00+00:00,19,0xc1b4bfdc36eaa5c09e7231c61e5e44c5463f624f,sir-upalot,Nice-Trapdoor,290.6529319990276,304.0472722423013,0.0,13.394340243273678,2488.0699560009725,12,228,0.75,0.0,20.5,139.5,btc
2026-09-25 07:00:00+00:00,20,0x19b3823092892c026517fd0ff58df4889abe0b9b,wzbbb,Cultured-Venture,290.5707550160493,291.5264402210004,72.85721,0.9556852049511324,2985.7013009839507,12,175,0.6666666666666666,0.9433388393733034,10.5,114.0,btc
2026-09-25 08:00:00+00:00,1,0x4a86dfe0f05e34b133b29b7626368e78912c501e,komsa,Perfumed-Praise-Retrospective,1201.8152462282083,1201.8152462282083,251.67794,0.0,21966.291832964394,10,22,0.8,1.0,132.5,132.5,btc
2026-09-25 08:00:00+00:00,2,0x664a25f165a0150ce687410470f3352f5783fc5f,itsonlyamatteroftime,Satisfied-Fan,888.7090320275237,898.7501772338524,0.0,10.04114520632862,1931.962550972476,5,21,0.4,0.0,155.0,380.0,"btc,eth"
2026-09-25 08:00:00+00:00,3,0x21f4c1a1be34a39a7bc20985df4b7e5a39fb691d,CrouchPredictions,Vague-Hourglass,792.1632190133607,835.3605134313372,163.73273,43.19729441797652,21105.07151898664,16,1369,0.75,0.443176789549318,7.5,153.0,btc
2026-09-25 08:00:00+00:00,4,0x5e60d871c2d646de185e541290689b727ef0e468,0x3664555C090fBEFHSVE94a7d216FCe860d746HD5,Victorious-Recess,520.047994992015,520.047994992015,42.2704,0.0,2773.8541660079854,11,104,0.7272727272727273,1.0,180.0,463.0,"btc,eth,sol"
2026-09-25 08:00:00+00:00,5,0x1b414826a2c991d5ae1669a754291626d0df0b56,Kathod-Shi-14,Compassionate-Restriction-Junker,502.34175699988054,504.1036812509143,28.05744,1.7619242510337927,2473.9194120001193,41,685,0.7804878048780488,0.7731809325403807,42.0,137.0,"btc,eth,sol"
2026-09-25 08:00:00+00:00,6,0xb129a54d3b23214728dcc544034fc83067cd890c,0xB129a54d3b23214728Dcc544034fc83067CD890C-1780260877658,Excited-Conviction,480.2612230022954,495.5093101525896,0.0,15.248087150294134,3004.7175019977044,10,159,0.7,0.0,19.0,168.0,btc
2026-09-25 08:00:00+00:00,7,0x8ec422e3b8d0c4b86b57c97074d5fff43e0854f2,maroon6jdjdjdj,Accomplished-Landing,382.2096099741219,383.15789795427884,42.41499,0.9482879801569135,1405.47680002633,6,17,0.6666666666666666,0.9008047660430295,-233.0,-40.0,btc
2026-09-25 08:00:00+00:00,8,0x32ed2e546b187ca15e2841edc82b22c713cf8ec3,mo-money,Amazing-Mail,366.85446102316655,379.8068136834733,14.0998,12.95235266030674,2115.6677359768332,16,108,0.5,0.15659122382969673,48.0,189.0,"btc,eth"
2026-09-25 08:00:00+00:00,9,0x2ccee10e7b6258e11f380018e0f9961d18016e85,SingW,Rash-Consul,346.33766500150756,346.8218604358482,12.10383,0.4841954343405852,453.7617750000687,5,27,0.8,0.6717181058275652,-6.0,-1.0,btc
2026-09-25 08:00:00+00:00,10,0xe8ade1c67a880380ec861c476052c2f00057a859,suanlimao6,Careful-Rations,336.2031640213951,338.6684109005736,82.23532,2.4652468791784448,4555.096494951657,4,31,1.0,0.8828632498585706,79.0,53.0,btc
2026-09-25 08:00:00+00:00,11,0xab77fff35d04c036d3e85a484cd5e94f67eebe6a,,,294.9891350324538,294.9891350324538,19.68339,0.0,1483.9393749675462,10,17,0.8,1.0,30.0,74.0,btc
2026-09-25 08:00:00+00:00,12,0x3708cef9f92678df15a0473e36c45d68a16cdaf9,0x3708CEF9f92678DF15A0473e36c45d68A16cdAf9-1780222715877,Hearty-Prospect,277.4541629971237,288.4559724278318,0.0,11.001809430708093,1994.6353780028762,11,123,0.6363636363636364,0.0,33.0,155.0,btc
2026-09-25 08:00:00+00:00,13,0x04714bc0feb1dc76688370dc363e6166f9807225,lyfanshen,Famous-Algebra-Shirt,276.81142297504255,276.81142297504255,28.93894,0.0,3305.729384064055,5,10,0.8,1.0,140.0,191.0,btc
2026-09-25 08:00:00+00:00,14,0x988c285a7511bb94557030e089cbb0cb97927a05,WhaYouUpToWhiteBoy,Multicolored-Tusk,276.3524050020659,276.3524050020659,8.077350000000001,0.0,199.99999999793414,1,3,1.0,1.0,159.0,165.0,btc
2026-09-25 08:00:00+00:00,15,0x48ac40fc545cf327edd5365435c3a9f385614a7e,BoneOhio,Warlike-Fallingout,258.55133400425586,260.2669294274409,7.21955,1.7155954231850306,12470.568193995743,13,35,0.8461538461538461,0.07026385537238886,137.0,260.0,"btc,eth,sol"
2026-09-25 08:00:00+00:00,16,0x5bae7577f470244ce8e678d20693eee2b8ffed25,makerabi,Beloved-Pathway-Administration,243.72855301234318,243.72855301234318,11.592929999999999,0.0,416.7799969876569,6,7,0.8333333333333334,1.0,278.5,282.0,"btc,eth"
2026-09-25 08:00:00+00:00,17,0xb0132277507d469d091f38126f7342e7c4d17ad4,Feetsmellingloverboy,Ancient-Jade,236.1317400273721,236.1317400273721,20.517400000000002,0.0,5298.921172972628,9,174,0.7777777777777778,1.0,156.0,176.5,btc
2026-09-25 08:00:00+00:00,18,0xdfb2d6bda19b61dcd8fce46a0590999db2bec37c,0xdFB2d6Bda19B61Dcd8fCE46A0590999db2BEc37c-1771038927143,Married-Tangerine,227.27468302745143,227.27468302745143,58.74552,0.0,2899.8318969455404,5,15,0.6,1.0,-85.0,69.0,btc
2026-09-25 08:00:00+00:00,19,0x4c9497941333332d29f1c235dd23200f3623ffad,,,225.99316000619143,250.16225436089474,0.0,24.1690943547033,4845.916140993809,12,405,0.6666666666666666,0.0,7.0,98.0,btc
2026-09-25 08:00:00+00:00,20,0x568b079891fcc8bef2e557fa2a8a7ecca1700b3b,,,223.24153899979322,231.18526644378292,0.0,7.943727443989699,1946.9284650002069,12,223,0.75,0.0,8.5,90.0,btc
2026-09-25 09:00:00+00:00,1,0x8ac8617241fbd47d189a512516206c2b9a1b47ab,Oussou931,Enchanted-Troop,2782.744498020904,2782.744498020904,124.7422,0.0,5259.999986979096,10,18,1.0,1.0,37.5,45.0,btc
2026-09-25 09:00:00+00:00,2,0x4a86dfe0f05e34b133b29b7626368e78912c501e,komsa,Perfumed-Praise-Retrospective,1870.2528869535176,1870.2528869535176,182.4365,0.0,14418.057503962065,9,21,0.8888888888888888,1.0,102.0,107.0,btc
2026-09-25 09:00:00+00:00,3,0xefd1144fefbeaa6f181392a9ef73c2d5e275c520,benzeau,Marvelous-Installation,1275.9169689767434,1279.139733241389,214.08992,3.2227642646454147,9423.983494958855,10,72,0.6,0.9055076125195667,55.5,111.0,btc
2026-09-25 09:00:00+00:00,4,0x0cb038487586d1119b165466072e9baf666f3a90,,,1173.1836109862263,1208.520578942928,260.28248,35.33696795670175,15013.170520994961,16,762,0.5625,0.558884690296187,9.0,157.0,btc
2026-09-25 09:00:00+00:00,5,0xc5e6250906f3a43348374632092a64ee2cf22d79,peipeipei,Embellished-Doorknob,847.2592249889803,850.3834496428668,58.06259,3.1242246538863916,10031.36838104425,9,107,0.8888888888888888,0.793944485290167,123.0,173.0,btc
2026-09-25 09:00:00+00:00,6,0x8ec422e3b8d0c4b86b57c97074d5fff43e0854f2,maroon6jdjdjdj,Accomplished-Landing,710.05210998,710.05210998,38.37859,0.0,1151.56930002,5,5,0.8,1.0,-264.0,-264.0,btc
2026-09-25 09:00:00+00:00,7,0xc2ad03f79ca3f3c17d8c7de2612ce0c89b7d40ed,bosona,Impolite-Sister,661.8218529906273,679.5254858821606,11.11031,17.70363289153342,3288.6805140093725,23,161,0.5652173913043478,0.07603684788922836,38.0,135.0,"btc,eth,sol"
2026-09-25 09:00:00+00:00,8,0x855e484854d1411b959ddffdda11a698566c5189,0x855e484854D1411B959dDffddA11A698566C5189-1780249997359,Jaunty-Harmony,564.3596229930724,585.5901716515898,0.0,21.230548658517396,3858.2149900069276,11,214,0.6363636363636364,0.0,26.0,236.5,btc
2026-09-25 09:00:00+00:00,9,0xc387c2a40d389f17b723b6bba9b18b7dbd2de4f4,flippingsharks,Ambitious-Membership,548.8999180043273,557.9378157176986,0.0,9.037897713371397,1309.9400179956726,18,281,0.3333333333333333,0.0,121.0,170.0,"btc,eth"
2026-09-25 09:00:00+00:00,10,0x0bf96a1c55e6f47ea84335bc3fc08a89653efd90,alboto,Polite-Promenade,526.291340000196,532.7190396376321,0.0,6.427699637436205,910.2786599998041,10,29,0.8,0.0,-44.5,-30.0,btc
2026-09-25 09:00:00+00:00,11,0x3725d52f3c252e8374999cc8617292ea2608ad88,almach,Rural-Wharf-Parable,495.76764101767964,514.1338197243062,12.81536,18.366178706626673,3359.2944349823206,21,143,0.6190476190476191,0.10413359315752001,47.0,161.0,"btc,eth,sol"
2026-09-25 09:00:00+00:00,12,0x941743de228c1339b996ae09cc84bd8179d86e5e,0x941743De228c1339B996ae09cc84BD8179D86e5e-1780214631894,Agitated-Destination,494.29200500262243,510.8285292146388,0.0,16.53652421201637,4286.015607997378,10,166,0.6,0.0,37.0,218.0,btc
2026-09-25 09:00:00+00:00,13,0x9547dd1651c3c1f9d12c538361bce4338b727117,asdaf54123,Stylish-Conservation,473.4506821531007,473.4506821531007,381.50877,0.0,12199.999988846901,8,26,0.625,1.0,35.0,24.0,btc
2026-09-25 09:00:00+00:00,14,0x9412cdfc1e3171e1aabb013d0f494986445d0cd0,gansinimen,Svelte-Chicory,449.4657070115154,456.78834609475905,0.0,7.32263908324368,1422.3955229884846,6,54,0.6666666666666666,0.0,82.0,107.0,btc
2026-09-25 09:00:00+00:00,15,0x7a4c69849cda41b8831bb310bc45e7e41a484068,zjlszsj163,Fabulous-Earrings,433.0980709793557,437.5427322151903,4.36849,4.4446612358345945,1587.3345559743025,5,47,0.8,0.5244271264958793,-39.0,-3.0,btc
2026-09-25 09:00:00+00:00,16,0xbc5887953750f812be60e57ba6e178c847d65e72,1000monkeys,Ill-Informed-Full,412.5855160019054,428.63639396300135,0.0,16.05087796109595,3030.5374939980943,12,490,0.75,0.0,-54.5,117.0,btc
2026-09-25 09:00:00+00:00,17,0xb0aa97beb0fa9f0e8ec54cfa5f5cf6554a7393ca,naijabiko,Hilarious-Trumpet,393.671090002,393.671090002,8.720509999999999,0.0,182.608399998,1,4,1.0,1.0,39.0,49.0,btc
2026-09-25 09:00:00+00:00,18,0x0ca4e9d27ff826a109ecbf74754fb66b93f277a6,GoodFallen,Blue-Smith,393.00191699256527,395.7292948100211,100.11162999999999,2.727377817455839,3532.4488030074344,12,200,0.6666666666666666,0.880729707209542,33.0,180.0,btc
2026-09-25 09:00:00+00:00,19,0x239e726f1f4131ca78a7e5abf1fec86bfc151c10,EZTRADENL2,Fluid-Boy-Catamaran,384.7888169988115,402.23075515727373,26.881610000000002,17.44193815846215,4365.447134001189,12,382,0.8333333333333334,0.1687661234665176,10.0,161.0,btc
2026-09-25 09:00:00+00:00,20,0x885278f0e304bc2d53f805af2ab779cb6011c569,gabigol,Elaborate-Glue,368.7108159994242,381.03727000047655,0.0,12.326454001052387,2755.448240000576,33,432,0.6060606060606061,0.0,71.0,156.0,"btc,eth,sol"
2026-09-25 10:00:00+00:00,1,0xefd1144fefbeaa6f181392a9ef73c2d5e275c520,benzeau,Marvelous-Installation,1169.2884731940192,1182.9823596178694,450.85985999999997,13.693886423850145,17910.302745514615,10,223,0.7,0.8155953371683247,-30.0,189.0,btc
2026-09-25 10:00:00+00:00,2,0x28cc505fb60501dbb2199a9662ba175919af904f,0x28cC505fb60501Dbb2199A9662ba175919Af904F-1780262286739,Threadbare-Sneeze,555.4507240128283,569.3325165991159,0.0,13.881792586287602,3201.1129379871713,10,106,0.8,0.0,17.0,185.0,btc
2026-09-25 10:00:00+00:00,3,0xf363b411bcfadc7a20d89a08bc9a17b0b5d1c197,Telawin,Remote-Kingdom,525.72308996814,525.72308996814,18.23691,0.0,500.00000003186005,1,1,1.0,1.0,12.0,12.0,eth
2026-09-25 10:00:00+00:00,4,0x32ed2e546b187ca15e2841edc82b22c713cf8ec3,mo-money,Amazing-Mail,502.48979501319263,517.3497870537268,9.27387,14.859992040534129,2623.7130449868073,21,102,0.47619047619047616,0.08601638065230369,50.0,204.0,"btc,eth,sol"
2026-09-25 10:00:00+00:00,5,0x44ccbd392120677fb8c589f4048f3fab13f3038d,Anson41,Lumpy-Resume,484.6917110142894,484.6917110142894,19.82045,0.0,799.9999899857105,3,8,1.0,1.0,-46.0,44.5,btc
2026-09-25 10:00:00+00:00,6,0xe9076a87c5ed90ef16e6fe6529c943baeca0cff6,suntori,All-Peasant-Drug,481.5609760225914,481.5609760225914,30.145049999999998,0.0,1263.8239859830385,15,35,0.6,1.0,77.0,129.0,"btc,eth"
2026-09-25 10:00:00+00:00,7,0xf3326d8fc30f7ed01bfade12c706cb52c397b1c0,0xf3326D8Fc30F7Ed01BfAde12c706cb52c397B1c0-1780211395335,Friendly-Diam,460.903332014041,473.5800125557222,0.0,12.676680541681174,2406.922495985959,9,85,0.4444444444444444,0.0,21.0,156.0,btc
2026-09-25 10:00:00+00:00,8,0xc2ad03f79ca3f3c17d8c7de2612ce0c89b7d40ed,bosona,Impolite-Sister,449.19424801086666,463.2259790769113,5.86601,14.031731066044618,2388.5400179891335,19,97,0.5263157894736842,0.05217710361198855,51.0,176.0,"btc,eth,sol"
2026-09-25 10:00:00+00:00,9,0x4a86dfe0f05e34b133b29b7626368e78912c501e,komsa,Perfumed-Praise-Retrospective,443.2021700184613,443.2021700184613,316.56892,0.0,24549.269042111784,12,33,0.6666666666666666,1.0,100.0,111.0,btc
2026-09-25 10:00:00+00:00,10,0x87ccad87a668a921d1e30ebf71850887ccd5da77,blockbunny,Hairy-Heel,431.3714560137561,431.3714560137561,17.66183,0.0,615.779999986244,4,8,0.75,1.0,583.0,725.0,"btc,sol"
2026-09-25 10:00:00+00:00,11,0x5e60d871c2d646de185e541290689b727ef0e468,0x3664555C090fBEFHSVE94a7d216FCe860d746HD5,Victorious-Recess,401.939082000536,401.939082000536,63.56592,0.0,2994.881897999464,12,89,0.5,1.0,34.5,432.0,"btc,eth,sol"
2026-09-25 10:00:00+00:00,12,0xc1b4bfdc36eaa5c09e7231c61e5e44c5463f624f,sir-upalot,Nice-Trapdoor,373.6270010021266,392.5075799952915,0.0,18.880578993164903,3524.121559997873,12,311,0.8333333333333334,0.0,18.0,183.0,btc
2026-09-25 10:00:00+00:00,13,0x3b8407699e832891203387d52c64d8f61ff2f487,0x0a2c53bd218c04da996cf96490e14-f3dfb9bc2,Lonely-Dresser,357.67439999620046,360.5877613502431,0.0,2.913361354042649,526.4530240037996,2,14,1.0,0.0,268.0,272.0,btc
2026-09-25 10:00:00+00:00,14,0x90c7c48c0363f46320a091e4acdbf0933cbcf260,fg0018,Striking-Neighbor-Grandmom,355.3175109382665,358.2287614795323,57.673049999999996,2.911250541265792,4475.692086068876,10,87,0.7,0.53502321875957,108.5,218.0,"btc,eth"
2026-09-25 10:00:00+00:00,15,0xc5e6250906f3a43348374632092a64ee2cf22d79,peipeipei,Embellished-Doorknob,351.60047598344204,353.92660943949863,29.68935,2.326133456056603,6829.130223023714,9,86,0.8888888888888888,0.6835443568326263,135.0,188.0,btc
2026-09-25 10:00:00+00:00,16,0x4c9497941333332d29f1c235dd23200f3623ffad,,,323.64604400778524,366.4392744149952,0.0,42.79323040720995,8250.662895992215,12,650,0.5833333333333334,0.0,7.0,108.0,btc
2026-09-25 10:00:00+00:00,17,0x3725d52f3c252e8374999cc8617292ea2608ad88,almach,Rural-Wharf-Parable,274.4658120125601,287.03057159905046,4.6390199999999995,12.564759586490364,1967.9587579874399,21,88,0.5238095238095238,0.054977371634291394,48.0,85.0,"btc,eth,sol"
2026-09-25 10:00:00+00:00,18,0x880273a012d745b781bb148da8e8ae85a7cef583,tusike,Tangible-Albatross,266.10596296351105,266.10596296351105,19.98351,0.0,686.084300027649,1,2,1.0,1.0,63.0,121.5,btc
2026-09-25 10:00:00+00:00,19,0x502b532f55778c0985846dc53a9bc71eb4f33b15,0x502b532F55778c0985846Dc53a9bc71eB4F33b15-1761320484518,Stimulating-Power,265.680730995089,273.4880624524338,0.11365,7.807331457344843,2089.0518650049107,26,91,0.6538461538461539,0.07771946820459545,-36.5,-22.0,"btc,eth,sol"
2026-09-25 10:00:00+00:00,20,0xc0e4a97da5983cd5691322ed7583e71028fe9415,0xc0E4A97dA5983cd5691322ed7583E71028fe9415-1774091293728,Leading-Sender,256.34582102872423,256.34582102872423,36.33924,0.0,1540.4447989857817,6,11,0.5,1.0,23.5,33.0,btc
2026-09-25 11:00:00+00:00,1,0x8ac8617241fbd47d189a512516206c2b9a1b47ab,Oussou931,Enchanted-Troop,3537.9590139995744,3537.9590139995744,260.41064,0.0,12879.666459000426,12,44,0.8333333333333334,1.0,34.0,69.5,btc
2026-09-25 11:00:00+00:00,2,0xf3326d8fc30f7ed01bfade12c706cb52c397b1c0,0xf3326D8Fc30F7Ed01BfAde12c706cb52c397B1c0-1780211395335,Friendly-Diam,965.897510002758,981.6074665093289,0.0,15.709956506570725,2679.9008829972418,10,155,0.6,0.0,23.5,168.0,btc
2026-09-25 11:00:00+00:00,3,0xdf0d2ccfe3d7c2ef120395534e43afe283509f79,0xdf0D2CcfE3d7C2EF120395534e43Afe283509F79-1774320078733,Slow-Minute,960.0804550020287,965.4226277916952,0.0,5.342172789666394,592.2559219979713,7,61,0.7142857142857143,0.0,21.0,21.0,btc
2026-09-25 11:00:00+00:00,4,0x502b532f55778c0985846dc53a9bc71eb4f33b15,0x502b532F55778c0985846Dc53a9bc71eB4F33b15-1761320484518,Stimulating-Power,950.0983560043173,963.0012881284894,0.11365,12.902932124171972,2441.3405829956823,28,140,0.5357142857142857,0.06650444478368266,-59.0,-26.0,"btc,eth,sol"
2026-09-25 11:00:00+00:00,5,0x90c7c48c0363f46320a091e4acdbf0933cbcf260,fg0018,Striking-Neighbor-Grandmom,911.0620509824548,913.1469153323433,65.56583,2.084864349888446,7378.096581017089,7,84,0.7142857142857143,0.5061225940881551,143.0,242.0,"btc,eth"
2026-09-25 11:00:00+00:00,6,0x855e484854d1411b959ddffdda11a698566c5189,0x855e484854D1411B959dDffddA11A698566C5189-1780249997359,Jaunty-Harmony,813.0724489760173,829.0227341550076,0.0,15.950285178990288,2755.7672150239828,12,130,0.6666666666666666,0.0,29.5,97.0,btc
2026-09-25 11:00:00+00:00,7,0xb129a54d3b23214728dcc544034fc83067cd890c,0xB129a54d3b23214728Dcc544034fc83067CD890C-1780260877658,Excited-Conviction,802.5608259977795,816.3172396047783,0.0,13.7564136069989,1969.4620640022204,11,111,0.6363636363636364,0.0,50.0,179.0,btc
2026-09-25 11:00:00+00:00,8,0xc2ad03f79ca3f3c17d8c7de2612ce0c89b7d40ed,bosona,Impolite-Sister,710.2126990001302,730.8267938274262,13.297910000000002,20.61409482729585,4576.65230399987,21,99,0.42857142857142855,0.22938731856002093,38.0,87.0,"btc,eth,sol"
2026-09-25 11:00:00+00:00,9,0x7cf89836b082aab85b137d45bfc6b991cf2104ae,Alpharo28,Thin-Saint,662.0188380082685,678.1102710166952,1.13848,16.091433008426627,2433.642271993407,33,222,0.6363636363636364,0.01853189333460969,-82.0,-22.0,"btc,eth,sol"
2026-09-25 11:00:00+00:00,10,0x2106587a1e6f51b16880a5fd4ab253fd78d24c18,wuhua2000003,Winged-Logistics,654.6902399574,654.6902399574,19.705060000000003,0.0,487.60470004260003,2,2,1.0,1.0,11.5,11.5,"btc,eth"
2026-09-25 11:00:00+00:00,11,0x3725d52f3c252e8374999cc8617292ea2608ad88,almach,Rural-Wharf-Parable,599.3135860078999,617.897451650929,6.296670000000001,18.583865643029224,4016.1327939921002,21,98,0.47619047619047616,0.24214134588805178,54.0,97.0,"btc,eth,sol"
2026-09-25 11:00:00+00:00,12,0x28cc505fb60501dbb2199a9662ba175919af904f,0x28cC505fb60501Dbb2199A9662ba175919Af904F-1780262286739,Threadbare-Sneeze,599.2943259924942,615.8715003809177,0.0,16.577174388423487,2647.0909360075057,12,121,0.5,0.0,29.0,81.0,btc
2026-09-25 11:00:00+00:00,13,0xcb43452d00c374e826641e9e3bddff3394ec98b0,f0008,Popular-Civilization-Strudel,593.0383080028511,595.1384154422733,10.77483,2.100107439422251,611.999999997149,2,18,1.0,0.5098039215663438,-159.5,-20.0,btc
2026-09-25 11:00:00+00:00,14,0x0d2d845a6ff64e31e04a70afce8a573940767ff5,38791873984189,Sympathetic-Back,526.2556359882325,538.7864213569347,0.0,12.530785368702215,1732.2039850117676,19,89,0.5263157894736842,0.0,-216.0,-121.0,"btc,eth,sol"
2026-09-25 11:00:00+00:00,15,0x691fd030b65f88a73905ba30674bdc839a85877a,0x691Fd030b65f88A73905bA30674Bdc839a858,Sniveling-Curd,525.7989380492927,558.9970310762537,0.0,33.19809302696128,2737.6361439507073,9,634,0.1111111111111111,0.0,96.0,107.0,btc
2026-09-25 11:00:00+00:00,16,0x86b14772a4da70f3e6d5eee06933ebef143efc87,machinelearned,Fitting-Entree,492.899757996771,503.50721148778825,0.0,10.60745349101728,1984.3871190032291,11,92,0.8181818181818182,0.0,53.0,126.0,btc
2026-09-25 11:00:00+00:00,17,0xc387c2a40d389f17b723b6bba9b18b7dbd2de4f4,flippingsharks,Ambitious-Membership,475.1826090209313,486.3378724881568,0.0,11.15526346722545,1056.7207979790687,13,224,0.3076923076923077,0.0,78.0,146.0,"btc,eth"
2026-09-25 11:00:00+00:00,18,0xc53375ff94e96100f2b30a4b5775db35218d69a9,dangerously-skip-permissions,Lone-Easel-Election,453.906096999361,460.25042376404446,129.20518,6.344326764683495,5237.062644000639,12,370,0.6666666666666666,0.8117321462391418,6.0,119.0,btc
2026-09-25 11:00:00+00:00,19,0x2ed94d1a460379292d2e3b46f2cf7d94b033f271,Hsilverbasher,Peppery-Digging,448.939911011612,451.0409156788761,69.22993,2.101004667264058,3855.901358988388,27,181,0.6296296296296297,0.7333148171432364,-18.0,54.0,"btc,eth,sol"
2026-09-25 11:00:00+00:00,20,0xc0e4a97da5983cd5691322ed7583e71028fe9415,0xc0E4A97dA5983cd5691322ed7583E71028fe9415-1774091293728,Leading-Sender,410.28931299871067,410.28931299871067,19.0076,0.0,1385.6537000012893,6,14,0.5,1.0,51.0,53.0,btc
2026-09-25 12:00:00+00:00,1,0x8ec422e3b8d0c4b86b57c97074d5fff43e0854f2,maroon6jdjdjdj,Accomplished-Landing,1359.147099916436,1362.3422385711249,36.2333,3.1951386546888916,1604.598491083564,1,15,1.0,0.6840362908048092,-241.0,-58.0,btc
2026-09-25 12:00:00+00:00,2,0x32ed2e546b187ca15e2841edc82b22c713cf8ec3,mo-money,Amazing-Mail,1287.552482005215,1304.0517641889326,7.04324,16.499282183717487,3708.884106994785,21,97,0.5238095238095238,0.07916108768261894,72.0,228.0,"btc,eth,sol"
2026-09-25 12:00:00+00:00,3,0x3725d52f3c252e8374999cc8617292ea2608ad88,almach,Rural-Wharf-Parable,1096.663524992248,1110.9812047361997,10.44602,14.317679743951704,3299.8254720077516,24,105,0.5,0.12149897120651663,67.5,206.0,"btc,eth,sol"
2026-09-25 12:00:00+00:00,4,0xc2ad03f79ca3f3c17d8c7de2612ce0c89b7d40ed,bosona,Impolite-Sister,1075.6939880059178,1090.034391851046,9.53913,14.340403845128103,2738.5697589940823,21,122,0.6190476190476191,0.09194857979169853,66.0,231.0,"btc,eth,sol"
2026-09-25 12:00:00+00:00,5,0xf971c6a47d0306fa2c2a33dab11180dad66bc417,George003,Enormous-Ape,1000.0,1007.000505049434,0.0,7.000505049434005,1000.0,1,52,1.0,0.0,-16.0,-7.0,btc
2026-09-25 12:00:00+00:00,6,0x21f4c1a1be34a39a7bc20985df4b7e5a39fb691d,CrouchPredictions,Vague-Hourglass,729.5618440114354,783.3745787908789,243.36469,53.81273477944355,24025.790267988566,10,1531,0.5,0.5059635100620997,5.5,143.0,btc
2026-09-25 12:00:00+00:00,7,0x44ccbd392120677fb8c589f4048f3fab13f3038d,Anson41,Lumpy-Resume,685.9331310008092,685.9331310008092,25.9515,0.0,863.4999989991908,3,9,1.0,1.0,33.0,33.0,btc
2026-09-25 12:00:00+00:00,8,0x90c7c48c0363f46320a091e4acdbf0933cbcf260,fg0018,Striking-Neighbor-Grandmom,591.5936010206738,593.6239148960346,63.49192,2.030313875360903,5476.477563033743,17,49,0.9411764705882353,0.7352562877644391,104.0,138.0,"btc,eth"
2026-09-25 12:00:00+00:00,9,0x0cb038487586d1119b165466072e9baf666f3a90,,,579.5127569703411,606.9801227720334,171.43504,27.4673658016922,11488.856258017904,16,705,0.5625,0.4477727183181023,5.5,140.0,btc
2026-09-25 12:00:00+00:00,10,0x66b23cd8bcb651e11b70f6f340ce154864870fdf,donaldbush,Grimy-Vibrissae,571.972389991595,572.6302527131356,19.20371,0.6578627215405463,708.823900008405,2,8,1.0,0.845836603423355,9.0,51.0,btc
2026-09-25 12:00:00+00:00,11,0x747abbf12e38ce77ae9ad50e6b234be4f45a766d,0xNOP,Wiggly-Galley,523.2458980131183,524.3241938468594,39.84713,1.078295833741065,2744.1220000041267,4,49,1.0,0.7640772531259,157.0,215.0,btc
2026-09-25 12:00:00+00:00,12,0x4c9497941333332d29f1c235dd23200f3623ffad,,,497.28132599818,543.7021793137801,0.0,46.42085331560001,8532.35476600182,12,617,0.5833333333333334,0.0,6.0,108.0,btc
2026-09-25 12:00:00+00:00,13,0x6d0194729138692c6db1ca949b54ed6567f17137,Lion1123,Regal-Virus-Smock,440.4290459774548,440.4290459774548,43.62973,0.0,1426.894082002549,5,97,0.6,1.0,23.0,47.0,btc
2026-09-25 12:00:00+00:00,14,0x0bf96a1c55e6f47ea84335bc3fc08a89653efd90,alboto,Polite-Promenade,399.993,405.59350525047336,0.0,5.600505250473336,799.9929999999999,8,70,0.75,0.0,-42.0,-3.5,btc
2026-09-25 12:00:00+00:00,15,0x7743aea53acd19e496c1c515eb0a143fb437fb42,0x7743AEa53ACd19E496C1C515EB0a143fb437fB42-1780258394212,Disgusting-Tennis,368.4844889903593,379.9344327850981,0.0,11.449943794738708,2294.4812390096404,8,98,0.625,0.0,28.5,130.5,btc
2026-09-25 12:00:00+00:00,16,0x568b079891fcc8bef2e557fa2a8a7ecca1700b3b,,,332.5253749987189,343.751905866638,0.0,11.226530867919138,2611.890350001281,12,241,0.6666666666666666,0.0,5.5,66.0,btc
2026-09-25 12:00:00+00:00,17,0x35b10c410de4f9306a3a91354abe27d4458a8962,Stami1,Well-Documented-Condor,323.7795769489664,323.7795769489664,34.44053,0.0,1546.4445900400215,4,13,0.75,1.0,-3.5,6.0,btc
2026-09-25 12:00:00+00:00,18,0x9412cdfc1e3171e1aabb013d0f494986445d0cd0,gansinimen,Svelte-Chicory,318.52838800995664,321.93387096703253,0.08311,3.405482957075896,377.65539999004335,4,27,0.75,0.0034422915719840726,158.0,192.0,btc
2026-09-25 12:00:00+00:00,19,0xf363b411bcfadc7a20d89a08bc9a17b0b5d1c197,Telawin,Remote-Kingdom,268.62792300001763,268.62792300001763,12.59935,0.0,499.9999999999823,1,1,1.0,1.0,9.0,9.0,eth
2026-09-25 12:00:00+00:00,20,0x20c93453ab5da9386892140e83638a46b8b6e915,apolimatos,Giant-Mobster,268.58513299651815,268.58513299651815,11.19881,0.0,573.8227970090359,18,34,0.5555555555555556,1.0,185.0,195.5,"btc,eth"
2026-09-25 13:00:00+00:00,1,0x3708cef9f92678df15a0473e36c45d68a16cdaf9,0x3708CEF9f92678DF15A0473e36c45d68A16cdAf9-1780222715877,Hearty-Prospect,977.2612559984169,988.3418537669098,0.0,11.080597768492979,1918.109006001583,11,120,0.7272727272727273,0.0,68.0,181.0,btc
2026-09-25 13:00:00+00:00,2,0x28cc505fb60501dbb2199a9662ba175919af904f,0x28cC505fb60501Dbb2199A9662ba175919Af904F-1780262286739,Threadbare-Sneeze,876.1753720146728,888.6980842024252,0.0,12.522712187752376,2355.9212189853274,11,110,0.8181818181818182,0.0,27.0,127.0,btc
2026-09-25 13:00:00+00:00,3,0x0100f1a36f952615e6e36e13ebe92d2b9929a303,Szgboy,Bleak-Opinion,865.4354299329862,869.0259275740498,40.81612,3.590497641063614,22141.124471067014,6,154,1.0,0.5933890542578681,165.0,186.0,btc
2026-09-25 13:00:00+00:00,4,0x3725d52f3c252e8374999cc8617292ea2608ad88,almach,Rural-Wharf-Parable,640.2612170198461,656.2061402285373,7.74591,15.944923208691257,3618.612317980154,26,124,0.5384615384615384,0.05341039133591016,48.5,143.0,"btc,eth,sol"
2026-09-25 13:00:00+00:00,5,0xc6e3fec2e1a29e7a03e1f2d57f4e4eee39dc8b84,Parad0X,Remarkable-Boutique,577.2931529956944,584.4658082004755,0.0,7.172655204781032,1157.2151640043055,6,63,0.8333333333333334,0.0,-9.0,-1.0,btc
2026-09-25 13:00:00+00:00,6,0xaa1a4f31c010d4a63fc49770d4ca2d69ea370602,hdueilqhsdn,Downright-Scheduling,562.4809949947673,597.9714017318611,0.0,35.49040673709375,8337.914902005232,12,850,0.75,0.0,8.0,149.0,btc
2026-09-25 13:00:00+00:00,7,0x280e296e5f14091642208ac24614826d9902fbd8,0x280E296e5f14091642208Ac24614826D9902fbd8-1780260958670,Blissful-Cormorant,553.9865780039095,562.9386951775926,0.0,8.952117173683222,1656.2970309960906,10,73,0.7,0.0,9.5,101.0,btc
2026-09-25 13:00:00+00:00,8,0xf3326d8fc30f7ed01bfade12c706cb52c397b1c0,0xf3326D8Fc30F7Ed01BfAde12c706cb52c397B1c0-1780211395335,Friendly-Diam,497.23161399331855,507.5432782628061,0.0,10.311664269487522,1949.7577560066816,10,100,0.5,0.0,38.0,162.0,btc
2026-09-25 13:00:00+00:00,9,0x502b532f55778c0985846dc53a9bc71eb4f33b15,0x502b532F55778c0985846Dc53a9bc71eB4F33b15-1761320484518,Stimulating-Power,464.63846600774394,471.4963671737448,0.34096,6.857901166000746,1739.567418992256,25,86,0.68,0.0933335427075992,-33.0,-11.0,"btc,eth,sol"
2026-09-25 13:00:00+00:00,10,0xf03b3be0a0e7026bc41bbfcdc286129962833ba1,GameMaster2026,Powerful-Mastoid,461.951071999577,461.951071999577,44.301869999999994,0.0,1140.0000000004231,7,15,0.5714285714285714,1.0,23.0,38.0,btc
2026-09-25 13:00:00+00:00,11,0x40b56efcf16fd4776b7728fe6c4be7d127826b5f,Kutoba,Clever-Jealousy-Artist,397.57407296625723,397.57407296625723,175.03113000000002,0.0,20868.018484055036,12,91,0.5833333333333334,1.0,34.0,152.0,btc
2026-09-25 13:00:00+00:00,12,0x4228048ea2f8f571ff2777cc32baee584c5134cb,trinity42,Mountainous-Buy,384.6489420229672,384.66134342075947,17.656,0.01240139779224795,474.89709697643286,13,24,0.6153846153846154,0.9977258231164686,69.0,139.0,"btc,eth"
2026-09-25 13:00:00+00:00,13,0x855e484854d1411b959ddffdda11a698566c5189,0x855e484854D1411B959dDffddA11A698566C5189-1780249997359,Jaunty-Harmony,358.9923180120519,372.25555273703003,0.0,13.263234724978105,2733.675087987948,11,123,0.6363636363636364,0.0,63.0,177.0,btc
2026-09-25 13:00:00+00:00,14,0x32ed2e546b187ca15e2841edc82b22c713cf8ec3,mo-money,Amazing-Mail,356.94933001782636,379.15145137374805,15.950619999999999,22.20212135592168,4756.641366982174,27,153,0.48148148148148145,0.10408327258573989,45.0,147.0,"btc,eth,sol"
2026-09-25 13:00:00+00:00,15,0xd4fa2e10c74ab94bc23414989a516b07386ddcc8,quantbarbie,Clueless-Lime,353.8190779933791,404.03531986428806,6.79604,50.216241870908945,10899.00225500662,12,1340,0.75,0.028936960339942214,5.0,131.0,btc
2026-09-25 13:00:00+00:00,16,0x6738a4628a29ce5b7f51beb226618b1aee5cc6fb,0x6738A4628A29cE5b7F51bEb226618B1AEE5CC6fB-1780243879977,Unpleasant-Dashboard,344.62493399802315,351.309946481946,0.0,6.685012483922857,1049.8451450019768,35,232,0.5428571428571428,0.0,27.0,202.5,"btc,eth,sol"
2026-09-25 13:00:00+00:00,17,0x9d57c42e847173d06841703825d3fe2299e456ea,Polkadot-Frog,Supportive-Matchmaker,298.274562999076,338.37694321959975,67.36269,40.10238022052377,12349.069562000925,32,1827,0.375,0.3110657997926591,23.5,153.0,"btc,eth"
2026-09-25 13:00:00+00:00,18,0x4c9497941333332d29f1c235dd23200f3623ffad,,,288.4525260385926,340.59429981358636,0.0,52.14177377499376,10640.662343961407,12,821,0.4166666666666667,0.0,4.0,144.0,btc
2026-09-25 13:00:00+00:00,19,0x0c7c5204404e9d5402d258fedac59c7212bae4cb,OhioRiskManagement,Palatable-Patent,282.75979800144785,282.75979800144785,47.85786,0.0,3388.266842998552,36,450,0.4166666666666667,1.0,31.0,86.0,"btc,eth,sol"
2026-09-25 13:00:00+00:00,20,0xdab7817e670763a31be053d567f675c8549e4baf,DefineX,Yummy-Hepatitis-Soy,271.68358100884524,273.094488979949,43.79944,1.4109079711038157,2269.5998509911547,21,113,0.47619047619047616,0.8464393928973818,92.0,165.0,"btc,eth,sol"
2026-09-25 14:00:00+00:00,1,0xefd1144fefbeaa6f181392a9ef73c2d5e275c520,benzeau,Marvelous-Installation,2273.8885433542555,2279.9612573397108,405.40682,6.072713985455362,16494.092897705457,12,96,0.5,0.9277149699961962,13.0,98.5,btc
2026-09-25 14:00:00+00:00,2,0xfaac0e43b72980b38d6a090b5df321e5c1586968,Alexjwross,Intrepid-Misunderstand-Kiss,1723.8546610303138,1723.8546610303138,60.35666,0.0,3347.5843888764803,3,7,1.0,1.0,195.0,249.0,"btc,eth"
2026-09-25 14:00:00+00:00,3,0xe8ade1c67a880380ec861c476052c2f00057a859,suanlimao6,Careful-Rations,1289.154538938267,1290.409498935036,192.27611,1.2549599967690854,15217.664989133951,9,77,0.6666666666666666,0.5318187905223816,72.0,237.0,btc
2026-09-25 14:00:00+00:00,4,0xaa1a4f31c010d4a63fc49770d4ca2d69ea370602,hdueilqhsdn,Downright-Scheduling,817.593884002616,856.0416367083048,0.0,38.447752705688856,8134.221848997384,12,865,0.75,0.0,10.0,156.0,btc
2026-09-25 14:00:00+00:00,5,0x44ccbd392120677fb8c589f4048f3fab13f3038d,Anson41,Lumpy-Resume,734.4342130264315,734.4342130264315,66.07387,0.0,2013.7847939735684,9,24,0.7777777777777778,1.0,20.0,86.5,btc
2026-09-25 14:00:00+00:00,6,0xf03b3be0a0e7026bc41bbfcdc286129962833ba1,GameMaster2026,Powerful-Mastoid,629.4091430169444,629.4091430169444,12.58908,0.0,249.99999998305557,1,3,1.0,1.0,21.0,21.0,btc
2026-09-25 14:00:00+00:00,7,0x94463d93504c83310605800d63897e53e9c4bcaa,eason1024,Difficult-Boyfriend-Junker,556.9859070245192,556.9859070245192,35.64594,0.0,4508.679850975481,5,38,1.0,1.0,114.0,138.0,btc
2026-09-25 14:00:00+00:00,8,0x0bf96a1c55e6f47ea84335bc3fc08a89653efd90,alboto,Polite-Promenade,500.0,504.90058900620807,0.0,4.9005890062080875,700.0,7,32,0.8571428571428571,0.0,-90.0,-31.0,btc
2026-09-25 14:00:00+00:00,9,0x36223d8d3540f862c6a2210218c9383349bd3fac,Lorolorota09,Sweet-Number,488.4991999771987,495.3667907602389,105.76046,6.867590783040192,6861.163998143405,3,77,1.0,0.6005775841030812,146.0,285.0,btc
2026-09-25 14:00:00+00:00,10,0xae7327b1dd33a76918d12489128942e8a2b5a5e9,BottleUp,Optimal-Milk-Hole,468.2523229945307,468.2523229945307,38.44862,0.0,1638.5799500054693,12,80,0.6666666666666666,1.0,8.0,28.0,btc
2026-09-25 14:00:00+00:00,11,0xfad831b5fef57d5c44b97a20f03843fa16983426,0xFaD831B5fEF57d5c44B97A20F03843Fa16983426-1787852112545,Exemplary-Wound,463.93626999539885,467.11322577061793,0.69993,3.176955775219062,483.19278100460116,1,21,1.0,0.04180526033108853,-9.0,6.0,sol
2026-09-25 14:00:00+00:00,12,0x03f1a9997a7207f03b32c7e203fc88ff67c4e633,pipi5673,Late-Sniffle-Antiquity,433.50508401290864,433.50508401290864,17.64988,0.0,406.4526999870913,2,19,0.5,1.0,156.5,171.0,btc
2026-09-25 14:00:00+00:00,13,0xb55fa1296e6ec55d0ce53d93b9237389f11764d4,0xb55fa1296E6ec55D0cE53d93B9237389f11764d4-1777575277609,Lively-Authenticity,427.1163820013948,434.56811732820205,137.10495,7.451735326807233,6820.608002998605,45,1020,0.6888888888888889,0.7961202269083086,24.0,177.0,"btc,eth,sol"
2026-09-25 14:00:00+00:00,14,0x239e726f1f4131ca78a7e5abf1fec86bfc151c10,EZTRADENL2,Fluid-Boy-Catamaran,416.3838970009892,432.87752991483734,3.1018399999999997,16.49363291384822,3233.560672999011,12,365,0.6666666666666666,0.02187062719760559,8.0,50.0,btc
2026-09-25 14:00:00+00:00,15,0x33731e979b537dfaef0f686ef6695cdb5b5950c4,LePetitJambones,Dark-Nod,401.62683499917244,406.0503730112179,0.0,4.423538012045513,541.3452760008277,20,50,0.55,0.0,71.5,140.0,"btc,eth,sol"
2026-09-25 14:00:00+00:00,16,0xe557ac974ed67d0dab095acff9b5fd287a3eafb7,alexiosof,Fond-Scholar,394.84394599737044,400.3929168515586,12.63163,5.548970854188153,2113.123420998598,25,316,0.68,0.5571378786014437,12.0,102.0,"btc,eth,sol"
2026-09-25 14:00:00+00:00,17,0x77b2a944f148660b76691f10819892d002c524bd,a89ydaa,Unwritten-Meringue,387.2222930025098,395.33153003402225,5.30967,8.109237031512414,1659.9027689974903,19,146,0.6842105263157895,0.14290463539780904,14.0,54.0,"btc,eth"
2026-09-25 14:00:00+00:00,18,0x0c7c5204404e9d5402d258fedac59c7212bae4cb,OhioRiskManagement,Palatable-Patent,383.4074290046164,383.4074290046164,48.01308,0.0,3053.2476949953834,36,455,0.6944444444444444,1.0,41.5,101.0,"btc,eth,sol"
2026-09-25 14:00:00+00:00,19,0xc0176130731377d7d601304271f5a713384a7242,ebfliuba,Crazy-Councilor,373.6756939974255,380.667836049161,4.0355,6.992142051735508,1702.4467460025744,20,142,0.85,0.1105450143694042,37.0,90.5,"btc,eth"
2026-09-25 14:00:00+00:00,20,0x0100f1a36f952615e6e36e13ebe92d2b9929a303,Szgboy,Bleak-Opinion,353.03362985471904,355.00005002086607,15.36657,1.9664201661470422,23732.97646714528,5,74,1.0,0.4684225350127703,248.0,206.0,btc
2026-09-25 15:00:00+00:00,1,0xee65685de42f8de9a03b4c53ee77d56a20d2cfc9,0x50f7,Haunting-Cheese,1829.5240859691835,1833.8760641804029,0.0030399999999999997,4.351978211219267,2831.6305810308163,19,69,0.631578947368421,0.015297419193795812,270.0,231.0,"btc,eth,sol"
2026-09-25 15:00:00+00:00,2,0x21d0a97aac03917e752857a551bbe5103a00e8d7,PBot-6,Tangible-Friendship,1483.9272519856731,1502.812928073707,0.0,18.885676088034046,2461.6427160143267,23,112,0.5652173913043478,0.0,-57.0,-49.5,"btc,eth,sol"
2026-09-25 15:00:00+00:00,3,0x21e38bf9e464ad267172161489a9727be8a3feb2,Letsrock,Knowing-Snowman,1399.2223150118002,1399.2223150118002,41.298159999999996,0.0,999.9999999881998,3,5,1.0,1.0,45.0,45.0,btc
2026-09-25 15:00:00+00:00,4,0x9e3ed7b661a903fc97afcf49e0f014ebe869f882,0x9e3ed7b661a903fc97afcf49e0f014ebe869f882-1783406009396,Favorable-Pepper-Brushing,1054.9248158784976,1054.9248158784976,242.34414,0.0,8028.661120194589,24,92,0.5416666666666666,1.0,37.0,133.0,"btc,eth,sol"
2026-09-25 15:00:00+00:00,5,0x6f8bfc48625a6d2adde508abad216ca33110a588,Sufix,Warmhearted-Crow,868.7709970015262,868.7709970015262,21.815759999999997,0.0,479.6099999984737,1,2,1.0,1.0,90.0,90.0,btc
2026-09-25 15:00:00+00:00,6,0x8bf4e27a45614d084e9b90bd6bc489c866a811d8,Paulkao1982,Caring-Adobe,852.8113240783524,852.8113240783524,58.4568,0.0,17399.893156921647,10,29,1.0,1.0,201.0,216.0,btc
2026-09-25 15:00:00+00:00,7,0xefd1144fefbeaa6f181392a9ef73c2d5e275c520,benzeau,Marvelous-Installation,817.8354488573464,817.8354488573464,248.18872,0.0,8426.004000093244,10,28,0.7,1.0,20.5,124.0,btc
2026-09-25 15:00:00+00:00,8,0xcc1b7ab9a04f80d051b2c25cc1f0e7729fc35f73,linalla3,New-Criticism,561.1663730243054,561.1663730243054,20.62177,0.0,597.5299999756946,2,2,1.0,1.0,-54.5,-54.5,btc
2026-09-25 15:00:00+00:00,9,0x1b7d3c861b413522b31fbedd91af6367db8de31c,annonnn,Hilarious-Meridian,554.2460130417794,554.2460130417794,38.05277,0.0,1740.6771000363806,1,8,1.0,1.0,-60.0,145.0,btc
2026-09-25 15:00:00+00:00,10,0xd84c2713e2b58beb1d9dc4421aabd778573ee0a5,0x66666666666,Prize-Snowstorm,519.9991999999039,523.4936794209125,0.0,3.4944794210085406,479.9992620000961,1,17,1.0,0.0,566.0,569.0,btc
2026-09-25 15:00:00+00:00,11,0xc2dec3accff4c5b6162bf6ee25aab0ee20c3bcf2,banchii,Lazy-Action-Councilman,438.9924699009069,438.9924699009069,71.70928,0.0,2431.909099955043,3,17,1.0,1.0,159.0,161.0,btc
2026-09-25 15:00:00+00:00,12,0x7e5d2991c2647de2348287e2f499329fc6a6c4c3,aswfadq1555,Big-Hearted-Warning-Fingernail,432.16428500408233,447.9266242109603,14.82958,15.762339206878012,3585.8063659959175,8,359,0.75,0.1849430315834168,15.5,500.0,"btc,eth"
2026-09-25 15:00:00+00:00,13,0x0c7c5204404e9d5402d258fedac59c7212bae4cb,OhioRiskManagement,Palatable-Patent,421.1104649992411,421.1104649992411,47.54746,0.0,1905.0010830007589,36,445,0.5555555555555556,1.0,33.5,113.0,"btc,eth,sol"
2026-09-25 15:00:00+00:00,14,0x747abbf12e38ce77ae9ad50e6b234be4f45a766d,0xNOP,Wiggly-Galley,367.67039500416166,368.2902251281671,26.03548,0.6198301240054398,1766.2062000041617,3,22,1.0,0.8910233131308745,36.0,183.0,btc
2026-09-25 15:00:00+00:00,15,0x5feea3460cc6d46d800a2540876324c8b9d5f719,TheApexParasite,Defiant-Spat,363.12,363.74230292276195,0.0,0.6223029227619293,44.88,2,2,1.0,0.0,-18.5,-18.5,sol
2026-09-25 15:00:00+00:00,16,0xf8e3da9376113b2c5c0be45947445f868807e06b,0xF8e3DA9376113B2c5C0BE45947445f868807e06b-1780222944310,Every-Thump-Story,339.11364499695037,346.3663353491473,0.0,7.25269035219691,1041.5190020030495,34,222,0.5588235294117647,0.0,53.0,196.0,"btc,eth,sol"
2026-09-25 15:00:00+00:00,17,0xbe2f64ad2f1b871239340f1cd3da676be6cb88b0,0xbE2f64Ad2F1B871239340F1CD3da676be6cb88b0-1782776693970,Giddy-Laugh,335.8493589840184,335.8493589840184,29.15043,0.0,1299.9341920159816,2,13,1.0,1.0,162.5,228.0,btc
2026-09-25 15:00:00+00:00,18,0x10d57bd3327bcdf43bf0656e717aa56f9dbd5388,maxmaxi04,Quaint-Dreamer-Custody,319.51928000896106,319.51928000896106,21.04674,0.0,2826.839386991039,5,41,0.8,1.0,725.0,771.0,"btc,eth"
2026-09-25 15:00:00+00:00,19,0x21f4c1a1be34a39a7bc20985df4b7e5a39fb691d,CrouchPredictions,Vague-Hourglass,309.629111001759,363.6871320879659,163.3927,54.0580210862069,20046.32100999824,12,1525,0.5,0.36072037773859744,5.0,173.0,btc
2026-09-25 15:00:00+00:00,20,0xb0aa97beb0fa9f0e8ec54cfa5f5cf6554a7393ca,naijabiko,Hilarious-Trumpet,308.0275800036,308.0275800036,8.482420000000001,0.0,207.4899999964,1,4,1.0,1.0,38.0,48.0,btc
2026-09-25 16:00:00+00:00,1,0xf58a0c4bf10146c27f222728131e74b37cb1b6e6,Jimmi67,Pleasing-Redhead-Digit,1247.1560930233868,1247.1560930233868,59.132729999999995,0.0,2399.9999979766135,1,2,1.0,1.0,231.0,232.0,btc
2026-09-25 16:00:00+00:00,2,0x3725d52f3c252e8374999cc8617292ea2608ad88,almach,Rural-Wharf-Parable,740.7613019623045,758.9363047299855,15.47273,18.17500276768106,4397.613581037695,22,131,0.7272727272727273,0.08037934518371001,71.5,210.0,"btc,sol"
2026-09-25 16:00:00+00:00,3,0x31393e2f8333d4a6e2e31ca6424defe8b6cb9e2e,hot-garbage,Wooden-Hearsay,668.0081670020476,693.8052113827915,21.46841,25.797044380743934,5217.549344997952,24,1099,0.7916666666666666,0.1814253469222094,8.5,129.0,"btc,eth"
2026-09-25 16:00:00+00:00,4,0x280e296e5f14091642208ac24614826d9902fbd8,0x280E296e5f14091642208Ac24614826D9902fbd8-1780260958670,Blissful-Cormorant,646.1677110115444,658.635387086508,0.0,12.467676074963729,2410.3086779884557,10,125,0.6,0.0,18.5,180.0,btc
2026-09-25 16:00:00+00:00,5,0x21d0a97aac03917e752857a551bbe5103a00e8d7,PBot-6,Tangible-Friendship,580.1330000008478,587.9986134603951,0.0,7.86561345954728,1054.2647259991522,17,40,0.47058823529411764,0.0,-48.0,-39.5,"btc,eth,sol"
2026-09-25 16:00:00+00:00,6,0x44ccbd392120677fb8c589f4048f3fab13f3038d,Anson41,Lumpy-Resume,527.9925720173217,527.9925720173217,60.391040000000004,0.0,2089.0275869826783,12,30,0.5833333333333334,1.0,22.0,36.5,btc
2026-09-25 16:00:00+00:00,7,0x409934d776f3163b075c24c0495369ad9265bbf5,0x409934d776f3163b075c24c0495369AD9265BBF5-1757874734409,Purple-Teapot,522.1903490096993,524.4520302446455,8.529589999999999,2.261681234946208,1284.0933890097233,4,61,0.5,0.506683708193102,31.5,267.0,"btc,eth,sol"
2026-09-25 16:00:00+00:00,8,0x32ed2e546b187ca15e2841edc82b22c713cf8ec3,mo-money,Amazing-Mail,508.0650319803033,523.9348115084613,9.92074,15.869779528158084,3992.7349600196967,22,133,0.6363636363636364,0.053549359561784,63.5,189.0,"btc,sol"
2026-09-25 16:00:00+00:00,9,0xc2ad03f79ca3f3c17d8c7de2612ce0c89b7d40ed,bosona,Impolite-Sister,505.82674600262027,521.5181707246261,6.37941,15.691424722005817,3931.2704739973797,25,127,0.64,0.036497844895208714,83.0,212.0,"btc,eth,sol"
2026-09-25 16:00:00+00:00,10,0x664a25f165a0150ce687410470f3352f5783fc5f,itsonlyamatteroftime,Satisfied-Fan,486.52454898485405,493.1455616721577,0.0,6.621012687303658,1383.7560570151459,3,20,1.0,0.0,396.0,468.5,"btc,eth"
2026-09-25 16:00:00+00:00,11,0x576b0696fd5a9225d66fd9500fd98f5be10b0cab,Hcrystallash,Moral-Roof,480.3079739978686,482.4426673889774,47.732209999999995,2.1346933911088404,2767.2764740021316,47,351,0.3404255319148936,0.8699789929265556,107.0,183.0,"btc,eth,sol"
2026-09-25 16:00:00+00:00,12,0x3708cef9f92678df15a0473e36c45d68a16cdaf9,0x3708CEF9f92678DF15A0473e36c45d68A16cdAf9-1780222715877,Hearty-Prospect,471.8102550018431,479.79644557410563,0.0,7.986190572262508,1460.3679379981568,10,86,0.5,0.0,55.0,135.5,btc
2026-09-25 16:00:00+00:00,13,0xae7327b1dd33a76918d12489128942e8a2b5a5e9,BottleUp,Optimal-Milk-Hole,463.17962498554607,463.17962498554607,31.579720000000002,0.0,1482.289962014454,12,55,0.8333333333333334,1.0,11.5,30.0,btc
2026-09-25 16:00:00+00:00,14,0x239e726f1f4131ca78a7e5abf1fec86bfc151c10,EZTRADENL2,Fluid-Boy-Catamaran,444.58529400793674,461.84146740964695,10.31675,17.25617340171025,3797.681404992063,12,390,0.6666666666666666,0.07303985522160454,12.5,170.0,btc
2026-09-25 16:00:00+00:00,15,0x7e5d2991c2647de2348287e2f499329fc6a6c4c3,aswfadq1555,Big-Hearted-Warning-Fingernail,439.8230100022753,460.0237285965077,24.50112,20.20071859423245,5274.696989997725,8,370,0.75,0.23954915370479793,29.5,429.0,"btc,eth"
2026-09-25 16:00:00+00:00,16,0x2ed94d1a460379292d2e3b46f2cf7d94b033f271,Hsilverbasher,Peppery-Digging,437.7271530017525,440.0018519434187,34.6824,2.274698941666122,1729.5396619982473,30,156,0.7,0.7256514710707986,-8.0,85.0,"btc,eth,sol"
2026-09-25 16:00:00+00:00,17,0xb55fa1296e6ec55d0ce53d93b9237389f11764d4,0xb55fa1296E6ec55D0cE53d93B9237389f11764d4-1777575277609,Lively-Authenticity,427.8458329910551,429.6122568481333,274.87383,1.7664238570781823,11163.078516008945,31,641,0.5806451612903226,0.9719566373602953,15.0,129.0,"btc,eth,sol"
2026-09-25 16:00:00+00:00,18,0x9d57c42e847173d06841703825d3fe2299e456ea,Polkadot-Frog,Supportive-Matchmaker,405.3856320052686,442.9338433543021,51.1971,37.548211349033515,11611.01976299473,30,1583,0.4666666666666667,0.3023398695079452,31.0,188.0,"btc,eth"
2026-09-25 16:00:00+00:00,19,0x19b3823092892c026517fd0ff58df4889abe0b9b,wzbbb,Cultured-Venture,385.55884701359423,387.2747862430137,49.03953,1.7159392294194897,2512.431042986406,12,175,0.4166666666666667,0.8193772743477404,8.5,111.0,btc
2026-09-25 16:00:00+00:00,20,0xdf4c6a942bd95bf903d6066b4ba7051e6f914f22,98euf98a,Yummy-Treasure-Odometer,357.63546599969163,363.0927566675577,2.3913699999999998,5.457290667866053,953.3680130003083,20,127,0.6,0.07565441573135376,34.0,191.0,"btc,eth"
2026-09-25 17:00:00+00:00,1,0xb55fa1296e6ec55d0ce53d93b9237389f11764d4,0xb55fa1296E6ec55D0cE53d93B9237389f11764d4-1777575277609,Lively-Authenticity,1119.7898369575944,1122.7151622992574,448.29428,2.925325341662975,15033.746299042406,47,722,0.44680851063829785,0.9783954827666517,15.0,157.5,"btc,eth,sol"
2026-09-25 17:00:00+00:00,2,0x55aeeb3eb4e8cc0da6d9e4939caf533bf6c3f5df,animal00,Artistic-Design,965.9430289999997,968.5471506282593,2.83669,2.604121628259617,9912.487081,12,286,0.25,0.4088193474438487,227.0,227.0,btc
2026-09-25 17:00:00+00:00,3,0x4646370c2935618a1a14a32114686591c27b9faa,,,730.1878000597287,730.1878000597287,76.96745,0.0,2823.313800072371,4,14,0.75,1.0,64.0,159.0,btc
2026-09-25 17:00:00+00:00,4,0xa0ad5b5b7f0d1ef5eed2be79d3202481d22ed732,wwwjjjyyy,Hideous-Cushion,589.1567009625754,589.1567009625754,28.65543,0.0,849.9999990374245,3,3,0.6666666666666666,1.0,27.0,27.0,btc
2026-09-25 17:00:00+00:00,5,0xb0f85baa97990910a3e8ac2b4a58a322f01ecef5,pspspsps5,Fearless-Omega,536.3277550001366,538.1968180875305,0.0,1.8690630873938152,1865.2187359998634,24,104,0.7083333333333334,0.0,158.5,165.0,"btc,eth,sol"
2026-09-25 17:00:00+00:00,6,0x5e60d871c2d646de185e541290689b727ef0e468,0x3664555C090fBEFHSVE94a7d216FCe860d746HD5,Victorious-Recess,512.9267420119447,512.9267420119447,28.8888,0.0,1781.9244979880552,12,54,0.75,1.0,393.5,542.5,"btc,eth,sol"
2026-09-25 17:00:00+00:00,7,0x3708cef9f92678df15a0473e36c45d68a16cdaf9,0x3708CEF9f92678DF15A0473e36c45d68A16cdAf9-1780222715877,Hearty-Prospect,482.79498000233184,490.44169372272387,0.0,7.6467137203920235,1687.4484949976681,7,89,0.7142857142857143,0.0,32.0,219.0,btc
2026-09-25 17:00:00+00:00,8,0x0c7c5204404e9d5402d258fedac59c7212bae4cb,OhioRiskManagement,Palatable-Patent,462.34787699658506,462.34787699658506,34.19708,0.0,2419.275366003415,36,326,0.5833333333333334,1.0,43.0,95.0,"btc,eth,sol"
2026-09-25 17:00:00+00:00,9,0xc387c2a40d389f17b723b6bba9b18b7dbd2de4f4,flippingsharks,Ambitious-Membership,387.05892401099504,395.5410528258027,0.0,8.482128814807709,1308.021556989005,17,264,0.4117647058823529,0.0,126.0,246.0,"btc,eth"
2026-09-25 17:00:00+00:00,10,0xba17aaa8ed37ad40567a3f62fb49a41dccf392b4,0xbA17aAa8ED37Ad40567A3f62fB49a41dCCf392b4-1760057257023,Past-Misrepresentation,383.800684,384.02521978511595,0.0,0.22453578511595026,16.199316,8,41,0.125,0.0,187.0,245.0,"btc,eth"
2026-09-25 17:00:00+00:00,11,0xc9b8990a4c7118ecc5dd8c344484534b1213599b,madojin,Whole-Transcript,355.50581700000004,355.8554823329742,0.0,0.34966533297419716,25.484183,12,45,0.08333333333333333,0.0,216.0,203.0,btc
2026-09-25 17:00:00+00:00,12,0x04714bc0feb1dc76688370dc363e6166f9807225,lyfanshen,Famous-Algebra-Shirt,350.96978505400796,350.96978505400796,83.73815,0.0,7634.656973929432,8,24,0.875,1.0,107.0,181.0,btc
2026-09-25 17:00:00+00:00,13,0x280e296e5f14091642208ac24614826d9902fbd8,0x280E296e5f14091642208Ac24614826D9902fbd8-1780260958670,Blissful-Cormorant,343.68523499730463,353.1781948288217,0.0,9.492959831517044,2329.6564260026953,12,138,0.5833333333333334,0.0,19.0,182.0,btc
2026-09-25 17:00:00+00:00,14,0x9e3ed7b661a903fc97afcf49e0f014ebe869f882,0x9e3ed7b661a903fc97afcf49e0f014ebe869f882-1783406009396,Favorable-Pepper-Brushing,335.8879120002746,335.8879120002746,19.26921,0.0,755.3636279997254,14,44,0.7857142857142857,1.0,-45.0,133.5,"btc,eth"
2026-09-25 17:00:00+00:00,15,0x3b8407699e832891203387d52c64d8f61ff2f487,0x0a2c53bd218c04da996cf96490e14-f3dfb9bc2,Lonely-Dresser,320.998200001456,323.8438039940042,0.0,2.8456039925482197,578.995133998544,2,20,1.0,0.0,246.5,251.0,btc
2026-09-25 17:00:00+00:00,16,0x6f303a3eedcb4613c2dd941d361da19ba8a09ee9,Henrybaby,Electric-Instruction,316.7441100111323,317.4367146509248,3.70649,0.6926046397925052,179.54356698886767,1,8,1.0,0.6116743798245379,-57.0,56.0,btc
2026-09-25 17:00:00+00:00,17,0x248258ba7c029647ad887cb8a2ac13b2da7ff026,winswinswins,Excellent-Freighter,314.67272796363636,314.67272796363636,12.6,0.0,400.00000003636364,1,1,1.0,1.0,59.0,59.0,btc
2026-09-25 17:00:00+00:00,18,0x21d0a97aac03917e752857a551bbe5103a00e8d7,PBot-6,Tangible-Friendship,313.9922990003013,318.63965225208676,0.0,4.647353251785535,645.6138229996988,14,56,0.7142857142857143,0.0,-47.5,-45.5,"btc,eth"
2026-09-25 17:00:00+00:00,19,0x8a5152d056adb066c9e4dc65164620cdd82ceb6f,lawn-chair,Unrealistic-Dagger,299.18345500000004,299.3913656217694,1.0499,0.20791062176934721,1014.8996950000001,7,18,0.42857142857142855,0.9852205039829083,213.0,213.0,btc
2026-09-25 17:00:00+00:00,20,0x2861ce7fb9e33d9c5f406e931f145561943d7671,NexaraAMaster,Elderly-Spec-Rhetoric,286.2290290220131,286.5051266600969,20.92007,0.2760976380838044,1314.1791379819524,13,34,0.6153846153846154,0.8925122649436413,50.0,134.5,"btc,eth,sol"
2026-09-25 18:00:00+00:00,1,0xbd0f6c867e2a852807ef8fcdd76d696053da48fd,FatSlag,Tidy-Set,1321.3086309945902,1333.5405893678173,0.0,12.23195837322719,1659.2495250054099,18,90,0.3888888888888889,0.0,-46.5,-36.0,"btc,eth,sol"
2026-09-25 18:00:00+00:00,2,0x6f8bfc48625a6d2adde508abad216ca33110a588,Sufix,Warmhearted-Crow,1150.786375070604,1162.343536660792,339.30015,11.557161590188256,11948.303467964242,7,98,0.5714285714285714,0.8937809228400118,168.0,177.0,btc
2026-09-25 18:00:00+00:00,3,0xa9642d9fd27ef5fad95048d98ee9bc4b7bd54c98,ric88888,Icy-Intuition-Outcome,1116.191993957133,1116.191993957133,61.68018,0.0,4377.861193019187,4,18,0.5,1.0,38.5,38.5,eth
2026-09-25 18:00:00+00:00,4,0xf2086f01a60d6f31c64bf32cec920a7f483e314e,spacezeus,Rotten-Congregation,804.4086129675977,804.4086129675977,75.66266,0.0,5914.0431300301625,11,56,0.7272727272727273,1.0,38.0,125.0,btc
2026-09-25 18:00:00+00:00,5,0x747abbf12e38ce77ae9ad50e6b234be4f45a766d,0xNOP,Wiggly-Galley,537.8763879791543,540.011581268066,53.87406,2.1351932889116365,4684.6538000263545,9,109,0.7777777777777778,0.6380761156794093,123.0,203.0,btc
2026-09-25 18:00:00+00:00,6,0x04714bc0feb1dc76688370dc363e6166f9807225,lyfanshen,Famous-Algebra-Shirt,519.0100909692576,519.0100909692576,89.99077,0.0,8808.967390028227,12,26,0.9166666666666666,1.0,152.0,199.5,btc
2026-09-25 18:00:00+00:00,7,0x9faaee843209aaf70510055c56c39c868f2a9f4e,0x9FaAEe843209aAf70510055c56c39C868f2a9F4E-1783106180420,Unlucky-Host,494.21620406400905,494.21620406400905,39.05285,0.0,1733.2626999873949,2,7,1.0,1.0,-7.5,9.0,btc
2026-09-25 18:00:00+00:00,8,0xb1f15179b4f230b83e28e35462123f9f77ff4341,Hero266,Disloyal-Codling-Lawyer,475.7258909585776,475.7258909585776,40.62507,0.0,1833.2129460414224,4,9,0.75,1.0,174.5,471.0,btc
2026-09-25 18:00:00+00:00,9,0x90e33303022844d772e3f67df0f9d3b2de4034ad,tlfd1,Adorable-Feed,472.00720000399997,472.45980964439735,22.2894,0.45260964039735646,731.473399996,3,40,0.3333333333333333,0.907523499828743,356.0,824.0,btc
2026-09-25 18:00:00+00:00,10,0x13308675338f4aa9d31b3da39c7cea6dc57bfbf7,pendantquetudorsjsuisreveille,Lucky-Cleric,464.2933590060493,464.2933590060493,28.46809,0.0,1073.5800759939507,8,63,0.75,1.0,249.5,266.0,"btc,eth"
2026-09-25 18:00:00+00:00,11,0x21d0a97aac03917e752857a551bbe5103a00e8d7,PBot-6,Tangible-Friendship,445.8311550058604,462.29900915141275,0.87184,16.467854145552394,2278.5577619941396,17,87,0.6470588235294118,0.010313541483114898,-54.0,-36.0,"btc,eth"
2026-09-25 18:00:00+00:00,12,0x7e5d2991c2647de2348287e2f499329fc6a6c4c3,aswfadq1555,Big-Hearted-Warning-Fingernail,405.95441801109587,437.966837431074,19.50205,32.012419419978094,5912.515354988904,8,374,0.625,0.10669776941223097,31.5,557.5,"btc,eth"
2026-09-25 18:00:00+00:00,13,0xc53375ff94e96100f2b30a4b5775db35218d69a9,dangerously-skip-permissions,Lone-Easel-Election,373.71086500178296,377.8604593844094,126.4267,4.149594382626494,4901.1516159982175,12,361,0.5833333333333334,0.8596625303827354,9.0,120.0,btc
2026-09-25 18:00:00+00:00,14,0x5e60d871c2d646de185e541290689b727ef0e468,0x3664555C090fBEFHSVE94a7d216FCe860d746HD5,Victorious-Recess,367.29337099691,367.29337099691,15.851189999999999,0.0,529.2634970030899,9,78,0.6666666666666666,1.0,356.0,586.0,"btc,eth,sol"
2026-09-25 18:00:00+00:00,15,0x0e34451581128146258e2243c456a993f73a8a56,manugamu,Frail-Antigen,340.76221098732555,340.76221098732555,12.882750000000001,0.0,385.00000001267443,3,8,1.0,1.0,-130.0,-129.0,btc
2026-09-25 18:00:00+00:00,16,0x239e726f1f4131ca78a7e5abf1fec86bfc151c10,EZTRADENL2,Fluid-Boy-Catamaran,339.1174940083612,353.3017913516698,3.2488099999999998,14.184297343308623,3907.536380991639,12,298,0.75,0.021239085681049628,11.5,141.0,btc
2026-09-25 18:00:00+00:00,17,0x0bf96a1c55e6f47ea84335bc3fc08a89653efd90,alboto,Polite-Promenade,311.93699200110365,318.23552922596605,0.0,6.298537224862356,887.9104699988964,9,57,0.6666666666666666,0.0,-36.0,-21.0,btc
2026-09-25 18:00:00+00:00,18,0xbc61e8b850e011e4f01f60f5a0fa309fb0b9792f,oracle65,Bite-Sized-Prostacyclin,311.5697219167642,314.36588011774484,78.31924,2.796158200980641,3609.8830000253693,5,21,0.6,0.8742872275938319,-36.0,597.0,btc
2026-09-25 18:00:00+00:00,19,0x941743de228c1339b996ae09cc84bd8179d86e5e,0x941743De228c1339B996ae09cc84BD8179D86e5e-1780214631894,Agitated-Destination,307.69826999107005,322.6864607521994,0.0,14.988190761129403,3526.7034550089297,11,178,0.7272727272727273,0.0,26.0,147.0,btc
2026-09-25 18:00:00+00:00,20,0xf3326d8fc30f7ed01bfade12c706cb52c397b1c0,0xf3326D8Fc30F7Ed01BfAde12c706cb52c397B1c0-1780211395335,Friendly-Diam,284.4376260105528,295.7746623697359,0.0,11.33703635918309,2196.229433989447,11,109,0.7272727272727273,0.0,32.0,164.0,btc
2026-09-25 19:00:00+00:00,1,0x5380555499c258e06330d364f3828079951ed4b3,rear,Jittery-Cofactor,1842.0621921446007,1842.0621921446007,59.89943,0.0,1556.7559998553993,2,5,1.0,1.0,59.0,594.0,btc
2026-09-25 19:00:00+00:00,2,0xbd0f6c867e2a852807ef8fcdd76d696053da48fd,FatSlag,Tidy-Set,1056.4242830007352,1076.2404287380195,0.0,19.816145737284522,2639.427287999265,14,78,0.5714285714285714,0.0,-48.5,-25.0,"btc,eth"
2026-09-25 19:00:00+00:00,3,0x3725d52f3c252e8374999cc8617292ea2608ad88,almach,Rural-Wharf-Parable,925.1876249832532,943.1798320403408,14.35118,17.992207057087683,3023.743398016747,20,139,0.45,0.18464678595876666,39.0,162.0,"btc,eth,sol"
2026-09-25 19:00:00+00:00,4,0x664a25f165a0150ce687410470f3352f5783fc5f,itsonlyamatteroftime,Satisfied-Fan,912.5220519996096,922.5467242480021,0.0,10.0246722483923,1937.1952220012765,8,39,0.5,0.0,541.0,540.0,"btc,eth,sol"
2026-09-25 19:00:00+00:00,5,0x32ed2e546b187ca15e2841edc82b22c713cf8ec3,mo-money,Amazing-Mail,832.4209459842456,850.860522186549,17.27527,18.43957620230329,3486.7553420157546,23,155,0.4782608695652174,0.18832672085949212,89.0,159.0,"btc,eth,sol"
2026-09-25 19:00:00+00:00,6,0x5e60d871c2d646de185e541290689b727ef0e468,0x3664555C090fBEFHSVE94a7d216FCe860d746HD5,Victorious-Recess,701.1676749920131,701.1676749920131,76.88204999999999,0.0,2878.941449995577,12,133,0.25,1.0,292.0,644.0,"btc,eth,sol"
2026-09-25 19:00:00+00:00,7,0x071a80774cef3eea0c610a1d1f8a788e795d7400,CnR89,Fixed-Garbage-Skyscraper,635.5846500000001,635.5846500000001,23.06515,0.0,2341.3502,3,21,1.0,1.0,735.0,765.0,btc
2026-09-25 19:00:00+00:00,8,0xa6657ab4eb9d92c8bbfb1d1d52ce7205e4ca01e3,MikeAddon,Funny-Keyboarding,553.9107679990349,554.0051670978346,17.628619999999998,0.09439909879980382,590.0520410009652,3,8,0.6666666666666666,0.9420853778541386,668.0,746.5,btc
2026-09-25 19:00:00+00:00,9,0x941743de228c1339b996ae09cc84bd8179d86e5e,0x941743De228c1339B996ae09cc84BD8179D86e5e-1780214631894,Agitated-Destination,549.6972999930491,560.3280095128135,0.0,10.63070951976436,2345.4640480069506,10,99,0.7,0.0,71.5,114.0,btc
2026-09-25 19:00:00+00:00,10,0xe349bbbc5c179ed7f8f13ab5502381980f532147,noisyduck,Clean-Felony,540.735285994342,541.2438171190537,20.170080000000002,0.5085311247116259,985.908362015,6,37,0.8333333333333334,0.9346768264874371,185.5,497.0,"btc,eth"
2026-09-25 19:00:00+00:00,11,0x239e726f1f4131ca78a7e5abf1fec86bfc151c10,EZTRADENL2,Fluid-Boy-Catamaran,525.92167500459,538.34231201407,4.4626,12.420637009480034,3457.5673249954098,12,282,0.9166666666666666,0.046452833713039626,17.0,126.0,btc
2026-09-25 19:00:00+00:00,12,0x03f1a9997a7207f03b32c7e203fc88ff67c4e633,pipi5673,Late-Sniffle-Antiquity,501.27592000301206,501.27592000301206,19.42136,0.0,1226.6137999890002,2,32,0.5,1.0,25.0,60.5,btc
2026-09-25 19:00:00+00:00,13,0x28cc505fb60501dbb2199a9662ba175919af904f,0x28cC505fb60501Dbb2199A9662ba175919Af904F-1780262286739,Threadbare-Sneeze,424.46840099596767,430.2443558333894,0.0,5.775954837421749,1501.2661970040324,8,88,0.75,0.0,39.5,179.0,btc
2026-09-25 19:00:00+00:00,14,0xc2ad03f79ca3f3c17d8c7de2612ce0c89b7d40ed,bosona,Impolite-Sister,414.3489259931479,433.78054137951455,7.28487,19.431615386366698,2843.767395006852,22,153,0.36363636363636365,0.09884658657158657,41.5,147.0,"btc,eth,sol"
2026-09-25 19:00:00+00:00,15,0xc6accd5b5f647aacb751b8f3e9d640e723733778,deepmoat,Pleased-Flock,404.3937179833233,404.3937179833233,23.26339,0.0,915.5998960151527,15,49,0.6,1.0,84.0,441.0,"btc,eth"
2026-09-25 19:00:00+00:00,16,0x32442e90e903184469e9c0cd1921b2b8be613e5e,0x32442E90E903184469E9C0Cd1921B2B8bE613E5e-1779673335842,Quintessential-Surname,401.8625319767783,401.8625319767783,24.269399999999997,0.0,574.9205000232216,2,13,0.5,1.0,76.0,92.0,btc
2026-09-25 19:00:00+00:00,17,0xce8b5e9f82b1920fb57d5da5c4086a97ccdde837,JUNKYMONKEY,Immaculate-Oval,388.2668159539201,390.77602987994607,41.354620000000004,2.5092139260259536,2145.516000023235,6,81,0.6666666666666666,0.5154610359530671,73.5,228.0,btc
2026-09-25 19:00:00+00:00,18,0x855e484854d1411b959ddffdda11a698566c5189,0x855e484854D1411B959dDffddA11A698566C5189-1780249997359,Jaunty-Harmony,366.90935500703574,374.824130640371,0.0,7.9147756333352515,1883.0256169929642,10,90,0.6,0.0,26.5,71.5,btc
2026-09-25 19:00:00+00:00,19,0xc387c2a40d389f17b723b6bba9b18b7dbd2de4f4,flippingsharks,Ambitious-Membership,364.44730700081845,371.99110075261495,0.0,7.5437937517964615,1212.5864799991816,14,125,0.2857142857142857,0.0,127.0,204.0,"btc,eth"
2026-09-25 19:00:00+00:00,20,0xf3326d8fc30f7ed01bfade12c706cb52c397b1c0,0xf3326D8Fc30F7Ed01BfAde12c706cb52c397B1c0-1780211395335,Friendly-Diam,363.69829700899237,370.5081844247447,0.0,6.809887415752331,1429.2116799910077,10,71,0.8,0.0,31.0,146.0,btc
2026-09-25 20:00:00+00:00,1,0xb55fa1296e6ec55d0ce53d93b9237389f11764d4,0xb55fa1296E6ec55D0cE53d93B9237389f11764d4-1777575277609,Lively-Authenticity,1513.2580460352515,1513.2580460352515,424.12218,0.0,18473.96884996475,48,580,0.7083333333333334,1.0,18.0,128.5,"btc,eth,sol"
2026-09-25 20:00:00+00:00,2,0xf2086f01a60d6f31c64bf32cec920a7f483e314e,spacezeus,Rotten-Congregation,1182.7409170028284,1182.7409170028284,361.05169,0.0,30333.37657496331,16,97,0.625,1.0,81.0,137.0,"btc,eth,sol"
2026-09-25 20:00:00+00:00,3,0xce25e214d5cfe4f459cf67f08df581885aae7fdc,0xcE25E214D5cfE4f459cf67F08DF581885AAE7Fdc-1777575398144,Agile-Spacing,1181.5221079805995,1185.3359060022722,294.44477,3.813798021672768,12255.9684720194,47,928,0.723404255319149,0.9277895778680949,18.0,162.0,"btc,eth,sol"
2026-09-25 20:00:00+00:00,4,0x3708cef9f92678df15a0473e36c45d68a16cdaf9,0x3708CEF9f92678DF15A0473e36c45d68A16cdAf9-1780222715877,Hearty-Prospect,793.7747500023132,809.3798790576219,0.0,15.605129055308726,3480.1976969976868,12,147,0.75,0.0,44.0,182.0,btc
2026-09-25 20:00:00+00:00,5,0x28cc505fb60501dbb2199a9662ba175919af904f,0x28cC505fb60501Dbb2199A9662ba175919Af904F-1780262286739,Threadbare-Sneeze,668.0554910075074,682.220674935078,0.0,14.165183927570617,3032.9958799924925,11,171,0.5454545454545454,0.0,12.0,191.0,btc
2026-09-25 20:00:00+00:00,6,0xad5c4c9f52ebf51d4a78ca9aed2a1098163c664a,Orubin25,Athletic-Entrepreneur,493.0383580228745,493.0383580228745,66.07184000000001,0.0,1699.9999989771254,3,6,0.3333333333333333,1.0,-40.0,31.0,btc
2026-09-25 20:00:00+00:00,7,0x4c9497941333332d29f1c235dd23200f3623ffad,,,476.77562400599743,512.8493048893789,0.0,36.07368088338151,8230.396079994003,12,573,0.6666666666666666,0.0,7.0,144.0,btc
2026-09-25 20:00:00+00:00,8,0x664a25f165a0150ce687410470f3352f5783fc5f,itsonlyamatteroftime,Satisfied-Fan,468.8391039965852,477.89973574995423,0.0,9.060631753369025,1568.6107220034146,8,59,0.5,0.0,506.5,551.0,"btc,eth,sol"
2026-09-25 20:00:00+00:00,9,0x672c9e0698b0d668f8fd8baf0e1e19c76142881b,Antonio1729-2,Descriptive-Spectrograph,440.0673410118523,440.0673410118523,20.78459,0.0,1354.0304929881477,5,15,0.8,1.0,63.0,63.0,"btc,eth"
2026-09-25 20:00:00+00:00,10,0xf3326d8fc30f7ed01bfade12c706cb52c397b1c0,0xf3326D8Fc30F7Ed01BfAde12c706cb52c397B1c0-1780211395335,Friendly-Diam,436.0782220021721,453.05711977569035,0.0,16.97889777351827,3153.4841669978277,11,199,0.8181818181818182,0.0,24.0,194.0,btc
2026-09-25 20:00:00+00:00,11,0x42811a04202d471323a87c33885677187aff1a5a,traderoffical,Blank-Relation-Leisure,412.6153510021533,412.91948130374993,15.70471,0.3041303015966297,871.6699389978467,2,19,0.5,0.9175268805496525,455.0,605.0,btc
2026-09-25 20:00:00+00:00,12,0xe3eeb127d5763a6e4ad597f773f9d259c94d5176,0xe3EeB127d5763a6E4aD597f773F9d259C94d5176-1780742904507,Unwilling-Entirety,397.0021499953581,398.93415866810955,7.15295,1.9320086727514794,1909.656994004642,9,39,0.7777777777777778,0.5188212349706419,-6.0,83.0,"btc,eth,sol"
2026-09-25 20:00:00+00:00,13,0xe8d68fd271ad704a55f9bb0e4fc6276ee9adc964,Little-big,Rubbery-Chiffonier,392.55966500396227,392.55966500396227,22.54005,0.0,611.2787999960377,12,20,0.6666666666666666,1.0,-9.5,-8.0,"btc,eth"
2026-09-25 20:00:00+00:00,14,0xdb1d1d4bcfbeb5f6134a8b86c851ab21536ab6c2,nahoism,Watchful-Milk,366.9990259929001,369.84878883895334,0.0,2.849762846053243,400.1960570070999,7,9,0.7142857142857143,0.0,-13.0,-9.0,btc
2026-09-25 20:00:00+00:00,15,0x7743aea53acd19e496c1c515eb0a143fb437fb42,0x7743AEa53ACd19E496C1C515EB0a143fb437fB42-1780258394212,Disgusting-Tennis,304.6082140090899,315.84662841427223,0.0,11.238414405182294,2629.30112099091,9,103,0.5555555555555556,0.0,59.0,129.0,btc
2026-09-25 20:00:00+00:00,16,0x1b414826a2c991d5ae1669a754291626d0df0b56,Kathod-Shi-14,Compassionate-Restriction-Junker,278.0876599983681,278.46271063000313,15.03873,0.37505063163504304,916.2421960016319,23,294,0.6521739130434783,0.8789400832180595,89.0,154.0,"btc,eth,sol"
2026-09-25 20:00:00+00:00,17,0xc387c2a40d389f17b723b6bba9b18b7dbd2de4f4,flippingsharks,Ambitious-Membership,272.7425500104494,280.9844230618605,0.0,8.241873051411067,2692.8873629895506,22,183,0.22727272727272727,0.0,153.5,212.0,"btc,eth"
2026-09-25 20:00:00+00:00,18,0x1de2feb2e59e5f403a1ec60d31d16d80339d7273,Donknowwhatto,Peaceful-Fascia,268.89510000215427,274.3213112911727,0.0,5.426211289018492,825.3963229978458,37,119,0.7027027027027027,0.0,-57.0,-25.0,"btc,eth,sol"
2026-09-25 20:00:00+00:00,19,0xb129a54d3b23214728dcc544034fc83067cd890c,0xB129a54d3b23214728Dcc544034fc83067CD890C-1780260877658,Excited-Conviction,267.29833800147145,283.03222139969637,0.0,15.733883398224974,3144.2111029985285,11,116,0.7272727272727273,0.0,48.0,130.0,btc
2026-09-25 20:00:00+00:00,20,0x747abbf12e38ce77ae9ad50e6b234be4f45a766d,0xNOP,Wiggly-Galley,263.4133959885506,263.94929425500465,15.66482,0.5358982664540615,1395.1708000145504,3,23,1.0,0.7316736416805409,177.0,735.0,btc
