slug,asset,duration,start_ts,strategy,label,side,price,size,t_place_rel,t_cancel_rel,status,placed,q_ahead0,q_ahead_end,filled,fill_ratio,executed,executed_full,fill_reason,traded_at_level,mid_at_place,t_fill_rel,delay_s,resolved_up,would_win,pnl_per_share,pnl_order,pnl_per_placed_share,rebate_per_share,tag_price,tag_cancel,tag_gap,tag_pair,tag_p_up,slot,half,cellule
btc-updown-15m-1790397900,btc,15m,1790397900,signal,0.48/S+0,down,0.48,10,-30,0,filled,True,121.25,0,10,1,True,True,queue,88.29,0.505,-26.619,3.081,True,0,-0.48,-4.8,-0.48,0.0034944,0.48,0,-4.76368e-08,,,1989331,1re moitié,BTC 15m
btc-updown-15m-1790397900,btc,15m,1790397900,signal,0.48/S+30,down,0.48,10,-30,30,filled,True,121.25,0,10,1,True,True,queue,88.29,0.505,-26.619,3.081,True,0,-0.48,-4.8,-0.48,0.0034944,0.48,30,-4.76368e-08,,,1989331,1re moitié,BTC 15m
btc-updown-15m-1790397900,btc,15m,1790397900,signal,0.48/S+60,down,0.48,10,-30,60,filled,True,121.25,0,10,1,True,True,queue,88.29,0.505,-26.619,3.081,True,0,-0.48,-4.8,-0.48,0.0034944,0.48,60,-4.76368e-08,,,1989331,1re moitié,BTC 15m
btc-updown-15m-1790397900,btc,15m,1790397900,signal,0.49/S+0,down,0.49,10,-30,0,filled,True,68.03,0,10,1,True,True,traversal,22,0.505,-26.815,2.885,True,0,-0.49,-4.9,-0.49,0.0034986,0.49,0,-4.76368e-08,,,1989331,1re moitié,BTC 15m
btc-updown-15m-1790397900,btc,15m,1790397900,signal,0.49/S+30,down,0.49,10,-30,30,filled,True,68.03,0,10,1,True,True,traversal,22,0.505,-26.815,2.885,True,0,-0.49,-4.9,-0.49,0.0034986,0.49,30,-4.76368e-08,,,1989331,1re moitié,BTC 15m
btc-updown-15m-1790397900,btc,15m,1790397900,signal,0.49/S+60,down,0.49,10,-30,60,filled,True,68.03,0,10,1,True,True,traversal,22,0.505,-26.815,2.885,True,0,-0.49,-4.9,-0.49,0.0034986,0.49,60,-4.76368e-08,,,1989331,1re moitié,BTC 15m
btc-updown-15m-1790397900,btc,15m,1790397900,signal,0.50/S+0,down,0.5,10,-30,0,crossing,False,,,0,0,False,False,,0,0.505,,,True,0,-0.5,-0,-0,0.0035,0.5,0,-4.76368e-08,,,1989331,1re moitié,BTC 15m
btc-updown-15m-1790397900,btc,15m,1790397900,signal,0.50/S+30,down,0.5,10,-30,30,crossing,False,,,0,0,False,False,,0,0.505,,,True,0,-0.5,-0,-0,0.0035,0.5,30,-4.76368e-08,,,1989331,1re moitié,BTC 15m
btc-updown-15m-1790397900,btc,15m,1790397900,signal,0.50/S+60,down,0.5,10,-30,60,crossing,False,,,0,0,False,False,,0,0.505,,,True,0,-0.5,-0,-0,0.0035,0.5,60,-4.76368e-08,,,1989331,1re moitié,BTC 15m
btc-updown-15m-1790397900,btc,15m,1790397900,two_sided,0.49/S+0,up,0.49,10,-60,0,cancelled,True,243.26,40,0,0,False,False,,0,0.505,,,True,1,0.51,0,0,0.0034986,0.49,0,,0,,1989331,1re moitié,BTC 15m
btc-updown-15m-1790397900,btc,15m,1790397900,two_sided,0.49/S+0,down,0.49,10,-60,0,filled,True,60,0,10,1,True,True,traversal,23.9608,0.505,-26.815,32.885,True,0,-0.49,-4.9,-0.49,0.0034986,0.49,0,,0,,1989331,1re moitié,BTC 15m
btc-updown-15m-1790397900,btc,15m,1790397900,two_sided,0.49/S+30,up,0.49,10,-60,30,cancelled,True,243.26,5,0,0,False,False,,0,0.505,,,True,1,0.51,0,0,0.0034986,0.49,30,,30,,1989331,1re moitié,BTC 15m
btc-updown-15m-1790397900,btc,15m,1790397900,two_sided,0.49/S+30,down,0.49,10,-60,30,filled,True,60,0,10,1,True,True,traversal,23.9608,0.505,-26.815,32.885,True,0,-0.49,-4.9,-0.49,0.0034986,0.49,30,,30,,1989331,1re moitié,BTC 15m
btc-updown-15m-1790397900,btc,15m,1790397900,two_sided,0.49/S+60,up,0.49,10,-60,60,cancelled,True,243.26,5,0,0,False,False,,0,0.505,,,True,1,0.51,0,0,0.0034986,0.49,60,,60,,1989331,1re moitié,BTC 15m
btc-updown-15m-1790397900,btc,15m,1790397900,two_sided,0.49/S+60,down,0.49,10,-60,60,filled,True,60,0,10,1,True,True,traversal,23.9608,0.505,-26.815,32.885,True,0,-0.49,-4.9,-0.49,0.0034986,0.49,60,,60,,1989331,1re moitié,BTC 15m
btc-updown-15m-1790397900,btc,15m,1790397900,fair_value,± 1 c,up,0.55,10,10,30,cancelled,True,415,110,0,0,False,False,,0,0.565,,,True,1,0.45,0,0,0.003465,,,,,0.572423,1989331,1re moitié,BTC 15m
btc-updown-15m-1790397900,btc,15m,1790397900,fair_value,± 1 c,down,0.42,10,10,30,cancelled,True,631.33,318.158,0,0,False,False,,5.17241,0.565,,,True,0,-0.42,-0,-0,0.0034104,,,,,0.572423,1989331,1re moitié,BTC 15m
btc-updown-15m-1790397900,btc,15m,1790397900,fair_value,± 1 c,up,0.56,10,30,50,cancelled,True,183.14,0,0,0,False,False,,0,0.575,,,True,1,0.44,0,0,0.0034496,,,,,0.583724,1989331,1re moitié,BTC 15m
btc-updown-15m-1790397900,btc,15m,1790397900,fair_value,± 1 c,down,0.41,10,30,50,cancelled,True,943,545,0,0,False,False,,0,0.575,,,True,0,-0.41,-0,-0,0.0033866,,,,,0.583724,1989331,1re moitié,BTC 15m
btc-updown-15m-1790397900,btc,15m,1790397900,fair_value,± 1 c,up,0.57,10,50,60,cancelled,True,98.29,0,0,0,False,False,,0,0.575,,,True,1,0.43,0,0,0.0034314,,,,,0.589737,1989331,1re moitié,BTC 15m
btc-updown-15m-1790397900,btc,15m,1790397900,fair_value,± 1 c,down,0.4,10,50,70,cancelled,True,568,223,0,0,False,False,,0,0.575,,,True,0,-0.4,-0,-0,0.00336,,,,,0.596208,1989331,1re moitié,BTC 15m
btc-updown-15m-1790397900,btc,15m,1790397900,fair_value,± 1 c,down,0.39,10,70,80,cancelled,True,445,35,0,0,False,False,,0,0.565,,,True,0,-0.39,-0,-0,0.0033306,,,,,0.60305,1989331,1re moitié,BTC 15m
btc-updown-15m-1790397900,btc,15m,1790397900,fair_value,± 1 c,down,0.38,10,80,90,cancelled,True,463,453,0,0,False,False,,0,0.565,,,True,0,-0.38,-0,-0,0.0032984,,,,,0.610285,1989331,1re moitié,BTC 15m
btc-updown-15m-1790397900,btc,15m,1790397900,fair_value,± 1 c,up,0.56,10,60,110,filled,True,100,0,10,1,True,True,queue,21.85,0.565,92.421,32.121,True,1,0.44,4.4,0.44,0.0034496,,,,,0.626028,1989331,1re moitié,BTC 15m
btc-updown-15m-1790397900,btc,15m,1790397900,fair_value,± 1 c,down,0.37,10,90,110,cancelled,True,223,123,0,0,False,False,,0,0.565,,,True,0,-0.37,-0,-0,0.0032634,,,,,0.626028,1989331,1re moitié,BTC 15m
btc-updown-15m-1790397900,btc,15m,1790397900,fair_value,± 1 c,down,0.36,10,110,120,cancelled,True,154,144,0,0,False,False,,0,0.555,,,True,0,-0.36,-0,-0,0.0032256,,,,,0.634582,1989331,1re moitié,BTC 15m
btc-updown-15m-1790397900,btc,15m,1790397900,fair_value,± 1 c,up,0.55,10,110,130,filled,True,184.99,0,10,1,True,True,traversal,6.08889,0.555,120.442,10.142,True,1,0.45,4.5,0.45,0.003465,,,,,0.643618,1989331,1re moitié,BTC 15m
btc-updown-15m-1790397900,btc,15m,1790397900,fair_value,± 1 c,down,0.35,10,120,130,cancelled,True,124,94,0,0,False,False,,0,0.545,,,True,0,-0.35,-0,-0,0.003185,,,,,0.643618,1989331,1re moitié,BTC 15m
btc-updown-15m-1790397900,btc,15m,1790397900,fair_value,± 1 c,down,0.34,10,130,140,cancelled,True,64,64,0,0,False,False,,0,0.545,,,True,0,-0.34,-0,-0,0.0031416,,,,,0.653354,1989331,1re moitié,BTC 15m
btc-updown-15m-1790397900,btc,15m,1790397900,fair_value,± 1 c,up,0.54,10,130,150,filled,True,148.03,0,10,1,True,True,queue,112.696,0.545,134.149,3.849,True,1,0.46,4.6,0.46,0.0034776,,,,,0.663226,1989331,1re moitié,BTC 15m
btc-updown-15m-1790397900,btc,15m,1790397900,fair_value,± 1 c,down,0.33,10,140,150,cancelled,True,165,65,0,0,False,False,,0,0.545,,,True,0,-0.33,-0,-0,0.0030954,,,,,0.663226,1989331,1re moitié,BTC 15m
btc-updown-15m-1790397900,btc,15m,1790397900,fair_value,± 1 c,down,0.32,10,150,160,cancelled,True,35,35,0,0,False,False,,0,0.555,,,True,0,-0.32,-0,-0,0.0030464,,,,,0.67405,1989331,1re moitié,BTC 15m
btc-updown-15m-1790397900,btc,15m,1790397900,fair_value,± 1 c,down,0.31,10,160,170,cancelled,True,65,65,0,0,False,False,,0,0.555,,,True,0,-0.31,-0,-0,0.0029946,,,,,0.685226,1989331,1re moitié,BTC 15m
btc-updown-15m-1790397900,btc,15m,1790397900,fair_value,± 1 c,down,0.3,10,170,180,cancelled,True,116,116,0,0,False,False,,0,0.555,,,True,0,-0.3,-0,-0,0.00294,,,,,0.696729,1989331,1re moitié,BTC 15m
btc-updown-15m-1790397900,btc,15m,1790397900,fair_value,± 1 c,up,0.55,10,150,190,cancelled,True,201.51,145.44,0,0,False,False,,0,0.555,,,True,1,0.45,0,0,0.003465,,,,,0.709284,1989331,1re moitié,BTC 15m
btc-updown-15m-1790397900,btc,15m,1790397900,fair_value,± 1 c,down,0.29,10,180,190,cancelled,True,66,66,0,0,False,False,,0,0.555,,,True,0,-0.29,-0,-0,0.0028826,,,,,0.709284,1989331,1re moitié,BTC 15m
btc-updown-15m-1790397900,btc,15m,1790397900,fair_value,± 1 c,up,0.58,10,190,200,cancelled,True,442.35,190,0,0,False,False,,0,0.585,,,True,1,0.42,0,0,0.0034104,,,,,0.721907,1989331,1re moitié,BTC 15m
btc-updown-15m-1790397900,btc,15m,1790397900,fair_value,± 1 c,down,0.28,10,190,200,cancelled,True,37,37,0,0,False,False,,0,0.585,,,True,0,-0.28,-0,-0,0.0028224,,,,,0.721907,1989331,1re moitié,BTC 15m
btc-updown-15m-1790397900,btc,15m,1790397900,fair_value,± 1 c,up,0.61,10,200,210,partial,True,44.03,0,0.97,0.097,True,False,queue,30,0.615,208.352,8.052,True,1,0.39,0.3783,0.03783,0.0033306,,,,,0.73562,1989331,1re moitié,BTC 15m
btc-updown-15m-1790397900,btc,15m,1790397900,fair_value,± 1 c,down,0.26,10,200,210,cancelled,True,37,37,0,0,False,False,,0,0.615,,,True,0,-0.26,-0,-0,0.0026936,,,,,0.73562,1989331,1re moitié,BTC 15m
btc-updown-15m-1790397900,btc,15m,1790397900,fair_value,± 1 c,up,0.6,10,210,220,cancelled,True,88,0,0,0,False,False,,0,0.605,,,True,1,0.4,0,0,0.00336,,,,,0.749331,1989331,1re moitié,BTC 15m
btc-updown-15m-1790397900,btc,15m,1790397900,fair_value,± 1 c,down,0.25,10,210,220,cancelled,True,138,138,0,0,False,False,,0,0.605,,,True,0,-0.25,-0,-0,0.002625,,,,,0.749331,1989331,1re moitié,BTC 15m
btc-updown-15m-1790397900,btc,15m,1790397900,fair_value,± 1 c,up,0.59,10,220,230,filled,True,58,0,10,1,True,True,traversal,20,0.595,228.62,8.32,True,1,0.41,4.1,0.41,0.0033866,,,,,0.523268,1989331,1re moitié,BTC 15m
btc-updown-15m-1790397900,btc,15m,1790397900,fair_value,± 1 c,down,0.24,10,220,230,cancelled,True,38,0,0,0,False,False,,0,0.595,,,True,0,-0.24,-0,-0,0.0025536,,,,,0.523268,1989331,1re moitié,BTC 15m
btc-updown-15m-1790397900,btc,15m,1790397900,fair_value,± 1 c,down,0.45,10,230,260,cancelled,True,105,0,0,0,False,False,,9.93,0.545,,,True,0,-0.45,-0,-0,0.003465,,,,,0.528655,1989331,1re moitié,BTC 15m
btc-updown-15m-1790397900,btc,15m,1790397900,fair_value,± 1 c,up,0.51,10,230,270,cancelled,True,503,65,0,0,False,False,,0,0.545,,,True,1,0.49,0,0,0.0034986,,,,,0.683235,1989331,1re moitié,BTC 15m
btc-updown-15m-1790397900,btc,15m,1790397900,fair_value,± 1 c,down,0.44,10,260,270,filled,True,5,0,10,1,True,True,traversal,0,0.555,267.127,6.827,True,0,-0.44,-4.4,-0.44,0.0034496,,,,,0.683235,1989331,1re moitié,BTC 15m
btc-updown-15m-1790397900,btc,15m,1790397900,fair_value,± 1 c,up,0.59,10,270,280,cancelled,True,207.17,0,0,0,False,False,,0,0.595,,,True,1,0.41,0,0,0.0033866,,,,,0.667686,1989331,1re moitié,BTC 15m
btc-updown-15m-1790397900,btc,15m,1790397900,fair_value,± 1 c,down,0.3,10,270,280,cancelled,True,293,145,0,0,False,False,,0,0.595,,,True,0,-0.3,-0,-0,0.00294,,,,,0.667686,1989331,1re moitié,BTC 15m
btc-updown-15m-1790397900,btc,15m,1790397900,fair_value,± 1 c,up,0.58,10,280,290,filled,True,196.64,0,10,1,True,True,traversal,0,0.585,288.786,8.486,True,1,0.42,4.2,0.42,0.0034104,,,,,0.566253,1989331,1re moitié,BTC 15m
btc-updown-15m-1790397900,btc,15m,1790397900,fair_value,± 1 c,down,0.32,10,280,290,cancelled,True,65,0,0,0,False,False,,0,0.585,,,True,0,-0.32,-0,-0,0.0030464,,,,,0.566253,1989331,1re moitié,BTC 15m
btc-updown-15m-1790397900,btc,15m,1790397900,fair_value,± 1 c,up,0.55,10,290,300,cancelled,True,55,40,0,0,False,False,,0,0.605,,,True,1,0.45,0,0,0.003465,,,,,0.5708,1989331,1re moitié,BTC 15m
btc-updown-15m-1790397900,btc,15m,1790397900,fair_value,± 1 c,down,0.39,10,290,300,filled,True,287,0,10,1,True,True,traversal,0,0.605,295.375,5.075,True,0,-0.39,-3.9,-0.39,0.0033306,,,,,0.5708,1989331,1re moitié,BTC 15m
btc-updown-15m-1790397900,btc,15m,1790397900,fair_value,± 1 c,up,0.56,10,300,310,cancelled,True,1575,101,0,0,False,False,,0,0.655,,,True,1,0.44,0,0,0.0034496,,,,,0.607935,1989331,1re moitié,BTC 15m
btc-updown-15m-1790397900,btc,15m,1790397900,fair_value,± 1 c,down,0.34,10,300,310,filled,True,780.81,0,10,1,True,True,queue,71.5909,0.655,308.74,8.44,True,0,-0.34,-3.4,-0.34,0.0031416,,,,,0.607935,1989331,1re moitié,BTC 15m
btc-updown-15m-1790397900,btc,15m,1790397900,fair_value,± 1 c,up,0.59,10,310,320,cancelled,True,1960,0,0,0,False,False,,0,0.665,,,True,1,0.41,0,0,0.0033866,,,,,0.55135,1989331,1re moitié,BTC 15m
btc-updown-15m-1790397900,btc,15m,1790397900,fair_value,± 1 c,down,0.33,10,310,320,cancelled,True,175.95,80,0,0,False,False,,0,0.665,,,True,0,-0.33,-0,-0,0.0030954,,,,,0.55135,1989331,1re moitié,BTC 15m
btc-updown-15m-1790397900,btc,15m,1790397900,fair_value,± 1 c,down,0.43,10,320,330,crossing,False,,,0,0,False,False,,0,0.575,,,True,0,-0.43,-0,-0,0.0034314,,,,,0.554909,1989331,1re moitié,BTC 15m
btc-updown-15m-1790397900,btc,15m,1790397900,fair_value,± 1 c,down,0.41,10,330,340,cancelled,True,376.84,322.2,0,0,False,False,,0,0.585,,,True,0,-0.41,-0,-0,0.0033866,,,,,0.55863,1989331,1re moitié,BTC 15m
btc-updown-15m-1790397900,btc,15m,1790397900,fair_value,± 1 c,up,0.54,10,320,350,cancelled,True,253,218,0,0,False,False,,0,0.575,,,True,1,0.46,0,0,0.0034776,,,,,0.5628,1989331,1re moitié,BTC 15m
btc-updown-15m-1790397900,btc,15m,1790397900,fair_value,± 1 c,down,0.42,10,340,360,filled,True,265,0,10,1,True,True,traversal,0,0.575,354.235,13.935,True,0,-0.42,-4.2,-0.42,0.0034104,,,,,0.567171,1989331,1re moitié,BTC 15m
btc-updown-15m-1790397900,btc,15m,1790397900,fair_value,± 1 c,up,0.55,10,350,370,cancelled,True,75,40,0,0,False,False,,0,0.575,,,True,1,0.45,0,0,0.003465,,,,,0.571851,1989331,1re moitié,BTC 15m
btc-updown-15m-1790397900,btc,15m,1790397900,fair_value,± 1 c,down,0.38,10,360,370,cancelled,True,288,210,0,0,False,False,,0,0.615,,,True,0,-0.38,-0,-0,0.0032984,,,,,0.571851,1989331,1re moitié,BTC 15m
btc-updown-15m-1790397900,btc,15m,1790397900,fair_value,± 1 c,up,0.56,10,370,390,cancelled,True,1480,260.8,0,0,False,False,,0,0.605,,,True,1,0.44,0,0,0.0034496,,,,,0.582109,1989331,1re moitié,BTC 15m
btc-updown-15m-1790397900,btc,15m,1790397900,fair_value,± 1 c,up,0.57,10,390,410,cancelled,True,1332,35,0,0,False,False,,0,0.605,,,True,1,0.43,0,0,0.0034314,,,,,0.594002,1989331,1re moitié,BTC 15m
btc-updown-15m-1790397900,btc,15m,1790397900,fair_value,± 1 c,up,0.58,10,410,420,cancelled,True,1485,213,0,0,False,False,,0,0.605,,,True,1,0.42,0,0,0.0034104,,,,,0.600741,1989331,1re moitié,BTC 15m
btc-updown-15m-1790397900,btc,15m,1790397900,fair_value,± 1 c,down,0.39,10,370,420,filled,True,427.09,0,10,1,True,True,queue,196,0.605,393.254,22.954,True,0,-0.39,-3.9,-0.39,0.0033306,,,,,0.600741,1989331,1re moitié,BTC 15m
btc-updown-15m-1790397900,btc,15m,1790397900,fair_value,± 1 c,down,0.38,10,420,440,cancelled,True,298.3,70,0,0,False,False,,72.6129,0.615,,,True,0,-0.38,-0,-0,0.0032984,,,,,0.615188,1989331,1re moitié,BTC 15m
btc-updown-15m-1790397900,btc,15m,1790397900,fair_value,± 1 c,up,0.59,10,420,450,cancelled,True,1655,0,0,0,False,False,,0,0.615,,,True,1,0.41,0,0,0.0033866,,,,,0.623449,1989331,1re moitié,BTC 15m
btc-updown-15m-1790397900,btc,15m,1790397900,fair_value,± 1 c,down,0.37,10,440,450,cancelled,True,265,105,0,0,False,False,,0,0.595,,,True,0,-0.37,-0,-0,0.0032634,,,,,0.623449,1989331,1re moitié,BTC 15m
btc-updown-15m-1790397900,btc,15m,1790397900,fair_value,± 1 c,up,0.6,10,450,460,cancelled,True,85,0,0,0,False,False,,0,0.605,,,True,1,0.4,0,0,0.00336,,,,,0.6321,1989331,1re moitié,BTC 15m
btc-updown-15m-1790397900,btc,15m,1790397900,fair_value,± 1 c,down,0.36,10,450,460,cancelled,True,518,293,0,0,False,False,,0,0.605,,,True,0,-0.36,-0,-0,0.0032256,,,,,0.6321,1989331,1re moitié,BTC 15m
btc-updown-15m-1790397900,btc,15m,1790397900,fair_value,± 1 c,up,0.59,10,460,470,cancelled,True,290.6,78.6,0,0,False,False,,2.43902,0.595,,,True,1,0.41,0,0,0.0033866,,,,,0.641346,1989331,1re moitié,BTC 15m
btc-updown-15m-1790397900,btc,15m,1790397900,fair_value,± 1 c,down,0.35,10,460,470,cancelled,True,483,413,0,0,False,False,,0,0.595,,,True,0,-0.35,-0,-0,0.003185,,,,,0.641346,1989331,1re moitié,BTC 15m
btc-updown-15m-1790397900,btc,15m,1790397900,fair_value,± 1 c,up,0.61,10,470,480,cancelled,True,140,40,0,0,False,False,,0,0.615,,,True,1,0.39,0,0,0.0033306,,,,,0.651222,1989331,1re moitié,BTC 15m
btc-updown-15m-1790397900,btc,15m,1790397900,fair_value,± 1 c,down,0.34,10,470,480,cancelled,True,4606,105,0,0,False,False,,0,0.615,,,True,0,-0.34,-0,-0,0.0031416,,,,,0.651222,1989331,1re moitié,BTC 15m
btc-updown-15m-1790397900,btc,15m,1790397900,fair_value,± 1 c,down,0.33,10,480,490,cancelled,True,85,85,0,0,False,False,,0,0.645,,,True,0,-0.33,-0,-0,0.0030954,,,,,0.661997,1989331,1re moitié,BTC 15m
btc-updown-15m-1790397900,btc,15m,1790397900,fair_value,± 1 c,down,0.32,10,490,500,cancelled,True,213,203,0,0,False,False,,0,0.645,,,True,0,-0.32,-0,-0,0.0030464,,,,,0.673246,1989331,1re moitié,BTC 15m
btc-updown-15m-1790397900,btc,15m,1790397900,fair_value,± 1 c,up,0.64,10,480,510,filled,True,176.51,0,10,1,True,True,queue,60,0.645,486.748,6.448,True,1,0.36,3.6,0.36,0.0032256,,,,,0.684957,1989331,1re moitié,BTC 15m
btc-updown-15m-1790397900,btc,15m,1790397900,fair_value,± 1 c,down,0.31,10,500,510,cancelled,True,263,263,0,0,False,False,,0,0.645,,,True,0,-0.31,-0,-0,0.0029946,,,,,0.684957,1989331,1re moitié,BTC 15m
btc-updown-15m-1790397900,btc,15m,1790397900,fair_value,± 1 c,up,0.65,10,510,520,cancelled,True,2745.71,225.71,0,0,False,False,,15,0.655,,,True,1,0.35,0,0,0.003185,,,,,0.697669,1989331,1re moitié,BTC 15m
btc-updown-15m-1790397900,btc,15m,1790397900,fair_value,± 1 c,down,0.3,10,510,520,cancelled,True,213,35,0,0,False,False,,0,0.655,,,True,0,-0.3,-0,-0,0.00294,,,,,0.697669,1989331,1re moitié,BTC 15m
btc-updown-15m-1790397900,btc,15m,1790397900,fair_value,± 1 c,up,0.66,10,520,530,cancelled,True,3153.6,215,0,0,False,False,,0,0.665,,,True,1,0.34,0,0,0.0031416,,,,,0.711152,1989331,1re moitié,BTC 15m
btc-updown-15m-1790397900,btc,15m,1790397900,fair_value,± 1 c,down,0.29,10,520,530,cancelled,True,263,75,0,0,False,False,,0,0.665,,,True,0,-0.29,-0,-0,0.0028826,,,,,0.711152,1989331,1re moitié,BTC 15m
btc-updown-15m-1790397900,btc,15m,1790397900,fair_value,± 1 c,up,0.68,10,530,540,cancelled,True,10,0,0,0,False,False,,10,0.685,,,True,1,0.32,0,0,0.0030464,,,,,0.725419,1989331,1re moitié,BTC 15m
btc-updown-15m-1790397900,btc,15m,1790397900,fair_value,± 1 c,down,0.27,10,530,540,cancelled,True,35,35,0,0,False,False,,0,0.685,,,True,0,-0.27,-0,-0,0.0027594,,,,,0.725419,1989331,1re moitié,BTC 15m
btc-updown-15m-1790397900,btc,15m,1790397900,fair_value,± 1 c,down,0.26,10,540,550,cancelled,True,160,35,0,0,False,False,,0,0.675,,,True,0,-0.26,-0,-0,0.0026936,,,,,0.740794,1989331,1re moitié,BTC 15m
btc-updown-15m-1790397900,btc,15m,1790397900,fair_value,± 1 c,down,0.24,10,550,560,cancelled,True,2282,2282,0,0,False,False,,0,0.675,,,True,0,-0.24,-0,-0,0.0025536,,,,,0.756297,1989331,1re moitié,BTC 15m
btc-updown-15m-1790397900,btc,15m,1790397900,fair_value,± 1 c,down,0.23,10,560,570,cancelled,True,1563,55,0,0,False,False,,0,0.675,,,True,0,-0.23,-0,-0,0.0024794,,,,,0.772866,1989331,1re moitié,BTC 15m
btc-updown-15m-1790397900,btc,15m,1790397900,fair_value,± 1 c,up,0.67,10,540,580,cancelled,True,219.68,0,0,0,False,False,,7.57576,0.675,,,True,1,0.33,0,0,0.0030954,,,,,0.790483,1989331,1re moitié,BTC 15m
btc-updown-15m-1790397900,btc,15m,1790397900,fair_value,± 1 c,down,0.21,10,570,580,cancelled,True,520,75,0,0,False,False,,0,0.675,,,True,0,-0.21,-0,-0,0.0023226,,,,,0.790483,1989331,1re moitié,BTC 15m
btc-updown-15m-1790397900,btc,15m,1790397900,fair_value,± 1 c,down,0.19,10,580,590,cancelled,True,165,65,0,0,False,False,,0,0.665,,,True,0,-0.19,-0,-0,0.0021546,,,,,0.808358,1989331,1re moitié,BTC 15m
btc-updown-15m-1790397900,btc,15m,1790397900,fair_value,± 1 c,up,0.66,10,580,600,cancelled,True,208.74,127.56,0,0,False,False,,0,0.665,,,True,1,0.34,0,0,0.0031416,,,,,0.826352,1989331,1re moitié,BTC 15m
btc-updown-15m-1790397900,btc,15m,1790397900,fair_value,± 1 c,down,0.18,10,590,600,cancelled,True,71,71,0,0,False,False,,0,0.665,,,True,0,-0.18,-0,-0,0.0020664,,,,,0.826352,1989331,1re moitié,BTC 15m
btc-updown-15m-1790397900,btc,15m,1790397900,fair_value,± 1 c,up,0.67,10,600,610,cancelled,True,472.66,343.569,0,0,False,False,,9.09091,0.675,,,True,1,0.33,0,0,0.0030954,,,,,0.845424,1989331,1re moitié,BTC 15m
btc-updown-15m-1790397900,btc,15m,1790397900,fair_value,± 1 c,down,0.16,10,600,610,cancelled,True,72,35,0,0,False,False,,0,0.675,,,True,0,-0.16,-0,-0,0.0018816,,,,,0.845424,1989331,1re moitié,BTC 15m
btc-updown-15m-1790397900,btc,15m,1790397900,fair_value,± 1 c,up,0.68,10,610,620,cancelled,True,338.64,229.52,0,0,False,False,,0,0.685,,,True,1,0.32,0,0,0.0030464,,,,,0.864265,1989331,1re moitié,BTC 15m
btc-updown-15m-1790397900,btc,15m,1790397900,fair_value,± 1 c,down,0.14,10,610,620,cancelled,True,44,35,0,0,False,False,,0,0.685,,,True,0,-0.14,-0,-0,0.0016856,,,,,0.864265,1989331,1re moitié,BTC 15m
btc-updown-15m-1790397900,btc,15m,1790397900,fair_value,± 1 c,up,0.69,10,620,630,cancelled,True,6079.83,165,0,0,False,False,,0,0.695,,,True,1,0.31,0,0,0.0029946,,,,,0.882637,1989331,1re moitié,BTC 15m
btc-updown-15m-1790397900,btc,15m,1790397900,fair_value,± 1 c,down,0.12,10,620,630,cancelled,True,80,50,0,0,False,False,,0,0.695,,,True,0,-0.12,-0,-0,0.0014784,,,,,0.882637,1989331,1re moitié,BTC 15m
btc-updown-15m-1790397900,btc,15m,1790397900,fair_value,± 1 c,up,0.71,10,630,640,cancelled,True,278.33,228.33,0,0,False,False,,15,0.715,,,True,1,0.29,0,0,0.0028826,,,,,0.924241,1989331,1re moitié,BTC 15m
btc-updown-15m-1790397900,btc,15m,1790397900,fair_value,± 1 c,down,0.1,10,630,640,cancelled,True,56,56,0,0,False,False,,0,0.715,,,True,0,-0.1,-0,-0,0.00126,,,,,0.924241,1989331,1re moitié,BTC 15m
btc-updown-15m-1790397900,btc,15m,1790397900,fair_value,± 1 c,up,0.73,10,640,650,cancelled,True,3668.56,467.56,0,0,False,False,,0,0.735,,,True,1,0.27,0,0,0.0027594,,,,,0.940053,1989331,1re moitié,BTC 15m
btc-updown-15m-1790397900,btc,15m,1790397900,fair_value,± 1 c,down,0.06,10,640,650,cancelled,True,90,65,0,0,False,False,,0,0.735,,,True,0,-0.06,-0,-0,0.0007896,,,,,0.940053,1989331,1re moitié,BTC 15m
btc-updown-15m-1790397900,btc,15m,1790397900,fair_value,± 1 c,up,0.75,10,650,660,cancelled,True,47.56,0,0,0,False,False,,25,0.755,,,True,1,0.25,0,0,0.002625,,,,,0.954132,1989331,1re moitié,BTC 15m
btc-updown-15m-1790397900,btc,15m,1790397900,fair_value,± 1 c,up,0.74,10,660,670,cancelled,True,279.02,35,0,0,False,False,,3.84615,0.745,,,True,1,0.26,0,0,0.0026936,,,,,0.947423,1989331,1re moitié,BTC 15m
btc-updown-15m-1790397900,btc,15m,1790397900,fair_value,± 1 c,up,0.79,10,670,680,filled,True,65.03,0,10,1,True,True,traversal,0,0.795,675.761,5.461,True,1,0.21,2.1,0.21,0.0023226,,,,,0.961114,1989331,1re moitié,BTC 15m
btc-updown-15m-1790397900,btc,15m,1790397900,fair_value,± 1 c,up,0.77,10,680,690,filled,True,27.03,0,10,1,True,True,traversal,0,0.775,681.773,1.473,True,1,0.23,2.3,0.23,0.0024794,,,,,0.972747,1989331,1re moitié,BTC 15m
btc-updown-15m-1790397900,btc,15m,1790397900,fair_value,± 1 c,up,0.72,10,690,700,filled,True,316.49,0,10,1,True,True,traversal,0,0.725,698.977,8.677,True,1,0.28,2.8,0.28,0.0028224,,,,,0.586064,1989331,1re moitié,BTC 15m
btc-updown-15m-1790397900,btc,15m,1790397900,fair_value,± 1 c,up,0.52,10,700,710,cancelled,True,57.01,48,0,0,False,False,,0,0.525,,,True,1,0.48,0,0,0.0034944,,,,,0.594329,1989331,1re moitié,BTC 15m
btc-updown-15m-1790397900,btc,15m,1790397900,fair_value,± 1 c,down,0.4,10,700,710,cancelled,True,440,10,0,0,False,False,,0,0.525,,,True,0,-0.4,-0,-0,0.00336,,,,,0.594329,1989331,1re moitié,BTC 15m
btc-updown-15m-1790397900,btc,15m,1790397900,fair_value,± 1 c,up,0.56,10,710,720,filled,True,192.82,0,10,1,True,True,traversal,5,0.565,711.734,1.434,True,1,0.44,4.4,0.44,0.0034496,,,,,0.603249,1989331,1re moitié,BTC 15m
btc-updown-15m-1790397900,btc,15m,1790397900,fair_value,± 1 c,down,0.39,10,710,720,cancelled,True,3312,243,0,0,False,False,,0,0.565,,,True,0,-0.39,-0,-0,0.0033306,,,,,0.603249,1989331,1re moitié,BTC 15m
btc-updown-15m-1790397900,btc,15m,1790397900,fair_value,± 1 c,up,0.52,10,720,730,crossing,False,,,0,0,False,False,,0,0.515,,,True,1,0.48,0,0,0.0034944,,,,,0.612891,1989331,1re moitié,BTC 15m
btc-updown-15m-1790397900,btc,15m,1790397900,fair_value,± 1 c,down,0.38,10,720,730,cancelled,True,25,25,0,0,False,False,,0,0.515,,,True,0,-0.38,-0,-0,0.0032984,,,,,0.612891,1989331,1re moitié,BTC 15m
btc-updown-15m-1790397900,btc,15m,1790397900,fair_value,± 1 c,down,0.37,10,730,740,cancelled,True,685,35,0,0,False,False,,0,0.505,,,True,0,-0.37,-0,-0,0.0032634,,,,,0.624516,1989331,1re moitié,BTC 15m
btc-updown-15m-1790397900,btc,15m,1790397900,fair_value,± 1 c,up,0.5,10,730,750,filled,True,5,0,10,1,True,True,queue,24,0.505,735.417,5.117,True,1,0.5,5,0.5,0.0035,,,,,0.636846,1989331,1re moitié,BTC 15m
btc-updown-15m-1790397900,btc,15m,1790397900,fair_value,± 1 c,down,0.36,10,740,750,cancelled,True,40,35,0,0,False,False,,0,0.505,,,True,0,-0.36,-0,-0,0.0032256,,,,,0.636846,1989331,1re moitié,BTC 15m
btc-updown-15m-1790397900,btc,15m,1790397900,fair_value,± 1 c,down,0.35,10,750,760,cancelled,True,235,235,0,0,False,False,,0,0.495,,,True,0,-0.35,-0,-0,0.003185,,,,,0.651346,1989331,1re moitié,BTC 15m
btc-updown-15m-1790397900,btc,15m,1790397900,fair_value,± 1 c,up,0.49,10,750,770,filled,True,10.25,0,10,1,True,True,traversal,0,0.495,761.923,11.623,True,1,0.51,5.1,0.51,0.0034986,,,,,0.349435,1989331,1re moitié,BTC 15m
btc-updown-15m-1790397900,btc,15m,1790397900,fair_value,± 1 c,down,0.33,10,760,770,cancelled,True,5,5,0,0,False,False,,0,0.495,,,True,0,-0.33,-0,-0,0.0030954,,,,,0.349435,1989331,1re moitié,BTC 15m
btc-updown-15m-1790397900,btc,15m,1790397900,fair_value,± 1 c,up,0.33,10,770,780,cancelled,True,50,0,0,0,False,False,,0,0.605,,,True,1,0.67,0,0,0.0030954,,,,,0.331464,1989331,1re moitié,BTC 15m
btc-updown-15m-1790397900,btc,15m,1790397900,fair_value,± 1 c,down,0.39,10,770,780,cancelled,True,531.16,15,0,0,False,False,,300,0.605,,,True,0,-0.39,-0,-0,0.0033306,,,,,0.331464,1989331,1re moitié,BTC 15m
btc-updown-15m-1790397900,btc,15m,1790397900,fair_value,± 1 c,up,0.32,10,780,790,cancelled,True,50,0,0,0,False,False,,0,0.565,,,True,1,0.68,0,0,0.0030464,,,,,0.311233,1989331,1re moitié,BTC 15m
btc-updown-15m-1790397900,btc,15m,1790397900,fair_value,± 1 c,up,0.3,10,790,800,cancelled,True,50,50,0,0,False,False,,0,0.57,,,True,1,0.7,0,0,0.00294,,,,,0.286571,1989331,1re moitié,BTC 15m
btc-updown-15m-1790397900,btc,15m,1790397900,fair_value,± 1 c,down,0.43,10,780,800,filled,True,370.04,0,10,1,True,True,queue,180,0.565,789.788,9.488,True,0,-0.43,-4.3,-0.43,0.0034314,,,,,0.286571,1989331,1re moitié,BTC 15m
btc-updown-15m-1790397900,btc,15m,1790397900,fair_value,± 1 c,up,0.27,10,800,810,cancelled,True,0,0,0,0,False,False,,0,0.605,,,True,1,0.73,0,0,0.0027594,,,,,0.256023,1989331,1re moitié,BTC 15m
btc-updown-15m-1790397900,btc,15m,1790397900,fair_value,± 1 c,down,0.39,10,800,810,filled,True,98.93,0,10,1,True,True,queue,30,0.605,802.104,1.804,True,0,-0.39,-3.9,-0.39,0.0033306,,,,,0.256023,1989331,1re moitié,BTC 15m
btc-updown-15m-1790397900,btc,15m,1790397900,fair_value,± 1 c,up,0.24,10,810,820,cancelled,True,0,0,0,0,False,False,,0,0.665,,,True,1,0.76,0,0,0.0025536,,,,,0.219301,1989331,1re moitié,BTC 15m
btc-updown-15m-1790397900,btc,15m,1790397900,fair_value,± 1 c,down,0.34,10,810,820,crossing,False,,,0,0,False,False,,0,0.665,,,True,0,-0.34,-0,-0,0.0031416,,,,,0.219301,1989331,1re moitié,BTC 15m
btc-updown-15m-1790397900,btc,15m,1790397900,fair_value,± 1 c,up,0.2,10,820,830,cancelled,True,10.1,10.1,0,0,False,False,,0,0.775,,,True,1,0.8,0,0,0.00224,,,,,0.171031,1989331,1re moitié,BTC 15m
btc-updown-15m-1790397900,btc,15m,1790397900,fair_value,± 1 c,down,0.22,10,820,830,filled,True,10,0,10,1,True,True,queue,30,0.775,823.783,3.483,True,0,-0.22,-2.2,-0.22,0.0024024,,,,,0.171031,1989331,1re moitié,BTC 15m
btc-updown-15m-1790397900,btc,15m,1790397900,fair_value,± 1 c,up,0.16,10,830,840,cancelled,True,0,0,0,0,False,False,,0,0.805,,,True,1,0.84,0,0,0.0018816,,,,,0.109438,1989331,1re moitié,BTC 15m
btc-updown-15m-1790397900,btc,15m,1790397900,fair_value,± 1 c,down,0.19,10,830,840,filled,True,6,0,10,1,True,True,traversal,10,0.805,831.187,0.887,True,0,-0.19,-1.9,-0.19,0.0021546,,,,,0.109438,1989331,1re moitié,BTC 15m
btc-updown-15m-1790397900,btc,15m,1790397900,fair_value,± 1 c,up,0.09,10,840,850,cancelled,True,30,0,0,0,False,False,,0,0.835,,,True,1,0.91,0,0,0.0011466,,,,,0.0430096,1989331,1re moitié,BTC 15m
btc-updown-15m-1790397900,btc,15m,1790397900,fair_value,± 1 c,down,0.17,10,840,850,crossing,False,,,0,0,False,False,,0,0.835,,,True,0,-0.17,-0,-0,0.0019754,,,,,0.0430096,1989331,1re moitié,BTC 15m
btc-updown-15m-1790397900,btc,15m,1790397900,fair_value,± 1 c,down,0.14,10,850,860,filled,True,15,0,10,1,True,True,queue,28.908,0.855,851.282,0.982,True,0,-0.14,-1.4,-0.14,0.0016856,,,,,0.00559136,1989331,1re moitié,BTC 15m
btc-updown-15m-1790397900,btc,15m,1790397900,fair_value,± 1 c,down,0.12,10,860,880,filled,True,112.98,0,10,1,True,True,traversal,56.2273,0.875,870.705,10.405,True,0,-0.12,-1.2,-0.12,0.0014784,,,,,3.88522e-16,1989331,1re moitié,BTC 15m
btc-updown-15m-1790398800,btc,15m,1790398800,signal,0.48/S+0,down,0.48,10,-30,0,filled,True,201.66,0,10,1,True,True,traversal,24.9992,0.505,-4.614,25.086,False,1,0.52,5.2,0.52,0.0034944,0.48,0,-3.57262e-08,,,1989332,1re moitié,BTC 15m
btc-updown-15m-1790398800,btc,15m,1790398800,signal,0.48/S+30,down,0.48,10,-30,30,filled,True,201.66,0,10,1,True,True,traversal,24.9992,0.505,-4.614,25.086,False,1,0.52,5.2,0.52,0.0034944,0.48,30,-3.57262e-08,,,1989332,1re moitié,BTC 15m
btc-updown-15m-1790398800,btc,15m,1790398800,signal,0.48/S+60,down,0.48,10,-30,60,filled,True,201.66,0,10,1,True,True,traversal,24.9992,0.505,-4.614,25.086,False,1,0.52,5.2,0.52,0.0034944,0.48,60,-3.57262e-08,,,1989332,1re moitié,BTC 15m
btc-updown-15m-1790398800,btc,15m,1790398800,signal,0.49/S+0,down,0.49,10,-30,0,filled,True,58.21,0,10,1,True,True,traversal,30,0.505,-15.341,14.359,False,1,0.51,5.1,0.51,0.0034986,0.49,0,-3.57262e-08,,,1989332,1re moitié,BTC 15m
btc-updown-15m-1790398800,btc,15m,1790398800,signal,0.49/S+30,down,0.49,10,-30,30,filled,True,58.21,0,10,1,True,True,traversal,30,0.505,-15.341,14.359,False,1,0.51,5.1,0.51,0.0034986,0.49,30,-3.57262e-08,,,1989332,1re moitié,BTC 15m
btc-updown-15m-1790398800,btc,15m,1790398800,signal,0.49/S+60,down,0.49,10,-30,60,filled,True,58.21,0,10,1,True,True,traversal,30,0.505,-15.341,14.359,False,1,0.51,5.1,0.51,0.0034986,0.49,60,-3.57262e-08,,,1989332,1re moitié,BTC 15m
btc-updown-15m-1790398800,btc,15m,1790398800,signal,0.50/S+0,down,0.5,10,-30,0,crossing,False,,,0,0,False,False,,0,0.505,,,False,1,0.5,0,0,0.0035,0.5,0,-3.57262e-08,,,1989332,1re moitié,BTC 15m
btc-updown-15m-1790398800,btc,15m,1790398800,signal,0.50/S+30,down,0.5,10,-30,30,crossing,False,,,0,0,False,False,,0,0.505,,,False,1,0.5,0,0,0.0035,0.5,30,-3.57262e-08,,,1989332,1re moitié,BTC 15m
btc-updown-15m-1790398800,btc,15m,1790398800,signal,0.50/S+60,down,0.5,10,-30,60,crossing,False,,,0,0,False,False,,0,0.505,,,False,1,0.5,0,0,0.0035,0.5,60,-3.57262e-08,,,1989332,1re moitié,BTC 15m
btc-updown-15m-1790398800,btc,15m,1790398800,two_sided,0.49/S+0,up,0.49,10,-60,0,cancelled,True,80,35,0,0,False,False,,0,0.505,,,False,0,-0.49,-0,-0,0.0034986,0.49,0,,0,,1989332,1re moitié,BTC 15m
btc-updown-15m-1790398800,btc,15m,1790398800,two_sided,0.49/S+0,down,0.49,10,-60,0,filled,True,253.57,0,10,1,True,True,traversal,163.362,0.505,-15.341,44.359,False,1,0.51,5.1,0.51,0.0034986,0.49,0,,0,,1989332,1re moitié,BTC 15m
btc-updown-15m-1790398800,btc,15m,1790398800,two_sided,0.49/S+30,up,0.49,10,-60,30,cancelled,True,80,0,0,0,False,False,,0,0.505,,,False,0,-0.49,-0,-0,0.0034986,0.49,30,,30,,1989332,1re moitié,BTC 15m
btc-updown-15m-1790398800,btc,15m,1790398800,two_sided,0.49/S+30,down,0.49,10,-60,30,filled,True,253.57,0,10,1,True,True,traversal,163.362,0.505,-15.341,44.359,False,1,0.51,5.1,0.51,0.0034986,0.49,30,,30,,1989332,1re moitié,BTC 15m
btc-updown-15m-1790398800,btc,15m,1790398800,two_sided,0.49/S+60,up,0.49,10,-60,60,cancelled,True,80,0,0,0,False,False,,0,0.505,,,False,0,-0.49,-0,-0,0.0034986,0.49,60,,60,,1989332,1re moitié,BTC 15m
btc-updown-15m-1790398800,btc,15m,1790398800,two_sided,0.49/S+60,down,0.49,10,-60,60,filled,True,253.57,0,10,1,True,True,traversal,163.362,0.505,-15.341,44.359,False,1,0.51,5.1,0.51,0.0034986,0.49,60,,60,,1989332,1re moitié,BTC 15m
btc-updown-15m-1790398800,btc,15m,1790398800,fair_value,± 1 c,down,0.34,10,10,20,cancelled,True,64,64,0,0,False,False,,0,0.575,,,False,1,0.66,0,0,0.0031416,,,,,0.657565,1989332,1re moitié,BTC 15m
btc-updown-15m-1790398800,btc,15m,1790398800,fair_value,± 1 c,up,0.57,10,10,30,filled,True,20,0,10,1,True,True,traversal,0,0.575,12.5,2.2,False,0,-0.57,-5.7,-0.57,0.0034314,,,,,0.70353,1989332,1re moitié,BTC 15m
btc-updown-15m-1790398800,btc,15m,1790398800,fair_value,± 1 c,down,0.33,10,20,30,cancelled,True,65,65,0,0,False,False,,0,0.575,,,False,1,0.67,0,0,0.0030954,,,,,0.70353,1989332,1re moitié,BTC 15m
btc-updown-15m-1790398800,btc,15m,1790398800,fair_value,± 1 c,down,0.28,10,30,40,cancelled,True,72,72,0,0,False,False,,0,0.585,,,False,1,0.72,0,0,0.0028224,,,,,0.717719,1989332,1re moitié,BTC 15m
btc-updown-15m-1790398800,btc,15m,1790398800,fair_value,± 1 c,up,0.58,10,30,50,cancelled,True,155.36,65,0,0,False,False,,2.38095,0.585,,,False,0,-0.58,-0,-0,0.0034104,,,,,0.732096,1989332,1re moitié,BTC 15m
btc-updown-15m-1790398800,btc,15m,1790398800,fair_value,± 1 c,down,0.27,10,40,50,cancelled,True,67,37,0,0,False,False,,0,0.585,,,False,1,0.73,0,0,0.0027594,,,,,0.732096,1989332,1re moitié,BTC 15m
btc-updown-15m-1790398800,btc,15m,1790398800,fair_value,± 1 c,down,0.25,10,50,60,cancelled,True,118,118,0,0,False,False,,0,0.595,,,False,1,0.75,0,0,0.002625,,,,,0.747207,1989332,1re moitié,BTC 15m
btc-updown-15m-1790398800,btc,15m,1790398800,fair_value,± 1 c,down,0.24,10,60,70,cancelled,True,68,68,0,0,False,False,,0,0.595,,,False,1,0.76,0,0,0.0025536,,,,,0.762433,1989332,1re moitié,BTC 15m
btc-updown-15m-1790398800,btc,15m,1790398800,fair_value,± 1 c,down,0.22,10,70,80,cancelled,True,69,69,0,0,False,False,,0,0.595,,,False,1,0.78,0,0,0.0024024,,,,,0.778181,1989332,1re moitié,BTC 15m
btc-updown-15m-1790398800,btc,15m,1790398800,fair_value,± 1 c,down,0.21,10,80,90,cancelled,True,60,60,0,0,False,False,,0,0.595,,,False,1,0.79,0,0,0.0023226,,,,,0.794243,1989332,1re moitié,BTC 15m
btc-updown-15m-1790398800,btc,15m,1790398800,fair_value,± 1 c,up,0.59,10,50,100,cancelled,True,59.56,47,0,0,False,False,,6.53,0.595,,,False,0,-0.59,-0,-0,0.0033866,,,,,0.81054,1989332,1re moitié,BTC 15m
btc-updown-15m-1790398800,btc,15m,1790398800,fair_value,± 1 c,down,0.19,10,90,100,cancelled,True,42.63,42.63,0,0,False,False,,0,0.595,,,False,1,0.81,0,0,0.0021546,,,,,0.81054,1989332,1re moitié,BTC 15m
btc-updown-15m-1790398800,btc,15m,1790398800,fair_value,± 1 c,down,0.17,10,100,110,cancelled,True,80.7,80.7,0,0,False,False,,0,0.605,,,False,1,0.83,0,0,0.0019754,,,,,0.826979,1989332,1re moitié,BTC 15m
btc-updown-15m-1790398800,btc,15m,1790398800,fair_value,± 1 c,down,0.16,10,110,120,cancelled,True,0,0,0,0,False,False,,0,0.605,,,False,1,0.84,0,0,0.0018816,,,,,0.84362,1989332,1re moitié,BTC 15m
btc-updown-15m-1790398800,btc,15m,1790398800,fair_value,± 1 c,up,0.6,10,100,130,cancelled,True,264,80.75,0,0,False,False,,6.25,0.605,,,False,0,-0.6,-0,-0,0.00336,,,,,0.859816,1989332,1re moitié,BTC 15m
btc-updown-15m-1790398800,btc,15m,1790398800,fair_value,± 1 c,down,0.14,10,120,130,cancelled,True,12,12,0,0,False,False,,0,0.605,,,False,1,0.86,0,0,0.0016856,,,,,0.859816,1989332,1re moitié,BTC 15m
btc-updown-15m-1790398800,btc,15m,1790398800,fair_value,± 1 c,down,0.13,10,130,140,cancelled,True,44.76,44.76,0,0,False,False,,0,0.615,,,False,1,0.87,0,0,0.0015834,,,,,0.875933,1989332,1re moitié,BTC 15m
btc-updown-15m-1790398800,btc,15m,1790398800,fair_value,± 1 c,up,0.61,10,130,150,filled,True,50,0,10,1,True,True,queue,50,0.615,144.175,13.875,False,0,-0.61,-6.1,-0.61,0.0033306,,,,,0.891796,1989332,1re moitié,BTC 15m
btc-updown-15m-1790398800,btc,15m,1790398800,fair_value,± 1 c,down,0.11,10,140,150,cancelled,True,44,44,0,0,False,False,,0,0.615,,,False,1,0.89,0,0,0.0013706,,,,,0.891796,1989332,1re moitié,BTC 15m
btc-updown-15m-1790398800,btc,15m,1790398800,fair_value,± 1 c,down,0.09,10,150,160,cancelled,True,825.75,807.75,0,0,False,False,,0,0.595,,,False,1,0.91,0,0,0.0011466,,,,,0.906747,1989332,1re moitié,BTC 15m
btc-updown-15m-1790398800,btc,15m,1790398800,fair_value,± 1 c,up,0.59,10,150,170,cancelled,True,175.8,61.2634,0,0,False,False,,114.537,0.595,,,False,0,-0.59,-0,-0,0.0033866,,,,,0.856191,1989332,1re moitié,BTC 15m
btc-updown-15m-1790398800,btc,15m,1790398800,fair_value,± 1 c,down,0.08,10,160,170,cancelled,True,75.13,75.13,0,0,False,False,,0,0.595,,,False,1,0.92,0,0,0.0010304,,,,,0.856191,1989332,1re moitié,BTC 15m
btc-updown-15m-1790398800,btc,15m,1790398800,fair_value,± 1 c,down,0.13,10,170,180,cancelled,True,30,30,0,0,False,False,,0,0.605,,,False,1,0.87,0,0,0.0015834,,,,,0.872201,1989332,1re moitié,BTC 15m
btc-updown-15m-1790398800,btc,15m,1790398800,fair_value,± 1 c,down,0.11,10,180,190,cancelled,True,149.58,149.58,0,0,False,False,,0,0.605,,,False,1,0.89,0,0,0.0013706,,,,,0.887879,1989332,1re moitié,BTC 15m
btc-updown-15m-1790398800,btc,15m,1790398800,fair_value,± 1 c,down,0.1,10,190,200,cancelled,True,260,250,0,0,False,False,,0,0.605,,,False,1,0.9,0,0,0.00126,,,,,0.903048,1989332,1re moitié,BTC 15m
btc-updown-15m-1790398800,btc,15m,1790398800,fair_value,± 1 c,up,0.6,10,170,210,cancelled,True,764.2,567,0,0,False,False,,0,0.605,,,False,0,-0.6,-0,-0,0.00336,,,,,0.91742,1989332,1re moitié,BTC 15m
btc-updown-15m-1790398800,btc,15m,1790398800,fair_value,± 1 c,down,0.08,10,200,210,cancelled,True,75.13,75.13,0,0,False,False,,0,0.605,,,False,1,0.92,0,0,0.0010304,,,,,0.91742,1989332,1re moitié,BTC 15m
btc-updown-15m-1790398800,btc,15m,1790398800,fair_value,± 1 c,up,0.61,10,210,220,cancelled,True,196,182,0,0,False,False,,0,0.615,,,False,0,-0.61,-0,-0,0.0033306,,,,,0.931033,1989332,1re moitié,BTC 15m
btc-updown-15m-1790398800,btc,15m,1790398800,fair_value,± 1 c,down,0.07,10,210,220,cancelled,True,157.42,157.42,0,0,False,False,,0,0.615,,,False,1,0.93,0,0,0.0009114,,,,,0.931033,1989332,1re moitié,BTC 15m
btc-updown-15m-1790398800,btc,15m,1790398800,fair_value,± 1 c,down,0.05,10,220,230,cancelled,True,212.75,212.75,0,0,False,False,,0,0.625,,,False,1,0.95,0,0,0.000665,,,,,0.943597,1989332,1re moitié,BTC 15m
btc-updown-15m-1790398800,btc,15m,1790398800,fair_value,± 1 c,up,0.62,10,220,280,cancelled,True,637,65,0,0,False,False,,2.63158,0.625,,,False,0,-0.62,-0,-0,0.0032984,,,,,0.98657,1989332,1re moitié,BTC 15m
btc-updown-15m-1790398800,btc,15m,1790398800,fair_value,± 1 c,up,0.64,10,280,300,filled,True,612,0,10,1,True,True,queue,540,0.645,297.756,17.456,False,0,-0.64,-6.4,-0.64,0.0032256,,,,,0.994311,1989332,1re moitié,BTC 15m
btc-updown-15m-1790398800,btc,15m,1790398800,fair_value,± 1 c,up,0.63,10,300,310,cancelled,True,523,110,0,0,False,False,,0,0.645,,,False,0,-0.63,-0,-0,0.0032634,,,,,0.996602,1989332,1re moitié,BTC 15m
btc-updown-15m-1790398800,btc,15m,1790398800,fair_value,± 1 c,up,0.65,10,310,320,filled,True,514.57,0,10,1,True,True,queue,164.571,0.655,310.862,0.562,False,0,-0.65,-6.5,-0.65,0.003185,,,,,0.998112,1989332,1re moitié,BTC 15m
btc-updown-15m-1790398800,btc,15m,1790398800,fair_value,± 1 c,up,0.64,10,320,340,cancelled,True,160.82,74.82,0,0,False,False,,0,0.645,,,False,0,-0.64,-0,-0,0.0032256,,,,,0.999538,1989332,1re moitié,BTC 15m
btc-updown-15m-1790398800,btc,15m,1790398800,fair_value,± 1 c,up,0.65,10,340,400,cancelled,True,65,29,0,0,False,False,,6,0.655,,,False,0,-0.65,-0,-0,0.003185,,,,,1,1989332,1re moitié,BTC 15m
btc-updown-15m-1790398800,btc,15m,1790398800,fair_value,± 1 c,up,0.67,10,400,410,cancelled,True,551.66,260,0,0,False,False,,0,0.69,,,False,0,-0.67,-0,-0,0.0030954,,,,,1,1989332,1re moitié,BTC 15m
btc-updown-15m-1790398800,btc,15m,1790398800,fair_value,± 1 c,up,0.7,10,410,440,cancelled,True,35.36,15.36,0,0,False,False,,20,0.705,,,False,0,-0.7,-0,-0,0.00294,,,,,1,1989332,1re moitié,BTC 15m
btc-updown-15m-1790398800,btc,15m,1790398800,fair_value,± 1 c,up,0.71,10,440,480,cancelled,True,68.55,3.62,0,0,False,False,,16.3793,0.715,,,False,0,-0.71,-0,-0,0.0028826,,,,,1,1989332,1re moitié,BTC 15m
btc-updown-15m-1790398800,btc,15m,1790398800,fair_value,± 1 c,up,0.73,10,480,490,cancelled,True,20,20,0,0,False,False,,0,0.735,,,False,0,-0.73,-0,-0,0.0027594,,,,,0.985597,1989332,1re moitié,BTC 15m
btc-updown-15m-1790398800,btc,15m,1790398800,fair_value,± 1 c,up,0.79,10,490,500,cancelled,True,264.05,75,0,0,False,False,,0,0.795,,,False,0,-0.79,-0,-0,0.0023226,,,,,0.990589,1989332,1re moitié,BTC 15m
btc-updown-15m-1790398800,btc,15m,1790398800,fair_value,± 1 c,up,0.83,10,500,510,filled,True,163.69,0,10,1,True,True,queue,146.69,0.835,500.476,0.176,False,0,-0.83,-8.3,-0.83,0.0019754,,,,,0.990268,1989332,1re moitié,BTC 15m
btc-updown-15m-1790398800,btc,15m,1790398800,fair_value,± 1 c,up,0.82,10,510,520,cancelled,True,15,5,0,0,False,False,,0,0.825,,,False,0,-0.82,-0,-0,0.0020664,,,,,0.993992,1989332,1re moitié,BTC 15m
btc-updown-15m-1790398800,btc,15m,1790398800,fair_value,± 1 c,up,0.84,10,520,540,filled,True,71.13,0,10,1,True,True,queue,82,0.845,522.669,2.369,False,0,-0.84,-8.4,-0.84,0.0018816,,,,,0.998259,1989332,1re moitié,BTC 15m
btc-updown-15m-1790398800,btc,15m,1790398800,fair_value,± 1 c,up,0.86,10,540,550,cancelled,True,276.79,211.79,0,0,False,False,,0,0.865,,,False,0,-0.86,-0,-0,0.0016856,,,,,0.998044,1989332,1re moitié,BTC 15m
btc-updown-15m-1790398800,btc,15m,1790398800,fair_value,± 1 c,up,0.89,10,550,560,crossing,False,,,0,0,False,False,,0,0.885,,,False,0,-0.89,-0,-0,0.0013706,,,,,0.867138,1989332,1re moitié,BTC 15m
btc-updown-15m-1790398800,btc,15m,1790398800,fair_value,± 1 c,down,0.12,10,560,570,cancelled,True,5,5,0,0,False,False,,0,0.695,,,False,1,0.88,0,0,0.0014784,,,,,0.884886,1989332,1re moitié,BTC 15m
btc-updown-15m-1790398800,btc,15m,1790398800,fair_value,± 1 c,up,0.69,10,560,580,filled,True,510.21,0,10,1,True,True,queue,60,0.695,575.158,14.858,False,0,-0.69,-6.9,-0.69,0.0029946,,,,,0.902104,1989332,1re moitié,BTC 15m
btc-updown-15m-1790398800,btc,15m,1790398800,fair_value,± 1 c,down,0.1,10,570,580,cancelled,True,0,0,0,0,False,False,,0,0.705,,,False,1,0.9,0,0,0.00126,,,,,0.902104,1989332,1re moitié,BTC 15m
btc-updown-15m-1790398800,btc,15m,1790398800,fair_value,± 1 c,down,0.08,10,580,590,cancelled,True,0,0,0,0,False,False,,0,0.675,,,False,1,0.92,0,0,0.0010304,,,,,0.918601,1989332,1re moitié,BTC 15m
btc-updown-15m-1790398800,btc,15m,1790398800,fair_value,± 1 c,down,0.07,10,590,600,cancelled,True,35,30,0,0,False,False,,0,0.715,,,False,1,0.93,0,0,0.0009114,,,,,0.93401,1989332,1re moitié,BTC 15m
btc-updown-15m-1790398800,btc,15m,1790398800,fair_value,± 1 c,up,0.71,10,580,610,crossing,False,,,0,0,False,False,,0,0.675,,,False,0,-0.71,-0,-0,0.0028826,,,,,0.948253,1989332,1re moitié,BTC 15m
btc-updown-15m-1790398800,btc,15m,1790398800,fair_value,± 1 c,down,0.05,10,600,610,cancelled,True,94.35,94.35,0,0,False,False,,0,0.685,,,False,1,0.95,0,0,0.000665,,,,,0.948253,1989332,1re moitié,BTC 15m
btc-updown-15m-1790398800,btc,15m,1790398800,fair_value,± 1 c,up,0.78,10,610,620,filled,True,208,0,10,1,True,True,traversal,0,0.785,611.937,1.637,False,0,-0.78,-7.8,-0.78,0.0024024,,,,,0.960842,1989332,1re moitié,BTC 15m
btc-updown-15m-1790398800,btc,15m,1790398800,fair_value,± 1 c,up,0.73,10,620,630,filled,True,143,0,10,1,True,True,queue,60,0.735,621.366,1.066,False,0,-0.73,-7.3,-0.73,0.0027594,,,,,0.867703,1989332,1re moitié,BTC 15m
btc-updown-15m-1790398800,btc,15m,1790398800,fair_value,± 1 c,up,0.61,10,630,640,filled,True,40,0,10,1,True,True,traversal,7,0.635,631.841,1.541,False,0,-0.61,-6.1,-0.61,0.0033306,,,,,0.886574,1989332,1re moitié,BTC 15m
btc-updown-15m-1790398800,btc,15m,1790398800,fair_value,± 1 c,down,0.12,10,630,640,cancelled,True,0,0,0,0,False,False,,0,0.635,,,False,1,0.88,0,0,0.0014784,,,,,0.886574,1989332,1re moitié,BTC 15m
btc-updown-15m-1790398800,btc,15m,1790398800,fair_value,± 1 c,up,0.66,10,640,650,filled,True,540,0,10,1,True,True,queue,747.2,0.665,643.755,3.455,False,0,-0.66,-6.6,-0.66,0.0031416,,,,,0.905099,1989332,1re moitié,BTC 15m
btc-updown-15m-1790398800,btc,15m,1790398800,fair_value,± 1 c,down,0.1,10,640,650,cancelled,True,0,0,0,0,False,False,,0,0.665,,,False,1,0.9,0,0,0.00126,,,,,0.905099,1989332,1re moitié,BTC 15m
btc-updown-15m-1790398800,btc,15m,1790398800,fair_value,± 1 c,up,0.65,10,650,660,crossing,False,,,0,0,False,False,,0,0.615,,,False,0,-0.65,-0,-0,0.003185,,,,,0.922592,1989332,1re moitié,BTC 15m
btc-updown-15m-1790398800,btc,15m,1790398800,fair_value,± 1 c,down,0.08,10,650,660,cancelled,True,24,24,0,0,False,False,,0,0.615,,,False,1,0.92,0,0,0.0010304,,,,,0.922592,1989332,1re moitié,BTC 15m
btc-updown-15m-1790398800,btc,15m,1790398800,fair_value,± 1 c,up,0.62,10,660,670,filled,True,515,0,10,1,True,True,traversal,0,0.645,663.889,3.589,False,0,-0.62,-6.2,-0.62,0.0032984,,,,,0.939006,1989332,1re moitié,BTC 15m
btc-updown-15m-1790398800,btc,15m,1790398800,fair_value,± 1 c,down,0.06,10,660,670,cancelled,True,181.6,181.6,0,0,False,False,,0,0.645,,,False,1,0.94,0,0,0.0007896,,,,,0.939006,1989332,1re moitié,BTC 15m
btc-updown-15m-1790398800,btc,15m,1790398800,fair_value,± 1 c,up,0.6,10,670,680,cancelled,True,536.68,494,0,0,False,False,,0,0.605,,,False,0,-0.6,-0,-0,0.00336,,,,,0.953928,1989332,1re moitié,BTC 15m
btc-updown-15m-1790398800,btc,15m,1790398800,fair_value,± 1 c,down,0.05,10,670,680,cancelled,True,94.35,94.35,0,0,False,False,,0,0.605,,,False,1,0.95,0,0,0.000665,,,,,0.953928,1989332,1re moitié,BTC 15m
btc-updown-15m-1790398800,btc,15m,1790398800,fair_value,± 1 c,up,0.61,10,680,690,filled,True,117.88,0,10,1,True,True,queue,45,0.615,685.243,4.943,False,0,-0.61,-6.1,-0.61,0.0033306,,,,,0.966827,1989332,1re moitié,BTC 15m
btc-updown-15m-1790398800,btc,15m,1790398800,fair_value,± 1 c,up,0.6,10,690,700,cancelled,True,562.97,45,0,0,False,False,,0,0.605,,,False,0,-0.6,-0,-0,0.00336,,,,,0.977471,1989332,1re moitié,BTC 15m
btc-updown-15m-1790398800,btc,15m,1790398800,fair_value,± 1 c,up,0.66,10,700,730,filled,True,566.33,0,10,1,True,True,traversal,175.324,0.665,722.534,22.234,False,0,-0.66,-6.6,-0.66,0.0031416,,,,,0.99592,1989332,1re moitié,BTC 15m
btc-updown-15m-1790398800,btc,15m,1790398800,fair_value,± 1 c,up,0.58,10,730,740,cancelled,True,154.91,0,0,0,False,False,,0,0.585,,,False,0,-0.58,-0,-0,0.0034104,,,,,0.998233,1989332,1re moitié,BTC 15m
btc-updown-15m-1790398800,btc,15m,1790398800,fair_value,± 1 c,up,0.61,10,740,750,filled,True,394.74,0,10,1,True,True,traversal,25,0.615,743.956,3.656,False,0,-0.61,-6.1,-0.61,0.0033306,,,,,0.608581,1989332,1re moitié,BTC 15m
btc-updown-15m-1790398800,btc,15m,1790398800,fair_value,± 1 c,up,0.27,10,750,760,filled,True,41.58,0,10,1,True,True,traversal,2.28,0.275,751.642,1.342,False,0,-0.27,-2.7,-0.27,0.0027594,,,,,0.503409,1989332,1re moitié,BTC 15m
btc-updown-15m-1790398800,btc,15m,1790398800,fair_value,± 1 c,down,0.38,10,750,760,cancelled,True,0,0,0,0,False,False,,0,0.275,,,False,1,0.62,0,0,0.0032984,,,,,0.503409,1989332,1re moitié,BTC 15m
btc-updown-15m-1790398800,btc,15m,1790398800,fair_value,± 1 c,up,0.26,10,760,770,crossing,False,,,0,0,False,False,,0,0.255,,,False,0,-0.26,-0,-0,0.0026936,,,,,0.467927,1989332,1re moitié,BTC 15m
btc-updown-15m-1790398800,btc,15m,1790398800,fair_value,± 1 c,down,0.48,10,760,770,cancelled,True,30,30,0,0,False,False,,0,0.255,,,False,1,0.52,0,0,0.0034944,,,,,0.467927,1989332,1re moitié,BTC 15m
btc-updown-15m-1790398800,btc,15m,1790398800,fair_value,± 1 c,up,0.24,10,770,780,filled,True,65,0,10,1,True,True,queue,100,0.255,771.369,1.069,False,0,-0.24,-2.4,-0.24,0.0025536,,,,,0.326198,1989332,1re moitié,BTC 15m
btc-updown-15m-1790398800,btc,15m,1790398800,fair_value,± 1 c,down,0.52,10,770,780,cancelled,True,30,0,0,0,False,False,,0,0.255,,,False,1,0.48,0,0,0.0034944,,,,,0.326198,1989332,1re moitié,BTC 15m
btc-updown-15m-1790398800,btc,15m,1790398800,fair_value,± 1 c,up,0.13,10,780,790,filled,True,35,0,10,1,True,True,traversal,0,0.135,782.579,2.279,False,0,-0.13,-1.3,-0.13,0.0015834,,,,,0.0163131,1989332,1re moitié,BTC 15m
btc-updown-15m-1790398800,btc,15m,1790398800,fair_value,± 1 c,down,0.66,10,780,790,cancelled,True,0,0,0,0,False,False,,0,0.135,,,False,1,0.34,0,0,0.0031416,,,,,0.0163131,1989332,1re moitié,BTC 15m
btc-updown-15m-1790398800,btc,15m,1790398800,fair_value,± 1 c,up,0.13,10,840,850,filled,True,50.77,0,10,1,True,True,queue,40,0.245,845.259,4.959,False,0,-0.13,-1.3,-0.13,0.0015834,,,,,0.209263,1989332,1re moitié,BTC 15m
btc-updown-15m-1790398800,btc,15m,1790398800,fair_value,± 1 c,down,0.79,10,840,850,crossing,False,,,0,0,False,False,,0,0.245,,,False,1,0.21,0,0,0.0023226,,,,,0.209263,1989332,1re moitié,BTC 15m
btc-updown-15m-1790398800,btc,15m,1790398800,fair_value,± 1 c,up,0.16,10,850,860,crossing,False,,,0,0,False,False,,0,0.155,,,False,0,-0.16,-0,-0,0.0018816,,,,,0.115528,1989332,1re moitié,BTC 15m
btc-updown-15m-1790398800,btc,15m,1790398800,fair_value,± 1 c,down,0.78,10,850,860,cancelled,True,0,0,0,0,False,False,,0,0.155,,,False,1,0.22,0,0,0.0024024,,,,,0.115528,1989332,1re moitié,BTC 15m
btc-updown-15m-1790398800,btc,15m,1790398800,fair_value,± 1 c,up,0.07,10,860,870,filled,True,78.92,0,10,1,True,True,traversal,2.94,0.075,863.219,2.919,False,0,-0.07,-0.7,-0.07,0.0009114,,,,,0.0254929,1989332,1re moitié,BTC 15m
btc-updown-15m-1790398800,btc,15m,1790398800,fair_value,± 1 c,down,0.87,10,860,870,cancelled,True,20,0,0,0,False,False,,0,0.075,,,False,1,0.13,0,0,0.0015834,,,,,0.0254929,1989332,1re moitié,BTC 15m
btc-updown-15m-1790399700,btc,15m,1790399700,signal,0.48/S+0,up,0.48,10,-30,0,cancelled,True,198.33,65,0,0,False,False,,0,0.505,,,False,0,-0.48,-0,-0,0.0034944,0.48,0,1.45056e-05,,,1989333,1re moitié,BTC 15m
btc-updown-15m-1790399700,btc,15m,1790399700,signal,0.48/S+30,up,0.48,10,-30,30,filled,True,198.33,0,10,1,True,True,traversal,0,0.505,2.589,32.289,False,0,-0.48,-4.8,-0.48,0.0034944,0.48,30,1.45056e-05,,,1989333,1re moitié,BTC 15m
btc-updown-15m-1790399700,btc,15m,1790399700,signal,0.48/S+60,up,0.48,10,-30,60,filled,True,198.33,0,10,1,True,True,traversal,0,0.505,2.589,32.289,False,0,-0.48,-4.8,-0.48,0.0034944,0.48,60,1.45056e-05,,,1989333,1re moitié,BTC 15m
btc-updown-15m-1790399700,btc,15m,1790399700,signal,0.49/S+0,up,0.49,10,-30,0,cancelled,True,85,35,0,0,False,False,,0,0.505,,,False,0,-0.49,-0,-0,0.0034986,0.49,0,1.45056e-05,,,1989333,1re moitié,BTC 15m
btc-updown-15m-1790399700,btc,15m,1790399700,signal,0.49/S+30,up,0.49,10,-30,30,filled,True,85,0,10,1,True,True,traversal,0,0.505,2.589,32.289,False,0,-0.49,-4.9,-0.49,0.0034986,0.49,30,1.45056e-05,,,1989333,1re moitié,BTC 15m
btc-updown-15m-1790399700,btc,15m,1790399700,signal,0.49/S+60,up,0.49,10,-30,60,filled,True,85,0,10,1,True,True,traversal,0,0.505,2.589,32.289,False,0,-0.49,-4.9,-0.49,0.0034986,0.49,60,1.45056e-05,,,1989333,1re moitié,BTC 15m
btc-updown-15m-1790399700,btc,15m,1790399700,signal,0.50/S+0,up,0.5,10,-30,0,cancelled,True,276.05,0,0,0,False,False,,57,0.505,,,False,0,-0.5,-0,-0,0.0035,0.5,0,1.45056e-05,,,1989333,1re moitié,BTC 15m
btc-updown-15m-1790399700,btc,15m,1790399700,signal,0.50/S+30,up,0.5,10,-30,30,filled,True,276.05,0,10,1,True,True,traversal,57,0.505,2.589,32.289,False,0,-0.5,-5,-0.5,0.0035,0.5,30,1.45056e-05,,,1989333,1re moitié,BTC 15m
btc-updown-15m-1790399700,btc,15m,1790399700,signal,0.50/S+60,up,0.5,10,-30,60,filled,True,276.05,0,10,1,True,True,traversal,57,0.505,2.589,32.289,False,0,-0.5,-5,-0.5,0.0035,0.5,60,1.45056e-05,,,1989333,1re moitié,BTC 15m
btc-updown-15m-1790399700,btc,15m,1790399700,two_sided,0.49/S+0,up,0.49,10,-60,0,cancelled,True,80,35,0,0,False,False,,0,0.505,,,False,0,-0.49,-0,-0,0.0034986,0.49,0,,0,,1989333,1re moitié,BTC 15m
btc-updown-15m-1790399700,btc,15m,1790399700,two_sided,0.49/S+0,down,0.49,10,-60,0,cancelled,True,172.55,0,0,0,False,False,,42.8686,0.505,,,False,1,0.51,0,0,0.0034986,0.49,0,,0,,1989333,1re moitié,BTC 15m
btc-updown-15m-1790399700,btc,15m,1790399700,two_sided,0.49/S+30,up,0.49,10,-60,30,filled,True,80,0,10,1,True,True,traversal,0,0.505,2.589,62.289,False,0,-0.49,-4.9,-0.49,0.0034986,0.49,30,,30,,1989333,1re moitié,BTC 15m
btc-updown-15m-1790399700,btc,15m,1790399700,two_sided,0.49/S+30,down,0.49,10,-60,30,cancelled,True,172.55,0,0,0,False,False,,42.8686,0.505,,,False,1,0.51,0,0,0.0034986,0.49,30,,30,,1989333,1re moitié,BTC 15m
btc-updown-15m-1790399700,btc,15m,1790399700,two_sided,0.49/S+60,up,0.49,10,-60,60,filled,True,80,0,10,1,True,True,traversal,0,0.505,2.589,62.289,False,0,-0.49,-4.9,-0.49,0.0034986,0.49,60,,60,,1989333,1re moitié,BTC 15m
btc-updown-15m-1790399700,btc,15m,1790399700,two_sided,0.49/S+60,down,0.49,10,-60,60,cancelled,True,172.55,0,0,0,False,False,,42.8686,0.505,,,False,1,0.51,0,0,0.0034986,0.49,60,,60,,1989333,1re moitié,BTC 15m
btc-updown-15m-1790399700,btc,15m,1790399700,fair_value,± 1 c,up,0.44,10,10,20,cancelled,True,5,5,0,0,False,False,,0,0.445,,,False,0,-0.44,-0,-0,0.0034496,,,,,0.430008,1989333,1re moitié,BTC 15m
btc-updown-15m-1790399700,btc,15m,1790399700,fair_value,± 1 c,down,0.52,10,10,20,cancelled,True,243,243,0,0,False,False,,0,0.445,,,False,1,0.48,0,0,0.0034944,,,,,0.430008,1989333,1re moitié,BTC 15m
btc-updown-15m-1790399700,btc,15m,1790399700,fair_value,± 1 c,up,0.42,10,20,30,cancelled,True,40,0,0,0,False,False,,0,0.445,,,False,0,-0.42,-0,-0,0.0034104,,,,,0.414785,1989333,1re moitié,BTC 15m
btc-updown-15m-1790399700,btc,15m,1790399700,fair_value,± 1 c,down,0.55,10,20,30,cancelled,True,216.69,96.69,0,0,False,False,,0,0.445,,,False,1,0.45,0,0,0.003465,,,,,0.414785,1989333,1re moitié,BTC 15m
btc-updown-15m-1790399700,btc,15m,1790399700,fair_value,± 1 c,up,0.4,10,30,40,filled,True,61.94,0,10,1,True,True,traversal,5.25,0.435,36.694,6.394,False,0,-0.4,-4,-0.4,0.00336,,,,,0.362128,1989333,1re moitié,BTC 15m
btc-updown-15m-1790399700,btc,15m,1790399700,fair_value,± 1 c,down,0.56,10,30,40,cancelled,True,199.09,40,0,0,False,False,,0,0.435,,,False,1,0.44,0,0,0.0034496,,,,,0.362128,1989333,1re moitié,BTC 15m
btc-updown-15m-1790399700,btc,15m,1790399700,fair_value,± 1 c,up,0.35,10,40,50,cancelled,True,82.9,45,0,0,False,False,,0,0.385,,,False,0,-0.35,-0,-0,0.003185,,,,,0.352183,1989333,1re moitié,BTC 15m
btc-updown-15m-1790399700,btc,15m,1790399700,fair_value,± 1 c,down,0.61,10,40,50,filled,True,42.1,0,10,1,True,True,traversal,0,0.385,47.887,7.587,False,1,0.39,3.9,0.39,0.0033306,,,,,0.352183,1989333,1re moitié,BTC 15m
btc-updown-15m-1790399700,btc,15m,1790399700,fair_value,± 1 c,up,0.34,10,50,60,cancelled,True,457.59,218,0,0,False,False,,0,0.395,,,False,0,-0.34,-0,-0,0.0031416,,,,,0.341754,1989333,1re moitié,BTC 15m
btc-updown-15m-1790399700,btc,15m,1790399700,fair_value,± 1 c,down,0.6,10,50,60,filled,True,147.2,0,10,1,True,True,traversal,0,0.395,58.006,7.706,False,1,0.4,4,0.4,0.00336,,,,,0.341754,1989333,1re moitié,BTC 15m
btc-updown-15m-1790399700,btc,15m,1790399700,fair_value,± 1 c,up,0.33,10,60,70,cancelled,True,473,110,0,0,False,False,,0,0.405,,,False,0,-0.33,-0,-0,0.0030954,,,,,0.303187,1989333,1re moitié,BTC 15m
btc-updown-15m-1790399700,btc,15m,1790399700,fair_value,± 1 c,down,0.59,10,60,70,cancelled,True,62.1,35,0,0,False,False,,0,0.405,,,False,1,0.41,0,0,0.0033866,,,,,0.303187,1989333,1re moitié,BTC 15m
btc-updown-15m-1790399700,btc,15m,1790399700,fair_value,± 1 c,up,0.29,10,70,80,cancelled,True,475,235,0,0,False,False,,0,0.365,,,False,0,-0.29,-0,-0,0.0028826,,,,,0.290136,1989333,1re moitié,BTC 15m
btc-updown-15m-1790399700,btc,15m,1790399700,fair_value,± 1 c,up,0.28,10,80,90,cancelled,True,275,35,0,0,False,False,,0,0.365,,,False,0,-0.28,-0,-0,0.0028224,,,,,0.251563,1989333,1re moitié,BTC 15m
btc-updown-15m-1790399700,btc,15m,1790399700,fair_value,± 1 c,down,0.63,10,70,90,cancelled,True,241.77,80,0,0,False,False,,0,0.365,,,False,1,0.37,0,0,0.0032634,,,,,0.251563,1989333,1re moitié,BTC 15m
btc-updown-15m-1790399700,btc,15m,1790399700,fair_value,± 1 c,up,0.24,10,90,100,cancelled,True,25,25,0,0,False,False,,0,0.345,,,False,0,-0.24,-0,-0,0.0025536,,,,,0.236561,1989333,1re moitié,BTC 15m
btc-updown-15m-1790399700,btc,15m,1790399700,fair_value,± 1 c,up,0.22,10,100,110,cancelled,True,25,25,0,0,False,False,,0,0.345,,,False,0,-0.22,-0,-0,0.0024024,,,,,0.203726,1989333,1re moitié,BTC 15m
btc-updown-15m-1790399700,btc,15m,1790399700,fair_value,± 1 c,up,0.19,10,110,120,cancelled,True,25,25,0,0,False,False,,0,0.345,,,False,0,-0.19,-0,-0,0.0021546,,,,,0.187594,1989333,1re moitié,BTC 15m
btc-updown-15m-1790399700,btc,15m,1790399700,fair_value,± 1 c,down,0.65,10,90,120,cancelled,True,318.87,135,0,0,False,False,,22.8571,0.345,,,False,1,0.35,0,0,0.003185,,,,,0.187594,1989333,1re moitié,BTC 15m
btc-updown-15m-1790399700,btc,15m,1790399700,fair_value,± 1 c,up,0.17,10,120,130,cancelled,True,53,53,0,0,False,False,,0,0.325,,,False,0,-0.17,-0,-0,0.0019754,,,,,0.15594,1989333,1re moitié,BTC 15m
btc-updown-15m-1790399700,btc,15m,1790399700,fair_value,± 1 c,down,0.67,10,120,130,cancelled,True,188.54,166.44,0,0,False,False,,0,0.325,,,False,1,0.33,0,0,0.0030954,,,,,0.15594,1989333,1re moitié,BTC 15m
btc-updown-15m-1790399700,btc,15m,1790399700,fair_value,± 1 c,up,0.14,10,130,140,cancelled,True,17,17,0,0,False,False,,0,0.305,,,False,0,-0.14,-0,-0,0.0016856,,,,,0.121929,1989333,1re moitié,BTC 15m
btc-updown-15m-1790399700,btc,15m,1790399700,fair_value,± 1 c,down,0.69,10,130,140,cancelled,True,291.81,207,0,0,False,False,,0,0.305,,,False,1,0.31,0,0,0.0029946,,,,,0.121929,1989333,1re moitié,BTC 15m
btc-updown-15m-1790399700,btc,15m,1790399700,fair_value,± 1 c,up,0.11,10,140,150,cancelled,True,118.86,118.86,0,0,False,False,,0,0.255,,,False,0,-0.11,-0,-0,0.0013706,,,,,0.0977013,1989333,1re moitié,BTC 15m
btc-updown-15m-1790399700,btc,15m,1790399700,fair_value,± 1 c,down,0.72,10,140,150,cancelled,True,516.66,75,0,0,False,False,,0,0.255,,,False,1,0.28,0,0,0.0028224,,,,,0.0977013,1989333,1re moitié,BTC 15m
btc-updown-15m-1790399700,btc,15m,1790399700,fair_value,± 1 c,up,0.08,10,150,160,cancelled,True,100,100,0,0,False,False,,0,0.255,,,False,0,-0.08,-0,-0,0.0010304,,,,,0.0830818,1989333,1re moitié,BTC 15m
btc-updown-15m-1790399700,btc,15m,1790399700,fair_value,± 1 c,up,0.07,10,160,170,cancelled,True,189,185,0,0,False,False,,0,0.255,,,False,0,-0.07,-0,-0,0.0009114,,,,,0.0640121,1989333,1re moitié,BTC 15m
btc-updown-15m-1790399700,btc,15m,1790399700,fair_value,± 1 c,down,0.74,10,150,170,cancelled,True,212.74,71.77,0,0,False,False,,0,0.255,,,False,1,0.26,0,0,0.0026936,,,,,0.0640121,1989333,1re moitié,BTC 15m
btc-updown-15m-1790399700,btc,15m,1790399700,fair_value,± 1 c,up,0.05,10,170,180,cancelled,True,215,185,0,0,False,False,,0,0.235,,,False,0,-0.05,-0,-0,0.000665,,,,,0.051854,1989333,1re moitié,BTC 15m
btc-updown-15m-1790399700,btc,15m,1790399700,fair_value,± 1 c,down,0.76,10,170,190,filled,True,223.31,0,10,1,True,True,traversal,0,0.235,186.172,15.872,False,1,0.24,2.4,0.24,0.0025536,,,,,0.040978,1989333,1re moitié,BTC 15m
btc-updown-15m-1790399700,btc,15m,1790399700,fair_value,± 1 c,down,0.75,10,190,210,filled,True,338.17,0,10,1,True,True,traversal,120,0.245,206.564,16.264,False,1,0.25,2.5,0.25,0.002625,,,,,0.0234326,1989333,1re moitié,BTC 15m
btc-updown-15m-1790399700,btc,15m,1790399700,fair_value,± 1 c,down,0.74,10,210,230,cancelled,True,147.54,55.1938,0,0,False,False,,81.5762,0.255,,,False,1,0.26,0,0,0.0026936,,,,,0.0115805,1989333,1re moitié,BTC 15m
btc-updown-15m-1790399700,btc,15m,1790399700,fair_value,± 1 c,down,0.75,10,230,240,cancelled,True,170.68,55,0,0,False,False,,0,0.245,,,False,1,0.25,0,0,0.002625,,,,,0.030782,1989333,1re moitié,BTC 15m
btc-updown-15m-1790399700,btc,15m,1790399700,fair_value,± 1 c,down,0.82,10,240,260,filled,True,151.96,0,10,1,True,True,queue,52.6667,0.175,247.703,7.403,False,1,0.18,1.8,0.18,0.0020664,,,,,0.0163326,1989333,1re moitié,BTC 15m
btc-updown-15m-1790399700,btc,15m,1790399700,fair_value,± 1 c,down,0.83,10,260,270,filled,True,239.84,0,10,1,True,True,traversal,0,0.165,263.78,3.48,False,1,0.17,1.7,0.17,0.0019754,,,,,0.213535,1989333,1re moitié,BTC 15m
btc-updown-15m-1790399700,btc,15m,1790399700,fair_value,± 1 c,up,0.2,10,270,280,cancelled,True,45,45,0,0,False,False,,0,0.305,,,False,0,-0.2,-0,-0,0.00224,,,,,0.197904,1989333,1re moitié,BTC 15m
btc-updown-15m-1790399700,btc,15m,1790399700,fair_value,± 1 c,down,0.69,10,270,280,cancelled,True,94.63,0,0,0,False,False,,0,0.305,,,False,1,0.31,0,0,0.0029946,,,,,0.197904,1989333,1re moitié,BTC 15m
btc-updown-15m-1790399700,btc,15m,1790399700,fair_value,± 1 c,up,0.18,10,280,290,cancelled,True,20,20,0,0,False,False,,0,0.285,,,False,0,-0.18,-0,-0,0.0020664,,,,,0.18196,1989333,1re moitié,BTC 15m
btc-updown-15m-1790399700,btc,15m,1790399700,fair_value,± 1 c,up,0.17,10,290,300,cancelled,True,40.89,40.89,0,0,False,False,,0,0.285,,,False,0,-0.17,-0,-0,0.0019754,,,,,0.165804,1989333,1re moitié,BTC 15m
btc-updown-15m-1790399700,btc,15m,1790399700,fair_value,± 1 c,up,0.15,10,300,310,cancelled,True,35,35,0,0,False,False,,0,0.285,,,False,0,-0.15,-0,-0,0.001785,,,,,0.14956,1989333,1re moitié,BTC 15m
btc-updown-15m-1790399700,btc,15m,1790399700,fair_value,± 1 c,down,0.71,10,280,310,cancelled,True,40.2,0,0,0,False,False,,6.89655,0.285,,,False,1,0.29,0,0,0.0028826,,,,,0.14956,1989333,1re moitié,BTC 15m
btc-updown-15m-1790399700,btc,15m,1790399700,fair_value,± 1 c,up,0.13,10,310,320,cancelled,True,35,35,0,0,False,False,,0,0.265,,,False,0,-0.13,-0,-0,0.0015834,,,,,0.133374,1989333,1re moitié,BTC 15m
btc-updown-15m-1790399700,btc,15m,1790399700,fair_value,± 1 c,down,0.73,10,310,320,filled,True,98.27,0,10,1,True,True,queue,138.638,0.265,311.625,1.325,False,1,0.27,2.7,0.27,0.0027594,,,,,0.133374,1989333,1re moitié,BTC 15m
btc-updown-15m-1790399700,btc,15m,1790399700,fair_value,± 1 c,up,0.12,10,320,330,cancelled,True,15,5,0,0,False,False,,0,0.285,,,False,0,-0.12,-0,-0,0.0014784,,,,,0.117464,1989333,1re moitié,BTC 15m
btc-updown-15m-1790399700,btc,15m,1790399700,fair_value,± 1 c,up,0.1,10,330,340,cancelled,True,35,15,0,0,False,False,,0,0.285,,,False,0,-0.1,-0,-0,0.00126,,,,,0.170065,1989333,1re moitié,BTC 15m
btc-updown-15m-1790399700,btc,15m,1790399700,fair_value,± 1 c,down,0.71,10,320,340,filled,True,130.34,0,10,1,True,True,traversal,17.2414,0.285,336.06,15.76,False,1,0.29,2.9,0.29,0.0028826,,,,,0.170065,1989333,1re moitié,BTC 15m
btc-updown-15m-1790399700,btc,15m,1790399700,fair_value,± 1 c,down,0.69,10,340,350,filled,True,35,0,10,1,True,True,traversal,0,0.305,345.927,5.627,False,1,0.31,3.1,0.31,0.0029946,,,,,0.179014,1989333,1re moitié,BTC 15m
btc-updown-15m-1790399700,btc,15m,1790399700,fair_value,± 1 c,up,0.16,10,340,360,cancelled,True,35,5,0,0,False,False,,0,0.305,,,False,0,-0.16,-0,-0,0.0018816,,,,,0.289769,1989333,1re moitié,BTC 15m
btc-updown-15m-1790399700,btc,15m,1790399700,fair_value,± 1 c,down,0.64,10,350,360,cancelled,True,271.99,0,0,0,False,False,,0,0.355,,,False,1,0.36,0,0,0.0032256,,,,,0.289769,1989333,1re moitié,BTC 15m
btc-updown-15m-1790399700,btc,15m,1790399700,fair_value,± 1 c,up,0.27,10,360,370,cancelled,True,60,55,0,0,False,False,,0,0.385,,,False,0,-0.27,-0,-0,0.0027594,,,,,0.276474,1989333,1re moitié,BTC 15m
btc-updown-15m-1790399700,btc,15m,1790399700,fair_value,± 1 c,up,0.26,10,370,380,cancelled,True,15,15,0,0,False,False,,0,0.385,,,False,0,-0.26,-0,-0,0.0026936,,,,,0.262726,1989333,1re moitié,BTC 15m
btc-updown-15m-1790399700,btc,15m,1790399700,fair_value,± 1 c,down,0.61,10,360,380,cancelled,True,134.1,25,0,0,False,False,,9.28821,0.385,,,False,1,0.39,0,0,0.0033306,,,,,0.262726,1989333,1re moitié,BTC 15m
btc-updown-15m-1790399700,btc,15m,1790399700,fair_value,± 1 c,up,0.25,10,380,390,cancelled,True,45,35,0,0,False,False,,0,0.365,,,False,0,-0.25,-0,-0,0.002625,,,,,0.301446,1989333,1re moitié,BTC 15m
btc-updown-15m-1790399700,btc,15m,1790399700,fair_value,± 1 c,down,0.63,10,380,390,filled,True,20,0,10,1,True,True,traversal,0,0.365,380.818,0.518,False,1,0.37,3.7,0.37,0.0032634,,,,,0.301446,1989333,1re moitié,BTC 15m
btc-updown-15m-1790399700,btc,15m,1790399700,fair_value,± 1 c,up,0.29,10,390,400,cancelled,True,75,60,0,0,False,False,,0,0.435,,,False,0,-0.29,-0,-0,0.0028826,,,,,0.388674,1989333,1re moitié,BTC 15m
btc-updown-15m-1790399700,btc,15m,1790399700,fair_value,± 1 c,down,0.56,10,390,400,filled,True,35,0,10,1,True,True,traversal,5,0.435,392.805,2.505,False,1,0.44,4.4,0.44,0.0034496,,,,,0.388674,1989333,1re moitié,BTC 15m
btc-updown-15m-1790399700,btc,15m,1790399700,fair_value,± 1 c,down,0.5,10,400,410,cancelled,True,132.4,62.19,0,0,False,False,,0,0.495,,,False,1,0.5,0,0,0.0035,,,,,0.380968,1989333,1re moitié,BTC 15m
btc-updown-15m-1790399700,btc,15m,1790399700,fair_value,± 1 c,up,0.37,10,400,420,cancelled,True,95,55,0,0,False,False,,0,0.495,,,False,0,-0.37,-0,-0,0.0032634,,,,,0.372614,1989333,1re moitié,BTC 15m
btc-updown-15m-1790399700,btc,15m,1790399700,fair_value,± 1 c,up,0.36,10,420,430,cancelled,True,25,25,0,0,False,False,,0,0.465,,,False,0,-0.36,-0,-0,0.0032256,,,,,0.363948,1989333,1re moitié,BTC 15m
btc-updown-15m-1790399700,btc,15m,1790399700,fair_value,± 1 c,up,0.35,10,430,440,cancelled,True,65,65,0,0,False,False,,0,0.465,,,False,0,-0.35,-0,-0,0.003185,,,,,0.354571,1989333,1re moitié,BTC 15m
btc-updown-15m-1790399700,btc,15m,1790399700,fair_value,± 1 c,down,0.53,10,410,440,filled,True,17.87,0,10,1,True,True,queue,19,0.465,425.224,14.924,False,1,0.47,4.7,0.47,0.0034874,,,,,0.354571,1989333,1re moitié,BTC 15m
btc-updown-15m-1790399700,btc,15m,1790399700,fair_value,± 1 c,up,0.34,10,440,450,cancelled,True,55,25,0,0,False,False,,0,0.475,,,False,0,-0.34,-0,-0,0.0031416,,,,,0.344428,1989333,1re moitié,BTC 15m
btc-updown-15m-1790399700,btc,15m,1790399700,fair_value,± 1 c,down,0.52,10,440,450,partial,True,40,0,1.42,0.142,True,False,queue,21.42,0.475,442.327,2.027,False,1,0.48,0.6816,0.06816,0.0034944,,,,,0.344428,1989333,1re moitié,BTC 15m
btc-updown-15m-1790399700,btc,15m,1790399700,fair_value,± 1 c,up,0.33,10,450,460,cancelled,True,55,55,0,0,False,False,,0,0.465,,,False,0,-0.33,-0,-0,0.0030954,,,,,0.333774,1989333,1re moitié,BTC 15m
btc-updown-15m-1790399700,btc,15m,1790399700,fair_value,± 1 c,up,0.32,10,460,470,cancelled,True,35,35,0,0,False,False,,0,0.465,,,False,0,-0.32,-0,-0,0.0030464,,,,,0.322443,1989333,1re moitié,BTC 15m
btc-updown-15m-1790399700,btc,15m,1790399700,fair_value,± 1 c,down,0.53,10,450,470,cancelled,True,50,40,0,0,False,False,,0,0.465,,,False,1,0.47,0,0,0.0034874,,,,,0.322443,1989333,1re moitié,BTC 15m
btc-updown-15m-1790399700,btc,15m,1790399700,fair_value,± 1 c,up,0.31,10,470,480,cancelled,True,75,65,0,0,False,False,,0,0.455,,,False,0,-0.31,-0,-0,0.0029946,,,,,0.310408,1989333,1re moitié,BTC 15m
btc-updown-15m-1790399700,btc,15m,1790399700,fair_value,± 1 c,down,0.54,10,470,480,cancelled,True,82.33,82.33,0,0,False,False,,0,0.455,,,False,1,0.46,0,0,0.0034776,,,,,0.310408,1989333,1re moitié,BTC 15m
btc-updown-15m-1790399700,btc,15m,1790399700,fair_value,± 1 c,up,0.3,10,480,490,cancelled,True,35,35,0,0,False,False,,0,0.445,,,False,0,-0.3,-0,-0,0.00294,,,,,0.297651,1989333,1re moitié,BTC 15m
btc-updown-15m-1790399700,btc,15m,1790399700,fair_value,± 1 c,down,0.55,10,480,490,filled,True,20,0,10,1,True,True,queue,20,0.445,482.994,2.694,False,1,0.45,4.5,0.45,0.003465,,,,,0.297651,1989333,1re moitié,BTC 15m
btc-updown-15m-1790399700,btc,15m,1790399700,fair_value,± 1 c,up,0.28,10,490,500,cancelled,True,35,35,0,0,False,False,,0,0.465,,,False,0,-0.28,-0,-0,0.0028224,,,,,0.284349,1989333,1re moitié,BTC 15m
btc-updown-15m-1790399700,btc,15m,1790399700,fair_value,± 1 c,down,0.53,10,490,500,cancelled,True,140,140,0,0,False,False,,0,0.465,,,False,1,0.47,0,0,0.0034874,,,,,0.284349,1989333,1re moitié,BTC 15m
btc-updown-15m-1790399700,btc,15m,1790399700,fair_value,± 1 c,up,0.27,10,500,510,cancelled,True,65,65,0,0,False,False,,0,0.445,,,False,0,-0.27,-0,-0,0.0027594,,,,,0.270121,1989333,1re moitié,BTC 15m
btc-updown-15m-1790399700,btc,15m,1790399700,fair_value,± 1 c,up,0.26,10,510,520,cancelled,True,35,0,0,0,False,False,,0,0.445,,,False,0,-0.26,-0,-0,0.0026936,,,,,0.49815,1989333,1re moitié,BTC 15m
btc-updown-15m-1790399700,btc,15m,1790399700,fair_value,± 1 c,down,0.55,10,500,520,filled,True,40,0,10,1,True,True,traversal,0,0.445,518.326,18.026,False,1,0.45,4.5,0.45,0.003465,,,,,0.49815,1989333,1re moitié,BTC 15m
btc-updown-15m-1790399700,btc,15m,1790399700,fair_value,± 1 c,down,0.42,10,520,530,cancelled,True,147.72,25,0,0,False,False,,28.6386,0.575,,,False,1,0.58,0,0,0.0034104,,,,,0.498184,1989333,1re moitié,BTC 15m
btc-updown-15m-1790399700,btc,15m,1790399700,fair_value,± 1 c,up,0.48,10,520,540,cancelled,True,80,5,0,0,False,False,,0,0.575,,,False,0,-0.48,-0,-0,0.0034944,,,,,0.652506,1989333,1re moitié,BTC 15m
btc-updown-15m-1790399700,btc,15m,1790399700,fair_value,± 1 c,down,0.43,10,530,540,filled,True,13.24,0,10,1,True,True,traversal,1.75439,0.565,535.017,4.717,False,1,0.57,5.7,0.57,0.0034314,,,,,0.652506,1989333,1re moitié,BTC 15m
btc-updown-15m-1790399700,btc,15m,1790399700,fair_value,± 1 c,up,0.64,10,540,550,cancelled,True,1886,10,0,0,False,False,,0,0.675,,,False,0,-0.64,-0,-0,0.0032256,,,,,0.751059,1989333,1re moitié,BTC 15m
btc-updown-15m-1790399700,btc,15m,1790399700,fair_value,± 1 c,down,0.32,10,540,550,filled,True,73.41,0,10,1,True,True,traversal,32.2006,0.675,541.391,1.091,False,1,0.68,6.8,0.68,0.0030464,,,,,0.751059,1989333,1re moitié,BTC 15m
btc-updown-15m-1790399700,btc,15m,1790399700,fair_value,± 1 c,up,0.74,10,550,560,cancelled,True,75,65,0,0,False,False,,0,0.835,,,False,0,-0.74,-0,-0,0.0026936,,,,,0.76731,1989333,1re moitié,BTC 15m
btc-updown-15m-1790399700,btc,15m,1790399700,fair_value,± 1 c,down,0.16,10,550,560,cancelled,True,1.55,1.55,0,0,False,False,,0,0.835,,,False,1,0.84,0,0,0.0018816,,,,,0.76731,1989333,1re moitié,BTC 15m
btc-updown-15m-1790399700,btc,15m,1790399700,fair_value,± 1 c,up,0.75,10,560,570,cancelled,True,95,95,0,0,False,False,,0,0.825,,,False,0,-0.75,-0,-0,0.002625,,,,,0.78426,1989333,1re moitié,BTC 15m
btc-updown-15m-1790399700,btc,15m,1790399700,fair_value,± 1 c,up,0.77,10,570,580,cancelled,True,283,268,0,0,False,False,,0,0.825,,,False,0,-0.77,-0,-0,0.0024794,,,,,0.801742,1989333,1re moitié,BTC 15m
btc-updown-15m-1790399700,btc,15m,1790399700,fair_value,± 1 c,down,0.17,10,560,580,filled,True,35.61,0,10,1,True,True,queue,51.0133,0.825,560.492,0.192,False,1,0.83,8.3,0.83,0.0019754,,,,,0.801742,1989333,1re moitié,BTC 15m
btc-updown-15m-1790399700,btc,15m,1790399700,fair_value,± 1 c,up,0.79,10,580,590,cancelled,True,273,263,0,0,False,False,,0,0.835,,,False,0,-0.79,-0,-0,0.0023226,,,,,0.819844,1989333,1re moitié,BTC 15m
btc-updown-15m-1790399700,btc,15m,1790399700,fair_value,± 1 c,up,0.8,10,590,600,cancelled,True,65,65,0,0,False,False,,0,0.835,,,False,0,-0.8,-0,-0,0.00224,,,,,0.838336,1989333,1re moitié,BTC 15m
btc-updown-15m-1790399700,btc,15m,1790399700,fair_value,± 1 c,down,0.16,10,580,600,filled,True,30,0,10,1,True,True,traversal,7.55952,0.835,596.237,15.937,False,1,0.84,8.4,0.84,0.0018816,,,,,0.838336,1989333,1re moitié,BTC 15m
btc-updown-15m-1790399700,btc,15m,1790399700,fair_value,± 1 c,up,0.82,10,600,610,cancelled,True,154,90,0,0,False,False,,0,0.845,,,False,0,-0.82,-0,-0,0.0020664,,,,,0.857037,1989333,1re moitié,BTC 15m
btc-updown-15m-1790399700,btc,15m,1790399700,fair_value,± 1 c,down,0.15,10,600,610,filled,True,12.11,0,10,1,True,True,queue,24.5959,0.845,606.703,6.403,False,1,0.85,8.5,0.85,0.001785,,,,,0.857037,1989333,1re moitié,BTC 15m
btc-updown-15m-1790399700,btc,15m,1790399700,fair_value,± 1 c,up,0.84,10,610,620,cancelled,True,134.63,134.63,0,0,False,False,,0,0.855,,,False,0,-0.84,-0,-0,0.0018816,,,,,0.875821,1989333,1re moitié,BTC 15m
btc-updown-15m-1790399700,btc,15m,1790399700,fair_value,± 1 c,down,0.13,10,610,620,cancelled,True,2649.87,508.6,0,0,False,False,,0,0.855,,,False,1,0.87,0,0,0.0015834,,,,,0.875821,1989333,1re moitié,BTC 15m
btc-updown-15m-1790399700,btc,15m,1790399700,fair_value,± 1 c,up,0.85,10,620,630,filled,True,55,0,10,1,True,True,queue,82.75,0.855,624.045,3.745,False,0,-0.85,-8.5,-0.85,0.001785,,,,,0.89413,1989333,1re moitié,BTC 15m
btc-updown-15m-1790399700,btc,15m,1790399700,fair_value,± 1 c,down,0.11,10,620,630,cancelled,True,290,35,0,0,False,False,,0,0.855,,,False,1,0.89,0,0,0.0013706,,,,,0.89413,1989333,1re moitié,BTC 15m
btc-updown-15m-1790399700,btc,15m,1790399700,fair_value,± 1 c,up,0.76,10,630,640,filled,True,55,0,10,1,True,True,traversal,5,0.765,633.785,3.485,False,0,-0.76,-7.6,-0.76,0.0025536,,,,,0.753087,1989333,1re moitié,BTC 15m
btc-updown-15m-1790399700,btc,15m,1790399700,fair_value,± 1 c,down,0.09,10,630,640,cancelled,True,65,30,0,0,False,False,,0,0.765,,,False,1,0.91,0,0,0.0011466,,,,,0.753087,1989333,1re moitié,BTC 15m
btc-updown-15m-1790399700,btc,15m,1790399700,fair_value,± 1 c,up,0.63,10,640,650,cancelled,True,110,20,0,0,False,False,,0,0.635,,,False,0,-0.63,-0,-0,0.0032634,,,,,0.770807,1989333,1re moitié,BTC 15m
btc-updown-15m-1790399700,btc,15m,1790399700,fair_value,± 1 c,down,0.23,10,640,650,cancelled,True,35,35,0,0,False,False,,0,0.635,,,False,1,0.77,0,0,0.0024794,,,,,0.770807,1989333,1re moitié,BTC 15m
btc-updown-15m-1790399700,btc,15m,1790399700,fair_value,± 1 c,down,0.21,10,650,660,cancelled,True,70,65,0,0,False,False,,0,0.705,,,False,1,0.79,0,0,0.0023226,,,,,0.789592,1989333,1re moitié,BTC 15m
btc-updown-15m-1790399700,btc,15m,1790399700,fair_value,± 1 c,up,0.7,10,650,670,cancelled,True,35,16.6667,0,0,False,False,,3.33333,0.705,,,False,0,-0.7,-0,-0,0.00294,,,,,0.809375,1989333,1re moitié,BTC 15m
btc-updown-15m-1790399700,btc,15m,1790399700,fair_value,± 1 c,down,0.2,10,660,670,cancelled,True,35,35,0,0,False,False,,0,0.705,,,False,1,0.8,0,0,0.00224,,,,,0.809375,1989333,1re moitié,BTC 15m
btc-updown-15m-1790399700,btc,15m,1790399700,fair_value,± 1 c,up,0.72,10,670,680,cancelled,True,120,19.99,0,0,False,False,,0,0.725,,,False,0,-0.72,-0,-0,0.0028224,,,,,0.829572,1989333,1re moitié,BTC 15m
btc-updown-15m-1790399700,btc,15m,1790399700,fair_value,± 1 c,down,0.18,10,670,680,cancelled,True,35,35,0,0,False,False,,0,0.725,,,False,1,0.82,0,0,0.0020664,,,,,0.829572,1989333,1re moitié,BTC 15m
btc-updown-15m-1790399700,btc,15m,1790399700,fair_value,± 1 c,up,0.73,10,680,690,cancelled,True,139.24,35,0,0,False,False,,0,0.735,,,False,0,-0.73,-0,-0,0.0027594,,,,,0.850451,1989333,1re moitié,BTC 15m
btc-updown-15m-1790399700,btc,15m,1790399700,fair_value,± 1 c,down,0.16,10,680,690,cancelled,True,45,45,0,0,False,False,,0,0.735,,,False,1,0.84,0,0,0.0018816,,,,,0.850451,1989333,1re moitié,BTC 15m
btc-updown-15m-1790399700,btc,15m,1790399700,fair_value,± 1 c,down,0.13,10,690,700,cancelled,True,93,74,0,0,False,False,,0,0.785,,,False,1,0.87,0,0,0.0015834,,,,,0.871597,1989333,1re moitié,BTC 15m
btc-updown-15m-1790399700,btc,15m,1790399700,fair_value,± 1 c,up,0.78,10,690,710,cancelled,True,94.99,18.62,0,0,False,False,,11.3636,0.785,,,False,0,-0.78,-0,-0,0.0024024,,,,,0.892956,1989333,1re moitié,BTC 15m
btc-updown-15m-1790399700,btc,15m,1790399700,fair_value,± 1 c,down,0.11,10,700,710,cancelled,True,55,0,0,0,False,False,,0,0.785,,,False,1,0.89,0,0,0.0013706,,,,,0.892956,1989333,1re moitié,BTC 15m
btc-updown-15m-1790399700,btc,15m,1790399700,fair_value,± 1 c,up,0.82,10,710,720,cancelled,True,1496,45,0,0,False,False,,0,0.875,,,False,0,-0.82,-0,-0,0.0020664,,,,,0.935206,1989333,1re moitié,BTC 15m
btc-updown-15m-1790399700,btc,15m,1790399700,fair_value,± 1 c,down,0.09,10,710,720,cancelled,True,75,0,0,0,False,False,,0,0.875,,,False,1,0.91,0,0,0.0011466,,,,,0.935206,1989333,1re moitié,BTC 15m
btc-updown-15m-1790399700,btc,15m,1790399700,fair_value,± 1 c,up,0.89,10,720,730,filled,True,80.22,0,10,1,True,True,queue,60.63,0.895,722.783,2.483,False,0,-0.89,-8.9,-0.89,0.0013706,,,,,0.410266,1989333,1re moitié,BTC 15m
btc-updown-15m-1790399700,btc,15m,1790399700,fair_value,± 1 c,down,0.05,10,720,730,cancelled,True,4729,60,0,0,False,False,,0,0.895,,,False,1,0.95,0,0,0.000665,,,,,0.410266,1989333,1re moitié,BTC 15m
btc-updown-15m-1790399700,btc,15m,1790399700,fair_value,± 1 c,up,0.4,10,730,740,filled,True,155.63,0,10,1,True,True,traversal,42.4433,0.415,735.203,4.903,False,0,-0.4,-4,-0.4,0.00336,,,,,0.332711,1989333,1re moitié,BTC 15m
btc-updown-15m-1790399700,btc,15m,1790399700,fair_value,± 1 c,down,0.57,10,730,740,cancelled,True,16.34,6.34,0,0,False,False,,0,0.415,,,False,1,0.43,0,0,0.0034314,,,,,0.332711,1989333,1re moitié,BTC 15m
btc-updown-15m-1790399700,btc,15m,1790399700,fair_value,± 1 c,up,0.3,10,740,750,crossing,False,,,0,0,False,False,,0,0.295,,,False,0,-0.3,-0,-0,0.00294,,,,,0.316138,1989333,1re moitié,BTC 15m
btc-updown-15m-1790399700,btc,15m,1790399700,fair_value,± 1 c,down,0.65,10,740,750,cancelled,True,45.85,35,0,0,False,False,,0,0.295,,,False,1,0.35,0,0,0.003185,,,,,0.316138,1989333,1re moitié,BTC 15m
btc-updown-15m-1790399700,btc,15m,1790399700,fair_value,± 1 c,up,0.23,10,750,760,filled,True,270.92,0,10,1,True,True,queue,305.29,0.235,758.893,8.593,False,0,-0.23,-2.3,-0.23,0.0024794,,,,,0.297554,1989333,1re moitié,BTC 15m
btc-updown-15m-1790399700,btc,15m,1790399700,fair_value,± 1 c,down,0.67,10,750,760,cancelled,True,50,35,0,0,False,False,,0,0.235,,,False,1,0.33,0,0,0.0030954,,,,,0.297554,1989333,1re moitié,BTC 15m
btc-updown-15m-1790399700,btc,15m,1790399700,fair_value,± 1 c,up,0.22,10,760,770,crossing,False,,,0,0,False,False,,0,0.215,,,False,0,-0.22,-0,-0,0.0024024,,,,,0.276421,1989333,1re moitié,BTC 15m
btc-updown-15m-1790399700,btc,15m,1790399700,fair_value,± 1 c,down,0.69,10,760,770,cancelled,True,75,35,0,0,False,False,,0,0.215,,,False,1,0.31,0,0,0.0029946,,,,,0.276421,1989333,1re moitié,BTC 15m
btc-updown-15m-1790399700,btc,15m,1790399700,fair_value,± 1 c,up,0.14,10,770,780,filled,True,189.81,0,10,1,True,True,queue,199.91,0.145,775.005,4.705,False,0,-0.14,-1.4,-0.14,0.0016856,,,,,0.252404,1989333,1re moitié,BTC 15m
btc-updown-15m-1790399700,btc,15m,1790399700,fair_value,± 1 c,down,0.71,10,770,780,cancelled,True,55,35,0,0,False,False,,0,0.145,,,False,1,0.29,0,0,0.0028826,,,,,0.252404,1989333,1re moitié,BTC 15m
btc-updown-15m-1790399700,btc,15m,1790399700,fair_value,± 1 c,up,0.13,10,780,790,filled,True,78,0,10,1,True,True,traversal,10,0.135,783.125,2.825,False,0,-0.13,-1.3,-0.13,0.0015834,,,,,0.154858,1989333,1re moitié,BTC 15m
btc-updown-15m-1790399700,btc,15m,1790399700,fair_value,± 1 c,down,0.73,10,780,790,cancelled,True,55,35,0,0,False,False,,0,0.135,,,False,1,0.27,0,0,0.0027594,,,,,0.154858,1989333,1re moitié,BTC 15m
btc-updown-15m-1790399700,btc,15m,1790399700,fair_value,± 1 c,up,0.07,10,790,800,filled,True,108,0,10,1,True,True,traversal,13.5806,0.075,792.14,1.84,False,0,-0.07,-0.7,-0.07,0.0009114,,,,,0.122525,1989333,1re moitié,BTC 15m
btc-updown-15m-1790399700,btc,15m,1790399700,fair_value,± 1 c,down,0.83,10,790,800,cancelled,True,25,25,0,0,False,False,,0,0.075,,,False,1,0.17,0,0,0.0019754,,,,,0.122525,1989333,1re moitié,BTC 15m
btc-updown-15m-1790399700,btc,15m,1790399700,fair_value,± 1 c,up,0.05,10,800,810,filled,True,168.19,0,10,1,True,True,queue,185.367,0.055,800.379,0.079,False,0,-0.05,-0.5,-0.05,0.000665,,,,,0.0886481,1989333,1re moitié,BTC 15m
btc-updown-15m-1790399700,btc,15m,1790399700,fair_value,± 1 c,down,0.86,10,800,810,cancelled,True,55,25,0,0,False,False,,0,0.055,,,False,1,0.14,0,0,0.0016856,,,,,0.0886481,1989333,1re moitié,BTC 15m
btc-updown-15m-1790399700,btc,15m,1790399700,fair_value,± 1 c,down,0.9,10,810,820,cancelled,True,15,15,0,0,False,False,,0,0.045,,,False,1,0.1,0,0,0.00126,,,,,0.0550145,1989333,1re moitié,BTC 15m
btc-updown-15m-1790399700,btc,15m,1790399700,fair_value,± 1 c,down,0.93,10,820,830,cancelled,True,40.98,5,0,0,False,False,,0,0.045,,,False,1,0.07,0,0,0.0009114,,,,,0.0252909,1989333,1re moitié,BTC 15m
btc-updown-15m-1790400600,btc,15m,1790400600,signal,0.48/S+0,down,0.48,10,-30,0,cancelled,True,112.08,0,0,0,False,False,,3.84615,0.505,,,True,0,-0.48,-0,-0,0.0034944,0.48,0,-4.36864e-08,,,1989334,2e moitié,BTC 15m
btc-updown-15m-1790400600,btc,15m,1790400600,signal,0.48/S+30,down,0.48,10,-30,30,filled,True,112.08,0,10,1,True,True,traversal,3.84615,0.505,2.172,31.872,True,0,-0.48,-4.8,-0.48,0.0034944,0.48,30,-4.36864e-08,,,1989334,2e moitié,BTC 15m
btc-updown-15m-1790400600,btc,15m,1790400600,signal,0.48/S+60,down,0.48,10,-30,60,filled,True,112.08,0,10,1,True,True,traversal,3.84615,0.505,2.172,31.872,True,0,-0.48,-4.8,-0.48,0.0034944,0.48,60,-4.36864e-08,,,1989334,2e moitié,BTC 15m
btc-updown-15m-1790400600,btc,15m,1790400600,signal,0.49/S+0,down,0.49,10,-30,0,filled,True,59.72,0,10,1,True,True,queue,105,0.505,-17.799,11.901,True,0,-0.49,-4.9,-0.49,0.0034986,0.49,0,-4.36864e-08,,,1989334,2e moitié,BTC 15m
btc-updown-15m-1790400600,btc,15m,1790400600,signal,0.49/S+30,down,0.49,10,-30,30,filled,True,59.72,0,10,1,True,True,queue,105,0.505,-17.799,11.901,True,0,-0.49,-4.9,-0.49,0.0034986,0.49,30,-4.36864e-08,,,1989334,2e moitié,BTC 15m
btc-updown-15m-1790400600,btc,15m,1790400600,signal,0.49/S+60,down,0.49,10,-30,60,filled,True,59.72,0,10,1,True,True,queue,105,0.505,-17.799,11.901,True,0,-0.49,-4.9,-0.49,0.0034986,0.49,60,-4.36864e-08,,,1989334,2e moitié,BTC 15m
btc-updown-15m-1790400600,btc,15m,1790400600,signal,0.50/S+0,down,0.5,10,-30,0,crossing,False,,,0,0,False,False,,0,0.505,,,True,0,-0.5,-0,-0,0.0035,0.5,0,-4.36864e-08,,,1989334,2e moitié,BTC 15m
btc-updown-15m-1790400600,btc,15m,1790400600,signal,0.50/S+30,down,0.5,10,-30,30,crossing,False,,,0,0,False,False,,0,0.505,,,True,0,-0.5,-0,-0,0.0035,0.5,30,-4.36864e-08,,,1989334,2e moitié,BTC 15m
btc-updown-15m-1790400600,btc,15m,1790400600,signal,0.50/S+60,down,0.5,10,-30,60,crossing,False,,,0,0,False,False,,0,0.505,,,True,0,-0.5,-0,-0,0.0035,0.5,60,-4.36864e-08,,,1989334,2e moitié,BTC 15m
btc-updown-15m-1790400600,btc,15m,1790400600,two_sided,0.49/S+0,up,0.49,10,-60,0,cancelled,True,187.24,35,0,0,False,False,,0,0.505,,,True,1,0.51,0,0,0.0034986,0.49,0,,0,,1989334,2e moitié,BTC 15m
btc-updown-15m-1790400600,btc,15m,1790400600,two_sided,0.49/S+0,down,0.49,10,-60,0,filled,True,35,0,10,1,True,True,queue,130.261,0.505,-17.799,41.901,True,0,-0.49,-4.9,-0.49,0.0034986,0.49,0,,0,,1989334,2e moitié,BTC 15m
btc-updown-15m-1790400600,btc,15m,1790400600,two_sided,0.49/S+30,up,0.49,10,-60,30,filled,True,187.24,0,10,1,True,True,traversal,0,0.505,25.403,85.103,True,1,0.51,5.1,0.51,0.0034986,0.49,30,,30,,1989334,2e moitié,BTC 15m
btc-updown-15m-1790400600,btc,15m,1790400600,two_sided,0.49/S+30,down,0.49,10,-60,30,filled,True,35,0,10,1,True,True,queue,130.261,0.505,-17.799,41.901,True,0,-0.49,-4.9,-0.49,0.0034986,0.49,30,,30,,1989334,2e moitié,BTC 15m
btc-updown-15m-1790400600,btc,15m,1790400600,two_sided,0.49/S+60,up,0.49,10,-60,60,filled,True,187.24,0,10,1,True,True,traversal,0,0.505,25.403,85.103,True,1,0.51,5.1,0.51,0.0034986,0.49,60,,60,,1989334,2e moitié,BTC 15m
btc-updown-15m-1790400600,btc,15m,1790400600,two_sided,0.49/S+60,down,0.49,10,-60,60,filled,True,35,0,10,1,True,True,queue,130.261,0.505,-17.799,41.901,True,0,-0.49,-4.9,-0.49,0.0034986,0.49,60,,60,,1989334,2e moitié,BTC 15m
btc-updown-15m-1790400600,btc,15m,1790400600,fair_value,± 1 c,up,0.48,10,10,20,cancelled,True,6852,1378,0,0,False,False,,0,0.515,,,True,1,0.52,0,0,0.0034944,,,,,0.500105,1989334,2e moitié,BTC 15m
btc-updown-15m-1790400600,btc,15m,1790400600,fair_value,± 1 c,down,0.48,10,10,20,filled,True,237.7,0,10,1,True,True,queue,197.308,0.515,19.601,9.301,True,0,-0.48,-4.8,-0.48,0.0034944,,,,,0.500105,1989334,2e moitié,BTC 15m
btc-updown-15m-1790400600,btc,15m,1790400600,fair_value,± 1 c,up,0.49,10,20,30,filled,True,1932,0,10,1,True,True,traversal,0,0.525,25.403,5.103,True,1,0.51,5.1,0.51,0.0034986,,,,,0.393023,1989334,2e moitié,BTC 15m
btc-updown-15m-1790400600,btc,15m,1790400600,fair_value,± 1 c,down,0.47,10,20,30,cancelled,True,25,15.566,0,0,False,False,,9.43396,0.525,,,True,0,-0.47,-0,-0,0.0034874,,,,,0.393023,1989334,2e moitié,BTC 15m
btc-updown-15m-1790400600,btc,15m,1790400600,fair_value,± 1 c,up,0.38,10,30,40,cancelled,True,65,65,0,0,False,False,,0,0.475,,,True,1,0.62,0,0,0.0032984,,,,,0.384936,1989334,2e moitié,BTC 15m
btc-updown-15m-1790400600,btc,15m,1790400600,fair_value,± 1 c,down,0.52,10,30,40,cancelled,True,156.38,45,0,0,False,False,,0,0.475,,,True,0,-0.52,-0,-0,0.0034944,,,,,0.384936,1989334,2e moitié,BTC 15m
btc-updown-15m-1790400600,btc,15m,1790400600,fair_value,± 1 c,up,0.37,10,40,50,cancelled,True,165,165,0,0,False,False,,0,0.465,,,True,1,0.63,0,0,0.0032634,,,,,0.376609,1989334,2e moitié,BTC 15m
btc-updown-15m-1790400600,btc,15m,1790400600,fair_value,± 1 c,up,0.36,10,50,60,cancelled,True,65,45,0,0,False,False,,0,0.465,,,True,1,0.64,0,0,0.0032256,,,,,0.367655,1989334,2e moitié,BTC 15m
btc-updown-15m-1790400600,btc,15m,1790400600,fair_value,± 1 c,up,0.35,10,60,70,cancelled,True,191.94,51.94,0,0,False,False,,0,0.465,,,True,1,0.65,0,0,0.003185,,,,,0.358438,1989334,2e moitié,BTC 15m
btc-updown-15m-1790400600,btc,15m,1790400600,fair_value,± 1 c,down,0.53,10,40,70,cancelled,True,118.02,10,0,0,False,False,,0,0.465,,,True,0,-0.53,-0,-0,0.0034874,,,,,0.358438,1989334,2e moitié,BTC 15m
btc-updown-15m-1790400600,btc,15m,1790400600,fair_value,± 1 c,up,0.34,10,70,80,cancelled,True,163.23,63.23,0,0,False,False,,0,0.425,,,True,1,0.66,0,0,0.0031416,,,,,0.348526,1989334,2e moitié,BTC 15m
btc-updown-15m-1790400600,btc,15m,1790400600,fair_value,± 1 c,down,0.57,10,70,80,cancelled,True,15,0,0,0,False,False,,0,0.425,,,True,0,-0.57,-0,-0,0.0034314,,,,,0.348526,1989334,2e moitié,BTC 15m
btc-updown-15m-1790400600,btc,15m,1790400600,fair_value,± 1 c,up,0.33,10,80,90,cancelled,True,85,85,0,0,False,False,,0,0.445,,,True,1,0.67,0,0,0.0030954,,,,,0.338215,1989334,2e moitié,BTC 15m
btc-updown-15m-1790400600,btc,15m,1790400600,fair_value,± 1 c,down,0.55,10,80,90,cancelled,True,170.32,0,0,0,False,False,,0,0.445,,,True,0,-0.55,-0,-0,0.003465,,,,,0.338215,1989334,2e moitié,BTC 15m
btc-updown-15m-1790400600,btc,15m,1790400600,fair_value,± 1 c,up,0.32,10,90,100,cancelled,True,59,59,0,0,False,False,,0,0.455,,,True,1,0.68,0,0,0.0030464,,,,,0.327384,1989334,2e moitié,BTC 15m
btc-updown-15m-1790400600,btc,15m,1790400600,fair_value,± 1 c,down,0.54,10,90,100,cancelled,True,198.15,135,0,0,False,False,,0,0.455,,,True,0,-0.54,-0,-0,0.0034776,,,,,0.327384,1989334,2e moitié,BTC 15m
btc-updown-15m-1790400600,btc,15m,1790400600,fair_value,± 1 c,up,0.31,10,100,110,cancelled,True,85,85,0,0,False,False,,0,0.435,,,True,1,0.69,0,0,0.0029946,,,,,0.307419,1989334,2e moitié,BTC 15m
btc-updown-15m-1790400600,btc,15m,1790400600,fair_value,± 1 c,down,0.56,10,100,110,cancelled,True,30,30,0,0,False,False,,0,0.435,,,True,0,-0.56,-0,-0,0.0034496,,,,,0.307419,1989334,2e moitié,BTC 15m
btc-updown-15m-1790400600,btc,15m,1790400600,fair_value,± 1 c,up,0.29,10,110,120,cancelled,True,111.48,101.48,0,0,False,False,,0,0.395,,,True,1,0.71,0,0,0.0028826,,,,,0.29506,1989334,2e moitié,BTC 15m
btc-updown-15m-1790400600,btc,15m,1790400600,fair_value,± 1 c,down,0.6,10,110,120,cancelled,True,245.72,131.22,0,0,False,False,,10.44,0.395,,,True,0,-0.6,-0,-0,0.00336,,,,,0.29506,1989334,2e moitié,BTC 15m
btc-updown-15m-1790400600,btc,15m,1790400600,fair_value,± 1 c,up,0.28,10,120,130,cancelled,True,55,45,0,0,False,False,,0,0.395,,,True,1,0.72,0,0,0.0028224,,,,,0.282154,1989334,2e moitié,BTC 15m
btc-updown-15m-1790400600,btc,15m,1790400600,fair_value,± 1 c,up,0.27,10,130,140,cancelled,True,185,113.44,0,0,False,False,,0,0.385,,,True,1,0.73,0,0,0.0027594,,,,,0.268707,1989334,2e moitié,BTC 15m
btc-updown-15m-1790400600,btc,15m,1790400600,fair_value,± 1 c,down,0.61,10,120,140,crossing,False,,,0,0,False,False,,0,0.395,,,True,0,-0.61,-0,-0,0.0033306,,,,,0.268707,1989334,2e moitié,BTC 15m
btc-updown-15m-1790400600,btc,15m,1790400600,fair_value,± 1 c,up,0.25,10,140,150,cancelled,True,55,55,0,0,False,False,,0,0.395,,,True,1,0.75,0,0,0.002625,,,,,0.215712,1989334,2e moitié,BTC 15m
btc-updown-15m-1790400600,btc,15m,1790400600,fair_value,± 1 c,down,0.6,10,140,150,cancelled,True,221.2,35,0,0,False,False,,0,0.395,,,True,0,-0.6,-0,-0,0.00336,,,,,0.215712,1989334,2e moitié,BTC 15m
btc-updown-15m-1790400600,btc,15m,1790400600,fair_value,± 1 c,up,0.2,10,150,160,cancelled,True,25.1,25.1,0,0,False,False,,0,0.345,,,True,1,0.8,0,0,0.00224,,,,,0.200161,1989334,2e moitié,BTC 15m
btc-updown-15m-1790400600,btc,15m,1790400600,fair_value,± 1 c,up,0.19,10,160,170,cancelled,True,35,35,0,0,False,False,,0,0.345,,,True,1,0.81,0,0,0.0021546,,,,,0.184158,1989334,2e moitié,BTC 15m
btc-updown-15m-1790400600,btc,15m,1790400600,fair_value,± 1 c,up,0.17,10,170,180,cancelled,True,35,35,0,0,False,False,,0,0.345,,,True,1,0.83,0,0,0.0019754,,,,,0.168071,1989334,2e moitié,BTC 15m
btc-updown-15m-1790400600,btc,15m,1790400600,fair_value,± 1 c,up,0.15,10,180,190,cancelled,True,35,35,0,0,False,False,,0,0.345,,,True,1,0.85,0,0,0.001785,,,,,0.129324,1989334,2e moitié,BTC 15m
btc-updown-15m-1790400600,btc,15m,1790400600,fair_value,± 1 c,down,0.65,10,150,190,cancelled,True,239.32,85,0,0,False,False,,2.85714,0.345,,,True,0,-0.65,-0,-0,0.003185,,,,,0.129324,1989334,2e moitié,BTC 15m
btc-updown-15m-1790400600,btc,15m,1790400600,fair_value,± 1 c,up,0.11,10,190,200,cancelled,True,35,35,0,0,False,False,,0,0.295,,,True,1,0.89,0,0,0.0013706,,,,,0.113696,1989334,2e moitié,BTC 15m
btc-updown-15m-1790400600,btc,15m,1790400600,fair_value,± 1 c,up,0.1,10,200,210,cancelled,True,15,15,0,0,False,False,,0,0.295,,,True,1,0.9,0,0,0.00126,,,,,0.0927599,1989334,2e moitié,BTC 15m
btc-updown-15m-1790400600,btc,15m,1790400600,fair_value,± 1 c,down,0.7,10,190,210,cancelled,True,111.97,10,0,0,False,False,,0,0.295,,,True,0,-0.7,-0,-0,0.00294,,,,,0.0927599,1989334,2e moitié,BTC 15m
btc-updown-15m-1790400600,btc,15m,1790400600,fair_value,± 1 c,up,0.08,10,210,220,cancelled,True,235.6,235.6,0,0,False,False,,0,0.285,,,True,1,0.92,0,0,0.0010304,,,,,0.078512,1989334,2e moitié,BTC 15m
btc-updown-15m-1790400600,btc,15m,1790400600,fair_value,± 1 c,up,0.06,10,220,230,cancelled,True,777.76,777.76,0,0,False,False,,0,0.285,,,True,1,0.94,0,0,0.0007896,,,,,0.0651862,1989334,2e moitié,BTC 15m
btc-updown-15m-1790400600,btc,15m,1790400600,fair_value,± 1 c,down,0.71,10,210,230,filled,True,25,0,10,1,True,True,queue,38,0.285,211.853,1.553,True,0,-0.71,-7.1,-0.71,0.0028826,,,,,0.0651862,1989334,2e moitié,BTC 15m
btc-updown-15m-1790400600,btc,15m,1790400600,fair_value,± 1 c,up,0.05,10,230,240,cancelled,True,626.66,626.66,0,0,False,False,,0,0.295,,,True,1,0.95,0,0,0.000665,,,,,0.0529543,1989334,2e moitié,BTC 15m
btc-updown-15m-1790400600,btc,15m,1790400600,fair_value,± 1 c,down,0.7,10,230,250,cancelled,True,119.11,72.74,0,0,False,False,,0,0.295,,,True,0,-0.7,-0,-0,0.00294,,,,,0.0419646,1989334,2e moitié,BTC 15m
btc-updown-15m-1790400600,btc,15m,1790400600,fair_value,± 1 c,down,0.71,10,250,280,filled,True,120,0,10,1,True,True,queue,168.5,0.285,270.181,19.881,True,0,-0.71,-7.1,-0.71,0.0028826,,,,,0.0173557,1989334,2e moitié,BTC 15m
btc-updown-15m-1790400600,btc,15m,1790400600,fair_value,± 1 c,down,0.69,10,280,300,cancelled,True,33.54,28.54,0,0,False,False,,0,0.305,,,True,0,-0.69,-0,-0,0.0029946,,,,,0.0078797,1989334,2e moitié,BTC 15m
btc-updown-15m-1790400600,btc,15m,1790400600,fair_value,± 1 c,down,0.71,10,300,330,cancelled,True,111.64,5,0,0,False,False,,14.8276,0.285,,,True,0,-0.71,-0,-0,0.0028826,,,,,0.00156631,1989334,2e moitié,BTC 15m
btc-updown-15m-1790400600,btc,15m,1790400600,fair_value,± 1 c,down,0.72,10,330,350,partial,True,98.99,0,8.57429,0.857429,True,False,queue,36.2143,0.275,335.519,5.219,True,0,-0.72,-6.17349,-0.617349,0.0028224,,,,,0.000360831,1989334,2e moitié,BTC 15m
btc-updown-15m-1790400600,btc,15m,1790400600,fair_value,± 1 c,down,0.73,10,350,370,filled,True,49.81,0,10,1,True,True,queue,83.2815,0.265,366.675,16.375,True,0,-0.73,-7.3,-0.73,0.0027594,,,,,0.0215385,1989334,2e moitié,BTC 15m
btc-updown-15m-1790400600,btc,15m,1790400600,fair_value,± 1 c,down,0.75,10,370,380,cancelled,True,40,0,0,0,False,False,,16,0.245,,,True,0,-0.75,-0,-0,0.002625,,,,,0.0151622,1989334,2e moitié,BTC 15m
btc-updown-15m-1790400600,btc,15m,1790400600,fair_value,± 1 c,down,0.74,10,380,390,filled,True,39.99,0,10,1,True,True,traversal,0,0.255,385.489,5.189,True,0,-0.74,-7.4,-0.74,0.0026936,,,,,0.0101911,1989334,2e moitié,BTC 15m
btc-updown-15m-1790400600,btc,15m,1790400600,fair_value,± 1 c,down,0.73,10,390,400,cancelled,True,49.99,0,0,0,False,False,,0,0.265,,,True,0,-0.73,-0,-0,0.0027594,,,,,0.00649506,1989334,2e moitié,BTC 15m
btc-updown-15m-1790400600,btc,15m,1790400600,fair_value,± 1 c,down,0.72,10,400,410,cancelled,True,146.08,45,0,0,False,False,,0,0.275,,,True,0,-0.72,-0,-0,0.0028224,,,,,0.00389388,1989334,2e moitié,BTC 15m
btc-updown-15m-1790400600,btc,15m,1790400600,fair_value,± 1 c,down,0.75,10,410,430,cancelled,True,57.99,39.44,0,0,False,False,,0,0.245,,,True,0,-0.75,-0,-0,0.002625,,,,,0.00112049,1989334,2e moitié,BTC 15m
btc-updown-15m-1790400600,btc,15m,1790400600,fair_value,± 1 c,down,0.76,10,430,450,filled,True,84.65,0,10,1,True,True,traversal,0,0.235,442.412,12.112,True,0,-0.76,-7.6,-0.76,0.0025536,,,,,0.238781,1989334,2e moitié,BTC 15m
btc-updown-15m-1790400600,btc,15m,1790400600,fair_value,± 1 c,up,0.22,10,450,460,cancelled,True,20,20,0,0,False,False,,0,0.495,,,True,1,0.78,0,0,0.0024024,,,,,0.324744,1989334,2e moitié,BTC 15m
btc-updown-15m-1790400600,btc,15m,1790400600,fair_value,± 1 c,down,0.55,10,450,460,crossing,False,,,0,0,False,False,,0,0.495,,,True,0,-0.55,-0,-0,0.003465,,,,,0.324744,1989334,2e moitié,BTC 15m
btc-updown-15m-1790400600,btc,15m,1790400600,fair_value,± 1 c,up,0.31,10,460,470,cancelled,True,35,35,0,0,False,False,,0,0.485,,,True,1,0.69,0,0,0.0029946,,,,,0.312895,1989334,2e moitié,BTC 15m
btc-updown-15m-1790400600,btc,15m,1790400600,fair_value,± 1 c,down,0.51,10,460,470,filled,True,44.59,0,10,1,True,True,traversal,0,0.485,463.687,3.387,True,0,-0.51,-5.1,-0.51,0.0034986,,,,,0.312895,1989334,2e moitié,BTC 15m
btc-updown-15m-1790400600,btc,15m,1790400600,fair_value,± 1 c,up,0.3,10,470,480,cancelled,True,5,5,0,0,False,False,,0,0.475,,,True,1,0.7,0,0,0.00294,,,,,0.300334,1989334,2e moitié,BTC 15m
btc-updown-15m-1790400600,btc,15m,1790400600,fair_value,± 1 c,down,0.52,10,470,480,cancelled,True,73,20,0,0,False,False,,0,0.475,,,True,0,-0.52,-0,-0,0.0034944,,,,,0.300334,1989334,2e moitié,BTC 15m
btc-updown-15m-1790400600,btc,15m,1790400600,fair_value,± 1 c,up,0.29,10,480,490,cancelled,True,65,65,0,0,False,False,,0,0.445,,,True,1,0.71,0,0,0.0028826,,,,,0.287168,1989334,2e moitié,BTC 15m
btc-updown-15m-1790400600,btc,15m,1790400600,fair_value,± 1 c,down,0.55,10,480,490,cancelled,True,158,25,0,0,False,False,,0,0.445,,,True,0,-0.55,-0,-0,0.003465,,,,,0.287168,1989334,2e moitié,BTC 15m
btc-updown-15m-1790400600,btc,15m,1790400600,fair_value,± 1 c,up,0.27,10,490,500,cancelled,True,55,55,0,0,False,False,,0,0.435,,,True,1,0.73,0,0,0.0027594,,,,,0.273024,1989334,2e moitié,BTC 15m
btc-updown-15m-1790400600,btc,15m,1790400600,fair_value,± 1 c,down,0.56,10,490,500,filled,True,40,0,10,1,True,True,traversal,0,0.435,496.314,6.014,True,0,-0.56,-5.6,-0.56,0.0034496,,,,,0.273024,1989334,2e moitié,BTC 15m
btc-updown-15m-1790400600,btc,15m,1790400600,fair_value,± 1 c,up,0.26,10,500,510,cancelled,True,5,0,0,0,False,False,,0,0.465,,,True,1,0.74,0,0,0.0026936,,,,,0.430922,1989334,2e moitié,BTC 15m
btc-updown-15m-1790400600,btc,15m,1790400600,fair_value,± 1 c,down,0.53,10,500,510,filled,True,118,0,10,1,True,True,traversal,9.23404,0.465,506.54,6.24,True,0,-0.53,-5.3,-0.53,0.0034874,,,,,0.430922,1989334,2e moitié,BTC 15m
btc-updown-15m-1790400600,btc,15m,1790400600,fair_value,± 1 c,up,0.42,10,510,520,cancelled,True,35,30,0,0,False,False,,0,0.585,,,True,1,0.58,0,0,0.0034104,,,,,0.425668,1989334,2e moitié,BTC 15m
btc-updown-15m-1790400600,btc,15m,1790400600,fair_value,± 1 c,down,0.41,10,510,520,filled,True,8.18,0,10,1,True,True,traversal,3.62712,0.585,512.798,2.498,True,0,-0.41,-4.1,-0.41,0.0033866,,,,,0.425668,1989334,2e moitié,BTC 15m
btc-updown-15m-1790400600,btc,15m,1790400600,fair_value,± 1 c,up,0.41,10,520,530,cancelled,True,70,30,0,0,False,False,,0,0.605,,,True,1,0.59,0,0,0.0033866,,,,,0.65709,1989334,2e moitié,BTC 15m
btc-updown-15m-1790400600,btc,15m,1790400600,fair_value,± 1 c,down,0.39,10,520,530,filled,True,108.68,0,10,1,True,True,traversal,0,0.605,522.299,1.999,True,0,-0.39,-3.9,-0.39,0.0033306,,,,,0.65709,1989334,2e moitié,BTC 15m
btc-updown-15m-1790400600,btc,15m,1790400600,fair_value,± 1 c,up,0.64,10,530,540,cancelled,True,10,10,0,0,False,False,,0,0.775,,,True,1,0.36,0,0,0.0032256,,,,,0.668308,1989334,2e moitié,BTC 15m
btc-updown-15m-1790400600,btc,15m,1790400600,fair_value,± 1 c,down,0.22,10,530,540,cancelled,True,194.82,5,0,0,False,False,,30.3,0.775,,,True,0,-0.22,-0,-0,0.0024024,,,,,0.668308,1989334,2e moitié,BTC 15m
btc-updown-15m-1790400600,btc,15m,1790400600,fair_value,± 1 c,up,0.65,10,540,550,cancelled,True,335,65,0,0,False,False,,0,0.755,,,True,1,0.35,0,0,0.003185,,,,,0.680395,1989334,2e moitié,BTC 15m
btc-updown-15m-1790400600,btc,15m,1790400600,fair_value,± 1 c,down,0.24,10,540,550,filled,True,35,0,10,1,True,True,traversal,26.3158,0.755,541.34,1.04,True,0,-0.24,-2.4,-0.24,0.0025536,,,,,0.680395,1989334,2e moitié,BTC 15m
btc-updown-15m-1790400600,btc,15m,1790400600,fair_value,± 1 c,up,0.67,10,550,560,cancelled,True,85,85,0,0,False,False,,0,0.785,,,True,1,0.33,0,0,0.0030954,,,,,0.693186,1989334,2e moitié,BTC 15m
btc-updown-15m-1790400600,btc,15m,1790400600,fair_value,± 1 c,down,0.21,10,550,560,cancelled,True,150.1,55,0,0,False,False,,0,0.785,,,True,0,-0.21,-0,-0,0.0023226,,,,,0.693186,1989334,2e moitié,BTC 15m
btc-updown-15m-1790400600,btc,15m,1790400600,fair_value,± 1 c,up,0.68,10,560,570,cancelled,True,1314,65,0,0,False,False,,0,0.755,,,True,1,0.32,0,0,0.0030464,,,,,0.706692,1989334,2e moitié,BTC 15m
btc-updown-15m-1790400600,btc,15m,1790400600,fair_value,± 1 c,down,0.24,10,560,570,filled,True,30,0,10,1,True,True,queue,20,0.755,564.116,3.816,True,0,-0.24,-2.4,-0.24,0.0025536,,,,,0.706692,1989334,2e moitié,BTC 15m
btc-updown-15m-1790400600,btc,15m,1790400600,fair_value,± 1 c,up,0.69,10,570,580,cancelled,True,300,35,0,0,False,False,,0,0.775,,,True,1,0.31,0,0,0.0029946,,,,,0.816478,1989334,2e moitié,BTC 15m
btc-updown-15m-1790400600,btc,15m,1790400600,fair_value,± 1 c,down,0.22,10,570,580,filled,True,12.99,0,10,1,True,True,traversal,12.9828,0.775,570.489,0.189,True,0,-0.22,-2.2,-0.22,0.0024024,,,,,0.816478,1989334,2e moitié,BTC 15m
btc-updown-15m-1790400600,btc,15m,1790400600,fair_value,± 1 c,up,0.8,10,580,590,cancelled,True,3665.33,261.33,0,0,False,False,,0,0.835,,,True,1,0.2,0,0,0.00224,,,,,0.83469,1989334,2e moitié,BTC 15m
btc-updown-15m-1790400600,btc,15m,1790400600,fair_value,± 1 c,down,0.16,10,580,590,cancelled,True,27.78,0,0,0,False,False,,24.5943,0.835,,,True,0,-0.16,-0,-0,0.0018816,,,,,0.83469,1989334,2e moitié,BTC 15m
btc-updown-15m-1790400600,btc,15m,1790400600,fair_value,± 1 c,up,0.82,10,590,600,filled,True,337.26,0,10,1,True,True,traversal,0,0.845,592.062,1.762,True,1,0.18,1.8,0.18,0.0020664,,,,,0.853225,1989334,2e moitié,BTC 15m
btc-updown-15m-1790400600,btc,15m,1790400600,fair_value,± 1 c,down,0.15,10,590,600,cancelled,True,137.99,50,0,0,False,False,,0,0.845,,,True,0,-0.15,-0,-0,0.001785,,,,,0.853225,1989334,2e moitié,BTC 15m
btc-updown-15m-1790400600,btc,15m,1790400600,fair_value,± 1 c,up,0.78,10,600,610,filled,True,165.57,0,10,1,True,True,traversal,0,0.785,609.821,9.521,True,1,0.22,2.2,0.22,0.0024024,,,,,0.731414,1989334,2e moitié,BTC 15m
btc-updown-15m-1790400600,btc,15m,1790400600,fair_value,± 1 c,down,0.13,10,600,610,cancelled,True,35,35,0,0,False,False,,0,0.785,,,True,0,-0.13,-0,-0,0.0015834,,,,,0.731414,1989334,2e moitié,BTC 15m
btc-updown-15m-1790400600,btc,15m,1790400600,fair_value,± 1 c,up,0.67,10,610,620,cancelled,True,96,10,0,0,False,False,,0,0.705,,,True,1,0.33,0,0,0.0030954,,,,,0.712656,1989334,2e moitié,BTC 15m
btc-updown-15m-1790400600,btc,15m,1790400600,fair_value,± 1 c,down,0.25,10,610,620,filled,True,10,0,10,1,True,True,traversal,0,0.705,612.81,2.51,True,0,-0.25,-2.5,-0.25,0.002625,,,,,0.712656,1989334,2e moitié,BTC 15m
btc-updown-15m-1790400600,btc,15m,1790400600,fair_value,± 1 c,up,0.7,10,620,640,filled,True,238,0,10,1,True,True,queue,59.3833,0.735,625.046,4.746,True,1,0.3,3,0.3,0.00294,,,,,0.744699,1989334,2e moitié,BTC 15m
btc-updown-15m-1790400600,btc,15m,1790400600,fair_value,± 1 c,down,0.26,10,620,640,cancelled,True,192.18,0,0,0,False,False,,1.35135,0.735,,,True,0,-0.26,-0,-0,0.0026936,,,,,0.744699,1989334,2e moitié,BTC 15m
btc-updown-15m-1790400600,btc,15m,1790400600,fair_value,± 1 c,up,0.69,10,640,650,cancelled,True,28.24,20,0,0,False,False,,0,0.695,,,True,1,0.31,0,0,0.0029946,,,,,0.76221,1989334,2e moitié,BTC 15m
btc-updown-15m-1790400600,btc,15m,1790400600,fair_value,± 1 c,down,0.24,10,640,650,cancelled,True,6178.15,35,0,0,False,False,,0,0.695,,,True,0,-0.24,-0,-0,0.0025536,,,,,0.76221,1989334,2e moitié,BTC 15m
btc-updown-15m-1790400600,btc,15m,1790400600,fair_value,± 1 c,up,0.74,10,650,660,filled,True,289.5,0,10,1,True,True,traversal,0,0.745,658.978,8.678,True,1,0.26,2.6,0.26,0.0026936,,,,,0.780834,1989334,2e moitié,BTC 15m
btc-updown-15m-1790400600,btc,15m,1790400600,fair_value,± 1 c,down,0.22,10,650,660,cancelled,True,213,35,0,0,False,False,,0,0.745,,,True,0,-0.22,-0,-0,0.0024024,,,,,0.780834,1989334,2e moitié,BTC 15m
btc-updown-15m-1790400600,btc,15m,1790400600,fair_value,± 1 c,up,0.73,10,660,670,cancelled,True,50.12,38.24,0,0,False,False,,0,0.735,,,True,1,0.27,0,0,0.0027594,,,,,0.833275,1989334,2e moitié,BTC 15m
btc-updown-15m-1790400600,btc,15m,1790400600,fair_value,± 1 c,down,0.2,10,660,670,filled,True,5691.17,0,10,1,True,True,traversal,0,0.735,662.094,1.794,True,0,-0.2,-2,-0.2,0.00224,,,,,0.833275,1989334,2e moitié,BTC 15m
btc-updown-15m-1790400600,btc,15m,1790400600,fair_value,± 1 c,up,0.81,10,670,680,cancelled,True,20,20,0,0,False,False,,0,0.815,,,True,1,0.19,0,0,0.0021546,,,,,0.85378,1989334,2e moitié,BTC 15m
btc-updown-15m-1790400600,btc,15m,1790400600,fair_value,± 1 c,down,0.15,10,670,680,cancelled,True,40,0,0,0,False,False,,0,0.815,,,True,0,-0.15,-0,-0,0.001785,,,,,0.85378,1989334,2e moitié,BTC 15m
btc-updown-15m-1790400600,btc,15m,1790400600,fair_value,± 1 c,up,0.83,10,680,690,filled,True,248.99,0,10,1,True,True,traversal,27.4706,0.835,687.072,6.772,True,1,0.17,1.7,0.17,0.0019754,,,,,0.874587,1989334,2e moitié,BTC 15m
btc-updown-15m-1790400600,btc,15m,1790400600,fair_value,± 1 c,down,0.13,10,680,690,cancelled,True,213,213,0,0,False,False,,0,0.835,,,True,0,-0.13,-0,-0,0.0015834,,,,,0.874587,1989334,2e moitié,BTC 15m
btc-updown-15m-1790400600,btc,15m,1790400600,fair_value,± 1 c,up,0.84,10,690,700,cancelled,True,261.64,35,0,0,False,False,,0,0.845,,,True,1,0.16,0,0,0.0018816,,,,,0.895093,1989334,2e moitié,BTC 15m
btc-updown-15m-1790400600,btc,15m,1790400600,fair_value,± 1 c,down,0.11,10,690,700,filled,True,93.17,0,10,1,True,True,traversal,0,0.845,697.2,6.9,True,0,-0.11,-1.1,-0.11,0.0013706,,,,,0.895093,1989334,2e moitié,BTC 15m
btc-updown-15m-1790400600,btc,15m,1790400600,fair_value,± 1 c,up,0.88,10,700,710,cancelled,True,153.01,35,0,0,False,False,,0,0.905,,,True,1,0.12,0,0,0.0014784,,,,,0.914887,1989334,2e moitié,BTC 15m
btc-updown-15m-1790400600,btc,15m,1790400600,fair_value,± 1 c,down,0.08,10,700,710,cancelled,True,431.9,213,0,0,False,False,,0,0.905,,,True,0,-0.08,-0,-0,0.0010304,,,,,0.914887,1989334,2e moitié,BTC 15m
btc-updown-15m-1790400600,btc,15m,1790400600,fair_value,± 1 c,up,0.89,10,710,720,filled,True,191.62,0,10,1,True,True,traversal,0,0.895,716.538,6.238,True,1,0.11,1.1,0.11,0.0013706,,,,,0.933714,1989334,2e moitié,BTC 15m
btc-updown-15m-1790400600,btc,15m,1790400600,fair_value,± 1 c,down,0.07,10,710,720,cancelled,True,357.99,233,0,0,False,False,,0,0.895,,,True,0,-0.07,-0,-0,0.0009114,,,,,0.933714,1989334,2e moitié,BTC 15m
btc-updown-15m-1790400600,btc,15m,1790400600,fair_value,± 1 c,up,0.87,10,720,730,cancelled,True,144.18,20,0,0,False,False,,0,0.875,,,True,1,0.13,0,0,0.0015834,,,,,0.950897,1989334,2e moitié,BTC 15m
btc-updown-15m-1790400600,btc,15m,1790400600,fair_value,± 1 c,down,0.05,10,720,730,cancelled,True,65,65,0,0,False,False,,0,0.875,,,True,0,-0.05,-0,-0,0.000665,,,,,0.950897,1989334,2e moitié,BTC 15m
btc-updown-15m-1790400600,btc,15m,1790400600,fair_value,± 1 c,up,0.91,10,730,740,filled,True,7.77,0,10,1,True,True,traversal,0,0.915,730.508,0.208,True,1,0.09,0.9,0.09,0.0011466,,,,,0.965959,1989334,2e moitié,BTC 15m
btc-updown-15m-1790400600,btc,15m,1790400600,fair_value,± 1 c,up,0.89,10,740,750,cancelled,True,72.75,0,0,0,False,False,,14,0.895,,,True,1,0.11,0,0,0.0013706,,,,,0.978195,1989334,2e moitié,BTC 15m
btc-updown-15m-1790400600,btc,15m,1790400600,fair_value,± 1 c,up,0.88,10,750,760,cancelled,True,300.07,95.11,0,0,False,False,,0,0.885,,,True,1,0.12,0,0,0.0014784,,,,,0.987563,1989334,2e moitié,BTC 15m
btc-updown-15m-1790400600,btc,15m,1790400600,fair_value,± 1 c,up,0.91,10,760,780,cancelled,True,105,45,0,0,False,False,,0,0.915,,,True,1,0.09,0,0,0.0011466,,,,,0.997552,1989334,2e moitié,BTC 15m
btc-updown-15m-1790400600,btc,15m,1790400600,fair_value,± 1 c,up,0.92,10,780,790,cancelled,True,290.23,135,0,0,False,False,,0,0.925,,,True,1,0.08,0,0,0.0010304,,,,,0.999285,1989334,2e moitié,BTC 15m
btc-updown-15m-1790400600,btc,15m,1790400600,fair_value,± 1 c,up,0.94,10,790,810,cancelled,True,69.51,22.46,0,0,False,False,,47.05,0.945,,,True,1,0.06,0,0,0.0007896,,,,,0.999989,1989334,2e moitié,BTC 15m
btc-updown-15m-1790401500,btc,15m,1790401500,signal,0.48/S+0,up,0.48,10,-30,0,cancelled,True,132.08,30,0,0,False,False,,0,0.515,,,False,0,-0.48,-0,-0,0.0034944,0.48,0,6.75005e-08,,,1989335,2e moitié,BTC 15m
btc-updown-15m-1790401500,btc,15m,1790401500,signal,0.48/S+30,up,0.48,10,-30,30,cancelled,True,132.08,5,0,0,False,False,,0,0.515,,,False,0,-0.48,-0,-0,0.0034944,0.48,30,6.75005e-08,,,1989335,2e moitié,BTC 15m
btc-updown-15m-1790401500,btc,15m,1790401500,signal,0.48/S+60,up,0.48,10,-30,60,cancelled,True,132.08,5,0,0,False,False,,0,0.515,,,False,0,-0.48,-0,-0,0.0034944,0.48,60,6.75005e-08,,,1989335,2e moitié,BTC 15m
btc-updown-15m-1790401500,btc,15m,1790401500,signal,0.49/S+0,up,0.49,10,-30,0,cancelled,True,100,50,0,0,False,False,,0,0.515,,,False,0,-0.49,-0,-0,0.0034986,0.49,0,6.75005e-08,,,1989335,2e moitié,BTC 15m
btc-updown-15m-1790401500,btc,15m,1790401500,signal,0.49/S+30,up,0.49,10,-30,30,cancelled,True,100,0,0,0,False,False,,0,0.515,,,False,0,-0.49,-0,-0,0.0034986,0.49,30,6.75005e-08,,,1989335,2e moitié,BTC 15m
btc-updown-15m-1790401500,btc,15m,1790401500,signal,0.49/S+60,up,0.49,10,-30,60,cancelled,True,100,0,0,0,False,False,,0,0.515,,,False,0,-0.49,-0,-0,0.0034986,0.49,60,6.75005e-08,,,1989335,2e moitié,BTC 15m
btc-updown-15m-1790401500,btc,15m,1790401500,signal,0.50/S+0,up,0.5,10,-30,0,cancelled,True,75,0,0,0,False,False,,0,0.515,,,False,0,-0.5,-0,-0,0.0035,0.5,0,6.75005e-08,,,1989335,2e moitié,BTC 15m
btc-updown-15m-1790401500,btc,15m,1790401500,signal,0.50/S+30,up,0.5,10,-30,30,cancelled,True,75,0,0,0,False,False,,0,0.515,,,False,0,-0.5,-0,-0,0.0035,0.5,30,6.75005e-08,,,1989335,2e moitié,BTC 15m
btc-updown-15m-1790401500,btc,15m,1790401500,signal,0.50/S+60,up,0.5,10,-30,60,cancelled,True,75,0,0,0,False,False,,0,0.515,,,False,0,-0.5,-0,-0,0.0035,0.5,60,6.75005e-08,,,1989335,2e moitié,BTC 15m
btc-updown-15m-1790401500,btc,15m,1790401500,two_sided,0.49/S+0,up,0.49,10,-60,0,cancelled,True,105,50,0,0,False,False,,0,0.515,,,False,0,-0.49,-0,-0,0.0034986,0.49,0,,0,,1989335,2e moitié,BTC 15m
btc-updown-15m-1790401500,btc,15m,1790401500,two_sided,0.49/S+0,down,0.49,10,-60,0,crossing,False,,,0,0,False,False,,0,0.515,,,False,1,0.51,0,0,0.0034986,0.49,0,,0,,1989335,2e moitié,BTC 15m
btc-updown-15m-1790401500,btc,15m,1790401500,two_sided,0.49/S+30,up,0.49,10,-60,30,cancelled,True,105,0,0,0,False,False,,0,0.515,,,False,0,-0.49,-0,-0,0.0034986,0.49,30,,30,,1989335,2e moitié,BTC 15m
btc-updown-15m-1790401500,btc,15m,1790401500,two_sided,0.49/S+30,down,0.49,10,-60,30,crossing,False,,,0,0,False,False,,0,0.515,,,False,1,0.51,0,0,0.0034986,0.49,30,,30,,1989335,2e moitié,BTC 15m
btc-updown-15m-1790401500,btc,15m,1790401500,two_sided,0.49/S+60,up,0.49,10,-60,60,cancelled,True,105,0,0,0,False,False,,0,0.515,,,False,0,-0.49,-0,-0,0.0034986,0.49,60,,60,,1989335,2e moitié,BTC 15m
btc-updown-15m-1790401500,btc,15m,1790401500,two_sided,0.49/S+60,down,0.49,10,-60,60,crossing,False,,,0,0,False,False,,0,0.515,,,False,1,0.51,0,0,0.0034986,0.49,60,,60,,1989335,2e moitié,BTC 15m
btc-updown-15m-1790401500,btc,15m,1790401500,fair_value,± 1 c,down,0.35,10,10,20,cancelled,True,1506,1221,0,0,False,False,,0,0.585,,,False,1,0.65,0,0,0.003185,,,,,0.64552,1989335,2e moitié,BTC 15m
btc-updown-15m-1790401500,btc,15m,1790401500,fair_value,± 1 c,down,0.34,10,20,30,cancelled,True,40,35,0,0,False,False,,0,0.585,,,False,1,0.66,0,0,0.0031416,,,,,0.65635,1989335,2e moitié,BTC 15m
btc-updown-15m-1790401500,btc,15m,1790401500,fair_value,± 1 c,up,0.58,10,10,40,cancelled,True,173.79,53.15,0,0,False,False,,24.4524,0.585,,,False,0,-0.58,-0,-0,0.0034104,,,,,0.667795,1989335,2e moitié,BTC 15m
btc-updown-15m-1790401500,btc,15m,1790401500,fair_value,± 1 c,down,0.33,10,30,40,cancelled,True,35,35,0,0,False,False,,0,0.585,,,False,1,0.67,0,0,0.0030954,,,,,0.667795,1989335,2e moitié,BTC 15m
btc-updown-15m-1790401500,btc,15m,1790401500,fair_value,± 1 c,down,0.32,10,40,50,cancelled,True,375,275,0,0,False,False,,0,0.605,,,False,1,0.68,0,0,0.0030464,,,,,0.679467,1989335,2e moitié,BTC 15m
btc-updown-15m-1790401500,btc,15m,1790401500,fair_value,± 1 c,down,0.31,10,50,60,cancelled,True,59.77,59.77,0,0,False,False,,0,0.605,,,False,1,0.69,0,0,0.0029946,,,,,0.691936,1989335,2e moitié,BTC 15m
btc-updown-15m-1790401500,btc,15m,1790401500,fair_value,± 1 c,down,0.29,10,60,70,cancelled,True,95,95,0,0,False,False,,0,0.605,,,False,1,0.71,0,0,0.0028826,,,,,0.70462,1989335,2e moitié,BTC 15m
btc-updown-15m-1790401500,btc,15m,1790401500,fair_value,± 1 c,down,0.28,10,70,80,cancelled,True,28,28,0,0,False,False,,0,0.605,,,False,1,0.72,0,0,0.0028224,,,,,0.718139,1989335,2e moitié,BTC 15m
btc-updown-15m-1790401500,btc,15m,1790401500,fair_value,± 1 c,down,0.27,10,80,90,cancelled,True,105,105,0,0,False,False,,0,0.605,,,False,1,0.73,0,0,0.0027594,,,,,0.731832,1989335,2e moitié,BTC 15m
btc-updown-15m-1790401500,btc,15m,1790401500,fair_value,± 1 c,up,0.6,10,40,100,cancelled,True,54,5,0,0,False,False,,28.11,0.605,,,False,0,-0.6,-0,-0,0.00336,,,,,0.742527,1989335,2e moitié,BTC 15m
btc-updown-15m-1790401500,btc,15m,1790401500,fair_value,± 1 c,down,0.25,10,90,100,cancelled,True,65,5,0,0,False,False,,0,0.605,,,False,1,0.75,0,0,0.002625,,,,,0.742527,1989335,2e moitié,BTC 15m
btc-updown-15m-1790401500,btc,15m,1790401500,fair_value,± 1 c,up,0.61,10,100,110,cancelled,True,279.46,181.96,0,0,False,False,,0,0.615,,,False,0,-0.61,-0,-0,0.0033306,,,,,0.757312,1989335,2e moitié,BTC 15m
btc-updown-15m-1790401500,btc,15m,1790401500,fair_value,± 1 c,down,0.24,10,100,110,cancelled,True,23,23,0,0,False,False,,0,0.615,,,False,1,0.76,0,0,0.0025536,,,,,0.757312,1989335,2e moitié,BTC 15m
btc-updown-15m-1790401500,btc,15m,1790401500,fair_value,± 1 c,up,0.67,10,110,120,cancelled,True,307.57,55,0,0,False,False,,11.5152,0.675,,,False,0,-0.67,-0,-0,0.0030954,,,,,0.778169,1989335,2e moitié,BTC 15m
btc-updown-15m-1790401500,btc,15m,1790401500,fair_value,± 1 c,down,0.23,10,110,120,cancelled,True,68.39,68.39,0,0,False,False,,0,0.675,,,False,1,0.77,0,0,0.0024794,,,,,0.778169,1989335,2e moitié,BTC 15m
btc-updown-15m-1790401500,btc,15m,1790401500,fair_value,± 1 c,up,0.7,10,120,130,filled,True,266.29,0,10,1,True,True,traversal,30,0.715,125.254,4.954,False,0,-0.7,-7,-0.7,0.00294,,,,,0.724086,1989335,2e moitié,BTC 15m
btc-updown-15m-1790401500,btc,15m,1790401500,fair_value,± 1 c,down,0.21,10,120,130,cancelled,True,285,35,0,0,False,False,,0,0.715,,,False,1,0.79,0,0,0.0023226,,,,,0.724086,1989335,2e moitié,BTC 15m
btc-updown-15m-1790401500,btc,15m,1790401500,fair_value,± 1 c,up,0.67,10,130,140,crossing,False,,,0,0,False,False,,0,0.655,,,False,0,-0.67,-0,-0,0.0030954,,,,,0.737732,1989335,2e moitié,BTC 15m
btc-updown-15m-1790401500,btc,15m,1790401500,fair_value,± 1 c,down,0.26,10,130,140,cancelled,True,124.27,124.27,0,0,False,False,,0,0.655,,,False,1,0.74,0,0,0.0026936,,,,,0.737732,1989335,2e moitié,BTC 15m
btc-updown-15m-1790401500,btc,15m,1790401500,fair_value,± 1 c,up,0.63,10,140,150,cancelled,True,239.47,85,0,0,False,False,,0,0.635,,,False,0,-0.63,-0,-0,0.0032634,,,,,0.752036,1989335,2e moitié,BTC 15m
btc-updown-15m-1790401500,btc,15m,1790401500,fair_value,± 1 c,down,0.25,10,140,150,cancelled,True,75,25,0,0,False,False,,0,0.635,,,False,1,0.75,0,0,0.002625,,,,,0.752036,1989335,2e moitié,BTC 15m
btc-updown-15m-1790401500,btc,15m,1790401500,fair_value,± 1 c,up,0.64,10,150,160,cancelled,True,110.77,110.77,0,0,False,False,,0,0.645,,,False,0,-0.64,-0,-0,0.0032256,,,,,0.766668,1989335,2e moitié,BTC 15m
btc-updown-15m-1790401500,btc,15m,1790401500,fair_value,± 1 c,down,0.23,10,150,160,cancelled,True,5,5,0,0,False,False,,0,0.645,,,False,1,0.77,0,0,0.0024794,,,,,0.766668,1989335,2e moitié,BTC 15m
btc-updown-15m-1790401500,btc,15m,1790401500,fair_value,± 1 c,down,0.22,10,160,170,cancelled,True,5,5,0,0,False,False,,0,0.655,,,False,1,0.78,0,0,0.0024024,,,,,0.781812,1989335,2e moitié,BTC 15m
btc-updown-15m-1790401500,btc,15m,1790401500,fair_value,± 1 c,up,0.65,10,160,180,filled,True,180.77,0,10,1,True,True,queue,175.64,0.655,175.189,14.889,False,0,-0.65,-6.5,-0.65,0.003185,,,,,0.797415,1989335,2e moitié,BTC 15m
btc-updown-15m-1790401500,btc,15m,1790401500,fair_value,± 1 c,down,0.2,10,170,180,cancelled,True,53.7,15.3,0,0,False,False,,0,0.655,,,False,1,0.8,0,0,0.00224,,,,,0.797415,1989335,2e moitié,BTC 15m
btc-updown-15m-1790401500,btc,15m,1790401500,fair_value,± 1 c,up,0.69,10,180,190,cancelled,True,115,95,0,0,False,False,,0,0.715,,,False,0,-0.69,-0,-0,0.0029946,,,,,0.813235,1989335,2e moitié,BTC 15m
btc-updown-15m-1790401500,btc,15m,1790401500,fair_value,± 1 c,down,0.19,10,180,190,cancelled,True,75,75,0,0,False,False,,0,0.715,,,False,1,0.81,0,0,0.0021546,,,,,0.813235,1989335,2e moitié,BTC 15m
btc-updown-15m-1790401500,btc,15m,1790401500,fair_value,± 1 c,up,0.71,10,190,200,filled,True,5,0,10,1,True,True,traversal,0,0.715,191.239,0.939,False,0,-0.71,-7.1,-0.71,0.0028826,,,,,0.829259,1989335,2e moitié,BTC 15m
btc-updown-15m-1790401500,btc,15m,1790401500,fair_value,± 1 c,down,0.17,10,190,200,cancelled,True,35,35,0,0,False,False,,0,0.715,,,False,1,0.83,0,0,0.0019754,,,,,0.829259,1989335,2e moitié,BTC 15m
btc-updown-15m-1790401500,btc,15m,1790401500,fair_value,± 1 c,down,0.16,10,200,210,cancelled,True,5,5,0,0,False,False,,0,0.705,,,False,1,0.84,0,0,0.0018816,,,,,0.845288,1989335,2e moitié,BTC 15m
btc-updown-15m-1790401500,btc,15m,1790401500,fair_value,± 1 c,up,0.7,10,200,220,filled,True,175.77,0,10,1,True,True,traversal,0,0.705,218.267,17.967,False,0,-0.7,-7,-0.7,0.00294,,,,,0.861445,1989335,2e moitié,BTC 15m
btc-updown-15m-1790401500,btc,15m,1790401500,fair_value,± 1 c,down,0.14,10,210,220,cancelled,True,5,5,0,0,False,False,,0,0.705,,,False,1,0.86,0,0,0.0016856,,,,,0.861445,1989335,2e moitié,BTC 15m
btc-updown-15m-1790401500,btc,15m,1790401500,fair_value,± 1 c,down,0.12,10,220,230,cancelled,True,0,0,0,0,False,False,,0,0.665,,,False,1,0.88,0,0,0.0014784,,,,,0.877239,1989335,2e moitié,BTC 15m
btc-updown-15m-1790401500,btc,15m,1790401500,fair_value,± 1 c,down,0.11,10,230,240,cancelled,True,60,60,0,0,False,False,,0,0.665,,,False,1,0.89,0,0,0.0013706,,,,,0.892836,1989335,2e moitié,BTC 15m
btc-updown-15m-1790401500,btc,15m,1790401500,fair_value,± 1 c,up,0.66,10,220,250,cancelled,True,195.77,35,0,0,False,False,,0,0.665,,,False,0,-0.66,-0,-0,0.0031416,,,,,0.907805,1989335,2e moitié,BTC 15m
btc-updown-15m-1790401500,btc,15m,1790401500,fair_value,± 1 c,down,0.09,10,240,250,cancelled,True,230.6,230.6,0,0,False,False,,0,0.665,,,False,1,0.91,0,0,0.0011466,,,,,0.907805,1989335,2e moitié,BTC 15m
btc-updown-15m-1790401500,btc,15m,1790401500,fair_value,± 1 c,up,0.7,10,250,260,cancelled,True,267.1,80,0,0,False,False,,0,0.705,,,False,0,-0.7,-0,-0,0.00294,,,,,0.922041,1989335,2e moitié,BTC 15m
btc-updown-15m-1790401500,btc,15m,1790401500,fair_value,± 1 c,down,0.08,10,250,260,cancelled,True,18,18,0,0,False,False,,0,0.705,,,False,1,0.92,0,0,0.0010304,,,,,0.922041,1989335,2e moitié,BTC 15m
btc-updown-15m-1790401500,btc,15m,1790401500,fair_value,± 1 c,up,0.71,10,260,270,filled,True,0,0,10,1,True,True,queue,200,0.71,260.337,0.0369999,False,0,-0.71,-7.1,-0.71,0.0028826,,,,,0.935356,1989335,2e moitié,BTC 15m
btc-updown-15m-1790401500,btc,15m,1790401500,fair_value,± 1 c,down,0.06,10,260,270,cancelled,True,814.77,814.77,0,0,False,False,,0,0.71,,,False,1,0.94,0,0,0.0007896,,,,,0.935356,1989335,2e moitié,BTC 15m
btc-updown-15m-1790401500,btc,15m,1790401500,fair_value,± 1 c,up,0.7,10,270,280,cancelled,True,69.61,1.66,0,0,False,False,,3.33333,0.705,,,False,0,-0.7,-0,-0,0.00294,,,,,0.947514,1989335,2e moitié,BTC 15m
btc-updown-15m-1790401500,btc,15m,1790401500,fair_value,± 1 c,down,0.05,10,270,280,cancelled,True,716.77,716.77,0,0,False,False,,0,0.705,,,False,1,0.95,0,0,0.000665,,,,,0.947514,1989335,2e moitié,BTC 15m
btc-updown-15m-1790401500,btc,15m,1790401500,fair_value,± 1 c,up,0.71,10,280,290,filled,True,15,0,10,1,True,True,traversal,0,0.715,281.544,1.244,False,0,-0.71,-7.1,-0.71,0.0028826,,,,,0.958493,1989335,2e moitié,BTC 15m
btc-updown-15m-1790401500,btc,15m,1790401500,fair_value,± 1 c,up,0.69,10,290,300,cancelled,True,94.91,94.91,0,0,False,False,,0,0.695,,,False,0,-0.69,-0,-0,0.0029946,,,,,0.968105,1989335,2e moitié,BTC 15m
btc-updown-15m-1790401500,btc,15m,1790401500,fair_value,± 1 c,up,0.7,10,300,310,cancelled,True,96.08,0,0,0,False,False,,0,0.705,,,False,0,-0.7,-0,-0,0.00294,,,,,0.976282,1989335,2e moitié,BTC 15m
btc-updown-15m-1790401500,btc,15m,1790401500,fair_value,± 1 c,up,0.69,10,310,320,cancelled,True,273.16,160,0,0,False,False,,0,0.695,,,False,0,-0.69,-0,-0,0.0029946,,,,,0.983012,1989335,2e moitié,BTC 15m
btc-updown-15m-1790401500,btc,15m,1790401500,fair_value,± 1 c,up,0.71,10,320,360,cancelled,True,189.42,85,0,0,False,False,,20,0.715,,,False,0,-0.71,-0,-0,0.0028826,,,,,0.997282,1989335,2e moitié,BTC 15m
btc-updown-15m-1790401500,btc,15m,1790401500,fair_value,± 1 c,up,0.72,10,360,410,filled,True,121.08,0,10,1,True,True,queue,28.2,0.725,369.528,9.228,False,0,-0.72,-7.2,-0.72,0.0028224,,,,,0.4101,1989335,2e moitié,BTC 15m
btc-updown-15m-1790401500,btc,15m,1790401500,fair_value,± 1 c,down,0.57,10,410,420,cancelled,True,95,95,0,0,False,False,,0,0.305,,,False,1,0.43,0,0,0.0034314,,,,,0.403739,1989335,2e moitié,BTC 15m
btc-updown-15m-1790401500,btc,15m,1790401500,fair_value,± 1 c,up,0.3,10,410,430,filled,True,75,0,10,1,True,True,queue,133.714,0.305,422.899,12.599,False,0,-0.3,-3,-0.3,0.00294,,,,,0.397031,1989335,2e moitié,BTC 15m
btc-updown-15m-1790401500,btc,15m,1790401500,fair_value,± 1 c,down,0.58,10,420,430,cancelled,True,55,51.55,0,0,False,False,,0,0.305,,,False,1,0.42,0,0,0.0034104,,,,,0.397031,1989335,2e moitié,BTC 15m
btc-updown-15m-1790401500,btc,15m,1790401500,fair_value,± 1 c,down,0.59,10,430,440,cancelled,True,135.52,95,0,0,False,False,,0,0.315,,,False,1,0.41,0,0,0.0033866,,,,,0.389793,1989335,2e moitié,BTC 15m
btc-updown-15m-1790401500,btc,15m,1790401500,fair_value,± 1 c,down,0.6,10,440,460,cancelled,True,527.8,87.8,0,0,False,False,,0,0.315,,,False,1,0.4,0,0,0.00336,,,,,0.373685,1989335,2e moitié,BTC 15m
btc-updown-15m-1790401500,btc,15m,1790401500,fair_value,± 1 c,up,0.31,10,430,470,filled,True,81.33,0,10,1,True,True,traversal,24.6377,0.315,464.567,34.267,False,0,-0.31,-3.1,-0.31,0.0029946,,,,,0.36488,1989335,2e moitié,BTC 15m
btc-updown-15m-1790401500,btc,15m,1790401500,fair_value,± 1 c,down,0.61,10,460,470,cancelled,True,346.85,106.85,0,0,False,False,,0,0.315,,,False,1,0.39,0,0,0.0033306,,,,,0.36488,1989335,2e moitié,BTC 15m
btc-updown-15m-1790401500,btc,15m,1790401500,fair_value,± 1 c,down,0.62,10,470,480,cancelled,True,1205,53,0,0,False,False,,0,0.305,,,False,1,0.38,0,0,0.0032984,,,,,0.355322,1989335,2e moitié,BTC 15m
btc-updown-15m-1790401500,btc,15m,1790401500,fair_value,± 1 c,down,0.63,10,480,490,cancelled,True,1660.52,653.52,0,0,False,False,,0,0.305,,,False,1,0.37,0,0,0.0032634,,,,,0.345187,1989335,2e moitié,BTC 15m
btc-updown-15m-1790401500,btc,15m,1790401500,fair_value,± 1 c,up,0.3,10,470,500,filled,True,28.04,0,10,1,True,True,traversal,0,0.305,492.845,22.545,False,0,-0.3,-3,-0.3,0.00294,,,,,0.334372,1989335,2e moitié,BTC 15m
btc-updown-15m-1790401500,btc,15m,1790401500,fair_value,± 1 c,down,0.64,10,490,500,cancelled,True,1639,243,0,0,False,False,,0,0.305,,,False,1,0.36,0,0,0.0032256,,,,,0.334372,1989335,2e moitié,BTC 15m
btc-updown-15m-1790401500,btc,15m,1790401500,fair_value,± 1 c,up,0.26,10,500,510,cancelled,True,35,30,0,0,False,False,,0,0.265,,,False,0,-0.26,-0,-0,0.0026936,,,,,0.322843,1989335,2e moitié,BTC 15m
btc-updown-15m-1790401500,btc,15m,1790401500,fair_value,± 1 c,down,0.65,10,500,510,cancelled,True,2740,303,0,0,False,False,,0,0.265,,,False,1,0.35,0,0,0.003185,,,,,0.322843,1989335,2e moitié,BTC 15m
btc-updown-15m-1790401500,btc,15m,1790401500,fair_value,± 1 c,down,0.66,10,510,520,cancelled,True,95,65,0,0,False,False,,0,0.275,,,False,1,0.34,0,0,0.0031416,,,,,0.310667,1989335,2e moitié,BTC 15m
btc-updown-15m-1790401500,btc,15m,1790401500,fair_value,± 1 c,up,0.27,10,510,530,filled,True,5198.88,0,10,1,True,True,traversal,0,0.275,521.497,11.197,False,0,-0.27,-2.7,-0.27,0.0027594,,,,,0.26363,1989335,2e moitié,BTC 15m
btc-updown-15m-1790401500,btc,15m,1790401500,fair_value,± 1 c,down,0.67,10,520,530,cancelled,True,195,65,0,0,False,False,,0,0.275,,,False,1,0.33,0,0,0.0030954,,,,,0.26363,1989335,2e moitié,BTC 15m
btc-updown-15m-1790401500,btc,15m,1790401500,fair_value,± 1 c,down,0.72,10,530,540,cancelled,True,60,60,0,0,False,False,,0,0.175,,,False,1,0.28,0,0,0.0028224,,,,,0.248096,1989335,2e moitié,BTC 15m
btc-updown-15m-1790401500,btc,15m,1790401500,fair_value,± 1 c,up,0.17,10,530,550,filled,True,180.7,0,10,1,True,True,traversal,25.5482,0.175,541.378,11.078,False,0,-0.17,-1.7,-0.17,0.0019754,,,,,0.175309,1989335,2e moitié,BTC 15m
btc-updown-15m-1790401500,btc,15m,1790401500,fair_value,± 1 c,down,0.74,10,540,550,cancelled,True,315,5,0,0,False,False,,0,0.175,,,False,1,0.26,0,0,0.0026936,,,,,0.175309,1989335,2e moitié,BTC 15m
btc-updown-15m-1790401500,btc,15m,1790401500,fair_value,± 1 c,down,0.81,10,550,560,cancelled,True,2337,230,0,0,False,False,,0,0.125,,,False,1,0.19,0,0,0.0021546,,,,,0.157466,1989335,2e moitié,BTC 15m
btc-updown-15m-1790401500,btc,15m,1790401500,fair_value,± 1 c,down,0.83,10,560,570,cancelled,True,2478.6,71,0,0,False,False,,0,0.125,,,False,1,0.17,0,0,0.0019754,,,,,0.139346,1989335,2e moitié,BTC 15m
btc-updown-15m-1790401500,btc,15m,1790401500,fair_value,± 1 c,up,0.12,10,550,580,cancelled,True,193.63,11.2782,0,0,False,False,,153.132,0.125,,,False,0,-0.12,-0,-0,0.0014784,,,,,0.121402,1989335,2e moitié,BTC 15m
btc-updown-15m-1790401500,btc,15m,1790401500,fair_value,± 1 c,down,0.85,10,570,580,cancelled,True,205.52,200.52,0,0,False,False,,0,0.125,,,False,1,0.15,0,0,0.001785,,,,,0.121402,1989335,2e moitié,BTC 15m
btc-updown-15m-1790401500,btc,15m,1790401500,fair_value,± 1 c,up,0.11,10,580,590,cancelled,True,135,0,0,0,False,False,,0,0.125,,,False,0,-0.11,-0,-0,0.0013706,,,,,0.0898782,1989335,2e moitié,BTC 15m
btc-updown-15m-1790401500,btc,15m,1790401500,fair_value,± 1 c,down,0.86,10,580,590,cancelled,True,160,160,0,0,False,False,,0,0.125,,,False,1,0.14,0,0,0.0016856,,,,,0.0898782,1989335,2e moitié,BTC 15m
btc-updown-15m-1790401500,btc,15m,1790401500,fair_value,± 1 c,up,0.07,10,590,600,partial,True,50,0,7.5914,0.75914,True,False,queue,7.5914,0.105,598.679,8.379,False,0,-0.07,-0.531398,-0.0531398,0.0009114,,,,,0.0536301,1989335,2e moitié,BTC 15m
btc-updown-15m-1790401500,btc,15m,1790401500,fair_value,± 1 c,down,0.89,10,590,600,cancelled,True,297.36,101.74,0,0,False,False,,100,0.105,,,False,1,0.11,0,0,0.0013706,,,,,0.0536301,1989335,2e moitié,BTC 15m
btc-updown-15m-1790401500,btc,15m,1790401500,fair_value,± 1 c,down,0.92,10,600,610,filled,True,108.86,0,10,1,True,True,queue,80.43,0.075,609.857,9.557,False,1,0.08,0.8,0.08,0.0010304,,,,,0.0823568,1989335,2e moitié,BTC 15m
btc-updown-15m-1790401500,btc,15m,1790401500,fair_value,± 1 c,up,0.07,10,610,620,cancelled,True,274.29,74.29,0,0,False,False,,0,0.155,,,False,0,-0.07,-0,-0,0.0009114,,,,,0.0680952,1989335,2e moitié,BTC 15m
btc-updown-15m-1790401500,btc,15m,1790401500,fair_value,± 1 c,up,0.05,10,620,630,cancelled,True,288.71,288.71,0,0,False,False,,0,0.145,,,False,0,-0.05,-0,-0,0.000665,,,,,0.0534044,1989335,2e moitié,BTC 15m
btc-updown-15m-1790401500,btc,15m,1790401500,fair_value,± 1 c,down,0.85,10,610,640,crossing,False,,,0,0,False,False,,0,0.155,,,False,1,0.15,0,0,0.001785,,,,,0.0403176,1989335,2e moitié,BTC 15m
btc-updown-15m-1790401500,btc,15m,1790401500,fair_value,± 1 c,down,0.87,10,640,650,cancelled,True,279.12,173,0,0,False,False,,0,0.125,,,False,1,0.13,0,0,0.0015834,,,,,0.0291179,1989335,2e moitié,BTC 15m
btc-updown-15m-1790401500,btc,15m,1790401500,fair_value,± 1 c,down,0.88,10,650,660,crossing,False,,,0,0,False,False,,0,0.125,,,False,1,0.12,0,0,0.0014784,,,,,0.0198865,1989335,2e moitié,BTC 15m
btc-updown-15m-1790401500,btc,15m,1790401500,fair_value,± 1 c,down,0.84,10,660,670,filled,True,138.31,0,10,1,True,True,queue,95.625,0.155,660.948,0.648,False,1,0.16,1.6,0.16,0.0018816,,,,,0.0615566,1989335,2e moitié,BTC 15m
btc-updown-15m-1790401500,btc,15m,1790401500,fair_value,± 1 c,up,0.05,10,670,680,cancelled,True,238.71,238.71,0,0,False,False,,0,0.225,,,False,0,-0.05,-0,-0,0.000665,,,,,0.0467051,1989335,2e moitié,BTC 15m
btc-updown-15m-1790401500,btc,15m,1790401500,fair_value,± 1 c,down,0.77,10,670,680,cancelled,True,133.18,107,0,0,False,False,,0,0.225,,,False,1,0.23,0,0,0.0024794,,,,,0.0467051,1989335,2e moitié,BTC 15m
btc-updown-15m-1790401500,btc,15m,1790401500,fair_value,± 1 c,down,0.83,10,680,690,cancelled,True,235.49,146.34,0,0,False,False,,0,0.165,,,False,1,0.17,0,0,0.0019754,,,,,0.0336519,1989335,2e moitié,BTC 15m
btc-updown-15m-1790401500,btc,15m,1790401500,fair_value,± 1 c,down,0.84,10,690,700,cancelled,True,176.37,56.16,0,0,False,False,,8.33,0.155,,,False,1,0.16,0,0,0.0018816,,,,,0.022853,1989335,2e moitié,BTC 15m
btc-updown-15m-1790401500,btc,15m,1790401500,fair_value,± 1 c,down,0.85,10,700,710,cancelled,True,177.77,157.5,0,0,False,False,,0,0.145,,,False,1,0.15,0,0,0.001785,,,,,0.0143954,1989335,2e moitié,BTC 15m
btc-updown-15m-1790401500,btc,15m,1790401500,fair_value,± 1 c,down,0.88,10,710,720,cancelled,True,53.78,40.0867,0,0,False,False,,13.6933,0.115,,,False,1,0.12,0,0,0.0014784,,,,,0.00825036,1989335,2e moitié,BTC 15m
btc-updown-15m-1790401500,btc,15m,1790401500,fair_value,± 1 c,down,0.89,10,720,730,cancelled,True,223.37,160,0,0,False,False,,0.97,0.105,,,False,1,0.11,0,0,0.0013706,,,,,0.00420502,1989335,2e moitié,BTC 15m
btc-updown-15m-1790401500,btc,15m,1790401500,fair_value,± 1 c,down,0.9,10,730,740,cancelled,True,276.15,0,0,0,False,False,,0,0.095,,,False,1,0.1,0,0,0.00126,,,,,0.0014187,1989335,2e moitié,BTC 15m
btc-updown-15m-1790401500,btc,15m,1790401500,fair_value,± 1 c,down,0.92,10,740,750,cancelled,True,195.59,73,0,0,False,False,,0,0.075,,,False,1,0.08,0,0,0.0010304,,,,,0.000480405,1989335,2e moitié,BTC 15m
btc-updown-15m-1790401500,btc,15m,1790401500,fair_value,± 1 c,down,0.93,10,750,760,cancelled,True,84.68,74.68,0,0,False,False,,0,0.065,,,False,1,0.07,0,0,0.0009114,,,,,0.000121835,1989335,2e moitié,BTC 15m
btc-updown-15m-1790401500,btc,15m,1790401500,fair_value,± 1 c,down,0.94,10,760,770,cancelled,True,251.3,145,0,0,False,False,,0,0.055,,,False,1,0.06,0,0,0.0007896,,,,,2.09062e-05,1989335,2e moitié,BTC 15m
btc-updown-15m-1790402400,btc,15m,1790402400,signal,0.48/S+0,up,0.48,10,-30,0,cancelled,True,203.33,60,0,0,False,False,,0,0.505,,,False,0,-0.48,-0,-0,0.0034944,0.48,0,7.9441e-08,,,1989336,2e moitié,BTC 15m
btc-updown-15m-1790402400,btc,15m,1790402400,signal,0.48/S+30,up,0.48,10,-30,30,cancelled,True,203.33,0,0,0,False,False,,0,0.505,,,False,0,-0.48,-0,-0,0.0034944,0.48,30,7.9441e-08,,,1989336,2e moitié,BTC 15m
btc-updown-15m-1790402400,btc,15m,1790402400,signal,0.48/S+60,up,0.48,10,-30,60,cancelled,True,203.33,0,0,0,False,False,,0,0.505,,,False,0,-0.48,-0,-0,0.0034944,0.48,60,7.9441e-08,,,1989336,2e moitié,BTC 15m
btc-updown-15m-1790402400,btc,15m,1790402400,signal,0.49/S+0,up,0.49,10,-30,0,cancelled,True,100,60,0,0,False,False,,0,0.505,,,False,0,-0.49,-0,-0,0.0034986,0.49,0,7.9441e-08,,,1989336,2e moitié,BTC 15m
btc-updown-15m-1790402400,btc,15m,1790402400,signal,0.49/S+30,up,0.49,10,-30,30,cancelled,True,100,0,0,0,False,False,,0,0.505,,,False,0,-0.49,-0,-0,0.0034986,0.49,30,7.9441e-08,,,1989336,2e moitié,BTC 15m
btc-updown-15m-1790402400,btc,15m,1790402400,signal,0.49/S+60,up,0.49,10,-30,60,cancelled,True,100,0,0,0,False,False,,0,0.505,,,False,0,-0.49,-0,-0,0.0034986,0.49,60,7.9441e-08,,,1989336,2e moitié,BTC 15m
btc-updown-15m-1790402400,btc,15m,1790402400,signal,0.50/S+0,up,0.5,10,-30,0,cancelled,True,266.84,205,0,0,False,False,,6,0.505,,,False,0,-0.5,-0,-0,0.0035,0.5,0,7.9441e-08,,,1989336,2e moitié,BTC 15m
btc-updown-15m-1790402400,btc,15m,1790402400,signal,0.50/S+30,up,0.5,10,-30,30,cancelled,True,266.84,5,0,0,False,False,,6,0.505,,,False,0,-0.5,-0,-0,0.0035,0.5,30,7.9441e-08,,,1989336,2e moitié,BTC 15m
btc-updown-15m-1790402400,btc,15m,1790402400,signal,0.50/S+60,up,0.5,10,-30,60,cancelled,True,266.84,5,0,0,False,False,,6,0.505,,,False,0,-0.5,-0,-0,0.0035,0.5,60,7.9441e-08,,,1989336,2e moitié,BTC 15m
btc-updown-15m-1790402400,btc,15m,1790402400,two_sided,0.49/S+0,up,0.49,10,-60,0,cancelled,True,100,60,0,0,False,False,,0,0.505,,,False,0,-0.49,-0,-0,0.0034986,0.49,0,,0,,1989336,2e moitié,BTC 15m
btc-updown-15m-1790402400,btc,15m,1790402400,two_sided,0.49/S+0,down,0.49,10,-60,0,filled,True,172.95,0,10,1,True,True,traversal,108.801,0.505,-14.875,44.825,False,1,0.51,5.1,0.51,0.0034986,0.49,0,,0,,1989336,2e moitié,BTC 15m
btc-updown-15m-1790402400,btc,15m,1790402400,two_sided,0.49/S+30,up,0.49,10,-60,30,cancelled,True,100,0,0,0,False,False,,0,0.505,,,False,0,-0.49,-0,-0,0.0034986,0.49,30,,30,,1989336,2e moitié,BTC 15m
btc-updown-15m-1790402400,btc,15m,1790402400,two_sided,0.49/S+30,down,0.49,10,-60,30,filled,True,172.95,0,10,1,True,True,traversal,108.801,0.505,-14.875,44.825,False,1,0.51,5.1,0.51,0.0034986,0.49,30,,30,,1989336,2e moitié,BTC 15m
btc-updown-15m-1790402400,btc,15m,1790402400,two_sided,0.49/S+60,up,0.49,10,-60,60,cancelled,True,100,0,0,0,False,False,,0,0.505,,,False,0,-0.49,-0,-0,0.0034986,0.49,60,,60,,1989336,2e moitié,BTC 15m
btc-updown-15m-1790402400,btc,15m,1790402400,two_sided,0.49/S+60,down,0.49,10,-60,60,filled,True,172.95,0,10,1,True,True,traversal,108.801,0.505,-14.875,44.825,False,1,0.51,5.1,0.51,0.0034986,0.49,60,,60,,1989336,2e moitié,BTC 15m
btc-updown-15m-1790402400,btc,15m,1790402400,fair_value,± 1 c,up,0.48,10,10,20,cancelled,True,110,15,0,0,False,False,,0,0.515,,,False,0,-0.48,-0,-0,0.0034944,,,,,0.500101,1989336,2e moitié,BTC 15m
btc-updown-15m-1790402400,btc,15m,1790402400,fair_value,± 1 c,down,0.48,10,10,30,filled,True,188.35,0,10,1,True,True,traversal,27.9231,0.515,20.273,9.973,False,1,0.52,5.2,0.52,0.0034944,,,,,0.500109,1989336,2e moitié,BTC 15m
btc-updown-15m-1790402400,btc,15m,1790402400,fair_value,± 1 c,up,0.49,10,20,40,cancelled,True,355,95,0,0,False,False,,0,0.525,,,False,0,-0.49,-0,-0,0.0034986,,,,,0.578385,1989336,2e moitié,BTC 15m
btc-updown-15m-1790402400,btc,15m,1790402400,fair_value,± 1 c,down,0.47,10,30,40,cancelled,True,43.73,0,0,0,False,False,,10.62,0.525,,,False,1,0.53,0,0,0.0034874,,,,,0.578385,1989336,2e moitié,BTC 15m
btc-updown-15m-1790402400,btc,15m,1790402400,fair_value,± 1 c,down,0.41,10,40,50,cancelled,True,765,580,0,0,False,False,,0,0.575,,,False,1,0.59,0,0,0.0033866,,,,,0.584082,1989336,2e moitié,BTC 15m
btc-updown-15m-1790402400,btc,15m,1790402400,fair_value,± 1 c,down,0.4,10,50,60,cancelled,True,595,590,0,0,False,False,,0,0.565,,,False,1,0.6,0,0,0.00336,,,,,0.590238,1989336,2e moitié,BTC 15m
btc-updown-15m-1790402400,btc,15m,1790402400,fair_value,± 1 c,up,0.56,10,40,70,filled,True,360,0,10,1,True,True,traversal,0,0.575,47.353,7.053,False,0,-0.56,-5.6,-0.56,0.0034496,,,,,0.596743,1989336,2e moitié,BTC 15m
btc-updown-15m-1790402400,btc,15m,1790402400,fair_value,± 1 c,down,0.39,10,60,80,cancelled,True,825,705,0,0,False,False,,0,0.565,,,False,1,0.61,0,0,0.0033306,,,,,0.603792,1989336,2e moitié,BTC 15m
btc-updown-15m-1790402400,btc,15m,1790402400,fair_value,± 1 c,up,0.57,10,70,90,cancelled,True,171.01,0,0,0,False,False,,0,0.575,,,False,0,-0.57,-0,-0,0.0034314,,,,,0.610895,1989336,2e moitié,BTC 15m
btc-updown-15m-1790402400,btc,15m,1790402400,fair_value,± 1 c,down,0.38,10,80,90,cancelled,True,2285,95,0,0,False,False,,0,0.575,,,False,1,0.62,0,0,0.0032984,,,,,0.610895,1989336,2e moitié,BTC 15m
btc-updown-15m-1790402400,btc,15m,1790402400,fair_value,± 1 c,up,0.53,10,90,100,crossing,False,,,0,0,False,False,,0,0.525,,,False,0,-0.53,-0,-0,0.0034874,,,,,0.618586,1989336,2e moitié,BTC 15m
btc-updown-15m-1790402400,btc,15m,1790402400,fair_value,± 1 c,down,0.37,10,90,110,cancelled,True,285,65,0,0,False,False,,0,0.525,,,False,1,0.63,0,0,0.0032634,,,,,0.626718,1989336,2e moitié,BTC 15m
btc-updown-15m-1790402400,btc,15m,1790402400,fair_value,± 1 c,down,0.36,10,110,120,cancelled,True,35,35,0,0,False,False,,0,0.515,,,False,1,0.64,0,0,0.0032256,,,,,0.635314,1989336,2e moitié,BTC 15m
btc-updown-15m-1790402400,btc,15m,1790402400,fair_value,± 1 c,up,0.51,10,100,130,filled,True,250,0,10,1,True,True,traversal,119,0.515,120.539,20.239,False,0,-0.51,-5.1,-0.51,0.0034986,,,,,0.379213,1989336,2e moitié,BTC 15m
btc-updown-15m-1790402400,btc,15m,1790402400,fair_value,± 1 c,down,0.35,10,120,130,cancelled,True,65,30,0,0,False,False,,0,0.515,,,False,1,0.65,0,0,0.003185,,,,,0.379213,1989336,2e moitié,BTC 15m
btc-updown-15m-1790402400,btc,15m,1790402400,fair_value,± 1 c,up,0.36,10,130,150,cancelled,True,251.39,15.39,0,0,False,False,,0,0.375,,,False,0,-0.36,-0,-0,0.0032256,,,,,0.313476,1989336,2e moitié,BTC 15m
btc-updown-15m-1790402400,btc,15m,1790402400,fair_value,± 1 c,down,0.61,10,130,150,cancelled,True,104,50,0,0,False,False,,0,0.375,,,False,1,0.39,0,0,0.0033306,,,,,0.313476,1989336,2e moitié,BTC 15m
btc-updown-15m-1790402400,btc,15m,1790402400,fair_value,± 1 c,up,0.3,10,150,160,cancelled,True,235,35,0,0,False,False,,0,0.365,,,False,0,-0.3,-0,-0,0.00294,,,,,0.264322,1989336,2e moitié,BTC 15m
btc-updown-15m-1790402400,btc,15m,1790402400,fair_value,± 1 c,down,0.63,10,150,160,cancelled,True,25,15,0,0,False,False,,0,0.365,,,False,1,0.37,0,0,0.0032634,,,,,0.264322,1989336,2e moitié,BTC 15m
btc-updown-15m-1790402400,btc,15m,1790402400,fair_value,± 1 c,up,0.25,10,160,170,cancelled,True,315.72,65.72,0,0,False,False,,0,0.315,,,False,0,-0.25,-0,-0,0.002625,,,,,0.234569,1989336,2e moitié,BTC 15m
btc-updown-15m-1790402400,btc,15m,1790402400,fair_value,± 1 c,down,0.68,10,160,170,filled,True,139.27,0,10,1,True,True,traversal,0,0.315,166.071,5.771,False,1,0.32,3.2,0.32,0.0030464,,,,,0.234569,1989336,2e moitié,BTC 15m
btc-updown-15m-1790402400,btc,15m,1790402400,fair_value,± 1 c,up,0.22,10,170,180,cancelled,True,15,15,0,0,False,False,,0,0.325,,,False,0,-0.22,-0,-0,0.0024024,,,,,0.219489,1989336,2e moitié,BTC 15m
btc-updown-15m-1790402400,btc,15m,1790402400,fair_value,± 1 c,up,0.2,10,180,190,cancelled,True,105.28,25.28,0,0,False,False,,0,0.325,,,False,0,-0.2,-0,-0,0.00224,,,,,0.204023,1989336,2e moitié,BTC 15m
btc-updown-15m-1790402400,btc,15m,1790402400,fair_value,± 1 c,down,0.67,10,170,190,cancelled,True,85,5,0,0,False,False,,10.6061,0.325,,,False,1,0.33,0,0,0.0030954,,,,,0.204023,1989336,2e moitié,BTC 15m
btc-updown-15m-1790402400,btc,15m,1790402400,fair_value,± 1 c,up,0.19,10,190,200,cancelled,True,5,5,0,0,False,False,,0,0.315,,,False,0,-0.19,-0,-0,0.0021546,,,,,0.188245,1989336,2e moitié,BTC 15m
btc-updown-15m-1790402400,btc,15m,1790402400,fair_value,± 1 c,down,0.68,10,190,200,filled,True,115,0,10,1,True,True,traversal,20,0.315,195.472,5.172,False,1,0.32,3.2,0.32,0.0030464,,,,,0.188245,1989336,2e moitié,BTC 15m
btc-updown-15m-1790402400,btc,15m,1790402400,fair_value,± 1 c,up,0.17,10,200,210,cancelled,True,35,35,0,0,False,False,,0,0.325,,,False,0,-0.17,-0,-0,0.0019754,,,,,0.172359,1989336,2e moitié,BTC 15m
btc-updown-15m-1790402400,btc,15m,1790402400,fair_value,± 1 c,down,0.67,10,200,210,filled,True,173.18,0,10,1,True,True,traversal,0,0.325,209.321,9.021,False,1,0.33,3.3,0.33,0.0030954,,,,,0.172359,1989336,2e moitié,BTC 15m
btc-updown-15m-1790402400,btc,15m,1790402400,fair_value,± 1 c,up,0.16,10,210,220,cancelled,True,36.25,31.25,0,0,False,False,,0,0.345,,,False,0,-0.16,-0,-0,0.0018816,,,,,0.156141,1989336,2e moitié,BTC 15m
btc-updown-15m-1790402400,btc,15m,1790402400,fair_value,± 1 c,down,0.65,10,210,220,filled,True,47.51,0,10,1,True,True,queue,82,0.345,210.474,0.174,False,1,0.35,3.5,0.35,0.003185,,,,,0.156141,1989336,2e moitié,BTC 15m
btc-updown-15m-1790402400,btc,15m,1790402400,fair_value,± 1 c,up,0.14,10,220,230,cancelled,True,106.42,106.42,0,0,False,False,,0,0.385,,,False,0,-0.14,-0,-0,0.0016856,,,,,0.140173,1989336,2e moitié,BTC 15m
btc-updown-15m-1790402400,btc,15m,1790402400,fair_value,± 1 c,down,0.61,10,220,230,cancelled,True,309.87,45,0,0,False,False,,0,0.385,,,False,1,0.39,0,0,0.0033306,,,,,0.140173,1989336,2e moitié,BTC 15m
btc-updown-15m-1790402400,btc,15m,1790402400,fair_value,± 1 c,up,0.13,10,230,240,cancelled,True,60,60,0,0,False,False,,0,0.365,,,False,0,-0.13,-0,-0,0.0015834,,,,,0.124154,1989336,2e moitié,BTC 15m
btc-updown-15m-1790402400,btc,15m,1790402400,fair_value,± 1 c,down,0.63,10,230,240,filled,True,202,0,10,1,True,True,queue,175,0.365,235.231,4.931,False,1,0.37,3.7,0.37,0.0032634,,,,,0.124154,1989336,2e moitié,BTC 15m
btc-updown-15m-1790402400,btc,15m,1790402400,fair_value,± 1 c,up,0.11,10,240,250,cancelled,True,93.14,93.14,0,0,False,False,,0,0.375,,,False,0,-0.11,-0,-0,0.0013706,,,,,0.108698,1989336,2e moitié,BTC 15m
btc-updown-15m-1790402400,btc,15m,1790402400,fair_value,± 1 c,down,0.62,10,240,250,cancelled,True,166.47,160,0,0,False,False,,0,0.375,,,False,1,0.38,0,0,0.0032984,,,,,0.108698,1989336,2e moitié,BTC 15m
btc-updown-15m-1790402400,btc,15m,1790402400,fair_value,± 1 c,up,0.09,10,250,260,cancelled,True,30,30,0,0,False,False,,0,0.365,,,False,0,-0.09,-0,-0,0.0011466,,,,,0.0936552,1989336,2e moitié,BTC 15m
btc-updown-15m-1790402400,btc,15m,1790402400,fair_value,± 1 c,down,0.63,10,250,260,filled,True,99.89,0,10,1,True,True,traversal,3.05405,0.365,256.076,5.776,False,1,0.37,3.7,0.37,0.0032634,,,,,0.0936552,1989336,2e moitié,BTC 15m
btc-updown-15m-1790402400,btc,15m,1790402400,fair_value,± 1 c,up,0.08,10,260,270,cancelled,True,37.46,37.46,0,0,False,False,,0,0.375,,,False,0,-0.08,-0,-0,0.0010304,,,,,0.079227,1989336,2e moitié,BTC 15m
btc-updown-15m-1790402400,btc,15m,1790402400,fair_value,± 1 c,down,0.62,10,260,270,cancelled,True,159.36,45,0,0,False,False,,0,0.375,,,False,1,0.38,0,0,0.0032984,,,,,0.079227,1989336,2e moitié,BTC 15m
btc-updown-15m-1790402400,btc,15m,1790402400,fair_value,± 1 c,up,0.06,10,270,280,cancelled,True,8.6,8.6,0,0,False,False,,0,0.335,,,False,0,-0.06,-0,-0,0.0007896,,,,,0.0658948,1989336,2e moitié,BTC 15m
btc-updown-15m-1790402400,btc,15m,1790402400,fair_value,± 1 c,up,0.05,10,280,290,expired,True,446,446,0,0,False,False,,0,0.335,,,False,0,-0.05,-0,-0,0.000665,,,,,0.0535444,1989336,2e moitié,BTC 15m
btc-updown-15m-1790402400,btc,15m,1790402400,fair_value,± 1 c,down,0.66,10,270,290,expired,True,171.84,35,0,0,False,False,,0,0.335,,,False,1,0.34,0,0,0.0031416,,,,,0.0535444,1989336,2e moitié,BTC 15m
btc-updown-15m-1790402400,btc,15m,1790402400,fair_value,± 1 c,down,0.68,10,290,300,no_book,False,,,0,0,False,False,,0,,,,False,1,0.32,0,0,0.0030464,,,,,0.564846,1989336,2e moitié,BTC 15m
btc-updown-15m-1790402400,btc,15m,1790402400,fair_value,± 1 c,down,0.42,10,300,320,no_book,False,,,0,0,False,False,,0,,,,False,1,0.58,0,0,0.0034104,,,,,0.574025,1989336,2e moitié,BTC 15m
btc-updown-15m-1790402400,btc,15m,1790402400,fair_value,± 1 c,down,0.41,10,320,340,no_book,False,,,0,0,False,False,,0,,,,False,1,0.59,0,0,0.0033866,,,,,0.584629,1989336,2e moitié,BTC 15m
btc-updown-15m-1790402400,btc,15m,1790402400,fair_value,± 1 c,down,0.4,10,340,350,no_book,False,,,0,0,False,False,,0,,,,False,1,0.6,0,0,0.00336,,,,,0.590396,1989336,2e moitié,BTC 15m
btc-updown-15m-1790402400,btc,15m,1790402400,fair_value,± 1 c,down,0.39,10,350,370,no_book,False,,,0,0,False,False,,0,,,,False,1,0.61,0,0,0.0033306,,,,,0.60328,1989336,2e moitié,BTC 15m
btc-updown-15m-1790402400,btc,15m,1790402400,fair_value,± 1 c,down,0.38,10,370,380,no_book,False,,,0,0,False,False,,0,,,,False,1,0.62,0,0,0.0032984,,,,,0.610466,1989336,2e moitié,BTC 15m
btc-updown-15m-1790402400,btc,15m,1790402400,fair_value,± 1 c,down,0.37,10,380,400,no_book,False,,,0,0,False,False,,0,,,,False,1,0.63,0,0,0.0032634,,,,,0.626095,1989336,2e moitié,BTC 15m
btc-updown-15m-1790402400,btc,15m,1790402400,fair_value,± 1 c,down,0.36,10,400,410,no_book,False,,,0,0,False,False,,0,,,,False,1,0.64,0,0,0.0032256,,,,,0.634748,1989336,2e moitié,BTC 15m
btc-updown-15m-1790402400,btc,15m,1790402400,fair_value,± 1 c,down,0.35,10,410,420,no_book,False,,,0,0,False,False,,0,,,,False,1,0.65,0,0,0.003185,,,,,0.643973,1989336,2e moitié,BTC 15m
btc-updown-15m-1790402400,btc,15m,1790402400,fair_value,± 1 c,down,0.34,10,420,430,no_book,False,,,0,0,False,False,,0,,,,False,1,0.66,0,0,0.0031416,,,,,0.653802,1989336,2e moitié,BTC 15m
btc-updown-15m-1790402400,btc,15m,1790402400,fair_value,± 1 c,down,0.33,10,430,440,no_book,False,,,0,0,False,False,,0,,,,False,1,0.67,0,0,0.0030954,,,,,0.664263,1989336,2e moitié,BTC 15m
btc-updown-15m-1790402400,btc,15m,1790402400,fair_value,± 1 c,down,0.32,10,440,450,no_book,False,,,0,0,False,False,,0,,,,False,1,0.68,0,0,0.0030464,,,,,0.675383,1989336,2e moitié,BTC 15m
btc-updown-15m-1790402400,btc,15m,1790402400,fair_value,± 1 c,down,0.31,10,450,460,no_book,False,,,0,0,False,False,,0,,,,False,1,0.69,0,0,0.0029946,,,,,0.687187,1989336,2e moitié,BTC 15m
btc-updown-15m-1790402400,btc,15m,1790402400,fair_value,± 1 c,down,0.3,10,460,470,no_book,False,,,0,0,False,False,,0,,,,False,1,0.7,0,0,0.00294,,,,,0.672235,1989336,2e moitié,BTC 15m
btc-updown-15m-1790402400,btc,15m,1790402400,fair_value,± 1 c,down,0.31,10,470,480,no_book,False,,,0,0,False,False,,0,,,,False,1,0.69,0,0,0.0029946,,,,,0.653677,1989336,2e moitié,BTC 15m
btc-updown-15m-1790402400,btc,15m,1790402400,fair_value,± 1 c,down,0.33,10,480,490,no_book,False,,,0,0,False,False,,0,,,,False,1,0.67,0,0,0.0030954,,,,,0.408871,1989336,2e moitié,BTC 15m
btc-updown-15m-1790402400,btc,15m,1790402400,fair_value,± 1 c,down,0.58,10,490,510,no_book,False,,,0,0,False,False,,0,,,,False,1,0.42,0,0,0.0034104,,,,,0.395127,1989336,2e moitié,BTC 15m
btc-updown-15m-1790402400,btc,15m,1790402400,fair_value,± 1 c,down,0.59,10,510,520,no_book,False,,,0,0,False,False,,0,,,,False,1,0.41,0,0,0.0033866,,,,,0.387469,1989336,2e moitié,BTC 15m
btc-updown-15m-1790402400,btc,15m,1790402400,fair_value,± 1 c,down,0.6,10,520,530,no_book,False,,,0,0,False,False,,0,,,,False,1,0.4,0,0,0.00336,,,,,0.379236,1989336,2e moitié,BTC 15m
btc-updown-15m-1790402400,btc,15m,1790402400,fair_value,± 1 c,down,0.61,10,530,550,no_book,False,,,0,0,False,False,,0,,,,False,1,0.39,0,0,0.0033306,,,,,0.360876,1989336,2e moitié,BTC 15m
btc-updown-15m-1790402400,btc,15m,1790402400,fair_value,± 1 c,down,0.62,10,550,560,no_book,False,,,0,0,False,False,,0,,,,False,1,0.38,0,0,0.0032984,,,,,0.35066,1989336,2e moitié,BTC 15m
btc-updown-15m-1790402400,btc,15m,1790402400,fair_value,± 1 c,down,0.63,10,560,570,no_book,False,,,0,0,False,False,,0,,,,False,1,0.37,0,0,0.0032634,,,,,0.339694,1989336,2e moitié,BTC 15m
btc-updown-15m-1790402400,btc,15m,1790402400,fair_value,± 1 c,down,0.65,10,570,580,no_book,False,,,0,0,False,False,,0,,,,False,1,0.35,0,0,0.003185,,,,,0.506378,1989336,2e moitié,BTC 15m
btc-updown-15m-1790402400,btc,15m,1790402400,fair_value,± 1 c,down,0.48,10,580,590,no_book,False,,,0,0,False,False,,0,,,,False,1,0.52,0,0,0.0034944,,,,,0.615901,1989336,2e moitié,BTC 15m
btc-updown-15m-1790402400,btc,15m,1790402400,fair_value,± 1 c,down,0.37,10,590,600,no_book,False,,,0,0,False,False,,0,,,,False,1,0.63,0,0,0.0032634,,,,,0.624838,1989336,2e moitié,BTC 15m
btc-updown-15m-1790402400,btc,15m,1790402400,fair_value,± 1 c,down,0.36,10,600,610,no_book,False,,,0,0,False,False,,0,,,,False,1,0.64,0,0,0.0032256,,,,,0.634507,1989336,2e moitié,BTC 15m
btc-updown-15m-1790402400,btc,15m,1790402400,fair_value,± 1 c,down,0.35,10,610,620,no_book,False,,,0,0,False,False,,0,,,,False,1,0.65,0,0,0.003185,,,,,0.64475,1989336,2e moitié,BTC 15m
btc-updown-15m-1790402400,btc,15m,1790402400,fair_value,± 1 c,down,0.34,10,620,630,no_book,False,,,0,0,False,False,,0,,,,False,1,0.66,0,0,0.0031416,,,,,0.656054,1989336,2e moitié,BTC 15m
btc-updown-15m-1790402400,btc,15m,1790402400,fair_value,± 1 c,down,0.33,10,630,640,no_book,False,,,0,0,False,False,,0,,,,False,1,0.67,0,0,0.0030954,,,,,0.668531,1989336,2e moitié,BTC 15m
btc-updown-15m-1790402400,btc,15m,1790402400,fair_value,± 1 c,down,0.32,10,640,650,no_book,False,,,0,0,False,False,,0,,,,False,1,0.68,0,0,0.0030464,,,,,0.681501,1989336,2e moitié,BTC 15m
btc-updown-15m-1790402400,btc,15m,1790402400,fair_value,± 1 c,down,0.3,10,650,660,no_book,False,,,0,0,False,False,,0,,,,False,1,0.7,0,0,0.00294,,,,,0.696066,1989336,2e moitié,BTC 15m
btc-updown-15m-1790402400,btc,15m,1790402400,fair_value,± 1 c,down,0.29,10,660,670,no_book,False,,,0,0,False,False,,0,,,,False,1,0.71,0,0,0.0028826,,,,,0.711494,1989336,2e moitié,BTC 15m
btc-updown-15m-1790402400,btc,15m,1790402400,fair_value,± 1 c,down,0.27,10,670,680,no_book,False,,,0,0,False,False,,0,,,,False,1,0.73,0,0,0.0027594,,,,,0.728113,1989336,2e moitié,BTC 15m
btc-updown-15m-1790402400,btc,15m,1790402400,fair_value,± 1 c,down,0.26,10,680,690,no_book,False,,,0,0,False,False,,0,,,,False,1,0.74,0,0,0.0026936,,,,,0.745971,1989336,2e moitié,BTC 15m
btc-updown-15m-1790402400,btc,15m,1790402400,fair_value,± 1 c,down,0.24,10,690,700,no_book,False,,,0,0,False,False,,0,,,,False,1,0.76,0,0,0.0025536,,,,,0.7651,1989336,2e moitié,BTC 15m
btc-updown-15m-1790402400,btc,15m,1790402400,fair_value,± 1 c,down,0.22,10,700,710,no_book,False,,,0,0,False,False,,0,,,,False,1,0.78,0,0,0.0024024,,,,,0.785133,1989336,2e moitié,BTC 15m
btc-updown-15m-1790402400,btc,15m,1790402400,fair_value,± 1 c,down,0.2,10,710,720,no_book,False,,,0,0,False,False,,0,,,,False,1,0.8,0,0,0.00224,,,,,0.80712,1989336,2e moitié,BTC 15m
btc-updown-15m-1790402400,btc,15m,1790402400,fair_value,± 1 c,down,0.18,10,720,730,no_book,False,,,0,0,False,False,,0,,,,False,1,0.82,0,0,0.0020664,,,,,0.829472,1989336,2e moitié,BTC 15m
btc-updown-15m-1790402400,btc,15m,1790402400,fair_value,± 1 c,down,0.16,10,730,740,no_book,False,,,0,0,False,False,,0,,,,False,1,0.84,0,0,0.0018816,,,,,0.913363,1989336,2e moitié,BTC 15m
btc-updown-15m-1790402400,btc,15m,1790402400,fair_value,± 1 c,down,0.07,10,740,750,no_book,False,,,0,0,False,False,,0,,,,False,1,0.93,0,0,0.0009114,,,,,0.934266,1989336,2e moitié,BTC 15m
btc-updown-15m-1790402400,btc,15m,1790402400,fair_value,± 1 c,down,0.05,10,750,760,no_book,False,,,0,0,False,False,,0,,,,False,1,0.95,0,0,0.000665,,,,,0.952973,1989336,2e moitié,BTC 15m
btc-updown-15m-1790402400,btc,15m,1790402400,fair_value,± 1 c,down,0.27,10,790,800,no_book,False,,,0,0,False,False,,0,,,,False,1,0.73,0,0,0.0027594,,,,,0.736783,1989336,2e moitié,BTC 15m
btc-updown-15m-1790402400,btc,15m,1790402400,fair_value,± 1 c,down,0.25,10,800,810,no_book,False,,,0,0,False,False,,0,,,,False,1,0.75,0,0,0.002625,,,,,0.768885,1989336,2e moitié,BTC 15m
btc-updown-15m-1790402400,btc,15m,1790402400,fair_value,± 1 c,down,0.22,10,810,820,no_book,False,,,0,0,False,False,,0,,,,False,1,0.78,0,0,0.0024024,,,,,0.808077,1989336,2e moitié,BTC 15m
btc-updown-15m-1790402400,btc,15m,1790402400,fair_value,± 1 c,down,0.18,10,820,830,no_book,False,,,0,0,False,False,,0,,,,False,1,0.82,0,0,0.0020664,,,,,0.85664,1989336,2e moitié,BTC 15m
btc-updown-15m-1790402400,btc,15m,1790402400,fair_value,± 1 c,up,0.31,10,300,840,no_book,False,,,0,0,False,False,,0,,,,False,0,-0.31,-0,-0,0.0029946,,,,,0.130625,1989336,2e moitié,BTC 15m
btc-updown-15m-1790402400,btc,15m,1790402400,fair_value,± 1 c,down,0.13,10,830,840,no_book,False,,,0,0,False,False,,0,,,,False,1,0.87,0,0,0.0015834,,,,,0.130625,1989336,2e moitié,BTC 15m
btc-updown-15m-1790402400,btc,15m,1790402400,fair_value,± 1 c,up,0.12,10,840,850,no_book,False,,,0,0,False,False,,0,,,,False,0,-0.12,-0,-0,0.0014784,,,,,0.00930684,1989336,2e moitié,BTC 15m
btc-updown-15m-1790402400,btc,15m,1790402400,fair_value,± 1 c,down,0.68,10,840,890,no_book,False,,,0,0,False,False,,0,,,,False,1,0.32,0,0,0.0030464,,,,,,1989336,2e moitié,BTC 15m
btc-updown-5m-1790397300,btc,5m,1790397300,signal,0.48/S+0,down,0.48,10,-30,0,crossing,False,,,0,0,False,False,,0,0.535,,,True,0,-0.48,-0,-0,0.0034944,0.48,0,-1.65638e-06,,,1989330,1re moitié,BTC 5m
btc-updown-5m-1790397300,btc,5m,1790397300,signal,0.48/S+30,down,0.48,10,-30,30,crossing,False,,,0,0,False,False,,0,0.535,,,True,0,-0.48,-0,-0,0.0034944,0.48,30,-1.65638e-06,,,1989330,1re moitié,BTC 5m
btc-updown-5m-1790397300,btc,5m,1790397300,signal,0.48/S+60,down,0.48,10,-30,60,crossing,False,,,0,0,False,False,,0,0.535,,,True,0,-0.48,-0,-0,0.0034944,0.48,60,-1.65638e-06,,,1989330,1re moitié,BTC 5m
btc-updown-5m-1790397300,btc,5m,1790397300,signal,0.49/S+0,down,0.49,10,-30,0,crossing,False,,,0,0,False,False,,0,0.535,,,True,0,-0.49,-0,-0,0.0034986,0.49,0,-1.65638e-06,,,1989330,1re moitié,BTC 5m
btc-updown-5m-1790397300,btc,5m,1790397300,signal,0.49/S+30,down,0.49,10,-30,30,crossing,False,,,0,0,False,False,,0,0.535,,,True,0,-0.49,-0,-0,0.0034986,0.49,30,-1.65638e-06,,,1989330,1re moitié,BTC 5m
btc-updown-5m-1790397300,btc,5m,1790397300,signal,0.49/S+60,down,0.49,10,-30,60,crossing,False,,,0,0,False,False,,0,0.535,,,True,0,-0.49,-0,-0,0.0034986,0.49,60,-1.65638e-06,,,1989330,1re moitié,BTC 5m
btc-updown-5m-1790397300,btc,5m,1790397300,signal,0.50/S+0,down,0.5,10,-30,0,crossing,False,,,0,0,False,False,,0,0.535,,,True,0,-0.5,-0,-0,0.0035,0.5,0,-1.65638e-06,,,1989330,1re moitié,BTC 5m
btc-updown-5m-1790397300,btc,5m,1790397300,signal,0.50/S+30,down,0.5,10,-30,30,crossing,False,,,0,0,False,False,,0,0.535,,,True,0,-0.5,-0,-0,0.0035,0.5,30,-1.65638e-06,,,1989330,1re moitié,BTC 5m
btc-updown-5m-1790397300,btc,5m,1790397300,signal,0.50/S+60,down,0.5,10,-30,60,crossing,False,,,0,0,False,False,,0,0.535,,,True,0,-0.5,-0,-0,0.0035,0.5,60,-1.65638e-06,,,1989330,1re moitié,BTC 5m
btc-updown-5m-1790397300,btc,5m,1790397300,two_sided,0.49/S+0,up,0.49,10,-60,0,filled,True,205.1,0,10,1,True,True,traversal,0,0.53,-7.841,51.859,True,1,0.51,5.1,0.51,0.0034986,0.49,0,,0,,1989330,1re moitié,BTC 5m
btc-updown-5m-1790397300,btc,5m,1790397300,two_sided,0.49/S+0,down,0.49,10,-60,0,crossing,False,,,0,0,False,False,,0,0.53,,,True,0,-0.49,-0,-0,0.0034986,0.49,0,,0,,1989330,1re moitié,BTC 5m
btc-updown-5m-1790397300,btc,5m,1790397300,two_sided,0.49/S+30,up,0.49,10,-60,30,filled,True,205.1,0,10,1,True,True,traversal,0,0.53,-7.841,51.859,True,1,0.51,5.1,0.51,0.0034986,0.49,30,,30,,1989330,1re moitié,BTC 5m
btc-updown-5m-1790397300,btc,5m,1790397300,two_sided,0.49/S+30,down,0.49,10,-60,30,crossing,False,,,0,0,False,False,,0,0.53,,,True,0,-0.49,-0,-0,0.0034986,0.49,30,,30,,1989330,1re moitié,BTC 5m
btc-updown-5m-1790397300,btc,5m,1790397300,two_sided,0.49/S+60,up,0.49,10,-60,60,filled,True,205.1,0,10,1,True,True,traversal,0,0.53,-7.841,51.859,True,1,0.51,5.1,0.51,0.0034986,0.49,60,,60,,1989330,1re moitié,BTC 5m
btc-updown-5m-1790397300,btc,5m,1790397300,two_sided,0.49/S+60,down,0.49,10,-60,60,crossing,False,,,0,0,False,False,,0,0.53,,,True,0,-0.49,-0,-0,0.0034986,0.49,60,,60,,1989330,1re moitié,BTC 5m
btc-updown-5m-1790397300,btc,5m,1790397300,fair_value,± 1 c,up,0.24,10,10,20,filled,True,751.44,0,10,1,True,True,traversal,295.303,0.245,13.82,3.52,True,1,0.76,7.6,0.76,0.0025536,,,,,0.296337,1989330,1re moitié,BTC 5m
btc-updown-5m-1790397300,btc,5m,1790397300,fair_value,± 1 c,down,0.67,10,10,20,cancelled,True,369,321,0,0,False,False,,0,0.245,,,True,0,-0.67,-0,-0,0.0030954,,,,,0.296337,1989330,1re moitié,BTC 5m
btc-updown-5m-1790397300,btc,5m,1790397300,fair_value,± 1 c,up,0.22,10,20,30,filled,True,55,0,10,1,True,True,queue,49,0.225,22.23,1.93,True,1,0.78,7.8,0.78,0.0024024,,,,,0.279004,1989330,1re moitié,BTC 5m
btc-updown-5m-1790397300,btc,5m,1790397300,fair_value,± 1 c,down,0.69,10,20,30,cancelled,True,375,347,0,0,False,False,,0,0.225,,,True,0,-0.69,-0,-0,0.0029946,,,,,0.279004,1989330,1re moitié,BTC 5m
btc-updown-5m-1790397300,btc,5m,1790397300,fair_value,± 1 c,up,0.2,10,30,40,filled,True,83,0,10,1,True,True,traversal,47,0.205,33.413,3.113,True,1,0.8,8,0.8,0.00224,,,,,0.260725,1989330,1re moitié,BTC 5m
btc-updown-5m-1790397300,btc,5m,1790397300,fair_value,± 1 c,down,0.71,10,30,40,cancelled,True,1057,283,0,0,False,False,,0,0.205,,,True,0,-0.71,-0,-0,0.0028826,,,,,0.260725,1989330,1re moitié,BTC 5m
btc-updown-5m-1790397300,btc,5m,1790397300,fair_value,± 1 c,up,0.19,10,40,50,cancelled,True,204,112.89,0,0,False,False,,11.5679,0.195,,,True,1,0.81,0,0,0.0021546,,,,,0.393825,1989330,1re moitié,BTC 5m
btc-updown-5m-1790397300,btc,5m,1790397300,fair_value,± 1 c,down,0.72,10,40,50,filled,True,349,0,10,1,True,True,traversal,0,0.195,42.631,2.331,True,0,-0.72,-7.2,-0.72,0.0028224,,,,,0.393825,1989330,1re moitié,BTC 5m
btc-updown-5m-1790397300,btc,5m,1790397300,fair_value,± 1 c,up,0.38,10,50,60,cancelled,True,233,45,0,0,False,False,,0,0.395,,,True,1,0.62,0,0,0.0032984,,,,,0.483051,1989330,1re moitié,BTC 5m
btc-updown-5m-1790397300,btc,5m,1790397300,fair_value,± 1 c,down,0.59,10,50,60,filled,True,37,0,10,1,True,True,traversal,0,0.395,50.438,0.138,True,0,-0.59,-5.9,-0.59,0.0033866,,,,,0.483051,1989330,1re moitié,BTC 5m
btc-updown-5m-1790397300,btc,5m,1790397300,fair_value,± 1 c,up,0.47,10,60,70,filled,True,127.23,0,10,1,True,True,traversal,0,0.505,62.039,1.739,True,1,0.53,5.3,0.53,0.0034874,,,,,0.554121,1989330,1re moitié,BTC 5m
btc-updown-5m-1790397300,btc,5m,1790397300,fair_value,± 1 c,down,0.49,10,60,70,filled,True,223.95,0,10,1,True,True,traversal,0,0.505,61.115,0.815,True,0,-0.49,-4.9,-0.49,0.0034986,,,,,0.554121,1989330,1re moitié,BTC 5m
btc-updown-5m-1790397300,btc,5m,1790397300,fair_value,± 1 c,down,0.41,10,70,80,cancelled,True,82,0,0,0,False,False,,1.69491,0.585,,,True,0,-0.41,-0,-0,0.0033866,,,,,0.559231,1989330,1re moitié,BTC 5m
btc-updown-5m-1790397300,btc,5m,1790397300,fair_value,± 1 c,up,0.54,10,70,90,filled,True,313,0,10,1,True,True,traversal,0,0.585,71.143,0.843,True,1,0.46,4.6,0.46,0.0034776,,,,,0.566964,1989330,1re moitié,BTC 5m
btc-updown-5m-1790397300,btc,5m,1790397300,fair_value,± 1 c,down,0.43,10,80,90,filled,True,68,0,10,1,True,True,traversal,25,0.555,82.313,2.013,True,0,-0.43,-4.3,-0.43,0.0034314,,,,,0.566964,1989330,1re moitié,BTC 5m
btc-updown-5m-1790397300,btc,5m,1790397300,fair_value,± 1 c,up,0.55,10,90,100,filled,True,339.82,0,10,1,True,True,queue,27.217,0.615,99.297,8.997,True,1,0.45,4.5,0.45,0.003465,,,,,0.571107,1989330,1re moitié,BTC 5m
btc-updown-5m-1790397300,btc,5m,1790397300,fair_value,± 1 c,down,0.38,10,90,100,filled,True,1115.4,0,10,1,True,True,traversal,743.29,0.615,94.83,4.53,True,0,-0.38,-3.8,-0.38,0.0032984,,,,,0.571107,1989330,1re moitié,BTC 5m
btc-updown-5m-1790397300,btc,5m,1790397300,fair_value,± 1 c,up,0.49,10,100,110,filled,True,251,0,10,1,True,True,queue,82.6471,0.495,105.23,4.93,True,1,0.51,5.1,0.51,0.0034986,,,,,0.578044,1989330,1re moitié,BTC 5m
btc-updown-5m-1790397300,btc,5m,1790397300,fair_value,± 1 c,up,0.54,10,110,120,cancelled,True,967.75,70.12,0,0,False,False,,0,0.555,,,True,1,0.46,0,0,0.0034776,,,,,0.585956,1989330,1re moitié,BTC 5m
btc-updown-5m-1790397300,btc,5m,1790397300,fair_value,± 1 c,down,0.41,10,100,120,filled,True,40.77,0,10,1,True,True,queue,31,0.495,112.984,12.684,True,0,-0.41,-4.1,-0.41,0.0033866,,,,,0.585956,1989330,1re moitié,BTC 5m
btc-updown-5m-1790397300,btc,5m,1790397300,fair_value,± 1 c,up,0.57,10,120,130,filled,True,5,0,10,1,True,True,queue,25,0.595,122.442,2.142,True,1,0.43,4.3,0.43,0.0034314,,,,,0.594463,1989330,1re moitié,BTC 5m
btc-updown-5m-1790397300,btc,5m,1790397300,fair_value,± 1 c,down,0.4,10,120,130,cancelled,True,1098.92,45,0,0,False,False,,111.7,0.595,,,True,0,-0.4,-0,-0,0.00336,,,,,0.594463,1989330,1re moitié,BTC 5m
btc-updown-5m-1790397300,btc,5m,1790397300,fair_value,± 1 c,down,0.39,10,130,140,filled,True,140.84,0,10,1,True,True,queue,330.056,0.585,134.597,4.297,True,0,-0.39,-3.9,-0.39,0.0033306,,,,,0.604455,1989330,1re moitié,BTC 5m
btc-updown-5m-1790397300,btc,5m,1790397300,fair_value,± 1 c,up,0.58,10,130,150,filled,True,275.61,0,10,1,True,True,queue,234.663,0.585,142.04,11.74,True,1,0.42,4.2,0.42,0.0034104,,,,,0.615572,1989330,1re moitié,BTC 5m
btc-updown-5m-1790397300,btc,5m,1790397300,fair_value,± 1 c,down,0.38,10,140,150,cancelled,True,322,50,0,0,False,False,,0,0.585,,,True,0,-0.38,-0,-0,0.0032984,,,,,0.615572,1989330,1re moitié,BTC 5m
btc-updown-5m-1790397300,btc,5m,1790397300,fair_value,± 1 c,up,0.51,10,150,160,filled,True,373.85,0,10,1,True,True,queue,103.397,0.515,152.233,1.933,True,1,0.49,4.9,0.49,0.0034986,,,,,0.496369,1989330,1re moitié,BTC 5m
btc-updown-5m-1790397300,btc,5m,1790397300,fair_value,± 1 c,down,0.37,10,150,160,cancelled,True,294,56.2,0,0,False,False,,0,0.515,,,True,0,-0.37,-0,-0,0.0032634,,,,,0.496369,1989330,1re moitié,BTC 5m
btc-updown-5m-1790397300,btc,5m,1790397300,fair_value,± 1 c,up,0.28,10,160,170,filled,True,738.94,0,10,1,True,True,traversal,16.3711,0.285,163.093,2.793,True,1,0.72,7.2,0.72,0.0028224,,,,,0.326019,1989330,1re moitié,BTC 5m
btc-updown-5m-1790397300,btc,5m,1790397300,fair_value,± 1 c,down,0.49,10,160,170,cancelled,True,80.4,80.4,0,0,False,False,,0,0.285,,,True,0,-0.49,-0,-0,0.0034986,,,,,0.326019,1989330,1re moitié,BTC 5m
btc-updown-5m-1790397300,btc,5m,1790397300,fair_value,± 1 c,up,0.16,10,170,180,filled,True,707.04,0,10,1,True,True,queue,576.854,0.165,171.235,0.935,True,1,0.84,8.4,0.84,0.0018816,,,,,0.306118,1989330,1re moitié,BTC 5m
btc-updown-5m-1790397300,btc,5m,1790397300,fair_value,± 1 c,down,0.66,10,170,180,cancelled,True,259.6,249.6,0,0,False,False,,0,0.165,,,True,0,-0.66,-0,-0,0.0031416,,,,,0.306118,1989330,1re moitié,BTC 5m
btc-updown-5m-1790397300,btc,5m,1790397300,fair_value,± 1 c,up,0.14,10,180,190,filled,True,579.6,0,10,1,True,True,queue,55,0.155,188.521,8.221,True,1,0.86,8.6,0.86,0.0016856,,,,,0.282357,1989330,1re moitié,BTC 5m
btc-updown-5m-1790397300,btc,5m,1790397300,fair_value,± 1 c,down,0.68,10,180,190,cancelled,True,343.9,279.9,0,0,False,False,,0,0.155,,,True,0,-0.68,-0,-0,0.0030464,,,,,0.282357,1989330,1re moitié,BTC 5m
btc-updown-5m-1790397300,btc,5m,1790397300,fair_value,± 1 c,up,0.13,10,190,200,filled,True,12.41,0,10,1,True,True,queue,213.793,0.135,190.972,0.672,True,1,0.87,8.7,0.87,0.0015834,,,,,0.254969,1989330,1re moitié,BTC 5m
btc-updown-5m-1790397300,btc,5m,1790397300,fair_value,± 1 c,down,0.7,10,190,200,cancelled,True,281.4,250.4,0,0,False,False,,0,0.135,,,True,0,-0.7,-0,-0,0.00294,,,,,0.254969,1989330,1re moitié,BTC 5m
btc-updown-5m-1790397300,btc,5m,1790397300,fair_value,± 1 c,up,0.11,10,200,210,filled,True,1086.64,0,10,1,True,True,queue,975.71,0.115,201.3,1,True,1,0.89,8.9,0.89,0.0013706,,,,,0.221592,1989330,1re moitié,BTC 5m
btc-updown-5m-1790397300,btc,5m,1790397300,fair_value,± 1 c,down,0.73,10,200,210,cancelled,True,267.2,251.2,0,0,False,False,,0,0.115,,,True,0,-0.73,-0,-0,0.0027594,,,,,0.221592,1989330,1re moitié,BTC 5m
btc-updown-5m-1790397300,btc,5m,1790397300,fair_value,± 1 c,up,0.09,10,210,220,crossing,False,,,0,0,False,False,,0,0.085,,,True,1,0.91,0,0,0.0011466,,,,,0.181942,1989330,1re moitié,BTC 5m
btc-updown-5m-1790397300,btc,5m,1790397300,fair_value,± 1 c,down,0.76,10,210,220,cancelled,True,74.3,74.3,0,0,False,False,,0,0.085,,,True,0,-0.76,-0,-0,0.0025536,,,,,0.181942,1989330,1re moitié,BTC 5m
btc-updown-5m-1790397300,btc,5m,1790397300,fair_value,± 1 c,up,0.06,10,220,230,cancelled,True,521.2,500.2,0,0,False,False,,21,0.065,,,True,1,0.94,0,0,0.0007896,,,,,0.654355,1989330,1re moitié,BTC 5m
btc-updown-5m-1790397300,btc,5m,1790397300,fair_value,± 1 c,down,0.8,10,220,230,filled,True,322.3,0,10,1,True,True,traversal,0,0.065,220.834,0.534,True,0,-0.8,-8,-0.8,0.00224,,,,,0.654355,1989330,1re moitié,BTC 5m
btc-updown-5m-1790397300,btc,5m,1790397300,fair_value,± 1 c,down,0.33,10,230,240,filled,True,85,0,10,1,True,True,traversal,0,0.655,238.218,7.918,True,0,-0.33,-3.3,-0.33,0.0030954,,,,,0.776189,1989330,1re moitié,BTC 5m
btc-updown-5m-1790397300,btc,5m,1790397300,fair_value,± 1 c,up,0.64,10,230,250,filled,True,551,0,10,1,True,True,queue,200,0.655,230.874,0.574,True,1,0.36,3.6,0.36,0.0032256,,,,,0.855043,1989330,1re moitié,BTC 5m
btc-updown-5m-1790397300,btc,5m,1790397300,fair_value,± 1 c,down,0.21,10,240,250,filled,True,213,0,10,1,True,True,queue,13.0527,0.685,244.395,4.095,True,0,-0.21,-2.1,-0.21,0.0023226,,,,,0.855043,1989330,1re moitié,BTC 5m
btc-updown-5m-1790397300,btc,5m,1790397300,fair_value,± 1 c,up,0.84,10,250,260,filled,True,45,0,10,1,True,True,traversal,31.25,0.855,256.449,6.149,True,1,0.16,1.6,0.16,0.0018816,,,,,0.9413,1989330,1re moitié,BTC 5m
btc-updown-5m-1790397300,btc,5m,1790397300,fair_value,± 1 c,down,0.13,10,250,260,filled,True,433.49,0,10,1,True,True,traversal,0,0.855,251.428,1.128,True,0,-0.13,-1.3,-0.13,0.0015834,,,,,0.9413,1989330,1re moitié,BTC 5m
btc-updown-5m-1790397300,btc,5m,1790397300,fair_value,± 1 c,up,0.87,10,260,270,cancelled,True,91,30,0,0,False,False,,17.0446,0.875,,,True,1,0.13,0,0,0.0015834,,,,,0.994706,1989330,1re moitié,BTC 5m
btc-updown-5m-1790397300,btc,5m,1790397300,fair_value,± 1 c,up,0.94,10,270,280,filled,True,10,0,10,1,True,True,queue,951.4,0.955,273.099,2.799,True,1,0.06,0.6,0.06,0.0007896,,,,,1,1989330,1re moitié,BTC 5m
btc-updown-5m-1790397600,btc,5m,1790397600,signal,0.48/S+0,down,0.48,10,-30,0,crossing,False,,,0,0,False,False,,0,0.545,,,True,0,-0.48,-0,-0,0.0034944,0.48,0,-7.54708e-08,,,1989330,1re moitié,BTC 5m
btc-updown-5m-1790397600,btc,5m,1790397600,signal,0.48/S+30,down,0.48,10,-30,30,crossing,False,,,0,0,False,False,,0,0.545,,,True,0,-0.48,-0,-0,0.0034944,0.48,30,-7.54708e-08,,,1989330,1re moitié,BTC 5m
btc-updown-5m-1790397600,btc,5m,1790397600,signal,0.48/S+60,down,0.48,10,-30,60,crossing,False,,,0,0,False,False,,0,0.545,,,True,0,-0.48,-0,-0,0.0034944,0.48,60,-7.54708e-08,,,1989330,1re moitié,BTC 5m
btc-updown-5m-1790397600,btc,5m,1790397600,signal,0.49/S+0,down,0.49,10,-30,0,crossing,False,,,0,0,False,False,,0,0.545,,,True,0,-0.49,-0,-0,0.0034986,0.49,0,-7.54708e-08,,,1989330,1re moitié,BTC 5m
btc-updown-5m-1790397600,btc,5m,1790397600,signal,0.49/S+30,down,0.49,10,-30,30,crossing,False,,,0,0,False,False,,0,0.545,,,True,0,-0.49,-0,-0,0.0034986,0.49,30,-7.54708e-08,,,1989330,1re moitié,BTC 5m
btc-updown-5m-1790397600,btc,5m,1790397600,signal,0.49/S+60,down,0.49,10,-30,60,crossing,False,,,0,0,False,False,,0,0.545,,,True,0,-0.49,-0,-0,0.0034986,0.49,60,-7.54708e-08,,,1989330,1re moitié,BTC 5m
btc-updown-5m-1790397600,btc,5m,1790397600,signal,0.50/S+0,down,0.5,10,-30,0,crossing,False,,,0,0,False,False,,0,0.545,,,True,0,-0.5,-0,-0,0.0035,0.5,0,-7.54708e-08,,,1989330,1re moitié,BTC 5m
btc-updown-5m-1790397600,btc,5m,1790397600,signal,0.50/S+30,down,0.5,10,-30,30,crossing,False,,,0,0,False,False,,0,0.545,,,True,0,-0.5,-0,-0,0.0035,0.5,30,-7.54708e-08,,,1989330,1re moitié,BTC 5m
btc-updown-5m-1790397600,btc,5m,1790397600,signal,0.50/S+60,down,0.5,10,-30,60,crossing,False,,,0,0,False,False,,0,0.545,,,True,0,-0.5,-0,-0,0.0035,0.5,60,-7.54708e-08,,,1989330,1re moitié,BTC 5m
btc-updown-5m-1790397600,btc,5m,1790397600,two_sided,0.49/S+0,up,0.49,10,-60,0,cancelled,True,141.1,5.1,0,0,False,False,,0,0.515,,,True,1,0.51,0,0,0.0034986,0.49,0,,0,,1989330,1re moitié,BTC 5m
btc-updown-5m-1790397600,btc,5m,1790397600,two_sided,0.49/S+0,down,0.49,10,-60,0,crossing,False,,,0,0,False,False,,0,0.515,,,True,0,-0.49,-0,-0,0.0034986,0.49,0,,0,,1989330,1re moitié,BTC 5m
btc-updown-5m-1790397600,btc,5m,1790397600,two_sided,0.49/S+30,up,0.49,10,-60,30,cancelled,True,141.1,0,0,0,False,False,,0,0.515,,,True,1,0.51,0,0,0.0034986,0.49,30,,30,,1989330,1re moitié,BTC 5m
btc-updown-5m-1790397600,btc,5m,1790397600,two_sided,0.49/S+30,down,0.49,10,-60,30,crossing,False,,,0,0,False,False,,0,0.515,,,True,0,-0.49,-0,-0,0.0034986,0.49,30,,30,,1989330,1re moitié,BTC 5m
btc-updown-5m-1790397600,btc,5m,1790397600,two_sided,0.49/S+60,up,0.49,10,-60,60,cancelled,True,141.1,0,0,0,False,False,,0,0.515,,,True,1,0.51,0,0,0.0034986,0.49,60,,60,,1989330,1re moitié,BTC 5m
btc-updown-5m-1790397600,btc,5m,1790397600,two_sided,0.49/S+60,down,0.49,10,-60,60,crossing,False,,,0,0,False,False,,0,0.515,,,True,0,-0.49,-0,-0,0.0034986,0.49,60,,60,,1989330,1re moitié,BTC 5m
btc-updown-5m-1790397600,btc,5m,1790397600,fair_value,± 1 c,down,0.46,10,10,20,cancelled,True,373.63,304.738,0,0,False,False,,1.85185,0.535,,,True,0,-0.46,-0,-0,0.0034776,,,,,0.499781,1989330,1re moitié,BTC 5m
btc-updown-5m-1790397600,btc,5m,1790397600,fair_value,± 1 c,down,0.47,10,20,30,filled,True,412.33,0,10,1,True,True,traversal,28.2198,0.525,28.474,8.174,True,0,-0.47,-4.7,-0.47,0.0034874,,,,,0.49976,1989330,1re moitié,BTC 5m
btc-updown-5m-1790397600,btc,5m,1790397600,fair_value,± 1 c,up,0.48,10,10,40,cancelled,True,513.78,102.78,0,0,False,False,,0,0.535,,,True,1,0.52,0,0,0.0034944,,,,,0.500188,1989330,1re moitié,BTC 5m
btc-updown-5m-1790397600,btc,5m,1790397600,fair_value,± 1 c,down,0.46,10,30,40,filled,True,328.02,0,10,1,True,True,queue,134.016,0.535,38.771,8.471,True,0,-0.46,-4.6,-0.46,0.0034776,,,,,0.500188,1989330,1re moitié,BTC 5m
btc-updown-5m-1790397600,btc,5m,1790397600,fair_value,± 1 c,down,0.45,10,40,50,filled,True,839.17,0,10,1,True,True,traversal,273.673,0.545,47.543,7.243,True,0,-0.45,-4.5,-0.45,0.003465,,,,,0.500205,1989330,1re moitié,BTC 5m
btc-updown-5m-1790397600,btc,5m,1790397600,fair_value,± 1 c,down,0.44,10,50,60,filled,True,269.27,0,10,1,True,True,traversal,69.9107,0.555,53.825,3.525,True,0,-0.44,-4.4,-0.44,0.0034496,,,,,0.500224,1989330,1re moitié,BTC 5m
btc-updown-5m-1790397600,btc,5m,1790397600,fair_value,± 1 c,up,0.49,10,40,70,cancelled,True,93.78,73.78,0,0,False,False,,0,0.545,,,True,1,0.51,0,0,0.0034986,,,,,0.723557,1989330,1re moitié,BTC 5m
btc-updown-5m-1790397600,btc,5m,1790397600,fair_value,± 1 c,down,0.37,10,60,70,filled,True,348.35,0,10,1,True,True,traversal,7.93651,0.615,69.319,9.019,True,0,-0.37,-3.7,-0.37,0.0032634,,,,,0.723557,1989330,1re moitié,BTC 5m
btc-updown-5m-1790397600,btc,5m,1790397600,fair_value,± 1 c,up,0.71,10,70,80,cancelled,True,380.92,76.22,0,0,False,False,,0,0.715,,,True,1,0.29,0,0,0.0028826,,,,,0.812058,1989330,1re moitié,BTC 5m
btc-updown-5m-1790397600,btc,5m,1790397600,fair_value,± 1 c,down,0.26,10,70,80,filled,True,90,0,10,1,True,True,queue,33.1081,0.715,72.227,1.927,True,0,-0.26,-2.6,-0.26,0.0026936,,,,,0.812058,1989330,1re moitié,BTC 5m
btc-updown-5m-1790397600,btc,5m,1790397600,fair_value,± 1 c,up,0.8,10,80,90,filled,True,51,0,10,1,True,True,traversal,0,0.815,81.683,1.383,True,1,0.2,2,0.2,0.00224,,,,,0.833948,1989330,1re moitié,BTC 5m
btc-updown-5m-1790397600,btc,5m,1790397600,fair_value,± 1 c,down,0.17,10,80,90,cancelled,True,769,100,0,0,False,False,,0,0.815,,,True,0,-0.17,-0,-0,0.0019754,,,,,0.833948,1989330,1re moitié,BTC 5m
btc-updown-5m-1790397600,btc,5m,1790397600,fair_value,± 1 c,up,0.81,10,90,100,filled,True,481.58,0,10,1,True,True,traversal,18.6842,0.815,96.514,6.214,True,1,0.19,1.9,0.19,0.0021546,,,,,0.85653,1989330,1re moitié,BTC 5m
btc-updown-5m-1790397600,btc,5m,1790397600,fair_value,± 1 c,down,0.15,10,90,100,cancelled,True,258.39,158.39,0,0,False,False,,0,0.815,,,True,0,-0.15,-0,-0,0.001785,,,,,0.85653,1989330,1re moitié,BTC 5m
btc-updown-5m-1790397600,btc,5m,1790397600,fair_value,± 1 c,up,0.78,10,100,110,cancelled,True,613.29,466.426,0,0,False,False,,143.864,0.785,,,True,1,0.22,0,0,0.0024024,,,,,0.878851,1989330,1re moitié,BTC 5m
btc-updown-5m-1790397600,btc,5m,1790397600,fair_value,± 1 c,down,0.13,10,100,110,cancelled,True,224.09,189,0,0,False,False,,0,0.785,,,True,0,-0.13,-0,-0,0.0015834,,,,,0.878851,1989330,1re moitié,BTC 5m
btc-updown-5m-1790397600,btc,5m,1790397600,fair_value,± 1 c,up,0.81,10,110,120,cancelled,True,558.4,51,0,0,False,False,,0,0.82,,,True,1,0.19,0,0,0.0021546,,,,,0.901095,1989330,1re moitié,BTC 5m
btc-updown-5m-1790397600,btc,5m,1790397600,fair_value,± 1 c,down,0.11,10,110,120,cancelled,True,225.6,225.6,0,0,False,False,,0,0.82,,,True,0,-0.11,-0,-0,0.0013706,,,,,0.901095,1989330,1re moitié,BTC 5m
btc-updown-5m-1790397600,btc,5m,1790397600,fair_value,± 1 c,up,0.88,10,120,130,filled,True,10,0,10,1,True,True,traversal,10,0.885,120.465,0.165,True,1,0.12,1.2,0.12,0.0014784,,,,,0.948814,1989330,1re moitié,BTC 5m
btc-updown-5m-1790397600,btc,5m,1790397600,fair_value,± 1 c,down,0.08,10,120,130,filled,True,801.3,0,10,1,True,True,queue,181.033,0.885,126.08,5.78,True,0,-0.08,-0.8,-0.08,0.0010304,,,,,0.948814,1989330,1re moitié,BTC 5m
btc-updown-5m-1790397600,btc,5m,1790397600,fair_value,± 1 c,up,0.91,10,130,150,crossing,False,,,0,0,False,False,,0,0.905,,,True,1,0.09,0,0,0.0011466,,,,,0.977522,1989330,1re moitié,BTC 5m
btc-updown-5m-1790397600,btc,5m,1790397600,fair_value,± 1 c,up,0.93,10,150,160,cancelled,True,288.95,244.664,0,0,False,False,,14.2857,0.935,,,True,1,0.07,0,0,0.0009114,,,,,0.983352,1989330,1re moitié,BTC 5m
btc-updown-5m-1790397900,btc,5m,1790397900,signal,0.48/S+0,down,0.48,10,-30,0,filled,True,70.53,0,10,1,True,True,traversal,9.03846,0.515,-27.691,2.009,True,0,-0.48,-4.8,-0.48,0.0034944,0.48,0,-4.76368e-08,,,1989331,1re moitié,BTC 5m
btc-updown-5m-1790397900,btc,5m,1790397900,signal,0.48/S+30,down,0.48,10,-30,30,filled,True,70.53,0,10,1,True,True,traversal,9.03846,0.515,-27.691,2.009,True,0,-0.48,-4.8,-0.48,0.0034944,0.48,30,-4.76368e-08,,,1989331,1re moitié,BTC 5m
btc-updown-5m-1790397900,btc,5m,1790397900,signal,0.48/S+60,down,0.48,10,-30,60,filled,True,70.53,0,10,1,True,True,traversal,9.03846,0.515,-27.691,2.009,True,0,-0.48,-4.8,-0.48,0.0034944,0.48,60,-4.76368e-08,,,1989331,1re moitié,BTC 5m
btc-updown-5m-1790397900,btc,5m,1790397900,signal,0.49/S+0,down,0.49,10,-30,0,crossing,False,,,0,0,False,False,,0,0.515,,,True,0,-0.49,-0,-0,0.0034986,0.49,0,-4.76368e-08,,,1989331,1re moitié,BTC 5m
btc-updown-5m-1790397900,btc,5m,1790397900,signal,0.49/S+30,down,0.49,10,-30,30,crossing,False,,,0,0,False,False,,0,0.515,,,True,0,-0.49,-0,-0,0.0034986,0.49,30,-4.76368e-08,,,1989331,1re moitié,BTC 5m
btc-updown-5m-1790397900,btc,5m,1790397900,signal,0.49/S+60,down,0.49,10,-30,60,crossing,False,,,0,0,False,False,,0,0.515,,,True,0,-0.49,-0,-0,0.0034986,0.49,60,-4.76368e-08,,,1989331,1re moitié,BTC 5m
btc-updown-5m-1790397900,btc,5m,1790397900,signal,0.50/S+0,down,0.5,10,-30,0,crossing,False,,,0,0,False,False,,0,0.515,,,True,0,-0.5,-0,-0,0.0035,0.5,0,-4.76368e-08,,,1989331,1re moitié,BTC 5m
btc-updown-5m-1790397900,btc,5m,1790397900,signal,0.50/S+30,down,0.5,10,-30,30,crossing,False,,,0,0,False,False,,0,0.515,,,True,0,-0.5,-0,-0,0.0035,0.5,30,-4.76368e-08,,,1989331,1re moitié,BTC 5m
btc-updown-5m-1790397900,btc,5m,1790397900,signal,0.50/S+60,down,0.5,10,-30,60,crossing,False,,,0,0,False,False,,0,0.515,,,True,0,-0.5,-0,-0,0.0035,0.5,60,-4.76368e-08,,,1989331,1re moitié,BTC 5m
btc-updown-5m-1790397900,btc,5m,1790397900,two_sided,0.49/S+0,up,0.49,10,-60,0,cancelled,True,185.1,35.1,0,0,False,False,,0,0.515,,,True,1,0.51,0,0,0.0034986,0.49,0,,0,,1989331,1re moitié,BTC 5m
btc-updown-5m-1790397900,btc,5m,1790397900,two_sided,0.49/S+0,down,0.49,10,-60,0,crossing,False,,,0,0,False,False,,0,0.515,,,True,0,-0.49,-0,-0,0.0034986,0.49,0,,0,,1989331,1re moitié,BTC 5m
btc-updown-5m-1790397900,btc,5m,1790397900,two_sided,0.49/S+30,up,0.49,10,-60,30,cancelled,True,185.1,30,0,0,False,False,,0,0.515,,,True,1,0.51,0,0,0.0034986,0.49,30,,30,,1989331,1re moitié,BTC 5m
btc-updown-5m-1790397900,btc,5m,1790397900,two_sided,0.49/S+30,down,0.49,10,-60,30,crossing,False,,,0,0,False,False,,0,0.515,,,True,0,-0.49,-0,-0,0.0034986,0.49,30,,30,,1989331,1re moitié,BTC 5m
btc-updown-5m-1790397900,btc,5m,1790397900,two_sided,0.49/S+60,up,0.49,10,-60,60,cancelled,True,185.1,30,0,0,False,False,,0,0.515,,,True,1,0.51,0,0,0.0034986,0.49,60,,60,,1989331,1re moitié,BTC 5m
btc-updown-5m-1790397900,btc,5m,1790397900,two_sided,0.49/S+60,down,0.49,10,-60,60,crossing,False,,,0,0,False,False,,0,0.515,,,True,0,-0.49,-0,-0,0.0034986,0.49,60,,60,,1989331,1re moitié,BTC 5m
btc-updown-5m-1790397900,btc,5m,1790397900,fair_value,± 1 c,up,0.6,10,10,20,cancelled,True,533,285,0,0,False,False,,0,0.625,,,True,1,0.4,0,0,0.00336,,,,,0.624257,1989331,1re moitié,BTC 5m
btc-updown-5m-1790397900,btc,5m,1790397900,fair_value,± 1 c,down,0.37,10,10,20,filled,True,107.94,0,10,1,True,True,traversal,6.7619,0.625,15.378,5.078,True,0,-0.37,-3.7,-0.37,0.0032634,,,,,0.624257,1989331,1re moitié,BTC 5m
btc-updown-5m-1790397900,btc,5m,1790397900,fair_value,± 1 c,up,0.61,10,20,30,cancelled,True,137,86,0,0,False,False,,0,0.645,,,True,1,0.39,0,0,0.0033306,,,,,0.63562,1989331,1re moitié,BTC 5m
btc-updown-5m-1790397900,btc,5m,1790397900,fair_value,± 1 c,up,0.62,10,30,40,filled,True,536,0,10,1,True,True,queue,153.105,0.635,32.983,2.683,True,1,0.38,3.8,0.38,0.0032984,,,,,0.647848,1989331,1re moitié,BTC 5m
btc-updown-5m-1790397900,btc,5m,1790397900,fair_value,± 1 c,down,0.35,10,20,40,cancelled,True,118.59,2.30769,0,0,False,False,,29.8869,0.645,,,True,0,-0.35,-0,-0,0.003185,,,,,0.647848,1989331,1re moitié,BTC 5m
btc-updown-5m-1790397900,btc,5m,1790397900,fair_value,± 1 c,up,0.63,10,40,50,cancelled,True,430.25,97,0,0,False,False,,0,0.645,,,True,1,0.37,0,0,0.0032634,,,,,0.661017,1989331,1re moitié,BTC 5m
btc-updown-5m-1790397900,btc,5m,1790397900,fair_value,± 1 c,down,0.34,10,40,50,cancelled,True,315,182.167,0,0,False,False,,100.833,0.645,,,True,0,-0.34,-0,-0,0.0031416,,,,,0.661017,1989331,1re moitié,BTC 5m
btc-updown-5m-1790397900,btc,5m,1790397900,fair_value,± 1 c,up,0.65,10,50,60,crossing,False,,,0,0,False,False,,0,0.645,,,True,1,0.35,0,0,0.003185,,,,,0.674991,1989331,1re moitié,BTC 5m
btc-updown-5m-1790397900,btc,5m,1790397900,fair_value,± 1 c,down,0.32,10,50,60,cancelled,True,321.15,274.9,0,0,False,False,,0,0.645,,,True,0,-0.32,-0,-0,0.0030464,,,,,0.674991,1989331,1re moitié,BTC 5m
btc-updown-5m-1790397900,btc,5m,1790397900,fair_value,± 1 c,up,0.63,10,60,70,filled,True,45,0,10,1,True,True,queue,80.8627,0.635,61.39,1.09,True,1,0.37,3.7,0.37,0.0032634,,,,,0.690268,1989331,1re moitié,BTC 5m
btc-updown-5m-1790397900,btc,5m,1790397900,fair_value,± 1 c,down,0.31,10,60,70,cancelled,True,769.2,620.2,0,0,False,False,,0,0.635,,,True,0,-0.31,-0,-0,0.0029946,,,,,0.690268,1989331,1re moitié,BTC 5m
btc-updown-5m-1790397900,btc,5m,1790397900,fair_value,± 1 c,up,0.6,10,70,80,cancelled,True,1273.68,30,0,0,False,False,,0,0.605,,,True,1,0.4,0,0,0.00336,,,,,0.706722,1989331,1re moitié,BTC 5m
btc-updown-5m-1790397900,btc,5m,1790397900,fair_value,± 1 c,down,0.29,10,70,80,cancelled,True,439.6,295.6,0,0,False,False,,0,0.605,,,True,0,-0.29,-0,-0,0.0028826,,,,,0.706722,1989331,1re moitié,BTC 5m
btc-updown-5m-1790397900,btc,5m,1790397900,fair_value,± 1 c,up,0.62,10,80,90,cancelled,True,589,135,0,0,False,False,,0,0.635,,,True,1,0.38,0,0,0.0032984,,,,,0.724426,1989331,1re moitié,BTC 5m
btc-updown-5m-1790397900,btc,5m,1790397900,fair_value,± 1 c,down,0.28,10,80,90,cancelled,True,371.9,310.9,0,0,False,False,,0,0.635,,,True,0,-0.28,-0,-0,0.0028224,,,,,0.724426,1989331,1re moitié,BTC 5m
btc-updown-5m-1790397900,btc,5m,1790397900,fair_value,± 1 c,up,0.64,10,90,100,filled,True,925.26,0,10,1,True,True,traversal,90.4444,0.645,96.56,6.26,True,1,0.36,3.6,0.36,0.0032256,,,,,0.743438,1989331,1re moitié,BTC 5m
btc-updown-5m-1790397900,btc,5m,1790397900,fair_value,± 1 c,down,0.26,10,90,100,cancelled,True,662.5,383.5,0,0,False,False,,0,0.645,,,True,0,-0.26,-0,-0,0.0026936,,,,,0.743438,1989331,1re moitié,BTC 5m
btc-updown-5m-1790397900,btc,5m,1790397900,fair_value,± 1 c,up,0.62,10,100,110,filled,True,692.51,0,10,1,True,True,traversal,45.6495,0.625,104.676,4.376,True,1,0.38,3.8,0.38,0.0032984,,,,,0.763796,1989331,1re moitié,BTC 5m
btc-updown-5m-1790397900,btc,5m,1790397900,fair_value,± 1 c,down,0.24,10,100,110,cancelled,True,396.3,376.3,0,0,False,False,,0,0.625,,,True,0,-0.24,-0,-0,0.0025536,,,,,0.763796,1989331,1re moitié,BTC 5m
btc-updown-5m-1790397900,btc,5m,1790397900,fair_value,± 1 c,up,0.63,10,110,120,cancelled,True,454,0,0,0,False,False,,28.5727,0.635,,,True,1,0.37,0,0,0.0032634,,,,,0.785501,1989331,1re moitié,BTC 5m
btc-updown-5m-1790397900,btc,5m,1790397900,fair_value,± 1 c,down,0.22,10,110,120,cancelled,True,418.2,408.2,0,0,False,False,,0,0.635,,,True,0,-0.22,-0,-0,0.0024024,,,,,0.785501,1989331,1re moitié,BTC 5m
btc-updown-5m-1790397900,btc,5m,1790397900,fair_value,± 1 c,up,0.64,10,120,130,filled,True,5,0,10,1,True,True,traversal,5,0.645,120.41,0.11,True,1,0.36,3.6,0.36,0.0032256,,,,,0.808503,1989331,1re moitié,BTC 5m
btc-updown-5m-1790397900,btc,5m,1790397900,fair_value,± 1 c,down,0.2,10,120,130,cancelled,True,348.52,312.2,0,0,False,False,,0,0.645,,,True,0,-0.2,-0,-0,0.00224,,,,,0.808503,1989331,1re moitié,BTC 5m
btc-updown-5m-1790397900,btc,5m,1790397900,fair_value,± 1 c,up,0.61,10,130,140,cancelled,True,398.74,50.86,0,0,False,False,,0,0.615,,,True,1,0.39,0,0,0.0033306,,,,,0.832992,1989331,1re moitié,BTC 5m
btc-updown-5m-1790397900,btc,5m,1790397900,fair_value,± 1 c,down,0.18,10,130,140,cancelled,True,349.6,349.6,0,0,False,False,,0,0.615,,,True,0,-0.18,-0,-0,0.0020664,,,,,0.832992,1989331,1re moitié,BTC 5m
btc-updown-5m-1790397900,btc,5m,1790397900,fair_value,± 1 c,up,0.65,10,140,150,cancelled,True,1080.21,297.76,0,0,False,False,,12.2286,0.655,,,True,1,0.35,0,0,0.003185,,,,,0.857759,1989331,1re moitié,BTC 5m
btc-updown-5m-1790397900,btc,5m,1790397900,fair_value,± 1 c,down,0.15,10,140,150,cancelled,True,397.39,397.39,0,0,False,False,,0,0.655,,,True,0,-0.15,-0,-0,0.001785,,,,,0.857759,1989331,1re moitié,BTC 5m
btc-updown-5m-1790397900,btc,5m,1790397900,fair_value,± 1 c,up,0.67,10,150,160,cancelled,True,317,52,0,0,False,False,,3.0303,0.675,,,True,1,0.33,0,0,0.0030954,,,,,0.883676,1989331,1re moitié,BTC 5m
btc-updown-5m-1790397900,btc,5m,1790397900,fair_value,± 1 c,down,0.13,10,150,160,cancelled,True,357,357,0,0,False,False,,0,0.675,,,True,0,-0.13,-0,-0,0.0015834,,,,,0.883676,1989331,1re moitié,BTC 5m
btc-updown-5m-1790397900,btc,5m,1790397900,fair_value,± 1 c,up,0.69,10,160,170,cancelled,True,651.83,515,0,0,False,False,,7.69,0.695,,,True,1,0.31,0,0,0.0029946,,,,,0.909161,1989331,1re moitié,BTC 5m
btc-updown-5m-1790397900,btc,5m,1790397900,fair_value,± 1 c,down,0.1,10,160,170,cancelled,True,204.9,199.9,0,0,False,False,,0,0.695,,,True,0,-0.1,-0,-0,0.00126,,,,,0.909161,1989331,1re moitié,BTC 5m
btc-updown-5m-1790397900,btc,5m,1790397900,fair_value,± 1 c,up,0.7,10,170,180,cancelled,True,70,70,0,0,False,False,,0,0.705,,,True,1,0.3,0,0,0.00294,,,,,0.933389,1989331,1re moitié,BTC 5m
btc-updown-5m-1790397900,btc,5m,1790397900,fair_value,± 1 c,down,0.08,10,170,180,cancelled,True,619.3,191.29,0,0,False,False,,0,0.705,,,True,0,-0.08,-0,-0,0.0010304,,,,,0.933389,1989331,1re moitié,BTC 5m
btc-updown-5m-1790397900,btc,5m,1790397900,fair_value,± 1 c,up,0.71,10,180,190,cancelled,True,953.68,85,0,0,False,False,,0,0.715,,,True,1,0.29,0,0,0.0028826,,,,,0.955957,1989331,1re moitié,BTC 5m
btc-updown-5m-1790397900,btc,5m,1790397900,fair_value,± 1 c,down,0.05,10,180,190,cancelled,True,921.71,911.71,0,0,False,False,,0,0.715,,,True,0,-0.05,-0,-0,0.000665,,,,,0.955957,1989331,1re moitié,BTC 5m
btc-updown-5m-1790397900,btc,5m,1790397900,fair_value,± 1 c,up,0.85,10,190,200,cancelled,True,653.02,238,0,0,False,False,,16.5333,0.855,,,True,1,0.15,0,0,0.001785,,,,,0.974524,1989331,1re moitié,BTC 5m
btc-updown-5m-1790397900,btc,5m,1790397900,fair_value,± 1 c,up,0.87,10,200,210,cancelled,True,370.77,55,0,0,False,False,,0,0.875,,,True,1,0.13,0,0,0.0015834,,,,,0.988431,1989331,1re moitié,BTC 5m
btc-updown-5m-1790397900,btc,5m,1790397900,fair_value,± 1 c,up,0.9,10,210,220,filled,True,467.52,0,10,1,True,True,traversal,11.11,0.905,210.963,0.663,True,1,0.1,1,0.1,0.00126,,,,,0.996422,1989331,1re moitié,BTC 5m
btc-updown-5m-1790397900,btc,5m,1790397900,fair_value,± 1 c,up,0.88,10,220,230,filled,True,61.57,0,10,1,True,True,queue,156,0.885,228.365,8.065,True,1,0.12,1.2,0.12,0.0014784,,,,,0.605431,1989331,1re moitié,BTC 5m
btc-updown-5m-1790397900,btc,5m,1790397900,fair_value,± 1 c,up,0.59,10,230,240,cancelled,True,276.92,78.25,0,0,False,False,,0,0.755,,,True,1,0.41,0,0,0.0033866,,,,,0.635822,1989331,1re moitié,BTC 5m
btc-updown-5m-1790397900,btc,5m,1790397900,fair_value,± 1 c,down,0.24,10,230,240,filled,True,130.17,0,10,1,True,True,traversal,95.1137,0.755,232.48,2.18,True,0,-0.24,-2.4,-0.24,0.0025536,,,,,0.635822,1989331,1re moitié,BTC 5m
btc-updown-5m-1790397900,btc,5m,1790397900,fair_value,± 1 c,up,0.62,10,240,250,cancelled,True,318,30,0,0,False,False,,0,0.885,,,True,1,0.38,0,0,0.0032984,,,,,0.687133,1989331,1re moitié,BTC 5m
btc-updown-5m-1790397900,btc,5m,1790397900,fair_value,± 1 c,down,0.12,10,240,250,crossing,False,,,0,0,False,False,,0,0.885,,,True,0,-0.12,-0,-0,0.0014784,,,,,0.687133,1989331,1re moitié,BTC 5m
btc-updown-5m-1790397900,btc,5m,1790397900,fair_value,± 1 c,up,0.67,10,250,260,cancelled,True,0,0,0,0,False,False,,0,0.965,,,True,1,0.33,0,0,0.0030954,,,,,0.7649,1989331,1re moitié,BTC 5m
btc-updown-5m-1790397900,btc,5m,1790397900,fair_value,± 1 c,up,0.75,10,260,270,cancelled,True,188,0,0,0,False,False,,0,0.985,,,True,1,0.25,0,0,0.002625,,,,,0.999992,1989331,1re moitié,BTC 5m
btc-updown-5m-1790398200,btc,5m,1790398200,signal,0.48/S+0,up,0.48,10,-30,0,filled,True,87.82,0,10,1,True,True,traversal,19.0769,0.545,-11.141,18.559,True,1,0.52,5.2,0.52,0.0034944,0.48,0,0.000190612,,,1989331,1re moitié,BTC 5m
btc-updown-5m-1790398200,btc,5m,1790398200,signal,0.48/S+30,up,0.48,10,-30,30,filled,True,87.82,0,10,1,True,True,traversal,19.0769,0.545,-11.141,18.559,True,1,0.52,5.2,0.52,0.0034944,0.48,30,0.000190612,,,1989331,1re moitié,BTC 5m
btc-updown-5m-1790398200,btc,5m,1790398200,signal,0.48/S+60,up,0.48,10,-30,60,filled,True,87.82,0,10,1,True,True,traversal,19.0769,0.545,-11.141,18.559,True,1,0.52,5.2,0.52,0.0034944,0.48,60,0.000190612,,,1989331,1re moitié,BTC 5m
btc-updown-5m-1790398200,btc,5m,1790398200,signal,0.49/S+0,up,0.49,10,-30,0,filled,True,154.96,0,10,1,True,True,traversal,0,0.545,-11.173,18.527,True,1,0.51,5.1,0.51,0.0034986,0.49,0,0.000190612,,,1989331,1re moitié,BTC 5m
btc-updown-5m-1790398200,btc,5m,1790398200,signal,0.49/S+30,up,0.49,10,-30,30,filled,True,154.96,0,10,1,True,True,traversal,0,0.545,-11.173,18.527,True,1,0.51,5.1,0.51,0.0034986,0.49,30,0.000190612,,,1989331,1re moitié,BTC 5m
btc-updown-5m-1790398200,btc,5m,1790398200,signal,0.49/S+60,up,0.49,10,-30,60,filled,True,154.96,0,10,1,True,True,traversal,0,0.545,-11.173,18.527,True,1,0.51,5.1,0.51,0.0034986,0.49,60,0.000190612,,,1989331,1re moitié,BTC 5m
btc-updown-5m-1790398200,btc,5m,1790398200,signal,0.50/S+0,up,0.5,10,-30,0,filled,True,200.86,0,10,1,True,True,traversal,0,0.545,-11.173,18.527,True,1,0.5,5,0.5,0.0035,0.5,0,0.000190612,,,1989331,1re moitié,BTC 5m
btc-updown-5m-1790398200,btc,5m,1790398200,signal,0.50/S+30,up,0.5,10,-30,30,filled,True,200.86,0,10,1,True,True,traversal,0,0.545,-11.173,18.527,True,1,0.5,5,0.5,0.0035,0.5,30,0.000190612,,,1989331,1re moitié,BTC 5m
btc-updown-5m-1790398200,btc,5m,1790398200,signal,0.50/S+60,up,0.5,10,-30,60,filled,True,200.86,0,10,1,True,True,traversal,0,0.545,-11.173,18.527,True,1,0.5,5,0.5,0.0035,0.5,60,0.000190612,,,1989331,1re moitié,BTC 5m
btc-updown-5m-1790398200,btc,5m,1790398200,two_sided,0.49/S+0,up,0.49,10,-60,0,filled,True,115.1,0,10,1,True,True,traversal,0,0.505,-11.173,48.527,True,1,0.51,5.1,0.51,0.0034986,0.49,0,,0,,1989331,1re moitié,BTC 5m
btc-updown-5m-1790398200,btc,5m,1790398200,two_sided,0.49/S+0,down,0.49,10,-60,0,filled,True,205.1,0,10,1,True,True,traversal,87.549,0.505,-32.871,26.829,True,0,-0.49,-4.9,-0.49,0.0034986,0.49,0,,0,,1989331,1re moitié,BTC 5m
btc-updown-5m-1790398200,btc,5m,1790398200,two_sided,0.49/S+30,up,0.49,10,-60,30,filled,True,115.1,0,10,1,True,True,traversal,0,0.505,-11.173,48.527,True,1,0.51,5.1,0.51,0.0034986,0.49,30,,30,,1989331,1re moitié,BTC 5m
btc-updown-5m-1790398200,btc,5m,1790398200,two_sided,0.49/S+30,down,0.49,10,-60,30,filled,True,205.1,0,10,1,True,True,traversal,87.549,0.505,-32.871,26.829,True,0,-0.49,-4.9,-0.49,0.0034986,0.49,30,,30,,1989331,1re moitié,BTC 5m
btc-updown-5m-1790398200,btc,5m,1790398200,two_sided,0.49/S+60,up,0.49,10,-60,60,filled,True,115.1,0,10,1,True,True,traversal,0,0.505,-11.173,48.527,True,1,0.51,5.1,0.51,0.0034986,0.49,60,,60,,1989331,1re moitié,BTC 5m
btc-updown-5m-1790398200,btc,5m,1790398200,two_sided,0.49/S+60,down,0.49,10,-60,60,filled,True,205.1,0,10,1,True,True,traversal,87.549,0.505,-32.871,26.829,True,0,-0.49,-4.9,-0.49,0.0034986,0.49,60,,60,,1989331,1re moitié,BTC 5m
btc-updown-5m-1790398200,btc,5m,1790398200,fair_value,± 1 c,up,0.54,10,10,20,filled,True,375,0,10,1,True,True,traversal,0,0.655,10.725,0.425,True,1,0.46,4.6,0.46,0.0034776,,,,,0.473322,1989331,1re moitié,BTC 5m
btc-updown-5m-1790398200,btc,5m,1790398200,fair_value,± 1 c,down,0.34,10,10,20,cancelled,True,691.5,338,0,0,False,False,,0,0.655,,,True,0,-0.34,-0,-0,0.0031416,,,,,0.473322,1989331,1re moitié,BTC 5m
btc-updown-5m-1790398200,btc,5m,1790398200,fair_value,± 1 c,up,0.46,10,20,40,filled,True,131,0,10,1,True,True,traversal,0,0.485,38.903,18.603,True,1,0.54,5.4,0.54,0.0034776,,,,,0.467909,1989331,1re moitié,BTC 5m
btc-updown-5m-1790398200,btc,5m,1790398200,fair_value,± 1 c,down,0.51,10,20,40,cancelled,True,404,282.163,0,0,False,False,,47.8367,0.485,,,True,0,-0.51,-0,-0,0.0034986,,,,,0.467909,1989331,1re moitié,BTC 5m
btc-updown-5m-1790398200,btc,5m,1790398200,fair_value,± 1 c,up,0.45,10,40,50,filled,True,10,0,10,1,True,True,traversal,0,0.455,43.172,2.872,True,1,0.55,5.5,0.55,0.003465,,,,,0.465038,1989331,1re moitié,BTC 5m
btc-updown-5m-1790398200,btc,5m,1790398200,fair_value,± 1 c,up,0.44,10,50,60,cancelled,True,961.04,127,0,0,False,False,,5,0.445,,,True,1,0.56,0,0,0.0034496,,,,,0.461756,1989331,1re moitié,BTC 5m
btc-updown-5m-1790398200,btc,5m,1790398200,fair_value,± 1 c,down,0.52,10,40,60,filled,True,298,0,10,1,True,True,traversal,20,0.455,54.123,13.823,True,0,-0.52,-5.2,-0.52,0.0034944,,,,,0.461756,1989331,1re moitié,BTC 5m
btc-updown-5m-1790398200,btc,5m,1790398200,fair_value,± 1 c,up,0.45,10,60,70,cancelled,True,347.57,266.13,0,0,False,False,,0,0.525,,,True,1,0.55,0,0,0.003465,,,,,0.458155,1989331,1re moitié,BTC 5m
btc-updown-5m-1790398200,btc,5m,1790398200,fair_value,± 1 c,down,0.47,10,60,70,cancelled,True,900.9,261,0,0,False,False,,18.8679,0.525,,,True,0,-0.47,-0,-0,0.0034874,,,,,0.458155,1989331,1re moitié,BTC 5m
btc-updown-5m-1790398200,btc,5m,1790398200,fair_value,± 1 c,down,0.49,10,70,80,filled,True,975.89,0,10,1,True,True,traversal,30.1154,0.505,78.198,7.898,True,0,-0.49,-4.9,-0.49,0.0034986,,,,,0.454006,1989331,1re moitié,BTC 5m
btc-updown-5m-1790398200,btc,5m,1790398200,fair_value,± 1 c,up,0.44,10,70,90,cancelled,True,104.57,104.57,0,0,False,False,,0,0.505,,,True,1,0.56,0,0,0.0034496,,,,,0.449613,1989331,1re moitié,BTC 5m
btc-updown-5m-1790398200,btc,5m,1790398200,fair_value,± 1 c,down,0.47,10,80,100,cancelled,True,1751.46,71.88,0,0,False,False,,2.6,0.525,,,True,0,-0.47,-0,-0,0.0034874,,,,,0.444744,1989331,1re moitié,BTC 5m
btc-updown-5m-1790398200,btc,5m,1790398200,fair_value,± 1 c,up,0.43,10,90,110,cancelled,True,1041.13,256.13,0,0,False,False,,0,0.525,,,True,1,0.57,0,0,0.0034314,,,,,0.439328,1989331,1re moitié,BTC 5m
btc-updown-5m-1790398200,btc,5m,1790398200,fair_value,± 1 c,down,0.51,10,100,110,filled,True,80,0,10,1,True,True,traversal,11.22,0.485,102.092,1.792,True,0,-0.51,-5.1,-0.51,0.0034986,,,,,0.439328,1989331,1re moitié,BTC 5m
btc-updown-5m-1790398200,btc,5m,1790398200,fair_value,± 1 c,down,0.5,10,110,120,cancelled,True,553.52,44,0,0,False,False,,200,0.495,,,True,0,-0.5,-0,-0,0.0035,,,,,0.433543,1989331,1re moitié,BTC 5m
btc-updown-5m-1790398200,btc,5m,1790398200,fair_value,± 1 c,up,0.42,10,110,130,filled,True,322.5,0,10,1,True,True,queue,31,0.495,125.425,15.125,True,1,0.58,5.8,0.58,0.0034104,,,,,0.426474,1989331,1re moitié,BTC 5m
btc-updown-5m-1790398200,btc,5m,1790398200,fair_value,± 1 c,down,0.52,10,120,130,cancelled,True,790.66,135,0,0,False,False,,2,0.475,,,True,0,-0.52,-0,-0,0.0034944,,,,,0.426474,1989331,1re moitié,BTC 5m
btc-updown-5m-1790398200,btc,5m,1790398200,fair_value,± 1 c,down,0.56,10,130,150,cancelled,True,115,4.75,0,0,False,False,,0,0.385,,,True,0,-0.56,-0,-0,0.0034496,,,,,0.410412,1989331,1re moitié,BTC 5m
btc-updown-5m-1790398200,btc,5m,1790398200,fair_value,± 1 c,up,0.4,10,130,160,crossing,False,,,0,0,False,False,,0,0.385,,,True,1,0.6,0,0,0.00336,,,,,0.400431,1989331,1re moitié,BTC 5m
btc-updown-5m-1790398200,btc,5m,1790398200,fair_value,± 1 c,down,0.57,10,150,160,cancelled,True,499.5,70.5,0,0,False,False,,0,0.415,,,True,0,-0.57,-0,-0,0.0034314,,,,,0.400431,1989331,1re moitié,BTC 5m
btc-updown-5m-1790398200,btc,5m,1790398200,fair_value,± 1 c,up,0.38,10,160,170,cancelled,True,228.81,204,0,0,False,False,,1.6129,0.385,,,True,1,0.62,0,0,0.0032984,,,,,0.388876,1989331,1re moitié,BTC 5m
btc-updown-5m-1790398200,btc,5m,1790398200,fair_value,± 1 c,down,0.58,10,160,170,filled,True,90.5,0,10,1,True,True,traversal,5,0.385,167.613,7.313,True,0,-0.58,-5.8,-0.58,0.0034104,,,,,0.388876,1989331,1re moitié,BTC 5m
btc-updown-5m-1790398200,btc,5m,1790398200,fair_value,± 1 c,up,0.37,10,170,180,cancelled,True,308,117.2,0,0,False,False,,0,0.445,,,True,1,0.63,0,0,0.0032634,,,,,0.375343,1989331,1re moitié,BTC 5m
btc-updown-5m-1790398200,btc,5m,1790398200,fair_value,± 1 c,down,0.55,10,170,180,filled,True,1100.98,0,10,1,True,True,traversal,74.5778,0.445,176.451,6.151,True,0,-0.55,-5.5,-0.55,0.003465,,,,,0.375343,1989331,1re moitié,BTC 5m
btc-updown-5m-1790398200,btc,5m,1790398200,fair_value,± 1 c,up,0.36,10,180,190,cancelled,True,121.3,91.3,0,0,False,False,,0,0.565,,,True,1,0.64,0,0,0.0032256,,,,,0.35981,1989331,1re moitié,BTC 5m
btc-updown-5m-1790398200,btc,5m,1790398200,fair_value,± 1 c,down,0.43,10,180,190,filled,True,15.01,0,10,1,True,True,traversal,6.73684,0.565,181.549,1.249,True,0,-0.43,-4.3,-0.43,0.0034314,,,,,0.35981,1989331,1re moitié,BTC 5m
btc-updown-5m-1790398200,btc,5m,1790398200,fair_value,± 1 c,up,0.34,10,190,200,cancelled,True,91.6,91.6,0,0,False,False,,0,0.575,,,True,1,0.66,0,0,0.0031416,,,,,0.340405,1989331,1re moitié,BTC 5m
btc-updown-5m-1790398200,btc,5m,1790398200,fair_value,± 1 c,up,0.33,10,200,210,cancelled,True,93.8,68.8,0,0,False,False,,0,0.575,,,True,1,0.67,0,0,0.0030954,,,,,0.315625,1989331,1re moitié,BTC 5m
btc-updown-5m-1790398200,btc,5m,1790398200,fair_value,± 1 c,down,0.42,10,190,210,filled,True,198.21,0,10,1,True,True,queue,102.527,0.575,196.594,6.294,True,0,-0.42,-4.2,-0.42,0.0034104,,,,,0.315625,1989331,1re moitié,BTC 5m
btc-updown-5m-1790398200,btc,5m,1790398200,fair_value,± 1 c,up,0.3,10,210,220,cancelled,True,87.4,67.4,0,0,False,False,,0,0.715,,,True,1,0.7,0,0,0.00294,,,,,0.284625,1989331,1re moitié,BTC 5m
btc-updown-5m-1790398200,btc,5m,1790398200,fair_value,± 1 c,up,0.27,10,220,230,cancelled,True,124.2,73.2,0,0,False,False,,0,0.715,,,True,1,0.73,0,0,0.0027594,,,,,0.242912,1989331,1re moitié,BTC 5m
btc-updown-5m-1790398200,btc,5m,1790398200,fair_value,± 1 c,up,0.23,10,230,240,cancelled,True,54.7,0,0,0,False,False,,0,0.715,,,True,1,0.77,0,0,0.0024794,,,,,0.182694,1989331,1re moitié,BTC 5m
btc-updown-5m-1790398200,btc,5m,1790398200,fair_value,± 1 c,down,0.28,10,210,240,filled,True,400.29,0,10,1,True,True,queue,351.53,0.715,220.29,9.99,True,0,-0.28,-2.8,-0.28,0.0028224,,,,,0.182694,1989331,1re moitié,BTC 5m
btc-updown-5m-1790398200,btc,5m,1790398200,fair_value,± 1 c,up,0.17,10,240,250,cancelled,True,0,0,0,0,False,False,,0,0.695,,,True,1,0.83,0,0,0.0019754,,,,,0.104405,1989331,1re moitié,BTC 5m
btc-updown-5m-1790398200,btc,5m,1790398200,fair_value,± 1 c,down,0.3,10,240,250,filled,True,405.83,0,10,1,True,True,queue,328.586,0.695,241.607,1.307,True,0,-0.3,-3,-0.3,0.00294,,,,,0.104405,1989331,1re moitié,BTC 5m
btc-updown-5m-1790398200,btc,5m,1790398200,fair_value,± 1 c,up,0.09,10,250,260,cancelled,True,182,182,0,0,False,False,,0,0.835,,,True,1,0.91,0,0,0.0011466,,,,,0.0308856,1989331,1re moitié,BTC 5m
btc-updown-5m-1790398200,btc,5m,1790398200,fair_value,± 1 c,down,0.16,10,250,260,filled,True,297.58,0,10,1,True,True,traversal,99.8452,0.835,251.319,1.019,True,0,-0.16,-1.6,-0.16,0.0018816,,,,,0.0308856,1989331,1re moitié,BTC 5m
btc-updown-5m-1790398200,btc,5m,1790398200,fair_value,± 1 c,down,0.11,10,260,270,filled,True,21.65,0,10,1,True,True,traversal,22.2809,0.885,260.455,0.155,True,0,-0.11,-1.1,-0.11,0.0013706,,,,,0.00115143,1989331,1re moitié,BTC 5m
btc-updown-5m-1790398500,btc,5m,1790398500,signal,0.48/S+0,down,0.48,10,-30,0,cancelled,True,177.82,85.82,0,0,False,False,,0,0.495,,,False,1,0.52,0,0,0.0034944,0.48,0,-5.15982e-08,,,1989331,1re moitié,BTC 5m
btc-updown-5m-1790398500,btc,5m,1790398500,signal,0.48/S+30,down,0.48,10,-30,30,cancelled,True,177.82,10.38,0,0,False,False,,40.8462,0.495,,,False,1,0.52,0,0,0.0034944,0.48,30,-5.15982e-08,,,1989331,1re moitié,BTC 5m
btc-updown-5m-1790398500,btc,5m,1790398500,signal,0.48/S+60,down,0.48,10,-30,60,filled,True,177.82,0,10,1,True,True,traversal,42.7692,0.495,38.642,68.342,False,1,0.52,5.2,0.52,0.0034944,0.48,60,-5.15982e-08,,,1989331,1re moitié,BTC 5m
btc-updown-5m-1790398500,btc,5m,1790398500,signal,0.49/S+0,down,0.49,10,-30,0,cancelled,True,169.64,89.64,0,0,False,False,,0,0.495,,,False,1,0.51,0,0,0.0034986,0.49,0,-5.15982e-08,,,1989331,1re moitié,BTC 5m
btc-updown-5m-1790398500,btc,5m,1790398500,signal,0.49/S+30,down,0.49,10,-30,30,filled,True,169.64,0,10,1,True,True,queue,52.3529,0.495,12.195,41.895,False,1,0.51,5.1,0.51,0.0034986,0.49,30,-5.15982e-08,,,1989331,1re moitié,BTC 5m
btc-updown-5m-1790398500,btc,5m,1790398500,signal,0.49/S+60,down,0.49,10,-30,60,filled,True,169.64,0,10,1,True,True,queue,52.3529,0.495,12.195,41.895,False,1,0.51,5.1,0.51,0.0034986,0.49,60,-5.15982e-08,,,1989331,1re moitié,BTC 5m
btc-updown-5m-1790398500,btc,5m,1790398500,signal,0.50/S+0,down,0.5,10,-30,0,cancelled,True,78,78,0,0,False,False,,0,0.495,,,False,1,0.5,0,0,0.0035,0.5,0,-5.15982e-08,,,1989331,1re moitié,BTC 5m
btc-updown-5m-1790398500,btc,5m,1790398500,signal,0.50/S+30,down,0.5,10,-30,30,filled,True,78,0,10,1,True,True,traversal,5,0.495,12.195,41.895,False,1,0.5,5,0.5,0.0035,0.5,30,-5.15982e-08,,,1989331,1re moitié,BTC 5m
btc-updown-5m-1790398500,btc,5m,1790398500,signal,0.50/S+60,down,0.5,10,-30,60,filled,True,78,0,10,1,True,True,traversal,5,0.495,12.195,41.895,False,1,0.5,5,0.5,0.0035,0.5,60,-5.15982e-08,,,1989331,1re moitié,BTC 5m
btc-updown-5m-1790398500,btc,5m,1790398500,two_sided,0.49/S+0,up,0.49,10,-60,0,filled,True,164.1,0,10,1,True,True,traversal,30.7843,0.495,-19.85,39.85,False,0,-0.49,-4.9,-0.49,0.0034986,0.49,0,,0,,1989331,1re moitié,BTC 5m
btc-updown-5m-1790398500,btc,5m,1790398500,two_sided,0.49/S+0,down,0.49,10,-60,0,cancelled,True,135.1,89.64,0,0,False,False,,0,0.495,,,False,1,0.51,0,0,0.0034986,0.49,0,,0,,1989331,1re moitié,BTC 5m
btc-updown-5m-1790398500,btc,5m,1790398500,two_sided,0.49/S+30,up,0.49,10,-60,30,filled,True,164.1,0,10,1,True,True,traversal,30.7843,0.495,-19.85,39.85,False,0,-0.49,-4.9,-0.49,0.0034986,0.49,30,,30,,1989331,1re moitié,BTC 5m
btc-updown-5m-1790398500,btc,5m,1790398500,two_sided,0.49/S+30,down,0.49,10,-60,30,filled,True,135.1,0,10,1,True,True,queue,52.3529,0.495,12.195,71.895,False,1,0.51,5.1,0.51,0.0034986,0.49,30,,30,,1989331,1re moitié,BTC 5m
btc-updown-5m-1790398500,btc,5m,1790398500,two_sided,0.49/S+60,up,0.49,10,-60,60,filled,True,164.1,0,10,1,True,True,traversal,30.7843,0.495,-19.85,39.85,False,0,-0.49,-4.9,-0.49,0.0034986,0.49,60,,60,,1989331,1re moitié,BTC 5m
btc-updown-5m-1790398500,btc,5m,1790398500,two_sided,0.49/S+60,down,0.49,10,-60,60,filled,True,135.1,0,10,1,True,True,queue,52.3529,0.495,12.195,71.895,False,1,0.51,5.1,0.51,0.0034986,0.49,60,,60,,1989331,1re moitié,BTC 5m
btc-updown-5m-1790398500,btc,5m,1790398500,fair_value,± 1 c,up,0.48,10,10,20,cancelled,True,411.3,95,0,0,False,False,,0,0.485,,,False,0,-0.48,-0,-0,0.0034944,,,,,0.50184,1989331,1re moitié,BTC 5m
btc-updown-5m-1790398500,btc,5m,1790398500,fair_value,± 1 c,up,0.49,10,20,30,cancelled,True,124.2,107.2,0,0,False,False,,0,0.515,,,False,0,-0.49,-0,-0,0.0034986,,,,,0.498747,1989331,1re moitié,BTC 5m
btc-updown-5m-1790398500,btc,5m,1790398500,fair_value,± 1 c,up,0.48,10,30,40,filled,True,136.91,0,10,1,True,True,queue,96.1538,0.515,33.722,3.422,False,0,-0.48,-4.8,-0.48,0.0034944,,,,,0.721625,1989331,1re moitié,BTC 5m
btc-updown-5m-1790398500,btc,5m,1790398500,fair_value,± 1 c,down,0.48,10,10,40,filled,True,130,0,10,1,True,True,traversal,42.7692,0.485,38.642,28.342,False,1,0.52,5.2,0.52,0.0034944,,,,,0.721625,1989331,1re moitié,BTC 5m
btc-updown-5m-1790398500,btc,5m,1790398500,fair_value,± 1 c,up,0.52,10,40,50,cancelled,True,525.31,20,0,0,False,False,,0,0.525,,,False,0,-0.52,-0,-0,0.0034944,,,,,0.739872,1989331,1re moitié,BTC 5m
btc-updown-5m-1790398500,btc,5m,1790398500,fair_value,± 1 c,down,0.26,10,40,50,cancelled,True,175.5,175.5,0,0,False,False,,0,0.525,,,False,1,0.74,0,0,0.0026936,,,,,0.739872,1989331,1re moitié,BTC 5m
btc-updown-5m-1790398500,btc,5m,1790398500,fair_value,± 1 c,up,0.53,10,50,60,filled,True,28.72,0,10,1,True,True,traversal,31.2743,0.535,53.785,3.485,False,0,-0.53,-5.3,-0.53,0.0034874,,,,,0.75787,1989331,1re moitié,BTC 5m
btc-updown-5m-1790398500,btc,5m,1790398500,fair_value,± 1 c,down,0.25,10,50,60,cancelled,True,146.9,146.9,0,0,False,False,,0,0.535,,,False,1,0.75,0,0,0.002625,,,,,0.75787,1989331,1re moitié,BTC 5m
btc-updown-5m-1790398500,btc,5m,1790398500,fair_value,± 1 c,up,0.51,10,60,70,cancelled,True,637.11,80,0,0,False,False,,103.673,0.515,,,False,0,-0.51,-0,-0,0.0034986,,,,,0.805237,1989331,1re moitié,BTC 5m
btc-updown-5m-1790398500,btc,5m,1790398500,fair_value,± 1 c,down,0.23,10,60,70,cancelled,True,148.7,99,0,0,False,False,,0,0.515,,,False,1,0.77,0,0,0.0024794,,,,,0.805237,1989331,1re moitié,BTC 5m
btc-updown-5m-1790398500,btc,5m,1790398500,fair_value,± 1 c,up,0.63,10,70,80,filled,True,811.47,0,10,1,True,True,queue,65,0.635,74.69,4.39,False,0,-0.63,-6.3,-0.63,0.0032634,,,,,0.82698,1989331,1re moitié,BTC 5m
btc-updown-5m-1790398500,btc,5m,1790398500,fair_value,± 1 c,down,0.18,10,70,80,cancelled,True,209.6,165.6,0,0,False,False,,0,0.635,,,False,1,0.82,0,0,0.0020664,,,,,0.82698,1989331,1re moitié,BTC 5m
btc-updown-5m-1790398500,btc,5m,1790398500,fair_value,± 1 c,up,0.6,10,80,90,filled,True,125,0,10,1,True,True,traversal,0,0.615,81.626,1.326,False,0,-0.6,-6,-0.6,0.00336,,,,,0.849138,1989331,1re moitié,BTC 5m
btc-updown-5m-1790398500,btc,5m,1790398500,fair_value,± 1 c,down,0.16,10,80,90,cancelled,True,194.3,134.3,0,0,False,False,,0,0.615,,,False,1,0.84,0,0,0.0018816,,,,,0.849138,1989331,1re moitié,BTC 5m
btc-updown-5m-1790398500,btc,5m,1790398500,fair_value,± 1 c,up,0.51,10,90,100,filled,True,827.66,0,10,1,True,True,traversal,89.1837,0.515,93.654,3.354,False,0,-0.51,-5.1,-0.51,0.0034986,,,,,0.405017,1989331,1re moitié,BTC 5m
btc-updown-5m-1790398500,btc,5m,1790398500,fair_value,± 1 c,down,0.14,10,90,100,cancelled,True,411.6,396.6,0,0,False,False,,0,0.515,,,False,1,0.86,0,0,0.0016856,,,,,0.405017,1989331,1re moitié,BTC 5m
btc-updown-5m-1790398500,btc,5m,1790398500,fair_value,± 1 c,up,0.27,10,100,110,filled,True,403.38,0,10,1,True,True,queue,178.984,0.28,108.735,8.435,False,0,-0.27,-2.7,-0.27,0.0027594,,,,,0.39614,1989331,1re moitié,BTC 5m
btc-updown-5m-1790398500,btc,5m,1790398500,fair_value,± 1 c,down,0.58,10,100,110,cancelled,True,0,0,0,0,False,False,,0,0.28,,,False,1,0.42,0,0,0.0034104,,,,,0.39614,1989331,1re moitié,BTC 5m
btc-updown-5m-1790398500,btc,5m,1790398500,fair_value,± 1 c,up,0.26,10,110,120,filled,True,296,0,10,1,True,True,queue,150.181,0.265,114.346,4.046,False,0,-0.26,-2.6,-0.26,0.0026936,,,,,0.38596,1989331,1re moitié,BTC 5m
btc-updown-5m-1790398500,btc,5m,1790398500,fair_value,± 1 c,down,0.59,10,110,120,cancelled,True,1018.91,133.7,0,0,False,False,,0,0.265,,,False,1,0.41,0,0,0.0033866,,,,,0.38596,1989331,1re moitié,BTC 5m
btc-updown-5m-1790398500,btc,5m,1790398500,fair_value,± 1 c,up,0.19,10,120,130,filled,True,315.73,0,10,1,True,True,queue,376.568,0.195,122.73,2.43,False,0,-0.19,-1.9,-0.19,0.0021546,,,,,0.374232,1989331,1re moitié,BTC 5m
btc-updown-5m-1790398500,btc,5m,1790398500,fair_value,± 1 c,down,0.6,10,120,130,cancelled,True,129.8,119.8,0,0,False,False,,0,0.195,,,False,1,0.4,0,0,0.00336,,,,,0.374232,1989331,1re moitié,BTC 5m
btc-updown-5m-1790398500,btc,5m,1790398500,fair_value,± 1 c,up,0.18,10,130,140,filled,True,27.56,0,10,1,True,True,traversal,15.8537,0.185,132.394,2.094,False,0,-0.18,-1.8,-0.18,0.0020664,,,,,0.361825,1989331,1re moitié,BTC 5m
btc-updown-5m-1790398500,btc,5m,1790398500,fair_value,± 1 c,down,0.61,10,130,140,cancelled,True,144.9,90.9,0,0,False,False,,0,0.185,,,False,1,0.39,0,0,0.0033306,,,,,0.361825,1989331,1re moitié,BTC 5m
btc-updown-5m-1790398500,btc,5m,1790398500,fair_value,± 1 c,up,0.16,10,140,150,filled,True,109.04,0,10,1,True,True,traversal,80.9524,0.165,140.512,0.212,False,0,-0.16,-1.6,-0.16,0.0018816,,,,,0.347007,1989331,1re moitié,BTC 5m
btc-updown-5m-1790398500,btc,5m,1790398500,fair_value,± 1 c,down,0.62,10,140,150,cancelled,True,91,91,0,0,False,False,,0,0.165,,,False,1,0.38,0,0,0.0032984,,,,,0.347007,1989331,1re moitié,BTC 5m
btc-updown-5m-1790398500,btc,5m,1790398500,fair_value,± 1 c,up,0.13,10,150,160,cancelled,True,135.8,0,0,0,False,False,,69.3909,0.135,,,False,0,-0.13,-0,-0,0.0015834,,,,,0.330643,1989331,1re moitié,BTC 5m
btc-updown-5m-1790398500,btc,5m,1790398500,fair_value,± 1 c,down,0.64,10,150,160,cancelled,True,91.3,61.3,0,0,False,False,,0,0.135,,,False,1,0.36,0,0,0.0032256,,,,,0.330643,1989331,1re moitié,BTC 5m
btc-updown-5m-1790398500,btc,5m,1790398500,fair_value,± 1 c,up,0.12,10,160,170,filled,True,108.6,0,10,1,True,True,queue,25.2841,0.135,161.917,1.617,False,0,-0.12,-1.2,-0.12,0.0014784,,,,,0.145767,1989331,1re moitié,BTC 5m
btc-updown-5m-1790398500,btc,5m,1790398500,fair_value,± 1 c,down,0.65,10,160,170,cancelled,True,113.4,30,0,0,False,False,,0,0.135,,,False,1,0.35,0,0,0.003185,,,,,0.145767,1989331,1re moitié,BTC 5m
btc-updown-5m-1790398500,btc,5m,1790398500,fair_value,± 1 c,up,0.13,10,170,180,filled,True,50,0,10,1,True,True,traversal,0,0.175,176.271,5.971,False,0,-0.13,-1.3,-0.13,0.0015834,,,,,0.117311,1989331,1re moitié,BTC 5m
btc-updown-5m-1790398500,btc,5m,1790398500,fair_value,± 1 c,down,0.82,10,170,180,cancelled,True,780.5,130,0,0,False,False,,0,0.175,,,False,1,0.18,0,0,0.0020664,,,,,0.117311,1989331,1re moitié,BTC 5m
btc-updown-5m-1790398500,btc,5m,1790398500,fair_value,± 1 c,up,0.09,10,180,190,cancelled,True,141.76,43.3517,0,0,False,False,,47.1429,0.095,,,False,0,-0.09,-0,-0,0.0011466,,,,,0.088997,1989331,1re moitié,BTC 5m
btc-updown-5m-1790398500,btc,5m,1790398500,fair_value,± 1 c,down,0.87,10,180,190,cancelled,True,135,45,0,0,False,False,,0,0.095,,,False,1,0.13,0,0,0.0015834,,,,,0.088997,1989331,1re moitié,BTC 5m
btc-updown-5m-1790398500,btc,5m,1790398500,fair_value,± 1 c,up,0.07,10,190,200,filled,True,198.9,0,10,1,True,True,queue,107.394,0.095,197.239,6.939,False,0,-0.07,-0.7,-0.07,0.0009114,,,,,0.061349,1989331,1re moitié,BTC 5m
btc-updown-5m-1790398500,btc,5m,1790398500,fair_value,± 1 c,down,0.9,10,190,200,cancelled,True,270.9,170.9,0,0,False,False,,10,0.095,,,False,1,0.1,0,0,0.00126,,,,,0.061349,1989331,1re moitié,BTC 5m
btc-updown-5m-1790398500,btc,5m,1790398500,fair_value,± 1 c,up,0.05,10,200,210,cancelled,True,291.17,155.17,0,0,False,False,,0,0.065,,,False,0,-0.05,-0,-0,0.000665,,,,,0.0362952,1989331,1re moitié,BTC 5m
btc-updown-5m-1790398500,btc,5m,1790398500,fair_value,± 1 c,down,0.92,10,200,220,filled,True,353.82,0,10,1,True,True,queue,402.01,0.065,202.475,2.175,False,1,0.08,0.8,0.08,0.0010304,,,,,0.0167126,1989331,1re moitié,BTC 5m
btc-updown-5m-1790398500,btc,5m,1790398500,fair_value,± 1 c,down,0.93,10,220,230,cancelled,True,5.39,5.39,0,0,False,False,,0,0.065,,,False,1,0.07,0,0,0.0009114,,,,,0.00456549,1989331,1re moitié,BTC 5m
btc-updown-5m-1790398800,btc,5m,1790398800,signal,0.48/S+0,down,0.48,10,-30,0,filled,True,107.82,0,10,1,True,True,queue,44.4896,0.495,-15.507,14.193,True,0,-0.48,-4.8,-0.48,0.0034944,0.48,0,-3.57262e-08,,,1989332,1re moitié,BTC 5m
btc-updown-5m-1790398800,btc,5m,1790398800,signal,0.48/S+30,down,0.48,10,-30,30,filled,True,107.82,0,10,1,True,True,queue,44.4896,0.495,-15.507,14.193,True,0,-0.48,-4.8,-0.48,0.0034944,0.48,30,-3.57262e-08,,,1989332,1re moitié,BTC 5m
btc-updown-5m-1790398800,btc,5m,1790398800,signal,0.48/S+60,down,0.48,10,-30,60,filled,True,107.82,0,10,1,True,True,queue,44.4896,0.495,-15.507,14.193,True,0,-0.48,-4.8,-0.48,0.0034944,0.48,60,-3.57262e-08,,,1989332,1re moitié,BTC 5m
btc-updown-5m-1790398800,btc,5m,1790398800,signal,0.49/S+0,down,0.49,10,-30,0,filled,True,80.1,0,10,1,True,True,traversal,17.6275,0.495,-15.526,14.174,True,0,-0.49,-4.9,-0.49,0.0034986,0.49,0,-3.57262e-08,,,1989332,1re moitié,BTC 5m
btc-updown-5m-1790398800,btc,5m,1790398800,signal,0.49/S+30,down,0.49,10,-30,30,filled,True,80.1,0,10,1,True,True,traversal,17.6275,0.495,-15.526,14.174,True,0,-0.49,-4.9,-0.49,0.0034986,0.49,30,-3.57262e-08,,,1989332,1re moitié,BTC 5m
btc-updown-5m-1790398800,btc,5m,1790398800,signal,0.49/S+60,down,0.49,10,-30,60,filled,True,80.1,0,10,1,True,True,traversal,17.6275,0.495,-15.526,14.174,True,0,-0.49,-4.9,-0.49,0.0034986,0.49,60,-3.57262e-08,,,1989332,1re moitié,BTC 5m
btc-updown-5m-1790398800,btc,5m,1790398800,signal,0.50/S+0,down,0.5,10,-30,0,filled,True,6.32,0,10,1,True,True,queue,21.32,0.495,-15.554,14.146,True,0,-0.5,-5,-0.5,0.0035,0.5,0,-3.57262e-08,,,1989332,1re moitié,BTC 5m
btc-updown-5m-1790398800,btc,5m,1790398800,signal,0.50/S+30,down,0.5,10,-30,30,filled,True,6.32,0,10,1,True,True,queue,21.32,0.495,-15.554,14.146,True,0,-0.5,-5,-0.5,0.0035,0.5,30,-3.57262e-08,,,1989332,1re moitié,BTC 5m
btc-updown-5m-1790398800,btc,5m,1790398800,signal,0.50/S+60,down,0.5,10,-30,60,filled,True,6.32,0,10,1,True,True,queue,21.32,0.495,-15.554,14.146,True,0,-0.5,-5,-0.5,0.0035,0.5,60,-3.57262e-08,,,1989332,1re moitié,BTC 5m
btc-updown-5m-1790398800,btc,5m,1790398800,two_sided,0.49/S+0,up,0.49,10,-60,0,cancelled,True,352.1,117.2,0,0,False,False,,212.78,0.495,,,True,1,0.51,0,0,0.0034986,0.49,0,,0,,1989332,1re moitié,BTC 5m
btc-updown-5m-1790398800,btc,5m,1790398800,two_sided,0.49/S+0,down,0.49,10,-60,0,filled,True,160.1,0,10,1,True,True,traversal,17.6275,0.495,-15.526,44.174,True,0,-0.49,-4.9,-0.49,0.0034986,0.49,0,,0,,1989332,1re moitié,BTC 5m
btc-updown-5m-1790398800,btc,5m,1790398800,two_sided,0.49/S+30,up,0.49,10,-60,30,cancelled,True,352.1,117.2,0,0,False,False,,212.78,0.495,,,True,1,0.51,0,0,0.0034986,0.49,30,,30,,1989332,1re moitié,BTC 5m
btc-updown-5m-1790398800,btc,5m,1790398800,two_sided,0.49/S+30,down,0.49,10,-60,30,filled,True,160.1,0,10,1,True,True,traversal,17.6275,0.495,-15.526,44.174,True,0,-0.49,-4.9,-0.49,0.0034986,0.49,30,,30,,1989332,1re moitié,BTC 5m
btc-updown-5m-1790398800,btc,5m,1790398800,two_sided,0.49/S+60,up,0.49,10,-60,60,cancelled,True,352.1,117.2,0,0,False,False,,212.78,0.495,,,True,1,0.51,0,0,0.0034986,0.49,60,,60,,1989332,1re moitié,BTC 5m
btc-updown-5m-1790398800,btc,5m,1790398800,two_sided,0.49/S+60,down,0.49,10,-60,60,filled,True,160.1,0,10,1,True,True,traversal,17.6275,0.495,-15.526,44.174,True,0,-0.49,-4.9,-0.49,0.0034986,0.49,60,,60,,1989332,1re moitié,BTC 5m
btc-updown-5m-1790398800,btc,5m,1790398800,fair_value,± 1 c,up,0.68,10,10,20,cancelled,True,426.3,44.9,0,0,False,False,,75.7812,0.685,,,True,1,0.32,0,0,0.0030464,,,,,0.776143,1989332,1re moitié,BTC 5m
btc-updown-5m-1790398800,btc,5m,1790398800,fair_value,± 1 c,down,0.23,10,10,20,cancelled,True,337,327,0,0,False,False,,0,0.685,,,True,0,-0.23,-0,-0,0.0024794,,,,,0.776143,1989332,1re moitié,BTC 5m
btc-updown-5m-1790398800,btc,5m,1790398800,fair_value,± 1 c,up,0.7,10,20,30,cancelled,True,698.65,56,0,0,False,False,,106.2,0.705,,,True,1,0.3,0,0,0.00294,,,,,0.845071,1989332,1re moitié,BTC 5m
btc-updown-5m-1790398800,btc,5m,1790398800,fair_value,± 1 c,down,0.21,10,20,30,cancelled,True,399.7,191.7,0,0,False,False,,0,0.705,,,True,0,-0.21,-0,-0,0.0023226,,,,,0.845071,1989332,1re moitié,BTC 5m
btc-updown-5m-1790398800,btc,5m,1790398800,fair_value,± 1 c,down,0.14,10,30,40,cancelled,True,579.03,430.6,0,0,False,False,,0,0.735,,,True,0,-0.14,-0,-0,0.0016856,,,,,0.866971,1989332,1re moitié,BTC 5m
btc-updown-5m-1790398800,btc,5m,1790398800,fair_value,± 1 c,up,0.73,10,30,50,filled,True,221.51,0,10,1,True,True,queue,57,0.735,36.847,6.547,True,1,0.27,2.7,0.27,0.0027594,,,,,0.88801,1989332,1re moitié,BTC 5m
btc-updown-5m-1790398800,btc,5m,1790398800,fair_value,± 1 c,down,0.12,10,40,50,cancelled,True,430.6,430.6,0,0,False,False,,0,0.735,,,True,0,-0.12,-0,-0,0.0014784,,,,,0.88801,1989332,1re moitié,BTC 5m
btc-updown-5m-1790398800,btc,5m,1790398800,fair_value,± 1 c,up,0.75,10,50,60,cancelled,True,525.61,121,0,0,False,False,,12,0.755,,,True,1,0.25,0,0,0.002625,,,,,0.90848,1989332,1re moitié,BTC 5m
btc-updown-5m-1790398800,btc,5m,1790398800,fair_value,± 1 c,down,0.1,10,50,60,cancelled,True,459.9,459.9,0,0,False,False,,0,0.755,,,True,0,-0.1,-0,-0,0.00126,,,,,0.90848,1989332,1re moitié,BTC 5m
btc-updown-5m-1790398800,btc,5m,1790398800,fair_value,± 1 c,down,0.08,10,60,70,cancelled,True,515.29,470.29,0,0,False,False,,0,0.775,,,True,0,-0.08,-0,-0,0.0010304,,,,,0.927334,1989332,1re moitié,BTC 5m
btc-updown-5m-1790398800,btc,5m,1790398800,fair_value,± 1 c,up,0.77,10,60,80,cancelled,True,168.3,34.1,0,0,False,False,,23.1791,0.775,,,True,1,0.23,0,0,0.0024794,,,,,0.94461,1989332,1re moitié,BTC 5m
btc-updown-5m-1790398800,btc,5m,1790398800,fair_value,± 1 c,down,0.06,10,70,80,cancelled,True,1169.11,1169.11,0,0,False,False,,0,0.775,,,True,0,-0.06,-0,-0,0.0007896,,,,,0.94461,1989332,1re moitié,BTC 5m
btc-updown-5m-1790398800,btc,5m,1790398800,fair_value,± 1 c,up,0.78,10,80,100,cancelled,True,397.16,104.203,0,0,False,False,,207.273,0.785,,,True,1,0.22,0,0,0.0024024,,,,,0.972424,1989332,1re moitié,BTC 5m
btc-updown-5m-1790398800,btc,5m,1790398800,fair_value,± 1 c,up,0.81,10,100,120,cancelled,True,818.72,219.91,0,0,False,False,,105.263,0.815,,,True,1,0.19,0,0,0.0021546,,,,,0.989851,1989332,1re moitié,BTC 5m
btc-updown-5m-1790398800,btc,5m,1790398800,fair_value,± 1 c,up,0.83,10,120,130,filled,True,0,0,10,1,True,True,traversal,0,0.83,121.063,0.763,True,1,0.17,1.7,0.17,0.0019754,,,,,0.994737,1989332,1re moitié,BTC 5m
btc-updown-5m-1790398800,btc,5m,1790398800,fair_value,± 1 c,up,0.82,10,130,140,cancelled,True,236.15,130,0,0,False,False,,0,0.825,,,True,1,0.18,0,0,0.0020664,,,,,0.997665,1989332,1re moitié,BTC 5m
btc-updown-5m-1790398800,btc,5m,1790398800,fair_value,± 1 c,up,0.87,10,140,150,cancelled,True,205.8,0,0,0,False,False,,1.28,0.875,,,True,1,0.13,0,0,0.0015834,,,,,0.999157,1989332,1re moitié,BTC 5m
btc-updown-5m-1790398800,btc,5m,1790398800,fair_value,± 1 c,up,0.88,10,150,160,cancelled,True,175.6,101.67,0,0,False,False,,0,0.885,,,True,1,0.12,0,0,0.0014784,,,,,0.999763,1989332,1re moitié,BTC 5m
btc-updown-5m-1790398800,btc,5m,1790398800,fair_value,± 1 c,up,0.9,10,160,170,cancelled,True,302.66,148.67,0,0,False,False,,0,0.915,,,True,1,0.1,0,0,0.00126,,,,,0.998382,1989332,1re moitié,BTC 5m
btc-updown-5m-1790398800,btc,5m,1790398800,fair_value,± 1 c,up,0.92,10,170,180,filled,True,474.75,0,10,1,True,True,traversal,12.5,0.925,173.671,3.371,True,1,0.08,0.8,0.08,0.0010304,,,,,0.999541,1989332,1re moitié,BTC 5m
btc-updown-5m-1790398800,btc,5m,1790398800,fair_value,± 1 c,up,0.94,10,180,200,filled,True,709.4,0,10,1,True,True,traversal,183,0.945,184.087,3.787,True,1,0.06,0.6,0.06,0.0007896,,,,,0.999992,1989332,1re moitié,BTC 5m
btc-updown-5m-1790399100,btc,5m,1790399100,signal,0.48/S+0,down,0.48,10,-30,0,filled,True,242.68,0,10,1,True,True,queue,134.327,0.495,-8.606,21.094,True,0,-0.48,-4.8,-0.48,0.0034944,0.48,0,-4.7623e-08,,,1989332,1re moitié,BTC 5m
btc-updown-5m-1790399100,btc,5m,1790399100,signal,0.48/S+30,down,0.48,10,-30,30,filled,True,242.68,0,10,1,True,True,queue,134.327,0.495,-8.606,21.094,True,0,-0.48,-4.8,-0.48,0.0034944,0.48,30,-4.7623e-08,,,1989332,1re moitié,BTC 5m
btc-updown-5m-1790399100,btc,5m,1790399100,signal,0.48/S+60,down,0.48,10,-30,60,filled,True,242.68,0,10,1,True,True,queue,134.327,0.495,-8.606,21.094,True,0,-0.48,-4.8,-0.48,0.0034944,0.48,60,-4.7623e-08,,,1989332,1re moitié,BTC 5m
btc-updown-5m-1790399100,btc,5m,1790399100,signal,0.49/S+0,down,0.49,10,-30,0,filled,True,141.38,0,10,1,True,True,queue,98.4314,0.495,-17.122,12.578,True,0,-0.49,-4.9,-0.49,0.0034986,0.49,0,-4.7623e-08,,,1989332,1re moitié,BTC 5m
btc-updown-5m-1790399100,btc,5m,1790399100,signal,0.49/S+30,down,0.49,10,-30,30,filled,True,141.38,0,10,1,True,True,queue,98.4314,0.495,-17.122,12.578,True,0,-0.49,-4.9,-0.49,0.0034986,0.49,30,-4.7623e-08,,,1989332,1re moitié,BTC 5m
btc-updown-5m-1790399100,btc,5m,1790399100,signal,0.49/S+60,down,0.49,10,-30,60,filled,True,141.38,0,10,1,True,True,queue,98.4314,0.495,-17.122,12.578,True,0,-0.49,-4.9,-0.49,0.0034986,0.49,60,-4.7623e-08,,,1989332,1re moitié,BTC 5m
btc-updown-5m-1790399100,btc,5m,1790399100,signal,0.50/S+0,down,0.5,10,-30,0,filled,True,510.32,0,10,1,True,True,traversal,0,0.495,-17.122,12.578,True,0,-0.5,-5,-0.5,0.0035,0.5,0,-4.7623e-08,,,1989332,1re moitié,BTC 5m
btc-updown-5m-1790399100,btc,5m,1790399100,signal,0.50/S+30,down,0.5,10,-30,30,filled,True,510.32,0,10,1,True,True,traversal,0,0.495,-17.122,12.578,True,0,-0.5,-5,-0.5,0.0035,0.5,30,-4.7623e-08,,,1989332,1re moitié,BTC 5m
btc-updown-5m-1790399100,btc,5m,1790399100,signal,0.50/S+60,down,0.5,10,-30,60,filled,True,510.32,0,10,1,True,True,traversal,0,0.495,-17.122,12.578,True,0,-0.5,-5,-0.5,0.0035,0.5,60,-4.7623e-08,,,1989332,1re moitié,BTC 5m
btc-updown-5m-1790399100,btc,5m,1790399100,two_sided,0.49/S+0,up,0.49,10,-60,0,cancelled,True,155.46,51.13,0,0,False,False,,15.6839,0.5,,,True,1,0.51,0,0,0.0034986,0.49,0,,0,,1989332,1re moitié,BTC 5m
btc-updown-5m-1790399100,btc,5m,1790399100,two_sided,0.49/S+0,down,0.49,10,-60,0,filled,True,76.62,0,10,1,True,True,queue,102.353,0.5,-17.122,42.578,True,0,-0.49,-4.9,-0.49,0.0034986,0.49,0,,0,,1989332,1re moitié,BTC 5m
btc-updown-5m-1790399100,btc,5m,1790399100,two_sided,0.49/S+30,up,0.49,10,-60,30,cancelled,True,155.46,23,0,0,False,False,,15.6839,0.5,,,True,1,0.51,0,0,0.0034986,0.49,30,,30,,1989332,1re moitié,BTC 5m
btc-updown-5m-1790399100,btc,5m,1790399100,two_sided,0.49/S+30,down,0.49,10,-60,30,filled,True,76.62,0,10,1,True,True,queue,102.353,0.5,-17.122,42.578,True,0,-0.49,-4.9,-0.49,0.0034986,0.49,30,,30,,1989332,1re moitié,BTC 5m
btc-updown-5m-1790399100,btc,5m,1790399100,two_sided,0.49/S+60,up,0.49,10,-60,60,cancelled,True,155.46,23,0,0,False,False,,15.6839,0.5,,,True,1,0.51,0,0,0.0034986,0.49,60,,60,,1989332,1re moitié,BTC 5m
btc-updown-5m-1790399100,btc,5m,1790399100,two_sided,0.49/S+60,down,0.49,10,-60,60,filled,True,76.62,0,10,1,True,True,queue,102.353,0.5,-17.122,42.578,True,0,-0.49,-4.9,-0.49,0.0034986,0.49,60,,60,,1989332,1re moitié,BTC 5m
btc-updown-5m-1790399100,btc,5m,1790399100,fair_value,± 1 c,up,0.48,10,10,20,cancelled,True,253,228,0,0,False,False,,0,0.575,,,True,1,0.52,0,0,0.0034944,,,,,0.501891,1989332,1re moitié,BTC 5m
btc-updown-5m-1790399100,btc,5m,1790399100,fair_value,± 1 c,down,0.42,10,10,20,cancelled,True,212.38,30,0,0,False,False,,10,0.575,,,True,0,-0.42,-0,-0,0.0034104,,,,,0.501891,1989332,1re moitié,BTC 5m
btc-updown-5m-1790399100,btc,5m,1790399100,fair_value,± 1 c,up,0.49,10,20,30,cancelled,True,283,82,0,0,False,False,,0,0.555,,,True,1,0.51,0,0,0.0034986,,,,,0.498799,1989332,1re moitié,BTC 5m
btc-updown-5m-1790399100,btc,5m,1790399100,fair_value,± 1 c,down,0.44,10,20,30,cancelled,True,85,20.7143,0,0,False,False,,14.2857,0.555,,,True,0,-0.44,-0,-0,0.0034496,,,,,0.498799,1989332,1re moitié,BTC 5m
btc-updown-5m-1790399100,btc,5m,1790399100,fair_value,± 1 c,down,0.49,10,30,40,filled,True,226.21,0,10,1,True,True,traversal,119.686,0.505,35.026,4.726,True,0,-0.49,-4.9,-0.49,0.0034986,,,,,0.498772,1989332,1re moitié,BTC 5m
btc-updown-5m-1790399100,btc,5m,1790399100,fair_value,± 1 c,down,0.44,10,40,50,filled,True,120.05,0,10,1,True,True,traversal,54.2857,0.555,49.579,9.279,True,0,-0.44,-4.4,-0.44,0.0034496,,,,,0.498744,1989332,1re moitié,BTC 5m
btc-updown-5m-1790399100,btc,5m,1790399100,fair_value,± 1 c,down,0.42,10,50,60,crossing,False,,,0,0,False,False,,0,0.585,,,True,0,-0.42,-0,-0,0.0034104,,,,,0.498713,1989332,1re moitié,BTC 5m
btc-updown-5m-1790399100,btc,5m,1790399100,fair_value,± 1 c,down,0.44,10,60,70,cancelled,True,1113.1,0,0,0,False,False,,26.25,0.555,,,True,0,-0.44,-0,-0,0.0034496,,,,,0.498679,1989332,1re moitié,BTC 5m
btc-updown-5m-1790399100,btc,5m,1790399100,fair_value,± 1 c,down,0.46,10,70,80,filled,True,60,0,10,1,True,True,traversal,20.4444,0.535,71.525,1.225,True,0,-0.46,-4.6,-0.46,0.0034776,,,,,0.498643,1989332,1re moitié,BTC 5m
btc-updown-5m-1790399100,btc,5m,1790399100,fair_value,± 1 c,up,0.48,10,30,90,cancelled,True,124.48,34.48,0,0,False,False,,0,0.505,,,True,1,0.52,0,0,0.0034944,,,,,0.502246,1989332,1re moitié,BTC 5m
btc-updown-5m-1790399100,btc,5m,1790399100,fair_value,± 1 c,down,0.42,10,80,90,filled,True,179.59,0,10,1,True,True,traversal,0,0.575,86.006,5.706,True,0,-0.42,-4.2,-0.42,0.0034104,,,,,0.502246,1989332,1re moitié,BTC 5m
btc-updown-5m-1790399100,btc,5m,1790399100,fair_value,± 1 c,up,0.49,10,90,100,cancelled,True,100,40,0,0,False,False,,0,0.595,,,True,1,0.51,0,0,0.0034986,,,,,0.498561,1989332,1re moitié,BTC 5m
btc-updown-5m-1790399100,btc,5m,1790399100,fair_value,± 1 c,down,0.4,10,90,100,filled,True,168.39,0,10,1,True,True,queue,254.667,0.595,92.67,2.37,True,0,-0.4,-4,-0.4,0.00336,,,,,0.498561,1989332,1re moitié,BTC 5m
btc-updown-5m-1790399100,btc,5m,1790399100,fair_value,± 1 c,down,0.42,10,100,110,filled,True,15.23,0,10,1,True,True,traversal,0,0.575,100.416,0.116,True,0,-0.42,-4.2,-0.42,0.0034104,,,,,0.498513,1989332,1re moitié,BTC 5m
btc-updown-5m-1790399100,btc,5m,1790399100,fair_value,± 1 c,down,0.32,10,110,120,filled,True,572.72,0,10,1,True,True,traversal,94.4412,0.675,117.134,6.834,True,0,-0.32,-3.2,-0.32,0.0030464,,,,,0.498461,1989332,1re moitié,BTC 5m
btc-updown-5m-1790399100,btc,5m,1790399100,fair_value,± 1 c,up,0.48,10,100,130,cancelled,True,79.48,44.48,0,0,False,False,,0,0.575,,,True,1,0.52,0,0,0.0034944,,,,,0.502569,1989332,1re moitié,BTC 5m
btc-updown-5m-1790399100,btc,5m,1790399100,fair_value,± 1 c,down,0.3,10,120,140,filled,True,789.4,0,10,1,True,True,queue,43.3271,0.675,130.731,10.431,True,0,-0.3,-3,-0.3,0.00294,,,,,0.502674,1989332,1re moitié,BTC 5m
btc-updown-5m-1790399100,btc,5m,1790399100,fair_value,± 1 c,up,0.49,10,130,150,cancelled,True,67.57,57.57,0,0,False,False,,0,0.695,,,True,1,0.51,0,0,0.0034986,,,,,0.498264,1989332,1re moitié,BTC 5m
btc-updown-5m-1790399100,btc,5m,1790399100,fair_value,± 1 c,down,0.29,10,140,150,filled,True,118.59,0,10,1,True,True,queue,165.648,0.705,146.102,5.802,True,0,-0.29,-2.9,-0.29,0.0028826,,,,,0.498264,1989332,1re moitié,BTC 5m
btc-updown-5m-1790399100,btc,5m,1790399100,fair_value,± 1 c,down,0.28,10,150,160,filled,True,294.49,0,10,1,True,True,traversal,62.5639,0.715,152.822,2.522,True,0,-0.28,-2.8,-0.28,0.0028224,,,,,0.498179,1989332,1re moitié,BTC 5m
btc-updown-5m-1790399100,btc,5m,1790399100,fair_value,± 1 c,up,0.48,10,150,170,cancelled,True,124.88,54.88,0,0,False,False,,0,0.715,,,True,1,0.52,0,0,0.0034944,,,,,0.844434,1989332,1re moitié,BTC 5m
btc-updown-5m-1790399100,btc,5m,1790399100,fair_value,± 1 c,down,0.25,10,160,170,crossing,False,,,0,0,False,False,,0,0.755,,,True,0,-0.25,-0,-0,0.002625,,,,,0.844434,1989332,1re moitié,BTC 5m
btc-updown-5m-1790399100,btc,5m,1790399100,fair_value,± 1 c,up,0.75,10,170,180,cancelled,True,52,8,0,0,False,False,,14,0.755,,,True,1,0.25,0,0,0.002625,,,,,0.872837,1989332,1re moitié,BTC 5m
btc-updown-5m-1790399100,btc,5m,1790399100,fair_value,± 1 c,down,0.14,10,170,180,cancelled,True,96,56,0,0,False,False,,0,0.755,,,True,0,-0.14,-0,-0,0.0016856,,,,,0.872837,1989332,1re moitié,BTC 5m
btc-updown-5m-1790399100,btc,5m,1790399100,fair_value,± 1 c,up,0.79,10,180,190,filled,True,10,0,10,1,True,True,queue,22,0.795,181.305,1.005,True,1,0.21,2.1,0.21,0.0023226,,,,,0.904423,1989332,1re moitié,BTC 5m
btc-updown-5m-1790399100,btc,5m,1790399100,fair_value,± 1 c,down,0.11,10,180,190,filled,True,214.42,0,10,1,True,True,traversal,0,0.795,183.704,3.404,True,0,-0.11,-1.1,-0.11,0.0013706,,,,,0.904423,1989332,1re moitié,BTC 5m
btc-updown-5m-1790399100,btc,5m,1790399100,fair_value,± 1 c,up,0.89,10,190,200,cancelled,True,60.55,60.55,0,0,False,False,,0,0.915,,,True,1,0.11,0,0,0.0013706,,,,,0.933208,1989332,1re moitié,BTC 5m
btc-updown-5m-1790399100,btc,5m,1790399100,fair_value,± 1 c,down,0.08,10,190,200,filled,True,176.68,0,10,1,True,True,traversal,39.5543,0.915,192.249,1.949,True,0,-0.08,-0.8,-0.08,0.0010304,,,,,0.933208,1989332,1re moitié,BTC 5m
btc-updown-5m-1790399100,btc,5m,1790399100,fair_value,± 1 c,up,0.92,10,200,210,cancelled,True,142.09,82.09,0,0,False,False,,0,0.955,,,True,1,0.08,0,0,0.0010304,,,,,0.985642,1989332,1re moitié,BTC 5m
btc-updown-5m-1790399400,btc,5m,1790399400,signal,0.48/S+0,down,0.48,10,-30,0,cancelled,True,65,15,0,0,False,False,,0,0.415,,,False,1,0.52,0,0,0.0034944,0.48,0,-8.09412e-05,,,1989332,1re moitié,BTC 5m
btc-updown-5m-1790399400,btc,5m,1790399400,signal,0.48/S+30,down,0.48,10,-30,30,filled,True,65,0,10,1,True,True,traversal,0,0.415,0.576,30.276,False,1,0.52,5.2,0.52,0.0034944,0.48,30,-8.09412e-05,,,1989332,1re moitié,BTC 5m
btc-updown-5m-1790399400,btc,5m,1790399400,signal,0.48/S+60,down,0.48,10,-30,60,filled,True,65,0,10,1,True,True,traversal,0,0.415,0.576,30.276,False,1,0.52,5.2,0.52,0.0034944,0.48,60,-8.09412e-05,,,1989332,1re moitié,BTC 5m
btc-updown-5m-1790399400,btc,5m,1790399400,signal,0.49/S+0,down,0.49,10,-30,0,cancelled,True,5,0,0,0,False,False,,0,0.415,,,False,1,0.51,0,0,0.0034986,0.49,0,-8.09412e-05,,,1989332,1re moitié,BTC 5m
btc-updown-5m-1790399400,btc,5m,1790399400,signal,0.49/S+30,down,0.49,10,-30,30,filled,True,5,0,10,1,True,True,traversal,0,0.415,0.576,30.276,False,1,0.51,5.1,0.51,0.0034986,0.49,30,-8.09412e-05,,,1989332,1re moitié,BTC 5m
btc-updown-5m-1790399400,btc,5m,1790399400,signal,0.49/S+60,down,0.49,10,-30,60,filled,True,5,0,10,1,True,True,traversal,0,0.415,0.576,30.276,False,1,0.51,5.1,0.51,0.0034986,0.49,60,-8.09412e-05,,,1989332,1re moitié,BTC 5m
btc-updown-5m-1790399400,btc,5m,1790399400,signal,0.50/S+0,down,0.5,10,-30,0,cancelled,True,50,0,0,0,False,False,,0,0.415,,,False,1,0.5,0,0,0.0035,0.5,0,-8.09412e-05,,,1989332,1re moitié,BTC 5m
btc-updown-5m-1790399400,btc,5m,1790399400,signal,0.50/S+30,down,0.5,10,-30,30,filled,True,50,0,10,1,True,True,traversal,0,0.415,0.576,30.276,False,1,0.5,5,0.5,0.0035,0.5,30,-8.09412e-05,,,1989332,1re moitié,BTC 5m
btc-updown-5m-1790399400,btc,5m,1790399400,signal,0.50/S+60,down,0.5,10,-30,60,filled,True,50,0,10,1,True,True,traversal,0,0.415,0.576,30.276,False,1,0.5,5,0.5,0.0035,0.5,60,-8.09412e-05,,,1989332,1re moitié,BTC 5m
btc-updown-5m-1790399400,btc,5m,1790399400,two_sided,0.49/S+0,up,0.49,10,-60,0,filled,True,25,0,10,1,True,True,queue,101.941,0.5,-52.254,7.446,False,0,-0.49,-4.9,-0.49,0.0034986,0.49,0,,0,,1989332,1re moitié,BTC 5m
btc-updown-5m-1790399400,btc,5m,1790399400,two_sided,0.49/S+0,down,0.49,10,-60,0,filled,True,43,0,10,1,True,True,queue,115.882,0.5,-55.525,4.175,False,1,0.51,5.1,0.51,0.0034986,0.49,0,,0,,1989332,1re moitié,BTC 5m
btc-updown-5m-1790399400,btc,5m,1790399400,two_sided,0.49/S+30,up,0.49,10,-60,30,filled,True,25,0,10,1,True,True,queue,101.941,0.5,-52.254,7.446,False,0,-0.49,-4.9,-0.49,0.0034986,0.49,30,,30,,1989332,1re moitié,BTC 5m
btc-updown-5m-1790399400,btc,5m,1790399400,two_sided,0.49/S+30,down,0.49,10,-60,30,filled,True,43,0,10,1,True,True,queue,115.882,0.5,-55.525,4.175,False,1,0.51,5.1,0.51,0.0034986,0.49,30,,30,,1989332,1re moitié,BTC 5m
btc-updown-5m-1790399400,btc,5m,1790399400,two_sided,0.49/S+60,up,0.49,10,-60,60,filled,True,25,0,10,1,True,True,queue,101.941,0.5,-52.254,7.446,False,0,-0.49,-4.9,-0.49,0.0034986,0.49,60,,60,,1989332,1re moitié,BTC 5m
btc-updown-5m-1790399400,btc,5m,1790399400,two_sided,0.49/S+60,down,0.49,10,-60,60,filled,True,43,0,10,1,True,True,queue,115.882,0.5,-55.525,4.175,False,1,0.51,5.1,0.51,0.0034986,0.49,60,,60,,1989332,1re moitié,BTC 5m
btc-updown-5m-1790399400,btc,5m,1790399400,fair_value,± 1 c,up,0.42,10,10,20,filled,True,280.78,0,10,1,True,True,queue,48.761,0.465,12.031,1.731,False,0,-0.42,-4.2,-0.42,0.0034104,,,,,0.423513,1989332,1re moitié,BTC 5m
btc-updown-5m-1790399400,btc,5m,1790399400,fair_value,± 1 c,down,0.53,10,10,20,cancelled,True,120,25,0,0,False,False,,16.9787,0.465,,,False,1,0.47,0,0,0.0034874,,,,,0.423513,1989332,1re moitié,BTC 5m
btc-updown-5m-1790399400,btc,5m,1790399400,fair_value,± 1 c,up,0.36,10,20,30,filled,True,176.33,0,10,1,True,True,traversal,22.7344,0.365,22.974,2.674,False,0,-0.36,-3.6,-0.36,0.0032256,,,,,0.298898,1989332,1re moitié,BTC 5m
btc-updown-5m-1790399400,btc,5m,1790399400,fair_value,± 1 c,down,0.56,10,20,30,cancelled,True,304.48,218,0,0,False,False,,0,0.365,,,False,1,0.44,0,0,0.0034496,,,,,0.298898,1989332,1re moitié,BTC 5m
btc-updown-5m-1790399400,btc,5m,1790399400,fair_value,± 1 c,up,0.24,10,30,40,filled,True,631.15,0,10,1,True,True,queue,51.5721,0.245,31.677,1.377,False,0,-0.24,-2.4,-0.24,0.0025536,,,,,0.28184,1989332,1re moitié,BTC 5m
btc-updown-5m-1790399400,btc,5m,1790399400,fair_value,± 1 c,down,0.69,10,30,40,filled,True,132.57,0,10,1,True,True,queue,37.0968,0.245,34.007,3.707,False,1,0.31,3.1,0.31,0.0029946,,,,,0.28184,1989332,1re moitié,BTC 5m
btc-updown-5m-1790399400,btc,5m,1790399400,fair_value,± 1 c,up,0.27,10,40,50,cancelled,True,554,155.137,0,0,False,False,,129.863,0.285,,,False,0,-0.27,-0,-0,0.0027594,,,,,0.263982,1989332,1re moitié,BTC 5m
btc-updown-5m-1790399400,btc,5m,1790399400,fair_value,± 1 c,down,0.7,10,40,50,cancelled,True,260,85,0,0,False,False,,0,0.285,,,False,1,0.3,0,0,0.00294,,,,,0.263982,1989332,1re moitié,BTC 5m
btc-updown-5m-1790399400,btc,5m,1790399400,fair_value,± 1 c,up,0.25,10,50,60,filled,True,50,0,10,1,True,True,queue,57.6623,0.275,50.374,0.0740001,False,0,-0.25,-2.5,-0.25,0.002625,,,,,0.244713,1989332,1re moitié,BTC 5m
btc-updown-5m-1790399400,btc,5m,1790399400,fair_value,± 1 c,down,0.72,10,50,60,cancelled,True,1180.77,93.37,0,0,False,False,,0,0.275,,,False,1,0.28,0,0,0.0028224,,,,,0.244713,1989332,1re moitié,BTC 5m
btc-updown-5m-1790399400,btc,5m,1790399400,fair_value,± 1 c,up,0.22,10,60,70,filled,True,537,0,10,1,True,True,traversal,65.641,0.225,63.898,3.598,False,0,-0.22,-2.2,-0.22,0.0024024,,,,,0.224665,1989332,1re moitié,BTC 5m
btc-updown-5m-1790399400,btc,5m,1790399400,fair_value,± 1 c,down,0.74,10,60,70,cancelled,True,228,35,0,0,False,False,,0,0.225,,,False,1,0.26,0,0,0.0026936,,,,,0.224665,1989332,1re moitié,BTC 5m
btc-updown-5m-1790399400,btc,5m,1790399400,fair_value,± 1 c,up,0.2,10,70,80,cancelled,True,484.93,31,0,0,False,False,,7.5,0.205,,,False,0,-0.2,-0,-0,0.00224,,,,,0.203931,1989332,1re moitié,BTC 5m
btc-updown-5m-1790399400,btc,5m,1790399400,fair_value,± 1 c,down,0.76,10,70,80,cancelled,True,305.48,97.48,0,0,False,False,,0,0.205,,,False,1,0.24,0,0,0.0025536,,,,,0.203931,1989332,1re moitié,BTC 5m
btc-updown-5m-1790399400,btc,5m,1790399400,fair_value,± 1 c,up,0.19,10,80,90,filled,True,152,0,10,1,True,True,traversal,26,0.215,85.29,4.99,False,0,-0.19,-1.9,-0.19,0.0021546,,,,,0.182172,1989332,1re moitié,BTC 5m
btc-updown-5m-1790399400,btc,5m,1790399400,fair_value,± 1 c,down,0.78,10,80,90,cancelled,True,1300.94,1085.09,0,0,False,False,,4.54545,0.215,,,False,1,0.22,0,0,0.0024024,,,,,0.182172,1989332,1re moitié,BTC 5m
btc-updown-5m-1790399400,btc,5m,1790399400,fair_value,± 1 c,up,0.17,10,90,100,filled,True,196,0,10,1,True,True,queue,245.614,0.175,93.023,2.723,False,0,-0.17,-1.7,-0.17,0.0019754,,,,,0.159559,1989332,1re moitié,BTC 5m
btc-updown-5m-1790399400,btc,5m,1790399400,fair_value,± 1 c,down,0.8,10,90,100,partial,True,519.48,0,5,0.5,True,False,queue,5,0.175,95.829,5.529,False,1,0.2,1,0.1,0.00224,,,,,0.159559,1989332,1re moitié,BTC 5m
btc-updown-5m-1790399400,btc,5m,1790399400,fair_value,± 1 c,up,0.14,10,100,110,cancelled,True,306.6,291.6,0,0,False,False,,0,0.165,,,False,0,-0.14,-0,-0,0.0016856,,,,,0.136833,1989332,1re moitié,BTC 5m
btc-updown-5m-1790399400,btc,5m,1790399400,fair_value,± 1 c,up,0.12,10,110,120,cancelled,True,871.6,0,0,0,False,False,,33.6,0.165,,,False,0,-0.12,-0,-0,0.0014784,,,,,0.114129,1989332,1re moitié,BTC 5m
btc-updown-5m-1790399400,btc,5m,1790399400,fair_value,± 1 c,down,0.83,10,100,120,filled,True,75,0,10,1,True,True,queue,106.028,0.165,102.113,1.813,False,1,0.17,1.7,0.17,0.0019754,,,,,0.114129,1989332,1re moitié,BTC 5m
btc-updown-5m-1790399400,btc,5m,1790399400,fair_value,± 1 c,up,0.1,10,120,130,filled,True,398.9,0,10,1,True,True,queue,75.7778,0.115,123.416,3.116,False,0,-0.1,-1,-0.1,0.00126,,,,,0.0921415,1989332,1re moitié,BTC 5m
btc-updown-5m-1790399400,btc,5m,1790399400,fair_value,± 1 c,down,0.87,10,120,130,cancelled,True,475.39,145,0,0,False,False,,0,0.115,,,False,1,0.13,0,0,0.0015834,,,,,0.0921415,1989332,1re moitié,BTC 5m
btc-updown-5m-1790399400,btc,5m,1790399400,fair_value,± 1 c,up,0.07,10,130,140,cancelled,True,640.54,49.17,0,0,False,False,,102.419,0.075,,,False,0,-0.07,-0,-0,0.0009114,,,,,0.0710151,1989332,1re moitié,BTC 5m
btc-updown-5m-1790399400,btc,5m,1790399400,fair_value,± 1 c,down,0.89,10,130,140,cancelled,True,208.35,113.25,0,0,False,False,,0,0.075,,,False,1,0.11,0,0,0.0013706,,,,,0.0710151,1989332,1re moitié,BTC 5m
btc-updown-5m-1790399400,btc,5m,1790399400,fair_value,± 1 c,up,0.06,10,140,150,filled,True,814.45,0,10,1,True,True,queue,31.3617,0.075,143.913,3.613,False,0,-0.06,-0.6,-0.06,0.0007896,,,,,0.0337912,1989332,1re moitié,BTC 5m
btc-updown-5m-1790399400,btc,5m,1790399400,fair_value,± 1 c,down,0.91,10,140,150,cancelled,True,375.53,101,0,0,False,False,,0,0.075,,,False,1,0.09,0,0,0.0011466,,,,,0.0337912,1989332,1re moitié,BTC 5m
btc-updown-5m-1790399700,btc,5m,1790399700,signal,0.48/S+0,up,0.48,10,-30,0,cancelled,True,155.82,90.81,0,0,False,False,,0,0.505,,,False,0,-0.48,-0,-0,0.0034944,0.48,0,1.45056e-05,,,1989333,1re moitié,BTC 5m
btc-updown-5m-1790399700,btc,5m,1790399700,signal,0.48/S+30,up,0.48,10,-30,30,filled,True,155.82,0,10,1,True,True,traversal,45,0.505,2.623,32.323,False,0,-0.48,-4.8,-0.48,0.0034944,0.48,30,1.45056e-05,,,1989333,1re moitié,BTC 5m
btc-updown-5m-1790399700,btc,5m,1790399700,signal,0.48/S+60,up,0.48,10,-30,60,filled,True,155.82,0,10,1,True,True,traversal,45,0.505,2.623,32.323,False,0,-0.48,-4.8,-0.48,0.0034944,0.48,60,1.45056e-05,,,1989333,1re moitié,BTC 5m
btc-updown-5m-1790399700,btc,5m,1790399700,signal,0.49/S+0,up,0.49,10,-30,0,cancelled,True,232.03,27.17,0,0,False,False,,0,0.505,,,False,0,-0.49,-0,-0,0.0034986,0.49,0,1.45056e-05,,,1989333,1re moitié,BTC 5m
btc-updown-5m-1790399700,btc,5m,1790399700,signal,0.49/S+30,up,0.49,10,-30,30,filled,True,232.03,0,10,1,True,True,traversal,28.3,0.505,2.564,32.264,False,0,-0.49,-4.9,-0.49,0.0034986,0.49,30,1.45056e-05,,,1989333,1re moitié,BTC 5m
btc-updown-5m-1790399700,btc,5m,1790399700,signal,0.49/S+60,up,0.49,10,-30,60,filled,True,232.03,0,10,1,True,True,traversal,28.3,0.505,2.564,32.264,False,0,-0.49,-4.9,-0.49,0.0034986,0.49,60,1.45056e-05,,,1989333,1re moitié,BTC 5m
btc-updown-5m-1790399700,btc,5m,1790399700,signal,0.50/S+0,up,0.5,10,-30,0,cancelled,True,164.32,80,0,0,False,False,,0,0.505,,,False,0,-0.5,-0,-0,0.0035,0.5,0,1.45056e-05,,,1989333,1re moitié,BTC 5m
btc-updown-5m-1790399700,btc,5m,1790399700,signal,0.50/S+30,up,0.5,10,-30,30,filled,True,164.32,0,10,1,True,True,traversal,56.6195,0.505,2.511,32.211,False,0,-0.5,-5,-0.5,0.0035,0.5,30,1.45056e-05,,,1989333,1re moitié,BTC 5m
btc-updown-5m-1790399700,btc,5m,1790399700,signal,0.50/S+60,up,0.5,10,-30,60,filled,True,164.32,0,10,1,True,True,traversal,56.6195,0.505,2.511,32.211,False,0,-0.5,-5,-0.5,0.0035,0.5,60,1.45056e-05,,,1989333,1re moitié,BTC 5m
btc-updown-5m-1790399700,btc,5m,1790399700,two_sided,0.49/S+0,up,0.49,10,-60,0,cancelled,True,107.17,27.17,0,0,False,False,,0,0.495,,,False,0,-0.49,-0,-0,0.0034986,0.49,0,,0,,1989333,1re moitié,BTC 5m
btc-updown-5m-1790399700,btc,5m,1790399700,two_sided,0.49/S+0,down,0.49,10,-60,0,filled,True,105.1,0,10,1,True,True,traversal,79.7255,0.495,-31.233,28.467,False,1,0.51,5.1,0.51,0.0034986,0.49,0,,0,,1989333,1re moitié,BTC 5m
btc-updown-5m-1790399700,btc,5m,1790399700,two_sided,0.49/S+30,up,0.49,10,-60,30,filled,True,107.17,0,10,1,True,True,traversal,28.3,0.495,2.564,62.264,False,0,-0.49,-4.9,-0.49,0.0034986,0.49,30,,30,,1989333,1re moitié,BTC 5m
btc-updown-5m-1790399700,btc,5m,1790399700,two_sided,0.49/S+30,down,0.49,10,-60,30,filled,True,105.1,0,10,1,True,True,traversal,79.7255,0.495,-31.233,28.467,False,1,0.51,5.1,0.51,0.0034986,0.49,30,,30,,1989333,1re moitié,BTC 5m
btc-updown-5m-1790399700,btc,5m,1790399700,two_sided,0.49/S+60,up,0.49,10,-60,60,filled,True,107.17,0,10,1,True,True,traversal,28.3,0.495,2.564,62.264,False,0,-0.49,-4.9,-0.49,0.0034986,0.49,60,,60,,1989333,1re moitié,BTC 5m
btc-updown-5m-1790399700,btc,5m,1790399700,two_sided,0.49/S+60,down,0.49,10,-60,60,filled,True,105.1,0,10,1,True,True,traversal,79.7255,0.495,-31.233,28.467,False,1,0.51,5.1,0.51,0.0034986,0.49,60,,60,,1989333,1re moitié,BTC 5m
btc-updown-5m-1790399700,btc,5m,1790399700,fair_value,± 1 c,up,0.35,10,10,20,filled,True,299,0,10,1,True,True,queue,56.8462,0.355,19.391,9.091,False,0,-0.35,-3.5,-0.35,0.003185,,,,,0.370728,1989333,1re moitié,BTC 5m
btc-updown-5m-1790399700,btc,5m,1790399700,fair_value,± 1 c,down,0.55,10,10,20,cancelled,True,269.27,242.57,0,0,False,False,,0,0.355,,,False,1,0.45,0,0,0.003465,,,,,0.370728,1989333,1re moitié,BTC 5m
btc-updown-5m-1790399700,btc,5m,1790399700,fair_value,± 1 c,up,0.32,10,20,30,filled,True,41,0,10,1,True,True,queue,35,0.325,20.785,0.485,False,0,-0.32,-3.2,-0.32,0.0030464,,,,,0.341304,1989333,1re moitié,BTC 5m
btc-updown-5m-1790399700,btc,5m,1790399700,fair_value,± 1 c,down,0.61,10,20,30,cancelled,True,273,228,0,0,False,False,,0,0.325,,,False,1,0.39,0,0,0.0033306,,,,,0.341304,1989333,1re moitié,BTC 5m
btc-updown-5m-1790399700,btc,5m,1790399700,fair_value,± 1 c,up,0.3,10,30,40,filled,True,843.94,0,10,1,True,True,queue,389,0.305,36.19,5.89,False,0,-0.3,-3,-0.3,0.00294,,,,,0.247911,1989333,1re moitié,BTC 5m
btc-updown-5m-1790399700,btc,5m,1790399700,fair_value,± 1 c,down,0.64,10,30,40,cancelled,True,276.46,251.46,0,0,False,False,,0,0.305,,,False,1,0.36,0,0,0.0032256,,,,,0.247911,1989333,1re moitié,BTC 5m
btc-updown-5m-1790399700,btc,5m,1790399700,fair_value,± 1 c,up,0.22,10,40,50,filled,True,346.61,0,10,1,True,True,traversal,238.1,0.225,42.292,1.992,False,0,-0.22,-2.2,-0.22,0.0024024,,,,,0.228078,1989333,1re moitié,BTC 5m
btc-updown-5m-1790399700,btc,5m,1790399700,fair_value,± 1 c,down,0.74,10,40,50,cancelled,True,353.07,287.07,0,0,False,False,,0,0.225,,,False,1,0.26,0,0,0.0026936,,,,,0.228078,1989333,1re moitié,BTC 5m
btc-updown-5m-1790399700,btc,5m,1790399700,fair_value,± 1 c,up,0.21,10,50,60,cancelled,True,294,87,0,0,False,False,,62.5949,0.225,,,False,0,-0.21,-0,-0,0.0023226,,,,,0.207433,1989333,1re moitié,BTC 5m
btc-updown-5m-1790399700,btc,5m,1790399700,fair_value,± 1 c,down,0.76,10,50,60,filled,True,413,0,10,1,True,True,traversal,0,0.225,55.546,5.246,False,1,0.24,2.4,0.24,0.0025536,,,,,0.207433,1989333,1re moitié,BTC 5m
btc-updown-5m-1790399700,btc,5m,1790399700,fair_value,± 1 c,up,0.19,10,60,70,filled,True,601.89,0,10,1,True,True,traversal,16,0.245,64.698,4.398,False,0,-0.19,-1.9,-0.19,0.0021546,,,,,0.146709,1989333,1re moitié,BTC 5m
btc-updown-5m-1790399700,btc,5m,1790399700,fair_value,± 1 c,down,0.75,10,60,70,cancelled,True,1180.31,635.33,0,0,False,False,,40,0.245,,,False,1,0.25,0,0,0.002625,,,,,0.146709,1989333,1re moitié,BTC 5m
btc-updown-5m-1790399700,btc,5m,1790399700,fair_value,± 1 c,up,0.13,10,70,80,cancelled,True,594.39,65.39,0,0,False,False,,0,0.155,,,False,0,-0.13,-0,-0,0.0015834,,,,,0.124839,1989333,1re moitié,BTC 5m
btc-updown-5m-1790399700,btc,5m,1790399700,fair_value,± 1 c,up,0.11,10,80,90,filled,True,364.53,0,10,1,True,True,traversal,0,0.155,89.007,8.707,False,0,-0.11,-1.1,-0.11,0.0013706,,,,,0.0770747,1989333,1re moitié,BTC 5m
btc-updown-5m-1790399700,btc,5m,1790399700,fair_value,± 1 c,down,0.84,10,70,90,filled,True,916.79,0,10,1,True,True,queue,1033.67,0.155,87.097,16.797,False,1,0.16,1.6,0.16,0.0018816,,,,,0.0770747,1989333,1re moitié,BTC 5m
btc-updown-5m-1790399700,btc,5m,1790399700,fair_value,± 1 c,up,0.06,10,90,100,cancelled,True,1452.4,469.4,0,0,False,False,,0,0.105,,,False,0,-0.06,-0,-0,0.0007896,,,,,0.0589611,1989333,1re moitié,BTC 5m
btc-updown-5m-1790399700,btc,5m,1790399700,fair_value,± 1 c,down,0.89,10,90,100,filled,True,541.98,0,10,1,True,True,traversal,12.61,0.105,91.728,1.428,False,1,0.11,1.1,0.11,0.0013706,,,,,0.0589611,1989333,1re moitié,BTC 5m
btc-updown-5m-1790399700,btc,5m,1790399700,fair_value,± 1 c,down,0.9,10,100,110,cancelled,True,384.97,106,0,0,False,False,,0,0.095,,,False,1,0.1,0,0,0.00126,,,,,0.0319896,1989333,1re moitié,BTC 5m
btc-updown-5m-1790399700,btc,5m,1790399700,fair_value,± 1 c,down,0.94,10,110,120,filled,True,20,0,10,1,True,True,traversal,0,0.055,110.705,0.405,False,1,0.06,0.6,0.06,0.0007896,,,,,0.0207345,1989333,1re moitié,BTC 5m
btc-updown-5m-1790399700,btc,5m,1790399700,fair_value,± 1 c,down,0.93,10,120,130,cancelled,True,183.81,143.81,0,0,False,False,,0,0.065,,,False,1,0.07,0,0,0.0009114,,,,,0.00827804,1989333,1re moitié,BTC 5m
btc-updown-5m-1790400000,btc,5m,1790400000,signal,0.48/S+0,up,0.48,10,-30,0,cancelled,True,43.82,36.82,0,0,False,False,,0,0.625,,,True,1,0.52,0,0,0.0034944,0.48,0,0.000228332,,,1989333,1re moitié,BTC 5m
btc-updown-5m-1790400000,btc,5m,1790400000,signal,0.48/S+30,up,0.48,10,-30,30,cancelled,True,43.82,26.82,0,0,False,False,,0,0.625,,,True,1,0.52,0,0,0.0034944,0.48,30,0.000228332,,,1989333,1re moitié,BTC 5m
btc-updown-5m-1790400000,btc,5m,1790400000,signal,0.48/S+60,up,0.48,10,-30,60,cancelled,True,43.82,26.82,0,0,False,False,,0,0.625,,,True,1,0.52,0,0,0.0034944,0.48,60,0.000228332,,,1989333,1re moitié,BTC 5m
btc-updown-5m-1790400000,btc,5m,1790400000,signal,0.49/S+0,up,0.49,10,-30,0,cancelled,True,11.1,11.1,0,0,False,False,,0,0.625,,,True,1,0.51,0,0,0.0034986,0.49,0,0.000228332,,,1989333,1re moitié,BTC 5m
btc-updown-5m-1790400000,btc,5m,1790400000,signal,0.49/S+30,up,0.49,10,-30,30,cancelled,True,11.1,11,0,0,False,False,,0,0.625,,,True,1,0.51,0,0,0.0034986,0.49,30,0.000228332,,,1989333,1re moitié,BTC 5m
btc-updown-5m-1790400000,btc,5m,1790400000,signal,0.49/S+60,up,0.49,10,-30,60,cancelled,True,11.1,11,0,0,False,False,,0,0.625,,,True,1,0.51,0,0,0.0034986,0.49,60,0.000228332,,,1989333,1re moitié,BTC 5m
btc-updown-5m-1790400000,btc,5m,1790400000,signal,0.50/S+0,up,0.5,10,-30,0,cancelled,True,15,15,0,0,False,False,,0,0.625,,,True,1,0.5,0,0,0.0035,0.5,0,0.000228332,,,1989333,1re moitié,BTC 5m
btc-updown-5m-1790400000,btc,5m,1790400000,signal,0.50/S+30,up,0.5,10,-30,30,cancelled,True,15,15,0,0,False,False,,0,0.625,,,True,1,0.5,0,0,0.0035,0.5,30,0.000228332,,,1989333,1re moitié,BTC 5m
btc-updown-5m-1790400000,btc,5m,1790400000,signal,0.50/S+60,up,0.5,10,-30,60,cancelled,True,15,15,0,0,False,False,,0,0.625,,,True,1,0.5,0,0,0.0035,0.5,60,0.000228332,,,1989333,1re moitié,BTC 5m
btc-updown-5m-1790400000,btc,5m,1790400000,two_sided,0.49/S+0,up,0.49,10,-60,0,cancelled,True,76.1,11.1,0,0,False,False,,0,0.51,,,True,1,0.51,0,0,0.0034986,0.49,0,,0,,1989333,1re moitié,BTC 5m
btc-updown-5m-1790400000,btc,5m,1790400000,two_sided,0.49/S+0,down,0.49,10,-60,0,filled,True,0,0,10,1,True,True,traversal,0,0.51,-59.115,0.585,True,0,-0.49,-4.9,-0.49,0.0034986,0.49,0,,0,,1989333,1re moitié,BTC 5m
btc-updown-5m-1790400000,btc,5m,1790400000,two_sided,0.49/S+30,up,0.49,10,-60,30,cancelled,True,76.1,11,0,0,False,False,,0,0.51,,,True,1,0.51,0,0,0.0034986,0.49,30,,30,,1989333,1re moitié,BTC 5m
btc-updown-5m-1790400000,btc,5m,1790400000,two_sided,0.49/S+30,down,0.49,10,-60,30,filled,True,0,0,10,1,True,True,traversal,0,0.51,-59.115,0.585,True,0,-0.49,-4.9,-0.49,0.0034986,0.49,30,,30,,1989333,1re moitié,BTC 5m
btc-updown-5m-1790400000,btc,5m,1790400000,two_sided,0.49/S+60,up,0.49,10,-60,60,cancelled,True,76.1,11,0,0,False,False,,0,0.51,,,True,1,0.51,0,0,0.0034986,0.49,60,,60,,1989333,1re moitié,BTC 5m
btc-updown-5m-1790400000,btc,5m,1790400000,two_sided,0.49/S+60,down,0.49,10,-60,60,filled,True,0,0,10,1,True,True,traversal,0,0.51,-59.115,0.585,True,0,-0.49,-4.9,-0.49,0.0034986,0.49,60,,60,,1989333,1re moitié,BTC 5m
btc-updown-5m-1790400000,btc,5m,1790400000,fair_value,± 1 c,up,0.6,10,10,20,cancelled,True,278,238,0,0,False,False,,0,0.675,,,True,1,0.4,0,0,0.00336,,,,,0.629748,1989333,1re moitié,BTC 5m
btc-updown-5m-1790400000,btc,5m,1790400000,fair_value,± 1 c,up,0.61,10,20,30,cancelled,True,253,238,0,0,False,False,,0,0.675,,,True,1,0.39,0,0,0.0033306,,,,,0.641718,1989333,1re moitié,BTC 5m
btc-updown-5m-1790400000,btc,5m,1790400000,fair_value,± 1 c,down,0.32,10,10,30,filled,True,943.28,0,10,1,True,True,traversal,113.338,0.675,28.018,17.718,True,0,-0.32,-3.2,-0.32,0.0030464,,,,,0.641718,1989333,1re moitié,BTC 5m
btc-updown-5m-1790400000,btc,5m,1790400000,fair_value,± 1 c,up,0.63,10,30,40,cancelled,True,278,243,0,0,False,False,,0,0.685,,,True,1,0.37,0,0,0.0032634,,,,,0.734083,1989333,1re moitié,BTC 5m
btc-updown-5m-1790400000,btc,5m,1790400000,fair_value,± 1 c,down,0.31,10,30,40,filled,True,514.83,0,10,1,True,True,traversal,41.3913,0.685,35.967,5.667,True,0,-0.31,-3.1,-0.31,0.0029946,,,,,0.734083,1989333,1re moitié,BTC 5m
btc-updown-5m-1790400000,btc,5m,1790400000,fair_value,± 1 c,up,0.72,10,40,50,cancelled,True,87.4,75,0,0,False,False,,0,0.765,,,True,1,0.28,0,0,0.0028224,,,,,0.786312,1989333,1re moitié,BTC 5m
btc-updown-5m-1790400000,btc,5m,1790400000,fair_value,± 1 c,down,0.23,10,40,50,filled,True,260,0,10,1,True,True,traversal,129.87,0.765,40.588,0.288,True,0,-0.23,-2.3,-0.23,0.0024794,,,,,0.786312,1989333,1re moitié,BTC 5m
btc-updown-5m-1790400000,btc,5m,1790400000,fair_value,± 1 c,up,0.77,10,50,60,cancelled,True,316.4,271.4,0,0,False,False,,0,0.835,,,True,1,0.23,0,0,0.0024794,,,,,0.881263,1989333,1re moitié,BTC 5m
btc-updown-5m-1790400000,btc,5m,1790400000,fair_value,± 1 c,down,0.16,10,50,60,filled,True,467.24,0,10,1,True,True,traversal,179.202,0.835,56.4,6.1,True,0,-0.16,-1.6,-0.16,0.0018816,,,,,0.881263,1989333,1re moitié,BTC 5m
btc-updown-5m-1790400000,btc,5m,1790400000,fair_value,± 1 c,up,0.87,10,60,70,cancelled,True,486.49,142,0,0,False,False,,0,0.885,,,True,1,0.13,0,0,0.0015834,,,,,0.901912,1989333,1re moitié,BTC 5m
btc-updown-5m-1790400000,btc,5m,1790400000,fair_value,± 1 c,down,0.1,10,60,70,cancelled,True,521.53,189.876,0,0,False,False,,20.1237,0.885,,,True,0,-0.1,-0,-0,0.00126,,,,,0.901912,1989333,1re moitié,BTC 5m
btc-updown-5m-1790400000,btc,5m,1790400000,fair_value,± 1 c,up,0.89,10,70,80,cancelled,True,30,20,0,0,False,False,,0,0.895,,,True,1,0.11,0,0,0.0013706,,,,,0.921597,1989333,1re moitié,BTC 5m
btc-updown-5m-1790400000,btc,5m,1790400000,fair_value,± 1 c,down,0.08,10,70,80,cancelled,True,375.29,14.6,0,0,False,False,,0,0.895,,,True,0,-0.08,-0,-0,0.0010304,,,,,0.921597,1989333,1re moitié,BTC 5m
btc-updown-5m-1790400000,btc,5m,1790400000,fair_value,± 1 c,up,0.91,10,80,90,cancelled,True,635.58,246.31,0,0,False,False,,0,0.915,,,True,1,0.09,0,0,0.0011466,,,,,0.956328,1989333,1re moitié,BTC 5m
btc-updown-5m-1790400000,btc,5m,1790400000,fair_value,± 1 c,down,0.06,10,80,90,filled,True,1258.55,0,10,1,True,True,queue,31.9149,0.915,86.73,6.43,True,0,-0.06,-0.6,-0.06,0.0007896,,,,,0.956328,1989333,1re moitié,BTC 5m
btc-updown-5m-1790400000,btc,5m,1790400000,fair_value,± 1 c,up,0.94,10,90,100,cancelled,True,504.26,487.593,0,0,False,False,,16.6667,0.945,,,True,1,0.06,0,0,0.0007896,,,,,0.977446,1989333,1re moitié,BTC 5m
btc-updown-5m-1790400300,btc,5m,1790400300,signal,0.48/S+0,up,0.48,10,-30,0,cancelled,True,97.82,40.82,0,0,False,False,,0,0.555,,,False,0,-0.48,-0,-0,0.0034944,0.48,0,1.45967e-05,,,1989333,2e moitié,BTC 5m
btc-updown-5m-1790400300,btc,5m,1790400300,signal,0.48/S+30,up,0.48,10,-30,30,filled,True,97.82,0,10,1,True,True,traversal,0,0.555,26.701,56.401,False,0,-0.48,-4.8,-0.48,0.0034944,0.48,30,1.45967e-05,,,1989333,2e moitié,BTC 5m
btc-updown-5m-1790400300,btc,5m,1790400300,signal,0.48/S+60,up,0.48,10,-30,60,filled,True,97.82,0,10,1,True,True,traversal,0,0.555,26.701,56.401,False,0,-0.48,-4.8,-0.48,0.0034944,0.48,60,1.45967e-05,,,1989333,2e moitié,BTC 5m
btc-updown-5m-1790400300,btc,5m,1790400300,signal,0.49/S+0,up,0.49,10,-30,0,cancelled,True,95.1,15.1,0,0,False,False,,0,0.555,,,False,0,-0.49,-0,-0,0.0034986,0.49,0,1.45967e-05,,,1989333,2e moitié,BTC 5m
btc-updown-5m-1790400300,btc,5m,1790400300,signal,0.49/S+30,up,0.49,10,-30,30,filled,True,95.1,0,10,1,True,True,traversal,0,0.555,26.701,56.401,False,0,-0.49,-4.9,-0.49,0.0034986,0.49,30,1.45967e-05,,,1989333,2e moitié,BTC 5m
btc-updown-5m-1790400300,btc,5m,1790400300,signal,0.49/S+60,up,0.49,10,-30,60,filled,True,95.1,0,10,1,True,True,traversal,0,0.555,26.701,56.401,False,0,-0.49,-4.9,-0.49,0.0034986,0.49,60,1.45967e-05,,,1989333,2e moitié,BTC 5m
btc-updown-5m-1790400300,btc,5m,1790400300,signal,0.50/S+0,up,0.5,10,-30,0,cancelled,True,94,5,0,0,False,False,,0,0.555,,,False,0,-0.5,-0,-0,0.0035,0.5,0,1.45967e-05,,,1989333,2e moitié,BTC 5m
btc-updown-5m-1790400300,btc,5m,1790400300,signal,0.50/S+30,up,0.5,10,-30,30,filled,True,94,0,10,1,True,True,traversal,0,0.555,26.701,56.401,False,0,-0.5,-5,-0.5,0.0035,0.5,30,1.45967e-05,,,1989333,2e moitié,BTC 5m
btc-updown-5m-1790400300,btc,5m,1790400300,signal,0.50/S+60,up,0.5,10,-30,60,filled,True,94,0,10,1,True,True,traversal,0,0.555,26.701,56.401,False,0,-0.5,-5,-0.5,0.0035,0.5,60,1.45967e-05,,,1989333,2e moitié,BTC 5m
btc-updown-5m-1790400300,btc,5m,1790400300,two_sided,0.49/S+0,up,0.49,10,-60,0,cancelled,True,135.1,15.1,0,0,False,False,,0,0.545,,,False,0,-0.49,-0,-0,0.0034986,0.49,0,,0,,1989333,2e moitié,BTC 5m
btc-updown-5m-1790400300,btc,5m,1790400300,two_sided,0.49/S+0,down,0.49,10,-60,0,crossing,False,,,0,0,False,False,,0,0.545,,,False,1,0.51,0,0,0.0034986,0.49,0,,0,,1989333,2e moitié,BTC 5m
btc-updown-5m-1790400300,btc,5m,1790400300,two_sided,0.49/S+30,up,0.49,10,-60,30,filled,True,135.1,0,10,1,True,True,traversal,0,0.545,26.701,86.401,False,0,-0.49,-4.9,-0.49,0.0034986,0.49,30,,30,,1989333,2e moitié,BTC 5m
btc-updown-5m-1790400300,btc,5m,1790400300,two_sided,0.49/S+30,down,0.49,10,-60,30,crossing,False,,,0,0,False,False,,0,0.545,,,False,1,0.51,0,0,0.0034986,0.49,30,,30,,1989333,2e moitié,BTC 5m
btc-updown-5m-1790400300,btc,5m,1790400300,two_sided,0.49/S+60,up,0.49,10,-60,60,filled,True,135.1,0,10,1,True,True,traversal,0,0.545,26.701,86.401,False,0,-0.49,-4.9,-0.49,0.0034986,0.49,60,,60,,1989333,2e moitié,BTC 5m
btc-updown-5m-1790400300,btc,5m,1790400300,two_sided,0.49/S+60,down,0.49,10,-60,60,crossing,False,,,0,0,False,False,,0,0.545,,,False,1,0.51,0,0,0.0034986,0.49,60,,60,,1989333,2e moitié,BTC 5m
btc-updown-5m-1790400300,btc,5m,1790400300,fair_value,± 1 c,down,0.46,10,10,20,filled,True,430.65,0,10,1,True,True,queue,240.741,0.535,11.725,1.425,False,1,0.54,5.4,0.54,0.0034776,,,,,0.507505,1989333,2e moitié,BTC 5m
btc-updown-5m-1790400300,btc,5m,1790400300,fair_value,± 1 c,up,0.49,10,10,30,filled,True,1073,0,10,1,True,True,traversal,0,0.535,26.701,16.401,False,0,-0.49,-4.9,-0.49,0.0034986,,,,,0.50802,1989333,2e moitié,BTC 5m
btc-updown-5m-1790400300,btc,5m,1790400300,fair_value,± 1 c,down,0.44,10,20,30,filled,True,369.17,0,10,1,True,True,queue,445.073,0.555,20.994,0.694,False,1,0.56,5.6,0.56,0.0034496,,,,,0.50802,1989333,2e moitié,BTC 5m
btc-updown-5m-1790400300,btc,5m,1790400300,fair_value,± 1 c,up,0.42,10,30,40,filled,True,20.5,0,10,1,True,True,traversal,22.6724,0.425,31.319,1.019,False,0,-0.42,-4.2,-0.42,0.0034104,,,,,0.35801,1989333,2e moitié,BTC 5m
btc-updown-5m-1790400300,btc,5m,1790400300,fair_value,± 1 c,down,0.48,10,30,40,cancelled,True,90.4,70.4,0,0,False,False,,0,0.425,,,False,1,0.52,0,0,0.0034944,,,,,0.35801,1989333,2e moitié,BTC 5m
btc-updown-5m-1790400300,btc,5m,1790400300,fair_value,± 1 c,up,0.3,10,40,50,filled,True,70,0,10,1,True,True,queue,85.3814,0.305,43.44,3.14,False,0,-0.3,-3,-0.3,0.00294,,,,,0.345135,1989333,2e moitié,BTC 5m
btc-updown-5m-1790400300,btc,5m,1790400300,fair_value,± 1 c,down,0.63,10,40,50,cancelled,True,797.68,306.19,0,0,False,False,,0,0.305,,,False,1,0.37,0,0,0.0032634,,,,,0.345135,1989333,2e moitié,BTC 5m
btc-updown-5m-1790400300,btc,5m,1790400300,fair_value,± 1 c,up,0.33,10,50,60,filled,True,43.49,0,10,1,True,True,traversal,7.46269,0.335,51.051,0.751,False,0,-0.33,-3.3,-0.33,0.0030954,,,,,0.331414,1989333,2e moitié,BTC 5m
btc-updown-5m-1790400300,btc,5m,1790400300,fair_value,± 1 c,down,0.64,10,50,60,cancelled,True,467,372,0,0,False,False,,0,0.335,,,False,1,0.36,0,0,0.0032256,,,,,0.331414,1989333,2e moitié,BTC 5m
btc-updown-5m-1790400300,btc,5m,1790400300,fair_value,± 1 c,up,0.31,10,60,70,cancelled,True,707.01,5,0,0,False,False,,177.682,0.315,,,False,0,-0.31,-0,-0,0.0029946,,,,,0.316804,1989333,2e moitié,BTC 5m
btc-updown-5m-1790400300,btc,5m,1790400300,fair_value,± 1 c,down,0.65,10,60,70,cancelled,True,177,117,0,0,False,False,,0,0.315,,,False,1,0.35,0,0,0.003185,,,,,0.316804,1989333,2e moitié,BTC 5m
btc-updown-5m-1790400300,btc,5m,1790400300,fair_value,± 1 c,up,0.3,10,70,80,filled,True,188,0,10,1,True,True,traversal,144.96,0.315,71.994,1.694,False,0,-0.3,-3,-0.3,0.00294,,,,,0.300629,1989333,2e moitié,BTC 5m
btc-updown-5m-1790400300,btc,5m,1790400300,fair_value,± 1 c,down,0.67,10,70,80,cancelled,True,367.39,113.39,0,0,False,False,,0,0.315,,,False,1,0.33,0,0,0.0030954,,,,,0.300629,1989333,2e moitié,BTC 5m
btc-updown-5m-1790400300,btc,5m,1790400300,fair_value,± 1 c,up,0.29,10,80,90,cancelled,True,165.12,145.402,0,0,False,False,,19.7183,0.295,,,False,0,-0.29,-0,-0,0.0028826,,,,,0.283403,1989333,2e moitié,BTC 5m
btc-updown-5m-1790400300,btc,5m,1790400300,fair_value,± 1 c,down,0.68,10,80,90,filled,True,202,0,10,1,True,True,traversal,11.5252,0.295,82.705,2.405,False,1,0.32,3.2,0.32,0.0030464,,,,,0.283403,1989333,2e moitié,BTC 5m
btc-updown-5m-1790400300,btc,5m,1790400300,fair_value,± 1 c,up,0.27,10,90,100,cancelled,True,288,283,0,0,False,False,,0,0.395,,,False,0,-0.27,-0,-0,0.0027594,,,,,0.264858,1989333,2e moitié,BTC 5m
btc-updown-5m-1790400300,btc,5m,1790400300,fair_value,± 1 c,down,0.6,10,90,100,filled,True,199.43,0,10,1,True,True,queue,385.954,0.395,91.183,0.883,False,1,0.4,4,0.4,0.00336,,,,,0.264858,1989333,2e moitié,BTC 5m
btc-updown-5m-1790400300,btc,5m,1790400300,fair_value,± 1 c,up,0.25,10,100,110,cancelled,True,306.9,293,0,0,False,False,,0,0.375,,,False,0,-0.25,-0,-0,0.002625,,,,,0.245444,1989333,2e moitié,BTC 5m
btc-updown-5m-1790400300,btc,5m,1790400300,fair_value,± 1 c,down,0.62,10,100,110,cancelled,True,425.69,5,0,0,False,False,,0,0.375,,,False,1,0.38,0,0,0.0032984,,,,,0.245444,1989333,2e moitié,BTC 5m
btc-updown-5m-1790400300,btc,5m,1790400300,fair_value,± 1 c,up,0.23,10,110,120,cancelled,True,119.7,39.7,0,0,False,False,,0,0.47,,,False,0,-0.23,-0,-0,0.0024794,,,,,0.556913,1989333,2e moitié,BTC 5m
btc-updown-5m-1790400300,btc,5m,1790400300,fair_value,± 1 c,down,0.63,10,110,120,crossing,False,,,0,0,False,False,,0,0.47,,,False,1,0.37,0,0,0.0032634,,,,,0.556913,1989333,2e moitié,BTC 5m
btc-updown-5m-1790400300,btc,5m,1790400300,fair_value,± 1 c,up,0.54,10,120,130,filled,True,260.81,0,10,1,True,True,traversal,0,0.625,124.253,3.953,False,0,-0.54,-5.4,-0.54,0.0034776,,,,,0.236643,1989333,2e moitié,BTC 5m
btc-updown-5m-1790400300,btc,5m,1790400300,fair_value,± 1 c,down,0.36,10,120,130,cancelled,True,309.7,47.41,0,0,False,False,,0,0.625,,,False,1,0.64,0,0,0.0032256,,,,,0.236643,1989333,2e moitié,BTC 5m
btc-updown-5m-1790400300,btc,5m,1790400300,fair_value,± 1 c,up,0.09,10,130,140,filled,True,347.5,0,10,1,True,True,queue,290.529,0.095,132.915,2.615,False,0,-0.09,-0.9,-0.09,0.0011466,,,,,0.168844,1989333,2e moitié,BTC 5m
btc-updown-5m-1790400300,btc,5m,1790400300,fair_value,± 1 c,down,0.75,10,130,140,cancelled,True,291.9,246.9,0,0,False,False,,0,0.095,,,False,1,0.25,0,0,0.002625,,,,,0.168844,1989333,2e moitié,BTC 5m
btc-updown-5m-1790400300,btc,5m,1790400300,fair_value,± 1 c,down,0.82,10,140,150,cancelled,True,118.6,78.6,0,0,False,False,,0,0.035,,,False,1,0.18,0,0,0.0020664,,,,,0.14375,1989333,2e moitié,BTC 5m
btc-updown-5m-1790400300,btc,5m,1790400300,fair_value,± 1 c,down,0.84,10,150,160,cancelled,True,620.3,585.3,0,0,False,False,,0,0.025,,,False,1,0.16,0,0,0.0018816,,,,,0.118153,1989333,2e moitié,BTC 5m
btc-updown-5m-1790400300,btc,5m,1790400300,fair_value,± 1 c,down,0.87,10,160,170,cancelled,True,358.82,304,0,0,False,False,,0,0.025,,,False,1,0.13,0,0,0.0015834,,,,,0.0925509,1989333,2e moitié,BTC 5m
btc-updown-5m-1790400300,btc,5m,1790400300,fair_value,± 1 c,down,0.89,10,170,180,cancelled,True,667.41,662.41,0,0,False,False,,0,0.015,,,False,1,0.11,0,0,0.0013706,,,,,0.0678723,1989333,2e moitié,BTC 5m
btc-updown-5m-1790400300,btc,5m,1790400300,fair_value,± 1 c,down,0.92,10,180,190,cancelled,True,366.11,354.11,0,0,False,False,,0,0.015,,,False,1,0.08,0,0,0.0010304,,,,,0.027545,1989333,2e moitié,BTC 5m
btc-updown-5m-1790400600,btc,5m,1790400600,signal,0.48/S+0,down,0.48,10,-30,0,filled,True,177.68,0,10,1,True,True,traversal,29.0192,0.5,-8.132,21.568,False,1,0.52,5.2,0.52,0.0034944,0.48,0,-4.36864e-08,,,1989334,2e moitié,BTC 5m
btc-updown-5m-1790400600,btc,5m,1790400600,signal,0.48/S+30,down,0.48,10,-30,30,filled,True,177.68,0,10,1,True,True,traversal,29.0192,0.5,-8.132,21.568,False,1,0.52,5.2,0.52,0.0034944,0.48,30,-4.36864e-08,,,1989334,2e moitié,BTC 5m
btc-updown-5m-1790400600,btc,5m,1790400600,signal,0.48/S+60,down,0.48,10,-30,60,filled,True,177.68,0,10,1,True,True,traversal,29.0192,0.5,-8.132,21.568,False,1,0.52,5.2,0.52,0.0034944,0.48,60,-4.36864e-08,,,1989334,2e moitié,BTC 5m
btc-updown-5m-1790400600,btc,5m,1790400600,signal,0.49/S+0,down,0.49,10,-30,0,filled,True,73.28,0,10,1,True,True,queue,83.6471,0.5,-8.388,21.312,False,1,0.51,5.1,0.51,0.0034986,0.49,0,-4.36864e-08,,,1989334,2e moitié,BTC 5m
btc-updown-5m-1790400600,btc,5m,1790400600,signal,0.49/S+30,down,0.49,10,-30,30,filled,True,73.28,0,10,1,True,True,queue,83.6471,0.5,-8.388,21.312,False,1,0.51,5.1,0.51,0.0034986,0.49,30,-4.36864e-08,,,1989334,2e moitié,BTC 5m
btc-updown-5m-1790400600,btc,5m,1790400600,signal,0.49/S+60,down,0.49,10,-30,60,filled,True,73.28,0,10,1,True,True,queue,83.6471,0.5,-8.388,21.312,False,1,0.51,5.1,0.51,0.0034986,0.49,60,-4.36864e-08,,,1989334,2e moitié,BTC 5m
btc-updown-5m-1790400600,btc,5m,1790400600,signal,0.50/S+0,down,0.5,10,-30,0,filled,True,0,0,10,1,True,True,traversal,0,0.5,-28.281,1.419,False,1,0.5,5,0.5,0.0035,0.5,0,-4.36864e-08,,,1989334,2e moitié,BTC 5m
btc-updown-5m-1790400600,btc,5m,1790400600,signal,0.50/S+30,down,0.5,10,-30,30,filled,True,0,0,10,1,True,True,traversal,0,0.5,-28.281,1.419,False,1,0.5,5,0.5,0.0035,0.5,30,-4.36864e-08,,,1989334,2e moitié,BTC 5m
btc-updown-5m-1790400600,btc,5m,1790400600,signal,0.50/S+60,down,0.5,10,-30,60,filled,True,0,0,10,1,True,True,traversal,0,0.5,-28.281,1.419,False,1,0.5,5,0.5,0.0035,0.5,60,-4.36864e-08,,,1989334,2e moitié,BTC 5m
btc-updown-5m-1790400600,btc,5m,1790400600,two_sided,0.49/S+0,up,0.49,10,-60,0,filled,True,31,0,10,1,True,True,queue,59.1192,0.505,-29.69,30.01,False,0,-0.49,-4.9,-0.49,0.0034986,0.49,0,,0,,1989334,2e moitié,BTC 5m
btc-updown-5m-1790400600,btc,5m,1790400600,two_sided,0.49/S+0,down,0.49,10,-60,0,filled,True,49,0,10,1,True,True,queue,99.3333,0.505,-8.388,51.312,False,1,0.51,5.1,0.51,0.0034986,0.49,0,,0,,1989334,2e moitié,BTC 5m
btc-updown-5m-1790400600,btc,5m,1790400600,two_sided,0.49/S+30,up,0.49,10,-60,30,filled,True,31,0,10,1,True,True,queue,59.1192,0.505,-29.69,30.01,False,0,-0.49,-4.9,-0.49,0.0034986,0.49,30,,30,,1989334,2e moitié,BTC 5m
btc-updown-5m-1790400600,btc,5m,1790400600,two_sided,0.49/S+30,down,0.49,10,-60,30,filled,True,49,0,10,1,True,True,queue,99.3333,0.505,-8.388,51.312,False,1,0.51,5.1,0.51,0.0034986,0.49,30,,30,,1989334,2e moitié,BTC 5m
btc-updown-5m-1790400600,btc,5m,1790400600,two_sided,0.49/S+60,up,0.49,10,-60,60,filled,True,31,0,10,1,True,True,queue,59.1192,0.505,-29.69,30.01,False,0,-0.49,-4.9,-0.49,0.0034986,0.49,60,,60,,1989334,2e moitié,BTC 5m
btc-updown-5m-1790400600,btc,5m,1790400600,two_sided,0.49/S+60,down,0.49,10,-60,60,filled,True,49,0,10,1,True,True,queue,99.3333,0.505,-8.388,51.312,False,1,0.51,5.1,0.51,0.0034986,0.49,60,,60,,1989334,2e moitié,BTC 5m
btc-updown-5m-1790400600,btc,5m,1790400600,fair_value,± 1 c,up,0.48,10,10,20,cancelled,True,393,373,0,0,False,False,,0,0.525,,,False,0,-0.48,-0,-0,0.0034944,,,,,0.500196,1989334,2e moitié,BTC 5m
btc-updown-5m-1790400600,btc,5m,1790400600,fair_value,± 1 c,down,0.47,10,10,20,filled,True,19,0,10,1,True,True,traversal,3.77359,0.525,12.33,2.03,False,1,0.53,5.3,0.53,0.0034874,,,,,0.500196,1989334,2e moitié,BTC 5m
btc-updown-5m-1790400600,btc,5m,1790400600,fair_value,± 1 c,up,0.49,10,20,30,filled,True,1062,0,10,1,True,True,traversal,25,0.535,24.306,4.006,False,0,-0.49,-4.9,-0.49,0.0034986,,,,,0.303047,1989334,2e moitié,BTC 5m
btc-updown-5m-1790400600,btc,5m,1790400600,fair_value,± 1 c,down,0.46,10,20,30,cancelled,True,459.35,228,0,0,False,False,,0,0.535,,,False,1,0.54,0,0,0.0034776,,,,,0.303047,1989334,2e moitié,BTC 5m
btc-updown-5m-1790400600,btc,5m,1790400600,fair_value,± 1 c,up,0.29,10,30,40,cancelled,True,339.59,324.59,0,0,False,False,,0,0.395,,,False,0,-0.29,-0,-0,0.0028826,,,,,0.28611,1989334,2e moitié,BTC 5m
btc-updown-5m-1790400600,btc,5m,1790400600,fair_value,± 1 c,down,0.6,10,30,40,filled,True,388.5,0,10,1,True,True,queue,252.5,0.395,38.275,7.975,False,1,0.4,4,0.4,0.00336,,,,,0.28611,1989334,2e moitié,BTC 5m
btc-updown-5m-1790400600,btc,5m,1790400600,fair_value,± 1 c,up,0.27,10,40,50,cancelled,True,276.2,266.2,0,0,False,False,,0,0.375,,,False,0,-0.27,-0,-0,0.0027594,,,,,0.268463,1989334,2e moitié,BTC 5m
btc-updown-5m-1790400600,btc,5m,1790400600,fair_value,± 1 c,down,0.59,10,40,50,cancelled,True,847.81,251.81,0,0,False,False,,0,0.375,,,False,1,0.41,0,0,0.0033866,,,,,0.268463,1989334,2e moitié,BTC 5m
btc-updown-5m-1790400600,btc,5m,1790400600,fair_value,± 1 c,up,0.25,10,50,60,cancelled,True,424.9,424.9,0,0,False,False,,0,0.345,,,False,0,-0.25,-0,-0,0.002625,,,,,0.249476,1989334,2e moitié,BTC 5m
btc-updown-5m-1790400600,btc,5m,1790400600,fair_value,± 1 c,up,0.23,10,60,70,cancelled,True,399.43,294.43,0,0,False,False,,0,0.345,,,False,0,-0.23,-0,-0,0.0024794,,,,,0.229818,1989334,2e moitié,BTC 5m
btc-updown-5m-1790400600,btc,5m,1790400600,fair_value,± 1 c,down,0.65,10,50,70,filled,True,441.31,0,10,1,True,True,traversal,106.229,0.345,50.936,0.636,False,1,0.35,3.5,0.35,0.003185,,,,,0.229818,1989334,2e moitié,BTC 5m
btc-updown-5m-1790400600,btc,5m,1790400600,fair_value,± 1 c,up,0.21,10,70,80,cancelled,True,325.27,325.27,0,0,False,False,,0,0.305,,,False,0,-0.21,-0,-0,0.0023226,,,,,0.208856,1989334,2e moitié,BTC 5m
btc-updown-5m-1790400600,btc,5m,1790400600,fair_value,± 1 c,down,0.69,10,70,80,filled,True,102.92,0,10,1,True,True,traversal,12.9158,0.305,71.466,1.166,False,1,0.31,3.1,0.31,0.0029946,,,,,0.208856,1989334,2e moitié,BTC 5m
btc-updown-5m-1790400600,btc,5m,1790400600,fair_value,± 1 c,up,0.19,10,80,90,cancelled,True,351.31,336.31,0,0,False,False,,0,0.325,,,False,0,-0.19,-0,-0,0.0021546,,,,,0.187217,1989334,2e moitié,BTC 5m
btc-updown-5m-1790400600,btc,5m,1790400600,fair_value,± 1 c,down,0.67,10,80,90,filled,True,105,0,10,1,True,True,traversal,0,0.325,83.756,3.456,False,1,0.33,3.3,0.33,0.0030954,,,,,0.187217,1989334,2e moitié,BTC 5m
btc-updown-5m-1790400600,btc,5m,1790400600,fair_value,± 1 c,up,0.17,10,90,100,cancelled,True,473.39,267.39,0,0,False,False,,0,0.345,,,False,0,-0.17,-0,-0,0.0019754,,,,,0.164894,1989334,2e moitié,BTC 5m
btc-updown-5m-1790400600,btc,5m,1790400600,fair_value,± 1 c,down,0.65,10,90,100,cancelled,True,200,140,0,0,False,False,,0,0.345,,,False,1,0.35,0,0,0.003185,,,,,0.164894,1989334,2e moitié,BTC 5m
btc-updown-5m-1790400600,btc,5m,1790400600,fair_value,± 1 c,up,0.15,10,100,110,cancelled,True,335.39,148.29,0,0,False,False,,0,0.305,,,False,0,-0.15,-0,-0,0.001785,,,,,0.130263,1989334,2e moitié,BTC 5m
btc-updown-5m-1790400600,btc,5m,1790400600,fair_value,± 1 c,down,0.69,10,100,110,cancelled,True,257.5,72,0,0,False,False,,0,0.305,,,False,1,0.31,0,0,0.0029946,,,,,0.130263,1989334,2e moitié,BTC 5m
btc-updown-5m-1790400600,btc,5m,1790400600,fair_value,± 1 c,up,0.12,10,110,120,cancelled,True,465.6,332.6,0,0,False,False,,0,0.16,,,False,0,-0.12,-0,-0,0.0014784,,,,,0.10778,1989334,2e moitié,BTC 5m
btc-updown-5m-1790400600,btc,5m,1790400600,fair_value,± 1 c,down,0.83,10,110,120,filled,True,312.99,0,10,1,True,True,queue,29.4118,0.16,111.852,1.552,False,1,0.17,1.7,0.17,0.0019754,,,,,0.10778,1989334,2e moitié,BTC 5m
btc-updown-5m-1790400600,btc,5m,1790400600,fair_value,± 1 c,up,0.09,10,120,130,cancelled,True,1253.13,976.92,0,0,False,False,,0,0.135,,,False,0,-0.09,-0,-0,0.0011466,,,,,0.0859673,1989334,2e moitié,BTC 5m
btc-updown-5m-1790400600,btc,5m,1790400600,fair_value,± 1 c,down,0.86,10,120,130,filled,True,115.2,0,10,1,True,True,traversal,71.4286,0.135,120.55,0.25,False,1,0.14,1.4,0.14,0.0016856,,,,,0.0859673,1989334,2e moitié,BTC 5m
btc-updown-5m-1790400600,btc,5m,1790400600,fair_value,± 1 c,up,0.07,10,130,140,cancelled,True,1315.41,1315.41,0,0,False,False,,0,0.165,,,False,0,-0.07,-0,-0,0.0009114,,,,,0.0654368,1989334,2e moitié,BTC 5m
btc-updown-5m-1790400600,btc,5m,1790400600,fair_value,± 1 c,down,0.83,10,130,140,cancelled,True,521.42,117.13,0,0,False,False,,0,0.165,,,False,1,0.17,0,0,0.0019754,,,,,0.0654368,1989334,2e moitié,BTC 5m
btc-updown-5m-1790400600,btc,5m,1790400600,fair_value,± 1 c,up,0.05,10,140,150,cancelled,True,1037.67,64.5177,0,0,False,False,,86.6523,0.125,,,False,0,-0.05,-0,-0,0.000665,,,,,0.0228139,1989334,2e moitié,BTC 5m
btc-updown-5m-1790400600,btc,5m,1790400600,fair_value,± 1 c,down,0.87,10,140,150,cancelled,True,398.52,75.88,0,0,False,False,,0,0.125,,,False,1,0.13,0,0,0.0015834,,,,,0.0228139,1989334,2e moitié,BTC 5m
btc-updown-5m-1790400600,btc,5m,1790400600,fair_value,± 1 c,down,0.93,10,150,160,cancelled,True,339.24,238.71,0,0,False,False,,14.2857,0.065,,,False,1,0.07,0,0,0.0009114,,,,,0.0130339,1989334,2e moitié,BTC 5m
btc-updown-5m-1790400600,btc,5m,1790400600,fair_value,± 1 c,down,0.94,10,160,170,cancelled,True,443.64,268,0,0,False,False,,0,0.055,,,False,1,0.06,0,0,0.0007896,,,,,0.00636974,1989334,2e moitié,BTC 5m
btc-updown-5m-1790400900,btc,5m,1790400900,signal,0.48/S+0,down,0.48,10,-30,0,cancelled,True,144.54,94.54,0,0,False,False,,0,0.505,,,True,0,-0.48,-0,-0,0.0034944,0.48,0,-2.78112e-08,,,1989334,2e moitié,BTC 5m
btc-updown-5m-1790400900,btc,5m,1790400900,signal,0.48/S+30,down,0.48,10,-30,30,cancelled,True,144.54,40,0,0,False,False,,0,0.505,,,True,0,-0.48,-0,-0,0.0034944,0.48,30,-2.78112e-08,,,1989334,2e moitié,BTC 5m
btc-updown-5m-1790400900,btc,5m,1790400900,signal,0.48/S+60,down,0.48,10,-30,60,cancelled,True,144.54,40,0,0,False,False,,0,0.505,,,True,0,-0.48,-0,-0,0.0034944,0.48,60,-2.78112e-08,,,1989334,2e moitié,BTC 5m
btc-updown-5m-1790400900,btc,5m,1790400900,signal,0.49/S+0,down,0.49,10,-30,0,filled,True,40,0,10,1,True,True,queue,49.0196,0.505,-28.763,0.937,True,0,-0.49,-4.9,-0.49,0.0034986,0.49,0,-2.78112e-08,,,1989334,2e moitié,BTC 5m
btc-updown-5m-1790400900,btc,5m,1790400900,signal,0.49/S+30,down,0.49,10,-30,30,filled,True,40,0,10,1,True,True,queue,49.0196,0.505,-28.763,0.937,True,0,-0.49,-4.9,-0.49,0.0034986,0.49,30,-2.78112e-08,,,1989334,2e moitié,BTC 5m
btc-updown-5m-1790400900,btc,5m,1790400900,signal,0.49/S+60,down,0.49,10,-30,60,filled,True,40,0,10,1,True,True,queue,49.0196,0.505,-28.763,0.937,True,0,-0.49,-4.9,-0.49,0.0034986,0.49,60,-2.78112e-08,,,1989334,2e moitié,BTC 5m
btc-updown-5m-1790400900,btc,5m,1790400900,signal,0.50/S+0,down,0.5,10,-30,0,crossing,False,,,0,0,False,False,,0,0.505,,,True,0,-0.5,-0,-0,0.0035,0.5,0,-2.78112e-08,,,1989334,2e moitié,BTC 5m
btc-updown-5m-1790400900,btc,5m,1790400900,signal,0.50/S+30,down,0.5,10,-30,30,crossing,False,,,0,0,False,False,,0,0.505,,,True,0,-0.5,-0,-0,0.0035,0.5,30,-2.78112e-08,,,1989334,2e moitié,BTC 5m
btc-updown-5m-1790400900,btc,5m,1790400900,signal,0.50/S+60,down,0.5,10,-30,60,crossing,False,,,0,0,False,False,,0,0.505,,,True,0,-0.5,-0,-0,0.0035,0.5,60,-2.78112e-08,,,1989334,2e moitié,BTC 5m
btc-updown-5m-1790400900,btc,5m,1790400900,two_sided,0.49/S+0,up,0.49,10,-60,0,cancelled,True,112.1,37.1,0,0,False,False,,0,0.51,,,True,1,0.51,0,0,0.0034986,0.49,0,,0,,1989334,2e moitié,BTC 5m
btc-updown-5m-1790400900,btc,5m,1790400900,two_sided,0.49/S+0,down,0.49,10,-60,0,filled,True,0,0,10,1,True,True,traversal,0,0.51,-58.669,1.031,True,0,-0.49,-4.9,-0.49,0.0034986,0.49,0,,0,,1989334,2e moitié,BTC 5m
btc-updown-5m-1790400900,btc,5m,1790400900,two_sided,0.49/S+30,up,0.49,10,-60,30,filled,True,112.1,0,10,1,True,True,queue,47.0157,0.51,5.218,64.918,True,1,0.51,5.1,0.51,0.0034986,0.49,30,,30,,1989334,2e moitié,BTC 5m
btc-updown-5m-1790400900,btc,5m,1790400900,two_sided,0.49/S+30,down,0.49,10,-60,30,filled,True,0,0,10,1,True,True,traversal,0,0.51,-58.669,1.031,True,0,-0.49,-4.9,-0.49,0.0034986,0.49,30,,30,,1989334,2e moitié,BTC 5m
btc-updown-5m-1790400900,btc,5m,1790400900,two_sided,0.49/S+60,up,0.49,10,-60,60,filled,True,112.1,0,10,1,True,True,queue,47.0157,0.51,5.218,64.918,True,1,0.51,5.1,0.51,0.0034986,0.49,60,,60,,1989334,2e moitié,BTC 5m
btc-updown-5m-1790400900,btc,5m,1790400900,two_sided,0.49/S+60,down,0.49,10,-60,60,filled,True,0,0,10,1,True,True,traversal,0,0.51,-58.669,1.031,True,0,-0.49,-4.9,-0.49,0.0034986,0.49,60,,60,,1989334,2e moitié,BTC 5m
btc-updown-5m-1790400900,btc,5m,1790400900,fair_value,± 1 c,up,0.48,10,10,30,filled,True,360.72,0,10,1,True,True,queue,100.839,0.485,20.503,10.203,True,1,0.52,5.2,0.52,0.0034944,,,,,0.499582,1989334,2e moitié,BTC 5m
btc-updown-5m-1790400900,btc,5m,1790400900,fair_value,± 1 c,down,0.49,10,10,40,cancelled,True,304,288,0,0,False,False,,0,0.485,,,True,0,-0.49,-0,-0,0.0034986,,,,,0.50085,1989334,2e moitié,BTC 5m
btc-updown-5m-1790400900,btc,5m,1790400900,fair_value,± 1 c,up,0.44,10,30,50,filled,True,105,0,10,1,True,True,queue,87.9464,0.445,34.917,4.617,True,1,0.56,5.6,0.56,0.0034496,,,,,0.50093,1989334,2e moitié,BTC 5m
btc-updown-5m-1790400900,btc,5m,1790400900,fair_value,± 1 c,up,0.43,10,50,70,filled,True,140.24,0,10,1,True,True,traversal,15,0.435,61.714,11.414,True,1,0.57,5.7,0.57,0.0034314,,,,,0.260681,1989334,2e moitié,BTC 5m
btc-updown-5m-1790400900,btc,5m,1790400900,fair_value,± 1 c,down,0.48,10,40,70,cancelled,True,363.43,303.43,0,0,False,False,,0,0.445,,,True,0,-0.48,-0,-0,0.0034944,,,,,0.260681,1989334,2e moitié,BTC 5m
btc-updown-5m-1790400900,btc,5m,1790400900,fair_value,± 1 c,up,0.25,10,70,80,cancelled,True,360,355.59,0,0,False,False,,0,0.335,,,True,1,0.75,0,0,0.002625,,,,,0.241269,1989334,2e moitié,BTC 5m
btc-updown-5m-1790400900,btc,5m,1790400900,fair_value,± 1 c,down,0.66,10,70,80,cancelled,True,402.01,115.01,0,0,False,False,,0,0.335,,,True,0,-0.66,-0,-0,0.0031416,,,,,0.241269,1989334,2e moitié,BTC 5m
btc-updown-5m-1790400900,btc,5m,1790400900,fair_value,± 1 c,up,0.23,10,80,90,cancelled,True,358.59,154.7,0,0,False,False,,0,0.315,,,True,1,0.77,0,0,0.0024794,,,,,0.220757,1989334,2e moitié,BTC 5m
btc-updown-5m-1790400900,btc,5m,1790400900,fair_value,± 1 c,down,0.68,10,80,90,filled,True,394.87,0,10,1,True,True,traversal,11.87,0.315,83.044,2.744,True,0,-0.68,-6.8,-0.68,0.0030464,,,,,0.220757,1989334,2e moitié,BTC 5m
btc-updown-5m-1790400900,btc,5m,1790400900,fair_value,± 1 c,up,0.21,10,90,100,cancelled,True,358.7,318.7,0,0,False,False,,0,0.395,,,True,1,0.79,0,0,0.0023226,,,,,0.199208,1989334,2e moitié,BTC 5m
btc-updown-5m-1790400900,btc,5m,1790400900,fair_value,± 1 c,down,0.6,10,90,100,cancelled,True,110,2.5,0,0,False,False,,23.625,0.395,,,True,0,-0.6,-0,-0,0.00336,,,,,0.199208,1989334,2e moitié,BTC 5m
btc-updown-5m-1790400900,btc,5m,1790400900,fair_value,± 1 c,up,0.18,10,100,110,cancelled,True,166.93,166.93,0,0,False,False,,0,0.375,,,True,1,0.82,0,0,0.0020664,,,,,0.176744,1989334,2e moitié,BTC 5m
btc-updown-5m-1790400900,btc,5m,1790400900,fair_value,± 1 c,down,0.62,10,100,110,cancelled,True,290,105,0,0,False,False,,0,0.375,,,True,0,-0.62,-0,-0,0.0032984,,,,,0.176744,1989334,2e moitié,BTC 5m
btc-updown-5m-1790400900,btc,5m,1790400900,fair_value,± 1 c,up,0.16,10,110,120,cancelled,True,233.3,224.3,0,0,False,False,,0,0.315,,,True,1,0.84,0,0,0.0018816,,,,,0.153568,1989334,2e moitié,BTC 5m
btc-updown-5m-1790400900,btc,5m,1790400900,fair_value,± 1 c,down,0.67,10,110,120,cancelled,True,166.78,45,0,0,False,False,,0,0.315,,,True,0,-0.67,-0,-0,0.0030954,,,,,0.153568,1989334,2e moitié,BTC 5m
btc-updown-5m-1790400900,btc,5m,1790400900,fair_value,± 1 c,up,0.14,10,120,130,cancelled,True,208.6,208.6,0,0,False,False,,0,0.305,,,True,1,0.86,0,0,0.0016856,,,,,0.129985,1989334,2e moitié,BTC 5m
btc-updown-5m-1790400900,btc,5m,1790400900,fair_value,± 1 c,down,0.69,10,120,130,filled,True,624.89,0,10,1,True,True,traversal,0,0.305,124.925,4.625,True,0,-0.69,-6.9,-0.69,0.0029946,,,,,0.129985,1989334,2e moitié,BTC 5m
btc-updown-5m-1790400900,btc,5m,1790400900,fair_value,± 1 c,up,0.11,10,130,140,cancelled,True,633.6,628.6,0,0,False,False,,0,0.325,,,True,1,0.89,0,0,0.0013706,,,,,0.106726,1989334,2e moitié,BTC 5m
btc-updown-5m-1790400900,btc,5m,1790400900,fair_value,± 1 c,down,0.67,10,130,140,cancelled,True,368.41,96.87,0,0,False,False,,0,0.325,,,True,0,-0.67,-0,-0,0.0030954,,,,,0.106726,1989334,2e moitié,BTC 5m
btc-updown-5m-1790400900,btc,5m,1790400900,fair_value,± 1 c,up,0.09,10,140,150,cancelled,True,908.71,633.71,0,0,False,False,,0,0.285,,,True,1,0.91,0,0,0.0011466,,,,,0.698692,1989334,2e moitié,BTC 5m
btc-updown-5m-1790400900,btc,5m,1790400900,fair_value,± 1 c,down,0.71,10,140,150,filled,True,526.53,0,10,1,True,True,traversal,3.44828,0.285,142.359,2.059,True,0,-0.71,-7.1,-0.71,0.0028826,,,,,0.698692,1989334,2e moitié,BTC 5m
btc-updown-5m-1790400900,btc,5m,1790400900,fair_value,± 1 c,up,0.68,10,150,160,cancelled,True,324.9,309.9,0,0,False,False,,0,0.9,,,True,1,0.32,0,0,0.0030464,,,,,0.830976,1989334,2e moitié,BTC 5m
btc-updown-5m-1790400900,btc,5m,1790400900,fair_value,± 1 c,down,0.15,10,150,160,crossing,False,,,0,0,False,False,,0,0.9,,,True,0,-0.15,-0,-0,0.001785,,,,,0.830976,1989334,2e moitié,BTC 5m
btc-updown-5m-1790400900,btc,5m,1790400900,fair_value,± 1 c,up,0.82,10,160,170,cancelled,True,144.3,139.3,0,0,False,False,,0,0.925,,,True,1,0.18,0,0,0.0020664,,,,,0.85815,1989334,2e moitié,BTC 5m
btc-updown-5m-1790400900,btc,5m,1790400900,fair_value,± 1 c,up,0.84,10,170,180,cancelled,True,438.3,112,0,0,False,False,,0,0.925,,,True,1,0.16,0,0,0.0018816,,,,,0.886251,1989334,2e moitié,BTC 5m
btc-updown-5m-1790400900,btc,5m,1790400900,fair_value,± 1 c,down,0.07,10,160,180,filled,True,276,0,10,1,True,True,traversal,246.107,0.925,163.258,2.958,True,0,-0.07,-0.7,-0.07,0.0009114,,,,,0.886251,1989334,2e moitié,BTC 5m
btc-updown-5m-1790400900,btc,5m,1790400900,fair_value,± 1 c,up,0.87,10,180,190,cancelled,True,348.7,105.7,0,0,False,False,,0,0.905,,,True,1,0.13,0,0,0.0015834,,,,,0.914633,1989334,2e moitié,BTC 5m
btc-updown-5m-1790400900,btc,5m,1790400900,fair_value,± 1 c,down,0.09,10,180,190,filled,True,30.29,0,10,1,True,True,traversal,26.6593,0.905,181.35,1.05,True,0,-0.09,-0.9,-0.09,0.0011466,,,,,0.914633,1989334,2e moitié,BTC 5m
btc-updown-5m-1790400900,btc,5m,1790400900,fair_value,± 1 c,up,0.9,10,190,200,cancelled,True,1233.59,1163.59,0,0,False,False,,0,0.925,,,True,1,0.1,0,0,0.00126,,,,,0.941658,1989334,2e moitié,BTC 5m
btc-updown-5m-1790400900,btc,5m,1790400900,fair_value,± 1 c,down,0.07,10,190,200,filled,True,234,0,10,1,True,True,queue,335.489,0.925,190.791,0.491,True,0,-0.07,-0.7,-0.07,0.0009114,,,,,0.941658,1989334,2e moitié,BTC 5m
btc-updown-5m-1790400900,btc,5m,1790400900,fair_value,± 1 c,up,0.93,10,200,210,cancelled,True,1220.7,1215.7,0,0,False,False,,0,0.965,,,True,1,0.07,0,0,0.0009114,,,,,0.987836,1989334,2e moitié,BTC 5m
btc-updown-5m-1790401200,btc,5m,1790401200,signal,0.48/S+0,down,0.48,10,-30,0,crossing,False,,,0,0,False,False,,0,0.535,,,False,1,0.52,0,0,0.0034944,0.48,0,-5.55901e-08,,,1989334,2e moitié,BTC 5m
btc-updown-5m-1790401200,btc,5m,1790401200,signal,0.48/S+30,down,0.48,10,-30,30,crossing,False,,,0,0,False,False,,0,0.535,,,False,1,0.52,0,0,0.0034944,0.48,30,-5.55901e-08,,,1989334,2e moitié,BTC 5m
btc-updown-5m-1790401200,btc,5m,1790401200,signal,0.48/S+60,down,0.48,10,-30,60,crossing,False,,,0,0,False,False,,0,0.535,,,False,1,0.52,0,0,0.0034944,0.48,60,-5.55901e-08,,,1989334,2e moitié,BTC 5m
btc-updown-5m-1790401200,btc,5m,1790401200,signal,0.49/S+0,down,0.49,10,-30,0,crossing,False,,,0,0,False,False,,0,0.535,,,False,1,0.51,0,0,0.0034986,0.49,0,-5.55901e-08,,,1989334,2e moitié,BTC 5m
btc-updown-5m-1790401200,btc,5m,1790401200,signal,0.49/S+30,down,0.49,10,-30,30,crossing,False,,,0,0,False,False,,0,0.535,,,False,1,0.51,0,0,0.0034986,0.49,30,-5.55901e-08,,,1989334,2e moitié,BTC 5m
btc-updown-5m-1790401200,btc,5m,1790401200,signal,0.49/S+60,down,0.49,10,-30,60,crossing,False,,,0,0,False,False,,0,0.535,,,False,1,0.51,0,0,0.0034986,0.49,60,-5.55901e-08,,,1989334,2e moitié,BTC 5m
btc-updown-5m-1790401200,btc,5m,1790401200,signal,0.50/S+0,down,0.5,10,-30,0,crossing,False,,,0,0,False,False,,0,0.535,,,False,1,0.5,0,0,0.0035,0.5,0,-5.55901e-08,,,1989334,2e moitié,BTC 5m
btc-updown-5m-1790401200,btc,5m,1790401200,signal,0.50/S+30,down,0.5,10,-30,30,crossing,False,,,0,0,False,False,,0,0.535,,,False,1,0.5,0,0,0.0035,0.5,30,-5.55901e-08,,,1989334,2e moitié,BTC 5m
btc-updown-5m-1790401200,btc,5m,1790401200,signal,0.50/S+60,down,0.5,10,-30,60,crossing,False,,,0,0,False,False,,0,0.535,,,False,1,0.5,0,0,0.0035,0.5,60,-5.55901e-08,,,1989334,2e moitié,BTC 5m
btc-updown-5m-1790401200,btc,5m,1790401200,two_sided,0.49/S+0,up,0.49,10,-60,0,cancelled,True,95.1,10.1,0,0,False,False,,0,0.545,,,False,0,-0.49,-0,-0,0.0034986,0.49,0,,0,,1989334,2e moitié,BTC 5m
btc-updown-5m-1790401200,btc,5m,1790401200,two_sided,0.49/S+0,down,0.49,10,-60,0,crossing,False,,,0,0,False,False,,0,0.545,,,False,1,0.51,0,0,0.0034986,0.49,0,,0,,1989334,2e moitié,BTC 5m
btc-updown-5m-1790401200,btc,5m,1790401200,two_sided,0.49/S+30,up,0.49,10,-60,30,filled,True,95.1,0,10,1,True,True,traversal,5.80846,0.545,10.073,69.773,False,0,-0.49,-4.9,-0.49,0.0034986,0.49,30,,30,,1989334,2e moitié,BTC 5m
btc-updown-5m-1790401200,btc,5m,1790401200,two_sided,0.49/S+30,down,0.49,10,-60,30,crossing,False,,,0,0,False,False,,0,0.545,,,False,1,0.51,0,0,0.0034986,0.49,30,,30,,1989334,2e moitié,BTC 5m
btc-updown-5m-1790401200,btc,5m,1790401200,two_sided,0.49/S+60,up,0.49,10,-60,60,filled,True,95.1,0,10,1,True,True,traversal,5.80846,0.545,10.073,69.773,False,0,-0.49,-4.9,-0.49,0.0034986,0.49,60,,60,,1989334,2e moitié,BTC 5m
btc-updown-5m-1790401200,btc,5m,1790401200,two_sided,0.49/S+60,down,0.49,10,-60,60,crossing,False,,,0,0,False,False,,0,0.545,,,False,1,0.51,0,0,0.0034986,0.49,60,,60,,1989334,2e moitié,BTC 5m
btc-updown-5m-1790401200,btc,5m,1790401200,fair_value,± 1 c,up,0.44,10,10,20,crossing,False,,,0,0,False,False,,0,0.405,,,False,0,-0.44,-0,-0,0.0034496,,,,,0.411023,1989334,2e moitié,BTC 5m
btc-updown-5m-1790401200,btc,5m,1790401200,fair_value,± 1 c,down,0.49,10,10,20,cancelled,True,131.03,31.38,0,0,False,False,,0,0.405,,,False,1,0.51,0,0,0.0034986,,,,,0.411023,1989334,2e moitié,BTC 5m
btc-updown-5m-1790401200,btc,5m,1790401200,fair_value,± 1 c,up,0.4,10,20,30,filled,True,125.12,0,10,1,True,True,queue,211.667,0.405,23.55,3.25,False,0,-0.4,-4,-0.4,0.00336,,,,,0.402878,1989334,2e moitié,BTC 5m
btc-updown-5m-1790401200,btc,5m,1790401200,fair_value,± 1 c,down,0.57,10,20,30,cancelled,True,334,10,0,0,False,False,,0,0.405,,,False,1,0.43,0,0,0.0034314,,,,,0.402878,1989334,2e moitié,BTC 5m
btc-updown-5m-1790401200,btc,5m,1790401200,fair_value,± 1 c,up,0.39,10,30,40,filled,True,291.2,0,10,1,True,True,traversal,0,0.405,39.981,9.681,False,0,-0.39,-3.9,-0.39,0.0033306,,,,,0.393757,1989334,2e moitié,BTC 5m
btc-updown-5m-1790401200,btc,5m,1790401200,fair_value,± 1 c,down,0.58,10,30,40,cancelled,True,199,11,0,0,False,False,,0,0.405,,,False,1,0.42,0,0,0.0034104,,,,,0.393757,1989334,2e moitié,BTC 5m
btc-updown-5m-1790401200,btc,5m,1790401200,fair_value,± 1 c,up,0.38,10,40,50,cancelled,True,100.99,76.92,0,0,False,False,,8.06452,0.385,,,False,0,-0.38,-0,-0,0.0032984,,,,,0.38403,1989334,2e moitié,BTC 5m
btc-updown-5m-1790401200,btc,5m,1790401200,fair_value,± 1 c,down,0.59,10,40,50,filled,True,287.6,0,10,1,True,True,queue,29.8293,0.385,45.429,5.129,False,1,0.41,4.1,0.41,0.0033866,,,,,0.38403,1989334,2e moitié,BTC 5m
btc-updown-5m-1790401200,btc,5m,1790401200,fair_value,± 1 c,up,0.37,10,50,60,cancelled,True,294,233,0,0,False,False,,0,0.475,,,False,0,-0.37,-0,-0,0.0032634,,,,,0.373657,1989334,2e moitié,BTC 5m
btc-updown-5m-1790401200,btc,5m,1790401200,fair_value,± 1 c,down,0.52,10,50,60,cancelled,True,262.83,0.895833,0,0,False,False,,95.1042,0.475,,,False,1,0.48,0,0,0.0034944,,,,,0.373657,1989334,2e moitié,BTC 5m
btc-updown-5m-1790401200,btc,5m,1790401200,fair_value,± 1 c,up,0.36,10,60,70,cancelled,True,258,61.3,0,0,False,False,,0,0.455,,,False,0,-0.36,-0,-0,0.0032256,,,,,0.420928,1989334,2e moitié,BTC 5m
btc-updown-5m-1790401200,btc,5m,1790401200,fair_value,± 1 c,down,0.54,10,60,70,filled,True,95,0,10,1,True,True,traversal,0,0.455,61.405,1.105,False,1,0.46,4.6,0.46,0.0034776,,,,,0.420928,1989334,2e moitié,BTC 5m
btc-updown-5m-1790401200,btc,5m,1790401200,fair_value,± 1 c,up,0.41,10,70,80,cancelled,True,258.7,248.7,0,0,False,False,,0,0.535,,,False,0,-0.41,-0,-0,0.0033866,,,,,0.413522,1989334,2e moitié,BTC 5m
btc-updown-5m-1790401200,btc,5m,1790401200,fair_value,± 1 c,down,0.46,10,70,80,filled,True,244.09,0,10,1,True,True,traversal,5,0.535,72.53,2.23,False,1,0.54,5.4,0.54,0.0034776,,,,,0.413522,1989334,2e moitié,BTC 5m
btc-updown-5m-1790401200,btc,5m,1790401200,fair_value,± 1 c,up,0.4,10,80,90,cancelled,True,273.8,231.3,0,0,False,False,,0,0.565,,,False,0,-0.4,-0,-0,0.00336,,,,,0.405619,1989334,2e moitié,BTC 5m
btc-updown-5m-1790401200,btc,5m,1790401200,fair_value,± 1 c,down,0.43,10,80,90,cancelled,True,725.31,132,0,0,False,False,,1.75439,0.565,,,False,1,0.57,0,0,0.0034314,,,,,0.405619,1989334,2e moitié,BTC 5m
btc-updown-5m-1790401200,btc,5m,1790401200,fair_value,± 1 c,up,0.39,10,90,100,cancelled,True,301.89,258.59,0,0,False,False,,0,0.465,,,False,0,-0.39,-0,-0,0.0033306,,,,,0.396643,1989334,2e moitié,BTC 5m
btc-updown-5m-1790401200,btc,5m,1790401200,fair_value,± 1 c,down,0.53,10,90,100,filled,True,135.35,0,10,1,True,True,queue,25,0.465,94.163,3.863,False,1,0.47,4.7,0.47,0.0034874,,,,,0.396643,1989334,2e moitié,BTC 5m
btc-updown-5m-1790401200,btc,5m,1790401200,fair_value,± 1 c,up,0.38,10,100,110,cancelled,True,499.92,260.92,0,0,False,False,,0,0.575,,,False,0,-0.38,-0,-0,0.0032984,,,,,0.386407,1989334,2e moitié,BTC 5m
btc-updown-5m-1790401200,btc,5m,1790401200,fair_value,± 1 c,down,0.38,10,100,110,cancelled,True,968,313,0,0,False,False,,0,0.575,,,False,1,0.62,0,0,0.0032984,,,,,0.386407,1989334,2e moitié,BTC 5m
btc-updown-5m-1790401200,btc,5m,1790401200,fair_value,± 1 c,up,0.37,10,110,120,cancelled,True,474.95,259.95,0,0,False,False,,0,0.555,,,False,0,-0.37,-0,-0,0.0032634,,,,,0.375333,1989334,2e moitié,BTC 5m
btc-updown-5m-1790401200,btc,5m,1790401200,fair_value,± 1 c,down,0.44,10,110,120,filled,True,5,0,10,1,True,True,traversal,0,0.555,111.119,0.819,False,1,0.56,5.6,0.56,0.0034496,,,,,0.375333,1989334,2e moitié,BTC 5m
btc-updown-5m-1790401200,btc,5m,1790401200,fair_value,± 1 c,up,0.36,10,120,130,cancelled,True,313.45,254.3,0,0,False,False,,0,0.445,,,False,0,-0.36,-0,-0,0.0032256,,,,,0.362982,1989334,2e moitié,BTC 5m
btc-updown-5m-1790401200,btc,5m,1790401200,fair_value,± 1 c,down,0.55,10,120,130,filled,True,233,0,10,1,True,True,traversal,0,0.445,124.3,4,False,1,0.45,4.5,0.45,0.003465,,,,,0.362982,1989334,2e moitié,BTC 5m
btc-updown-5m-1790401200,btc,5m,1790401200,fair_value,± 1 c,up,0.35,10,130,140,cancelled,True,259.4,259.4,0,0,False,False,,0,0.515,,,False,0,-0.35,-0,-0,0.003185,,,,,0.349535,1989334,2e moitié,BTC 5m
btc-updown-5m-1790401200,btc,5m,1790401200,fair_value,± 1 c,down,0.48,10,130,140,cancelled,True,582.38,25,0,0,False,False,,0,0.515,,,False,1,0.52,0,0,0.0034944,,,,,0.349535,1989334,2e moitié,BTC 5m
btc-updown-5m-1790401200,btc,5m,1790401200,fair_value,± 1 c,up,0.33,10,140,150,cancelled,True,283.07,268.07,0,0,False,False,,0,0.505,,,False,0,-0.33,-0,-0,0.0030954,,,,,0.333592,1989334,2e moitié,BTC 5m
btc-updown-5m-1790401200,btc,5m,1790401200,fair_value,± 1 c,down,0.49,10,140,150,cancelled,True,118.37,61.19,0,0,False,False,,9.80392,0.505,,,False,1,0.51,0,0,0.0034986,,,,,0.333592,1989334,2e moitié,BTC 5m
btc-updown-5m-1790401200,btc,5m,1790401200,fair_value,± 1 c,up,0.32,10,150,160,cancelled,True,244.9,244.9,0,0,False,False,,0,0.455,,,False,0,-0.32,-0,-0,0.0030464,,,,,0.316462,1989334,2e moitié,BTC 5m
btc-updown-5m-1790401200,btc,5m,1790401200,fair_value,± 1 c,up,0.3,10,160,170,cancelled,True,295.4,295.4,0,0,False,False,,0,0.475,,,False,0,-0.3,-0,-0,0.00294,,,,,0.296018,1989334,2e moitié,BTC 5m
btc-updown-5m-1790401200,btc,5m,1790401200,fair_value,± 1 c,down,0.54,10,150,170,filled,True,161.98,0,10,1,True,True,traversal,10.3722,0.455,156.981,6.681,False,1,0.46,4.6,0.46,0.0034776,,,,,0.296018,1989334,2e moitié,BTC 5m
btc-updown-5m-1790401200,btc,5m,1790401200,fair_value,± 1 c,up,0.28,10,170,180,cancelled,True,280.9,280.9,0,0,False,False,,0,0.475,,,False,0,-0.28,-0,-0,0.0028224,,,,,0.273167,1989334,2e moitié,BTC 5m
btc-updown-5m-1790401200,btc,5m,1790401200,fair_value,± 1 c,down,0.52,10,170,180,cancelled,True,106,10,0,0,False,False,,5.20833,0.475,,,False,1,0.48,0,0,0.0034944,,,,,0.273167,1989334,2e moitié,BTC 5m
btc-updown-5m-1790401200,btc,5m,1790401200,fair_value,± 1 c,up,0.26,10,180,190,cancelled,True,281.5,78.5,0,0,False,False,,0,0.465,,,False,0,-0.26,-0,-0,0.0026936,,,,,0.24746,1989334,2e moitié,BTC 5m
btc-updown-5m-1790401200,btc,5m,1790401200,fair_value,± 1 c,down,0.53,10,180,190,filled,True,75,0,10,1,True,True,traversal,0,0.465,180.822,0.522,False,1,0.47,4.7,0.47,0.0034874,,,,,0.24746,1989334,2e moitié,BTC 5m
btc-updown-5m-1790401200,btc,5m,1790401200,fair_value,± 1 c,up,0.23,10,190,200,cancelled,True,109.7,84.7,0,0,False,False,,0,0.485,,,False,0,-0.23,-0,-0,0.0024794,,,,,0.217072,1989334,2e moitié,BTC 5m
btc-updown-5m-1790401200,btc,5m,1790401200,fair_value,± 1 c,down,0.51,10,190,200,cancelled,True,205,1.91837,0,0,False,False,,37.1837,0.485,,,False,1,0.49,0,0,0.0034986,,,,,0.217072,1989334,2e moitié,BTC 5m
btc-updown-5m-1790401200,btc,5m,1790401200,fair_value,± 1 c,up,0.2,10,200,210,cancelled,True,173.1,133.1,0,0,False,False,,0,0.455,,,False,0,-0.2,-0,-0,0.00224,,,,,0.181717,1989334,2e moitié,BTC 5m
btc-updown-5m-1790401200,btc,5m,1790401200,fair_value,± 1 c,up,0.17,10,210,220,cancelled,True,89.39,89.39,0,0,False,False,,0,0.465,,,False,0,-0.17,-0,-0,0.0019754,,,,,0.139935,1989334,2e moitié,BTC 5m
btc-updown-5m-1790401200,btc,5m,1790401200,fair_value,± 1 c,down,0.53,10,200,220,filled,True,307,0,10,1,True,True,traversal,0,0.455,212.745,12.445,False,1,0.47,4.7,0.47,0.0034874,,,,,0.139935,1989334,2e moitié,BTC 5m
btc-updown-5m-1790401200,btc,5m,1790401200,fair_value,± 1 c,up,0.12,10,220,230,cancelled,True,168.6,128.6,0,0,False,False,,0,0.445,,,False,0,-0.12,-0,-0,0.0014784,,,,,0.0934642,1989334,2e moitié,BTC 5m
btc-updown-5m-1790401200,btc,5m,1790401200,fair_value,± 1 c,down,0.54,10,220,230,filled,True,284.37,0,10,1,True,True,queue,45,0.445,226.81,6.51,False,1,0.46,4.6,0.46,0.0034776,,,,,0.0934642,1989334,2e moitié,BTC 5m
btc-updown-5m-1790401200,btc,5m,1790401200,fair_value,± 1 c,up,0.08,10,230,240,cancelled,True,690.84,122.54,0,0,False,False,,0,0.465,,,False,0,-0.08,-0,-0,0.0010304,,,,,0.0428521,1989334,2e moitié,BTC 5m
btc-updown-5m-1790401200,btc,5m,1790401200,fair_value,± 1 c,down,0.53,10,230,240,cancelled,True,185,5,0,0,False,False,,2.12766,0.465,,,False,1,0.47,0,0,0.0034874,,,,,0.0428521,1989334,2e moitié,BTC 5m
btc-updown-5m-1790401200,btc,5m,1790401200,fair_value,± 1 c,down,0.57,10,240,250,cancelled,True,0,0,0,0,False,False,,0,0.405,,,False,1,0.43,0,0,0.0034314,,,,,0.00831038,1989334,2e moitié,BTC 5m
btc-updown-5m-1790401200,btc,5m,1790401200,fair_value,± 1 c,down,0.66,10,250,260,filled,True,164,0,10,1,True,True,traversal,59.9331,0.335,251.495,1.195,False,1,0.34,3.4,0.34,0.0031416,,,,,0.000199239,1989334,2e moitié,BTC 5m
btc-updown-5m-1790401200,btc,5m,1790401200,fair_value,± 1 c,down,0.68,10,260,270,filled,True,0,0,10,1,True,True,queue,26.3636,0.32,260.314,0.0139999,False,1,0.32,3.2,0.32,0.0030464,,,,,3.71106e-09,1989334,2e moitié,BTC 5m
btc-updown-5m-1790401200,btc,5m,1790401200,fair_value,± 1 c,down,0.81,10,270,280,cancelled,True,10,0,0,0,False,False,,0,0.165,,,False,1,0.19,0,0,0.0021546,,,,,9.11267e-30,1989334,2e moitié,BTC 5m
btc-updown-5m-1790401500,btc,5m,1790401500,signal,0.48/S+0,up,0.48,10,-30,0,cancelled,True,110.82,25.82,0,0,False,False,,0,0.505,,,True,1,0.52,0,0,0.0034944,0.48,0,6.75005e-08,,,1989335,2e moitié,BTC 5m
btc-updown-5m-1790401500,btc,5m,1790401500,signal,0.48/S+30,up,0.48,10,-30,30,cancelled,True,110.82,10.41,0,0,False,False,,0,0.505,,,True,1,0.52,0,0,0.0034944,0.48,30,6.75005e-08,,,1989335,2e moitié,BTC 5m
btc-updown-5m-1790401500,btc,5m,1790401500,signal,0.48/S+60,up,0.48,10,-30,60,cancelled,True,110.82,10.41,0,0,False,False,,0,0.505,,,True,1,0.52,0,0,0.0034944,0.48,60,6.75005e-08,,,1989335,2e moitié,BTC 5m
btc-updown-5m-1790401500,btc,5m,1790401500,signal,0.49/S+0,up,0.49,10,-30,0,cancelled,True,325.42,205.1,0,0,False,False,,0,0.505,,,True,1,0.51,0,0,0.0034986,0.49,0,6.75005e-08,,,1989335,2e moitié,BTC 5m
btc-updown-5m-1790401500,btc,5m,1790401500,signal,0.49/S+30,up,0.49,10,-30,30,cancelled,True,325.42,200,0,0,False,False,,0,0.505,,,True,1,0.51,0,0,0.0034986,0.49,30,6.75005e-08,,,1989335,2e moitié,BTC 5m
btc-updown-5m-1790401500,btc,5m,1790401500,signal,0.49/S+60,up,0.49,10,-30,60,cancelled,True,325.42,200,0,0,False,False,,0,0.505,,,True,1,0.51,0,0,0.0034986,0.49,60,6.75005e-08,,,1989335,2e moitié,BTC 5m
btc-updown-5m-1790401500,btc,5m,1790401500,signal,0.50/S+0,up,0.5,10,-30,0,cancelled,True,325,248,0,0,False,False,,0,0.505,,,True,1,0.5,0,0,0.0035,0.5,0,6.75005e-08,,,1989335,2e moitié,BTC 5m
btc-updown-5m-1790401500,btc,5m,1790401500,signal,0.50/S+30,up,0.5,10,-30,30,cancelled,True,325,238,0,0,False,False,,0,0.505,,,True,1,0.5,0,0,0.0035,0.5,30,6.75005e-08,,,1989335,2e moitié,BTC 5m
btc-updown-5m-1790401500,btc,5m,1790401500,signal,0.50/S+60,up,0.5,10,-30,60,cancelled,True,325,238,0,0,False,False,,0,0.505,,,True,1,0.5,0,0,0.0035,0.5,60,6.75005e-08,,,1989335,2e moitié,BTC 5m
btc-updown-5m-1790401500,btc,5m,1790401500,two_sided,0.49/S+0,up,0.49,10,-60,0,cancelled,True,270.1,205.1,0,0,False,False,,0,0.505,,,True,1,0.51,0,0,0.0034986,0.49,0,,0,,1989335,2e moitié,BTC 5m
btc-updown-5m-1790401500,btc,5m,1790401500,two_sided,0.49/S+0,down,0.49,10,-60,0,filled,True,268.45,0,10,1,True,True,queue,192.653,0.505,-16.024,43.676,True,0,-0.49,-4.9,-0.49,0.0034986,0.49,0,,0,,1989335,2e moitié,BTC 5m
btc-updown-5m-1790401500,btc,5m,1790401500,two_sided,0.49/S+30,up,0.49,10,-60,30,cancelled,True,270.1,200,0,0,False,False,,0,0.505,,,True,1,0.51,0,0,0.0034986,0.49,30,,30,,1989335,2e moitié,BTC 5m
btc-updown-5m-1790401500,btc,5m,1790401500,two_sided,0.49/S+30,down,0.49,10,-60,30,filled,True,268.45,0,10,1,True,True,queue,192.653,0.505,-16.024,43.676,True,0,-0.49,-4.9,-0.49,0.0034986,0.49,30,,30,,1989335,2e moitié,BTC 5m
btc-updown-5m-1790401500,btc,5m,1790401500,two_sided,0.49/S+60,up,0.49,10,-60,60,cancelled,True,270.1,200,0,0,False,False,,0,0.505,,,True,1,0.51,0,0,0.0034986,0.49,60,,60,,1989335,2e moitié,BTC 5m
btc-updown-5m-1790401500,btc,5m,1790401500,two_sided,0.49/S+60,down,0.49,10,-60,60,filled,True,268.45,0,10,1,True,True,queue,192.653,0.505,-16.024,43.676,True,0,-0.49,-4.9,-0.49,0.0034986,0.49,60,,60,,1989335,2e moitié,BTC 5m
btc-updown-5m-1790401500,btc,5m,1790401500,fair_value,± 1 c,up,0.66,10,10,20,filled,True,330.47,0,10,1,True,True,traversal,14.7059,0.665,16.746,6.446,True,1,0.34,3.4,0.34,0.0031416,,,,,0.757503,1989335,2e moitié,BTC 5m
btc-updown-5m-1790401500,btc,5m,1790401500,fair_value,± 1 c,down,0.25,10,10,20,cancelled,True,46,46,0,0,False,False,,0,0.665,,,True,0,-0.25,-0,-0,0.002625,,,,,0.757503,1989335,2e moitié,BTC 5m
btc-updown-5m-1790401500,btc,5m,1790401500,fair_value,± 1 c,up,0.65,10,20,30,filled,True,129.47,0,10,1,True,True,traversal,135.47,0.655,20.421,0.121,True,1,0.35,3.5,0.35,0.003185,,,,,0.77776,1989335,2e moitié,BTC 5m
btc-updown-5m-1790401500,btc,5m,1790401500,fair_value,± 1 c,down,0.23,10,20,30,cancelled,True,317.7,277.7,0,0,False,False,,0,0.655,,,True,0,-0.23,-0,-0,0.0024794,,,,,0.77776,1989335,2e moitié,BTC 5m
btc-updown-5m-1790401500,btc,5m,1790401500,fair_value,± 1 c,up,0.66,10,30,40,cancelled,True,248.39,87,0,0,False,False,,0,0.675,,,True,1,0.34,0,0,0.0031416,,,,,0.798862,1989335,2e moitié,BTC 5m
btc-updown-5m-1790401500,btc,5m,1790401500,fair_value,± 1 c,down,0.21,10,30,40,cancelled,True,210.7,145.7,0,0,False,False,,0,0.675,,,True,0,-0.21,-0,-0,0.0023226,,,,,0.798862,1989335,2e moitié,BTC 5m
btc-updown-5m-1790401500,btc,5m,1790401500,fair_value,± 1 c,up,0.69,10,40,50,cancelled,True,166,7.2258,0,0,False,False,,67.7742,0.695,,,True,1,0.31,0,0,0.0029946,,,,,0.820066,1989335,2e moitié,BTC 5m
btc-updown-5m-1790401500,btc,5m,1790401500,fair_value,± 1 c,down,0.19,10,40,50,cancelled,True,346.89,306.89,0,0,False,False,,0,0.695,,,True,0,-0.19,-0,-0,0.0021546,,,,,0.820066,1989335,2e moitié,BTC 5m
btc-updown-5m-1790401500,btc,5m,1790401500,fair_value,± 1 c,down,0.16,10,50,60,cancelled,True,747.8,707.8,0,0,False,False,,0,0.705,,,True,0,-0.16,-0,-0,0.0018816,,,,,0.841996,1989335,2e moitié,BTC 5m
btc-updown-5m-1790401500,btc,5m,1790401500,fair_value,± 1 c,up,0.7,10,50,70,cancelled,True,92.5,10.6167,0,0,False,False,,35.4333,0.705,,,True,1,0.3,0,0,0.00294,,,,,0.863568,1989335,2e moitié,BTC 5m
btc-updown-5m-1790401500,btc,5m,1790401500,fair_value,± 1 c,down,0.14,10,60,70,cancelled,True,347.17,316.6,0,0,False,False,,0,0.705,,,True,0,-0.14,-0,-0,0.0016856,,,,,0.863568,1989335,2e moitié,BTC 5m
btc-updown-5m-1790401500,btc,5m,1790401500,fair_value,± 1 c,up,0.73,10,70,80,cancelled,True,116.05,76,0,0,False,False,,8.29889,0.745,,,True,1,0.27,0,0,0.0027594,,,,,0.885278,1989335,2e moitié,BTC 5m
btc-updown-5m-1790401500,btc,5m,1790401500,fair_value,± 1 c,down,0.12,10,70,80,cancelled,True,327.6,327.6,0,0,False,False,,0,0.745,,,True,0,-0.12,-0,-0,0.0014784,,,,,0.885278,1989335,2e moitié,BTC 5m
btc-updown-5m-1790401500,btc,5m,1790401500,fair_value,± 1 c,up,0.74,10,80,90,cancelled,True,850.76,55,0,0,False,False,,30.2308,0.745,,,True,1,0.26,0,0,0.0026936,,,,,0.905918,1989335,2e moitié,BTC 5m
btc-updown-5m-1790401500,btc,5m,1790401500,fair_value,± 1 c,down,0.1,10,80,90,cancelled,True,356.9,356.9,0,0,False,False,,0,0.745,,,True,0,-0.1,-0,-0,0.00126,,,,,0.905918,1989335,2e moitié,BTC 5m
btc-updown-5m-1790401500,btc,5m,1790401500,fair_value,± 1 c,up,0.78,10,90,100,filled,True,34.73,0,10,1,True,True,traversal,17.82,0.785,91.775,1.475,True,1,0.22,2.2,0.22,0.0024024,,,,,0.922074,1989335,2e moitié,BTC 5m
btc-updown-5m-1790401500,btc,5m,1790401500,fair_value,± 1 c,down,0.08,10,90,100,cancelled,True,811.3,102.29,0,0,False,False,,0,0.785,,,True,0,-0.08,-0,-0,0.0010304,,,,,0.922074,1989335,2e moitié,BTC 5m
btc-updown-5m-1790401500,btc,5m,1790401500,fair_value,± 1 c,up,0.8,10,100,110,cancelled,True,121,101,0,0,False,False,,0,0.805,,,True,1,0.2,0,0,0.00224,,,,,0.940628,1989335,2e moitié,BTC 5m
btc-updown-5m-1790401500,btc,5m,1790401500,fair_value,± 1 c,down,0.06,10,100,110,cancelled,True,350.1,98.1,0,0,False,False,,0,0.805,,,True,0,-0.06,-0,-0,0.0007896,,,,,0.940628,1989335,2e moitié,BTC 5m
btc-updown-5m-1790401500,btc,5m,1790401500,fair_value,± 1 c,up,0.91,10,110,120,cancelled,True,567.64,97,0,0,False,False,,65.7533,0.915,,,True,1,0.09,0,0,0.0011466,,,,,0.960893,1989335,2e moitié,BTC 5m
btc-updown-5m-1790401500,btc,5m,1790401500,fair_value,± 1 c,up,0.94,10,120,130,filled,True,497.54,0,10,1,True,True,traversal,0,0.945,125.175,4.875,True,1,0.06,0.6,0.06,0.0007896,,,,,0.920732,1989335,2e moitié,BTC 5m
btc-updown-5m-1790401500,btc,5m,1790401500,fair_value,± 1 c,up,0.91,10,130,140,filled,True,565.39,0,10,1,True,True,queue,339.889,0.915,130.349,0.049,True,1,0.09,0.9,0.09,0.0011466,,,,,0.940475,1989335,2e moitié,BTC 5m
btc-updown-5m-1790401500,btc,5m,1790401500,fair_value,± 1 c,down,0.06,10,130,140,cancelled,True,456.99,310.1,0,0,False,False,,0,0.915,,,True,0,-0.06,-0,-0,0.0007896,,,,,0.940475,1989335,2e moitié,BTC 5m
btc-updown-5m-1790401500,btc,5m,1790401500,fair_value,± 1 c,up,0.88,10,140,150,cancelled,True,116,66,0,0,False,False,,0,0.885,,,True,1,0.12,0,0,0.0014784,,,,,0.958177,1989335,2e moitié,BTC 5m
btc-updown-5m-1790401500,btc,5m,1790401500,fair_value,± 1 c,up,0.9,10,150,160,cancelled,True,336,71,0,0,False,False,,20,0.905,,,True,1,0.1,0,0,0.00126,,,,,0.972941,1989335,2e moitié,BTC 5m
btc-updown-5m-1790401500,btc,5m,1790401500,fair_value,± 1 c,up,0.91,10,160,170,cancelled,True,511.54,72,0,0,False,False,,0,0.915,,,True,1,0.09,0,0,0.0011466,,,,,0.984423,1989335,2e moitié,BTC 5m
btc-updown-5m-1790401500,btc,5m,1790401500,fair_value,± 1 c,up,0.94,10,170,180,cancelled,True,165.14,65.64,0,0,False,False,,48.95,0.945,,,True,1,0.06,0,0,0.0007896,,,,,0.992386,1989335,2e moitié,BTC 5m
btc-updown-5m-1790401800,btc,5m,1790401800,signal,0.48/S+0,up,0.48,10,-30,0,cancelled,True,428.52,173.06,0,0,False,False,,0,0.505,,,False,0,-0.48,-0,-0,0.0034944,0.48,0,6.35083e-08,,,1989335,2e moitié,BTC 5m
btc-updown-5m-1790401800,btc,5m,1790401800,signal,0.48/S+30,up,0.48,10,-30,30,filled,True,428.52,0,10,1,True,True,traversal,0,0.505,3.68,33.38,False,0,-0.48,-4.8,-0.48,0.0034944,0.48,30,6.35083e-08,,,1989335,2e moitié,BTC 5m
btc-updown-5m-1790401800,btc,5m,1790401800,signal,0.48/S+60,up,0.48,10,-30,60,filled,True,428.52,0,10,1,True,True,traversal,0,0.505,3.68,33.38,False,0,-0.48,-4.8,-0.48,0.0034944,0.48,60,6.35083e-08,,,1989335,2e moitié,BTC 5m
btc-updown-5m-1790401800,btc,5m,1790401800,signal,0.49/S+0,up,0.49,10,-30,0,cancelled,True,30,10.3137,0,0,False,False,,19.6863,0.505,,,False,0,-0.49,-0,-0,0.0034986,0.49,0,6.35083e-08,,,1989335,2e moitié,BTC 5m
btc-updown-5m-1790401800,btc,5m,1790401800,signal,0.49/S+30,up,0.49,10,-30,30,filled,True,30,0,10,1,True,True,queue,49.994,0.505,3.678,33.378,False,0,-0.49,-4.9,-0.49,0.0034986,0.49,30,6.35083e-08,,,1989335,2e moitié,BTC 5m
btc-updown-5m-1790401800,btc,5m,1790401800,signal,0.49/S+60,up,0.49,10,-30,60,filled,True,30,0,10,1,True,True,queue,49.994,0.505,3.678,33.378,False,0,-0.49,-4.9,-0.49,0.0034986,0.49,60,6.35083e-08,,,1989335,2e moitié,BTC 5m
btc-updown-5m-1790401800,btc,5m,1790401800,signal,0.50/S+0,up,0.5,10,-30,0,filled,True,24,0,10,1,True,True,traversal,20,0.505,-17.516,12.184,False,0,-0.5,-5,-0.5,0.0035,0.5,0,6.35083e-08,,,1989335,2e moitié,BTC 5m
btc-updown-5m-1790401800,btc,5m,1790401800,signal,0.50/S+30,up,0.5,10,-30,30,filled,True,24,0,10,1,True,True,traversal,20,0.505,-17.516,12.184,False,0,-0.5,-5,-0.5,0.0035,0.5,30,6.35083e-08,,,1989335,2e moitié,BTC 5m
btc-updown-5m-1790401800,btc,5m,1790401800,signal,0.50/S+60,up,0.5,10,-30,60,filled,True,24,0,10,1,True,True,traversal,20,0.505,-17.516,12.184,False,0,-0.5,-5,-0.5,0.0035,0.5,60,6.35083e-08,,,1989335,2e moitié,BTC 5m
btc-updown-5m-1790401800,btc,5m,1790401800,two_sided,0.49/S+0,up,0.49,10,-60,0,crossing,False,,,0,0,False,False,,0,0.485,,,False,0,-0.49,-0,-0,0.0034986,0.49,0,,0,,1989335,2e moitié,BTC 5m
btc-updown-5m-1790401800,btc,5m,1790401800,two_sided,0.49/S+0,down,0.49,10,-60,0,filled,True,105.26,0,10,1,True,True,queue,284.314,0.485,-8.696,51.004,False,1,0.51,5.1,0.51,0.0034986,0.49,0,,0,,1989335,2e moitié,BTC 5m
btc-updown-5m-1790401800,btc,5m,1790401800,two_sided,0.49/S+30,up,0.49,10,-60,30,crossing,False,,,0,0,False,False,,0,0.485,,,False,0,-0.49,-0,-0,0.0034986,0.49,30,,30,,1989335,2e moitié,BTC 5m
btc-updown-5m-1790401800,btc,5m,1790401800,two_sided,0.49/S+30,down,0.49,10,-60,30,filled,True,105.26,0,10,1,True,True,queue,284.314,0.485,-8.696,51.004,False,1,0.51,5.1,0.51,0.0034986,0.49,30,,30,,1989335,2e moitié,BTC 5m
btc-updown-5m-1790401800,btc,5m,1790401800,two_sided,0.49/S+60,up,0.49,10,-60,60,crossing,False,,,0,0,False,False,,0,0.485,,,False,0,-0.49,-0,-0,0.0034986,0.49,60,,60,,1989335,2e moitié,BTC 5m
btc-updown-5m-1790401800,btc,5m,1790401800,two_sided,0.49/S+60,down,0.49,10,-60,60,filled,True,105.26,0,10,1,True,True,queue,284.314,0.485,-8.696,51.004,False,1,0.51,5.1,0.51,0.0034986,0.49,60,,60,,1989335,2e moitié,BTC 5m
btc-updown-5m-1790401800,btc,5m,1790401800,fair_value,± 1 c,down,0.47,10,10,30,filled,True,50,0,10,1,True,True,queue,74.717,0.525,17.176,6.876,False,1,0.53,5.3,0.53,0.0034874,,,,,0.498695,1989335,2e moitié,BTC 5m
btc-updown-5m-1790401800,btc,5m,1790401800,fair_value,± 1 c,up,0.48,10,10,50,cancelled,True,571,25,0,0,False,False,,0,0.525,,,False,0,-0.48,-0,-0,0.0034944,,,,,0.501912,1989335,2e moitié,BTC 5m
btc-updown-5m-1790401800,btc,5m,1790401800,fair_value,± 1 c,down,0.45,10,30,50,cancelled,True,200.76,0,0,0,False,False,,80.5455,0.545,,,False,1,0.55,0,0,0.003465,,,,,0.501912,1989335,2e moitié,BTC 5m
btc-updown-5m-1790401800,btc,5m,1790401800,fair_value,± 1 c,down,0.44,10,50,60,cancelled,True,35,22.5,0,0,False,False,,12.5,0.555,,,False,1,0.56,0,0,0.0034496,,,,,0.501959,1989335,2e moitié,BTC 5m
btc-updown-5m-1790401800,btc,5m,1790401800,fair_value,± 1 c,down,0.45,10,60,70,filled,True,87.3,0,10,1,True,True,traversal,0,0.545,61.178,0.878,False,1,0.55,5.5,0.55,0.003465,,,,,0.50201,1989335,2e moitié,BTC 5m
btc-updown-5m-1790401800,btc,5m,1790401800,fair_value,± 1 c,up,0.49,10,50,80,cancelled,True,85,45,0,0,False,False,,0,0.555,,,False,0,-0.49,-0,-0,0.0034986,,,,,0.498525,1989335,2e moitié,BTC 5m
btc-updown-5m-1790401800,btc,5m,1790401800,fair_value,± 1 c,down,0.44,10,70,80,filled,True,20,0,10,1,True,True,queue,30.5357,0.555,71.324,1.024,False,1,0.56,5.6,0.56,0.0034496,,,,,0.498525,1989335,2e moitié,BTC 5m
btc-updown-5m-1790401800,btc,5m,1790401800,fair_value,± 1 c,up,0.48,10,80,90,cancelled,True,80.4,65,0,0,False,False,,0,0.575,,,False,0,-0.48,-0,-0,0.0034944,,,,,0.502125,1989335,2e moitié,BTC 5m
btc-updown-5m-1790401800,btc,5m,1790401800,fair_value,± 1 c,up,0.49,10,90,100,cancelled,True,110.4,65.4,0,0,False,False,,0,0.575,,,False,0,-0.49,-0,-0,0.0034986,,,,,0.498435,1989335,2e moitié,BTC 5m
btc-updown-5m-1790401800,btc,5m,1790401800,fair_value,± 1 c,down,0.42,10,80,100,filled,True,263.86,0,10,1,True,True,queue,108.621,0.575,90.508,10.208,False,1,0.58,5.8,0.58,0.0034104,,,,,0.498435,1989335,2e moitié,BTC 5m
btc-updown-5m-1790401800,btc,5m,1790401800,fair_value,± 1 c,up,0.48,10,100,110,filled,True,50.4,0,10,1,True,True,traversal,0,0.605,100.989,0.689,False,0,-0.48,-4.8,-0.48,0.0034944,,,,,0.165769,1989335,2e moitié,BTC 5m
btc-updown-5m-1790401800,btc,5m,1790401800,fair_value,± 1 c,down,0.39,10,100,110,cancelled,True,125,60.64,0,0,False,False,,0,0.605,,,False,1,0.61,0,0,0.0033306,,,,,0.165769,1989335,2e moitié,BTC 5m
btc-updown-5m-1790401800,btc,5m,1790401800,fair_value,± 1 c,up,0.05,10,110,120,filled,True,1001.58,0,10,1,True,True,traversal,716.968,0.055,114.89,4.59,False,0,-0.05,-0.5,-0.05,0.000665,,,,,0.142532,1989335,2e moitié,BTC 5m
btc-updown-5m-1790401800,btc,5m,1790401800,fair_value,± 1 c,down,0.82,10,110,120,cancelled,True,123.6,78.6,0,0,False,False,,0,0.055,,,False,1,0.18,0,0,0.0020664,,,,,0.142532,1989335,2e moitié,BTC 5m
btc-updown-5m-1790401800,btc,5m,1790401800,fair_value,± 1 c,down,0.84,10,120,130,cancelled,True,131.3,81.3,0,0,False,False,,0,0.045,,,False,1,0.16,0,0,0.0018816,,,,,0.119219,1989335,2e moitié,BTC 5m
btc-updown-5m-1790401800,btc,5m,1790401800,fair_value,± 1 c,down,0.87,10,130,140,cancelled,True,126,126,0,0,False,False,,0,0.015,,,False,1,0.13,0,0,0.0015834,,,,,0.0961611,1989335,2e moitié,BTC 5m
btc-updown-5m-1790401800,btc,5m,1790401800,fair_value,± 1 c,down,0.89,10,140,150,cancelled,True,972.6,895.6,0,0,False,False,,0,0.025,,,False,1,0.11,0,0,0.0013706,,,,,0.0739942,1989335,2e moitié,BTC 5m
btc-updown-5m-1790401800,btc,5m,1790401800,fair_value,± 1 c,down,0.91,10,150,160,cancelled,True,410.8,142.7,0,0,False,False,,0,0.025,,,False,1,0.09,0,0,0.0011466,,,,,0.0535747,1989335,2e moitié,BTC 5m
btc-updown-5m-1790401800,btc,5m,1790401800,fair_value,± 1 c,down,0.93,10,160,170,cancelled,True,380.9,134.9,0,0,False,False,,0,0.025,,,False,1,0.07,0,0,0.0009114,,,,,0.0357338,1989335,2e moitié,BTC 5m
btc-updown-5m-1790402100,btc,5m,1790402100,signal,0.48/S+0,down,0.48,10,-30,0,cancelled,True,252.68,60.82,0,0,False,False,,0,0.495,,,True,0,-0.48,-0,-0,0.0034944,0.48,0,-4.07927e-06,,,1989335,2e moitié,BTC 5m
btc-updown-5m-1790402100,btc,5m,1790402100,signal,0.48/S+30,down,0.48,10,-30,30,filled,True,252.68,0,10,1,True,True,traversal,10,0.495,10.354,40.054,True,0,-0.48,-4.8,-0.48,0.0034944,0.48,30,-4.07927e-06,,,1989335,2e moitié,BTC 5m
btc-updown-5m-1790402100,btc,5m,1790402100,signal,0.48/S+60,down,0.48,10,-30,60,filled,True,252.68,0,10,1,True,True,traversal,10,0.495,10.354,40.054,True,0,-0.48,-4.8,-0.48,0.0034944,0.48,60,-4.07927e-06,,,1989335,2e moitié,BTC 5m
btc-updown-5m-1790402100,btc,5m,1790402100,signal,0.49/S+0,down,0.49,10,-30,0,cancelled,True,371.67,196.81,0,0,False,False,,0,0.495,,,True,0,-0.49,-0,-0,0.0034986,0.49,0,-4.07927e-06,,,1989335,2e moitié,BTC 5m
btc-updown-5m-1790402100,btc,5m,1790402100,signal,0.49/S+30,down,0.49,10,-30,30,filled,True,371.67,0,10,1,True,True,queue,160.922,0.495,10.257,39.957,True,0,-0.49,-4.9,-0.49,0.0034986,0.49,30,-4.07927e-06,,,1989335,2e moitié,BTC 5m
btc-updown-5m-1790402100,btc,5m,1790402100,signal,0.49/S+60,down,0.49,10,-30,60,filled,True,371.67,0,10,1,True,True,queue,160.922,0.495,10.257,39.957,True,0,-0.49,-4.9,-0.49,0.0034986,0.49,60,-4.07927e-06,,,1989335,2e moitié,BTC 5m
btc-updown-5m-1790402100,btc,5m,1790402100,signal,0.50/S+0,down,0.5,10,-30,0,cancelled,True,59,0,0,0,False,False,,0,0.495,,,True,0,-0.5,-0,-0,0.0035,0.5,0,-4.07927e-06,,,1989335,2e moitié,BTC 5m
btc-updown-5m-1790402100,btc,5m,1790402100,signal,0.50/S+30,down,0.5,10,-30,30,filled,True,59,0,10,1,True,True,queue,10.2154,0.495,9.947,39.647,True,0,-0.5,-5,-0.5,0.0035,0.5,30,-4.07927e-06,,,1989335,2e moitié,BTC 5m
btc-updown-5m-1790402100,btc,5m,1790402100,signal,0.50/S+60,down,0.5,10,-30,60,filled,True,59,0,10,1,True,True,queue,10.2154,0.495,9.947,39.647,True,0,-0.5,-5,-0.5,0.0035,0.5,60,-4.07927e-06,,,1989335,2e moitié,BTC 5m
btc-updown-5m-1790402100,btc,5m,1790402100,two_sided,0.49/S+0,up,0.49,10,-60,0,filled,True,185.1,0,10,1,True,True,traversal,29.3333,0.505,-24.509,35.191,True,1,0.51,5.1,0.51,0.0034986,0.49,0,,0,,1989335,2e moitié,BTC 5m
btc-updown-5m-1790402100,btc,5m,1790402100,two_sided,0.49/S+0,down,0.49,10,-60,0,cancelled,True,265.37,196.81,0,0,False,False,,23.5294,0.505,,,True,0,-0.49,-0,-0,0.0034986,0.49,0,,0,,1989335,2e moitié,BTC 5m
btc-updown-5m-1790402100,btc,5m,1790402100,two_sided,0.49/S+30,up,0.49,10,-60,30,filled,True,185.1,0,10,1,True,True,traversal,29.3333,0.505,-24.509,35.191,True,1,0.51,5.1,0.51,0.0034986,0.49,30,,30,,1989335,2e moitié,BTC 5m
btc-updown-5m-1790402100,btc,5m,1790402100,two_sided,0.49/S+30,down,0.49,10,-60,30,filled,True,265.37,0,10,1,True,True,queue,184.451,0.505,10.257,69.957,True,0,-0.49,-4.9,-0.49,0.0034986,0.49,30,,30,,1989335,2e moitié,BTC 5m
btc-updown-5m-1790402100,btc,5m,1790402100,two_sided,0.49/S+60,up,0.49,10,-60,60,filled,True,185.1,0,10,1,True,True,traversal,29.3333,0.505,-24.509,35.191,True,1,0.51,5.1,0.51,0.0034986,0.49,60,,60,,1989335,2e moitié,BTC 5m
btc-updown-5m-1790402100,btc,5m,1790402100,two_sided,0.49/S+60,down,0.49,10,-60,60,filled,True,265.37,0,10,1,True,True,queue,184.451,0.505,10.257,69.957,True,0,-0.49,-4.9,-0.49,0.0034986,0.49,60,,60,,1989335,2e moitié,BTC 5m
btc-updown-5m-1790402100,btc,5m,1790402100,fair_value,± 1 c,down,0.49,10,10,20,crossing,False,,,0,0,False,False,,0,0.515,,,True,0,-0.49,-0,-0,0.0034986,,,,,0.421486,1989335,2e moitié,BTC 5m
btc-updown-5m-1790402100,btc,5m,1790402100,fair_value,± 1 c,up,0.41,10,10,30,cancelled,True,65,25,0,0,False,False,,0,0.515,,,True,1,0.59,0,0,0.0033866,,,,,0.414137,1989335,2e moitié,BTC 5m
btc-updown-5m-1790402100,btc,5m,1790402100,fair_value,± 1 c,down,0.46,10,20,30,cancelled,True,46,23.1481,0,0,False,False,,16.8519,0.535,,,True,0,-0.46,-0,-0,0.0034776,,,,,0.414137,1989335,2e moitié,BTC 5m
btc-updown-5m-1790402100,btc,5m,1790402100,fair_value,± 1 c,up,0.4,10,30,40,cancelled,True,319.8,110.8,0,0,False,False,,0,0.525,,,True,1,0.6,0,0,0.00336,,,,,0.406175,1989335,2e moitié,BTC 5m
btc-updown-5m-1790402100,btc,5m,1790402100,fair_value,± 1 c,down,0.47,10,30,40,cancelled,True,461.49,136,0,0,False,False,,115.698,0.525,,,True,0,-0.47,-0,-0,0.0034874,,,,,0.406175,1989335,2e moitié,BTC 5m
btc-updown-5m-1790402100,btc,5m,1790402100,fair_value,± 1 c,up,0.39,10,40,50,cancelled,True,361.9,125.9,0,0,False,False,,0,0.505,,,True,1,0.61,0,0,0.0033306,,,,,0.397827,1989335,2e moitié,BTC 5m
btc-updown-5m-1790402100,btc,5m,1790402100,fair_value,± 1 c,down,0.49,10,40,50,cancelled,True,811.69,20,0,0,False,False,,57.7647,0.505,,,True,0,-0.49,-0,-0,0.0034986,,,,,0.397827,1989335,2e moitié,BTC 5m
btc-updown-5m-1790402100,btc,5m,1790402100,fair_value,± 1 c,up,0.38,10,50,60,cancelled,True,206.28,111,0,0,False,False,,0,0.485,,,True,1,0.62,0,0,0.0032984,,,,,0.38845,1989335,2e moitié,BTC 5m
btc-updown-5m-1790402100,btc,5m,1790402100,fair_value,± 1 c,down,0.53,10,50,60,crossing,False,,,0,0,False,False,,0,0.485,,,True,0,-0.53,-0,-0,0.0034874,,,,,0.38845,1989335,2e moitié,BTC 5m
btc-updown-5m-1790402100,btc,5m,1790402100,fair_value,± 1 c,up,0.37,10,60,70,cancelled,True,141.2,81.2,0,0,False,False,,0,0.575,,,True,1,0.63,0,0,0.0032634,,,,,0.610707,1989335,2e moitié,BTC 5m
btc-updown-5m-1790402100,btc,5m,1790402100,fair_value,± 1 c,down,0.42,10,60,70,filled,True,113.27,0,10,1,True,True,traversal,17.5517,0.575,64.213,3.913,True,0,-0.42,-4.2,-0.42,0.0034104,,,,,0.610707,1989335,2e moitié,BTC 5m
btc-updown-5m-1790402100,btc,5m,1790402100,fair_value,± 1 c,up,0.6,10,70,80,filled,True,70,0,10,1,True,True,queue,31.75,0.655,71.057,0.757,True,1,0.4,4,0.4,0.00336,,,,,0.621215,1989335,2e moitié,BTC 5m
btc-updown-5m-1790402100,btc,5m,1790402100,fair_value,± 1 c,down,0.34,10,70,80,cancelled,True,1587.73,30,0,0,False,False,,151.515,0.655,,,True,0,-0.34,-0,-0,0.0031416,,,,,0.621215,1989335,2e moitié,BTC 5m
btc-updown-5m-1790402100,btc,5m,1790402100,fair_value,± 1 c,down,0.36,10,80,90,cancelled,True,142,72,0,0,False,False,,0,0.615,,,True,0,-0.36,-0,-0,0.0032256,,,,,0.632114,1989335,2e moitié,BTC 5m
btc-updown-5m-1790402100,btc,5m,1790402100,fair_value,± 1 c,up,0.61,10,80,100,filled,True,282,0,10,1,True,True,queue,221.077,0.615,91.084,10.784,True,1,0.39,3.9,0.39,0.0033306,,,,,0.644407,1989335,2e moitié,BTC 5m
btc-updown-5m-1790402100,btc,5m,1790402100,fair_value,± 1 c,down,0.35,10,90,100,cancelled,True,100,5,0,0,False,False,,0,0.615,,,True,0,-0.35,-0,-0,0.003185,,,,,0.644407,1989335,2e moitié,BTC 5m
btc-updown-5m-1790402100,btc,5m,1790402100,fair_value,± 1 c,up,0.63,10,100,110,filled,True,176,0,10,1,True,True,queue,45.263,0.645,106.498,6.198,True,1,0.37,3.7,0.37,0.0032634,,,,,0.657933,1989335,2e moitié,BTC 5m
btc-updown-5m-1790402100,btc,5m,1790402100,fair_value,± 1 c,down,0.34,10,100,110,cancelled,True,251,55,0,0,False,False,,0,0.645,,,True,0,-0.34,-0,-0,0.0031416,,,,,0.657933,1989335,2e moitié,BTC 5m
btc-updown-5m-1790402100,btc,5m,1790402100,fair_value,± 1 c,down,0.33,10,110,120,cancelled,True,60,50,0,0,False,False,,0,0.585,,,True,0,-0.33,-0,-0,0.0030954,,,,,0.672846,1989335,2e moitié,BTC 5m
btc-updown-5m-1790402100,btc,5m,1790402100,fair_value,± 1 c,up,0.58,10,110,130,filled,True,15,0,10,1,True,True,queue,32.5,0.585,111.727,1.427,True,1,0.42,4.2,0.42,0.0034104,,,,,0.689755,1989335,2e moitié,BTC 5m
btc-updown-5m-1790402100,btc,5m,1790402100,fair_value,± 1 c,down,0.31,10,120,130,cancelled,True,87.2,75,0,0,False,False,,0,0.585,,,True,0,-0.31,-0,-0,0.0029946,,,,,0.689755,1989335,2e moitié,BTC 5m
btc-updown-5m-1790402100,btc,5m,1790402100,fair_value,± 1 c,up,0.62,10,130,140,filled,True,20,0,10,1,True,True,traversal,10,0.625,132.202,1.902,True,1,0.38,3.8,0.38,0.0032984,,,,,0.662265,1989335,2e moitié,BTC 5m
btc-updown-5m-1790402100,btc,5m,1790402100,fair_value,± 1 c,down,0.3,10,130,140,cancelled,True,137.4,62.4,0,0,False,False,,0,0.625,,,True,0,-0.3,-0,-0,0.00294,,,,,0.662265,1989335,2e moitié,BTC 5m
btc-updown-5m-1790402100,btc,5m,1790402100,fair_value,± 1 c,up,0.63,10,140,150,filled,True,80,0,10,1,True,True,queue,54.6749,0.635,144.845,4.545,True,1,0.37,3.7,0.37,0.0032634,,,,,0.679375,1989335,2e moitié,BTC 5m
btc-updown-5m-1790402100,btc,5m,1790402100,fair_value,± 1 c,down,0.32,10,140,150,filled,True,101.9,0,10,1,True,True,traversal,0,0.635,147.684,7.384,True,0,-0.32,-3.2,-0.32,0.0030464,,,,,0.679375,1989335,2e moitié,BTC 5m
btc-updown-5m-1790402100,btc,5m,1790402100,fair_value,± 1 c,up,0.66,10,150,160,crossing,False,,,0,0,False,False,,0,0.655,,,True,1,0.34,0,0,0.0031416,,,,,0.698092,1989335,2e moitié,BTC 5m
btc-updown-5m-1790402100,btc,5m,1790402100,fair_value,± 1 c,down,0.31,10,150,160,cancelled,True,137.2,47.2,0,0,False,False,,0,0.655,,,True,0,-0.31,-0,-0,0.0029946,,,,,0.698092,1989335,2e moitié,BTC 5m
btc-updown-5m-1790402100,btc,5m,1790402100,fair_value,± 1 c,up,0.62,10,160,170,cancelled,True,2.21,2.21,0,0,False,False,,0,0.625,,,True,1,0.38,0,0,0.0032984,,,,,0.71927,1989335,2e moitié,BTC 5m
btc-updown-5m-1790402100,btc,5m,1790402100,fair_value,± 1 c,down,0.29,10,160,170,cancelled,True,126.6,96.6,0,0,False,False,,0,0.625,,,True,0,-0.29,-0,-0,0.0028826,,,,,0.71927,1989335,2e moitié,BTC 5m
btc-updown-5m-1790402100,btc,5m,1790402100,fair_value,± 1 c,up,0.67,10,170,180,filled,True,5,0,10,1,True,True,traversal,5,0.675,171.109,0.809,True,1,0.33,3.3,0.33,0.0030954,,,,,0.307257,1989335,2e moitié,BTC 5m
btc-updown-5m-1790402100,btc,5m,1790402100,fair_value,± 1 c,down,0.27,10,170,180,cancelled,True,343.2,88.2,0,0,False,False,,0,0.675,,,True,0,-0.27,-0,-0,0.0027594,,,,,0.307257,1989335,2e moitié,BTC 5m
btc-updown-5m-1790402100,btc,5m,1790402100,fair_value,± 1 c,up,0.29,10,180,190,filled,True,25,0,10,1,True,True,traversal,25,0.295,180.347,0.0469999,True,1,0.71,7.1,0.71,0.0028826,,,,,0.137456,1989335,2e moitié,BTC 5m
btc-updown-5m-1790402100,btc,5m,1790402100,fair_value,± 1 c,down,0.62,10,180,190,cancelled,True,342.71,41,0,0,False,False,,0,0.295,,,True,0,-0.62,-0,-0,0.0032984,,,,,0.137456,1989335,2e moitié,BTC 5m
btc-updown-5m-1790402100,btc,5m,1790402100,fair_value,± 1 c,up,0.12,10,190,200,filled,True,185,0,10,1,True,True,traversal,5,0.175,192.596,2.296,True,1,0.88,8.8,0.88,0.0014784,,,,,0.0290921,1989335,2e moitié,BTC 5m
btc-updown-5m-1790402100,btc,5m,1790402100,fair_value,± 1 c,down,0.82,10,190,200,cancelled,True,82.21,0,0,0,False,False,,33.6667,0.175,,,True,0,-0.82,-0,-0,0.0020664,,,,,0.0290921,1989335,2e moitié,BTC 5m
btc-updown-5m-1790402100,btc,5m,1790402100,fair_value,± 1 c,down,0.88,10,200,210,crossing,False,,,0,0,False,False,,0,0.125,,,True,0,-0.88,-0,-0,0.0014784,,,,,0.0139021,1989335,2e moitié,BTC 5m
btc-updown-5m-1790402100,btc,5m,1790402100,fair_value,± 1 c,down,0.94,10,210,220,filled,True,133.95,0,10,1,True,True,queue,213.838,0.055,215.621,5.321,True,0,-0.94,-9.4,-0.94,0.0007896,,,,,0.287242,1989335,2e moitié,BTC 5m
btc-updown-5m-1790402100,btc,5m,1790402100,fair_value,± 1 c,up,0.27,10,220,230,cancelled,True,48.2,38.2,0,0,False,False,,0,0.545,,,True,1,0.73,0,0,0.0027594,,,,,0.537625,1989335,2e moitié,BTC 5m
btc-updown-5m-1790402100,btc,5m,1790402100,fair_value,± 1 c,down,0.45,10,220,230,filled,True,76,0,10,1,True,True,traversal,19.3882,0.545,221.717,1.417,True,0,-0.45,-4.5,-0.45,0.003465,,,,,0.537625,1989335,2e moitié,BTC 5m
btc-updown-5m-1790402100,btc,5m,1790402100,fair_value,± 1 c,up,0.52,10,230,240,cancelled,True,50.4,15,0,0,False,False,,0,0.825,,,True,1,0.48,0,0,0.0034944,,,,,0.548814,1989335,2e moitié,BTC 5m
btc-updown-5m-1790402100,btc,5m,1790402100,fair_value,± 1 c,down,0.17,10,230,240,filled,True,29.46,0,10,1,True,True,queue,246.23,0.825,232.079,1.779,True,0,-0.17,-1.7,-0.17,0.0019754,,,,,0.548814,1989335,2e moitié,BTC 5m
btc-updown-5m-1790402100,btc,5m,1790402100,fair_value,± 1 c,up,0.53,10,240,250,cancelled,True,45,0,0,0,False,False,,0,0.905,,,True,1,0.47,0,0,0.0034874,,,,,0.567906,1989335,2e moitié,BTC 5m
btc-updown-5m-1790402100,btc,5m,1790402100,fair_value,± 1 c,down,0.09,10,240,250,filled,True,151.59,0,10,1,True,True,traversal,60.3406,0.905,240.792,0.492,True,0,-0.09,-0.9,-0.09,0.0011466,,,,,0.567906,1989335,2e moitié,BTC 5m
btc-updown-5m-1790402100,btc,5m,1790402100,fair_value,± 1 c,up,0.55,10,250,260,cancelled,True,0,0,0,0,False,False,,0,0.865,,,True,1,0.45,0,0,0.003465,,,,,0.600097,1989335,2e moitié,BTC 5m
btc-updown-5m-1790402100,btc,5m,1790402100,fair_value,± 1 c,down,0.16,10,250,260,crossing,False,,,0,0,False,False,,0,0.865,,,True,0,-0.16,-0,-0,0.0018816,,,,,0.600097,1989335,2e moitié,BTC 5m
btc-updown-5m-1790402100,btc,5m,1790402100,fair_value,± 1 c,up,0.59,10,260,270,cancelled,True,0,0,0,0,False,False,,0,0.805,,,True,1,0.41,0,0,0.0033866,,,,,0.661681,1989335,2e moitié,BTC 5m
btc-updown-5m-1790402100,btc,5m,1790402100,fair_value,± 1 c,down,0.35,10,260,270,crossing,False,,,0,0,False,False,,0,0.805,,,True,0,-0.35,-0,-0,0.003185,,,,,0.661681,1989335,2e moitié,BTC 5m
btc-updown-5m-1790402100,btc,5m,1790402100,fair_value,± 1 c,up,0.65,10,270,280,cancelled,True,5,0,0,0,False,False,,0,0.935,,,True,1,0.35,0,0,0.003185,,,,,0.790197,1989335,2e moitié,BTC 5m
btc-updown-5m-1790402100,btc,5m,1790402100,fair_value,± 1 c,down,0.06,10,270,280,filled,True,45.59,0,10,1,True,True,queue,44.9745,0.935,270.457,0.157,True,0,-0.06,-0.6,-0.06,0.0007896,,,,,0.790197,1989335,2e moitié,BTC 5m
btc-updown-5m-1790402100,btc,5m,1790402100,fair_value,± 1 c,up,0.78,10,280,290,cancelled,True,5,0,0,0,False,False,,0,0.975,,,True,1,0.22,0,0,0.0024024,,,,,,1989335,2e moitié,BTC 5m
btc-updown-5m-1790402400,btc,5m,1790402400,signal,0.48/S+0,up,0.48,10,-30,0,cancelled,True,158.14,135.68,0,0,False,False,,0,0.495,,,False,0,-0.48,-0,-0,0.0034944,0.48,0,7.9441e-08,,,1989336,2e moitié,BTC 5m
btc-updown-5m-1790402400,btc,5m,1790402400,signal,0.48/S+30,up,0.48,10,-30,30,filled,True,158.14,0,10,1,True,True,queue,52.8355,0.495,6.187,35.887,False,0,-0.48,-4.8,-0.48,0.0034944,0.48,30,7.9441e-08,,,1989336,2e moitié,BTC 5m
btc-updown-5m-1790402400,btc,5m,1790402400,signal,0.48/S+60,up,0.48,10,-30,60,filled,True,158.14,0,10,1,True,True,queue,52.8355,0.495,6.187,35.887,False,0,-0.48,-4.8,-0.48,0.0034944,0.48,60,7.9441e-08,,,1989336,2e moitié,BTC 5m
btc-updown-5m-1790402400,btc,5m,1790402400,signal,0.49/S+0,up,0.49,10,-30,0,cancelled,True,75.14,55.14,0,0,False,False,,20,0.495,,,False,0,-0.49,-0,-0,0.0034986,0.49,0,7.9441e-08,,,1989336,2e moitié,BTC 5m
btc-updown-5m-1790402400,btc,5m,1790402400,signal,0.49/S+30,up,0.49,10,-30,30,filled,True,75.14,0,10,1,True,True,traversal,25,0.495,6.187,35.887,False,0,-0.49,-4.9,-0.49,0.0034986,0.49,30,7.9441e-08,,,1989336,2e moitié,BTC 5m
btc-updown-5m-1790402400,btc,5m,1790402400,signal,0.49/S+60,up,0.49,10,-30,60,filled,True,75.14,0,10,1,True,True,traversal,25,0.495,6.187,35.887,False,0,-0.49,-4.9,-0.49,0.0034986,0.49,60,7.9441e-08,,,1989336,2e moitié,BTC 5m
btc-updown-5m-1790402400,btc,5m,1790402400,signal,0.50/S+0,up,0.5,10,-30,0,crossing,False,,,0,0,False,False,,0,0.495,,,False,0,-0.5,-0,-0,0.0035,0.5,0,7.9441e-08,,,1989336,2e moitié,BTC 5m
btc-updown-5m-1790402400,btc,5m,1790402400,signal,0.50/S+30,up,0.5,10,-30,30,crossing,False,,,0,0,False,False,,0,0.495,,,False,0,-0.5,-0,-0,0.0035,0.5,30,7.9441e-08,,,1989336,2e moitié,BTC 5m
btc-updown-5m-1790402400,btc,5m,1790402400,signal,0.50/S+60,up,0.5,10,-30,60,crossing,False,,,0,0,False,False,,0,0.495,,,False,0,-0.5,-0,-0,0.0035,0.5,60,7.9441e-08,,,1989336,2e moitié,BTC 5m
btc-updown-5m-1790402400,btc,5m,1790402400,two_sided,0.49/S+0,up,0.49,10,-60,0,partial,True,135.1,0,4.84314,0.484314,True,False,queue,129.059,0.495,-25.571,34.129,False,0,-0.49,-2.37314,-0.237314,0.0034986,0.49,0,,0,,1989336,2e moitié,BTC 5m
btc-updown-5m-1790402400,btc,5m,1790402400,two_sided,0.49/S+0,down,0.49,10,-60,0,filled,True,125.1,0,10,1,True,True,traversal,1.96079,0.495,-21.855,37.845,False,1,0.51,5.1,0.51,0.0034986,0.49,0,,0,,1989336,2e moitié,BTC 5m
btc-updown-5m-1790402400,btc,5m,1790402400,two_sided,0.49/S+30,up,0.49,10,-60,30,filled,True,135.1,0,10,1,True,True,traversal,134.059,0.495,-25.571,34.129,False,0,-0.49,-4.9,-0.49,0.0034986,0.49,30,,30,,1989336,2e moitié,BTC 5m
btc-updown-5m-1790402400,btc,5m,1790402400,two_sided,0.49/S+30,down,0.49,10,-60,30,filled,True,125.1,0,10,1,True,True,traversal,1.96079,0.495,-21.855,37.845,False,1,0.51,5.1,0.51,0.0034986,0.49,30,,30,,1989336,2e moitié,BTC 5m
btc-updown-5m-1790402400,btc,5m,1790402400,two_sided,0.49/S+60,up,0.49,10,-60,60,filled,True,135.1,0,10,1,True,True,traversal,134.059,0.495,-25.571,34.129,False,0,-0.49,-4.9,-0.49,0.0034986,0.49,60,,60,,1989336,2e moitié,BTC 5m
btc-updown-5m-1790402400,btc,5m,1790402400,two_sided,0.49/S+60,down,0.49,10,-60,60,filled,True,125.1,0,10,1,True,True,traversal,1.96079,0.495,-21.855,37.845,False,1,0.51,5.1,0.51,0.0034986,0.49,60,,60,,1989336,2e moitié,BTC 5m
btc-updown-5m-1790402400,btc,5m,1790402400,fair_value,± 1 c,up,0.46,10,10,20,cancelled,True,70,56.5926,0,0,False,False,,13.4074,0.465,,,False,0,-0.46,-0,-0,0.0034776,,,,,0.500189,1989336,2e moitié,BTC 5m
btc-updown-5m-1790402400,btc,5m,1790402400,fair_value,± 1 c,down,0.49,10,10,20,filled,True,120,0,10,1,True,True,queue,583.462,0.465,15.822,5.522,False,1,0.51,5.1,0.51,0.0034986,,,,,0.500189,1989336,2e moitié,BTC 5m
btc-updown-5m-1790402400,btc,5m,1790402400,fair_value,± 1 c,down,0.44,10,20,30,crossing,False,,,0,0,False,False,,0,0.565,,,False,1,0.56,0,0,0.0034496,,,,,0.500207,1989336,2e moitié,BTC 5m
btc-updown-5m-1790402400,btc,5m,1790402400,fair_value,± 1 c,up,0.49,10,20,40,cancelled,True,446.46,35,0,0,False,False,,0,0.565,,,False,0,-0.49,-0,-0,0.0034986,,,,,0.648697,1989336,2e moitié,BTC 5m
btc-updown-5m-1790402400,btc,5m,1790402400,fair_value,± 1 c,down,0.41,10,30,40,filled,True,363.6,0,10,1,True,True,traversal,211.39,0.585,34.94,4.64,False,1,0.59,5.9,0.59,0.0033866,,,,,0.648697,1989336,2e moitié,BTC 5m
btc-updown-5m-1790402400,btc,5m,1790402400,fair_value,± 1 c,up,0.63,10,40,50,filled,True,50,0,10,1,True,True,queue,24.5027,0.675,47.273,6.973,False,0,-0.63,-6.3,-0.63,0.0032634,,,,,0.661677,1989336,2e moitié,BTC 5m
btc-updown-5m-1790402400,btc,5m,1790402400,fair_value,± 1 c,down,0.33,10,40,50,crossing,False,,,0,0,False,False,,0,0.675,,,False,1,0.67,0,0,0.0030954,,,,,0.661677,1989336,2e moitié,BTC 5m
btc-updown-5m-1790402400,btc,5m,1790402400,fair_value,± 1 c,up,0.65,10,50,60,cancelled,True,92,42,0,0,False,False,,0,0.675,,,False,0,-0.65,-0,-0,0.003185,,,,,0.675917,1989336,2e moitié,BTC 5m
btc-updown-5m-1790402400,btc,5m,1790402400,fair_value,± 1 c,down,0.32,10,50,60,filled,True,16.9,0,10,1,True,True,traversal,7.35294,0.675,54.53,4.23,False,1,0.68,6.8,0.68,0.0030464,,,,,0.675917,1989336,2e moitié,BTC 5m
btc-updown-5m-1790402400,btc,5m,1790402400,fair_value,± 1 c,up,0.66,10,60,70,cancelled,True,92,37,0,0,False,False,,0,0.685,,,False,0,-0.66,-0,-0,0.0031416,,,,,0.691261,1989336,2e moitié,BTC 5m
btc-updown-5m-1790402400,btc,5m,1790402400,fair_value,± 1 c,down,0.31,10,60,70,filled,True,159.2,0,10,1,True,True,traversal,24.4928,0.685,64.607,4.307,False,1,0.69,6.9,0.69,0.0029946,,,,,0.691261,1989336,2e moitié,BTC 5m
btc-updown-5m-1790402400,btc,5m,1790402400,fair_value,± 1 c,up,0.68,10,70,80,cancelled,True,164.03,46,0,0,False,False,,10,0.685,,,False,0,-0.68,-0,-0,0.0030464,,,,,0.708099,1989336,2e moitié,BTC 5m
btc-updown-5m-1790402400,btc,5m,1790402400,fair_value,± 1 c,down,0.29,10,70,80,filled,True,153.6,0,10,1,True,True,traversal,0,0.685,71.689,1.389,False,1,0.71,7.1,0.71,0.0028826,,,,,0.708099,1989336,2e moitié,BTC 5m
btc-updown-5m-1790402400,btc,5m,1790402400,fair_value,± 1 c,up,0.69,10,80,90,cancelled,True,78,25,0,0,False,False,,0,0.775,,,False,0,-0.69,-0,-0,0.0029946,,,,,0.725554,1989336,2e moitié,BTC 5m
btc-updown-5m-1790402400,btc,5m,1790402400,fair_value,± 1 c,down,0.22,10,80,90,filled,True,334.72,0,10,1,True,True,traversal,12.9487,0.775,82.681,2.381,False,1,0.78,7.8,0.78,0.0024024,,,,,0.725554,1989336,2e moitié,BTC 5m
btc-updown-5m-1790402400,btc,5m,1790402400,fair_value,± 1 c,up,0.71,10,90,100,crossing,False,,,0,0,False,False,,0,0.695,,,False,0,-0.71,-0,-0,0.0028826,,,,,0.744631,1989336,2e moitié,BTC 5m
btc-updown-5m-1790402400,btc,5m,1790402400,fair_value,± 1 c,down,0.26,10,90,100,cancelled,True,42,5,0,0,False,False,,0,0.695,,,False,1,0.74,0,0,0.0026936,,,,,0.744631,1989336,2e moitié,BTC 5m
btc-updown-5m-1790402400,btc,5m,1790402400,fair_value,± 1 c,down,0.24,10,100,110,cancelled,True,438.69,325,0,0,False,False,,0,0.645,,,False,1,0.76,0,0,0.0025536,,,,,0.765049,1989336,2e moitié,BTC 5m
btc-updown-5m-1790402400,btc,5m,1790402400,fair_value,± 1 c,up,0.64,10,100,120,filled,True,434.91,0,10,1,True,True,traversal,39.8889,0.645,110.541,10.241,False,0,-0.64,-6.4,-0.64,0.0032256,,,,,0.786806,1989336,2e moitié,BTC 5m
btc-updown-5m-1790402400,btc,5m,1790402400,fair_value,± 1 c,down,0.22,10,110,120,cancelled,True,55,0,0,0,False,False,,0,0.645,,,False,1,0.78,0,0,0.0024024,,,,,0.786806,1989336,2e moitié,BTC 5m
btc-updown-5m-1790402400,btc,5m,1790402400,fair_value,± 1 c,up,0.54,10,120,130,filled,True,299.83,0,10,1,True,True,traversal,0,0.545,120.479,0.179,False,0,-0.54,-5.4,-0.54,0.0034776,,,,,0.233066,1989336,2e moitié,BTC 5m
btc-updown-5m-1790402400,btc,5m,1790402400,fair_value,± 1 c,down,0.2,10,120,130,cancelled,True,252.2,59.7,0,0,False,False,,0,0.545,,,False,1,0.8,0,0,0.00224,,,,,0.233066,1989336,2e moitié,BTC 5m
btc-updown-5m-1790402400,btc,5m,1790402400,fair_value,± 1 c,up,0.17,10,130,140,filled,True,148.69,0,10,1,True,True,traversal,0,0.175,130.641,0.341,False,0,-0.17,-1.7,-0.17,0.0019754,,,,,0.210347,1989336,2e moitié,BTC 5m
btc-updown-5m-1790402400,btc,5m,1790402400,fair_value,± 1 c,down,0.75,10,130,140,cancelled,True,320,40,0,0,False,False,,0,0.175,,,False,1,0.25,0,0,0.002625,,,,,0.210347,1989336,2e moitié,BTC 5m
btc-updown-5m-1790402400,btc,5m,1790402400,fair_value,± 1 c,up,0.11,10,140,150,filled,True,551.66,0,10,1,True,True,queue,251.58,0.115,144.186,3.886,False,0,-0.11,-1.1,-0.11,0.0013706,,,,,0.108457,1989336,2e moitié,BTC 5m
btc-updown-5m-1790402400,btc,5m,1790402400,fair_value,± 1 c,down,0.77,10,140,150,cancelled,True,233,218,0,0,False,False,,0,0.115,,,False,1,0.23,0,0,0.0024794,,,,,0.108457,1989336,2e moitié,BTC 5m
btc-updown-5m-1790402400,btc,5m,1790402400,fair_value,± 1 c,up,0.09,10,150,160,filled,True,115,0,10,1,True,True,queue,110.47,0.115,153.367,3.067,False,0,-0.09,-0.9,-0.09,0.0011466,,,,,0.0477546,1989336,2e moitié,BTC 5m
btc-updown-5m-1790402400,btc,5m,1790402400,fair_value,± 1 c,down,0.88,10,150,160,cancelled,True,624.79,0,0,0,False,False,,445.567,0.115,,,False,1,0.12,0,0,0.0014784,,,,,0.0477546,1989336,2e moitié,BTC 5m
btc-updown-5m-1790402400,btc,5m,1790402400,fair_value,± 1 c,down,0.94,10,160,170,filled,True,915.73,0,10,1,True,True,traversal,99.6667,0.045,163.165,2.865,False,1,0.06,0.6,0.06,0.0007896,,,,,0.0225166,1989336,2e moitié,BTC 5m
btc-updown-5m-1790402700,btc,5m,1790402700,signal,0.48/S+0,down,0.48,10,-30,0,expired,True,202.27,195.27,0,0,False,False,,0,0.505,,,True,0,-0.48,-0,-0,0.0034944,0.48,0,-6.75421e-08,,,1989336,2e moitié,BTC 5m
btc-updown-5m-1790402700,btc,5m,1790402700,signal,0.48/S+30,down,0.48,10,-30,30,expired,True,202.27,195.27,0,0,False,False,,0,0.505,,,True,0,-0.48,-0,-0,0.0034944,0.48,30,-6.75421e-08,,,1989336,2e moitié,BTC 5m
btc-updown-5m-1790402700,btc,5m,1790402700,signal,0.48/S+60,down,0.48,10,-30,60,expired,True,202.27,195.27,0,0,False,False,,0,0.505,,,True,0,-0.48,-0,-0,0.0034944,0.48,60,-6.75421e-08,,,1989336,2e moitié,BTC 5m
btc-updown-5m-1790402700,btc,5m,1790402700,signal,0.49/S+0,down,0.49,10,-30,0,expired,True,615.86,139.54,0,0,False,False,,46.5341,0.505,,,True,0,-0.49,-0,-0,0.0034986,0.49,0,-6.75421e-08,,,1989336,2e moitié,BTC 5m
btc-updown-5m-1790402700,btc,5m,1790402700,signal,0.49/S+30,down,0.49,10,-30,30,expired,True,615.86,139.54,0,0,False,False,,46.5341,0.505,,,True,0,-0.49,-0,-0,0.0034986,0.49,30,-6.75421e-08,,,1989336,2e moitié,BTC 5m
btc-updown-5m-1790402700,btc,5m,1790402700,signal,0.49/S+60,down,0.49,10,-30,60,expired,True,615.86,139.54,0,0,False,False,,46.5341,0.505,,,True,0,-0.49,-0,-0,0.0034986,0.49,60,-6.75421e-08,,,1989336,2e moitié,BTC 5m
btc-updown-5m-1790402700,btc,5m,1790402700,signal,0.50/S+0,down,0.5,10,-30,0,crossing,False,,,0,0,False,False,,0,0.505,,,True,0,-0.5,-0,-0,0.0035,0.5,0,-6.75421e-08,,,1989336,2e moitié,BTC 5m
btc-updown-5m-1790402700,btc,5m,1790402700,signal,0.50/S+30,down,0.5,10,-30,30,crossing,False,,,0,0,False,False,,0,0.505,,,True,0,-0.5,-0,-0,0.0035,0.5,30,-6.75421e-08,,,1989336,2e moitié,BTC 5m
btc-updown-5m-1790402700,btc,5m,1790402700,signal,0.50/S+60,down,0.5,10,-30,60,crossing,False,,,0,0,False,False,,0,0.505,,,True,0,-0.5,-0,-0,0.0035,0.5,60,-6.75421e-08,,,1989336,2e moitié,BTC 5m
btc-updown-5m-1790402700,btc,5m,1790402700,two_sided,0.49/S+0,up,0.49,10,-60,0,filled,True,155.1,0,10,1,True,True,traversal,11,0.515,-15.701,43.999,True,1,0.51,5.1,0.51,0.0034986,0.49,0,,0,,1989336,2e moitié,BTC 5m
btc-updown-5m-1790402700,btc,5m,1790402700,two_sided,0.49/S+0,down,0.49,10,-60,0,crossing,False,,,0,0,False,False,,0,0.515,,,True,0,-0.49,-0,-0,0.0034986,0.49,0,,0,,1989336,2e moitié,BTC 5m
btc-updown-5m-1790402700,btc,5m,1790402700,two_sided,0.49/S+30,up,0.49,10,-60,30,filled,True,155.1,0,10,1,True,True,traversal,11,0.515,-15.701,43.999,True,1,0.51,5.1,0.51,0.0034986,0.49,30,,30,,1989336,2e moitié,BTC 5m
btc-updown-5m-1790402700,btc,5m,1790402700,two_sided,0.49/S+30,down,0.49,10,-60,30,crossing,False,,,0,0,False,False,,0,0.515,,,True,0,-0.49,-0,-0,0.0034986,0.49,30,,30,,1989336,2e moitié,BTC 5m
btc-updown-5m-1790402700,btc,5m,1790402700,two_sided,0.49/S+60,up,0.49,10,-60,60,filled,True,155.1,0,10,1,True,True,traversal,11,0.515,-15.701,43.999,True,1,0.51,5.1,0.51,0.0034986,0.49,60,,60,,1989336,2e moitié,BTC 5m
btc-updown-5m-1790402700,btc,5m,1790402700,two_sided,0.49/S+60,down,0.49,10,-60,60,crossing,False,,,0,0,False,False,,0,0.515,,,True,0,-0.49,-0,-0,0.0034986,0.49,60,,60,,1989336,2e moitié,BTC 5m
btc-updown-5m-1790402700,btc,5m,1790402700,fair_value,± 1 c,down,0.3,10,10,20,no_book,False,,,0,0,False,False,,0,,,,True,0,-0.3,-0,-0,0.00294,,,,,0.703469,1989336,2e moitié,BTC 5m
btc-updown-5m-1790402700,btc,5m,1790402700,fair_value,± 1 c,down,0.28,10,20,30,no_book,False,,,0,0,False,False,,0,,,,True,0,-0.28,-0,-0,0.0028224,,,,,0.72079,1989336,2e moitié,BTC 5m
btc-updown-5m-1790402700,btc,5m,1790402700,fair_value,± 1 c,down,0.26,10,30,40,no_book,False,,,0,0,False,False,,0,,,,True,0,-0.26,-0,-0,0.0026936,,,,,0.739127,1989336,2e moitié,BTC 5m
btc-updown-5m-1790402700,btc,5m,1790402700,fair_value,± 1 c,down,0.25,10,40,50,no_book,False,,,0,0,False,False,,0,,,,True,0,-0.25,-0,-0,0.002625,,,,,0.758264,1989336,2e moitié,BTC 5m
btc-updown-5m-1790402700,btc,5m,1790402700,fair_value,± 1 c,down,0.23,10,50,60,no_book,False,,,0,0,False,False,,0,,,,True,0,-0.23,-0,-0,0.0024794,,,,,0.778451,1989336,2e moitié,BTC 5m
btc-updown-5m-1790402700,btc,5m,1790402700,fair_value,± 1 c,down,0.21,10,60,70,no_book,False,,,0,0,False,False,,0,,,,True,0,-0.21,-0,-0,0.0023226,,,,,0.79931,1989336,2e moitié,BTC 5m
btc-updown-5m-1790402700,btc,5m,1790402700,fair_value,± 1 c,down,0.19,10,70,80,no_book,False,,,0,0,False,False,,0,,,,True,0,-0.19,-0,-0,0.0021546,,,,,0.821023,1989336,2e moitié,BTC 5m
btc-updown-5m-1790402700,btc,5m,1790402700,fair_value,± 1 c,down,0.16,10,80,90,no_book,False,,,0,0,False,False,,0,,,,True,0,-0.16,-0,-0,0.0018816,,,,,0.843158,1989336,2e moitié,BTC 5m
btc-updown-5m-1790402700,btc,5m,1790402700,fair_value,± 1 c,down,0.14,10,90,100,no_book,False,,,0,0,False,False,,0,,,,True,0,-0.14,-0,-0,0.0016856,,,,,0.865441,1989336,2e moitié,BTC 5m
btc-updown-5m-1790402700,btc,5m,1790402700,fair_value,± 1 c,down,0.12,10,100,110,no_book,False,,,0,0,False,False,,0,,,,True,0,-0.12,-0,-0,0.0014784,,,,,0.887671,1989336,2e moitié,BTC 5m
btc-updown-5m-1790402700,btc,5m,1790402700,fair_value,± 1 c,down,0.1,10,110,120,no_book,False,,,0,0,False,False,,0,,,,True,0,-0.1,-0,-0,0.00126,,,,,0.909304,1989336,2e moitié,BTC 5m
btc-updown-5m-1790402700,btc,5m,1790402700,fair_value,± 1 c,down,0.08,10,120,130,no_book,False,,,0,0,False,False,,0,,,,True,0,-0.08,-0,-0,0.0010304,,,,,0.929783,1989336,2e moitié,BTC 5m
btc-updown-5m-1790402700,btc,5m,1790402700,fair_value,± 1 c,down,0.06,10,130,140,no_book,False,,,0,0,False,False,,0,,,,True,0,-0.06,-0,-0,0.0007896,,,,,0.94848,1989336,2e moitié,BTC 5m
btc-updown-5m-1790402700,btc,5m,1790402700,fair_value,± 1 c,down,0.28,10,190,200,no_book,False,,,0,0,False,False,,0,,,,True,0,-0.28,-0,-0,0.0028224,,,,,0.728947,1989336,2e moitié,BTC 5m
btc-updown-5m-1790402700,btc,5m,1790402700,fair_value,± 1 c,down,0.26,10,200,210,no_book,False,,,0,0,False,False,,0,,,,True,0,-0.26,-0,-0,0.0026936,,,,,0.760654,1989336,2e moitié,BTC 5m
btc-updown-5m-1790402700,btc,5m,1790402700,fair_value,± 1 c,down,0.22,10,210,220,no_book,False,,,0,0,False,False,,0,,,,True,0,-0.22,-0,-0,0.0024024,,,,,0.79956,1989336,2e moitié,BTC 5m
btc-updown-5m-1790402700,btc,5m,1790402700,fair_value,± 1 c,down,0.19,10,220,230,no_book,False,,,0,0,False,False,,0,,,,True,0,-0.19,-0,-0,0.0021546,,,,,0.848189,1989336,2e moitié,BTC 5m
btc-updown-5m-1790402700,btc,5m,1790402700,fair_value,± 1 c,down,0.14,10,230,240,no_book,False,,,0,0,False,False,,0,,,,True,0,-0.14,-0,-0,0.0016856,,,,,0.909502,1989336,2e moitié,BTC 5m
btc-updown-5m-1790402700,btc,5m,1790402700,fair_value,± 1 c,down,0.08,10,240,250,no_book,False,,,0,0,False,False,,0,,,,True,0,-0.08,-0,-0,0.0010304,,,,,0.968705,1989336,2e moitié,BTC 5m
btc-updown-5m-1790402700,btc,5m,1790402700,fair_value,± 1 c,up,0.48,10,10,290,no_book,False,,,0,0,False,False,,0,,,,True,1,0.52,0,0,0.0034944,,,,,,1989336,2e moitié,BTC 5m
btc-updown-5m-1790417100,btc,5m,1790417100,signal,0.48/S+0,up,0.48,10,-30,0,cancelled,True,97,40,0,0,False,False,,0,0.575,,,True,1,0.52,0,0,0.0034944,0.48,0,0.000106179,,,1989352,2e moitié,BTC 5m
btc-updown-5m-1790417100,btc,5m,1790417100,signal,0.48/S+30,up,0.48,10,-30,30,cancelled,True,97,30,0,0,False,False,,0,0.575,,,True,1,0.52,0,0,0.0034944,0.48,30,0.000106179,,,1989352,2e moitié,BTC 5m
btc-updown-5m-1790417100,btc,5m,1790417100,signal,0.48/S+60,up,0.48,10,-30,60,cancelled,True,97,30,0,0,False,False,,0,0.575,,,True,1,0.52,0,0,0.0034944,0.48,60,0.000106179,,,1989352,2e moitié,BTC 5m
btc-updown-5m-1790417100,btc,5m,1790417100,signal,0.49/S+0,up,0.49,10,-30,0,cancelled,True,95.1,45.1,0,0,False,False,,0,0.575,,,True,1,0.51,0,0,0.0034986,0.49,0,0.000106179,,,1989352,2e moitié,BTC 5m
btc-updown-5m-1790417100,btc,5m,1790417100,signal,0.49/S+30,up,0.49,10,-30,30,cancelled,True,95.1,40,0,0,False,False,,0,0.575,,,True,1,0.51,0,0,0.0034986,0.49,30,0.000106179,,,1989352,2e moitié,BTC 5m
btc-updown-5m-1790417100,btc,5m,1790417100,signal,0.49/S+60,up,0.49,10,-30,60,cancelled,True,95.1,40,0,0,False,False,,0,0.575,,,True,1,0.51,0,0,0.0034986,0.49,60,0.000106179,,,1989352,2e moitié,BTC 5m
btc-updown-5m-1790417100,btc,5m,1790417100,signal,0.50/S+0,up,0.5,10,-30,0,cancelled,True,300.91,250.91,0,0,False,False,,0,0.575,,,True,1,0.5,0,0,0.0035,0.5,0,0.000106179,,,1989352,2e moitié,BTC 5m
btc-updown-5m-1790417100,btc,5m,1790417100,signal,0.50/S+30,up,0.5,10,-30,30,cancelled,True,300.91,250.91,0,0,False,False,,0,0.575,,,True,1,0.5,0,0,0.0035,0.5,30,0.000106179,,,1989352,2e moitié,BTC 5m
btc-updown-5m-1790417100,btc,5m,1790417100,signal,0.50/S+60,up,0.5,10,-30,60,cancelled,True,300.91,250.91,0,0,False,False,,0,0.575,,,True,1,0.5,0,0,0.0035,0.5,60,0.000106179,,,1989352,2e moitié,BTC 5m
btc-updown-5m-1790417100,btc,5m,1790417100,two_sided,0.49/S+0,up,0.49,10,-60,0,cancelled,True,155.1,45.1,0,0,False,False,,0,0.565,,,True,1,0.51,0,0,0.0034986,0.49,0,,0,,1989352,2e moitié,BTC 5m
btc-updown-5m-1790417100,btc,5m,1790417100,two_sided,0.49/S+0,down,0.49,10,-60,0,crossing,False,,,0,0,False,False,,0,0.565,,,True,0,-0.49,-0,-0,0.0034986,0.49,0,,0,,1989352,2e moitié,BTC 5m
btc-updown-5m-1790417100,btc,5m,1790417100,two_sided,0.49/S+30,up,0.49,10,-60,30,cancelled,True,155.1,40,0,0,False,False,,0,0.565,,,True,1,0.51,0,0,0.0034986,0.49,30,,30,,1989352,2e moitié,BTC 5m
btc-updown-5m-1790417100,btc,5m,1790417100,two_sided,0.49/S+30,down,0.49,10,-60,30,crossing,False,,,0,0,False,False,,0,0.565,,,True,0,-0.49,-0,-0,0.0034986,0.49,30,,30,,1989352,2e moitié,BTC 5m
btc-updown-5m-1790417100,btc,5m,1790417100,two_sided,0.49/S+60,up,0.49,10,-60,60,cancelled,True,155.1,40,0,0,False,False,,0,0.565,,,True,1,0.51,0,0,0.0034986,0.49,60,,60,,1989352,2e moitié,BTC 5m
btc-updown-5m-1790417100,btc,5m,1790417100,two_sided,0.49/S+60,down,0.49,10,-60,60,crossing,False,,,0,0,False,False,,0,0.565,,,True,0,-0.49,-0,-0,0.0034986,0.49,60,,60,,1989352,2e moitié,BTC 5m
btc-updown-5m-1790417100,btc,5m,1790417100,fair_value,± 1 c,up,0.57,10,10,20,cancelled,True,572.96,75,0,0,False,False,,0,0.665,,,True,1,0.43,0,0,0.0034314,,,,,0.596448,1989352,2e moitié,BTC 5m
btc-updown-5m-1790417100,btc,5m,1790417100,fair_value,± 1 c,down,0.33,10,10,20,cancelled,True,369.82,63.5522,0,0,False,False,,17.4478,0.665,,,True,0,-0.33,-0,-0,0.0030954,,,,,0.596448,1989352,2e moitié,BTC 5m
btc-updown-5m-1790417100,btc,5m,1790417100,fair_value,± 1 c,up,0.58,10,20,30,filled,True,132,0,10,1,True,True,traversal,5,0.595,28.727,8.427,True,1,0.42,4.2,0.42,0.0034104,,,,,0.605251,1989352,2e moitié,BTC 5m
btc-updown-5m-1790417100,btc,5m,1790417100,fair_value,± 1 c,down,0.39,10,20,30,cancelled,True,240,46,0,0,False,False,,0,0.595,,,True,0,-0.39,-0,-0,0.0033306,,,,,0.605251,1989352,2e moitié,BTC 5m
btc-updown-5m-1790417100,btc,5m,1790417100,fair_value,± 1 c,up,0.59,10,30,40,cancelled,True,485.1,303.12,0,0,False,False,,18.97,0.595,,,True,1,0.41,0,0,0.0033866,,,,,0.615089,1989352,2e moitié,BTC 5m
btc-updown-5m-1790417100,btc,5m,1790417100,fair_value,± 1 c,down,0.38,10,30,40,cancelled,True,35,10.3871,0,0,False,False,,4.6129,0.595,,,True,0,-0.38,-0,-0,0.0032984,,,,,0.615089,1989352,2e moitié,BTC 5m
btc-updown-5m-1790417100,btc,5m,1790417100,fair_value,± 1 c,up,0.6,10,40,50,filled,True,387.5,0,10,1,True,True,queue,200,0.615,43.992,3.692,True,1,0.4,4,0.4,0.00336,,,,,0.727405,1989352,2e moitié,BTC 5m
btc-updown-5m-1790417100,btc,5m,1790417100,fair_value,± 1 c,down,0.37,10,40,50,filled,True,320,0,10,1,True,True,traversal,0,0.615,47.185,6.885,True,0,-0.37,-3.7,-0.37,0.0032634,,,,,0.727405,1989352,2e moitié,BTC 5m
btc-updown-5m-1790417100,btc,5m,1790417100,fair_value,± 1 c,up,0.69,10,50,60,crossing,False,,,0,0,False,False,,0,0.685,,,True,1,0.31,0,0,0.0029946,,,,,0.745999,1989352,2e moitié,BTC 5m
btc-updown-5m-1790417100,btc,5m,1790417100,fair_value,± 1 c,down,0.26,10,50,60,cancelled,True,363,6,0,0,False,False,,0,0.685,,,True,0,-0.26,-0,-0,0.0026936,,,,,0.745999,1989352,2e moitié,BTC 5m
btc-updown-5m-1790417100,btc,5m,1790417100,fair_value,± 1 c,up,0.73,10,60,70,cancelled,True,590.97,101,0,0,False,False,,3.7037,0.735,,,True,1,0.27,0,0,0.0027594,,,,,0.856908,1989352,2e moitié,BTC 5m
btc-updown-5m-1790417100,btc,5m,1790417100,fair_value,± 1 c,down,0.24,10,60,70,filled,True,184,0,10,1,True,True,traversal,0,0.735,61.125,0.825,True,0,-0.24,-2.4,-0.24,0.0025536,,,,,0.856908,1989352,2e moitié,BTC 5m
btc-updown-5m-1790417100,btc,5m,1790417100,fair_value,± 1 c,down,0.13,10,70,80,cancelled,True,382,352,0,0,False,False,,0,0.825,,,True,0,-0.13,-0,-0,0.0015834,,,,,0.878684,1989352,2e moitié,BTC 5m
btc-updown-5m-1790417100,btc,5m,1790417100,fair_value,± 1 c,up,0.82,10,70,90,filled,True,345.18,0,10,1,True,True,traversal,105.778,0.825,82.149,11.849,True,1,0.18,1.8,0.18,0.0020664,,,,,0.899742,1989352,2e moitié,BTC 5m
btc-updown-5m-1790417100,btc,5m,1790417100,fair_value,± 1 c,down,0.11,10,80,90,cancelled,True,623.6,363.6,0,0,False,False,,0,0.825,,,True,0,-0.11,-0,-0,0.0013706,,,,,0.899742,1989352,2e moitié,BTC 5m
btc-updown-5m-1790417100,btc,5m,1790417100,fair_value,± 1 c,up,0.78,10,90,100,cancelled,True,746.45,600,0,0,False,False,,0,0.785,,,True,1,0.22,0,0,0.0024024,,,,,0.919918,1989352,2e moitié,BTC 5m
btc-updown-5m-1790417100,btc,5m,1790417100,fair_value,± 1 c,down,0.09,10,90,100,cancelled,True,398.7,372.7,0,0,False,False,,0,0.785,,,True,0,-0.09,-0,-0,0.0011466,,,,,0.919918,1989352,2e moitié,BTC 5m
btc-updown-5m-1790417100,btc,5m,1790417100,fair_value,± 1 c,up,0.79,10,100,110,cancelled,True,398.24,82,0,0,False,False,,9.52381,0.795,,,True,1,0.21,0,0,0.0023226,,,,,0.938612,1989352,2e moitié,BTC 5m
btc-updown-5m-1790417100,btc,5m,1790417100,fair_value,± 1 c,down,0.07,10,100,110,cancelled,True,928.91,927.91,0,0,False,False,,0,0.795,,,True,0,-0.07,-0,-0,0.0009114,,,,,0.938612,1989352,2e moitié,BTC 5m
btc-updown-5m-1790417100,btc,5m,1790417100,fair_value,± 1 c,down,0.05,10,110,120,cancelled,True,1310.71,1099.71,0,0,False,False,,0,0.825,,,True,0,-0.05,-0,-0,0.000665,,,,,0.955302,1989352,2e moitié,BTC 5m
btc-updown-5m-1790417100,btc,5m,1790417100,fair_value,± 1 c,up,0.82,10,110,140,filled,True,227.6,0,10,1,True,True,queue,1315.26,0.825,120.004,9.704,True,1,0.18,1.8,0.18,0.0020664,,,,,0.980907,1989352,2e moitié,BTC 5m
btc-updown-5m-1790417100,btc,5m,1790417100,fair_value,± 1 c,up,0.87,10,140,150,cancelled,True,620.41,95,0,0,False,False,,6.83,0.875,,,True,1,0.13,0,0,0.0015834,,,,,0.989238,1989352,2e moitié,BTC 5m
btc-updown-5m-1790417100,btc,5m,1790417100,fair_value,± 1 c,up,0.9,10,150,160,filled,True,670.12,0,10,1,True,True,queue,887.31,0.905,157.977,7.677,True,1,0.1,1,0.1,0.00126,,,,,0.994782,1989352,2e moitié,BTC 5m
btc-updown-5m-1790417100,btc,5m,1790417100,fair_value,± 1 c,up,0.89,10,160,170,cancelled,True,89.75,89.75,0,0,False,False,,0,0.895,,,True,1,0.11,0,0,0.0013706,,,,,0.99792,1989352,2e moitié,BTC 5m
btc-updown-5m-1790417100,btc,5m,1790417100,fair_value,± 1 c,up,0.92,10,170,180,filled,True,114.68,0,10,1,True,True,queue,603.559,0.925,176.96,6.66,True,1,0.08,0.8,0.08,0.0010304,,,,,0.999373,1989352,2e moitié,BTC 5m
btc-updown-5m-1790417100,btc,5m,1790417100,fair_value,± 1 c,up,0.9,10,180,190,cancelled,True,291.05,171,0,0,False,False,,13.97,0.905,,,True,1,0.1,0,0,0.00126,,,,,0.999873,1989352,2e moitié,BTC 5m
btc-updown-5m-1790417400,btc,5m,1790417400,signal,0.48/S+0,down,0.48,10,-30,0,filled,True,110.32,0,10,1,True,True,queue,125.385,0.495,-27.882,1.818,,,,,,0.0034944,0.48,0,-5.94545e-08,,,1989352,2e moitié,BTC 5m
btc-updown-5m-1790417400,btc,5m,1790417400,signal,0.48/S+30,down,0.48,10,-30,30,filled,True,110.32,0,10,1,True,True,queue,125.385,0.495,-27.882,1.818,,,,,,0.0034944,0.48,30,-5.94545e-08,,,1989352,2e moitié,BTC 5m
btc-updown-5m-1790417400,btc,5m,1790417400,signal,0.48/S+60,down,0.48,10,-30,60,filled,True,110.32,0,10,1,True,True,queue,125.385,0.495,-27.882,1.818,,,,,,0.0034944,0.48,60,-5.94545e-08,,,1989352,2e moitié,BTC 5m
btc-updown-5m-1790417400,btc,5m,1790417400,signal,0.49/S+0,down,0.49,10,-30,0,filled,True,0,0,10,1,True,True,traversal,0,0.495,-29.074,0.626,,,,,,0.0034986,0.49,0,-5.94545e-08,,,1989352,2e moitié,BTC 5m
btc-updown-5m-1790417400,btc,5m,1790417400,signal,0.49/S+30,down,0.49,10,-30,30,filled,True,0,0,10,1,True,True,traversal,0,0.495,-29.074,0.626,,,,,,0.0034986,0.49,30,-5.94545e-08,,,1989352,2e moitié,BTC 5m
btc-updown-5m-1790417400,btc,5m,1790417400,signal,0.49/S+60,down,0.49,10,-30,60,filled,True,0,0,10,1,True,True,traversal,0,0.495,-29.074,0.626,,,,,,0.0034986,0.49,60,-5.94545e-08,,,1989352,2e moitié,BTC 5m
btc-updown-5m-1790417400,btc,5m,1790417400,signal,0.50/S+0,down,0.5,10,-30,0,filled,True,3.2,0,10,1,True,True,traversal,3.2,0.495,-29.074,0.626,,,,,,0.0035,0.5,0,-5.94545e-08,,,1989352,2e moitié,BTC 5m
btc-updown-5m-1790417400,btc,5m,1790417400,signal,0.50/S+30,down,0.5,10,-30,30,filled,True,3.2,0,10,1,True,True,traversal,3.2,0.495,-29.074,0.626,,,,,,0.0035,0.5,30,-5.94545e-08,,,1989352,2e moitié,BTC 5m
btc-updown-5m-1790417400,btc,5m,1790417400,signal,0.50/S+60,down,0.5,10,-30,60,filled,True,3.2,0,10,1,True,True,traversal,3.2,0.495,-29.074,0.626,,,,,,0.0035,0.5,60,-5.94545e-08,,,1989352,2e moitié,BTC 5m
btc-updown-5m-1790417400,btc,5m,1790417400,two_sided,0.49/S+0,up,0.49,10,-60,0,filled,True,145.1,0,10,1,True,True,traversal,5,0.525,-4.957,54.743,,,,,,0.0034986,0.49,0,,0,,1989352,2e moitié,BTC 5m
btc-updown-5m-1790417400,btc,5m,1790417400,two_sided,0.49/S+0,down,0.49,10,-60,0,crossing,False,,,0,0,False,False,,0,0.525,,,,,,,,0.0034986,0.49,0,,0,,1989352,2e moitié,BTC 5m
btc-updown-5m-1790417400,btc,5m,1790417400,two_sided,0.49/S+30,up,0.49,10,-60,30,filled,True,145.1,0,10,1,True,True,traversal,5,0.525,-4.957,54.743,,,,,,0.0034986,0.49,30,,30,,1989352,2e moitié,BTC 5m
btc-updown-5m-1790417400,btc,5m,1790417400,two_sided,0.49/S+30,down,0.49,10,-60,30,crossing,False,,,0,0,False,False,,0,0.525,,,,,,,,0.0034986,0.49,30,,30,,1989352,2e moitié,BTC 5m
btc-updown-5m-1790417400,btc,5m,1790417400,two_sided,0.49/S+60,up,0.49,10,-60,60,filled,True,145.1,0,10,1,True,True,traversal,5,0.525,-4.957,54.743,,,,,,0.0034986,0.49,60,,60,,1989352,2e moitié,BTC 5m
btc-updown-5m-1790417400,btc,5m,1790417400,two_sided,0.49/S+60,down,0.49,10,-60,60,crossing,False,,,0,0,False,False,,0,0.525,,,,,,,,0.0034986,0.49,60,,60,,1989352,2e moitié,BTC 5m
btc-updown-5m-1790417400,btc,5m,1790417400,fair_value,± 1 c,up,0.68,10,10,20,cancelled,True,528.45,103,0,0,False,False,,0,0.685,,,,,,,,0.0030464,,,,,0.716194,1989352,2e moitié,BTC 5m
btc-updown-5m-1790417400,btc,5m,1790417400,fair_value,± 1 c,down,0.29,10,10,20,filled,True,117,0,10,1,True,True,queue,35.6527,0.685,14.234,3.934,,,,,,0.0028826,,,,,0.716194,1989352,2e moitié,BTC 5m
btc-updown-5m-1790417400,btc,5m,1790417400,fair_value,± 1 c,up,0.7,10,20,30,cancelled,True,293,85,0,0,False,False,,0,0.725,,,,,,,,0.00294,,,,,0.734306,1989352,2e moitié,BTC 5m
btc-updown-5m-1790417400,btc,5m,1790417400,fair_value,± 1 c,down,0.27,10,20,30,cancelled,True,309,53.6712,0,0,False,False,,12.3288,0.725,,,,,,,,0.0027594,,,,,0.734306,1989352,2e moitié,BTC 5m
btc-updown-5m-1790417400,btc,5m,1790417400,fair_value,± 1 c,up,0.72,10,30,40,cancelled,True,422.79,70,0,0,False,False,,0,0.725,,,,,,,,0.0028224,,,,,0.814561,1989352,2e moitié,BTC 5m
btc-updown-5m-1790417400,btc,5m,1790417400,fair_value,± 1 c,down,0.25,10,30,40,filled,True,428,0,10,1,True,True,traversal,104.807,0.725,32.873,2.573,,,,,,0.002625,,,,,0.814561,1989352,2e moitié,BTC 5m
btc-updown-5m-1790417400,btc,5m,1790417400,fair_value,± 1 c,up,0.77,10,40,50,cancelled,True,282.64,178,0,0,False,False,,1.44,0.775,,,,,,,,0.0024794,,,,,0.836116,1989352,2e moitié,BTC 5m
btc-updown-5m-1790417400,btc,5m,1790417400,fair_value,± 1 c,down,0.17,10,40,50,cancelled,True,610,368,0,0,False,False,,0,0.775,,,,,,,,0.0019754,,,,,0.836116,1989352,2e moitié,BTC 5m
btc-updown-5m-1790417400,btc,5m,1790417400,fair_value,± 1 c,down,0.15,10,50,60,cancelled,True,1434.48,1414.48,0,0,False,False,,0,0.795,,,,,,,,0.001785,,,,,0.857864,1989352,2e moitié,BTC 5m
btc-updown-5m-1790417400,btc,5m,1790417400,fair_value,± 1 c,up,0.79,10,50,70,filled,True,579.05,0,10,1,True,True,traversal,12.2019,0.795,51.473,1.173,,,,,,0.0023226,,,,,0.87939,1989352,2e moitié,BTC 5m
btc-updown-5m-1790417400,btc,5m,1790417400,fair_value,± 1 c,down,0.13,10,60,70,cancelled,True,631.99,412,0,0,False,False,,0,0.795,,,,,,,,0.0015834,,,,,0.87939,1989352,2e moitié,BTC 5m
btc-updown-5m-1790417400,btc,5m,1790417400,fair_value,± 1 c,up,0.83,10,70,80,filled,True,170.84,0,10,1,True,True,traversal,147.059,0.835,70.831,0.531,,,,,,0.0019754,,,,,0.900322,1989352,2e moitié,BTC 5m
btc-updown-5m-1790417400,btc,5m,1790417400,fair_value,± 1 c,down,0.11,10,70,80,cancelled,True,612.59,607.59,0,0,False,False,,0,0.835,,,,,,,,0.0013706,,,,,0.900322,1989352,2e moitié,BTC 5m
btc-updown-5m-1790417400,btc,5m,1790417400,fair_value,± 1 c,up,0.82,10,80,90,cancelled,True,99.06,81.98,0,0,False,False,,0,0.825,,,,,,,,0.0020664,,,,,0.920227,1989352,2e moitié,BTC 5m
btc-updown-5m-1790417400,btc,5m,1790417400,fair_value,± 1 c,down,0.08,10,80,90,cancelled,True,443.29,428.29,0,0,False,False,,0,0.825,,,,,,,,0.0010304,,,,,0.920227,1989352,2e moitié,BTC 5m
btc-updown-5m-1790417400,btc,5m,1790417400,fair_value,± 1 c,up,0.84,10,90,100,cancelled,True,891.83,90,0,0,False,False,,0,0.845,,,,,,,,0.0018816,,,,,0.93871,1989352,2e moitié,BTC 5m
btc-updown-5m-1790417400,btc,5m,1790417400,fair_value,± 1 c,down,0.06,10,90,100,cancelled,True,550.1,461.1,0,0,False,False,,0,0.845,,,,,,,,0.0007896,,,,,0.93871,1989352,2e moitié,BTC 5m
btc-updown-5m-1790417400,btc,5m,1790417400,fair_value,± 1 c,up,0.89,10,100,110,filled,True,85,0,10,1,True,True,queue,39.1818,0.895,101.473,1.173,,,,,,0.0013706,,,,,0.955106,1989352,2e moitié,BTC 5m
btc-updown-5m-1790417400,btc,5m,1790417400,fair_value,± 1 c,down,0.05,10,100,110,cancelled,True,647.3,478.7,0,0,False,False,,0,0.895,,,,,,,,0.000665,,,,,0.955106,1989352,2e moitié,BTC 5m
btc-updown-5m-1790417400,btc,5m,1790417400,fair_value,± 1 c,up,0.87,10,110,130,filled,True,348.62,0,10,1,True,True,traversal,10,0.875,112.378,2.078,,,,,,0.0015834,,,,,0.980287,1989352,2e moitié,BTC 5m
btc-updown-5m-1790417400,btc,5m,1790417400,fair_value,± 1 c,up,0.91,10,130,140,cancelled,True,199.16,154.16,0,0,False,False,,0,0.915,,,,,,,,0.0011466,,,,,0.988631,1989352,2e moitié,BTC 5m
btc-updown-5m-1790417400,btc,5m,1790417400,fair_value,± 1 c,up,0.92,10,140,160,cancelled,True,118.57,40.87,0,0,False,False,,12.5,0.925,,,,,,,,0.0010304,,,,,0.997546,1989352,2e moitié,BTC 5m
btc-updown-5m-1790417400,btc,5m,1790417400,fair_value,± 1 c,up,0.93,10,160,170,cancelled,True,381.8,80,0,0,False,False,,0,0.935,,,,,,,,0.0009114,,,,,0.999181,1989352,2e moitié,BTC 5m
btc-updown-5m-1790417400,btc,5m,1790417400,fair_value,± 1 c,up,0.94,10,170,180,filled,True,243.74,0,10,1,True,True,queue,148.15,0.945,172.825,2.525,,,,,,0.0007896,,,,,0.999803,1989352,2e moitié,BTC 5m
eth-updown-5m-1790397300,eth,5m,1790397300,signal,0.48/S+0,down,0.48,10,-30,0,crossing,False,,,0,0,False,False,,0,0.535,,,True,0,-0.48,-0,-0,0.0034944,0.48,0,-2.48083e-06,,,1989330,1re moitié,ETH 5m
eth-updown-5m-1790397300,eth,5m,1790397300,signal,0.48/S+30,down,0.48,10,-30,30,crossing,False,,,0,0,False,False,,0,0.535,,,True,0,-0.48,-0,-0,0.0034944,0.48,30,-2.48083e-06,,,1989330,1re moitié,ETH 5m
eth-updown-5m-1790397300,eth,5m,1790397300,signal,0.48/S+60,down,0.48,10,-30,60,crossing,False,,,0,0,False,False,,0,0.535,,,True,0,-0.48,-0,-0,0.0034944,0.48,60,-2.48083e-06,,,1989330,1re moitié,ETH 5m
eth-updown-5m-1790397300,eth,5m,1790397300,signal,0.49/S+0,down,0.49,10,-30,0,crossing,False,,,0,0,False,False,,0,0.535,,,True,0,-0.49,-0,-0,0.0034986,0.49,0,-2.48083e-06,,,1989330,1re moitié,ETH 5m
eth-updown-5m-1790397300,eth,5m,1790397300,signal,0.49/S+30,down,0.49,10,-30,30,crossing,False,,,0,0,False,False,,0,0.535,,,True,0,-0.49,-0,-0,0.0034986,0.49,30,-2.48083e-06,,,1989330,1re moitié,ETH 5m
eth-updown-5m-1790397300,eth,5m,1790397300,signal,0.49/S+60,down,0.49,10,-30,60,crossing,False,,,0,0,False,False,,0,0.535,,,True,0,-0.49,-0,-0,0.0034986,0.49,60,-2.48083e-06,,,1989330,1re moitié,ETH 5m
eth-updown-5m-1790397300,eth,5m,1790397300,signal,0.50/S+0,down,0.5,10,-30,0,crossing,False,,,0,0,False,False,,0,0.535,,,True,0,-0.5,-0,-0,0.0035,0.5,0,-2.48083e-06,,,1989330,1re moitié,ETH 5m
eth-updown-5m-1790397300,eth,5m,1790397300,signal,0.50/S+30,down,0.5,10,-30,30,crossing,False,,,0,0,False,False,,0,0.535,,,True,0,-0.5,-0,-0,0.0035,0.5,30,-2.48083e-06,,,1989330,1re moitié,ETH 5m
eth-updown-5m-1790397300,eth,5m,1790397300,signal,0.50/S+60,down,0.5,10,-30,60,crossing,False,,,0,0,False,False,,0,0.535,,,True,0,-0.5,-0,-0,0.0035,0.5,60,-2.48083e-06,,,1989330,1re moitié,ETH 5m
eth-updown-5m-1790397300,eth,5m,1790397300,two_sided,0.49/S+0,up,0.49,10,-60,0,filled,True,70.38,0,10,1,True,True,traversal,0,0.535,-16.529,43.171,True,1,0.51,5.1,0.51,0.0034986,0.49,0,,0,,1989330,1re moitié,ETH 5m
eth-updown-5m-1790397300,eth,5m,1790397300,two_sided,0.49/S+0,down,0.49,10,-60,0,crossing,False,,,0,0,False,False,,0,0.535,,,True,0,-0.49,-0,-0,0.0034986,0.49,0,,0,,1989330,1re moitié,ETH 5m
eth-updown-5m-1790397300,eth,5m,1790397300,two_sided,0.49/S+30,up,0.49,10,-60,30,filled,True,70.38,0,10,1,True,True,traversal,0,0.535,-16.529,43.171,True,1,0.51,5.1,0.51,0.0034986,0.49,30,,30,,1989330,1re moitié,ETH 5m
eth-updown-5m-1790397300,eth,5m,1790397300,two_sided,0.49/S+30,down,0.49,10,-60,30,crossing,False,,,0,0,False,False,,0,0.535,,,True,0,-0.49,-0,-0,0.0034986,0.49,30,,30,,1989330,1re moitié,ETH 5m
eth-updown-5m-1790397300,eth,5m,1790397300,two_sided,0.49/S+60,up,0.49,10,-60,60,filled,True,70.38,0,10,1,True,True,traversal,0,0.535,-16.529,43.171,True,1,0.51,5.1,0.51,0.0034986,0.49,60,,60,,1989330,1re moitié,ETH 5m
eth-updown-5m-1790397300,eth,5m,1790397300,two_sided,0.49/S+60,down,0.49,10,-60,60,crossing,False,,,0,0,False,False,,0,0.535,,,True,0,-0.49,-0,-0,0.0034986,0.49,60,,60,,1989330,1re moitié,ETH 5m
eth-updown-5m-1790397300,eth,5m,1790397300,fair_value,± 1 c,up,0.29,10,10,20,filled,True,43,0,10,1,True,True,traversal,0,0.31,16.117,5.817,True,1,0.71,7.1,0.71,0.0028826,,,,,0.317383,1989330,1re moitié,ETH 5m
eth-updown-5m-1790397300,eth,5m,1790397300,fair_value,± 1 c,down,0.65,10,10,20,cancelled,True,163,55,0,0,False,False,,0,0.31,,,True,0,-0.65,-0,-0,0.003185,,,,,0.317383,1989330,1re moitié,ETH 5m
eth-updown-5m-1790397300,eth,5m,1790397300,fair_value,± 1 c,up,0.24,10,20,30,crossing,False,,,0,0,False,False,,0,0.235,,,True,1,0.76,0,0,0.0025536,,,,,0.298936,1989330,1re moitié,ETH 5m
eth-updown-5m-1790397300,eth,5m,1790397300,fair_value,± 1 c,down,0.67,10,20,30,cancelled,True,223,203,0,0,False,False,,0,0.235,,,True,0,-0.67,-0,-0,0.0030954,,,,,0.298936,1989330,1re moitié,ETH 5m
eth-updown-5m-1790397300,eth,5m,1790397300,fair_value,± 1 c,down,0.69,10,30,40,cancelled,True,163,163,0,0,False,False,,0,0.225,,,True,0,-0.69,-0,-0,0.0029946,,,,,0.310886,1989330,1re moitié,ETH 5m
eth-updown-5m-1790397300,eth,5m,1790397300,fair_value,± 1 c,up,0.22,10,30,50,filled,True,222.49,0,10,1,True,True,queue,10,0.225,49.64,19.34,True,1,0.78,7.8,0.78,0.0024024,,,,,0.226815,1989330,1re moitié,ETH 5m
eth-updown-5m-1790397300,eth,5m,1790397300,fair_value,± 1 c,down,0.67,10,40,50,cancelled,True,240.8,148,0,0,False,False,,0,0.225,,,True,0,-0.67,-0,-0,0.0030954,,,,,0.226815,1989330,1re moitié,ETH 5m
eth-updown-5m-1790397300,eth,5m,1790397300,fair_value,± 1 c,up,0.21,10,50,60,cancelled,True,86,0,0,0,False,False,,0,0.225,,,True,1,0.79,0,0,0.0023226,,,,,0.386254,1989330,1re moitié,ETH 5m
eth-updown-5m-1790397300,eth,5m,1790397300,fair_value,± 1 c,down,0.76,10,50,60,cancelled,True,36,0,0,0,False,False,,0,0.225,,,True,0,-0.76,-0,-0,0.0025536,,,,,0.386254,1989330,1re moitié,ETH 5m
eth-updown-5m-1790397300,eth,5m,1790397300,fair_value,± 1 c,up,0.2,10,60,70,cancelled,True,139.39,0,0,0,False,False,,0,0.205,,,True,1,0.8,0,0,0.00224,,,,,0.329882,1989330,1re moitié,ETH 5m
eth-updown-5m-1790397300,eth,5m,1790397300,fair_value,± 1 c,down,0.6,10,60,70,cancelled,True,60.8,45.8,0,0,False,False,,0,0.205,,,True,0,-0.6,-0,-0,0.00336,,,,,0.329882,1989330,1re moitié,ETH 5m
eth-updown-5m-1790397300,eth,5m,1790397300,fair_value,± 1 c,up,0.29,10,70,80,crossing,False,,,0,0,False,False,,0,0.285,,,True,1,0.71,0,0,0.0028826,,,,,0.288613,1989330,1re moitié,ETH 5m
eth-updown-5m-1790397300,eth,5m,1790397300,fair_value,± 1 c,down,0.66,10,70,80,cancelled,True,183,86.6,0,0,False,False,,0,0.285,,,True,0,-0.66,-0,-0,0.0031416,,,,,0.288613,1989330,1re moitié,ETH 5m
eth-updown-5m-1790397300,eth,5m,1790397300,fair_value,± 1 c,up,0.21,10,80,90,filled,True,211.01,0,10,1,True,True,queue,122.875,0.215,81.234,0.934,True,1,0.79,7.9,0.79,0.0023226,,,,,0.331547,1989330,1re moitié,ETH 5m
eth-updown-5m-1790397300,eth,5m,1790397300,fair_value,± 1 c,down,0.7,10,80,90,filled,True,196.4,0,10,1,True,True,traversal,0,0.215,87.908,7.608,True,0,-0.7,-7,-0.7,0.00294,,,,,0.331547,1989330,1re moitié,ETH 5m
eth-updown-5m-1790397300,eth,5m,1790397300,fair_value,± 1 c,up,0.28,10,90,100,cancelled,True,259.63,50,0,0,False,False,,0,0.285,,,True,1,0.72,0,0,0.0028224,,,,,0.512733,1989330,1re moitié,ETH 5m
eth-updown-5m-1790397300,eth,5m,1790397300,fair_value,± 1 c,down,0.65,10,90,100,filled,True,133,0,10,1,True,True,traversal,0,0.285,91.029,0.729,True,0,-0.65,-6.5,-0.65,0.003185,,,,,0.512733,1989330,1re moitié,ETH 5m
eth-updown-5m-1790397300,eth,5m,1790397300,fair_value,± 1 c,up,0.39,10,100,110,filled,True,0,0,10,1,True,True,queue,30,0.39,100.415,0.115,True,1,0.61,6.1,0.61,0.0033306,,,,,0.510432,1989330,1re moitié,ETH 5m
eth-updown-5m-1790397300,eth,5m,1790397300,fair_value,± 1 c,up,0.4,10,110,120,cancelled,True,18,18,0,0,False,False,,0,0.465,,,True,1,0.6,0,0,0.00336,,,,,0.622708,1989330,1re moitié,ETH 5m
eth-updown-5m-1790397300,eth,5m,1790397300,fair_value,± 1 c,down,0.47,10,100,120,filled,True,225,0,10,1,True,True,traversal,0,0.39,110.717,10.417,True,0,-0.47,-4.7,-0.47,0.0034874,,,,,0.622708,1989330,1re moitié,ETH 5m
eth-updown-5m-1790397300,eth,5m,1790397300,fair_value,± 1 c,up,0.58,10,120,130,crossing,False,,,0,0,False,False,,0,0.575,,,True,1,0.42,0,0,0.0034104,,,,,0.598675,1989330,1re moitié,ETH 5m
eth-updown-5m-1790397300,eth,5m,1790397300,fair_value,± 1 c,down,0.36,10,120,130,cancelled,True,423,31.3,0,0,False,False,,0,0.575,,,True,0,-0.36,-0,-0,0.0032256,,,,,0.598675,1989330,1re moitié,ETH 5m
eth-updown-5m-1790397300,eth,5m,1790397300,fair_value,± 1 c,down,0.39,10,130,140,cancelled,True,80.9,80.9,0,0,False,False,,0,0.425,,,True,0,-0.39,-0,-0,0.0033306,,,,,0.56332,1989330,1re moitié,ETH 5m
eth-updown-5m-1790397300,eth,5m,1790397300,fair_value,± 1 c,up,0.42,10,130,150,cancelled,True,25.71,0,0,0,False,False,,10,0.425,,,True,1,0.58,0,0,0.0034104,,,,,0.394562,1989330,1re moitié,ETH 5m
eth-updown-5m-1790397300,eth,5m,1790397300,fair_value,± 1 c,down,0.42,10,140,150,cancelled,True,80.7,30.7,0,0,False,False,,0,0.425,,,True,0,-0.42,-0,-0,0.0034104,,,,,0.394562,1989330,1re moitié,ETH 5m
eth-updown-5m-1790397300,eth,5m,1790397300,fair_value,± 1 c,up,0.24,10,150,160,crossing,False,,,0,0,False,False,,0,0.22,,,True,1,0.76,0,0,0.0025536,,,,,0.261187,1989330,1re moitié,ETH 5m
eth-updown-5m-1790397300,eth,5m,1790397300,fair_value,± 1 c,down,0.59,10,150,160,cancelled,True,330.7,70.7,0,0,False,False,,0,0.22,,,True,0,-0.59,-0,-0,0.0033866,,,,,0.261187,1989330,1re moitié,ETH 5m
eth-updown-5m-1790397300,eth,5m,1790397300,fair_value,± 1 c,up,0.16,10,160,170,filled,True,36.54,0,10,1,True,True,traversal,0,0.165,169.185,8.885,True,1,0.84,8.4,0.84,0.0018816,,,,,0.190053,1989330,1re moitié,ETH 5m
eth-updown-5m-1790397300,eth,5m,1790397300,fair_value,± 1 c,down,0.72,10,160,170,cancelled,True,200.9,87.9,0,0,False,False,,0,0.165,,,True,0,-0.72,-0,-0,0.0028224,,,,,0.190053,1989330,1re moitié,ETH 5m
eth-updown-5m-1790397300,eth,5m,1790397300,fair_value,± 1 c,up,0.1,10,170,180,cancelled,True,0,0,0,0,False,False,,0,0.1,,,True,1,0.9,0,0,0.00126,,,,,0.161618,1989330,1re moitié,ETH 5m
eth-updown-5m-1790397300,eth,5m,1790397300,fair_value,± 1 c,down,0.79,10,170,180,cancelled,True,338.7,188.7,0,0,False,False,,0,0.1,,,True,0,-0.79,-0,-0,0.0023226,,,,,0.161618,1989330,1re moitié,ETH 5m
eth-updown-5m-1790397300,eth,5m,1790397300,fair_value,± 1 c,up,0.12,10,180,190,filled,True,20,0,10,1,True,True,traversal,20,0.125,181.107,0.807,True,1,0.88,8.8,0.88,0.0014784,,,,,0.131353,1989330,1re moitié,ETH 5m
eth-updown-5m-1790397300,eth,5m,1790397300,fair_value,± 1 c,down,0.82,10,180,190,cancelled,True,175.6,170.6,0,0,False,False,,0,0.125,,,True,0,-0.82,-0,-0,0.0020664,,,,,0.131353,1989330,1re moitié,ETH 5m
eth-updown-5m-1790397300,eth,5m,1790397300,fair_value,± 1 c,up,0.08,10,190,200,crossing,False,,,0,0,False,False,,0,0.075,,,True,1,0.92,0,0,0.0010304,,,,,0.0751555,1989330,1re moitié,ETH 5m
eth-updown-5m-1790397300,eth,5m,1790397300,fair_value,± 1 c,down,0.85,10,190,200,cancelled,True,70.39,70.39,0,0,False,False,,0,0.075,,,True,0,-0.85,-0,-0,0.001785,,,,,0.0751555,1989330,1re moitié,ETH 5m
eth-updown-5m-1790397300,eth,5m,1790397300,fair_value,± 1 c,up,0.05,10,200,210,filled,True,10,0,10,1,True,True,queue,10,0.055,205.672,5.372,True,1,0.95,9.5,0.95,0.000665,,,,,0.0473643,1989330,1re moitié,ETH 5m
eth-updown-5m-1790397300,eth,5m,1790397300,fair_value,± 1 c,down,0.91,10,200,210,cancelled,True,184.7,51.7,0,0,False,False,,0,0.055,,,True,0,-0.91,-0,-0,0.0011466,,,,,0.0473643,1989330,1re moitié,ETH 5m
eth-updown-5m-1790397300,eth,5m,1790397300,fair_value,± 1 c,down,0.94,10,210,220,cancelled,True,10,10,0,0,False,False,,0,0.055,,,True,0,-0.94,-0,-0,0.0007896,,,,,0.0254606,1989330,1re moitié,ETH 5m
eth-updown-5m-1790397300,eth,5m,1790397300,fair_value,± 1 c,up,0.14,10,230,240,filled,True,115,0,10,1,True,True,traversal,45.3488,0.145,230.99,0.69,True,1,0.86,8.6,0.86,0.0016856,,,,,0.109689,1989330,1re moitié,ETH 5m
eth-updown-5m-1790397300,eth,5m,1790397300,fair_value,± 1 c,down,0.81,10,230,240,cancelled,True,26.89,10,0,0,False,False,,0,0.145,,,True,0,-0.81,-0,-0,0.0021546,,,,,0.109689,1989330,1re moitié,ETH 5m
eth-updown-5m-1790397300,eth,5m,1790397300,fair_value,± 1 c,up,0.09,10,240,250,filled,True,15,0,10,1,True,True,queue,10,0.145,242.405,2.105,True,1,0.91,9.1,0.91,0.0011466,,,,,0.392897,1989330,1re moitié,ETH 5m
eth-updown-5m-1790397300,eth,5m,1790397300,fair_value,± 1 c,down,0.84,10,240,250,filled,True,46,0,10,1,True,True,traversal,0,0.145,244.402,4.102,True,0,-0.84,-8.4,-0.84,0.0018816,,,,,0.392897,1989330,1re moitié,ETH 5m
eth-updown-5m-1790397300,eth,5m,1790397300,fair_value,± 1 c,up,0.24,10,250,260,filled,True,3.89,0,10,1,True,True,traversal,0,0.245,255.251,4.951,True,1,0.76,7.6,0.76,0.0025536,,,,,0.812889,1989330,1re moitié,ETH 5m
eth-updown-5m-1790397300,eth,5m,1790397300,fair_value,± 1 c,down,0.59,10,250,260,filled,True,25,0,10,1,True,True,traversal,0,0.245,257.677,7.377,True,0,-0.59,-5.9,-0.59,0.0033866,,,,,0.812889,1989330,1re moitié,ETH 5m
eth-updown-5m-1790397300,eth,5m,1790397300,fair_value,± 1 c,up,0.61,10,260,270,filled,True,5,0,10,1,True,True,queue,15.28,0.615,260.347,0.0469999,True,1,0.39,3.9,0.39,0.0033306,,,,,0.917844,1989330,1re moitié,ETH 5m
eth-updown-5m-1790397300,eth,5m,1790397300,fair_value,± 1 c,down,0.17,10,260,270,cancelled,True,25,5,0,0,False,False,,0,0.615,,,True,0,-0.17,-0,-0,0.0019754,,,,,0.917844,1989330,1re moitié,ETH 5m
eth-updown-5m-1790397300,eth,5m,1790397300,fair_value,± 1 c,up,0.73,10,270,280,cancelled,True,15,0,0,0,False,False,,0,0.755,,,True,1,0.27,0,0,0.0027594,,,,,0.999933,1989330,1re moitié,ETH 5m
eth-updown-5m-1790397300,eth,5m,1790397300,fair_value,± 1 c,down,0.07,10,270,280,filled,True,5,0,10,1,True,True,queue,20,0.755,273.5,3.2,True,0,-0.07,-0.7,-0.07,0.0009114,,,,,0.999933,1989330,1re moitié,ETH 5m
eth-updown-5m-1790397600,eth,5m,1790397600,signal,0.48/S+0,up,0.48,10,-30,0,cancelled,True,50.41,20.41,0,0,False,False,,0,0.535,,,True,1,0.52,0,0,0.0034944,0.48,0,7.29391e-05,,,1989330,1re moitié,ETH 5m
eth-updown-5m-1790397600,eth,5m,1790397600,signal,0.48/S+30,up,0.48,10,-30,30,cancelled,True,50.41,10,0,0,False,False,,0,0.535,,,True,1,0.52,0,0,0.0034944,0.48,30,7.29391e-05,,,1989330,1re moitié,ETH 5m
eth-updown-5m-1790397600,eth,5m,1790397600,signal,0.48/S+60,up,0.48,10,-30,60,cancelled,True,50.41,10,0,0,False,False,,0,0.535,,,True,1,0.52,0,0,0.0034944,0.48,60,7.29391e-05,,,1989330,1re moitié,ETH 5m
eth-updown-5m-1790397600,eth,5m,1790397600,signal,0.49/S+0,up,0.49,10,-30,0,cancelled,True,40,10,0,0,False,False,,0,0.535,,,True,1,0.51,0,0,0.0034986,0.49,0,7.29391e-05,,,1989330,1re moitié,ETH 5m
eth-updown-5m-1790397600,eth,5m,1790397600,signal,0.49/S+30,up,0.49,10,-30,30,cancelled,True,40,10,0,0,False,False,,0,0.535,,,True,1,0.51,0,0,0.0034986,0.49,30,7.29391e-05,,,1989330,1re moitié,ETH 5m
eth-updown-5m-1790397600,eth,5m,1790397600,signal,0.49/S+60,up,0.49,10,-30,60,cancelled,True,40,10,0,0,False,False,,0,0.535,,,True,1,0.51,0,0,0.0034986,0.49,60,7.29391e-05,,,1989330,1re moitié,ETH 5m
eth-updown-5m-1790397600,eth,5m,1790397600,signal,0.50/S+0,up,0.5,10,-30,0,cancelled,True,55,10,0,0,False,False,,0,0.535,,,True,1,0.5,0,0,0.0035,0.5,0,7.29391e-05,,,1989330,1re moitié,ETH 5m
eth-updown-5m-1790397600,eth,5m,1790397600,signal,0.50/S+30,up,0.5,10,-30,30,cancelled,True,55,10,0,0,False,False,,0,0.535,,,True,1,0.5,0,0,0.0035,0.5,30,7.29391e-05,,,1989330,1re moitié,ETH 5m
eth-updown-5m-1790397600,eth,5m,1790397600,signal,0.50/S+60,up,0.5,10,-30,60,cancelled,True,55,10,0,0,False,False,,0,0.535,,,True,1,0.5,0,0,0.0035,0.5,60,7.29391e-05,,,1989330,1re moitié,ETH 5m
eth-updown-5m-1790397600,eth,5m,1790397600,two_sided,0.49/S+0,up,0.49,10,-60,0,cancelled,True,70.38,10,0,0,False,False,,0,0.525,,,True,1,0.51,0,0,0.0034986,0.49,0,,0,,1989330,1re moitié,ETH 5m
eth-updown-5m-1790397600,eth,5m,1790397600,two_sided,0.49/S+0,down,0.49,10,-60,0,crossing,False,,,0,0,False,False,,0,0.525,,,True,0,-0.49,-0,-0,0.0034986,0.49,0,,0,,1989330,1re moitié,ETH 5m
eth-updown-5m-1790397600,eth,5m,1790397600,two_sided,0.49/S+30,up,0.49,10,-60,30,cancelled,True,70.38,10,0,0,False,False,,0,0.525,,,True,1,0.51,0,0,0.0034986,0.49,30,,30,,1989330,1re moitié,ETH 5m
eth-updown-5m-1790397600,eth,5m,1790397600,two_sided,0.49/S+30,down,0.49,10,-60,30,crossing,False,,,0,0,False,False,,0,0.525,,,True,0,-0.49,-0,-0,0.0034986,0.49,30,,30,,1989330,1re moitié,ETH 5m
eth-updown-5m-1790397600,eth,5m,1790397600,two_sided,0.49/S+60,up,0.49,10,-60,60,cancelled,True,70.38,10,0,0,False,False,,0,0.525,,,True,1,0.51,0,0,0.0034986,0.49,60,,60,,1989330,1re moitié,ETH 5m
eth-updown-5m-1790397600,eth,5m,1790397600,two_sided,0.49/S+60,down,0.49,10,-60,60,crossing,False,,,0,0,False,False,,0,0.525,,,True,0,-0.49,-0,-0,0.0034986,0.49,60,,60,,1989330,1re moitié,ETH 5m
eth-updown-5m-1790397600,eth,5m,1790397600,fair_value,± 1 c,up,0.54,10,10,20,cancelled,True,226.15,0,0,0,False,False,,0,0.555,,,True,1,0.46,0,0,0.0034776,,,,,0.633613,1989330,1re moitié,ETH 5m
eth-updown-5m-1790397600,eth,5m,1790397600,fair_value,± 1 c,down,0.37,10,10,20,cancelled,True,178,133,0,0,False,False,,0,0.555,,,True,0,-0.37,-0,-0,0.0032634,,,,,0.633613,1989330,1re moitié,ETH 5m
eth-updown-5m-1790397600,eth,5m,1790397600,fair_value,± 1 c,up,0.53,10,20,30,filled,True,24,0,10,1,True,True,queue,10,0.535,21.263,0.963,True,1,0.47,4.7,0.47,0.0034874,,,,,0.645525,1989330,1re moitié,ETH 5m
eth-updown-5m-1790397600,eth,5m,1790397600,fair_value,± 1 c,down,0.35,10,20,30,cancelled,True,153,153,0,0,False,False,,0,0.535,,,True,0,-0.35,-0,-0,0.003185,,,,,0.645525,1989330,1re moitié,ETH 5m
eth-updown-5m-1790397600,eth,5m,1790397600,fair_value,± 1 c,down,0.34,10,30,40,cancelled,True,198,158,0,0,False,False,,0,0.565,,,True,0,-0.34,-0,-0,0.0031416,,,,,0.658266,1989330,1re moitié,ETH 5m
eth-updown-5m-1790397600,eth,5m,1790397600,fair_value,± 1 c,up,0.56,10,30,50,cancelled,True,50,0,0,0,False,False,,0,0.565,,,True,1,0.44,0,0,0.0034496,,,,,0.664915,1989330,1re moitié,ETH 5m
eth-updown-5m-1790397600,eth,5m,1790397600,fair_value,± 1 c,down,0.33,10,40,50,cancelled,True,433,433,0,0,False,False,,0,0.565,,,True,0,-0.33,-0,-0,0.0030954,,,,,0.664915,1989330,1re moitié,ETH 5m
eth-updown-5m-1790397600,eth,5m,1790397600,fair_value,± 1 c,up,0.55,10,50,60,cancelled,True,73.42,15,0,0,False,False,,0,0.555,,,True,1,0.45,0,0,0.003465,,,,,0.686877,1989330,1re moitié,ETH 5m
eth-updown-5m-1790397600,eth,5m,1790397600,fair_value,± 1 c,down,0.32,10,50,60,cancelled,True,194.9,163,0,0,False,False,,0,0.555,,,True,0,-0.32,-0,-0,0.0030464,,,,,0.686877,1989330,1re moitié,ETH 5m
eth-updown-5m-1790397600,eth,5m,1790397600,fair_value,± 1 c,up,0.6,10,60,70,cancelled,True,51,10,0,0,False,False,,0,0.615,,,True,1,0.4,0,0,0.00336,,,,,0.776683,1989330,1re moitié,ETH 5m
eth-updown-5m-1790397600,eth,5m,1790397600,fair_value,± 1 c,down,0.3,10,60,70,filled,True,418,0,10,1,True,True,queue,26.38,0.615,69.639,9.339,True,0,-0.3,-3,-0.3,0.00294,,,,,0.776683,1989330,1re moitié,ETH 5m
eth-updown-5m-1790397600,eth,5m,1790397600,fair_value,± 1 c,up,0.71,10,70,80,cancelled,True,101,5,0,0,False,False,,0,0.715,,,True,1,0.29,0,0,0.0028826,,,,,0.873769,1989330,1re moitié,ETH 5m
eth-updown-5m-1790397600,eth,5m,1790397600,fair_value,± 1 c,down,0.21,10,70,80,cancelled,True,50,50,0,0,False,False,,0,0.715,,,True,0,-0.21,-0,-0,0.0023226,,,,,0.873769,1989330,1re moitié,ETH 5m
eth-updown-5m-1790397600,eth,5m,1790397600,fair_value,± 1 c,down,0.11,10,80,90,cancelled,True,146.6,106.6,0,0,False,False,,0,0.755,,,True,0,-0.11,-0,-0,0.0013706,,,,,0.909142,1989330,1re moitié,ETH 5m
eth-updown-5m-1790397600,eth,5m,1790397600,fair_value,± 1 c,down,0.08,10,90,100,cancelled,True,614.3,614.3,0,0,False,False,,0,0.755,,,True,0,-0.08,-0,-0,0.0010304,,,,,0.931828,1989330,1re moitié,ETH 5m
eth-updown-5m-1790397600,eth,5m,1790397600,fair_value,± 1 c,up,0.75,10,80,110,filled,True,210.61,0,10,1,True,True,queue,50.45,0.755,95.265,14.965,True,1,0.25,2.5,0.25,0.002625,,,,,0.948697,1989330,1re moitié,ETH 5m
eth-updown-5m-1790397600,eth,5m,1790397600,fair_value,± 1 c,down,0.05,10,100,110,cancelled,True,630.71,630.71,0,0,False,False,,0,0.755,,,True,0,-0.05,-0,-0,0.000665,,,,,0.948697,1989330,1re moitié,ETH 5m
eth-updown-5m-1790397600,eth,5m,1790397600,fair_value,± 1 c,up,0.77,10,110,120,cancelled,True,185.21,58,0,0,False,False,,0,0.775,,,True,1,0.23,0,0,0.0024794,,,,,0.963604,1989330,1re moitié,ETH 5m
eth-updown-5m-1790397600,eth,5m,1790397600,fair_value,± 1 c,up,0.8,10,120,130,cancelled,True,258.53,48,0,0,False,False,,0,0.805,,,True,1,0.2,0,0,0.00224,,,,,0.986659,1989330,1re moitié,ETH 5m
eth-updown-5m-1790397600,eth,5m,1790397600,fair_value,± 1 c,up,0.85,10,130,140,cancelled,True,73.01,73.01,0,0,False,False,,0,0.865,,,True,1,0.15,0,0,0.001785,,,,,0.993382,1989330,1re moitié,ETH 5m
eth-updown-5m-1790397600,eth,5m,1790397600,fair_value,± 1 c,up,0.88,10,140,150,cancelled,True,41.27,0,0,0,False,False,,6,0.885,,,True,1,0.12,0,0,0.0014784,,,,,0.998383,1989330,1re moitié,ETH 5m
eth-updown-5m-1790397600,eth,5m,1790397600,fair_value,± 1 c,up,0.92,10,150,160,cancelled,True,133.58,5,0,0,False,False,,0,0.925,,,True,1,0.08,0,0,0.0010304,,,,,0.999585,1989330,1re moitié,ETH 5m
eth-updown-5m-1790397900,eth,5m,1790397900,signal,0.48/S+0,down,0.48,10,-30,0,cancelled,True,56.08,0,0,0,False,False,,15.66,0.505,,,True,0,-0.48,-0,-0,0.0034944,0.48,0,-4.5127e-05,,,1989331,1re moitié,ETH 5m
eth-updown-5m-1790397900,eth,5m,1790397900,signal,0.48/S+30,down,0.48,10,-30,30,cancelled,True,56.08,0,0,0,False,False,,15.66,0.505,,,True,0,-0.48,-0,-0,0.0034944,0.48,30,-4.5127e-05,,,1989331,1re moitié,ETH 5m
eth-updown-5m-1790397900,eth,5m,1790397900,signal,0.48/S+60,down,0.48,10,-30,60,cancelled,True,56.08,0,0,0,False,False,,15.66,0.505,,,True,0,-0.48,-0,-0,0.0034944,0.48,60,-4.5127e-05,,,1989331,1re moitié,ETH 5m
eth-updown-5m-1790397900,eth,5m,1790397900,signal,0.49/S+0,down,0.49,10,-30,0,filled,True,30,0,10,1,True,True,traversal,0,0.505,-26.821,2.879,True,0,-0.49,-4.9,-0.49,0.0034986,0.49,0,-4.5127e-05,,,1989331,1re moitié,ETH 5m
eth-updown-5m-1790397900,eth,5m,1790397900,signal,0.49/S+30,down,0.49,10,-30,30,filled,True,30,0,10,1,True,True,traversal,0,0.505,-26.821,2.879,True,0,-0.49,-4.9,-0.49,0.0034986,0.49,30,-4.5127e-05,,,1989331,1re moitié,ETH 5m
eth-updown-5m-1790397900,eth,5m,1790397900,signal,0.49/S+60,down,0.49,10,-30,60,filled,True,30,0,10,1,True,True,traversal,0,0.505,-26.821,2.879,True,0,-0.49,-4.9,-0.49,0.0034986,0.49,60,-4.5127e-05,,,1989331,1re moitié,ETH 5m
eth-updown-5m-1790397900,eth,5m,1790397900,signal,0.50/S+0,down,0.5,10,-30,0,crossing,False,,,0,0,False,False,,0,0.505,,,True,0,-0.5,-0,-0,0.0035,0.5,0,-4.5127e-05,,,1989331,1re moitié,ETH 5m
eth-updown-5m-1790397900,eth,5m,1790397900,signal,0.50/S+30,down,0.5,10,-30,30,crossing,False,,,0,0,False,False,,0,0.505,,,True,0,-0.5,-0,-0,0.0035,0.5,30,-4.5127e-05,,,1989331,1re moitié,ETH 5m
eth-updown-5m-1790397900,eth,5m,1790397900,signal,0.50/S+60,down,0.5,10,-30,60,crossing,False,,,0,0,False,False,,0,0.505,,,True,0,-0.5,-0,-0,0.0035,0.5,60,-4.5127e-05,,,1989331,1re moitié,ETH 5m
eth-updown-5m-1790397900,eth,5m,1790397900,two_sided,0.49/S+0,up,0.49,10,-60,0,cancelled,True,14.89,0,0,0,False,False,,1.96079,0.5,,,True,1,0.51,0,0,0.0034986,0.49,0,,0,,1989331,1re moitié,ETH 5m
eth-updown-5m-1790397900,eth,5m,1790397900,two_sided,0.49/S+0,down,0.49,10,-60,0,filled,True,30,0,10,1,True,True,traversal,0,0.5,-26.821,32.879,True,0,-0.49,-4.9,-0.49,0.0034986,0.49,0,,0,,1989331,1re moitié,ETH 5m
eth-updown-5m-1790397900,eth,5m,1790397900,two_sided,0.49/S+30,up,0.49,10,-60,30,filled,True,14.89,0,10,1,True,True,traversal,1.96079,0.5,28.163,87.863,True,1,0.51,5.1,0.51,0.0034986,0.49,30,,30,,1989331,1re moitié,ETH 5m
eth-updown-5m-1790397900,eth,5m,1790397900,two_sided,0.49/S+30,down,0.49,10,-60,30,filled,True,30,0,10,1,True,True,traversal,0,0.5,-26.821,32.879,True,0,-0.49,-4.9,-0.49,0.0034986,0.49,30,,30,,1989331,1re moitié,ETH 5m
eth-updown-5m-1790397900,eth,5m,1790397900,two_sided,0.49/S+60,up,0.49,10,-60,60,filled,True,14.89,0,10,1,True,True,traversal,1.96079,0.5,28.163,87.863,True,1,0.51,5.1,0.51,0.0034986,0.49,60,,60,,1989331,1re moitié,ETH 5m
eth-updown-5m-1790397900,eth,5m,1790397900,two_sided,0.49/S+60,down,0.49,10,-60,60,filled,True,30,0,10,1,True,True,traversal,0,0.5,-26.821,32.879,True,0,-0.49,-4.9,-0.49,0.0034986,0.49,60,,60,,1989331,1re moitié,ETH 5m
eth-updown-5m-1790397900,eth,5m,1790397900,fair_value,± 1 c,up,0.49,10,10,30,filled,True,33,0,10,1,True,True,traversal,0,0.495,28.163,17.863,True,1,0.51,5.1,0.51,0.0034986,,,,,0.542289,1989331,1re moitié,ETH 5m
eth-updown-5m-1790397900,eth,5m,1790397900,fair_value,± 1 c,up,0.46,10,30,40,crossing,False,,,0,0,False,False,,0,0.455,,,True,1,0.54,0,0,0.0034776,,,,,0.469828,1989331,1re moitié,ETH 5m
eth-updown-5m-1790397900,eth,5m,1790397900,fair_value,± 1 c,down,0.44,10,10,40,cancelled,True,168,133,0,0,False,False,,0,0.495,,,True,0,-0.44,-0,-0,0.0034496,,,,,0.469828,1989331,1re moitié,ETH 5m
eth-updown-5m-1790397900,eth,5m,1790397900,fair_value,± 1 c,down,0.51,10,40,50,cancelled,True,119,38,0,0,False,False,,0,0.475,,,True,0,-0.51,-0,-0,0.0034986,,,,,0.467052,1989331,1re moitié,ETH 5m
eth-updown-5m-1790397900,eth,5m,1790397900,fair_value,± 1 c,up,0.45,10,40,60,filled,True,181,0,10,1,True,True,traversal,10.5455,0.475,50.451,10.151,True,1,0.55,5.5,0.55,0.003465,,,,,0.463957,1989331,1re moitié,ETH 5m
eth-updown-5m-1790397900,eth,5m,1790397900,fair_value,± 1 c,up,0.42,10,60,70,cancelled,True,40.15,0,0,0,False,False,,0,0.425,,,True,1,0.58,0,0,0.0034104,,,,,0.460737,1989331,1re moitié,ETH 5m
eth-updown-5m-1790397900,eth,5m,1790397900,fair_value,± 1 c,down,0.52,10,50,70,filled,True,109,0,10,1,True,True,traversal,0,0.455,62.687,12.387,True,0,-0.52,-5.2,-0.52,0.0034944,,,,,0.460737,1989331,1re moitié,ETH 5m
eth-updown-5m-1790397900,eth,5m,1790397900,fair_value,± 1 c,up,0.45,10,70,80,cancelled,True,213,128,0,0,False,False,,0,0.495,,,True,1,0.55,0,0,0.003465,,,,,0.470526,1989331,1re moitié,ETH 5m
eth-updown-5m-1790397900,eth,5m,1790397900,fair_value,± 1 c,down,0.5,10,70,80,filled,True,180.32,0,10,1,True,True,traversal,0,0.495,79.522,9.222,True,0,-0.5,-5,-0.5,0.0035,,,,,0.470526,1989331,1re moitié,ETH 5m
eth-updown-5m-1790397900,eth,5m,1790397900,fair_value,± 1 c,up,0.46,10,80,90,cancelled,True,163,158,0,0,False,False,,0,0.535,,,True,1,0.54,0,0,0.0034776,,,,,0.467789,1989331,1re moitié,ETH 5m
eth-updown-5m-1790397900,eth,5m,1790397900,fair_value,± 1 c,down,0.47,10,80,90,crossing,False,,,0,0,False,False,,0,0.535,,,True,0,-0.47,-0,-0,0.0034874,,,,,0.467789,1989331,1re moitié,ETH 5m
eth-updown-5m-1790397900,eth,5m,1790397900,fair_value,± 1 c,up,0.45,10,90,100,cancelled,True,168,158,0,0,False,False,,0,0.515,,,True,1,0.55,0,0,0.003465,,,,,0.448752,1989331,1re moitié,ETH 5m
eth-updown-5m-1790397900,eth,5m,1790397900,fair_value,± 1 c,down,0.48,10,90,100,filled,True,75,0,10,1,True,True,traversal,30,0.515,93.535,3.235,True,0,-0.48,-4.8,-0.48,0.0034944,,,,,0.448752,1989331,1re moitié,ETH 5m
eth-updown-5m-1790397900,eth,5m,1790397900,fair_value,± 1 c,up,0.43,10,100,110,cancelled,True,173,158,0,0,False,False,,0,0.495,,,True,1,0.57,0,0,0.0034314,,,,,0.461305,1989331,1re moitié,ETH 5m
eth-updown-5m-1790397900,eth,5m,1790397900,fair_value,± 1 c,down,0.5,10,100,110,filled,True,6,0,10,1,True,True,traversal,0,0.495,104.929,4.629,True,0,-0.5,-5,-0.5,0.0035,,,,,0.461305,1989331,1re moitié,ETH 5m
eth-updown-5m-1790397900,eth,5m,1790397900,fair_value,± 1 c,up,0.45,10,110,120,cancelled,True,163,153,0,0,False,False,,0,0.515,,,True,1,0.55,0,0,0.003465,,,,,0.438554,1989331,1re moitié,ETH 5m
eth-updown-5m-1790397900,eth,5m,1790397900,fair_value,± 1 c,down,0.48,10,110,120,filled,True,13.87,0,10,1,True,True,traversal,0,0.515,112.441,2.141,True,0,-0.48,-4.8,-0.48,0.0034944,,,,,0.438554,1989331,1re moitié,ETH 5m
eth-updown-5m-1790397900,eth,5m,1790397900,fair_value,± 1 c,down,0.47,10,120,130,filled,True,67,0,10,1,True,True,traversal,0,0.515,129.948,9.648,True,0,-0.47,-4.7,-0.47,0.0034874,,,,,0.43257,1989331,1re moitié,ETH 5m
eth-updown-5m-1790397900,eth,5m,1790397900,fair_value,± 1 c,up,0.42,10,120,140,cancelled,True,163,123,0,0,False,False,,0,0.515,,,True,1,0.58,0,0,0.0034104,,,,,0.448744,1989331,1re moitié,ETH 5m
eth-updown-5m-1790397900,eth,5m,1790397900,fair_value,± 1 c,down,0.46,10,130,140,crossing,False,,,0,0,False,False,,0,0.545,,,True,0,-0.46,-0,-0,0.0034776,,,,,0.448744,1989331,1re moitié,ETH 5m
eth-updown-5m-1790397900,eth,5m,1790397900,fair_value,± 1 c,up,0.43,10,140,150,cancelled,True,194,158,0,0,False,False,,0,0.565,,,True,1,0.57,0,0,0.0034314,,,,,0.418289,1989331,1re moitié,ETH 5m
eth-updown-5m-1790397900,eth,5m,1790397900,fair_value,± 1 c,down,0.44,10,140,150,crossing,False,,,0,0,False,False,,0,0.565,,,True,0,-0.44,-0,-0,0.0034496,,,,,0.418289,1989331,1re moitié,ETH 5m
eth-updown-5m-1790397900,eth,5m,1790397900,fair_value,± 1 c,up,0.4,10,150,160,cancelled,True,178,70,0,0,False,False,,0,0.545,,,True,1,0.6,0,0,0.00336,,,,,0.437434,1989331,1re moitié,ETH 5m
eth-updown-5m-1790397900,eth,5m,1790397900,fair_value,± 1 c,down,0.46,10,150,160,crossing,False,,,0,0,False,False,,0,0.545,,,True,0,-0.46,-0,-0,0.0034776,,,,,0.437434,1989331,1re moitié,ETH 5m
eth-updown-5m-1790397900,eth,5m,1790397900,fair_value,± 1 c,down,0.5,10,160,170,filled,True,6,0,10,1,True,True,traversal,0,0.495,160.958,0.658,True,0,-0.5,-5,-0.5,0.0035,,,,,0.43006,1989331,1re moitié,ETH 5m
eth-updown-5m-1790397900,eth,5m,1790397900,fair_value,± 1 c,up,0.42,10,160,180,cancelled,True,180.7,158,0,0,False,False,,0,0.495,,,True,1,0.58,0,0,0.0034104,,,,,0.421932,1989331,1re moitié,ETH 5m
eth-updown-5m-1790397900,eth,5m,1790397900,fair_value,± 1 c,down,0.47,10,170,180,filled,True,74.9,0,10,1,True,True,traversal,9,0.525,175.298,4.998,True,0,-0.47,-4.7,-0.47,0.0034874,,,,,0.421932,1989331,1re moitié,ETH 5m
eth-updown-5m-1790397900,eth,5m,1790397900,fair_value,± 1 c,up,0.41,10,180,190,cancelled,True,188.7,55.7,0,0,False,False,,0,0.555,,,True,1,0.59,0,0,0.0033866,,,,,0.812275,1989331,1re moitié,ETH 5m
eth-updown-5m-1790397900,eth,5m,1790397900,fair_value,± 1 c,down,0.44,10,180,190,filled,True,101.54,0,10,1,True,True,traversal,25.09,0.555,182.599,2.299,True,0,-0.44,-4.4,-0.44,0.0034496,,,,,0.812275,1989331,1re moitié,ETH 5m
eth-updown-5m-1790397900,eth,5m,1790397900,fair_value,± 1 c,up,0.8,10,190,200,filled,True,25,0,10,1,True,True,traversal,0,0.885,196.443,6.143,True,1,0.2,2,0.2,0.00224,,,,,0.844466,1989331,1re moitié,ETH 5m
eth-updown-5m-1790397900,eth,5m,1790397900,fair_value,± 1 c,down,0.12,10,190,200,crossing,False,,,0,0,False,False,,0,0.885,,,True,0,-0.12,-0,-0,0.0014784,,,,,0.844466,1989331,1re moitié,ETH 5m
eth-updown-5m-1790397900,eth,5m,1790397900,fair_value,± 1 c,up,0.81,10,200,210,cancelled,True,298.67,40,0,0,False,False,,0,0.815,,,True,1,0.19,0,0,0.0021546,,,,,0.953702,1989331,1re moitié,ETH 5m
eth-updown-5m-1790397900,eth,5m,1790397900,fair_value,± 1 c,down,0.14,10,200,210,filled,True,20,0,10,1,True,True,traversal,0,0.815,201.753,1.453,True,0,-0.14,-1.4,-0.14,0.0016856,,,,,0.953702,1989331,1re moitié,ETH 5m
eth-updown-5m-1790397900,eth,5m,1790397900,fair_value,± 1 c,up,0.86,10,210,220,filled,True,287.56,0,10,1,True,True,traversal,0,0.865,211.172,0.872,True,1,0.14,1.4,0.14,0.0016856,,,,,0.98073,1989331,1re moitié,ETH 5m
eth-updown-5m-1790397900,eth,5m,1790397900,fair_value,± 1 c,up,0.85,10,220,240,filled,True,359.27,0,10,1,True,True,queue,20,0.855,230.171,9.871,True,1,0.15,1.5,0.15,0.001785,,,,,0.999164,1989331,1re moitié,ETH 5m
eth-updown-5m-1790397900,eth,5m,1790397900,fair_value,± 1 c,up,0.9,10,240,250,cancelled,True,85,15,0,0,False,False,,0,0.915,,,True,1,0.1,0,0,0.00126,,,,,0.999997,1989331,1re moitié,ETH 5m
eth-updown-5m-1790398200,eth,5m,1790398200,signal,0.48/S+0,up,0.48,10,-30,0,filled,True,66.51,0,10,1,True,True,traversal,11,0.525,-11.028,18.672,True,1,0.52,5.2,0.52,0.0034944,0.48,0,0.000190007,,,1989331,1re moitié,ETH 5m
eth-updown-5m-1790398200,eth,5m,1790398200,signal,0.48/S+30,up,0.48,10,-30,30,filled,True,66.51,0,10,1,True,True,traversal,11,0.525,-11.028,18.672,True,1,0.52,5.2,0.52,0.0034944,0.48,30,0.000190007,,,1989331,1re moitié,ETH 5m
eth-updown-5m-1790398200,eth,5m,1790398200,signal,0.48/S+60,up,0.48,10,-30,60,filled,True,66.51,0,10,1,True,True,traversal,11,0.525,-11.028,18.672,True,1,0.52,5.2,0.52,0.0034944,0.48,60,0.000190007,,,1989331,1re moitié,ETH 5m
eth-updown-5m-1790398200,eth,5m,1790398200,signal,0.49/S+0,up,0.49,10,-30,0,filled,True,50.45,0,10,1,True,True,traversal,11,0.525,-11.245,18.455,True,1,0.51,5.1,0.51,0.0034986,0.49,0,0.000190007,,,1989331,1re moitié,ETH 5m
eth-updown-5m-1790398200,eth,5m,1790398200,signal,0.49/S+30,up,0.49,10,-30,30,filled,True,50.45,0,10,1,True,True,traversal,11,0.525,-11.245,18.455,True,1,0.51,5.1,0.51,0.0034986,0.49,30,0.000190007,,,1989331,1re moitié,ETH 5m
eth-updown-5m-1790398200,eth,5m,1790398200,signal,0.49/S+60,up,0.49,10,-30,60,filled,True,50.45,0,10,1,True,True,traversal,11,0.525,-11.245,18.455,True,1,0.51,5.1,0.51,0.0034986,0.49,60,0.000190007,,,1989331,1re moitié,ETH 5m
eth-updown-5m-1790398200,eth,5m,1790398200,signal,0.50/S+0,up,0.5,10,-30,0,filled,True,30,0,10,1,True,True,traversal,0,0.525,-20.824,8.876,True,1,0.5,5,0.5,0.0035,0.5,0,0.000190007,,,1989331,1re moitié,ETH 5m
eth-updown-5m-1790398200,eth,5m,1790398200,signal,0.50/S+30,up,0.5,10,-30,30,filled,True,30,0,10,1,True,True,traversal,0,0.525,-20.824,8.876,True,1,0.5,5,0.5,0.0035,0.5,30,0.000190007,,,1989331,1re moitié,ETH 5m
eth-updown-5m-1790398200,eth,5m,1790398200,signal,0.50/S+60,up,0.5,10,-30,60,filled,True,30,0,10,1,True,True,traversal,0,0.525,-20.824,8.876,True,1,0.5,5,0.5,0.0035,0.5,60,0.000190007,,,1989331,1re moitié,ETH 5m
eth-updown-5m-1790398200,eth,5m,1790398200,two_sided,0.49/S+0,up,0.49,10,-60,0,filled,True,45.45,0,10,1,True,True,traversal,12.9608,0.495,-11.245,48.455,True,1,0.51,5.1,0.51,0.0034986,0.49,0,,0,,1989331,1re moitié,ETH 5m
eth-updown-5m-1790398200,eth,5m,1790398200,two_sided,0.49/S+0,down,0.49,10,-60,0,filled,True,60.19,0,10,1,True,True,traversal,12,0.495,-31.818,27.882,True,0,-0.49,-4.9,-0.49,0.0034986,0.49,0,,0,,1989331,1re moitié,ETH 5m
eth-updown-5m-1790398200,eth,5m,1790398200,two_sided,0.49/S+30,up,0.49,10,-60,30,filled,True,45.45,0,10,1,True,True,traversal,12.9608,0.495,-11.245,48.455,True,1,0.51,5.1,0.51,0.0034986,0.49,30,,30,,1989331,1re moitié,ETH 5m
eth-updown-5m-1790398200,eth,5m,1790398200,two_sided,0.49/S+30,down,0.49,10,-60,30,filled,True,60.19,0,10,1,True,True,traversal,12,0.495,-31.818,27.882,True,0,-0.49,-4.9,-0.49,0.0034986,0.49,30,,30,,1989331,1re moitié,ETH 5m
eth-updown-5m-1790398200,eth,5m,1790398200,two_sided,0.49/S+60,up,0.49,10,-60,60,filled,True,45.45,0,10,1,True,True,traversal,12.9608,0.495,-11.245,48.455,True,1,0.51,5.1,0.51,0.0034986,0.49,60,,60,,1989331,1re moitié,ETH 5m
eth-updown-5m-1790398200,eth,5m,1790398200,two_sided,0.49/S+60,down,0.49,10,-60,60,filled,True,60.19,0,10,1,True,True,traversal,12,0.495,-31.818,27.882,True,0,-0.49,-4.9,-0.49,0.0034986,0.49,60,,60,,1989331,1re moitié,ETH 5m
eth-updown-5m-1790398200,eth,5m,1790398200,fair_value,± 1 c,up,0.66,10,10,20,cancelled,True,133,0,0,0,False,False,,0,0.745,,,True,1,0.34,0,0,0.0031416,,,,,0.695877,1989331,1re moitié,ETH 5m
eth-updown-5m-1790398200,eth,5m,1790398200,fair_value,± 1 c,down,0.25,10,10,20,cancelled,True,101.45,91.45,0,0,False,False,,0,0.745,,,True,0,-0.25,-0,-0,0.002625,,,,,0.695877,1989331,1re moitié,ETH 5m
eth-updown-5m-1790398200,eth,5m,1790398200,fair_value,± 1 c,up,0.68,10,20,30,cancelled,True,56,46,0,0,False,False,,0,0.695,,,True,1,0.32,0,0,0.0030464,,,,,0.712571,1989331,1re moitié,ETH 5m
eth-updown-5m-1790398200,eth,5m,1790398200,fair_value,± 1 c,down,0.29,10,20,30,cancelled,True,69,33,0,0,False,False,,0,0.695,,,True,0,-0.29,-0,-0,0.0028826,,,,,0.712571,1989331,1re moitié,ETH 5m
eth-updown-5m-1790398200,eth,5m,1790398200,fair_value,± 1 c,up,0.69,10,30,40,filled,True,164.81,0,10,1,True,True,traversal,54.5484,0.695,38.863,8.563,True,1,0.31,3.1,0.31,0.0029946,,,,,0.724561,1989331,1re moitié,ETH 5m
eth-updown-5m-1790398200,eth,5m,1790398200,fair_value,± 1 c,down,0.27,10,30,40,cancelled,True,158,139,0,0,False,False,,0,0.695,,,True,0,-0.27,-0,-0,0.0027594,,,,,0.724561,1989331,1re moitié,ETH 5m
eth-updown-5m-1790398200,eth,5m,1790398200,fair_value,± 1 c,up,0.67,10,40,50,cancelled,True,78.67,0,0,0,False,False,,0,0.675,,,True,1,0.33,0,0,0.0030954,,,,,0.742472,1989331,1re moitié,ETH 5m
eth-updown-5m-1790398200,eth,5m,1790398200,fair_value,± 1 c,down,0.26,10,40,50,cancelled,True,153,133,0,0,False,False,,0,0.675,,,True,0,-0.26,-0,-0,0.0026936,,,,,0.742472,1989331,1re moitié,ETH 5m
eth-updown-5m-1790398200,eth,5m,1790398200,fair_value,± 1 c,up,0.68,10,50,60,cancelled,True,71,71,0,0,False,False,,0,0.685,,,True,1,0.32,0,0,0.0030464,,,,,0.838784,1989331,1re moitié,ETH 5m
eth-updown-5m-1790398200,eth,5m,1790398200,fair_value,± 1 c,down,0.24,10,50,60,partial,True,394,0,5,0.5,True,False,queue,30,0.685,55.123,4.823,True,0,-0.24,-1.2,-0.12,0.0025536,,,,,0.838784,1989331,1re moitié,ETH 5m
eth-updown-5m-1790398200,eth,5m,1790398200,fair_value,± 1 c,up,0.78,10,60,70,cancelled,True,85.74,55.36,0,0,False,False,,0,0.785,,,True,1,0.22,0,0,0.0024024,,,,,0.89501,1989331,1re moitié,ETH 5m
eth-updown-5m-1790398200,eth,5m,1790398200,fair_value,± 1 c,down,0.15,10,60,70,cancelled,True,160,140,0,0,False,False,,0,0.785,,,True,0,-0.15,-0,-0,0.001785,,,,,0.89501,1989331,1re moitié,ETH 5m
eth-updown-5m-1790398200,eth,5m,1790398200,fair_value,± 1 c,up,0.79,10,70,80,cancelled,True,250.43,57.14,0,0,False,False,,20.8571,0.795,,,True,1,0.21,0,0,0.0023226,,,,,0.911725,1989331,1re moitié,ETH 5m
eth-updown-5m-1790398200,eth,5m,1790398200,fair_value,± 1 c,down,0.09,10,70,80,cancelled,True,391.7,201.7,0,0,False,False,,0,0.795,,,True,0,-0.09,-0,-0,0.0011466,,,,,0.911725,1989331,1re moitié,ETH 5m
eth-updown-5m-1790398200,eth,5m,1790398200,fair_value,± 1 c,up,0.8,10,80,90,cancelled,True,17,12,0,0,False,False,,0,0.805,,,True,1,0.2,0,0,0.00224,,,,,0.933094,1989331,1re moitié,ETH 5m
eth-updown-5m-1790398200,eth,5m,1790398200,fair_value,± 1 c,down,0.07,10,80,90,cancelled,True,232.9,232.9,0,0,False,False,,0,0.805,,,True,0,-0.07,-0,-0,0.0009114,,,,,0.933094,1989331,1re moitié,ETH 5m
eth-updown-5m-1790398200,eth,5m,1790398200,fair_value,± 1 c,up,0.82,10,90,100,filled,True,52,0,10,1,True,True,traversal,0,0.835,95.157,4.857,True,1,0.18,1.8,0.18,0.0020664,,,,,0.947441,1989331,1re moitié,ETH 5m
eth-updown-5m-1790398200,eth,5m,1790398200,fair_value,± 1 c,down,0.05,10,90,100,cancelled,True,247.7,242.7,0,0,False,False,,0,0.835,,,True,0,-0.05,-0,-0,0.000665,,,,,0.947441,1989331,1re moitié,ETH 5m
eth-updown-5m-1790398200,eth,5m,1790398200,fair_value,± 1 c,up,0.81,10,100,110,cancelled,True,157.02,51.89,0,0,False,False,,0,0.815,,,True,1,0.19,0,0,0.0021546,,,,,0.964331,1989331,1re moitié,ETH 5m
eth-updown-5m-1790398200,eth,5m,1790398200,fair_value,± 1 c,up,0.84,10,110,120,cancelled,True,161.08,0,0,0,False,False,,0,0.845,,,True,1,0.16,0,0,0.0018816,,,,,0.974248,1989331,1re moitié,ETH 5m
eth-updown-5m-1790398200,eth,5m,1790398200,fair_value,± 1 c,up,0.82,10,120,130,filled,True,139.77,0,10,1,True,True,traversal,5.55556,0.825,127.634,7.334,True,1,0.18,1.8,0.18,0.0020664,,,,,0.960815,1989331,1re moitié,ETH 5m
eth-updown-5m-1790398200,eth,5m,1790398200,fair_value,± 1 c,up,0.75,10,130,140,crossing,False,,,0,0,False,False,,0,0.745,,,True,1,0.25,0,0,0.002625,,,,,0.942741,1989331,1re moitié,ETH 5m
eth-updown-5m-1790398200,eth,5m,1790398200,fair_value,± 1 c,up,0.77,10,140,150,filled,True,119.78,0,10,1,True,True,traversal,0,0.775,146.243,5.943,True,1,0.23,2.3,0.23,0.0024794,,,,,0.941189,1989331,1re moitié,ETH 5m
eth-updown-5m-1790398200,eth,5m,1790398200,fair_value,± 1 c,up,0.74,10,150,160,cancelled,True,125.31,0,0,0,False,False,,0,0.745,,,True,1,0.26,0,0,0.0026936,,,,,0.962191,1989331,1re moitié,ETH 5m
eth-updown-5m-1790398200,eth,5m,1790398200,fair_value,± 1 c,up,0.73,10,160,170,cancelled,True,166.36,113.43,0,0,False,False,,0,0.735,,,True,1,0.27,0,0,0.0027594,,,,,0.976195,1989331,1re moitié,ETH 5m
eth-updown-5m-1790398200,eth,5m,1790398200,fair_value,± 1 c,up,0.85,10,170,200,cancelled,True,114.83,30,0,0,False,False,,36.9333,0.855,,,True,1,0.15,0,0,0.001785,,,,,0.997914,1989331,1re moitié,ETH 5m
eth-updown-5m-1790398200,eth,5m,1790398200,fair_value,± 1 c,up,0.88,10,200,210,filled,True,47.58,0,10,1,True,True,queue,74,0.885,201.379,1.079,True,1,0.12,1.2,0.12,0.0014784,,,,,0.999392,1989331,1re moitié,ETH 5m
eth-updown-5m-1790398200,eth,5m,1790398200,fair_value,± 1 c,up,0.89,10,210,220,cancelled,True,85.5,63.32,0,0,False,False,,0,0.895,,,True,1,0.11,0,0,0.0013706,,,,,0.999952,1989331,1re moitié,ETH 5m
eth-updown-5m-1790398200,eth,5m,1790398200,fair_value,± 1 c,up,0.93,10,220,230,filled,True,24.84,0,10,1,True,True,queue,58.5714,0.935,222.954,2.654,True,1,0.07,0.7,0.07,0.0009114,,,,,0.999998,1989331,1re moitié,ETH 5m
eth-updown-5m-1790398200,eth,5m,1790398200,fair_value,± 1 c,up,0.92,10,230,240,filled,True,1.16,0,10,1,True,True,queue,30,0.925,230.484,0.184,True,1,0.08,0.8,0.08,0.0010304,,,,,1,1989331,1re moitié,ETH 5m
eth-updown-5m-1790398500,eth,5m,1790398500,signal,0.48/S+0,down,0.48,10,-30,0,cancelled,True,71.25,20.41,0,0,False,False,,0,0.495,,,False,1,0.52,0,0,0.0034944,0.48,0,-1.11531e-06,,,1989331,1re moitié,ETH 5m
eth-updown-5m-1790398500,eth,5m,1790398500,signal,0.48/S+30,down,0.48,10,-30,30,filled,True,71.25,0,10,1,True,True,traversal,10,0.495,21.323,51.023,False,1,0.52,5.2,0.52,0.0034944,0.48,30,-1.11531e-06,,,1989331,1re moitié,ETH 5m
eth-updown-5m-1790398500,eth,5m,1790398500,signal,0.48/S+60,down,0.48,10,-30,60,filled,True,71.25,0,10,1,True,True,traversal,10,0.495,21.323,51.023,False,1,0.52,5.2,0.52,0.0034944,0.48,60,-1.11531e-06,,,1989331,1re moitié,ETH 5m
eth-updown-5m-1790398500,eth,5m,1790398500,signal,0.49/S+0,down,0.49,10,-30,0,cancelled,True,20.19,10,0,0,False,False,,0,0.495,,,False,1,0.51,0,0,0.0034986,0.49,0,-1.11531e-06,,,1989331,1re moitié,ETH 5m
eth-updown-5m-1790398500,eth,5m,1790398500,signal,0.49/S+30,down,0.49,10,-30,30,filled,True,20.19,0,10,1,True,True,traversal,10,0.495,16.247,45.947,False,1,0.51,5.1,0.51,0.0034986,0.49,30,-1.11531e-06,,,1989331,1re moitié,ETH 5m
eth-updown-5m-1790398500,eth,5m,1790398500,signal,0.49/S+60,down,0.49,10,-30,60,filled,True,20.19,0,10,1,True,True,traversal,10,0.495,16.247,45.947,False,1,0.51,5.1,0.51,0.0034986,0.49,60,-1.11531e-06,,,1989331,1re moitié,ETH 5m
eth-updown-5m-1790398500,eth,5m,1790398500,signal,0.50/S+0,down,0.5,10,-30,0,cancelled,True,20,15,0,0,False,False,,0,0.495,,,False,1,0.5,0,0,0.0035,0.5,0,-1.11531e-06,,,1989331,1re moitié,ETH 5m
eth-updown-5m-1790398500,eth,5m,1790398500,signal,0.50/S+30,down,0.5,10,-30,30,filled,True,20,0,10,1,True,True,traversal,10,0.495,12.431,42.131,False,1,0.5,5,0.5,0.0035,0.5,30,-1.11531e-06,,,1989331,1re moitié,ETH 5m
eth-updown-5m-1790398500,eth,5m,1790398500,signal,0.50/S+60,down,0.5,10,-30,60,filled,True,20,0,10,1,True,True,traversal,10,0.495,12.431,42.131,False,1,0.5,5,0.5,0.0035,0.5,60,-1.11531e-06,,,1989331,1re moitié,ETH 5m
eth-updown-5m-1790398500,eth,5m,1790398500,two_sided,0.49/S+0,up,0.49,10,-60,0,filled,True,40.19,0,10,1,True,True,traversal,12.9608,0.495,-21.201,38.499,False,0,-0.49,-4.9,-0.49,0.0034986,0.49,0,,0,,1989331,1re moitié,ETH 5m
eth-updown-5m-1790398500,eth,5m,1790398500,two_sided,0.49/S+0,down,0.49,10,-60,0,cancelled,True,50.19,10,0,0,False,False,,0,0.495,,,False,1,0.51,0,0,0.0034986,0.49,0,,0,,1989331,1re moitié,ETH 5m
eth-updown-5m-1790398500,eth,5m,1790398500,two_sided,0.49/S+30,up,0.49,10,-60,30,filled,True,40.19,0,10,1,True,True,traversal,12.9608,0.495,-21.201,38.499,False,0,-0.49,-4.9,-0.49,0.0034986,0.49,30,,30,,1989331,1re moitié,ETH 5m
eth-updown-5m-1790398500,eth,5m,1790398500,two_sided,0.49/S+30,down,0.49,10,-60,30,filled,True,50.19,0,10,1,True,True,traversal,10,0.495,16.247,75.947,False,1,0.51,5.1,0.51,0.0034986,0.49,30,,30,,1989331,1re moitié,ETH 5m
eth-updown-5m-1790398500,eth,5m,1790398500,two_sided,0.49/S+60,up,0.49,10,-60,60,filled,True,40.19,0,10,1,True,True,traversal,12.9608,0.495,-21.201,38.499,False,0,-0.49,-4.9,-0.49,0.0034986,0.49,60,,60,,1989331,1re moitié,ETH 5m
eth-updown-5m-1790398500,eth,5m,1790398500,two_sided,0.49/S+60,down,0.49,10,-60,60,filled,True,50.19,0,10,1,True,True,traversal,10,0.495,16.247,75.947,False,1,0.51,5.1,0.51,0.0034986,0.49,60,,60,,1989331,1re moitié,ETH 5m
eth-updown-5m-1790398500,eth,5m,1790398500,fair_value,± 1 c,up,0.45,10,10,20,crossing,False,,,0,0,False,False,,0,0.445,,,False,0,-0.45,-0,-0,0.003465,,,,,0.439398,1989331,1re moitié,ETH 5m
eth-updown-5m-1790398500,eth,5m,1790398500,fair_value,± 1 c,down,0.49,10,10,20,filled,True,143,0,10,1,True,True,traversal,10,0.445,16.247,5.947,False,1,0.51,5.1,0.51,0.0034986,,,,,0.439398,1989331,1re moitié,ETH 5m
eth-updown-5m-1790398500,eth,5m,1790398500,fair_value,± 1 c,down,0.47,10,20,30,filled,True,71.86,0,10,1,True,True,traversal,10,0.525,27.859,7.559,False,1,0.53,5.3,0.53,0.0034874,,,,,0.437997,1989331,1re moitié,ETH 5m
eth-updown-5m-1790398500,eth,5m,1790398500,fair_value,± 1 c,up,0.42,10,20,40,cancelled,True,149,10,0,0,False,False,,0,0.525,,,False,0,-0.42,-0,-0,0.0034104,,,,,0.671752,1989331,1re moitié,ETH 5m
eth-updown-5m-1790398500,eth,5m,1790398500,fair_value,± 1 c,down,0.42,10,30,40,crossing,False,,,0,0,False,False,,0,0.585,,,False,1,0.58,0,0,0.0034104,,,,,0.671752,1989331,1re moitié,ETH 5m
eth-updown-5m-1790398500,eth,5m,1790398500,fair_value,± 1 c,up,0.64,10,40,50,filled,True,69.75,0,10,1,True,True,queue,37.0833,0.645,45.627,5.327,False,0,-0.64,-6.4,-0.64,0.0032256,,,,,0.807314,1989331,1re moitié,ETH 5m
eth-updown-5m-1790398500,eth,5m,1790398500,fair_value,± 1 c,down,0.31,10,40,50,filled,True,22.2,0,10,1,True,True,queue,86.78,0.645,41.184,0.884,False,1,0.69,6.9,0.69,0.0029946,,,,,0.807314,1989331,1re moitié,ETH 5m
eth-updown-5m-1790398500,eth,5m,1790398500,fair_value,± 1 c,up,0.63,10,50,60,filled,True,20,0,10,1,True,True,traversal,0,0.635,53.686,3.386,False,0,-0.63,-6.3,-0.63,0.0032634,,,,,0.818146,1989331,1re moitié,ETH 5m
eth-updown-5m-1790398500,eth,5m,1790398500,fair_value,± 1 c,down,0.18,10,50,60,cancelled,True,287.6,37.6,0,0,False,False,,0,0.635,,,False,1,0.82,0,0,0.0020664,,,,,0.818146,1989331,1re moitié,ETH 5m
eth-updown-5m-1790398500,eth,5m,1790398500,fair_value,± 1 c,up,0.58,10,60,70,crossing,False,,,0,0,False,False,,0,0.555,,,False,0,-0.58,-0,-0,0.0034104,,,,,0.849729,1989331,1re moitié,ETH 5m
eth-updown-5m-1790398500,eth,5m,1790398500,fair_value,± 1 c,down,0.17,10,60,70,cancelled,True,38.39,38.39,0,0,False,False,,0,0.555,,,False,1,0.83,0,0,0.0019754,,,,,0.849729,1989331,1re moitié,ETH 5m
eth-updown-5m-1790398500,eth,5m,1790398500,fair_value,± 1 c,down,0.14,10,70,80,cancelled,True,46.6,46.6,0,0,False,False,,0,0.675,,,False,1,0.86,0,0,0.0016856,,,,,0.859569,1989331,1re moitié,ETH 5m
eth-updown-5m-1790398500,eth,5m,1790398500,fair_value,± 1 c,up,0.67,10,70,90,filled,True,138.27,0,10,1,True,True,traversal,0,0.675,88.781,18.481,False,0,-0.67,-6.7,-0.67,0.0030954,,,,,0.880135,1989331,1re moitié,ETH 5m
eth-updown-5m-1790398500,eth,5m,1790398500,fair_value,± 1 c,down,0.13,10,80,90,cancelled,True,73,43,0,0,False,False,,0,0.675,,,False,1,0.87,0,0,0.0015834,,,,,0.880135,1989331,1re moitié,ETH 5m
eth-updown-5m-1790398500,eth,5m,1790398500,fair_value,± 1 c,up,0.6,10,90,100,filled,True,41.78,0,10,1,True,True,queue,12.2439,0.605,98.223,7.923,False,0,-0.6,-6,-0.6,0.00336,,,,,0.468761,1989331,1re moitié,ETH 5m
eth-updown-5m-1790398500,eth,5m,1790398500,fair_value,± 1 c,down,0.1,10,90,100,cancelled,True,48.9,48.9,0,0,False,False,,0,0.605,,,False,1,0.9,0,0,0.00126,,,,,0.468761,1989331,1re moitié,ETH 5m
eth-updown-5m-1790398500,eth,5m,1790398500,fair_value,± 1 c,up,0.45,10,100,110,filled,True,52.11,0,10,1,True,True,traversal,0,0.465,108.014,7.714,False,0,-0.45,-4.5,-0.45,0.003465,,,,,0.337212,1989331,1re moitié,ETH 5m
eth-updown-5m-1790398500,eth,5m,1790398500,fair_value,± 1 c,down,0.52,10,100,110,cancelled,True,0,0,0,0,False,False,,0,0.465,,,False,1,0.48,0,0,0.0034944,,,,,0.337212,1989331,1re moitié,ETH 5m
eth-updown-5m-1790398500,eth,5m,1790398500,fair_value,± 1 c,up,0.32,10,110,120,cancelled,True,308,0,0,0,False,False,,0,0.465,,,False,0,-0.32,-0,-0,0.0030464,,,,,0.311778,1989331,1re moitié,ETH 5m
eth-updown-5m-1790398500,eth,5m,1790398500,fair_value,± 1 c,down,0.53,10,110,120,filled,True,57.67,0,10,1,True,True,traversal,10.2,0.465,111.788,1.488,False,1,0.47,4.7,0.47,0.0034874,,,,,0.311778,1989331,1re moitié,ETH 5m
eth-updown-5m-1790398500,eth,5m,1790398500,fair_value,± 1 c,up,0.3,10,120,130,cancelled,True,85,71,0,0,False,False,,0,0.315,,,False,0,-0.3,-0,-0,0.00294,,,,,0.294394,1989331,1re moitié,ETH 5m
eth-updown-5m-1790398500,eth,5m,1790398500,fair_value,± 1 c,down,0.67,10,120,130,filled,True,110,0,10,1,True,True,traversal,0,0.315,121.83,1.53,False,1,0.33,3.3,0.33,0.0030954,,,,,0.294394,1989331,1re moitié,ETH 5m
eth-updown-5m-1790398500,eth,5m,1790398500,fair_value,± 1 c,up,0.28,10,130,140,cancelled,True,164,76,0,0,False,False,,0,0.345,,,False,0,-0.28,-0,-0,0.0028224,,,,,0.275309,1989331,1re moitié,ETH 5m
eth-updown-5m-1790398500,eth,5m,1790398500,fair_value,± 1 c,up,0.26,10,140,150,cancelled,True,153,0,0,0,False,False,,0,0.345,,,False,0,-0.26,-0,-0,0.0026936,,,,,0.193898,1989331,1re moitié,ETH 5m
eth-updown-5m-1790398500,eth,5m,1790398500,fair_value,± 1 c,down,0.65,10,130,150,cancelled,True,11.47,6,0,0,False,False,,0,0.345,,,False,1,0.35,0,0,0.003185,,,,,0.193898,1989331,1re moitié,ETH 5m
eth-updown-5m-1790398500,eth,5m,1790398500,fair_value,± 1 c,up,0.18,10,150,160,cancelled,True,164,51,0,0,False,False,,0,0.235,,,False,0,-0.18,-0,-0,0.0020664,,,,,0.158061,1989331,1re moitié,ETH 5m
eth-updown-5m-1790398500,eth,5m,1790398500,fair_value,± 1 c,down,0.76,10,150,160,filled,True,80.91,0,10,1,True,True,traversal,0,0.235,150.752,0.452,False,1,0.24,2.4,0.24,0.0025536,,,,,0.158061,1989331,1re moitié,ETH 5m
eth-updown-5m-1790398500,eth,5m,1790398500,fair_value,± 1 c,up,0.14,10,160,170,cancelled,True,274.6,53,0,0,False,False,,0,0.355,,,False,0,-0.14,-0,-0,0.0016856,,,,,0.122628,1989331,1re moitié,ETH 5m
eth-updown-5m-1790398500,eth,5m,1790398500,fair_value,± 1 c,down,0.64,10,160,170,cancelled,True,187.29,30,0,0,False,False,,0,0.355,,,False,1,0.36,0,0,0.0032256,,,,,0.122628,1989331,1re moitié,ETH 5m
eth-updown-5m-1790398500,eth,5m,1790398500,fair_value,± 1 c,up,0.11,10,170,180,cancelled,True,46.6,46.6,0,0,False,False,,0,0.315,,,False,0,-0.11,-0,-0,0.0013706,,,,,0.0622349,1989331,1re moitié,ETH 5m
eth-updown-5m-1790398500,eth,5m,1790398500,fair_value,± 1 c,down,0.68,10,170,180,filled,True,147.23,0,10,1,True,True,traversal,0,0.315,172.896,2.596,False,1,0.32,3.2,0.32,0.0030464,,,,,0.0622349,1989331,1re moitié,ETH 5m
eth-updown-5m-1790398500,eth,5m,1790398500,fair_value,± 1 c,up,0.05,10,180,190,cancelled,True,600.71,600.71,0,0,False,False,,0,0.255,,,False,0,-0.05,-0,-0,0.000665,,,,,0.0462138,1989331,1re moitié,ETH 5m
eth-updown-5m-1790398500,eth,5m,1790398500,fair_value,± 1 c,down,0.74,10,180,190,filled,True,101.96,0,10,1,True,True,traversal,45.62,0.255,183.541,3.241,False,1,0.26,2.6,0.26,0.0026936,,,,,0.0462138,1989331,1re moitié,ETH 5m
eth-updown-5m-1790398500,eth,5m,1790398500,fair_value,± 1 c,down,0.67,10,190,200,cancelled,True,23.06,11.8,0,0,False,False,,0,0.325,,,False,1,0.33,0,0,0.0030954,,,,,0.0232022,1989331,1re moitié,ETH 5m
eth-updown-5m-1790398500,eth,5m,1790398500,fair_value,± 1 c,down,0.7,10,200,210,filled,True,55,0,10,1,True,True,traversal,0,0.295,202.099,1.799,False,1,0.3,3,0.3,0.00294,,,,,0.0127489,1989331,1re moitié,ETH 5m
eth-updown-5m-1790398500,eth,5m,1790398500,fair_value,± 1 c,down,0.69,10,210,220,cancelled,True,119.61,5,0,0,False,False,,0,0.305,,,False,1,0.31,0,0,0.0029946,,,,,0.00415348,1989331,1re moitié,ETH 5m
eth-updown-5m-1790398500,eth,5m,1790398500,fair_value,± 1 c,down,0.73,10,220,230,filled,True,15,0,10,1,True,True,queue,11.8519,0.265,226.772,6.472,False,1,0.27,2.7,0.27,0.0027594,,,,,0.000644046,1989331,1re moitié,ETH 5m
eth-updown-5m-1790398500,eth,5m,1790398500,fair_value,± 1 c,down,0.75,10,230,240,cancelled,True,86.31,10,0,0,False,False,,0,0.245,,,False,1,0.25,0,0,0.002625,,,,,1.58304e-05,1989331,1re moitié,ETH 5m
eth-updown-5m-1790398500,eth,5m,1790398500,fair_value,± 1 c,down,0.81,10,240,250,filled,True,6,0,10,1,True,True,queue,15.2632,0.175,242.655,2.355,False,1,0.19,1.9,0.19,0.0021546,,,,,4.40852e-09,1989331,1re moitié,ETH 5m
eth-updown-5m-1790398500,eth,5m,1790398500,fair_value,± 1 c,down,0.9,10,250,270,cancelled,True,5,0,0,0,False,False,,0,0.09,,,False,1,0.1,0,0,0.00126,,,,,8.80061e-44,1989331,1re moitié,ETH 5m
eth-updown-5m-1790398800,eth,5m,1790398800,signal,0.48/S+0,up,0.48,10,-30,0,cancelled,True,50.83,10.41,0,0,False,False,,0,0.495,,,False,0,-0.48,-0,-0,0.0034944,0.48,0,1.61118e-06,,,1989332,1re moitié,ETH 5m
eth-updown-5m-1790398800,eth,5m,1790398800,signal,0.48/S+30,up,0.48,10,-30,30,cancelled,True,50.83,10.41,0,0,False,False,,0,0.495,,,False,0,-0.48,-0,-0,0.0034944,0.48,30,1.61118e-06,,,1989332,1re moitié,ETH 5m
eth-updown-5m-1790398800,eth,5m,1790398800,signal,0.48/S+60,up,0.48,10,-30,60,cancelled,True,50.83,1.76,0,0,False,False,,0,0.495,,,False,0,-0.48,-0,-0,0.0034944,0.48,60,1.61118e-06,,,1989332,1re moitié,ETH 5m
eth-updown-5m-1790398800,eth,5m,1790398800,signal,0.49/S+0,up,0.49,10,-30,0,cancelled,True,30,0,0,0,False,False,,0,0.495,,,False,0,-0.49,-0,-0,0.0034986,0.49,0,1.61118e-06,,,1989332,1re moitié,ETH 5m
eth-updown-5m-1790398800,eth,5m,1790398800,signal,0.49/S+30,up,0.49,10,-30,30,cancelled,True,30,0,0,0,False,False,,0,0.495,,,False,0,-0.49,-0,-0,0.0034986,0.49,30,1.61118e-06,,,1989332,1re moitié,ETH 5m
eth-updown-5m-1790398800,eth,5m,1790398800,signal,0.49/S+60,up,0.49,10,-30,60,cancelled,True,30,0,0,0,False,False,,0,0.495,,,False,0,-0.49,-0,-0,0.0034986,0.49,60,1.61118e-06,,,1989332,1re moitié,ETH 5m
eth-updown-5m-1790398800,eth,5m,1790398800,signal,0.50/S+0,up,0.5,10,-30,0,crossing,False,,,0,0,False,False,,0,0.495,,,False,0,-0.5,-0,-0,0.0035,0.5,0,1.61118e-06,,,1989332,1re moitié,ETH 5m
eth-updown-5m-1790398800,eth,5m,1790398800,signal,0.50/S+30,up,0.5,10,-30,30,crossing,False,,,0,0,False,False,,0,0.495,,,False,0,-0.5,-0,-0,0.0035,0.5,30,1.61118e-06,,,1989332,1re moitié,ETH 5m
eth-updown-5m-1790398800,eth,5m,1790398800,signal,0.50/S+60,up,0.5,10,-30,60,crossing,False,,,0,0,False,False,,0,0.495,,,False,0,-0.5,-0,-0,0.0035,0.5,60,1.61118e-06,,,1989332,1re moitié,ETH 5m
eth-updown-5m-1790398800,eth,5m,1790398800,two_sided,0.49/S+0,up,0.49,10,-60,0,filled,True,0,0,10,1,True,True,traversal,0,0.49,-58.697,1.003,False,0,-0.49,-4.9,-0.49,0.0034986,0.49,0,,0,,1989332,1re moitié,ETH 5m
eth-updown-5m-1790398800,eth,5m,1790398800,two_sided,0.49/S+0,down,0.49,10,-60,0,filled,True,60.38,0,10,1,True,True,traversal,0,0.49,-15.48,44.22,False,1,0.51,5.1,0.51,0.0034986,0.49,0,,0,,1989332,1re moitié,ETH 5m
eth-updown-5m-1790398800,eth,5m,1790398800,two_sided,0.49/S+30,up,0.49,10,-60,30,filled,True,0,0,10,1,True,True,traversal,0,0.49,-58.697,1.003,False,0,-0.49,-4.9,-0.49,0.0034986,0.49,30,,30,,1989332,1re moitié,ETH 5m
eth-updown-5m-1790398800,eth,5m,1790398800,two_sided,0.49/S+30,down,0.49,10,-60,30,filled,True,60.38,0,10,1,True,True,traversal,0,0.49,-15.48,44.22,False,1,0.51,5.1,0.51,0.0034986,0.49,30,,30,,1989332,1re moitié,ETH 5m
eth-updown-5m-1790398800,eth,5m,1790398800,two_sided,0.49/S+60,up,0.49,10,-60,60,filled,True,0,0,10,1,True,True,traversal,0,0.49,-58.697,1.003,False,0,-0.49,-4.9,-0.49,0.0034986,0.49,60,,60,,1989332,1re moitié,ETH 5m
eth-updown-5m-1790398800,eth,5m,1790398800,two_sided,0.49/S+60,down,0.49,10,-60,60,filled,True,60.38,0,10,1,True,True,traversal,0,0.49,-15.48,44.22,False,1,0.51,5.1,0.51,0.0034986,0.49,60,,60,,1989332,1re moitié,ETH 5m
eth-updown-5m-1790398800,eth,5m,1790398800,fair_value,± 1 c,down,0.43,10,10,20,filled,True,117,0,10,1,True,True,traversal,21.9298,0.565,17.815,7.515,False,1,0.57,5.7,0.57,0.0034314,,,,,0.516831,1989332,1re moitié,ETH 5m
eth-updown-5m-1790398800,eth,5m,1790398800,fair_value,± 1 c,down,0.4,10,20,30,cancelled,True,42.5,35.61,0,0,False,False,,1.66667,0.595,,,False,1,0.6,0,0,0.00336,,,,,0.517545,1989332,1re moitié,ETH 5m
eth-updown-5m-1790398800,eth,5m,1790398800,fair_value,± 1 c,up,0.5,10,10,40,cancelled,True,193,143,0,0,False,False,,0,0.565,,,False,0,-0.5,-0,-0,0.0035,,,,,0.465305,1989332,1re moitié,ETH 5m
eth-updown-5m-1790398800,eth,5m,1790398800,fair_value,± 1 c,down,0.41,10,30,40,cancelled,True,61,0,0,0,False,False,,5,0.585,,,False,1,0.59,0,0,0.0033866,,,,,0.465305,1989332,1re moitié,ETH 5m
eth-updown-5m-1790398800,eth,5m,1790398800,fair_value,± 1 c,up,0.45,10,40,50,cancelled,True,65.5,65.5,0,0,False,False,,0,0.585,,,False,0,-0.45,-0,-0,0.003465,,,,,0.518956,1989332,1re moitié,ETH 5m
eth-updown-5m-1790398800,eth,5m,1790398800,fair_value,± 1 c,down,0.42,10,40,50,crossing,False,,,0,0,False,False,,0,0.585,,,False,1,0.58,0,0,0.0034104,,,,,0.518956,1989332,1re moitié,ETH 5m
eth-updown-5m-1790398800,eth,5m,1790398800,fair_value,± 1 c,up,0.48,10,50,60,cancelled,True,139,23,0,0,False,False,,0,0.495,,,False,0,-0.48,-0,-0,0.0034944,,,,,0.520739,1989332,1re moitié,ETH 5m
eth-updown-5m-1790398800,eth,5m,1790398800,fair_value,± 1 c,down,0.47,10,50,60,filled,True,68,0,10,1,True,True,traversal,0,0.495,51.554,1.254,False,1,0.53,5.3,0.53,0.0034874,,,,,0.520739,1989332,1re moitié,ETH 5m
eth-updown-5m-1790398800,eth,5m,1790398800,fair_value,± 1 c,down,0.44,10,60,70,filled,True,36,0,10,1,True,True,traversal,0,0.555,62.414,2.114,False,1,0.56,5.6,0.56,0.0034496,,,,,0.521483,1989332,1re moitié,ETH 5m
eth-updown-5m-1790398800,eth,5m,1790398800,fair_value,± 1 c,up,0.51,10,60,80,cancelled,True,45,0,0,0,False,False,,0,0.555,,,False,0,-0.51,-0,-0,0.0034986,,,,,0.74723,1989332,1re moitié,ETH 5m
eth-updown-5m-1790398800,eth,5m,1790398800,fair_value,± 1 c,down,0.42,10,70,80,filled,True,117.49,0,10,1,True,True,traversal,15,0.575,71.8,1.5,False,1,0.58,5.8,0.58,0.0034104,,,,,0.74723,1989332,1re moitié,ETH 5m
eth-updown-5m-1790398800,eth,5m,1790398800,fair_value,± 1 c,up,0.61,10,80,90,filled,True,214.93,0,10,1,True,True,traversal,5,0.615,85.265,4.965,False,0,-0.61,-6.1,-0.61,0.0033306,,,,,0.761471,1989332,1re moitié,ETH 5m
eth-updown-5m-1790398800,eth,5m,1790398800,fair_value,± 1 c,down,0.24,10,80,90,cancelled,True,50,50,0,0,False,False,,0,0.615,,,False,1,0.76,0,0,0.0025536,,,,,0.761471,1989332,1re moitié,ETH 5m
eth-updown-5m-1790398800,eth,5m,1790398800,fair_value,± 1 c,up,0.56,10,90,100,cancelled,True,156.8,30.56,0,0,False,False,,22.5,0.565,,,False,0,-0.56,-0,-0,0.0034496,,,,,0.735653,1989332,1re moitié,ETH 5m
eth-updown-5m-1790398800,eth,5m,1790398800,fair_value,± 1 c,down,0.22,10,90,100,cancelled,True,35.2,35.2,0,0,False,False,,0,0.565,,,False,1,0.78,0,0,0.0024024,,,,,0.735653,1989332,1re moitié,ETH 5m
eth-updown-5m-1790398800,eth,5m,1790398800,fair_value,± 1 c,up,0.6,10,100,110,filled,True,54.98,0,10,1,True,True,traversal,23.75,0.605,104.432,4.132,False,0,-0.6,-6,-0.6,0.00336,,,,,0.738472,1989332,1re moitié,ETH 5m
eth-updown-5m-1790398800,eth,5m,1790398800,fair_value,± 1 c,up,0.59,10,110,120,cancelled,True,147.26,0,0,0,False,False,,0,0.595,,,False,0,-0.59,-0,-0,0.0033866,,,,,0.788535,1989332,1re moitié,ETH 5m
eth-updown-5m-1790398800,eth,5m,1790398800,fair_value,± 1 c,down,0.25,10,100,120,cancelled,True,50,50,0,0,False,False,,0,0.605,,,False,1,0.75,0,0,0.002625,,,,,0.788535,1989332,1re moitié,ETH 5m
eth-updown-5m-1790398800,eth,5m,1790398800,fair_value,± 1 c,up,0.6,10,120,130,filled,True,5,0,10,1,True,True,traversal,0,0.605,120.872,0.572,False,0,-0.6,-6,-0.6,0.00336,,,,,0.768738,1989332,1re moitié,ETH 5m
eth-updown-5m-1790398800,eth,5m,1790398800,fair_value,± 1 c,down,0.2,10,120,130,cancelled,True,61.2,36.2,0,0,False,False,,0,0.605,,,False,1,0.8,0,0,0.00224,,,,,0.768738,1989332,1re moitié,ETH 5m
eth-updown-5m-1790398800,eth,5m,1790398800,fair_value,± 1 c,up,0.45,10,130,140,filled,True,0,0,10,1,True,True,queue,27,0.45,135.384,5.084,False,0,-0.45,-4.5,-0.45,0.003465,,,,,0.821987,1989332,1re moitié,ETH 5m
eth-updown-5m-1790398800,eth,5m,1790398800,fair_value,± 1 c,down,0.22,10,130,140,cancelled,True,235.2,35.2,0,0,False,False,,0,0.45,,,False,1,0.78,0,0,0.0024024,,,,,0.821987,1989332,1re moitié,ETH 5m
eth-updown-5m-1790398800,eth,5m,1790398800,fair_value,± 1 c,up,0.4,10,140,150,cancelled,True,130.53,10,0,0,False,False,,0,0.405,,,False,0,-0.4,-0,-0,0.00336,,,,,0.832208,1989332,1re moitié,ETH 5m
eth-updown-5m-1790398800,eth,5m,1790398800,fair_value,± 1 c,down,0.16,10,140,150,cancelled,True,39.3,39.3,0,0,False,False,,0,0.405,,,False,1,0.84,0,0,0.0018816,,,,,0.832208,1989332,1re moitié,ETH 5m
eth-updown-5m-1790398800,eth,5m,1790398800,fair_value,± 1 c,up,0.46,10,150,160,filled,True,85,0,10,1,True,True,traversal,10.1852,0.465,153.802,3.502,False,0,-0.46,-4.6,-0.46,0.0034776,,,,,0.813226,1989332,1re moitié,ETH 5m
eth-updown-5m-1790398800,eth,5m,1790398800,fair_value,± 1 c,down,0.15,10,150,160,cancelled,True,80.39,80.39,0,0,False,False,,0,0.465,,,False,1,0.85,0,0,0.001785,,,,,0.813226,1989332,1re moitié,ETH 5m
eth-updown-5m-1790398800,eth,5m,1790398800,fair_value,± 1 c,up,0.4,10,160,170,cancelled,True,56,35,0,0,False,False,,0,0.405,,,False,0,-0.4,-0,-0,0.00336,,,,,0.831966,1989332,1re moitié,ETH 5m
eth-updown-5m-1790398800,eth,5m,1790398800,fair_value,± 1 c,down,0.17,10,160,170,cancelled,True,38.39,38.39,0,0,False,False,,0,0.405,,,False,1,0.83,0,0,0.0019754,,,,,0.831966,1989332,1re moitié,ETH 5m
eth-updown-5m-1790398800,eth,5m,1790398800,fair_value,± 1 c,up,0.45,10,170,180,filled,True,5,0,10,1,True,True,traversal,5,0.455,171.714,1.414,False,0,-0.45,-4.5,-0.45,0.003465,,,,,0.852116,1989332,1re moitié,ETH 5m
eth-updown-5m-1790398800,eth,5m,1790398800,fair_value,± 1 c,down,0.15,10,170,180,cancelled,True,80.39,80.39,0,0,False,False,,0,0.455,,,False,1,0.85,0,0,0.001785,,,,,0.852116,1989332,1re moitié,ETH 5m
eth-updown-5m-1790398800,eth,5m,1790398800,fair_value,± 1 c,up,0.49,10,180,190,filled,True,20.76,0,10,1,True,True,traversal,20.76,0.495,182.658,2.358,False,0,-0.49,-4.9,-0.49,0.0034986,,,,,0.873509,1989332,1re moitié,ETH 5m
eth-updown-5m-1790398800,eth,5m,1790398800,fair_value,± 1 c,down,0.13,10,180,190,cancelled,True,48,43,0,0,False,False,,0,0.495,,,False,1,0.87,0,0,0.0015834,,,,,0.873509,1989332,1re moitié,ETH 5m
eth-updown-5m-1790398800,eth,5m,1790398800,fair_value,± 1 c,up,0.43,10,190,200,cancelled,True,70,0,0,0,False,False,,0,0.435,,,False,0,-0.43,-0,-0,0.0034314,,,,,0.887914,1989332,1re moitié,ETH 5m
eth-updown-5m-1790398800,eth,5m,1790398800,fair_value,± 1 c,down,0.11,10,190,200,cancelled,True,91.6,86.6,0,0,False,False,,0,0.435,,,False,1,0.89,0,0,0.0013706,,,,,0.887914,1989332,1re moitié,ETH 5m
eth-updown-5m-1790398800,eth,5m,1790398800,fair_value,± 1 c,up,0.48,10,200,210,cancelled,True,111,0,0,0,False,False,,2.09615,0.485,,,False,0,-0.48,-0,-0,0.0034944,,,,,0.943941,1989332,1re moitié,ETH 5m
eth-updown-5m-1790398800,eth,5m,1790398800,fair_value,± 1 c,down,0.1,10,200,210,cancelled,True,73.9,48.9,0,0,False,False,,0,0.485,,,False,1,0.9,0,0,0.00126,,,,,0.943941,1989332,1re moitié,ETH 5m
eth-updown-5m-1790398800,eth,5m,1790398800,fair_value,± 1 c,up,0.56,10,210,220,filled,True,110.32,0,10,1,True,True,queue,15.2273,0.585,211.468,1.168,False,0,-0.56,-5.6,-0.56,0.0034496,,,,,0.926494,1989332,1re moitié,ETH 5m
eth-updown-5m-1790398800,eth,5m,1790398800,fair_value,± 1 c,up,0.64,10,220,230,filled,True,84.79,0,10,1,True,True,traversal,0,0.645,220.994,0.694,False,0,-0.64,-6.4,-0.64,0.0032256,,,,,0.914797,1989332,1re moitié,ETH 5m
eth-updown-5m-1790398800,eth,5m,1790398800,fair_value,± 1 c,down,0.06,10,220,230,cancelled,True,583.11,583.11,0,0,False,False,,0,0.645,,,False,1,0.94,0,0,0.0007896,,,,,0.914797,1989332,1re moitié,ETH 5m
eth-updown-5m-1790398800,eth,5m,1790398800,fair_value,± 1 c,up,0.38,10,230,240,crossing,False,,,0,0,False,False,,0,0.365,,,False,0,-0.38,-0,-0,0.0032984,,,,,0.962495,1989332,1re moitié,ETH 5m
eth-updown-5m-1790398800,eth,5m,1790398800,fair_value,± 1 c,down,0.07,10,230,240,cancelled,True,59.9,0,0,0,False,False,,0,0.365,,,False,1,0.93,0,0,0.0009114,,,,,0.962495,1989332,1re moitié,ETH 5m
eth-updown-5m-1790398800,eth,5m,1790398800,fair_value,± 1 c,up,0.32,10,240,250,crossing,False,,,0,0,False,False,,0,0.275,,,False,0,-0.32,-0,-0,0.0030464,,,,,0.991848,1989332,1re moitié,ETH 5m
eth-updown-5m-1790398800,eth,5m,1790398800,fair_value,± 1 c,up,0.15,10,250,260,crossing,False,,,0,0,False,False,,0,0.145,,,False,0,-0.15,-0,-0,0.001785,,,,,0.0232436,1989332,1re moitié,ETH 5m
eth-updown-5m-1790398800,eth,5m,1790398800,fair_value,± 1 c,down,0.94,10,260,270,cancelled,True,5,5,0,0,False,False,,0,0.055,,,False,1,0.06,0,0,0.0007896,,,,,0.000566129,1989332,1re moitié,ETH 5m
eth-updown-5m-1790399100,eth,5m,1790399100,signal,0.48/S+0,down,0.48,10,-30,0,cancelled,True,41.25,20.41,0,0,False,False,,0,0.495,,,True,0,-0.48,-0,-0,0.0034944,0.48,0,-2.6647e-05,,,1989332,1re moitié,ETH 5m
eth-updown-5m-1790399100,eth,5m,1790399100,signal,0.48/S+30,down,0.48,10,-30,30,cancelled,True,41.25,15,0,0,False,False,,0,0.495,,,True,0,-0.48,-0,-0,0.0034944,0.48,30,-2.6647e-05,,,1989332,1re moitié,ETH 5m
eth-updown-5m-1790399100,eth,5m,1790399100,signal,0.48/S+60,down,0.48,10,-30,60,cancelled,True,41.25,15,0,0,False,False,,0,0.495,,,True,0,-0.48,-0,-0,0.0034944,0.48,60,-2.6647e-05,,,1989332,1re moitié,ETH 5m
eth-updown-5m-1790399100,eth,5m,1790399100,signal,0.49/S+0,down,0.49,10,-30,0,cancelled,True,50.19,10,0,0,False,False,,0,0.495,,,True,0,-0.49,-0,-0,0.0034986,0.49,0,-2.6647e-05,,,1989332,1re moitié,ETH 5m
eth-updown-5m-1790399100,eth,5m,1790399100,signal,0.49/S+30,down,0.49,10,-30,30,filled,True,50.19,0,10,1,True,True,queue,20.0494,0.495,1.188,30.888,True,0,-0.49,-4.9,-0.49,0.0034986,0.49,30,-2.6647e-05,,,1989332,1re moitié,ETH 5m
eth-updown-5m-1790399100,eth,5m,1790399100,signal,0.49/S+60,down,0.49,10,-30,60,filled,True,50.19,0,10,1,True,True,queue,20.0494,0.495,1.188,30.888,True,0,-0.49,-4.9,-0.49,0.0034986,0.49,60,-2.6647e-05,,,1989332,1re moitié,ETH 5m
eth-updown-5m-1790399100,eth,5m,1790399100,signal,0.50/S+0,down,0.5,10,-30,0,cancelled,True,40,10,0,0,False,False,,0,0.495,,,True,0,-0.5,-0,-0,0.0035,0.5,0,-2.6647e-05,,,1989332,1re moitié,ETH 5m
eth-updown-5m-1790399100,eth,5m,1790399100,signal,0.50/S+30,down,0.5,10,-30,30,filled,True,40,0,10,1,True,True,traversal,10.2,0.495,1.182,30.882,True,0,-0.5,-5,-0.5,0.0035,0.5,30,-2.6647e-05,,,1989332,1re moitié,ETH 5m
eth-updown-5m-1790399100,eth,5m,1790399100,signal,0.50/S+60,down,0.5,10,-30,60,filled,True,40,0,10,1,True,True,traversal,10.2,0.495,1.182,30.882,True,0,-0.5,-5,-0.5,0.0035,0.5,60,-2.6647e-05,,,1989332,1re moitié,ETH 5m
eth-updown-5m-1790399100,eth,5m,1790399100,two_sided,0.49/S+0,up,0.49,10,-60,0,filled,True,35.26,0,10,1,True,True,traversal,13.9608,0.495,-39.275,20.425,True,1,0.51,5.1,0.51,0.0034986,0.49,0,,0,,1989332,1re moitié,ETH 5m
eth-updown-5m-1790399100,eth,5m,1790399100,two_sided,0.49/S+0,down,0.49,10,-60,0,cancelled,True,50.19,10,0,0,False,False,,0,0.495,,,True,0,-0.49,-0,-0,0.0034986,0.49,0,,0,,1989332,1re moitié,ETH 5m
eth-updown-5m-1790399100,eth,5m,1790399100,two_sided,0.49/S+30,up,0.49,10,-60,30,filled,True,35.26,0,10,1,True,True,traversal,13.9608,0.495,-39.275,20.425,True,1,0.51,5.1,0.51,0.0034986,0.49,30,,30,,1989332,1re moitié,ETH 5m
eth-updown-5m-1790399100,eth,5m,1790399100,two_sided,0.49/S+30,down,0.49,10,-60,30,filled,True,50.19,0,10,1,True,True,queue,20.0494,0.495,1.188,60.888,True,0,-0.49,-4.9,-0.49,0.0034986,0.49,30,,30,,1989332,1re moitié,ETH 5m
eth-updown-5m-1790399100,eth,5m,1790399100,two_sided,0.49/S+60,up,0.49,10,-60,60,filled,True,35.26,0,10,1,True,True,traversal,13.9608,0.495,-39.275,20.425,True,1,0.51,5.1,0.51,0.0034986,0.49,60,,60,,1989332,1re moitié,ETH 5m
eth-updown-5m-1790399100,eth,5m,1790399100,two_sided,0.49/S+60,down,0.49,10,-60,60,filled,True,50.19,0,10,1,True,True,queue,20.0494,0.495,1.188,60.888,True,0,-0.49,-4.9,-0.49,0.0034986,0.49,60,,60,,1989332,1re moitié,ETH 5m
eth-updown-5m-1790399100,eth,5m,1790399100,fair_value,± 1 c,up,0.34,10,10,20,cancelled,True,50,50,0,0,False,False,,0,0.425,,,True,1,0.66,0,0,0.0031416,,,,,0.343482,1989332,1re moitié,ETH 5m
eth-updown-5m-1790399100,eth,5m,1790399100,fair_value,± 1 c,down,0.56,10,10,20,filled,True,319.8,0,10,1,True,True,traversal,0,0.425,15.32,5.02,True,0,-0.56,-5.6,-0.56,0.0034496,,,,,0.343482,1989332,1re moitié,ETH 5m
eth-updown-5m-1790399100,eth,5m,1790399100,fair_value,± 1 c,up,0.33,10,20,30,cancelled,True,55,55,0,0,False,False,,0,0.475,,,True,1,0.67,0,0,0.0030954,,,,,0.364037,1989332,1re moitié,ETH 5m
eth-updown-5m-1790399100,eth,5m,1790399100,fair_value,± 1 c,down,0.51,10,20,30,cancelled,True,59.82,18,0,0,False,False,,0,0.475,,,True,0,-0.51,-0,-0,0.0034986,,,,,0.364037,1989332,1re moitié,ETH 5m
eth-updown-5m-1790399100,eth,5m,1790399100,fair_value,± 1 c,up,0.35,10,30,40,cancelled,True,138,138,0,0,False,False,,0,0.395,,,True,1,0.65,0,0,0.003185,,,,,0.33004,1989332,1re moitié,ETH 5m
eth-updown-5m-1790399100,eth,5m,1790399100,fair_value,± 1 c,down,0.6,10,30,40,cancelled,True,138.25,0,0,0,False,False,,0,0.395,,,True,0,-0.6,-0,-0,0.00336,,,,,0.33004,1989332,1re moitié,ETH 5m
eth-updown-5m-1790399100,eth,5m,1790399100,fair_value,± 1 c,up,0.32,10,40,50,cancelled,True,138,138,0,0,False,False,,0,0.415,,,True,1,0.68,0,0,0.0030464,,,,,0.323403,1989332,1re moitié,ETH 5m
eth-updown-5m-1790399100,eth,5m,1790399100,fair_value,± 1 c,down,0.58,10,40,50,filled,True,195.26,0,10,1,True,True,traversal,0,0.415,49.561,9.261,True,0,-0.58,-5.8,-0.58,0.0034104,,,,,0.323403,1989332,1re moitié,ETH 5m
eth-updown-5m-1790399100,eth,5m,1790399100,fair_value,± 1 c,up,0.31,10,50,60,cancelled,True,50,30,0,0,False,False,,0,0.455,,,True,1,0.69,0,0,0.0029946,,,,,0.346951,1989332,1re moitié,ETH 5m
eth-updown-5m-1790399100,eth,5m,1790399100,fair_value,± 1 c,down,0.54,10,50,60,filled,True,9.16,0,10,1,True,True,queue,20.41,0.455,50.487,0.187,True,0,-0.54,-5.4,-0.54,0.0034776,,,,,0.346951,1989332,1re moitié,ETH 5m
eth-updown-5m-1790399100,eth,5m,1790399100,fair_value,± 1 c,up,0.33,10,60,70,cancelled,True,170.89,30,0,0,False,False,,0,0.365,,,True,1,0.67,0,0,0.0030954,,,,,0.338462,1989332,1re moitié,ETH 5m
eth-updown-5m-1790399100,eth,5m,1790399100,fair_value,± 1 c,down,0.63,10,60,70,filled,True,200.55,0,10,1,True,True,traversal,6,0.365,63.136,2.836,True,0,-0.63,-6.3,-0.63,0.0032634,,,,,0.338462,1989332,1re moitié,ETH 5m
eth-updown-5m-1790399100,eth,5m,1790399100,fair_value,± 1 c,up,0.32,10,70,80,cancelled,True,30,30,0,0,False,False,,0,0.375,,,True,1,0.68,0,0,0.0030464,,,,,0.329749,1989332,1re moitié,ETH 5m
eth-updown-5m-1790399100,eth,5m,1790399100,fair_value,± 1 c,down,0.62,10,70,80,cancelled,True,5,0,0,0,False,False,,0,0.375,,,True,0,-0.62,-0,-0,0.0032984,,,,,0.329749,1989332,1re moitié,ETH 5m
eth-updown-5m-1790399100,eth,5m,1790399100,fair_value,± 1 c,up,0.31,10,80,90,cancelled,True,158,158,0,0,False,False,,0,0.405,,,True,1,0.69,0,0,0.0029946,,,,,0.29291,1989332,1re moitié,ETH 5m
eth-updown-5m-1790399100,eth,5m,1790399100,fair_value,± 1 c,down,0.58,10,80,90,filled,True,100.26,0,10,1,True,True,traversal,0,0.405,89.956,9.656,True,0,-0.58,-5.8,-0.58,0.0034104,,,,,0.29291,1989332,1re moitié,ETH 5m
eth-updown-5m-1790399100,eth,5m,1790399100,fair_value,± 1 c,up,0.28,10,90,100,cancelled,True,50,50,0,0,False,False,,0,0.435,,,True,1,0.72,0,0,0.0028224,,,,,0.288695,1989332,1re moitié,ETH 5m
eth-updown-5m-1790399100,eth,5m,1790399100,fair_value,± 1 c,up,0.27,10,100,110,cancelled,True,50,50,0,0,False,False,,0,0.425,,,True,1,0.73,0,0,0.0027594,,,,,0.312847,1989332,1re moitié,ETH 5m
eth-updown-5m-1790399100,eth,5m,1790399100,fair_value,± 1 c,down,0.57,10,90,110,filled,True,0,0,10,1,True,True,traversal,0,0.435,102.509,12.209,True,0,-0.57,-5.7,-0.57,0.0034314,,,,,0.312847,1989332,1re moitié,ETH 5m
eth-updown-5m-1790399100,eth,5m,1790399100,fair_value,± 1 c,up,0.3,10,110,120,cancelled,True,55,50,0,0,False,False,,0,0.455,,,True,1,0.7,0,0,0.00294,,,,,0.302419,1989332,1re moitié,ETH 5m
eth-updown-5m-1790399100,eth,5m,1790399100,fair_value,± 1 c,up,0.29,10,120,130,cancelled,True,75,50,0,0,False,False,,0,0.475,,,True,1,0.71,0,0,0.0028826,,,,,0.291394,1989332,1re moitié,ETH 5m
eth-updown-5m-1790399100,eth,5m,1790399100,fair_value,± 1 c,down,0.53,10,110,130,filled,True,50.12,0,10,1,True,True,traversal,58.1915,0.455,111.193,0.893,True,0,-0.53,-5.3,-0.53,0.0034874,,,,,0.291394,1989332,1re moitié,ETH 5m
eth-updown-5m-1790399100,eth,5m,1790399100,fair_value,± 1 c,up,0.28,10,130,140,cancelled,True,50,30,0,0,False,False,,0,0.455,,,True,1,0.72,0,0,0.0028224,,,,,0.279398,1989332,1re moitié,ETH 5m
eth-updown-5m-1790399100,eth,5m,1790399100,fair_value,± 1 c,down,0.54,10,130,140,filled,True,10.5,0,10,1,True,True,traversal,0,0.455,136.722,6.422,True,0,-0.54,-5.4,-0.54,0.0034776,,,,,0.279398,1989332,1re moitié,ETH 5m
eth-updown-5m-1790399100,eth,5m,1790399100,fair_value,± 1 c,up,0.26,10,140,150,cancelled,True,50,50,0,0,False,False,,0,0.405,,,True,1,0.74,0,0,0.0026936,,,,,0.224778,1989332,1re moitié,ETH 5m
eth-updown-5m-1790399100,eth,5m,1790399100,fair_value,± 1 c,down,0.59,10,140,150,cancelled,True,50,8,0,0,False,False,,0,0.405,,,True,0,-0.59,-0,-0,0.0033866,,,,,0.224778,1989332,1re moitié,ETH 5m
eth-updown-5m-1790399100,eth,5m,1790399100,fair_value,± 1 c,up,0.21,10,150,160,cancelled,True,86.42,56.42,0,0,False,False,,0,0.365,,,True,1,0.79,0,0,0.0023226,,,,,0.248898,1989332,1re moitié,ETH 5m
eth-updown-5m-1790399100,eth,5m,1790399100,fair_value,± 1 c,down,0.63,10,150,160,filled,True,55,0,10,1,True,True,traversal,0,0.365,156.245,5.945,True,0,-0.63,-6.3,-0.63,0.0032634,,,,,0.248898,1989332,1re moitié,ETH 5m
eth-updown-5m-1790399100,eth,5m,1790399100,fair_value,± 1 c,up,0.23,10,160,170,cancelled,True,83.34,50,0,0,False,False,,0,0.395,,,True,1,0.77,0,0,0.0024794,,,,,0.189029,1989332,1re moitié,ETH 5m
eth-updown-5m-1790399100,eth,5m,1790399100,fair_value,± 1 c,up,0.17,10,170,180,cancelled,True,55.68,55.68,0,0,False,False,,0,0.395,,,True,1,0.83,0,0,0.0019754,,,,,0.212991,1989332,1re moitié,ETH 5m
eth-updown-5m-1790399100,eth,5m,1790399100,fair_value,± 1 c,down,0.6,10,160,180,filled,True,82.29,0,10,1,True,True,queue,10.41,0.395,168.06,7.76,True,0,-0.6,-6,-0.6,0.00336,,,,,0.212991,1989332,1re moitié,ETH 5m
eth-updown-5m-1790399100,eth,5m,1790399100,fair_value,± 1 c,up,0.2,10,180,190,cancelled,True,50,25,0,0,False,False,,0,0.345,,,True,1,0.8,0,0,0.00224,,,,,0.189314,1989332,1re moitié,ETH 5m
eth-updown-5m-1790399100,eth,5m,1790399100,fair_value,± 1 c,down,0.65,10,180,190,filled,True,378.01,0,10,1,True,True,traversal,67.43,0.345,183.667,3.367,True,0,-0.65,-6.5,-0.65,0.003185,,,,,0.189314,1989332,1re moitié,ETH 5m
eth-updown-5m-1790399100,eth,5m,1790399100,fair_value,± 1 c,up,0.17,10,190,200,cancelled,True,31.29,31.29,0,0,False,False,,0,0.445,,,True,1,0.83,0,0,0.0019754,,,,,0.16305,1989332,1re moitié,ETH 5m
eth-updown-5m-1790399100,eth,5m,1790399100,fair_value,± 1 c,down,0.55,10,190,200,filled,True,61.5,0,10,1,True,True,traversal,6.22222,0.445,194.616,4.316,True,0,-0.55,-5.5,-0.55,0.003465,,,,,0.16305,1989332,1re moitié,ETH 5m
eth-updown-5m-1790399100,eth,5m,1790399100,fair_value,± 1 c,up,0.15,10,200,210,cancelled,True,40.39,40.39,0,0,False,False,,0,0.545,,,True,1,0.85,0,0,0.001785,,,,,0.0880956,1989332,1re moitié,ETH 5m
eth-updown-5m-1790399100,eth,5m,1790399100,fair_value,± 1 c,down,0.45,10,200,210,cancelled,True,111.5,20.5,0,0,False,False,,0,0.545,,,True,0,-0.45,-0,-0,0.003465,,,,,0.0880956,1989332,1re moitié,ETH 5m
eth-updown-5m-1790399100,eth,5m,1790399100,fair_value,± 1 c,up,0.07,10,210,220,cancelled,True,560.91,560.91,0,0,False,False,,0,0.465,,,True,1,0.93,0,0,0.0009114,,,,,0.848707,1989332,1re moitié,ETH 5m
eth-updown-5m-1790399100,eth,5m,1790399100,fair_value,± 1 c,down,0.54,10,210,220,crossing,False,,,0,0,False,False,,0,0.465,,,True,0,-0.54,-0,-0,0.0034776,,,,,0.848707,1989332,1re moitié,ETH 5m
eth-updown-5m-1790399100,eth,5m,1790399100,fair_value,± 1 c,up,0.83,10,220,230,cancelled,True,25,16,0,0,False,False,,0,0.895,,,True,1,0.17,0,0,0.0019754,,,,,0.895651,1989332,1re moitié,ETH 5m
eth-updown-5m-1790399100,eth,5m,1790399100,fair_value,± 1 c,down,0.11,10,220,230,crossing,False,,,0,0,False,False,,0,0.895,,,True,0,-0.11,-0,-0,0.0013706,,,,,0.895651,1989332,1re moitié,ETH 5m
eth-updown-5m-1790399100,eth,5m,1790399100,fair_value,± 1 c,up,0.88,10,230,240,cancelled,True,69.6,25,0,0,False,False,,0,0.935,,,True,1,0.12,0,0,0.0014784,,,,,0.948732,1989332,1re moitié,ETH 5m
eth-updown-5m-1790399100,eth,5m,1790399100,fair_value,± 1 c,down,0.06,10,230,240,filled,True,50,0,10,1,True,True,traversal,0,0.935,233.702,3.402,True,0,-0.06,-0.6,-0.06,0.0007896,,,,,0.948732,1989332,1re moitié,ETH 5m
eth-updown-5m-1790399100,eth,5m,1790399100,fair_value,± 1 c,up,0.93,10,240,250,cancelled,True,30,20,0,0,False,False,,0,0.955,,,True,1,0.07,0,0,0.0009114,,,,,0.998859,1989332,1re moitié,ETH 5m
eth-updown-5m-1790399400,eth,5m,1790399400,signal,0.48/S+0,up,0.48,10,-30,0,crossing,False,,,0,0,False,False,,0,0.475,,,False,0,-0.48,-0,-0,0.0034944,0.48,0,3.09831e-06,,,1989332,1re moitié,ETH 5m
eth-updown-5m-1790399400,eth,5m,1790399400,signal,0.48/S+30,up,0.48,10,-30,30,crossing,False,,,0,0,False,False,,0,0.475,,,False,0,-0.48,-0,-0,0.0034944,0.48,30,3.09831e-06,,,1989332,1re moitié,ETH 5m
eth-updown-5m-1790399400,eth,5m,1790399400,signal,0.48/S+60,up,0.48,10,-30,60,crossing,False,,,0,0,False,False,,0,0.475,,,False,0,-0.48,-0,-0,0.0034944,0.48,60,3.09831e-06,,,1989332,1re moitié,ETH 5m
eth-updown-5m-1790399400,eth,5m,1790399400,signal,0.49/S+0,up,0.49,10,-30,0,crossing,False,,,0,0,False,False,,0,0.475,,,False,0,-0.49,-0,-0,0.0034986,0.49,0,3.09831e-06,,,1989332,1re moitié,ETH 5m
eth-updown-5m-1790399400,eth,5m,1790399400,signal,0.49/S+30,up,0.49,10,-30,30,crossing,False,,,0,0,False,False,,0,0.475,,,False,0,-0.49,-0,-0,0.0034986,0.49,30,3.09831e-06,,,1989332,1re moitié,ETH 5m
eth-updown-5m-1790399400,eth,5m,1790399400,signal,0.49/S+60,up,0.49,10,-30,60,crossing,False,,,0,0,False,False,,0,0.475,,,False,0,-0.49,-0,-0,0.0034986,0.49,60,3.09831e-06,,,1989332,1re moitié,ETH 5m
eth-updown-5m-1790399400,eth,5m,1790399400,signal,0.50/S+0,up,0.5,10,-30,0,crossing,False,,,0,0,False,False,,0,0.475,,,False,0,-0.5,-0,-0,0.0035,0.5,0,3.09831e-06,,,1989332,1re moitié,ETH 5m
eth-updown-5m-1790399400,eth,5m,1790399400,signal,0.50/S+30,up,0.5,10,-30,30,crossing,False,,,0,0,False,False,,0,0.475,,,False,0,-0.5,-0,-0,0.0035,0.5,30,3.09831e-06,,,1989332,1re moitié,ETH 5m
eth-updown-5m-1790399400,eth,5m,1790399400,signal,0.50/S+60,up,0.5,10,-30,60,crossing,False,,,0,0,False,False,,0,0.475,,,False,0,-0.5,-0,-0,0.0035,0.5,60,3.09831e-06,,,1989332,1re moitié,ETH 5m
eth-updown-5m-1790399400,eth,5m,1790399400,two_sided,0.49/S+0,up,0.49,10,-60,0,filled,True,30,0,10,1,True,True,queue,13.9608,0.495,-33.729,25.971,False,0,-0.49,-4.9,-0.49,0.0034986,0.49,0,,0,,1989332,1re moitié,ETH 5m
eth-updown-5m-1790399400,eth,5m,1790399400,two_sided,0.49/S+0,down,0.49,10,-60,0,cancelled,True,60.38,10,0,0,False,False,,0,0.495,,,False,1,0.51,0,0,0.0034986,0.49,0,,0,,1989332,1re moitié,ETH 5m
eth-updown-5m-1790399400,eth,5m,1790399400,two_sided,0.49/S+30,up,0.49,10,-60,30,filled,True,30,0,10,1,True,True,queue,13.9608,0.495,-33.729,25.971,False,0,-0.49,-4.9,-0.49,0.0034986,0.49,30,,30,,1989332,1re moitié,ETH 5m
eth-updown-5m-1790399400,eth,5m,1790399400,two_sided,0.49/S+30,down,0.49,10,-60,30,cancelled,True,60.38,0,0,0,False,False,,8.88235,0.495,,,False,1,0.51,0,0,0.0034986,0.49,30,,30,,1989332,1re moitié,ETH 5m
eth-updown-5m-1790399400,eth,5m,1790399400,two_sided,0.49/S+60,up,0.49,10,-60,60,filled,True,30,0,10,1,True,True,queue,13.9608,0.495,-33.729,25.971,False,0,-0.49,-4.9,-0.49,0.0034986,0.49,60,,60,,1989332,1re moitié,ETH 5m
eth-updown-5m-1790399400,eth,5m,1790399400,two_sided,0.49/S+60,down,0.49,10,-60,60,cancelled,True,60.38,0,0,0,False,False,,8.88235,0.495,,,False,1,0.51,0,0,0.0034986,0.49,60,,60,,1989332,1re moitié,ETH 5m
eth-updown-5m-1790399400,eth,5m,1790399400,fair_value,± 1 c,up,0.37,10,10,20,filled,True,35,0,10,1,True,True,traversal,10.4762,0.375,11.807,1.507,False,0,-0.37,-3.7,-0.37,0.0032634,,,,,0.313481,1989332,1re moitié,ETH 5m
eth-updown-5m-1790399400,eth,5m,1790399400,fair_value,± 1 c,down,0.47,10,10,20,cancelled,True,65,35,0,0,False,False,,0,0.375,,,False,1,0.53,0,0,0.0034874,,,,,0.313481,1989332,1re moitié,ETH 5m
eth-updown-5m-1790399400,eth,5m,1790399400,fair_value,± 1 c,up,0.27,10,20,30,filled,True,91.07,0,10,1,True,True,traversal,12,0.275,25.573,5.273,False,0,-0.27,-2.7,-0.27,0.0027594,,,,,0.298604,1989332,1re moitié,ETH 5m
eth-updown-5m-1790399400,eth,5m,1790399400,fair_value,± 1 c,down,0.67,10,20,30,cancelled,True,133,118,0,0,False,False,,0,0.275,,,False,1,0.33,0,0,0.0030954,,,,,0.298604,1989332,1re moitié,ETH 5m
eth-updown-5m-1790399400,eth,5m,1790399400,fair_value,± 1 c,up,0.26,10,30,40,cancelled,True,25,0,0,0,False,False,,13,0.265,,,False,0,-0.26,-0,-0,0.0026936,,,,,0.300114,1989332,1re moitié,ETH 5m
eth-updown-5m-1790399400,eth,5m,1790399400,fair_value,± 1 c,down,0.69,10,30,40,cancelled,True,133,78.2,0,0,False,False,,0,0.265,,,False,1,0.31,0,0,0.0029946,,,,,0.300114,1989332,1re moitié,ETH 5m
eth-updown-5m-1790399400,eth,5m,1790399400,fair_value,± 1 c,up,0.28,10,40,50,filled,True,114.48,0,10,1,True,True,queue,135.157,0.285,40.479,0.179,False,0,-0.28,-2.8,-0.28,0.0028224,,,,,0.26855,1989332,1re moitié,ETH 5m
eth-updown-5m-1790399400,eth,5m,1790399400,fair_value,± 1 c,down,0.68,10,40,50,cancelled,True,154.9,154.9,0,0,False,False,,0,0.285,,,False,1,0.32,0,0,0.0030464,,,,,0.26855,1989332,1re moitié,ETH 5m
eth-updown-5m-1790399400,eth,5m,1790399400,fair_value,± 1 c,up,0.25,10,50,60,filled,True,25,0,10,1,True,True,traversal,6,0.265,55.72,5.42,False,0,-0.25,-2.5,-0.25,0.002625,,,,,0.255393,1989332,1re moitié,ETH 5m
eth-updown-5m-1790399400,eth,5m,1790399400,fair_value,± 1 c,down,0.72,10,50,60,cancelled,True,278.89,57.9,0,0,False,False,,0,0.265,,,False,1,0.28,0,0,0.0028224,,,,,0.255393,1989332,1re moitié,ETH 5m
eth-updown-5m-1790399400,eth,5m,1790399400,fair_value,± 1 c,up,0.23,10,60,70,filled,True,0,0,10,1,True,True,traversal,0,0.23,63.857,3.557,False,0,-0.23,-2.3,-0.23,0.0024794,,,,,0.169491,1989332,1re moitié,ETH 5m
eth-updown-5m-1790399400,eth,5m,1790399400,fair_value,± 1 c,down,0.73,10,60,70,cancelled,True,58.2,58.2,0,0,False,False,,0,0.23,,,False,1,0.27,0,0,0.0027594,,,,,0.169491,1989332,1re moitié,ETH 5m
eth-updown-5m-1790399400,eth,5m,1790399400,fair_value,± 1 c,down,0.79,10,70,80,cancelled,True,220.32,32,0,0,False,False,,0,0.205,,,False,1,0.21,0,0,0.0023226,,,,,0.162827,1989332,1re moitié,ETH 5m
eth-updown-5m-1790399400,eth,5m,1790399400,fair_value,± 1 c,up,0.15,10,70,90,cancelled,True,190,140,0,0,False,False,,0,0.205,,,False,0,-0.15,-0,-0,0.001785,,,,,0.131435,1989332,1re moitié,ETH 5m
eth-updown-5m-1790399400,eth,5m,1790399400,fair_value,± 1 c,down,0.8,10,80,90,cancelled,True,152.66,152.66,0,0,False,False,,0,0.195,,,False,1,0.2,0,0,0.00224,,,,,0.131435,1989332,1re moitié,ETH 5m
eth-updown-5m-1790399400,eth,5m,1790399400,fair_value,± 1 c,up,0.12,10,90,100,cancelled,True,148,142,0,0,False,False,,0,0.185,,,False,0,-0.12,-0,-0,0.0014784,,,,,0.122525,1989332,1re moitié,ETH 5m
eth-updown-5m-1790399400,eth,5m,1790399400,fair_value,± 1 c,down,0.81,10,90,100,filled,True,190.02,0,10,1,True,True,traversal,12,0.185,96.072,5.772,False,1,0.19,1.9,0.19,0.0021546,,,,,0.122525,1989332,1re moitié,ETH 5m
eth-updown-5m-1790399400,eth,5m,1790399400,fair_value,± 1 c,up,0.11,10,100,110,cancelled,True,413,393,0,0,False,False,,0,0.205,,,False,0,-0.11,-0,-0,0.0013706,,,,,0.0952653,1989332,1re moitié,ETH 5m
eth-updown-5m-1790399400,eth,5m,1790399400,fair_value,± 1 c,down,0.79,10,100,110,filled,True,341.89,0,10,1,True,True,traversal,6,0.205,107.928,7.628,False,1,0.21,2.1,0.21,0.0023226,,,,,0.0952653,1989332,1re moitié,ETH 5m
eth-updown-5m-1790399400,eth,5m,1790399400,fair_value,± 1 c,up,0.08,10,110,120,cancelled,True,85.29,15,0,0,False,False,,0,0.195,,,False,0,-0.08,-0,-0,0.0010304,,,,,0.0778618,1989332,1re moitié,ETH 5m
eth-updown-5m-1790399400,eth,5m,1790399400,fair_value,± 1 c,down,0.8,10,110,120,cancelled,True,212.43,69.3,0,0,False,False,,0,0.195,,,False,1,0.2,0,0,0.00224,,,,,0.0778618,1989332,1re moitié,ETH 5m
eth-updown-5m-1790399400,eth,5m,1790399400,fair_value,± 1 c,up,0.06,10,120,130,filled,True,303,0,10,1,True,True,traversal,16,0.085,127.541,7.241,False,0,-0.06,-0.6,-0.06,0.0007896,,,,,0.0302369,1989332,1re moitié,ETH 5m
eth-updown-5m-1790399400,eth,5m,1790399400,fair_value,± 1 c,down,0.91,10,120,130,cancelled,True,6,0,0,0,False,False,,0,0.085,,,False,1,0.09,0,0,0.0011466,,,,,0.0302369,1989332,1re moitié,ETH 5m
eth-updown-5m-1790399400,eth,5m,1790399400,fair_value,± 1 c,down,0.93,10,130,140,filled,True,116.15,0,10,1,True,True,queue,135.15,0.065,136.645,6.345,False,1,0.07,0.7,0.07,0.0009114,,,,,0.0175377,1989332,1re moitié,ETH 5m
eth-updown-5m-1790399400,eth,5m,1790399400,fair_value,± 1 c,down,0.94,10,140,150,cancelled,True,128.85,59.29,0,0,False,False,,0,0.055,,,False,1,0.06,0,0,0.0007896,,,,,0.0525065,1989332,1re moitié,ETH 5m
eth-updown-5m-1790399400,eth,5m,1790399400,fair_value,± 1 c,down,0.93,10,150,160,cancelled,True,89.9,85.9,0,0,False,False,,0,0.025,,,False,1,0.07,0,0,0.0009114,,,,,0.0355688,1989332,1re moitié,ETH 5m
eth-updown-5m-1790399700,eth,5m,1790399700,signal,0.48/S+0,up,0.48,10,-30,0,filled,True,10.42,0,10,1,True,True,traversal,0,0.485,-0.807,28.893,False,0,-0.48,-4.8,-0.48,0.0034944,0.48,0,1.736e-06,,,1989333,1re moitié,ETH 5m
eth-updown-5m-1790399700,eth,5m,1790399700,signal,0.48/S+30,up,0.48,10,-30,30,filled,True,10.42,0,10,1,True,True,traversal,0,0.485,-0.807,28.893,False,0,-0.48,-4.8,-0.48,0.0034944,0.48,30,1.736e-06,,,1989333,1re moitié,ETH 5m
eth-updown-5m-1790399700,eth,5m,1790399700,signal,0.48/S+60,up,0.48,10,-30,60,filled,True,10.42,0,10,1,True,True,traversal,0,0.485,-0.807,28.893,False,0,-0.48,-4.8,-0.48,0.0034944,0.48,60,1.736e-06,,,1989333,1re moitié,ETH 5m
eth-updown-5m-1790399700,eth,5m,1790399700,signal,0.49/S+0,up,0.49,10,-30,0,crossing,False,,,0,0,False,False,,0,0.485,,,False,0,-0.49,-0,-0,0.0034986,0.49,0,1.736e-06,,,1989333,1re moitié,ETH 5m
eth-updown-5m-1790399700,eth,5m,1790399700,signal,0.49/S+30,up,0.49,10,-30,30,crossing,False,,,0,0,False,False,,0,0.485,,,False,0,-0.49,-0,-0,0.0034986,0.49,30,1.736e-06,,,1989333,1re moitié,ETH 5m
eth-updown-5m-1790399700,eth,5m,1790399700,signal,0.49/S+60,up,0.49,10,-30,60,crossing,False,,,0,0,False,False,,0,0.485,,,False,0,-0.49,-0,-0,0.0034986,0.49,60,1.736e-06,,,1989333,1re moitié,ETH 5m
eth-updown-5m-1790399700,eth,5m,1790399700,signal,0.50/S+0,up,0.5,10,-30,0,crossing,False,,,0,0,False,False,,0,0.485,,,False,0,-0.5,-0,-0,0.0035,0.5,0,1.736e-06,,,1989333,1re moitié,ETH 5m
eth-updown-5m-1790399700,eth,5m,1790399700,signal,0.50/S+30,up,0.5,10,-30,30,crossing,False,,,0,0,False,False,,0,0.485,,,False,0,-0.5,-0,-0,0.0035,0.5,30,1.736e-06,,,1989333,1re moitié,ETH 5m
eth-updown-5m-1790399700,eth,5m,1790399700,signal,0.50/S+60,up,0.5,10,-30,60,crossing,False,,,0,0,False,False,,0,0.485,,,False,0,-0.5,-0,-0,0.0035,0.5,60,1.736e-06,,,1989333,1re moitié,ETH 5m
eth-updown-5m-1790399700,eth,5m,1790399700,two_sided,0.49/S+0,up,0.49,10,-60,0,filled,True,50,0,10,1,True,True,traversal,1.96079,0.495,-45.056,14.644,False,0,-0.49,-4.9,-0.49,0.0034986,0.49,0,,0,,1989333,1re moitié,ETH 5m
eth-updown-5m-1790399700,eth,5m,1790399700,two_sided,0.49/S+0,down,0.49,10,-60,0,cancelled,True,65.38,10,0,0,False,False,,7,0.495,,,False,1,0.51,0,0,0.0034986,0.49,0,,0,,1989333,1re moitié,ETH 5m
eth-updown-5m-1790399700,eth,5m,1790399700,two_sided,0.49/S+30,up,0.49,10,-60,30,filled,True,50,0,10,1,True,True,traversal,1.96079,0.495,-45.056,14.644,False,0,-0.49,-4.9,-0.49,0.0034986,0.49,30,,30,,1989333,1re moitié,ETH 5m
eth-updown-5m-1790399700,eth,5m,1790399700,two_sided,0.49/S+30,down,0.49,10,-60,30,cancelled,True,65.38,0,0,0,False,False,,7,0.495,,,False,1,0.51,0,0,0.0034986,0.49,30,,30,,1989333,1re moitié,ETH 5m
eth-updown-5m-1790399700,eth,5m,1790399700,two_sided,0.49/S+60,up,0.49,10,-60,60,filled,True,50,0,10,1,True,True,traversal,1.96079,0.495,-45.056,14.644,False,0,-0.49,-4.9,-0.49,0.0034986,0.49,60,,60,,1989333,1re moitié,ETH 5m
eth-updown-5m-1790399700,eth,5m,1790399700,two_sided,0.49/S+60,down,0.49,10,-60,60,cancelled,True,65.38,0,0,0,False,False,,7,0.495,,,False,1,0.51,0,0,0.0034986,0.49,60,,60,,1989333,1re moitié,ETH 5m
eth-updown-5m-1790399700,eth,5m,1790399700,fair_value,± 1 c,up,0.26,10,10,20,cancelled,True,161.27,0,0,0,False,False,,0,0.265,,,False,0,-0.26,-0,-0,0.0026936,,,,,0.302822,1989333,1re moitié,ETH 5m
eth-updown-5m-1790399700,eth,5m,1790399700,fair_value,± 1 c,down,0.62,10,10,20,cancelled,True,413,204,0,0,False,False,,0,0.265,,,False,1,0.38,0,0,0.0032984,,,,,0.302822,1989333,1re moitié,ETH 5m
eth-updown-5m-1790399700,eth,5m,1790399700,fair_value,± 1 c,down,0.68,10,20,30,cancelled,True,398,163,0,0,False,False,,0,0.245,,,False,1,0.32,0,0,0.0030464,,,,,0.262066,1989333,1re moitié,ETH 5m
eth-updown-5m-1790399700,eth,5m,1790399700,fair_value,± 1 c,up,0.25,10,20,40,crossing,False,,,0,0,False,False,,0,0.245,,,False,0,-0.25,-0,-0,0.002625,,,,,0.240037,1989333,1re moitié,ETH 5m
eth-updown-5m-1790399700,eth,5m,1790399700,fair_value,± 1 c,down,0.72,10,30,40,cancelled,True,194,126,0,0,False,False,,0,0.265,,,False,1,0.28,0,0,0.0028224,,,,,0.240037,1989333,1re moitié,ETH 5m
eth-updown-5m-1790399700,eth,5m,1790399700,fair_value,± 1 c,up,0.22,10,40,50,filled,True,42,0,10,1,True,True,traversal,22,0.225,46.275,5.975,False,0,-0.22,-2.2,-0.22,0.0024024,,,,,0.222917,1989333,1re moitié,ETH 5m
eth-updown-5m-1790399700,eth,5m,1790399700,fair_value,± 1 c,down,0.74,10,40,50,cancelled,True,153,153,0,0,False,False,,0,0.225,,,False,1,0.26,0,0,0.0026936,,,,,0.222917,1989333,1re moitié,ETH 5m
eth-updown-5m-1790399700,eth,5m,1790399700,fair_value,± 1 c,up,0.2,10,50,60,cancelled,True,39.24,26.94,0,0,False,False,,0,0.205,,,False,0,-0.2,-0,-0,0.00224,,,,,0.202241,1989333,1re moitié,ETH 5m
eth-updown-5m-1790399700,eth,5m,1790399700,fair_value,± 1 c,down,0.76,10,50,60,cancelled,True,161,126,0,0,False,False,,0,0.205,,,False,1,0.24,0,0,0.0025536,,,,,0.202241,1989333,1re moitié,ETH 5m
eth-updown-5m-1790399700,eth,5m,1790399700,fair_value,± 1 c,up,0.19,10,60,70,filled,True,283,0,10,1,True,True,traversal,25,0.205,64.181,3.881,False,0,-0.19,-1.9,-0.19,0.0021546,,,,,0.166063,1989333,1re moitié,ETH 5m
eth-updown-5m-1790399700,eth,5m,1790399700,fair_value,± 1 c,down,0.78,10,60,70,cancelled,True,49,33,0,0,False,False,,0,0.205,,,False,1,0.22,0,0,0.0024024,,,,,0.166063,1989333,1re moitié,ETH 5m
eth-updown-5m-1790399700,eth,5m,1790399700,fair_value,± 1 c,up,0.14,10,70,80,filled,True,33,0,10,1,True,True,traversal,0,0.145,72.214,1.914,False,0,-0.14,-1.4,-0.14,0.0016856,,,,,0.123208,1989333,1re moitié,ETH 5m
eth-updown-5m-1790399700,eth,5m,1790399700,fair_value,± 1 c,down,0.82,10,70,80,cancelled,True,33,25,0,0,False,False,,0,0.145,,,False,1,0.18,0,0,0.0020664,,,,,0.123208,1989333,1re moitié,ETH 5m
eth-updown-5m-1790399700,eth,5m,1790399700,fair_value,± 1 c,up,0.11,10,80,90,cancelled,True,60,0,0,0,False,False,,0,0.135,,,False,0,-0.11,-0,-0,0.0013706,,,,,0.0656421,1989333,1re moitié,ETH 5m
eth-updown-5m-1790399700,eth,5m,1790399700,fair_value,± 1 c,down,0.86,10,80,90,cancelled,True,283.93,143,0,0,False,False,,0,0.135,,,False,1,0.14,0,0,0.0016856,,,,,0.0656421,1989333,1re moitié,ETH 5m
eth-updown-5m-1790399700,eth,5m,1790399700,fair_value,± 1 c,up,0.05,10,90,100,cancelled,True,457.7,99.7,0,0,False,False,,0,0.105,,,False,0,-0.05,-0,-0,0.000665,,,,,0.153728,1989333,1re moitié,ETH 5m
eth-updown-5m-1790399700,eth,5m,1790399700,fair_value,± 1 c,down,0.89,10,90,100,filled,True,164.22,0,10,1,True,True,traversal,0,0.105,91.691,1.391,False,1,0.11,1.1,0.11,0.0013706,,,,,0.153728,1989333,1re moitié,ETH 5m
eth-updown-5m-1790399700,eth,5m,1790399700,fair_value,± 1 c,up,0.14,10,100,110,cancelled,True,246.15,211.15,0,0,False,False,,0,0.205,,,False,0,-0.14,-0,-0,0.0016856,,,,,0.131348,1989333,1re moitié,ETH 5m
eth-updown-5m-1790399700,eth,5m,1790399700,fair_value,± 1 c,down,0.79,10,100,110,cancelled,True,167.87,16,0,0,False,False,,0,0.205,,,False,1,0.21,0,0,0.0023226,,,,,0.131348,1989333,1re moitié,ETH 5m
eth-updown-5m-1790399700,eth,5m,1790399700,fair_value,± 1 c,up,0.12,10,110,120,cancelled,True,203,203,0,0,False,False,,0,0.185,,,False,0,-0.12,-0,-0,0.0014784,,,,,0.109231,1989333,1re moitié,ETH 5m
eth-updown-5m-1790399700,eth,5m,1790399700,fair_value,± 1 c,down,0.81,10,110,120,cancelled,True,160.53,59.93,0,0,False,False,,0,0.185,,,False,1,0.19,0,0,0.0021546,,,,,0.109231,1989333,1re moitié,ETH 5m
eth-updown-5m-1790399700,eth,5m,1790399700,fair_value,± 1 c,up,0.09,10,120,130,cancelled,True,196.7,0,0,0,False,False,,0,0.175,,,False,0,-0.09,-0,-0,0.0011466,,,,,0.0794571,1989333,1re moitié,ETH 5m
eth-updown-5m-1790399700,eth,5m,1790399700,fair_value,± 1 c,down,0.82,10,120,130,cancelled,True,181.84,62.6,0,0,False,False,,0,0.175,,,False,1,0.18,0,0,0.0020664,,,,,0.0794571,1989333,1re moitié,ETH 5m
eth-updown-5m-1790399700,eth,5m,1790399700,fair_value,± 1 c,up,0.06,10,130,140,cancelled,True,247.1,73,0,0,False,False,,0,0.125,,,False,0,-0.06,-0,-0,0.0007896,,,,,0.0599248,1989333,1re moitié,ETH 5m
eth-updown-5m-1790399700,eth,5m,1790399700,fair_value,± 1 c,down,0.87,10,130,140,cancelled,True,68.23,24.24,0,0,False,False,,0,0.125,,,False,1,0.13,0,0,0.0015834,,,,,0.0599248,1989333,1re moitié,ETH 5m
eth-updown-5m-1790399700,eth,5m,1790399700,fair_value,± 1 c,down,0.91,10,140,150,cancelled,True,115.97,28,0,0,False,False,,0,0.085,,,False,1,0.09,0,0,0.0011466,,,,,0.0234739,1989333,1re moitié,ETH 5m
eth-updown-5m-1790399700,eth,5m,1790399700,fair_value,± 1 c,down,0.92,10,150,160,cancelled,True,105.21,0,0,0,False,False,,0,0.075,,,False,1,0.08,0,0,0.0010304,,,,,0.0126917,1989333,1re moitié,ETH 5m
eth-updown-5m-1790399700,eth,5m,1790399700,fair_value,± 1 c,down,0.9,10,160,170,cancelled,True,136.45,50,0,0,False,False,,0,0.095,,,False,1,0.1,0,0,0.00126,,,,,0.00624561,1989333,1re moitié,ETH 5m
eth-updown-5m-1790399700,eth,5m,1790399700,fair_value,± 1 c,down,0.94,10,170,180,filled,True,5,0,10,1,True,True,traversal,0,0.055,170.806,0.506,False,1,0.06,0.6,0.06,0.0007896,,,,,0.00252973,1989333,1re moitié,ETH 5m
eth-updown-5m-1790399700,eth,5m,1790399700,fair_value,± 1 c,down,0.93,10,180,190,filled,True,85.26,0,10,1,True,True,traversal,0,0.065,181.009,0.709,False,1,0.07,0.7,0.07,0.0009114,,,,,0.00370043,1989333,1re moitié,ETH 5m
eth-updown-5m-1790399700,eth,5m,1790399700,fair_value,± 1 c,down,0.92,10,190,200,filled,True,5,0,10,1,True,True,traversal,0,0.075,196.866,6.566,False,1,0.08,0.8,0.08,0.0010304,,,,,0.00162499,1989333,1re moitié,ETH 5m
eth-updown-5m-1790399700,eth,5m,1790399700,fair_value,± 1 c,down,0.93,10,200,210,cancelled,True,208.16,30,0,0,False,False,,0,0.065,,,False,1,0.07,0,0,0.0009114,,,,,0.000243874,1989333,1re moitié,ETH 5m
eth-updown-5m-1790400000,eth,5m,1790400000,signal,0.48/S+0,up,0.48,10,-30,0,cancelled,True,41.25,20.41,0,0,False,False,,0,0.625,,,True,1,0.52,0,0,0.0034944,0.48,0,0.000342484,,,1989333,1re moitié,ETH 5m
eth-updown-5m-1790400000,eth,5m,1790400000,signal,0.48/S+30,up,0.48,10,-30,30,cancelled,True,41.25,10,0,0,False,False,,0,0.625,,,True,1,0.52,0,0,0.0034944,0.48,30,0.000342484,,,1989333,1re moitié,ETH 5m
eth-updown-5m-1790400000,eth,5m,1790400000,signal,0.48/S+60,up,0.48,10,-30,60,cancelled,True,41.25,10,0,0,False,False,,0,0.625,,,True,1,0.52,0,0,0.0034944,0.48,60,0.000342484,,,1989333,1re moitié,ETH 5m
eth-updown-5m-1790400000,eth,5m,1790400000,signal,0.49/S+0,up,0.49,10,-30,0,cancelled,True,10.19,5,0,0,False,False,,0,0.625,,,True,1,0.51,0,0,0.0034986,0.49,0,0.000342484,,,1989333,1re moitié,ETH 5m
eth-updown-5m-1790400000,eth,5m,1790400000,signal,0.49/S+30,up,0.49,10,-30,30,cancelled,True,10.19,5,0,0,False,False,,0,0.625,,,True,1,0.51,0,0,0.0034986,0.49,30,0.000342484,,,1989333,1re moitié,ETH 5m
eth-updown-5m-1790400000,eth,5m,1790400000,signal,0.49/S+60,up,0.49,10,-30,60,cancelled,True,10.19,5,0,0,False,False,,0,0.625,,,True,1,0.51,0,0,0.0034986,0.49,60,0.000342484,,,1989333,1re moitié,ETH 5m
eth-updown-5m-1790400000,eth,5m,1790400000,signal,0.50/S+0,up,0.5,10,-30,0,cancelled,True,6,6,0,0,False,False,,0,0.625,,,True,1,0.5,0,0,0.0035,0.5,0,0.000342484,,,1989333,1re moitié,ETH 5m
eth-updown-5m-1790400000,eth,5m,1790400000,signal,0.50/S+30,up,0.5,10,-30,30,cancelled,True,6,6,0,0,False,False,,0,0.625,,,True,1,0.5,0,0,0.0035,0.5,30,0.000342484,,,1989333,1re moitié,ETH 5m
eth-updown-5m-1790400000,eth,5m,1790400000,signal,0.50/S+60,up,0.5,10,-30,60,cancelled,True,6,6,0,0,False,False,,0,0.625,,,True,1,0.5,0,0,0.0035,0.5,60,0.000342484,,,1989333,1re moitié,ETH 5m
eth-updown-5m-1790400000,eth,5m,1790400000,two_sided,0.49/S+0,up,0.49,10,-60,0,cancelled,True,50,5,0,0,False,False,,1.96079,0.505,,,True,1,0.51,0,0,0.0034986,0.49,0,,0,,1989333,1re moitié,ETH 5m
eth-updown-5m-1790400000,eth,5m,1790400000,two_sided,0.49/S+0,down,0.49,10,-60,0,filled,True,15.45,0,10,1,True,True,traversal,13,0.505,-57.018,2.682,True,0,-0.49,-4.9,-0.49,0.0034986,0.49,0,,0,,1989333,1re moitié,ETH 5m
eth-updown-5m-1790400000,eth,5m,1790400000,two_sided,0.49/S+30,up,0.49,10,-60,30,cancelled,True,50,5,0,0,False,False,,1.96079,0.505,,,True,1,0.51,0,0,0.0034986,0.49,30,,30,,1989333,1re moitié,ETH 5m
eth-updown-5m-1790400000,eth,5m,1790400000,two_sided,0.49/S+30,down,0.49,10,-60,30,filled,True,15.45,0,10,1,True,True,traversal,13,0.505,-57.018,2.682,True,0,-0.49,-4.9,-0.49,0.0034986,0.49,30,,30,,1989333,1re moitié,ETH 5m
eth-updown-5m-1790400000,eth,5m,1790400000,two_sided,0.49/S+60,up,0.49,10,-60,60,cancelled,True,50,5,0,0,False,False,,1.96079,0.505,,,True,1,0.51,0,0,0.0034986,0.49,60,,60,,1989333,1re moitié,ETH 5m
eth-updown-5m-1790400000,eth,5m,1790400000,two_sided,0.49/S+60,down,0.49,10,-60,60,filled,True,15.45,0,10,1,True,True,traversal,13,0.505,-57.018,2.682,True,0,-0.49,-4.9,-0.49,0.0034986,0.49,60,,60,,1989333,1re moitié,ETH 5m
eth-updown-5m-1790400000,eth,5m,1790400000,fair_value,± 1 c,up,0.62,10,10,20,cancelled,True,173,0,0,0,False,False,,6,0.715,,,True,1,0.38,0,0,0.0032984,,,,,0.647735,1989333,1re moitié,ETH 5m
eth-updown-5m-1790400000,eth,5m,1790400000,fair_value,± 1 c,down,0.28,10,10,20,cancelled,True,361.65,30,0,0,False,False,,0,0.715,,,True,0,-0.28,-0,-0,0.0028224,,,,,0.647735,1989333,1re moitié,ETH 5m
eth-updown-5m-1790400000,eth,5m,1790400000,fair_value,± 1 c,up,0.6,10,20,30,cancelled,True,18,18,0,0,False,False,,0,0.605,,,True,1,0.4,0,0,0.00336,,,,,0.660988,1989333,1re moitié,ETH 5m
eth-updown-5m-1790400000,eth,5m,1790400000,fair_value,± 1 c,down,0.34,10,20,30,cancelled,True,133,0,0,0,False,False,,0,0.605,,,True,0,-0.34,-0,-0,0.0031416,,,,,0.660988,1989333,1re moitié,ETH 5m
eth-updown-5m-1790400000,eth,5m,1790400000,fair_value,± 1 c,up,0.65,10,30,40,crossing,False,,,0,0,False,False,,0,0.645,,,True,1,0.35,0,0,0.003185,,,,,0.678366,1989333,1re moitié,ETH 5m
eth-updown-5m-1790400000,eth,5m,1790400000,fair_value,± 1 c,down,0.32,10,30,40,cancelled,True,211.8,0,0,0,False,False,,0,0.645,,,True,0,-0.32,-0,-0,0.0030464,,,,,0.678366,1989333,1re moitié,ETH 5m
eth-updown-5m-1790400000,eth,5m,1790400000,fair_value,± 1 c,up,0.66,10,40,50,cancelled,True,33,25,0,0,False,False,,0,0.705,,,True,1,0.34,0,0,0.0031416,,,,,0.693688,1989333,1re moitié,ETH 5m
eth-updown-5m-1790400000,eth,5m,1790400000,fair_value,± 1 c,down,0.29,10,40,50,cancelled,True,254.58,0,0,0,False,False,,40,0.705,,,True,0,-0.29,-0,-0,0.0028826,,,,,0.693688,1989333,1re moitié,ETH 5m
eth-updown-5m-1790400000,eth,5m,1790400000,fair_value,± 1 c,up,0.68,10,50,60,cancelled,True,162,50,0,0,False,False,,0,0.705,,,True,1,0.32,0,0,0.0030464,,,,,0.787757,1989333,1re moitié,ETH 5m
eth-updown-5m-1790400000,eth,5m,1790400000,fair_value,± 1 c,down,0.28,10,50,60,filled,True,226.56,0,10,1,True,True,traversal,0,0.705,56.425,6.125,True,0,-0.28,-2.8,-0.28,0.0028224,,,,,0.787757,1989333,1re moitié,ETH 5m
eth-updown-5m-1790400000,eth,5m,1790400000,fair_value,± 1 c,up,0.77,10,60,70,cancelled,True,178,178,0,0,False,False,,0,0.825,,,True,1,0.23,0,0,0.0024794,,,,,0.814697,1989333,1re moitié,ETH 5m
eth-updown-5m-1790400000,eth,5m,1790400000,fair_value,± 1 c,down,0.17,10,60,70,partial,True,40.92,0,1.22891,0.122891,True,False,queue,8.43373,0.825,61.931,1.631,True,0,-0.17,-0.208915,-0.0208915,0.0019754,,,,,0.814697,1989333,1re moitié,ETH 5m
eth-updown-5m-1790400000,eth,5m,1790400000,fair_value,± 1 c,up,0.8,10,70,80,cancelled,True,153,153,0,0,False,False,,0,0.835,,,True,1,0.2,0,0,0.00224,,,,,0.907683,1989333,1re moitié,ETH 5m
eth-updown-5m-1790400000,eth,5m,1790400000,fair_value,± 1 c,down,0.16,10,70,80,filled,True,22,0,10,1,True,True,traversal,0,0.835,74.116,3.816,True,0,-0.16,-1.6,-0.16,0.0018816,,,,,0.907683,1989333,1re moitié,ETH 5m
eth-updown-5m-1790400000,eth,5m,1790400000,fair_value,± 1 c,up,0.89,10,80,90,cancelled,True,199.59,45,0,0,False,False,,0,0.895,,,True,1,0.11,0,0,0.0013706,,,,,0.957262,1989333,1re moitié,ETH 5m
eth-updown-5m-1790400000,eth,5m,1790400000,fair_value,± 1 c,down,0.08,10,80,90,filled,True,100,0,10,1,True,True,traversal,0,0.895,84.28,3.98,True,0,-0.08,-0.8,-0.08,0.0010304,,,,,0.957262,1989333,1re moitié,ETH 5m
eth-updown-5m-1790400000,eth,5m,1790400000,fair_value,± 1 c,up,0.93,10,90,100,cancelled,True,424.46,48,0,0,False,False,,0,0.935,,,True,1,0.07,0,0,0.0009114,,,,,0.976342,1989333,1re moitié,ETH 5m
eth-updown-5m-1790400000,eth,5m,1790400000,fair_value,± 1 c,up,0.94,10,100,110,cancelled,True,40,0,0,0,False,False,,25,0.945,,,True,1,0.06,0,0,0.0007896,,,,,0.985301,1989333,1re moitié,ETH 5m
eth-updown-5m-1790400300,eth,5m,1790400300,signal,0.48/S+0,up,0.48,10,-30,0,cancelled,True,71.25,20.41,0,0,False,False,,0,0.505,,,False,0,-0.48,-0,-0,0.0034944,0.48,0,5.00574e-05,,,1989333,2e moitié,ETH 5m
eth-updown-5m-1790400300,eth,5m,1790400300,signal,0.48/S+30,up,0.48,10,-30,30,filled,True,71.25,0,10,1,True,True,traversal,5,0.505,26.664,56.364,False,0,-0.48,-4.8,-0.48,0.0034944,0.48,30,5.00574e-05,,,1989333,2e moitié,ETH 5m
eth-updown-5m-1790400300,eth,5m,1790400300,signal,0.48/S+60,up,0.48,10,-30,60,filled,True,71.25,0,10,1,True,True,traversal,5,0.505,26.664,56.364,False,0,-0.48,-4.8,-0.48,0.0034944,0.48,60,5.00574e-05,,,1989333,2e moitié,ETH 5m
eth-updown-5m-1790400300,eth,5m,1790400300,signal,0.49/S+0,up,0.49,10,-30,0,cancelled,True,48.22,10,0,0,False,False,,0,0.505,,,False,0,-0.49,-0,-0,0.0034986,0.49,0,5.00574e-05,,,1989333,2e moitié,ETH 5m
eth-updown-5m-1790400300,eth,5m,1790400300,signal,0.49/S+30,up,0.49,10,-30,30,filled,True,48.22,0,10,1,True,True,traversal,10.3922,0.505,3.574,33.274,False,0,-0.49,-4.9,-0.49,0.0034986,0.49,30,5.00574e-05,,,1989333,2e moitié,ETH 5m
eth-updown-5m-1790400300,eth,5m,1790400300,signal,0.49/S+60,up,0.49,10,-30,60,filled,True,48.22,0,10,1,True,True,traversal,10.3922,0.505,3.574,33.274,False,0,-0.49,-4.9,-0.49,0.0034986,0.49,60,5.00574e-05,,,1989333,2e moitié,ETH 5m
eth-updown-5m-1790400300,eth,5m,1790400300,signal,0.50/S+0,up,0.5,10,-30,0,cancelled,True,45,0,0,0,False,False,,0,0.505,,,False,0,-0.5,-0,-0,0.0035,0.5,0,5.00574e-05,,,1989333,2e moitié,ETH 5m
eth-updown-5m-1790400300,eth,5m,1790400300,signal,0.50/S+30,up,0.5,10,-30,30,filled,True,45,0,10,1,True,True,traversal,0,0.505,3.574,33.274,False,0,-0.5,-5,-0.5,0.0035,0.5,30,5.00574e-05,,,1989333,2e moitié,ETH 5m
eth-updown-5m-1790400300,eth,5m,1790400300,signal,0.50/S+60,up,0.5,10,-30,60,filled,True,45,0,10,1,True,True,traversal,0,0.505,3.574,33.274,False,0,-0.5,-5,-0.5,0.0035,0.5,60,5.00574e-05,,,1989333,2e moitié,ETH 5m
eth-updown-5m-1790400300,eth,5m,1790400300,two_sided,0.49/S+0,up,0.49,10,-60,0,cancelled,True,50.19,10,0,0,False,False,,1.96079,0.5,,,False,0,-0.49,-0,-0,0.0034986,0.49,0,,0,,1989333,2e moitié,ETH 5m
eth-updown-5m-1790400300,eth,5m,1790400300,two_sided,0.49/S+0,down,0.49,10,-60,0,filled,True,60.45,0,10,1,True,True,traversal,9.71654,0.5,-16.379,43.321,False,1,0.51,5.1,0.51,0.0034986,0.49,0,,0,,1989333,2e moitié,ETH 5m
eth-updown-5m-1790400300,eth,5m,1790400300,two_sided,0.49/S+30,up,0.49,10,-60,30,filled,True,50.19,0,10,1,True,True,traversal,12.3529,0.5,3.574,63.274,False,0,-0.49,-4.9,-0.49,0.0034986,0.49,30,,30,,1989333,2e moitié,ETH 5m
eth-updown-5m-1790400300,eth,5m,1790400300,two_sided,0.49/S+30,down,0.49,10,-60,30,filled,True,60.45,0,10,1,True,True,traversal,9.71654,0.5,-16.379,43.321,False,1,0.51,5.1,0.51,0.0034986,0.49,30,,30,,1989333,2e moitié,ETH 5m
eth-updown-5m-1790400300,eth,5m,1790400300,two_sided,0.49/S+60,up,0.49,10,-60,60,filled,True,50.19,0,10,1,True,True,traversal,12.3529,0.5,3.574,63.274,False,0,-0.49,-4.9,-0.49,0.0034986,0.49,60,,60,,1989333,2e moitié,ETH 5m
eth-updown-5m-1790400300,eth,5m,1790400300,two_sided,0.49/S+60,down,0.49,10,-60,60,filled,True,60.45,0,10,1,True,True,traversal,9.71654,0.5,-16.379,43.321,False,1,0.51,5.1,0.51,0.0034986,0.49,60,,60,,1989333,2e moitié,ETH 5m
eth-updown-5m-1790400300,eth,5m,1790400300,fair_value,± 1 c,up,0.48,10,10,20,cancelled,True,112.49,70.67,0,0,False,False,,0,0.485,,,False,0,-0.48,-0,-0,0.0034944,,,,,0.531934,1989333,2e moitié,ETH 5m
eth-updown-5m-1790400300,eth,5m,1790400300,fair_value,± 1 c,up,0.51,10,20,30,filled,True,54,0,10,1,True,True,traversal,7.02041,0.525,20.843,0.543,False,0,-0.51,-5.1,-0.51,0.0034986,,,,,0.412308,1989333,2e moitié,ETH 5m
eth-updown-5m-1790400300,eth,5m,1790400300,fair_value,± 1 c,down,0.45,10,10,30,cancelled,True,133,25,0,0,False,False,,0,0.485,,,False,1,0.55,0,0,0.003465,,,,,0.412308,1989333,2e moitié,ETH 5m
eth-updown-5m-1790400300,eth,5m,1790400300,fair_value,± 1 c,up,0.4,10,30,40,filled,True,10,0,10,1,True,True,traversal,0,0.425,32.098,1.798,False,0,-0.4,-4,-0.4,0.00336,,,,,0.280107,1989333,2e moitié,ETH 5m
eth-updown-5m-1790400300,eth,5m,1790400300,fair_value,± 1 c,down,0.56,10,30,40,cancelled,True,86,25,0,0,False,False,,0,0.425,,,False,1,0.44,0,0,0.0034496,,,,,0.280107,1989333,2e moitié,ETH 5m
eth-updown-5m-1790400300,eth,5m,1790400300,fair_value,± 1 c,up,0.27,10,40,50,cancelled,True,163,33.2,0,0,False,False,,0,0.335,,,False,0,-0.27,-0,-0,0.0027594,,,,,0.412679,1989333,2e moitié,ETH 5m
eth-updown-5m-1790400300,eth,5m,1790400300,fair_value,± 1 c,down,0.65,10,40,50,filled,True,109.02,0,10,1,True,True,traversal,0,0.335,45.456,5.156,False,1,0.35,3.5,0.35,0.003185,,,,,0.412679,1989333,2e moitié,ETH 5m
eth-updown-5m-1790400300,eth,5m,1790400300,fair_value,± 1 c,up,0.4,10,50,60,cancelled,True,179,178,0,0,False,False,,0,0.505,,,False,0,-0.4,-0,-0,0.00336,,,,,0.404608,1989333,2e moitié,ETH 5m
eth-updown-5m-1790400300,eth,5m,1790400300,fair_value,± 1 c,down,0.49,10,50,60,cancelled,True,16.73,16.73,0,0,False,False,,0,0.505,,,False,1,0.51,0,0,0.0034986,,,,,0.404608,1989333,2e moitié,ETH 5m
eth-updown-5m-1790400300,eth,5m,1790400300,fair_value,± 1 c,up,0.39,10,60,70,cancelled,True,204,80,0,0,False,False,,0,0.475,,,False,0,-0.39,-0,-0,0.0033306,,,,,0.425885,1989333,2e moitié,ETH 5m
eth-updown-5m-1790400300,eth,5m,1790400300,fair_value,± 1 c,down,0.52,10,60,70,filled,True,84.88,0,10,1,True,True,traversal,0,0.475,66.957,6.657,False,1,0.48,4.8,0.48,0.0034944,,,,,0.425885,1989333,2e moitié,ETH 5m
eth-updown-5m-1790400300,eth,5m,1790400300,fair_value,± 1 c,up,0.41,10,70,80,cancelled,True,183,183,0,0,False,False,,0,0.525,,,False,0,-0.41,-0,-0,0.0033866,,,,,0.419028,1989333,2e moitié,ETH 5m
eth-updown-5m-1790400300,eth,5m,1790400300,fair_value,± 1 c,down,0.47,10,70,80,filled,True,6,0,10,1,True,True,traversal,0,0.525,71.405,1.105,False,1,0.53,5.3,0.53,0.0034874,,,,,0.419028,1989333,2e moitié,ETH 5m
eth-updown-5m-1790400300,eth,5m,1790400300,fair_value,± 1 c,up,0.4,10,80,90,cancelled,True,75,30.8,0,0,False,False,,0,0.545,,,False,0,-0.4,-0,-0,0.00336,,,,,0.66562,1989333,2e moitié,ETH 5m
eth-updown-5m-1790400300,eth,5m,1790400300,fair_value,± 1 c,down,0.45,10,80,90,filled,True,55,0,10,1,True,True,traversal,5,0.545,81.993,1.693,False,1,0.55,5.5,0.55,0.003465,,,,,0.66562,1989333,2e moitié,ETH 5m
eth-updown-5m-1790400300,eth,5m,1790400300,fair_value,± 1 c,up,0.65,10,90,100,cancelled,True,193,153,0,0,False,False,,0,0.685,,,False,0,-0.65,-0,-0,0.003185,,,,,0.673841,1989333,2e moitié,ETH 5m
eth-updown-5m-1790400300,eth,5m,1790400300,fair_value,± 1 c,up,0.66,10,100,110,cancelled,True,198,20,0,0,False,False,,0,0.695,,,False,0,-0.66,-0,-0,0.0031416,,,,,0.689351,1989333,2e moitié,ETH 5m
eth-updown-5m-1790400300,eth,5m,1790400300,fair_value,± 1 c,down,0.3,10,90,110,cancelled,True,116.97,0,0,0,False,False,,0,0.685,,,False,1,0.7,0,0,0.00294,,,,,0.689351,1989333,2e moitié,ETH 5m
eth-updown-5m-1790400300,eth,5m,1790400300,fair_value,± 1 c,up,0.67,10,110,120,cancelled,True,228,45,0,0,False,False,,0,0.775,,,False,0,-0.67,-0,-0,0.0030954,,,,,0.734445,1989333,2e moitié,ETH 5m
eth-updown-5m-1790400300,eth,5m,1790400300,fair_value,± 1 c,down,0.28,10,110,120,crossing,False,,,0,0,False,False,,0,0.775,,,False,1,0.72,0,0,0.0028224,,,,,0.734445,1989333,2e moitié,ETH 5m
eth-updown-5m-1790400300,eth,5m,1790400300,fair_value,± 1 c,up,0.72,10,120,130,filled,True,158,0,10,1,True,True,traversal,0,0.775,125.857,5.557,False,0,-0.72,-7.2,-0.72,0.0028224,,,,,0.215693,1989333,2e moitié,ETH 5m
eth-updown-5m-1790400300,eth,5m,1790400300,fair_value,± 1 c,down,0.22,10,120,130,cancelled,True,203.92,28,0,0,False,False,,0,0.775,,,False,1,0.78,0,0,0.0024024,,,,,0.215693,1989333,2e moitié,ETH 5m
eth-updown-5m-1790400300,eth,5m,1790400300,fair_value,± 1 c,up,0.1,10,130,140,filled,True,240.57,0,10,1,True,True,traversal,38.09,0.105,132.763,2.463,False,0,-0.1,-1,-0.1,0.00126,,,,,0.140321,1989333,2e moitié,ETH 5m
eth-updown-5m-1790400300,eth,5m,1790400300,fair_value,± 1 c,down,0.77,10,130,140,cancelled,True,158,25,0,0,False,False,,0,0.105,,,False,1,0.23,0,0,0.0024794,,,,,0.140321,1989333,2e moitié,ETH 5m
eth-updown-5m-1790400300,eth,5m,1790400300,fair_value,± 1 c,down,0.84,10,140,150,cancelled,True,233.3,233.3,0,0,False,False,,0,0.045,,,False,1,0.16,0,0,0.0018816,,,,,0.116784,1989333,2e moitié,ETH 5m
eth-updown-5m-1790400300,eth,5m,1790400300,fair_value,± 1 c,down,0.87,10,150,160,cancelled,True,471,246,0,0,False,False,,0,0.045,,,False,1,0.13,0,0,0.0015834,,,,,0.0913074,1989333,2e moitié,ETH 5m
eth-updown-5m-1790400300,eth,5m,1790400300,fair_value,± 1 c,down,0.89,10,160,170,cancelled,True,271.7,101.6,0,0,False,False,,0,0.045,,,False,1,0.11,0,0,0.0013706,,,,,0.068871,1989333,2e moitié,ETH 5m
eth-updown-5m-1790400300,eth,5m,1790400300,fair_value,± 1 c,down,0.92,10,170,180,cancelled,True,135.29,135.29,0,0,False,False,,0,0.025,,,False,1,0.08,0,0,0.0010304,,,,,0.0466242,1989333,2e moitié,ETH 5m
eth-updown-5m-1790400300,eth,5m,1790400300,fair_value,± 1 c,down,0.94,10,180,190,cancelled,True,146.1,146.1,0,0,False,False,,0,,,,False,1,0.06,0,0,0.0007896,,,,,0.0208581,1989333,2e moitié,ETH 5m
eth-updown-5m-1790400600,eth,5m,1790400600,signal,0.48/S+0,down,0.48,10,-30,0,cancelled,True,60.83,0,0,0,False,False,,10.41,0.5,,,False,1,0.52,0,0,0.0034944,0.48,0,-2.85277e-06,,,1989334,2e moitié,ETH 5m
eth-updown-5m-1790400600,eth,5m,1790400600,signal,0.48/S+30,down,0.48,10,-30,30,filled,True,60.83,0,10,1,True,True,traversal,10.41,0.5,0.885,30.585,False,1,0.52,5.2,0.52,0.0034944,0.48,30,-2.85277e-06,,,1989334,2e moitié,ETH 5m
eth-updown-5m-1790400600,eth,5m,1790400600,signal,0.48/S+60,down,0.48,10,-30,60,filled,True,60.83,0,10,1,True,True,traversal,10.41,0.5,0.885,30.585,False,1,0.52,5.2,0.52,0.0034944,0.48,60,-2.85277e-06,,,1989334,2e moitié,ETH 5m
eth-updown-5m-1790400600,eth,5m,1790400600,signal,0.49/S+0,down,0.49,10,-30,0,filled,True,40,0,10,1,True,True,traversal,0,0.5,-13.211,16.489,False,1,0.51,5.1,0.51,0.0034986,0.49,0,-2.85277e-06,,,1989334,2e moitié,ETH 5m
eth-updown-5m-1790400600,eth,5m,1790400600,signal,0.49/S+30,down,0.49,10,-30,30,filled,True,40,0,10,1,True,True,traversal,0,0.5,-13.211,16.489,False,1,0.51,5.1,0.51,0.0034986,0.49,30,-2.85277e-06,,,1989334,2e moitié,ETH 5m
eth-updown-5m-1790400600,eth,5m,1790400600,signal,0.49/S+60,down,0.49,10,-30,60,filled,True,40,0,10,1,True,True,traversal,0,0.5,-13.211,16.489,False,1,0.51,5.1,0.51,0.0034986,0.49,60,-2.85277e-06,,,1989334,2e moitié,ETH 5m
eth-updown-5m-1790400600,eth,5m,1790400600,signal,0.50/S+0,down,0.5,10,-30,0,filled,True,0,0,10,1,True,True,traversal,0,0.5,-13.211,16.489,False,1,0.5,5,0.5,0.0035,0.5,0,-2.85277e-06,,,1989334,2e moitié,ETH 5m
eth-updown-5m-1790400600,eth,5m,1790400600,signal,0.50/S+30,down,0.5,10,-30,30,filled,True,0,0,10,1,True,True,traversal,0,0.5,-13.211,16.489,False,1,0.5,5,0.5,0.0035,0.5,30,-2.85277e-06,,,1989334,2e moitié,ETH 5m
eth-updown-5m-1790400600,eth,5m,1790400600,signal,0.50/S+60,down,0.5,10,-30,60,filled,True,0,0,10,1,True,True,traversal,0,0.5,-13.211,16.489,False,1,0.5,5,0.5,0.0035,0.5,60,-2.85277e-06,,,1989334,2e moitié,ETH 5m
eth-updown-5m-1790400600,eth,5m,1790400600,two_sided,0.49/S+0,up,0.49,10,-60,0,cancelled,True,60.45,5.26,0,0,False,False,,1.96079,0.5,,,False,0,-0.49,-0,-0,0.0034986,0.49,0,,0,,1989334,2e moitié,ETH 5m
eth-updown-5m-1790400600,eth,5m,1790400600,two_sided,0.49/S+0,down,0.49,10,-60,0,filled,True,40,0,10,1,True,True,traversal,0,0.5,-13.211,46.489,False,1,0.51,5.1,0.51,0.0034986,0.49,0,,0,,1989334,2e moitié,ETH 5m
eth-updown-5m-1790400600,eth,5m,1790400600,two_sided,0.49/S+30,up,0.49,10,-60,30,filled,True,60.45,0,10,1,True,True,traversal,1.96079,0.5,20.606,80.306,False,0,-0.49,-4.9,-0.49,0.0034986,0.49,30,,30,,1989334,2e moitié,ETH 5m
eth-updown-5m-1790400600,eth,5m,1790400600,two_sided,0.49/S+30,down,0.49,10,-60,30,filled,True,40,0,10,1,True,True,traversal,0,0.5,-13.211,46.489,False,1,0.51,5.1,0.51,0.0034986,0.49,30,,30,,1989334,2e moitié,ETH 5m
eth-updown-5m-1790400600,eth,5m,1790400600,two_sided,0.49/S+60,up,0.49,10,-60,60,filled,True,60.45,0,10,1,True,True,traversal,1.96079,0.5,20.606,80.306,False,0,-0.49,-4.9,-0.49,0.0034986,0.49,60,,60,,1989334,2e moitié,ETH 5m
eth-updown-5m-1790400600,eth,5m,1790400600,two_sided,0.49/S+60,down,0.49,10,-60,60,filled,True,40,0,10,1,True,True,traversal,0,0.5,-13.211,46.489,False,1,0.51,5.1,0.51,0.0034986,0.49,60,,60,,1989334,2e moitié,ETH 5m
eth-updown-5m-1790400600,eth,5m,1790400600,fair_value,± 1 c,up,0.46,10,10,20,crossing,False,,,0,0,False,False,,0,0.455,,,False,0,-0.46,-0,-0,0.0034776,,,,,0.554987,1989334,2e moitié,ETH 5m
eth-updown-5m-1790400600,eth,5m,1790400600,fair_value,± 1 c,up,0.45,10,20,30,filled,True,6,0,10,1,True,True,traversal,0,0.455,20.606,0.306,False,0,-0.45,-4.5,-0.45,0.003465,,,,,0.240458,1989334,2e moitié,ETH 5m
eth-updown-5m-1790400600,eth,5m,1790400600,fair_value,± 1 c,down,0.43,10,10,30,cancelled,True,182.21,4.21,0,0,False,False,,0,0.455,,,False,1,0.57,0,0,0.0034314,,,,,0.240458,1989334,2e moitié,ETH 5m
eth-updown-5m-1790400600,eth,5m,1790400600,fair_value,± 1 c,up,0.23,10,30,40,cancelled,True,202.7,95.7,0,0,False,False,,0,0.345,,,False,0,-0.23,-0,-0,0.0024794,,,,,0.190834,1989334,2e moitié,ETH 5m
eth-updown-5m-1790400600,eth,5m,1790400600,fair_value,± 1 c,down,0.65,10,30,40,cancelled,True,56.59,20,0,0,False,False,,0,0.345,,,False,1,0.35,0,0,0.003185,,,,,0.190834,1989334,2e moitié,ETH 5m
eth-updown-5m-1790400600,eth,5m,1790400600,fair_value,± 1 c,up,0.18,10,40,50,cancelled,True,212.26,212.26,0,0,False,False,,0,0.315,,,False,0,-0.18,-0,-0,0.0020664,,,,,0.169743,1989334,2e moitié,ETH 5m
eth-updown-5m-1790400600,eth,5m,1790400600,fair_value,± 1 c,down,0.68,10,40,50,cancelled,True,101.17,60.38,0,0,False,False,,0,0.315,,,False,1,0.32,0,0,0.0030464,,,,,0.169743,1989334,2e moitié,ETH 5m
eth-updown-5m-1790400600,eth,5m,1790400600,fair_value,± 1 c,up,0.15,10,50,60,cancelled,True,205.39,205.39,0,0,False,False,,0,0.285,,,False,0,-0.15,-0,-0,0.001785,,,,,0.148354,1989334,2e moitié,ETH 5m
eth-updown-5m-1790400600,eth,5m,1790400600,fair_value,± 1 c,down,0.71,10,50,60,filled,True,31,0,10,1,True,True,traversal,0,0.285,54.673,4.373,False,1,0.29,2.9,0.29,0.0028826,,,,,0.148354,1989334,2e moitié,ETH 5m
eth-updown-5m-1790400600,eth,5m,1790400600,fair_value,± 1 c,up,0.13,10,60,70,cancelled,True,141,141,0,0,False,False,,0,0.305,,,False,0,-0.13,-0,-0,0.0015834,,,,,0.127112,1989334,2e moitié,ETH 5m
eth-updown-5m-1790400600,eth,5m,1790400600,fair_value,± 1 c,down,0.69,10,60,70,partial,True,91.38,0,6,0.6,True,False,queue,6,0.305,63.443,3.143,False,1,0.31,1.86,0.186,0.0029946,,,,,0.127112,1989334,2e moitié,ETH 5m
eth-updown-5m-1790400600,eth,5m,1790400600,fair_value,± 1 c,up,0.11,10,70,80,cancelled,True,71.6,51.6,0,0,False,False,,0,0.325,,,False,0,-0.11,-0,-0,0.0013706,,,,,0.296002,1989334,2e moitié,ETH 5m
eth-updown-5m-1790400600,eth,5m,1790400600,fair_value,± 1 c,down,0.67,10,70,80,filled,True,118.64,0,10,1,True,True,traversal,0,0.325,71.45,1.15,False,1,0.33,3.3,0.33,0.0030954,,,,,0.296002,1989334,2e moitié,ETH 5m
eth-updown-5m-1790400600,eth,5m,1790400600,fair_value,± 1 c,up,0.28,10,80,90,crossing,False,,,0,0,False,False,,0,0.275,,,False,0,-0.28,-0,-0,0.0028224,,,,,0.245349,1989334,2e moitié,ETH 5m
eth-updown-5m-1790400600,eth,5m,1790400600,fair_value,± 1 c,down,0.69,10,80,90,filled,True,131,0,10,1,True,True,traversal,6,0.275,85.529,5.229,False,1,0.31,3.1,0.31,0.0029946,,,,,0.245349,1989334,2e moitié,ETH 5m
eth-updown-5m-1790400600,eth,5m,1790400600,fair_value,± 1 c,up,0.23,10,90,100,filled,True,317.7,0,10,1,True,True,traversal,0,0.265,96.475,6.175,False,0,-0.23,-2.3,-0.23,0.0024794,,,,,0.230663,1989334,2e moitié,ETH 5m
eth-updown-5m-1790400600,eth,5m,1790400600,fair_value,± 1 c,down,0.73,10,90,100,filled,True,10,0,10,1,True,True,queue,19.5,0.265,95.481,5.181,False,1,0.27,2.7,0.27,0.0027594,,,,,0.230663,1989334,2e moitié,ETH 5m
eth-updown-5m-1790400600,eth,5m,1790400600,fair_value,± 1 c,up,0.22,10,100,110,filled,True,29,0,10,1,True,True,traversal,1.28205,0.225,102.386,2.086,False,0,-0.22,-2.2,-0.22,0.0024024,,,,,0.0492771,1989334,2e moitié,ETH 5m
eth-updown-5m-1790400600,eth,5m,1790400600,fair_value,± 1 c,down,0.75,10,100,110,cancelled,True,68,25,0,0,False,False,,0,0.225,,,False,1,0.25,0,0,0.002625,,,,,0.0492771,1989334,2e moitié,ETH 5m
eth-updown-5m-1790400600,eth,5m,1790400600,fair_value,± 1 c,down,0.87,10,110,120,cancelled,True,31,5,0,0,False,False,,0,0.125,,,False,1,0.13,0,0,0.0015834,,,,,0.0428614,1989334,2e moitié,ETH 5m
eth-updown-5m-1790400600,eth,5m,1790400600,fair_value,± 1 c,down,0.88,10,120,130,cancelled,True,64.37,22.05,0,0,False,False,,0,0.115,,,False,1,0.12,0,0,0.0014784,,,,,0.0299667,1989334,2e moitié,ETH 5m
eth-updown-5m-1790400600,eth,5m,1790400600,fair_value,± 1 c,down,0.89,10,130,140,cancelled,True,15,15,0,0,False,False,,0,0.105,,,False,1,0.11,0,0,0.0013706,,,,,0.018769,1989334,2e moitié,ETH 5m
eth-updown-5m-1790400600,eth,5m,1790400600,fair_value,± 1 c,down,0.91,10,140,150,cancelled,True,161.43,53,0,0,False,False,,0,0.085,,,False,1,0.09,0,0,0.0011466,,,,,0.0100976,1989334,2e moitié,ETH 5m
eth-updown-5m-1790400600,eth,5m,1790400600,fair_value,± 1 c,down,0.93,10,150,160,cancelled,True,234.8,83,0,0,False,False,,0,0.055,,,False,1,0.07,0,0,0.0009114,,,,,0.00514403,1989334,2e moitié,ETH 5m
eth-updown-5m-1790400600,eth,5m,1790400600,fair_value,± 1 c,down,0.94,10,160,170,cancelled,True,16.62,16.62,0,0,False,False,,0,0.055,,,False,1,0.06,0,0,0.0007896,,,,,0.0019186,1989334,2e moitié,ETH 5m
eth-updown-5m-1790400900,eth,5m,1790400900,signal,0.48/S+0,down,0.48,10,-30,0,cancelled,True,15,0,0,0,False,False,,0,0.515,,,True,0,-0.48,-0,-0,0.0034944,0.48,0,-8.68685e-07,,,1989334,2e moitié,ETH 5m
eth-updown-5m-1790400900,eth,5m,1790400900,signal,0.48/S+30,down,0.48,10,-30,30,filled,True,15,0,10,1,True,True,traversal,0,0.515,7.682,37.382,True,0,-0.48,-4.8,-0.48,0.0034944,0.48,30,-8.68685e-07,,,1989334,2e moitié,ETH 5m
eth-updown-5m-1790400900,eth,5m,1790400900,signal,0.48/S+60,down,0.48,10,-30,60,filled,True,15,0,10,1,True,True,traversal,0,0.515,7.682,37.382,True,0,-0.48,-4.8,-0.48,0.0034944,0.48,60,-8.68685e-07,,,1989334,2e moitié,ETH 5m
eth-updown-5m-1790400900,eth,5m,1790400900,signal,0.49/S+0,down,0.49,10,-30,0,crossing,False,,,0,0,False,False,,0,0.515,,,True,0,-0.49,-0,-0,0.0034986,0.49,0,-8.68685e-07,,,1989334,2e moitié,ETH 5m
eth-updown-5m-1790400900,eth,5m,1790400900,signal,0.49/S+30,down,0.49,10,-30,30,crossing,False,,,0,0,False,False,,0,0.515,,,True,0,-0.49,-0,-0,0.0034986,0.49,30,-8.68685e-07,,,1989334,2e moitié,ETH 5m
eth-updown-5m-1790400900,eth,5m,1790400900,signal,0.49/S+60,down,0.49,10,-30,60,crossing,False,,,0,0,False,False,,0,0.515,,,True,0,-0.49,-0,-0,0.0034986,0.49,60,-8.68685e-07,,,1989334,2e moitié,ETH 5m
eth-updown-5m-1790400900,eth,5m,1790400900,signal,0.50/S+0,down,0.5,10,-30,0,crossing,False,,,0,0,False,False,,0,0.515,,,True,0,-0.5,-0,-0,0.0035,0.5,0,-8.68685e-07,,,1989334,2e moitié,ETH 5m
eth-updown-5m-1790400900,eth,5m,1790400900,signal,0.50/S+30,down,0.5,10,-30,30,crossing,False,,,0,0,False,False,,0,0.515,,,True,0,-0.5,-0,-0,0.0035,0.5,30,-8.68685e-07,,,1989334,2e moitié,ETH 5m
eth-updown-5m-1790400900,eth,5m,1790400900,signal,0.50/S+60,down,0.5,10,-30,60,crossing,False,,,0,0,False,False,,0,0.515,,,True,0,-0.5,-0,-0,0.0035,0.5,60,-8.68685e-07,,,1989334,2e moitié,ETH 5m
eth-updown-5m-1790400900,eth,5m,1790400900,two_sided,0.49/S+0,up,0.49,10,-60,0,filled,True,60,0,10,1,True,True,queue,58.38,0.51,-22.351,37.349,True,1,0.51,5.1,0.51,0.0034986,0.49,0,,0,,1989334,2e moitié,ETH 5m
eth-updown-5m-1790400900,eth,5m,1790400900,two_sided,0.49/S+0,down,0.49,10,-60,0,filled,True,0,0,10,1,True,True,traversal,0,0.51,-34.445,25.255,True,0,-0.49,-4.9,-0.49,0.0034986,0.49,0,,0,,1989334,2e moitié,ETH 5m
eth-updown-5m-1790400900,eth,5m,1790400900,two_sided,0.49/S+30,up,0.49,10,-60,30,filled,True,60,0,10,1,True,True,queue,58.38,0.51,-22.351,37.349,True,1,0.51,5.1,0.51,0.0034986,0.49,30,,30,,1989334,2e moitié,ETH 5m
eth-updown-5m-1790400900,eth,5m,1790400900,two_sided,0.49/S+30,down,0.49,10,-60,30,filled,True,0,0,10,1,True,True,traversal,0,0.51,-34.445,25.255,True,0,-0.49,-4.9,-0.49,0.0034986,0.49,30,,30,,1989334,2e moitié,ETH 5m
eth-updown-5m-1790400900,eth,5m,1790400900,two_sided,0.49/S+60,up,0.49,10,-60,60,filled,True,60,0,10,1,True,True,queue,58.38,0.51,-22.351,37.349,True,1,0.51,5.1,0.51,0.0034986,0.49,60,,60,,1989334,2e moitié,ETH 5m
eth-updown-5m-1790400900,eth,5m,1790400900,two_sided,0.49/S+60,down,0.49,10,-60,60,filled,True,0,0,10,1,True,True,traversal,0,0.51,-34.445,25.255,True,0,-0.49,-4.9,-0.49,0.0034986,0.49,60,,60,,1989334,2e moitié,ETH 5m
eth-updown-5m-1790400900,eth,5m,1790400900,fair_value,± 1 c,up,0.42,10,10,20,cancelled,True,255,30,0,0,False,False,,0,0.595,,,True,1,0.58,0,0,0.0034104,,,,,0.443506,1989334,2e moitié,ETH 5m
eth-updown-5m-1790400900,eth,5m,1790400900,fair_value,± 1 c,down,0.39,10,10,20,cancelled,True,60.14,10,0,0,False,False,,0,0.595,,,True,0,-0.39,-0,-0,0.0033306,,,,,0.443506,1989334,2e moitié,ETH 5m
eth-updown-5m-1790400900,eth,5m,1790400900,fair_value,± 1 c,up,0.43,10,20,30,cancelled,True,55,50,0,0,False,False,,0,0.565,,,True,1,0.57,0,0,0.0034314,,,,,0.438426,1989334,2e moitié,ETH 5m
eth-updown-5m-1790400900,eth,5m,1790400900,fair_value,± 1 c,down,0.43,10,20,30,cancelled,True,110.72,0,0,0,False,False,,0,0.565,,,True,0,-0.43,-0,-0,0.0034314,,,,,0.438426,1989334,2e moitié,ETH 5m
eth-updown-5m-1790400900,eth,5m,1790400900,fair_value,± 1 c,up,0.42,10,30,40,cancelled,True,163,30.7,0,0,False,False,,0,0.555,,,True,1,0.58,0,0,0.0034104,,,,,0.654586,1989334,2e moitié,ETH 5m
eth-updown-5m-1790400900,eth,5m,1790400900,fair_value,± 1 c,down,0.44,10,30,40,filled,True,106.66,0,10,1,True,True,traversal,0,0.555,30.494,0.194,True,0,-0.44,-4.4,-0.44,0.0034496,,,,,0.654586,1989334,2e moitié,ETH 5m
eth-updown-5m-1790400900,eth,5m,1790400900,fair_value,± 1 c,up,0.58,10,40,50,crossing,False,,,0,0,False,False,,0,0.575,,,True,1,0.42,0,0,0.0034104,,,,,0.657995,1989334,2e moitié,ETH 5m
eth-updown-5m-1790400900,eth,5m,1790400900,fair_value,± 1 c,up,0.56,10,50,60,crossing,False,,,0,0,False,False,,0,0.555,,,True,1,0.44,0,0,0.0034496,,,,,0.671621,1989334,2e moitié,ETH 5m
eth-updown-5m-1790400900,eth,5m,1790400900,fair_value,± 1 c,down,0.33,10,40,60,cancelled,True,290,80,0,0,False,False,,0,0.575,,,True,0,-0.33,-0,-0,0.0030954,,,,,0.671621,1989334,2e moitié,ETH 5m
eth-updown-5m-1790400900,eth,5m,1790400900,fair_value,± 1 c,up,0.55,10,60,70,filled,True,46,0,10,1,True,True,traversal,0,0.555,61.131,0.831,True,1,0.45,4.5,0.45,0.003465,,,,,0.349577,1989334,2e moitié,ETH 5m
eth-updown-5m-1790400900,eth,5m,1790400900,fair_value,± 1 c,down,0.31,10,60,70,cancelled,True,195.2,52.2,0,0,False,False,,0,0.555,,,True,0,-0.31,-0,-0,0.0029946,,,,,0.349577,1989334,2e moitié,ETH 5m
eth-updown-5m-1790400900,eth,5m,1790400900,fair_value,± 1 c,up,0.33,10,70,80,cancelled,True,50,0,0,0,False,False,,0,0.365,,,True,1,0.67,0,0,0.0030954,,,,,0.25601,1989334,2e moitié,ETH 5m
eth-updown-5m-1790400900,eth,5m,1790400900,fair_value,± 1 c,down,0.63,10,70,80,cancelled,True,57,2.48649,0,0,False,False,,13.5135,0.365,,,True,0,-0.63,-0,-0,0.0032634,,,,,0.25601,1989334,2e moitié,ETH 5m
eth-updown-5m-1790400900,eth,5m,1790400900,fair_value,± 1 c,up,0.24,10,80,90,cancelled,True,178,178,0,0,False,False,,0,0.315,,,True,1,0.76,0,0,0.0025536,,,,,0.222336,1989334,2e moitié,ETH 5m
eth-updown-5m-1790400900,eth,5m,1790400900,fair_value,± 1 c,down,0.68,10,80,90,filled,True,72,0,10,1,True,True,traversal,0,0.315,81.723,1.423,True,0,-0.68,-6.8,-0.68,0.0030464,,,,,0.222336,1989334,2e moitié,ETH 5m
eth-updown-5m-1790400900,eth,5m,1790400900,fair_value,± 1 c,up,0.21,10,90,100,cancelled,True,65.7,65.7,0,0,False,False,,0,0.365,,,True,1,0.79,0,0,0.0023226,,,,,0.201121,1989334,2e moitié,ETH 5m
eth-updown-5m-1790400900,eth,5m,1790400900,fair_value,± 1 c,up,0.19,10,100,110,cancelled,True,72.89,72.89,0,0,False,False,,0,0.365,,,True,1,0.81,0,0,0.0021546,,,,,0.171983,1989334,2e moitié,ETH 5m
eth-updown-5m-1790400900,eth,5m,1790400900,fair_value,± 1 c,down,0.63,10,90,110,filled,True,56,0,10,1,True,True,queue,13.5135,0.365,104.298,13.998,True,0,-0.63,-6.3,-0.63,0.0032634,,,,,0.171983,1989334,2e moitié,ETH 5m
eth-updown-5m-1790400900,eth,5m,1790400900,fair_value,± 1 c,up,0.16,10,110,120,cancelled,True,61.3,61.3,0,0,False,False,,0,0.305,,,True,1,0.84,0,0,0.0018816,,,,,0.136095,1989334,2e moitié,ETH 5m
eth-updown-5m-1790400900,eth,5m,1790400900,fair_value,± 1 c,down,0.69,10,110,120,cancelled,True,37.13,0,0,0,False,False,,0,0.305,,,True,0,-0.69,-0,-0,0.0029946,,,,,0.136095,1989334,2e moitié,ETH 5m
eth-updown-5m-1790400900,eth,5m,1790400900,fair_value,± 1 c,up,0.12,10,120,130,cancelled,True,86.94,86.94,0,0,False,False,,0,0.255,,,True,1,0.88,0,0,0.0014784,,,,,0.0494113,1989334,2e moitié,ETH 5m
eth-updown-5m-1790400900,eth,5m,1790400900,fair_value,± 1 c,down,0.74,10,120,130,cancelled,True,165.4,38,0,0,False,False,,0,0.255,,,True,0,-0.74,-0,-0,0.0026936,,,,,0.0494113,1989334,2e moitié,ETH 5m
eth-updown-5m-1790400900,eth,5m,1790400900,fair_value,± 1 c,down,0.81,10,130,140,crossing,False,,,0,0,False,False,,0,0.195,,,True,0,-0.81,-0,-0,0.0021546,,,,,0.0343414,1989334,2e moitié,ETH 5m
eth-updown-5m-1790400900,eth,5m,1790400900,fair_value,± 1 c,down,0.83,10,140,150,filled,True,129.4,0,10,1,True,True,traversal,0,0.165,142.341,2.041,True,0,-0.83,-8.3,-0.83,0.0019754,,,,,0.742218,1989334,2e moitié,ETH 5m
eth-updown-5m-1790400900,eth,5m,1790400900,fair_value,± 1 c,up,0.73,10,150,160,cancelled,True,65,50,0,0,False,False,,0,0.915,,,True,1,0.27,0,0,0.0027594,,,,,0.800949,1989334,2e moitié,ETH 5m
eth-updown-5m-1790400900,eth,5m,1790400900,fair_value,± 1 c,down,0.1,10,150,160,crossing,False,,,0,0,False,False,,0,0.915,,,True,0,-0.1,-0,-0,0.00126,,,,,0.800949,1989334,2e moitié,ETH 5m
eth-updown-5m-1790400900,eth,5m,1790400900,fair_value,± 1 c,up,0.79,10,160,170,cancelled,True,60.7,60.7,0,0,False,False,,0,0.945,,,True,1,0.21,0,0,0.0023226,,,,,0.842136,1989334,2e moitié,ETH 5m
eth-updown-5m-1790400900,eth,5m,1790400900,fair_value,± 1 c,up,0.83,10,170,180,cancelled,True,171.39,171.39,0,0,False,False,,0,0.925,,,True,1,0.17,0,0,0.0019754,,,,,0.868833,1989334,2e moitié,ETH 5m
eth-updown-5m-1790400900,eth,5m,1790400900,fair_value,± 1 c,down,0.07,10,160,180,crossing,False,,,0,0,False,False,,0,0.945,,,True,0,-0.07,-0,-0,0.0009114,,,,,0.868833,1989334,2e moitié,ETH 5m
eth-updown-5m-1790400900,eth,5m,1790400900,fair_value,± 1 c,up,0.85,10,180,190,cancelled,True,243.39,198,0,0,False,False,,0,0.925,,,True,1,0.15,0,0,0.001785,,,,,0.877437,1989334,2e moitié,ETH 5m
eth-updown-5m-1790400900,eth,5m,1790400900,fair_value,± 1 c,down,0.06,10,180,190,cancelled,True,80.05,30,0,0,False,False,,0,0.925,,,True,0,-0.06,-0,-0,0.0007896,,,,,0.877437,1989334,2e moitié,ETH 5m
eth-updown-5m-1790400900,eth,5m,1790400900,fair_value,± 1 c,up,0.86,10,190,200,cancelled,True,204.6,174.6,0,0,False,False,,0,0.925,,,True,1,0.14,0,0,0.0016856,,,,,0.926357,1989334,2e moitié,ETH 5m
eth-updown-5m-1790400900,eth,5m,1790400900,fair_value,± 1 c,down,0.07,10,190,200,filled,True,14.29,0,10,1,True,True,queue,26.3763,0.925,192.227,1.927,True,0,-0.07,-0.7,-0.07,0.0009114,,,,,0.926357,1989334,2e moitié,ETH 5m
eth-updown-5m-1790400900,eth,5m,1790400900,fair_value,± 1 c,up,0.91,10,200,210,cancelled,True,112.7,76.7,0,0,False,False,,0,0.965,,,True,1,0.09,0,0,0.0011466,,,,,0.98103,1989334,2e moitié,ETH 5m
eth-updown-5m-1790401200,eth,5m,1790401200,signal,0.48/S+0,up,0.48,10,-30,0,filled,True,40.41,0,10,1,True,True,traversal,0,0.545,-7.926,21.774,True,1,0.52,5.2,0.52,0.0034944,0.48,0,1.64932e-05,,,1989334,2e moitié,ETH 5m
eth-updown-5m-1790401200,eth,5m,1790401200,signal,0.48/S+30,up,0.48,10,-30,30,filled,True,40.41,0,10,1,True,True,traversal,0,0.545,-7.926,21.774,True,1,0.52,5.2,0.52,0.0034944,0.48,30,1.64932e-05,,,1989334,2e moitié,ETH 5m
eth-updown-5m-1790401200,eth,5m,1790401200,signal,0.48/S+60,up,0.48,10,-30,60,filled,True,40.41,0,10,1,True,True,traversal,0,0.545,-7.926,21.774,True,1,0.52,5.2,0.52,0.0034944,0.48,60,1.64932e-05,,,1989334,2e moitié,ETH 5m
eth-updown-5m-1790401200,eth,5m,1790401200,signal,0.49/S+0,up,0.49,10,-30,0,filled,True,30,0,10,1,True,True,traversal,0,0.545,-7.926,21.774,True,1,0.51,5.1,0.51,0.0034986,0.49,0,1.64932e-05,,,1989334,2e moitié,ETH 5m
eth-updown-5m-1790401200,eth,5m,1790401200,signal,0.49/S+30,up,0.49,10,-30,30,filled,True,30,0,10,1,True,True,traversal,0,0.545,-7.926,21.774,True,1,0.51,5.1,0.51,0.0034986,0.49,30,1.64932e-05,,,1989334,2e moitié,ETH 5m
eth-updown-5m-1790401200,eth,5m,1790401200,signal,0.49/S+60,up,0.49,10,-30,60,filled,True,30,0,10,1,True,True,traversal,0,0.545,-7.926,21.774,True,1,0.51,5.1,0.51,0.0034986,0.49,60,1.64932e-05,,,1989334,2e moitié,ETH 5m
eth-updown-5m-1790401200,eth,5m,1790401200,signal,0.50/S+0,up,0.5,10,-30,0,filled,True,30,0,10,1,True,True,queue,200,0.545,-10.763,18.937,True,1,0.5,5,0.5,0.0035,0.5,0,1.64932e-05,,,1989334,2e moitié,ETH 5m
eth-updown-5m-1790401200,eth,5m,1790401200,signal,0.50/S+30,up,0.5,10,-30,30,filled,True,30,0,10,1,True,True,queue,200,0.545,-10.763,18.937,True,1,0.5,5,0.5,0.0035,0.5,30,1.64932e-05,,,1989334,2e moitié,ETH 5m
eth-updown-5m-1790401200,eth,5m,1790401200,signal,0.50/S+60,up,0.5,10,-30,60,filled,True,30,0,10,1,True,True,queue,200,0.545,-10.763,18.937,True,1,0.5,5,0.5,0.0035,0.5,60,1.64932e-05,,,1989334,2e moitié,ETH 5m
eth-updown-5m-1790401200,eth,5m,1790401200,two_sided,0.49/S+0,up,0.49,10,-60,0,filled,True,50.19,0,10,1,True,True,traversal,0,0.555,-7.926,51.774,True,1,0.51,5.1,0.51,0.0034986,0.49,0,,0,,1989334,2e moitié,ETH 5m
eth-updown-5m-1790401200,eth,5m,1790401200,two_sided,0.49/S+0,down,0.49,10,-60,0,crossing,False,,,0,0,False,False,,0,0.555,,,True,0,-0.49,-0,-0,0.0034986,0.49,0,,0,,1989334,2e moitié,ETH 5m
eth-updown-5m-1790401200,eth,5m,1790401200,two_sided,0.49/S+30,up,0.49,10,-60,30,filled,True,50.19,0,10,1,True,True,traversal,0,0.555,-7.926,51.774,True,1,0.51,5.1,0.51,0.0034986,0.49,30,,30,,1989334,2e moitié,ETH 5m
eth-updown-5m-1790401200,eth,5m,1790401200,two_sided,0.49/S+30,down,0.49,10,-60,30,crossing,False,,,0,0,False,False,,0,0.555,,,True,0,-0.49,-0,-0,0.0034986,0.49,30,,30,,1989334,2e moitié,ETH 5m
eth-updown-5m-1790401200,eth,5m,1790401200,two_sided,0.49/S+60,up,0.49,10,-60,60,filled,True,50.19,0,10,1,True,True,traversal,0,0.555,-7.926,51.774,True,1,0.51,5.1,0.51,0.0034986,0.49,60,,60,,1989334,2e moitié,ETH 5m
eth-updown-5m-1790401200,eth,5m,1790401200,two_sided,0.49/S+60,down,0.49,10,-60,60,crossing,False,,,0,0,False,False,,0,0.555,,,True,0,-0.49,-0,-0,0.0034986,0.49,60,,60,,1989334,2e moitié,ETH 5m
eth-updown-5m-1790401200,eth,5m,1790401200,fair_value,± 1 c,down,0.63,10,10,20,filled,True,61.93,0,10,1,True,True,traversal,0,0.355,10.8,0.5,True,0,-0.63,-6.3,-0.63,0.0032634,,,,,0.359881,1989334,2e moitié,ETH 5m
eth-updown-5m-1790401200,eth,5m,1790401200,fair_value,± 1 c,up,0.34,10,10,30,cancelled,True,0,0,0,0,False,False,,0,0.355,,,True,1,0.66,0,0,0.0031416,,,,,0.390699,1989334,2e moitié,ETH 5m
eth-updown-5m-1790401200,eth,5m,1790401200,fair_value,± 1 c,down,0.6,10,20,30,filled,True,71,0,10,1,True,True,traversal,5,0.395,28.579,8.279,True,0,-0.6,-6,-0.6,0.00336,,,,,0.390699,1989334,2e moitié,ETH 5m
eth-updown-5m-1790401200,eth,5m,1790401200,fair_value,± 1 c,down,0.56,10,30,40,crossing,False,,,0,0,False,False,,0,0.455,,,True,0,-0.56,-0,-0,0.0034496,,,,,0.431851,1989334,2e moitié,ETH 5m
eth-updown-5m-1790401200,eth,5m,1790401200,fair_value,± 1 c,up,0.38,10,30,50,cancelled,True,153,0,0,0,False,False,,0,0.455,,,True,1,0.62,0,0,0.0032984,,,,,0.506428,1989334,2e moitié,ETH 5m
eth-updown-5m-1790401200,eth,5m,1790401200,fair_value,± 1 c,down,0.55,10,40,50,filled,True,35,0,10,1,True,True,traversal,0,0.385,41.842,1.542,True,0,-0.55,-5.5,-0.55,0.003465,,,,,0.506428,1989334,2e moitié,ETH 5m
eth-updown-5m-1790401200,eth,5m,1790401200,fair_value,± 1 c,up,0.49,10,50,60,cancelled,True,188,163,0,0,False,False,,0,0.565,,,True,1,0.51,0,0,0.0034986,,,,,0.57348,1989334,2e moitié,ETH 5m
eth-updown-5m-1790401200,eth,5m,1790401200,fair_value,± 1 c,down,0.43,10,50,60,cancelled,True,159.16,0,0,0,False,False,,10,0.565,,,True,0,-0.43,-0,-0,0.0034314,,,,,0.57348,1989334,2e moitié,ETH 5m
eth-updown-5m-1790401200,eth,5m,1790401200,fair_value,± 1 c,up,0.56,10,60,70,cancelled,True,153,50,0,0,False,False,,0,0.625,,,True,1,0.44,0,0,0.0034496,,,,,0.778145,1989334,2e moitié,ETH 5m
eth-updown-5m-1790401200,eth,5m,1790401200,fair_value,± 1 c,down,0.4,10,60,70,crossing,False,,,0,0,False,False,,0,0.625,,,True,0,-0.4,-0,-0,0.00336,,,,,0.778145,1989334,2e moitié,ETH 5m
eth-updown-5m-1790401200,eth,5m,1790401200,fair_value,± 1 c,up,0.74,10,70,80,crossing,False,,,0,0,False,False,,0,0.725,,,True,1,0.26,0,0,0.0026936,,,,,0.802469,1989334,2e moitié,ETH 5m
eth-updown-5m-1790401200,eth,5m,1790401200,fair_value,± 1 c,down,0.21,10,70,80,cancelled,True,133,118,0,0,False,False,,0,0.725,,,True,0,-0.21,-0,-0,0.0023226,,,,,0.802469,1989334,2e moitié,ETH 5m
eth-updown-5m-1790401200,eth,5m,1790401200,fair_value,± 1 c,up,0.73,10,80,90,filled,True,10,0,10,1,True,True,traversal,0,0.735,87.189,6.889,True,1,0.27,2.7,0.27,0.0027594,,,,,0.730812,1989334,2e moitié,ETH 5m
eth-updown-5m-1790401200,eth,5m,1790401200,fair_value,± 1 c,down,0.18,10,80,90,cancelled,True,178,48.6,0,0,False,False,,0,0.735,,,True,0,-0.18,-0,-0,0.0020664,,,,,0.730812,1989334,2e moitié,ETH 5m
eth-updown-5m-1790401200,eth,5m,1790401200,fair_value,± 1 c,up,0.72,10,90,100,cancelled,True,138,0,0,0,False,False,,0,0.755,,,True,1,0.28,0,0,0.0028224,,,,,0.769324,1989334,2e moitié,ETH 5m
eth-updown-5m-1790401200,eth,5m,1790401200,fair_value,± 1 c,down,0.24,10,90,100,filled,True,47.24,0,10,1,True,True,traversal,0,0.755,94.292,3.992,True,0,-0.24,-2.4,-0.24,0.0025536,,,,,0.769324,1989334,2e moitié,ETH 5m
eth-updown-5m-1790401200,eth,5m,1790401200,fair_value,± 1 c,up,0.71,10,100,110,crossing,False,,,0,0,False,False,,0,0.675,,,True,1,0.29,0,0,0.0028826,,,,,0.76065,1989334,2e moitié,ETH 5m
eth-updown-5m-1790401200,eth,5m,1790401200,fair_value,± 1 c,up,0.61,10,110,120,cancelled,True,166.38,0,0,0,False,False,,0,0.615,,,True,1,0.39,0,0,0.0033306,,,,,0.762809,1989334,2e moitié,ETH 5m
eth-updown-5m-1790401200,eth,5m,1790401200,fair_value,± 1 c,up,0.66,10,120,130,cancelled,True,97.52,25,0,0,False,False,,0,0.665,,,True,1,0.34,0,0,0.0031416,,,,,0.808274,1989334,2e moitié,ETH 5m
eth-updown-5m-1790401200,eth,5m,1790401200,fair_value,± 1 c,down,0.22,10,100,130,partial,True,133,0,6,0.6,True,False,queue,6,0.675,128.471,28.171,True,0,-0.22,-1.32,-0.132,0.0024024,,,,,0.808274,1989334,2e moitié,ETH 5m
eth-updown-5m-1790401200,eth,5m,1790401200,fair_value,± 1 c,up,0.78,10,130,140,crossing,False,,,0,0,False,False,,0,0.73,,,True,1,0.22,0,0,0.0024024,,,,,0.836922,1989334,2e moitié,ETH 5m
eth-updown-5m-1790401200,eth,5m,1790401200,fair_value,± 1 c,down,0.18,10,130,140,cancelled,True,133,45,0,0,False,False,,0,0.73,,,True,0,-0.18,-0,-0,0.0020664,,,,,0.836922,1989334,2e moitié,ETH 5m
eth-updown-5m-1790401200,eth,5m,1790401200,fair_value,± 1 c,down,0.15,10,140,150,cancelled,True,135.39,130.39,0,0,False,False,,0,0.655,,,True,0,-0.15,-0,-0,0.001785,,,,,0.841721,1989334,2e moitié,ETH 5m
eth-updown-5m-1790401200,eth,5m,1790401200,fair_value,± 1 c,down,0.14,10,150,160,cancelled,True,81.6,81.6,0,0,False,False,,0,0.655,,,True,0,-0.14,-0,-0,0.0016856,,,,,0.8626,1989334,2e moitié,ETH 5m
eth-updown-5m-1790401200,eth,5m,1790401200,fair_value,± 1 c,up,0.65,10,140,170,filled,True,65,0,10,1,True,True,traversal,9.99572,0.655,148.989,8.689,True,1,0.35,3.5,0.35,0.003185,,,,,0.886809,1989334,2e moitié,ETH 5m
eth-updown-5m-1790401200,eth,5m,1790401200,fair_value,± 1 c,down,0.12,10,160,170,cancelled,True,53.6,53.6,0,0,False,False,,0,0.655,,,True,0,-0.12,-0,-0,0.0014784,,,,,0.886809,1989334,2e moitié,ETH 5m
eth-updown-5m-1790401200,eth,5m,1790401200,fair_value,± 1 c,up,0.8,10,170,180,filled,True,6,0,10,1,True,True,traversal,0,0.805,171.498,1.198,True,1,0.2,2,0.2,0.00224,,,,,0.917268,1989334,2e moitié,ETH 5m
eth-updown-5m-1790401200,eth,5m,1790401200,fair_value,± 1 c,down,0.1,10,170,180,cancelled,True,114.9,103.9,0,0,False,False,,0,0.805,,,True,0,-0.1,-0,-0,0.00126,,,,,0.917268,1989334,2e moitié,ETH 5m
eth-updown-5m-1790401200,eth,5m,1790401200,fair_value,± 1 c,up,0.78,10,180,190,cancelled,True,113.2,0,0,0,False,False,,0,0.785,,,True,1,0.22,0,0,0.0024024,,,,,0.924175,1989334,2e moitié,ETH 5m
eth-updown-5m-1790401200,eth,5m,1790401200,fair_value,± 1 c,down,0.07,10,180,190,cancelled,True,942.91,615.91,0,0,False,False,,0,0.785,,,True,0,-0.07,-0,-0,0.0009114,,,,,0.924175,1989334,2e moitié,ETH 5m
eth-updown-5m-1790401200,eth,5m,1790401200,fair_value,± 1 c,up,0.63,10,190,200,cancelled,True,261.42,0,0,0,False,False,,0,0.635,,,True,1,0.37,0,0,0.0032634,,,,,0.930811,1989334,2e moitié,ETH 5m
eth-updown-5m-1790401200,eth,5m,1790401200,fair_value,± 1 c,down,0.06,10,190,200,cancelled,True,588.11,583.11,0,0,False,False,,0,0.635,,,True,0,-0.06,-0,-0,0.0007896,,,,,0.930811,1989334,2e moitié,ETH 5m
eth-updown-5m-1790401200,eth,5m,1790401200,fair_value,± 1 c,up,0.62,10,200,210,filled,True,50,0,10,1,True,True,traversal,0,0.625,200.805,0.505,True,1,0.38,3.8,0.38,0.0032984,,,,,0.930776,1989334,2e moitié,ETH 5m
eth-updown-5m-1790401200,eth,5m,1790401200,fair_value,± 1 c,up,0.74,10,210,220,filled,True,9,0,10,1,True,True,traversal,0,0.745,218.694,8.394,True,1,0.26,2.6,0.26,0.0026936,,,,,0.960201,1989334,2e moitié,ETH 5m
eth-updown-5m-1790401200,eth,5m,1790401200,fair_value,± 1 c,down,0.05,10,200,220,cancelled,True,616.71,595.71,0,0,False,False,,0,0.625,,,True,0,-0.05,-0,-0,0.000665,,,,,0.960201,1989334,2e moitié,ETH 5m
eth-updown-5m-1790401200,eth,5m,1790401200,fair_value,± 1 c,up,0.67,10,220,230,filled,True,5,0,10,1,True,True,queue,61.15,0.675,222.944,2.644,True,1,0.33,3.3,0.33,0.0030954,,,,,0.983773,1989334,2e moitié,ETH 5m
eth-updown-5m-1790401200,eth,5m,1790401200,fair_value,± 1 c,up,0.89,10,230,240,cancelled,True,61.63,0,0,0,False,False,,30.41,0.905,,,True,1,0.11,0,0,0.0013706,,,,,0.999791,1989334,2e moitié,ETH 5m
eth-updown-5m-1790401500,eth,5m,1790401500,signal,0.48/S+0,down,0.48,10,-30,0,cancelled,True,70.41,40.41,0,0,False,False,,0,0.495,,,False,1,0.52,0,0,0.0034944,0.48,0,-2.10765e-06,,,1989335,2e moitié,ETH 5m
eth-updown-5m-1790401500,eth,5m,1790401500,signal,0.48/S+30,down,0.48,10,-30,30,partial,True,70.41,0,2.01154,0.201154,True,False,queue,31.4423,0.495,0.519,30.219,False,1,0.52,1.046,0.1046,0.0034944,0.48,30,-2.10765e-06,,,1989335,2e moitié,ETH 5m
eth-updown-5m-1790401500,eth,5m,1790401500,signal,0.48/S+60,down,0.48,10,-30,60,partial,True,70.41,0,2.01154,0.201154,True,False,queue,31.4423,0.495,0.519,30.219,False,1,0.52,1.046,0.1046,0.0034944,0.48,60,-2.10765e-06,,,1989335,2e moitié,ETH 5m
eth-updown-5m-1790401500,eth,5m,1790401500,signal,0.49/S+0,down,0.49,10,-30,0,cancelled,True,40,0,0,0,False,False,,10,0.495,,,False,1,0.51,0,0,0.0034986,0.49,0,-2.10765e-06,,,1989335,2e moitié,ETH 5m
eth-updown-5m-1790401500,eth,5m,1790401500,signal,0.49/S+30,down,0.49,10,-30,30,filled,True,40,0,10,1,True,True,traversal,10,0.495,0.517,30.217,False,1,0.51,5.1,0.51,0.0034986,0.49,30,-2.10765e-06,,,1989335,2e moitié,ETH 5m
eth-updown-5m-1790401500,eth,5m,1790401500,signal,0.49/S+60,down,0.49,10,-30,60,filled,True,40,0,10,1,True,True,traversal,10,0.495,0.517,30.217,False,1,0.51,5.1,0.51,0.0034986,0.49,60,-2.10765e-06,,,1989335,2e moitié,ETH 5m
eth-updown-5m-1790401500,eth,5m,1790401500,signal,0.50/S+0,down,0.5,10,-30,0,filled,True,10,0,10,1,True,True,traversal,0,0.495,-0.566,29.134,False,1,0.5,5,0.5,0.0035,0.5,0,-2.10765e-06,,,1989335,2e moitié,ETH 5m
eth-updown-5m-1790401500,eth,5m,1790401500,signal,0.50/S+30,down,0.5,10,-30,30,filled,True,10,0,10,1,True,True,traversal,0,0.495,-0.566,29.134,False,1,0.5,5,0.5,0.0035,0.5,30,-2.10765e-06,,,1989335,2e moitié,ETH 5m
eth-updown-5m-1790401500,eth,5m,1790401500,signal,0.50/S+60,down,0.5,10,-30,60,filled,True,10,0,10,1,True,True,traversal,0,0.495,-0.566,29.134,False,1,0.5,5,0.5,0.0035,0.5,60,-2.10765e-06,,,1989335,2e moitié,ETH 5m
eth-updown-5m-1790401500,eth,5m,1790401500,two_sided,0.49/S+0,up,0.49,10,-60,0,filled,True,40.19,0,10,1,True,True,traversal,1.96079,0.495,-9.31,50.39,False,0,-0.49,-4.9,-0.49,0.0034986,0.49,0,,0,,1989335,2e moitié,ETH 5m
eth-updown-5m-1790401500,eth,5m,1790401500,two_sided,0.49/S+0,down,0.49,10,-60,0,cancelled,True,50,0,0,0,False,False,,10,0.495,,,False,1,0.51,0,0,0.0034986,0.49,0,,0,,1989335,2e moitié,ETH 5m
eth-updown-5m-1790401500,eth,5m,1790401500,two_sided,0.49/S+30,up,0.49,10,-60,30,filled,True,40.19,0,10,1,True,True,traversal,1.96079,0.495,-9.31,50.39,False,0,-0.49,-4.9,-0.49,0.0034986,0.49,30,,30,,1989335,2e moitié,ETH 5m
eth-updown-5m-1790401500,eth,5m,1790401500,two_sided,0.49/S+30,down,0.49,10,-60,30,filled,True,50,0,10,1,True,True,traversal,10,0.495,0.517,60.217,False,1,0.51,5.1,0.51,0.0034986,0.49,30,,30,,1989335,2e moitié,ETH 5m
eth-updown-5m-1790401500,eth,5m,1790401500,two_sided,0.49/S+60,up,0.49,10,-60,60,filled,True,40.19,0,10,1,True,True,traversal,1.96079,0.495,-9.31,50.39,False,0,-0.49,-4.9,-0.49,0.0034986,0.49,60,,60,,1989335,2e moitié,ETH 5m
eth-updown-5m-1790401500,eth,5m,1790401500,two_sided,0.49/S+60,down,0.49,10,-60,60,filled,True,50,0,10,1,True,True,traversal,10,0.495,0.517,60.217,False,1,0.51,5.1,0.51,0.0034986,0.49,60,,60,,1989335,2e moitié,ETH 5m
eth-updown-5m-1790401500,eth,5m,1790401500,fair_value,± 1 c,down,0.56,10,10,20,crossing,False,,,0,0,False,False,,0,0.445,,,False,1,0.44,0,0,0.0034496,,,,,0.341342,1989335,2e moitié,ETH 5m
eth-updown-5m-1790401500,eth,5m,1790401500,fair_value,± 1 c,up,0.33,10,10,30,cancelled,True,173.81,60.81,0,0,False,False,,0,0.445,,,False,0,-0.33,-0,-0,0.0030954,,,,,0.313542,1989335,2e moitié,ETH 5m
eth-updown-5m-1790401500,eth,5m,1790401500,fair_value,± 1 c,down,0.55,10,20,30,cancelled,True,6,0,0,0,False,False,,0,0.445,,,False,1,0.45,0,0,0.003465,,,,,0.313542,1989335,2e moitié,ETH 5m
eth-updown-5m-1790401500,eth,5m,1790401500,fair_value,± 1 c,up,0.3,10,30,50,cancelled,True,20,20,0,0,False,False,,0,0.485,,,False,0,-0.3,-0,-0,0.00294,,,,,0.304605,1989335,2e moitié,ETH 5m
eth-updown-5m-1790401500,eth,5m,1790401500,fair_value,± 1 c,up,0.29,10,50,60,cancelled,True,77.6,77.6,0,0,False,False,,0,0.495,,,False,0,-0.29,-0,-0,0.0028826,,,,,0.29176,1989335,2e moitié,ETH 5m
eth-updown-5m-1790401500,eth,5m,1790401500,fair_value,± 1 c,down,0.5,10,30,60,filled,True,95.77,0,10,1,True,True,traversal,9.61,0.485,34.683,4.383,False,1,0.5,5,0.5,0.0035,,,,,0.29176,1989335,2e moitié,ETH 5m
eth-updown-5m-1790401500,eth,5m,1790401500,fair_value,± 1 c,up,0.28,10,60,70,cancelled,True,37.9,37.9,0,0,False,False,,0,0.525,,,False,0,-0.28,-0,-0,0.0028224,,,,,0.450066,1989335,2e moitié,ETH 5m
eth-updown-5m-1790401500,eth,5m,1790401500,fair_value,± 1 c,down,0.47,10,60,70,cancelled,True,76.55,0,0,0,False,False,,0,0.525,,,False,1,0.53,0,0,0.0034874,,,,,0.450066,1989335,2e moitié,ETH 5m
eth-updown-5m-1790401500,eth,5m,1790401500,fair_value,± 1 c,up,0.44,10,70,80,cancelled,True,55.6,55.6,0,0,False,False,,0,0.605,,,False,0,-0.44,-0,-0,0.0034496,,,,,0.507143,1989335,2e moitié,ETH 5m
eth-updown-5m-1790401500,eth,5m,1790401500,fair_value,± 1 c,down,0.4,10,70,80,crossing,False,,,0,0,False,False,,0,0.605,,,False,1,0.6,0,0,0.00336,,,,,0.507143,1989335,2e moitié,ETH 5m
eth-updown-5m-1790401500,eth,5m,1790401500,fair_value,± 1 c,up,0.49,10,80,90,cancelled,True,162.71,101.11,0,0,False,False,,0,0.565,,,False,0,-0.49,-0,-0,0.0034986,,,,,0.780697,1989335,2e moitié,ETH 5m
eth-updown-5m-1790401500,eth,5m,1790401500,fair_value,± 1 c,down,0.43,10,80,90,filled,True,66.55,0,10,1,True,True,traversal,0,0.565,82.174,1.874,False,1,0.57,5.7,0.57,0.0034314,,,,,0.780697,1989335,2e moitié,ETH 5m
eth-updown-5m-1790401500,eth,5m,1790401500,fair_value,± 1 c,up,0.58,10,90,100,cancelled,True,84.37,10,0,0,False,False,,0,0.595,,,False,0,-0.58,-0,-0,0.0034104,,,,,0.801762,1989335,2e moitié,ETH 5m
eth-updown-5m-1790401500,eth,5m,1790401500,fair_value,± 1 c,down,0.2,10,90,100,cancelled,True,51.8,51.8,0,0,False,False,,0,0.595,,,False,1,0.8,0,0,0.00224,,,,,0.801762,1989335,2e moitié,ETH 5m
eth-updown-5m-1790401500,eth,5m,1790401500,fair_value,± 1 c,up,0.63,10,100,110,cancelled,True,134.22,0,0,0,False,False,,0,0.635,,,False,0,-0.63,-0,-0,0.0032634,,,,,0.861478,1989335,2e moitié,ETH 5m
eth-updown-5m-1790401500,eth,5m,1790401500,fair_value,± 1 c,down,0.18,10,100,110,cancelled,True,68.6,68.6,0,0,False,False,,0,0.635,,,False,1,0.82,0,0,0.0020664,,,,,0.861478,1989335,2e moitié,ETH 5m
eth-updown-5m-1790401500,eth,5m,1790401500,fair_value,± 1 c,up,0.73,10,110,120,cancelled,True,38,0,0,0,False,False,,0,0.775,,,False,0,-0.73,-0,-0,0.0027594,,,,,0.963292,1989335,2e moitié,ETH 5m
eth-updown-5m-1790401500,eth,5m,1790401500,fair_value,± 1 c,down,0.12,10,110,120,cancelled,True,73.6,0,0,0,False,False,,0,0.775,,,False,1,0.88,0,0,0.0014784,,,,,0.963292,1989335,2e moitié,ETH 5m
eth-updown-5m-1790401500,eth,5m,1790401500,fair_value,± 1 c,up,0.83,10,120,130,crossing,False,,,0,0,False,False,,0,0.825,,,False,0,-0.83,-0,-0,0.0019754,,,,,0.9761,1989335,2e moitié,ETH 5m
eth-updown-5m-1790401500,eth,5m,1790401500,fair_value,± 1 c,up,0.76,10,130,140,crossing,False,,,0,0,False,False,,0,0.75,,,False,0,-0.76,-0,-0,0.0025536,,,,,0.830808,1989335,2e moitié,ETH 5m
eth-updown-5m-1790401500,eth,5m,1790401500,fair_value,± 1 c,up,0.6,10,140,150,filled,True,50,0,10,1,True,True,traversal,0,0.605,147.312,7.012,False,0,-0.6,-6,-0.6,0.00336,,,,,0.365852,1989335,2e moitié,ETH 5m
eth-updown-5m-1790401500,eth,5m,1790401500,fair_value,± 1 c,down,0.15,10,140,150,cancelled,True,117.39,80.39,0,0,False,False,,0,0.605,,,False,1,0.85,0,0,0.001785,,,,,0.365852,1989335,2e moitié,ETH 5m
eth-updown-5m-1790401500,eth,5m,1790401500,fair_value,± 1 c,up,0.35,10,150,160,filled,True,163,0,10,1,True,True,traversal,11.87,0.405,157.072,6.772,False,0,-0.35,-3.5,-0.35,0.003185,,,,,0.351322,1989335,2e moitié,ETH 5m
eth-updown-5m-1790401500,eth,5m,1790401500,fair_value,± 1 c,down,0.59,10,150,160,filled,True,6,0,10,1,True,True,traversal,6,0.405,150.428,0.128,False,1,0.41,4.1,0.41,0.0033866,,,,,0.351322,1989335,2e moitié,ETH 5m
eth-updown-5m-1790401500,eth,5m,1790401500,fair_value,± 1 c,up,0.21,10,160,170,cancelled,True,112.59,25,0,0,False,False,,0,0.215,,,False,0,-0.21,-0,-0,0.0023226,,,,,0.34032,1989335,2e moitié,ETH 5m
eth-updown-5m-1790401500,eth,5m,1790401500,fair_value,± 1 c,down,0.63,10,160,170,filled,True,45,0,10,1,True,True,traversal,0,0.215,169.521,9.221,False,1,0.37,3.7,0.37,0.0032634,,,,,0.34032,1989335,2e moitié,ETH 5m
eth-updown-5m-1790401500,eth,5m,1790401500,fair_value,± 1 c,up,0.33,10,170,180,cancelled,True,25,25,0,0,False,False,,0,0.385,,,False,0,-0.33,-0,-0,0.0030954,,,,,0.414126,1989335,2e moitié,ETH 5m
eth-updown-5m-1790401500,eth,5m,1790401500,fair_value,± 1 c,down,0.61,10,170,180,filled,True,5,0,10,1,True,True,traversal,12.19,0.385,173.409,3.109,False,1,0.39,3.9,0.39,0.0033306,,,,,0.414126,1989335,2e moitié,ETH 5m
eth-updown-5m-1790401500,eth,5m,1790401500,fair_value,± 1 c,down,0.39,10,180,190,cancelled,True,30,15,0,0,False,False,,0,0.565,,,False,1,0.61,0,0,0.0033306,,,,,0.410362,1989335,2e moitié,ETH 5m
eth-updown-5m-1790401500,eth,5m,1790401500,fair_value,± 1 c,up,0.4,10,180,200,cancelled,True,10,10,0,0,False,False,,0,0.565,,,False,0,-0.4,-0,-0,0.00336,,,,,0.397552,1989335,2e moitié,ETH 5m
eth-updown-5m-1790401500,eth,5m,1790401500,fair_value,± 1 c,down,0.51,10,190,200,cancelled,True,33.21,10,0,0,False,False,,0,0.485,,,False,1,0.49,0,0,0.0034986,,,,,0.397552,1989335,2e moitié,ETH 5m
eth-updown-5m-1790401500,eth,5m,1790401500,fair_value,± 1 c,up,0.38,10,200,210,cancelled,True,209,124,0,0,False,False,,0,0.435,,,False,0,-0.38,-0,-0,0.0032984,,,,,0.381415,1989335,2e moitié,ETH 5m
eth-updown-5m-1790401500,eth,5m,1790401500,fair_value,± 1 c,down,0.56,10,200,210,filled,True,186.25,0,10,1,True,True,traversal,0,0.435,203.629,3.329,False,1,0.44,4.4,0.44,0.0034496,,,,,0.381415,1989335,2e moitié,ETH 5m
eth-updown-5m-1790401500,eth,5m,1790401500,fair_value,± 1 c,up,0.37,10,210,220,filled,True,254.2,0,10,1,True,True,traversal,0,0.485,218.39,8.09,False,0,-0.37,-3.7,-0.37,0.0032634,,,,,0.0858652,1989335,2e moitié,ETH 5m
eth-updown-5m-1790401500,eth,5m,1790401500,fair_value,± 1 c,down,0.51,10,210,220,cancelled,True,95.51,10,0,0,False,False,,0,0.485,,,False,1,0.49,0,0,0.0034986,,,,,0.0858652,1989335,2e moitié,ETH 5m
eth-updown-5m-1790401500,eth,5m,1790401500,fair_value,± 1 c,up,0.07,10,220,230,filled,True,6,0,10,1,True,True,traversal,0,0.075,224.759,4.459,False,0,-0.07,-0.7,-0.07,0.0009114,,,,,0.0471703,1989335,2e moitié,ETH 5m
eth-updown-5m-1790401500,eth,5m,1790401500,fair_value,± 1 c,down,0.9,10,220,230,filled,True,15,0,10,1,True,True,queue,30,0.075,226.957,6.657,False,1,0.1,1,0.1,0.00126,,,,,0.0471703,1989335,2e moitié,ETH 5m
eth-updown-5m-1790401500,eth,5m,1790401500,fair_value,± 1 c,down,0.93,10,230,240,filled,True,100.98,0,10,1,True,True,traversal,0,0.065,231.807,1.507,False,1,0.07,0.7,0.07,0.0009114,,,,,0.079239,1989335,2e moitié,ETH 5m
eth-updown-5m-1790401500,eth,5m,1790401500,fair_value,± 1 c,up,0.06,10,240,250,cancelled,True,30,0,0,0,False,False,,0,0.105,,,False,0,-0.06,-0,-0,0.0007896,,,,,0.344829,1989335,2e moitié,ETH 5m
eth-updown-5m-1790401500,eth,5m,1790401500,fair_value,± 1 c,down,0.9,10,240,250,crossing,False,,,0,0,False,False,,0,0.105,,,False,1,0.1,0,0,0.00126,,,,,0.344829,1989335,2e moitié,ETH 5m
eth-updown-5m-1790401500,eth,5m,1790401500,fair_value,± 1 c,up,0.33,10,250,260,cancelled,True,0,0,0,0,False,False,,0,0.51,,,False,0,-0.33,-0,-0,0.0030954,,,,,0.330428,1989335,2e moitié,ETH 5m
eth-updown-5m-1790401500,eth,5m,1790401500,fair_value,± 1 c,down,0.41,10,250,260,cancelled,True,70,0,0,0,False,False,,0,0.51,,,False,1,0.59,0,0,0.0033866,,,,,0.330428,1989335,2e moitié,ETH 5m
eth-updown-5m-1790401500,eth,5m,1790401500,fair_value,± 1 c,up,0.32,10,260,270,filled,True,0,0,10,1,True,True,traversal,0,0.405,262.528,2.228,False,0,-0.32,-3.2,-0.32,0.0030464,,,,,0.24004,1989335,2e moitié,ETH 5m
eth-updown-5m-1790401500,eth,5m,1790401500,fair_value,± 1 c,down,0.59,10,260,270,cancelled,True,259.63,0,0,0,False,False,,0,0.405,,,False,1,0.41,0,0,0.0033866,,,,,0.24004,1989335,2e moitié,ETH 5m
eth-updown-5m-1790401500,eth,5m,1790401500,fair_value,± 1 c,up,0.19,10,270,280,crossing,False,,,0,0,False,False,,0,0.13,,,False,0,-0.19,-0,-0,0.0021546,,,,,0.0547285,1989335,2e moitié,ETH 5m
eth-updown-5m-1790401500,eth,5m,1790401500,fair_value,± 1 c,down,0.74,10,270,280,filled,True,15,0,10,1,True,True,traversal,0,0.13,275.77,5.47,False,1,0.26,2.6,0.26,0.0026936,,,,,0.0547285,1989335,2e moitié,ETH 5m
eth-updown-5m-1790401500,eth,5m,1790401500,fair_value,± 1 c,down,0.4,10,280,290,crossing,False,,,0,0,False,False,,0,0.65,,,False,1,0.6,0,0,0.00336,,,,,,1989335,2e moitié,ETH 5m
eth-updown-5m-1790401800,eth,5m,1790401800,signal,0.48/S+0,up,0.48,10,-30,0,filled,True,41.25,0,10,1,True,True,traversal,10.41,0.5,-15.548,14.152,False,0,-0.48,-4.8,-0.48,0.0034944,0.48,0,2.78963e-05,,,1989335,2e moitié,ETH 5m
eth-updown-5m-1790401800,eth,5m,1790401800,signal,0.48/S+30,up,0.48,10,-30,30,filled,True,41.25,0,10,1,True,True,traversal,10.41,0.5,-15.548,14.152,False,0,-0.48,-4.8,-0.48,0.0034944,0.48,30,2.78963e-05,,,1989335,2e moitié,ETH 5m
eth-updown-5m-1790401800,eth,5m,1790401800,signal,0.48/S+60,up,0.48,10,-30,60,filled,True,41.25,0,10,1,True,True,traversal,10.41,0.5,-15.548,14.152,False,0,-0.48,-4.8,-0.48,0.0034944,0.48,60,2.78963e-05,,,1989335,2e moitié,ETH 5m
eth-updown-5m-1790401800,eth,5m,1790401800,signal,0.49/S+0,up,0.49,10,-30,0,filled,True,8.22,0,10,1,True,True,traversal,0,0.5,-15.961,13.739,False,0,-0.49,-4.9,-0.49,0.0034986,0.49,0,2.78963e-05,,,1989335,2e moitié,ETH 5m
eth-updown-5m-1790401800,eth,5m,1790401800,signal,0.49/S+30,up,0.49,10,-30,30,filled,True,8.22,0,10,1,True,True,traversal,0,0.5,-15.961,13.739,False,0,-0.49,-4.9,-0.49,0.0034986,0.49,30,2.78963e-05,,,1989335,2e moitié,ETH 5m
eth-updown-5m-1790401800,eth,5m,1790401800,signal,0.49/S+60,up,0.49,10,-30,60,filled,True,8.22,0,10,1,True,True,traversal,0,0.5,-15.961,13.739,False,0,-0.49,-4.9,-0.49,0.0034986,0.49,60,2.78963e-05,,,1989335,2e moitié,ETH 5m
eth-updown-5m-1790401800,eth,5m,1790401800,signal,0.50/S+0,up,0.5,10,-30,0,filled,True,0,0,10,1,True,True,traversal,0,0.5,-15.961,13.739,False,0,-0.5,-5,-0.5,0.0035,0.5,0,2.78963e-05,,,1989335,2e moitié,ETH 5m
eth-updown-5m-1790401800,eth,5m,1790401800,signal,0.50/S+30,up,0.5,10,-30,30,filled,True,0,0,10,1,True,True,traversal,0,0.5,-15.961,13.739,False,0,-0.5,-5,-0.5,0.0035,0.5,30,2.78963e-05,,,1989335,2e moitié,ETH 5m
eth-updown-5m-1790401800,eth,5m,1790401800,signal,0.50/S+60,up,0.5,10,-30,60,filled,True,0,0,10,1,True,True,traversal,0,0.5,-15.961,13.739,False,0,-0.5,-5,-0.5,0.0035,0.5,60,2.78963e-05,,,1989335,2e moitié,ETH 5m
eth-updown-5m-1790401800,eth,5m,1790401800,two_sided,0.49/S+0,up,0.49,10,-60,0,filled,True,15.19,0,10,1,True,True,traversal,1.96079,0.5,-15.961,43.739,False,0,-0.49,-4.9,-0.49,0.0034986,0.49,0,,0,,1989335,2e moitié,ETH 5m
eth-updown-5m-1790401800,eth,5m,1790401800,two_sided,0.49/S+0,down,0.49,10,-60,0,cancelled,True,45,0,0,0,False,False,,0,0.5,,,False,1,0.51,0,0,0.0034986,0.49,0,,0,,1989335,2e moitié,ETH 5m
eth-updown-5m-1790401800,eth,5m,1790401800,two_sided,0.49/S+30,up,0.49,10,-60,30,filled,True,15.19,0,10,1,True,True,traversal,1.96079,0.5,-15.961,43.739,False,0,-0.49,-4.9,-0.49,0.0034986,0.49,30,,30,,1989335,2e moitié,ETH 5m
eth-updown-5m-1790401800,eth,5m,1790401800,two_sided,0.49/S+30,down,0.49,10,-60,30,cancelled,True,45,0,0,0,False,False,,0,0.5,,,False,1,0.51,0,0,0.0034986,0.49,30,,30,,1989335,2e moitié,ETH 5m
eth-updown-5m-1790401800,eth,5m,1790401800,two_sided,0.49/S+60,up,0.49,10,-60,60,filled,True,15.19,0,10,1,True,True,traversal,1.96079,0.5,-15.961,43.739,False,0,-0.49,-4.9,-0.49,0.0034986,0.49,60,,60,,1989335,2e moitié,ETH 5m
eth-updown-5m-1790401800,eth,5m,1790401800,two_sided,0.49/S+60,down,0.49,10,-60,60,cancelled,True,45,0,0,0,False,False,,0,0.5,,,False,1,0.51,0,0,0.0034986,0.49,60,,60,,1989335,2e moitié,ETH 5m
eth-updown-5m-1790401800,eth,5m,1790401800,fair_value,± 1 c,up,0.31,10,10,20,cancelled,True,30,30,0,0,False,False,,0,0.445,,,False,0,-0.31,-0,-0,0.0029946,,,,,0.312558,1989335,2e moitié,ETH 5m
eth-updown-5m-1790401800,eth,5m,1790401800,fair_value,± 1 c,down,0.54,10,10,20,cancelled,True,111,29,0,0,False,False,,0,0.445,,,False,1,0.46,0,0,0.0034776,,,,,0.312558,1989335,2e moitié,ETH 5m
eth-updown-5m-1790401800,eth,5m,1790401800,fair_value,± 1 c,up,0.3,10,20,30,cancelled,True,158,55,0,0,False,False,,0,0.445,,,False,0,-0.3,-0,-0,0.00294,,,,,0.349299,1989335,2e moitié,ETH 5m
eth-updown-5m-1790401800,eth,5m,1790401800,fair_value,± 1 c,down,0.55,10,20,30,cancelled,True,103.04,0,0,0,False,False,,0,0.445,,,False,1,0.45,0,0,0.003465,,,,,0.349299,1989335,2e moitié,ETH 5m
eth-updown-5m-1790401800,eth,5m,1790401800,fair_value,± 1 c,up,0.33,10,30,40,cancelled,True,160,160,0,0,False,False,,0,0.455,,,False,0,-0.33,-0,-0,0.0030954,,,,,0.335947,1989335,2e moitié,ETH 5m
eth-updown-5m-1790401800,eth,5m,1790401800,fair_value,± 1 c,up,0.32,10,40,50,cancelled,True,158,158,0,0,False,False,,0,0.435,,,False,0,-0.32,-0,-0,0.0030464,,,,,0.327134,1989335,2e moitié,ETH 5m
eth-updown-5m-1790401800,eth,5m,1790401800,fair_value,± 1 c,down,0.56,10,30,50,crossing,False,,,0,0,False,False,,0,0.455,,,False,1,0.44,0,0,0.0034496,,,,,0.327134,1989335,2e moitié,ETH 5m
eth-updown-5m-1790401800,eth,5m,1790401800,fair_value,± 1 c,up,0.31,10,50,60,cancelled,True,200.2,200.2,0,0,False,False,,0,0.425,,,False,0,-0.31,-0,-0,0.0029946,,,,,0.312063,1989335,2e moitié,ETH 5m
eth-updown-5m-1790401800,eth,5m,1790401800,fair_value,± 1 c,down,0.57,10,50,60,cancelled,True,31,18,0,0,False,False,,0,0.425,,,False,1,0.43,0,0,0.0034314,,,,,0.312063,1989335,2e moitié,ETH 5m
eth-updown-5m-1790401800,eth,5m,1790401800,fair_value,± 1 c,up,0.3,10,60,70,cancelled,True,190.4,190.4,0,0,False,False,,0,0.395,,,False,0,-0.3,-0,-0,0.00294,,,,,0.289702,1989335,2e moitié,ETH 5m
eth-updown-5m-1790401800,eth,5m,1790401800,fair_value,± 1 c,down,0.6,10,60,70,cancelled,True,70.44,0,0,0,False,False,,0,0.395,,,False,1,0.4,0,0,0.00336,,,,,0.289702,1989335,2e moitié,ETH 5m
eth-updown-5m-1790401800,eth,5m,1790401800,fair_value,± 1 c,up,0.27,10,70,80,cancelled,True,208.31,208.31,0,0,False,False,,0,0.375,,,False,0,-0.27,-0,-0,0.0027594,,,,,0.271938,1989335,2e moitié,ETH 5m
eth-updown-5m-1790401800,eth,5m,1790401800,fair_value,± 1 c,up,0.26,10,80,90,cancelled,True,196.5,196.5,0,0,False,False,,0,0.375,,,False,0,-0.26,-0,-0,0.0026936,,,,,0.253147,1989335,2e moitié,ETH 5m
eth-updown-5m-1790401800,eth,5m,1790401800,fair_value,± 1 c,down,0.62,10,70,90,filled,True,50,0,10,1,True,True,queue,23.4211,0.375,75.041,4.741,False,1,0.38,3.8,0.38,0.0032984,,,,,0.253147,1989335,2e moitié,ETH 5m
eth-updown-5m-1790401800,eth,5m,1790401800,fair_value,± 1 c,up,0.24,10,90,100,cancelled,True,89.3,89.3,0,0,False,False,,0,0.375,,,False,0,-0.24,-0,-0,0.0025536,,,,,0.240883,1989335,2e moitié,ETH 5m
eth-updown-5m-1790401800,eth,5m,1790401800,fair_value,± 1 c,down,0.61,10,90,100,cancelled,True,149.99,0,0,0,False,False,,0,0.375,,,False,1,0.39,0,0,0.0033306,,,,,0.240883,1989335,2e moitié,ETH 5m
eth-updown-5m-1790401800,eth,5m,1790401800,fair_value,± 1 c,up,0.23,10,100,110,filled,True,89.7,0,10,1,True,True,traversal,0,0.375,100.936,0.636,False,0,-0.23,-2.3,-0.23,0.0024794,,,,,0.168802,1989335,2e moitié,ETH 5m
eth-updown-5m-1790401800,eth,5m,1790401800,fair_value,± 1 c,down,0.62,10,100,110,cancelled,True,10.26,0,0,0,False,False,,0,0.375,,,False,1,0.38,0,0,0.0032984,,,,,0.168802,1989335,2e moitié,ETH 5m
eth-updown-5m-1790401800,eth,5m,1790401800,fair_value,± 1 c,down,0.82,10,110,120,cancelled,True,170.6,62.6,0,0,False,False,,0,0.035,,,False,1,0.18,0,0,0.0020664,,,,,0.145615,1989335,2e moitié,ETH 5m
eth-updown-5m-1790401800,eth,5m,1790401800,fair_value,± 1 c,down,0.84,10,120,130,cancelled,True,178.3,172.3,0,0,False,False,,0,0.025,,,False,1,0.16,0,0,0.0018816,,,,,0.121295,1989335,2e moitié,ETH 5m
eth-updown-5m-1790401800,eth,5m,1790401800,fair_value,± 1 c,down,0.86,10,130,140,cancelled,True,179.6,174.6,0,0,False,False,,0,0.025,,,False,1,0.14,0,0,0.0016856,,,,,0.0989817,1989335,2e moitié,ETH 5m
eth-updown-5m-1790401800,eth,5m,1790401800,fair_value,± 1 c,down,0.89,10,140,150,cancelled,True,309.6,234.6,0,0,False,False,,0,0.015,,,False,1,0.11,0,0,0.0013706,,,,,0.0758505,1989335,2e moitié,ETH 5m
eth-updown-5m-1790401800,eth,5m,1790401800,fair_value,± 1 c,down,0.91,10,150,160,cancelled,True,346.67,285.7,0,0,False,False,,0,0.015,,,False,1,0.09,0,0,0.0011466,,,,,0.0551934,1989335,2e moitié,ETH 5m
eth-updown-5m-1790401800,eth,5m,1790401800,fair_value,± 1 c,down,0.93,10,160,170,cancelled,True,145.9,145.9,0,0,False,False,,0,0.015,,,False,1,0.07,0,0,0.0009114,,,,,0.0375728,1989335,2e moitié,ETH 5m
eth-updown-5m-1790402100,eth,5m,1790402100,signal,0.48/S+0,down,0.48,10,-30,0,cancelled,True,71.25,16.81,0,0,False,False,,3.59615,0.495,,,True,0,-0.48,-0,-0,0.0034944,0.48,0,-9.92842e-07,,,1989335,2e moitié,ETH 5m
eth-updown-5m-1790402100,eth,5m,1790402100,signal,0.48/S+30,down,0.48,10,-30,30,filled,True,71.25,0,10,1,True,True,traversal,13.0262,0.495,9.92,39.62,True,0,-0.48,-4.8,-0.48,0.0034944,0.48,30,-9.92842e-07,,,1989335,2e moitié,ETH 5m
eth-updown-5m-1790402100,eth,5m,1790402100,signal,0.48/S+60,down,0.48,10,-30,60,filled,True,71.25,0,10,1,True,True,traversal,13.0262,0.495,9.92,39.62,True,0,-0.48,-4.8,-0.48,0.0034944,0.48,60,-9.92842e-07,,,1989335,2e moitié,ETH 5m
eth-updown-5m-1790402100,eth,5m,1790402100,signal,0.49/S+0,down,0.49,10,-30,0,filled,True,50.19,0,10,1,True,True,traversal,46,0.495,-19.261,10.439,True,0,-0.49,-4.9,-0.49,0.0034986,0.49,0,-9.92842e-07,,,1989335,2e moitié,ETH 5m
eth-updown-5m-1790402100,eth,5m,1790402100,signal,0.49/S+30,down,0.49,10,-30,30,filled,True,50.19,0,10,1,True,True,traversal,46,0.495,-19.261,10.439,True,0,-0.49,-4.9,-0.49,0.0034986,0.49,30,-9.92842e-07,,,1989335,2e moitié,ETH 5m
eth-updown-5m-1790402100,eth,5m,1790402100,signal,0.49/S+60,down,0.49,10,-30,60,filled,True,50.19,0,10,1,True,True,traversal,46,0.495,-19.261,10.439,True,0,-0.49,-4.9,-0.49,0.0034986,0.49,60,-9.92842e-07,,,1989335,2e moitié,ETH 5m
eth-updown-5m-1790402100,eth,5m,1790402100,signal,0.50/S+0,down,0.5,10,-30,0,filled,True,6,0,10,1,True,True,traversal,0,0.495,-19.261,10.439,True,0,-0.5,-5,-0.5,0.0035,0.5,0,-9.92842e-07,,,1989335,2e moitié,ETH 5m
eth-updown-5m-1790402100,eth,5m,1790402100,signal,0.50/S+30,down,0.5,10,-30,30,filled,True,6,0,10,1,True,True,traversal,0,0.495,-19.261,10.439,True,0,-0.5,-5,-0.5,0.0035,0.5,30,-9.92842e-07,,,1989335,2e moitié,ETH 5m
eth-updown-5m-1790402100,eth,5m,1790402100,signal,0.50/S+60,down,0.5,10,-30,60,filled,True,6,0,10,1,True,True,traversal,0,0.495,-19.261,10.439,True,0,-0.5,-5,-0.5,0.0035,0.5,60,-9.92842e-07,,,1989335,2e moitié,ETH 5m
eth-updown-5m-1790402100,eth,5m,1790402100,two_sided,0.49/S+0,up,0.49,10,-60,0,cancelled,True,75.19,0,0,0,False,False,,1.96079,0.495,,,True,1,0.51,0,0,0.0034986,0.49,0,,0,,1989335,2e moitié,ETH 5m
eth-updown-5m-1790402100,eth,5m,1790402100,two_sided,0.49/S+0,down,0.49,10,-60,0,filled,True,10.19,0,10,1,True,True,queue,46,0.495,-19.261,40.439,True,0,-0.49,-4.9,-0.49,0.0034986,0.49,0,,0,,1989335,2e moitié,ETH 5m
eth-updown-5m-1790402100,eth,5m,1790402100,two_sided,0.49/S+30,up,0.49,10,-60,30,filled,True,75.19,0,10,1,True,True,queue,13.9216,0.495,2.326,62.026,True,1,0.51,5.1,0.51,0.0034986,0.49,30,,30,,1989335,2e moitié,ETH 5m
eth-updown-5m-1790402100,eth,5m,1790402100,two_sided,0.49/S+30,down,0.49,10,-60,30,filled,True,10.19,0,10,1,True,True,queue,46,0.495,-19.261,40.439,True,0,-0.49,-4.9,-0.49,0.0034986,0.49,30,,30,,1989335,2e moitié,ETH 5m
eth-updown-5m-1790402100,eth,5m,1790402100,two_sided,0.49/S+60,up,0.49,10,-60,60,filled,True,75.19,0,10,1,True,True,queue,13.9216,0.495,2.326,62.026,True,1,0.51,5.1,0.51,0.0034986,0.49,60,,60,,1989335,2e moitié,ETH 5m
eth-updown-5m-1790402100,eth,5m,1790402100,two_sided,0.49/S+60,down,0.49,10,-60,60,filled,True,10.19,0,10,1,True,True,queue,46,0.495,-19.261,40.439,True,0,-0.49,-4.9,-0.49,0.0034986,0.49,60,,60,,1989335,2e moitié,ETH 5m
eth-updown-5m-1790402100,eth,5m,1790402100,fair_value,± 1 c,up,0.52,10,10,20,cancelled,True,23,18,0,0,False,False,,0,0.545,,,True,1,0.48,0,0,0.0034944,,,,,0.476751,1989335,2e moitié,ETH 5m
eth-updown-5m-1790402100,eth,5m,1790402100,fair_value,± 1 c,down,0.45,10,10,30,filled,True,96.35,0,10,1,True,True,queue,84.3095,0.545,15.165,4.865,True,0,-0.45,-4.5,-0.45,0.003465,,,,,0.476247,1989335,2e moitié,ETH 5m
eth-updown-5m-1790402100,eth,5m,1790402100,fair_value,± 1 c,up,0.46,10,20,40,cancelled,True,383,148,0,0,False,False,,0,0.545,,,True,1,0.54,0,0,0.0034776,,,,,0.533313,1989335,2e moitié,ETH 5m
eth-updown-5m-1790402100,eth,5m,1790402100,fair_value,± 1 c,down,0.46,10,30,40,cancelled,True,68.25,36,0,0,False,False,,0,0.535,,,True,0,-0.46,-0,-0,0.0034776,,,,,0.533313,1989335,2e moitié,ETH 5m
eth-updown-5m-1790402100,eth,5m,1790402100,fair_value,± 1 c,up,0.52,10,40,50,cancelled,True,207.11,48,0,0,False,False,,0,0.525,,,True,1,0.48,0,0,0.0034944,,,,,0.683932,1989335,2e moitié,ETH 5m
eth-updown-5m-1790402100,eth,5m,1790402100,fair_value,± 1 c,down,0.45,10,40,50,cancelled,True,162,46,0,0,False,False,,0,0.525,,,True,0,-0.45,-0,-0,0.003465,,,,,0.683932,1989335,2e moitié,ETH 5m
eth-updown-5m-1790402100,eth,5m,1790402100,fair_value,± 1 c,up,0.54,10,50,60,cancelled,True,50,45,0,0,False,False,,0,0.605,,,True,1,0.46,0,0,0.0034776,,,,,0.689211,1989335,2e moitié,ETH 5m
eth-updown-5m-1790402100,eth,5m,1790402100,fair_value,± 1 c,up,0.65,10,60,70,cancelled,True,175.19,0,0,0,False,False,,7,0.655,,,True,1,0.35,0,0,0.003185,,,,,0.805407,1989335,2e moitié,ETH 5m
eth-updown-5m-1790402100,eth,5m,1790402100,fair_value,± 1 c,down,0.3,10,50,70,cancelled,True,45,30,0,0,False,False,,0,0.605,,,True,0,-0.3,-0,-0,0.00294,,,,,0.805407,1989335,2e moitié,ETH 5m
eth-updown-5m-1790402100,eth,5m,1790402100,fair_value,± 1 c,up,0.64,10,70,80,filled,True,94.85,0,10,1,True,True,traversal,0,0.645,71.038,0.738,True,1,0.36,3.6,0.36,0.0032256,,,,,0.78894,1989335,2e moitié,ETH 5m
eth-updown-5m-1790402100,eth,5m,1790402100,fair_value,± 1 c,down,0.18,10,70,80,cancelled,True,93.6,42.6,0,0,False,False,,0,0.645,,,True,0,-0.18,-0,-0,0.0020664,,,,,0.78894,1989335,2e moitié,ETH 5m
eth-updown-5m-1790402100,eth,5m,1790402100,fair_value,± 1 c,up,0.51,10,80,90,cancelled,True,92.77,13.2,0,0,False,False,,0,0.515,,,True,1,0.49,0,0,0.0034986,,,,,0.837032,1989335,2e moitié,ETH 5m
eth-updown-5m-1790402100,eth,5m,1790402100,fair_value,± 1 c,down,0.2,10,80,90,cancelled,True,36.2,36.2,0,0,False,False,,0,0.515,,,True,0,-0.2,-0,-0,0.00224,,,,,0.837032,1989335,2e moitié,ETH 5m
eth-updown-5m-1790402100,eth,5m,1790402100,fair_value,± 1 c,up,0.53,10,90,100,filled,True,96.11,0,10,1,True,True,traversal,0,0.535,91.268,0.968,True,1,0.47,4.7,0.47,0.0034874,,,,,0.819381,1989335,2e moitié,ETH 5m
eth-updown-5m-1790402100,eth,5m,1790402100,fair_value,± 1 c,down,0.15,10,90,100,cancelled,True,87.06,87.06,0,0,False,False,,0,0.535,,,True,0,-0.15,-0,-0,0.001785,,,,,0.819381,1989335,2e moitié,ETH 5m
eth-updown-5m-1790402100,eth,5m,1790402100,fair_value,± 1 c,up,0.54,10,100,110,cancelled,True,152.75,0,0,0,False,False,,0,0.545,,,True,1,0.46,0,0,0.0034776,,,,,0.834763,1989335,2e moitié,ETH 5m
eth-updown-5m-1790402100,eth,5m,1790402100,fair_value,± 1 c,down,0.17,10,100,110,cancelled,True,43.39,38.39,0,0,False,False,,0,0.545,,,True,0,-0.17,-0,-0,0.0019754,,,,,0.834763,1989335,2e moitié,ETH 5m
eth-updown-5m-1790402100,eth,5m,1790402100,fair_value,± 1 c,up,0.53,10,110,120,cancelled,True,80.51,0,0,0,False,False,,0,0.535,,,True,1,0.47,0,0,0.0034874,,,,,0.857946,1989335,2e moitié,ETH 5m
eth-updown-5m-1790402100,eth,5m,1790402100,fair_value,± 1 c,down,0.15,10,110,120,cancelled,True,92.06,87.06,0,0,False,False,,0,0.535,,,True,0,-0.15,-0,-0,0.001785,,,,,0.857946,1989335,2e moitié,ETH 5m
eth-updown-5m-1790402100,eth,5m,1790402100,fair_value,± 1 c,up,0.55,10,120,130,cancelled,True,15,0,0,0,False,False,,0,0.555,,,True,1,0.45,0,0,0.003465,,,,,0.905511,1989335,2e moitié,ETH 5m
eth-updown-5m-1790402100,eth,5m,1790402100,fair_value,± 1 c,down,0.13,10,120,130,cancelled,True,43,43,0,0,False,False,,0,0.555,,,True,0,-0.13,-0,-0,0.0015834,,,,,0.905511,1989335,2e moitié,ETH 5m
eth-updown-5m-1790402100,eth,5m,1790402100,fair_value,± 1 c,up,0.57,10,130,140,filled,True,156.06,0,10,1,True,True,traversal,0,0.575,134.973,4.673,True,1,0.43,4.3,0.43,0.0034314,,,,,0.879643,1989335,2e moitié,ETH 5m
eth-updown-5m-1790402100,eth,5m,1790402100,fair_value,± 1 c,down,0.08,10,130,140,cancelled,True,593.3,92.29,0,0,False,False,,0,0.575,,,True,0,-0.08,-0,-0,0.0010304,,,,,0.879643,1989335,2e moitié,ETH 5m
eth-updown-5m-1790402100,eth,5m,1790402100,fair_value,± 1 c,up,0.86,10,140,150,partial,True,32.78,0,7.68,0.768,True,False,queue,20.46,0.865,143.697,3.397,True,1,0.14,1.0752,0.10752,0.0016856,,,,,0.929071,1989335,2e moitié,ETH 5m
eth-updown-5m-1790402100,eth,5m,1790402100,fair_value,± 1 c,down,0.11,10,140,150,partial,True,203,0,1.12359,0.112359,True,False,queue,1.12359,0.865,149.488,9.188,True,0,-0.11,-0.123595,-0.0123595,0.0013706,,,,,0.929071,1989335,2e moitié,ETH 5m
eth-updown-5m-1790402100,eth,5m,1790402100,fair_value,± 1 c,up,0.88,10,150,160,filled,True,55.87,0,10,1,True,True,traversal,0,0.9,154.516,4.216,True,1,0.12,1.2,0.12,0.0014784,,,,,0.963147,1989335,2e moitié,ETH 5m
eth-updown-5m-1790402100,eth,5m,1790402100,fair_value,± 1 c,down,0.06,10,150,160,cancelled,True,741.11,96.1,0,0,False,False,,0,0.9,,,True,0,-0.06,-0,-0,0.0007896,,,,,0.963147,1989335,2e moitié,ETH 5m
eth-updown-5m-1790402100,eth,5m,1790402100,fair_value,± 1 c,up,0.86,10,160,170,cancelled,True,9,0,0,0,False,False,,9,0.865,,,True,1,0.14,0,0,0.0016856,,,,,0.978637,1989335,2e moitié,ETH 5m
eth-updown-5m-1790402100,eth,5m,1790402100,fair_value,± 1 c,up,0.9,10,170,180,filled,True,95.88,0,10,1,True,True,traversal,6,0.905,172.902,2.602,True,1,0.1,1,0.1,0.00126,,,,,0.907948,1989335,2e moitié,ETH 5m
eth-updown-5m-1790402100,eth,5m,1790402100,fair_value,± 1 c,up,0.81,10,180,190,cancelled,True,148.42,0,0,0,False,False,,5.26316,0.815,,,True,1,0.19,0,0,0.0021546,,,,,0.898159,1989335,2e moitié,ETH 5m
eth-updown-5m-1790402100,eth,5m,1790402100,fair_value,± 1 c,down,0.08,10,180,190,cancelled,True,105.29,105.29,0,0,False,False,,0,0.815,,,True,0,-0.08,-0,-0,0.0010304,,,,,0.898159,1989335,2e moitié,ETH 5m
eth-updown-5m-1790402100,eth,5m,1790402100,fair_value,± 1 c,up,0.77,10,190,200,cancelled,True,0,0,0,0,False,False,,0,0.77,,,True,1,0.23,0,0,0.0024794,,,,,0.900459,1989335,2e moitié,ETH 5m
eth-updown-5m-1790402100,eth,5m,1790402100,fair_value,± 1 c,down,0.09,10,190,200,cancelled,True,106.7,101.7,0,0,False,False,,0,0.77,,,True,0,-0.09,-0,-0,0.0011466,,,,,0.900459,1989335,2e moitié,ETH 5m
eth-updown-5m-1790402100,eth,5m,1790402100,fair_value,± 1 c,up,0.84,10,200,210,cancelled,True,165.95,5,0,0,False,False,,0,0.845,,,True,1,0.16,0,0,0.0018816,,,,,0.932046,1989335,2e moitié,ETH 5m
eth-updown-5m-1790402100,eth,5m,1790402100,fair_value,± 1 c,down,0.08,10,200,210,cancelled,True,105.29,80.29,0,0,False,False,,0,0.845,,,True,0,-0.08,-0,-0,0.0010304,,,,,0.932046,1989335,2e moitié,ETH 5m
eth-updown-5m-1790402100,eth,5m,1790402100,fair_value,± 1 c,up,0.87,10,210,220,cancelled,True,26,5,0,0,False,False,,0,0.885,,,True,1,0.13,0,0,0.0015834,,,,,0.995891,1989335,2e moitié,ETH 5m
eth-updown-5m-1790402100,eth,5m,1790402100,fair_value,± 1 c,down,0.05,10,210,220,filled,True,610.71,0,10,1,True,True,queue,351.08,0.885,215.727,5.427,True,0,-0.05,-0.5,-0.05,0.000665,,,,,0.995891,1989335,2e moitié,ETH 5m
eth-updown-5m-1790402400,eth,5m,1790402400,signal,0.48/S+0,down,0.48,10,-30,0,cancelled,True,71.25,20.41,0,0,False,False,,0,0.485,,,False,1,0.52,0,0,0.0034944,0.48,0,-5.76947e-05,,,1989336,2e moitié,ETH 5m
eth-updown-5m-1790402400,eth,5m,1790402400,signal,0.48/S+30,down,0.48,10,-30,30,cancelled,True,71.25,20.41,0,0,False,False,,0,0.485,,,False,1,0.52,0,0,0.0034944,0.48,30,-5.76947e-05,,,1989336,2e moitié,ETH 5m
eth-updown-5m-1790402400,eth,5m,1790402400,signal,0.48/S+60,down,0.48,10,-30,60,filled,True,71.25,0,10,1,True,True,traversal,2.88,0.485,34.906,64.606,False,1,0.52,5.2,0.52,0.0034944,0.48,60,-5.76947e-05,,,1989336,2e moitié,ETH 5m
eth-updown-5m-1790402400,eth,5m,1790402400,signal,0.49/S+0,down,0.49,10,-30,0,cancelled,True,50.19,10,0,0,False,False,,0,0.485,,,False,1,0.51,0,0,0.0034986,0.49,0,-5.76947e-05,,,1989336,2e moitié,ETH 5m
eth-updown-5m-1790402400,eth,5m,1790402400,signal,0.49/S+30,down,0.49,10,-30,30,cancelled,True,50.19,10,0,0,False,False,,0,0.485,,,False,1,0.51,0,0,0.0034986,0.49,30,-5.76947e-05,,,1989336,2e moitié,ETH 5m
eth-updown-5m-1790402400,eth,5m,1790402400,signal,0.49/S+60,down,0.49,10,-30,60,filled,True,50.19,0,10,1,True,True,traversal,0,0.485,34.903,64.603,False,1,0.51,5.1,0.51,0.0034986,0.49,60,-5.76947e-05,,,1989336,2e moitié,ETH 5m
eth-updown-5m-1790402400,eth,5m,1790402400,signal,0.50/S+0,down,0.5,10,-30,0,cancelled,True,40,0,0,0,False,False,,0,0.485,,,False,1,0.5,0,0,0.0035,0.5,0,-5.76947e-05,,,1989336,2e moitié,ETH 5m
eth-updown-5m-1790402400,eth,5m,1790402400,signal,0.50/S+30,down,0.5,10,-30,30,cancelled,True,40,0,0,0,False,False,,0,0.485,,,False,1,0.5,0,0,0.0035,0.5,30,-5.76947e-05,,,1989336,2e moitié,ETH 5m
eth-updown-5m-1790402400,eth,5m,1790402400,signal,0.50/S+60,down,0.5,10,-30,60,filled,True,40,0,10,1,True,True,traversal,0,0.485,34.903,64.603,False,1,0.5,5,0.5,0.0035,0.5,60,-5.76947e-05,,,1989336,2e moitié,ETH 5m
eth-updown-5m-1790402400,eth,5m,1790402400,two_sided,0.49/S+0,up,0.49,10,-60,0,filled,True,50.19,0,10,1,True,True,traversal,12,0.51,-39.976,19.724,False,0,-0.49,-4.9,-0.49,0.0034986,0.49,0,,0,,1989336,2e moitié,ETH 5m
eth-updown-5m-1790402400,eth,5m,1790402400,two_sided,0.49/S+0,down,0.49,10,-60,0,cancelled,True,0,0,0,0,False,False,,0,0.51,,,False,1,0.51,0,0,0.0034986,0.49,0,,0,,1989336,2e moitié,ETH 5m
eth-updown-5m-1790402400,eth,5m,1790402400,two_sided,0.49/S+30,up,0.49,10,-60,30,filled,True,50.19,0,10,1,True,True,traversal,12,0.51,-39.976,19.724,False,0,-0.49,-4.9,-0.49,0.0034986,0.49,30,,30,,1989336,2e moitié,ETH 5m
eth-updown-5m-1790402400,eth,5m,1790402400,two_sided,0.49/S+30,down,0.49,10,-60,30,cancelled,True,0,0,0,0,False,False,,0,0.51,,,False,1,0.51,0,0,0.0034986,0.49,30,,30,,1989336,2e moitié,ETH 5m
eth-updown-5m-1790402400,eth,5m,1790402400,two_sided,0.49/S+60,up,0.49,10,-60,60,filled,True,50.19,0,10,1,True,True,traversal,12,0.51,-39.976,19.724,False,0,-0.49,-4.9,-0.49,0.0034986,0.49,60,,60,,1989336,2e moitié,ETH 5m
eth-updown-5m-1790402400,eth,5m,1790402400,two_sided,0.49/S+60,down,0.49,10,-60,60,filled,True,0,0,10,1,True,True,traversal,0,0.51,34.903,94.603,False,1,0.51,5.1,0.51,0.0034986,0.49,60,,60,,1989336,2e moitié,ETH 5m
eth-updown-5m-1790402400,eth,5m,1790402400,fair_value,± 1 c,up,0.34,10,10,20,cancelled,True,162,36,0,0,False,False,,0,0.365,,,False,0,-0.34,-0,-0,0.0031416,,,,,0.242151,1989336,2e moitié,ETH 5m
eth-updown-5m-1790402400,eth,5m,1790402400,fair_value,± 1 c,down,0.63,10,10,20,cancelled,True,9,0,0,0,False,False,,0,0.365,,,False,1,0.37,0,0,0.0032634,,,,,0.242151,1989336,2e moitié,ETH 5m
eth-updown-5m-1790402400,eth,5m,1790402400,fair_value,± 1 c,up,0.23,10,20,30,cancelled,True,60,60,0,0,False,False,,0,0.425,,,False,0,-0.23,-0,-0,0.0024794,,,,,0.228657,1989336,2e moitié,ETH 5m
eth-updown-5m-1790402400,eth,5m,1790402400,fair_value,± 1 c,down,0.57,10,20,30,cancelled,True,124.39,8,0,0,False,False,,0,0.425,,,False,1,0.43,0,0,0.0034314,,,,,0.228657,1989336,2e moitié,ETH 5m
eth-updown-5m-1790402400,eth,5m,1790402400,fair_value,± 1 c,up,0.21,10,30,40,cancelled,True,80,65.7,0,0,False,False,,0,0.415,,,False,0,-0.21,-0,-0,0.0023226,,,,,0.424187,1989336,2e moitié,ETH 5m
eth-updown-5m-1790402400,eth,5m,1790402400,fair_value,± 1 c,down,0.58,10,30,40,filled,True,103.62,0,10,1,True,True,traversal,0,0.415,34.903,4.603,False,1,0.42,4.2,0.42,0.0034104,,,,,0.424187,1989336,2e moitié,ETH 5m
eth-updown-5m-1790402400,eth,5m,1790402400,fair_value,± 1 c,up,0.41,10,40,50,cancelled,True,5,0,0,0,False,False,,0,0.435,,,False,0,-0.41,-0,-0,0.0033866,,,,,0.36423,1989336,2e moitié,ETH 5m
eth-updown-5m-1790402400,eth,5m,1790402400,fair_value,± 1 c,down,0.55,10,40,50,filled,True,124.53,0,10,1,True,True,queue,22.8444,0.435,43.914,3.614,False,1,0.45,4.5,0.45,0.003465,,,,,0.36423,1989336,2e moitié,ETH 5m
eth-updown-5m-1790402400,eth,5m,1790402400,fair_value,± 1 c,up,0.35,10,50,60,cancelled,True,133,7.84,0,0,False,False,,0,0.395,,,False,0,-0.35,-0,-0,0.003185,,,,,0.275216,1989336,2e moitié,ETH 5m
eth-updown-5m-1790402400,eth,5m,1790402400,fair_value,± 1 c,down,0.59,10,50,60,cancelled,True,148.98,15,0,0,False,False,,0,0.395,,,False,1,0.41,0,0,0.0033866,,,,,0.275216,1989336,2e moitié,ETH 5m
eth-updown-5m-1790402400,eth,5m,1790402400,fair_value,± 1 c,up,0.26,10,60,70,cancelled,True,208.88,191.5,0,0,False,False,,0,0.365,,,False,0,-0.26,-0,-0,0.0026936,,,,,0.256905,1989336,2e moitié,ETH 5m
eth-updown-5m-1790402400,eth,5m,1790402400,fair_value,± 1 c,down,0.62,10,60,70,filled,True,139.32,0,10,1,True,True,traversal,0,0.365,62.728,2.428,False,1,0.38,3.8,0.38,0.0032984,,,,,0.256905,1989336,2e moitié,ETH 5m
eth-updown-5m-1790402400,eth,5m,1790402400,fair_value,± 1 c,up,0.24,10,70,80,cancelled,True,89.3,89.3,0,0,False,False,,0,0.385,,,False,0,-0.24,-0,-0,0.0025536,,,,,0.237771,1989336,2e moitié,ETH 5m
eth-updown-5m-1790402400,eth,5m,1790402400,fair_value,± 1 c,down,0.61,10,70,80,cancelled,True,5,0,0,0,False,False,,0,0.385,,,False,1,0.39,0,0,0.0033306,,,,,0.237771,1989336,2e moitié,ETH 5m
eth-updown-5m-1790402400,eth,5m,1790402400,fair_value,± 1 c,up,0.22,10,80,90,cancelled,True,65.2,60.2,0,0,False,False,,0,0.365,,,False,0,-0.22,-0,-0,0.0024024,,,,,0.192328,1989336,2e moitié,ETH 5m
eth-updown-5m-1790402400,eth,5m,1790402400,fair_value,± 1 c,down,0.63,10,80,90,cancelled,True,21,0,0,0,False,False,,0,0.365,,,False,1,0.37,0,0,0.0032634,,,,,0.192328,1989336,2e moitié,ETH 5m
eth-updown-5m-1790402400,eth,5m,1790402400,fair_value,± 1 c,up,0.18,10,90,100,cancelled,True,268.6,68.6,0,0,False,False,,0,0.305,,,False,0,-0.18,-0,-0,0.0020664,,,,,0.170705,1989336,2e moitié,ETH 5m
eth-updown-5m-1790402400,eth,5m,1790402400,fair_value,± 1 c,down,0.69,10,90,100,filled,True,86.23,0,10,1,True,True,traversal,28.7548,0.305,92.812,2.512,False,1,0.31,3.1,0.31,0.0029946,,,,,0.170705,1989336,2e moitié,ETH 5m
eth-updown-5m-1790402400,eth,5m,1790402400,fair_value,± 1 c,up,0.16,10,100,110,cancelled,True,71.3,64.3,0,0,False,False,,0,0.315,,,False,0,-0.16,-0,-0,0.0018816,,,,,0.118375,1989336,2e moitié,ETH 5m
eth-updown-5m-1790402400,eth,5m,1790402400,fair_value,± 1 c,down,0.68,10,100,110,cancelled,True,109.91,0,0,0,False,False,,15.625,0.315,,,False,1,0.32,0,0,0.0030464,,,,,0.118375,1989336,2e moitié,ETH 5m
eth-updown-5m-1790402400,eth,5m,1790402400,fair_value,± 1 c,up,0.1,10,110,120,cancelled,True,422.9,222.9,0,0,False,False,,0,0.225,,,False,0,-0.1,-0,-0,0.00126,,,,,0.0967554,1989336,2e moitié,ETH 5m
eth-updown-5m-1790402400,eth,5m,1790402400,fair_value,± 1 c,down,0.77,10,110,120,filled,True,8,0,10,1,True,True,traversal,7,0.225,110.803,0.503,False,1,0.23,2.3,0.23,0.0024794,,,,,0.0967554,1989336,2e moitié,ETH 5m
eth-updown-5m-1790402400,eth,5m,1790402400,fair_value,± 1 c,up,0.08,10,120,130,filled,True,624.3,0,10,1,True,True,traversal,0,0.195,125.313,5.013,False,0,-0.08,-0.8,-0.08,0.0010304,,,,,0.0239068,1989336,2e moitié,ETH 5m
eth-updown-5m-1790402400,eth,5m,1790402400,fair_value,± 1 c,down,0.79,10,120,130,cancelled,True,46,30,0,0,False,False,,0,0.195,,,False,1,0.21,0,0,0.0023226,,,,,0.0239068,1989336,2e moitié,ETH 5m
eth-updown-5m-1790402400,eth,5m,1790402400,fair_value,± 1 c,down,0.92,10,130,140,cancelled,True,45.29,0,0,0,False,False,,10,0.075,,,False,1,0.08,0,0,0.0010304,,,,,0.0143371,1989336,2e moitié,ETH 5m
eth-updown-5m-1790402400,eth,5m,1790402400,fair_value,± 1 c,down,0.93,10,140,150,cancelled,True,60,35,0,0,False,False,,0,0.065,,,False,1,0.07,0,0,0.0009114,,,,,0.00764005,1989336,2e moitié,ETH 5m
eth-updown-5m-1790402400,eth,5m,1790402400,fair_value,± 1 c,down,0.94,10,150,160,cancelled,True,163.55,0,0,0,False,False,,0,0.05,,,False,1,0.06,0,0,0.0007896,,,,,0.00345204,1989336,2e moitié,ETH 5m
eth-updown-5m-1790402700,eth,5m,1790402700,signal,0.48/S+0,down,0.48,10,-30,0,expired,True,20.41,20.41,0,0,False,False,,0,0.415,,,True,0,-0.48,-0,-0,0.0034944,0.48,0,-0.000280016,,,1989336,2e moitié,ETH 5m
eth-updown-5m-1790402700,eth,5m,1790402700,signal,0.48/S+30,down,0.48,10,-30,30,expired,True,20.41,20.41,0,0,False,False,,0,0.415,,,True,0,-0.48,-0,-0,0.0034944,0.48,30,-0.000280016,,,1989336,2e moitié,ETH 5m
eth-updown-5m-1790402700,eth,5m,1790402700,signal,0.48/S+60,down,0.48,10,-30,60,expired,True,20.41,20.41,0,0,False,False,,0,0.415,,,True,0,-0.48,-0,-0,0.0034944,0.48,60,-0.000280016,,,1989336,2e moitié,ETH 5m
eth-updown-5m-1790402700,eth,5m,1790402700,signal,0.49/S+0,down,0.49,10,-30,0,expired,True,45.21,15.21,0,0,False,False,,0,0.415,,,True,0,-0.49,-0,-0,0.0034986,0.49,0,-0.000280016,,,1989336,2e moitié,ETH 5m
eth-updown-5m-1790402700,eth,5m,1790402700,signal,0.49/S+30,down,0.49,10,-30,30,expired,True,45.21,15.21,0,0,False,False,,0,0.415,,,True,0,-0.49,-0,-0,0.0034986,0.49,30,-0.000280016,,,1989336,2e moitié,ETH 5m
eth-updown-5m-1790402700,eth,5m,1790402700,signal,0.49/S+60,down,0.49,10,-30,60,expired,True,45.21,15.21,0,0,False,False,,0,0.415,,,True,0,-0.49,-0,-0,0.0034986,0.49,60,-0.000280016,,,1989336,2e moitié,ETH 5m
eth-updown-5m-1790402700,eth,5m,1790402700,signal,0.50/S+0,down,0.5,10,-30,0,expired,True,30,0,0,0,False,False,,0,0.415,,,True,0,-0.5,-0,-0,0.0035,0.5,0,-0.000280016,,,1989336,2e moitié,ETH 5m
eth-updown-5m-1790402700,eth,5m,1790402700,signal,0.50/S+30,down,0.5,10,-30,30,expired,True,30,0,0,0,False,False,,0,0.415,,,True,0,-0.5,-0,-0,0.0035,0.5,30,-0.000280016,,,1989336,2e moitié,ETH 5m
eth-updown-5m-1790402700,eth,5m,1790402700,signal,0.50/S+60,down,0.5,10,-30,60,expired,True,30,0,0,0,False,False,,0,0.415,,,True,0,-0.5,-0,-0,0.0035,0.5,60,-0.000280016,,,1989336,2e moitié,ETH 5m
eth-updown-5m-1790402700,eth,5m,1790402700,two_sided,0.49/S+0,up,0.49,10,-60,0,filled,True,50.38,0,10,1,True,True,queue,32.04,0.505,-37.368,22.332,True,1,0.51,5.1,0.51,0.0034986,0.49,0,,0,,1989336,2e moitié,ETH 5m
eth-updown-5m-1790402700,eth,5m,1790402700,two_sided,0.49/S+0,down,0.49,10,-60,0,expired,True,5.21,5.21,0,0,False,False,,0,0.505,,,True,0,-0.49,-0,-0,0.0034986,0.49,0,,0,,1989336,2e moitié,ETH 5m
eth-updown-5m-1790402700,eth,5m,1790402700,two_sided,0.49/S+30,up,0.49,10,-60,30,filled,True,50.38,0,10,1,True,True,queue,32.04,0.505,-37.368,22.332,True,1,0.51,5.1,0.51,0.0034986,0.49,30,,30,,1989336,2e moitié,ETH 5m
eth-updown-5m-1790402700,eth,5m,1790402700,two_sided,0.49/S+30,down,0.49,10,-60,30,expired,True,5.21,5.21,0,0,False,False,,0,0.505,,,True,0,-0.49,-0,-0,0.0034986,0.49,30,,30,,1989336,2e moitié,ETH 5m
eth-updown-5m-1790402700,eth,5m,1790402700,two_sided,0.49/S+60,up,0.49,10,-60,60,filled,True,50.38,0,10,1,True,True,queue,32.04,0.505,-37.368,22.332,True,1,0.51,5.1,0.51,0.0034986,0.49,60,,60,,1989336,2e moitié,ETH 5m
eth-updown-5m-1790402700,eth,5m,1790402700,two_sided,0.49/S+60,down,0.49,10,-60,60,expired,True,5.21,5.21,0,0,False,False,,0,0.505,,,True,0,-0.49,-0,-0,0.0034986,0.49,60,,60,,1989336,2e moitié,ETH 5m
eth-updown-5m-1790402700,eth,5m,1790402700,fair_value,± 1 c,down,0.41,10,10,20,no_book,False,,,0,0,False,False,,0,,,,True,0,-0.41,-0,-0,0.0033866,,,,,0.583012,1989336,2e moitié,ETH 5m
eth-updown-5m-1790402700,eth,5m,1790402700,fair_value,± 1 c,down,0.4,10,20,30,no_book,False,,,0,0,False,False,,0,,,,True,0,-0.4,-0,-0,0.00336,,,,,0.599756,1989336,2e moitié,ETH 5m
eth-updown-5m-1790402700,eth,5m,1790402700,fair_value,± 1 c,down,0.39,10,30,40,no_book,False,,,0,0,False,False,,0,,,,True,0,-0.39,-0,-0,0.0033306,,,,,0.608945,1989336,2e moitié,ETH 5m
eth-updown-5m-1790402700,eth,5m,1790402700,fair_value,± 1 c,down,0.38,10,40,50,no_book,False,,,0,0,False,False,,0,,,,True,0,-0.38,-0,-0,0.0032984,,,,,0.618899,1989336,2e moitié,ETH 5m
eth-updown-5m-1790402700,eth,5m,1790402700,fair_value,± 1 c,down,0.37,10,50,60,no_book,False,,,0,0,False,False,,0,,,,True,0,-0.37,-0,-0,0.0032634,,,,,0.629709,1989336,2e moitié,ETH 5m
eth-updown-5m-1790402700,eth,5m,1790402700,fair_value,± 1 c,down,0.36,10,60,70,no_book,False,,,0,0,False,False,,0,,,,True,0,-0.36,-0,-0,0.0032256,,,,,0.641457,1989336,2e moitié,ETH 5m
eth-updown-5m-1790402700,eth,5m,1790402700,fair_value,± 1 c,down,0.34,10,70,80,no_book,False,,,0,0,False,False,,0,,,,True,0,-0.34,-0,-0,0.0031416,,,,,0.705079,1989336,2e moitié,ETH 5m
eth-updown-5m-1790402700,eth,5m,1790402700,fair_value,± 1 c,down,0.28,10,80,90,no_book,False,,,0,0,False,False,,0,,,,True,0,-0.28,-0,-0,0.0028224,,,,,0.722679,1989336,2e moitié,ETH 5m
eth-updown-5m-1790402700,eth,5m,1790402700,fair_value,± 1 c,down,0.26,10,90,100,no_book,False,,,0,0,False,False,,0,,,,True,0,-0.26,-0,-0,0.0026936,,,,,0.740012,1989336,2e moitié,ETH 5m
eth-updown-5m-1790402700,eth,5m,1790402700,fair_value,± 1 c,down,0.24,10,100,110,no_book,False,,,0,0,False,False,,0,,,,True,0,-0.24,-0,-0,0.0025536,,,,,0.760171,1989336,2e moitié,ETH 5m
eth-updown-5m-1790402700,eth,5m,1790402700,fair_value,± 1 c,down,0.22,10,110,120,no_book,False,,,0,0,False,False,,0,,,,True,0,-0.22,-0,-0,0.0024024,,,,,0.781708,1989336,2e moitié,ETH 5m
eth-updown-5m-1790402700,eth,5m,1790402700,fair_value,± 1 c,down,0.2,10,120,130,no_book,False,,,0,0,False,False,,0,,,,True,0,-0.2,-0,-0,0.00224,,,,,0.80456,1989336,2e moitié,ETH 5m
eth-updown-5m-1790402700,eth,5m,1790402700,fair_value,± 1 c,down,0.18,10,130,140,no_book,False,,,0,0,False,False,,0,,,,True,0,-0.18,-0,-0,0.0020664,,,,,0.830434,1989336,2e moitié,ETH 5m
eth-updown-5m-1790402700,eth,5m,1790402700,fair_value,± 1 c,down,0.15,10,140,150,no_book,False,,,0,0,False,False,,0,,,,True,0,-0.15,-0,-0,0.001785,,,,,0.853668,1989336,2e moitié,ETH 5m
eth-updown-5m-1790402700,eth,5m,1790402700,fair_value,± 1 c,down,0.13,10,150,160,no_book,False,,,0,0,False,False,,0,,,,True,0,-0.13,-0,-0,0.0015834,,,,,0.879367,1989336,2e moitié,ETH 5m
eth-updown-5m-1790402700,eth,5m,1790402700,fair_value,± 1 c,down,0.11,10,160,170,no_book,False,,,0,0,False,False,,0,,,,True,0,-0.11,-0,-0,0.0013706,,,,,0.906748,1989336,2e moitié,ETH 5m
eth-updown-5m-1790402700,eth,5m,1790402700,fair_value,± 1 c,down,0.08,10,170,180,no_book,False,,,0,0,False,False,,0,,,,True,0,-0.08,-0,-0,0.0010304,,,,,0.873816,1989336,2e moitié,ETH 5m
eth-updown-5m-1790402700,eth,5m,1790402700,fair_value,± 1 c,down,0.11,10,180,190,no_book,False,,,0,0,False,False,,0,,,,True,0,-0.11,-0,-0,0.0013706,,,,,0.776433,1989336,2e moitié,ETH 5m
eth-updown-5m-1790402700,eth,5m,1790402700,fair_value,± 1 c,down,0.21,10,190,200,no_book,False,,,0,0,False,False,,0,,,,True,0,-0.21,-0,-0,0.0023226,,,,,0.638079,1989336,2e moitié,ETH 5m
eth-updown-5m-1790402700,eth,5m,1790402700,fair_value,± 1 c,down,0.35,10,200,210,no_book,False,,,0,0,False,False,,0,,,,True,0,-0.35,-0,-0,0.003185,,,,,0.664731,1989336,2e moitié,ETH 5m
eth-updown-5m-1790402700,eth,5m,1790402700,fair_value,± 1 c,down,0.32,10,210,220,no_book,False,,,0,0,False,False,,0,,,,True,0,-0.32,-0,-0,0.0030464,,,,,0.686712,1989336,2e moitié,ETH 5m
eth-updown-5m-1790402700,eth,5m,1790402700,fair_value,± 1 c,down,0.3,10,220,230,no_book,False,,,0,0,False,False,,0,,,,True,0,-0.3,-0,-0,0.00294,,,,,0.731478,1989336,2e moitié,ETH 5m
eth-updown-5m-1790402700,eth,5m,1790402700,fair_value,± 1 c,down,0.25,10,230,240,no_book,False,,,0,0,False,False,,0,,,,True,0,-0.25,-0,-0,0.002625,,,,,0.788467,1989336,2e moitié,ETH 5m
eth-updown-5m-1790402700,eth,5m,1790402700,fair_value,± 1 c,down,0.2,10,240,250,no_book,False,,,0,0,False,False,,0,,,,True,0,-0.2,-0,-0,0.00224,,,,,0.859796,1989336,2e moitié,ETH 5m
eth-updown-5m-1790402700,eth,5m,1790402700,fair_value,± 1 c,down,0.13,10,250,260,no_book,False,,,0,0,False,False,,0,,,,True,0,-0.13,-0,-0,0.0015834,,,,,0.999404,1989336,2e moitié,ETH 5m
eth-updown-5m-1790402700,eth,5m,1790402700,fair_value,± 1 c,up,0.4,10,10,290,no_book,False,,,0,0,False,False,,0,,,,True,1,0.6,0,0,0.00336,,,,,,1989336,2e moitié,ETH 5m
eth-updown-5m-1790417100,eth,5m,1790417100,signal,0.48/S+0,up,0.48,10,-30,0,cancelled,True,71.25,20.41,0,0,False,False,,0,0.535,,,True,1,0.52,0,0,0.0034944,0.48,0,0.000219835,,,1989352,2e moitié,ETH 5m
eth-updown-5m-1790417100,eth,5m,1790417100,signal,0.48/S+30,up,0.48,10,-30,30,filled,True,71.25,0,10,1,True,True,traversal,0,0.535,19.423,49.123,True,1,0.52,5.2,0.52,0.0034944,0.48,30,0.000219835,,,1989352,2e moitié,ETH 5m
eth-updown-5m-1790417100,eth,5m,1790417100,signal,0.48/S+60,up,0.48,10,-30,60,filled,True,71.25,0,10,1,True,True,traversal,0,0.535,19.423,49.123,True,1,0.52,5.2,0.52,0.0034944,0.48,60,0.000219835,,,1989352,2e moitié,ETH 5m
eth-updown-5m-1790417100,eth,5m,1790417100,signal,0.49/S+0,up,0.49,10,-30,0,cancelled,True,55.19,0,0,0,False,False,,0,0.535,,,True,1,0.51,0,0,0.0034986,0.49,0,0.000219835,,,1989352,2e moitié,ETH 5m
eth-updown-5m-1790417100,eth,5m,1790417100,signal,0.49/S+30,up,0.49,10,-30,30,filled,True,55.19,0,10,1,True,True,queue,10.7843,0.535,19.311,49.011,True,1,0.51,5.1,0.51,0.0034986,0.49,30,0.000219835,,,1989352,2e moitié,ETH 5m
eth-updown-5m-1790417100,eth,5m,1790417100,signal,0.49/S+60,up,0.49,10,-30,60,filled,True,55.19,0,10,1,True,True,queue,10.7843,0.535,19.311,49.011,True,1,0.51,5.1,0.51,0.0034986,0.49,60,0.000219835,,,1989352,2e moitié,ETH 5m
eth-updown-5m-1790417100,eth,5m,1790417100,signal,0.50/S+0,up,0.5,10,-30,0,cancelled,True,30,0,0,0,False,False,,0,0.535,,,True,1,0.5,0,0,0.0035,0.5,0,0.000219835,,,1989352,2e moitié,ETH 5m
eth-updown-5m-1790417100,eth,5m,1790417100,signal,0.50/S+30,up,0.5,10,-30,30,filled,True,30,0,10,1,True,True,traversal,0,0.535,19.311,49.011,True,1,0.5,5,0.5,0.0035,0.5,30,0.000219835,,,1989352,2e moitié,ETH 5m
eth-updown-5m-1790417100,eth,5m,1790417100,signal,0.50/S+60,up,0.5,10,-30,60,filled,True,30,0,10,1,True,True,traversal,0,0.535,19.311,49.011,True,1,0.5,5,0.5,0.0035,0.5,60,0.000219835,,,1989352,2e moitié,ETH 5m
eth-updown-5m-1790417100,eth,5m,1790417100,two_sided,0.49/S+0,up,0.49,10,-60,0,filled,True,0,0,10,1,True,True,traversal,0,0.485,-59.054,0.646,True,1,0.51,5.1,0.51,0.0034986,0.49,0,,0,,1989352,2e moitié,ETH 5m
eth-updown-5m-1790417100,eth,5m,1790417100,two_sided,0.49/S+0,down,0.49,10,-60,0,filled,True,30,0,10,1,True,True,traversal,0,0.485,-42.615,17.085,True,0,-0.49,-4.9,-0.49,0.0034986,0.49,0,,0,,1989352,2e moitié,ETH 5m
eth-updown-5m-1790417100,eth,5m,1790417100,two_sided,0.49/S+30,up,0.49,10,-60,30,filled,True,0,0,10,1,True,True,traversal,0,0.485,-59.054,0.646,True,1,0.51,5.1,0.51,0.0034986,0.49,30,,30,,1989352,2e moitié,ETH 5m
eth-updown-5m-1790417100,eth,5m,1790417100,two_sided,0.49/S+30,down,0.49,10,-60,30,filled,True,30,0,10,1,True,True,traversal,0,0.485,-42.615,17.085,True,0,-0.49,-4.9,-0.49,0.0034986,0.49,30,,30,,1989352,2e moitié,ETH 5m
eth-updown-5m-1790417100,eth,5m,1790417100,two_sided,0.49/S+60,up,0.49,10,-60,60,filled,True,0,0,10,1,True,True,traversal,0,0.485,-59.054,0.646,True,1,0.51,5.1,0.51,0.0034986,0.49,60,,60,,1989352,2e moitié,ETH 5m
eth-updown-5m-1790417100,eth,5m,1790417100,two_sided,0.49/S+60,down,0.49,10,-60,60,filled,True,30,0,10,1,True,True,traversal,0,0.485,-42.615,17.085,True,0,-0.49,-4.9,-0.49,0.0034986,0.49,60,,60,,1989352,2e moitié,ETH 5m
eth-updown-5m-1790417100,eth,5m,1790417100,fair_value,± 1 c,up,0.53,10,10,20,filled,True,170.86,0,10,1,True,True,traversal,16.4,0.535,19.311,9.011,True,1,0.47,4.7,0.47,0.0034874,,,,,0.450817,1989352,2e moitié,ETH 5m
eth-updown-5m-1790417100,eth,5m,1790417100,fair_value,± 1 c,down,0.39,10,10,20,cancelled,True,138,30,0,0,False,False,,0,0.535,,,True,0,-0.39,-0,-0,0.0033306,,,,,0.450817,1989352,2e moitié,ETH 5m
eth-updown-5m-1790417100,eth,5m,1790417100,fair_value,± 1 c,up,0.41,10,20,30,cancelled,True,164.42,0,0,0,False,False,,0,0.415,,,True,1,0.59,0,0,0.0033866,,,,,0.446187,1989352,2e moitié,ETH 5m
eth-updown-5m-1790417100,eth,5m,1790417100,fair_value,± 1 c,down,0.53,10,20,30,cancelled,True,35,0,0,0,False,False,,0,0.415,,,True,0,-0.53,-0,-0,0.0034874,,,,,0.446187,1989352,2e moitié,ETH 5m
eth-updown-5m-1790417100,eth,5m,1790417100,fair_value,± 1 c,down,0.5,10,30,40,crossing,False,,,0,0,False,False,,0,0.505,,,True,0,-0.5,-0,-0,0.0035,,,,,0.445548,1989352,2e moitié,ETH 5m
eth-updown-5m-1790417100,eth,5m,1790417100,fair_value,± 1 c,up,0.43,10,30,50,cancelled,True,25,25,0,0,False,False,,0,0.505,,,True,1,0.57,0,0,0.0034314,,,,,0.548981,1989352,2e moitié,ETH 5m
eth-updown-5m-1790417100,eth,5m,1790417100,fair_value,± 1 c,down,0.49,10,40,50,filled,True,18,0,10,1,True,True,traversal,0,0.505,40.627,0.327,True,0,-0.49,-4.9,-0.49,0.0034986,,,,,0.548981,1989352,2e moitié,ETH 5m
eth-updown-5m-1790417100,eth,5m,1790417100,fair_value,± 1 c,up,0.53,10,50,60,cancelled,True,138,75,0,0,False,False,,0,0.595,,,True,1,0.47,0,0,0.0034874,,,,,0.674862,1989352,2e moitié,ETH 5m
eth-updown-5m-1790417100,eth,5m,1790417100,fair_value,± 1 c,down,0.4,10,50,60,filled,True,19,0,10,1,True,True,traversal,0,0.595,50.705,0.405,True,0,-0.4,-4,-0.4,0.00336,,,,,0.674862,1989352,2e moitié,ETH 5m
eth-updown-5m-1790417100,eth,5m,1790417100,fair_value,± 1 c,up,0.66,10,60,70,cancelled,True,138,133,0,0,False,False,,0,0.735,,,True,1,0.34,0,0,0.0031416,,,,,0.773862,1989352,2e moitié,ETH 5m
eth-updown-5m-1790417100,eth,5m,1790417100,fair_value,± 1 c,down,0.26,10,60,70,filled,True,20,0,10,1,True,True,traversal,0,0.735,61.191,0.891,True,0,-0.26,-2.6,-0.26,0.0026936,,,,,0.773862,1989352,2e moitié,ETH 5m
eth-updown-5m-1790417100,eth,5m,1790417100,fair_value,± 1 c,up,0.75,10,70,80,filled,True,80.28,0,10,1,True,True,traversal,0,0.755,72.745,2.445,True,1,0.25,2.5,0.25,0.002625,,,,,0.794598,1989352,2e moitié,ETH 5m
eth-updown-5m-1790417100,eth,5m,1790417100,fair_value,± 1 c,down,0.21,10,70,80,cancelled,True,50.7,10,0,0,False,False,,0,0.755,,,True,0,-0.21,-0,-0,0.0023226,,,,,0.794598,1989352,2e moitié,ETH 5m
eth-updown-5m-1790417100,eth,5m,1790417100,fair_value,± 1 c,up,0.67,10,80,90,filled,True,251.17,0,10,1,True,True,traversal,30,0.675,82.167,1.867,True,1,0.33,3.3,0.33,0.0030954,,,,,0.528745,1989352,2e moitié,ETH 5m
eth-updown-5m-1790417100,eth,5m,1790417100,fair_value,± 1 c,down,0.19,10,80,90,cancelled,True,350.89,76.89,0,0,False,False,,0,0.675,,,True,0,-0.19,-0,-0,0.0021546,,,,,0.528745,1989352,2e moitié,ETH 5m
eth-updown-5m-1790417100,eth,5m,1790417100,fair_value,± 1 c,up,0.51,10,90,100,cancelled,True,10,0,0,0,False,False,,0,0.535,,,True,1,0.49,0,0,0.0034986,,,,,0.536224,1989352,2e moitié,ETH 5m
eth-updown-5m-1790417100,eth,5m,1790417100,fair_value,± 1 c,down,0.46,10,90,100,filled,True,241.76,0,10,1,True,True,traversal,0,0.535,92.642,2.342,True,0,-0.46,-4.6,-0.46,0.0034776,,,,,0.536224,1989352,2e moitié,ETH 5m
eth-updown-5m-1790417100,eth,5m,1790417100,fair_value,± 1 c,down,0.44,10,100,110,cancelled,True,14,5,0,0,False,False,,0,0.555,,,True,0,-0.44,-0,-0,0.0034496,,,,,0.539778,1989352,2e moitié,ETH 5m
eth-updown-5m-1790417100,eth,5m,1790417100,fair_value,± 1 c,up,0.52,10,100,130,filled,True,138,0,10,1,True,True,traversal,0,0.555,126.819,26.519,True,1,0.48,4.8,0.48,0.0034944,,,,,0.467273,1989352,2e moitié,ETH 5m
eth-updown-5m-1790417100,eth,5m,1790417100,fair_value,± 1 c,down,0.45,10,110,130,partial,True,63,0,9.32143,0.932143,True,False,queue,19.3214,0.535,116.436,6.136,True,0,-0.45,-4.19464,-0.419464,0.003465,,,,,0.467273,1989352,2e moitié,ETH 5m
eth-updown-5m-1790417100,eth,5m,1790417100,fair_value,± 1 c,up,0.39,10,130,140,cancelled,True,209.23,51,0,0,False,False,,0,0.395,,,True,1,0.61,0,0,0.0033306,,,,,0.463844,1989352,2e moitié,ETH 5m
eth-updown-5m-1790417100,eth,5m,1790417100,fair_value,± 1 c,down,0.52,10,130,140,filled,True,158,0,10,1,True,True,traversal,15.9983,0.395,131.033,0.733,True,0,-0.52,-5.2,-0.52,0.0034944,,,,,0.463844,1989352,2e moitié,ETH 5m
eth-updown-5m-1790417100,eth,5m,1790417100,fair_value,± 1 c,up,0.45,10,140,150,filled,True,151,0,10,1,True,True,traversal,0,0.505,149.154,8.854,True,1,0.55,5.5,0.55,0.003465,,,,,0.349981,1989352,2e moitié,ETH 5m
eth-updown-5m-1790417100,eth,5m,1790417100,fair_value,± 1 c,down,0.49,10,140,150,cancelled,True,30.08,4.08,0,0,False,False,,0,0.505,,,True,0,-0.49,-0,-0,0.0034986,,,,,0.349981,1989352,2e moitié,ETH 5m
eth-updown-5m-1790417100,eth,5m,1790417100,fair_value,± 1 c,up,0.33,10,150,160,cancelled,True,158,5,0,0,False,False,,0,0.425,,,True,1,0.67,0,0,0.0030954,,,,,0.333964,1989352,2e moitié,ETH 5m
eth-updown-5m-1790417100,eth,5m,1790417100,fair_value,± 1 c,up,0.32,10,160,170,cancelled,True,138,0,0,0,False,False,,0,0.425,,,True,1,0.68,0,0,0.0030464,,,,,0.323694,1989352,2e moitié,ETH 5m
eth-updown-5m-1790417100,eth,5m,1790417100,fair_value,± 1 c,down,0.57,10,150,170,partial,True,147.32,0,6.76,0.676,True,False,queue,6.76,0.425,162.372,12.072,True,0,-0.57,-3.8532,-0.38532,0.0034314,,,,,0.323694,1989352,2e moitié,ETH 5m
eth-updown-5m-1790417100,eth,5m,1790417100,fair_value,± 1 c,up,0.31,10,170,180,cancelled,True,5,0,0,0,False,False,,0,0.325,,,True,1,0.69,0,0,0.0029946,,,,,0.303417,1989352,2e moitié,ETH 5m
eth-updown-5m-1790417100,eth,5m,1790417100,fair_value,± 1 c,down,0.66,10,170,180,cancelled,True,94,0,0,0,False,False,,0,0.325,,,True,0,-0.66,-0,-0,0.0031416,,,,,0.303417,1989352,2e moitié,ETH 5m
eth-updown-5m-1790417100,eth,5m,1790417100,fair_value,± 1 c,up,0.28,10,180,190,cancelled,True,20,20,0,0,False,False,,0,0.285,,,True,1,0.72,0,0,0.0028224,,,,,0.270427,1989352,2e moitié,ETH 5m
eth-updown-5m-1790417100,eth,5m,1790417100,fair_value,± 1 c,down,0.68,10,180,190,filled,True,133,0,10,1,True,True,traversal,0,0.285,180.867,0.567,True,0,-0.68,-6.8,-0.68,0.0030464,,,,,0.270427,1989352,2e moitié,ETH 5m
eth-updown-5m-1790417100,eth,5m,1790417100,fair_value,± 1 c,up,0.26,10,190,200,cancelled,True,163,10,0,0,False,False,,0,0.345,,,True,1,0.74,0,0,0.0026936,,,,,0.241886,1989352,2e moitié,ETH 5m
eth-updown-5m-1790417100,eth,5m,1790417100,fair_value,± 1 c,down,0.65,10,190,200,cancelled,True,91.38,10,0,0,False,False,,0,0.345,,,True,0,-0.65,-0,-0,0.003185,,,,,0.241886,1989352,2e moitié,ETH 5m
eth-updown-5m-1790417100,eth,5m,1790417100,fair_value,± 1 c,up,0.23,10,200,210,cancelled,True,148,5,0,0,False,False,,0,0.315,,,True,1,0.77,0,0,0.0024794,,,,,0.219118,1989352,2e moitié,ETH 5m
eth-updown-5m-1790417100,eth,5m,1790417100,fair_value,± 1 c,up,0.2,10,210,220,cancelled,True,75.8,50,0,0,False,False,,0,0.315,,,True,1,0.8,0,0,0.00224,,,,,0.17921,1989352,2e moitié,ETH 5m
eth-updown-5m-1790417100,eth,5m,1790417100,fair_value,± 1 c,down,0.68,10,200,220,filled,True,88.01,0,10,1,True,True,traversal,0,0.315,205.967,5.667,True,0,-0.68,-6.8,-0.68,0.0030464,,,,,0.17921,1989352,2e moitié,ETH 5m
eth-updown-5m-1790417100,eth,5m,1790417100,fair_value,± 1 c,up,0.16,10,220,230,cancelled,True,69,47,0,0,False,False,,0,0.265,,,True,1,0.84,0,0,0.0018816,,,,,0.119121,1989352,2e moitié,ETH 5m
eth-updown-5m-1790417100,eth,5m,1790417100,fair_value,± 1 c,down,0.73,10,220,230,filled,True,29,0,10,1,True,True,traversal,0,0.265,220.936,0.636,True,0,-0.73,-7.3,-0.73,0.0027594,,,,,0.119121,1989352,2e moitié,ETH 5m
eth-updown-5m-1790417100,eth,5m,1790417100,fair_value,± 1 c,up,0.1,10,230,240,cancelled,True,98.9,0,0,0,False,False,,0,0.235,,,True,1,0.9,0,0,0.00126,,,,,0.0221563,1989352,2e moitié,ETH 5m
eth-updown-5m-1790417100,eth,5m,1790417100,fair_value,± 1 c,down,0.76,10,230,240,cancelled,True,35,0,0,0,False,False,,0,0.235,,,True,0,-0.76,-0,-0,0.0025536,,,,,0.0221563,1989352,2e moitié,ETH 5m
eth-updown-5m-1790417100,eth,5m,1790417100,fair_value,± 1 c,down,0.92,10,240,250,filled,True,10,0,10,1,True,True,traversal,0,0.075,241.046,0.746,True,0,-0.92,-9.2,-0.92,0.0010304,,,,,0.00144303,1989352,2e moitié,ETH 5m
eth-updown-5m-1790417100,eth,5m,1790417100,fair_value,± 1 c,down,0.9,10,250,260,crossing,False,,,0,0,False,False,,0,0.105,,,True,0,-0.9,-0,-0,0.00126,,,,,8.40275e-06,1989352,2e moitié,ETH 5m
eth-updown-5m-1790417100,eth,5m,1790417100,fair_value,± 1 c,down,0.85,10,270,280,crossing,False,,,0,0,False,False,,0,0.24,,,True,0,-0.85,-0,-0,0.001785,,,,,4.02056e-09,1989352,2e moitié,ETH 5m
eth-updown-5m-1790417100,eth,5m,1790417100,fair_value,± 1 c,down,0.87,10,280,290,cancelled,True,5,5,0,0,False,False,,0,0.1,,,True,0,-0.87,-0,-0,0.0015834,,,,,,1989352,2e moitié,ETH 5m
eth-updown-5m-1790417400,eth,5m,1790417400,signal,0.48/S+0,up,0.48,10,-30,0,cancelled,True,61.25,0,0,0,False,False,,11,0.515,,,,,,,,0.0034944,0.48,0,8.82638e-05,,,1989352,2e moitié,ETH 5m
eth-updown-5m-1790417400,eth,5m,1790417400,signal,0.48/S+30,up,0.48,10,-30,30,cancelled,True,61.25,0,0,0,False,False,,11,0.515,,,,,,,,0.0034944,0.48,30,8.82638e-05,,,1989352,2e moitié,ETH 5m
eth-updown-5m-1790417400,eth,5m,1790417400,signal,0.48/S+60,up,0.48,10,-30,60,cancelled,True,61.25,0,0,0,False,False,,11,0.515,,,,,,,,0.0034944,0.48,60,8.82638e-05,,,1989352,2e moitié,ETH 5m
eth-updown-5m-1790417400,eth,5m,1790417400,signal,0.49/S+0,up,0.49,10,-30,0,filled,True,50.38,0,10,1,True,True,traversal,0,0.515,-8.632,21.068,,,,,,0.0034986,0.49,0,8.82638e-05,,,1989352,2e moitié,ETH 5m
eth-updown-5m-1790417400,eth,5m,1790417400,signal,0.49/S+30,up,0.49,10,-30,30,filled,True,50.38,0,10,1,True,True,traversal,0,0.515,-8.632,21.068,,,,,,0.0034986,0.49,30,8.82638e-05,,,1989352,2e moitié,ETH 5m
eth-updown-5m-1790417400,eth,5m,1790417400,signal,0.49/S+60,up,0.49,10,-30,60,filled,True,50.38,0,10,1,True,True,traversal,0,0.515,-8.632,21.068,,,,,,0.0034986,0.49,60,8.82638e-05,,,1989352,2e moitié,ETH 5m
eth-updown-5m-1790417400,eth,5m,1790417400,signal,0.50/S+0,up,0.5,10,-30,0,filled,True,45,0,10,1,True,True,traversal,5,0.515,-8.632,21.068,,,,,,0.0035,0.5,0,8.82638e-05,,,1989352,2e moitié,ETH 5m
eth-updown-5m-1790417400,eth,5m,1790417400,signal,0.50/S+30,up,0.5,10,-30,30,filled,True,45,0,10,1,True,True,traversal,5,0.515,-8.632,21.068,,,,,,0.0035,0.5,30,8.82638e-05,,,1989352,2e moitié,ETH 5m
eth-updown-5m-1790417400,eth,5m,1790417400,signal,0.50/S+60,up,0.5,10,-30,60,filled,True,45,0,10,1,True,True,traversal,5,0.515,-8.632,21.068,,,,,,0.0035,0.5,60,8.82638e-05,,,1989352,2e moitié,ETH 5m
eth-updown-5m-1790417400,eth,5m,1790417400,two_sided,0.49/S+0,up,0.49,10,-60,0,filled,True,65.38,0,10,1,True,True,traversal,0,0.505,-8.632,51.068,,,,,,0.0034986,0.49,0,,0,,1989352,2e moitié,ETH 5m
eth-updown-5m-1790417400,eth,5m,1790417400,two_sided,0.49/S+0,down,0.49,10,-60,0,filled,True,65,0,10,1,True,True,traversal,0,0.505,-30.104,29.596,,,,,,0.0034986,0.49,0,,0,,1989352,2e moitié,ETH 5m
eth-updown-5m-1790417400,eth,5m,1790417400,two_sided,0.49/S+30,up,0.49,10,-60,30,filled,True,65.38,0,10,1,True,True,traversal,0,0.505,-8.632,51.068,,,,,,0.0034986,0.49,30,,30,,1989352,2e moitié,ETH 5m
eth-updown-5m-1790417400,eth,5m,1790417400,two_sided,0.49/S+30,down,0.49,10,-60,30,filled,True,65,0,10,1,True,True,traversal,0,0.505,-30.104,29.596,,,,,,0.0034986,0.49,30,,30,,1989352,2e moitié,ETH 5m
eth-updown-5m-1790417400,eth,5m,1790417400,two_sided,0.49/S+60,up,0.49,10,-60,60,filled,True,65.38,0,10,1,True,True,traversal,0,0.505,-8.632,51.068,,,,,,0.0034986,0.49,60,,60,,1989352,2e moitié,ETH 5m
eth-updown-5m-1790417400,eth,5m,1790417400,two_sided,0.49/S+60,down,0.49,10,-60,60,filled,True,65,0,10,1,True,True,traversal,0,0.505,-30.104,29.596,,,,,,0.0034986,0.49,60,,60,,1989352,2e moitié,ETH 5m
eth-updown-5m-1790417400,eth,5m,1790417400,fair_value,± 1 c,up,0.67,10,10,20,cancelled,True,25,0,0,0,False,False,,0,0.875,,,,,,,,0.0030954,,,,,0.706241,1989352,2e moitié,ETH 5m
eth-updown-5m-1790417400,eth,5m,1790417400,fair_value,± 1 c,down,0.12,10,10,30,filled,True,83.9,0,10,1,True,True,traversal,0,0.875,15.377,5.077,,,,,,0.0014784,,,,,0.703256,1989352,2e moitié,ETH 5m
eth-updown-5m-1790417400,eth,5m,1790417400,fair_value,± 1 c,up,0.69,10,20,40,cancelled,True,65,65,0,0,False,False,,0,0.875,,,,,,,,0.0029946,,,,,0.719564,1989352,2e moitié,ETH 5m
eth-updown-5m-1790417400,eth,5m,1790417400,fair_value,± 1 c,down,0.13,10,30,40,filled,True,283.06,0,10,1,True,True,traversal,5,0.865,33.564,3.264,,,,,,0.0015834,,,,,0.719564,1989352,2e moitié,ETH 5m
eth-updown-5m-1790417400,eth,5m,1790417400,fair_value,± 1 c,up,0.7,10,40,50,cancelled,True,57.4,57.4,0,0,False,False,,0,0.885,,,,,,,,0.00294,,,,,0.738639,1989352,2e moitié,ETH 5m
eth-updown-5m-1790417400,eth,5m,1790417400,fair_value,± 1 c,up,0.72,10,50,60,cancelled,True,57.9,57.9,0,0,False,False,,0,0.885,,,,,,,,0.0028224,,,,,0.779093,1989352,2e moitié,ETH 5m
eth-updown-5m-1790417400,eth,5m,1790417400,fair_value,± 1 c,down,0.11,10,40,60,filled,True,15,0,10,1,True,True,traversal,0,0.885,52.482,12.182,,,,,,0.0013706,,,,,0.779093,1989352,2e moitié,ETH 5m
eth-updown-5m-1790417400,eth,5m,1790417400,fair_value,± 1 c,up,0.76,10,60,70,cancelled,True,69.3,69.3,0,0,False,False,,0,0.915,,,,,,,,0.0025536,,,,,0.812668,1989352,2e moitié,ETH 5m
eth-updown-5m-1790417400,eth,5m,1790417400,fair_value,± 1 c,down,0.08,10,60,70,filled,True,26,0,10,1,True,True,traversal,13,0.915,61.315,1.015,,,,,,0.0010304,,,,,0.812668,1989352,2e moitié,ETH 5m
eth-updown-5m-1790417400,eth,5m,1790417400,fair_value,± 1 c,up,0.8,10,70,80,cancelled,True,179.3,71.3,0,0,False,False,,0,0.955,,,,,,,,0.00224,,,,,0.861597,1989352,2e moitié,ETH 5m
eth-updown-5m-1790417400,eth,5m,1790417400,fair_value,± 1 c,up,0.85,10,80,90,cancelled,True,278.39,273.39,0,0,False,False,,0,0.965,,,,,,,,0.001785,,,,,0.88334,1989352,2e moitié,ETH 5m
eth-updown-5m-1790417400,eth,5m,1790417400,fair_value,± 1 c,up,0.87,10,90,100,cancelled,True,191,191,0,0,False,False,,0,0.965,,,,,,,,0.0015834,,,,,0.904499,1989352,2e moitié,ETH 5m
eth-updown-5m-1790417400,eth,5m,1790417400,fair_value,± 1 c,up,0.89,10,100,110,cancelled,True,151.6,151.6,0,0,False,False,,0,0.965,,,,,,,,0.0013706,,,,,0.930916,1989352,2e moitié,ETH 5m
eth-updown-5m-1790417400,eth,5m,1790417400,fair_value,± 1 c,up,0.92,10,110,120,cancelled,True,386.12,168,0,0,False,False,,0,0.965,,,,,,,,0.0010304,,,,,0.924131,1989352,2e moitié,ETH 5m
eth-updown-5m-1790417400,eth,5m,1790417400,fair_value,± 1 c,up,0.91,10,120,130,cancelled,True,131.7,121.7,0,0,False,False,,0,0.965,,,,,,,,0.0011466,,,,,0.947977,1989352,2e moitié,ETH 5m
eth-updown-5m-1790417400,eth,5m,1790417400,fair_value,± 1 c,up,0.93,10,130,140,cancelled,True,476.73,288.9,0,0,False,False,,0,0.975,,,,,,,,0.0009114,,,,,0.968924,1989352,2e moitié,ETH 5m
