ticker,indicator,horizon,n,ic_spearman,ic_daily_mean,ic_daily_t,n_days,frac_months_same_sign,ic_nw_t,ic_nw_t_2h,p_value,t_cons,p_value_cons,ic_train,ic_test,train_sign,median_train,hit_rate_oos,auc_oos,up_rate_oos,n_oos,n_eff_oos,p_hit
XRPUSDT,sma_dist_5,5,525534,-0.022458082897813123,-0.026487763590657337,-11.200979530357149,365,0.9230769230769231,-11.039370986985679,-10.734959840133847,2.4675445904014276e-28,-10.734959840133847,6.974929003943328e-27,-0.01976940853783866,-0.027026959894284237,-1.0,-0.013686367491603946,0.5125974332729706,0.5181389113490749,0.49595012203763483,203216,40643.2,1.9924906016941185e-07
XRPUSDT,sma_dist_5,10,525529,-0.021430805902016837,-0.026826623976702192,-10.998564542303837,365,1.0,-9.65943945864889,-9.530204531103406,4.483102028239071e-22,-9.530204531103406,1.5697365288650324e-21,-0.0214581324497365,-0.021659454051832137,-1.0,-0.013673523755606086,0.5090350445787298,0.5143535410081828,0.49481659662944877,205367,20536.7,0.004813256156083682
XRPUSDT,sma_dist_5,15,525524,-0.020762392251872163,-0.027914918763589848,-11.948552786690097,365,1.0,-9.119996661249157,-9.067478905234815,7.512664420514846e-20,-9.067478905234815,1.2180254442921935e-19,-0.02386802542040023,-0.01610205882302108,-1.0,-0.013656105037380647,0.5075050316448022,0.51240865535285,0.4952884405538447,206195,13746.333333333334,0.04018683734040529
XRPUSDT,sma_dist_15,5,525534,-0.03338779434055803,-0.03967717250407332,-14.051835396819992,365,0.9230769230769231,-13.67888905468424,-12.874813854238129,1.3575086818467548e-42,-12.874813854238129,6.238931307621019e-38,-0.03498710999779309,-0.031032700009176423,-1.0,-0.046923916402178856,0.513689866939611,0.5213649963115954,0.49595012203763483,203216,40643.2,1.732276287126757e-08
XRPUSDT,sma_dist_15,10,525529,-0.03410426786064278,-0.043188281968922215,-12.228072856382042,365,1.0,-11.0124393500213,-10.397190629176565,3.3286712271794645e-28,-10.397190629176565,2.5535078737658514e-25,-0.04036218310189315,-0.02405386223268148,-1.0,-0.04690386017471367,0.5110119931634586,0.5165051803095675,0.49481659662944877,205367,20536.7,0.0008240072470707977
XRPUSDT,sma_dist_15,15,525524,-0.03635260550631182,-0.04782245792616973,-12.264782440736571,365,1.0,-10.522662131761921,-10.059005514314507,6.792674584857239e-26,-10.059005514314507,8.384096466344308e-24,-0.04614123918385618,-0.02046123793030987,-1.0,-0.046914736245845044,0.5111423652367905,0.5167924095770259,0.4952884405538447,206195,13746.333333333334,0.004640607977603184
XRPUSDT,sma_dist_30,5,525534,-0.037338542111809384,-0.04758376983123095,-15.82136055373387,365,1.0,-14.695335660851319,-13.733973277194421,6.905545274759865e-49,-13.733973277194421,6.355057678568572e-43,-0.04248107621011941,-0.029234359337047936,-1.0,-0.06519687101656833,0.5146199118179671,0.5213268095356267,0.49595012203763483,203216,40643.2,1.893560678116336e-09
XRPUSDT,sma_dist_30,10,525529,-0.03886150565091249,-0.052912911752984924,-13.24425888765728,365,1.0,-11.556716778339094,-10.713880370776463,6.8269376857534636e-31,-10.713880370776463,8.76108723082333e-27,-0.04841365549430149,-0.023292850543237688,-1.0,-0.06515145892290862,0.5116060516051751,0.5177450095446527,0.49481659662944877,205367,20536.7,0.00045859421875860145
XRPUSDT,sma_dist_30,15,525524,-0.03976448626080933,-0.05657993087532262,-12.19952655692257,365,1.0,-10.142731407227185,-9.461624254339657,3.569760231921492e-24,-9.461624254339657,3.0319633331215537e-21,-0.05092241367410625,-0.021452345742855122,-1.0,-0.06521790977779536,0.5125148524455007,0.5188367874397021,0.4952884405538447,206195,13746.333333333334,0.0017185573872187058
XRPUSDT,sma_dist_60,5,525534,-0.03467378732828778,-0.05011190060286551,-16.226565406567342,365,1.0,-13.402201158184422,-12.542424317189814,5.86961274400518e-41,-12.542424317189814,4.374063709753015e-36,-0.0382585660669871,-0.029039213545445357,-1.0,-0.10894831439937666,0.5146248326903393,0.5216403482954131,0.49595012203763483,203216,40643.2,1.893560678116336e-09
XRPUSDT,sma_dist_60,10,525529,-0.037120355508818315,-0.05734827760126033,-13.925135992076717,365,1.0,-10.642094527311354,-9.828707125186213,1.898137232186672e-26,-9.828707125186213,8.469911404406793e-23,-0.04357859571776623,-0.026386203919043064,-1.0,-0.10896102627584886,0.5129743337537189,0.5198992095587429,0.49481659662944877,205367,20536.7,0.00010544369378392906
XRPUSDT,sma_dist_60,15,525524,-0.037530797728161994,-0.06111960314107126,-12.706158767749745,365,1.0,-9.042012738112252,-8.342982464412065,1.5381316044506237e-19,-8.342982464412065,7.24399113948657e-17,-0.04430093062725468,-0.026121231124253155,-1.0,-0.10903407332367837,0.5143238196852494,0.5210826863911984,0.4952884405538447,206195,13746.333333333334,0.00040084457204983277
XRPUSDT,sma_dist_240,5,525355,-0.02963886443208387,-0.0644342700132456,-20.828502460736303,365,1.0,-11.213517883596513,-10.500384115919315,3.500004266215712e-29,-10.500384115919315,8.602933932024677e-26,-0.028100894875676123,-0.032289758319499005,-1.0,-0.3679564813800309,0.5185320053539091,0.5239104456053117,0.49595012203763483,203216,40643.2,3.9782490750574464e-14
XRPUSDT,sma_dist_240,10,525350,-0.034025901145685315,-0.08030404436476944,-19.090685197324046,365,1.0,-9.389274430261077,-8.65405582128084,6.041499261435973e-21,-8.65405582128084,4.970088131525715e-18,-0.03298437951167472,-0.03557713719109111,-1.0,-0.3679809720150637,0.5214128852249874,0.5266054855025487,0.49481659662944877,205367,20536.7,4.265169000477986e-10
XRPUSDT,sma_dist_240,15,525345,-0.03602105775738157,-0.0902265076518708,-18.085224271372635,365,1.0,-8.228054879569031,-7.528533519719189,1.9027790854655345e-16,-7.528533519719189,5.131334607160254e-14,-0.034650763038415695,-0.03784346450736469,-1.0,-0.36813268605541505,0.5229370256310774,0.5284810254591974,0.4952884405538447,206195,13746.333333333334,4.029231881900975e-08
XRPUSDT,ema_dist_5,5,525534,-0.026395210651607364,-0.030860134936329126,-12.498124475339893,365,0.9230769230769231,-12.509336996234353,-12.030153144431095,6.637591638755203e-36,-12.030153144431095,2.4670273414009234e-33,-0.024502867660889667,-0.02969720891856746,-1.0,-0.012978437166408712,0.513921147941107,0.520023756148786,0.49595012203763483,203216,40643.2,1.0384046341101192e-08
XRPUSDT,ema_dist_5,10,525529,-0.025527099005490453,-0.031807450463234806,-11.812476539697261,365,1.0,-10.488985284824718,-10.18260459470111,9.706518864622434e-26,-10.18260459470111,2.371279080495754e-24,-0.026882869733881692,-0.02361976179480298,-1.0,-0.012969429029910657,0.5098433536059834,0.5157496524452596,0.49481659662944877,205367,20536.7,0.0024595465956588525
XRPUSDT,ema_dist_5,15,525524,-0.02578220952106693,-0.03408039924681713,-12.469106132179059,365,1.0,-10.002687405102732,-9.790510253594823,1.4831644167165763e-23,-9.790510253594823,1.2367019608196045e-22,-0.03032619956787388,-0.018752490634116936,-1.0,-0.012959488062235448,0.5095564877906835,0.5144618984454907,0.4952884405538447,206195,13746.333333333334,0.01300063852166185
XRPUSDT,ema_dist_15,5,525534,-0.035998284369888264,-0.04341186768891475,-15.320534086907328,365,1.0,-14.845748252082338,-13.972098916080089,7.412311043723645e-50,-13.972098916080089,2.307253446939772e-44,-0.03805816161061584,-0.032894876069384606,-1.0,-0.03531405370504985,0.5154564601212503,0.5228958798530383,0.49595012203763483,203216,40643.2,2.3231387034499113e-10
XRPUSDT,ema_dist_15,10,525529,-0.03667123089230319,-0.047300345734135,-13.254679900307078,365,1.0,-11.881728061322473,-11.17277863508531,1.4729053454671754e-32,-11.17277863508531,5.541960888584829e-29,-0.04332819606125007,-0.02594502319229562,-1.0,-0.03524266138511093,0.511737523555391,0.5183213025061487,0.49481659662944877,205367,20536.7,0.00039447355754939066
XRPUSDT,ema_dist_15,15,525524,-0.03808950768649078,-0.05145948861356176,-12.79385193650879,365,1.0,-10.913710273780877,-10.332757077064015,9.912624230274182e-28,-10.332757077064015,5.009950019849803e-25,-0.04777126438336875,-0.022356231875398053,-1.0,-0.035249653885584625,0.5125730497829725,0.5184762309694063,0.4952884405538447,206195,13746.333333333334,0.0016266359924572754
XRPUSDT,ema_dist_30,5,525534,-0.03834731893559405,-0.049609429527340244,-16.432953186991988,365,1.0,-15.171645933432979,-14.192551568243806,5.4492979731471506e-52,-14.192551568243806,1.0188312657669206e-45,-0.04194020855863826,-0.03274817784078622,-1.0,-0.06028133411486261,0.516903196598693,0.523546987284919,0.49595012203763483,203216,40643.2,5.012214483545183e-12
XRPUSDT,ema_dist_30,10,525529,-0.04018322789811234,-0.055603633480039466,-14.040632629743705,365,1.0,-12.063305618875905,-11.19328602693992,1.650238335334664e-33,-11.19328602693992,4.3982555037608814e-29,-0.04802953438540525,-0.027350572725703907,-1.0,-0.06023683798929691,0.5137729041179936,0.5200823428684964,0.49481659662944877,205367,20536.7,4.025051018176711e-05
XRPUSDT,ema_dist_30,15,525524,-0.04117855344907035,-0.05970397347257921,-13.044495546789172,365,1.0,-10.609094088971682,-9.87879132997847,2.703575877800367e-26,-9.87879132997847,5.1449711762841015e-23,-0.05081125189322612,-0.02528934623447221,-1.0,-0.06028510059787714,0.5145905574819952,0.5209109767445681,0.4952884405538447,206195,13746.333333333334,0.00031257790198459793
XRPUSDT,ema_dist_60,5,525534,-0.03752063977893081,-0.054206128314133774,-17.711015538972944,365,1.0,-14.509931842380526,-13.56611611720589,1.0482467440451819e-47,-13.56611611720589,6.36040699136363e-42,-0.04047388974602854,-0.03290721605439357,-1.0,-0.10438192786893577,0.515781237697819,0.5241376041374601,0.49595012203763483,203216,40643.2,1.0113532086651738e-10
XRPUSDT,ema_dist_60,10,525529,-0.040441048832958716,-0.0627443231580114,-15.395249823313875,365,1.0,-11.640997313881662,-10.748153499858907,2.5501603310327908e-31,-10.748153499858907,6.045981559418317e-27,-0.04652141741937203,-0.030327186892451223,-1.0,-0.10438007195234858,0.5139482000516149,0.5225013613815634,0.49481659662944877,205367,20536.7,3.377126404493626e-05
XRPUSDT,ema_dist_60,15,525524,-0.0416542301385473,-0.06789232030007215,-14.247899643975654,365,1.0,-10.100964847887456,-9.311375002589653,5.470131753219672e-24,-9.311375002589653,1.2618801354482692e-20,-0.04844741242631124,-0.030207989572837105,-1.0,-0.10439770835051598,0.5149009432818449,0.5238990662922567,0.4952884405538447,206195,13746.333333333334,0.0002426810078399434
XRPUSDT,ema_dist_240,5,525355,-0.03051848711149662,-0.06724429146217892,-22.2005420483445,365,1.0,-11.527228553405287,-10.791206866184172,9.619058351172859e-31,-10.791206866184172,3.787822616968804e-27,-0.0296904806272178,-0.03195601098303886,-1.0,-0.3997533756344802,0.5177446657743485,0.5239899920127298,0.49595012203763483,203216,40643.2,4.230408268421482e-13
XRPUSDT,ema_dist_240,10,525350,-0.03481154305922876,-0.08388595848257667,-20.473749211570258,365,1.0,-9.609373605452134,-8.85577980300325,7.299166850665538e-22,-8.85577980300325,8.31007851722173e-19,-0.03458451967494499,-0.034998477121407426,-1.0,-0.3998060184316412,0.5206289228551813,0.526778309422977,0.49481659662944877,205367,20536.7,1.6967659528852875e-09
XRPUSDT,ema_dist_240,15,525345,-0.03678165626142077,-0.0945040596520562,-19.61474378544484,365,1.0,-8.416150862669943,-7.699025026328124,3.890562233298773e-17,-7.699025026328124,1.3710831828423016e-14,-0.036272905572962214,-0.037236462688274206,-1.0,-0.39994992294317083,0.5217682291035185,0.5287895618729548,0.4952884405538447,206195,13746.333333333334,1.7645917623621293e-07
XRPUSDT,lin_slope_15,5,525534,-0.029090219820092002,-0.03461631235908028,-11.964705395651523,365,1.0,-11.504611067211302,-10.802588129227678,1.2505180411476705e-30,-10.802588129227678,3.3463568534782504e-27,-0.03470660349934138,-0.02018504262549651,-1.0,-0.02746696338285118,0.5108702070703094,0.5151305048081796,0.49595012203763483,203216,40643.2,6.0677541694413396e-06
XRPUSDT,lin_slope_15,10,525529,-0.032422547404799655,-0.04072247566990047,-10.675855397004472,365,1.0,-9.939948896389003,-9.344579953655213,2.789702166716045e-23,-9.344579953655213,9.225492712239629e-21,-0.042556378406431325,-0.015856847888092242,-1.0,-0.027466957357777745,0.5079930076399811,0.5115557694963344,0.49481659662944877,205367,20536.7,0.011247524537410835
XRPUSDT,lin_slope_15,15,525524,-0.03503412675297528,-0.045768071370235135,-10.958473166175711,365,1.0,-9.573710573005975,-9.153130146804319,1.0313617481570487e-21,-9.153130146804319,5.530728904246489e-20,-0.04712865441749931,-0.015162382009191124,-1.0,-0.02747186337092985,0.5102160576153641,0.5138428537791675,0.4952884405538447,206195,13746.333333333334,0.008662583009092926
XRPUSDT,lin_slope_60,5,525534,-0.020201567340386334,-0.03313817149599402,-11.7985167604822,365,1.0,-7.778524867747896,-7.323238410987745,7.337507997205594e-15,-7.323238410987745,2.420571969515449e-13,-0.021107067342499057,-0.01877091658855604,-1.0,-0.029555514000438612,0.5102993858751279,0.514372302872752,0.49595012203763483,203216,40643.2,1.6847365984790383e-05
XRPUSDT,lin_slope_60,10,525529,-0.023530755118870386,-0.04025769888465817,-10.611832637527655,365,1.0,-6.629344077331914,-6.158240429278901,3.3718178965654075e-11,-6.158240429278901,7.35576250839106e-10,-0.02387976008695114,-0.022613162769988333,-1.0,-0.029588334313606707,0.5127503445052028,0.5171477030315215,0.49481659662944877,205367,20536.7,0.00013123769880548372
XRPUSDT,lin_slope_60,15,525524,-0.023837622217611886,-0.04296608873448324,-9.528490725546924,365,1.0,-5.586696814657823,-5.163699668847758,2.314292386634292e-08,-5.163699668847758,2.421160551305388e-07,-0.022514819165611467,-0.025449122475725058,-1.0,-0.029611308286863626,0.5131307742670773,0.5183220004689933,0.4952884405538447,206195,13746.333333333334,0.0010987179677206928
XRPUSDT,lin_slope_240,5,525355,-0.009632574217299563,-0.03500694080963309,-13.224913042415775,365,1.0,-3.70945305995952,-3.4810803074202923,0.00020770746000613766,-3.4810803074202923,0.0004993957355146554,-0.006077002528258262,-0.01545270797594028,-1.0,-0.04463075344151595,0.5102993858751279,0.5124038389222649,0.49595012203763483,203216,40643.2,1.6847365984790383e-05
XRPUSDT,lin_slope_240,10,525350,-0.012186148753809646,-0.04677339937790942,-12.645570504333998,365,1.0,-3.397317428634412,-3.1361448234849187,0.0006804997957137554,-3.1361448234849187,0.0017118464722485542,-0.007927146998722242,-0.019070130330864212,-1.0,-0.04467316574966872,0.5129792030852084,0.5157855797273139,0.49481659662944877,205367,20536.7,9.978393595858081e-05
XRPUSDT,lin_slope_240,15,525345,-0.013550141513429188,-0.054803612346840586,-12.18852291248158,365,1.0,-3.111681996386342,-2.8595595554065456,0.0018602476868630638,-2.8595595554065456,0.0042422975320255294,-0.008548578767638735,-0.021408155985823626,-1.0,-0.044684123369333535,0.512912534251558,0.5168091629619869,0.4952884405538447,206195,13746.333333333334,0.0013020328884528114
XRPUSDT,macd_line_12_26,5,525534,-0.03301903778896963,-0.0464207210904637,-15.179378726700987,365,1.0,-12.723627965270575,-11.912523384174932,4.370850666892029e-37,-11.912523384174932,1.0184765434506038e-32,-0.03917811719186354,-0.023218290171910502,-1.0,-0.027692814770459616,0.5121693173765846,0.5181331833544744,0.49595012203763483,203216,40643.2,4.7675401600384287e-07
XRPUSDT,macd_line_12_26,10,525529,-0.03605235583582486,-0.053708636346847076,-12.941951951808917,365,1.0,-10.29904677435338,-9.517965980720101,7.116294856812279e-25,-9.517965980720101,1.7660173219057578e-21,-0.045121443073196876,-0.021059919851358133,-1.0,-0.027718829115874893,0.5121270700745495,0.5168410552900251,0.49481659662944877,205367,20536.7,0.00026187143387639017
XRPUSDT,macd_line_12_26,15,525524,-0.0364791764588107,-0.05711549036987103,-11.864323904220683,365,1.0,-8.787530650670156,-8.144245656457898,1.5288317758506368e-18,-8.144245656457898,3.8165368580546497e-16,-0.04516817633798745,-0.02194529809204907,-1.0,-0.027725998918040146,0.5123354106549626,0.5187990461137133,0.4952884405538447,206195,13746.333333333334,0.0019167246417987113
XRPUSDT,macd_signal_12_26_9,5,525534,-0.027005617214950355,-0.040209987418819336,-13.478968023526045,365,1.0,-10.413682687322591,-9.79176605685871,2.147499296965694e-25,-9.79176605685871,1.2214353345207238e-22,-0.03258493793241415,-0.018090843437253,-1.0,-0.027445237145751977,0.5106192425793245,0.5149611271176447,0.49595012203763483,203216,40643.2,9.517391412138531e-06
XRPUSDT,macd_signal_12_26_9,10,525529,-0.030534693015597174,-0.04782311736935602,-11.819188652804323,365,1.0,-8.677594427869682,-8.04738595279219,4.042275646169825e-18,-8.04738595279219,8.45811260945916e-16,-0.037207122813750465,-0.019360551828929207,-1.0,-0.027500675364062057,0.5114258863400644,0.5161097721970818,0.49481659662944877,205367,20536.7,0.0005322606553890278
XRPUSDT,macd_signal_12_26_9,15,525524,-0.030405738732029758,-0.050665938248076026,-10.783435297296222,365,1.0,-7.249252948234931,-6.725001500129244,4.1907660287516407e-13,-6.725001500129244,1.7559063339051062e-11,-0.03549825239737817,-0.021650491394500468,-1.0,-0.027508788184194458,0.5123742088799438,0.5179744413209955,0.4952884405538447,206195,13746.333333333334,0.0019167246417987113
XRPUSDT,macd_hist_12_26_9,5,525534,-0.022423343807671574,-0.024573387324598437,-8.717849948179591,365,0.8461538461538461,-8.970910606668092,-8.418511558383138,2.9407305317839227e-19,-8.418511558383138,3.8129755765398787e-17,-0.02469940122546065,-0.018964167914103033,-1.0,-0.004557699806447092,0.5076125895598772,0.5123512881824975,0.49595012203763483,203216,40643.2,0.0010864869082815637
XRPUSDT,macd_hist_12_26_9,10,525529,-0.021403197926836055,-0.02496464054813385,-7.066593966461872,365,1.0,-6.663779989566588,-6.26660375866935,2.668728863131334e-11,-6.26660375866935,3.690075402534791e-10,-0.02887949971280999,-0.009474480038854542,-1.0,-0.004548519341302667,0.5031334148134803,0.5058507030534858,0.49481659662944877,205367,20536.7,0.18774736797787403
XRPUSDT,macd_hist_12_26_9,15,525524,-0.02425555544928016,-0.029149928272583385,-7.561314025146842,365,0.9230769230769231,-6.7580556757973165,-6.44238218895869,1.3985579195586559e-11,-6.44238218895869,1.1761265371127813e-10,-0.03552750627314619,-0.006067165637525262,-1.0,-0.004554580937071534,0.5034118189092849,0.5065799375651947,0.4952884405538447,206195,13746.333333333334,0.21382475062886908
XRPUSDT,macd_line_6_13,5,525534,-0.035999654134886996,-0.04433082086188056,-14.823737731511988,365,1.0,-14.125916788120966,-13.211791518601016,2.6295530783938063e-45,-13.211791518601016,7.50174700627765e-40,-0.040972390475437034,-0.02815599639998321,-1.0,-0.0172632029354638,0.514521494370522,0.5201879301819734,0.49595012203763483,203216,40643.2,2.4060605375517896e-09
XRPUSDT,macd_line_6_13,10,525529,-0.037557677451556026,-0.049487635768234575,-12.595665874349827,365,1.0,-11.249109630676811,-10.484356896936214,2.3394163926243462e-29,-10.484356896936214,1.0193678402795183e-25,-0.0473536694161788,-0.021561831103214732,-1.0,-0.017257690430250827,0.5110119931634586,0.5158218192613304,0.49481659662944877,205367,20536.7,0.0008240072470707977
XRPUSDT,macd_line_6_13,15,525524,-0.03949422305186473,-0.0541481140739323,-12.067393807272147,365,1.0,-10.297229057789512,-9.686813169202216,7.252016933844799e-25,-9.686813169202216,3.4306627959545172e-22,-0.05141572369008699,-0.019889390785375813,-1.0,-0.0172632029354638,0.512189917311283,0.5174824002170852,0.4952884405538447,206195,13746.333333333334,0.00213543841880639
XRPUSDT,macd_signal_6_13_5,5,525534,-0.03345402193261469,-0.042020722747688,-13.953249256498577,365,1.0,-13.027614230037457,-12.190935273028058,8.523116014366377e-39,-12.190935273028058,3.474111310387545e-34,-0.040498368039303186,-0.022213611474122374,-1.0,-0.01594973367761103,0.5125285410597591,0.5168698947924083,0.49595012203763483,203216,40643.2,2.2110223762842304e-07
XRPUSDT,macd_signal_6_13_5,10,525529,-0.036270532646552285,-0.048505246847842166,-11.907596388741617,365,1.0,-10.661475991506137,-9.903349786715665,1.5413166223320074e-26,-9.903349786715665,4.0256073278062836e-23,-0.04762713269831874,-0.01761601395818194,-1.0,-0.015946313684365245,0.5097362283132149,0.5138956278686254,0.49481659662944877,205367,20536.7,0.0026815948424197575
XRPUSDT,macd_signal_6_13_5,15,525524,-0.037585540467584735,-0.05240623202436604,-11.3071954329992,365,1.0,-9.519130927637663,-8.927887702598271,1.746333563461042e-21,-8.927887702598271,4.342200986005986e-19,-0.049766654269768625,-0.01743782127956762,-1.0,-0.015971466894056104,0.5111423652367905,0.5161343653225396,0.4952884405538447,206195,13746.333333333334,0.004640607977603184
XRPUSDT,macd_hist_6_13_5,5,525534,-0.01456067366841999,-0.015936249946850795,-5.403408034758779,365,0.7692307692307693,-6.273557315792635,-5.975285294226438,3.5289093623797715e-10,-5.403408034758779,6.538648676767065e-08,-0.008381063814217144,-0.024792262804727325,-1.0,-0.001814670775395081,0.5106782930477916,0.51502599818456,0.49595012203763483,203216,40643.2,8.704580592441432e-06
XRPUSDT,macd_hist_6_13_5,10,525529,-0.01103468304120856,-0.01311336094778693,-4.3501026068611255,365,0.6923076923076923,-4.083158215253454,-3.970910078312209,4.442775312346551e-05,-3.970910078312209,7.159860156165154e-05,-0.007847635712131077,-0.016601847101999575,-1.0,-0.0018042772958868228,0.5046672542326665,0.5088457806236323,0.49481659662944877,205367,20536.7,0.09129276753178928
XRPUSDT,macd_hist_6_13_5,15,525524,-0.013441398307806824,-0.016372261309052172,-6.002963161042836,365,0.8461538461538461,-4.815737347203945,-4.808102635521094,1.4665732632447474e-06,-4.808102635521094,1.523695369134798e-06,-0.014154694623681257,-0.012745940847310493,-1.0,-0.0018023846169872347,0.5044739203181454,0.508355117795811,0.4952884405538447,206195,13746.333333333334,0.15102622129010734
XRPUSDT,adx_14,5,525568,0.005852977907336021,0.005297153096413267,1.8942261947576808,365,0.6153846153846154,2.284771727577597,2.1493270967023284,0.02232621626780175,1.8942261947576808,0.058194992601365486,0.0070157644612363415,0.004130288226080265,1.0,0.23017539674780785,0.5022045508227698,0.5014680104871538,0.49595012203763483,203216,40643.2,0.18863668756370025
XRPUSDT,adx_14,10,525563,0.009133866346645286,0.007487130829667578,1.8833733992992272,365,0.6153846153846154,2.6307602935421652,2.443446455987977,0.008519410197633694,1.8833733992992272,0.059649782664942815,0.012010161779036273,0.004581270084050862,1.0,0.23017639787920882,0.5033866200509332,0.5025071166291352,0.49481659662944877,205367,20536.7,0.16603157703171356
XRPUSDT,adx_14,15,525558,0.009206019690982309,0.007604838904173369,1.5902173354293647,365,0.6923076923076923,2.230585123810116,2.067007239752712,0.0257086231048234,1.5902173354293647,0.11178582426853631,0.013545799828183462,0.0024571379454484555,1.0,0.23017539674780785,0.5013846116540168,0.5007756983540564,0.4952884405538447,206195,13746.333333333334,0.3761601880282083
XRPUSDT,di_diff_14,5,525581,-0.03631112089491713,-0.04737968897810871,-15.484104648683527,365,1.0,-14.589394213539716,-13.66424950050357,3.2809805292927616e-48,-13.66424950050357,1.6600645504418457e-42,-0.039905680631831336,-0.030756549436063336,-1.0,0.0004664471040467244,0.515043106841981,0.522765451324644,0.49595012203763483,203216,40643.2,6.725327781649775e-10
XRPUSDT,di_diff_14,10,525576,-0.03839185698729946,-0.05351573790688571,-13.177524916246504,365,1.0,-11.691607402072197,-10.873135582375134,1.4069820451199628e-31,-10.873135582375134,1.547879170375197e-27,-0.04605457547102453,-0.025922788184109813,-1.0,0.0004668413271150945,0.5135878695213935,0.5197113691834501,0.49481659662944877,205367,20536.7,5.073117423293552e-05
XRPUSDT,di_diff_14,15,525571,-0.03982884619659722,-0.05784291921289697,-12.316862247036548,365,1.0,-10.41380386313314,-9.716708963840208,2.1447665734722276e-25,-9.716708963840208,2.559194050897587e-22,-0.04884723698430224,-0.024994497329363197,-1.0,0.00046562276487385756,0.5146778534882029,0.5210570716809974,0.4952884405538447,206195,13746.333333333334,0.0002935326100712711
XRPUSDT,aroon_osc_25,5,525569,-0.025787755571047247,-0.034002843319482,-11.942514535195619,365,0.9230769230769231,-10.350858573862178,-9.728587056450559,4.147495727354074e-25,-9.728587056450559,2.2773415053991846e-22,-0.03125044385032619,-0.017276017712843386,-1.0,-0.08000000000000002,0.5111999055192504,0.5135555489915725,0.49595012203763483,203216,40643.2,3.180153538019365e-06
XRPUSDT,aroon_osc_25,10,525564,-0.02709294928931319,-0.03812633730351179,-9.97153985158539,365,1.0,-8.213859572403717,-7.653705485369646,2.1419005608587645e-16,-7.653705485369646,1.9526921141169043e-14,-0.03591876662111361,-0.012839376420818513,-1.0,-0.08000000000000002,0.509210340512351,0.5111287867537685,0.49481659662944877,205367,20536.7,0.004258750130269009
XRPUSDT,aroon_osc_25,15,525559,-0.026348809193649916,-0.0393428567548922,-9.053621021007055,365,1.0,-6.858911545640403,-6.435726344422238,6.938718369157368e-12,-6.435726344422238,1.228842572346498e-10,-0.03442431995051344,-0.013433985518509132,-1.0,-0.08000000000000002,0.5102936540653266,0.513236275157391,0.4952884405538447,206195,13746.333333333334,0.008269617828972908
XRPUSDT,ema_gap_5_20,5,525534,-0.03656489518914191,-0.046633752521483995,-15.34185776058848,365,1.0,-14.245415357521624,-13.309974450574865,4.7869332384198066e-46,-13.309974450574865,2.0255099197027433e-40,-0.04200899712647133,-0.02796127355788805,-1.0,-0.03310298612478041,0.5140786158570191,0.5204359921699041,0.49595012203763483,203216,40643.2,6.9370427221487675e-09
XRPUSDT,ema_gap_5_20,10,525529,-0.038584062882112406,-0.05259798149419602,-13.008769362724303,365,1.0,-11.356394180715455,-10.53655530647992,6.893142445240098e-30,-10.53655530647992,5.860637731673496e-26,-0.04853421167879648,-0.022287358297704507,-1.0,-0.03309155593283675,0.5116839609090068,0.5167539239978489,0.49481659662944877,205367,20536.7,0.0004148594052736803
XRPUSDT,ema_gap_5_20,15,525524,-0.04002357584410391,-0.05682721154786603,-12.192454790429633,365,1.0,-10.132193316458205,-9.466395059606562,3.9762856857338034e-24,-9.466395059606562,2.8966821691883214e-21,-0.051436093610904815,-0.021195435737127157,-1.0,-0.03312212090805833,0.5126700453454255,0.518498903399158,0.4952884405538447,206195,13746.333333333334,0.0015392154323810752
XRPUSDT,ema_gap_15_60,5,525534,-0.029291296018229943,-0.048686119098853786,-16.376660800038362,365,1.0,-11.193323009453644,-10.512051823083045,4.396420891324893e-29,-10.512051823083045,7.602130520947904e-26,-0.03231930873350803,-0.02450815167564496,-1.0,-0.07903558241313917,0.5125679080387371,0.5189833251585203,0.49595012203763483,203216,40643.2,2.0990143571852366e-07
XRPUSDT,ema_gap_15_60,10,525529,-0.03349532227807826,-0.0586594223957285,-14.571642330352638,365,1.0,-9.384317946150672,-8.681802193669618,6.332495420719902e-21,-8.681802193669618,3.895464712178131e-18,-0.03745581703953338,-0.026732441866237893,-1.0,-0.07912243575943183,0.5139530693831044,0.5207168150481352,0.49481659662944877,205367,20536.7,3.1840358557420246e-05
XRPUSDT,ema_gap_15_60,15,525524,-0.034643606923800925,-0.06385728255276801,-13.433008896707724,365,1.0,-8.082121273868044,-7.443128189072143,6.364976009392824e-16,-7.443128189072143,9.832858660244472e-14,-0.03741785050047555,-0.029624873712157395,-1.0,-0.07914374193293985,0.5167826571934334,0.5228600807417193,0.4952884405538447,206195,13746.333333333334,4.20618320256503e-05
XRPUSDT,ema_gap_60_240,5,525355,-0.015597533448171857,-0.055301092092232135,-20.001410715659443,365,1.0,-5.9221633374003995,-5.5570116155771485,3.1773380124366587e-09,-5.5570116155771485,2.74432504784936e-08,-0.012459978238221609,-0.02071497526505302,-1.0,-0.3209794785051523,0.5146543579245728,0.5163787214591327,0.49595012203763483,203216,40643.2,1.783068800284978e-09
XRPUSDT,ema_gap_60_240,10,525350,-0.019357601441708023,-0.07316124636222647,-19.0405884441531,365,1.0,-5.327643983438915,-4.923019813959118,9.949490072641736e-08,-4.923019813959118,8.521882035213665e-07,-0.015052106932087023,-0.02629688286734721,-1.0,-0.32100196076650006,0.5178339265802198,0.5212742080395499,0.49481659662944877,205367,20536.7,1.684267080001794e-07
XRPUSDT,ema_gap_60_240,15,525345,-0.02132214016198599,-0.08459408627853755,-18.320846457793724,365,1.0,-4.841254495619191,-4.4454311520639935,1.2902200659650822e-06,-4.4454311520639935,8.77157695965314e-06,-0.015924379079252704,-0.029870693731938187,-1.0,-0.32111132646889995,0.5178011105991901,0.5230845810399083,0.4952884405538447,206195,13746.333333333334,1.5148161920480399e-05
XRPUSDT,efficiency_ratio_10,5,525584,0.004879047477983171,0.004002869314991066,1.6812869916511655,365,0.6923076923076923,2.2719651782860386,2.170862835028914,0.023088613609300677,1.6812869916511655,0.09270718336843765,0.0050871739356065674,0.004799197217888609,1.0,0.28205128205128643,0.5012449807101803,0.5016295471901704,0.49595012203763483,203216,40643.2,0.3099372242840987
XRPUSDT,efficiency_ratio_10,10,525579,0.006372780483605643,0.005829228925818609,2.1240305295669257,365,0.6153846153846154,2.534002873847135,2.449071590389305,0.011276780688692603,2.1240305295669257,0.03366759079114773,0.0046468904724202295,0.009360882404649449,1.0,0.28205128205128643,0.5032600174322067,0.5035354496046555,0.49481659662944877,205367,20536.7,0.1766785724919937
XRPUSDT,efficiency_ratio_10,15,525574,0.008083454580141038,0.007488924911065935,2.7360874475553767,365,0.5384615384615384,3.0203529342718234,2.954923284753926,0.0025248028895445062,2.7360874475553767,0.0062174501158308495,0.005955878353982952,0.011655369508615645,1.0,0.28205128205128643,0.5058512573049783,0.5060014221040363,0.4952884405538447,206195,13746.333333333334,0.08752401716728274
XRPUSDT,efficiency_ratio_30,5,525564,0.0018991216217499186,0.001895591933011502,0.7270866046336051,365,0.6153846153846154,0.790213787730659,0.7447413996670817,0.42940292522030343,0.7270866046336051,0.4671729040945549,0.00032379863815275257,0.004426416276289949,1.0,0.15447154471545127,0.5014418156050705,0.5018335959913767,0.49595012203763483,203216,40643.2,0.28251279513697675
XRPUSDT,efficiency_ratio_30,10,525559,0.0016352638129480776,0.0012238392524261405,0.3510773753676716,365,0.6153846153846154,0.5247733206493277,0.4905554746902865,0.5997407802102513,0.3510773753676716,0.7255303008169911,0.0002662636643866902,0.003815866528969491,1.0,0.15447154471545127,0.5003725038589452,0.5008953240732658,0.49481659662944877,205367,20536.7,0.4583179384213185
XRPUSDT,efficiency_ratio_30,15,525554,0.0014161305693604082,0.0003719744421184227,0.09439290890891351,365,0.5384615384615384,0.39654924706139416,0.37241759563603716,0.6916998851745721,0.09439290890891351,0.9247970485269461,2.574795378131029e-05,0.0036977414247715856,1.0,0.15447154471545127,0.5008656853948932,0.5019341530894557,0.4952884405538447,206195,13746.333333333334,0.4222377512377958
XRPUSDT,ichimoku_tenkan_dist,5,525581,-0.029560067346955446,-0.03384457112979324,-12.214049888317515,365,0.9230769230769231,-12.903555716250226,-12.235806142951134,4.297983168372679e-38,-12.214049888317515,2.61538983093949e-34,-0.028887325949037444,-0.03092659560114291,-1.0,-0.039003088163619366,0.513591449492166,0.5205934583574877,0.49595012203763483,203216,40643.2,2.1692704324716697e-08
XRPUSDT,ichimoku_tenkan_dist,10,525576,-0.026998637674164598,-0.033233947395690445,-10.813923709934995,365,1.0,-9.734486933081655,-9.346024044361448,2.148993945967727e-22,-9.346024044361448,9.100450893647612e-21,-0.03054680361422216,-0.02158587680792968,-1.0,-0.038992305996190565,0.5085870660816977,0.5138693214470401,0.49481659662944877,205367,20536.7,0.007154913919325646
XRPUSDT,ichimoku_tenkan_dist,15,525571,-0.029062348387725676,-0.03704813455147074,-11.533388681490301,365,1.0,-9.734345576842555,-9.472896930098088,2.151983663171962e-22,-9.472896930098088,2.721881890433633e-21,-0.03610168036435369,-0.017984044611420866,-1.0,-0.03895398789485463,0.5087902228473047,0.513751136882403,0.4952884405538447,206195,13746.333333333334,0.019910827866745463
XRPUSDT,ichimoku_kijun_dist,5,525569,-0.03501236118104628,-0.04326468218754859,-15.034634925254263,365,1.0,-14.182571271450751,-13.262609972254616,1.1746248948386527e-45,-13.262609972254616,3.813873753870235e-40,-0.0410134597389572,-0.02561000228417374,-1.0,-0.06942742808487408,0.5136554208330053,0.5190577726694885,0.49595012203763483,203216,40643.2,1.9388695594699014e-08
XRPUSDT,ichimoku_kijun_dist,10,525564,-0.03539736491631322,-0.04645757960499696,-12.054043431887848,365,1.0,-10.858244012816593,-10.08440614737684,1.8221937183642427e-27,-10.08440614737684,6.4755554367034345e-24,-0.04594867796625905,-0.018378514236406834,-1.0,-0.06939482610648917,0.5093466817940565,0.5143016115718737,0.49481659662944877,205367,20536.7,0.0037620746115825947
XRPUSDT,ichimoku_kijun_dist,15,525559,-0.03554188925754158,-0.04873158061012966,-10.893496490225468,365,1.0,-9.389888513548653,-8.78384675693044,6.00637991537343e-21,-8.78384675693044,1.5797688319634257e-18,-0.04793226826787279,-0.015456109363730812,-1.0,-0.06937093992267339,0.5096874317999952,0.514660687591489,0.4952884405538447,206195,13746.333333333334,0.011900925506593203
XRPUSDT,ichimoku_tk_diff,5,525569,-0.024551867842800973,-0.030598872489695374,-10.322403400965676,365,1.0,-9.870459537611788,-9.260394073911222,5.590788726890282e-23,-9.260394073911222,2.0367908038622925e-20,-0.03413893383425894,-0.00935903525525389,-1.0,0.0,0.5078487914337454,0.5095261618733415,0.49595012203763483,203216,40643.2,0.0008030332684583793
XRPUSDT,ichimoku_tk_diff,10,525564,-0.02716485157126083,-0.03541375530344049,-8.958781959317612,365,1.0,-8.204054211747167,-7.63920011080675,2.3241322114141263e-16,-7.63920011080675,2.1857537046642953e-14,-0.039230350622347164,-0.007529003278684209,-1.0,0.0,0.5065468161876056,0.5084630609720753,0.49481659662944877,205367,20536.7,0.031217605377560152
XRPUSDT,ichimoku_tk_diff,15,525559,-0.02560897575220353,-0.03579015356448427,-8.012103955688351,365,1.0,-6.656087733889361,-6.261198482320643,2.8121242993060186e-11,-6.261198482320643,3.8202990163946276e-10,-0.037287651289646895,-0.0065081475011363405,-1.0,0.0,0.5081840005819733,0.5089225958240822,0.4952884405538447,206195,13746.333333333334,0.028581834940511718
XRPUSDT,ichimoku_cloud_dist,5,525517,-0.031365447060814,-0.04637391868392452,-15.599155013573064,365,1.0,-12.2941270152394,-11.528942092404252,9.740335677126225e-35,-11.528942092404252,9.429528245197265e-31,-0.034348762560348384,-0.026766943227353648,-1.0,0.0,0.5148561136918353,0.5203896507049219,0.49595012203763483,203216,40643.2,1.0984410572735008e-09
XRPUSDT,ichimoku_cloud_dist,10,525512,-0.03468647447378055,-0.05422360807211095,-13.528702147111765,365,1.0,-10.043743542413699,-9.29108807027572,9.788714647021219e-24,-9.29108807027572,1.527190241360834e-20,-0.039762100836279325,-0.02635539828307498,-1.0,0.0,0.5146785997750369,0.5201590551701499,0.49481659662944877,205367,20536.7,1.3693768326180189e-05
XRPUSDT,ichimoku_cloud_dist,15,525507,-0.03596252118703781,-0.05853817149830557,-12.382185984923744,365,1.0,-8.719845108148633,-8.042762441611174,2.785826219134135e-18,-8.042762441611174,8.7835505830179215e-16,-0.040952625298144966,-0.027641629680408033,-1.0,0.0,0.5164528722810932,0.5218390724485149,0.4952884405538447,206195,13746.333333333334,5.978103102566962e-05
XRPUSDT,supertrend_dist,5,525585,-0.03483021705986355,-0.041442367664139244,-14.316719978004214,365,1.0,-14.460258442447167,-13.571199789595372,2.159853228348266e-47,-13.571199789595372,5.93426427554238e-42,-0.038727677247905615,-0.028645152659236204,-1.0,-0.1730373988374481,0.5123513896543579,0.5200086961522272,0.49595012203763483,203216,40643.2,3.3398361370180476e-07
XRPUSDT,supertrend_dist,10,525580,-0.034731250487533755,-0.04367471163868457,-11.548987823334748,365,1.0,-11.084052804754402,-10.347196890999909,1.4992879829845107e-28,-10.347196890999909,4.309177588421239e-25,-0.042761778422942334,-0.021555571642780207,-1.0,-0.17245517309829758,0.5101257748323733,0.5152199249113099,0.49481659662944877,205367,20536.7,0.0018895760665537818
XRPUSDT,supertrend_dist,15,525575,-0.033960561794553874,-0.04504206232354774,-10.428579691691647,365,1.0,-9.420414694638756,-8.837181319041981,4.493099264979122e-21,-8.837181319041981,9.816375491741782e-19,-0.04392397388743115,-0.017530630856862153,-1.0,-0.17221915721711167,0.5097650282499576,0.51439695130465,0.4952884405538447,206195,13746.333333333334,0.01138198881989626
XRPUSDT,supertrend_dir,5,525585,-0.02862430309385758,-0.03330092517302193,-11.134635706191874,365,1.0,-11.582631966523781,-10.853407969565763,5.0472234457895345e-31,-10.853407969565763,1.9212549264076872e-27,-0.034134175939097684,-0.019713234553912697,-1.0,-1.0,0.5040498779623652,0.5118940568472936,0.49595012203763483,203216,40643.2,0.05187058627460082
XRPUSDT,supertrend_dir,10,525580,-0.02957057166951203,-0.03647649751102633,-9.114929115514194,365,1.0,-9.035185525844154,-8.400062683008054,1.6372446850663255e-19,-8.400062683008054,4.462403711731323e-17,-0.03818664677757148,-0.01531050860550532,-1.0,-1.0,0.5051834033705512,0.5099276903258108,0.49481659662944877,205367,20536.7,0.07045609112618592
XRPUSDT,supertrend_dir,15,525575,-0.028448167028469595,-0.03751913515166078,-8.227603770967898,365,1.0,-7.476391547118785,-6.991418837832361,7.639112980995816e-14,-6.991418837832361,2.72120035176126e-12,-0.03701045427384195,-0.014046570946392252,-1.0,-1.0,0.5047115594461553,0.5097136349937419,0.4952884405538447,206195,13746.333333333334,0.13560569190133093
XRPUSDT,ret_1,5,525593,-0.012289721784233517,-0.01609540703960498,-10.469978887867084,365,0.8461538461538461,-8.260723459970134,-8.31958841931585,1.4479218434861902e-16,-8.260723459970134,1.4479218434861902e-16,-0.010728098668597395,-0.015257639052174804,-1.0,0.0,0.5071352649397686,0.5098703827897864,0.49595012203763483,203216,40643.2,0.00207132319112563
XRPUSDT,ret_1,10,525588,-0.011631993675039818,-0.015459913049153048,-10.443111180223688,365,0.9230769230769231,-7.8747025287807375,-7.902370598482907,3.415545141880635e-15,-7.8747025287807375,3.415545141880635e-15,-0.0110208942996562,-0.012831660888055884,-1.0,0.0,0.505363568635662,0.508646801380457,0.49481659662944877,205367,20536.7,0.06322780012983202
XRPUSDT,ret_1,15,525583,-0.01013850857708931,-0.015030604723847594,-10.887351229012516,365,0.9230769230769231,-6.89880271470862,-6.918177719957053,5.244264057049885e-12,-6.89880271470862,5.244264057049885e-12,-0.010939065354298436,-0.009080281017115319,-1.0,0.0,0.5045321176556172,0.5068886250870842,0.4952884405538447,206195,13746.333333333334,0.14706587059533743
XRPUSDT,ret_5,5,525589,-0.027195085374450718,-0.031476975282004716,-11.614003805973697,365,0.9230769230769231,-11.408355600441704,-10.943116955963822,3.798421257148731e-30,-10.943116955963822,7.169193523730594e-28,-0.025660703450334332,-0.030255051104118014,-1.0,0.0,0.5142016376663255,0.5192208528400437,0.49595012203763483,203216,40643.2,5.185464932782576e-09
XRPUSDT,ret_5,10,525584,-0.025164704652225766,-0.03179749447097927,-11.147411993679809,365,1.0,-9.249364650643104,-9.032575503503542,2.258310184830589e-20,-9.032575503503542,1.6767805605248325e-19,-0.02657044580782048,-0.023028927604544707,-1.0,0.0,0.5104033267272736,0.5141423931865229,0.49481659662944877,205367,20536.7,0.0014422892109819433
XRPUSDT,ret_5,15,525579,-0.02570615223381338,-0.03510938322274793,-12.26128828661232,365,1.0,-9.011524209043257,-8.871732446586059,2.0321222089257406e-19,-8.871732446586059,7.201663913952732e-19,-0.029752572641695948,-0.019046648195021217,-1.0,0.0,0.510870777661922,0.5136999555889059,0.4952884405538447,206195,13746.333333333334,0.005650093600732826
XRPUSDT,ret_10,5,525584,-0.03173934280193702,-0.03757700913980142,-12.89551567309846,365,1.0,-12.214758140206632,-11.517302855205273,2.592713612676534e-34,-11.517302855205273,1.0793691357879085e-30,-0.034650075546524675,-0.02686657033514918,-1.0,-4.776803852346578e-05,0.5119724824816944,0.5177624201046378,0.49595012203763483,203216,40643.2,7.119763915571027e-07
XRPUSDT,ret_10,10,525579,-0.03136013725807015,-0.04118944089584297,-11.594288660499558,365,1.0,-9.559180236514383,-9.031731219956873,1.18693108785248e-21,-9.031731219956873,1.6897703516068195e-19,-0.03775660027216024,-0.020195512127626405,-1.0,-4.7761194038820065e-05,0.5088451406506401,0.5132159875225755,0.49481659662944877,205367,20536.7,0.005652378900931008
XRPUSDT,ret_10,15,525574,-0.03407157089606365,-0.04656143976936913,-11.921278083144005,365,1.0,-9.392309057928893,-9.019823131165996,5.8699049560223244e-21,-9.019823131165996,1.8839321598205573e-19,-0.043430334070927765,-0.017690631628790515,-1.0,-4.776803852346578e-05,0.5106864860932613,0.5141601900305159,0.4952884405538447,206195,13746.333333333334,0.006224485270498805
XRPUSDT,ret_15,5,525579,-0.033502674938830676,-0.042222044688090675,-14.437958251872583,365,1.0,-12.54392219357688,-11.765892311721538,4.292144188644036e-36,-11.765892311721538,5.850448332932371e-32,-0.03864068155837357,-0.024927658007756977,-1.0,-6.559312586390531e-05,0.5134536650657429,0.5176287966352477,0.49595012203763483,203216,40643.2,3.031177383906496e-08
XRPUSDT,ret_15,10,525574,-0.03576880442315609,-0.048137576332894616,-12.170269526041066,365,1.0,-10.280281010596395,-9.586211286321134,8.647510084633967e-25,-9.586211286321134,9.13790257292583e-22,-0.04492379525887325,-0.019723509488069748,-1.0,-6.558667344638835e-05,0.5104422813791895,0.5138213614616336,0.49481659662944877,205367,20536.7,0.0014422892109819433
XRPUSDT,ret_15,15,525569,-0.03691832260419555,-0.05223701550038016,-11.742217585055116,365,1.0,-9.267763712842559,-8.756555182545663,1.9008944767182805e-20,-8.756555182545663,2.013081973720143e-18,-0.04807543931429452,-0.017413179625167405,-1.0,-6.562110377061892e-05,0.5114236523679042,0.5146677126141999,0.4952884405538447,206195,13746.333333333334,0.003795268462902656
XRPUSDT,ret_30,5,525564,-0.02891542536678029,-0.04342574391295263,-14.145559194754767,365,1.0,-10.5536436332865,-9.923044102772685,4.886458147224801e-26,-9.923044102772685,3.3051901118170946e-23,-0.03281090524335827,-0.022365168304413437,-1.0,-7.423353884913886e-05,0.5120462955672782,0.516822409191187,0.49595012203763483,203216,40643.2,6.130009428838291e-07
XRPUSDT,ret_30,10,525559,-0.030645335813773232,-0.050148153245435964,-12.16148643729821,365,1.0,-8.378840884658281,-7.789422802838157,5.345147594037982e-17,-7.789422802838157,6.7315995462189045e-15,-0.03653666240813255,-0.02024746128553943,-1.0,-7.423629415831412e-05,0.5117083075664542,0.5155037627987218,0.49481659662944877,205367,20536.7,0.0004148594052736803
XRPUSDT,ret_30,15,525554,-0.03206028608596491,-0.05441429354797335,-11.286901349845905,365,1.0,-7.427973185093494,-6.920474079200382,1.102743057462853e-13,-6.920474079200382,4.501346806331074e-12,-0.037327532897094666,-0.022776401448324993,-1.0,-7.425834481561422e-05,0.5140910303353622,0.5183258694863966,0.4952884405538447,206195,13746.333333333334,0.000481660948026541
XRPUSDT,ret_60,5,525534,-0.02668741528577386,-0.0453746510195704,-15.344324278660375,365,1.0,-9.595028526229962,-9.01848593217674,8.389389117388494e-22,-9.01848593217674,1.9070668744414816e-19,-0.026971263145243306,-0.025981174789362363,-1.0,-0.0001489831914752715,0.5127352176993938,0.5180029616356192,0.49595012203763483,203216,40643.2,1.4548287823005138e-07
XRPUSDT,ret_60,10,525529,-0.028889221686108472,-0.054016348755174574,-13.740108391520767,365,1.0,-7.662639027810736,-7.111623848373127,1.8215077767662868e-14,-7.111623848373127,1.1468548029938718e-12,-0.029335610441277082,-0.0273886770359852,-1.0,-0.00014899798880280146,0.5130230270686138,0.5188402073605259,0.49481659662944877,205367,20536.7,9.978393595858081e-05
XRPUSDT,ret_60,15,525524,-0.030521271720490104,-0.06005579397012252,-12.973335834244404,365,1.0,-6.7730959990202715,-6.258947793345307,1.260552460886706e-11,-6.258947793345307,3.87583583353404e-10,-0.030284066147266232,-0.030015328908041306,-1.0,-0.00014905906513748568,0.5147845486069013,0.5204149961970796,0.4952884405538447,206195,13746.333333333334,0.00027557215952062834
XRPUSDT,ret_240,5,525354,-0.01400759741468242,-0.05504713904731534,-19.224300499092795,365,1.0,-4.995543366450783,-4.69379300554545,5.8670337308811e-07,-4.69379300554545,2.681854048075313e-06,-0.011132233598317207,-0.018842506496005884,-1.0,-0.0004148481125628989,0.5110768837099441,0.5139703216019149,0.49595012203763483,203216,40643.2,4.014018555454235e-06
XRPUSDT,ret_240,10,525349,-0.015845205910733486,-0.07114705377464885,-17.96341692037099,365,1.0,-4.117566361084305,-3.8108087471372913,3.828942938645684e-05,-3.8108087471372913,0.00013851289950029508,-0.01220912412660382,-0.021922535285538114,-1.0,-0.0004150082118006271,0.5133638802728774,0.5169956177823558,0.49481659662944877,205367,20536.7,6.746718320268976e-05
XRPUSDT,ret_240,15,525344,-0.01601618606844795,-0.08111563445648105,-17.270053912281835,365,1.0,-3.4445329014473756,-3.1718604553672556,0.0005720470100326971,-3.1718604553672556,0.0015146576891908279,-0.011619662364855116,-0.023029075528460393,-1.0,-0.00041513514112809236,0.5128737360265768,0.5175168883901036,0.4952884405538447,206195,13746.333333333334,0.0013020328884528114
XRPUSDT,ret_vol_1,5,525534,-0.012589297818320558,-0.015499864969762325,-10.460034098437502,365,0.8461538461538461,-9.136161169681737,-9.191937641180985,6.470857152313354e-20,-9.136161169681737,6.470857152313354e-20,-0.010420201259343162,-0.016259193784486002,-1.0,0.0,0.5071352649397686,0.5110467957984169,0.49595012203763483,203216,40643.2,0.00207132319112563
XRPUSDT,ret_vol_1,10,525529,-0.011715841761463324,-0.015065057738184263,-10.455070679208983,365,0.9230769230769231,-8.550154813271657,-8.588255764217086,1.229235229384027e-17,-8.550154813271657,1.229235229384027e-17,-0.010715425935953309,-0.013576461756613622,-1.0,0.0,0.505363568635662,0.5094147985981501,0.49481659662944877,205367,20536.7,0.06322780012983202
XRPUSDT,ret_vol_1,15,525524,-0.010169352270679709,-0.014411111067692607,-10.712227453551852,365,0.9230769230769231,-7.4769713130053495,-7.512820497184595,7.605500844261576e-14,-7.4769713130053495,7.605500844261576e-14,-0.010605476130546807,-0.009778083360053352,-1.0,0.0,0.5045321176556172,0.5076100291883949,0.4952884405538447,206195,13746.333333333334,0.14706587059533743
XRPUSDT,ret_vol_5,5,525534,-0.02666827828522226,-0.030448030026808987,-11.447204960780246,365,0.9230769230769231,-11.947480988855858,-11.449917775508897,6.692304546161801e-33,-11.447204960780246,2.4285009775617113e-30,-0.02410226525125669,-0.03107494265317049,-1.0,0.0,0.5142016376663255,0.5204853219116425,0.49595012203763483,203216,40643.2,5.185464932782576e-09
XRPUSDT,ret_vol_5,10,525529,-0.024864916298925656,-0.030672893020454294,-10.967036701432693,365,1.0,-9.732040935912867,-9.51248031715876,2.2013121055798695e-22,-9.51248031715876,1.8616974035785307e-21,-0.025946580478860126,-0.023365460967895275,-1.0,0.0,0.5104033267272736,0.5149999855180347,0.49481659662944877,205367,20536.7,0.0014422892109819433
XRPUSDT,ret_vol_5,15,525524,-0.026133909593695992,-0.03411427708538371,-12.129492212741386,365,1.0,-9.760299659919959,-9.626736359245529,1.6666203775637036e-22,-9.626736359245529,6.165665865477733e-22,-0.03026069729564458,-0.01972695255693803,-1.0,0.0,0.510870777661922,0.5147775472442883,0.4952884405538447,206195,13746.333333333334,0.005650093600732826
XRPUSDT,ret_vol_10,5,525534,-0.030827766203184937,-0.03611574409809354,-12.748647885600791,365,1.0,-12.693320823209495,-11.964224373931758,6.439631584282128e-37,-11.964224373931758,5.470638589479088e-33,-0.03313111480109822,-0.027272901538158558,-1.0,-0.019403780028748832,0.5119823242264389,0.5187377617397932,0.49595012203763483,203216,40643.2,7.119763915571027e-07
XRPUSDT,ret_vol_10,10,525529,-0.03148040381191857,-0.03967220096566242,-11.413247370868785,365,1.0,-10.258322338783577,-9.71026130230903,1.085766392857148e-24,-9.71026130230903,2.726372731869847e-22,-0.03829076802845985,-0.02047765194950975,-1.0,-0.019378548456813482,0.5088402713191505,0.5140601201061503,0.49481659662944877,205367,20536.7,0.005652378900931008
XRPUSDT,ret_vol_10,15,525524,-0.03435434048973233,-0.044782551794343095,-11.714650488748983,365,1.0,-10.121833206996742,-9.72791671019077,4.420571914025926e-24,-9.72791671019077,2.2923960392649114e-22,-0.04433867169653593,-0.01807687825615014,-1.0,-0.019403780028748832,0.5106476878682801,0.5151460118636515,0.4952884405538447,206195,13746.333333333334,0.006530621590720772
XRPUSDT,ret_vol_15,5,525534,-0.033307292717853335,-0.04074014496803085,-14.272710924562787,365,1.0,-13.372929267752191,-12.547667525210288,8.704418372804663e-41,-12.547667525210288,4.0939218656984546e-36,-0.03831609861973132,-0.025419113883945604,-1.0,-0.023415533824765078,0.5135570033855602,0.5187352374525884,0.49595012203763483,203216,40643.2,2.4261212652651776e-08
XRPUSDT,ret_vol_15,10,525529,-0.036212429823430474,-0.0465198285534037,-12.053497904024292,365,1.0,-11.148690199152538,-10.401743243038213,7.266814358655241e-29,-10.401743243038213,2.4343828252517483e-25,-0.04610974169252762,-0.020011294051692222,-1.0,-0.023415398177777408,0.5106516626332371,0.5145625018804596,0.49481659662944877,205367,20536.7,0.0011458586772520101
XRPUSDT,ret_vol_15,15,525524,-0.037832576237045425,-0.05059991040052985,-11.618772382432835,365,1.0,-10.156858733463988,-9.588869075626063,3.08867710902862e-24,-9.588869075626063,8.905577217914323e-22,-0.049870077881357056,-0.018061234347887024,-1.0,-0.02341897041437892,0.5115157981522346,0.5158985862983098,0.4952884405538447,206195,13746.333333333334,0.0036067782573037522
XRPUSDT,ret_vol_30,5,525534,-0.029486579656518803,-0.04158631427888052,-13.954282657563255,365,1.0,-11.534765000995973,-10.830689781000379,8.812749866331858e-31,-10.830689781000379,2.4629293803166626e-27,-0.033621785847541094,-0.02298065755189186,-1.0,-0.024898123854818772,0.5118937485237383,0.5179803695097225,0.49595012203763483,203216,40643.2,8.262253127649629e-07
XRPUSDT,ret_vol_30,10,525529,-0.03210756823115616,-0.048242644829722986,-12.037186463553178,365,1.0,-9.393348817952743,-8.723259438230858,5.812227191199754e-21,-8.723259438230858,2.703059911949226e-18,-0.038311428078063946,-0.021883277677437897,-1.0,-0.024900350581054387,0.5113966703511275,0.5173102158552931,0.49481659662944877,205367,20536.7,0.0005591533225505184
XRPUSDT,ret_vol_30,15,525524,-0.0335697285818994,-0.0523139134150802,-11.11050705758685,365,1.0,-8.316284046170097,-7.732067784823435,9.076414395844909e-17,-7.732067784823435,1.0581357210700511e-14,-0.03960566756561208,-0.023551210877910112,-1.0,-0.024913329299818467,0.5139115885448241,0.5198271094442576,0.4952884405538447,206195,13746.333333333334,0.0005773497293576814
XRPUSDT,ret_vol_60,5,525534,-0.027079193112796284,-0.043015034752075174,-15.08579054308147,365,1.0,-10.446747674818132,-9.814242135802377,1.5163630903403399e-25,-9.814242135802377,9.776986453066599e-23,-0.027908504640989207,-0.02583931489388384,-1.0,-0.03312281459638516,0.5130649161483348,0.5191461104196415,0.49595012203763483,203216,40643.2,7.273795972959771e-08
XRPUSDT,ret_vol_60,10,525529,-0.029669047137326612,-0.05077184346062174,-13.43334347546185,365,1.0,-8.436709566611965,-7.827865348822449,3.263961806086501e-17,-7.827865348822449,4.962229712381208e-15,-0.030858400888357795,-0.02751450833206753,-1.0,-0.03313372009930649,0.5131593683503192,0.5202375203321509,0.49481659662944877,205367,20536.7,8.446934579943429e-05
XRPUSDT,ret_vol_60,15,525524,-0.03144983424587568,-0.05621038543683249,-12.601254159236895,365,1.0,-7.473289572735755,-6.89470950542244,7.821446960503286e-14,-6.89470950542244,5.397498518809071e-12,-0.03200889050938073,-0.03013548172224282,-1.0,-0.03313531570906171,0.5148524455006184,0.5218829257032738,0.4952884405538447,206195,13746.333333333334,0.0002586396884037075
XRPUSDT,ret_vol_240,5,525354,-0.01625663061908828,-0.05114602959236066,-18.01063506575592,365,1.0,-6.225591101992194,-5.843174786158057,4.797437841669246e-10,-5.843174786158057,5.12152305799829e-09,-0.013356478749407485,-0.02101768177510439,-1.0,-0.04461931103445804,0.5108849696874261,0.5160504474470403,0.49595012203763483,203216,40643.2,5.797669264834009e-06
XRPUSDT,ret_vol_240,10,525349,-0.019083803663612033,-0.0659262851916483,-16.592697241654673,365,1.0,-5.318440194064649,-4.9166726311828395,1.0466061007937956e-07,-4.9166726311828395,8.802757358156486e-07,-0.015387684384555185,-0.025004821102369457,-1.0,-0.04464639163977717,0.5132908403005352,0.5192759691542761,0.49481659662944877,205367,20536.7,7.138628425356087e-05
XRPUSDT,ret_vol_240,15,525344,-0.01982996616744289,-0.07504207045807001,-15.788371279981718,365,1.0,-4.570245862087741,-4.203700781181624,4.8715235537715675e-06,-4.203700781181624,2.6258601265329692e-05,-0.015096690994683429,-0.02727234979018237,-1.0,-0.04467106632529317,0.512815538689105,0.5208411899094587,0.4952884405538447,206195,13746.333333333334,0.0013770993303004171
XRPUSDT,ret_skip_5,5,525534,-0.023033690142547178,-0.025125112207967756,-10.12450729401378,365,1.0,-10.861975915702304,-10.5031860910748,1.7492273913563854e-27,-10.12450729401378,4.301395940014966e-24,-0.021246160856483343,-0.026127887578349347,-1.0,0.0,0.5115788126919141,0.5170130549422374,0.49595012203763483,203216,40643.2,1.559137412816871e-06
XRPUSDT,ret_skip_5,10,525529,-0.020536011212842025,-0.02473595802395335,-9.7970194180011,365,1.0,-8.725050444176649,-8.593108377312078,2.6606200490219492e-18,-8.593108377312078,8.464762789317477e-18,-0.02223552650544024,-0.017919519256216234,-1.0,0.0,0.5063861282484527,0.510966505652823,0.49481659662944877,205367,20536.7,0.03427898446479117
XRPUSDT,ret_skip_5,15,525524,-0.022830121424282153,-0.029086393940366027,-11.415056556550203,365,1.0,-9.353480229537647,-9.277759945180902,8.481016263169129e-21,-9.277759945180902,1.7307893563324498e-20,-0.027071174320583504,-0.016125838652294992,-1.0,0.0,0.5078493658915104,0.5119939142914076,0.4952884405538447,206195,13746.333333333334,0.03334041963788535
XRPUSDT,ret_skip_15,5,525534,-0.030557408245153805,-0.03649064856745531,-12.87325249047439,365,1.0,-12.374914435232684,-11.631433620904502,3.572748375899793e-35,-11.631433620904502,2.8526591660014396e-31,-0.03655298460291712,-0.021011910074626265,-1.0,-0.022457357647722366,0.5113032438390678,0.5158514058583361,0.49595012203763483,203216,40643.2,2.6351361657538214e-06
XRPUSDT,ret_skip_15,10,525529,-0.03359712701120505,-0.04240249621913397,-11.105056451778612,365,1.0,-10.482064925897385,-9.801298424248655,1.0443813599134396e-25,-9.801298424248655,1.1114759166692627e-22,-0.044307555088741846,-0.01597510949489089,-1.0,-0.02246076088519724,0.509229817838309,0.5117975453276056,0.49481659662944877,205367,20536.7,0.004087033392572244
XRPUSDT,ret_skip_15,15,525524,-0.03557240794722645,-0.04681415548008929,-10.981955627149818,365,1.0,-9.722601473101474,-9.21730397615804,2.415304058957127e-22,-9.21730397615804,3.046638885961226e-20,-0.04787913722684487,-0.015269135973832183,-1.0,-0.022464860202029664,0.5105700914183177,0.5138840463170422,0.4952884405538447,206195,13746.333333333334,0.006849998943818203
XRPUSDT,ret_skip_60,5,525534,-0.02522996593756546,-0.03970491356285296,-14.136157179803632,365,1.0,-9.762881795012811,-9.178072551977872,1.6247157302944198e-22,-9.178072551977872,4.3887629638135756e-20,-0.02646773905812835,-0.023303096679694404,-1.0,-0.03247383328817559,0.5122677348240297,0.5174896055334081,0.49595012203763483,203216,40643.2,3.8923971715945193e-07
XRPUSDT,ret_skip_60,10,525529,-0.027959481812775803,-0.04760317092027255,-12.777794774125391,365,1.0,-7.973990839603662,-7.403295225179724,1.5363093253009106e-15,-7.403295225179724,1.3284595338369276e-13,-0.029355898088535975,-0.025428707905007304,-1.0,-0.03249176074289182,0.5123413206600865,0.518814235575916,0.49481659662944877,205367,20536.7,0.0002124270916478484
XRPUSDT,ret_skip_60,15,525524,-0.029987772891352526,-0.05328072711417236,-12.091434467168957,365,1.0,-7.1458070240637825,-6.596921651609752,8.946867696756054e-13,-6.596921651609752,4.1978245406877886e-11,-0.03041984122873676,-0.028829654341499002,-1.0,-0.03250797082569171,0.5141734765634473,0.5208700351440463,0.4952884405538447,206195,13746.333333333334,0.0004531809986440309
XRPUSDT,rsi_2,5,525592,-0.020757623291069983,-0.02482416767885264,-10.813418579592751,365,0.9230769230769231,-10.54866016702656,-10.228522166086087,5.1526607550434734e-26,-10.228522166086087,1.4775688454282322e-24,-0.018427622296070284,-0.02471270471132453,-1.0,-0.012884233679135215,0.5122086843555625,0.517449960241641,0.49595012203763483,203216,40643.2,4.3086222511806533e-07
XRPUSDT,rsi_2,10,525587,-0.018279502469299085,-0.023791810865095766,-9.906484022476588,365,1.0,-8.364869096338852,-8.19843191737595,6.018170450937423e-17,-8.19843191737595,2.435429326109736e-16,-0.019164050492521314,-0.017125578393412257,-1.0,-0.012850285305231246,0.5093174658051196,0.5121658122282506,0.49481659662944877,205367,20536.7,0.003921539703602631
XRPUSDT,rsi_2,15,525582,-0.018061707618759453,-0.02530849844472585,-10.659584101283938,365,1.0,-7.94303174314243,-7.840538340893343,1.9729842729016674e-15,-7.840538340893343,4.486189241639973e-15,-0.020853427023306625,-0.014002334097223975,-1.0,-0.012837284404913274,0.5080870050195203,0.5114415851827026,0.4952884405538447,206195,13746.333333333334,0.029715073700659123
XRPUSDT,rsi_6,5,525588,-0.032423743271837516,-0.0388828636792235,-14.197689701879172,365,1.0,-13.81372085763854,-13.055213566329638,2.1066303752505863e-43,-13.055213566329638,5.934338326733903e-39,-0.03348694783836641,-0.030982422049445877,-1.0,-0.008850084275838721,0.5144772065191717,0.5219686010453538,0.49595012203763483,203216,40643.2,2.710628188789381e-09
XRPUSDT,rsi_6,10,525583,-0.032009587236296676,-0.041218626593785425,-12.33823898276247,365,1.0,-10.924822985250435,-10.348847992566634,8.771125564740612e-28,-10.348847992566634,4.235514158408558e-25,-0.037504234280451715,-0.023310487908718976,-1.0,-0.008835240657558918,0.5110704251413324,0.5165100700121523,0.49481659662944877,205367,20536.7,0.0007855213761866869
XRPUSDT,rsi_6,15,525578,-0.03362307692837452,-0.04528735526271061,-12.230810155445434,365,1.0,-10.296303410666962,-9.832564102150378,7.322113940099058e-25,-9.832564102150378,8.151638090718053e-23,-0.041868344470788355,-0.02044543759008808,-1.0,-0.008831873211970154,0.5112636096898567,0.5171285925690507,0.4952884405538447,206195,13746.333333333334,0.0041989479654865125
XRPUSDT,rsi_14,5,525580,-0.03765096609014429,-0.048353259656475855,-16.206326598257647,365,1.0,-15.034516884434925,-14.066866158699476,4.362191495338655e-51,-14.066866158699476,6.070024338538324e-45,-0.04124471091523207,-0.03208320305224178,-1.0,-0.005840149584218912,0.5160961735296433,0.5233274637056802,0.49595012203763483,203216,40643.2,4.3316808209056126e-11
XRPUSDT,rsi_14,10,525575,-0.03924575582861992,-0.05383718437371135,-13.75369360438579,365,1.0,-11.928032688063238,-11.084855156776241,8.454800771972787e-33,-11.084855156776241,1.4859071052001066e-28,-0.047081834324829305,-0.026494154735621243,-1.0,-0.0058372902299616,0.5136706481567146,0.5195682047888355,0.49481659662944877,205367,20536.7,4.52047739980052e-05
XRPUSDT,rsi_14,15,525570,-0.040291300677100045,-0.057829355954957376,-12.807508568013336,365,1.0,-10.548873544118308,-9.849323150516682,5.1409736524302114e-26,-9.849323150516682,6.900711606500567e-23,-0.049795711285249115,-0.024700872055792293,-1.0,-0.005840149584218912,0.5139261378791921,0.5206477041790427,0.4952884405538447,206195,13746.333333333334,0.0005773497293576814
XRPUSDT,stoch_k_14,5,525581,-0.029624376493803322,-0.03422634082188483,-13.198799112454346,365,0.9230769230769231,-12.707806764291414,-11.995244739071746,5.351435592827586e-37,-11.995244739071746,3.7630323106286036e-33,-0.03154040674385937,-0.026883187354994384,-1.0,-0.03030303030302628,0.5133847728525313,0.5191258715150735,0.49595012203763483,203216,40643.2,3.578484889259542e-08
XRPUSDT,stoch_k_14,10,525576,-0.029434723543845995,-0.036354291178094175,-11.156128612055463,365,0.9230769230769231,-9.996536312036337,-9.435953907582329,1.5782077551361867e-23,-9.435953907582329,3.87452528212981e-21,-0.0357378684204117,-0.01949100256035425,-1.0,-0.03030303030302628,0.5096777963353412,0.5134356680654237,0.49481659662944877,205367,20536.7,0.002799272202820114
XRPUSDT,stoch_k_14,15,525571,-0.03125600728420753,-0.04029496842336953,-11.018810403916103,365,1.0,-9.513858045949,-9.081562720752839,1.837195640448387e-21,-9.081562720752839,1.070269787988064e-19,-0.04112792058987436,-0.015515338374320132,-1.0,-0.03030303030302628,0.5099056718155145,0.5131331273444211,0.4952884405538447,206195,13746.333333333334,0.010402823567751676
XRPUSDT,stoch_d_14_3,5,525579,-0.029481178130142408,-0.033879085209851584,-12.47848347631432,365,0.9230769230769231,-12.092798379263675,-11.371727412952952,1.1529169000509302e-33,-11.371727412952952,5.783159394996569e-30,-0.03344534176134363,-0.02342136303633768,-1.0,-0.03030303030305692,0.5113130855838123,0.5165958368454207,0.49595012203763483,203216,40643.2,2.6351361657538214e-06
XRPUSDT,stoch_d_14_3,10,525574,-0.029584649784908195,-0.03649722078665706,-10.36980358609997,365,1.0,-9.484890036114498,-8.929204981229153,2.426387699596911e-21,-8.929204981229153,4.290811727041845e-19,-0.03817774377763818,-0.015794824236720142,-1.0,-0.030303030303055978,0.5077008477506123,0.510546869794862,0.49481659662944877,205367,20536.7,0.01396883886728529
XRPUSDT,stoch_d_14_3,15,525569,-0.03212428649352227,-0.04117163916733579,-10.41715081353329,365,1.0,-9.182805112596137,-8.757334571822021,4.200050205695593e-20,-8.757334571822021,1.9992157518584663e-18,-0.043733366208605316,-0.013414298018868552,-1.0,-0.030303030303055478,0.5093382477751642,0.5119498606725343,0.4952884405538447,206195,13746.333333333334,0.01481457555512837
XRPUSDT,stoch_k_5,5,525590,-0.020183954420530413,-0.02347956346202732,-9.941712428165944,365,0.8461538461538461,-10.096218126694826,-9.757944910039582,5.7413773767666394e-24,-9.757944910039582,1.7057665673143238e-22,-0.01715863135230049,-0.02532097017357668,-1.0,-0.018867924528257585,0.5144230769230769,0.5176435550870313,0.49595012203763483,203216,40643.2,3.0525764143050075e-09
XRPUSDT,stoch_k_5,10,525585,-0.017537323402842326,-0.022116955977897923,-9.065752529945309,365,0.9230769230769231,-7.928039989287795,-7.7828123793051,2.226316274813174e-15,-7.7828123793051,7.0929787214654596e-15,-0.017803412098855532,-0.017502706221384386,-1.0,-0.018867924528257585,0.5099650868932204,0.5123069480284794,0.49481659662944877,205367,20536.7,0.0021575548415985976
XRPUSDT,stoch_k_5,15,525580,-0.017053173971109118,-0.023138254684673572,-9.872604762025897,365,0.9230769230769231,-7.471085071056518,-7.400346000754762,7.95362117423934e-14,-7.400346000754762,1.3583011037515307e-13,-0.019921575038041747,-0.01296690650954735,-1.0,-0.018867924528257585,0.5084895366037003,0.5099816140695004,0.4952884405538447,206195,13746.333333333334,0.023441518776141857
XRPUSDT,stoch_d_5_3,5,525588,-0.023485451475977824,-0.026102400350026384,-9.686338455990306,365,0.9230769230769231,-10.471853940842959,-10.030055950460842,1.1634182049600229e-25,-9.686338455990306,3.446639979188523e-22,-0.02132898442147092,-0.027242510222831418,-1.0,-0.020631969090511126,0.5132666719155972,0.5179828477370043,0.49595012203763483,203216,40643.2,4.458972261072713e-08
XRPUSDT,stoch_d_5_3,10,525583,-0.01895592122793553,-0.02341463355656535,-8.328861848462902,365,0.9230769230769231,-7.394373199668185,-7.218736493005585,1.4207685893537778e-13,-7.218736493005585,5.247282007049615e-13,-0.021048358965098574,-0.015956665848535057,-1.0,-0.020616420616374254,0.5077933650489125,0.5102882861385682,0.49481659662944877,205367,20536.7,0.013004590443811751
XRPUSDT,stoch_d_5_3,15,525578,-0.021153676871222056,-0.027462810210664417,-9.742364094965282,365,1.0,-7.872436923761411,-7.760925533161262,3.4779903692099896e-15,-7.760925533161262,8.431181346495054e-15,-0.02590744821315954,-0.013985588235510842,-1.0,-0.02061263232712862,0.507771769441548,0.5105818183932498,0.4952884405538447,206195,13746.333333333334,0.0346269569755727
XRPUSDT,williams_r_14,5,525581,-0.02962437643845932,-0.03422634383329741,-13.198801072094312,365,0.9230769230769231,-12.707806743089641,-11.995244721111257,5.351437043475587e-37,-11.995244721111257,3.763033126896733e-33,-0.03154040666471888,-0.02688318695018381,-1.0,-0.5151515151515131,0.5133847728525313,0.5191258712729077,0.49595012203763483,203216,40643.2,3.578484889259542e-08
XRPUSDT,williams_r_14,10,525576,-0.02943472363857404,-0.036354300526086104,-11.156131238696886,365,0.9230769230769231,-9.996536344582426,-9.435953939674564,1.5782072366290913e-23,-9.435953939674564,3.874524095946143e-21,-0.03573786863490909,-0.019491002554797056,-1.0,-0.5151515151515131,0.5096777963353412,0.5134356681128497,0.49481659662944877,205367,20536.7,0.002799272202820114
XRPUSDT,williams_r_14,15,525571,-0.03125600724617259,-0.04029497645035743,-11.018811564209532,365,1.0,-9.513858039153408,-9.081562715650168,1.837195760512089e-21,-9.081562715650168,1.0702698381721852e-19,-0.04112792056885846,-0.015515338499065615,-1.0,-0.5151515151515131,0.5099056718155145,0.5131331273444211,0.4952884405538447,206195,13746.333333333334,0.010402823567751676
XRPUSDT,cci_20,5,525575,-0.03315171956975296,-0.039519430124447634,-13.967212654404197,365,0.9230769230769231,-13.629507787892438,-12.80941279966776,2.6737755960865373e-42,-12.80941279966776,1.4522939049222195e-37,-0.0356756555405552,-0.02937939219518861,-1.0,-0.03794219395181498,0.51506279033147,0.5207125134751973,0.49595012203763483,203216,40643.2,6.322554665782459e-10
XRPUSDT,cci_20,10,525570,-0.033676257584087856,-0.04309396871272423,-12.073265227817824,365,1.0,-10.808312686586671,-10.15621702278399,3.143996470178172e-27,-10.15621702278399,3.109066282872098e-24,-0.04127560257440303,-0.021514532020679066,-1.0,-0.037897313524870635,0.5111337264506955,0.5153564338905801,0.49481659662944877,205367,20536.7,0.0007134683420277594
XRPUSDT,cci_20,15,525565,-0.03596534332437238,-0.04794452910935481,-11.812793626712251,365,1.0,-10.210695748029721,-9.676484040094149,1.7758683481731343e-24,-9.676484040094149,3.7954452004708806e-22,-0.04621913310249367,-0.01944774781582806,-1.0,-0.03794219395181498,0.5122093164237737,0.5165021843451103,0.4952884405538447,206195,13746.333333333334,0.00213543841880639
XRPUSDT,tsi_25_13,5,525557,-0.032627648263602725,-0.04600942807045085,-15.071241682387802,365,1.0,-12.62650756716,-11.819651811031335,1.5082499278086042e-36,-11.819651811031335,3.089624015524626e-32,-0.038667557703017795,-0.02304248056233258,-1.0,-0.005429140307024568,0.5120758208015117,0.5180986069306059,0.49595012203763483,203216,40643.2,5.830561794751434e-07
XRPUSDT,tsi_25_13,10,525552,-0.03559357470010629,-0.0530802069596202,-12.814976673035067,365,1.0,-10.203771344171978,-9.431629257197644,1.907196694750193e-24,-9.431629257197644,4.037677507645124e-21,-0.04431902297309538,-0.021184032985722065,-1.0,-0.005433415231510722,0.5121806327209337,0.5168768002670151,0.49481659662944877,205367,20536.7,0.0002485926498846525
XRPUSDT,tsi_25_13,15,525547,-0.035918463574114885,-0.056316911319806734,-11.706320150197103,365,1.0,-8.68344848450565,-8.05042776602554,3.83946860848011e-18,-8.05042776602554,8.250515815855608e-16,-0.04411360461870829,-0.022208042034091817,-1.0,-0.005437538362515284,0.5125294017798686,0.5189187960153325,0.4952884405538447,206195,13746.333333333334,0.0017185573872187058
XRPUSDT,ultimate_osc,5,525567,-0.025615842346401647,-0.029755202916642912,-10.242641171140116,365,0.9230769230769231,-10.908662454607175,-10.293861731114283,1.0478672269953443e-27,-10.242641171140116,1.2770178931814921e-24,-0.0259923767097753,-0.025356596811846207,-1.0,-0.010083248407833367,0.5123169435477521,0.5168343694178845,0.49595012203763483,203216,40643.2,3.5150419005974277e-07
XRPUSDT,ultimate_osc,10,525562,-0.022906594168203863,-0.029134286431054604,-8.566246510097857,365,0.9230769230769231,-7.788711412363559,-7.3723991086692315,6.769602705221607e-15,-7.3723991086692315,1.6758441433526978e-13,-0.027945527018185312,-0.01518546612958904,-1.0,-0.010078131336020757,0.5070240106735746,0.5096793323521724,0.49481659662944877,205367,20536.7,0.02260143682974654
XRPUSDT,ultimate_osc,15,525557,-0.02600544951500684,-0.03377762247195872,-9.030216135864437,365,0.9230769230769231,-7.943064134222734,-7.588387412743836,1.972468914361718e-15,-7.588387412743836,3.239112364931711e-14,-0.0332445325993549,-0.014692860249830186,-1.0,-0.010083248407833367,0.508174301025728,0.5112680744231082,0.4952884405538447,206195,13746.333333333334,0.028581834940511718
XRPUSDT,mom_z_15,5,524140,-0.033202883020892304,-0.038727058342963576,-13.362429858774794,364,1.0,-13.026877097264219,-12.219272763291979,8.60583747381181e-39,-12.219272763291979,2.4526892902122805e-34,-0.0376936280959046,-0.026313482606025656,-1.0,-0.011868359475004964,0.5136209747263994,0.5187725402751855,0.49595012203763483,203216,40643.2,2.0509351745265546e-08
XRPUSDT,mom_z_15,10,524135,-0.035817217383327465,-0.043184815939406984,-10.997883927305894,364,1.0,-10.779787813237606,-10.056484278906908,4.288739156375963e-27,-10.056484278906908,8.601533699736952e-24,-0.04509965110256164,-0.020931276805228008,-1.0,-0.01186828294118296,0.5112165050860168,0.5143916631123155,0.49481659662944877,205367,20536.7,0.000679773707253944
XRPUSDT,mom_z_15,15,524130,-0.03705129663683461,-0.046183349310461266,-10.425245117487044,364,1.0,-9.741560165607682,-9.198825466068072,2.0045281821384832e-22,-9.198825466068072,3.6188355626734125e-20,-0.04808295672241494,-0.019245221553694004,-1.0,-0.011870008034052297,0.5115400470428478,0.5158677512537724,0.4952884405538447,206195,13746.333333333334,0.003426732713170317
XRPUSDT,mom_z_60,5,524095,-0.026655551555303483,-0.038122353783813345,-12.980400250476903,364,1.0,-10.090518606503135,-9.485406917595913,6.084719335835702e-24,-9.485406917595913,2.4143921693262e-21,-0.02752036194799163,-0.025381698418059418,-1.0,-0.009301324890524225,0.5120216912054169,0.518326199956519,0.49595012203763483,203216,40643.2,6.444223350735262e-07
XRPUSDT,mom_z_60,10,524090,-0.02909765086885583,-0.04384497157474161,-11.197931829728281,364,1.0,-8.131284294779398,-7.557320190822189,4.247658377399821e-16,-7.557320190822189,4.114582321601144e-14,-0.030669830873081068,-0.026294754653639348,-1.0,-0.009308360355965682,0.5119128194890123,0.5184259587974324,0.49481659662944877,205367,20536.7,0.00032187716671201066
XRPUSDT,mom_z_60,15,524085,-0.030755794953600667,-0.047802677304137293,-10.327981939067612,364,1.0,-7.196172449218651,-6.653852599650393,6.192629968734882e-13,-6.653852599650393,2.8551863023923085e-11,-0.0316440562742206,-0.028816517429861778,-1.0,-0.009326003896095275,0.5130143795921337,0.5200993807060523,0.4952884405538447,206195,13746.333333333334,0.0011630074636682331
XRPUSDT,atr_pct_14,5,525581,-0.005246035737410335,0.0019011315095620476,0.6576692669260198,365,0.46153846153846156,-2.0221169628359563,-1.9021263500357386,0.043164270006585716,0.0,1.0,-0.0076136901830199805,-0.0010165735266170844,-1.0,0.0008759193526495011,0.49635363357215967,0.4989114276721316,0.49595012203763483,203216,40643.2,0.9303188850725878
XRPUSDT,atr_pct_14,10,525576,-0.00595059340346694,0.0036193437736429953,0.8967530320521939,365,0.46153846153846156,-1.6691235613384146,-1.5468905904237245,0.0950928947617056,0.0,1.0,-0.009186107334680628,-1.4428049998304618e-05,-1.0,0.0008759240268628452,0.4949626765741331,0.4980106416098573,0.49481659662944877,205367,20536.7,0.9256993078079707
XRPUSDT,atr_pct_14,15,525571,-0.003961612536422272,0.006346489892897412,1.2849639418898142,365,0.38461538461538464,-0.9186609228595963,-0.84639158399184,0.3582729552607915,0.0,1.0,-0.008445081109211569,0.0044025363368359145,-1.0,0.0008759329308174731,0.49447852760736194,0.49751313396272023,0.4952884405538447,206195,13746.333333333334,0.904050813470865
XRPUSDT,bb_pctb_20_2,5,525575,-0.03323561257854817,-0.03983893769000883,-14.297421308778668,365,0.9230769230769231,-13.783016093910863,-12.960189957571474,3.225112389772293e-43,-12.960189957571474,2.0573742062402318e-38,-0.03510163527779354,-0.0305104877671777,-1.0,0.4891432537647363,0.5151119990551926,0.5215306610201909,0.49595012203763483,203216,40643.2,5.586316449806351e-10
XRPUSDT,bb_pctb_20_2,10,525570,-0.034173552446536345,-0.04374743789220132,-12.368866547561986,365,1.0,-11.054250646708363,-10.381172128560369,2.090754561031854e-28,-10.381172128560369,3.020437455503774e-25,-0.04094219636487438,-0.023355851707447285,-1.0,0.4891504340041408,0.5118349101851807,0.5166013489342443,0.49481659662944877,205367,20536.7,0.0003564619710557539
XRPUSDT,bb_pctb_20_2,15,525565,-0.03615461178671739,-0.048329902878424695,-12.02820704893768,365,1.0,-10.336473308966264,-9.788057754567305,4.819484441681541e-25,-9.788057754567305,1.2670633381636851e-22,-0.04588041137321341,-0.020484339082148095,-1.0,0.4891432537647363,0.5121268701956886,0.5171923395951803,0.4952884405538447,206195,13746.333333333334,0.0022530730035801114
XRPUSDT,bb_width_20_2,5,525575,0.0024704575442756967,0.008187344071232056,2.8651271872100192,365,0.7692307692307693,0.9636543986609274,0.9072405754347276,0.3352192239531655,0.9072405754347276,0.36427959111317176,0.0005156207151280459,0.006299134916905621,1.0,0.0040926768413364215,0.5051029446500276,0.5047035293549749,0.49595012203763483,203216,40643.2,0.020008477204592496
XRPUSDT,bb_width_20_2,10,525570,0.004777828779671788,0.01246506106224875,3.144048425377308,365,0.6923076923076923,1.378974833781514,1.2816214330769662,0.16790251332222106,1.2816214330769662,0.199975477827107,0.002656321588432103,0.0088602626637723,1.0,0.004092675696808249,0.5078128423748703,0.5062319091082358,0.49481659662944877,205367,20536.7,0.013004590443811751
XRPUSDT,bb_width_20_2,15,525565,0.006016605353173191,0.014235199224351016,2.9956853404184742,365,0.6923076923076923,1.4608598027881374,1.354445245126297,0.1440539199681427,1.354445245126297,0.17559437102554465,0.003190852649297441,0.01161202072309544,1.0,0.004092642765700956,0.5080336574601712,0.506315519409966,0.4952884405538447,206195,13746.333333333334,0.030885344216830538
XRPUSDT,bb_width_rel_20,5,524136,0.0067198657105631545,0.00813656517318083,2.8177939272149435,364,0.6923076923076923,2.6218746982816996,2.462521539131579,0.008744757547363612,2.462521539131579,0.013796388589677534,0.005229671924171456,0.009015451045771936,1.0,0.8234324350512545,0.5037201795134242,0.5055608338403109,0.49595012203763483,203216,40643.2,0.06706512024375338
XRPUSDT,bb_width_rel_20,10,524131,0.01110138792644871,0.012246650523631891,3.041802197651782,364,0.6923076923076923,3.2323397721097393,3.007373453002564,0.0012278097047396452,3.007373453002564,0.0026351581428811642,0.010286773542555017,0.012067942811005613,1.0,0.8234251883483484,0.504389702337766,0.5065143273494995,0.49481659662944877,205367,20536.7,0.10581483828397535
XRPUSDT,bb_width_rel_20,15,524126,0.012938514281030093,0.013942571792366609,2.880815767891606,364,0.6923076923076923,3.2043090098893963,2.9840192441837865,0.001353870824134238,2.880815767891606,0.003966474138987908,0.012470033629121247,0.01337015410572956,1.0,0.823403532652202,0.5034360677998981,0.5065551308036431,0.4952884405538447,206195,13746.333333333334,0.21382475062886908
XRPUSDT,keltner_pos_20,5,525575,-0.0364287277099171,-0.04525620314656375,-15.570249394752926,365,1.0,-15.000544938087739,-14.072350707187221,7.281900203860766e-51,-14.072350707187221,5.617075710505673e-45,-0.039246590420358156,-0.032150316361282905,-1.0,-0.018737397408075698,0.515682820250374,0.5230998070386117,0.49595012203763483,203216,40643.2,1.308536896402023e-10
XRPUSDT,keltner_pos_20,10,525570,-0.03747257233691061,-0.04955252497423473,-13.213595867828495,365,1.0,-11.910781844656524,-11.130879018276866,1.0399750813252549e-32,-11.130879018276866,8.875590040661123e-29,-0.04497637529360353,-0.025401286376940863,-1.0,-0.018722634222502657,0.5123607979860445,0.5186367301999208,0.49481659662944877,205367,20536.7,0.00020150727571607927
XRPUSDT,keltner_pos_20,15,525565,-0.03885053919821613,-0.05357424386302357,-12.485621729980867,365,1.0,-10.770385674689537,-10.126487961087058,4.750072135988013e-27,-10.126487961087058,4.215180432293394e-24,-0.04877871352070566,-0.022746311062894882,-1.0,-0.01872521182022991,0.5128882853609448,0.5192191651098168,0.4952884405538447,206195,13746.333333333334,0.0013020328884528114
XRPUSDT,donchian_pos_20,5,525575,-0.03302720363998043,-0.039000853988191066,-14.397656128236331,365,0.9230769230769231,-13.741515619783327,-12.902838486097297,5.726433162202269e-43,-12.902838486097297,4.338182063742235e-38,-0.036786356040522064,-0.02728977195337579,-1.0,-0.01428571428568165,0.5148167467128573,0.5193965850563727,0.49595012203763483,203216,40643.2,1.167405582021202e-09
XRPUSDT,donchian_pos_20,10,525570,-0.0336051392804843,-0.04219691043167579,-11.810847479075452,365,1.0,-10.797886542189987,-10.09367014960713,3.5221748826307036e-27,-10.09367014960713,5.892430161670943e-24,-0.0423133048045496,-0.0196655380918025,-1.0,-0.01428571428568165,0.5107733959204741,0.5143882465048402,0.49481659662944877,205367,20536.7,0.0010437854983482446
XRPUSDT,donchian_pos_20,15,525565,-0.03403376083504627,-0.04491771253244368,-10.97730704656346,365,1.0,-9.582855907868671,-9.029375874842014,9.439787451247548e-22,-9.029375874842014,1.7265366863521725e-19,-0.04606253876627842,-0.01466689290465093,-1.0,-0.01428571428568165,0.5105894905308083,0.5136839497940224,0.4952884405538447,206195,13746.333333333334,0.006530621590720772
XRPUSDT,donchian_pos_60,5,525535,-0.03253348379442285,-0.04429684751033282,-14.821846246184814,365,1.0,-12.853056320442224,-12.025280550854319,8.26779555762512e-38,-12.025280550854319,2.616976892015032e-33,-0.03673703733960104,-0.025931715380435795,-1.0,-0.012195121951223742,0.5136406582158886,0.5195463765758659,0.49595012203763483,203216,40643.2,1.9388695594699014e-08
XRPUSDT,donchian_pos_60,10,525530,-0.034213846617680725,-0.04976373330000852,-12.490607371094484,365,1.0,-10.063830258760099,-9.31379278063432,7.983064588642218e-24,-9.31379278063432,1.23347213041645e-20,-0.041085417749663934,-0.02289432197234797,-1.0,-0.012195121951219828,0.5130278964001033,0.5172449875870417,0.49481659662944877,205367,20536.7,9.441052373560733e-05
XRPUSDT,donchian_pos_60,15,525525,-0.034506037712111526,-0.05300919970143365,-11.410898705691487,365,1.0,-8.563931069672853,-7.925311785967398,1.090830683978379e-17,-7.925311785967398,2.2757460101265134e-15,-0.04206521189796758,-0.021925795437048243,-1.0,-0.01219512195121819,0.5139503867698053,0.5176988824693832,0.4952884405538447,206195,13746.333333333334,0.0005436570384238382
XRPUSDT,rv_15,5,525579,-0.0032781129293674785,0.0033266457167505127,1.165301076947665,365,0.38461538461538464,-1.2743095356037266,-1.199475393671191,0.20255373841455182,0.0,1.0,-0.003846093273403525,-0.0014403064926365203,-1.0,0.0006488242519161362,0.4977117943469018,0.49898637569124416,0.49595012203763483,203216,40643.2,0.821895741949844
XRPUSDT,rv_15,10,525574,-0.002572028303414883,0.006411354424761624,1.617751293537028,365,0.3076923076923077,-0.7339044039971597,-0.6814859123418608,0.4630070028019183,0.0,1.0,-0.0032672828895229547,-0.00029828632978597233,-1.0,0.0006488234272099425,0.4967838065511986,0.4982680206963469,0.49481659662944877,205367,20536.7,0.8233214275080063
XRPUSDT,rv_15,15,525569,-0.000385523441729496,0.009939864820564614,2.102239349197228,365,0.23076923076923078,-0.09172739063039147,-0.08483236261805469,0.9269146345527648,0.0,1.0,-0.0017033621213590707,0.003320106547516269,-1.0,0.0006488191066367359,0.4960644050534688,0.4982121567009088,0.4952884405538447,206195,13746.333333333334,0.8237340884934164
XRPUSDT,rv_60,5,525534,-0.005757265772863971,-0.00017505278885056864,-0.06297942579508807,365,0.5384615384615384,-2.2195969097204427,-2.0863495179067737,0.02644614224361993,-0.06297942579508807,0.9497828876287886,-0.00831631600205062,-0.0010874513793942893,-1.0,0.0006884452767357693,0.4978741831351862,0.4993551950282801,0.49595012203763483,203216,40643.2,0.8059560387103297
XRPUSDT,rv_60,10,525529,-0.006627235342169738,0.0008509592123126752,0.2199679015281145,365,0.5384615384615384,-1.856317613735571,-1.7200121858075854,0.06340829994661726,0.0,1.0,-0.010092088498938341,-0.00016934686672798394,-1.0,0.0006884524160202723,0.49613131613160827,0.49803239287098144,0.49481659662944877,205367,20536.7,0.866399500223908
XRPUSDT,rv_60,15,525524,-0.004756061780113542,0.003818452990347113,0.7990581802613409,365,0.5384615384615384,-1.1003670521634514,-1.0137086141757778,0.27117222795192275,0.0,1.0,-0.00933393416314646,0.0038512799594162153,-1.0,0.000688453574679448,0.4957782681442324,0.49737934949344254,0.4952884405538447,206195,13746.333333333334,0.8408420122609521
XRPUSDT,rv_240,5,525354,-0.004987879494993937,0.0008107962192095596,0.29465786392589943,365,0.46153846153846156,-1.9269329782553153,-1.809087160824834,0.05398798297784925,0.0,1.0,-0.006895209613414214,-0.0009383100858474215,-1.0,0.0007311871664893324,0.49712128966223135,0.49892398241571234,0.49595012203763483,203216,40643.2,0.8771198349534722
XRPUSDT,rv_240,10,525349,-0.006156698444114977,0.0015693485840565919,0.4045558144461598,365,0.38461538461538464,-1.7249391767837616,-1.594543645947718,0.08453843435610976,0.0,1.0,-0.009082101339613038,-5.7637996035394405e-05,-1.0,0.0007311897071390131,0.49659877195459834,0.498472892509664,0.49481659662944877,205367,20536.7,0.8374233218187459
XRPUSDT,rv_240,15,525344,-0.00458850625709264,0.0037673976296339422,0.7830439196350965,365,0.38461538461538464,-1.0591366704817502,-0.9727142778063235,0.28953754154447253,0.0,1.0,-0.008768367917818567,0.004015157873953102,-1.0,0.0007311936004048673,0.495492131234996,0.4968901802438068,0.4952884405538447,206195,13746.333333333334,0.8568242388398104
XRPUSDT,parkinson_15,5,525580,-0.004583157094222871,0.0023720167480822795,0.823966958481,365,0.3076923076923077,-1.7725917790116623,-1.6678362222868193,0.07629637495909668,0.0,1.0,-0.006442271886676757,-0.0009960887489408828,-1.0,0.0005789849136699208,0.4980759389024486,0.498886185042248,0.49595012203763483,203216,40643.2,0.7833993420190432
XRPUSDT,parkinson_15,10,525575,-0.004562114220928693,0.004912680131230619,1.2206526357187424,365,0.3076923076923077,-1.2893803404696436,-1.1956571387395132,0.19726589267301153,0.0,1.0,-0.007027894274627077,0.00023913829377588249,-1.0,0.0005789764147428674,0.4962968734022506,0.497717384421946,0.49481659662944877,205367,20536.7,0.8571634771656442
XRPUSDT,parkinson_15,15,525570,-0.002569649539497666,0.007680778614544274,1.5770246897169207,365,0.3076923076923077,-0.6029040686595142,-0.5561158490271404,0.5465725091591754,0.0,1.0,-0.005875713278519698,0.003960423039387948,-1.0,0.0005789753673522993,0.4957879677004777,0.49789108809751315,0.4952884405538447,206195,13746.333333333334,0.8408420122609521
XRPUSDT,garman_klass_15,5,525580,-0.005163758159411544,0.0016993483389961188,0.5828850288580042,365,0.3076923076923077,-1.9949312409765192,-1.8766400727720827,0.046050379636993884,0.0,1.0,-0.007548942023196373,-0.000849582108339148,-1.0,0.0005434484433717722,0.4978938666246752,0.4988546698354557,0.49595012203763483,203216,40643.2,0.8032173451924618
XRPUSDT,garman_klass_15,10,525575,-0.005442312413798948,0.003720024977347847,0.9114579432625403,365,0.38461538461538464,-1.535473078072082,-1.4233520822090264,0.12466766514284501,0.0,1.0,-0.0086167978278726,0.0003701829417716831,-1.0,0.0005434386860848896,0.4957758549328763,0.4975540434475416,0.49481659662944877,205367,20536.7,0.8889917562885549
XRPUSDT,garman_klass_15,15,525570,-0.003684928783827933,0.005734509901448861,1.1638791765311554,365,0.38461538461538464,-0.8624859281690581,-0.7949872002658575,0.3884201733580972,0.0,1.0,-0.007754456198934958,0.00388717866202418,-1.0,0.0005434290291464448,0.49563762457867555,0.4979016989745366,0.4952884405538447,206195,13746.333333333334,0.8489737787098927
XRPUSDT,parkinson_60,5,525535,-0.006698389690378994,-0.001468036513237151,-0.5323677590506509,365,0.6153846153846154,-2.5780646311774134,-2.4221840611942422,0.009935541276600396,-0.5323677590506509,0.5944713106861506,-0.009986817564222063,-0.001104227192870847,-1.0,0.0006041526732508948,0.4978938666246752,0.4992606500859671,0.49595012203763483,203216,40643.2,0.8032173451924618
XRPUSDT,parkinson_60,10,525530,-0.008038526924051641,-0.001062067829973385,-0.27645958635617846,365,0.5384615384615384,-2.2467670568635496,-2.0806628980271213,0.024654918158655028,-0.27645958635617846,0.7821950958866416,-0.012582986105085117,-0.00014394939406611244,-1.0,0.0006041716181760944,0.4958002015903237,0.4978866771539846,0.49481659662944877,205367,20536.7,0.8863276545562648
XRPUSDT,parkinson_60,15,525525,-0.006529069683852793,0.0009594762572854238,0.20217888613477472,365,0.5384615384615384,-1.5064443191998187,-1.386972906617879,0.13195315077017267,0.0,1.0,-0.012519454556677745,0.0039474953277835794,-1.0,0.0006041774350103758,0.49501200320085353,0.49736713146946654,0.4952884405538447,206195,13746.333333333334,0.8821041901905594
XRPUSDT,garman_klass_60,5,525535,-0.007027469545655956,-0.0018570916875305244,-0.6687413847441563,365,0.6153846153846154,-2.703163822333562,-2.5393493114655525,0.006868288582720661,-0.6687413847441563,0.5036604632172899,-0.010586759112475787,-0.0010801492931716808,-1.0,0.0005683796896856869,0.49799720494449257,0.4992218256391808,0.49595012203763483,203216,40643.2,0.7920305791018669
XRPUSDT,garman_klass_60,10,525530,-0.008551361015705217,-0.0017243265522745481,-0.44524774771509384,365,0.5384615384615384,-2.3885689007150557,-2.2115365270905274,0.016914136439576517,-0.44524774771509384,0.6561407243803334,-0.013542433922910378,-2.4762529805632543e-05,-1.0,0.0005683843424507669,0.4961556627890557,0.49780943923135623,0.49481659662944877,205367,20536.7,0.866399500223908
XRPUSDT,garman_klass_60,15,525525,-0.007193597150898862,0.0001251412969046409,0.026240135633746952,365,0.5384615384615384,-1.6584412678527745,-1.5264645870160916,0.09722843285460069,0.0,1.0,-0.01377836947072996,0.0041360230093211965,-1.0,0.0005683922282559207,0.49486166007905136,0.49732920041150486,0.4952884405538447,206195,13746.333333333334,0.8887086270310599
XRPUSDT,rv_ratio_15_240,5,525354,0.0034366893357501106,0.0036542244569944494,1.2302387107400026,365,0.6153846153846154,1.3467603603341214,1.2648341666771943,0.17805742515403333,1.2302387107400026,0.21860772776361392,0.004932767529346204,0.0010877985997199261,1.0,0.8747499004886714,0.5011170380285017,0.500731056657785,0.49595012203763483,203216,40643.2,0.32764498635982425
XRPUSDT,rv_ratio_15_240,10,525349,0.006678311668013906,0.00686492117042053,1.6521301758350393,365,0.6153846153846154,1.951949633569465,1.8128440048170533,0.05094418467303655,1.6521301758350393,0.09850801662736444,0.009233494312683534,0.0025045227404744998,1.0,0.8747400897886611,0.5016336607147205,0.5021411706559706,0.49481659662944877,205367,20536.7,0.3200580512778612
XRPUSDT,rv_ratio_15_240,15,525344,0.008332555748268088,0.008690676329788014,1.766928993862647,365,0.6923076923076923,2.064833412357362,1.9175714679476616,0.03893876525347726,1.766928993862647,0.07724012062611343,0.011903563766243108,0.002449848123327599,1.0,0.8747358771170082,0.5004340551419773,0.5000409540203683,0.4952884405538447,206195,13746.333333333334,0.46262551628603943
XRPUSDT,rv_ratio_60_1440,5,524154,-0.0011535040979174255,9.625670816922412e-05,0.03428686080418103,364,0.5384615384615384,-0.4423267602676149,-0.41554897600978274,0.6582527690679325,0.0,1.0,-0.0041012206404819045,0.003357023475986351,-1.0,0.8418289673459594,0.5001820722777734,0.49755199572859166,0.49595012203763483,203216,40643.2,0.4723181323654579
XRPUSDT,rv_ratio_60_1440,10,524149,0.0005425873560311828,0.0014466984325909478,0.3671390730306524,364,0.5384615384615384,0.15149248250090475,0.14025356568803324,0.8795872404957031,0.14025356568803324,0.8884596508133551,-0.0028869960237831154,0.005603743374828151,-1.0,0.8418260482408528,0.49967132012446014,0.49679609648419154,0.49481659662944877,205367,20536.7,0.5416820615786815
XRPUSDT,rv_ratio_60_1440,15,524144,0.003558328067293147,0.004213689752258292,0.868005915851845,364,0.5384615384615384,0.8212124874307584,0.7551471633573856,0.41152524483527897,0.7551471633573856,0.45016068718862134,-0.0004252511790642068,0.009448973179267569,-1.0,0.8418184957252169,0.4990179199301632,0.4962808833222213,0.4952884405538447,206195,13746.333333333334,0.5910663770001381
XRPUSDT,range_atr_14,5,525581,0.0015923206326562552,0.002347508175668896,1.5122243150332404,365,0.7692307692307693,1.045986916133614,1.0327226226675155,0.2955670731957686,1.0327226226675155,0.30173372350281324,0.0009165908013424713,0.002689244533599587,1.0,0.8790649813503999,0.5004330367687584,0.5014547605826096,0.49595012203763483,203216,40643.2,0.43303615379794125
XRPUSDT,range_atr_14,10,525576,0.0007471302016314287,0.001528129823160443,0.943540119268045,365,0.6923076923076923,0.4637689206673097,0.46036277746090554,0.6428133125296827,0.46036277746090554,0.6452558476151667,0.0016331932613083482,-0.0004801857162262998,1.0,0.8790678807518741,0.4987120618210326,0.4987892650217219,0.49481659662944877,205367,20536.7,0.6442499511708336
XRPUSDT,range_atr_14,15,525571,0.0017893666555053257,0.0022458985062740254,1.4269950333820798,365,0.6923076923076923,1.0929865804225243,1.0900274463443114,0.2743996918108236,1.0900274463443114,0.2757010540881639,0.00169326253230146,0.0022030309221092496,1.0,0.8790819302197156,0.5000703217827784,0.5000343477440724,0.4952884405538447,206195,13746.333333333334,0.4965973757136454
XRPUSDT,jump_ratio_240,5,525353,-7.396274372965267e-05,-0.003446081742121226,-1.2310233504398018,365,0.6153846153846154,-0.02954518025849979,-0.02771972743130322,0.9764297860182206,-0.02771972743130322,0.977885689533595,0.0010202147814714901,-0.0022339758163421645,1.0,0.05713392324700155,0.49755924730336193,0.4986401808818804,0.49595012203763483,203216,40643.2,0.8394154053548742
XRPUSDT,jump_ratio_240,10,525348,0.0009085913776551326,-0.0031066906098071983,-0.7770301270214451,365,0.38461538461538464,0.2639706449611177,0.24440137649205784,0.7918025386214602,0.0,1.0,0.0028858288845388822,-0.0028388034755594447,1.0,0.057130879768091856,0.4981131340478266,0.4995293515427493,0.49481659662944877,205367,20536.7,0.709277256044254
XRPUSDT,jump_ratio_240,15,525343,0.0015206224386220292,-0.0029372276451460197,-0.5978735905692774,365,0.46153846153846156,0.3662287034030284,0.3377387108025785,0.7141944255560371,0.0,1.0,0.004345980915258727,-0.003696511005193899,1.0,0.0571294204807165,0.49897427192705934,0.5010546114580712,0.4952884405538447,206195,13746.333333333334,0.5976803122939065
XRPUSDT,ret15_x_rv_ratio,5,524154,-0.03371367809692613,-0.042217760862803204,-14.47430430305981,364,1.0,-13.177984024316634,-12.358573418910378,1.1748852387641702e-39,-12.358573418910378,4.378582072748968e-35,-0.03877976647795771,-0.025876033541017075,-1.0,-0.018918373909491627,0.5134635068104874,0.5187977331157936,0.49595012203763483,203216,40643.2,2.8674706173087354e-08
XRPUSDT,ret15_x_rv_ratio,10,524149,-0.03647711302089854,-0.047948748085425395,-12.105064495769733,364,1.0,-10.937523664465106,-10.199185361669874,7.625429264724313e-28,-10.199185361669874,1.9994248333038227e-24,-0.04649493441258693,-0.020360184893638417,-1.0,-0.018913581829756547,0.5104520200421684,0.5146181236108565,0.49481659662944877,205367,20536.7,0.0013779246083937197
XRPUSDT,ret15_x_rv_ratio,15,524144,-0.03797312212994986,-0.05190443273583414,-11.634814769625153,364,1.0,-9.938147310147272,-9.37943105946877,2.840609548236517e-23,-9.37943105946877,6.6329669563851136e-21,-0.04993538489989568,-0.01863838666393232,-1.0,-0.018929489237061878,0.5115060985959893,0.5160569332721583,0.4952884405538447,206195,13746.333333333334,0.0036067782573037522
XRPUSDT,obv_z_240,5,525354,-0.022522188666188662,-0.048957549513838045,-17.217641541054338,365,1.0,-8.669556032540044,-8.156508970857043,4.3380852469443996e-18,-8.156508970857043,3.448469063050182e-16,-0.02073428381793675,-0.025532765601865,-1.0,-0.22725376431292635,0.5126761672309267,0.5182471578834639,0.49595012203763483,203216,40643.2,1.6162394052127153e-07
XRPUSDT,obv_z_240,10,525349,-0.02804679932159703,-0.06336160088434555,-15.718807518778425,365,1.0,-7.891014475149017,-7.300665764115117,2.9973988142083126e-15,-7.300665764115117,2.8634726760429914e-13,-0.026984017440423082,-0.029718349200954067,-1.0,-0.22727563763028646,0.516343911144439,0.5216657221082748,0.49481659662944877,205367,20536.7,1.4152203894838741e-06
XRPUSDT,obv_z_240,15,525344,-0.03060178125023856,-0.07237863848179182,-14.725527304485412,365,1.0,-7.1375899335644215,-6.5567589429859705,9.49814785934229e-13,-6.5567589429859705,5.498979463239516e-11,-0.030472258176331896,-0.03064738977044603,-1.0,-0.22728695541082583,0.5164092242779893,0.5228416618271182,0.4952884405538447,206195,13746.333333333334,5.978103102566962e-05
XRPUSDT,obv_slope_15,5,525579,-0.02868694991378273,-0.03671671852058484,-13.129255652865732,365,1.0,-11.817137246628345,-11.117882661207402,3.1834876589649533e-32,-11.117882661207402,1.0267990714436771e-28,-0.02779146279749495,-0.03013176143626832,-1.0,-0.01241369799635251,0.5139555940477127,0.5203512392960159,0.49595012203763483,203216,40643.2,9.25805710318711e-09
XRPUSDT,obv_slope_15,10,525574,-0.0338724865000112,-0.04483858419609074,-12.216797684211777,365,1.0,-10.663409764744268,-9.96739581039588,1.5095928061311221e-26,-9.96739581039588,2.1170695177602267e-23,-0.03475912229327077,-0.03220897671005498,-1.0,-0.012408010221451323,0.5129694644222295,0.5200253991892543,0.49481659662944877,205367,20536.7,0.00010544369378392906
XRPUSDT,obv_slope_15,15,525569,-0.03541032924300698,-0.048480112161138456,-11.778667936998712,365,1.0,-9.703346484216096,-9.163816382102103,2.917685985839308e-22,-9.163816382102103,5.009366682809154e-20,-0.03808923055984789,-0.0308630894548576,-1.0,-0.012403574081072231,0.5137903440917578,0.5220551982888548,0.4952884405538447,206195,13746.333333333334,0.0006129632515418039
XRPUSDT,obv_slope_60,5,525534,-0.02495690170830391,-0.04098978424036919,-14.608208522081181,365,1.0,-9.843344928518425,-9.259104541141976,7.323463241193405e-23,-9.259104541141976,2.0615381366758776e-20,-0.02408015835220174,-0.0262716006890115,-1.0,-0.013226830563554488,0.5119331155027164,0.5177667190792267,0.49595012203763483,203216,40643.2,7.863130250355265e-07
XRPUSDT,obv_slope_60,10,525529,-0.02979671642057588,-0.05112795419016422,-13.165654792059753,365,0.9230769230769231,-8.64824823513519,-8.027718179448216,5.229597655662663e-18,-8.027718179448216,9.93022674705095e-16,-0.029116144444887172,-0.0303781237139744,-1.0,-0.013228704381353937,0.5128477311349925,0.5198023352844692,0.49481659662944877,205367,20536.7,0.0001176792640065084
XRPUSDT,obv_slope_60,15,525524,-0.032459951367879616,-0.05776620555338652,-12.354204816704755,365,0.9230769230769231,-7.864947527090319,-7.2606394478980905,3.692521955038357e-15,-7.2606394478980905,3.852646312917039e-13,-0.03210260477261097,-0.03236411209207002,-1.0,-0.013231756868400838,0.5143286694633721,0.5219726627636015,0.4952884405538447,206195,13746.333333333334,0.00040084457204983277
XRPUSDT,vwap_dev_session,5,525534,-0.02028184211959809,-0.08113540689624545,-30.173358873254426,365,1.0,-7.77718070728373,-7.303419960714211,7.415863966776998e-15,-7.303419960714211,2.805437912930918e-13,-0.018927374285015987,-0.022759928012747805,-1.0,-0.5599828401437192,0.5135176364065822,0.5173465914579514,0.49595012203763483,203216,40643.2,2.5653673115916814e-08
XRPUSDT,vwap_dev_session,10,525529,-0.02472968904889382,-0.10797324209129375,-29.03710544996902,365,1.0,-6.891824350026307,-6.360813773649197,5.5081361404455645e-12,-6.360813773649197,2.006876412935663e-10,-0.02346943773034995,-0.02702991817522171,-1.0,-0.5600472160814354,0.5165922470504024,0.5218666171671046,0.49481659662944877,205367,20536.7,1.0043060665247577e-06
XRPUSDT,vwap_dev_session,15,525524,-0.027767916255005694,-0.12699831486953284,-28.717870210257644,365,1.0,-6.382910471577861,-5.852030174784956,1.7375349903820942e-10,-5.852030174784956,4.85608494570145e-09,-0.025927552146259053,-0.031057916371105283,-1.0,-0.5601775494516651,0.5175634714711802,0.5249046958046453,0.4952884405538447,206195,13746.333333333334,2.0393788979289178e-05
XRPUSDT,vwap_dev_60,5,525534,-0.033622456875540586,-0.046587040173789625,-15.373283197442833,365,1.0,-13.127041261543383,-12.276348356009397,2.3048728345040735e-39,-12.276348356009397,1.2135308010320328e-34,-0.03787319543910475,-0.026935567840072297,-1.0,-0.08145137434772931,0.514231162900559,0.5197925866739759,0.49595012203763483,203216,40643.2,4.890861764309727e-09
XRPUSDT,vwap_dev_60,10,525529,-0.0355834701609003,-0.052394688621348134,-12.912675176854655,365,1.0,-10.329216329446691,-9.54559182097319,5.198353524885342e-25,-9.54559182097319,1.3533266794332816e-21,-0.04297113430577194,-0.023404367163250114,-1.0,-0.08140929626247431,0.5121855020524232,0.5174193036203556,0.49481659662944877,205367,20536.7,0.0002485926498846525
XRPUSDT,vwap_dev_60,15,525524,-0.03543431120394145,-0.05495186482436434,-11.641244855161458,365,1.0,-8.667671533639895,-8.014199267393053,4.410468921363582e-18,-8.014199267393053,1.1085685306729077e-15,-0.043353728507186474,-0.02226701249873712,-1.0,-0.08145137434772931,0.5124857537767648,0.5181666389157429,0.4952884405538447,206195,13746.333333333334,0.0017185573872187058
XRPUSDT,vwap_dev_240,5,525355,-0.031360324815409256,-0.061855875305203055,-20.10686539848815,365,1.0,-11.982360237379343,-11.209799187335582,4.39626402921952e-33,-11.209799187335582,3.6502057738652755e-29,-0.029622604879656574,-0.03440128061556319,-1.0,-0.29830114286659654,0.51831548696953,0.5246520676151515,0.49595012203763483,203216,40643.2,7.812752143110918e-14
XRPUSDT,vwap_dev_240,10,525350,-0.03589405427672979,-0.07622569925168382,-18.127381476687656,365,1.0,-10.007385727367106,-9.21608652424473,1.4144070373210837e-23,-9.21608652424473,3.0814153244670753e-20,-0.034618389196582576,-0.03792302265052869,-1.0,-0.2982724380940158,0.5201955523526175,0.5272666532805047,0.49481659662944877,205367,20536.7,3.6111400367026217e-09
XRPUSDT,vwap_dev_240,15,525345,-0.037910845069714705,-0.0852772219263874,-17.029074674903608,365,1.0,-8.753209174929957,-8.002574167048092,2.073698193285291e-18,-8.002574167048092,1.2184473589839728e-15,-0.036374817254016804,-0.040138573533620714,-1.0,-0.29832822611671467,0.5215451393098766,0.5291479574310973,0.4952884405538447,206195,13746.333333333334,2.3089455908801794e-07
XRPUSDT,mfi_14,5,525581,-0.028693202842978636,-0.03644359339299015,-13.110837246169135,365,1.0,-11.743553482773573,-11.04958278927289,7.62154337619369e-32,-11.04958278927289,2.2023600055702823e-28,-0.03084977371797685,-0.02555512279195409,-1.0,-0.010716271105332131,0.5124448862294307,0.519440365424958,0.49595012203763483,203216,40643.2,2.719506837137025e-07
XRPUSDT,mfi_14,10,525576,-0.03407033241774849,-0.04483049906673289,-12.057165506127781,365,1.0,-10.659384522960925,-9.970280707041304,1.5763717336971796e-26,-9.970280707041304,2.0564679440659325e-23,-0.03923635694082263,-0.02579230872254392,-1.0,-0.010709118113682192,0.5116839609090068,0.5176445033968562,0.49481659662944877,205367,20536.7,0.0004148594052736803
XRPUSDT,mfi_14,15,525571,-0.03623826532323871,-0.049187761706376794,-11.766397406417134,365,1.0,-9.891857989232134,-9.348674473728373,4.515678889595423e-23,-9.348674473728373,8.87529940732346e-21,-0.04340321451234412,-0.02470051234063306,-1.0,-0.010705481314319809,0.5121171706394433,0.5188997419008556,0.4952884405538447,206195,13746.333333333334,0.0022530730035801114
XRPUSDT,cmf_20,5,525575,-0.024681784280528144,-0.030501492868200877,-10.558396482271762,365,1.0,-10.190567007829443,-9.567197991560775,2.1848614827887537e-24,-9.567197991560775,1.0984221694649547e-21,-0.025962758308214224,-0.02268155175855818,-1.0,-0.01324144306036326,0.5093594992520274,0.5135889871880459,0.49595012203763483,203216,40643.2,8.164896181931088e-05
XRPUSDT,cmf_20,10,525570,-0.026468465974440504,-0.03388525890462091,-8.900880535890122,365,1.0,-8.247862171288661,-7.663890623784975,1.6125319627309245e-16,-7.663890623784975,1.8038352842037837e-14,-0.029245476045183297,-0.021980478358522695,-1.0,-0.013239204944756833,0.5090739992306457,0.5127356342136309,0.49481659662944877,205367,20536.7,0.004813256156083682
XRPUSDT,cmf_20,15,525565,-0.025411257110677238,-0.03420335689889158,-7.847954264839705,365,1.0,-6.807517293034017,-6.357810242354292,9.92973781935468e-12,-6.357810242354292,2.0465005513937396e-10,-0.028804644331475227,-0.019800073460600646,-1.0,-0.013235781261559911,0.5098183758093068,0.5130099142344735,0.4952884405538447,206195,13746.333333333334,0.010882826087152455
XRPUSDT,force_index_13,5,525534,-0.03795377040056281,-0.045894260794262204,-15.56643217667053,365,1.0,-15.72817682440212,-14.829165373307589,9.696301883419604e-56,-14.829165373307589,9.490561003982705e-50,-0.03668677477859793,-0.0400868751466992,-1.0,-0.015862155609971805,0.5189699629950397,0.526662715771421,0.49595012203763483,203216,40643.2,1.0882510468249727e-14
XRPUSDT,force_index_13,10,525529,-0.04342291771659917,-0.0550607531958285,-14.269830082639979,365,1.0,-13.92674006053084,-13.054914104355259,4.3579711298666725e-44,-13.054914104355259,5.957719104028712e-39,-0.044230258852219095,-0.04190761287849337,-1.0,-0.01585455452127102,0.5175466360223405,0.5259976562785056,0.49481659662944877,205367,20536.7,2.6132905820879933e-07
XRPUSDT,force_index_13,15,525524,-0.04530542011627579,-0.059969631885370724,-13.87953392185726,365,1.0,-12.67884751863373,-11.937779110056194,7.746243490880056e-37,-11.937779110056194,7.520447185976767e-33,-0.04963815707021242,-0.038043718686997026,-1.0,-0.015853601634525115,0.5174082785712554,0.5258597803054448,0.4952884405538447,206195,13746.333333333334,2.362335682633931e-05
XRPUSDT,rel_volume_60,5,525535,-0.00016462317461719703,0.0006831682678518507,0.3436785077669537,365,0.46153846153846156,-0.09106635328659145,-0.08782337654697676,0.9274398677080806,0.0,1.0,0.0015994114349773937,-0.0025075195479333976,1.0,0.6766959562953634,0.49791847098653647,0.49809181957714765,0.49595012203763483,203216,40643.2,0.8004553735917148
XRPUSDT,rel_volume_60,10,525530,0.0015428459163939355,0.0024253607828929077,1.0570368828969676,365,0.6923076923076923,0.7173693247811562,0.69006650450331,0.47314624195893284,0.69006650450331,0.49015236606585566,0.004745740461880768,-0.002709331026591456,1.0,0.6766957989377116,0.4981033953848476,0.4977538447234117,0.49481659662944877,205367,20536.7,0.709277256044254
XRPUSDT,rel_volume_60,15,525525,0.003018457162704528,0.003848501317246851,1.488649779445046,365,0.6923076923076923,1.2700510959259028,1.216524444171171,0.20406642997904523,1.216524444171171,0.22378520513567124,0.0060935257341368,-0.0008396898016480202,1.0,0.6766936486994719,0.4986832852397003,0.49850781745040995,0.4952884405538447,206195,13746.333333333334,0.6238398119717917
XRPUSDT,rel_volume_1440,5,524155,-0.0007450756990216379,0.000431441602999493,0.19715678907137232,364,0.3076923076923077,-0.35994276742652953,-0.3431462725725311,0.7188899337373009,0.0,1.0,-0.00033983184595432554,-0.0013563555084391587,-1.0,0.564521309405126,0.5017567514368947,0.5010266544236776,0.49595012203763483,203216,40643.2,0.24060413704804234
XRPUSDT,rel_volume_1440,10,524150,0.001597745209203037,0.0026167546762315592,0.9357644527059834,364,0.6923076923076923,0.6072227630583318,0.5744237196224847,0.5437030877202929,0.5744237196224847,0.5656811056866071,0.002287395044547918,0.0004602422735510529,1.0,0.5645113411634486,0.4989019657491223,0.4990717785889947,0.49481659662944877,205367,20536.7,0.6285340369185832
XRPUSDT,rel_volume_1440,15,524145,0.00401611530811042,0.0052786105253892724,1.5776001670720499,364,0.6153846153846154,1.3168763394022818,1.2348922381371545,0.1878800786415532,1.2348922381371545,0.2168706125684604,0.003834187982174018,0.004313189906275257,1.0,0.56449756753112,0.499687189311089,0.5003620090748405,0.4952884405538447,206195,13746.333333333334,0.5305939419437181
XRPUSDT,rel_volume_tod,5,522714,0.00018973310438486792,0.0011703343453925454,0.5205303529844713,363,0.7692307692307693,0.0897438679717328,0.08542598626370967,0.9284907549647196,0.08542598626370967,0.931922734619042,-0.00015532292863596495,0.0006304155232607908,-1.0,0.6246310742174941,0.5023177308873317,0.5005786276628216,0.49595012203763483,203216,40643.2,0.17553021248537634
XRPUSDT,rel_volume_tod,10,522709,0.002184242465343169,0.002846708458980954,1.0268959829929496,363,0.7692307692307693,0.8047767733519097,0.7565132753985935,0.42094850719738497,0.7565132753985935,0.4493415160586711,0.002309626369723832,0.0017609499897481473,1.0,0.6246245836216601,0.49882405644529065,0.5000211863715246,0.49481659662944877,205367,20536.7,0.6337980330596976
XRPUSDT,rel_volume_tod,15,522704,0.004240101682865464,0.004444109677740747,1.3812864946862158,363,0.7692307692307693,1.338187058232209,1.2467027171782308,0.18083546681791351,1.2467027171782308,0.21250652215945653,0.003416966627636097,0.005374930177048336,1.0,0.6246155545838927,0.49950774752055094,0.5010357136737076,0.4952884405538447,206195,13746.333333333334,0.5509010905547636
XRPUSDT,adl_z_240,5,525355,-0.021433794758628128,-0.03943051849355948,-13.793833080570232,365,1.0,-8.259638400301247,-7.758761451489338,1.4611442640185453e-16,-7.758761451489338,8.576279028698857e-15,-0.022488070776858913,-0.020161977539710784,-1.0,-0.3113569206685317,0.5087935989292182,0.5131996172307057,0.49595012203763483,203216,40643.2,0.0001987550669775908
XRPUSDT,adl_z_240,10,525350,-0.02615915580356713,-0.04935395154549022,-12.143882740098457,365,1.0,-7.370593457021356,-6.811800133691799,1.6987013150674498e-13,-6.811800133691799,9.638495673410721e-12,-0.029203030819465316,-0.021747020533857516,-1.0,-0.3113789973226868,0.5105396680089791,0.5151065467644476,0.49481659662944877,205367,20536.7,0.0013161940241694066
XRPUSDT,adl_z_240,15,525345,-0.02773346483551164,-0.054376001962749096,-10.840413777686948,365,1.0,-6.494527430336777,-5.967921805841681,8.329445321201404e-11,-5.967921805841681,2.4029446988710778e-09,-0.03259368138911313,-0.02025809581781028,-1.0,-0.31139505618416574,0.5100560149373167,0.5141298596833764,0.4952884405538447,206195,13746.333333333334,0.009497907336241174
XRPUSDT,vpt_z_240,5,525354,-0.023386852689315715,-0.04757599633715416,-16.37852692835169,365,1.0,-8.942935459461593,-8.411790189690082,3.789670824846675e-19,-8.411790189690082,4.037997162102399e-17,-0.02123293826148111,-0.026825990693612026,-1.0,-0.1558122303811595,0.5132617510432249,0.5191719248996954,0.49595012203763483,203216,40643.2,4.709934288674337e-08
XRPUSDT,vpt_z_240,10,525349,-0.029240487946269447,-0.06199166280705299,-15.089392268448112,365,1.0,-8.180292236248741,-7.578174289145164,2.8315631098548175e-16,-7.578174289145164,3.504514139766606e-14,-0.027585909908256743,-0.031659153581759324,-1.0,-0.1558543165145027,0.5163585191389074,0.523416648902736,0.49481659662944877,205367,20536.7,1.4152203894838741e-06
XRPUSDT,vpt_z_240,15,525344,-0.03184124161896305,-0.07103793648360525,-14.205940034800776,365,1.0,-7.396887027379131,-6.810439196081594,1.3941405923170288e-13,-6.810439196081594,9.730123187894669e-12,-0.03123743604587772,-0.03234379159841001,-1.0,-0.15587733704434142,0.5177768617085768,0.5241996526399647,0.4952884405538447,206195,13746.333333333334,1.6323972457602877e-05
XRPUSDT,eom_14,5,525522,-0.022119027765751188,-0.025289205879058443,-9.143266902952679,365,0.9230769230769231,-9.282505336262256,-8.717681361130847,1.6553949333312004e-20,-8.717681361130847,2.839567435301254e-18,-0.028136278777385317,-0.013363934732774849,-1.0,-0.003308229562401353,0.5085623179277222,0.5100034861356074,0.49595012203763483,203216,40643.2,0.0002881624597415643
XRPUSDT,eom_14,10,525517,-0.023049599445090812,-0.027371838895095896,-7.411088647954053,365,0.9230769230769231,-7.470776289856068,-6.982070056393196,7.972309054678506e-14,-6.982070056393196,2.90862012982411e-12,-0.03277346200035735,-0.008385522813398742,-1.0,-0.003309595905340004,0.5055826885526886,0.506367846890265,0.49481659662944877,205367,20536.7,0.05502004832487923
XRPUSDT,eom_14,15,525512,-0.023583467552270837,-0.0293765275382943,-7.149607835674892,365,0.8461538461538461,-6.728550904543121,-6.365788098928824,1.7136104963400514e-11,-6.365788098928824,1.9428951272814586e-10,-0.0355115518825107,-0.005420252202594938,-1.0,-0.0033130854554729357,0.5060937462111108,0.50669716924885,0.4952884405538447,206195,13746.333333333334,0.07716581013367947
XRPUSDT,taker_imb_1,5,525594,-0.003552213837413295,-0.002648052783856346,-1.7477789298384196,365,0.5384615384615384,-2.481152700228004,-2.4398579342859072,0.01309582582276971,-1.7477789298384196,0.08050231516807464,-0.0036657245578446233,-0.003689664689061484,-1.0,-0.04614575099392765,0.5013876860089757,0.5018935874671331,0.49595012203763483,203216,40643.2,0.28925865816367896
XRPUSDT,taker_imb_1,10,525589,-0.003150506031885663,-0.0019192996957822304,-1.110915863323442,365,0.6923076923076923,-1.990026089679702,-1.9315558321886848,0.04658806159318657,-1.110915863323442,0.2666045666240062,-0.0037525991498147324,-0.0024995030058971835,-1.0,-0.046147937090635804,0.5021449405211158,0.5022892131338306,0.49481659662944877,205367,20536.7,0.27189228482969513
XRPUSDT,taker_imb_1,15,525584,-0.0030683847165661996,-0.0018481779234566119,-1.0395839317881967,365,0.6153846153846154,-1.8088789682935293,-1.7482002032233865,0.070469808493187,-1.0395839317881967,0.2985332452832763,-0.004377110186185932,-0.0014219662537982166,-1.0,-0.04614575099392765,0.5016852978976212,0.5024672211803323,0.4952884405538447,206195,13746.333333333334,0.35055773398857415
XRPUSDT,taker_imb_5,5,525590,-0.008389548689689375,-0.00818462568004309,-3.1147371402979074,365,0.7692307692307693,-3.8910098394564163,-3.6974587676308484,9.982788421113411e-05,-3.1147371402979074,0.001841088983482736,-0.00786113874796811,-0.009447904799966716,-1.0,-0.0395984226070476,0.5064069758286749,0.5066897714671144,0.49595012203763483,203216,40643.2,0.004948877466939952
XRPUSDT,taker_imb_5,10,525585,-0.010044385620129858,-0.00970116724926977,-3.2069604715513567,365,0.7692307692307693,-3.8489621757726415,-3.6784891138214233,0.00011861931998719528,-3.2069604715513567,0.0013414542692117355,-0.009192595183897097,-0.011577527275176717,-1.0,-0.039598464476169104,0.5068438454084638,0.5077647910782844,0.49481659662944877,205367,20536.7,0.024945882117493913
XRPUSDT,taker_imb_5,15,525580,-0.012740561745596549,-0.012999438454330338,-4.1732213768400515,365,0.9230769230769231,-4.45415288709423,-4.280606512870497,8.422506959957814e-06,-4.1732213768400515,3.0032287302228398e-05,-0.01492503682252898,-0.009733316416936122,-1.0,-0.039595041752677806,0.5064623293484323,0.5087081639755304,0.4952884405538447,206195,13746.333333333334,0.06556096768714122
XRPUSDT,taker_imb_15,5,525580,-0.014490023629554576,-0.016473012699190756,-5.940092582566999,365,1.0,-6.130587313084706,-5.769437436080791,8.755524970627808e-10,-5.769437436080791,7.953659948397693e-09,-0.01641228340029685,-0.01171562381765713,-1.0,-0.0364107124667965,0.5055458231635305,0.5090311953528345,0.49595012203763483,203216,40643.2,0.012802558359025676
XRPUSDT,taker_imb_15,10,525575,-0.019182181426265456,-0.021365657195648396,-5.663136912007663,365,1.0,-6.111191578381461,-5.704452076419859,9.888996626664292e-10,-5.663136912007663,1.4863047500527467e-08,-0.022670491784546904,-0.01372649869464512,-1.0,-0.036409677449297795,0.5060890990275945,0.5094330119838362,0.49481659662944877,205367,20536.7,0.04114236373055891
XRPUSDT,taker_imb_15,15,525570,-0.020407547948046376,-0.0227009357902821,-5.207495308910849,365,0.9230769230769231,-5.572660101601982,-5.22509221566324,2.508787524350371e-08,-5.207495308910849,1.914066753662461e-07,-0.02457650162413085,-0.013744449102940901,-1.0,-0.03640531147219328,0.5059482528674313,0.5105612882458815,0.4952884405538447,206195,13746.333333333334,0.08222212121156783
XRPUSDT,taker_imb_60,5,525535,-0.011475648055111656,-0.017443474037925743,-6.189395262908363,365,1.0,-4.712940129702135,-4.423451316939061,2.441679530012647e-06,-4.423451316939061,9.71365280905532e-06,-0.01216340099315352,-0.010343411856044175,-1.0,-0.03494861579024844,0.5036955751515628,0.50678479827081,0.49595012203763483,203216,40643.2,0.06836346304364428
XRPUSDT,taker_imb_60,10,525530,-0.014199166587039586,-0.02112083560879338,-5.314857154725402,365,0.9230769230769231,-4.25202322528014,-3.9359407148268337,2.1184788369795172e-05,-3.9359407148268337,8.28714308807442e-05,-0.016031718869310475,-0.010934432580350423,-1.0,-0.03494366315747632,0.5036106092994492,0.5061659077507927,0.49481659662944877,205367,20536.7,0.1524947124624501
XRPUSDT,taker_imb_60,15,525525,-0.015446970573524304,-0.023039611859415988,-4.830240463952624,365,0.9230769230769231,-3.8401046457344465,-3.5465434061015713,0.0001229818769714153,-3.5465434061015713,0.0003903204362184452,-0.018416699286525902,-0.010192851120680697,-1.0,-0.034941595357998234,0.5027280001939911,0.5061913010922161,0.4952884405538447,206195,13746.333333333334,0.2667624158574851
XRPUSDT,taker_imb_z_15,5,524141,-0.015013475378331018,-0.01617930373671639,-5.835552876308732,364,0.8461538461538461,-6.1680059411818675,-5.806508403045076,6.915654655345485e-10,-5.806508403045076,6.378907262912663e-09,-0.01684449807875633,-0.01244420917280632,-1.0,-0.00526990666712037,0.507587985198016,0.5096062722363269,0.49595012203763483,203216,40643.2,0.001123086220204724
XRPUSDT,taker_imb_z_15,10,524136,-0.01992802164415121,-0.02099751947235544,-5.568135632548584,364,1.0,-6.162380110428066,-5.747988358080695,7.165958231834991e-10,-5.568135632548584,2.5747937483059528e-08,-0.023246110837790945,-0.014756267521656515,-1.0,-0.005264311136267982,0.507769018391465,0.510613039561588,0.49481659662944877,205367,20536.7,0.013004590443811751
XRPUSDT,taker_imb_z_15,15,524131,-0.021075165477689187,-0.02222849069227404,-5.106173882295946,364,0.9230769230769231,-5.582328909715603,-5.228308425744497,2.3731902556216638e-08,-5.106173882295946,3.2874720249062604e-07,-0.02485393717797291,-0.015106676072372833,-1.0,-0.005220139572366676,0.5076699241009723,0.5115864663143626,0.4952884405538447,206195,13746.333333333334,0.03732239421105885
XRPUSDT,cvd_z_60,5,525535,-0.014679827445421343,-0.01832812374075189,-6.350109955982634,365,1.0,-5.790103186383859,-5.450844267675929,7.034319612805665e-09,-5.450844267675929,5.013125579470152e-08,-0.01650478720074164,-0.011877698833180144,-1.0,-0.5857573369366095,0.5045665695614518,0.5078687906149688,0.49595012203763483,203216,40643.2,0.033229408417971715
XRPUSDT,cvd_z_60,10,525530,-0.01819024557118695,-0.022420044974528753,-5.633627358527089,365,1.0,-5.313626512432983,-4.936886141446693,1.0746476557132046e-07,-4.936886141446693,7.937978243432983e-07,-0.021196349170966564,-0.013209058907583709,-1.0,-0.5857379261433825,0.5049886301109721,0.5082390146402853,0.49481659662944877,205367,20536.7,0.07830346259285209
XRPUSDT,cvd_z_60,15,525525,-0.019379310324529754,-0.024725675471514632,-5.192703370817462,365,0.9230769230769231,-4.755895652766809,-4.402835082241529,1.9756850582830087e-06,-4.402835082241529,1.068453854325201e-05,-0.023323057243414234,-0.012848002833720437,-1.0,-0.5857192803098785,0.5057591115206479,0.5092239141900146,0.4952884405538447,206195,13746.333333333334,0.0902687788446384
XRPUSDT,cvd_z_240,5,525355,-0.010180742325008563,-0.018559661513487383,-6.5767953640091426,365,1.0,-3.9441955749589503,-3.703598422526654,8.006829484120151e-05,-3.703598422526654,0.00021256265689443204,-0.011555150116299172,-0.008187627640033815,-1.0,-0.7823340345469016,0.5034052436815999,0.5061029358872504,0.49595012203763483,203216,40643.2,0.08549296977933657
XRPUSDT,cvd_z_240,10,525350,-0.012932445171791403,-0.022905800590104525,-5.746217733128616,365,1.0,-3.653585686150509,-3.3917377337762873,0.00025860343346105654,-3.3917377337762873,0.0006945088368518092,-0.01613026314283491,-0.007781336040454827,-1.0,-0.7823576550616969,0.5010055169525776,0.505008311284086,0.49481659662944877,205367,20536.7,0.38739913788228636
XRPUSDT,cvd_z_240,15,525345,-0.014548465000299467,-0.026080543682315844,-5.31354992927203,365,1.0,-3.411551247241986,-3.157264433033676,0.0006459435790042356,-3.157264433033676,0.0015925685420490761,-0.019088970319035375,-0.007170693148802822,-1.0,-0.7823683764772656,0.5007104924949684,0.5054839331580896,0.4952884405538447,206195,13746.333333333334,0.4356312077757703
XRPUSDT,trades_rel_60,5,525535,0.004139340017594023,0.00465179378482835,2.2629201719816945,365,0.9230769230769231,2.123650778349606,2.037194284498414,0.03369935612147628,2.037194284498414,0.04163057638583821,0.005285705852088129,0.002745659082833873,1.0,0.8484694525593802,0.5007233682387213,0.501582962348623,0.49595012203763483,203216,40643.2,0.38678960578064786
XRPUSDT,trades_rel_60,10,525530,0.005667258594594276,0.006376666203946033,2.5196757504218916,365,0.9230769230769231,2.3907319730712824,2.2862922434885617,0.016814823106014787,2.2862922434885617,0.022237167355326624,0.007094769993951169,0.0040370840396605386,1.0,0.8484714042788699,0.5011467275657725,0.5013067486151948,0.49481659662944877,205367,20536.7,0.3714659630814167
XRPUSDT,trades_rel_60,15,525525,0.006710097812576925,0.007474720735085809,2.6072703659551815,365,0.9230769230769231,2.5380745762728947,2.421151140862756,0.011146422928876083,2.421151140862756,0.015471443145980866,0.007898566014496674,0.005670979693644073,1.0,0.8484694525593802,0.5013700623196489,0.5015392883927808,0.4952884405538447,206195,13746.333333333334,0.3761601880282083
XRPUSDT,avg_trade_size_rel_60,5,525535,-0.003551326084444285,-0.003022269693372028,-1.6624417048243763,365,0.6153846153846154,-2.1413493233373475,-2.0777550353219416,0.03224587835247379,-1.6624417048243763,0.0964242427166196,-0.0013416448478738613,-0.006764052465499489,-1.0,0.8106296209417536,0.5028393433587907,0.5044612059200706,0.49595012203763483,203216,40643.2,0.12696252339047162
XRPUSDT,avg_trade_size_rel_60,10,525530,-0.002773646069076409,-0.0024415700478986084,-1.1875999376492987,365,0.38461538461538464,-1.4541803435361669,-1.4016541544830012,0.14589631318832882,-1.1875999376492987,0.23499106242304657,0.0008240013252657104,-0.00797565879379117,1.0,0.8106276052403409,0.49626765741331375,0.4950396088635854,0.49481659662944877,205367,20536.7,0.8602889390869332
XRPUSDT,avg_trade_size_rel_60,15,525525,-0.002097479656517037,-0.0017744911164706508,-0.7489062434796597,365,0.38461538461538464,-1.010597953782717,-0.9680575786229788,0.3122088955797817,-0.7489062434796597,0.4539137169448678,0.002013987013282144,-0.007959226561793025,1.0,0.8106234978362781,0.4961468512815539,0.4954939196499127,0.4952884405538447,206195,13746.333333333334,0.8192816506132525
XRPUSDT,tick_imb_15,5,525579,-0.02764791302985449,-0.0356443654572886,-12.842561342244348,365,1.0,-11.454069501572354,-10.779192717611645,2.2435964651007846e-30,-10.779192717611645,4.316573468157005e-27,-0.026132559708297386,-0.030116774673775402,-1.0,-0.011985941114775,0.5141917959215809,0.5201384244341776,0.49595012203763483,203216,40643.2,5.497286235284173e-09
XRPUSDT,tick_imb_15,10,525574,-0.032789188000110374,-0.043626501779213955,-11.862038807185915,365,1.0,-10.375103673860378,-9.696033901516927,3.2186283228253517e-25,-9.696033901516927,3.134467431989913e-22,-0.03310278303619995,-0.03215898612205493,-1.0,-0.01197713638441024,0.5134466589081985,0.5196577598752156,0.49481659662944877,205367,20536.7,6.022917543712796e-05
XRPUSDT,tick_imb_15,15,525569,-0.03426253488983739,-0.04733073364780724,-11.376709254161927,365,1.0,-9.426698247686375,-8.899795123546987,4.232008696363802e-21,-8.899795123546987,5.594986741144281e-19,-0.036415718413504806,-0.030737958050680168,-1.0,-0.011971628486521918,0.5142801716821456,0.5216475427968749,0.4952884405538447,206195,13746.333333333334,0.0004262684941270854
XRPUSDT,tick_imb_60,5,525534,-0.024293364938035217,-0.040055181311033736,-14.36766861658791,365,1.0,-9.628160485210818,-9.058966175255355,6.0808260336166845e-22,-9.058966175255355,1.3169276643203464e-19,-0.022934967172435303,-0.02635337046492213,-1.0,-0.01367364501135871,0.5119331155027164,0.5176036409912967,0.49595012203763483,203216,40643.2,7.863130250355265e-07
XRPUSDT,tick_imb_60,10,525529,-0.02911709919963341,-0.050250290135735676,-12.995484367478126,365,0.9230769230769231,-8.490154552518588,-7.881119443318335,2.063624770407625e-17,-7.881119443318335,3.2446096146765703e-15,-0.027809655467295448,-0.030710455106970517,-1.0,-0.013676443761601946,0.5131009363724455,0.5197006784900884,0.49481659662944877,205367,20536.7,8.930996416442219e-05
XRPUSDT,tick_imb_60,15,525524,-0.031823942629333524,-0.05707095695071269,-12.21181547273206,365,0.9230769230769231,-7.746983284902982,-7.152916414143675,9.41013377118163e-15,-7.152916414143675,8.495333842054957e-13,-0.030712011226803258,-0.032970856512113435,-1.0,-0.013683079020686589,0.5143141201290041,0.5218356544503093,0.4952884405538447,206195,13746.333333333334,0.00040084457204983277
XRPUSDT,ret15_x_taker_abs15,5,525534,-0.03202572633021276,-0.03825062208545551,-14.26438422112976,365,1.0,-13.57348779841073,-12.781444324189556,5.75185618912553e-42,-12.781444324189556,2.0816749571808173e-37,-0.03678167983997882,-0.0246947960237314,-1.0,-0.0005759709637852335,0.5134241398315094,0.518262721342589,0.49595012203763483,203216,40643.2,3.20392378385385e-08
XRPUSDT,ret15_x_taker_abs15,10,525529,-0.0361850420662537,-0.04447097209065395,-12.449538157820395,365,1.0,-11.850237267976961,-11.103898293850724,2.1458237958820841e-32,-11.103898293850724,1.200891319607749e-28,-0.044748115627809865,-0.022361131901778977,-1.0,-0.0005756388870326006,0.5105883613238739,0.5156418531938005,0.49481659662944877,205367,20536.7,0.001257001200513624
XRPUSDT,ret15_x_taker_abs15,15,525524,-0.038048999269966036,-0.04843398414795787,-12.026377465365949,365,1.0,-10.925882351035728,-10.339210962340733,8.66936712796694e-28,-10.339210962340733,4.683779885264673e-25,-0.047674350667628276,-0.0222977570026943,-1.0,-0.0005774291822036766,0.5114721501491307,0.5175055711343115,0.4952884405538447,206195,13746.333333333334,0.0036067782573037522
XRPUSDT,clv,5,525594,-0.005430633447272561,-0.007424328994477339,-4.882016930377501,365,0.6923076923076923,-4.180572117423103,-4.196601477171031,2.9077657062457936e-05,-4.180572117423103,2.9077657062457936e-05,-0.00212867085857529,-0.010594131930148392,-1.0,0.0,0.5070122431304621,0.5087175023334739,0.49595012203763483,203216,40643.2,0.002420067651738791
XRPUSDT,clv,10,525589,-0.004867613379451092,-0.0072905284976397125,-4.960593729210975,365,0.8461538461538461,-3.7525741265879207,-3.7607638805577364,0.00017502805371741157,-3.7525741265879207,0.00017502805371741157,-0.0030319024504465927,-0.007912665573197595,-1.0,0.0,0.5058699791105679,0.5063389508261903,0.49481659662944877,205367,20536.7,0.04630832578649134
XRPUSDT,clv,15,525584,-0.0036993011244982636,-0.006535974711253246,-4.7922888744207786,365,0.9230769230769231,-2.8596377547999916,-2.860695202631428,0.004241251694205213,-2.8596377547999916,0.004241251694205213,-0.003456695433746134,-0.004391321863554215,-1.0,0.0,0.504507868765004,0.5043359414376779,0.4952884405538447,206195,13746.333333333334,0.14706587059533743
XRPUSDT,clv_15,5,525580,-0.015565289968443958,-0.01996625387329929,-6.96338169058139,365,0.9230769230769231,-6.439683491931455,-6.055201718615523,1.1972289821322652e-10,-6.055201718615523,1.402418130755528e-09,-0.020078992211532382,-0.00895552377159484,-1.0,-0.007088126756985043,0.5062298244232738,0.5081947859443463,0.49595012203763483,203216,40643.2,0.00603768089321535
XRPUSDT,clv_15,10,525575,-0.014557691626814067,-0.02025979276081208,-5.368717920058299,365,0.8461538461538461,-4.588508659217259,-4.272776312877384,4.464237929609094e-06,-4.272776312877384,1.9305409885758024e-05,-0.021820890559812907,-0.003542094462708636,-1.0,-0.007089947089937565,0.5022715431398423,0.5034056862921703,0.49481659662944877,205367,20536.7,0.2581791833738187
XRPUSDT,clv_15,15,525570,-0.014487790124391482,-0.02140107921547736,-4.989219513852294,365,0.8461538461538461,-3.9645138034891905,-3.724628948242748,7.354569126287013e-05,-3.724628948242748,0.0001956027108483028,-0.021181637160750385,-0.0044655445863326215,-1.0,-0.007092123886915798,0.5040131913964936,0.5062280061137416,0.4952884405538447,206195,13746.333333333334,0.17626591150658355
XRPUSDT,body_ratio,5,525594,-0.009891796268616923,-0.012486880067478447,-8.509907450399767,365,0.8461538461538461,-7.493434849378492,-7.525268824350708,6.709414504371496e-14,-7.493434849378492,6.709414504371496e-14,-0.007167727606595658,-0.014333692314130607,-1.0,0.0,0.5077356113691835,0.5105227092355518,0.49595012203763483,203216,40643.2,0.0009193563822002202
XRPUSDT,body_ratio,10,525589,-0.008879806789712738,-0.012106837930845358,-8.49201445628348,365,0.9230769230769231,-6.748065888158441,-6.768247043348651,1.4982891133812602e-11,-6.748065888158441,1.4982891133812602e-11,-0.007722947342770352,-0.010922754501902072,-1.0,0.0,0.5057774618122678,0.508368542530726,0.49481659662944877,205367,20536.7,0.049080019124624875
XRPUSDT,body_ratio,15,525584,-0.0075873021068373556,-0.01146758017934073,-8.584509940286198,365,0.9230769230769231,-5.786601890645233,-5.803677102391308,7.182452779413259e-09,-5.786601890645233,7.182452779413259e-09,-0.007544973171759961,-0.007959691009048968,-1.0,0.0,0.5050558936928635,0.5069386604615638,0.4952884405538447,206195,13746.333333333334,0.1213000518531007
XRPUSDT,upper_wick,5,525594,-0.005806287512955451,-0.005146447991963383,-3.503427129776289,365,0.6923076923076923,-4.204217410737308,-4.173924879373101,2.619870260363955e-05,-3.503427129776289,0.000459312307439331,-0.007917258856408612,-0.0024573293052680464,-1.0,0.14285714285714285,0.500329698448941,0.5007183882900406,0.49595012203763483,203216,40643.2,0.44869176341401185
XRPUSDT,upper_wick,10,525589,-0.0053561146079217315,-0.0047548428138671885,-3.2585689387845513,365,0.6153846153846154,-3.7268405084693743,-3.685043139624983,0.00019389506594843164,-3.2585689387845513,0.0011197566661463008,-0.007545597630472267,-0.001669073339276764,-1.0,0.14285714285714285,0.5008496983449142,0.5004744051556771,0.49481659662944877,205367,20536.7,0.4089374871715799
XRPUSDT,upper_wick,15,525584,-0.0050162464087017845,-0.0046341258155850485,-3.131893210150575,365,0.6923076923076923,-3.3867841233673888,-3.3328581724548423,0.0007071700914838987,-3.131893210150575,0.0017368303690900935,-0.007240636226220531,-0.001150549371833863,-1.0,0.14285714285714285,0.500923882732365,0.5012123475542433,0.4952884405538447,206195,13746.333333333334,0.41557358981738224
XRPUSDT,lower_wick,5,525594,0.004255674425419142,0.005492064435364222,3.8742641212324487,365,0.8461538461538461,3.084957379892799,3.060713386510378,0.0020358132366926,3.060713386510378,0.002208103548384139,0.0046146005186950435,0.003903712917511091,1.0,0.14285714285714285,0.5014664199669318,0.5013675571367667,0.49595012203763483,203216,40643.2,0.27916846855201377
XRPUSDT,lower_wick,10,525589,0.0032664539937827613,0.0050486170119242585,3.420215514756017,365,0.7692307692307693,2.272946365447901,2.2361842007531414,0.023029412254603598,2.2361842007531414,0.025339707699719858,0.003364222130959571,0.003357153515589427,1.0,0.14285714285714285,0.5017115700185522,0.5025154650533725,0.49481659662944877,205367,20536.7,0.3150831432369878
XRPUSDT,lower_wick,15,525584,0.0028667648114722804,0.004815460663435065,3.178232584194472,365,0.7692307692307693,1.9234180944055759,1.8896155144528957,0.05442756370384456,1.8896155144528957,0.058809400703404104,0.0012361840194261473,0.0058307863169849965,1.0,0.14285714285714285,0.5031935788937656,0.5038287949307091,0.4952884405538447,206195,13746.333333333334,0.2290302135990177
XRPUSDT,amihud_60,5,525534,0.002033659078155185,0.00302108419526422,1.0686069429318918,365,0.5384615384615384,0.7970306571952973,0.7501582659476608,0.4254332266762517,0.7501582659476608,0.45315939080895107,0.005141403042841554,-0.0057613487389181085,1.0,-19.191517493392205,0.4944295724746083,0.49586111202573074,0.49595012203763483,203216,40643.2,0.9878385713006398
XRPUSDT,amihud_60,10,525529,0.002108667987432244,0.0037733865161574936,0.9383540745718486,365,0.5384615384615384,0.6022893453753579,0.5598725776558874,0.5469815518232581,0.5598725776558874,0.5755663545064962,0.006242930596676764,-0.008957842647137148,1.0,-19.191526206830645,0.49134476327744964,0.4948266274153126,0.49481659662944877,205367,20536.7,0.9936354954086077
XRPUSDT,amihud_60,15,525524,0.002020062839150351,0.004262888234342702,0.8666792671399293,365,0.46153846153846156,0.4776932065171312,0.44053317402247366,0.6328685802602405,0.44053317402247366,0.6595509908081895,0.007877080016649758,-0.012980735960308177,1.0,-19.191536100191833,0.4898906375033342,0.49297398426594047,0.4952884405538447,206195,13746.333333333334,0.991337416990907
XRPUSDT,amihud_rel_60,5,524095,0.0009758231200554719,0.001607345123594689,0.577330027226246,364,0.5384615384615384,0.38142539888581817,0.3588830763290633,0.7028876173624917,0.3588830763290633,0.7196825605504601,0.003616184700616841,-0.003072538473850509,1.0,0.015375328409135136,0.5001230218093063,0.49874394148973195,0.49595012203763483,203216,40643.2,0.4841732290232463
XRPUSDT,amihud_rel_60,10,524090,-0.0006715916276809418,0.0012435548185126687,0.3132019676426023,364,0.46153846153846156,-0.1916951549342717,-0.17839724556859687,0.847981001408903,0.0,1.0,0.002917069679562673,-0.0061295553844950305,1.0,0.015360739424833625,0.49973462143382336,0.49811926137638324,0.49481659662944877,205367,20536.7,0.5305926260533439
XRPUSDT,amihud_rel_60,15,524085,-0.0012007818451083639,0.0005647290032898953,0.11572058581358555,364,0.5384615384615384,-0.28466865056404256,-0.2628017916961162,0.7758980105383747,0.0,1.0,0.0034910116407153744,-0.008469748785170051,1.0,0.015354608621091614,0.49949804796430564,0.4974473013432792,0.4952884405538447,206195,13746.333333333334,0.5509010905547636
XRPUSDT,roll_spread_60,5,525533,-0.0028831049440110963,0.0011953294145228854,0.41863861075372,365,0.5384615384615384,-1.0706052990228787,-1.0047809711773423,0.2843469398227726,0.0,1.0,-0.00430255740431152,-0.0009832359971382277,-1.0,0.00016925699911072374,0.5006643177702543,0.5009251762278932,0.49595012203763483,203216,40643.2,0.3982286836294172
XRPUSDT,roll_spread_60,10,525528,-0.0011116487526964132,0.0030340866622466356,0.7650727673813883,365,0.38461538461538464,-0.30483995054432117,-0.28333244932232166,0.7604880526097564,0.0,1.0,-0.003123547980606304,0.001620123271658432,-1.0,0.00016922962361153043,0.49936455224062287,0.4991621895701446,0.49481659662944877,205367,20536.7,0.5747224011657246
XRPUSDT,roll_spread_60,15,525523,0.0010852028371743812,0.005137922109889134,1.0855486798369194,365,0.6153846153846154,0.2501244540531848,0.23223524102326615,0.802491105302896,0.23223524102326615,0.8163553074975155,-0.0014173578135981005,0.004636929091779505,-1.0,0.00016922439524653262,0.4990276194864085,0.49835853574132616,0.4952884405538447,206195,13746.333333333334,0.5910663770001381
XRPUSDT,roll_spread_240,5,525353,-0.0030691358723759156,0.0017712889633691063,0.6386303030511872,365,0.46153846153846156,-1.1339741571025497,-1.065986668537785,0.2568053884207111,0.0,1.0,-0.003589821706435931,-0.002551213884095543,-1.0,0.00012327805337436205,0.501299110306275,0.5016750407844757,0.49595012203763483,203216,40643.2,0.3029727971950668
XRPUSDT,roll_spread_240,10,525348,-0.004398600822827113,0.0023146478588322353,0.5940687699499727,365,0.38461538461538464,-1.1862246499997786,-1.0999550891294394,0.23553359409805674,0.0,1.0,-0.0047830307554314645,-0.004232540551399362,-1.0,0.00012327075309022742,0.5016774846981258,0.5013369998736533,0.49481659662944877,205367,20536.7,0.3200580512778612
XRPUSDT,roll_spread_240,15,525343,-0.004506869465807978,0.003445528494355021,0.7240700280038281,365,0.38461538461538464,-1.0079620148056827,-0.9312448308196768,0.3134726981333995,0.0,1.0,-0.004496316436518102,-0.005353702346742133,-1.0,0.00012326084407574654,0.502131477484905,0.5023897280186607,0.4952884405538447,206195,13746.333333333334,0.3134247012870153
XRPUSDT,cs_spread_60,5,525534,-0.007206149735958549,-0.0024597927122884822,-0.8893547377296188,365,0.6153846153846154,-2.771696522596341,-2.604171138457578,0.005576499943169129,-0.8893547377296188,0.37381246223290343,-0.010520130255514161,-0.0012747533707337477,-1.0,0.00018109767859100909,0.49903058814266593,0.4993807226388024,0.49595012203763483,203216,40643.2,0.6542508445756139
XRPUSDT,cs_spread_60,10,525529,-0.008506619874302665,-0.0018509019747224792,-0.4840817279877227,365,0.6153846153846154,-2.3768002081870336,-2.199902715215682,0.017463544203180106,-0.4840817279877227,0.6283278682879663,-0.01331651076312326,0.00031362112289019583,-1.0,0.00018109981567191212,0.4973876036558941,0.49787216782400356,0.49481659662944877,205367,20536.7,0.7765580100642447
XRPUSDT,cs_spread_60,15,525524,-0.00725952622511967,0.0002093252488501532,0.044175847345820064,365,0.46153846153846156,-1.6743469942328804,-1.5400788582730578,0.09406242364089998,0.0,1.0,-0.013734351100227646,0.004543184916251083,-1.0,0.00018110468653470782,0.497756977618274,0.49752900610311956,0.4952884405538447,206195,13746.333333333334,0.7044841806167965
XRPUSDT,zero_ret_frac_60,5,525534,0.005478084664020088,0.0014224917233489527,0.5340217546853495,365,0.7692307692307693,2.193855591306761,2.0624689381106247,0.028245792829005866,0.5340217546853495,0.5933264829249896,0.007527927354870554,3.91303131131082e-06,1.0,0.03333333333333333,0.49731320368474924,0.4991432237750017,0.49595012203763483,203216,40643.2,0.8624217126142723
XRPUSDT,zero_ret_frac_60,10,525529,0.007474776890489006,0.0015017400328261603,0.3938771487427852,365,0.5384615384615384,2.1806933601206717,2.023593075161342,0.029206104491771124,0.3938771487427852,0.6936717421212668,0.01075755131432385,-0.0009846649360064207,1.0,0.03333333333333333,0.495722292286492,0.4980358527782808,0.49481659662944877,205367,20536.7,0.8916108389205065
XRPUSDT,zero_ret_frac_60,15,525524,0.007845850964323893,0.0013637365384537067,0.2917520518706051,365,0.5384615384615384,1.898222643367663,1.7538698840173863,0.05766675919199378,0.2917520518706051,0.7704762080098083,0.013195568606670533,-0.004950229926735941,1.0,0.03333333333333333,0.4945027764979752,0.49738719761325206,0.4952884405538447,206195,13746.333333333334,0.904050813470865
XRPUSDT,zscore_20,5,525575,-0.03323561737799225,-0.03983888321454049,-14.297415962416334,365,0.9230769230769231,-13.783017572354908,-12.960191018746553,3.2250463285879465e-43,-12.960191018746553,2.05734574479718e-38,-0.03510163057023629,-0.030510525389634398,-1.0,-0.0423273891234988,0.5151119990551926,0.5215306907097101,0.49595012203763483,203216,40643.2,5.586316449806351e-10
XRPUSDT,zscore_20,10,525570,-0.03417353567195272,-0.04374738492395701,-12.368862807375033,365,1.0,-11.054244862810364,-10.381166612631098,2.090889317928456e-28,-10.381166612631098,3.0206119926094877e-25,-0.0409421646145678,-0.02335586954989792,-1.0,-0.0422993953968321,0.5118349101851807,0.5166014219226661,0.49481659662944877,205367,20536.7,0.0003564619710557539
XRPUSDT,zscore_20,15,525565,-0.03615460430823958,-0.048329895111199166,-12.028205263303182,365,1.0,-10.336470852980026,-9.788055355234295,4.81960791645087e-25,-9.788055355234295,1.267093399682769e-22,-0.04588040558334621,-0.020484325305046045,-1.0,-0.0423273891234988,0.5121268701956886,0.5171923813239827,0.4952884405538447,206195,13746.333333333334,0.0022530730035801114
XRPUSDT,zscore_60,5,525535,-0.03407460663592654,-0.04631343899392341,-15.166651359247847,365,1.0,-13.36663979875126,-12.510530900934821,9.472424592118994e-41,-12.510530900934821,6.53857511647311e-36,-0.03736323388685968,-0.02893094090805298,-1.0,-0.048682486228752674,0.5144968900086607,0.5215659536250086,0.49595012203763483,203216,40643.2,2.55393066504589e-09
XRPUSDT,zscore_60,10,525530,-0.03627087672316527,-0.05286155510532991,-12.992115873979062,365,1.0,-10.628596211202932,-9.837932198310291,2.1938981515578135e-26,-9.837932198310291,7.728287374307547e-23,-0.04281856265095084,-0.025473391873101013,-1.0,-0.048694254988149166,0.5129499870962716,0.5192292699857617,0.49481659662944877,205367,20536.7,0.00010544369378392906
XRPUSDT,zscore_60,15,525525,-0.03754251384755374,-0.05744364893539216,-12.059380042009833,365,1.0,-9.300019556032808,-8.61462078452174,1.4041985528163998e-20,-8.61462078452174,7.017347014217334e-18,-0.04483191800709357,-0.02539964058077442,-1.0,-0.04872894914722721,0.5142753219040229,0.5208680368189744,0.4952884405538447,206195,13746.333333333334,0.0004262684941270854
XRPUSDT,zscore_240,5,525355,-0.03144047811387278,-0.059629990921402615,-19.277996207542742,365,1.0,-11.93945579549341,-11.191679017265818,7.370383640158236e-33,-11.191679017265818,4.4787132631897596e-29,-0.030964425543204624,-0.03247387692624809,-1.0,-0.0798181930582828,0.5181973860325959,0.5245541121074708,0.49595012203763483,203216,40643.2,1.1328459017553211e-13
XRPUSDT,zscore_240,10,525350,-0.03566395223294726,-0.07349399753695607,-17.356614670302804,365,1.0,-9.911874193350187,-9.144124699380317,3.69645992291065e-23,-9.144124699380317,6.011469456611255e-20,-0.03640813756577313,-0.034473588365528086,-1.0,-0.0798235402543839,0.5209892533854027,0.5267363239596247,0.49481659662944877,205367,20536.7,9.329646652372865e-10
XRPUSDT,zscore_240,15,525345,-0.037441434972414825,-0.08190141671180279,-16.37039961493562,365,1.0,-8.638210910302796,-7.913970710325996,5.710013277318771e-18,-7.913970710325996,2.49306976241251e-15,-0.038461995727420394,-0.03553023050162694,-1.0,-0.07985832317942841,0.5226314896093504,0.5278290363503195,0.4952884405538447,206195,13746.333333333334,5.8684781992785684e-08
XRPUSDT,acf1_60,5,525533,0.0002882570856495378,-0.0004034649570769186,-0.1420815468083123,365,0.6153846153846154,0.11351192708526237,0.10644306459202363,0.9096247077509974,0.0,1.0,0.00041486559360831245,0.0006936475302792017,1.0,-0.02376928163764957,0.5015746791591214,0.5009608417195122,0.49595012203763483,203216,40643.2,0.2659868955379628
XRPUSDT,acf1_60,10,525528,-0.0014366572565733722,-0.0019141888093443925,-0.48880882086449595,365,0.5384615384615384,-0.4157184382800622,-0.38613479025170033,0.6776160474503077,-0.38613479025170033,0.6993968452170044,-0.0011432270919731413,-0.001148720903627905,-1.0,-0.023764934595847005,0.5004747598202243,0.5005995200684303,0.49481659662944877,205367,20536.7,0.4472608524573692
XRPUSDT,acf1_60,15,525523,-0.002515439911245413,-0.0032277866691938486,-0.6902301555420436,365,0.5384615384615384,-0.6088602670187867,-0.5646433121488401,0.5426170625024915,-0.5646433121488401,0.5723163990995119,-0.002134558693561675,-0.0022349812257224165,-1.0,-0.02376072813296483,0.5007347413855816,0.5009363364132218,0.4952884405538447,206195,13746.333333333334,0.4356312077757703
XRPUSDT,acf1_240,5,525353,0.0013496782552906183,-0.0009713306983591525,-0.3469053326834989,365,0.46153846153846156,0.5257829510220856,0.4938227222373925,0.5990390214968115,0.0,1.0,0.0016605528170514083,0.0016478872532043223,1.0,-0.01072651351451873,0.5013827651366034,0.5020860146377748,0.49595012203763483,203216,40643.2,0.28925865816367896
XRPUSDT,acf1_240,10,525348,0.0018513414246869354,-0.0013662370865585118,-0.34854109178800285,365,0.38461538461538464,0.5251034310263888,0.48679421030129577,0.5995112911021019,0.0,1.0,0.002241087528282438,0.002371656138747223,1.0,-0.010725584136647006,0.5019599059245157,0.5010767248683723,0.49481659662944877,205367,20536.7,0.290722743955746
XRPUSDT,acf1_240,15,525343,0.00225299627558589,-0.0021222458967357126,-0.44162401224459963,365,0.38461538461538464,0.5288606021597964,0.48886950471257373,0.5969021541010638,0.0,1.0,0.0016523607355070308,0.004734697296336049,1.0,-0.010725168956325661,0.5032663255656054,0.5023073362625394,0.4952884405538447,206195,13746.333333333334,0.2238954654983966
XRPUSDT,vr_5_240,5,525350,-0.002452507011637347,-0.0020545279056521934,-0.7260744675774806,365,0.5384615384615384,-0.9620370815596411,-0.90506679747834,0.33603097737375953,-0.7260744675774806,0.46779312037777576,-0.001456519168757595,-0.0029636663418213124,-1.0,0.9480154707918169,0.502440752696638,0.49994396817620235,0.49595012203763483,203216,40643.2,0.1630160641322586
XRPUSDT,vr_5_240,10,525345,-0.0034985615663554953,-0.003241487276709085,-0.8081576445840493,365,0.5384615384615384,-1.0002481883297043,-0.9274607752241432,0.31719041414778126,-0.8081576445840493,0.41899983690516984,-0.0028320769510284016,-0.0030869340485901895,-1.0,0.9480205125045197,0.502816908266664,0.5009190238264725,0.49481659662944877,205367,20536.7,0.21113496925436448
XRPUSDT,vr_5_240,15,525340,-0.004284657551701958,-0.004845300335130609,-0.9859297573788963,365,0.5384615384615384,-1.0122656423966185,-0.9351891220626577,0.31141105772117283,-0.9351891220626577,0.349690843487373,-0.00440796235863701,-0.002238129641642527,-1.0,0.9480245847558175,0.5024903610659812,0.5006749212733734,0.4952884405538447,206195,13746.333333333334,0.2838443694137645
XRPUSDT,skew_60,5,525534,-0.02003865063306669,-0.01915972338688547,-6.576899470753624,365,1.0,-8.02373078248126,-7.54512768665642,1.025809899689189e-15,-6.576899470753624,4.8035930476583877e-11,-0.02176330490355459,-0.01719200501110094,-1.0,0.007851619442123951,0.5098023777655303,0.5122764361578829,0.49595012203763483,203216,40643.2,3.9319655086291853e-05
XRPUSDT,skew_60,10,525529,-0.025283159831525102,-0.026566273851388433,-6.724547719885092,365,1.0,-7.466470908097948,-6.938977859691736,8.237417465153797e-14,-6.724547719885092,1.7613868870250706e-11,-0.02806949037275321,-0.020368456001986935,-1.0,0.007854091362144763,0.511250590406443,0.5147133762996055,0.49481659662944877,205367,20536.7,0.000647552289984524
XRPUSDT,skew_60,15,525524,-0.02766360029434536,-0.03021656880781631,-6.342134044472616,365,1.0,-6.840464084434546,-6.344976816872528,7.893703663349695e-12,-6.342134044472616,2.2660401376158334e-10,-0.031995948538880783,-0.020024816617822568,-1.0,0.007871848774559174,0.5121317199738112,0.5151048061532124,0.4952884405538447,206195,13746.333333333334,0.0022530730035801114
XRPUSDT,kurt_60,5,525534,0.0003181508975929307,-0.0008805647910753864,-0.3329931107223845,365,0.46153846153846156,0.1253202279459279,0.11760995385618415,0.9002700388391602,0.0,1.0,0.000826716682416384,-0.0007419939732891831,1.0,0.96518788443792,0.49806117628533186,0.4990499014306264,0.49595012203763483,203216,40643.2,0.7833993420190432
XRPUSDT,kurt_60,10,525529,-0.000880419234978122,-0.0030814198297486506,-0.8241727647130401,365,0.5384615384615384,-0.25516515311328697,-0.2363266554599434,0.798595544174517,-0.2363266554599434,0.8131792045879809,-7.816379740549572e-05,-0.0022661977685426026,-1.0,0.9651298768712722,0.5016141833887625,0.500809705808786,0.49481659662944877,205367,20536.7,0.32506552588823096
XRPUSDT,kurt_60,15,525524,3.704765521246592e-05,-0.002880013813095225,-0.6333804996391575,365,0.46153846153846156,0.008987935707679865,0.008308129068757658,0.9928287614178305,0.0,1.0,0.0005100149521871904,-0.0008576038721319805,1.0,0.9650848125668328,0.5000363733359199,0.5012344980211286,0.4952884405538447,206195,13746.333333333334,0.5034026242863546
XRPUSDT,skew_240,5,525354,-0.012704131960020477,-0.014558623208031004,-5.087547497180187,365,0.9230769230769231,-5.031435374621704,-4.722113261135603,4.868212127802155e-07,-4.722113261135603,2.3340663232181742e-06,-0.012374150615108654,-0.01276750395451835,-1.0,0.05200754699640109,0.5095169671679395,0.5095872738015279,0.49595012203763483,203216,40643.2,6.421455652199321e-05
XRPUSDT,skew_240,10,525349,-0.016386020122750766,-0.022041410890833432,-5.563615182488793,365,0.8461538461538461,-4.727902809235573,-4.376059391437456,2.268507174902939e-06,-4.376059391437456,1.2084410015781126e-05,-0.016286714202809756,-0.01576959013306287,-1.0,0.05199957131440522,0.5115963129421962,0.5121241557581946,0.49481659662944877,205367,20536.7,0.00045859421875860145
XRPUSDT,skew_240,15,525344,-0.01811006437329585,-0.02691419607998482,-5.631763590327232,365,0.8461538461538461,-4.327529649979867,-3.986516896724875,1.5079105147555394e-05,-3.986516896724875,6.70503548625357e-05,-0.018943765574652254,-0.015960279056475877,-1.0,0.05199130969764028,0.5117631368364898,0.5128071614638323,0.4952884405538447,206195,13746.333333333334,0.0029340320227910542
XRPUSDT,kurt_240,5,525354,-0.003929137028818165,-0.005764324728337005,-1.9862881950251567,365,0.6153846153846154,-1.528781180879815,-1.4355424764262121,0.1263186992302844,-1.4355424764262121,0.15113257327277452,-0.0026843984947681125,-0.006215387434611088,-1.0,2.145706867766717,0.5048962680103929,0.5034190731343077,0.49595012203763483,203216,40643.2,0.024748432736584877
XRPUSDT,kurt_240,10,525349,-0.004136945692852207,-0.006227231361483541,-1.5324749831055142,365,0.6923076923076923,-1.172108839976374,-1.0855118126721348,0.2411533612444997,-1.0855118126721348,0.27769503469320833,-0.002562978232679724,-0.0069161405837128475,-1.0,2.145604313473154,0.5061572696684472,0.5036421068410397,0.49481659662944877,205367,20536.7,0.039926684513425036
XRPUSDT,kurt_240,15,525344,-0.003237438133428835,-0.00568513541051409,-1.1475493826705612,365,0.6923076923076923,-0.7587990806296898,-0.6989001495471286,0.44797275571225637,-0.6989001495471286,0.48461443404267635,-0.002812705753333729,-0.004106419209435017,-1.0,2.145561889326938,0.5043138776400979,0.5004132455519735,0.4952884405538447,206195,13746.333333333334,0.1591579877390479
XRPUSDT,hour_sin,5,525594,-0.00015079543862064323,0.0006284957004345176,0.2526656257663486,365,0.6153846153846154,-0.058923225933465904,-0.055255294496937744,0.9530132585693868,0.0,1.0,0.0012607021279570638,-0.0023453748204124492,1.0,1.2246467991473532e-16,0.4966488859144949,0.4965530419170238,0.49595012203763483,203216,40643.2,0.9129460318355538
XRPUSDT,hour_sin,10,525589,1.8862741696287205e-05,0.0009687303903019643,0.26873820378349,365,0.38461538461538464,0.005340009567578981,0.004938542840602371,0.9957393090609311,0.004938542840602371,0.9960596289317128,0.0011223280711691191,-0.0014781648219875398,1.0,1.2246467991473532e-16,0.49645756134140345,0.4980816029550324,0.49481659662944877,205367,20536.7,0.84750528753755
XRPUSDT,hour_sin,15,525584,5.427935346727654e-05,0.0013482777341262975,0.2998631837135337,365,0.38461538461538464,0.012662061867777536,0.011657949441535786,0.9898974062829465,0.011657949441535786,0.990698512821209,0.000926106857663517,-0.0008988744813294209,1.0,1.2246467991473532e-16,0.4967967215499891,0.49917357480592006,0.4952884405538447,206195,13746.333333333334,0.7761045345016034
XRPUSDT,hour_cos,5,525594,-0.0004304433249926894,-0.0005341474303592342,-0.1907688409909783,365,0.5384615384615384,-0.170980109030184,-0.16136278167630608,0.8642394059699567,-0.16136278167630608,0.8718076784059392,0.003394185411633889,-0.006350446339864193,1.0,-1.8369701987210297e-16,0.49633395008267067,0.49753824115065237,0.49595012203763483,203216,40643.2,0.9303188850725878
XRPUSDT,hour_cos,10,525589,-0.001629202775980078,-0.0015817374544840677,-0.39217133310918373,365,0.46153846153846156,-0.4702848116086245,-0.43704406138832325,0.6381515473475383,-0.39217133310918373,0.6949316239019312,0.004166890743835471,-0.010781493602328744,1.0,-1.8369701987210297e-16,0.4938135143426159,0.4945303563604583,0.49481659662944877,205367,20536.7,0.962417086693303
XRPUSDT,hour_cos,15,525584,-0.0014559476141721023,-0.0017089795642412486,-0.34233518378246197,365,0.5384615384615384,-0.346953144244338,-0.3203412617119928,0.7286265201810656,-0.3203412617119928,0.7487096474707144,0.00610394289960926,-0.013612422195244287,1.0,-1.8369701987210297e-16,0.49085574334974175,0.49259863237125456,0.4952884405538447,206195,13746.333333333334,0.984534256508623
XRPUSDT,dow_sin,5,525594,-0.010175274458909145,0.001046172329574801,0.44339299788042047,365,0.38461538461538464,-4.056487690772872,-3.8167933913353305,4.9816186607648176e-05,0.0,1.0,-0.008484976815657585,-0.0130828164058495,-1.0,-0.014336142023437309,0.5069876387686009,0.5077796461138809,0.49595012203763483,203216,40643.2,0.00249588717458094
XRPUSDT,dow_sin,10,525589,-0.013189953621574982,0.0012654117735048291,0.3683896292413821,365,0.3076923076923077,-3.8140820810747744,-3.5329330676365704,0.0001366900353567445,0.0,1.0,-0.011031067010317532,-0.01686426787430552,-1.0,-0.014336142023437309,0.5086990607059557,0.5102336075665515,0.49481659662944877,205367,20536.7,0.006364504591392315
XRPUSDT,dow_sin,15,525584,-0.015626175011161116,0.0016396862387696516,0.38333111766975186,365,0.3076923076923077,-3.729866277034407,-3.44241473642649,0.0001915814203371636,0.0,1.0,-0.012624481604901056,-0.020741454679984478,-1.0,-0.014336142023437309,0.5094400931157399,0.5128291366415207,0.4952884405538447,206195,13746.333333333334,0.013582704947712675
XRPUSDT,dow_cos,5,525594,0.005152242595456325,-0.0016127305467467186,-0.6614041687599045,365,0.46153846153846156,1.9858927928958396,1.8644775045983728,0.047045229163740904,0.0,1.0,0.006135695927182375,0.003838940384193415,1.0,-0.00436330928474646,0.5023177308873317,0.5022422848656517,0.49595012203763483,203216,40643.2,0.17553021248537634
XRPUSDT,dow_cos,10,525589,0.007724024613797432,-0.0028606404089589047,-0.8156304431064269,365,0.46153846153846156,2.1584578927374425,2.000616844265165,0.030892248814229653,0.0,1.0,0.009842701217312568,0.0047687974831193925,1.0,-0.00436330928474646,0.5030749828356065,0.5028059955854409,0.49481659662944877,205367,20536.7,0.19153015134578832
XRPUSDT,dow_cos,15,525584,0.009803167521031896,-0.002933269974965903,-0.6719699797420634,365,0.46153846153846156,2.2580348631084894,2.079304053998125,0.02394348598314985,0.0,1.0,0.013163319658378992,0.004882163186171249,1.0,-0.00436330928474646,0.5040568393995974,0.5040905831834454,0.4952884405538447,206195,13746.333333333334,0.17188352497297218
XRPUSDT,is_weekend,5,525594,0.009821537654521645,,,0,,4.0944885514128355,3.8547948839370645,4.231013185141298e-05,3.8547948839370645,0.0001158266982349679,0.00754605668726569,0.01378689193472186,1.0,0.0,0.5081538855208251,0.5063549589801344,0.49595012203763483,203216,40643.2,0.0005121273863704905
XRPUSDT,is_weekend,10,525589,0.012878871323824686,,,0,,3.8926237671360115,3.6149070643989734,9.916587962335825e-05,3.6149070643989734,0.0003004553837970125,0.01017774023396978,0.017781767105707964,1.0,0.0,0.5111970277600588,0.5089043766203665,0.49481659662944877,205367,20536.7,0.000679773707253944
XRPUSDT,is_weekend,15,525584,0.01477629130554655,,,0,,3.689819524863665,3.4169786823401735,0.0002244132008157107,3.4169786823401735,0.0006332023763374514,0.011857773895999001,0.020141353400992736,1.0,0.0,0.5131307742670773,0.5110499588669081,0.4952884405538447,206195,13746.333333333334,0.0010987179677206928
XRPUSDT,session_asia,5,525594,-0.006894179790183278,-0.003967029539840745,-1.3744935178904945,261,0.6153846153846154,-2.657864921378021,-2.4938228949449055,0.007863740440148814,-1.3744935178904945,0.16928852126309712,-0.005096318478447979,-0.009669525462126505,-1.0,0.0,0.5040498779623652,0.5037611178041442,0.49595012203763483,203216,40643.2,0.05187058627460082
XRPUSDT,session_asia,10,525589,-0.009647881916025999,-0.0062584037440508895,-1.4934010524300037,261,0.6923076923076923,-2.7115331718949336,-2.521420491653673,0.006697283953359407,-1.4934010524300037,0.13533223764943214,-0.006955125548942266,-0.013912181109025479,-1.0,0.0,0.5051834033705512,0.5056255052688718,0.49481659662944877,205367,20536.7,0.07045609112618592
XRPUSDT,session_asia,15,525584,-0.010389854764720577,-0.00629067387123271,-1.2155834423050287,261,0.6923076923076923,-2.422337776363753,-2.2408003562742556,0.015421009269938031,-1.2155834423050287,0.22414364474472204,-0.006958024299607941,-0.015995820940926185,-1.0,0.0,0.5047115594461553,0.5072486714498217,0.4952884405538447,206195,13746.333333333334,0.13560569190133093
XRPUSDT,session_europe,5,525594,-0.0033601179007901327,-0.00022411194654733884,-0.0653437236106851,261,0.5384615384615384,-1.2846556370428266,-1.208549863444825,0.19891264720130408,-0.0653437236106851,0.9479003303020079,-0.0035367554515156295,-0.003358503451005934,-1.0,0.0,0.5040498779623652,0.5026620028878003,0.49595012203763483,203216,40643.2,0.05187058627460082
XRPUSDT,session_europe,10,525589,-0.00265116894704309,0.0019227745427582233,0.39760291519757335,261,0.38461538461538464,-0.7354991522495489,-0.6790461276450498,0.46203555609145763,0.0,1.0,-0.0031805707374235855,-0.002112786530035043,-1.0,0.0,0.5051834033705512,0.5015666380481103,0.49481659662944877,205367,20536.7,0.07045609112618592
XRPUSDT,session_europe,15,525584,-0.003372848574867981,0.0019409675551971103,0.327259607382142,261,0.46153846153846156,-0.7693950685597265,-0.7043174452437719,0.4416588152341141,0.0,1.0,-0.003919006732631187,-0.0027448528494927998,-1.0,0.0,0.5047115594461553,0.5023329275914385,0.4952884405538447,206195,13746.333333333334,0.13560569190133093
XRPUSDT,session_us,5,525594,-0.0028766283973122816,-0.0007036520856885686,-0.19052841766744585,261,0.46153846153846156,-1.0214170806758185,-0.957714276422533,0.30705687623520506,-0.19052841766744585,0.8488950769406167,-0.004260746983744282,-0.0009360707429300508,-1.0,0.0,0.5040498779623652,0.4991099893367791,0.49595012203763483,203216,40643.2,0.05187058627460082
XRPUSDT,session_us,10,525589,-0.0028634949746501976,0.00042927749997888115,0.08246083534301751,261,0.46153846153846156,-0.7381350213199254,-0.6816748035978852,0.46043240399591934,0.0,1.0,-0.005489019639913254,0.000787243549424419,-1.0,0.0,0.5051834033705512,0.4996485121368712,0.49481659662944877,205367,20536.7,0.07045609112618592
XRPUSDT,session_us,15,525584,-0.002024573076165927,0.002510107322176824,0.3949608111063295,261,0.46153846153846156,-0.4307966218914311,-0.39602961935139724,0.6666162560587675,0.0,1.0,-0.0059650305870216965,0.0036227584604694874,-1.0,0.0,0.5047115594461553,0.4989710003823926,0.4952884405538447,206195,13746.333333333334,0.13560569190133093
XRPUSDT,us_open_window,5,525594,-0.0023062437882967433,-0.0022175877582293474,-0.5983863091347382,261,0.5384615384615384,-0.7888671775283097,-0.7512625884133144,0.43018964119296754,-0.5983863091347382,0.5495821988264296,0.00017699845414227022,-0.006281884678503787,1.0,0.0,0.5028737894653964,0.49906957420013554,0.49595012203763483,203216,40643.2,0.12490969296449375
XRPUSDT,us_open_window,10,525589,-0.0006763194278107056,-0.001009871061935937,-0.18903907082931642,261,0.3076923076923077,-0.17087276979525576,-0.16097006391677904,0.8643238082961043,-0.16097006391677904,0.8721169786651966,0.0033681295128574463,-0.007181194014508964,1.0,0.0,0.5040683264594604,0.4991984655746592,0.49481659662944877,205367,20536.7,0.12193715721394552
XRPUSDT,us_open_window,15,525584,-0.001953743926875296,-0.002591967481823049,-0.39275318208196913,261,0.38461538461538464,-0.411220734739385,-0.38135000148314957,0.6809106855913609,-0.38135000148314957,0.7029435558799619,0.001758581302796554,-0.008028430190989632,1.0,0.0,0.5031935788937656,0.4987663926324077,0.4952884405538447,206195,13746.333333333334,0.2290302135990177
XRPUSDT,min_since_funding,5,525594,0.00036399169288203184,0.0002657936591149246,0.09890576547959119,365,0.46153846153846156,0.14224831301811786,0.13383078494126574,0.8868838714848137,0.09890576547959119,0.9212130911642097,-0.000116517419270612,0.001057011546303197,-1.0,239.0,0.500191914022518,0.5005609120767954,0.49595012203763483,203216,40643.2,0.4723181323654579
XRPUSDT,min_since_funding,10,525589,0.002031344423025879,0.0018210781580907131,0.47085277696613254,365,0.5384615384615384,0.5810065537358979,0.5402812266988692,0.5612360365450175,0.47085277696613254,0.6377458726631757,0.0007099548687989285,0.004182958704966322,1.0,239.0,0.5031967161228434,0.504019645310583,0.49481659662944877,205367,20536.7,0.18032144131087366
XRPUSDT,min_since_funding,15,525584,0.001955532812840753,0.0014993856714359886,0.3202685414527633,365,0.5384615384615384,0.46540148348455,0.4326201693306858,0.6416439720282769,0.3202685414527633,0.748764768486039,-0.0002612846890955325,0.005611078321886077,-1.0,239.0,0.4971410557966973,0.496095964133871,0.4952884405538447,206195,13746.333333333334,0.7497839574378024
XRPUSDT,min_to_funding,5,525594,-0.00036399169288203184,-0.0002657936591149246,-0.09890576547959119,365,0.46153846153846156,-0.14224831301811786,-0.13383078494126574,0.8868838714848137,-0.09890576547959119,0.9212130911642097,0.000116517419270612,-0.001057011546303197,1.0,241.0,0.500191914022518,0.5005609120767954,0.49595012203763483,203216,40643.2,0.4723181323654579
XRPUSDT,min_to_funding,10,525589,-0.002031344423025879,-0.0018210781580907131,-0.47085277696613254,365,0.5384615384615384,-0.5810065537358979,-0.5402812266988692,0.5612360365450175,-0.47085277696613254,0.6377458726631757,-0.0007099548687989285,-0.004182958704966322,-1.0,241.0,0.5031967161228434,0.504019645310583,0.49481659662944877,205367,20536.7,0.18032144131087366
XRPUSDT,min_to_funding,15,525584,-0.001955532812840753,-0.0014993856714359886,-0.3202685414527633,365,0.5384615384615384,-0.46540148348455,-0.4326201693306858,0.6416439720282769,-0.3202685414527633,0.748764768486039,0.0002612846890955325,-0.005611078321886077,1.0,241.0,0.4971410557966973,0.49609596413387097,0.4952884405538447,206195,13746.333333333334,0.7497839574378024
XRPUSDT,ret_since_day_open,5,525594,-0.011040982431635777,-0.11054186308324589,-47.26534822125984,365,1.0,-3.9949047711254786,-3.7603184930634255,6.472026149146831e-05,-3.7603184930634255,0.0001696971652129708,-0.011483299344407746,-0.010517764206666365,-1.0,-0.0005005541954419823,0.5068695378316668,0.5083233025742503,0.49595012203763483,203216,40643.2,0.0028211116213294903
XRPUSDT,ret_since_day_open,10,525589,-0.014127124567035599,-0.1503845195816116,-46.78619273399707,365,1.0,-3.7145803853602906,-3.436199828404656,0.00020354116143588526,-3.436199828404656,0.0005899356740474565,-0.014155527399093508,-0.014568281185539043,-1.0,-0.0005005541954419823,0.5101549908213101,0.5127514291642368,0.49481659662944877,205367,20536.7,0.001807209640958846
XRPUSDT,ret_since_day_open,15,525584,-0.016754134054966292,-0.17971973567358962,-46.70729202374697,365,1.0,-3.6353969226139333,-3.3405948758599227,0.0002775529573448067,-3.3405948758599227,0.0008359911178833521,-0.01670132180742809,-0.01737079627114642,-1.0,-0.00050067136522991,0.5116612914959141,0.5140759507281408,0.4952884405538447,206195,13746.333333333334,0.003254803556620948
XRPUSDT,ret_since_day_open_vol,5,525534,-0.014871466039414362,-0.09539734874466456,-39.492858526830325,365,1.0,-5.7856910771344205,-5.432656802578611,7.221482090476568e-09,-5.432656802578611,5.552112818114289e-08,-0.016597752883253436,-0.012544118456946696,-1.0,-0.04236819371089841,0.5061855365719234,0.5096709439039746,0.49595012203763483,203216,40643.2,0.006385493726639349
XRPUSDT,ret_since_day_open_vol,10,525529,-0.01938697168308837,-0.1294180249263231,-38.47295796678779,365,1.0,-5.479643092288594,-5.065436576182528,4.2618465617083094e-08,-5.065436576182528,4.074654277797007e-07,-0.021710211947009037,-0.016177365957672114,-1.0,-0.04239473100413706,0.5093758977829934,0.5139623143876876,0.49481659662944877,205367,20536.7,0.0036084484421481633
XRPUSDT,ret_since_day_open_vol,15,525524,-0.022475288057785855,-0.15359201449798926,-37.810878804373154,365,1.0,-5.250152166464444,-4.827212453485479,1.519736175365632e-07,-4.827212453485479,1.3845739255697413e-06,-0.025246411622010106,-0.018587633661359595,-1.0,-0.04241397449051764,0.511064768786828,0.5152323266446903,0.4952884405538447,206195,13746.333333333334,0.004876614687717671
XRPUSDT,ret15_x_weekend,5,525534,-0.017772066292160715,-0.05381097117126369,-8.885528249727827,104,0.9230769230769231,-8.41049519993958,-7.948726024183361,4.0828327486204673e-17,-7.948726024183361,1.88439279045645e-15,-0.017895287577490333,-0.017835197374653007,-1.0,0.0,0.5117805684591764,0.5106772680781684,0.49595012203763483,203216,40643.2,1.056804654845018e-06
XRPUSDT,ret15_x_weekend,10,525529,-0.02118106106446325,-0.06361277988397039,-8.05143206568483,104,1.0,-7.774063756724945,-7.304709936692377,7.600745212427594e-15,-7.304709936692377,2.778655118162581e-13,-0.024300961778046096,-0.016180766401977725,-1.0,0.0,0.5131934536707455,0.5095149211180423,0.49481659662944877,205367,20536.7,7.987631647399011e-05
XRPUSDT,ret15_x_weekend,15,525524,-0.02356422128852532,-0.07125296086170202,-8.124623726607968,104,1.0,-7.60071439167176,-7.229350886355462,2.9450042802471074e-14,-7.229350886355462,4.853080403638919e-13,-0.028504132033138944,-0.015303749113533046,-1.0,0.0,0.5141831761196926,0.5099873502979144,0.4952884405538447,206195,13746.333333333334,0.0004531809986440309
XRPUSDT,bench_ret_1,5,525591,-0.007792041961369831,-0.009885844779641745,-6.266264891429126,365,0.8461538461538461,-5.261588162461847,-5.281562941205416,1.4281637945695185e-07,-5.261588162461847,1.4281637945695185e-07,-0.0057691519774933624,-0.011484224501347891,-1.0,0.0,0.506244648498627,0.5077243979321695,0.4959451612585747,203214,40642.8,0.005952872954461129
XRPUSDT,bench_ret_1,10,525588,-0.007223231091807412,-0.009631234484340879,-6.281491327008543,365,0.8461538461538461,-4.919985678987466,-4.95207682715769,8.655054488567647e-07,-4.919985678987466,8.655054488567647e-07,-0.006053416338156695,-0.009353232526257275,-1.0,0.0,0.5044578729786188,0.5069293545031862,0.49481659662944877,205367,20536.7,0.10079937125121592
XRPUSDT,bench_ret_1,15,525583,-0.005775429775706124,-0.008592880955472046,-6.2246177655224555,365,0.9230769230769231,-3.9783609560521747,-4.001542595060653,6.939197203342843e-05,-3.9783609560521747,6.939197203342843e-05,-0.005414837910712985,-0.006624049007829688,-1.0,0.0,0.5042896287494847,0.505986793877125,0.4952884405538447,206195,13746.333333333334,0.1591579877390479
XRPUSDT,bench_ret_5,5,525587,-0.018424319834335266,-0.022069312960851354,-8.471820702138176,365,0.9230769230769231,-7.846368691617893,-7.510553112517201,4.282567027478307e-15,-7.510553112517201,5.887806112532638e-14,-0.017197966766733814,-0.02085464730414692,-1.0,0.0,0.5098516834470066,0.5144435211451426,0.4959451612585747,203214,40642.8,3.6938642014771754e-05
XRPUSDT,bench_ret_5,10,525584,-0.016883685837057412,-0.021823880260342633,-7.93272941491445,365,0.9230769230769231,-6.289782345767728,-6.145197201423777,3.17911390767754e-10,-6.145197201423777,7.986422955819999e-10,-0.01800395081688647,-0.015072803870975366,-1.0,0.0,0.5081829115680708,0.5105092609335508,0.49481659662944877,205367,20536.7,0.00970057382594368
XRPUSDT,bench_ret_5,15,525579,-0.017530213305904357,-0.023965268884624052,-8.706297863706844,365,1.0,-6.261193161370165,-6.17458036988255,3.820429392705303e-10,-6.17458036988255,6.633942888847156e-10,-0.020609051263805106,-0.012223717587972726,-1.0,0.0,0.5069861053856786,0.5099579394428184,0.4952884405538447,206195,13746.333333333334,0.05164520770982556
XRPUSDT,bench_ret_15,5,525577,-0.0251245796783856,-0.03224310390323932,-11.562223967856673,365,1.0,-9.571063536771572,-9.0281385242219,1.0581152588982698e-21,-9.0281385242219,1.7461669956366924e-19,-0.028658278522758613,-0.019063459303029773,-1.0,0.0,0.5121399116202624,0.5152482734244618,0.4959451612585747,203214,40642.8,5.140676665871345e-07
XRPUSDT,bench_ret_15,10,525574,-0.028529798409494565,-0.03737070195771425,-9.939888245852453,365,1.0,-8.370301969545928,-7.832571707535529,5.747076780107712e-17,-7.832571707535529,4.7799041092500294e-15,-0.03591813454292143,-0.015110788760489526,-1.0,0.0,0.5090058285897929,0.5116238476328525,0.49481659662944877,205367,20536.7,0.005011907376480197
XRPUSDT,bench_ret_15,15,525569,-0.030355438880006917,-0.04052853841074227,-9.469837746941275,365,1.0,-7.782590615117844,-7.358346412363147,7.105427508431977e-15,-7.358346412363147,1.8620232766470944e-13,-0.04019039670768088,-0.012440561663865155,-1.0,0.0,0.5081985499163413,0.5109612757528709,0.4952884405538447,206195,13746.333333333334,0.02748477545645844
XRPUSDT,rel_ret_5,5,525587,-0.021400426386376573,-0.023892020281588565,-9.135034403046566,365,1.0,-9.121797041734382,-8.741541137293561,7.388880193750414e-20,-8.741541137293561,2.29951766353708e-18,-0.020079178816292457,-0.02393002123926199,-1.0,-1.9338220309750298e-05,0.5091086244057988,0.5134033958085115,0.4959451612585747,203214,40642.8,0.00012328649017668474
XRPUSDT,rel_ret_5,10,525584,-0.021004451396749692,-0.025209073063071043,-8.754178982327714,365,1.0,-7.825937534749486,-7.629329242702799,5.03887499357346e-15,-7.629329242702799,2.3597826632447214e-14,-0.021223289682223638,-0.020660134152499753,-1.0,-1.933747421667409e-05,0.5064689068837739,0.5101107736486918,0.49481659662944877,205367,20536.7,0.03221191094685793
XRPUSDT,rel_ret_5,15,525579,-0.020147915766766274,-0.026426061468245984,-9.643575107393746,365,1.0,-7.175249827165118,-7.081227822565513,7.21752647517907e-13,-7.081227822565513,1.4288277595072234e-12,-0.022631438999866037,-0.01609959550629668,-1.0,-1.9320142264578344e-05,0.505409927495817,0.5094420919865816,0.4952884405538447,206195,13746.333333333334,0.10495609228812526
XRPUSDT,rel_ret_15,5,525577,-0.02519188031717999,-0.029748072786204394,-10.414837391754274,365,0.9230769230769231,-9.564830935367924,-8.996066793055753,1.1238500808140935e-21,-8.996066793055753,2.339489853967002e-19,-0.02778440243227211,-0.02074644961945949,-1.0,-5.0370172630986865e-05,0.5080407845916128,0.5117659752827843,0.4959451612585747,203214,40642.8,0.000599384897533244
XRPUSDT,rel_ret_15,10,525574,-0.025842905770691593,-0.034079841210761304,-8.890924685811338,365,1.0,-7.544720855498274,-7.056652641199161,4.532572956673676e-14,-7.056652641199161,1.7056126825555155e-12,-0.029411403030091866,-0.019773204908700524,-1.0,-5.0351575669543847e-05,0.5082608208719025,0.5105116508656797,0.49481659662944877,205367,20536.7,0.008999307383977688
XRPUSDT,rel_ret_15,15,525569,-0.02618701616327939,-0.03662407002929034,-8.520757588819759,365,1.0,-6.689722443809296,-6.332183222005594,2.2359426984821613e-11,-6.332183222005594,2.417162003726845e-10,-0.03037936440232591,-0.019199329336153634,-1.0,-5.0308954291256036e-05,0.5095516380125609,0.5124444875508462,0.4952884405538447,206195,13746.333333333334,0.01300063852166185
XRPUSDT,rel_ret_60,5,525532,-0.023006458147993354,-0.03305632198081268,-11.288944257943951,365,1.0,-8.374615204965679,-7.8763059965021425,5.5404600167844303e-17,-7.8763059965021425,3.3720183569513467e-15,-0.02319884924667838,-0.022533466005816037,-1.0,-0.0001776695818492824,0.5090692570393772,0.5131275370189827,0.4959451612585747,203214,40642.8,0.00012815468967094802
XRPUSDT,rel_ret_60,10,525529,-0.02632210477217664,-0.040823232750594934,-10.315829511362118,365,1.0,-7.071318763869259,-6.552017135231934,1.5346814671263946e-12,-6.552017135231934,5.676502634526984e-11,-0.02603594648315937,-0.026543691425188573,-1.0,-0.0001777284907494847,0.5114161476770854,0.5155058469288074,0.49481659662944877,205367,20536.7,0.0005591533225505184
XRPUSDT,rel_ret_60,15,525524,-0.02833868782504563,-0.045611817194277066,-9.75664696488603,365,1.0,-6.369491446842404,-5.867479800490695,1.8965599570197684e-10,-5.867479800490695,4.42468891774958e-09,-0.027330596845481035,-0.029579695265412282,-1.0,-0.00017773509439084068,0.512316011542472,0.5175896651150739,0.4952884405538447,206195,13746.333333333334,0.002023400707473948
XRPUSDT,beta_bench_240,5,525352,-0.0007202293185639981,0.0004217418363437315,0.15339260025809068,365,0.46153846153846156,-0.2824598089535483,-0.26582114298608267,0.7775909601571775,0.0,1.0,-0.0013842712118582172,-0.0005600055530642206,-1.0,1.0336691436186818,0.49788892497564147,0.49730228041122315,0.4959451612585747,203214,40642.8,0.8045925206793247
XRPUSDT,beta_bench_240,10,525349,-0.0008521785596877153,0.0007391720354596492,0.18748740656272858,365,0.46153846153846156,-0.24302994276385767,-0.22491019783753693,0.8079822017216034,0.0,1.0,-0.0019088366708279062,-0.00042086912249435113,-1.0,1.0336709411851621,0.4963942600320402,0.4957311833145931,0.49481659662944877,205367,20536.7,0.8507717199409982
XRPUSDT,beta_bench_240,15,525344,-0.00032575974327269427,0.0008499831689943582,0.1755129253342224,365,0.46153846153846156,-0.07660887286619689,-0.07043855475409004,0.9389347001736893,0.0,1.0,-0.0022088118059020345,0.001412468709819673,-1.0,1.0336821629580606,0.4963214432939693,0.49433167469727257,0.4952884405538447,206195,13746.333333333334,0.8101674503895194
XRPUSDT,corr_bench_240,5,525352,-0.00671164017884638,0.012746211184684032,4.434932956472662,365,0.15384615384615385,-2.619105113774242,-2.4571425859527145,0.008816077736099114,0.0,1.0,-0.0048702879487687025,-0.009563990874452779,-1.0,0.7552957247411187,0.5037398998100524,0.5045534906169274,0.4959451612585747,203214,40642.8,0.06642075657432388
XRPUSDT,corr_bench_240,10,525349,-0.009243770346779399,0.017675731179679487,4.3414152057415,365,0.15384615384615385,-2.6213050381397944,-2.4310780161464036,0.008759384734781139,0.0,1.0,-0.007074561037566248,-0.012534379509583684,-1.0,0.7552931350690569,0.5054804325914095,0.5060486449030668,0.49481659662944877,205367,20536.7,0.05819598365882623
XRPUSDT,corr_bench_240,15,525344,-0.009264055958127949,0.021950883467934872,4.409233961146068,365,0.15384615384615385,-2.1688612362480137,-2.0007980513522847,0.03009322047128008,0.0,1.0,-0.007087606725149981,-0.012554829730172003,-1.0,0.7552889456228356,0.5058027595237518,0.5061645611627419,0.4952884405538447,206195,13746.333333333334,0.08752401716728274
XRPUSDT,resid_ret_15,5,525352,-0.022215759822716098,-0.027979814269200723,-9.70185374116807,365,0.9230769230769231,-8.472616758195462,-7.977453411315734,2.3994097519808345e-17,-7.977453411315734,1.4938326040086196e-15,-0.025571411499997372,-0.01669094466941257,-1.0,-5.081666830155106e-05,0.5076175854025805,0.5102759072497917,0.4959451612585747,203214,40642.8,0.0010684650587745176
XRPUSDT,resid_ret_15,10,525349,-0.02281185405882229,-0.03214137726218385,-8.263090864706554,365,1.0,-6.693409691998675,-6.257103046695626,2.1802960594786838e-11,-6.257103046695626,3.921942883252351e-10,-0.027339185367473214,-0.015226085584008796,-1.0,-5.0800161957550196e-05,0.5077592797284861,0.5087108522539308,0.49481659662944877,205367,20536.7,0.013479272800597348
XRPUSDT,resid_ret_15,15,525344,-0.024430009290538,-0.035722229542293184,-8.153816206923638,365,1.0,-6.257525875827726,-5.906174609903462,3.9113277504765995e-10,-5.906174609903462,3.5014285736012636e-09,-0.029517359527702323,-0.015969588648368803,-1.0,-5.0800250932096934e-05,0.5099299207061277,0.510985591365948,0.4952884405538447,206195,13746.333333333334,0.010402823567751676
XRPUSDT,funding_rate_bp,5,489709,-0.001984452511747324,-0.00890421559241049,-3.407874619982421,334,0.75,-0.7295320935467876,-0.6848394510101158,0.46567624351825665,-0.6848394510101158,0.49344523757197356,-0.004286900041584652,0.0018725431844731446,-1.0,0.0082,0.49947640863925746,0.49977816024650945,0.49515677991313145,168070,33614.0,0.5799669887653036
XRPUSDT,funding_rate_bp,10,489709,-0.003791166894301596,-0.01276884413482082,-3.3430739981685713,334,0.75,-1.0096829077035157,-0.935557293755109,0.3126472339851003,-0.935557293755109,0.349501171440338,-0.0070407992192910735,0.0014402626888932932,-1.0,0.0082,0.5025176470588235,0.5023620329868435,0.4933235294117647,170000,17000.0,0.25722690627312444
XRPUSDT,funding_rate_bp,15,489709,-0.004942189416636332,-0.01495683046016271,-3.1946817409155104,334,0.6666666666666666,-1.084521557812308,-1.0000914078278667,0.27813361388614677,-1.0000914078278667,0.31726627384800277,-0.009020084034004089,0.0015398993783004745,-1.0,0.0082,0.5021457719802577,0.5014046198723248,0.49286011206023383,170801,11386.733333333334,0.32980080188658156
XRPUSDT,funding_rate_z_30d,5,488270,-0.002405241157418439,-0.009078082532752716,-3.486594724318939,339,0.75,-0.894026160055555,-0.837746878638324,0.37130789458341207,-0.837746878638324,0.40217287893475306,-0.004340943764183942,-0.00028782032760621445,-1.0,0.06320321088098114,0.5009103349794728,0.5012596865310853,0.49515677991313145,168070,33614.0,0.3696757542378746
XRPUSDT,funding_rate_z_30d,10,488270,-0.004079951082984667,-0.01330001416156903,-3.508548828067045,339,0.8333333333333334,-1.0962393998609814,-1.014237509821338,0.27297402153030903,-1.014237509821338,0.3104694341605899,-0.007032642362130718,-0.0007298679681925568,-1.0,0.06320518887501722,0.5016411764705883,0.5033288997054426,0.4933235294117647,170000,17000.0,0.3365749023239003
XRPUSDT,funding_rate_z_30d,15,488270,-0.004938961038641492,-0.015955411600624022,-3.4310911449374184,339,0.8333333333333334,-1.0946076292232103,-1.0091532068885143,0.2736885717750933,-1.0091532068885143,0.3129011639721633,-0.00859694929520298,-0.0008051758023429906,-1.0,0.06320716704734393,0.5011446068816927,0.5024835228285998,0.49286011206023383,170801,11386.733333333334,0.4073804139199964
XRPUSDT,oi_chg_5,5,524264,-0.007998322328039221,-0.00811979368107065,-2.92165959682249,364,0.6923076923076923,-3.2311738703873334,-3.063276023212707,0.0012328292190780128,-2.92165959682249,0.0034817184221783617,-0.003912428168033247,-0.014687422962974574,-1.0,0.00025815458455369367,0.5040216336153099,0.5072788132216961,0.4959436971293857,201908,40381.6,0.05344346973812324
XRPUSDT,oi_chg_5,10,524264,-0.011382417049981877,-0.011260531679854883,-3.5184809893765956,364,0.8461538461538461,-3.79405850395243,-3.6194664481694714,0.0001482047297980006,-3.5184809893765956,0.00043402491165138354,-0.011420837933044329,-0.010429645101723844,-1.0,0.0002551645737147723,0.5020092523620967,0.5047829453863758,0.4949033598619987,204056,20405.6,0.2877254513450888
XRPUSDT,oi_chg_5,15,524264,-0.012010151043653359,-0.010786241995992783,-3.160375845864852,364,0.7692307692307693,-3.6327848594482575,-3.485549521416315,0.00028037877988918884,-3.160375845864852,0.001575657409754242,-0.012147283102611796,-0.010629434585731144,-1.0,0.0002551645737147723,0.502044939871935,0.5046270728150273,0.49527565203810714,204896,13659.733333333334,0.32202530791645395
XRPUSDT,oi_chg_15,5,524254,-0.010160782342311289,-0.009827702514059726,-3.3049698971835264,364,0.7692307692307693,-3.8220756834184986,-3.6043781638701615,0.00013233305859088908,-3.3049698971835264,0.0009498660148083733,-0.00828091972642895,-0.012850088113061,-1.0,-0.0004665671534342941,0.5040364918675833,0.5064105813670464,0.4959436971293857,201908,40381.6,0.05344346973812324
XRPUSDT,oi_chg_15,10,524254,-0.015434319432658257,-0.01492848664787174,-3.817989591331414,364,0.7692307692307693,-4.388623600762842,-4.093867474231449,1.140702982842852e-05,-3.817989591331414,0.00013454360060432063,-0.01539196736283285,-0.014358885653625877,-1.0,-0.0004674298128892751,0.5033128160897009,0.5069004842933054,0.4949033598619987,204056,20405.6,0.17410364249611765
XRPUSDT,oi_chg_15,15,524254,-0.01472538354703449,-0.013822146151777374,-2.989700077462571,364,0.7692307692307693,-3.588554026492644,-3.353992742738054,0.00033251709215962883,-2.989700077462571,0.0027925149460386683,-0.015147092325485728,-0.012758066954361307,-1.0,-0.0004674298128892751,0.502508589723567,0.5064545473491895,0.49527565203810714,204896,13659.733333333334,0.2803398766905498
XRPUSDT,oi_chg_60,5,524209,-0.009388952249291493,-0.010418912767310093,-3.7292180181131886,364,0.7692307692307693,-3.4356839616296413,-3.2359467854208934,0.0005910600283958812,-3.2359467854208934,0.001212399841523776,-0.008876503432816886,-0.009775636857448913,-1.0,-0.006133653794881955,0.5036105553024149,0.5051811633397426,0.4959436971293857,201908,40381.6,0.07448959727439759
XRPUSDT,oi_chg_60,10,524209,-0.011571694697894323,-0.013677582435174864,-3.4597269492810834,364,0.7692307692307693,-3.100955458856389,-2.8803851109877625,0.0019289730409462376,-2.8803851109877625,0.00397189682346724,-0.011946949931890981,-0.010168802464099616,-1.0,-0.006133653794881955,0.5023915003724467,0.5041239818417222,0.4949033598619987,204056,20405.6,0.25077574806013336
XRPUSDT,oi_chg_60,15,524209,-0.012585676187571995,-0.014616870373882849,-3.026759298592269,364,0.7692307692307693,-2.8097531146287023,-2.600005741307375,0.004957951626637124,-2.600005741307375,0.009322220080598723,-0.012999689653643908,-0.011315245201687307,-1.0,-0.006133653794881955,0.5011762064657191,0.5044051554819566,0.49527565203810714,204896,13659.733333333334,0.39211803996446254
XRPUSDT,oi_z_1440,5,522830,-0.0035648587589416003,-0.009074394281645875,-3.065361017708846,363,0.6153846153846154,-1.3679319944509079,-1.2857641943756437,0.17133336387201747,-1.2857641943756437,0.19852536982698477,-0.004588806687310484,-0.002601356909111209,-1.0,-0.19776743684500112,0.503674941062266,0.5017685631339611,0.4959436971293857,201908,40381.6,0.07037484215467536
XRPUSDT,oi_z_1440,10,522830,-0.004793630007149843,-0.012509684067043286,-2.9434127016925333,363,0.6153846153846154,-1.3360363159440278,-1.240533786459862,0.18153740355312697,-1.240533786459862,0.21477802545144775,-0.0060934623290221455,-0.0038714687645677037,-1.0,-0.1978156882023749,0.5046996902810993,0.5012768105397403,0.4949033598619987,204056,20405.6,0.0917414661015865
XRPUSDT,oi_z_1440,15,522830,-0.005176379126728311,-0.01375902588960574,-2.617903922033518,363,0.6153846153846154,-1.192496233257956,-1.099965971071685,0.23306672683087426,-1.099965971071685,0.27134694872248943,-0.006072968750318452,-0.005373795501322144,-1.0,-0.19786922770250845,0.5063593237544901,0.5029083559223546,0.49527565203810714,204896,13659.733333333334,0.07054967502706858
XRPUSDT,oi_x_ret_15,5,524209,0.0006765397615392194,-0.0007659980646203714,-0.29333361726696994,364,0.46153846153846156,0.27316655513857646,0.25821066532527387,0.784725187723045,0.0,1.0,0.001903181160330616,-0.0013749614597778322,1.0,0.00044429123628204306,0.5007676763674545,0.4999608313748878,0.4959436971293857,201908,40381.6,0.38262995272624434
XRPUSDT,oi_x_ret_15,10,524209,-7.803486239994533e-05,-0.002148597659667859,-0.641079691717356,364,0.6153846153846154,-0.02516086479393957,-0.0238330199560954,0.979926652436214,-0.0238330199560954,0.9809858014082543,0.0003893137025093483,-0.000815928383986126,1.0,0.00044429314320944377,0.4997990747637903,0.49935737597175295,0.4949033598619987,204056,20405.6,0.5279052161683129
XRPUSDT,oi_x_ret_15,15,524209,-0.0018547027113717494,-0.0035080288187025375,-0.9257929828892859,364,0.6153846153846154,-0.536877028628752,-0.5125587737636337,0.5913525594570825,-0.5125587737636337,0.6082599975753622,-0.0032992049034117972,0.0012078065191197572,-1.0,0.0004441401630223574,0.49726202561299393,0.49746752811046013,0.49527565203810714,204896,13659.733333333334,0.7422453833460925
XRPUSDT,oi_x_ret_60,5,524209,0.006966957593528983,0.0025756801810504753,0.856178740409191,364,0.6153846153846154,2.6145277548613324,2.4652599895061353,0.008935090063721713,0.856178740409191,0.39189892004253934,0.008456846173122843,0.004671033166971023,1.0,0.0011044215511036653,0.5012233294371694,0.5023528619274967,0.4959436971293857,201908,40381.6,0.3128874994484137
XRPUSDT,oi_x_ret_60,10,524209,0.005515765697204187,-0.00015968600417214554,-0.03869503732183079,364,0.5384615384615384,1.5457469276218314,1.4445854656240096,0.12216569898582703,0.0,1.0,0.005562443308422369,0.0061363291736259455,1.0,0.0011042464416605275,0.5031903007017682,0.5019703779620442,0.4949033598619987,204056,20405.6,0.18139282512708882
XRPUSDT,oi_x_ret_60,15,524209,0.005323227951059087,-0.0009845069033737248,-0.20333614862619392,364,0.46153846153846156,1.2613486982890532,1.176327211508588,0.20718324299431023,0.0,1.0,0.004430137372861893,0.007902430894152284,1.0,0.0011044215511036653,0.5056126034671248,0.5035136538657741,0.49527565203810714,204896,13659.733333333334,0.09670169431013609
XRPUSDT,ls_ratio_top_log,5,524269,0.004469855841360207,0.00877383558253404,2.8579484954086225,364,0.8461538461538461,1.6996725742365009,1.601362990000487,0.0891925308418228,1.601362990000487,0.10929654497564169,0.0017001022839847671,0.0038861343282211285,1.0,0.28927729940042674,0.4958793113695346,0.5034970071509453,0.4959436971293857,201908,40381.6,0.9517545433779909
XRPUSDT,ls_ratio_top_log,10,524269,0.00571195939860396,0.012091258840166257,2.7885348813521134,364,0.7692307692307693,1.5793342376942543,1.4684069337102859,0.11425941264185045,1.4684069337102859,0.14199371929096738,0.0015280905154001951,0.004393322845229754,1.0,0.28926756489411043,0.4946436272395813,0.5036592477749186,0.4949033598619987,204056,20405.6,0.9382354212570498
XRPUSDT,ls_ratio_top_log,15,524269,0.006512444690455435,0.014219999600721551,2.6638634341005494,364,0.6923076923076923,1.4866211429663105,1.3731053095241843,0.13711490044145602,1.3731053095241843,0.16971961068917163,0.0006226798530457818,0.007017506687321813,1.0,0.28926756489411043,0.4950511478994222,0.5052558956846119,0.49527565203810714,204896,13659.733333333334,0.8777214161165594
XRPUSDT,ls_ratio_top_z_1440,5,522830,-0.0020504213875304975,0.0015376117998909845,0.5118540417951293,363,0.38461538461538464,-0.7931867320192599,-0.7452654188236635,0.4276690365646111,0.0,1.0,-0.004859349010874672,0.0022005603834811646,-1.0,0.12141264630048498,0.49997028349545336,0.49960429281454777,0.4959436971293857,201908,40381.6,0.5079405749158423
XRPUSDT,ls_ratio_top_z_1440,10,522830,-0.0034620373465448404,0.0017327944583099169,0.4146052286523993,363,0.38461538461538464,-0.9731011102673861,-0.9020744892332546,0.330503052295422,0.0,1.0,-0.006652427059397379,0.00101562155272158,-1.0,0.12144593076726862,0.5010977378758772,0.5012209927295277,0.4949033598619987,204056,20405.6,0.37903251675932176
XRPUSDT,ls_ratio_top_z_1440,15,522830,-0.0037803927486026482,0.0023291362354849235,0.4563271061007475,363,0.46153846153846156,-0.8786069797469713,-0.8116708769208523,0.37961441003470486,0.0,1.0,-0.008559514603550044,0.0032043836196948934,-1.0,0.12154907503276831,0.5001903404654069,0.5000074063411293,0.49527565203810714,204896,13659.733333333334,0.48634872619182123
XRPUSDT,ls_ratio_accounts_log,5,524269,-0.0033943225451678774,0.010758169100506757,3.9841854164980033,364,0.23076923076923078,-1.3206567421474147,-1.242487891285269,0.18661584383487162,0.0,1.0,-0.0047383013727633145,-0.002277650313764638,-1.0,0.9402276326448035,0.5026001941478297,0.5014587325671258,0.4959436971293857,201908,40381.6,0.1503152490041982
XRPUSDT,ls_ratio_accounts_log,10,524269,-0.003909270329885126,0.01814136617152493,4.741106465958243,364,0.23076923076923078,-1.1044232236160176,-1.026070532068049,0.2694095912542722,0.0,1.0,-0.00502436578628266,-0.0040346065728903945,-1.0,0.9402276326448035,0.5025189163758969,0.5018994954908569,0.4949033598619987,204056,20405.6,0.23759692163763868
XRPUSDT,ls_ratio_accounts_log,15,524269,-0.005827746411313052,0.023206049760316736,4.8661374959091255,364,0.23076923076923078,-1.3604719501379754,-1.2567370761317613,0.173680623395972,0.0,1.0,-0.006202940374311905,-0.008124841570425057,-1.0,0.9402365915676307,0.5042167733874746,0.5048370500708033,0.49527565203810714,204896,13659.733333333334,0.1646739711903631
XRPUSDT,ls_ratio_accounts_z_1440,5,522830,0.0021864237856032455,0.006910928869374729,2.5371250535762906,363,0.6153846153846154,0.8420844755491721,0.7921344975081321,0.3997406703389704,0.7921344975081321,0.42828225701265143,0.0013076378910551946,0.0033456238613378438,1.0,0.11385627680603747,0.501773084771282,0.5024589368784751,0.4959436971293857,201908,40381.6,0.23989453412515316
XRPUSDT,ls_ratio_accounts_z_1440,10,522830,0.0023799427489676265,0.012237704456706532,3.1804013315670416,363,0.6923076923076923,0.666456864544188,0.6178019309521223,0.5051191262065402,0.6178019309521223,0.5367059104519878,0.0014863062721484454,0.0034698199552518657,1.0,0.11384069777426489,0.5029942760810758,0.5032629818849003,0.4949033598619987,204056,20405.6,0.19653441875065383
XRPUSDT,ls_ratio_accounts_z_1440,15,522830,0.002380297629658032,0.015394053628820658,3.2335624196047923,363,0.6923076923076923,0.550305534151456,0.5071335541191996,0.5821098290672915,0.5071335541191996,0.612061113052934,0.0017358097688479743,0.002968371179768065,1.0,0.11382224220685619,0.5026257223176636,0.5023872904232338,0.49527565203810714,204896,13659.733333333334,0.27460480652553176
XRPUSDT,taker_ls_ratio_log,5,524269,-0.007374891164893721,-0.008816487775353607,-3.3507667354578228,364,0.7692307692307693,-3.4120367122374184,-3.2462772633883428,0.0006447942861351031,-3.2462772633883428,0.0011692490325844991,-0.005897271131173726,-0.00978051162762658,-1.0,-0.032300076101829854,0.5027784931751095,0.5055055441889225,0.4959436971293857,201908,40381.6,0.13248856543236023
XRPUSDT,taker_ls_ratio_log,10,524269,-0.010472523440407099,-0.013288260092132343,-4.290293809689979,364,0.8461538461538461,-4.058930008896444,-3.89101084312816,4.929808564446719e-05,-3.89101084312816,9.982747122934976e-05,-0.0144679473593883,-0.004763847389005244,-1.0,-0.03229594480082119,0.5004312541655231,0.5029327831354928,0.4949033598619987,204056,20405.6,0.455408440807482
XRPUSDT,taker_ls_ratio_log,15,524269,-0.015326456640199023,-0.019202489418308842,-6.147455867301842,364,0.9230769230769231,-5.504614317184306,-5.33073945589294,3.699773258660186e-08,-5.33073945589294,9.7813665969953e-08,-0.020671144629302238,-0.007930366672078597,-1.0,-0.032300076101829854,0.5034310089020771,0.5071403798547491,0.49527565203810714,204896,13659.733333333334,0.21558649298198682
XRPUSDT,taker_ls_ratio_z_1440,5,522830,-0.008191554392479365,-0.008168839088982608,-3.0996591154959563,363,0.6923076923076923,-3.6624443521424523,-3.4824651704709537,0.00024982003274664127,-3.0996591154959563,0.001937434819592018,-0.006338691033757531,-0.011102561727517129,-1.0,0.005379034374574724,0.5041603106365276,0.5061456375859517,0.4959436971293857,201908,40381.6,0.04824545662200904
XRPUSDT,taker_ls_ratio_z_1440,10,522830,-0.011414515728997071,-0.012288301956551569,-3.957320783656049,363,0.8461538461538461,-4.275990450922427,-4.095136678663048,1.902893798001872e-05,-3.957320783656049,7.57951143495473e-05,-0.014809649303487845,-0.0057350991692548805,-1.0,0.005400162754750592,0.5013525698827773,0.5031842465559686,0.4949033598619987,204056,20405.6,0.35270490611582295
XRPUSDT,taker_ls_ratio_z_1440,15,522830,-0.015700421948919397,-0.017731938611479387,-5.657992771960932,363,0.9230769230769231,-5.452165374317202,-5.2820466676130975,4.976014750125954e-08,-5.2820466676130975,1.2774864507633037e-07,-0.020030236095681317,-0.008629578518231323,-1.0,0.005383426562130011,0.5051879978135249,0.5073763235651005,0.49527565203810714,204896,13659.733333333334,0.11547842029538738
