ticker,indicator,horizon,n,ic_spearman,ic_daily_mean,ic_daily_t,n_days,frac_months_same_sign,ic_nw_t,ic_nw_t_2h,p_value,t_cons,p_value_cons,ic_train,ic_test,train_sign,median_train,hit_rate_oos,auc_oos,up_rate_oos,n_oos,n_eff_oos,p_hit
BNBUSDT,sma_dist_5,5,525534,-0.010763269748217084,-0.015306751640350995,-6.764073342434736,365,0.8461538461538461,-5.232113930978814,-5.051732498325834,1.6758240278503064e-07,-5.051732498325834,4.3782058084283783e-07,-0.010087029196388998,-0.011826070186674583,-1.0,0.008910958972826646,0.5063788310197967,0.5096209575584946,0.5013132181286521,208267,41653.4,0.004703261359866178
BNBUSDT,sma_dist_5,10,525529,-0.0043419793839933225,-0.010148308738264665,-4.560485372828437,365,0.8461538461538461,-1.9376688173014827,-1.9063361957174025,0.05266364064399452,-1.9063361957174025,0.05660660100689103,-0.00024091527291894514,-0.01163245394821272,-1.0,0.008926234519054128,0.5065764282432226,0.5096000138215482,0.5021490657068464,208928,20892.8,0.029461907243461358
BNBUSDT,sma_dist_5,15,525524,-0.006388964324562629,-0.01327359283968175,-6.070474593870592,365,1.0,-2.770928270401563,-2.7533263251257716,0.005589673883619918,-2.7533263251257716,0.005899306140005705,-0.002205767556644209,-0.014162352920162553,-1.0,0.008953915729229305,0.5071880363537269,0.5111565945066517,0.5032294769251364,209167,13944.466666666667,0.045970237858100824
BNBUSDT,sma_dist_15,5,525534,-0.014465172325536199,-0.02134264336028758,-8.380199991504762,365,1.0,-5.904305652543082,-5.549316713406851,3.5413506564015336e-09,-5.549316713406851,2.8678823382904815e-08,-0.01056673962143316,-0.0208562692375651,-1.0,0.016972536070409897,0.511069924664013,0.513816881344741,0.5013132181286521,208267,41653.4,3.124634761117358e-06
BNBUSDT,sma_dist_15,10,525529,-0.014120706893568181,-0.023219229067073757,-7.445133328576756,365,1.0,-4.5394961445607835,-4.298008910207838,5.638881140106599e-06,-4.298008910207838,1.723392370526699e-05,-0.008027028559181002,-0.024718565291307712,-1.0,0.017018219808619544,0.5127316587532547,0.5168816924833826,0.5021490657068464,208928,20892.8,0.00011944274320354122
BNBUSDT,sma_dist_15,15,525524,-0.02090187289044967,-0.03244403043062921,-9.221168628625398,365,1.0,-6.01235332875123,-5.763971832921439,1.8284924564794384e-09,-5.763971832921439,8.215713255167986e-09,-0.016436000141520378,-0.029051874459355184,-1.0,0.017045839471241282,0.5146175065856469,0.5194956062223633,0.5032294769251364,209167,13944.466666666667,0.00028352685573376476
BNBUSDT,sma_dist_30,5,525534,-0.024327906379297274,-0.03483033359922622,-13.240805521490925,365,1.0,-9.55346971348519,-8.914362045630122,1.2542374945701197e-21,-8.914362045630122,4.9063273418536205e-19,-0.0219645540347952,-0.028214790711546058,-1.0,0.04617295986440716,0.5144453994151738,0.5180829656598502,0.5013132181286521,208267,41653.4,1.9317219298623023e-09
BNBUSDT,sma_dist_30,10,525529,-0.028078260844822955,-0.04187194363801229,-11.688235752871302,365,1.0,-8.310334274710248,-7.738499767435173,9.543285821282983e-17,-7.738499767435173,1.0059673369081312e-14,-0.02470160087143844,-0.033885358621711374,-1.0,0.04620653305016825,0.516488933986828,0.5219685690279605,0.5021490657068464,208928,20892.8,1.000132128016125e-06
BNBUSDT,sma_dist_30,15,525524,-0.03345432087277304,-0.05029519392528403,-11.688077914271775,365,1.0,-8.498582397197744,-7.9522181883151974,1.9191999678255642e-17,-7.9522181883151974,1.8320122615747517e-15,-0.030989145918494967,-0.03773185189789355,-1.0,0.04621055740825519,0.5171035584007038,0.5242222662816739,0.5032294769251364,209167,13944.466666666667,2.8742839494304005e-05
BNBUSDT,sma_dist_60,5,525534,-0.028869846795125966,-0.043999757000075745,-16.026333971811862,365,1.0,-11.09422892875124,-10.325942861699803,1.3380890732087357e-28,-10.325942861699803,5.378772699468493e-25,-0.02836314388196164,-0.029287767283286744,-1.0,0.11293026846255166,0.5141621092155743,0.5186485807881664,0.5013132181286521,208267,41653.4,3.909423851329847e-09
BNBUSDT,sma_dist_60,10,525529,-0.03434507628470915,-0.05401114277218241,-14.226651682302718,365,1.0,-9.750705379775308,-9.000251829326775,1.8319091767629418e-22,-9.000251829326775,2.2520051779212785e-19,-0.03291879868853021,-0.03631134148116357,-1.0,0.11300814842518409,0.5170297901669475,0.52312932821919,0.5021490657068464,208928,20892.8,4.3385731304109395e-07
BNBUSDT,sma_dist_60,15,525524,-0.03875402073623596,-0.06176528449121053,-13.46691501678679,365,1.0,-9.262119112060981,-8.549498710398083,2.0041444445360253e-20,-8.549498710398083,1.2362425121958333e-17,-0.03744756747817443,-0.040423569272256946,-1.0,0.11301349708167457,0.5181792538976033,0.525190404378289,0.5032294769251364,209167,13944.466666666667,9.470044069072899e-06
BNBUSDT,sma_dist_240,5,525355,-0.025246986747090035,-0.05947710887488779,-20.329526934332605,365,1.0,-9.510593327517482,-8.862279063683172,1.895781308952547e-21,-8.862279063683172,7.8395065252358035e-19,-0.02667047084058295,-0.022398632981304605,-1.0,0.22074812916464123,0.5099415653944216,0.5142593763071344,0.5013132181286521,208267,41653.4,2.4838023991232796e-05
BNBUSDT,sma_dist_240,10,525350,-0.032940228937825305,-0.07863437947667339,-19.599219445580943,365,1.0,-9.039019345692196,-8.33118489023178,1.580835824087093e-19,-8.33118489023178,8.003722042911379e-17,-0.03404364310367915,-0.030546296779549165,-1.0,0.22085356663038067,0.5127747357941492,0.5205217661574542,0.5021490657068464,208928,20892.8,0.0001131321055778221
BNBUSDT,sma_dist_240,15,525345,-0.0379991663681931,-0.09156105253382081,-18.898251035725586,365,1.0,-8.672206741263114,-7.980889076498571,4.238252418314857e-18,-7.980889076498571,1.4528298371400325e-15,-0.039940275286139276,-0.03386730985474611,-1.0,0.22086412900102728,0.5141633240425115,0.5228644530698674,0.5032294769251364,209167,13944.466666666667,0.0004368578479211647
BNBUSDT,ema_dist_5,5,525534,-0.011832619900426587,-0.016857544560531457,-7.209212920041196,365,0.9230769230769231,-5.544581735009143,-5.296142862955429,2.946576700503008e-08,-5.296142862955429,1.1827431795964576e-07,-0.010447265759316194,-0.0140316130260426,-1.0,0.006648802965157069,0.5079153202379638,0.5106646643189501,0.5013132181286521,208267,41653.4,0.0006318068340257238
BNBUSDT,ema_dist_5,10,525529,-0.006214469509080433,-0.012944214562157991,-5.302483504032177,365,0.9230769230769231,-2.527572167853493,-2.449066788005229,0.011485421638389535,-2.449066788005229,0.014322688737876852,-0.0013579453915042038,-0.01478247488275945,-1.0,0.006659567213330637,0.5074571144126206,0.511512598000806,0.5021490657068464,208928,20892.8,0.015711481328491293
BNBUSDT,ema_dist_5,15,525524,-0.009695478264683812,-0.017887397641291287,-7.073846650969977,365,1.0,-3.71087901986866,-3.633427998782944,0.00020654080090696546,-3.633427998782944,0.0002796805179039192,-0.005138989104852834,-0.01810854400858231,-1.0,0.0066619477191568535,0.5089856430507681,0.513494119700178,0.5032294769251364,209167,13944.466666666667,0.01748528270905779
BNBUSDT,ema_dist_15,5,525534,-0.019285439742163516,-0.027191857288061127,-10.75073648268682,365,1.0,-7.9191902632357625,-7.439088812295292,2.390622977139331e-15,-7.439088812295292,1.0138215014835084e-13,-0.01631579003291507,-0.02407818116014401,-1.0,0.020771607868837222,0.5128656964377458,0.5160027484760471,0.5013132181286521,208267,41653.4,7.897364862170955e-08
BNBUSDT,ema_dist_15,10,525529,-0.018932509179867964,-0.029676908631854314,-9.425339004746636,365,1.0,-6.105937125425238,-5.763275399194453,1.0219923700786867e-09,-5.763275399194453,8.249701471968464e-09,-0.013726769568731164,-0.027964564437350025,-1.0,0.020851483465479624,0.5138995251952826,0.5188728990204683,0.5021490657068464,208928,20892.8,3.0873387826791624e-05
BNBUSDT,ema_dist_15,15,525524,-0.024711486117017196,-0.03813333483139949,-10.447199154861098,365,1.0,-7.039728359144697,-6.688985690416613,1.926149656909379e-12,-6.688985690416613,2.2472270245553944e-11,-0.02081033205172034,-0.031755587582871954,-1.0,0.020897403827469595,0.5147322474386495,0.5211890709252635,0.5032294769251364,209167,13944.466666666667,0.0002662588351284267
BNBUSDT,ema_dist_30,5,525534,-0.02554211252866127,-0.036866438663089675,-14.060603909569133,365,1.0,-10.068115178189181,-9.39934020969977,7.642867203998269e-24,-9.39934020969977,5.490628400498626e-21,-0.023282314102718086,-0.029062585640132216,-1.0,0.048593796050826796,0.5156025678576058,0.518660854630558,0.5013132181286521,208267,41653.4,1.0060101773301417e-10
BNBUSDT,ema_dist_30,10,525529,-0.028712670239884178,-0.043777331862390245,-12.450744896014191,365,1.0,-8.568863198427067,-7.983191690863603,1.0451160093203173e-17,-7.983191690863603,1.4259719450288055e-15,-0.025109773498996936,-0.03474058216348489,-1.0,0.04861792458953442,0.5177285954970133,0.5225436748902885,0.5021490657068464,208928,20892.8,1.5832179692939603e-07
BNBUSDT,ema_dist_30,15,525524,-0.03421260501327193,-0.052597843956743356,-12.489296778702675,365,1.0,-8.765778993048555,-8.19293228166701,1.854895787592602e-18,-8.19293228166701,2.5493762591719323e-16,-0.03151154342948172,-0.038759051507438365,-1.0,0.04863974405896548,0.5180979791267265,0.524854215732167,0.5032294769251364,209167,13944.466666666667,1.0217211908727657e-05
BNBUSDT,ema_dist_60,5,525534,-0.02921862554087902,-0.04535722441111996,-16.642103863376768,365,1.0,-11.230940773304948,-10.448763716606464,2.874019922491359e-29,-10.448763716606464,1.484476331887694e-25,-0.028090417417631297,-0.030624065587419785,-1.0,0.090928549864622,0.5152856669563589,0.5195102271362447,0.5013132181286521,208267,41653.4,2.2879868361366637e-10
BNBUSDT,ema_dist_60,10,525529,-0.03467131372595411,-0.05615162036355861,-15.076773636608582,365,1.0,-9.883284659200527,-9.132587573515854,4.9193437561138073e-23,-9.132587573515854,6.688124629875442e-20,-0.03252307789713874,-0.03784916984286838,-1.0,0.09099437423058486,0.5188246668708838,0.5244717936950525,0.5021490657068464,208928,20892.8,2.7923046886139253e-08
BNBUSDT,ema_dist_60,15,525524,-0.0399419112176351,-0.06545807617738199,-14.577832968723564,365,1.0,-9.613900411140166,-8.891139073960396,6.985167074470141e-22,-8.891139073960396,6.048561596223845e-19,-0.03821547062482547,-0.0423289606198879,-1.0,0.09103636378482084,0.52000076493902,0.526956233463719,0.5032294769251364,209167,13944.466666666667,1.1934974399930208e-06
BNBUSDT,ema_dist_240,5,525355,-0.02642501787808421,-0.06276974998119193,-22.18510019345109,365,1.0,-9.935599423855065,-9.250094283334354,2.914179021814143e-23,-9.250094283334354,2.2429473581035487e-20,-0.027683749125305072,-0.02381449151942706,-1.0,0.18027977622358424,0.5090436795075552,0.5154266821286058,0.5013132181286521,208267,41653.4,0.00011447277159978585
BNBUSDT,ema_dist_240,10,525350,-0.0342394862884795,-0.08300035142777368,-21.514438731432186,365,1.0,-9.392073524883651,-8.65488689041599,5.883048926291113e-21,-8.65488689041599,4.934007257091291e-18,-0.035050536511672954,-0.03233614044238122,-1.0,0.18035848668677462,0.5123535380609588,0.5218288238816375,0.5021490657068464,208928,20892.8,0.00018319622483808302
BNBUSDT,ema_dist_240,15,525345,-0.03971172396065512,-0.09732357541562309,-20.874633940178835,365,1.0,-9.070549031956553,-8.342846925566752,1.1841879671442482e-19,-8.342846925566752,7.252301853092791e-17,-0.04107596372458382,-0.03659677951459939,-1.0,0.18038099789888618,0.5139768701563823,0.5249787026671474,0.5032294769251364,209167,13944.466666666667,0.000493091457125459
BNBUSDT,lin_slope_15,5,525534,-0.012812285541035386,-0.018606429934345976,-7.1953553939028225,365,1.0,-5.053494633317917,-4.741370578604147,4.3379851125231103e-07,-4.741370578604147,2.1227724346439445e-06,-0.009263622170087556,-0.018570915988642592,-1.0,0.001910313532967205,0.5081746027935294,0.5116181124494776,0.5013132181286521,208267,41653.4,0.0004312454478530421
BNBUSDT,lin_slope_15,10,525529,-0.01946336142474726,-0.027485223370076303,-8.110799768359124,365,1.0,-5.917079522378868,-5.582106853358782,3.2770827376942885e-09,-5.582106853358782,2.3762230582292768e-08,-0.015902131818913635,-0.025436679870611503,-1.0,0.0019343625348680355,0.5109128503599326,0.5164134198173818,0.5021490657068464,208928,20892.8,0.000821915659011146
BNBUSDT,lin_slope_15,15,525524,-0.026853525740733106,-0.037785132850707934,-9.860498430888276,365,1.0,-7.269098699443348,-6.966035073722168,3.618939216765473e-13,-6.966035073722168,3.2599790352754862e-12,-0.02480402127781512,-0.030459858033947088,-1.0,0.0019174823240486658,0.5139768701563823,0.51942617429485,0.5032294769251364,209167,13944.466666666667,0.000493091457125459
BNBUSDT,lin_slope_60,5,525534,-0.025205413180688724,-0.037845537537187494,-13.30884984789143,365,1.0,-9.652968691458607,-9.011287375881375,4.775290113852518e-22,-9.011287375881375,2.0365160731772713e-19,-0.02689464847654384,-0.02182532043447225,-1.0,0.025969865414199787,0.5100952143162383,0.5133692392514533,0.5013132181286521,208267,41653.4,1.927947071596808e-05
BNBUSDT,lin_slope_60,10,525529,-0.031898008381264394,-0.047995391792000956,-12.43163848705909,365,1.0,-8.901802804041253,-8.220253405496022,5.494682545230508e-19,-8.220253405496022,2.0307363242923987e-16,-0.03360923439910267,-0.028217507508148783,-1.0,0.025994870100526892,0.51329644662276,0.5170292718380628,0.5021490657068464,208928,20892.8,6.152698480332455e-05
BNBUSDT,lin_slope_60,15,525524,-0.033289207641780755,-0.05152675587777632,-11.270626100132695,365,1.0,-7.751967386401943,-7.16029083654877,9.047963188711953e-15,-7.16029083654877,8.050607782045533e-13,-0.03434926272171291,-0.03046371511603208,-1.0,0.02604056009954591,0.5150860317354076,0.5179669885003726,0.5032294769251364,209167,13944.466666666667,0.00019368223872823695
BNBUSDT,lin_slope_240,5,525355,-0.011573778149082255,-0.03514093122033946,-13.145596233072196,365,1.0,-4.458103576769162,-4.163467284679494,8.268794729056033e-06,-4.163467284679494,3.134509551435409e-05,-0.013700245869382132,-0.007874554352910887,-1.0,0.029854266295836235,0.5048183341575958,0.5048649317473235,0.5013132181286521,208267,41653.4,0.025002314339261197
BNBUSDT,lin_slope_240,10,525350,-0.01754189346166077,-0.04957665641078801,-13.436141717403322,365,1.0,-4.886789510892013,-4.5092114029526895,1.0249356909442094e-06,-4.5092114029526895,6.5069044552266144e-06,-0.02012968814030958,-0.012938961880539208,-1.0,0.029822005998430517,0.508256432838107,0.5091075337898666,0.5021490657068464,208928,20892.8,0.008820253214540481
BNBUSDT,lin_slope_240,15,525345,-0.020350154019618715,-0.05821405570321367,-12.93321134109915,365,1.0,-4.6896683398159515,-4.325512202026798,2.736482275174952e-06,-4.325512202026798,1.5217784419612595e-05,-0.024263094930227682,-0.013165543018746074,-1.0,0.02977744645849841,0.5093203038720256,0.509918701817786,0.5032294769251364,209167,13944.466666666667,0.014139626186045013
BNBUSDT,macd_line_12_26,5,525534,-0.02740982967707634,-0.04057507385604785,-14.622457761083325,365,1.0,-10.52114256056236,-9.799592776924479,6.903133685122658e-26,-9.799592776924479,1.1304044395342377e-22,-0.026707953805960298,-0.0282418193759721,-1.0,0.027181112793328188,0.5127936735056442,0.517510325076885,0.5013132181286521,208267,41653.4,9.258415573273736e-08
BNBUSDT,macd_line_12_26,10,525529,-0.035379874544298265,-0.052638426812088634,-13.535134165882072,365,1.0,-10.01172030558618,-9.249143696492457,1.3537769080955822e-23,-9.249143696492457,2.2629829884273868e-20,-0.03461893949497709,-0.03625632597628656,-1.0,0.02719957965552294,0.5161730356869352,0.5227870975473565,0.5021490657068464,208928,20892.8,1.5034038175869274e-06
BNBUSDT,macd_line_12_26,15,525524,-0.039858528935189076,-0.06034883928044443,-12.944142188644145,365,1.0,-9.527721630162608,-8.827135052024506,1.6077286037286472e-21,-8.827135052024506,1.0739109717969886e-18,-0.039577767739494854,-0.03975089392469649,-1.0,0.02716357331680387,0.517466904435212,0.5243470504119597,0.5032294769251364,209167,13944.466666666667,1.8572809510442414e-05
BNBUSDT,macd_signal_12_26_9,5,525534,-0.028091198819262492,-0.04122733696874005,-14.429954995045055,365,1.0,-10.78231058760863,-10.053758480542141,4.172704951049771e-27,-10.053758480542141,8.842898685718773e-24,-0.028725431211205632,-0.0265573565925638,-1.0,0.027395127067703286,0.5112187720570229,0.5164340692657079,0.5013132181286521,208267,41653.4,2.3631943862063163e-06
BNBUSDT,macd_signal_12_26_9,10,525529,-0.03705095839504968,-0.05435487350007087,-13.666192271760137,365,1.0,-10.426294219803003,-9.622064145765908,1.8808109412008386e-25,-9.622064145765908,6.452314404352891e-22,-0.03793214917662432,-0.034931768865016706,-1.0,0.02738908361008605,0.5149238015009956,0.5216570144350987,0.5021490657068464,208928,20892.8,8.143981627617402e-06
BNBUSDT,macd_signal_12_26_9,15,525524,-0.03979587508375409,-0.059964898284694416,-12.631313101310642,365,1.0,-9.410326025099407,-8.69807042932091,4.94600351770611e-21,-8.69807042932091,3.375750119849832e-18,-0.040834776553973634,-0.037043730743388945,-1.0,0.02735988384813695,0.515540214278543,0.522263409416798,0.5032294769251364,209167,13944.466666666667,0.0001226431784857801
BNBUSDT,macd_hist_12_26_9,5,525534,-0.002508059901526876,-0.005229518181777391,-1.9640105842356415,365,0.6153846153846154,-1.000765503201352,-0.9382595523387631,0.3169401909280658,-0.9382595523387631,0.34811104063207443,0.0021467947797459068,-0.010523794511276831,1.0,-0.004321400697444451,0.49531610864899384,0.49298377346466765,0.5013132181286521,208267,41653.4,0.9726168268261638
BNBUSDT,macd_hist_12_26_9,10,525529,-0.0015624011236841384,-0.004822427008243459,-1.4367839932664022,365,0.6153846153846154,-0.4840571598865406,-0.4561061410886943,0.6283453035713835,-0.4561061410886943,0.6483136543495314,0.00464135094969652,-0.012762622898388611,1.0,-0.004318196509000947,0.49323211824169094,0.4905748744722658,0.5021490657068464,208928,20892.8,0.9748819908217929
BNBUSDT,macd_hist_12_26_9,15,525524,-0.007911532228674913,-0.012577345778946881,-3.3743547452161384,365,0.8461538461538461,-2.188303247142619,-2.089499034216503,0.028647520534018738,-2.089499034216503,0.03666282479659695,-0.0033440628597900964,-0.01669355221046531,-1.0,-0.004313949431151896,0.5087896274268886,0.5113851787488987,0.5032294769251364,209167,13944.466666666667,0.01900148840716221
BNBUSDT,macd_line_6_13,5,525534,-0.020314686493300014,-0.029138341418482625,-11.186847918121313,365,1.0,-7.958337387923077,-7.442822453787223,1.7436635883958734e-15,-7.442822453787223,9.855650981906629e-14,-0.01702774125097368,-0.025660155272903554,-1.0,0.009457771663786188,0.512313520624967,0.5160497986048322,0.5013132181286521,208267,41653.4,2.6157677320024233e-07
BNBUSDT,macd_line_6_13,10,525529,-0.02430287723234433,-0.03601634294275612,-10.338008250966823,365,1.0,-7.2456360413841905,-6.786846820541062,4.3041450400468266e-13,-6.786846820541062,1.1461078068918511e-11,-0.020259848160194806,-0.03117926942632529,-1.0,0.009477441699273198,0.5143733726451217,0.5201837031734018,0.5021490657068464,208928,20892.8,1.703297780590111e-05
BNBUSDT,macd_line_6_13,15,525524,-0.030991536365469436,-0.045684834542255956,-11.143150752326207,365,1.0,-8.039961638386036,-7.589890490814119,8.986660126556843e-16,-7.589890490814119,3.201759660583467e-14,-0.02845637282970195,-0.035392127654943324,-1.0,0.009477260223790165,0.516238221134309,0.5225903967572889,0.5032294769251364,209167,13944.466666666667,6.683354286692981e-05
BNBUSDT,macd_signal_6_13_5,5,525534,-0.021579447215478973,-0.030519085918452798,-11.565205319354309,365,1.0,-8.386020411629216,-7.8341962786313735,5.0287607355774433e-17,-7.8341962786313735,4.718511888545139e-15,-0.019248490823615277,-0.025273570895255348,-1.0,0.009125793710064289,0.5120302304253674,0.5155144540176062,0.5013132181286521,208267,41653.4,4.5582416807559837e-07
BNBUSDT,macd_signal_6_13_5,10,525529,-0.028935559770758946,-0.04096271018062382,-11.189262060754649,365,1.0,-8.442518778775664,-7.870596033298781,3.1057151003951296e-17,-7.870596033298781,3.5295560946362354e-15,-0.026832672531496578,-0.03229104453356941,-1.0,0.009132279485463787,0.5142824322254557,0.5204259689030679,0.5021490657068464,208928,20892.8,1.921255125666783e-05
BNBUSDT,macd_signal_6_13_5,15,525524,-0.034787017665701636,-0.04981292414725723,-11.54024004012501,365,1.0,-8.75047868346284,-8.224404576256713,2.1244963130638823e-18,-8.224404576256713,1.961628956695049e-16,-0.0337746283719367,-0.03627870268336743,-1.0,0.009125793710064289,0.5160708907236802,0.522576735373456,0.5032294769251364,209167,13944.466666666667,7.663220928793192e-05
BNBUSDT,macd_hist_6_13_5,5,525534,0.00038241205392970033,-0.0016091914506767247,-0.5853456921092379,365,0.6153846153846154,0.16356978352963256,0.15469521300155792,0.8700698335269024,0.0,1.0,0.0035941358008359583,-0.0050358603304210955,1.0,-0.0006370547427333579,0.4970590636058521,0.4957510288760904,0.5013132181286521,208267,41653.4,0.8859654561791681
BNBUSDT,macd_hist_6_13_5,10,525529,0.009416984824708933,0.007454813458155896,2.5641229443935067,365,0.6153846153846154,3.4499023828505315,3.342656289294763,0.000560789295890658,2.5641229443935067,0.010343689798400555,0.015951008328138103,-0.0022578596358624604,1.0,-0.0006327492865352053,0.49822426864757235,0.4966520268981598,0.5021490657068464,208928,20892.8,0.6980790610105455
BNBUSDT,macd_hist_6_13_5,15,525524,0.005035667579908549,0.002949042868363957,1.0649278503548685,365,0.5384615384615384,1.7832797587118054,1.7747233313216837,0.07454077465573493,1.0649278503548685,0.2869085808008468,0.010683551892961886,-0.005539760997948368,1.0,-0.0006268814748534969,0.49695219609211777,0.4949604705886633,0.5032294769251364,209167,13944.466666666667,0.7641821254694535
BNBUSDT,adx_14,5,525568,0.0031201139394459007,0.002351446425030556,0.8158668845139054,365,0.6153846153846154,1.2105906807430598,1.1322410736145012,0.22605231768261247,0.8158668845139054,0.41457627405861586,-0.0026094080638456346,0.01226891436818946,-1.0,0.23622663963627963,0.4970062467889776,0.49560754709230526,0.5013132181286521,208267,41653.4,0.889702405884152
BNBUSDT,adx_14,10,525563,0.004262415531792814,0.0036545379464214683,0.9192639052258355,365,0.6923076923076923,1.2175776149514848,1.1260938992401632,0.22338452527787633,0.9192639052258355,0.3579575524334785,-0.001234896160517397,0.01292383293000588,-1.0,0.23622990275241743,0.4970037524888957,0.4959544973607506,0.5021490657068464,208928,20892.8,0.8102030373523965
BNBUSDT,adx_14,15,525558,0.004379417363301798,0.003495006443462209,0.7294695881953382,365,0.6153846153846154,1.0532190717859544,0.9742046849402495,0.2922405995021752,0.7294695881953382,0.4657144641353739,-0.0010319874551130113,0.01264910308307558,-1.0,0.23623059839015992,0.4982334689506471,0.4971604307451639,0.5032294769251364,209167,13944.466666666667,0.6670897625929115
BNBUSDT,di_diff_14,5,525581,-0.027109972253898832,-0.03749098344245274,-14.070851498883853,365,1.0,-10.945165089991189,-10.226306082622106,7.008992440909923e-28,-10.226306082622106,1.5117615968641776e-24,-0.02560870406588245,-0.029287012145271133,-1.0,0.0017437796877831646,0.5137299716229647,0.5189896509248731,0.5013132181286521,208267,41653.4,1.0974532823015591e-08
BNBUSDT,di_diff_14,10,525576,-0.030613776098767573,-0.04453603022110032,-12.282109374054956,365,1.0,-9.361414597473948,-8.733856305826876,7.867617462685539e-21,-8.733856305826876,2.4613376775227066e-18,-0.028536207766985542,-0.033901775824924166,-1.0,0.001748195819621684,0.5155460254250268,0.5227881305804338,0.5021490657068464,208928,20892.8,3.553983480467214e-06
BNBUSDT,di_diff_14,15,525571,-0.036047732635388297,-0.05326523654914826,-12.29083125217829,365,1.0,-9.472047654370172,-8.863820591827423,2.744107856003014e-21,-8.863820591827423,7.731813890573746e-19,-0.03432331861495218,-0.0387256551378087,-1.0,0.001746451900019319,0.5176916052723421,0.5255615157814247,0.5032294769251364,209167,13944.466666666667,1.4874522909254034e-05
BNBUSDT,aroon_osc_25,5,525569,-0.02174522330129478,-0.02943352437151926,-11.57104294155287,365,1.0,-8.692925317814472,-8.134852208057994,3.532245740140372e-18,-8.134852208057994,4.12441192756286e-16,-0.021823843273888276,-0.02139071831433493,-1.0,0.040000000000000036,0.5121118564150826,0.5132965975609336,0.5013132181286521,208267,41653.4,3.9219331486189004e-07
BNBUSDT,aroon_osc_25,10,525564,-0.02740696800127562,-0.037890047557001906,-10.799606346441387,365,1.0,-8.234099559950268,-7.660272157388518,1.8091319101465677e-16,-7.660272157388518,1.855394764700241e-14,-0.027401367786400746,-0.0272128150640825,-1.0,0.040000000000000036,0.5161826083626896,0.5180923539626084,0.5021490657068464,208928,20892.8,1.5034038175869274e-06
BNBUSDT,aroon_osc_25,15,525559,-0.029599165794864032,-0.04290676681501372,-10.269425541107637,365,1.0,-7.630941957522138,-7.145856034052008,2.3304459279785844e-14,-7.145856034052008,8.943675754528943e-13,-0.030074452468851962,-0.028443157217785606,-1.0,0.040000000000000036,0.5154685012454163,0.5181555204979506,0.5032294769251364,209167,13944.466666666667,0.00013102275754026834
BNBUSDT,ema_gap_5_20,5,525534,-0.023331919048042386,-0.033649459637872345,-12.72304123063854,365,1.0,-9.073203102986357,-8.470230960831469,1.1556859094990466e-19,-8.470230960831469,2.4490694798710254e-17,-0.02069482431361227,-0.027556648209349527,-1.0,0.02402483590170082,0.5130529560612099,0.5171699878073659,0.5013132181286521,208267,41653.4,5.1470196687536114e-08
BNBUSDT,ema_gap_5_20,10,525529,-0.028453288548838933,-0.04210595964144132,-11.64810752899092,365,1.0,-8.327909675479072,-7.761474506686682,8.228225310801561e-17,-7.761474506686682,8.394759533635072e-15,-0.025278354904275716,-0.033736618450890564,-1.0,0.024046565082548873,0.515435939653852,0.521592446614624,0.5021490657068464,208928,20892.8,4.315378282636442e-06
BNBUSDT,ema_gap_5_20,15,525524,-0.03461358661107226,-0.05141957472312954,-11.943090136735098,365,1.0,-8.715614274180895,-8.169014283504666,2.8918634112997642e-18,-8.169014283504666,3.1091935105656455e-16,-0.032635907815526145,-0.037878398308347216,-1.0,0.024046359308930614,0.5169649132033256,0.5238802892072516,0.5032294769251364,209167,13944.466666666667,3.088316183048222e-05
BNBUSDT,ema_gap_15_60,5,525534,-0.028552733242482926,-0.04752796912758395,-16.683383796467563,365,1.0,-10.850202954357886,-10.106831488705362,1.9898302033633202e-27,-10.106831488705362,5.1523709362361836e-24,-0.02895686471761235,-0.027278410773034594,-1.0,0.06161498487796054,0.5120254288965607,0.517041734020684,0.5013132181286521,208267,41653.4,4.791620482413691e-07
BNBUSDT,ema_gap_15_60,10,525529,-0.03724189195647068,-0.06208095911753075,-15.71831360219449,365,1.0,-10.332895698022751,-9.517665831668223,5.002713260568501e-25,-9.517665831668223,1.7711243111230545e-21,-0.037508653536440756,-0.03603004389356311,-1.0,0.06162350330131053,0.5163884208914076,0.5229012665339707,0.5021490657068464,208928,20892.8,1.1465274450204921e-06
BNBUSDT,ema_gap_15_60,15,525524,-0.0411389449874377,-0.06985224304449204,-14.731835915778406,365,1.0,-9.53405317332947,-8.778692640655672,1.5125949944999328e-21,-8.778692640655672,1.653858158092207e-18,-0.04155624707889189,-0.03935150488643493,-1.0,0.06159262635474694,0.517988019142599,0.5244330383717517,0.5032294769251364,209167,13944.466666666667,1.1020297829524844e-05
BNBUSDT,ema_gap_60_240,5,525355,-0.017583946423399655,-0.05719153213008011,-21.007349795660474,365,1.0,-6.678349947219932,-6.236221511307514,2.4164746816836548e-11,-6.236221511307514,4.4826623487477263e-10,-0.019508839240614105,-0.01414853589534328,-1.0,0.12838710393497485,0.5068301747276333,0.5090091698146342,0.5013132181286521,208267,41653.4,0.002691991161442672
BNBUSDT,ema_gap_60_240,10,525350,-0.025291396150082846,-0.07905402238988903,-21.073393578161628,365,1.0,-6.958819055087967,-6.424575767660064,3.431368890391713e-12,-6.424575767660064,1.322377835580197e-10,-0.027345577328861517,-0.021562626564160883,-1.0,0.12827001699117785,0.5095583167406954,0.5146354209798725,0.5021490657068464,208928,20892.8,0.0028852770226286814
BNBUSDT,ema_gap_60_240,15,525345,-0.02923501625360265,-0.09250969447892943,-20.36027610528256,365,1.0,-6.6629865156260815,-6.142386510627213,2.6831828898673127e-11,-6.142386510627213,8.129075623160256e-10,-0.03188981630556066,-0.02418544233287955,-1.0,0.12809393916311057,0.5107115367146825,0.5172574672350712,0.5032294769251364,209167,13944.466666666667,0.005947846753947245
BNBUSDT,efficiency_ratio_10,5,525584,0.0027695693691141116,0.0023206598929263684,1.0036759077233859,365,0.7692307692307693,1.2784054978487738,1.2173140407527296,0.2011064865359341,1.0036759077233859,0.3155348533258079,0.0010060017309151297,0.005477602964563274,1.0,0.28950203235918637,0.49942141577878396,0.5003621991117945,0.5013132181286521,208267,41653.4,0.5967674076406695
BNBUSDT,efficiency_ratio_10,10,525579,0.002426918690388837,0.0025294138156210415,0.9500808674536837,365,0.6153846153846154,0.9541765199951556,0.9164266368896814,0.33999429779865786,0.9164266368896814,0.35944316970884393,-0.0009275346339938966,0.007964674512737427,-1.0,0.289473684210609,0.4967022132026344,0.4956377014972976,0.5021490657068464,208928,20892.8,0.8318915190406152
BNBUSDT,efficiency_ratio_10,15,525574,0.0020906134128252742,0.0020336714794084013,0.7120851280686816,365,0.6153846153846154,0.7689276191096346,0.7460189820040674,0.44193628036531163,0.7120851280686816,0.4764120629658328,-0.002697578263475575,0.009949620734466327,-1.0,0.2894836297092592,0.49565179975808804,0.4949771438807419,0.5032294769251364,209167,13944.466666666667,0.8512073523335743
BNBUSDT,efficiency_ratio_30,5,525564,-0.0015755573904400633,-0.0018761958321023967,-0.7069695845564441,365,0.6923076923076923,-0.6500357865122859,-0.6105757146864095,0.5156691057719524,-0.6105757146864095,0.541480504233703,-0.009980818519512318,0.012076760916187475,-1.0,0.16363636363638695,0.49701584984659114,0.49500828541076336,0.5013132181286521,208267,41653.4,0.889702405884152
BNBUSDT,efficiency_ratio_30,10,525559,-0.001536281528255357,-0.0018895964540686764,-0.5519649151882895,365,0.5384615384615384,-0.48983305348804856,-0.45889716660327895,0.6242520391486089,-0.45889716660327895,0.646308013560295,-0.009883952220521162,0.012044587283010192,-1.0,0.16364515349286743,0.4967405039056517,0.4955660596957705,0.5021490657068464,208928,20892.8,0.8283919594763752
BNBUSDT,efficiency_ratio_30,15,525554,-0.002329501866417433,-0.0028661949580442592,-0.7295847083067958,365,0.6153846153846154,-0.6478526736235164,-0.6092765645703175,0.5170802431275889,-0.6092765645703175,0.5423411381486307,-0.011589689476543144,0.012785931993289642,-1.0,0.163654744586113,0.4966462204841108,0.49677859621905773,0.5032294769251364,209167,13944.466666666667,0.7894474447986279
BNBUSDT,ichimoku_tenkan_dist,5,525581,-0.009912449131644834,-0.015361498851548977,-5.9126364583079285,365,0.8461538461538461,-4.340176910645797,-4.0968339915685155,1.4236805159314447e-05,-4.0968339915685155,4.188390348264606e-05,-0.0073738559799207985,-0.013986447881335443,-1.0,0.014967268108048453,0.5080497630445534,0.5098489864588811,0.5013132181286521,208267,41653.4,0.0005136910727855202
BNBUSDT,ichimoku_tenkan_dist,10,525576,-0.0048111562893725195,-0.01184398763786099,-4.222222248999325,365,0.9230769230769231,-1.739291638650354,-1.6684356143218142,0.08198347731871114,-1.6684356143218142,0.09522928331890426,0.0008606645016601355,-0.01465907312527479,1.0,0.01498000709389928,0.49229878235564406,0.4887230073550814,0.5021490657068464,208928,20892.8,0.9872815090955488
BNBUSDT,ichimoku_tenkan_dist,15,525571,-0.010560460633289264,-0.019199043177947604,-6.508007174121695,365,1.0,-3.525826552429731,-3.4321264281460655,0.000422163357337371,-3.4321264281460655,0.0005988683078286605,-0.005688316748094469,-0.019461177786940346,-1.0,0.01504484470450435,0.5099609403012904,0.5139557953039395,0.5032294769251364,209167,13944.466666666667,0.009492212428910058
BNBUSDT,ichimoku_kijun_dist,5,525569,-0.0207143038232909,-0.029800123079847887,-11.181826211179706,365,1.0,-8.463630713176634,-7.899108950523889,2.591796207614319e-17,-7.899108950523889,2.8090426755130103e-15,-0.019255691317452635,-0.022991456628764333,-1.0,0.04083359000285844,0.5127744673904171,0.515158568288737,0.5013132181286521,208267,41653.4,9.258415573273736e-08
BNBUSDT,ichimoku_kijun_dist,10,525564,-0.022617953262437568,-0.034240344304076145,-9.750667007493545,365,1.0,-6.982161599214894,-6.504332240575798,2.9067249558446744e-12,-6.504332240575798,7.803924990360035e-11,-0.020196173833756163,-0.026823639742264663,-1.0,0.040856812988268626,0.5147562796752948,0.5182076290176378,0.5021490657068464,208928,20892.8,1.0445505151484686e-05
BNBUSDT,ichimoku_kijun_dist,15,525559,-0.027222438324673765,-0.041455415426154024,-9.946922523025373,365,1.0,-7.224957556313191,-6.773279536840716,5.012583682554311e-13,-6.773279536840716,1.2589536279689204e-11,-0.025121907244453047,-0.031059568598208548,-1.0,0.04086236780154543,0.5160852333303054,0.5210324724969686,0.5032294769251364,209167,13944.466666666667,7.663220928793192e-05
BNBUSDT,ichimoku_tk_diff,5,525569,-0.021307670527290604,-0.027680543994127827,-10.26330842289371,365,1.0,-8.623407092784793,-8.053823781714105,6.499090644917435e-18,-8.053823781714105,8.024673065975283e-16,-0.021526667580780756,-0.02073597226274201,-1.0,0.0,0.5103304892277701,0.5131778767191824,0.5013132181286521,208267,41653.4,1.2546878361168772e-05
BNBUSDT,ichimoku_tk_diff,10,525564,-0.028464697211752158,-0.036868284152756566,-10.058408779658311,365,1.0,-8.610776850039299,-8.012438017461909,7.256712439943955e-18,-8.012438017461909,1.1245651774712e-15,-0.029704499141585204,-0.026135203558248495,-1.0,0.0,0.5143350819421044,0.5168976100174947,0.5021490657068464,208928,20892.8,1.8091624787108392e-05
BNBUSDT,ichimoku_tk_diff,15,525559,-0.030036469832122673,-0.040810220276187,-9.559983152310243,365,1.0,-7.818541066125293,-7.347897984865936,5.343905280001038e-15,-7.347897984865936,2.013480721264625e-13,-0.031106309196910178,-0.027981982123993995,-1.0,0.0,0.5145888213723963,0.5182048255694182,0.5032294769251364,209167,13944.466666666667,0.00030183315147374327
BNBUSDT,ichimoku_cloud_dist,5,525517,-0.027913396735412984,-0.0428809401018784,-15.45935662043427,365,1.0,-10.955894336829477,-10.198943149445753,6.226030241762011e-28,-10.198943149445753,2.0044169215508022e-24,-0.027599474716725216,-0.027965115546002145,-1.0,0.0,0.5133794600200704,0.5180428702534716,0.5013132181286521,208267,41653.4,2.3985328030517718e-08
BNBUSDT,ichimoku_cloud_dist,10,525512,-0.03415774678679608,-0.05338715481093292,-13.986494749578736,365,1.0,-9.859514628846478,-9.09230364176436,6.235005843811413e-23,-9.09230364176436,9.696246325900027e-20,-0.03348225022027331,-0.03480007392542365,-1.0,0.0,0.5161778220248123,0.5227597819186625,0.5021490657068464,208928,20892.8,1.5034038175869274e-06
BNBUSDT,ichimoku_cloud_dist,15,525507,-0.03848407884913263,-0.06074965396066551,-13.183860954167743,365,1.0,-9.317174097072327,-8.58816752128307,1.19480071787095e-20,-8.58816752128307,8.836736351546496e-18,-0.037868784725607035,-0.03885182511208914,-1.0,0.0,0.5175194939928383,0.5246970715086481,0.5032294769251364,209167,13944.466666666667,1.8572809510442414e-05
BNBUSDT,supertrend_dist,5,525585,-0.01830828154015568,-0.02466904570415689,-9.704914766052354,365,1.0,-7.6861237152023385,-7.211728722230393,1.5165986071648424e-14,-7.211728722230393,5.524595382244859e-13,-0.016246993806884175,-0.021379443942042022,-1.0,0.11498907848499501,0.5110939323080469,0.5134181937098504,0.5013132181286521,208267,41653.4,2.9832039916142842e-06
BNBUSDT,supertrend_dist,10,525580,-0.017134610263228822,-0.025643079537562428,-8.135312236423065,365,1.0,-5.571497231284071,-5.227720204389674,2.5255937957211027e-08,-5.227720204389674,1.7161294891483938e-07,-0.013283839658638748,-0.023540291166020126,-1.0,0.11515422060040004,0.5132294378924797,0.5156363210744311,0.5021490657068464,208928,20892.8,6.884478231572212e-05
BNBUSDT,supertrend_dist,15,525575,-0.021282043993301563,-0.03201569004609026,-8.907752296615625,365,1.0,-6.0554002029205405,-5.720638782338435,1.4006899065159958e-09,-5.720638782338435,1.0612430227553604e-08,-0.01769126409005759,-0.027588058269548795,-1.0,0.11521517805876919,0.5142828457643892,0.5178177558618331,0.5032294769251364,209167,13944.466666666667,0.000386620222279811
BNBUSDT,supertrend_dir,5,525585,-0.01856808070876311,-0.022869465328017962,-8.89687035503921,365,1.0,-7.523619275519756,-7.048740994522446,5.3280348448512e-14,-7.048740994522446,1.8054384772395256e-12,-0.01639294000425297,-0.02169333652275543,-1.0,1.0,0.5107914359932202,0.5108074570397395,0.5013132181286521,208267,41653.4,5.408382865838895e-06
BNBUSDT,supertrend_dir,10,525580,-0.021494806199897437,-0.028329868239190398,-8.530413959479269,365,1.0,-6.616752942037418,-6.180041870219265,3.671743675676814e-11,-6.180041870219265,6.408460296212688e-10,-0.01908950766181147,-0.02513571696853725,-1.0,1.0,0.5130236253637617,0.5130506927525726,0.5021490657068464,208928,20892.8,8.600696230389055e-05
BNBUSDT,supertrend_dir,15,525575,-0.024344777110906147,-0.03373942958309702,-8.956546676001544,365,1.0,-6.493290450358265,-6.102357136882505,8.39815523813719e-11,-6.102357136882505,1.045155165562651e-09,-0.022327771163327317,-0.027498050429015285,-1.0,1.0,0.5141155153537604,0.514156666049667,0.5032294769251364,209167,13944.466666666667,0.0004368578479211647
BNBUSDT,ret_1,5,525593,-0.004416482669638213,-0.007215052103841963,-4.752402038936135,365,0.7692307692307693,-2.936455963082886,-2.9418527440369493,0.003319859524515518,-2.936455963082886,0.003319859524515518,-0.00536798832654621,-0.002530291825444157,-1.0,0.0,0.5030801807295443,0.5033495483633794,0.5013132181286521,208267,41653.4,0.1048581506360895
BNBUSDT,ret_1,10,525588,-0.00038797729829415393,-0.004314327081866129,-3.125368043306642,365,0.9230769230769231,-0.26045043076633506,-0.2611239652326975,0.7945163466414616,-0.26045043076633506,0.7945163466414616,0.0015007953112105468,-0.004094937114168392,1.0,0.0,0.49664477714810845,0.49573645663704435,0.5021490657068464,208928,20892.8,0.8353448215889324
BNBUSDT,ret_1,15,525583,-0.00013823077993006114,-0.004855884189704657,-3.649029141386373,365,0.8461538461538461,-0.09343843892314703,-0.09384828198772072,0.9255552542342701,-0.09343843892314703,0.9255552542342701,0.0024685098699064583,-0.005383036431438033,1.0,0.0,0.49637849182710464,0.4948322288257468,0.5032294769251364,209167,13944.466666666667,0.8038120983630599
BNBUSDT,ret_5,5,525589,-0.012782298967899066,-0.018459032647207017,-7.239415916286146,365,1.0,-5.323415928518123,-5.078803406607922,1.0183653006828007e-07,-5.078803406607922,3.798194853361645e-07,-0.01131232568614542,-0.015424041911939532,-1.0,0.0,0.508059366102167,0.5099119238148049,0.5013132181286521,208267,41653.4,0.0005136910727855202
BNBUSDT,ret_5,10,525584,-0.00617569386959325,-0.013790671462471734,-5.309424684023252,365,0.9230769230769231,-2.2528269099234692,-2.2001307393882716,0.024270064767388976,-2.2001307393882716,0.027797620507751232,-0.0012585103905815968,-0.015593104868535414,-1.0,0.0,0.5076054908868127,0.5112110969008812,0.5021490657068464,208928,20892.8,0.014146919653181149
BNBUSDT,ret_5,15,525579,-0.010132834802654117,-0.019686721482731456,-7.395671063853425,365,1.0,-3.5186256258474122,-3.464630215078192,0.00043378838077768944,-3.464630215078192,0.0005309610189620311,-0.005958409181706326,-0.018454929523768458,-1.0,0.0,0.5088278743778895,0.5123799625235522,0.5032294769251364,209167,13944.466666666667,0.01900148840716221
BNBUSDT,ret_10,5,525584,-0.011995894093610779,-0.01935322048038932,-7.618031616852336,365,1.0,-4.605416139870267,-4.342908263661603,4.116418488699373e-06,-4.342908263661603,1.4060885777511114e-05,-0.008783680772613631,-0.01785025447570699,-1.0,0.0,0.5083186486577326,0.5103353719767423,0.5013132181286521,208267,41653.4,0.0003485449697310048
BNBUSDT,ret_10,10,525579,-0.013162616272761942,-0.022823282879541475,-7.321555267743646,365,1.0,-3.99572990776225,-3.7966982281401886,6.449523164996207e-05,-3.7966982281401886,0.00014663611366777534,-0.008472793244321547,-0.02183873741920691,-1.0,0.0,0.510367207841936,0.5139768221640829,0.5021490657068464,208928,20892.8,0.0013686639602839591
BNBUSDT,ret_10,15,525574,-0.020495161554145325,-0.033221401703372753,-9.595805912428474,365,1.0,-5.62222573119249,-5.416797277970447,1.885127130875747e-08,-5.416797277970447,6.067606892118334e-08,-0.017500616069846174,-0.02639124277005684,-1.0,0.0,0.512394402558721,0.516434029514301,0.5032294769251364,209167,13944.466666666667,0.0017402819214917772
BNBUSDT,ret_15,5,525579,-0.018858225126252886,-0.027881750189084797,-10.603563216823801,365,1.0,-7.053042284225182,-6.619643794961737,1.7504762720915131e-12,-6.619643794961737,3.600654410774948e-11,-0.01591445233265459,-0.024514468207638303,-1.0,1.1307931948145722e-05,0.512039833482981,0.5146154947515376,0.5013132181286521,208267,41653.4,4.5582416807559837e-07
BNBUSDT,ret_15,10,525574,-0.025111134619574246,-0.037124742332925294,-10.56330000450526,365,1.0,-7.18754569195869,-6.737910710855889,6.596632996595443e-13,-6.737910710855889,1.606802526732128e-11,-0.02167111057602839,-0.031833465966375436,-1.0,1.1314393048689197e-05,0.515756624291622,0.5192507144424185,0.5021490657068464,208928,20892.8,2.736470812806033e-06
BNBUSDT,ret_15,15,525569,-0.03000449613022486,-0.04527956417811489,-11.12612935852047,365,1.0,-7.513442417945013,-7.123669855343726,5.759248113833463e-14,-7.123669855343726,1.050905987536287e-12,-0.02759574885984471,-0.034889514458053814,-1.0,1.1307931948145722e-05,0.5173234783689588,0.5209691039296995,0.5032294769251364,209167,13944.466666666667,2.15065780215521e-05
BNBUSDT,ret_30,5,525564,-0.02558710353913559,-0.04061481058576441,-14.280904522821565,365,1.0,-9.316662503544702,-8.711466659651638,1.2005737836776354e-20,-8.711466659651638,2.9996802283190273e-18,-0.025375039035786567,-0.025772810918972086,-1.0,3.591825053117503e-05,0.5124383603739431,0.5158660738175961,0.5013132181286521,208267,41653.4,1.9229933660948758e-07
BNBUSDT,ret_30,10,525559,-0.031465956350786355,-0.05116168181462271,-13.16858860336486,365,1.0,-8.539820283354718,-7.931304161196725,1.3443074912924839e-17,-7.931304161196725,2.1685636380212943e-15,-0.0300205503952382,-0.03361546826320674,-1.0,3.5929219441399596e-05,0.5145983305253484,0.5206524893318933,0.5021490657068464,208928,20892.8,1.256498792744005e-05
BNBUSDT,ret_30,15,525554,-0.03517645344375601,-0.05820125757858751,-12.490532414430014,365,1.0,-8.108641737459774,-7.543382655704964,5.118872981636114e-16,-7.543382655704964,4.579348989308376e-14,-0.03331767262159013,-0.03784135484842352,-1.0,3.5924917112684085e-05,0.5164103324138128,0.5225970381420588,0.5032294769251364,209167,13944.466666666667,5.432259561248058e-05
BNBUSDT,ret_60,5,525534,-0.024394530136462065,-0.04286293962637202,-15.974519832724866,365,1.0,-8.737752592183343,-8.15828098482611,2.3779356885314172e-18,-8.15828098482611,3.3982623354493297e-16,-0.023402491350211087,-0.025478466939355546,-1.0,6.295067826078693e-05,0.5125055817772378,0.5155903284113892,0.5013132181286521,208267,41653.4,1.7342597852775942e-07
BNBUSDT,ret_60,10,525529,-0.02851697373987509,-0.053285127008390616,-14.33705769759112,365,1.0,-7.502365613507906,-6.934587682655625,6.267625912970036e-14,-6.934587682655625,4.074076519710456e-12,-0.025222003159231485,-0.033736721596798636,-1.0,6.296634450908556e-05,0.51596243682034,0.5204219916844832,0.5021490657068464,208928,20892.8,2.10080299799086e-06
BNBUSDT,ret_60,15,525524,-0.03079878346271157,-0.05988790336947213,-13.333814077307636,365,1.0,-6.804899776279287,-6.297238462805654,1.0111960864298543e-11,-6.297238462805654,3.029949787457016e-10,-0.026317489894958163,-0.03786508105566115,-1.0,6.301362671967681e-05,0.5174095340087107,0.5223806611249815,0.5032294769251364,209167,13944.466666666667,1.9988676278443492e-05
BNBUSDT,ret_240,5,525354,-0.015048360642532123,-0.05282973931751511,-19.3138229370074,365,1.0,-5.357864928439639,-5.000903606715211,8.421115664703737e-08,-5.000903606715211,5.706223850882598e-07,-0.016802891469005873,-0.011224098405152323,-1.0,0.00017486547325784585,0.5036611657151637,0.5076491415482225,0.5013132181286521,208267,41653.4,0.06817291688383655
BNBUSDT,ret_240,10,525349,-0.020754162928861914,-0.07145746304645438,-19.090070479604083,365,1.0,-5.365307554977496,-4.952851969067065,8.081140104776131e-08,-4.952851969067065,7.313361004307124e-07,-0.021780735171290144,-0.018182365863709863,-1.0,0.00017494056041478245,0.5062270255781897,0.5121550823986398,0.5021490657068464,208928,20892.8,0.03657455381259375
BNBUSDT,ret_240,15,525344,-0.023343250536003567,-0.0831700615614544,-18.359840794575472,365,1.0,-5.015158033564481,-4.630173685073124,5.298989294989577e-07,-4.630173685073124,3.6535913827827647e-06,-0.02448300385778654,-0.02013211474566727,-1.0,0.00017484740821194222,0.5074318606663575,0.5139660880171576,0.5032294769251364,209167,13944.466666666667,0.03980096101809725
BNBUSDT,ret_vol_1,5,525534,-0.004196424736626674,-0.006609199181700699,-4.468983705871331,365,0.6923076923076923,-2.9967710242878947,-2.9964293295209097,0.002728555746756142,-2.9964293295209097,0.00273161545700149,-0.0048079841919382825,-0.0031169279479848796,-1.0,0.0,0.5030801807295443,0.5038890790636359,0.5013132181286521,208267,41653.4,0.1048581506360895
BNBUSDT,ret_vol_1,10,525529,-0.0003491645198187902,-0.003780213694457096,-2.797473864184527,365,0.6923076923076923,-0.2509680054903138,-0.25111388887091896,0.8018388456040996,-0.2509680054903138,0.8018388456040996,0.001918508997686125,-0.004408551421547218,1.0,0.0,0.49664477714810845,0.4952983744612388,0.5021490657068464,208928,20892.8,0.8353448215889324
BNBUSDT,ret_vol_1,15,525524,-0.00020439226869660212,-0.004270756636510721,-3.3069402675874833,365,0.7692307692307693,-0.14803038384792852,-0.1487419447787838,0.8823187895515483,-0.14803038384792852,0.8823187895515483,0.0027780631359308377,-0.005747912798960471,1.0,0.0,0.49637849182710464,0.4944754581361224,0.5032294769251364,209167,13944.466666666667,0.8038120983630599
BNBUSDT,ret_vol_5,5,525534,-0.012421695399485335,-0.01714074361558524,-6.898483018099945,365,1.0,-5.50899623921292,-5.244150249941714,3.608856157590401e-08,-5.244150249941714,1.570042210869897e-07,-0.009819019196661354,-0.01666636764139171,-1.0,0.0,0.508059366102167,0.5114351220971582,0.5013132181286521,208267,41653.4,0.0005136910727855202
BNBUSDT,ret_vol_5,10,525529,-0.005921845361572111,-0.012282500723868524,-4.798651810924989,365,0.8461538461538461,-2.2965931265399204,-2.2397034400716196,0.02164199112052416,-2.2397034400716196,0.025110182095907433,-0.00020317383238063047,-0.015966125437638982,-1.0,0.0,0.5076054908868127,0.511793656857914,0.5021490657068464,208928,20892.8,0.014146919653181149
BNBUSDT,ret_vol_5,15,525524,-0.010202377463086847,-0.01802679263917829,-6.888201162399698,365,1.0,-3.764417253355505,-3.708052383810504,0.00016693793512126545,-3.708052383810504,0.00020885945668179924,-0.005329535110528974,-0.01909038165292841,-1.0,0.0,0.5088278743778895,0.5134124519754193,0.5032294769251364,209167,13944.466666666667,0.01900148840716221
BNBUSDT,ret_vol_10,5,525534,-0.011497562814465389,-0.01741868863282901,-6.92041206281348,365,1.0,-4.714515419734687,-4.438665704509204,2.4228665692376384e-06,-4.438665704509204,9.051828126708977e-06,-0.007452625366772744,-0.018082209411860308,-1.0,0.0,0.5083186486577326,0.511418608101196,0.5013132181286521,208267,41653.4,0.0003485449697310048
BNBUSDT,ret_vol_10,10,525529,-0.012672267833299894,-0.02062688594620499,-6.708906942795468,365,1.0,-4.102999608137107,-3.894583689926477,4.078279407139791e-05,-3.894583689926477,9.836752606562101e-05,-0.0072684963992685064,-0.021928072918352175,-1.0,0.0,0.510367207841936,0.5146715634377252,0.5021490657068464,208928,20892.8,0.0013686639602839591
BNBUSDT,ret_vol_10,15,525524,-0.020309608871373657,-0.03081656736303163,-8.992979318811964,365,1.0,-5.930476549112256,-5.713263815937201,3.020567234836105e-09,-5.713263815937201,1.1082965796400178e-08,-0.016628358586317362,-0.026966934434162503,-1.0,0.0,0.512394402558721,0.5177104541848174,0.5032294769251364,209167,13944.466666666667,0.0017402819214917772
BNBUSDT,ret_vol_15,5,525534,-0.01818286606834589,-0.025762739539645627,-9.990216698388053,365,1.0,-7.275289298836394,-6.814532588384706,3.456788404997191e-13,-6.814532588384706,9.457073580479091e-12,-0.014858878754977581,-0.02367440678796536,-1.0,0.005401590380335518,0.5120014212525268,0.5151934761260357,0.5013132181286521,208267,41653.4,5.036480506172894e-07
BNBUSDT,ret_vol_15,10,525529,-0.024476361360168956,-0.03448844228138607,-10.004389420908941,365,1.0,-7.471387734240061,-6.996499825266783,7.935345356167867e-14,-6.996499825266783,2.6243610077122573e-12,-0.020959731665978885,-0.030549816991210607,-1.0,0.005424366744816225,0.5157374789401133,0.5195606264274643,0.5021490657068464,208928,20892.8,2.736470812806033e-06
BNBUSDT,ret_vol_15,15,525524,-0.029660048558740753,-0.042488986019696466,-10.669762223485936,365,1.0,-7.907795131891622,-7.489937564499757,2.6198748487883893e-15,-7.489937564499757,6.890638506924277e-14,-0.027426501983924365,-0.03366831602652325,-1.0,0.005401590380335518,0.5173043548934584,0.5214593005454204,0.5032294769251364,209167,13944.466666666667,2.3133400659318508e-05
BNBUSDT,ret_vol_30,5,525534,-0.025845911503986418,-0.03833118412403367,-13.742180349675008,365,1.0,-10.07009751210698,-9.400107919811365,7.490378439489756e-24,-9.400107919811365,5.450713550993029e-21,-0.02533184949994447,-0.02644205770237946,-1.0,0.015227108183369375,0.5125151848348514,0.517047093855513,0.5013132181286521,208267,41653.4,1.6467274448833655e-07
BNBUSDT,ret_vol_30,10,525529,-0.03235442136473754,-0.04845652574283007,-12.590191442728615,365,1.0,-9.38338850686188,-8.696316253943955,6.388586358102994e-21,-8.696316253943955,3.428321020979398e-18,-0.031130717278611376,-0.03405382426881492,-1.0,0.015254142837038924,0.5146031168632256,0.5216560109552164,0.5021490657068464,208928,20892.8,1.256498792744005e-05
BNBUSDT,ret_vol_30,15,525524,-0.03693550627699731,-0.05558731677095458,-12.061939440891207,365,1.0,-9.075653406186468,-8.417514040818086,1.1299745354961316e-19,-8.417514040818086,3.8455720092512825e-17,-0.036074471045645685,-0.037851199284787196,-1.0,0.015232665934184184,0.5162669063475596,0.5234831351111688,0.5032294769251364,209167,13944.466666666667,6.238904813001743e-05
BNBUSDT,ret_vol_60,5,525534,-0.025004397185160863,-0.040753637288861604,-15.339236179319517,365,1.0,-9.576375888869128,-8.926238575704113,1.0050998650175197e-21,-8.926238575704113,4.407393991081835e-19,-0.024335693625809864,-0.02553465070928169,-1.0,0.017164102333725194,0.5123807420282618,0.5162403363272217,0.5013132181286521,208267,41653.4,2.2437281218776944e-07
BNBUSDT,ret_vol_60,10,525529,-0.029509314290431788,-0.05048360922743465,-13.747277209016058,365,1.0,-8.300790853030483,-7.6683389147385155,1.0342061804234228e-16,-7.6683389147385155,1.7423800065813896e-14,-0.027161547861033274,-0.03281421230343626,-1.0,0.017179306965076878,0.5159432914688313,0.5207290990484124,0.5021490657068464,208928,20892.8,2.10080299799086e-06
BNBUSDT,ret_vol_60,15,525524,-0.032718222311273144,-0.057138771513907824,-12.890857754551455,365,1.0,-7.7219882667292845,-7.136646541507253,1.1452893883779296e-14,-7.136646541507253,9.563534306848899e-13,-0.029528171983615112,-0.037240719507644425,-1.0,0.017210230973055903,0.5173808487954601,0.5228331283829524,0.5032294769251364,209167,13944.466666666667,2.15065780215521e-05
BNBUSDT,ret_vol_240,5,525354,-0.015367470409856768,-0.048655749558373096,-17.58599972033663,365,1.0,-5.879491070087675,-5.48501041065721,4.115297994133403e-09,-5.48501041065721,4.134450685462971e-08,-0.01783614874683741,-0.011097580894323424,-1.0,0.02508483135958982,0.503656364186357,0.5075991323309905,0.5013132181286521,208267,41653.4,0.06817291688383655
BNBUSDT,ret_vol_240,10,525349,-0.021026089086687523,-0.06591654654486957,-17.423587389939915,365,1.0,-5.843720552410311,-5.3919199622471075,5.104763477588745e-09,-5.3919199622471075,6.970881809707006e-08,-0.02312218307337768,-0.017346796373911563,-1.0,0.025107118579461296,0.5063610430387502,0.5120309905487925,0.5021490657068464,208928,20892.8,0.033370697805127456
BNBUSDT,ret_vol_240,15,525344,-0.02418184142763472,-0.07730041411519359,-16.898103802248404,365,1.0,-5.580586505398817,-5.1468890781206476,2.3970889561353127e-08,-5.1468890781206476,2.648418222924999e-07,-0.026652730757349776,-0.019573026302878313,-1.0,0.025074748632451946,0.5075991910769864,0.5141156795209714,0.5032294769251364,209167,13944.466666666667,0.03697875145487776
BNBUSDT,ret_skip_5,5,525534,-0.010947919100482883,-0.014292257839922613,-6.174089302583494,365,0.9230769230769231,-5.111102298361525,-4.914404154633006,3.2028448203788616e-07,-4.914404154633006,8.905287713191146e-07,-0.008459942012582145,-0.015065858908385124,-1.0,0.0,0.5071566786864938,0.5099155354934939,0.5013132181286521,208267,41653.4,0.0017483902660811504
BNBUSDT,ret_skip_5,10,525529,-0.005495006713136087,-0.010257484787441871,-4.3539685906380665,365,0.8461538461538461,-2.308876323204975,-2.2705061956186143,0.020950445189390272,-2.2705061956186143,0.023176887812200137,-0.000568106297606546,-0.014146979968710303,-1.0,0.0,0.5076054908868127,0.5102685469552977,0.5021490657068464,208928,20892.8,0.014146919653181149
BNBUSDT,ret_skip_5,15,525524,-0.01036676973157415,-0.01647684874459794,-6.878424607511233,365,1.0,-4.186771551960131,-4.145905091895399,2.829503593431914e-05,-4.145905091895399,3.384740146471069e-05,-0.006579816634718796,-0.017215368656716943,-1.0,0.0,0.5085744883275086,0.5114984602185508,0.5032294769251364,209167,13944.466666666667,0.021484657954049968
BNBUSDT,ret_skip_15,5,525534,-0.017132686830487746,-0.023467888246888422,-9.121775190768428,365,1.0,-6.90829164354278,-6.479723891881228,4.905247580116341e-12,-6.479723891881228,9.189061797369632e-11,-0.014357924501238857,-0.02164639959558753,-1.0,0.004990565058978696,0.5103352907565769,0.5137416953223086,0.5013132181286521,208267,41653.4,1.2546878361168772e-05
BNBUSDT,ret_skip_15,10,525529,-0.024536017520144865,-0.03316522374743008,-9.636666511327235,365,1.0,-7.5719455734590495,-7.101178071472926,3.676755158995246e-14,-7.101178071472926,1.2369786926120762e-12,-0.02200719036372192,-0.02880491548994588,-1.0,0.005002490806644519,0.5147658523510492,0.5183121885881616,0.5021490657068464,208928,20892.8,1.0445505151484686e-05
BNBUSDT,ret_skip_15,15,525524,-0.02994636761305162,-0.04136032020456516,-10.568824012514744,365,1.0,-8.105024095783232,-7.702473948941235,5.273506481731128e-16,-7.702473948941235,1.3345683190267435e-14,-0.02877219182995744,-0.03197627244973828,-1.0,0.004982287421182714,0.5159657116084277,0.5199998894658383,0.5032294769251364,209167,13944.466666666667,8.20242316383065e-05
BNBUSDT,ret_skip_60,5,525534,-0.02425004201855091,-0.038760105416934476,-14.572969267051521,365,1.0,-9.318597469133408,-8.691793899634066,1.1788827461793833e-20,-8.691793899634066,3.567608468242817e-18,-0.023644531224031533,-0.024688262664826016,-1.0,0.017375697260417156,0.5119390013780387,0.5155453708319129,0.5013132181286521,208267,41653.4,5.562828942355525e-07
BNBUSDT,ret_skip_60,10,525529,-0.029413300668654354,-0.049051455876572114,-13.374239603646869,365,1.0,-8.298255885553473,-7.667827069884445,1.0565092660869073e-16,-7.667827069884445,1.7493451519093e-14,-0.027371804089075715,-0.032165503974069906,-1.0,0.01740619979595582,0.51528756317966,0.5201145708275925,0.5021490657068464,208928,20892.8,5.231218502260173e-06
BNBUSDT,ret_skip_60,15,525524,-0.03269294381756451,-0.05570643175760649,-12.59535192529049,365,1.0,-7.737231831475648,-7.152620886584299,1.0160469076587957e-14,-7.152620886584299,8.513649790372174e-13,-0.029918473659014868,-0.03643056297588074,-1.0,0.017410038495152595,0.5165776628244417,0.5220697319769176,0.5032294769251364,209167,13944.466666666667,4.724743717976251e-05
BNBUSDT,rsi_2,5,525592,-0.00869740446836342,-0.01311471949693425,-5.928076106128852,365,0.8461538461538461,-4.375033544996731,-4.208991178856077,1.2141380574508527e-05,-4.208991178856077,2.5651340170308855e-05,-0.007944123061120469,-0.009958911189339064,-1.0,0.01014774122580675,0.5059370903695737,0.5087860788455427,0.5013132181286521,208267,41653.4,0.007749240315141931
BNBUSDT,rsi_2,10,525587,-0.0015373341417921093,-0.007142671831432346,-3.2383455668754424,365,0.8461538461538461,-0.695240279829332,-0.6783239362917469,0.4869047332537335,-0.6783239362917469,0.49756632517672095,0.002346053615035203,-0.008474751140532595,1.0,0.010169757257253664,0.4941223770868433,0.49183739356134454,0.5021490657068464,208928,20892.8,0.9562629376757734
BNBUSDT,rsi_2,15,525582,-0.003914661317982555,-0.010718467547744082,-4.685212774186546,365,1.0,-1.6977064178017394,-1.6750625170309714,0.0895631858810793,-1.6750625170309714,0.09392196625518709,0.0004401379836133958,-0.011943993199858016,1.0,0.01017955136886639,0.49344781920666264,0.49011347184836584,0.5032294769251364,209167,13944.466666666667,0.939398975031783
BNBUSDT,rsi_6,5,525588,-0.015834216859968765,-0.0228347619195377,-9.131573585060895,365,1.0,-6.713971201482354,-6.321242430875806,1.893977049175538e-11,-6.321242430875806,2.594685812569651e-10,-0.013171775228636072,-0.020172795116093382,-1.0,0.005062549979186315,0.5111995659417958,0.5140010157242276,0.5013132181286521,208267,41653.4,2.476375095273993e-06
BNBUSDT,rsi_6,10,525583,-0.01309779953915629,-0.0224468252602976,-7.593922832249658,365,1.0,-4.451999371837948,-4.226015447323909,8.507441500317798e-06,-4.226015447323909,2.37865669925838e-05,-0.008110319109359117,-0.021881017953505104,-1.0,0.00506975139383492,0.5120424260989431,0.5157440608894712,0.5021490657068464,208928,20892.8,0.00025057208321179017
BNBUSDT,rsi_6,15,525578,-0.018576693714729746,-0.030222548249602087,-8.949682831127621,365,1.0,-5.65542218019843,-5.414667576131045,1.5546365716103365e-08,-5.414667576131045,6.140267389564056e-08,-0.014299904880222609,-0.026446918929333426,-1.0,0.005080671684218774,0.5135179067443717,0.518530124231646,0.5032294769251364,209167,13944.466666666667,0.0007469686030358011
BNBUSDT,rsi_14,5,525580,-0.024271331611535708,-0.03505208022307844,-13.365135999794514,365,1.0,-9.666892732419232,-9.028382404246596,4.168421359250197e-22,-9.028382404246596,1.742280518091404e-19,-0.022146243687240785,-0.02763890087403656,-1.0,0.0046177058770440205,0.515559354098345,0.5179408532873278,0.5013132181286521,208267,41653.4,1.0722534393887889e-10
BNBUSDT,rsi_14,10,525575,-0.026820065608265484,-0.04106297967354967,-11.85274319625898,365,1.0,-8.117661874129185,-7.5741464243185765,4.752506826549782e-16,-7.5741464243185765,3.614965098912603e-14,-0.023343052139845416,-0.03273106481751136,-1.0,0.004633559418977029,0.5177046638076275,0.5216235781335312,0.5021490657068464,208928,20892.8,1.5832179692939603e-07
BNBUSDT,rsi_14,15,525570,-0.03228636112355557,-0.04968933242284231,-11.999540653227099,365,1.0,-8.414385390633287,-7.883763885676565,3.949602138294701e-17,-7.883763885676565,3.1766427860176536e-15,-0.029550025378738555,-0.037001751664808166,-1.0,0.004634281587590827,0.5178876208962216,0.5241331051756973,0.5032294769251364,209167,13944.466666666667,1.2810229804539377e-05
BNBUSDT,stoch_k_14,5,525581,-0.01129202064977904,-0.016904350775544336,-6.882275322969013,365,0.9230769230769231,-4.843341256404134,-4.557718757461461,1.2767373048058288e-06,-4.557718757461461,5.1712218434288065e-06,-0.007730235553254323,-0.017140240719853348,-1.0,0.010526315789345153,0.5105129473224275,0.5116257695144665,0.5013132181286521,208267,41653.4,9.237805137444498e-06
BNBUSDT,stoch_k_14,10,525576,-0.00934556195946369,-0.016724068663655993,-5.632496730519363,365,1.0,-3.1723097948004337,-2.997216975200093,0.001512315876505717,-2.997216975200093,0.0027245671835000053,-0.004089693213135041,-0.018462662599796106,-1.0,0.010526315789374796,0.5109846454280901,0.5131356097118449,0.5021490657068464,208928,20892.8,0.0007838413719973712
BNBUSDT,stoch_k_14,15,525571,-0.014723710573670253,-0.024446243889767925,-7.2237698422097045,365,1.0,-4.469546186665468,-4.2744425742688295,7.838573198539658e-06,-4.2744425742688295,1.9161608253885788e-05,-0.010150394134425124,-0.023074441709749326,-1.0,0.010526315789404439,0.5129967920369848,0.5161534953406577,0.5032294769251364,209167,13944.466666666667,0.0011167785427278632
BNBUSDT,stoch_d_14_3,5,525579,-0.01174522941105888,-0.017356995742073854,-6.808633241059699,365,0.9230769230769231,-4.8185056765486705,-4.522707973276485,1.4463741141564903e-06,-4.522707973276485,6.105344822221799e-06,-0.008443190917867643,-0.017153702031511096,-1.0,0.00829187396351605,0.5093125651207344,0.5112878878618439,0.5013132181286521,208267,41653.4,7.455900843666841e-05
BNBUSDT,stoch_d_14_3,10,525574,-0.011714288152487212,-0.019121987009936104,-5.998391003865411,365,1.0,-3.7484121975668354,-3.5346993746195214,0.00017795761462539663,-3.5346993746195214,0.00040823932699012244,-0.007447584623786741,-0.019082801660263667,-1.0,0.008316301251096614,0.5107931919130035,0.5133563557212775,0.5021490657068464,208928,20892.8,0.0009465824471993323
BNBUSDT,stoch_d_14_3,15,525569,-0.01802799090044879,-0.027942515386582305,-7.679215125732688,365,1.0,-5.1320469597645415,-4.902533296957735,2.866079649896663e-07,-4.902533296957735,9.460857223028975e-07,-0.014461017797489331,-0.024489559540104507,-1.0,0.008333333333307102,0.5124230877719717,0.5164408754751348,0.5032294769251364,209167,13944.466666666667,0.0017402819214917772
BNBUSDT,stoch_k_5,5,525590,-0.007186768928704436,-0.010973837042441483,-4.791211960969465,365,0.7692307692307693,-3.5930689425334688,-3.4450053745143303,0.00032680607547665906,-3.4450053745143303,0.0005710480372191898,-0.005916671697411066,-0.009272939692991292,-1.0,0.007633587786230467,0.5068205716700197,0.5078243639878923,0.5013132181286521,208267,41653.4,0.002691991161442672
BNBUSDT,stoch_k_5,10,525585,0.0008289061138857653,-0.00416562432652665,-1.8551397659629638,365,0.3076923076923077,0.3736369355907264,0.3652145903559017,0.7086744503547047,0.0,1.0,0.005235115496248544,-0.0068552449076254495,1.0,0.007633587786253004,0.49335177668862,0.49329312621609367,0.5021490657068464,208928,20892.8,0.9732135394835193
BNBUSDT,stoch_k_5,15,525580,-0.0014327083948641435,-0.00740665234847959,-3.2993378820539183,365,0.6153846153846154,-0.6224212765235714,-0.6155056049657291,0.5336648936207122,-0.6155056049657291,0.5382208689203107,0.0033289934221557285,-0.0100696455106532,1.0,0.007633587786253004,0.4920900524461316,0.4912834234320697,0.5032294769251364,209167,13944.466666666667,0.9693666453291624
BNBUSDT,stoch_d_5_3,5,525588,-0.008570329080215383,-0.012711284168364787,-4.994833237021956,365,0.7692307692307693,-3.817339818432843,-3.631091122369484,0.0001348983122453879,-3.631091122369484,0.0002822255089066356,-0.006144301616067749,-0.012590082540862193,-1.0,0.008341539737219739,0.5062779989148545,0.5091654512755541,0.5013132181286521,208267,41653.4,0.00526811799518277
BNBUSDT,stoch_d_5_3,10,525583,-0.0004064257037743138,-0.0057022648240164855,-2.191468623351488,365,0.7692307692307693,-0.1577687437203542,-0.15354141874407135,0.8746390290459565,-0.15354141874407135,0.8779713300858935,0.004904916201339752,-0.00961894904041035,1.0,0.008356066750231816,0.4930645964159902,0.4919054401823335,0.5021490657068464,208928,20892.8,0.9779584063007059
BNBUSDT,stoch_d_5_3,15,525578,-0.005083546871884822,-0.011528489233368749,-4.346577085483419,365,0.8461538461538461,-1.8732426386629417,-1.8430015362149947,0.061034886840601585,-1.8430015362149947,0.06532878618950431,-9.265791399364234e-05,-0.014095522856280827,-1.0,0.008362558144144439,0.5081681144731244,0.5103429419675998,0.5032294769251364,209167,13944.466666666667,0.027279000472185653
BNBUSDT,williams_r_14,5,525581,-0.011292020749730533,-0.016904350775544336,-6.882275322969013,365,0.9230769230769231,-4.843341292583327,-4.557718793538944,1.2767370722277386e-06,-4.557718793538944,5.171220955414451e-06,-0.007730236162475663,-0.01714023935602772,-1.0,-0.4947368421053274,0.5105129473224275,0.5116257690072601,0.5013132181286521,208267,41653.4,9.237805137444498e-06
BNBUSDT,williams_r_14,10,525576,-0.009345562317844875,-0.016724068663655993,-5.632496730519363,365,1.0,-3.172309910927619,-2.997217085064059,0.0015123152717195006,-2.997217085064059,0.0027245662015387135,-0.004089694788622513,-0.018462661740038234,-1.0,-0.4947368421053126,0.5109846454280901,0.5131356093911126,0.5021490657068464,208928,20892.8,0.0007838413719973712
BNBUSDT,williams_r_14,15,525571,-0.01472371051860911,-0.024446243889767925,-7.2237698422097045,365,1.0,-4.469546162871841,-4.274442551378278,7.838574070475207e-06,-4.274442551378278,1.9161610222359668e-05,-0.010150394795775453,-0.02307444095042232,-1.0,-0.4947368421052978,0.5129967920369848,0.5161534951577964,0.5032294769251364,209167,13944.466666666667,0.0011167785427278632
BNBUSDT,cci_20,5,525575,-0.018526944954889282,-0.025133123142123043,-9.946703784434552,365,1.0,-7.586280316272224,-7.12257443788768,3.2921978610513216e-14,-7.12257443788768,1.0592950873445605e-12,-0.014177220280064082,-0.025705014738483325,-1.0,0.01553176639444884,0.5127216505735426,0.516079566227688,0.5013132181286521,208267,41653.4,1.0844935839923528e-07
BNBUSDT,cci_20,10,525570,-0.018783737659161175,-0.027921687083411684,-8.877837159361087,365,1.0,-6.011529699741159,-5.666749984082514,1.8378083321983471e-09,-5.666749984082514,1.4553145022249525e-08,-0.0134614718462788,-0.02811820204442088,-1.0,0.01554515083528455,0.5156800428855873,0.5187832377424701,0.5021490657068464,208928,20892.8,2.9220793918715497e-06
BNBUSDT,cci_20,15,525565,-0.024406324088643187,-0.03612652298923212,-9.991352381911941,365,1.0,-6.909225351399117,-6.572952287519433,4.873073286613555e-12,-6.572952287519433,4.932726856660225e-11,-0.020199267237048325,-0.03206689374255077,-1.0,0.015562927468664119,0.5167115271529448,0.5211943962116411,0.5032294769251364,209167,13944.466666666667,4.104887505410167e-05
BNBUSDT,tsi_25_13,5,525557,-0.026945810754402784,-0.04018442321744638,-14.494577650048088,365,1.0,-10.395051974001984,-9.681204585400332,2.611445355536611e-25,-9.681204585400332,3.6242032533367754e-22,-0.026419317755262784,-0.02748966108650182,-1.0,0.005415769244316474,0.5126544291702478,0.5170990712181484,0.5013132181286521,208267,41653.4,1.2045318282575625e-07
BNBUSDT,tsi_25_13,10,525552,-0.03483356587838602,-0.05199481316394069,-13.422713180809918,365,1.0,-9.89999677937981,-9.145824492106023,4.1628844947252417e-23,-9.145824492106023,5.917671169566328e-20,-0.034157310581691046,-0.03556096329733114,-1.0,0.0054264875097839145,0.5161155996324093,0.5225115468559729,0.5021490657068464,208928,20892.8,1.6080439612203954e-06
BNBUSDT,tsi_25_13,15,525547,-0.039193324189143716,-0.05948162535954014,-12.781100987828003,365,1.0,-9.405388526707457,-8.715552095357062,5.1838330177265e-21,-8.715552095357062,2.8934511398625453e-18,-0.03890578552782856,-0.03910788562582171,-1.0,0.0054157289523511735,0.5174573426974618,0.5241031248849586,0.5032294769251364,209167,13944.466666666667,1.9988676278443492e-05
BNBUSDT,ultimate_osc,5,525567,-0.00698933935913618,-0.012534889349753697,-4.75691787732159,365,0.7692307692307693,-2.999245937556551,-2.819906213920851,0.0027064874091968488,-2.819906213920851,0.004803768712549681,-0.002909624874585745,-0.013564695237592598,-1.0,0.0036921827586522404,0.5068157701412129,0.5094759787779737,0.5013132181286521,208267,41653.4,0.0027744243835046223
BNBUSDT,ultimate_osc,10,525562,-0.003025590712293796,-0.01039674625351891,-3.4166267130919152,365,0.7692307692307693,-1.035454303862237,-0.9830019458058078,0.30045679646999823,-0.9830019458058078,0.325606480994553,0.0031704885610748666,-0.013612151018611764,1.0,0.0036982651082062556,0.49258596262827387,0.4901274434066751,0.5021490657068464,208928,20892.8,0.9842885186715087
BNBUSDT,ultimate_osc,15,525557,-0.00840627883678017,-0.017494725187071333,-5.167824778307245,365,0.7692307692307693,-2.5860117481658835,-2.480342040616948,0.009709362111218041,-2.480342040616948,0.01312564057408068,-0.002702908209275642,-0.018547820311774883,-1.0,0.0036990640810532494,0.5093824551674021,0.5127585062322362,0.5032294769251364,209167,13944.466666666667,0.01354117155233908
BNBUSDT,mom_z_15,5,524140,-0.01867488005793914,-0.023820246898971678,-8.99799233663805,364,1.0,-7.31627299690266,-6.867016365801892,2.5495273451297665e-13,-6.867016365801892,6.555855158164709e-12,-0.015522482979432371,-0.02373522149524744,-1.0,0.005364583511346102,0.5114972607278158,0.5146407003752853,0.5013132181286521,208267,41653.4,1.403981767295326e-06
BNBUSDT,mom_z_15,10,524135,-0.02499079213055477,-0.03152620737337824,-8.922200641823219,364,1.0,-7.486110022917507,-7.0150781294979625,7.094492926617778e-14,-7.0150781294979625,2.298204943514734e-12,-0.02173206424091166,-0.030515697294109516,-1.0,0.0053692669994058525,0.5144834584162965,0.5189842014846224,0.5021490657068464,208928,20892.8,1.4198820341720077e-05
BNBUSDT,mom_z_15,15,524130,-0.02990382858858008,-0.038556797395820734,-9.406237796827988,364,1.0,-7.837719727888112,-7.423482639139165,4.588016513647986e-15,-7.423482639139165,1.1408012785573315e-13,-0.028136892327858893,-0.033020991462733046,-1.0,0.005364583511346102,0.5156501742626705,0.5203312278534891,0.5032294769251364,209167,13944.466666666667,0.00011476830908917957
BNBUSDT,mom_z_60,5,524095,-0.024895066105845704,-0.03590595016081867,-13.379457033036081,364,1.0,-9.37739280564882,-8.747555283255434,6.762417503755705e-21,-8.747555283255434,2.180245650639953e-18,-0.02389374884074419,-0.02596888056231731,-1.0,0.017062882297403194,0.5119486044356523,0.5156928059670849,0.5013132181286521,208267,41653.4,5.562828942355525e-07
BNBUSDT,mom_z_60,10,524090,-0.02915256884260942,-0.04370827338532005,-11.726954648228768,364,1.0,-8.060334845879595,-7.445710002721097,7.608574399856793e-16,-7.445710002721097,9.642441100687651e-14,-0.02627300769127022,-0.03329186113833566,-1.0,0.017073031487480718,0.5155173073977638,0.5202400498906683,0.5021490657068464,208928,20892.8,3.792246247684942e-06
BNBUSDT,mom_z_60,15,524085,-0.0318207145910172,-0.04838894017861498,-10.70536327511987,364,1.0,-7.378703022435024,-6.819871103735356,1.5983891384873132e-13,-6.819871103735356,9.11222312939531e-12,-0.028216401223764242,-0.03697082479879984,-1.0,0.017081690006252547,0.5169792558099509,0.5217435066194065,0.5032294769251364,209167,13944.466666666667,3.088316183048222e-05
BNBUSDT,atr_pct_14,5,525581,0.0015514280750736987,0.004216430255556432,1.3878874854988965,365,0.6923076923076923,0.5923563011206218,0.553503075701771,0.5536120220651644,0.553503075701771,0.5799189750737193,0.0004389977521863826,0.0032261464363921226,1.0,0.0006218324620060411,0.5009627065257578,0.5013578920512398,0.5013132181286521,208267,41653.4,0.34753576217077337
BNBUSDT,atr_pct_14,10,525576,0.0013578869235833556,0.00529752530873993,1.2660956101965497,365,0.5384615384615384,0.376370146456745,0.34818550514977875,0.7066417368313707,0.34818550514977875,0.7277008727502298,0.0011914395729093565,0.00208409386052104,1.0,0.0006218408291917545,0.49963145198345843,0.5008536690552094,0.5021490657068464,208928,20892.8,0.5468130493729159
BNBUSDT,atr_pct_14,15,525571,0.003718474703927286,0.00885875020916974,1.7541527200416822,365,0.6153846153846154,0.8557289094584354,0.7920181021482802,0.39214774558471877,0.7920181021482802,0.4283501212286597,0.0036522808298550587,0.004730489493770553,1.0,0.0006218438697337538,0.49935219226742267,0.5014677301709378,0.5032294769251364,209167,13944.466666666667,0.5639141145392476
BNBUSDT,bb_pctb_20_2,5,525575,-0.017447423541501784,-0.024192226537996873,-9.673176151060437,365,1.0,-7.20689199034489,-6.767479402485272,5.724337255349083e-13,-6.767479402485272,1.310452995193203e-11,-0.013087326153060888,-0.024631104710271738,-1.0,0.5047994825423887,0.513134582050925,0.5157312285144242,0.5013132181286521,208267,41653.4,4.145917325853429e-08
BNBUSDT,bb_pctb_20_2,10,525570,-0.01774978066322043,-0.027054663854980957,-8.689241767632037,365,1.0,-5.727641869923157,-5.396134798568108,1.0183626503569968e-08,-5.396134798568108,6.809179790241214e-08,-0.012127068436228839,-0.027591487175209473,-1.0,0.504805799933262,0.5155316664113954,0.5185939859544129,0.5021490657068464,208928,20892.8,3.792246247684942e-06
BNBUSDT,bb_pctb_20_2,15,525565,-0.023414260910607516,-0.035304192594459126,-9.827060842591749,365,1.0,-6.674760041296164,-6.345814059684219,2.4763701453840735e-11,-6.345814059684219,2.212523359112613e-10,-0.018971422040559256,-0.03149160696251425,-1.0,0.5048076782174968,0.5168406106125727,0.5210584357824022,0.5032294769251364,209167,13944.466666666667,3.562453460975504e-05
BNBUSDT,bb_width_20_2,5,525575,0.00412008793292477,0.006715621318674826,2.2596003410930057,365,0.7692307692307693,1.5932021504141805,1.4906809042390907,0.11111484898163718,1.4906809042390907,0.13604529191380502,0.0008209425777499192,0.009709793001410593,1.0,0.003175805853305496,0.5020430505072815,0.5042239396102978,0.5013132181286521,208267,41653.4,0.20243290576073694
BNBUSDT,bb_width_20_2,10,525570,0.005510496178386217,0.009922465555524106,2.46796503793733,365,0.7692307692307693,1.5724033166468951,1.4593076999640973,0.11585704559026842,1.4593076999640973,0.14448043705606636,0.0025221166010530004,0.011335033805417862,1.0,0.0031758368810406307,0.5028000076581406,0.5055205012738345,0.5021490657068464,208928,20892.8,0.21312566804734318
BNBUSDT,bb_width_20_2,15,525565,0.008597356230151263,0.013671645865316244,2.936399228790981,365,0.7692307692307693,2.0718705541256988,1.9253322353383011,0.03827751470284154,1.9253322353383011,0.0541878073118918,0.005305200057686733,0.014900595542428723,1.0,0.0031758722376268767,0.5037936194523993,0.5066012407288949,0.5032294769251364,209167,13944.466666666667,0.18695021387544422
BNBUSDT,bb_width_rel_20,5,524136,0.006133091860015431,0.005806871757126792,1.9492398222106333,364,0.6153846153846154,2.377285849964559,2.2243328009822174,0.01744056675592249,1.9492398222106333,0.05126679136568759,0.0017773109691486065,0.013214113161064998,1.0,0.8221974298223892,0.5035171198509606,0.5052520241359217,0.5013132181286521,208267,41653.4,0.07625242011381625
BNBUSDT,bb_width_rel_20,10,524131,0.00860866796660225,0.00830753457132905,2.0657270609858043,364,0.7692307692307693,2.4886154502173494,2.3128763567964383,0.012824159250227639,2.0657270609858043,0.03885425860657184,0.00394174958530149,0.0162434260844983,1.0,0.8221887139662751,0.504685824781743,0.5069882506242291,0.5021490657068464,208928,20892.8,0.08865148582795965
BNBUSDT,bb_width_rel_20,15,524126,0.01242659081183675,0.0114950351165638,2.460775821973533,364,0.8461538461538461,3.065173213499682,2.8585867983097484,0.0021754396639258864,2.460775821973533,0.013863696172727485,0.007165170845609557,0.020935660059096407,1.0,0.8221746704303375,0.5062940138740815,0.5096259650362206,0.5032294769251364,209167,13944.466666666667,0.06917048213722815
BNBUSDT,keltner_pos_20,5,525575,-0.02119761188926818,-0.03011568137343802,-11.8784305620258,365,1.0,-8.782810019872334,-8.223336973796966,1.594403500615652e-18,-8.223336973796966,1.979177369020387e-16,-0.018317862709553382,-0.025802476541226995,-1.0,0.015416229258719221,0.5141477046291539,0.5171476307010623,0.5013132181286521,208267,41653.4,3.909423851329847e-09
BNBUSDT,keltner_pos_20,10,525570,-0.022040019883410148,-0.03389111981257977,-10.386981414619811,365,1.0,-7.045443788389962,-6.610981815842387,1.8487133301655006e-12,-6.610981815842387,3.8177938723902295e-11,-0.01765510994389788,-0.029549632928775237,-1.0,0.015427486393800245,0.5156656838719559,0.519983910379237,0.5021490657068464,208928,20892.8,3.119702361616781e-06
BNBUSDT,keltner_pos_20,15,525565,-0.027658574901490384,-0.04236478095455843,-10.943667990256788,365,1.0,-7.702835824629743,-7.270389953917405,1.3307929445117716e-14,-7.270389953917405,3.584512208612416e-13,-0.02417440803570234,-0.03384410522533295,-1.0,0.015435843385819228,0.5163673045939369,0.5227016203974564,0.5032294769251364,209167,13944.466666666667,5.8224225030250175e-05
BNBUSDT,donchian_pos_20,5,525575,-0.016811396383057165,-0.023691325280617216,-9.356235779178038,365,1.0,-7.000199340599608,-6.560516089483818,2.5559857862113006e-12,-6.560516089483818,5.362186836296996e-11,-0.013794740372365772,-0.021717855869225675,-1.0,0.006276150627585575,0.5126400245838275,0.513893005791296,0.5013132181286521,208267,41653.4,1.2692678039694905e-07
BNBUSDT,donchian_pos_20,10,525570,-0.016686256139515604,-0.02584733830595152,-7.977580056026133,365,1.0,-5.365267685849532,-5.028065233333918,8.082925394618005e-08,-5.028065233333918,4.954533429936673e-07,-0.012946728585591517,-0.023261244522453085,-1.0,0.006276150627605337,0.5149190151631184,0.5161803740889153,0.5021490657068464,208928,20892.8,8.143981627617402e-06
BNBUSDT,donchian_pos_20,15,525565,-0.02119845321423695,-0.032838327244075156,-8.727466809159122,365,1.0,-5.962656021738005,-5.634093025981566,2.4817049617136055e-09,-5.634093025981566,1.7598201371374595e-08,-0.017952430639175638,-0.02721530322510909,-1.0,0.0062761506276332035,0.5154254734255403,0.5186617889292642,0.5032294769251364,209167,13944.466666666667,0.0001399368339415654
BNBUSDT,donchian_pos_60,5,525535,-0.025274478616629712,-0.03754922060153066,-13.85518646101205,365,1.0,-9.968838392200142,-9.291416396801186,2.0865480752245763e-23,-9.291416396801186,1.5224859262530126e-20,-0.02430551718799128,-0.026437555045473855,-1.0,0.01600753295669255,0.5132642233287079,0.5170036977802088,0.5013132181286521,208267,41653.4,3.1571113522463095e-08
BNBUSDT,donchian_pos_60,10,525530,-0.02926751612662802,-0.0452481490108948,-12.230998290056602,365,1.0,-8.567601541071184,-7.916877568373081,1.0566267811583139e-17,-7.916877568373081,2.435493528025761e-15,-0.027039966329938745,-0.032622629810721004,-1.0,0.016014234875450173,0.5158954280900597,0.5211671450731004,0.5021490657068464,208928,20892.8,2.244950876538141e-06
BNBUSDT,donchian_pos_60,15,525525,-0.03366928335024588,-0.05265357494179163,-11.864445748489363,365,1.0,-8.314753628560585,-7.69086545477879,9.194307198218568e-17,-7.69086545477879,1.4614305579622497e-14,-0.03124685068304992,-0.03733678544797993,-1.0,0.016014234875471045,0.5175625218127142,0.523429919962533,0.5032294769251364,209167,13944.466666666667,1.7252498052309518e-05
BNBUSDT,rv_15,5,525579,0.002050571616610639,0.0042252506777853615,1.4234039931775202,365,0.6153846153846154,0.7900790484256452,0.7387940417177103,0.4294816048906419,0.7387940417177103,0.4600320703982794,0.0018119199269035046,0.0023908091008102185,1.0,0.000498107686311279,0.500180057330254,0.5009518288509315,0.5013132181286521,208267,41653.4,0.47265527229339427
BNBUSDT,rv_15,10,525574,0.0031392331746241033,0.007213400742907046,1.8107238673191006,365,0.6153846153846154,0.8848482334483239,0.8203234187536153,0.37623849106056506,0.8203234187536153,0.4120317594131496,0.004466538879191034,0.0015115922986899315,1.0,0.0004981090849737546,0.4993442717108286,0.4999947373777982,0.5021490657068464,208928,20892.8,0.5795079389942939
BNBUSDT,rv_15,15,525569,0.006807351427417556,0.012493385074631207,2.6447404060058775,365,0.8461538461538461,1.606051089933644,1.4910427130225288,0.1082626850270833,1.4910427130225288,0.13595028116433375,0.008463015389582754,0.004871830020629632,1.0,0.0004981119456858466,0.5000788843364393,0.5019453898168748,0.5032294769251364,209167,13944.466666666667,0.4966216192612795
BNBUSDT,rv_60,5,525534,0.002499543629877784,0.005613617178330273,1.8758789050481484,365,0.6153846153846154,0.957319028123821,0.8943227014909163,0.33840625397993207,0.8943227014909163,0.37114925709576974,0.002436569926965175,0.003275599856504643,1.0,0.0005328870943646132,0.5006554086821244,0.5017598140493419,0.5013132181286521,208267,41653.4,0.3956635112976493
BNBUSDT,rv_60,10,525529,0.002445697956391179,0.007191735916085495,1.7276467995181202,365,0.6153846153846154,0.6784853616082333,0.6274156216008879,0.49746400214240405,0.6274156216008879,0.5303868303958095,0.0037109179558089387,0.0017017949129701242,1.0,0.0005328991788636978,0.4991049548169704,0.5006835117468194,0.5021490657068464,208928,20892.8,0.6063503583922148
BNBUSDT,rv_60,15,525524,0.0044355618135131095,0.010043464406205673,1.9796632117296784,365,0.6923076923076923,1.0200803477165536,0.9431504358522883,0.3076903562852179,0.9431504358522883,0.34560396107040114,0.006502599284891856,0.002709024109987892,1.0,0.0005329067197931134,0.4983051819837737,0.5002658909161338,0.5032294769251364,209167,13944.466666666667,0.6609123120741468
BNBUSDT,rv_240,5,525354,0.001646796608759225,0.004794154596767522,1.6893145111271037,365,0.5384615384615384,0.630496971892676,0.5882583277129111,0.5283694833511948,0.5882583277129111,0.5563589121388097,0.001610362872168123,0.002739649647401396,1.0,0.0005644321581201213,0.49998799617798306,0.501921883058444,0.5013132181286521,208267,41653.4,0.5039093909078274
BNBUSDT,rv_240,10,525349,0.0013682662909790992,0.006060198226912587,1.5168469777728912,365,0.6153846153846154,0.3786185948980203,0.3492593681465484,0.7049711117385529,0.3492593681465484,0.7268945995528493,0.002012650816206092,0.0019960778319907443,1.0,0.000564435762443932,0.49892307397763824,0.5015195141769606,0.5021490657068464,208928,20892.8,0.6222251100496158
BNBUSDT,rv_240,15,525344,0.0026816736003245304,0.008279500642433726,1.680231479631015,365,0.5384615384615384,0.6139952446621317,0.5661684191464256,0.5392184695831723,0.5661684191464256,0.5712792960936767,0.0038765826216247082,0.0027879289564047504,1.0,0.0005644447879937457,0.4978988081293894,0.5012367273138886,0.5032294769251364,209167,13944.466666666667,0.6913353729846192
BNBUSDT,parkinson_15,5,525580,0.0012278139132268987,0.003555737585039113,1.1828060951225512,365,0.6153846153846154,0.470557583687404,0.4398005195398912,0.6379567037518068,0.4398005195398912,0.6600815913268487,0.0003715458135215385,0.0021259749418333996,1.0,0.00042127713389740376,0.5009819126409849,0.5003880276311532,0.5013132181286521,208267,41653.4,0.34753576217077337
BNBUSDT,parkinson_15,10,525575,0.001718829618207522,0.0055922073793645225,1.3762784587818957,365,0.5384615384615384,0.4800396388015392,0.44444043477324446,0.6311992075339145,0.44444043477324446,0.6567241849477963,0.0017685563110428214,0.0015688042199800667,1.0,0.000421292006230695,0.5003254709756471,0.5003918585962147,0.5021490657068464,208928,20892.8,0.4641675507768896
BNBUSDT,parkinson_15,15,525570,0.004443693636749809,0.009568281992482013,1.9799913887181666,365,0.6153846153846154,1.035166552387116,0.9596638945541807,0.3005911362121273,0.9596638945541807,0.33722440029070555,0.004424958081578214,0.004689571770317523,1.0,0.000421300074344287,0.5000788843364393,0.5016333114770575,0.5032294769251364,209167,13944.466666666667,0.4966216192612795
BNBUSDT,garman_klass_15,5,525580,0.0006167334957126271,0.0030999153049642157,1.0231285978551299,365,0.6923076923076923,0.23604497465390376,0.22056929687815574,0.8133977713054428,0.22056929687815574,0.8254278098030421,-0.0005988885426368584,0.002005417722041384,-1.0,0.00038262201655985597,0.4986531711697004,0.4998390696693428,0.5013132181286521,208267,41653.4,0.711773928606281
BNBUSDT,garman_klass_15,10,525575,0.0008185677924977296,0.004648613924572999,1.1318216265536787,365,0.6153846153846154,0.22818756834768236,0.21117780259750737,0.8195004255417923,0.21117780259750737,0.8327485311278177,9.630260177992524e-05,0.0018201499957485599,1.0,0.00038264103608399053,0.5004355567468218,0.500670794388448,0.5021490657068464,208928,20892.8,0.45318695062708414
BNBUSDT,garman_klass_15,15,525570,0.002971937291339366,0.007544497970807377,1.5439697497835108,365,0.6153846153846154,0.6907973169097398,0.6402338638455098,0.48969292194541514,0.6402338638455098,0.5220205701425011,0.001882758705977345,0.0049005069117751075,1.0,0.00038264426322629245,0.5000454182543136,0.5015816382147873,0.5032294769251364,209167,13944.466666666667,0.4966216192612795
BNBUSDT,parkinson_60,5,525535,0.001061070760858394,0.0038671107079161792,1.3117288881938889,365,0.5384615384615384,0.4058329894050153,0.3790425265641181,0.6848653175248626,0.3790425265641181,0.7046562843167341,0.0002200021775856351,0.0030584303130882858,1.0,0.00044522070901866547,0.5010107218138256,0.5016985258520842,0.5013132181286521,208267,41653.4,0.3403232442732318
BNBUSDT,parkinson_60,10,525530,0.0007307333169550716,0.005293954442171025,1.290873155418742,365,0.46153846153846156,0.20239795854930703,0.18706096927221058,0.8396056242194136,0.18706096927221058,0.8516128299428776,0.0008420030453818311,0.0017697304370714567,1.0,0.00044522520185168244,0.4994543574820034,0.5009314596165998,0.5021490657068464,208928,20892.8,0.5632144752345909
BNBUSDT,parkinson_60,15,525525,0.0023952742899358364,0.007730674518622009,1.5474859085759884,365,0.5384615384615384,0.5497618298475175,0.508043509098511,0.5824827422555248,0.508043509098511,0.6114228307362964,0.0029712901290732683,0.002969480118875352,1.0,0.00044522884124923833,0.4980326724578925,0.5002750687240898,0.5032294769251364,209167,13944.466666666667,0.679308185732125
BNBUSDT,garman_klass_60,5,525535,0.00032376075942568556,0.0031290244832212362,1.0699507888638145,365,0.5384615384615384,0.12375479839311157,0.11557076399769027,0.9015094222563057,0.11557076399769027,0.9079927345574731,-0.0009652436643167405,0.002987750737732246,-1.0,0.0004041999652187229,0.49890765219645933,0.49835048877944,0.5013132181286521,208267,41653.4,0.6739256991910489
BNBUSDT,garman_klass_60,10,525530,-0.00013552940575900258,0.004356129756700811,1.0754548160375292,365,0.46153846153846156,-0.03751417940012585,-0.03465814312326729,0.9700750345787706,0.0,1.0,-0.0007268177857091475,0.001904022702162138,-1.0,0.0004042016163913816,0.4996266656455813,0.49897241405762394,0.5021490657068464,208928,20892.8,0.5468130493729159
BNBUSDT,garman_klass_60,15,525525,0.0013462796772391408,0.0065032245029508304,1.3226338662195105,365,0.5384615384615384,0.30874836537777756,0.2852129936445762,0.7575129497251731,0.2852129936445762,0.7754809661301059,0.0009966547724703457,0.003243661360720118,1.0,0.00040420672268650395,0.4986159384606558,0.5003013473995267,0.5032294769251364,209167,13944.466666666667,0.6294018714498879
BNBUSDT,rv_ratio_15_240,5,525354,0.003283712285587642,0.0028579634883140535,0.9422596672372878,365,0.6923076923076923,1.2849266846798504,1.2022916190533282,0.1988179050434674,0.9422596672372878,0.3460597122213538,0.0036910473448821994,0.002300476753363109,1.0,0.8724666577114079,0.4996422861038955,0.5001926336377046,0.5013132181286521,208267,41653.4,0.5584313084481238
BNBUSDT,rv_ratio_15_240,10,525349,0.005875744219307044,0.005236714228403614,1.2898346687227593,365,0.6153846153846154,1.710395816430024,1.5859334183072362,0.08719270412660916,1.2898346687227593,0.19710806798359204,0.008359223748220032,0.0012534699896766873,1.0,0.8724586331004757,0.49764990810231274,0.49844772530453135,0.5021490657068464,208928,20892.8,0.7533049962934104
BNBUSDT,rv_ratio_15_240,15,525344,0.010194244327385117,0.009217154600076992,1.922917994422393,365,0.6923076923076923,2.520330912389856,2.3452901413724203,0.011724455343847535,1.922917994422393,0.054490349511597945,0.012898730672512978,0.005120749330872946,1.0,0.8724559870899425,0.5001792825828166,0.5018525710280204,0.5032294769251364,209167,13944.466666666667,0.4898658267730068
BNBUSDT,rv_ratio_60_1440,5,524154,0.006353124296331754,0.004959359785106456,1.6902922587081468,364,0.5384615384615384,2.425876647405062,2.2677728456660793,0.015271459933963304,1.6902922587081468,0.09097205538649004,0.004667647592129273,0.009025605577632281,1.0,0.8358407461710539,0.5032434327089745,0.5041220949560126,0.5013132181286521,208267,41653.4,0.09292709606799587
BNBUSDT,rv_ratio_60_1440,10,524149,0.008522526443071592,0.006182749089320207,1.5055298397009846,364,0.5384615384615384,2.3630053742238712,2.1818376398032657,0.018127406724216436,1.5055298397009846,0.13218791111850875,0.006901112248114422,0.010911127697926022,1.0,0.835831821488784,0.5031541966610507,0.5038195422549243,0.5021490657068464,208928,20892.8,0.18238357494972937
BNBUSDT,rv_ratio_60_1440,15,524144,0.012428374615827173,0.00893864263912685,1.7744506261875734,364,0.7692307692307693,2.854404924501171,2.633580172448731,0.004311753542651736,1.7744506261875734,0.0759886421188247,0.01105127902779213,0.014188693814146886,1.0,0.8358303811394843,0.5046350523744185,0.5053412138242139,0.5032294769251364,209167,13944.466666666667,0.1373204651374841
BNBUSDT,range_atr_14,5,525581,0.002683996718693515,0.0030650298606214785,1.8002740044649876,365,0.7692307692307693,1.7868712737965045,1.7611704773895427,0.0739582963480304,1.7611704773895427,0.0782095532671038,-0.0009579069644740058,0.008215664714392293,-1.0,0.8708585526986782,0.49881642314913066,0.4967466805473759,0.5013132181286521,208267,41653.4,0.6879251133321503
BNBUSDT,range_atr_14,10,525576,0.001734588013846597,0.00210634610569376,1.3142408325005692,365,0.6153846153846154,1.093660025469233,1.084596919411695,0.27410411252027456,1.084596919411695,0.2781002200235103,-0.00015969475365619774,0.004536169748392358,-1.0,0.8708630347228445,0.5002680349211212,0.4994990480065944,0.5021490657068464,208928,20892.8,0.4696686340675748
BNBUSDT,range_atr_14,15,525571,0.0008223018278927735,0.0009664090279803556,0.5978572694946275,365,0.6153846153846154,0.5102054001540999,0.5093197330752315,0.6099075693211594,0.5093197330752315,0.6105281283979698,-0.0012400556895411498,0.004183545085475746,-1.0,0.8708605073881491,0.49868765149378247,0.49839720756874584,0.5032294769251364,209167,13944.466666666667,0.6229860386509848
BNBUSDT,jump_ratio_240,5,525353,-0.00033375888102239813,-0.001383068088155517,-0.4868618959885913,365,0.5384615384615384,-0.13198313044852975,-0.12306258946083917,0.8949976349645217,-0.12306258946083917,0.9020575353330702,-0.001345911847695722,0.0013528671758808225,-1.0,0.06999339038441306,0.5004009276553655,0.5000510658665634,0.5013132181286521,208267,41653.4,0.43770409195454046
BNBUSDT,jump_ratio_240,10,525348,-0.000987147720794626,-0.0019352928595161413,-0.49157578628332144,365,0.5384615384615384,-0.28315584528347404,-0.26169142473355195,0.7770573741064818,-0.26169142473355195,0.7935593522825639,-0.0022860593601124347,0.0012390195053618564,-1.0,0.06999257990768501,0.50099555827845,0.49926791310982566,0.5021490657068464,208928,20892.8,0.3883369382883159
BNBUSDT,jump_ratio_240,15,525343,-0.001907329836712121,-0.0031229334705044328,-0.6539162959234591,365,0.5384615384615384,-0.45491989476375927,-0.4217597704046305,0.6491668695463599,-0.4217597704046305,0.6732003724400724,-0.0032367890754527355,0.0004923627103987561,-1.0,0.06999172564808842,0.5004470112398227,0.49845365835641076,0.5032294769251364,209167,13944.466666666667,0.4628910421392307
BNBUSDT,ret15_x_rv_ratio,5,524154,-0.01914562847367102,-0.027392528482956514,-10.341481883282484,364,1.0,-7.476166985356401,-7.0153678111076765,7.65217122596187e-14,-7.0153678111076765,2.2934481185871577e-12,-0.016246571113110994,-0.02381403503733183,-1.0,0.004569083541153592,0.5120446350117878,0.5149070708083108,0.5013132181286521,208267,41653.4,4.5582416807559837e-07
BNBUSDT,ret15_x_rv_ratio,10,524149,-0.02557305514810393,-0.03636189131525795,-10.296914105265701,364,1.0,-7.636103373302561,-7.15657434648208,2.2389458068988912e-14,-7.15657434648208,8.271802829607428e-13,-0.022572378456124784,-0.03069556654577386,-1.0,0.004581237248724627,0.5157422652779905,0.5193463809296441,0.5021490657068464,208928,20892.8,2.736470812806033e-06
BNBUSDT,ret15_x_rv_ratio,15,524144,-0.030747426134083454,-0.04444042049892286,-10.87816160208117,364,1.0,-8.030135412212356,-7.604100289785646,9.736514026511811e-16,-7.604100289785646,2.8689271585191567e-14,-0.029133457887005772,-0.033627505299960614,-1.0,0.004569083541153592,0.5173186975000836,0.52115808910326,0.5032294769251364,209167,13944.466666666667,2.3133400659318508e-05
BNBUSDT,obv_z_240,5,525354,-0.01949674349659457,-0.04267850149018011,-14.85564613686619,365,1.0,-7.44998463444608,-6.9485862067179855,9.33511034979013e-14,-6.9485862067179855,3.689650162278869e-12,-0.019313563235033228,-0.019649181993500738,-1.0,-0.1556528525553607,0.5088228091824437,0.5126905696533399,0.5013132181286521,208267,41653.4,0.0001612472555120197
BNBUSDT,obv_z_240,10,525349,-0.025061740379611456,-0.05565172653854319,-14.022161794250712,365,1.0,-6.978027009922607,-6.440631627663454,2.9935411786559776e-12,-6.440631627663454,1.189773207980588e-10,-0.024364425678639202,-0.026098790589051773,-1.0,-0.15574273156410412,0.5117791775156992,0.5169953694207544,0.5021490657068464,208928,20892.8,0.0003405066190079444
BNBUSDT,obv_z_240,15,525344,-0.02790638030218855,-0.06307805200946179,-13.154400326909562,365,1.0,-6.466933666504205,-5.961868457507371,1.0001152436938935e-10,-5.961868457507371,2.493698637838202e-09,-0.02756820303647784,-0.028199658141931778,-1.0,-0.15576893371292477,0.5126047607892258,0.5181072415525906,0.5032294769251364,209167,13944.466666666667,0.0014765340068378448
BNBUSDT,obv_slope_15,5,525579,-0.019669080044139895,-0.02635229919246573,-9.487925170045449,365,0.9230769230769231,-7.961982491750901,-7.45815411239683,1.6930443715402813e-15,-7.45815411239683,8.774300683237721e-14,-0.016452477280999182,-0.024983520196788456,-1.0,-0.0040997521743926174,0.5120926502998555,0.5153413971188621,0.5013132181286521,208267,41653.4,4.12388209212658e-07
BNBUSDT,obv_slope_15,10,525574,-0.026330282811169954,-0.03522852007747723,-9.34926672572788,365,0.9230769230769231,-8.138816700449318,-7.606034835251552,3.991597457143858e-16,-7.606034835251552,2.8263313909921542e-14,-0.022156482202344355,-0.03330457762846284,-1.0,-0.004099810297048846,0.5153785035993261,0.5206031873632165,0.5021490657068464,208928,20892.8,4.6021431236799805e-06
BNBUSDT,obv_slope_15,15,525569,-0.029835985029982984,-0.04106758961623209,-9.682568926239421,365,0.8461538461538461,-8.033631591079299,-7.565368109363691,9.462905921407237e-16,-7.565368109363691,3.867677640702071e-14,-0.026058796183024868,-0.03612396005198484,-1.0,-0.004103956135360944,0.5161330420190565,0.522542859497306,0.5032294769251364,209167,13944.466666666667,7.157512773670212e-05
BNBUSDT,obv_slope_60,5,525534,-0.02085255672300167,-0.03535640621063133,-12.960078536048389,365,1.0,-8.118246035373156,-7.588535052185096,4.729692136686187e-16,-7.588535052185096,3.2354245066538595e-14,-0.01991788070103863,-0.022023381399704126,-1.0,-0.007329861385154408,0.5097495042421507,0.5139879169336256,0.5013132181286521,208267,41653.4,3.464044312268053e-05
BNBUSDT,obv_slope_60,10,525529,-0.025529054651170648,-0.04503417238737873,-11.902597242214188,365,0.9230769230769231,-7.2943937939084655,-6.741059685122076,3.0000677107586387e-13,-6.741059685122076,1.5723559567811958e-11,-0.02409199010384723,-0.027469319802743874,-1.0,-0.007331450281322242,0.5125737096033083,0.5172062309631977,0.5021490657068464,208928,20892.8,0.00014041348068622394
BNBUSDT,obv_slope_60,15,525524,-0.027492178424130657,-0.049914454973154485,-11.013170186703423,365,0.9230769230769231,-6.5782725848785235,-6.073876687503018,4.7594511117558877e-11,-6.073876687503018,1.2485862183683178e-09,-0.026571128341932676,-0.028428504316590594,-1.0,-0.007336843574853043,0.5121936060659664,0.5176044980925762,0.5032294769251364,209167,13944.466666666667,0.0020462362947440897
BNBUSDT,vwap_dev_session,5,525534,-0.015410265316168435,-0.07529748533573484,-30.72187822564508,365,1.0,-5.945016129201274,-5.5489405507444145,2.7642963560119054e-09,-5.5489405507444145,2.8740587758774258e-08,-0.01564199498055633,-0.014766048634178748,-1.0,-0.20901673153207737,0.5051400365876495,0.5092606187876814,0.5013132181286521,208267,41653.4,0.017991413693910916
BNBUSDT,vwap_dev_session,10,525529,-0.021898842232137283,-0.10369312102175036,-31.25527539775925,365,1.0,-6.13042028840656,-5.665511643550848,8.764722247887188e-10,-5.665511643550848,1.4658646976297901e-08,-0.021530923921933603,-0.022322531953933644,-1.0,-0.20915068507310558,0.5089360928166641,0.5150569339392516,0.5021490657068464,208928,20892.8,0.0049307659146580795
BNBUSDT,vwap_dev_session,15,525524,-0.026105998790539892,-0.12450098716453427,-31.08871036146994,365,1.0,-6.06237395441064,-5.604548739686825,1.3412691356391056e-09,-5.604548739686825,2.0879823141619113e-08,-0.025880196417572963,-0.026181817089036333,-1.0,-0.20924901278542368,0.5106207002060554,0.5180023026719696,0.5032294769251364,209167,13944.466666666667,0.006239795611502736
BNBUSDT,vwap_dev_60,5,525534,-0.02742971128415217,-0.04060425534677791,-14.833252837667894,365,1.0,-10.664927836159533,-9.931085632237679,1.4851429456283048e-26,-9.931085632237679,3.049174235655588e-23,-0.02698027025200057,-0.02781028752137802,-1.0,0.13585040895975517,0.5143541703678451,0.517534901534106,0.5013132181286521,208267,41653.4,2.44709997285091e-09
BNBUSDT,vwap_dev_60,10,525529,-0.03255507760291354,-0.04949837282341108,-13.10857438190701,365,1.0,-9.36717275084746,-8.650333920708437,7.450138488808516e-21,-8.650333920708437,5.134895833864682e-18,-0.03097590809257967,-0.03483068001799788,-1.0,0.1359426724797215,0.5171733803032623,0.5221919259819896,0.5021490657068464,208928,20892.8,3.5063884438901117e-07
BNBUSDT,vwap_dev_60,15,525524,-0.03713997233818098,-0.05680103209015199,-12.462141870687839,365,1.0,-9.007404150039903,-8.319971714732944,2.1099133222703563e-19,-8.319971714732944,8.798430667368223e-17,-0.035776615482751954,-0.039004404275858884,-1.0,0.13597572223568505,0.518513914718861,0.5242487258069228,0.5032294769251364,209167,13944.466666666667,6.45144148779144e-06
BNBUSDT,vwap_dev_240,5,525355,-0.025883853854357007,-0.05672845975197097,-19.44532089911914,365,1.0,-9.848514627746958,-9.175657495025034,6.956441702340488e-23,-9.175657495025034,4.488269941587944e-20,-0.027486950914468036,-0.022699793491475214,-1.0,0.320735130463057,0.5090580840939756,0.5141508897384837,0.5013132181286521,208267,41653.4,0.0001101469545474036
BNBUSDT,vwap_dev_240,10,525350,-0.03310145113225681,-0.07406760937017495,-18.541546363300856,365,1.0,-9.180763595178618,-8.456275582106922,4.280451990630909e-20,-8.456275582106922,2.7605277321188735e-17,-0.034186138238637705,-0.030724157628990754,-1.0,0.32082408583141164,0.5132390105682341,0.520471142954775,0.5021490657068464,208928,20892.8,6.508903911343432e-05
BNBUSDT,vwap_dev_240,15,525345,-0.037917781466064754,-0.085858283522787,-17.71262063998179,365,1.0,-8.7453987621241,-8.041251235352947,2.2222940421173484e-18,-8.041251235352947,8.892572330175421e-16,-0.039810457689289584,-0.03387082301694985,-1.0,0.3208583599124868,0.5152533621460365,0.5227687398154286,0.5032294769251364,209167,13944.466666666667,0.00015949561934183908
BNBUSDT,mfi_14,5,525581,-0.021220833722000895,-0.02818236479500094,-10.66099272999899,365,1.0,-8.538123114768968,-7.995824243463811,1.3641952886412589e-17,-7.995824243463811,1.287098780241751e-15,-0.019042154967054865,-0.0247001422271608,-1.0,-0.0068321277402243474,0.5115404744870767,0.5151796275459948,0.5013132181286521,208267,41653.4,1.2756247686383244e-06
BNBUSDT,mfi_14,10,525576,-0.028292371666589478,-0.03751402709551219,-10.504086082122377,365,1.0,-8.676777995139158,-8.115450817205085,4.071387672143474e-18,-8.115450817205085,4.839847000710204e-16,-0.026410529119972128,-0.03128913251531516,-1.0,-0.006826635883547982,0.514086192372492,0.51892776949837,0.5021490657068464,208928,20892.8,2.439046380497118e-05
BNBUSDT,mfi_14,15,525571,-0.03258959397251194,-0.04428186154577761,-10.766727544868372,365,1.0,-8.731146398716485,-8.27196948195863,2.5210410060078224e-18,-8.27196948195863,1.3176403548878897e-16,-0.031064212029422646,-0.03504172615113829,-1.0,-0.006835430084166316,0.5171418053517046,0.5219331465278023,0.5032294769251364,209167,13944.466666666667,2.674352313727606e-05
BNBUSDT,cmf_20,5,525575,-0.013730493089364557,-0.021043278517202092,-7.4053534772566385,365,0.8461538461538461,-5.601654353277293,-5.234990718624955,2.1231560502775583e-08,-5.234990718624955,1.6499315446895792e-07,-0.013615089050432254,-0.014157650361231173,-1.0,0.00105826239073696,0.5072335031474021,0.5096628875305458,0.5013132181286521,208267,41653.4,0.0015903365226998302
BNBUSDT,cmf_20,10,525570,-0.01500884818444958,-0.024363681099777657,-6.64237430329592,365,0.8461538461538461,-4.620812398430851,-4.308829608407603,3.822403012819099e-06,-4.308829608407603,1.6412074595325425e-05,-0.015083005425901942,-0.015491536328343058,-1.0,0.0010541818683444401,0.507849594118548,0.5114076110315176,0.5021490657068464,208928,20892.8,0.011837076191395447
BNBUSDT,cmf_20,15,525565,-0.015754330302597735,-0.027095584276796297,-6.485099089303274,365,0.8461538461538461,-4.17728641447445,-3.91265802469148,2.950074596250578e-05,-3.91265802469148,9.128576377890078e-05,-0.016603121599590466,-0.014946137164120769,-1.0,0.0010501120849651198,0.50732190068223,0.5106699283480688,0.5032294769251364,209167,13944.466666666667,0.04279581757170466
BNBUSDT,force_index_13,5,525534,-0.027790691260702785,-0.035747419656305894,-14.110874492416116,365,1.0,-11.270674624894918,-10.569810217245115,1.831610922202758e-29,-10.569810217245115,4.113261652270564e-26,-0.02574080668607987,-0.03106242344164407,-1.0,-0.013929633085940482,0.5145126208184686,0.519488262054405,0.5013132181286521,208267,41653.4,1.6161693483995825e-09
BNBUSDT,force_index_13,10,525529,-0.03126896225665869,-0.042232630572046494,-12.090548653006039,365,1.0,-9.761515146288918,-9.153439459234102,1.6467630292441642e-22,-9.153439459234102,5.514910152094162e-20,-0.028678474570726017,-0.03569383402171435,-1.0,-0.013923360526880764,0.5163166258232501,0.5225927207312753,0.5021490657068464,208928,20892.8,1.227234628803764e-06
BNBUSDT,force_index_13,15,525524,-0.03631110329016272,-0.05003437892820106,-11.981222527360396,365,1.0,-9.886164348450814,-9.310752954141257,4.7799235648609976e-23,-9.310752954141257,1.2692930106932495e-20,-0.034511192623323125,-0.039440120050701834,-1.0,-0.013915248379117302,0.5176868244034671,0.5251919651907977,0.5032294769251364,209167,13944.466666666667,1.4874522909254034e-05
BNBUSDT,rel_volume_60,5,525535,-0.004465323904206327,-0.004771070372974016,-2.4020845667637705,365,0.6923076923076923,-2.4188009650133453,-2.3225433523248866,0.015571757936856341,-2.3225433523248866,0.020203696911694585,-0.00676719713977555,-0.0011403289675038623,-1.0,0.648087461109442,0.5026288370217077,0.5026790289732379,0.5013132181286521,208267,41653.4,0.1427257462445048
BNBUSDT,rel_volume_60,10,525530,-0.0035281823267748437,-0.0039937745251764824,-1.6598083633177803,365,0.6153846153846154,-1.5992792491074002,-1.5249629674957896,0.10975856819609293,-1.5249629674957896,0.12726833468804963,-0.004583747137518813,-0.0021461183953439588,-1.0,0.6480805425370606,0.503249923418594,0.503130828595955,0.5021490657068464,208928,20892.8,0.17515379778108756
BNBUSDT,rel_volume_60,15,525525,-0.005207868301287203,-0.005775938071514359,-2.1972737866375476,365,0.7692307692307693,-2.1288226943645525,-2.025956658486594,0.03326893256311972,-2.025956658486594,0.04276922629184095,-0.0064819149309603965,-0.0032055104624978876,-1.0,0.6480674950321323,0.5020581640507346,0.5026251432762521,0.5032294769251364,209167,13944.466666666667,0.314653640158539
BNBUSDT,rel_volume_1440,5,524155,-0.0030362600478820497,-0.004509606271713921,-2.0736429246065122,364,0.7692307692307693,-1.4430859300266912,-1.3695653930299314,0.1489962663211868,-1.3695653930299314,0.17082260868357624,-0.007239615431208351,0.003310652958249533,-1.0,0.5375632152416174,0.5010299279290527,0.5005156059571938,0.5013132181286521,208267,41653.4,0.3403232442732318
BNBUSDT,rel_volume_1440,10,524150,-0.0016450660516710586,-0.003979329952881912,-1.4153288593751994,364,0.6923076923076923,-0.6131765969678734,-0.5764997791528037,0.5397595774344541,-0.5764997791528037,0.5642774190952996,-0.005407815872020059,0.0039488333732739375,-1.0,0.5375555106224033,0.5017039362842701,0.5015983778629719,0.5021490657068464,208928,20892.8,0.3116390329707343
BNBUSDT,rel_volume_1440,15,524145,-0.0012780664040610832,-0.004777324010983935,-1.4555530642759034,364,0.6923076923076923,-0.4103877189851737,-0.38476425747085596,0.6815215537287893,-0.38476425747085596,0.7004120826084699,-0.005389055239594416,0.005093975186825494,-1.0,0.5375421180389853,0.4997968130728079,0.5001145653387428,0.5032294769251364,209167,13944.466666666667,0.523635105157092
BNBUSDT,rel_volume_tod,5,522714,-0.0037575760966677336,-0.0060195132223024705,-2.80212710700781,363,0.6923076923076923,-1.791801949675621,-1.700875694456399,0.07316469641196743,-1.700875694456399,0.08896633157105585,-0.007614286468053865,0.0024193623949868284,-1.0,0.6043851144441212,0.5001752558014472,0.5003377183782605,0.5013132181286521,208267,41653.4,0.47265527229339427
BNBUSDT,rel_volume_tod,10,522709,-0.002004779635794409,-0.006310569971821572,-2.357272411578451,363,0.6923076923076923,-0.7484404456248391,-0.7029805780073071,0.45419453430863965,-0.7029805780073071,0.4820678532460877,-0.0051473070243920945,0.0026759757946367155,-1.0,0.6043721576513555,0.5009764129269413,0.5012456896212605,0.5021490657068464,208928,20892.8,0.39364964160778515
BNBUSDT,rel_volume_tod,15,522704,-0.0006752292854594449,-0.006843557899479325,-2.266333332424072,363,0.6153846153846154,-0.21674672027641506,-0.20237775081007525,0.8284057358582106,-0.20237775081007525,0.8396214208061412,-0.003459318795403733,0.0035300043678636733,-1.0,0.6043678196215837,0.5009155363895834,0.5008565327792279,0.5032294769251364,209167,13944.466666666667,0.4161661733096525
BNBUSDT,adl_z_240,5,525355,-0.014390334451043965,-0.0346939459260227,-12.347631606741432,365,1.0,-5.528962977133698,-5.157826972943115,3.221293119414495e-08,-5.157826972943115,2.498323229988617e-07,-0.016050366589795372,-0.01177516516189621,-1.0,-0.032799291335687715,0.5044294103242473,0.5079044168404997,0.5013132181286521,208267,41653.4,0.03568403316854812
BNBUSDT,adl_z_240,10,525350,-0.01931860123929117,-0.04599561683056794,-11.804406577134145,365,1.0,-5.401725412000244,-4.9877533390677815,6.600293105616034e-08,-4.9877533390677815,6.108548954084952e-07,-0.021670551812133454,-0.015853526827283988,-1.0,-0.03281808821228835,0.5053559120845459,0.5105252883438915,0.5021490657068464,208928,20892.8,0.06143637183738964
BNBUSDT,adl_z_240,15,525345,-0.022287305023228166,-0.05265531235708287,-11.119776721165602,365,1.0,-5.19446462137016,-4.7952883329801335,2.053098104122985e-07,-4.7952883329801335,1.6244101206214758e-06,-0.02571961695302584,-0.01687418995001986,-1.0,-0.03290582571076904,0.5067290729417164,0.5114303197945869,0.5032294769251364,209167,13944.466666666667,0.056639754938408206
BNBUSDT,vpt_z_240,5,525354,-0.02439964219565876,-0.04594028065839043,-15.492433166472043,365,1.0,-9.293236677910295,-8.67603475562419,1.496663405812052e-20,-8.67603475562419,4.09806972899204e-18,-0.024584602931515622,-0.02392271724611255,-1.0,-0.24581951101043384,0.5115596806023037,0.515278756939799,0.5013132181286521,208267,41653.4,1.2157474079478068e-06
BNBUSDT,vpt_z_240,10,525349,-0.032414189886315954,-0.061633099355092674,-14.967837292193968,365,1.0,-8.998163302991788,-8.305620864083565,2.2952522812639954e-19,-8.305620864083565,9.92988340549892e-17,-0.032667576819045814,-0.031878590498740936,-1.0,-0.2458994399117092,0.5161251723081636,0.5200438054959375,0.5021490657068464,208928,20892.8,1.6080439612203954e-06
BNBUSDT,vpt_z_240,15,525344,-0.036913570607066716,-0.07114022057416527,-14.285091717643686,365,1.0,-8.529009350192394,-7.858270770688195,1.476062585525466e-17,-7.858270770688195,3.894726761745472e-15,-0.037513123512112584,-0.03561833423081174,-1.0,-0.24595373397780718,0.5167784593171963,0.5216604109765789,0.5032294769251364,209167,13944.466666666667,3.824587776174372e-05
BNBUSDT,eom_14,5,525522,-0.005636764849825413,-0.009855239207891858,-3.9174017260317275,365,0.9230769230769231,-2.327917769903667,-2.185356769687917,0.019916470481699075,-2.185356769687917,0.028862697960096138,-0.003804989545658282,-0.008446344976832103,-1.0,0.007867784287777551,0.5054377313736694,0.5064372575837972,0.5013132181286521,208267,41653.4,0.01338966964090773
BNBUSDT,eom_14,10,525517,-0.007842483750362032,-0.012962463059347857,-3.9894909807971284,365,0.8461538461538461,-2.497757041292528,-2.3410462776759395,0.01249818196265261,-2.3410462776759395,0.019229783364953394,-0.004877297049263976,-0.012795240546509054,-1.0,0.007870454511701014,0.5065094195129423,0.5093694752578541,0.5021490657068464,208928,20892.8,0.030401598404781655
BNBUSDT,eom_14,15,525512,-0.011901815724382533,-0.018511436890000246,-5.033211214711384,365,0.9230769230769231,-3.346701496783117,-3.1745020484109,0.0008177922074386763,-3.1745020484109,0.0015009383138070457,-0.010312343280479181,-0.014926648653489083,-1.0,0.007871575016872353,0.5069872398609724,0.509929117230927,0.5032294769251364,209167,13944.466666666667,0.05108365120413927
BNBUSDT,taker_imb_1,5,525594,0.0027903563877774294,0.001517105605712155,0.9139806694246811,365,0.5384615384615384,1.862806918565076,1.8224476891690888,0.06248943630063417,0.9139806694246811,0.36072700315158657,-0.0002530437526220317,0.007814110676790971,-1.0,0.012955210852376164,0.49703025443301146,0.49626920457162826,0.5013132181286521,208267,41653.4,0.887845055575843
BNBUSDT,taker_imb_1,10,525589,0.006032490093155192,0.0041724570701563626,2.349877904624541,365,0.6153846153846154,3.6616499226244508,3.547245255298648,0.00025059614246834047,2.349877904624541,0.018779570009251706,0.0038805407013117045,0.009823584301837118,1.0,0.01295870170764224,0.5025750497779139,0.5042983606463801,0.5021490657068464,208928,20892.8,0.22956662373916553
BNBUSDT,taker_imb_1,15,525584,0.007738249601627166,0.005219442617946661,2.728508336501731,365,0.6153846153846154,4.393253909177158,4.248481259018099,1.1166657896870938e-05,2.728508336501731,0.006362148205733104,0.005759276323255085,0.011204770801449715,1.0,0.012961006393172547,0.5048645340804238,0.506501328659317,0.5032294769251364,209167,13944.466666666667,0.12646758539448932
BNBUSDT,taker_imb_5,5,525590,-0.003022254927346873,-0.006261190342987664,-2.5002473572312,365,0.7692307692307693,-1.3613097155222504,-1.28956140669924,0.17341583398537186,-1.28956140669924,0.1972029827471522,-0.005503891197469436,0.0011177593018977517,-1.0,0.008558289196511137,0.4996566906903158,0.4991186303303018,0.5013132181286521,208267,41653.4,0.5584313084481238
BNBUSDT,taker_imb_5,10,525585,-0.00012952386638840778,-0.004318354111390642,-1.467363024477769,365,0.6923076923076923,-0.048666212250350546,-0.046588439784562,0.9611853026733516,-0.046588439784562,0.9628412457423359,-0.0014431485145355743,0.0020884307290969613,-1.0,0.008562659846450549,0.5001196584469291,0.5000252104331929,0.5021490657068464,208928,20892.8,0.49172041822252066
BNBUSDT,taker_imb_5,15,525580,-0.0035834111634742405,-0.009571674363490754,-2.9985025588335477,365,0.8461538461538461,-1.2366726477177432,-1.1910390858986706,0.21620863722340267,-1.1910390858986706,0.2336382411551382,-0.007066684873799276,0.0017715871478490338,-1.0,0.00857126040550582,0.4999115539258105,0.4997973863119227,0.5032294769251364,209167,13944.466666666667,0.5101341732269933
BNBUSDT,taker_imb_15,5,525580,-0.011307244379369953,-0.018299115193626342,-6.307016977485675,365,1.0,-4.648155452573228,-4.348282903481708,3.349164770050028e-06,-4.348282903481708,1.3720754448625368e-05,-0.01608377986376591,-0.0040782168854398134,-1.0,0.006423687734908423,0.5019038061718851,0.5029235767111027,0.5013132181286521,208267,41653.4,0.21941657847700796
BNBUSDT,taker_imb_15,10,525575,-0.0164012032907079,-0.0257604011701528,-6.3870404801156235,365,1.0,-5.09304762542688,-4.736786303290256,3.523531422057858e-07,-4.736786303290256,2.171339119463156e-06,-0.02295889792067967,-0.0065791887536026045,-1.0,0.006428605916772412,0.5024362459794762,0.5062718736626993,0.5021490657068464,208928,20892.8,0.24234978692909376
BNBUSDT,taker_imb_15,15,525570,-0.017778044578071788,-0.02957176119101124,-6.4201535351557135,365,0.9230769230769231,-4.758962793779118,-4.453152244759001,1.9459029702810797e-06,-4.453152244759001,8.461870953585224e-06,-0.025423978468727976,-0.0061903215092795815,-1.0,0.0064220661658679346,0.5027944178575015,0.5053209553080422,0.5032294769251364,209167,13944.466666666667,0.25717736590144946
BNBUSDT,taker_imb_60,5,525535,-0.009098147234638225,-0.023584036146418654,-8.077036629141055,365,1.0,-3.6304740805115077,-3.388357512677814,0.0002829011147492107,-3.388357512677814,0.0007031255059871165,-0.014550610209717629,-0.0009380735039187772,-1.0,0.005505043757307204,0.5009386988817239,0.5016248880081277,0.5013132181286521,208267,41653.4,0.35116302661836113
BNBUSDT,taker_imb_60,10,525530,-0.010618199202056294,-0.02957562874745646,-7.238409907501489,365,1.0,-3.0923153599053728,-2.856311610786393,0.001986017403098061,-2.856311610786393,0.004285942655186583,-0.017258431516747188,-0.00021490789589415692,-1.0,0.005508045736259848,0.5023261602083015,0.5024506945731412,0.5021490657068464,208928,20892.8,0.25108159554045106
BNBUSDT,taker_imb_60,15,525525,-0.010150374373802824,-0.031569447537265906,-6.367470731445594,365,0.9230769230769231,-2.4658355812541215,-2.275301970729722,0.013669406393555837,-2.275301970729722,0.022887821308507406,-0.01777662426751301,0.0021425515315843208,-1.0,0.005510252631390378,0.5016565710652254,0.500768169177036,0.5032294769251364,209167,13944.466666666667,0.35157179677007266
BNBUSDT,taker_imb_z_15,5,524141,-0.012139536967764866,-0.015831251100585503,-5.480334019882768,364,0.8461538461538461,-4.919884876256053,-4.60279462727131,8.659513080089065e-07,-4.60279462727131,4.168592435998005e-06,-0.01676276926049417,-0.004656697162882201,-1.0,0.005798399961522834,0.5033298602274965,0.5035605130871517,0.5013132181286521,208267,41653.4,0.08813290606292346
BNBUSDT,taker_imb_z_15,10,524136,-0.017416896073282662,-0.022421759942555238,-5.586723324156093,364,0.9230769230769231,-5.335372205998979,-4.958782641402682,9.534876368847946e-08,-4.958782641402682,7.093627859912427e-07,-0.023868290459893655,-0.0069993842274364195,-1.0,0.0057948828907384425,0.5041545412773778,0.5066513090121068,0.5021490657068464,208928,20892.8,0.1156733167151288
BNBUSDT,taker_imb_z_15,15,524131,-0.019037356106729356,-0.02568488142100299,-5.59537970176617,364,0.9230769230769231,-5.028612941145391,-4.701867929960022,4.940404926336815e-07,-4.701867929960022,2.5779223011410626e-06,-0.026667455707708416,-0.006476355928869498,-1.0,0.005759884776608804,0.50404700550278,0.5054567161899026,0.5032294769251364,209167,13944.466666666667,0.1736081498470616
BNBUSDT,cvd_z_60,5,525535,-0.01186150734318544,-0.02226728488291311,-7.319917854850641,365,1.0,-4.645224802915162,-4.332009781193976,3.3970633629132895e-06,-4.332009781193976,1.4775437606771354e-05,-0.016604545231206226,-0.0043011017226127915,-1.0,0.08458177203994365,0.5022063024867117,0.5031144125786562,0.5013132181286521,208267,41653.4,0.1862607495894628
BNBUSDT,cvd_z_60,10,525530,-0.015285870332789817,-0.028791880498416404,-6.938247394084003,365,1.0,-4.421582671637866,-4.090923528644561,9.798056181067975e-06,-4.090923528644561,4.296587988589185e-05,-0.020674982058879618,-0.006549033413710543,-1.0,0.08466357866986751,0.5030058201868586,0.5060774013600158,0.5021490657068464,208928,20892.8,0.19357216127860932
BNBUSDT,cvd_z_60,15,525525,-0.016420798340356126,-0.032383110011251104,-6.574807453035729,365,0.9230769230769231,-4.00232773756734,-3.7062595638863014,6.2722332517775e-05,-3.7062595638863014,0.00021034273198102012,-0.022923923990237845,-0.0059822235706449,-1.0,0.08468337949353089,0.5013697189327189,0.5055662093222879,0.5032294769251364,209167,13944.466666666667,0.3770139613490152
BNBUSDT,cvd_z_240,5,525355,-0.011452781854531453,-0.031865909547878254,-10.68594853029576,365,0.9230769230769231,-4.410322323807615,-4.111853614846478,1.0321686651387567e-05,-4.111853614846478,3.924951415964972e-05,-0.015855523292724695,-0.004677241513034644,-1.0,0.03373513821379443,0.5027248675978432,0.5027455254889299,0.5013132181286521,208267,41653.4,0.13407099630568547
BNBUSDT,cvd_z_240,10,525350,-0.014836194886556303,-0.04157887996767658,-9.930322403129502,365,0.9230769230769231,-4.156125617228578,-3.834545640308264,3.236898979033042e-05,-3.834545640308264,0.00012579661356328895,-0.020386555479242834,-0.005622764841420867,-1.0,0.03367885629741288,0.504480012253025,0.5040979316566916,0.5021490657068464,208928,20892.8,0.09787465787466278
BNBUSDT,cvd_z_240,15,525345,-0.015971898933610625,-0.04669694253282944,-9.15532885325985,365,0.9230769230769231,-3.7182986305971024,-3.42678116632819,0.0002005690820286896,-3.42678116632819,0.0006107810737384545,-0.022820403305114867,-0.004483619565635995,-1.0,0.03360602119427357,0.5055242939851888,0.5038171045472353,0.5032294769251364,209167,13944.466666666667,0.09754197739388863
BNBUSDT,trades_rel_60,5,525535,0.0006784612387514545,0.0006839806347981527,0.32344164745246895,365,0.6153846153846154,0.3485364448422804,0.3329046599389612,0.727437348511625,0.32344164745246895,0.746360792952566,-0.00239486790591782,0.005185669918994626,-1.0,0.8603554588320639,0.49986795795781375,0.4990785762843023,0.5013132181286521,208267,41653.4,0.5234432125837569
BNBUSDT,trades_rel_60,10,525530,0.001576334698406186,0.0017036876856722412,0.6814389947251719,365,0.5384615384615384,0.664804467764524,0.6323845147530843,0.5061755646795809,0.6323845147530843,0.5271356501325071,-0.0010222936863686692,0.005462969503142856,-1.0,0.8603555087221081,0.5002823939347526,0.49965771654478564,0.5021490657068464,208928,20892.8,0.4696686340675748
BNBUSDT,trades_rel_60,15,525525,0.00041666874069887775,0.0001995221953999295,0.07089930091433697,365,0.46153846153846156,0.15801948577343958,0.150380360632482,0.8744414441978354,0.07089930091433697,0.9434778997666483,-0.0031576019769301777,0.006174429849788803,-1.0,0.8603491271820448,0.4990079697084148,0.4977713956287484,0.5032294769251364,209167,13944.466666666667,0.5969982565720968
BNBUSDT,avg_trade_size_rel_60,5,525535,-0.00737827923355854,-0.007630933289707624,-4.3781364925518735,365,0.8461538461538461,-4.431760047531638,-4.302188710124458,9.346699902718144e-06,-4.302188710124458,1.691191762517344e-05,-0.007914367596682494,-0.006672159738720425,-1.0,0.7784608093587131,0.5032482342377813,0.5048952854702689,0.5013132181286521,208267,41653.4,0.09292709606799587
BNBUSDT,avg_trade_size_rel_60,10,525530,-0.006759247479943682,-0.0073019428159945485,-3.36077459983336,365,0.8461538461538461,-3.5520109050421,-3.412486280831839,0.0003822990160240048,-3.36077459983336,0.000777242262167687,-0.006253313221263449,-0.007811322761690313,-1.0,0.7784554902643603,0.5027329989278603,0.5045916487988622,0.5021490657068464,208928,20892.8,0.21717024259108425
BNBUSDT,avg_trade_size_rel_60,15,525525,-0.007897495821748533,-0.00824247669006387,-3.5253465650448983,365,1.0,-3.8056321121191035,-3.6426278205940004,0.0001414424904837914,-3.5253465650448983,0.00042292909801115,-0.00706438215760993,-0.009401240142625703,-1.0,0.7784473069909681,0.5038509898789006,0.5056655189096431,0.5032294769251364,209167,13944.466666666667,0.18243401170324486
BNBUSDT,tick_imb_15,5,525579,-0.019337650098362122,-0.026079578824901476,-9.35967211754114,365,0.9230769230769231,-7.844220679423007,-7.347576292401616,4.35650416100717e-15,-7.347576292401616,2.018330995690304e-13,-0.016353654272991423,-0.024246280806893464,-1.0,-0.004089558347212653,0.511660512707246,0.5150215820672064,0.5013132181286521,208267,41653.4,1.0021267995545849e-06
BNBUSDT,tick_imb_15,10,525574,-0.026161523321213152,-0.035077070944694734,-9.32658437880523,365,0.9230769230769231,-8.10306540500402,-7.571630100999356,5.359140798177769e-16,-7.571630100999356,3.6856969040378625e-14,-0.022278459338614144,-0.03263395498732333,-1.0,-0.0040866473129461895,0.5151966227599939,0.5202036308240738,0.5021490657068464,208928,20892.8,5.941909531362069e-06
BNBUSDT,tick_imb_15,15,525569,-0.02977198225497147,-0.04089078825553572,-9.72489797647996,365,0.8461538461538461,-8.033921619436317,-7.565196005954905,9.440551804440852e-16,-7.565196005954905,3.872801940770838e-14,-0.02629822966959933,-0.035561829021382746,-1.0,-0.0040963653151999055,0.5160613289859299,0.522314263871944,0.5032294769251364,209167,13944.466666666667,7.663220928793192e-05
BNBUSDT,tick_imb_60,5,525534,-0.02057085928344751,-0.03502768766517981,-12.826237509301585,365,1.0,-8.023043643006009,-7.49943936331484,1.0315667880847093e-15,-7.49943936331484,6.409136198272267e-14,-0.019650431960980225,-0.02167325773595184,-1.0,-0.007279003475655092,0.5097495042421507,0.5135747484167095,0.5013132181286521,208267,41653.4,3.464044312268053e-05
BNBUSDT,tick_imb_60,10,525529,-0.02543627629154029,-0.04487820385902083,-11.82731989213531,365,0.9230769230769231,-7.280953015439811,-6.728634628690297,3.3147012197796427e-13,-6.728634628690297,1.7126249542782557e-11,-0.02394234182630015,-0.027407188859495953,-1.0,-0.007282947526512118,0.5130475570531475,0.5170855909723473,0.5021490657068464,208928,20892.8,8.137414406776825e-05
BNBUSDT,tick_imb_60,15,525524,-0.02759005001995757,-0.04990795064040651,-10.968868839123694,365,0.9230769230769231,-6.612834312130324,-6.105655553902849,3.7703037979776926e-11,-6.105655553902849,1.0237958739099956e-09,-0.026584324622556173,-0.028587970725153695,-1.0,-0.007290255463743412,0.5126955972978529,0.5173720214192754,0.5032294769251364,209167,13944.466666666667,0.0013970757999543868
BNBUSDT,ret15_x_taker_abs15,5,525534,-0.015883525582325017,-0.022796360898271743,-9.0539352534119,365,1.0,-6.533677758442221,-6.133085976534833,6.417394455681661e-11,-6.133085976534833,8.619053614438954e-10,-0.013858174727193504,-0.01887194986412614,-1.0,6.603259239728188e-05,0.5120542380694013,0.5129125225434125,0.5013132181286521,208267,41653.4,4.335827130752189e-07
BNBUSDT,ret15_x_taker_abs15,10,525529,-0.021919407931535365,-0.03129266983302581,-9.311464640153705,365,1.0,-6.915830271751227,-6.48315920021522,4.651310272920443e-12,-6.48315920021522,8.982163105550966e-11,-0.020125541692960863,-0.024768970536087554,-1.0,6.67501679566613e-05,0.5158092740082708,0.5169952917118881,0.5021490657068464,208928,20892.8,2.562179619953435e-06
BNBUSDT,ret15_x_taker_abs15,15,525524,-0.02676979769736715,-0.039108837880568195,-10.135694046645098,365,1.0,-7.384083014376956,-6.996324310375921,1.5350765114056966e-13,-6.996324310375921,2.6276490999248295e-12,-0.02565432966872806,-0.028601612044251407,-1.0,6.603259239728188e-05,0.517333040106709,0.518923872719134,0.5032294769251364,209167,13944.466666666667,2.15065780215521e-05
BNBUSDT,clv,5,525594,0.006886233313488087,0.005980462985022822,4.041354689346164,365,0.7692307692307693,5.257424661642017,5.251400004387115,1.4608670939193687e-07,4.041354689346164,5.314330735561555e-05,0.006198855043183799,0.008083090295755692,1.0,0.012658227848305286,0.49962788151747517,0.5021119322488179,0.5013132181286521,208267,41653.4,0.5622959080454595
BNBUSDT,clv,10,525589,0.009380300173911406,0.007597634237057567,5.465054511384296,365,0.8461538461538461,7.151373645337071,7.124829007243901,8.59137811823158e-13,5.465054511384296,4.627645727620918e-08,0.011260266071092132,0.0062088248627177,1.0,0.012820512820501609,0.4990714504518303,0.5011150991841948,0.5021490657068464,208928,20892.8,0.6063503583922148
BNBUSDT,clv,15,525584,0.009037785458593559,0.006867176756325459,5.045630447986794,365,0.8461538461538461,6.886279685975468,6.890964385991121,5.727034268917509e-12,5.045630447986794,4.5202836118656074e-07,0.011780541952570278,0.004217807588479861,1.0,0.012820512820501609,0.4990366549216655,0.5006621846041496,0.5032294769251364,209167,13944.466666666667,0.5904287859699382
BNBUSDT,clv_15,5,525580,-0.00027650420625784864,-0.005856404585418432,-2.074337228044386,365,0.6923076923076923,-0.11420465810930767,-0.10691512527894174,0.9090755594340599,-0.10691512527894174,0.9148563137339588,0.003473659103444568,-0.006249667336317071,1.0,0.015709457047958838,0.4955513835605257,0.4956813900782096,0.5013132181286521,208267,41653.4,0.965827685270254
BNBUSDT,clv_15,10,525575,-0.0011737307624053541,-0.008044603983629123,-2.1970669808216288,365,0.6923076923076923,-0.3683362863869839,-0.34333432292613175,0.7126224988671126,-0.34333432292613175,0.7313469623749922,0.004112928064858594,-0.010088977024824301,1.0,0.015711494198514378,0.49473502833512023,0.49252639033534024,0.5021490657068464,208928,20892.8,0.9368665112421287
BNBUSDT,clv_15,15,525570,-0.0039634993413919795,-0.012655363261614592,-3.0675002038437715,365,0.7692307692307693,-1.0836840532018324,-1.0182310925270854,0.27850490854450394,-1.0182310925270854,0.3085681465604798,0.0007677304546402658,-0.012259175626172914,1.0,0.0157087698347119,0.4934812852887884,0.4912018637783311,0.5032294769251364,209167,13944.466666666667,0.939398975031783
BNBUSDT,body_ratio,5,525594,6.246173006368495e-05,-0.001582719481187553,-1.0942127089976226,365,0.5384615384615384,0.04729481705156283,0.04719806359981056,0.9622782588558486,0.0,1.0,-0.0007135452207218495,0.00134827147267911,-1.0,0.0,0.5030561730855104,0.5019863743104434,0.5013132181286521,208267,41653.4,0.10664928909601623
BNBUSDT,body_ratio,10,525589,0.003651217126685914,0.0010616008719476961,0.7828827230521176,365,0.6153846153846154,2.758936778586102,2.75036670716988,0.005798975256484617,0.7828827230521176,0.43369598394866016,0.00551311217398378,0.0003966396043499716,1.0,0.0,0.4964533236330219,0.4974379698814537,0.5021490657068464,208928,20892.8,0.848694913652242
BNBUSDT,body_ratio,15,525584,0.003946734566805368,0.0007496001907342639,0.57168079184046,365,0.6923076923076923,2.996951184296496,3.0036562946829366,0.002726943762605976,0.57168079184046,0.5675382497843575,0.006725482589562347,-0.0010838698311667117,1.0,0.0,0.4964932326801073,0.496984746627272,0.5032294769251364,209167,13944.466666666667,0.799091246894107
BNBUSDT,upper_wick,5,525594,-0.01051170523479043,-0.01105269091368871,-7.61649884415928,365,1.0,-7.228362574851121,-7.137487929290609,4.888521596486538e-13,-7.137487929290609,9.505196560117605e-13,-0.009912903227272408,-0.011515035555406967,-1.0,0.07142857142851343,0.5051400365876495,0.506361927007531,0.5013132181286521,208267,41653.4,0.017991413693910916
BNBUSDT,upper_wick,10,525589,-0.008338854810621384,-0.008334834523178508,-5.671592033780676,365,0.8461538461538461,-5.3224169437096185,-5.201237425224685,1.0239754090425845e-07,-5.201237425224685,1.9796601010553652e-07,-0.008232766797296202,-0.008449650354029037,-1.0,0.07142857142851343,0.50334086383826,0.5043560243364906,0.5021490657068464,208928,20892.8,0.16810848095938477
BNBUSDT,upper_wick,15,525584,-0.007885830438159679,-0.008313410178337626,-5.211140558596082,365,0.8461538461538461,-4.744694429199672,-4.602824906044728,2.088213215031499e-06,-4.602824906044728,4.16798621945626e-06,-0.008619130855433617,-0.006713778954699885,-1.0,0.07142857142851343,0.5042717063399103,0.5047670539345777,0.5032294769251364,209167,13944.466666666667,0.15678696459312857
BNBUSDT,lower_wick,5,525594,0.009621081818403862,0.011404676140695577,7.631606999640252,365,1.0,6.759256190608125,6.685256726384083,1.3870194940338116e-11,6.685256726384083,2.305201650275082e-11,0.009747432632894647,0.009547858278722504,1.0,0.0819672131147709,0.5038628299250482,0.5050799233674156,0.5013132181286521,208267,41653.4,0.05844813122075396
BNBUSDT,lower_wick,10,525589,0.009116941923381899,0.010864715231286537,7.104832291689132,365,0.9230769230769231,6.040795908228576,5.92295169747448,1.53355858352479e-09,5.92295169747448,3.1621374679850283e-09,0.009335544397912796,0.008943822420501102,1.0,0.08196721311479688,0.5040157374789401,0.5052727993141279,0.5021490657068464,208928,20892.8,0.1239662278791473
BNBUSDT,lower_wick,15,525584,0.007877967317667624,0.009826483179100757,6.4343153831715085,365,0.9230769230769231,4.972732910325112,4.859097245089654,6.601558455048215e-07,4.859097245089654,1.179222062253415e-06,0.007404455409644281,0.008749852472203409,1.0,0.08196721311480705,0.50360716556627,0.5048400561829891,0.5032294769251364,209167,13944.466666666667,0.20090875310589296
BNBUSDT,amihud_60,5,525534,0.0013443762057313074,0.007390311684830479,2.719410710819999,365,0.7692307692307693,0.5035536649078449,0.4694884480122605,0.6145750600360359,0.4694884480122605,0.6387205401389828,0.005379162465377168,-0.006872536015974987,1.0,-19.08904041381426,0.49830746109561286,0.4972379761923976,0.5013132181286521,208267,41653.4,0.7567130854684221
BNBUSDT,amihud_60,10,525529,0.001103846075184497,0.010845126372239755,2.852656211004248,365,0.7692307692307693,0.2984846472803343,0.2746532712771935,0.765333292079752,0.2746532712771935,0.7835826349931545,0.005520674423830742,-0.008264553920633815,1.0,-19.089047783704416,0.49924854495328536,0.49732986090347986,0.5021490657068464,208928,20892.8,0.5902968340904033
BNBUSDT,amihud_60,15,525524,0.0016855418721401065,0.013545229120886768,2.8865267138381387,365,0.7692307692307693,0.37629040641297895,0.3458601743991422,0.7067010106854483,0.3458601743991422,0.7294477998662703,0.0070003333685277605,-0.009610883357306862,1.0,-19.089061752165257,0.4996629487443048,0.4981690967086536,0.5032294769251364,209167,13944.466666666667,0.5371089578607693
BNBUSDT,amihud_rel_60,5,524095,0.00265165931333298,0.006160963716949415,2.2322973174986904,364,0.7692307692307693,1.0277593153785183,0.9578165266080414,0.30406305844410875,0.9578165266080414,0.338155284049677,0.006919608092476268,-0.004154647912571818,1.0,0.018271591834015055,0.498557140593565,0.4978322809454581,0.5013132181286521,208267,41653.4,0.7250042194202897
BNBUSDT,amihud_rel_60,10,524090,0.0036159543691749825,0.009002880095954933,2.3369593324504723,364,0.6923076923076923,1.0146718446514054,0.9337390605158384,0.31026227958926145,0.9337390605158384,0.35043851097799683,0.009064594407397328,-0.005027686550071198,1.0,0.018264968032614348,0.5006892326543115,0.4997139057824688,0.5021490657068464,208928,20892.8,0.4259095308863997
BNBUSDT,amihud_rel_60,15,524085,0.0037786098885675425,0.011096892002179021,2.3381345079898517,364,0.7692307692307693,0.878533508440365,0.8082365156478347,0.379654261562936,0.8082365156478347,0.4189544405507698,0.010314081199906793,-0.006699595458481773,1.0,0.018257159107623266,0.5017235032294769,0.4992280430342811,0.5032294769251364,209167,13944.466666666667,0.34530870422979465
BNBUSDT,roll_spread_60,5,525533,-0.002460066565046486,-0.0002513180243609736,-0.0835857209813875,365,0.46153846153846156,-0.9189101975022975,-0.8587766324020303,0.35814254563482695,-0.0835857209813875,0.9333858202099323,-0.0038856928312400525,0.00012502375983642475,-1.0,9.615758171270789e-05,0.49980073655451895,0.49981148201974124,0.5013132181286521,208267,41653.4,0.5351395203731812
BNBUSDT,roll_spread_60,10,525528,-0.0029881112199553754,-0.0006695009402110663,-0.16303128554447552,365,0.46153846153846156,-0.821617293794591,-0.7599339677393303,0.4112947435882206,-0.16303128554447552,0.8704938018989874,-0.00546959053527288,0.001622439404528539,-1.0,9.61600699738511e-05,0.49865982539439424,0.49881435972188104,0.5021490657068464,208928,20892.8,0.6533391891768533
BNBUSDT,roll_spread_60,15,525523,-0.002780271435550867,0.00045066975741651645,0.09170500860357075,365,0.46153846153846156,-0.6431132145480544,-0.5962487158696779,0.5201506405166605,0.0,1.0,-0.005643508065112254,0.002834018721476397,-1.0,9.616617676039464e-05,0.49688048305899113,0.49724109433288466,0.5032294769251364,209167,13944.466666666667,0.7693649872414364
BNBUSDT,roll_spread_240,5,525353,0.003925970110694868,0.0047486200341275535,1.5985312983169548,365,0.6923076923076923,1.459818652480076,1.36483085006125,0.14433992082732988,1.36483085006125,0.17230622016795005,0.0050911448691989105,0.0019470610416363115,1.0,0.0,0.5009242942953036,0.5012433144405207,0.5013132181286521,208267,41653.4,0.3548039011595982
BNBUSDT,roll_spread_240,10,525348,0.005280218038143829,0.006503220801625294,1.5895937176249288,365,0.6923076923076923,1.427427766133203,1.317954217415299,0.1534566322120506,1.317954217415299,0.18751897436921383,0.007138409232013568,0.001988221469268537,1.0,0.0,0.5010769260223618,0.5013271752484061,0.5021490657068464,208928,20892.8,0.3830450452140097
BNBUSDT,roll_spread_240,15,525343,0.007242957058726628,0.008347820229746188,1.6888329442595602,365,0.6923076923076923,1.6289002677239721,1.5051872343604638,0.10333413342332114,1.5051872343604638,0.13227594622435707,0.010724920635384385,0.001018615386050707,1.0,0.0,0.5009776876849599,0.5012599558630713,0.5032294769251364,209167,13944.466666666667,0.40957121403006186
BNBUSDT,cs_spread_60,5,525534,-0.0004187685706195075,0.002789426454807573,1.0048096804050928,365,0.5384615384615384,-0.15988316899021535,-0.14924067022661947,0.8729731071539149,0.0,1.0,-0.0010337234806661176,0.0011688776313997474,-1.0,0.00012035485616337886,0.49946462953804494,0.49943127648010677,0.5013132181286521,208267,41653.4,0.589161897412172
BNBUSDT,cs_spread_60,10,525529,-0.001281560275454307,0.0031858657113152324,0.8313346771442025,365,0.5384615384615384,-0.3543251122801719,-0.3272238318941186,0.7230952500674668,0.0,1.0,-0.0015235940068764379,8.889053881305484e-05,-1.0,0.00012035781506931937,0.5002441032317353,0.4998454211658101,0.5021490657068464,208928,20892.8,0.4751755129636814
BNBUSDT,cs_spread_60,15,525524,-9.226932970289786e-05,0.004834257578530947,1.0334443996841485,365,0.46153846153846156,-0.02114767349674272,-0.01952975714576055,0.9831278554343506,0.0,1.0,-3.8193152308047256e-05,0.0008377009938234304,-1.0,0.0001203597452347814,0.5016087623764743,0.5003607350308792,0.5032294769251364,209167,13944.466666666667,0.35787544170809144
BNBUSDT,zero_ret_frac_60,5,525534,-0.0018344424910094138,-0.0025478741068404804,-0.9552190699270542,365,0.5384615384615384,-0.7442598119364768,-0.6943040289951743,0.45671930918920733,-0.6943040289951743,0.48749156484478995,-0.0030900138089895376,-0.00047609199913116945,-1.0,0.016666666666666666,0.500180057330254,0.5009712107765114,0.5013132181286521,208267,41653.4,0.47265527229339427
BNBUSDT,zero_ret_frac_60,10,525529,-0.0009442937361567087,-0.002310089088645086,-0.6262399785644074,365,0.5384615384615384,-0.278790312918406,-0.25762023279405616,0.7804057490091219,-0.25762023279405616,0.79670001314968,-0.003435567199517812,0.0020856036465571252,-1.0,0.016666666666666666,0.4992293996017767,0.49857728064666884,0.5021490657068464,208928,20892.8,0.5902968340904033
BNBUSDT,zero_ret_frac_60,15,525524,-0.0011174934591854054,-0.0024677404967227462,-0.561476845279386,365,0.46153846153846156,-0.27441561610725895,-0.2541681420844116,0.7837652435488699,-0.2541681420844116,0.7993656615122359,-0.00491852768035089,0.003759816249859761,-1.0,0.016666666666666666,0.4974637490617545,0.4968354325697447,0.5032294769251364,209167,13944.466666666667,0.7261669053412929
BNBUSDT,zscore_20,5,525575,-0.017447418235048587,-0.0241922220556265,-9.67317443202401,365,1.0,-7.2068898055412856,-6.767477372957774,5.724429063638299e-13,-6.767477372957774,1.3104713715670908e-11,-0.013087321637108733,-0.024631097093677695,-1.0,0.018711827720905846,0.513134582050925,0.5157312196613664,0.5013132181286521,208267,41653.4,4.145917325853429e-08
BNBUSDT,zscore_20,10,525570,-0.01774977844160387,-0.02705463526265835,-8.689231006104622,365,1.0,-5.727641156689548,-5.396134134604506,1.01836693057725e-08,-5.396134134604506,6.809204974719232e-08,-0.01212706548134635,-0.027591487022940748,-1.0,0.01873645744466488,0.5155316664113954,0.518593989345012,0.5021490657068464,208928,20892.8,3.792246247684942e-06
BNBUSDT,zscore_20,15,525565,-0.023414262135509272,-0.03530417818451529,-9.827056574823018,365,1.0,-6.674760409205129,-6.345814388828171,2.476363933197792e-11,-6.345814388828171,2.2125186281891686e-10,-0.018971420857960036,-0.031491611959771015,-1.0,0.018743780344802296,0.5168406106125727,0.5210584428225616,0.5032294769251364,209167,13944.466666666667,3.562453460975504e-05
BNBUSDT,zscore_60,5,525535,-0.026715599153021092,-0.0390142116236982,-14.39641823515237,365,1.0,-10.41521066958533,-9.701254910954361,2.1132918044546473e-25,-9.701254910954361,2.9781286246231305e-22,-0.024622850020890305,-0.029741351122621947,-1.0,0.048646369890802024,0.5141909183884149,0.5191298573078351,0.5013132181286521,208267,41653.4,3.4792976043524397e-09
BNBUSDT,zscore_60,10,525530,-0.0315344312261153,-0.04801819440056727,-12.942385228553668,365,1.0,-9.149754973142002,-8.467437099715491,5.706282800796566e-20,-8.467437099715491,2.5085130739757623e-17,-0.028326644175744195,-0.03650973611349179,-1.0,0.04866788240121606,0.5171781666411396,0.5236772462417556,0.5021490657068464,208928,20892.8,3.5063884438901117e-07
BNBUSDT,zscore_60,15,525525,-0.03642473290045989,-0.056203709237298574,-12.595988358971585,365,1.0,-8.950124252315746,-8.299115191758181,3.5508244318114955e-19,-8.299115191758181,1.0488963108340906e-16,-0.03336866935803836,-0.04109869196853773,-1.0,0.04868232419371953,0.5182031582419789,0.5261026807748728,0.5032294769251364,209167,13944.466666666667,8.775100417517658e-06
BNBUSDT,zscore_240,5,525355,-0.02566603654138415,-0.05245342070044928,-17.932411754403613,365,1.0,-9.680275969815707,-9.01349239696438,3.6572742757349374e-22,-9.01349239696438,1.9959678077169454e-19,-0.027068267377002218,-0.02294092435179976,-1.0,0.04486550861482523,0.5099175577503877,0.5153640719669419,0.5013132181286521,208267,41653.4,2.5900886449997332e-05
BNBUSDT,zscore_240,10,525350,-0.03282663909503811,-0.06851981682918085,-17.044202335422614,365,1.0,-9.040255658173601,-8.330652157440399,1.5630581996002114e-19,-8.330652157440399,8.039822986447545e-17,-0.034142570002704,-0.030171450773189282,-1.0,0.04489304152197446,0.5129566166334814,0.5206181456785106,0.5021490657068464,208928,20892.8,9.08870159505427e-05
BNBUSDT,zscore_240,15,525345,-0.03751190098718692,-0.07939162966289626,-16.35282587124689,365,1.0,-8.611256727479581,-7.934287535856227,7.226395354957393e-18,-7.934287535856227,2.1170710375280627e-15,-0.03961903413356297,-0.0332093077432245,-1.0,0.04489816509238803,0.5144262718306425,0.5226174487531053,0.5032294769251364,209167,13944.466666666667,0.0003417907533745282
BNBUSDT,acf1_60,5,525533,0.0014151731852506259,0.0007750353192213065,0.2596830978919394,365,0.46153846153846156,0.556291577777942,0.5183260200597544,0.5780115437830491,0.2596830978919394,0.7951082314087262,0.0017788496640249356,0.0007407629963712917,1.0,-0.013703679344277436,0.4998727594866205,0.49963475525189716,0.5013132181286521,208267,41653.4,0.5234432125837569
BNBUSDT,acf1_60,10,525528,0.0013116645819021703,0.0012080287271655638,0.2933536445814459,365,0.5384615384615384,0.37729220857293944,0.347522351799457,0.705956461746626,0.2933536445814459,0.7692518537826237,0.0027018257992778693,-0.000926766046224718,1.0,-0.013708157850923412,0.4987555521519375,0.4993232256943611,0.5021490657068464,208928,20892.8,0.6430702355931057
BNBUSDT,acf1_60,15,525523,0.0008470972309080845,0.0007681955516984333,0.15357689637065602,365,0.5384615384615384,0.20363801564327208,0.18808624331182436,0.8386363833701669,0.15357689637065602,0.8779433548216287,0.002533111651292951,-0.0018880110433721928,1.0,-0.0137112690522327,0.49646454746685664,0.4974748738471347,0.5032294769251364,209167,13944.466666666667,0.799091246894107
BNBUSDT,acf1_240,5,525353,-0.0022710479377555403,-0.0046651208649896225,-1.5433120142135042,365,0.6923076923076923,-0.8787499458801767,-0.8198978430720155,0.3795368712314564,-0.8198978430720155,0.4122743464883005,-0.003982292022952668,0.0005695480484205553,-1.0,0.002222542620370201,0.5013948441183673,0.5002843063130614,0.5013132181286521,208267,41653.4,0.2848904962334341
BNBUSDT,acf1_240,10,525348,-0.0030338684118550244,-0.0061551667217216955,-1.440876189450086,365,0.7692307692307693,-0.8510509414059392,-0.7850806873100573,0.3947410555949804,-0.7850806873100573,0.43240626218576916,-0.005121891151970272,0.0006551348867063598,-1.0,0.002223393935508744,0.5011870117935365,0.5003461268367717,0.5021490657068464,208928,20892.8,0.367303442066337
BNBUSDT,acf1_240,15,525343,-0.004278613293888567,-0.0073636690718431996,-1.418484237688964,365,0.7692307692307693,-0.9955389512102906,-0.9208562682895601,0.31947420971126594,-0.9208562682895601,0.35712547313660326,-0.007922627865367168,0.002113281535930954,-1.0,0.002224257982399125,0.5013171293750927,0.5000570673044915,0.5032294769251364,209167,13944.466666666667,0.38346393073313045
BNBUSDT,vr_5_240,5,525350,-0.0012223094056272791,-0.002131558100877483,-0.7266610167353695,365,0.6153846153846154,-0.4752193550841,-0.4434571567747951,0.6346306328564076,-0.4434571567747951,0.6574351016269566,-0.0018669545408646817,5.1279339231526585e-05,-1.0,0.9744750176186456,0.5004393398858197,0.4997683372421704,0.5013132181286521,208267,41653.4,0.4299930534246097
BNBUSDT,vr_5_240,10,525345,-0.0021665562741492663,-0.0031034410556940437,-0.7550929484460436,365,0.6923076923076923,-0.6106716971061018,-0.5624940170327751,0.5414169468588779,-0.5624940170327751,0.5737794788490971,-0.002570087932000889,-0.001168735147257013,-1.0,0.9744758225055077,0.500234530555981,0.49959535421739965,0.5021490657068464,208928,20892.8,0.4751755129636814
BNBUSDT,vr_5_240,15,525340,-0.004033703025153233,-0.004575792197409506,-0.9165749583848393,365,0.6923076923076923,-0.9416983989564006,-0.8679081025168839,0.3463470749862382,-0.8679081025168839,0.3854446429609606,-0.004632734284043227,-0.0026210255960385153,-1.0,0.9744800199861338,0.5017665310493529,0.50091382834032,0.5032294769251364,209167,13944.466666666667,0.3390876879258532
BNBUSDT,skew_60,5,525534,-0.01781449989224458,-0.018233792805705366,-6.646982430187168,365,1.0,-7.038998718479165,-6.5689964797936895,1.936261509094095e-12,-6.5689964797936895,5.065548181764304e-11,-0.017794677729310836,-0.017600629775498863,-1.0,-0.035648771275049604,0.5076992514416591,0.511522116300366,0.5013132181286521,208267,41653.4,0.0008565895189546219
BNBUSDT,skew_60,10,525529,-0.023451163662796037,-0.02615441412142049,-6.81740800036524,365,1.0,-6.7971735602612915,-6.288373730800474,1.0669153854596502e-11,-6.288373730800474,3.2080884735910135e-10,-0.023580475481089075,-0.023062619337135347,-1.0,-0.035647520908605686,0.51030977178741,0.5141921593890002,0.5021490657068464,208928,20892.8,0.0014981580391275227
BNBUSDT,skew_60,15,525524,-0.02609181815867362,-0.030343122211895085,-6.539709208571111,365,1.0,-6.344403477009669,-5.866869819539631,2.2328892819415034e-10,-5.866869819539631,4.4409907470212906e-09,-0.02635853258973599,-0.025291004640414096,-1.0,-0.035642555178619695,0.5106254810749306,0.5153641163573237,0.5032294769251364,209167,13944.466666666667,0.006239795611502736
BNBUSDT,kurt_60,5,525534,0.0004452797266723076,-0.0002714464614633617,-0.09196319897199981,365,0.5384615384615384,0.1742624224848244,0.16259395135313512,0.8616592298595616,0.0,1.0,-0.0023268567569861513,0.005086088341417019,-1.0,1.0528255424448627,0.4975584226017564,0.49764631831732453,0.5013132181286521,208267,41653.4,0.8412372276178199
BNBUSDT,kurt_60,10,525529,-0.00026854483630976385,-0.0004944384324690275,-0.11681495646805688,365,0.46153846153846156,-0.07710468773746332,-0.0711171529950869,0.9385402638297338,-0.0711171529950869,0.9433045166201864,-0.0040466222079528075,0.00629496569354504,-1.0,1.0528500615011083,0.49698460713738707,0.49708725524334263,0.5021490657068464,208928,20892.8,0.8102030373523965
BNBUSDT,kurt_60,15,525524,-0.0014766929360896875,-0.0015809430015104016,-0.3055902750347895,365,0.5384615384615384,-0.3554263322106925,-0.32838169522073846,0.7222702247397832,-0.3055902750347895,0.7599166258843711,-0.006965262210384875,0.007829694974030244,-1.0,1.052869270289652,0.4973298847332514,0.4971295510054735,0.5032294769251364,209167,13944.466666666667,0.7373298054451346
BNBUSDT,skew_240,5,525354,-0.015356031124306337,-0.021218821174563578,-7.535293599650226,365,0.9230769230769231,-5.998101268642135,-5.597432962585478,1.9963801431335027e-09,-5.597432962585478,2.1754893022969655e-08,-0.014592334680958509,-0.016464221415618957,-1.0,-0.046758569476520115,0.5092885574767005,0.5119902280925963,0.5013132181286521,208267,41653.4,7.75577978429379e-05
BNBUSDT,skew_240,10,525349,-0.02175019396868479,-0.03307547730372294,-8.396591614671703,365,1.0,-6.179099527082123,-5.708133827591304,6.446824626808382e-10,-5.708133827591304,1.1422159729776734e-08,-0.020454111121153643,-0.023904182171987705,-1.0,-0.04677196050480412,0.5111760989431766,0.5163688074596556,0.5021490657068464,208928,20892.8,0.000647223528705725
BNBUSDT,skew_240,15,525344,-0.024407115597937658,-0.0405348265344596,-8.371589191048187,365,1.0,-5.757951909239769,-5.314660816935149,8.514060133172289e-09,-5.314660816935149,1.068561763806577e-07,-0.02280887348346613,-0.027062825864586665,-1.0,-0.0467864560344963,0.5126334460024765,0.5179238078648187,0.5032294769251364,209167,13944.466666666667,0.0014765340068378448
BNBUSDT,kurt_240,5,525354,0.00039678973144902866,0.0003128897283011957,0.1091795398533776,365,0.46153846153846156,0.15322631751795152,0.1426517816023194,0.8782198043506382,0.1091795398533776,0.9130600881192409,-0.0006886925641643138,0.0022540523880516766,-1.0,2.388874861637821,0.5009242942953036,0.5000542133130361,0.5013132181286521,208267,41653.4,0.3548039011595982
BNBUSDT,kurt_240,10,525349,0.0008597224549469528,0.0014160954975411563,0.34889957764844537,365,0.5384615384615384,0.24053640283706246,0.2215430185488498,0.809914446085865,0.2215430185488498,0.8246696446809327,-0.0009164491179056825,0.004283382998988646,-1.0,2.388825864695582,0.4996170929698269,0.4986327965296947,0.5021490657068464,208928,20892.8,0.5468130493729159
BNBUSDT,kurt_240,15,525344,0.00026479197616577176,0.0011447664884855831,0.23368346093440528,365,0.5384615384615384,0.06149866865504922,0.05670560357596972,0.9509620746605687,0.05670560357596972,0.9547797101924014,-0.0018647310951265504,0.004339447839786631,-1.0,2.3888067608200494,0.5004087642888219,0.49843844649173186,0.5032294769251364,209167,13944.466666666667,0.4628910421392307
BNBUSDT,hour_sin,5,525594,-0.006729165618673569,-0.006447574019485858,-2.5135971363775247,365,0.7692307692307693,-2.6333680386726424,-2.4545884285440773,0.008454268124058029,-2.4545884285440773,0.014104596954793698,-0.007045642437130759,-0.0062543742226079755,-1.0,1.2246467991473532e-16,0.5021582871986441,0.502797325375423,0.5013132181286521,208267,41653.4,0.19156028235702402
BNBUSDT,hour_sin,10,525589,-0.009758029196888627,-0.008752068018857188,-2.3890065473035,365,0.7692307692307693,-2.76210368077195,-2.5444172657828155,0.0057430237922205,-2.3890065473035,0.01689400129048833,-0.010610017780799858,-0.008302877494960097,-1.0,1.2246467991473532e-16,0.5043555674682187,0.5044076951426597,0.5021490657068464,208928,20892.8,0.10524017345536414
BNBUSDT,hour_sin,15,525584,-0.012425953266877938,-0.010986996897022122,-2.400864521106165,365,0.6923076923076923,-2.9076773479670446,-2.677939908591128,0.003641238120588021,-2.400864521106165,0.016356390908272594,-0.01366054029733333,-0.01019569203458764,-1.0,1.2246467991473532e-16,0.5034398351556412,0.5029460358500729,0.5032294769251364,209167,13944.466666666667,0.2105525552013721
BNBUSDT,hour_cos,5,525594,0.002128032111894381,0.00022893451385655697,0.08118004273229483,365,0.5384615384615384,0.8331302985752502,0.7781602527955978,0.40477124743029935,0.08118004273229483,0.9352987707171277,0.007874027052373056,-0.007107079158791612,1.0,-1.8369701987210297e-16,0.49672295658937804,0.4962511962532915,0.5013132181286521,208267,41653.4,0.910289957171838
BNBUSDT,hour_cos,10,525589,0.002418581243903838,0.00020960736270280274,0.053174550903671354,365,0.6153846153846154,0.6844692217143115,0.6314060457418135,0.49367891821183096,0.053174550903671354,0.9575928323574513,0.010040785023559156,-0.009891766643017717,1.0,-1.8369701987210297e-16,0.4946440879154541,0.49542153435451775,0.5021490657068464,208928,20892.8,0.9402248995561672
BNBUSDT,hour_cos,15,525584,0.0024247973566454296,0.00027939888587585573,0.05765007224662904,365,0.6153846153846154,0.5665904201554138,0.5226947140130642,0.5709924850760177,0.05765007224662904,0.9540273640800624,0.011221394379579286,-0.011784953988240544,1.0,-1.8369701987210297e-16,0.492109175921632,0.4936557206591945,0.5032294769251364,209167,13944.466666666667,0.9693666453291624
BNBUSDT,dow_sin,5,525594,-0.0063979098262690005,-0.003185697252876125,-1.2947727755916383,365,0.6923076923076923,-2.534396669053948,-2.3656654774071253,0.011264114255533475,-1.2947727755916383,0.19539862614709602,-0.00247662212622734,-0.012702228640336483,-1.0,-0.014336142023437309,0.5057354261596892,0.5074030701161197,0.5013132181286521,208267,41653.4,0.009841997817135299
BNBUSDT,dow_sin,10,525589,-0.007896875738295565,-0.004848152727050048,-1.3844197731381678,365,0.6923076923076923,-2.2645769064760333,-2.086144085657032,0.023538655399479674,-1.3844197731381678,0.16622995786617634,-0.0029115586913427936,-0.016163718526940273,-1.0,-0.014336142023437309,0.5062892479705927,0.5080270380064383,0.5021490657068464,208928,20892.8,0.03547974177577478
BNBUSDT,dow_sin,15,525584,-0.009502252650641543,-0.005413700747001933,-1.2404578081463877,365,0.6923076923076923,-2.2497841948933495,-2.0721813990077544,0.02446264779431205,-1.2404578081463877,0.21480611062165678,-0.0029266024549601598,-0.02058697186247536,-1.0,-0.014336142023437309,0.5082971979327523,0.5106038716284615,0.5032294769251364,209167,13944.466666666667,0.02521751734632799
BNBUSDT,dow_cos,5,525594,0.001886252787465262,-0.002086568496795947,-0.8433109367524291,365,0.23076923076923078,0.7235231679774585,0.6742234455856,0.4693585256211178,0.0,1.0,0.004063189392749708,-0.00148465311349049,1.0,-0.003739982535403825,0.5002136680319014,0.500174976214001,0.5013132181286521,208267,41653.4,0.468756378904809
BNBUSDT,dow_cos,10,525589,0.0019097216574336497,-0.003884246196542754,-1.1029352043106118,365,0.3076923076923077,0.5287643684556915,0.4878780753766968,0.5969689182988516,0.0,1.0,0.004868179698313172,-0.0024888318513221906,1.0,-0.00436330928474646,0.5002823939347526,0.49906451555897113,0.5021490657068464,208928,20892.8,0.4696686340675748
BNBUSDT,dow_cos,15,525584,0.0022499789489929113,-0.004204593145182424,-0.9549287912204104,365,0.3076923076923077,0.515465260610634,0.47593938748891806,0.6062279391250185,0.0,1.0,0.006868862385933722,-0.004815419962431057,1.0,-0.00436330928474646,0.5003609556000708,0.4998129622991379,0.5032294769251364,209167,13944.466666666667,0.4696236205285622
BNBUSDT,is_weekend,5,525594,0.005235874227827548,,,0,,2.1483437661046785,2.00215841447919,0.03168645649192782,2.00215841447919,0.045267696647072926,0.0027429522890000156,0.009364680972004897,1.0,0.0,0.5037523947624923,0.5043294052574263,0.5013132181286521,208267,41653.4,0.06316489969870016
BNBUSDT,is_weekend,10,525589,0.0057101435876307305,,,0,,1.6910229711712637,1.558881454265206,0.09083241546244808,1.558881454265206,0.11902444056313521,0.0021457615804501445,0.011869844713110218,1.0,0.0,0.5040683871955889,0.5050110824046037,0.5021490657068464,208928,20892.8,0.12115690818741383
BNBUSDT,is_weekend,15,525584,0.0057900369797494345,,,0,,1.4189786251134158,1.3113667481097384,0.1559052478311643,1.3113667481097384,0.18973388737159558,0.0013547363619213968,0.013487819511325577,1.0,0.0,0.5046063671611679,0.5060225783829536,0.5032294769251364,209167,13944.466666666667,0.14107545188679976
BNBUSDT,session_asia,5,525594,-0.005663412525322939,-0.005261319525656316,-1.6682606478576247,261,0.6923076923076923,-2.1595631450957367,-2.0079632029896737,0.030806504087375584,-1.6682606478576247,0.09526399617908642,-0.004160843464414552,-0.008060380506553087,-1.0,0.0,0.49868678187134785,0.5034500825345676,0.5013132181286521,208267,41653.4,0.7050480778544499
BNBUSDT,session_asia,10,525589,-0.008684208300012299,-0.008088081780179156,-1.8313220655350564,261,0.6923076923076923,-2.400414406606737,-2.2120168723366254,0.016376520194148803,-1.8313220655350564,0.06705248605237653,-0.006645495429561676,-0.011920667459264187,-1.0,0.0,0.49785093429315364,0.5047986090446498,0.5021490657068464,208928,20892.8,0.7355150162199782
BNBUSDT,session_asia,15,525584,-0.0105898888049184,-0.010336803272787255,-1.914718683083093,261,0.6923076923076923,-2.4257457200367245,-2.2330504897531678,0.015276969971472295,-1.914718683083093,0.05552838961463189,-0.007479597122643039,-0.015540580026933969,-1.0,0.0,0.49677052307486363,0.5059766691827172,0.5032294769251364,209167,13944.466666666667,0.7795372518610818
BNBUSDT,session_europe,5,525594,-0.005796457614661635,-0.00369757639522958,-1.062989501357116,261,0.5384615384615384,-2.1896821728484706,-2.0468944191238503,0.028547294857699714,-1.062989501357116,0.2877867124229633,-0.009496345116765604,-4.71187929536369e-06,-1.0,0.0,0.49868678187134785,0.500909621114193,0.5013132181286521,208267,41653.4,0.7050480778544499
BNBUSDT,session_europe,10,525589,-0.006296982634701881,-0.004211309758725709,-0.861970436616803,261,0.5384615384615384,-1.7225986575787657,-1.5895999538897663,0.08496112793790213,-0.861970436616803,0.3887037864171696,-0.010978937203551078,0.000955901082527302,-1.0,0.0,0.49785093429315364,0.5001006596484353,0.5021490657068464,208928,20892.8,0.7355150162199782
BNBUSDT,session_europe,15,525584,-0.007037243401775722,-0.004734918111450163,-0.7904855821356945,261,0.5384615384615384,-1.591137193303163,-1.4640395495869576,0.11157870375916892,-0.7904855821356945,0.4292442390864152,-0.012103910768112616,0.0007837845829403987,-1.0,0.0,0.49677052307486363,0.49988687871683457,0.5032294769251364,209167,13944.466666666667,0.7795372518610818
BNBUSDT,session_us,5,525594,0.0029480426990926463,0.0060035065363339465,1.8027377503082542,261,0.7692307692307693,1.0651922055406018,0.999118019041872,0.286788960111358,0.999118019041872,0.3177375232324966,0.002092277095580934,0.00423708335440038,1.0,0.0,0.500242477204742,0.5010428168437119,0.5013132181286521,208267,41653.4,0.46096794597500423
BNBUSDT,session_us,10,525589,0.005776695479990071,0.009975043344342927,2.1510248882178558,261,0.7692307692307693,1.5227126355910912,1.413949645122991,0.1278306153372938,1.413949645122991,0.1573766879047489,0.0038997241304550875,0.00876567380379958,1.0,0.0,0.5016369275539899,0.5029475821087631,0.5021490657068464,208928,20892.8,0.32149012168071667
BNBUSDT,session_us,15,525584,0.00921583736222662,0.014512783811081486,2.4956614056105906,261,0.8461538461538461,2.0178875959371387,1.872171664681483,0.04360296918280349,1.872171664681483,0.06118285786975958,0.0067200720406528375,0.013176208951623166,1.0,0.0,0.501905176246731,0.5038756142158373,0.5032294769251364,209167,13944.466666666667,0.3267778068906799
BNBUSDT,us_open_window,5,525594,-0.007075244245413901,-0.007433239351972197,-1.9884091584562114,261,0.6923076923076923,-2.4065691227873236,-2.2784201828441364,0.016103156319781924,-1.9884091584562114,0.04676645672233582,-0.005409126975622054,-0.009819864522867728,-1.0,0.0,0.49868678187134785,0.5011929576485523,0.5013132181286521,208267,41653.4,0.7050480778544499
BNBUSDT,us_open_window,10,525589,-0.008732825196838611,-0.010122150890942334,-1.9503786990465806,261,0.6153846153846154,-2.2011099599631128,-2.079730840725938,0.02772824036059162,-1.9503786990465806,0.05113099878948949,-0.005392885686718961,-0.014339386311369128,-1.0,0.0,0.49785093429315364,0.502034070720234,0.5021490657068464,208928,20892.8,0.7355150162199782
BNBUSDT,us_open_window,15,525584,-0.011515093360460029,-0.013383445548341382,-2.106353248545639,261,0.6923076923076923,-2.4403384623182927,-2.2985901788747016,0.014673506826725356,-2.106353248545639,0.03517367910987584,-0.008108848426806977,-0.01715096370894676,-1.0,0.0,0.49677052307486363,0.5025510283626292,0.5032294769251364,209167,13944.466666666667,0.7795372518610818
BNBUSDT,min_since_funding,5,525594,-0.0013940244039760351,-0.0014545479035022887,-0.5230155182879791,365,0.6153846153846154,-0.5372587267245386,-0.5012407589991759,0.5910889107238091,-0.5012407589991759,0.6162016921743134,-0.001775235193921573,-0.0009190600944290076,-1.0,239.0,0.5006458056245109,0.4994259638615858,0.5013132181286521,208267,41653.4,0.3994433272856468
BNBUSDT,min_since_funding,10,525589,0.000781801133448925,0.0008474589291523473,0.21460115647826805,365,0.5384615384615384,0.22006047481210872,0.20380850985449522,0.8258240567786066,0.20380850985449522,0.8385031425183138,-0.0002562243474636005,0.0022928139262044338,-1.0,239.0,0.49847794455506206,0.49719956398233256,0.5021490657068464,208928,20892.8,0.6735362702275884
BNBUSDT,min_since_funding,15,525584,0.0011104544806316164,0.0015779573224349703,0.3308767356880611,365,0.5384615384615384,0.26076393243755563,0.2421016575716977,0.7942745600985357,0.2421016575716977,0.8087013938474216,-0.0012350638757192963,0.0049104172091267535,-1.0,239.0,0.4994143435627991,0.49752491968967283,0.5032294769251364,209167,13944.466666666667,0.5572353926611723
BNBUSDT,min_to_funding,5,525594,0.0013940244039760351,0.0014545479035022887,0.5230155182879791,365,0.6153846153846154,0.5372587267245386,0.5012407589991759,0.5910889107238091,0.5012407589991759,0.6162016921743134,0.001775235193921573,0.0009190600944290076,1.0,241.0,0.5006458056245109,0.49942596386158583,0.5013132181286521,208267,41653.4,0.3994433272856468
BNBUSDT,min_to_funding,10,525589,-0.000781801133448925,-0.0008474589291523473,-0.21460115647826805,365,0.5384615384615384,-0.22006047481210872,-0.20380850985449522,0.8258240567786066,-0.20380850985449522,0.8385031425183138,0.0002562243474636005,-0.0022928139262044338,1.0,241.0,0.49847794455506206,0.4971995639823325,0.5021490657068464,208928,20892.8,0.6735362702275884
BNBUSDT,min_to_funding,15,525584,-0.0011104544806316164,-0.0015779573224349703,-0.3308767356880611,365,0.5384615384615384,-0.26076393243755563,-0.2421016575716977,0.7942745600985357,-0.2421016575716977,0.8087013938474216,0.0012350638757192963,-0.0049104172091267535,1.0,241.0,0.4994143435627991,0.49752491968967283,0.5032294769251364,209167,13944.466666666667,0.5572353926611723
BNBUSDT,ret_since_day_open,5,525594,-0.009537815053192891,-0.1114700961584344,-50.13729569722339,365,1.0,-3.457134199508562,-3.2308485013286683,0.0005459528944976688,-3.2308485013286683,0.0012342333971796981,-0.010123956850964365,-0.008625932704672061,-1.0,0.0002647171046064045,0.5061771668099123,0.5064546922977665,0.5013132181286521,208267,41653.4,0.005892535765874129
BNBUSDT,ret_since_day_open,10,525589,-0.015285099669926154,-0.15431381707102326,-51.104981988861844,365,1.0,-4.007762987582833,-3.697597942335848,6.129658851874602e-05,-3.697597942335848,0.00021764925376055406,-0.015828583466370994,-0.014472773188638896,-1.0,0.0002647171046064045,0.5093094271710829,0.5103307974387317,0.5021490657068464,208928,20892.8,0.003708544918537513
BNBUSDT,ret_since_day_open,15,525584,-0.018866404370918487,-0.18556586878212641,-50.61891587009996,365,1.0,-4.0933102655212545,-3.7789462755513594,4.252580729071101e-05,-3.7789462755513594,0.0001574933954506997,-0.019259893696454485,-0.018437343644588832,-1.0,0.0002643014295440338,0.513575277170873,0.514335411311206,0.5032294769251364,209167,13944.466666666667,0.0007045058370937437
BNBUSDT,ret_since_day_open_vol,5,525534,-0.011888505165675857,-0.09180182865151866,-38.87561780536774,365,1.0,-4.620570011214519,-4.310060618438108,3.826871754589608e-06,-4.310060618438108,1.6320980160167473e-05,-0.013091174679198554,-0.009930343636714634,-1.0,0.02868443839921612,0.5059995102440618,0.5073612284440978,0.5013132181286521,208267,41653.4,0.007341269592912905
BNBUSDT,ret_since_day_open_vol,10,525529,-0.017966482848092692,-0.12773474802220253,-39.26746099200369,365,1.0,-5.055967421036379,-4.657591766142688,4.2821443664202254e-07,-4.657591766142688,3.199298285345295e-06,-0.01914946380097784,-0.016067110485059585,-1.0,0.028668799988221434,0.5093285725225916,0.5113387453975657,0.5021490657068464,208928,20892.8,0.003558159481753382
BNBUSDT,ret_since_day_open_vol,15,525524,-0.022004988221247742,-0.1543727098001744,-39.603869608322945,365,1.0,-5.125970106551982,-4.726702057857454,2.9600957427680566e-07,-4.726702057857454,2.281957104181533e-06,-0.02290448180186809,-0.020681763754862848,-1.0,0.028618881105097128,0.513264520693991,0.5156556484487353,0.5032294769251364,209167,13944.466666666667,0.0008889076248242837
BNBUSDT,ret15_x_weekend,5,525534,-0.008454458169132211,-0.029837013245942307,-5.950013557116658,104,0.9230769230769231,-3.913092646482311,-3.679241198009465,9.112155419712967e-05,-3.679241198009465,0.00023392894624057838,-0.003889071182255491,-0.016548182816837714,-1.0,0.0,0.506330815731729,0.5093264526612219,0.5013132181286521,208267,41653.4,0.004978558067355331
BNBUSDT,ret15_x_weekend,10,525529,-0.011887462846502385,-0.03904171618150699,-5.999930521921224,104,0.9230769230769231,-4.246747216468572,-3.9958594080003995,2.1689643499517932e-05,-3.9958594080003995,6.445998187366882e-05,-0.007545163680468666,-0.0197420852851948,-1.0,-0.0,0.5070024123142901,0.5109488378162302,0.5021490657068464,208928,20892.8,0.022041593699294117
BNBUSDT,ret15_x_weekend,15,525524,-0.015867877452897236,-0.04985890673276652,-6.656495174251375,104,0.8461538461538461,-4.985309656427626,-4.753364197300861,6.186265503637557e-07,-4.753364197300861,2.0005949886225794e-06,-0.013074114720496788,-0.02092695281794131,-1.0,0.0,0.5073458050266055,0.5119156499228973,0.5032294769251364,209167,13944.466666666667,0.04279581757170466
BNBUSDT,bench_ret_1,5,525587,-0.001688371323484028,-0.00235599085410599,-1.5589503113215584,365,0.5384615384615384,-1.143516260843926,-1.1470083750352666,0.25282430727620253,-1.143516260843926,0.25282430727620253,-0.0018285471163152329,-0.001238474804148568,-1.0,0.0,0.502907409452562,0.5025375716411287,0.5013084542953313,208261,41652.2,0.11882860817601923
BNBUSDT,bench_ret_1,10,525587,0.00016060515654909343,-0.0018256223638834022,-1.2925825309646988,365,0.23076923076923078,0.11062121568551345,0.11169986914131758,0.911916723055658,0.0,1.0,0.0026310788636062124,-0.004425289736013527,1.0,0.0,0.4969008313908686,0.4959011052731966,0.5021514691734433,208927,20892.7,0.8176164250502707
BNBUSDT,bench_ret_1,15,525583,0.0001775637395887561,-0.002254300511620441,-1.7334307077694642,365,0.38461538461538464,0.12393997591880658,0.12491904493203983,0.9013628007437938,0.0,1.0,0.003068106564366752,-0.0053650372676639,1.0,0.0,0.49672749525498766,0.494863449738882,0.5032294769251364,209167,13944.466666666667,0.7845253941506941
BNBUSDT,bench_ret_5,5,525583,-0.01073795901935051,-0.013220510138365334,-5.165025148676552,365,1.0,-4.574125013587105,-4.374496953574804,4.782142539572405e-06,-4.374496953574804,1.2171282282512936e-05,-0.009078293067572086,-0.013666359052782864,-1.0,0.0,0.5075410182415334,0.5092608839708618,0.5013084542953313,208261,41652.2,0.001062248718173758
BNBUSDT,bench_ret_5,10,525583,-0.008689798762183823,-0.012060250999642773,-4.49809235917389,365,0.9230769230769231,-3.2530045704930366,-3.1844198299342743,0.001141916604483224,-3.1844198299342743,0.0014504448152755465,-0.00463001190707432,-0.016328287185094284,-1.0,0.0,0.5084503199682185,0.5115372816000343,0.5021514691734433,208927,20892.7,0.007297656084439486
BNBUSDT,bench_ret_5,15,525579,-0.013177369432207535,-0.018066280440208526,-6.421075709973237,365,1.0,-4.719712836395913,-4.6521056343033615,2.3617781700596195e-06,-4.6521056343033615,3.2856268328297885e-06,-0.008901532970067383,-0.021352537672205914,-1.0,0.0,0.5109314566829376,0.5147243669129511,0.5032294769251364,209167,13944.466666666667,0.005143346934246164
BNBUSDT,bench_ret_15,5,525573,-0.019495399590925,-0.02532512636780591,-8.864076701267571,365,1.0,-7.4419098139658315,-6.998221386679659,9.923996844257486e-14,-6.998221386679659,2.592322464978214e-12,-0.017548779319064827,-0.022742907513159234,-1.0,0.0,0.5110222269171857,0.5138026901028654,0.5013084542953313,208261,41652.2,3.5059398727471783e-06
BNBUSDT,bench_ret_15,10,525573,-0.026460333795893378,-0.033822520305710285,-8.884826375476319,365,1.0,-7.740937542949015,-7.247548679222651,9.868637129595249e-15,-7.247548679222651,4.2438194950129735e-13,-0.024713133425370324,-0.029473036118452506,-1.0,0.0,0.514706093515917,0.5186769529943516,0.5021514691734433,208927,20892.7,1.1111004615033872e-05
BNBUSDT,bench_ret_15,15,525569,-0.03072460489104954,-0.0392365468836137,-9.208854669997965,365,1.0,-7.85813418503335,-7.422158776204915,3.898975018166276e-15,-7.422158776204915,1.1522655928512854e-13,-0.030652918389626426,-0.03063818225892705,-1.0,0.0,0.513967308418632,0.5187996460414792,0.5032294769251364,209167,13944.466666666667,0.000493091457125459
BNBUSDT,rel_ret_5,5,525583,-0.004910091506617869,-0.008316868521329453,-3.234980244932002,365,0.8461538461538461,-2.0880544135263928,-1.987636439535067,0.036792926555699705,-1.987636439535067,0.04685191316108806,-0.004220940019727592,-0.006378586475697567,-1.0,4.040763649015844e-06,0.5036660728604971,0.5030938747147575,0.5013084542953313,208261,41652.2,0.06752830527891808
BNBUSDT,rel_ret_5,10,525583,0.00018743967029815226,-0.003947836260853023,-1.454884810719061,365,0.46153846153846156,0.06970849977911282,0.0677706214105747,0.9444256763963668,0.0,1.0,0.002190247833373368,-0.0035767737505133395,1.0,4.048573293058411e-06,0.4975134855715154,0.4980077708755641,0.5021514691734433,208927,20892.7,0.7662148066155143
BNBUSDT,rel_ret_5,15,525579,0.001649539632157229,-0.003676872608705309,-1.3615596662889389,365,0.3076923076923077,0.5828046652653153,0.5724298244542088,0.5600248040248235,0.0,1.0,0.0021179269056649935,0.00034504785429244003,1.0,4.060584559262281e-06,0.4996007974489284,0.5010105708752237,0.5032294769251364,209167,13944.466666666667,0.5438309231285359
BNBUSDT,rel_ret_15,5,525573,0.00014483358932221795,-0.005039273696066396,-1.815903785216764,365,0.3076923076923077,0.05525209614022306,0.05192640122203222,0.9559376255704661,0.0,1.0,0.0011775614403184804,-0.002160692386163882,1.0,7.660709736789784e-06,0.49720302889163115,0.4986147400815774,0.5013084542953313,208261,41652.2,0.8732031164958963
BNBUSDT,rel_ret_15,10,525573,3.78193898507495e-05,-0.006258356676761237,-1.7395261170312184,365,0.38461538461538464,0.011068383993445476,0.010357802839518673,0.9911688876142678,0.0,1.0,0.0009894369866531316,-0.0021585048746992326,1.0,7.65829791493644e-06,0.4984755440895624,0.49945602221371527,0.5021514691734433,208927,20892.7,0.6735362702275884
BNBUSDT,rel_ret_15,15,525569,-0.0018460099066250628,-0.010417444892900427,-2.5786767748756616,365,0.7692307692307693,-0.472975844001532,-0.44669326435078016,0.6362304131512664,-0.44669326435078016,0.6550965458065761,-0.0007827496776928177,-0.004747108722183107,-1.0,7.689979060643282e-06,0.5032964090893879,0.5029081973241349,0.5032294769251364,209167,13944.466666666667,0.2204627481389182
BNBUSDT,rel_ret_60,5,525528,-0.0017634675910169686,-0.009840774305304507,-3.44251466553676,365,0.8461538461538461,-0.6446248325423387,-0.6030674936549718,0.5191703383990683,-0.6030674936549718,0.5464637901276088,-0.0010699548565059067,-0.0027446552344772917,-1.0,1.0531600997065738e-05,0.5010203542670015,0.5011444040113886,0.5013084542953313,208261,41652.2,0.34211923817049833
BNBUSDT,rel_ret_60,10,525528,-0.002330528543206854,-0.01240446282422994,-3.2436560222777144,365,0.8461538461538461,-0.6248758040393737,-0.5789155603888789,0.532052573794334,-0.5789155603888789,0.5626461502617728,-0.0007677195970306161,-0.004923401621931768,-1.0,1.0568551128464776e-05,0.5011846242946101,0.5014007009815102,0.5021514691734433,208927,20892.7,0.367303442066337
BNBUSDT,rel_ret_60,15,525524,-0.0023292227001950423,-0.014297013506767821,-3.0990493686600833,365,0.8461538461538461,-0.5243762380091106,-0.4861470709678423,0.6000168803744987,-0.4861470709678423,0.6268628952680703,-0.0004039755261908469,-0.0056561705947676755,-1.0,1.059977910067289e-05,0.5028709117595032,0.5029131646138294,0.5032294769251364,209167,13944.466666666667,0.2517448635647226
BNBUSDT,beta_bench_240,5,525348,-0.0003919871153101524,0.008348847391225248,2.8471195481381844,365,0.38461538461538464,-0.15064500840904543,-0.14030749363617176,0.8802557549403752,0.0,1.0,-0.00020236346103814465,-0.00023236851474254868,-1.0,0.7868901800622738,0.4989796457329985,0.49720308523466583,0.5013084542953313,208261,41652.2,0.661472749624034
BNBUSDT,beta_bench_240,10,525348,-0.0008697547722592777,0.012652749998706556,3.0341674356346835,365,0.3076923076923077,-0.24177710863124707,-0.22281852327064017,0.8089528774159387,0.0,1.0,-0.0002477733462006255,-0.0013229919947919345,-1.0,0.7868911386810002,0.49982051147051365,0.4980609458320281,0.5021514691734433,208927,20892.7,0.5248244870363186
BNBUSDT,beta_bench_240,15,525344,-0.0017803649820915945,0.015526192462973766,3.0523330997712423,365,0.3076923076923077,-0.40952022267017935,-0.3767125172741278,0.6821579292021982,0.0,1.0,-0.0005217791328127699,-0.0031619881712096174,-1.0,0.7868951950205565,0.5016995988851014,0.49940984971375857,0.5032294769251364,209167,13944.466666666667,0.34530870422979465
BNBUSDT,corr_bench_240,5,525348,0.001054384271083977,0.019051101441257826,7.143090316121069,365,1.0,0.4043443497642839,0.37736373950925245,0.6859595168273532,0.37736373950925245,0.7059033100259084,0.0020204478280451657,-0.00023503421045786843,1.0,0.7756467182044082,0.5004825675474525,0.5003840330329169,0.5013084542953313,208261,41652.2,0.42422618293737957
BNBUSDT,corr_bench_240,10,525348,0.0018661297535140422,0.02714164727101959,7.321393329426894,365,0.9230769230769231,0.5171435221300666,0.47682995550181373,0.6050559740435097,0.47682995550181373,0.633483212944157,0.003278726269492166,0.0005036780325339974,1.0,0.7756441601124757,0.4983702441522637,0.49966610873308603,0.5021514691734433,208927,20892.7,0.6834516894890199
BNBUSDT,corr_bench_240,15,525344,0.0038001158693876723,0.0336103590286584,7.319559801581147,365,0.9230769230769231,0.8706460986035838,0.8023752105715183,0.3839474177586639,0.8023752105715183,0.4223359482189164,0.0051943767249668,0.002738510879815231,1.0,0.7756420569382578,0.49925179402104536,0.5014005437800195,0.5032294769251364,209167,13944.466666666667,0.570574661723011
BNBUSDT,resid_ret_15,5,525348,-0.004569196382321496,-0.012996584022179541,-4.672502958984355,365,0.8461538461538461,-1.7431622788098011,-1.6386271661243603,0.08130527242659047,-1.6386271661243603,0.1012909310560671,-0.002751940730149269,-0.008405670305334652,-1.0,7.657313471517622e-06,0.5058172197386933,0.5057329552733136,0.5013084542953313,208261,41652.2,0.008975059979715027
BNBUSDT,resid_ret_15,10,525348,-0.006719466855510473,-0.01690012120778761,-4.768569164009618,365,0.8461538461538461,-1.9657090777905961,-1.8415683745893583,0.04933222561580099,-1.8415683745893583,0.06553831057550738,-0.004832686318458486,-0.010681531698398722,-1.0,7.67075915815323e-06,0.5057316670415982,0.506331650545768,0.5021514691734433,208927,20892.7,0.04911198054448587
BNBUSDT,resid_ret_15,15,525344,-0.010527254995324482,-0.023456672940179838,-5.762550824433506,365,0.8461538461538461,-2.7000760155310064,-2.553685515083056,0.006932363462867721,-2.553685515083056,0.010658948002406698,-0.009388762730480444,-0.013448465697217866,-1.0,7.669917661939825e-06,0.5076039719458615,0.5082682897475393,0.5032294769251364,209167,13944.466666666667,0.03697875145487776
BNBUSDT,funding_rate_bp,5,489705,-0.002539091131771819,-0.01837125408450069,-5.4813464081058765,227,0.8333333333333334,-0.9678783229053134,-0.9038249296590988,0.3331051415272377,-0.9038249296590988,0.3660882404641169,-0.005654163609862995,0.002676366897538683,-1.0,0.0,0.4980243795045306,0.4997145921535967,0.5019756204954694,172604,34520.8,0.769550916051681
BNBUSDT,funding_rate_bp,10,489705,-0.002729031209847436,-0.025027562147059472,-5.37330751311521,227,0.8333333333333334,-0.7544962523433242,-0.6952313553663421,0.45055129486699896,-0.6952313553663421,0.4869103252055197,-0.0077222185940366405,0.005336990931260287,-1.0,0.0,0.4978664680374393,0.49672695384437415,0.5021335319625607,173187,17318.7,0.7156327238547067
BNBUSDT,funding_rate_bp,15,489705,-0.0029484766260762557,-0.030985010440762694,-5.462215803016475,227,0.8333333333333334,-0.6736095968054909,-0.6192892918453297,0.5005595502568767,-0.6192892918453297,0.5357257974534675,-0.008616868553424984,0.006323456479676807,-1.0,0.0,0.49722039606472673,0.49684707035504716,0.5027796039352733,173406,11560.4,0.7272610863799107
BNBUSDT,funding_rate_z_30d,5,488266,-0.002450366030091783,-0.013174631682046757,-4.338968002951027,294,0.75,-0.9399192121019039,-0.8767525712725293,0.3472590018043139,-0.8767525712725293,0.3806210454358586,-0.005549552844608536,0.003178321025567048,-1.0,-0.01140673310118995,0.49957127297165765,0.49833959477434553,0.5019756204954694,172604,34520.8,0.5662558215619491
BNBUSDT,funding_rate_z_30d,10,488266,-0.00327872371579574,-0.017725152101960885,-4.129055116079267,294,0.75,-0.9122099133061405,-0.8409701426366419,0.361658226397484,-0.8409701426366419,0.40036466121493175,-0.008233991348441648,0.005453237497675387,-1.0,-0.0114062284548314,0.4975315699215299,0.49605707686790235,0.5021335319625607,173187,17318.7,0.7457269084920195
BNBUSDT,funding_rate_z_30d,15,488266,-0.004337798768501897,-0.021156549888938534,-3.9999063351333217,294,0.75,-0.9997298009281115,-0.9207073658861136,0.31744128605897937,-0.9207073658861136,0.3572032294812405,-0.01034691573380985,0.006133545824374706,-1.0,-0.01140572387276669,0.497358799580176,0.496144476631605,0.5027796039352733,173406,11560.4,0.721044996832217
BNBUSDT,oi_chg_5,5,524260,0.0040997067583964045,0.0045931169728399175,1.7280614841735575,364,0.6153846153846154,1.656587650720983,1.5686482095717231,0.09760287077464933,1.5686482095717231,0.11672993249696949,0.0029753947961188884,0.005910739681418592,1.0,0.00014306441642464307,0.5032327586206896,0.5031150295454889,0.5013675197154785,206944,41388.8,0.09468829726193605
BNBUSDT,oi_chg_5,10,524260,0.0032248074514382107,0.004477012048074384,1.3829188724466985,364,0.5384615384615384,1.0751095525680325,1.026062956239915,0.2823256831573825,1.026062956239915,0.3048619098582215,0.0023919402128683024,0.004519117650886295,1.0,0.00014306441642464307,0.5026202976735225,0.5031292104684167,0.5022734935696739,207610,20761.0,0.22676379755124057
BNBUSDT,oi_chg_5,15,524260,-0.0004728375864554112,0.0006944215069047306,0.1938053148192677,364,0.6153846153846154,-0.14463817614870658,-0.13861723851457544,0.8849965539468607,0.0,1.0,0.0003165141019885893,-0.0018757675389326593,1.0,0.00014605745239926193,0.500704831826645,0.5000866298562324,0.5032932244733006,207851,13856.733333333334,0.4358849993883591
BNBUSDT,oi_chg_15,5,524250,0.00013218849530310478,0.0001730774054022351,0.05757910874404286,364,0.46153846153846156,0.049642201155350826,0.04654530174891898,0.9604075164118675,0.04654530174891898,0.9628756276166488,0.0012580102799522389,-0.0018994162147429482,1.0,-2.920925862293089e-05,0.5002512757074378,0.4991775660061559,0.5013675197154785,206944,41388.8,0.4627955742492828
BNBUSDT,oi_chg_15,10,524250,-0.004662123899373256,-0.004804011726168553,-1.2073990959019842,364,0.6153846153846154,-1.3218612890879458,-1.2290176378540383,0.18621434493572686,-1.2073990959019842,0.227278483565012,-0.0016570510166230138,-0.010336187399002886,-1.0,-2.920925862293089e-05,0.502658831462839,0.5041154864092003,0.5022734935696739,207610,20761.0,0.22260422993685253
BNBUSDT,oi_chg_15,15,524250,-0.008308996029171355,-0.009111319192656021,-1.9953560795285297,364,0.6923076923076923,-2.0314288274274017,-1.8924069746760248,0.042211512593945344,-1.8924069746760248,0.05843677746087381,-0.0043796977669150845,-0.01570027399780703,-1.0,-2.8926093476044912e-05,0.5051984354176791,0.5068348702501825,0.5032932244733006,207851,13856.733333333334,0.11221395575521441
BNBUSDT,oi_chg_60,5,524205,-0.0015118570105269848,-0.0035526031565156833,-1.251683096356309,364,0.5384615384615384,-0.553569839638951,-0.5174720718673866,0.579873271777875,-0.5174720718673866,0.6048266598242653,-0.0006954355064823037,-0.0029356792192804303,-1.0,-0.0025259136774757884,0.5021841657646513,0.5017971884086017,0.5013675197154785,206944,41388.8,0.18946645906200188
BNBUSDT,oi_chg_60,10,524205,-0.0027559428325771365,-0.0053672514330465855,-1.3434347965593534,364,0.5384615384615384,-0.736853156507288,-0.6815071299681953,0.4612116533050745,-0.6815071299681953,0.4955506567862462,-0.0009148863780721587,-0.00626865383814661,-1.0,-0.0025198047322816386,0.5033042724338904,0.5028882847138118,0.5022734935696739,207610,20761.0,0.17261670850764219
BNBUSDT,oi_chg_60,15,524205,-0.0032149303272777157,-0.007021219364956915,-1.4635390754397115,364,0.5384615384615384,-0.7168249032877378,-0.6621151423504756,0.47348214355788376,-0.6621151423504756,0.5078974320956792,-0.0007093938525286552,-0.007858407841411586,-1.0,-0.0025259136774757884,0.5035097257169799,0.5037173603750973,0.5032932244733006,207851,13856.733333333334,0.20495643958935167
BNBUSDT,oi_z_1440,5,522826,-0.002733558707325952,-0.012869041186085227,-4.237899109212142,363,0.7692307692307693,-1.037852215476342,-0.9669509108594979,0.2993388629914,-0.9669509108594979,0.3335685741856954,-0.009255066547871808,0.00770141633329418,-1.0,-0.19633418132499283,0.4969943559610329,0.4975329428258909,0.5013675197154785,206944,41388.8,0.8895138626366104
BNBUSDT,oi_z_1440,10,522826,-0.00597692439760001,-0.019255571050977093,-4.569885632956892,363,0.8461538461538461,-1.640182048263634,-1.5098922837517255,0.10096732072458565,-1.5098922837517255,0.13107091192674036,-0.015303151037070375,0.009091601040714894,-1.0,-0.1962738788560478,0.49557343095226625,0.49639450615033465,0.5022734935696739,207610,20761.0,0.8992008959796025
BNBUSDT,oi_z_1440,15,522826,-0.007465520049507083,-0.02296605789814788,-4.466151728555738,363,0.8461538461538461,-1.691612764115851,-1.555967760709426,0.09071983117717668,-1.555967760709426,0.11971575880205405,-0.018475146999690644,0.010432934944635108,-1.0,-0.19625662814150852,0.49679818716291957,0.49667517623620583,0.5032932244733006,207851,13856.733333333334,0.775200531974034
BNBUSDT,oi_x_ret_15,5,524205,0.006392797246494717,0.0028300166283662413,0.9635602944154963,364,0.6153846153846154,2.5804029799900396,2.4384879766463197,0.009868508161879733,0.9635602944154963,0.3352664215156944,0.006482064928447504,0.006518674757797918,1.0,0.0006785980943977527,0.5009084583268903,0.5026952773765219,0.5013675197154785,206944,41388.8,0.3561914477260466
BNBUSDT,oi_x_ret_15,10,524205,0.00794835573900206,0.0031344115675064257,0.85734237013286,364,0.5384615384615384,2.55956784950785,2.4136389965082703,0.010480239570434268,0.85734237013286,0.3912556987774668,0.008116048075979094,0.00765932882074298,1.0,0.0006780038458681248,0.5015702519146477,0.5031221852520013,0.5022734935696739,207610,20761.0,0.3284579110095971
BNBUSDT,oi_x_ret_15,15,524205,0.006803351605466941,0.0017845677740450036,0.4662630695839795,364,0.46153846153846156,1.9724958519610916,1.8802738491010207,0.04855302937082572,0.4662630695839795,0.6410272096900265,0.007098890407193336,0.006483774875845029,1.0,0.0006785980943977527,0.501845071710023,0.5022026685341262,0.5032932244733006,207851,13856.733333333334,0.33241275808604354
BNBUSDT,oi_x_ret_60,5,524205,0.005011020278774212,0.0018883447327182898,0.6679213429294127,364,0.46153846153846156,1.880695260964901,1.759772769592745,0.06001338470678109,0.6679213429294127,0.5041838028038559,0.00329562869122183,0.007930359729737472,1.0,0.004379434985082557,0.5042523581258698,0.5039192574700002,0.5013675197154785,206944,41388.8,0.04223420566410183
BNBUSDT,oi_x_ret_60,10,524205,0.006667621460041848,0.0022053841776686145,0.5672653562734998,364,0.5384615384615384,1.85749480845663,1.7220094032983355,0.06324078912056279,0.5672653562734998,0.5705339104380266,0.004539753168966357,0.010301771810984177,1.0,0.00437710240258278,0.5037763113530177,0.5037579513054989,0.5022734935696739,207610,20761.0,0.13947488243671594
BNBUSDT,oi_x_ret_60,15,524205,0.00845673391277967,0.003291458977836112,0.715094384430608,364,0.6153846153846154,1.9961428077596872,1.85544787083922,0.04591838061874617,0.715094384430608,0.4745507236619533,0.005593129548927169,0.013592152809545175,1.0,0.004379434985082557,0.5047991109015593,0.50528626441762,0.5032932244733006,207851,13856.733333333334,0.13287742983664744
BNBUSDT,ls_ratio_top_log,5,524265,0.0015678845600069764,0.010639328079621715,3.378283755193178,364,0.5384615384615384,0.6117044796680619,0.5708145481034905,0.5407332975122975,0.5708145481034905,0.5681253602544554,0.00041421188704359054,0.0017318872141776273,1.0,0.07584560445305634,0.5011645662594711,0.49793968386793885,0.5013675197154785,206944,41388.8,0.3202619323450762
BNBUSDT,ls_ratio_top_log,10,524265,0.004084500287551646,0.015050451635690139,3.376011504716404,364,0.6153846153846154,1.1506960786160254,1.0597058408739486,0.2498572903495515,1.0597058408739486,0.2892784447284569,0.0021777626673270584,0.004368531732041706,1.0,0.07583540784861824,0.5020615577284331,0.5023219603100259,0.5022734935696739,207610,20761.0,0.2799532260866408
BNBUSDT,ls_ratio_top_log,15,524265,0.00499898289822698,0.02035222010310849,3.6974035582854254,364,0.6153846153846154,1.1635628305461891,1.0735904835990508,0.2446012218562904,1.0735904835990508,0.2830062646624687,0.0019845948222323197,0.007155371495258323,1.0,0.07583540784861824,0.5032162462533257,0.5023732088587689,0.5032932244733006,207851,13856.733333333334,0.22479946802596595
BNBUSDT,ls_ratio_top_z_1440,5,522826,-0.006094947444166696,0.0011054116804654092,0.36250579253691834,363,0.6923076923076923,-2.3400704224055615,-2.1854655871491278,0.019280104059603193,0.0,1.0,-0.0028469412181236545,-0.011271508516962311,-1.0,0.011056918656048808,0.5033535642492655,0.5037781240291255,0.5013675197154785,206944,41388.8,0.08666516994281234
BNBUSDT,ls_ratio_top_z_1440,10,522826,-0.008185617671545934,0.0023020510803861078,0.5368694253116282,363,0.6923076923076923,-2.271099582132991,-2.089766475002057,0.02314095029454442,0.0,1.0,-0.0036920785931390653,-0.015326350837802288,-1.0,0.01107319217349447,0.5043591349164298,0.5047541408861556,0.5022734935696739,207610,20761.0,0.10578682997259611
BNBUSDT,ls_ratio_top_z_1440,15,522826,-0.009285157243270555,0.00455599366042586,0.8623847679531987,363,0.6923076923076923,-2.1283203154993595,-1.9562447096292996,0.033310534840282596,0.0,1.0,-0.0035336797672022094,-0.018303980650104804,-1.0,0.011086611030221287,0.5051791908626853,0.5056763458530609,0.5032932244733006,207851,13856.733333333334,0.11221395575521441
BNBUSDT,ls_ratio_accounts_log,5,524265,-0.005709516669035838,0.022181836652010126,7.50673448055536,364,0.0,-2.1423604860741117,-2.0018835148637733,0.0321644849876887,0.0,1.0,-0.006121390211691777,-0.0048591329830256005,-1.0,0.9969978071143704,0.5019377222823566,0.5013730153220646,0.5013675197154785,206944,41388.8,0.21723806138141516
BNBUSDT,ls_ratio_accounts_log,10,524265,-0.007084951666034626,0.03577973248951443,8.502306124593686,364,0.0,-1.9225894097973506,-1.7709974401776787,0.05453163504572026,0.0,1.0,-0.008026403189460614,-0.004019381588686487,-1.0,0.9969981945491182,0.5019844901498001,0.5017319931252291,0.5022734935696739,207610,20761.0,0.28464415973330404
BNBUSDT,ls_ratio_accounts_log,15,524265,-0.008480503675199789,0.044589364369483145,8.441268662157679,364,0.0,-1.8994914794244,-1.7443331763765078,0.0574998858621298,0.0,1.0,-0.010100217898435404,-0.0033936321550322984,-1.0,0.9969981945491182,0.5018643162650168,0.4999806284068916,0.5032932244733006,207851,13856.733333333334,0.33241275808604354
BNBUSDT,ls_ratio_accounts_z_1440,5,522826,-0.0006469464624923782,0.014910775746947906,5.152533378238386,363,0.15384615384615385,-0.2485235257593481,-0.23191425855638925,0.803729370005218,0.0,1.0,0.0012264004143159432,-0.004063126006461901,1.0,0.09974882593583119,0.49913503169939694,0.49790672555944954,0.5013675197154785,206944,41388.8,0.6401376705799803
BNBUSDT,ls_ratio_accounts_z_1440,10,522826,0.0004956329612320892,0.02431940362707337,5.973077603815322,363,0.8461538461538461,0.1377261493208105,0.12703406212487578,0.8904568521688212,0.12703406212487578,0.8989134392571978,0.0019147033811276258,-0.0021298883317555275,1.0,0.09971876349895983,0.5009392611145899,0.5006310745637028,0.5022734935696739,207610,20761.0,0.3959943849939118
BNBUSDT,ls_ratio_accounts_z_1440,15,522826,-0.0006380115460373947,0.02990264241123468,5.904037731092392,363,0.07692307692307693,-0.14658990254298843,-0.13543434238251606,0.8834557241829146,0.0,1.0,0.0010802401499047526,-0.003792628618724743,1.0,0.09966855789917711,0.5008106768791105,0.5005652605387653,0.5032932244733006,207851,13856.733333333334,0.42920394428460756
BNBUSDT,taker_ls_ratio_log,5,524265,-0.002334135759097344,-0.0024116927949108737,-0.9480091616817277,364,0.6153846153846154,-1.067042214772508,-1.0141373572043375,0.2859527736549313,-0.9480091616817277,0.3431247901603567,-0.001685545068895146,-0.003357819543367782,-1.0,-0.028385071333243278,0.50129020411319,0.5028384091595628,0.5013675197154785,206944,41388.8,0.302884989355832
BNBUSDT,taker_ls_ratio_log,10,524265,-0.006485298346875306,-0.006666806712103215,-2.3328484955242312,364,0.7692307692307693,-2.5015047705761573,-2.4073789046915315,0.012366677630268408,-2.3328484955242312,0.019656098370714303,-0.005019258827457401,-0.00900517035589115,-1.0,-0.02837169712971555,0.5056018496218871,0.5060322104716999,0.5022734935696739,207610,20761.0,0.05368243937046146
BNBUSDT,taker_ls_ratio_log,15,524265,-0.01152677888929481,-0.012899834432647292,-4.199652825047467,364,0.8461538461538461,-4.130054141731132,-4.018270483817857,3.626778133194946e-05,-4.018270483817857,5.862687631283365e-05,-0.009952801037977488,-0.014319398187486062,-1.0,-0.028385071333243278,0.5074163703807054,0.5087722873841198,0.5032932244733006,207851,13856.733333333334,0.04079210345695149
BNBUSDT,taker_ls_ratio_z_1440,5,522826,-0.0022204326485852598,-0.0020182849746132664,-0.7898387848244174,363,0.6153846153846154,-0.9852505293141842,-0.9367365867270505,0.3245010261424608,-0.7898387848244174,0.4296219252038236,-0.0009250808491355663,-0.00432662802476193,-1.0,0.008281902452842084,0.5022469846915107,0.503279808385223,0.5013675197154785,206944,41388.8,0.18158088762109617
BNBUSDT,taker_ls_ratio_z_1440,10,522826,-0.0061476323265789185,-0.006162243042864939,-2.1411813272659175,363,0.6923076923076923,-2.2984134828181286,-2.211581086902675,0.02153826685981737,-2.1411813272659175,0.0322594182493292,-0.0035701914500768004,-0.010737649918089688,-1.0,0.008295222588744612,0.5066422619334329,0.5069246701661496,0.5022734935696739,207610,20761.0,0.02860834825825496
BNBUSDT,taker_ls_ratio_z_1440,15,522826,-0.010753678997564279,-0.01209110149093004,-3.9418085135113956,363,0.8461538461538461,-3.7349924994426194,-3.6349655405914114,0.0001877207820432361,-3.6349655405914114,0.00027801779433640387,-0.007644243774715623,-0.01642981754174206,-1.0,0.008281902452842084,0.5083304867429072,0.5098511818521326,0.5032932244733006,207851,13856.733333333334,0.025859412184023163
