ticker,indicator,horizon,n,ic_spearman,ic_daily_mean,ic_daily_t,n_days,frac_months_same_sign,ic_nw_t,ic_nw_t_2h,p_value,t_cons,p_value_cons,ic_train,ic_test,train_sign,median_train,hit_rate_oos,auc_oos,up_rate_oos,n_oos,n_eff_oos,p_hit
SOLUSDT,sma_dist_5,5,43134,-0.020101042048592487,-0.02484627889507708,-3.4318623571879683,30,1.0,-2.770744109346261,-2.6850569080239968,0.005592836035392465,-2.6850569080239968,0.007251745762269895,-0.03406500959592678,-0.001969880623094522,-1.0,0.0,0.49813089657627724,0.5003071516665045,0.5025811428232362,16853,3370.6,0.5885953009891169
SOLUSDT,sma_dist_5,10,43129,-0.029457831976181088,-0.03488004429388656,-3.543983480039244,30,1.0,-3.682614989850354,-3.5890121364248753,0.00023085368040267617,-3.543983480039244,0.000394129940310175,-0.04011993320768123,-0.01529864243694729,-1.0,0.0,0.5070828190207488,0.5114388192587519,0.5073767119261741,17013,1701.3,0.28031853769284176
SOLUSDT,sma_dist_5,15,43124,-0.019286725426795534,-0.02521137191700267,-2.644278623912427,30,1.0,-2.376698264941787,-2.344664872510606,0.01746837087140869,-2.344664872510606,0.019044188521680733,-0.023514080830547898,-0.012836700226195041,-1.0,0.0,0.5103934233705226,0.5141632705064214,0.5112742219612448,17030,1135.3333333333333,0.256881416432712
SOLUSDT,sma_dist_15,5,43134,-0.035459782928476756,-0.041332101437564966,-3.8940889935373795,30,1.0,-4.0799651131567165,-3.833391244670573,4.504246024966258e-05,-3.833391244670573,0.0001263886924654051,-0.04613320893752456,-0.02228948149431467,-1.0,-0.02309667063069842,0.508396131252596,0.5093182624474308,0.5025811428232362,16853,3370.6,0.17171013122138495
SOLUSDT,sma_dist_15,10,43129,-0.03706558159891207,-0.042971998857679654,-3.113565895883745,30,1.0,-3.3712440901695153,-3.197840771582759,0.0007482952499533802,-3.113565895883745,0.0018484122858559693,-0.03745339193471119,-0.03619682531839625,-1.0,-0.023333207170969924,0.5194850996296949,0.522624199403324,0.5073767119261741,17013,1701.3,0.05475638848463631
SOLUSDT,sma_dist_15,15,43124,-0.02801080546279083,-0.03444996280553864,-2.562583156859825,30,1.0,-2.3088567654823806,-2.253337688972905,0.02095153080424587,-2.253337688972905,0.024237865107960395,-0.020140380888598007,-0.03833260226636663,-1.0,-0.023803644920980353,0.5197886083382267,0.5248060460481505,0.5112742219612448,17030,1135.3333333333333,0.09575886903932164
SOLUSDT,sma_dist_30,5,43134,-0.03692278980755569,-0.045215889439711686,-4.378561811702414,30,1.0,-4.089756460456382,-3.836697427370266,4.31826363080342e-05,-3.836697427370266,0.00012469995379606012,-0.03592154614211132,-0.0394596938558531,-1.0,0.006979247333417097,0.5161692280306177,0.5204028899212876,0.5025811428232362,16853,3370.6,0.03264305806663997
SOLUSDT,sma_dist_30,10,43129,-0.04441658516596401,-0.05277292034900927,-3.877105180466493,30,1.0,-3.7327234212364275,-3.5054821913444476,0.00018942055169203335,-3.5054821913444476,0.0004557809918659246,-0.031136053530789472,-0.062368474969410566,-1.0,0.00653077740598572,0.5277141009816023,0.5361875392495427,0.5073767119261741,17013,1701.3,0.011314718564373492
SOLUSDT,sma_dist_30,15,43124,-0.04458025666388464,-0.05340156130051718,-3.7345391570637596,30,1.0,-3.2314653353137675,-3.0990689582592004,0.0012315726121547872,-3.0990689582592004,0.0019412983024059732,-0.02430739764582797,-0.07262000459174411,-1.0,0.006318754156935524,0.532002348796242,0.5426887742086508,0.5112742219612448,17030,1135.3333333333333,0.016270212816528337
SOLUSDT,sma_dist_60,5,43134,-0.050391538854497854,-0.06258805353632252,-6.3007553875643225,30,1.0,-5.505905985472352,-5.151436564608353,3.672745041745875e-08,-5.151436564608353,2.5849866291505436e-07,-0.042829545379979544,-0.062181021004369154,-1.0,0.04847909936518178,0.5229929389426214,0.533899113585275,0.5025811428232362,16853,3370.6,0.004194863697475389
SOLUSDT,sma_dist_60,10,43129,-0.06437426728388948,-0.07849296368506657,-5.60801877738886,30,1.0,-5.2527061134155035,-4.881705187495781,1.4988058830644205e-07,-4.881705187495781,1.0517241108484376e-06,-0.04652680112889523,-0.08985498076138754,-1.0,0.048793806650895395,0.534062187738788,0.5515148070368354,0.5073767119261741,17013,1701.3,0.0028461932392435953
SOLUSDT,sma_dist_60,15,43124,-0.06903015724694152,-0.08562886919501547,-5.369996348542861,30,1.0,-4.744073556156791,-4.434889842134616,2.0946273308487372e-06,-4.434889842134616,9.211938050070006e-06,-0.04781906558002558,-0.10083089125505404,-1.0,0.049045002037889904,0.5339988256018791,0.5551465901098549,0.5112742219612448,17030,1135.3333333333333,0.012017900350427435
SOLUSDT,sma_dist_240,5,42955,-0.03793376441894088,-0.07352452700181904,-6.642992735811742,30,1.0,-4.08807469181206,-3.842753079125747,4.3496811814497636e-05,-3.842753079125747,0.00012166185499356911,-0.045418103788186705,-0.030443858624443054,-1.0,0.049035458496993284,0.5110662790007714,0.518800388879445,0.5025811428232362,16853,3370.6,0.10428309442590566
SOLUSDT,sma_dist_240,10,42950,-0.048705960744646004,-0.09518701307458469,-6.271010443695818,30,1.0,-3.8565139909974024,-3.5843528672525338,0.00011501551793520325,-3.5843528672525338,0.0003379149867325486,-0.05595748557085584,-0.042115971889936835,-1.0,0.051475754943552575,0.518368306589079,0.5247965879838317,0.5073767119261741,17013,1701.3,0.06637162580534131
SOLUSDT,sma_dist_240,15,42945,-0.052583753128592294,-0.1084597082898072,-5.984664439044304,30,1.0,-3.4495404709930777,-3.1861176175467807,0.000561541551158771,-3.1861176175467807,0.0014419596226300745,-0.06371874199494151,-0.04283768219957214,-1.0,0.055360046125224445,0.5133294186729301,0.5222091610433965,0.5112742219612448,17030,1135.3333333333333,0.18660822104053845
SOLUSDT,ema_dist_5,5,43134,-0.025451948333152525,-0.030438743156942297,-3.7707628971535883,30,1.0,-3.3947243968763843,-3.2569042293338804,0.0006869771724994591,-3.2569042293338804,0.001126344284070196,-0.038889148549992425,-0.008235817659639518,-1.0,-0.008634163767366816,0.49943630214205187,0.502910948268978,0.5025811428232362,16853,3370.6,0.5343176693730644
SOLUSDT,ema_dist_5,10,43129,-0.033289874347854645,-0.038594047623458,-3.496528548361432,30,1.0,-3.826732156929081,-3.685346885806844,0.00012985567755397767,-3.496528548361432,0.00047135405523763093,-0.04245778421928361,-0.021055723602242872,-1.0,-0.008639402292671603,0.5093164051019808,0.514610436643456,0.5073767119261741,17013,1701.3,0.2334977784092541
SOLUSDT,ema_dist_5,15,43124,-0.022788319247125415,-0.028801050353181486,-2.6883461551331096,30,1.0,-2.5050512996027265,-2.451815064184388,0.012243363425058232,-2.451815064184388,0.014213769245596336,-0.024464829349227585,-0.019823401163338594,-1.0,-0.008743506086969884,0.5142689371697006,0.5171991815849126,0.5112742219612448,17030,1135.3333333333333,0.17109764770342434
SOLUSDT,ema_dist_15,5,43134,-0.0374644337275972,-0.04346439474618568,-4.357704270960358,30,1.0,-4.35025416592129,-4.098066561266932,1.3597982582966392e-05,-4.098066561266932,4.166154919575273e-05,-0.04502057145824452,-0.028556662472946522,-1.0,-0.01057296359573991,0.5101762297513796,0.5130456857295806,0.5025811428232362,16853,3370.6,0.1242187075508914
SOLUSDT,ema_dist_15,10,43129,-0.043199040169467386,-0.04959876011885732,-3.722393208979902,30,1.0,-3.952737361657703,-3.742657783619056,7.726222531968692e-05,-3.722393208979902,0.00019734338271526708,-0.04082727430904316,-0.04633189922633807,-1.0,-0.011225237131380572,0.5202492211838006,0.5279615842975953,0.5073767119261741,17013,1701.3,0.04958444855164007
SOLUSDT,ema_dist_15,15,43124,-0.03619773332920281,-0.04352677661616881,-3.28179205722087,30,1.0,-2.9623304873199485,-2.8739735598425624,0.0030531987507479343,-2.8739735598425624,0.004053428952063638,-0.025565552263651908,-0.05063082277860496,-1.0,-0.01170947817824307,0.5231356429829712,0.5315122829947817,0.5112742219612448,17030,1135.3333333333333,0.06133629084383322
SOLUSDT,ema_dist_30,5,43134,-0.04551795391470524,-0.054226066450992726,-5.460923551987078,30,1.0,-5.071437244266829,-4.751033931358135,3.948224657285809e-07,-4.751033931358135,2.0237916535392878e-06,-0.04549009599049301,-0.04690783837693145,-1.0,0.00982704871761737,0.5177713166795229,0.5240411914763687,0.5025811428232362,16853,3370.6,0.020179325368545487
SOLUSDT,ema_dist_30,10,43129,-0.054311952946647306,-0.06410549820952907,-4.7337479122655,30,1.0,-4.622404175172475,-4.337907956667928,3.793180464432273e-06,-4.337907956667928,1.4384536791459423e-05,-0.04257749494399548,-0.07056947499108818,-1.0,0.009734492036052103,0.5310057015223653,0.5408421521206392,0.5073767119261741,17013,1701.3,0.005829647636669948
SOLUSDT,ema_dist_30,15,43124,-0.05285765237689338,-0.0641600550497787,-4.458837554386603,30,1.0,-3.8962543557989187,-3.7287393619098914,9.769179278365945e-05,-3.7287393619098914,0.00019244006403594936,-0.03482646774027601,-0.07853292888700744,-1.0,0.010229157818910362,0.5340575455079272,0.5452286274281821,0.5112742219612448,17030,1135.3333333333333,0.012017900350427435
SOLUSDT,ema_dist_60,5,43134,-0.05266684138740811,-0.06673791510389214,-6.502944212299151,30,1.0,-5.753304746458141,-5.376999267641914,8.751551565440854e-09,-5.376999267641914,7.573748148992904e-08,-0.05052268977205667,-0.05704620637854747,-1.0,0.01739120227158789,0.52026345457782,0.5314805037067625,0.5025811428232362,16853,3370.6,0.010015495588378304
SOLUSDT,ema_dist_60,10,43129,-0.06581198970963674,-0.08309237074992001,-5.862637990653835,30,1.0,-5.389591335655001,-5.017320915514472,7.061808278637567e-08,-5.017320915514472,5.239700440112153e-07,-0.05484194239048279,-0.08193578571921867,-1.0,0.01829439103904454,0.5304179157115148,0.5472063835638645,0.5073767119261741,17013,1701.3,0.0066850347782885745
SOLUSDT,ema_dist_60,15,43124,-0.06928891340252946,-0.08973556105961325,-5.670036221241534,30,1.0,-4.806203693305879,-4.504731579564916,1.5382318114034414e-06,-4.504731579564916,6.645689037945335e-06,-0.05547232871613666,-0.0909339342403765,-1.0,0.018828692228980266,0.5306517909571344,0.5501909585067062,0.5112742219612448,17030,1135.3333333333333,0.021750188628581756
SOLUSDT,ema_dist_240,5,42955,-0.039739859936873484,-0.08039504729157246,-7.478655096325125,30,1.0,-4.273987215194057,-4.015519195136518,1.920080500546177e-05,-4.015519195136518,5.9315070685626505e-05,-0.04783322654957011,-0.03174266288510348,-1.0,-0.035745808206549996,0.5109476057675192,0.5196187792773957,0.5025811428232362,16853,3370.6,0.10428309442590566
SOLUSDT,ema_dist_240,10,42950,-0.05133934408939011,-0.10480325640714368,-7.218661550072636,30,1.0,-4.074372787522527,-3.7923454925084226,4.6138524923040843e-05,-3.7923454925084226,0.0001492310992417948,-0.05907279572638908,-0.04462966930957039,-1.0,-0.03285203093662167,0.5157232704402516,0.5260719804129093,0.5073767119261741,17013,1701.3,0.10368129161130223
SOLUSDT,ema_dist_240,15,42945,-0.05533445974695425,-0.12014416188437978,-7.067070897331829,30,1.0,-3.651077929508764,-3.3735795093492804,0.00026114198060738517,-3.3735795093492804,0.0007419761486109916,-0.06694141561560117,-0.04559801658257925,-1.0,-0.03069592787097566,0.5121550205519672,0.5244345459944927,0.5112742219612448,17030,1135.3333333333333,0.22013870652598214
SOLUSDT,lin_slope_15,5,43134,-0.030512203736466566,-0.03502813584227483,-3.0318210899774676,30,1.0,-3.396670942174525,-3.194017727085263,0.000682109380642194,-3.0318210899774676,0.002430832338213411,-0.03409597379520524,-0.02608257536726101,-1.0,-0.017642738989702006,0.5127277042663028,0.513501913483478,0.5025811428232362,16853,3370.6,0.07156235405607393
SOLUSDT,lin_slope_15,10,43129,-0.02665344636640015,-0.028992600995284633,-2.15108528718649,30,1.0,-2.3129724982159536,-2.2099072263547535,0.02072415125274653,-2.15108528718649,0.031469468569914213,-0.01572278592121694,-0.04009265454953919,-1.0,-0.017714676067137128,0.5200728854405454,0.5242450348049933,0.5073767119261741,17013,1701.3,0.04958444855164007
SOLUSDT,lin_slope_15,15,43124,-0.02404151336235296,-0.02711770020131527,-2.05545404219407,30,1.0,-1.8703590205326015,-1.848814819652311,0.06143397862313729,-1.848814819652311,0.06448455670204739,-0.008493845063240637,-0.04454727768888822,-1.0,-0.01816405927127386,0.5217263652378156,0.5272157183187847,0.5112742219612448,17030,1135.3333333333333,0.07709696821682645
SOLUSDT,lin_slope_60,5,43134,-0.04820097170576465,-0.056411609961383676,-5.03771999362662,30,1.0,-5.309257641613258,-4.987158091260775,1.1007264382089972e-07,-4.987158091260775,6.127392489714343e-07,-0.03347841848497127,-0.06944314587642372,-1.0,0.002453744345427184,0.5294606301548686,0.53902796475861,0.5025811428232362,16853,3370.6,0.00034388286148689674
SOLUSDT,lin_slope_60,10,43129,-0.06685083629920707,-0.07653399597943854,-4.735352157633442,30,1.0,-5.381356038801173,-4.978139641015323,7.392681245414688e-08,-4.735352157633442,2.1867506270276803e-06,-0.044558580938149184,-0.09933152104496712,-1.0,0.0026345936255793797,0.5399988244283783,0.5554040711043857,0.5073767119261741,17013,1701.3,0.00048495342785266144
SOLUSDT,lin_slope_60,15,43124,-0.07720367747709937,-0.09082078140855021,-4.793688242907558,30,1.0,-5.14339344444625,-4.719846086298653,2.6981971944460733e-07,-4.719846086298653,2.3602316130233397e-06,-0.056052382276560696,-0.11054198899530551,-1.0,0.0029285631187083673,0.5385789782736348,0.5551632663528847,0.5112742219612448,17030,1135.3333333333333,0.005328635956849618
SOLUSDT,lin_slope_240,5,42955,-0.006259952609162242,-0.03313186795740065,-3.6651070739872886,30,1.0,-0.6888168328275365,-0.6512648124256353,0.4909385414026731,-0.6512648124256353,0.514875558668993,-0.02066977448589742,0.011357851971641091,-1.0,0.014543444275738457,0.4956980952946063,0.49426143678364076,0.5025811428232362,16853,3370.6,0.6913024020286824
SOLUSDT,lin_slope_240,10,42950,-0.006450851221655841,-0.042891763379044295,-3.434615552252465,30,1.0,-0.5180845159562018,-0.48146257512447777,0.6043993030891051,-0.48146257512447777,0.6301877723072031,-0.026707822126628904,0.0181914295827086,-1.0,0.014712609358065684,0.4926232880738259,0.4891089326789412,0.5073767119261741,17013,1701.3,0.7357798167042067
SOLUSDT,lin_slope_240,15,42945,-0.007047271115588178,-0.051529357238646684,-3.4285288832321905,30,1.0,-0.46478965726879307,-0.4310353421917399,0.6420820951502832,-0.4310353421917399,0.6664426728752071,-0.03285647047766731,0.023997392982959706,-1.0,0.014836899496655146,0.49048737522019964,0.4849843782171367,0.5112742219612448,17030,1135.3333333333333,0.743118583567288
SOLUSDT,macd_line_12_26,5,43134,-0.04229704732343243,-0.05220998878997406,-4.97850008939422,30,1.0,-4.599501005779188,-4.306490333249482,4.235041481736219e-06,-4.306490333249482,1.6586517434011213e-05,-0.03256753728977469,-0.05653764988828506,-1.0,0.003923940714882425,0.5250103839079096,0.5321277206738042,0.5025811428232362,16853,3370.6,0.002005699011630013
SOLUSDT,macd_line_12_26,10,43129,-0.05222709709275533,-0.06230418244539151,-4.443963874522611,30,1.0,-4.230094828419269,-3.9581970217657245,2.335928206543573e-05,-3.9581970217657245,7.55176549822921e-05,-0.030633916376040914,-0.08206231303120706,-1.0,0.0040600222790568895,0.5351202021983189,0.5469360669389995,0.5073767119261741,17013,1701.3,0.0021043007272663716
SOLUSDT,macd_line_12_26,15,43124,-0.05896467479565026,-0.07086336895077176,-4.659546519501704,30,1.0,-4.046775660581699,-3.826240276965982,5.1927964586430335e-05,-3.826240276965982,0.000130115292716118,-0.03439459771429806,-0.09446597961155888,-1.0,0.004263455166342444,0.5364650616559014,0.5517253660531939,0.5112742219612448,17030,1135.3333333333333,0.00744886972914437
SOLUSDT,macd_signal_12_26_9,5,43134,-0.0409350818047502,-0.04937955540709316,-4.767214233064941,30,1.0,-4.465498683213199,-4.182444788991356,7.988246368891371e-06,-4.182444788991356,2.883910652154897e-05,-0.027179567697051654,-0.06047394464711032,-1.0,0.009136514664612176,0.5275025218062066,0.535241530724814,0.5025811428232362,16853,3370.6,0.0007174511445140183
SOLUSDT,macd_signal_12_26_9,10,43129,-0.05535888588307774,-0.06410208830295301,-4.578007492296355,30,1.0,-4.465757528935717,-4.163646312593093,7.978593269863265e-06,-4.163646312593093,3.132051625243482e-05,-0.03181054879346612,-0.08819719204105984,-1.0,0.00956440609071746,0.5392934814553577,0.5502295866715603,0.5073767119261741,17013,1701.3,0.0006824287912758676
SOLUSDT,macd_signal_12_26_9,15,43124,-0.06684834159209788,-0.07777866178687769,-4.992838461829446,30,1.0,-4.527026661353924,-4.229864025299914,5.9819395432288304e-06,-4.229864025299914,2.3383260767873538e-05,-0.0428755539512217,-0.10236818139893665,-1.0,0.009692789668678035,0.539459776864357,0.5540251834866252,0.5112742219612448,17030,1135.3333333333333,0.00448508901778187
SOLUSDT,macd_hist_12_26_9,5,43134,-0.014394840309267264,-0.018508925042541802,-1.6182324874218559,30,1.0,-1.6184285294086007,-1.5129479352385558,0.10557027780203994,-1.5129479352385558,0.13029288442342468,-0.027514895269732425,0.00256237073175274,-1.0,-0.006176201597736613,0.4985462528926601,0.4965965443360171,0.5025811428232362,16853,3370.6,0.5751423694725564
SOLUSDT,macd_hist_12_26_9,10,43129,-0.004450818159288891,-0.007424452986597018,-0.537609299234479,30,0.5,-0.390559709531387,-0.3658592126018296,0.6961227119010021,-0.3658592126018296,0.714470133021988,-0.009818515751759179,0.004094438672005069,-1.0,-0.006190075521589583,0.5010286251689884,0.5005361823419162,0.5073767119261741,17013,1701.3,0.4806626707520102
SOLUSDT,macd_hist_12_26_9,15,43124,0.006676501461844358,0.005218215277667206,0.3929711260790548,30,1.0,0.5256896938366953,0.5011311818351939,0.5991038256968984,0.3929711260790548,0.6943408074210305,0.010981153515404204,0.002724935549596433,1.0,-0.006322712910406911,0.5,0.4978865190562265,0.5112742219612448,17030,1135.3333333333333,0.49999999999999994
SOLUSDT,macd_line_6_13,5,43134,-0.03834087247041805,-0.04499458050222491,-4.057764193316891,30,1.0,-4.23225159808196,-3.9640503558231024,2.3136338052496e-05,-3.9640503558231024,7.368869794006612e-05,-0.039719826011500946,-0.037530595486106856,-1.0,-0.004445965247052425,0.5134990802824423,0.5190624867525088,0.5025811428232362,16853,3370.6,0.06261731477860948
SOLUSDT,macd_line_6_13,10,43129,-0.03961893691326251,-0.04570931432290203,-3.3217362362437446,30,1.0,-3.3594509171454052,-3.1786398495923462,0.0007809752299516756,-3.1786398495923462,0.0014796781847010226,-0.028530223465589335,-0.054072422032415156,-1.0,-0.004614579004062014,0.5244225004408394,0.5318143149820653,0.5073767119261741,17013,1701.3,0.02337847128892092
SOLUSDT,macd_line_6_13,15,43124,-0.03696273391180692,-0.04372100730381658,-3.124674509323169,30,1.0,-2.7503059777671086,-2.672333820666776,0.005953963954883757,-2.672333820666776,0.007532567307073081,-0.01853401162438453,-0.06207507135180934,-1.0,-0.004789142488647412,0.5278919553728714,0.5364236953006292,0.5112742219612448,17030,1135.3333333333333,0.03283683784086718
SOLUSDT,macd_signal_6_13_5,5,43134,-0.03457716422337231,-0.04099782696912386,-3.730699101981718,30,1.0,-3.7962199427342718,-3.564114686075713,0.00014691916291424597,-3.564114686075713,0.0003650863147703596,-0.030280534400828542,-0.04098717166113794,-1.0,-0.003566659673192891,0.5183646828457842,0.5225654579227286,0.5025811428232362,16853,3370.6,0.017045915832159676
SOLUSDT,macd_signal_6_13_5,10,43129,-0.0366865026782681,-0.04164881275399127,-3.090961920931911,30,1.0,-3.051497355462452,-2.890058432952629,0.002277030542889609,-2.890058432952629,0.0038517022433877134,-0.019028565658011476,-0.05989787000362474,-1.0,-0.0036486390948457154,0.5275377652383472,0.5346471242878132,0.5073767119261741,17013,1701.3,0.012837032133676221
SOLUSDT,macd_signal_6_13_5,15,43124,-0.038548387275944535,-0.044359866616927784,-3.1667517724480745,30,1.0,-2.781722303592487,-2.696944469597611,0.005407128477957822,-2.696944469597611,0.006997893886623995,-0.015833112175275558,-0.06967503641903448,-1.0,-0.0038915535176396064,0.5315325895478568,0.5399697255468494,0.5112742219612448,17030,1135.3333333333333,0.018841363439613363
SOLUSDT,macd_hist_6_13_5,5,43134,-0.016364558985472892,-0.02112389829559491,-2.088181015437602,30,1.0,-1.9807550209556979,-1.8697984291855774,0.04761875317508632,-1.8697984291855774,0.06151181459323115,-0.03643729368099027,0.009314805899626383,-1.0,-0.002477610758938126,0.49498605589509287,0.49378915359850806,0.5025811428232362,16853,3370.6,0.7267128398616444
SOLUSDT,macd_hist_6_13_5,10,43129,-0.016550829221263053,-0.02198407146050507,-1.8015334508566616,30,1.0,-1.6958966182405915,-1.6275653248580821,0.08990546022354887,-1.6275653248580821,0.10361708662626037,-0.03622838783194955,0.009438148594907391,-1.0,-0.0024697924525039863,0.4999118321283724,0.4984410073360913,0.5073767119261741,17013,1701.3,0.5193373292479898
SOLUSDT,macd_hist_6_13_5,15,43124,-0.0013150772080502472,-0.006424303924991366,-0.5713840589347678,30,0.5,-0.13184865309123772,-0.12920509870776287,0.8951040028372174,-0.12920509870776287,0.8971953618447027,-0.011016763246167764,0.012827002346800242,-1.0,-0.002477610758938126,0.49935408103347034,0.49788752639237965,0.5112742219612448,17030,1135.3333333333333,0.5236676599285077
SOLUSDT,adx_14,5,43168,0.009058883951689273,0.010312437940063087,1.050779846562167,30,0.5,1.0061057337775323,0.9431935640575655,0.3143647108201647,0.9431935640575655,0.3455819047514529,0.0041271619572550355,0.017160886034721493,1.0,0.22727713250606105,0.5085148044858482,0.5075590096953679,0.5025811428232362,16853,3370.6,0.1630788714210297
SOLUSDT,adx_14,10,43163,0.012678869270664002,0.015586263324195904,1.130046646782711,30,1.0,1.0417943524562114,0.9641673765496146,0.2975070330669063,0.9641673765496146,0.3349620174467308,0.006159606430465254,0.024942755105678123,1.0,0.22725385128990866,0.5069064832774937,0.5088841225778906,0.5073767119261741,17013,1701.3,0.29687739328837504
SOLUSDT,adx_14,15,43158,0.01959174929187516,0.021271822047310863,1.2312700413041746,30,1.0,1.3560731189191848,1.2556879188279337,0.17507590472300572,1.2312700413041746,0.218221882830699,0.010800430305574458,0.035956796636602756,1.0,0.2272168335218005,0.5113916617733412,0.5176373590124386,0.5112742219612448,17030,1135.3333333333333,0.23812193426202213
SOLUSDT,di_diff_14,5,43181,-0.04213091386767261,-0.05218488625021629,-5.013592279689526,30,1.0,-4.7292333111058165,-4.4361445067296,2.253692784275412e-06,-4.4361445067296,9.158438009635704e-06,-0.03443494969544306,-0.05531312836778853,-1.0,1.0142034897575591e-05,0.5185426926956624,0.5281798028026867,0.5025811428232362,16853,3370.6,0.017045915832159676
SOLUSDT,di_diff_14,10,43176,-0.050279569642775725,-0.06228136407622208,-4.219943809570899,30,1.0,-4.307628965114666,-4.035118310293218,1.6501388569115235e-05,-4.035118310293218,5.4574791045462474e-05,-0.028835279037072416,-0.082816576789265,-1.0,3.169214236181661e-06,0.5335919590901076,0.5458736822410105,0.5073767119261741,17013,1701.3,0.0028461932392435953
SOLUSDT,di_diff_14,15,43171,-0.05106983501422753,-0.06560284265798193,-3.904982014665139,30,1.0,-3.775224644926585,-3.5881562724186136,0.00015986352877295334,-3.5881562724186136,0.00033302467075932456,-0.02232529510659401,-0.09506264101087702,-1.0,1.2491153828342316e-05,0.5384028185554903,0.551649056889806,0.5112742219612448,17030,1135.3333333333333,0.005328635956849618
SOLUSDT,aroon_osc_25,5,43169,-0.01994034599097844,-0.02534843349400651,-2.7703084420637003,30,1.0,-2.2667326332159563,-2.1353277639820907,0.023406563635912807,-2.1353277639820907,0.0327342465941445,-0.010275329244798364,-0.0332710963955228,-1.0,0.07999999999999996,0.5183646828457842,0.5212005702213156,0.5025811428232362,16853,3370.6,0.017045915832159676
SOLUSDT,aroon_osc_25,10,43164,-0.02766824534263478,-0.032474608954280546,-2.8767004142287185,30,1.0,-2.381326972780685,-2.2407301750748516,0.017250392616345877,-2.2407301750748516,0.025043558267458476,-0.009850997795787839,-0.05115795734977289,-1.0,0.07999999999999996,0.5241873861164992,0.5294156696172407,0.5073767119261741,17013,1701.3,0.02337847128892092
SOLUSDT,aroon_osc_25,15,43159,-0.032072864586933696,-0.03731123716128546,-3.149994592586179,30,1.0,-2.3645330978954484,-2.246147414359541,0.018052814169241822,-2.246147414359541,0.02469456718381611,-0.010608619253715396,-0.061886390764430886,-1.0,0.07999999999999996,0.5290663534938345,0.5334441260510914,0.5112742219612448,17030,1135.3333333333333,0.028713204833665556
SOLUSDT,ema_gap_5_20,5,43134,-0.04078443690402714,-0.04857019911817166,-4.505984310312688,30,1.0,-4.474284054955756,-4.188360485651198,7.666776488892545e-06,-4.188360485651198,2.809769565978676e-05,-0.0385762961407912,-0.04482281147542943,-1.0,-0.00935445875766579,0.5179493265294013,0.5236524669522187,0.5025811428232362,16853,3370.6,0.020179325368545487
SOLUSDT,ema_gap_5_20,10,43129,-0.044767839154065,-0.05225449270476119,-3.8135829417674345,30,1.0,-3.7321949831961883,-3.5179941144986895,0.00018981847678944594,-3.5179941144986895,0.0004348220063325172,-0.029633698479373662,-0.06489884076979084,-1.0,-0.00944759162221042,0.5298301299006642,0.5374980827921932,0.5073767119261741,17013,1701.3,0.007649483780463723
SOLUSDT,ema_gap_5_20,15,43124,-0.044544107901193265,-0.05304353085792173,-3.697973208880143,30,1.0,-3.21908838226436,-3.104383872550759,0.0012859884174288075,-3.104383872550759,0.0019067576285876889,-0.02294025797275753,-0.07439882738476719,-1.0,-0.00958217755593346,0.5345860246623605,0.5426779694934731,0.5112742219612448,17030,1135.3333333333333,0.010279520798913724
SOLUSDT,ema_gap_15_60,5,43134,-0.05100510766814662,-0.0657240186792515,-6.133835647051299,30,1.0,-5.531769336052303,-5.176806961100184,3.1701661532670826e-08,-5.176806961100184,2.2571554469892825e-07,-0.042790857859217976,-0.06327744110146881,-1.0,0.02345292457439188,0.5243576811250222,0.5372330942998853,0.5025811428232362,16853,3370.6,0.002490033493165544
SOLUSDT,ema_gap_15_60,10,43129,-0.06752149085673477,-0.08482162447830083,-5.693266878017275,30,1.0,-5.386637593551539,-4.994062380777914,7.178797723492513e-08,-4.994062380777914,5.912228731503989e-07,-0.052598509344369444,-0.08933996351860157,-1.0,0.023692615997507906,0.5354728736848292,0.5509251999784588,0.5073767119261741,17013,1701.3,0.0018034587679022192
SOLUSDT,ema_gap_15_60,15,43124,-0.07833656999895801,-0.10011276562311637,-5.828843426915977,30,1.0,-5.199417569705451,-4.79096861823586,1.9991395880836902e-07,-4.79096861823586,1.6597808762611952e-06,-0.0645820641470295,-0.10087602388289697,-1.0,0.024114551273206525,0.5369935408103347,0.5523922639840027,0.5112742219612448,17030,1135.3333333333333,0.00744886972914437
SOLUSDT,ema_gap_60_240,5,42955,-0.02311491015510422,-0.06960871136698997,-6.550347439360546,30,1.0,-2.5161993462485324,-2.378397337920845,0.011862806441605136,-2.378397337920845,0.017388078026872818,-0.034014773428976505,-0.011085372859887577,-1.0,-0.03627567358233423,0.5106509226843885,0.5090055477148403,0.5025811428232362,16853,3370.6,0.11065300848801848
SOLUSDT,ema_gap_60_240,10,42950,-0.030633409156202534,-0.09452307033379934,-6.398542874532442,30,1.0,-2.4405882897769993,-2.2778885851059654,0.014663361142356418,-2.2778885851059654,0.022733216553479877,-0.04755391758637269,-0.01229928790375083,-1.0,-0.03469193412543646,0.5101980838182566,0.5068682069056194,0.5073767119261741,17013,1701.3,0.2048658925347499
SOLUSDT,ema_gap_60_240,15,42945,-0.03453857449995251,-0.11352108701069098,-6.443236700799245,30,1.0,-2.2677980196275915,-2.1003731634914833,0.023341520176479693,-2.1003731634914833,0.03569602784054196,-0.05880141825281914,-0.008606408968323235,-1.0,-0.0330321055845303,0.5056371109806225,0.503148194561762,0.5112742219612448,17030,1135.3333333333333,0.36085721316014246
SOLUSDT,efficiency_ratio_10,5,43184,0.003083215962209191,0.002992423296477189,0.3657999072329421,30,0.5,0.41101449394155815,0.3928090932051575,0.681061906873253,0.3657999072329421,0.7145143891059829,0.0025374717142288413,0.002329669869539584,1.0,0.26666666666668876,0.5038272117723848,0.5061028877101448,0.5025811428232362,16853,3370.6,0.3333643767588069
SOLUSDT,efficiency_ratio_10,10,43179,-0.00841506403879934,-0.009515428389306503,-0.9261827814858797,30,1.0,-0.9576922289038613,-0.9175274919588066,0.33821797652637686,-0.9175274919588066,0.35886629352157196,-0.011392460688264858,-0.007148901319354277,-1.0,0.26666666666669353,0.49714923881737494,0.4987274343120649,0.5073767119261741,17013,1701.3,0.5957854657061942
SOLUSDT,efficiency_ratio_10,15,43174,-0.01045557305521357,-0.01092587165121094,-1.0434455930522388,30,1.0,-1.1125460729424204,-1.0767217471762063,0.2659034321594326,-1.0434455930522388,0.29674196667703223,-0.012391021606355542,-0.010084504424009964,-1.0,0.26666666666668876,0.4994715208455667,0.5021915356965228,0.5112742219612448,17030,1135.3333333333333,0.5236676599285077
SOLUSDT,efficiency_ratio_30,5,43164,0.00940755496214706,0.01086677792438277,1.3512606385149302,30,1.0,1.1095990128168567,1.04890429196133,0.2671718568637924,1.04890429196133,0.2942221699716133,0.009151028095661887,0.010022310537525756,1.0,0.15315315315315084,0.506438022903934,0.5079038564159968,0.5025811428232362,16853,3370.6,0.2294344169125985
SOLUSDT,efficiency_ratio_30,10,43159,0.01660159840003229,0.018866833697412502,1.6909733586418885,30,1.0,1.5198775093309915,1.4274452772592896,0.12854176399474543,1.4274452772592896,0.15345158791861843,0.011295684706750962,0.02378585559430947,1.0,0.1531531531531528,0.5091400693587257,0.5142395806459711,0.5073767119261741,17013,1701.3,0.2334977784092541
SOLUSDT,efficiency_ratio_30,15,43154,0.025046540740312616,0.027725241282397246,2.039344564283702,30,1.0,2.00735402632984,1.916977417056148,0.04471198031781642,1.916977417056148,0.055240800698492555,0.015330498847634601,0.03840353185805446,1.0,0.15315315315315478,0.5193775689958896,0.525093309340886,0.5112742219612448,17030,1135.3333333333333,0.10625005041893992
SOLUSDT,ichimoku_tenkan_dist,5,43181,-0.031046792552843074,-0.0370300669632402,-3.9626542606045962,30,1.0,-3.8048733519258042,-3.60711778129836,0.0001418767645609761,-3.60711778129836,0.00030961713949728345,-0.043306162958555376,-0.015605080576102213,-1.0,0.0,0.5016910935738444,0.5057081142318582,0.5025811428232362,16853,3370.6,0.4248576305274436
SOLUSDT,ichimoku_tenkan_dist,10,43176,-0.03335822628760117,-0.03966609759073541,-3.2734598915735176,30,1.0,-3.3823155962738096,-3.2461221305373997,0.0007187751675367258,-3.2461221305373997,0.0011698863957121729,-0.040216847218042126,-0.02393457676005096,-1.0,0.0,0.510609533885852,0.5160777986617198,0.5073767119261741,17013,1701.3,0.1913693291232122
SOLUSDT,ichimoku_tenkan_dist,15,43171,-0.022715406655677478,-0.029519345390230153,-2.5151356878485522,30,1.0,-2.164429873397942,-2.1194574658203136,0.030431373197722125,-2.1194574658203136,0.034051824723594665,-0.0220554976821871,-0.023057010330272243,-1.0,0.0,0.5103347034644744,0.5164462737055693,0.5112742219612448,17030,1135.3333333333333,0.256881416432712
SOLUSDT,ichimoku_kijun_dist,5,43169,-0.03230378461873232,-0.04068955165193555,-4.114686267739891,30,1.0,-3.6697702080705437,-3.4446409232068658,0.00024276860263778007,-3.4446409232068658,0.0005718184709772032,-0.03268993503783626,-0.03258042555583742,-1.0,0.0,0.5126683676496766,0.5173574210808657,0.5025811428232362,16853,3370.6,0.07156235405607393
SOLUSDT,ichimoku_kijun_dist,10,43164,-0.03725449784470546,-0.04588112639659529,-3.5360663293794707,30,1.0,-3.221540814682739,-3.02909693773695,0.0012750330055041146,-3.02909693773695,0.0024528596430951556,-0.027531439995401186,-0.05004607863230684,-1.0,0.0,0.5226591430082878,0.530464155595333,0.5073767119261741,17013,1701.3,0.03266850422564036
SOLUSDT,ichimoku_kijun_dist,15,43159,-0.03600529617681359,-0.04490941870730271,-3.2419338215899995,30,1.0,-2.684669616592809,-2.578269556658166,0.0072601534019589116,-2.578269556658166,0.009929650532752325,-0.018352280274897412,-0.060019144322363084,-1.0,0.0,0.5256018790369935,0.5367846735211799,0.5112742219612448,17030,1135.3333333333333,0.04254928344813203
SOLUSDT,ichimoku_tk_diff,5,43169,-0.015984124400005385,-0.01987111231429426,-2.158343135701675,30,1.0,-1.8086379769278482,-1.700221941143914,0.07050726446478725,-1.700221941143914,0.08908918667232164,-0.007291010830240487,-0.02774058131052334,-1.0,0.0,0.5146858126149647,0.5173022058894984,0.5025811428232362,16853,3370.6,0.047360998362546015
SOLUSDT,ichimoku_tk_diff,10,43164,-0.022214421509364906,-0.025615278704053657,-2.0897120799196554,30,1.0,-1.8889122684879884,-1.7872301898193055,0.05890358527494185,-1.7872301898193055,0.07390029176985727,-0.0015276167293793096,-0.049505004960057365,-1.0,0.0,0.5257156292247105,0.5299149315406146,0.5073767119261741,17013,1701.3,0.01851036175066058
SOLUSDT,ichimoku_tk_diff,15,43159,-0.029429792752925964,-0.033399467372729606,-2.5378161232531125,30,1.0,-2.1505310632642707,-2.072046192340529,0.031513231608239524,-2.072046192340529,0.038261133587246914,-0.00346321365299575,-0.06477871810902945,-1.0,0.0,0.5328244274809161,0.5384346418432175,0.5112742219612448,17030,1135.3333333333333,0.014005556969705152
SOLUSDT,ichimoku_cloud_dist,5,43117,-0.05163220259767166,-0.06383956462754409,-6.8416950275705775,30,1.0,-5.686069848344833,-5.312622637775229,1.299962435378136e-08,-5.312622637775229,1.0805865694080243e-07,-0.04160359284356861,-0.06706815775631185,-1.0,0.0,0.5257817599240492,0.5367893024633397,0.5025811428232362,16853,3370.6,0.0014380294828459598
SOLUSDT,ichimoku_cloud_dist,10,43112,-0.06899917390620432,-0.08363884169229337,-6.339704377809711,30,1.0,-5.637032695194442,-5.214331700645395,1.7300527574849857e-08,-5.214331700645395,1.8448110490410468e-07,-0.050307990038833676,-0.09662654885424563,-1.0,0.0,0.538646917063422,0.5545460273076741,0.5073767119261741,17013,1701.3,0.0008068503753110165
SOLUSDT,ichimoku_cloud_dist,15,43107,-0.07708835727874366,-0.09410819860430795,-6.027624753347506,30,1.0,-5.274043718519748,-4.90066600251622,1.3345009467441435e-07,-4.90066600251622,9.551231406079321e-07,-0.05605376830737694,-0.10940823309860401,-1.0,0.0,0.5388138578978273,0.557789750481593,0.5112742219612448,17030,1135.3333333333333,0.00448508901778187
SOLUSDT,supertrend_dist,5,43185,-0.03706406238383725,-0.04447049501641162,-4.344727129834393,30,1.0,-4.3639595173349335,-4.109995644993118,1.277292241770986e-05,-4.109995644993118,3.956665794442102e-05,-0.03309484032958214,-0.04445058358140553,-1.0,0.16765868027440736,0.5250103839079096,0.5219669424304345,0.5025811428232362,16853,3370.6,0.002005699011630013
SOLUSDT,supertrend_dist,10,43180,-0.03893222068615568,-0.046804208502981344,-3.720020760883136,30,1.0,-3.5484980659806262,-3.336066221013295,0.0003874348436140309,-3.336066221013295,0.0008497292058891726,-0.026448930149560478,-0.05669844282260226,-1.0,0.1662513366012463,0.5310644801034503,0.5334976704335538,0.5073767119261741,17013,1701.3,0.005829647636669948
SOLUSDT,supertrend_dist,15,43175,-0.03307981871627899,-0.04128411374624854,-3.148551069903979,30,1.0,-2.631279555950568,-2.512679954028944,0.00850640323045223,-2.512679954028944,0.011981797887332474,-0.015690952236757098,-0.05818657635214614,-1.0,0.168898268737451,0.5330005871990605,0.5354635314575419,0.5112742219612448,17030,1135.3333333333333,0.014005556969705152
SOLUSDT,supertrend_dir,5,43185,-0.03291520126173109,-0.036722976366357026,-3.7520891689719544,30,1.0,-3.8067320054685516,-3.578791054857756,0.00014081519219144356,-3.578791054857756,0.000345187299314973,-0.0179324596312762,-0.05444322895048489,-1.0,1.0,0.5244170177416484,0.5246570581013663,0.5025811428232362,16853,3370.6,0.002490033493165544
SOLUSDT,supertrend_dir,10,43180,-0.03366635040916594,-0.03777992146348384,-3.3056389675699047,30,1.0,-2.965782809456269,-2.7858083573308776,0.003019136186012643,-2.7858083573308776,0.005339442870648454,-0.011027570871487197,-0.06468753719737606,-1.0,1.0,0.5307705871980251,0.5314429959242954,0.5073767119261741,17013,1701.3,0.005829647636669948
SOLUSDT,supertrend_dir,15,43175,-0.03179281987520671,-0.03698044132623128,-2.9211812877815557,30,1.0,-2.4178222242430443,-2.293475737611547,0.015613702976174936,-2.293475737611547,0.021820630637121342,-0.006216981867306554,-0.06873306983823135,-1.0,1.0,0.5324721080446271,0.533521904821333,0.5112742219612448,17030,1135.3333333333333,0.016270212816528337
SOLUSDT,ret_1,5,43193,-0.01085890147472197,-0.016919934967366792,-3.3471496497725397,30,1.0,-2.0851717515662274,-2.0840620171884794,0.03705371308270377,-2.0840620171884794,0.037154526454954616,-0.01672692719329097,-0.004786818248608101,-1.0,0.0,0.4968848276271287,0.5015546093805124,0.5025811428232362,16853,3370.6,0.6412263578555429
SOLUSDT,ret_1,10,43188,-0.018408861418186234,-0.02306677414178484,-3.8434236312935743,30,1.0,-3.530066237291849,-3.5216988388696406,0.00041545564098449374,-3.5216988388696406,0.0004287909649743323,-0.024432973714181364,-0.012330855491360286,-1.0,0.0,0.5002645036148827,0.5081696412922163,0.5073767119261741,17013,1701.3,0.4999999999999992
SOLUSDT,ret_1,15,43183,-0.012448306892425362,-0.018028721801984858,-3.1388766548948794,30,1.0,-2.430116781131803,-2.4283477316717703,0.015093958554733737,-2.4283477316717703,0.015167792771189351,-0.01789317200382987,-0.0062579612949620585,-1.0,0.0,0.502348796241926,0.5069298586730835,0.5112742219612448,17030,1135.3333333333333,0.4527478705118008
SOLUSDT,ret_5,5,43189,-0.0300189880916039,-0.03625612889536368,-4.310273652842148,30,1.0,-3.6473384650990446,-3.4934369327578425,0.0002649707875990227,-3.4934369327578425,0.00047684560232956567,-0.040564338216158936,-0.018437718677423824,-1.0,0.0,0.5025811428232362,0.5083044535090342,0.5025811428232362,16853,3370.6,0.3848238368573939
SOLUSDT,ret_5,10,43184,-0.03833145737235926,-0.04494419229701048,-4.0801541983944585,30,1.0,-4.051477267313245,-3.9459111742275343,5.089527168928208e-05,-3.9459111742275343,7.94970828667593e-05,-0.0437317366475324,-0.031902971306016346,-1.0,0.0,0.5137247986833597,0.5201195547013253,0.5073767119261741,17013,1701.3,0.13235040968078132
SOLUSDT,ret_5,15,43179,-0.02694318796135844,-0.03448395593181375,-3.2941675754455138,30,1.0,-2.7627017218310796,-2.7387011637936016,0.005732512671463187,-2.7387011637936016,0.0061682411894789435,-0.02205042653355145,-0.033317517723178265,-1.0,0.0,0.5115678214914856,0.5203317555367369,0.5112742219612448,17030,1135.3333333333333,0.22013870652598214
SOLUSDT,ret_10,5,43184,-0.03863221702812158,-0.04577242051380685,-4.2723738098084025,30,1.0,-4.305923952220669,-4.061226088579136,1.6629018163075857e-05,-4.061226088579136,4.881566863319912e-05,-0.043729014351405304,-0.03338583745322407,-1.0,0.0,0.5107695959176408,0.514805825755475,0.5025811428232362,16853,3370.6,0.11065300848801848
SOLUSDT,ret_10,10,43179,-0.03723822519564196,-0.04428072846331046,-3.326845180004863,30,1.0,-3.3214140164235473,-3.1643387688321734,0.0008956257359289389,-3.1643387688321734,0.0015543575641871511,-0.029176119665806508,-0.047066210030148624,-1.0,0.0,0.5208370069946512,0.5262222400197101,0.5073767119261741,17013,1701.3,0.044809900613495456
SOLUSDT,ret_10,15,43174,-0.0311395318289358,-0.037354240556789375,-2.8789464301131678,30,1.0,-2.5352519983128006,-2.4921806891571867,0.011236646079365835,-2.4921806891571867,0.01269614309302002,-0.01771684252102533,-0.04754824109034122,-1.0,0.0,0.5213740458015267,0.5267893736412778,0.5112742219612448,17030,1135.3333333333333,0.07709696821682645
SOLUSDT,ret_15,5,43179,-0.030251335966905175,-0.03860770826145181,-3.670409910650062,30,1.0,-3.2939302286943577,-3.1122868830127968,0.0009879701870111194,-3.1122868830127968,0.0018564399833708135,-0.025936327484023143,-0.03638651268780481,-1.0,0.0,0.5117189817836587,0.5181254903772337,0.5025811428232362,16853,3370.6,0.09234886021125327
SOLUSDT,ret_15,10,43174,-0.036344770869472846,-0.04156226449034065,-3.092761414335464,30,1.0,-3.059953935855277,-2.9144754669461927,0.0022137103651618966,-2.9144754669461927,0.003562868109144579,-0.019863120201886374,-0.05654388657200509,-1.0,0.0,0.5245988361840945,0.5335812977387508,0.5073767119261741,17013,1701.3,0.02337847128892092
SOLUSDT,ret_15,15,43169,-0.031587043800191145,-0.037610161025421245,-2.824122088845637,30,1.0,-2.3465627105926994,-2.2910447656747936,0.01894747744340957,-2.2910447656747936,0.02196082469557897,-0.009057924758730398,-0.06034466661691623,-1.0,0.0,0.5275396359365825,0.5365107953800694,0.5112742219612448,17030,1135.3333333333333,0.03283683784086718
SOLUSDT,ret_30,5,43164,-0.04378654870991031,-0.05138135746432257,-5.439726931970273,30,1.0,-4.651931708842715,-4.372521687570873,3.288399894240585e-06,-4.372521687570873,1.2281961196044243e-05,-0.03342453468494049,-0.058376337772739956,-1.0,0.0,0.5240016614252655,0.5306469733188308,0.5025811428232362,16853,3370.6,0.0027698678813585474
SOLUSDT,ret_30,10,43159,-0.061149202581015444,-0.0684516601841294,-5.2390009449741735,30,1.0,-4.893610105185848,-4.571511338628864,9.900288387798872e-07,-4.571511338628864,4.842190831126201e-06,-0.04149622050559281,-0.08710607210403144,-1.0,0.0,0.5348850878739787,0.5475803842244789,0.5073767119261741,17013,1701.3,0.0021043007272663716
SOLUSDT,ret_30,15,43154,-0.06829245479877687,-0.07548909008788177,-5.250199486118904,30,1.0,-4.672407748380358,-4.4537968205027125,2.9768923595575804e-06,-4.4537968205027125,8.436494064414552e-06,-0.047859477239358815,-0.09668863142921845,-1.0,0.0,0.5359953024075161,0.5510174709208615,0.5112742219612448,17030,1135.3333333333333,0.008764524451713294
SOLUSDT,ret_60,5,43134,-0.05273334994838691,-0.06451975969688097,-5.920781814823536,30,1.0,-5.596471415045724,-5.277332746366081,2.1875837004855267e-08,-5.277332746366081,1.310777467015225e-07,-0.046313159429466656,-0.06356795468939822,-1.0,0.0,0.5250697205245357,0.5369764609069263,0.5025811428232362,16853,3370.6,0.002005699011630013
SOLUSDT,ret_60,10,43129,-0.07020316439230201,-0.08464294006037662,-5.474934595052648,30,1.0,-5.548966255443261,-5.178947455758229,2.8736363046824107e-08,-5.178947455758229,2.231413032936915e-07,-0.05776840249584793,-0.08940566423647936,-1.0,0.0,0.5352965379415741,0.5510303492198858,0.5073767119261741,17013,1701.3,0.0018034587679022192
SOLUSDT,ret_60,15,43124,-0.07927290392852895,-0.09873996911812546,-5.397236960620389,30,1.0,-5.239767140911539,-4.840370949885409,1.607793450313484e-07,-4.840370949885409,1.2959699161656901e-06,-0.06644130457967456,-0.10093951885429651,-1.0,0.0,0.535936582501468,0.5531379342220808,0.5112742219612448,17030,1135.3333333333333,0.008764524451713294
SOLUSDT,ret_240,5,42954,-0.018437289923939743,-0.06038810505840429,-5.965181079884348,30,1.0,-1.9384052848741211,-1.838634017213551,0.05257379616990114,-1.838634017213551,0.0659690343775051,-0.031625204538768555,-0.004815491924460075,-1.0,9.78713143195975e-05,0.501987776656975,0.5017243321891256,0.5025811428232362,16853,3370.6,0.4114046990108831
SOLUSDT,ret_240,10,42949,-0.023439736083630824,-0.07871828090754006,-5.729079974511299,30,1.0,-1.8208312611489614,-1.715158184472444,0.0686325107263373,-1.715158184472444,0.08631622905825768,-0.04060446878614393,-0.006198803064956343,-1.0,9.794798969497975e-05,0.5056721330747076,0.5026879612840687,0.5073767119261741,17013,1701.3,0.3312665763141669
SOLUSDT,ret_240,15,42944,-0.026202600099997263,-0.09425660605657583,-5.811102998161631,30,1.0,-1.6904160195877038,-1.5857771838414534,0.09094839241590132,-1.5857771838414534,0.1127898631693709,-0.04820749794860078,-0.004917881327900971,-1.0,9.796238275860958e-05,0.5001761597181444,0.4987508410739412,0.5112742219612448,17030,1135.3333333333333,0.49999999999999994
SOLUSDT,ret_vol_1,5,43134,-0.011250807439789668,-0.014721360516663905,-2.8811536057806384,30,1.0,-2.259758449419946,-2.2533504862736886,0.02383624649212574,-2.2533504862736886,0.024237058838173137,-0.018189158548488626,-0.002554939832551,-1.0,0.0,0.4968848276271287,0.5002859345549638,0.5025811428232362,16853,3370.6,0.6412263578555429
SOLUSDT,ret_vol_1,10,43129,-0.017342469077573128,-0.020519651391574058,-3.445774526215366,30,1.0,-3.4502663320005516,-3.4214123267398477,0.0005600337525779207,-3.4214123267398477,0.0006229680679556123,-0.023170998806580592,-0.009939363284762361,-1.0,0.0,0.5002645036148827,0.5074327810632173,0.5073767119261741,17013,1701.3,0.4999999999999992
SOLUSDT,ret_vol_1,15,43124,-0.011147494491751262,-0.015137154177488574,-2.701858289644183,30,1.0,-2.2500734350925855,-2.2370127275527936,0.024444284086646357,-2.2370127275527936,0.025285508204211035,-0.01626702712145015,-0.00413194625925847,-1.0,0.0,0.502348796241926,0.5064652973178185,0.5112742219612448,17030,1135.3333333333333,0.4527478705118008
SOLUSDT,ret_vol_5,5,43134,-0.027922162566674073,-0.03201380713085681,-3.696305600248031,30,1.0,-3.514580660577567,-3.351594532324413,0.00044044888910064724,-3.351594532324413,0.0008034760214768672,-0.04063079522421432,-0.011924029161501261,-1.0,0.0,0.5025811428232362,0.5056828832625087,0.5025811428232362,16853,3370.6,0.3848238368573939
SOLUSDT,ret_vol_5,10,43129,-0.03433806970047655,-0.03884402689727548,-3.441448880966249,30,1.0,-3.7310122276306026,-3.6125418311611552,0.00019071196591674872,-3.441448880966249,0.0005786077879845191,-0.043081045187667734,-0.022617425782074187,-1.0,0.0,0.5137247986833597,0.5161386461654351,0.5073767119261741,17013,1701.3,0.13235040968078132
SOLUSDT,ret_vol_5,15,43124,-0.02217668976617254,-0.027576380880322306,-2.589929968838494,30,1.0,-2.336613468204753,-2.3066298476756923,0.01945929152258691,-2.3066298476756923,0.021075464128775666,-0.020948430906379416,-0.023547676233485516,-1.0,0.0,0.5115678214914856,0.5167132039870475,0.5112742219612448,17030,1135.3333333333333,0.22013870652598214
SOLUSDT,ret_vol_10,5,43134,-0.0352148328801473,-0.04026025600945634,-3.649208071416759,30,1.0,-4.063644571762541,-3.8195928013473757,4.831237531501267e-05,-3.649208071416759,0.000263049981996552,-0.0442482212640479,-0.023834152523629033,-1.0,0.0,0.5107695959176408,0.5104818798262238,0.5025811428232362,16853,3370.6,0.11065300848801848
SOLUSDT,ret_vol_10,10,43129,-0.0314063693210898,-0.03670774072708802,-2.707039807899821,30,1.0,-2.8861071174079176,-2.7480117922601375,0.0039003938280955113,-2.707039807899821,0.006788611664465483,-0.02861099302285712,-0.03449046074935302,-1.0,0.0,0.5208370069946512,0.5209410374695665,0.5073767119261741,17013,1701.3,0.044809900613495456
SOLUSDT,ret_vol_10,15,43124,-0.024920952913940638,-0.030121075666379983,-2.2866455873313147,30,1.0,-2.085634505451518,-2.048299119302427,0.037011743257164206,-2.048299119302427,0.04053069924088,-0.01565479055183657,-0.03681022375236248,-1.0,0.0,0.5213740458015267,0.5222876228703448,0.5112742219612448,17030,1135.3333333333333,0.07709696821682645
SOLUSDT,ret_vol_15,5,43134,-0.027567528550433505,-0.03356685730816514,-3.1615289531438613,30,1.0,-3.1132624861710347,-2.931256625049556,0.0018503137397435534,-2.931256625049556,0.0033759377407298367,-0.02775018736583851,-0.02790557702115903,-1.0,0.0,0.5117189817836587,0.5142282879516241,0.5025811428232362,16853,3370.6,0.09234886021125327
SOLUSDT,ret_vol_15,10,43129,-0.03172959168629756,-0.03589778494426396,-2.634666496081122,30,1.0,-2.754593506419125,-2.617560102259206,0.005876509532351225,-2.617560102259206,0.008856089081505807,-0.019859861166778722,-0.04652801183952577,-1.0,0.0,0.5245988361840945,0.5294355950321897,0.5073767119261741,17013,1701.3,0.02337847128892092
SOLUSDT,ret_vol_15,15,43124,-0.027318562331189938,-0.03285171596501359,-2.4473831884515147,30,1.0,-2.089982307523465,-2.038648864799585,0.036619389039813405,-2.038648864799585,0.041485084627932406,-0.008838982873081535,-0.0520210389464859,-1.0,0.0,0.5275396359365825,0.53295426399943,0.5112742219612448,17030,1135.3333333333333,0.03283683784086718
SOLUSDT,ret_vol_30,5,43134,-0.04258666747545476,-0.0507563068595748,-5.38760621071762,30,1.0,-4.695768587582641,-4.399130370844022,2.6560610691437555e-06,-4.399130370844022,1.0868552313003502e-05,-0.036179110978395025,-0.05264085776169074,-1.0,0.0,0.5240016614252655,0.5285279169444093,0.5025811428232362,16853,3370.6,0.0027698678813585474
SOLUSDT,ret_vol_30,10,43129,-0.05862889194328229,-0.0673101307792847,-5.235233179632981,30,1.0,-4.85511891721263,-4.514950475601919,1.2031452035872686e-06,-4.514950475601919,6.333156414263433e-06,-0.04177908251112793,-0.08194390790265352,-1.0,0.0,0.5348850878739787,0.546116754333885,0.5073767119261741,17013,1701.3,0.0021043007272663716
SOLUSDT,ret_vol_30,15,43124,-0.06571801907517683,-0.074949033738502,-5.284107896354485,30,1.0,-4.623319266401731,-4.375862643169168,3.77647788512967e-06,-4.375862643169168,1.2095316654153082e-05,-0.04572093820383801,-0.09461327242068339,-1.0,0.0,0.5359953024075161,0.5511195292522209,0.5112742219612448,17030,1135.3333333333333,0.008764524451713294
SOLUSDT,ret_vol_60,5,43134,-0.05272689828150303,-0.0650216143633928,-6.120815534410492,30,1.0,-5.808156518034478,-5.442486836700051,6.316445458618544e-09,-5.442486836700051,5.2541844254188074e-08,-0.04556581586524097,-0.0640168902612913,-1.0,0.0,0.5250697205245357,0.5380754763005638,0.5025811428232362,16853,3370.6,0.002005699011630013
SOLUSDT,ret_vol_60,10,43129,-0.07038588937857106,-0.08570907952999537,-5.585292987440643,30,1.0,-5.73929792778546,-5.3116110065257915,9.506984455959786e-09,-5.3116110065257915,1.086603498546647e-07,-0.05788873983861465,-0.08917932747468371,-1.0,0.0,0.5352965379415741,0.5533492514568291,0.5073767119261741,17013,1701.3,0.0018034587679022192
SOLUSDT,ret_vol_60,15,43124,-0.07950738160144129,-0.09960889366802987,-5.5373793907006785,30,1.0,-5.401523130456968,-4.957731887548833,6.607741677213977e-08,-4.957731887548833,7.132089281241786e-07,-0.0670485915818698,-0.10041359667741054,-1.0,0.0,0.535936582501468,0.5544702604768446,0.5112742219612448,17030,1135.3333333333333,0.008764524451713294
SOLUSDT,ret_vol_240,5,42954,-0.019215323809539192,-0.05914467504414423,-5.964128561600139,30,1.0,-2.106269965750677,-1.991018974707629,0.035180908656596115,-1.991018974707629,0.04647880123205247,-0.029995416036401115,-0.0069923019697899725,-1.0,0.011736028060335687,0.5019284400403489,0.5030054499738817,0.5025811428232362,16853,3370.6,0.4248576305274436
SOLUSDT,ret_vol_240,10,42949,-0.02502410068258405,-0.07757768867766443,-5.7642832486506395,30,1.0,-2.017153909000032,-1.8880931209257557,0.04367945429761919,-1.8880931209257557,0.059013450209802074,-0.03750796332582388,-0.011530545735677753,-1.0,0.011825296817784837,0.5058484688179627,0.5053175769722305,0.5073767119261741,17013,1701.3,0.3312665763141669
SOLUSDT,ret_vol_240,15,42944,-0.028222256983429332,-0.0920473654728724,-5.727252111201506,30,1.0,-1.8855003886812565,-1.7611129929081417,0.05936231202079129,-1.7611129929081417,0.07821928034531707,-0.04383946330921977,-0.012274100512568041,-1.0,0.011984641571310232,0.5007046388725778,0.5020087593812146,0.5112742219612448,17030,1135.3333333333333,0.49999999999999994
SOLUSDT,ret_skip_5,5,43134,-0.027192251395137992,-0.029713678758029122,-3.656243568218028,30,1.0,-3.599295223298959,-3.45752208567107,0.0003190807837933733,-3.45752208567107,0.0005451675543341818,-0.03728230044351032,-0.014388013193815436,-1.0,0.0,0.5077434284697087,0.5082744199940257,0.5025811428232362,16853,3370.6,0.18983018124502427
SOLUSDT,ret_skip_5,10,43129,-0.02858733875006558,-0.031112310908054452,-3.2456363565784945,30,1.0,-3.3679131579178456,-3.2909972628267425,0.0007573944898431331,-3.2456363565784945,0.0011718842747161185,-0.03507072718016358,-0.019615343141826676,-1.0,0.0,0.5114324340210428,0.5138414801164954,0.5073767119261741,17013,1701.3,0.17843188686566264
SOLUSDT,ret_skip_5,15,43124,-0.018750366875055706,-0.021937870734403484,-2.435450402332947,30,1.0,-2.1593395929445074,-2.1523820755452547,0.030823830607329742,-2.1523820755452547,0.03136727426233044,-0.015724489292663117,-0.022645138418938754,-1.0,0.0,0.5120375807398708,0.5147495746454097,0.5112742219612448,17030,1135.3333333333333,0.22013870652598214
SOLUSDT,ret_skip_15,5,43134,-0.02564293409966257,-0.03002617373459941,-2.8777471823592005,30,1.0,-2.9240241032555496,-2.7553197976091335,0.003455379895838913,-2.7553197976091335,0.005863479371476714,-0.024391125600089027,-0.0276032821639195,-1.0,0.0,0.5112442888506498,0.514980865165221,0.5025811428232362,16853,3370.6,0.09818321737107086
SOLUSDT,ret_skip_15,10,43129,-0.027379055805939537,-0.029735789217854566,-2.2530868598130653,30,1.0,-2.4063464039446703,-2.294518851471331,0.01611297807017783,-2.2530868598130653,0.02425367282040923,-0.014471366426723349,-0.04349941338655735,-1.0,0.0,0.5216599071298419,0.5274455139770116,0.5073767119261741,17013,1701.3,0.040412574295746455
SOLUSDT,ret_skip_15,15,43124,-0.0242248934387955,-0.028009803826596073,-2.1908786345537776,30,1.0,-1.8836917782856888,-1.8486509405523741,0.05960667919055564,-1.8486509405523741,0.0645082319705343,-0.004785269481304703,-0.05028814873143234,-1.0,0.0,0.5246623605402231,0.5316002248208704,0.5112742219612448,17030,1135.3333333333333,0.05446229573586367
SOLUSDT,ret_skip_60,5,43134,-0.05203830091918149,-0.06295976453789624,-5.838307692127548,30,1.0,-5.7631988169078365,-5.401896617449631,8.253447267562835e-09,-5.401896617449631,6.593995198835849e-08,-0.04423499455407837,-0.06388893314169466,-1.0,0.0,0.5276211950394588,0.5384379135769938,0.5025811428232362,16853,3370.6,0.0007174511445140183
SOLUSDT,ret_skip_60,10,43129,-0.06831059683381482,-0.08219620302114625,-5.300726909641865,30,1.0,-5.592890553005086,-5.1812314124555705,2.233200747667984e-08,-5.1812314124555705,2.2042581746431913e-07,-0.05510468773285125,-0.08790385475613043,-1.0,0.0,0.5359431023335097,0.5524265520039093,0.5073767119261741,17013,1701.3,0.0015422447285421534
SOLUSDT,ret_skip_60,15,43124,-0.0784155452880101,-0.09715639150665274,-5.409565169169056,30,1.0,-5.347134060125089,-4.908607489004394,8.935783188233561e-08,-4.908607489004394,9.172535111047458e-07,-0.06503271948445564,-0.10045995082056212,-1.0,0.0,0.5354081033470346,0.5540648007756102,0.5112742219612448,17030,1135.3333333333333,0.008764524451713294
SOLUSDT,rsi_2,5,43192,-0.018208747698279393,-0.02363844458490724,-3.249276765431922,30,1.0,-2.5706282998463466,-2.470238971193653,0.010151421699455918,-2.470238971193653,0.013502281946601562,-0.03248871548957802,0.0005411916175752439,-1.0,-0.009600001268817326,0.497537530410016,0.49853660377773035,0.5025811428232362,16853,3370.6,0.615176163142606
SOLUSDT,rsi_2,10,43187,-0.024456022641746213,-0.029291314897892894,-3.1727701665976946,30,1.0,-3.054179393369062,-2.951483298070499,0.0022567708717175796,-2.951483298070499,0.0031625164913238603,-0.03608628149317691,-0.008644762132237041,-1.0,-0.00956358325868989,0.5050843472638571,0.5073682912793501,0.5073767119261741,17013,1701.3,0.3490351191653044
SOLUSDT,rsi_2,15,43182,-0.016479197589022488,-0.0222039063680449,-2.4147010931392185,30,1.0,-1.9985120899801716,-1.9545021050885654,0.0456611705329962,-1.9545021050885654,0.05064186615556964,-0.02038113818320173,-0.010237796829588471,-1.0,-0.009600001268817326,0.5098062243100411,0.5140171998646417,0.5112742219612448,17030,1135.3333333333333,0.256881416432712
SOLUSDT,rsi_6,5,43188,-0.03149405446920053,-0.037978370151068155,-3.9669045558896308,30,1.0,-3.774758696952578,-3.5605977586449713,0.00016016262249397346,-3.5605977586449713,0.00037001152393195187,-0.041688560860684745,-0.018789427561530153,-1.0,-0.003514783996547255,0.5062006764374295,0.5077763706585022,0.5025811428232362,16853,3370.6,0.24001378332741694
SOLUSDT,rsi_6,10,43183,-0.035151313689615604,-0.04198490619519983,-3.304720509826197,30,1.0,-3.3775294479101614,-3.205509124080225,0.0007314012124405654,-3.205509124080225,0.0013482377229067002,-0.03569561884654675,-0.0343680145988489,-1.0,-0.0036088576926368576,0.5156644918591665,0.5215897296380367,0.5073767119261741,17013,1701.3,0.10368129161130223
SOLUSDT,rsi_6,15,43178,-0.026841263048923394,-0.03462583141997921,-2.691973982800311,30,1.0,-2.337313905902634,-2.263892331021674,0.019422868009734875,-2.263892331021674,0.023580737748728684,-0.017962943649172305,-0.038632970476172215,-1.0,-0.003730086615035322,0.5174985320023487,0.525981986814908,0.5112742219612448,17030,1135.3333333333333,0.1296680684930648
SOLUSDT,rsi_14,5,43180,-0.04185798331741,-0.05113191551475207,-5.140119170909856,30,1.0,-4.702955756432088,-4.4046181052131645,2.564220006403058e-06,-4.4046181052131645,1.0597039495709475e-05,-0.04188456610448538,-0.043125984377802316,-1.0,0.0007666528574825637,0.5148638224648431,0.5218650960699263,0.5025811428232362,16853,3370.6,0.0440546249720143
SOLUSDT,rsi_14,10,43175,-0.04951583425565815,-0.05960680270298161,-4.415617731625214,30,1.0,-4.259373419899377,-4.001474057298597,2.0500074934627975e-05,-4.001474057298597,6.294909785293377e-05,-0.03757559734956896,-0.06610237294331053,-1.0,0.0007067957125248547,0.5290072297654734,0.5385171402524731,0.5073767119261741,17013,1701.3,0.008734338400887855
SOLUSDT,rsi_14,15,43170,-0.04731576143350481,-0.05878849971319027,-4.0728129722880535,30,1.0,-3.5355982315056025,-3.389119050450382,0.00040685294934628054,-3.389119050450382,0.0007011756118076476,-0.02881193468245039,-0.07364582285486823,-1.0,0.0007666528574825637,0.5313564298297123,0.5429558079835696,0.5112742219612448,17030,1135.3333333333333,0.018841363439613363
SOLUSDT,stoch_k_14,5,43181,-0.03146284909923872,-0.03783424351663118,-3.7824692934311,30,1.0,-3.811706409876208,-3.5928732678314437,0.00013801074057983114,-3.5928732678314437,0.0003270516736750941,-0.042925417622163724,-0.01707714373586888,-1.0,0.0,0.5045392511718981,0.506002034251305,0.5025811428232362,16853,3370.6,0.3086975979713175
SOLUSDT,stoch_k_14,10,43176,-0.030853780975214483,-0.037337135217331535,-2.8632289446062806,30,1.0,-2.975880143789504,-2.8196195827000685,0.002921490175470719,-2.8196195827000685,0.0048080612314389416,-0.03346378513178737,-0.026495234094101417,-1.0,0.0,0.5164286134132722,0.5184236966221425,0.5073767119261741,17013,1701.3,0.09520738022411418
SOLUSDT,stoch_k_14,15,43171,-0.022049959463251632,-0.029037667787203122,-2.1780192545194503,30,1.0,-1.9105392436509065,-1.8487273503120651,0.05606381857228968,-1.8487273503120651,0.06449719232092137,-0.019679958974700817,-0.024406345346714167,-1.0,0.0,0.5146799765120376,0.5183159448024497,0.5112742219612448,17030,1135.3333333333333,0.17109764770342434
SOLUSDT,stoch_d_14_3,5,43179,-0.030827670797941346,-0.03730009008267932,-3.491189631078002,30,1.0,-3.5714740316278526,-3.353524331155315,0.00035497774950416893,-3.353524331155315,0.0007978939836684859,-0.03884892054758942,-0.020715848026249723,-1.0,-0.009226997031887674,0.5069720524535691,0.5087953483190597,0.5025811428232362,16853,3370.6,0.21912154889018454
SOLUSDT,stoch_d_14_3,10,43174,-0.027575162354140217,-0.033127316919773046,-2.525393840176769,30,1.0,-2.5140609913279044,-2.3824534013225187,0.011934979141947813,-2.3824534013225187,0.017197708406516896,-0.02676820638455648,-0.027285820095007966,-1.0,-0.009285927632673996,0.5140774701698702,0.5188337468715094,0.5073767119261741,17013,1701.3,0.13235040968078132
SOLUSDT,stoch_d_14_3,15,43169,-0.020162880927059545,-0.026019641084403886,-1.9551936221344934,30,1.0,-1.6401066241867952,-1.594414782442612,0.10098299935196389,-1.594414782442612,0.11084316364821199,-0.01375369448811658,-0.027761681492534,-1.0,-0.009523809523780624,0.5129770992366413,0.5196257232863318,0.5112742219612448,17030,1135.3333333333333,0.20296023596917928
SOLUSDT,stoch_k_5,5,43190,-0.021687284022765055,-0.02632934138796664,-3.689076992630116,30,1.0,-3.0460049200136576,-2.93915257133423,0.002319040403839123,-2.93915257133423,0.003291110206026165,-0.03628218174119698,-0.0022638677175851976,-1.0,0.0,0.497537530410016,0.5007877090322082,0.5025811428232362,16853,3370.6,0.615176163142606
SOLUSDT,stoch_k_5,10,43185,-0.028041853478701424,-0.03275511914051792,-3.6160949423887283,30,1.0,-3.5079538382112156,-3.4129723792869764,0.0004515673983072529,-3.4129723792869764,0.0006425845456188886,-0.038021783770525154,-0.013941716987602716,-1.0,0.0,0.510609533885852,0.5106320092813316,0.5073767119261741,17013,1701.3,0.1913693291232122
SOLUSDT,stoch_k_5,15,43180,-0.018571287071375793,-0.023960394246936457,-2.612212429130756,30,1.0,-2.265071156906639,-2.227799833204448,0.02350831327252608,-2.227799833204448,0.025893865992613736,-0.02130562333685698,-0.013467583141224175,-1.0,0.0,0.5106870229007634,0.5139895395178042,0.5112742219612448,17030,1135.3333333333333,0.23812193426202213
SOLUSDT,stoch_d_5_3,5,43188,-0.02731197759523352,-0.03181457231923718,-3.9024215235140884,30,1.0,-3.4353325263883465,-3.2840534925432037,0.000591827138999288,-3.2840534925432037,0.0010232549846078724,-0.03986518469042915,-0.011147659439644618,-1.0,0.0023146787852531547,0.5028778259063669,0.50478473680571,0.5025811428232362,16853,3370.6,0.3717253260183469
SOLUSDT,stoch_d_5_3,10,43183,-0.02866838814332154,-0.0327345008993438,-3.3336141678407216,30,1.0,-3.113602909817657,-3.020892234343844,0.0018481804442411084,-3.020892234343844,0.0025203104293316896,-0.03552401543779062,-0.01839999572035776,-1.0,0.0022983552395101636,0.5134309057779345,0.5131625853592889,0.5073767119261741,17013,1701.3,0.1430197424624795
SOLUSDT,stoch_d_5_3,15,43178,-0.018350045222495913,-0.02320236248098511,-2.3656880440698558,30,1.0,-1.9165641016556973,-1.8902647175354712,0.05529333228189909,-1.8902647175354712,0.05872256503571021,-0.016022422159257105,-0.02006627914362315,-1.0,0.0023146787852531547,0.5120963006459189,0.5150779938296106,0.5112742219612448,17030,1135.3333333333333,0.22013870652598214
SOLUSDT,williams_r_14,5,43181,-0.031462848489378095,-0.03783424351663118,-3.7824692934311,30,1.0,-3.811706333848448,-3.592873193948882,0.00013801078303759246,-3.592873193948882,0.00032705176644030925,-0.0429254159306088,-0.01707714373586888,-1.0,-0.5,0.5045392511718981,0.506002034251305,0.5025811428232362,16853,3370.6,0.3086975979713175
SOLUSDT,williams_r_14,10,43176,-0.030853780735094632,-0.037337135217331535,-2.8632289446062806,30,1.0,-2.9758801150778202,-2.8196195488450813,0.0029214904489803374,-2.8196195488450813,0.00480806173864787,-0.03346378452609878,-0.026495234094101417,-1.0,-0.5,0.5164286134132722,0.5184236966221425,0.5073767119261741,17013,1701.3,0.09520738022411418
SOLUSDT,williams_r_14,15,43171,-0.022049959438419184,-0.029037667787203122,-2.1780192545194503,30,1.0,-1.910539237148215,-1.8487273410133358,0.056063819408683865,-1.8487273410133358,0.06449719366430295,-0.019679958907980636,-0.024406345346714167,-1.0,-0.5,0.5146799765120376,0.5183159448024497,0.5112742219612448,17030,1135.3333333333333,0.17109764770342434
SOLUSDT,cci_20,5,43175,-0.03293934285949886,-0.040055224842543015,-3.590201243995848,30,1.0,-3.8258122226904723,-3.598489934342033,0.00013034161852599932,-3.590201243995848,0.000330422755509697,-0.03647894714183809,-0.029022490399016963,-1.0,-0.008877052818569214,0.5095235269684922,0.5139233896789772,0.5025811428232362,16853,3370.6,0.13890673940185597
SOLUSDT,cci_20,10,43170,-0.03506674886194663,-0.041874921347558706,-3.037787194755788,30,1.0,-3.1988698250046523,-3.0280424654140132,0.0013796745047758843,-3.0280424654140132,0.0024614349566648096,-0.028107999465966864,-0.04379057477205743,-1.0,-0.009875084889487807,0.5211308999000764,0.5286311556469745,0.5073767119261741,17013,1701.3,0.044809900613495456
SOLUSDT,cci_20,15,43165,-0.028061272966167578,-0.03579173676611791,-2.544184431429167,30,1.0,-2.274725568328386,-2.197436671806908,0.022922397692643114,-2.197436671806908,0.02798927464086719,-0.013148338882686383,-0.04799890595118585,-1.0,-0.010198878123454956,0.5230182031708749,0.5308030769455376,0.5112742219612448,17030,1135.3333333333333,0.06133629084383322
SOLUSDT,tsi_25_13,5,43157,-0.039895886905578666,-0.05104299408312625,-4.843861072496226,30,1.0,-4.348756141927524,-4.066371017789768,1.3691184681778952e-05,-4.066371017789768,4.77508938480073e-05,-0.029301725531921723,-0.05549438509168762,-1.0,0.0010702328847464631,0.5252477303744141,0.5317270249947855,0.5025811428232362,16853,3370.6,0.001797127572466854
SOLUSDT,tsi_25_13,10,43152,-0.049942458064433995,-0.06103195607557626,-4.287850549789252,30,1.0,-4.046595980915357,-3.7822742403204606,5.19678219238851e-05,-3.7822742403204606,0.00015540201565770933,-0.02799409409145296,-0.08065738969110865,-1.0,0.0011060255849565934,0.5357667665902545,0.5464468402922493,0.5073767119261741,17013,1701.3,0.0018034587679022192
SOLUSDT,tsi_25_13,15,43147,-0.056631924269378124,-0.06920225730395814,-4.4568909344360605,30,1.0,-3.8840832702134422,-3.6733826443606783,0.00010271670290673523,-3.6733826443606783,0.00023936063401161956,-0.03186510604346432,-0.09286821682916305,-1.0,0.0011872869731106052,0.5379330593071051,0.5508746499731103,0.5112742219612448,17030,1135.3333333333333,0.005328635956849618
SOLUSDT,ultimate_osc,5,43167,-0.02611498767802021,-0.032458067413703204,-3.4116240493864645,30,1.0,-3.142167268334559,-2.958566674656436,0.0016770220034857239,-2.958566674656436,0.00309073372176379,-0.028686047561417682,-0.02241239460965973,-1.0,0.019892521271805297,0.5095235269684922,0.5114786052224374,0.5025811428232362,16853,3370.6,0.13890673940185597
SOLUSDT,ultimate_osc,10,43162,-0.025503634207055165,-0.031349133922767454,-2.476811650276,30,1.0,-2.4385142559649005,-2.309922403794756,0.014747776978820749,-2.309922403794756,0.02089245047807298,-0.02203691477982563,-0.02724400808373736,-1.0,0.019876489570790246,0.5171339563862928,0.5184213398526324,0.5073767119261741,17013,1701.3,0.07980856546368385
SOLUSDT,ultimate_osc,15,43157,-0.017146760134251288,-0.023518951647759554,-1.7449742859048525,30,1.0,-1.4793697521818694,-1.4303768004198627,0.13904151974144516,-1.4303768004198627,0.15260890305664607,-0.008584085374798312,-0.025782965853218386,-1.0,0.019859776375329652,0.5158543746330005,0.5189123430016583,0.5112742219612448,17030,1135.3333333333333,0.1564369687957406
SOLUSDT,mom_z_15,5,41740,-0.029600268468715787,-0.035253922742710705,-3.3065018592330078,29,1.0,-3.2214628432732564,-3.036978672589188,0.0012753799861927545,-3.036978672589188,0.002389623626344827,-0.024559747388211015,-0.03638090373333755,-1.0,0.0006677102953252877,0.5103542396012579,0.5176733821089823,0.5025811428232362,16853,3370.6,0.11729702188250264
SOLUSDT,mom_z_15,10,41735,-0.033499092292493815,-0.036096673434766476,-2.6614728683482785,29,1.0,-2.8069354926862022,-2.6620345296985923,0.005001525624226071,-2.6614728683482785,0.0077799610689738025,-0.013789098052585711,-0.05616531203197822,-1.0,0.0005460741339100246,0.524011050373244,0.5334313629652844,0.5073767119261741,17013,1701.3,0.02619122742285111
SOLUSDT,mom_z_15,15,41730,-0.028880843542923206,-0.031484484705963205,-2.3461712547123623,29,1.0,-2.130413063373965,-2.0775225853047448,0.03313752624150369,-2.0775225853047448,0.037753352922535476,-0.002932814295200435,-0.059946464152967574,-1.0,0.0003717030655512226,0.5255431591309454,0.5367535357947449,0.5112742219612448,17030,1135.3333333333333,0.0482121590074413
SOLUSDT,mom_z_60,5,41695,-0.046968852572402346,-0.05610416756227861,-5.1110789099868414,29,1.0,-4.983023209836125,-4.688926192387181,6.259843857752916e-07,-4.688926192387181,2.7464241726726823e-06,-0.03678927915098082,-0.06103272212588131,-1.0,0.009596416653353451,0.5251290571411618,0.5344044512415567,0.5025811428232362,16853,3370.6,0.001797127572466854
SOLUSDT,mom_z_60,10,41690,-0.06171618185979072,-0.07173731407511384,-4.497357654328263,29,1.0,-4.87536600230392,-4.541344348837907,1.0860689871955385e-06,-4.497357654328263,6.880319477419131e-06,-0.042649609228826865,-0.0865264537860381,-1.0,0.00977534508054623,0.5350614236172339,0.5489644230368372,0.5073767119261741,17013,1701.3,0.0021043007272663716
SOLUSDT,mom_z_60,15,41685,-0.06972136569639438,-0.08278613483443494,-4.395194305496595,29,1.0,-4.610405930310152,-4.26375035973123,4.018834634220351e-06,-4.26375035973123,2.0102402815291006e-05,-0.04916911064079925,-0.09810037942887859,-1.0,0.009902344348189776,0.535936582501468,0.551311392291596,0.5112742219612448,17030,1135.3333333333333,0.008764524451713294
SOLUSDT,atr_pct_14,5,43181,0.00020121645513273057,-0.009291689895680029,-1.0989628778116844,30,0.0,0.0223548315329318,0.021156940827420347,0.9821649105530156,0.0,1.0,-0.00536969487902992,0.0043814798329992405,-1.0,0.0008168774981086712,0.49884293597579066,0.4981506537447674,0.5025811428232362,16853,3370.6,0.5616013532853543
SOLUSDT,atr_pct_14,10,43176,0.007430173765384767,-0.00814568910367443,-0.6615646316824593,30,0.0,0.6092491080856506,0.570851960560076,0.5423593343056885,0.0,1.0,-0.007211939845443151,0.021381271994418333,-1.0,0.0008167927789869819,0.4932698524657615,0.4898333939504588,0.5073767119261741,17013,1701.3,0.7196814623071582
SOLUSDT,atr_pct_14,15,43171,0.01859159943171565,-0.004823502874362056,-0.2984439249411437,30,0.0,1.267422249943216,1.1808847444891437,0.20500434813302593,0.0,1.0,0.0019874649399226176,0.033773441784370126,1.0,0.0008167405710389649,0.513270698766882,0.5167826687842436,0.5112742219612448,17030,1135.3333333333333,0.18660822104053845
SOLUSDT,bb_pctb_20_2,5,43175,-0.032631095315305954,-0.03959112742542346,-3.651123632757696,30,1.0,-3.820225719149935,-3.59438132635973,0.00013332960043363547,-3.59438132635973,0.000325163312101545,-0.036026833586043666,-0.02909603462999668,-1.0,0.4974110683060474,0.5115409719337803,0.5134242629395156,0.5025811428232362,16853,3370.6,0.09234886021125327
SOLUSDT,bb_pctb_20_2,10,43170,-0.03545699121705723,-0.04228754073589495,-3.067802850127831,30,1.0,-3.2610715086818884,-3.0841137847805116,0.0011099204543620433,-3.067802850127831,0.0021563883209719044,-0.028753136898917307,-0.043886108194385126,-1.0,0.49734467577673935,0.5220125786163522,0.5285697828808464,0.5073767119261741,17013,1701.3,0.036372189911343215
SOLUSDT,bb_pctb_20_2,15,43165,-0.02779748608527962,-0.035495382778518124,-2.519970580571775,30,1.0,-2.2726026776938233,-2.1939190168517024,0.02305013413587959,-2.1939190168517024,0.028241231999145713,-0.013404342808775616,-0.04698515909059516,-1.0,0.4971745549712904,0.5227833235466823,0.5300542398081833,0.5112742219612448,17030,1135.3333333333333,0.06886978363743824
SOLUSDT,bb_width_20_2,5,43175,-0.005673144156594693,-0.013746608356865093,-1.416823148456963,30,1.0,-0.6410596188754819,-0.6075495130619487,0.5214839488258274,-0.6075495130619487,0.5434862942722796,-0.008690400532797007,-0.00584704283777301,-1.0,0.003656378822450222,0.503471192072628,0.5018196930004376,0.5025811428232362,16853,3370.6,0.3459823269977817
SOLUSDT,bb_width_20_2,10,43170,-0.003670923544271563,-0.01808498607300728,-1.2882949951846574,30,1.0,-0.30987085853852975,-0.28871694373266443,0.7566591642957806,-0.28871694373266443,0.7727979954053718,-0.013866319158228897,0.0035198704374203678,-1.0,0.003654292461802205,0.49644389584435433,0.49725886280798204,0.5073767119261741,17013,1701.3,0.6328590939911292
SOLUSDT,bb_width_20_2,15,43165,0.009043091502471944,-0.012163554252503733,-0.758956002499442,30,0.0,0.6447387969351362,0.6001091953623638,0.5190964698328641,0.0,1.0,-0.006425226946893437,0.02209300178365644,-1.0,0.0036535078387576777,0.49230769230769234,0.49034277869206955,0.5112742219612448,17030,1135.3333333333333,0.7034187809866501
SOLUSDT,bb_width_rel_20,5,41736,-0.006011408945219231,-0.009665282915137846,-0.9670812691649789,29,1.0,-0.6674943548671732,-0.6310347299884883,0.5044564143333612,-0.6310347299884883,0.5280178163587051,-0.0056976024661131225,-0.00805438284906846,-1.0,0.8061685708023026,0.5025811428232362,0.5026256826903157,0.5025811428232362,16853,3370.6,0.3848238368573939
SOLUSDT,bb_width_rel_20,10,41731,-0.005110159724433941,-0.011285784828305813,-0.7741401726876619,29,1.0,-0.4230820983443737,-0.3926385396650665,0.6722353629673385,-0.3926385396650665,0.694586470387886,-0.010517397707514777,-0.0002856474123432394,-1.0,0.8060250813835569,0.4989125962499265,0.49906770068535133,0.5073767119261741,17013,1701.3,0.538629265704319
SOLUSDT,bb_width_rel_20,15,41726,0.00467650017231422,-0.004083430270950078,-0.24450016882772527,29,0.0,0.3290980735782706,0.30741038312607605,0.7420815602798583,0.0,1.0,-0.0063371107805079855,0.01613584192589307,-1.0,0.8059499334256806,0.4970640046975925,0.49398176674645644,0.5112742219612448,17030,1135.3333333333333,0.5938439748183738
SOLUSDT,keltner_pos_20,5,43175,-0.03878080473698047,-0.046496575259027714,-4.669367633796791,30,1.0,-4.46668743261845,-4.193859976209696,7.94400640440594e-06,-4.193859976209696,2.7424730837037817e-05,-0.042433890681876266,-0.03514140167451692,-1.0,-0.0005144833061155651,0.5132617338159379,0.5171431726179971,0.5025811428232362,16853,3370.6,0.06261731477860948
SOLUSDT,keltner_pos_20,10,43170,-0.04396711551038797,-0.05227201624836346,-3.908894353169271,30,1.0,-3.9294655365302886,-3.7032241166982756,8.513487682127644e-05,-3.7032241166982756,0.00021287666213353683,-0.03597957964255482,-0.055075695176265496,-1.0,-0.0010421155780363637,0.5269499794274967,0.5329312025667308,0.5073767119261741,17013,1701.3,0.014533324396613362
SOLUSDT,keltner_pos_20,15,43165,-0.03884948399475554,-0.04844550358271609,-3.4772470459717,30,1.0,-3.056437894578181,-2.944411529581879,0.0022398387645099173,-2.944411529581879,0.003235694398596147,-0.023013512159198057,-0.061167201517475255,-1.0,-0.0011368536533488897,0.5299471520845567,0.5371524685096714,0.5112742219612448,17030,1135.3333333333333,0.025029426013898376
SOLUSDT,donchian_pos_20,5,43175,-0.031225531950903905,-0.03838018847988429,-3.6797784540155867,30,1.0,-3.6842043740041346,-3.4669732130792665,0.00022941811551281877,-3.4669732130792665,0.0005263543409575812,-0.03595221222317587,-0.025722423550748073,-1.0,0.0,0.5086334777191005,0.5111081402303899,0.5025811428232362,16853,3370.6,0.1630788714210297
SOLUSDT,donchian_pos_20,10,43170,-0.03142725569018224,-0.03865647385489021,-2.926757174726891,30,1.0,-2.880738448495054,-2.7199196914595474,0.0039674472229830155,-2.7199196914595474,0.006529777280866275,-0.027998708471209006,-0.03499345572457644,-1.0,0.0,0.5197202139540351,0.5239832329602938,0.5073767119261741,17013,1701.3,0.05475638848463631
SOLUSDT,donchian_pos_20,15,43165,-0.02543027918736257,-0.0332148384851876,-2.4074512534355668,30,1.0,-2.0488186432226585,-1.9739792069096058,0.040479852054332265,-1.9739792069096058,0.04838410731552718,-0.01579484529435281,-0.037667881621931944,-1.0,0.0,0.5206106870229008,0.5254772286073919,0.5112742219612448,17030,1135.3333333333333,0.08605008084733752
SOLUSDT,donchian_pos_60,5,43135,-0.0469859723522673,-0.05619677017711879,-5.667579507142251,30,1.0,-5.286416312545493,-4.951771714860648,1.2473584122025924e-07,-4.951771714860648,7.354084513287136e-07,-0.04093357306791323,-0.05634274770918189,-1.0,0.010638297872361036,0.5196700884115588,0.5306216367216443,0.5025811428232362,16853,3370.6,0.012009111589861227
SOLUSDT,donchian_pos_60,10,43130,-0.05915323764649792,-0.06927713991338418,-4.925975570839938,30,1.0,-4.980052461686647,-4.640888776071415,6.35670391951204e-07,-4.640888776071415,3.4691382437180704e-06,-0.04447943326164533,-0.07961783763809162,-1.0,0.011111111111093197,0.532945394698172,0.5474660843589128,0.5073767119261741,17013,1701.3,0.0032993105574346962
SOLUSDT,donchian_pos_60,15,43125,-0.062435157377379306,-0.07426254778114913,-4.579337096664544,30,1.0,-4.437695334751043,-4.174956515380314,9.092719482478968e-06,-4.174956515380314,2.9804297873875035e-05,-0.04412286742503553,-0.08957065494841758,-1.0,0.011111111111108962,0.5332354668232531,0.5494894592689905,0.5112742219612448,17030,1135.3333333333333,0.014005556969705152
SOLUSDT,rv_15,5,43179,-0.0036436684371226043,-0.013305781888417448,-1.637841055677328,30,1.0,-0.4081732323189152,-0.38648035813145293,0.6831464985298596,-0.38648035813145293,0.6991409466958213,-0.006095213031167439,-0.0009480405604423915,-1.0,0.0005989134635244804,0.5063193496706818,0.5033597327812893,0.5025811428232362,16853,3370.6,0.24001378332741694
SOLUSDT,rv_15,10,43174,0.0002563723914847611,-0.016049866675129493,-1.4046558068022885,30,0.0,0.02133695625065159,0.0199209779079089,0.9829768637178937,0.0,1.0,-0.005803242168746657,0.005001098370182244,-1.0,0.0005988837967740986,0.501675189560924,0.49915107227068956,0.5073767119261741,17013,1701.3,0.46137073429568093
SOLUSDT,rv_15,15,43169,0.010291594371775573,-0.014500075419125284,-0.9421419693510626,30,0.0,0.7156457248686603,0.6645778372100305,0.47421013211259033,0.0,1.0,0.0028799496205689176,0.01489396074148191,1.0,0.0005988731074976593,0.5028772753963594,0.5051546287903489,0.5112742219612448,17030,1135.3333333333333,0.4293289060016518
SOLUSDT,rv_60,5,43134,0.0009189105012475129,-0.007664004273235906,-0.8178101150180019,30,0.0,0.10257624847080772,0.09733414097929267,0.9182992943581321,0.0,1.0,-0.005660024236672004,0.00530382083790283,-1.0,0.0006321980952288216,0.49468937281196224,0.49800045096044576,0.5025811428232362,16853,3370.6,0.7380527033110175
SOLUSDT,rv_60,10,43129,0.00634987871543111,-0.008311916050757347,-0.6394380959833903,30,0.0,0.5229850690471713,0.4890211897892333,0.6009846436699697,0.0,1.0,-0.008184931127614339,0.018523840806124552,-1.0,0.0006321890488942041,0.4861576441544701,0.49129002264599775,0.5073767119261741,17013,1701.3,0.8777573792703007
SOLUSDT,rv_60,15,43124,0.018380971016346278,-0.0020942434982257367,-0.1278143699400944,30,0.5,1.252851833139657,1.1632038063259844,0.21025963395367475,0.0,1.0,0.000874242851880443,0.033754520985439955,1.0,0.0006321095186314122,0.5221374045801527,0.5178525632724051,0.5112742219612448,17030,1135.3333333333333,0.06886978363743824
SOLUSDT,rv_240,5,42954,0.006612455551439902,-0.010077569807978866,-1.103861779968711,30,0.0,0.7463762294669238,0.7049188369559112,0.45544017439984974,0.0,1.0,-0.002126292530595469,0.014771139455993655,-1.0,0.000684933944395366,0.4968254910105026,0.4939051259217613,0.5025811428232362,16853,3370.6,0.6540176730022182
SOLUSDT,rv_240,10,42949,0.012803670341331305,-0.01238827929599609,-1.0113345134567158,30,0.0,1.0542750108651284,0.9803256479839847,0.2917570261513709,0.0,1.0,-0.00488933368786064,0.029979541616699117,-1.0,0.0006850126107072953,0.4917416093575501,0.4882126345736124,0.5073767119261741,17013,1701.3,0.7665022215907459
SOLUSDT,rv_240,15,42944,0.021269788879500377,-0.011690004615417837,-0.8070257498504804,30,0.0,1.4385083582315428,1.3310365834329752,0.15028986765872274,0.0,1.0,0.002760834240265887,0.0372915297156713,1.0,0.0006850321187688999,0.5108044627128596,0.5159007942790371,0.5112742219612448,17030,1135.3333333333333,0.23812193426202213
SOLUSDT,parkinson_15,5,43180,-0.0008441430444144914,-0.009499417296334441,-1.196217315075745,30,1.0,-0.09376184745882757,-0.08855225360920273,0.9252983394400311,-0.08855225360920273,0.9294377550414429,-0.00482684035051571,0.0024414754101715888,-1.0,0.0005367221434209216,0.5029371625229929,0.4999501436609003,0.5025811428232362,16853,3370.6,0.3717253260183469
SOLUSDT,parkinson_15,10,43175,0.0054258080194440235,-0.009073791885238073,-0.7778695477460296,30,0.0,0.4456044219417593,0.41661370005580906,0.6558830158344096,0.0,1.0,-0.004901579586586754,0.014334011852271195,-1.0,0.0005365574867268314,0.49279962381708103,0.492766155164286,0.5073767119261741,17013,1701.3,0.7357798167042067
SOLUSDT,parkinson_15,15,43170,0.01585597499004412,-0.006992235347048796,-0.450650832031783,30,0.0,1.0873821196239837,1.0132320445130973,0.27686796992396356,0.0,1.0,0.003762594190635804,0.026042091031800864,1.0,0.0005365126529965322,0.5116852613035819,0.5129653408333603,0.5112742219612448,17030,1135.3333333333333,0.22013870652598214
SOLUSDT,garman_klass_15,5,43180,0.0004026949253965836,-0.006032773523619726,-0.7454192458978958,30,0.0,0.044633347977087755,0.042130382860643044,0.9643995612955104,0.0,1.0,-0.004785405732043813,0.00444155864516805,-1.0,0.000507572729209847,0.4995549753753041,0.49797783251959993,0.5025811428232362,16853,3370.6,0.5206068871459526
SOLUSDT,garman_klass_15,10,43175,0.007365907550323998,-0.004936648706368024,-0.4213070281206576,30,0.0,0.6041586576042358,0.5657406418528271,0.5457381643006292,0.0,1.0,-0.005760655513624745,0.019246854602636677,-1.0,0.0005074623344683867,0.4919179451008053,0.48979453835460607,0.5073767119261741,17013,1701.3,0.7513937298809716
SOLUSDT,garman_klass_15,15,43170,0.017892390620232096,-0.002205841955535942,-0.1457383289206206,30,0.5,1.227294991249019,1.1457976262463239,0.21971173749130357,0.0,1.0,0.002836442813288401,0.03186488689866704,1.0,0.0005074376126128783,0.5135055783910746,0.5168070104414256,0.5112742219612448,17030,1135.3333333333333,0.18660822104053845
SOLUSDT,parkinson_60,5,43135,0.003350908813556818,-0.001978014957946622,-0.2150885699162015,30,0.5,0.37370634535510694,0.35491501625232214,0.7086228039308831,0.0,1.0,-0.00469169836451227,0.010787205153660238,-1.0,0.0005614797247406694,0.4942146798789533,0.49431307471225916,0.5025811428232362,16853,3370.6,0.7491463373310319
SOLUSDT,parkinson_60,10,43130,0.009630418163117065,-0.00028719446427481824,-0.02273413290291187,30,0.5,0.7932157910998774,0.7443694743997854,0.42765210879328575,0.0,1.0,-0.007603700610224952,0.027268151719833912,-1.0,0.000561394525516536,0.4868042085464057,0.48595802860280535,0.5073767119261741,17013,1701.3,0.8676495903192187
SOLUSDT,parkinson_60,15,43125,0.020802912573430345,0.004251843666998912,0.26831627706475325,30,0.5,1.4200186345676984,1.3242578503838212,0.15560225607559755,0.26831627706475325,0.7884558781586597,0.0009036444887136003,0.041417325323151045,1.0,0.0005613512669333771,0.5221961244862008,0.5229550727661689,0.5112742219612448,17030,1135.3333333333333,0.06886978363743824
SOLUSDT,garman_klass_60,5,43135,0.004747248701637081,-0.0008607921213861031,-0.09288059198257086,30,0.5,0.5293456855773001,0.5029228107597642,0.5965656688078835,0.0,1.0,-0.0035400566680952603,0.01321499181606298,-1.0,0.0005288782231907939,0.4897050970153682,0.49243328651438134,0.5025811428232362,16853,3370.6,0.8893469915119815
SOLUSDT,garman_klass_60,10,43130,0.011689650879003284,0.0013882523817352924,0.10883191049381882,30,0.5,0.9633205693471439,0.9050605603582145,0.33538667388746535,0.10883191049381882,0.9133358132239018,-0.0061628253787997635,0.031218645817462903,-1.0,0.0005287848943791151,0.48127902192441074,0.4834240866985975,0.5073767119261741,17013,1701.3,0.9396543756953537
SOLUSDT,garman_klass_60,15,43125,0.022507087307502064,0.00527753506668024,0.3352113303569475,30,0.5,1.5376669808535817,1.4361119027812352,0.12413006098601928,0.3352113303569475,0.7374656756079112,0.0023461172260833526,0.04457177278559,1.0,0.0005286861230568994,0.5277157956547269,0.5251747862767312,0.5112742219612448,17030,1135.3333333333333,0.03283683784086718
SOLUSDT,rv_ratio_15_240,5,42954,-0.004484292622493556,-0.004288475697977324,-0.4907066449615743,30,0.5,-0.5019765966203525,-0.474091041116451,0.6156839836090395,-0.474091041116451,0.6354349869291038,-0.0005715537428391078,-0.009121952960986258,-1.0,0.8806209946127717,0.5047172610217765,0.5075994158639773,0.5025811428232362,16853,3370.6,0.2966717007413622
SOLUSDT,rv_ratio_15_240,10,42949,-0.003957738602742608,-0.002998277849842046,-0.24631166216158454,30,0.5,-0.33028162006859046,-0.3066012696415277,0.7411871795042184,-0.24631166216158454,0.8054409829015224,0.002693544756077066,-0.012310648544530164,1.0,0.8805654065803389,0.49309351672250634,0.4926165244901112,0.5073767119261741,17013,1701.3,0.7196814623071582
SOLUSDT,rv_ratio_15_240,15,42944,-0.0009167007074320371,-0.0025332447606413438,-0.16459934136215162,30,0.5,-0.0642749395898594,-0.059408643753055115,0.9487513074944504,-0.059408643753055115,0.9526266285020893,0.004253339835456413,-0.008216139855053409,1.0,0.8805172130867287,0.4916030534351145,0.4940090614164711,0.5112742219612448,17030,1135.3333333333333,0.7236181523701088
SOLUSDT,rv_ratio_60_1440,5,41754,0.0006993356976937459,-0.0028673821498194233,-0.30290593288714335,29,0.0,0.07671896498376395,0.07274122551293419,0.938847117129792,0.0,1.0,-0.001397885375957378,0.003720312447315562,-1.0,0.8558674532343725,0.4940366700290749,0.4983479735862806,0.5025811428232362,16853,3370.6,0.759986216672583
SOLUSDT,rv_ratio_60_1440,10,41749,0.0046688282004372795,-0.002432800717052572,-0.18084959215405155,29,0.0,0.3775903352565325,0.35133659123494165,0.7057349454421371,0.0,1.0,-0.004181474407227839,0.015724241871843736,-1.0,0.8558124608345988,0.4883324516546171,0.49182155365102165,0.5073767119261741,17013,1701.3,0.8339404717070746
SOLUSDT,rv_ratio_60_1440,15,41744,0.01419672803180332,0.003115035512974552,0.18696594005646303,29,0.5,0.9504915385237072,0.8802606311645522,0.3418625513049164,0.18696594005646303,0.8516873379061611,0.001550196597925735,0.029958577148131237,1.0,0.8557657254173554,0.5177334116265414,0.5151835571388181,0.5112742219612448,17030,1135.3333333333333,0.11754677040540149
SOLUSDT,range_atr_14,5,43181,0.00022178938243561574,-0.0001313326920599415,-0.022029975411054187,30,0.5,0.04050980567782163,0.040007594373073566,0.9676866896594218,0.0,1.0,-0.0011049583499821946,0.0019703143678877827,-1.0,0.8672933268016413,0.49735952056013766,0.5005133512881879,0.5025811428232362,16853,3370.6,0.6282746739816532
SOLUSDT,range_atr_14,10,43176,-0.002266338455015854,-0.0021263141411953543,-0.37366363461701796,30,0.5,-0.3933802723790633,-0.3907630701716788,0.6940386379960185,-0.37366363461701796,0.708654583982253,-0.008146334313452429,0.00507448849112272,-1.0,0.8671533757542653,0.49720801739846,0.49867973910271246,0.5073767119261741,17013,1701.3,0.5957854657061942
SOLUSDT,range_atr_14,15,43171,0.0010906199517053065,-6.840798545371604e-05,-0.010993122627760987,30,0.5,0.18251011976842357,0.18238972127321168,0.8551824133090491,0.0,1.0,-0.005194716881543154,0.008957413134433665,-1.0,0.8673315107282462,0.49365825014679976,0.4958379974952104,0.5112742219612448,17030,1135.3333333333333,0.6825689826176773
SOLUSDT,jump_ratio_240,5,42953,-0.0006661879536488444,0.001409440159346327,0.13170733702579113,30,0.5,-0.07692198440752636,-0.07223744856135718,0.9386856083329151,0.0,1.0,0.007509489140142929,-0.007928093952487838,1.0,0.05519936784154478,0.4882810182163413,0.4930682295267549,0.5025811428232362,16853,3370.6,0.9132249137111494
SOLUSDT,jump_ratio_240,10,42948,-0.005859569005305412,-0.0033169884439495554,-0.21353281429891133,30,1.0,-0.49253506691662563,-0.45227221307985094,0.6223411383839192,-0.21353281429891133,0.8309113971539238,0.005721801340765988,-0.01494223365601127,1.0,0.05517229307619344,0.48698054428966087,0.49064265745625474,0.5073767119261741,17013,1701.3,0.8676495903192187
SOLUSDT,jump_ratio_240,15,42943,-0.008905660135444153,-0.004317873714180468,-0.23813486706965387,30,1.0,-0.6151343159358578,-0.5617414426820799,0.5384660213385758,-0.23813486706965387,0.8117764924589366,0.0026503593579005795,-0.01693826358787372,1.0,0.055156550682318645,0.4852025836758661,0.4897912138512419,0.5112742219612448,17030,1135.3333333333333,0.8435630312042595
SOLUSDT,ret15_x_rv_ratio,5,41754,-0.030588799227224548,-0.03937647001725368,-3.5865695007114295,29,1.0,-3.3124012009884596,-3.1187834313785876,0.000924987909651654,-3.1187834313785876,0.0018159938683662204,-0.027066505561672845,-0.03599804612325228,-1.0,0.0,0.5117189817836587,0.518294051279639,0.5025811428232362,16853,3370.6,0.09234886021125327
SOLUSDT,ret15_x_rv_ratio,10,41749,-0.034370075118407215,-0.04152056002950245,-3.001197969791258,29,1.0,-2.865374725696725,-2.7205200359611066,0.004165160377332759,-2.7205200359611066,0.006517932180040067,-0.017136261135780356,-0.05483279215238577,-1.0,0.0,0.5245988361840945,0.533316233738014,0.5073767119261741,17013,1701.3,0.02337847128892092
SOLUSDT,ret15_x_rv_ratio,15,41744,-0.029744192057956694,-0.03756947294030362,-2.7675423399064822,29,1.0,-2.1878155339751415,-2.139522010315619,0.028683041893748564,-2.139522010315619,0.03239341529414405,-0.007152272016544188,-0.05765512498258347,-1.0,0.0,0.5275396359365825,0.5358814172711868,0.5112742219612448,17030,1135.3333333333333,0.03283683784086718
SOLUSDT,obv_z_240,5,42954,-0.03340430568035008,-0.06658719957380438,-6.4720721343269485,30,1.0,-3.6450715984114805,-3.4176050979051835,0.00026731736902371175,-3.4176050979051835,0.0006317469761823348,-0.04277437203652587,-0.027142985549157738,-1.0,-0.2625906554434444,0.5087521509523527,0.5160061241611565,0.5025811428232362,16853,3370.6,0.1630788714210297
SOLUSDT,obv_z_240,10,42949,-0.04369026624510462,-0.08875926870931154,-6.251827679679606,30,1.0,-3.496726361244921,-3.2362850000374044,0.0004710047019426206,-3.2362850000374044,0.001210964121745672,-0.0567910459460832,-0.035101984138177916,-1.0,-0.2623779439148944,0.5087286192911303,0.5190609988898718,0.5073767119261741,17013,1701.3,0.24860627011902833
SOLUSDT,obv_z_240,15,42944,-0.04336204416709635,-0.0985287743854179,-5.6140751390857595,30,1.0,-2.8805507267001738,-2.654653518411072,0.003969810650942623,-2.654653518411072,0.00793899059112299,-0.05935552462534298,-0.03195757651363854,-1.0,-0.2619307610889513,0.5054022313564298,0.5143395474336725,0.5112742219612448,17030,1135.3333333333333,0.36085721316014246
SOLUSDT,obv_slope_15,5,43179,-0.03211712915372016,-0.040506341581758025,-4.122567092021654,30,1.0,-3.746247649579044,-3.528460856540627,0.00017949939410020116,-3.528460856540627,0.00041798375991718785,-0.028223159396537856,-0.039704572795296676,-1.0,-0.011666978075524805,0.5137364267489468,0.5202650948868944,0.5025811428232362,16853,3370.6,0.058484374496744256
SOLUSDT,obv_slope_15,10,43174,-0.0429632996064034,-0.051724208941517774,-4.159812607371898,30,1.0,-3.81474216554873,-3.568089108673493,0.00013632519420185815,-3.568089108673493,0.00035959421998789457,-0.03745786439452485,-0.052876119654248335,-1.0,-0.011753434079776543,0.519602656791865,0.5270997392597383,0.5073767119261741,17013,1701.3,0.05475638848463631
SOLUSDT,obv_slope_15,15,43169,-0.037852677707592965,-0.04803569748567448,-3.830735554365711,30,1.0,-2.9220181083297647,-2.7773216296202676,0.003477713202999106,-2.7773216296202676,0.005480891376594447,-0.0275415062841759,-0.05513324358772106,-1.0,-0.011916452899141654,0.5184380504991192,0.5279126155481839,0.5112742219612448,17030,1135.3333333333333,0.11754677040540149
SOLUSDT,obv_slope_60,5,43134,-0.04399100382275821,-0.058986558801327575,-6.965279816742505,30,1.0,-4.892769286979757,-4.588325347706568,9.942693650162168e-07,-4.588325347706568,4.468159003646707e-06,-0.04337574288854643,-0.050206765778434935,-1.0,-0.016206738724880505,0.5171779505132618,0.5289299717015983,0.5025811428232362,16853,3370.6,0.023788008398523824
SOLUSDT,obv_slope_60,10,43129,-0.061369478806373445,-0.08225485226811124,-6.6700594256601375,30,1.0,-5.027620553346153,-4.647124769447033,4.966032912434542e-07,-4.647124769447033,3.3659359616395244e-06,-0.06347193666119234,-0.06664418528654736,-1.0,-0.016134129781012488,0.5233057074002233,0.5381248176095386,0.5073767119261741,17013,1701.3,0.0292814440878715
SOLUSDT,obv_slope_60,15,43124,-0.0654762297577447,-0.09284952070654735,-6.231199236207972,30,1.0,-4.45894777037683,-4.095716604536704,8.236298607118211e-06,-4.095716604536704,4.208645156858668e-05,-0.06832510504456216,-0.07182526871465761,-1.0,-0.01608847609077754,0.5193775689958896,0.5346460091735757,0.5112742219612448,17030,1135.3333333333333,0.10625005041893992
SOLUSDT,vwap_dev_session,5,43134,-0.016782224956251344,-0.09001670185017832,-9.252779576898005,30,1.0,-1.8479915655723698,-1.7406630165251813,0.0646035629995033,-1.7406630165251813,0.08174266460317554,-0.02954022933922772,-0.006366666325775139,-1.0,-0.3771957380972558,0.5004450246246959,0.504748576876151,0.5025811428232362,16853,3370.6,0.4931283204651744
SOLUSDT,vwap_dev_session,10,43129,-0.024797959874783303,-0.1251319262015899,-9.465748608684551,30,1.0,-2.0051945357585934,-1.8792082878555147,0.04494225402116851,-1.8792082878555147,0.06021605842899953,-0.04292921156299532,-0.01009219469776108,-1.0,-0.3761552893897803,0.5006759536824781,0.5084754684207261,0.5073767119261741,17013,1701.3,0.4806626707520102
SOLUSDT,vwap_dev_session,15,43124,-0.026019680858027677,-0.14739001407011287,-9.460106642879897,30,1.0,-1.746051688986591,-1.6222577471269861,0.08080197048910832,-1.6222577471269861,0.10474817166447954,-0.05035962914549798,-0.0055870108229691216,-1.0,-0.3748584027378248,0.4948913681738109,0.5048831447974931,0.5112742219612448,17030,1135.3333333333333,0.6391427868398576
SOLUSDT,vwap_dev_60,5,43134,-0.04562400257215054,-0.05551685989208753,-5.726906127448079,30,1.0,-5.029397315357785,-4.6991182305645625,4.920239096693004e-07,-4.6991182305645625,2.612871650320367e-06,-0.03657978615028879,-0.05941744802382086,-1.0,0.09686805730102763,0.5214501869103424,0.5317284333659464,0.5025811428232362,16853,3370.6,0.006876894064439347
SOLUSDT,vwap_dev_60,10,43129,-0.05683832956384692,-0.06767892242114218,-5.026145837239005,30,1.0,-4.674003223485173,-4.35088509859278,2.9538469125778504e-06,-4.35088509859278,1.3558909441313945e-05,-0.03655356310960331,-0.08552862633259074,-1.0,0.09933341697910786,0.5365308881443602,0.549336640569787,0.5073767119261741,17013,1701.3,0.0013159737953245423
SOLUSDT,vwap_dev_60,15,43124,-0.059518930175383566,-0.07201748779803528,-4.833320495597725,30,1.0,-4.130306553876502,-3.890263594842645,3.6227982706895334e-05,-3.890263594842645,0.00010013538900253087,-0.034602412544788484,-0.09624570294683898,-1.0,0.10118609849171842,0.5374045801526718,0.5526814936521056,0.5112742219612448,17030,1135.3333333333333,0.00631036391831705
SOLUSDT,vwap_dev_240,5,42955,-0.04403871593853496,-0.07563289545801277,-7.072503354560351,30,1.0,-4.797768143237553,-4.494129112479907,1.60443344602641e-06,-4.494129112479907,6.985523744346656e-06,-0.0489227294931359,-0.03891771943268568,-1.0,0.12095357678207305,0.5145078027650863,0.5231187787844658,0.5025811428232362,16853,3370.6,0.047360998362546015
SOLUSDT,vwap_dev_240,10,42950,-0.057069621570028484,-0.09822890289026052,-6.730495469138922,30,1.0,-4.560089145303744,-4.223686445488047,5.113190991074572e-06,-4.223686445488047,2.403383678881318e-05,-0.06071174569672039,-0.05403452270937799,-1.0,0.12247275540720537,0.5216599071298419,0.530598111333294,0.5073767119261741,17013,1701.3,0.040412574295746455
SOLUSDT,vwap_dev_240,15,42945,-0.0621330885536994,-0.11193595768554829,-6.430726814304442,30,1.0,-4.116047595266777,-3.7930140616171935,3.854247478998328e-05,-3.7930140616171935,0.00014882972510571485,-0.06873569155739719,-0.056969195469862295,-1.0,0.12347167940311968,0.5168526130358192,0.5291952442528678,0.5112742219612448,17030,1135.3333333333333,0.1296680684930648
SOLUSDT,mfi_14,5,43181,-0.037929085768153965,-0.04653580586777068,-5.082396705062064,30,1.0,-4.373572242135481,-4.116769405653844,1.2222977070929062e-05,-4.116769405653844,3.8422014845859296e-05,-0.030573485951494877,-0.05043619872950984,-1.0,-0.024005672315493443,0.5188987123954192,0.5248181828040417,0.5025811428232362,16853,3370.6,0.014338080705017098
SOLUSDT,mfi_14,10,43176,-0.04418986155495551,-0.052770163307954476,-4.6452860564448875,30,1.0,-3.901654612858936,-3.6670775165722387,9.553740906799183e-05,-3.6670775165722387,0.00024533843873981813,-0.025564804696072946,-0.0723794059924724,-1.0,-0.024065704767715856,0.5265385293599012,0.5410063726494645,0.5073767119261741,17013,1701.3,0.014533324396613362
SOLUSDT,mfi_14,15,43171,-0.03755756124526748,-0.04766910816287294,-3.9087182826556313,30,1.0,-2.905167157272049,-2.7847356532530303,0.0036705701317472257,-2.7847356532530303,0.0053571377768812335,-0.012205341378370697,-0.07562221246147911,-1.0,-0.024057820664150964,0.5270111567821492,0.5416860400637459,0.5112742219612448,17030,1135.3333333333333,0.03743657000346264
SOLUSDT,cmf_20,5,43175,-0.019403544157589388,-0.028044491932168007,-2.6102435383069733,30,1.0,-2.2658996327856173,-2.1257238505686673,0.023457529114769494,-2.1257238505686673,0.03352625981329067,-0.01665831809635085,-0.023236404523734138,-1.0,0.016257868957354347,0.5129057141161811,0.5120179268748343,0.5025811428232362,16853,3370.6,0.07156235405607393
SOLUSDT,cmf_20,10,43170,-0.02508549605178278,-0.034486251891953014,-2.669101201963376,30,1.0,-2.2070618720433317,-2.0633312191032367,0.02730973705677905,-2.0633312191032367,0.03908116988731426,-0.02421396492959892,-0.024839096654020985,-1.0,0.016232921237079413,0.509551519426321,0.5128155596881113,0.5073767119261741,17013,1701.3,0.21891267555778812
SOLUSDT,cmf_20,15,43165,-0.02305637706142652,-0.034003146757849885,-2.384056745087575,30,1.0,-1.7245537573438037,-1.6176632984619552,0.08460792316159578,-1.6176632984619552,0.10573517959068275,-0.022956399686104516,-0.022052684668589187,-1.0,0.016214325851079268,0.50857310628303,0.511583379124581,0.5112742219612448,17030,1135.3333333333333,0.29658121901334983
SOLUSDT,force_index_13,5,43134,-0.039288389957661374,-0.04675072014168689,-4.575708671314718,30,1.0,-4.661800771578489,-4.418758705957916,3.1345455323653467e-06,-4.418758705957916,9.92694021942832e-06,-0.03928667507174092,-0.04185414730846851,-1.0,-0.012623125865053937,0.5136177535156945,0.5208338374128447,0.5025811428232362,16853,3370.6,0.058484374496744256
SOLUSDT,force_index_13,10,43129,-0.06412554252737473,-0.07460904590611483,-5.992098901905218,30,1.0,-5.9803829100563455,-5.606948355237939,2.2261369724199213e-09,-5.606948355237939,2.0592507349274317e-08,-0.0624908860571094,-0.06975646809691151,-1.0,-0.012655222803886215,0.527361429495092,0.5391978181373442,0.5073767119261741,17013,1701.3,0.012837032133676221
SOLUSDT,force_index_13,15,43124,-0.05191361688264453,-0.06409073470674914,-5.585095448704882,30,1.0,-4.304530605042573,-4.1172991267086605,1.673401587489065e-05,-4.1172991267086605,3.833383935044027e-05,-0.040398533819513215,-0.07207211572347245,-1.0,-0.012791017680049732,0.5239577216676453,0.5389201088734434,0.5112742219612448,17030,1135.3333333333333,0.05446229573586367
SOLUSDT,rel_volume_60,5,43135,-0.0064270628734663425,-0.005888228811587241,-0.8273912060352288,30,0.5,-1.0317486335926742,-1.0043918300678718,0.30218988802592395,-0.8273912060352288,0.40801536334081023,-0.014616085123872085,0.004025387124683898,-1.0,0.6232468862394116,0.5005636978579482,0.5002085093503874,0.5025811428232362,16853,3370.6,0.47939311285404734
SOLUSDT,rel_volume_60,10,43130,-0.002058063380699106,-0.0022033437720859915,-0.26910862357930315,30,0.5,-0.28270676946718437,-0.2724200226424563,0.7774016265744315,-0.26910862357930315,0.7878460944934252,-0.01885167004788549,0.019468099763361755,-1.0,0.6232636073578455,0.4883324516546171,0.4884293398756333,0.5073767119261741,17013,1701.3,0.8339404717070746
SOLUSDT,rel_volume_60,15,43125,0.005061949848303599,0.0032385742896976367,0.4139633124773284,30,1.0,0.6265034957618545,0.6031035350930056,0.5309847447026933,0.4139633124773284,0.6789009753427822,-0.012358427216026958,0.026656972207947837,-1.0,0.6232754843088236,0.4919553728714034,0.4871983374924127,0.5112742219612448,17030,1135.3333333333333,0.7236181523701088
SOLUSDT,rel_volume_1440,5,41755,-0.004656700404728326,-0.007622616776304153,-1.265123731398848,29,0.5,-0.6544649248581502,-0.6316542079432941,0.5128123176048351,-0.6316542079432941,0.5276128565463358,-0.01683101498060684,0.009948076983002947,-1.0,0.5200265420489242,0.49379932356257045,0.49720958013498107,0.5025811428232362,16853,3370.6,0.7705655830874015
SOLUSDT,rel_volume_1440,10,41750,0.0018591317432522362,-0.002742668740600556,-0.37148241614965366,29,0.0,0.20879359810848594,0.19997961269328474,0.8346093691668846,0.0,1.0,-0.021404913106656816,0.029092124570227616,-1.0,0.5199176018954389,0.48551107976253455,0.483793456756362,0.5073767119261741,17013,1701.3,0.8873106837989229
SOLUSDT,rel_volume_1440,15,41745,0.011117447001095921,0.003484610904162757,0.3869228568493673,29,0.5,1.088348444512587,1.0436011488172783,0.27644131168321606,0.3869228568493673,0.6988133192454293,-0.014776426263401601,0.040744526220409895,-1.0,0.5197454993402404,0.4836758661186142,0.4807005225356208,0.5112742219612448,17030,1135.3333333333333,0.8703319315069352
SOLUSDT,rel_volume_tod,5,40314,-0.015374532567880168,-0.022564799102487376,-3.370272691224197,28,1.0,-2.175553745346492,-2.1050583777520413,0.02958864519907459,-2.1050583777520413,0.03528622674972896,-0.033271439758063064,0.0007860733142637374,-1.0,0.5163948337607158,0.4998516584584347,0.5025305894695243,0.5025811428232362,16853,3370.6,0.5068716795348256
SOLUSDT,rel_volume_tod,10,40309,-0.009945627040723052,-0.02136303682616347,-2.4818890940469647,28,1.0,-1.144842657309044,-1.1010870090860205,0.25227434126852766,-1.1010870090860205,0.27085879043429184,-0.0366550380969226,0.013506517617393611,-1.0,0.5163911138054162,0.49103626638452946,0.491335796500735,0.5073767119261741,17013,1701.3,0.7810873244422118
SOLUSDT,rel_volume_tod,15,40304,-0.002118425257897913,-0.016951485687274337,-1.8174377332305784,28,1.0,-0.21331119762629058,-0.20383220966003818,0.8310842401004432,-0.20383220966003818,0.8384846215387325,-0.029796486475922472,0.02083260245947004,-1.0,0.5162516378053486,0.49119201409277746,0.49146712452900654,0.5112742219612448,17030,1135.3333333333333,0.7236181523701088
SOLUSDT,adl_z_240,5,42955,-0.03127163324787733,-0.05280962150890683,-5.169801225644699,30,1.0,-3.4313605950924266,-3.212809113794402,0.0006005617129157498,-3.212809113794402,0.0013144361821172499,-0.03541007017830137,-0.025666192499354135,-1.0,0.3475899632637021,0.5089894974188571,0.5136380607236126,0.5025811428232362,16853,3370.6,0.15473464884857574
SOLUSDT,adl_z_240,10,42950,-0.04427313822095012,-0.07096811468289897,-5.4001566651584945,30,1.0,-3.567286357158348,-3.2957379421034,0.00036069724487473165,-3.2957379421034,0.000981635362069477,-0.04873568583319114,-0.03683822339044655,-1.0,0.3471936377042605,0.5134309057779345,0.5235285768739234,0.5073767119261741,17013,1701.3,0.1430197424624795
SOLUSDT,adl_z_240,15,42945,-0.04395288370255611,-0.07599414611374956,-4.772673706185165,30,1.0,-2.9246685590313084,-2.6827512852033757,0.00344823274175019,-2.6827512852033757,0.007301927217692956,-0.0491752245500646,-0.03592919360701077,-1.0,0.3464544069568735,0.5098062243100411,0.5192130949394591,0.5112742219612448,17030,1135.3333333333333,0.256881416432712
SOLUSDT,vpt_z_240,5,42954,-0.03597766139683607,-0.06530550481385126,-5.862520815724716,30,1.0,-3.917000333767837,-3.6934359120680407,8.965762471818991e-05,-3.6934359120680407,0.00022124428752216615,-0.04878097721405689,-0.02630345817616238,-1.0,-0.24595067963668182,0.5010977274075832,0.5148540624677396,0.5025811428232362,16853,3370.6,0.4520121609064203
SOLUSDT,vpt_z_240,10,42949,-0.050087343728145516,-0.09021908382015094,-6.116674280187644,30,1.0,-4.017649123296141,-3.7216127316318195,5.878163625284462e-05,-3.7216127316318195,0.00019795445601224844,-0.064489510933925,-0.040983108024201735,-1.0,-0.24586841001589022,0.5047904543584318,0.521897609436765,0.5073767119261741,17013,1701.3,0.3490351191653044
SOLUSDT,vpt_z_240,15,42944,-0.05031808936486909,-0.0988373885357864,-5.4511437231796736,30,1.0,-3.3431060949393587,-3.0707887882220404,0.0008284621904771392,-3.0707887882220404,0.002134941152973649,-0.0666124340110378,-0.04079664599001025,-1.0,-0.2457269904150825,0.5033470346447446,0.5204220501137041,0.5112742219612448,17030,1135.3333333333333,0.4293289060016518
SOLUSDT,eom_14,5,43122,-0.02002773329605756,-0.022370939550147538,-2.0898827067356276,30,1.0,-2.3407207731959403,-2.207409945224318,0.019246555469325657,-2.0898827067356276,0.036628337395391744,-0.022124345943824265,-0.01715365556965894,-1.0,0.007891834540231178,0.5099982199015012,0.5099554377280945,0.5025811428232362,16853,3370.6,0.1242187075508914
SOLUSDT,eom_14,10,43117,-0.01945821308297747,-0.018807170956137542,-1.3111316784652591,30,1.0,-1.758249782854446,-1.6551826432544712,0.07870501803296583,-1.3111316784652591,0.1898132798179032,-0.011352869302832478,-0.028934429035926107,-1.0,0.00777123837083157,0.5197789925351202,0.5218990055289674,0.5073767119261741,17013,1701.3,0.05475638848463631
SOLUSDT,eom_14,15,43112,-0.013464991141562535,-0.012183947752753414,-0.8112871979868486,30,1.0,-1.0727035702830303,-1.0311973780616548,0.2834041379700688,-0.8112871979868486,0.41720076015161534,0.0009148007924771204,-0.03227874135468792,1.0,0.007576991670540035,0.47586611861421024,0.47406747615004013,0.5112742219612448,17030,1135.3333333333333,0.9517878409925586
SOLUSDT,taker_imb_1,5,43194,-0.010266303418748417,-0.013404441320584538,-2.465295225149433,30,1.0,-1.9200925920904799,-1.8707903203921612,0.054846204851130016,-1.8707903203921612,0.06137414980545803,-0.016324197865803382,-0.0017854656246187755,-1.0,0.018404954538425167,0.5002670147748175,0.49998233902564093,0.5025811428232362,16853,3370.6,0.4931283204651744
SOLUSDT,taker_imb_1,10,43189,-0.012409107884973196,-0.015496559749424677,-2.485535870499789,30,1.0,-2.0803886906486295,-2.0006053068292884,0.037489895735642535,-2.0006053068292884,0.04543494124707171,-0.011543140263625939,-0.013052448948644492,-1.0,0.018428014631671985,0.5079644977370247,0.5089569681809301,0.5073767119261741,17013,1701.3,0.2642201832957934
SOLUSDT,taker_imb_1,15,43184,-0.00481786688355617,-0.008924439488455818,-1.1305700166613253,30,1.0,-0.7526980002509627,-0.7177766633173135,0.4516314119096331,-0.7177766633173135,0.47289500469507406,-0.003515815433560174,-0.005058432380510494,-1.0,0.018375265050188827,0.5084556664709337,0.5095224245515916,0.5112742219612448,17030,1135.3333333333333,0.29658121901334983
SOLUSDT,taker_imb_5,5,43190,-0.014829660465598589,-0.019709169125004707,-2.5561515355678703,30,1.0,-1.9088847220442213,-1.8119354426979737,0.05627696432296639,-1.8119354426979737,0.06999617216630767,-0.014239715639904175,-0.01612150274639101,-1.0,0.01230116971351436,0.5101762297513796,0.5091509620372145,0.5025811428232362,16853,3370.6,0.1242187075508914
SOLUSDT,taker_imb_5,10,43185,-0.030416773415394303,-0.03586998055826385,-3.2380125067306382,30,1.0,-3.2730831281999047,-3.1242266990053222,0.001063811855791819,-3.1242266990053222,0.001782730480383991,-0.031433553412209006,-0.029018338057728663,-1.0,0.012158947013280574,0.5178980779403985,0.5186366145057131,0.5073767119261741,17013,1701.3,0.07285325180974708
SOLUSDT,taker_imb_5,15,43180,-0.019978515482746654,-0.027352482792213365,-2.096312817417354,30,1.0,-1.973572777897623,-1.8878338385507245,0.048430341623284884,-1.8878338385507245,0.059048260858011896,-0.010809668668881701,-0.03277073713406713,-1.0,0.012078217842039218,0.5197298884321785,0.5223504226899791,0.5112742219612448,17030,1135.3333333333333,0.09575886903932164
SOLUSDT,taker_imb_15,5,43180,-0.02872285943008502,-0.03675079854702833,-3.3640318363221353,30,1.0,-3.3724293225936455,-3.1674368573663143,0.0007450820669364864,-3.1674368573663143,0.0015378910309640037,-0.02391887971323511,-0.03496100560432564,-1.0,0.010053503452640111,0.5184833560790364,0.5240022218463436,0.5025811428232362,16853,3370.6,0.017045915832159676
SOLUSDT,taker_imb_15,10,43175,-0.039230877801709446,-0.04917480520349964,-3.2160080551977006,30,1.0,-3.4774794831094704,-3.235629069698387,0.0005061517856897578,-3.2160080551977006,0.0012998718348376807,-0.027982115403514887,-0.054465344483550816,-1.0,0.010009618460834036,0.5261270792923058,0.5331732932482549,0.5073767119261741,17013,1701.3,0.01641902894697531
SOLUSDT,taker_imb_15,15,43170,-0.035510368716496724,-0.048371372730634174,-2.8881614736578713,30,1.0,-2.692692752769369,-2.5151539801527085,0.00708775522794727,-2.5151539801527085,0.01189804062699183,-0.017148622372298965,-0.06156034129815776,-1.0,0.010024836592521624,0.5240164415736935,0.5351382653734917,0.5112742219612448,17030,1135.3333333333333,0.05446229573586367
SOLUSDT,taker_imb_60,5,43135,-0.022537049622251726,-0.0405218588368019,-4.104764676448332,30,1.0,-2.549360186683821,-2.3913933450727924,0.010792077438724432,-2.3913933450727924,0.016784559832533148,-0.017089729061316655,-0.030656408376269508,-1.0,0.006978949171220883,0.5167032575802528,0.5223479490806223,0.5025811428232362,16853,3370.6,0.027924356878494313
SOLUSDT,taker_imb_60,10,43130,-0.03024059310460681,-0.05655375837649897,-4.0218894854556275,30,1.0,-2.5050631477172183,-2.3277870485335237,0.012242953293976656,-2.3277870485335237,0.019923414137050226,-0.02401281164669836,-0.04020419028894713,-1.0,0.006987831395398714,0.5176629636160583,0.5253607336378823,0.5073767119261741,17013,1701.3,0.07285325180974708
SOLUSDT,taker_imb_60,15,43125,-0.02968717709877878,-0.06289049607667366,-3.667172340058478,30,1.0,-2.0421617829381074,-1.8782552171228928,0.04113548601346204,-1.8782552171228928,0.060346259683655104,-0.021819438536764338,-0.04284275452832955,-1.0,0.006992672130069932,0.5194362889019377,0.5274014407473628,0.5112742219612448,17030,1135.3333333333333,0.09575886903932164
SOLUSDT,taker_imb_z_15,5,41741,-0.03432572807308199,-0.03644488389121446,-3.234377170166287,29,1.0,-3.9820805159394586,-3.7438705299891115,6.831462746551916e-05,-3.234377170166287,0.001219083455899115,-0.02485294437450259,-0.04613373234759371,-1.0,0.01819412931046734,0.5206788108942028,0.5292845009739591,0.5025811428232362,16853,3370.6,0.008317035399343703
SOLUSDT,taker_imb_z_15,10,41736,-0.04971359956515161,-0.050738928960051125,-3.19941285687104,29,1.0,-4.351206529730367,-4.046880534349659,1.3539044677596528e-05,-3.19941285687104,0.0013770781093585232,-0.032559102621267974,-0.07110164592672011,-1.0,0.01810871349100226,0.5313583730088756,0.5412562662423579,0.5073767119261741,17013,1701.3,0.0050727768435875255
SOLUSDT,taker_imb_z_15,15,41731,-0.04999279699047051,-0.05121664110412019,-2.9761142940677345,29,1.0,-3.747458215372613,-3.510682683348028,0.00017863558274938625,-2.9761142940677345,0.002919260419686539,-0.025660772403614782,-0.08142905135276408,-1.0,0.018136533520985817,0.5330593071051086,0.544755427820425,0.5112742219612448,17030,1135.3333333333333,0.014005556969705152
SOLUSDT,cvd_z_60,5,43135,-0.03614831606557833,-0.04764436791945954,-4.35404638597882,30,1.0,-4.02130676165225,-3.7769010499174183,5.787617555727466e-05,-3.7769010499174183,0.00015879177989536476,-0.02970681516398629,-0.04481478939326435,-1.0,0.11422481192853068,0.5292826203049902,0.5293403569742047,0.5025811428232362,16853,3370.6,0.00034388286148689674
SOLUSDT,cvd_z_60,10,43130,-0.04797898105949435,-0.06595254353645813,-4.378344154690468,30,1.0,-3.9834672301290293,-3.693701039348943,6.791704054003824e-05,-3.693701039348943,0.0002210136263291522,-0.03852536031695047,-0.061338657795053715,-1.0,0.11426897101360389,0.5359431023335097,0.5352478033249443,0.5073767119261741,17013,1701.3,0.0015422447285421534
SOLUSDT,cvd_z_60,15,43125,-0.04700909646866277,-0.0700396109228967,-3.96871698928269,30,1.0,-3.2904150505337078,-3.0374304533170884,0.0010003970295883948,-3.0374304533170884,0.0023860445674563106,-0.031163163879451863,-0.06978870701975286,-1.0,0.11441671653716458,0.5364063417498532,0.5407567862615246,0.5112742219612448,17030,1135.3333333333333,0.00744886972914437
SOLUSDT,cvd_z_240,5,42955,-0.00804546496550578,-0.034445132605601975,-3.780805936201415,30,1.0,-0.8787166394165896,-0.8249585975550141,0.3795549343828295,-0.8249585975550141,0.4093950966346739,-0.01110069391747265,-0.004943088484133395,-1.0,0.14028118440275428,0.5025218062066101,0.5055016751870774,0.5025811428232362,16853,3370.6,0.3980551292612968
SOLUSDT,cvd_z_240,10,42950,-0.009840006985568505,-0.04584609216423706,-3.6477864364084196,30,1.0,-0.7898007397059984,-0.7357424588540297,0.4296441470040925,-0.7357424588540297,0.4618874450820334,-0.012875288968911014,-0.00756227322425917,-1.0,0.14173038559229373,0.49703168165520484,0.5055262996678462,0.5073767119261741,17013,1701.3,0.6144529741904421
SOLUSDT,cvd_z_240,15,42945,-0.006895695099847409,-0.051246257622432866,-3.338328156363082,30,1.0,-0.45905526513781036,-0.4249783146813347,0.6461944801067835,-0.4249783146813347,0.670852483057874,-0.00911496522864599,-0.006410998069148077,-1.0,0.14209127329039034,0.4994128009395185,0.5082377121789743,0.5112742219612448,17030,1135.3333333333333,0.5236676599285077
SOLUSDT,trades_rel_60,5,43135,-0.0009318070660668263,-0.0006054495328732667,-0.07940573179071733,30,0.5,-0.1350555597500208,-0.13089796700375203,0.8925679463538511,-0.07940573179071733,0.9367099097299285,-0.0030627713621462255,0.001574326367680212,-1.0,0.822607378910966,0.5007417077078264,0.5019591428709449,0.5025811428232362,16853,3370.6,0.47939311285404734
SOLUSDT,trades_rel_60,10,43130,0.0014334508208840443,0.0015767482050897262,0.18211814393960912,30,0.5,0.1744890532482046,0.16729993434865525,0.8614811330464348,0.16729993434865525,0.8671340557932553,-0.008188896201400689,0.013906074760719426,-1.0,0.8226737441066038,0.4977370246282255,0.49366633053558295,0.5073767119261741,17013,1701.3,0.5768973010932921
SOLUSDT,trades_rel_60,15,43125,0.009013158063241428,0.007471893620878271,0.7292552951456907,30,1.0,0.9740624420625742,0.9330915405885349,0.33002553636685006,0.7292552951456907,0.4658455127462733,-0.0021240625322828124,0.023082424335035982,-1.0,0.8226913273642246,0.4932472108044627,0.4901877662170392,0.5112742219612448,17030,1135.3333333333333,0.6825689826176773
SOLUSDT,avg_trade_size_rel_60,5,43135,-0.011245182294156442,-0.011708746364413476,-1.7103787398413588,30,0.5,-2.0345325339853586,-1.984214688154349,0.041897931806869765,-1.7103787398413588,0.08719585980902213,-0.018561027296271168,-0.002462399167792036,-1.0,0.7787667929749839,0.5041238948555153,0.5023623031994954,0.5025811428232362,16853,3370.6,0.32093220317235
SOLUSDT,avg_trade_size_rel_60,10,43130,-0.006883429543671589,-0.007893166833383099,-1.0009686271377491,30,0.5,-1.0923044861276896,-1.047645803807185,0.2746992891681489,-1.0009686271377491,0.31684197606851594,-0.019212927713697814,0.007676205285460237,-1.0,0.7788741030738053,0.4920942808440604,0.49173621233163545,0.5073767119261741,17013,1701.3,0.7513937298809716
SOLUSDT,avg_trade_size_rel_60,15,43125,-0.003772905692535535,-0.005623197598052881,-0.6996364008042953,30,0.5,-0.5494713862860083,-0.5275819805561855,0.582681995921001,-0.5275819805561855,0.5977895024536388,-0.016642446312602293,0.011129108701033336,-1.0,0.778935386605623,0.49553728714034057,0.4931924291760924,0.5112742219612448,17030,1135.3333333333333,0.6391427868398576
SOLUSDT,tick_imb_15,5,43179,-0.0323390906787382,-0.04053096206799813,-4.071882941291074,30,1.0,-3.779397903198373,-3.557409543323612,0.00015720803553398219,-3.557409543323612,0.0003745300085377909,-0.02958566172156179,-0.03853452589620718,-1.0,-0.01298959989232534,0.5145078027650863,0.5198006281617052,0.5025811428232362,16853,3370.6,0.047360998362546015
SOLUSDT,tick_imb_15,10,43174,-0.04317390196550593,-0.051748383279776086,-3.8578801411625037,30,1.0,-3.835768336081636,-3.589124682722471,0.000125172355673103,-3.589124682722471,0.00033179013531857985,-0.03836849239952882,-0.052282642832641224,-1.0,-0.013034309238247348,0.5202492211838006,0.5276224997647377,0.5073767119261741,17013,1701.3,0.04958444855164007
SOLUSDT,tick_imb_15,15,43169,-0.03790020669805317,-0.047857384685885,-3.3224771971988343,30,1.0,-2.925668678570901,-2.7832035022995916,0.003437167840493721,-2.7832035022995916,0.0053825033757723215,-0.02745338187593985,-0.05554400101824781,-1.0,-0.01310984933609833,0.5218438050499119,0.52945695846495,0.5112742219612448,17030,1135.3333333333333,0.07709696821682645
SOLUSDT,tick_imb_60,5,43134,-0.046251930071446255,-0.06166004001655385,-7.711687745694604,30,1.0,-5.150423467408532,-4.830650995134409,2.598989712552941e-07,-4.830650995134409,1.3608736460129074e-06,-0.0447073201227717,-0.05429441931569743,-1.0,-0.015156544369903085,0.5178899899127751,0.5312907256928165,0.5025811428232362,16853,3370.6,0.020179325368545487
SOLUSDT,tick_imb_60,10,43129,-0.06515899456304154,-0.08626867873417976,-7.4531908915734615,30,1.0,-5.348760542138053,-4.9460835779844565,8.855861946300864e-08,-4.9460835779844565,7.572145831498614e-07,-0.06680345576089951,-0.07171724241929897,-1.0,-0.015082056372141132,0.5255980720625404,0.540878409049818,0.5073767119261741,17013,1701.3,0.01851036175066058
SOLUSDT,tick_imb_60,15,43124,-0.07032473638799322,-0.0974583943645328,-7.1264337232876285,30,1.0,-4.799879797454565,-4.408700967961743,1.5876088951997495e-06,-4.408700967961743,1.0399249417122054e-05,-0.07277408980771127,-0.07773831886776979,-1.0,-0.015066708827912285,0.5233118027011157,0.5374562010585557,0.5112742219612448,17030,1135.3333333333333,0.06133629084383322
SOLUSDT,ret15_x_taker_abs15,5,43134,-0.02598066924056563,-0.033335047272676034,-3.0519637257714707,30,1.0,-3.0316680695816856,-2.860635650688493,0.002432064835314784,-2.860635650688493,0.004227926361785398,-0.026321098131242518,-0.026505830918515324,-1.0,0.0,0.5117189817836587,0.5144848016330346,0.5025811428232362,16853,3370.6,0.09234886021125327
SOLUSDT,ret15_x_taker_abs15,10,43129,-0.0315309210150024,-0.038539110662548004,-2.7652428722389937,30,1.0,-2.8466246797492336,-2.6990849557705303,0.004418542270456441,-2.6990849557705303,0.0069530424142426155,-0.020134727218962964,-0.04665018507305903,-1.0,0.0,0.5245988361840945,0.5295073348196233,0.5073767119261741,17013,1701.3,0.02337847128892092
SOLUSDT,ret15_x_taker_abs15,15,43124,-0.028463154599686624,-0.03717262501365658,-2.629689765062192,30,1.0,-2.2588164617318713,-2.189349382883638,0.023894804104712293,-2.189349382883638,0.028571455635079023,-0.00811148025487841,-0.05709407124257393,-1.0,0.0,0.5275396359365825,0.5355972242838498,0.5112742219612448,17030,1135.3333333333333,0.03283683784086718
SOLUSDT,clv,5,43194,-0.011981083208306957,-0.014549723532102482,-2.87011305542854,30,1.0,-2.4945526216738556,-2.478335392993356,0.01261160252273444,-2.478335392993356,0.013199700163700229,-0.017838566309503225,-0.004079076839990882,-1.0,7.89491928622366e-14,0.4999109950750608,0.5011457521906157,0.5025811428232362,16853,3370.6,0.5068716795348256
SOLUSDT,clv,10,43189,-0.009928547493942272,-0.0119348249856134,-2.407987052041792,30,1.0,-2.028085320711739,-2.004447902443119,0.04255154082979732,-2.004447902443119,0.04502210234201688,-0.014349271102908533,-0.0029532722166370137,-1.0,7.105427357600901e-14,0.5031446540880503,0.5018802251860783,0.5073767119261741,17013,1701.3,0.4042145342938058
SOLUSDT,clv,15,43184,-0.008047679690100567,-0.009878034712257818,-2.077575395831345,30,0.5,-1.624440017667195,-1.613466755178944,0.10428193222498694,-1.613466755178944,0.1066431402840258,-0.011282685333649591,-0.0017212993936157773,-1.0,7.500173321912281e-14,0.5029359953024075,0.5045722781007839,0.5112742219612448,17030,1135.3333333333333,0.4293289060016518
SOLUSDT,clv_15,5,43180,-0.011834398945764508,-0.0168671795768598,-1.9594400227752669,30,1.0,-1.3740770896446275,-1.2836778815534569,0.16941775113530144,-1.2836778815534569,0.19925468668105717,-0.015184760917665924,-0.006515487162586316,-1.0,0.03324915824917468,0.5025811428232362,0.5035543767175967,0.5025811428232362,16853,3370.6,0.3848238368573939
SOLUSDT,clv_15,10,43175,-0.008577133999369945,-0.011224177701664017,-0.9487889403088406,30,1.0,-0.7601376955177412,-0.7145022817566241,0.44717228240064943,-0.7145022817566241,0.4749166457246755,-0.009351011096962616,-0.0031630908838241496,-1.0,0.03324915824913175,0.5056721330747076,0.5036554048009427,0.5073767119261741,17013,1701.3,0.3312665763141669
SOLUSDT,clv_15,15,43170,-0.006087322881441149,-0.008464665031666159,-0.6279563733941127,30,1.0,-0.47174564004088565,-0.4531766082329529,0.6371083560179018,-0.4531766082329529,0.6504215749187212,-0.006243529999395462,-0.001300488341625508,-1.0,0.03323659341460401,0.5075748678802114,0.505588349100375,0.5112742219612448,17030,1135.3333333333333,0.3174310173823227
SOLUSDT,body_ratio,5,43194,-0.01402307829101081,-0.017382516674397705,-3.0781840326170755,30,1.0,-2.855541903412011,-2.834485439617657,0.004296345303428728,-2.834485439617657,0.004589954952800638,-0.022366782811578324,-0.0028322890286594394,-1.0,0.0,0.4995549753753041,0.5009239900676032,0.5025811428232362,16853,3370.6,0.5206068871459526
SOLUSDT,body_ratio,10,43189,-0.014087759696675788,-0.01645545265896782,-3.046983117796714,30,1.0,-2.8054649747115405,-2.767505423224404,0.005024404164663233,-2.767505423224404,0.005648710562224197,-0.01907507337750477,-0.007175367105992876,-1.0,0.0,0.5010286251689884,0.5049382269286227,0.5073767119261741,17013,1701.3,0.4806626707520102
SOLUSDT,body_ratio,15,43184,-0.008025107317330958,-0.011075906098453,-2.1943214783918865,30,1.0,-1.60975637536008,-1.5956852293579815,0.10745105230879225,-1.5956852293579815,0.11055908801695284,-0.011094392598809172,-0.0031501320289106707,-1.0,0.0,0.501937756899589,0.5060643982275244,0.5112742219612448,17030,1135.3333333333333,0.4527478705118008
SOLUSDT,upper_wick,5,43194,0.003885391160857638,0.0017498136907369481,0.3875157317055417,30,0.5,0.8063607271276526,0.8032811879663393,0.420034884671348,0.3875157317055417,0.698374440755879,0.00203839463442972,0.005212608261872492,1.0,0.14285714285711384,0.5022844597401056,0.502459734316414,0.5025811428232362,16853,3370.6,0.3980551292612968
SOLUSDT,upper_wick,10,43189,-0.00032166898985635226,-0.002610590255999229,-0.6006284139620646,30,1.0,-0.06575245737733887,-0.06580600879337375,0.9475749077912387,-0.06575245737733887,0.9475749077912387,2.360420583319155e-05,-0.004418140426167203,1.0,0.14285714285711384,0.49938282489860697,0.5006159047357549,0.5073767119261741,17013,1701.3,0.538629265704319
SOLUSDT,upper_wick,15,43184,0.004470756639488545,0.0004072185839888515,0.08870148337070641,30,0.5,0.8939462527685345,0.8903825982947764,0.3713506488942685,0.08870148337070641,0.9293191536252645,0.004922759408264317,-0.0006632867456725937,1.0,0.14285714285711384,0.49994128009395183,0.501587065008963,0.5112742219612448,17030,1135.3333333333333,0.5236676599285077
SOLUSDT,lower_wick,5,43194,0.004950776465538347,0.0035419233386980737,0.7848769380684733,30,1.0,1.0295019622624302,1.0250831873656843,0.3032438581665071,0.7848769380684733,0.43252572472086026,0.005917626805534689,0.0028554551640921667,1.0,0.16666666666674562,0.5032931822227497,0.5020680944639605,0.5025811428232362,16853,3370.6,0.35877364214445706
SOLUSDT,lower_wick,10,43189,0.006160257629389341,0.0043817486342169025,0.9054790566969028,30,1.0,1.2538884950719962,1.2374914064416378,0.20988253733468532,0.9054790566969028,0.36521165019140256,0.006598618366361583,0.004467193816430422,1.0,0.16666666666674562,0.5046141186151766,0.506907304398636,0.5073767119261741,17013,1701.3,0.3671409060088708
SOLUSDT,lower_wick,15,43184,0.0013480951591882495,-0.0002585409990219543,-0.06545051725076056,30,0.5,0.2736556337243961,0.2694113383637354,0.7843492757474151,0.0,1.0,0.0007134912383904929,0.0014646427825349023,1.0,0.16666666666674562,0.502701115678215,0.5026851994072282,0.5112742219612448,17030,1135.3333333333333,0.4293289060016518
SOLUSDT,amihud_60,5,43134,-0.002131351590417741,0.004095895222682828,0.38849768758069897,30,0.0,-0.23312761923656142,-0.22123023461184377,0.8156623086468768,0.0,1.0,0.0022599282875661072,-0.004909007032354452,1.0,-19.449405279808897,0.4977748768765205,0.4969085126318922,0.5025811428232362,16853,3370.6,0.6019448707387032
SOLUSDT,amihud_60,10,43129,-0.0029509127646282877,0.008519166759760808,0.5792691532760966,30,0.0,-0.23844574355418793,-0.22365967900502054,0.8115353921211504,0.0,1.0,0.006812889563827219,-0.00833826503612512,1.0,-19.449312843087828,0.4959736671956739,0.4938696623801199,0.5073767119261741,17013,1701.3,0.6328590939911292
SOLUSDT,amihud_60,15,43124,-0.006408223588664698,0.010115639064958572,0.5522280883403831,30,0.0,-0.42899037683529606,-0.40029342003917234,0.6679302278630828,0.0,1.0,0.006245318539686481,-0.011983554917436063,1.0,-19.449267941205704,0.48802113916617734,0.48800035645900697,0.5112742219612448,17030,1135.3333333333333,0.7970397640308207
SOLUSDT,amihud_rel_60,5,41695,-0.008018918899353121,-0.0017346641238209627,-0.15642101211803425,29,0.5,-0.8668809914081667,-0.8176473764886962,0.3860072196034703,-0.15642101211803425,0.8757011757554386,-0.0024021338943291054,-0.01418750257793657,-1.0,0.030430251108551687,0.5063786862873079,0.5081296112712508,0.5025811428232362,16853,3370.6,0.24001378332741694
SOLUSDT,amihud_rel_60,10,41690,-0.009815544420459081,-0.0005610361471296357,-0.03616464195709185,29,1.0,-0.7812900991683309,-0.7294565403269865,0.4346318919715717,-0.03616464195709185,0.9711510791666506,0.0015055890150049182,-0.02240196026831059,1.0,0.030563876498987952,0.49368130253335685,0.4861933807204809,0.5073767119261741,17013,1701.3,0.703122606711625
SOLUSDT,amihud_rel_60,15,41685,-0.012745811632688219,-0.0015570012271466996,-0.0807581401760348,29,0.5,-0.8412296598212915,-0.7766029439260784,0.40021928760524206,-0.0807581401760348,0.9356342985865008,0.0015997890608700695,-0.02894583906118683,1.0,0.03064757549690711,0.49635936582501466,0.4845506993044868,0.5112742219612448,17030,1135.3333333333333,0.6166927594031537
SOLUSDT,roll_spread_60,5,43133,0.001442903910761529,-0.004403802936015738,-0.41010533656537324,30,0.5,0.1575737815244668,0.1485999051651397,0.874792664744301,0.0,1.0,0.020179394369870148,-0.024067648983015607,1.0,0.0001825421793742238,0.488637037916098,0.48704097134795626,0.5025811428232362,16853,3370.6,0.9076511397887468
SOLUSDT,roll_spread_60,10,43128,0.0006680160214665403,-0.007186947845453871,-0.4913451749779706,30,0.5,0.054217246671909726,0.050276954676727874,0.9567620800367483,0.0,1.0,0.025613948652144284,-0.03431787519012761,1.0,0.00018252809367740952,0.48633397989772525,0.4845359151768658,0.5073767119261741,17013,1701.3,0.8777573792703007
SOLUSDT,roll_spread_60,15,43123,0.005931153615894358,-0.003987335824518448,-0.22652813602485491,30,0.5,0.4025470119305583,0.3704126713321848,0.6872814972267367,0.0,1.0,0.031912286416743464,-0.03234698214540693,1.0,0.00018260163515697116,0.49201409277745156,0.491609400411305,0.5112742219612448,17030,1135.3333333333333,0.7236181523701088
SOLUSDT,roll_spread_240,5,42953,0.003194565896058606,-0.0028762897904859633,-0.30207018595081875,30,0.5,0.3455281051956679,0.32591068990476485,0.7296973849354113,0.0,1.0,-0.001105377880618285,0.002664637279271058,-1.0,0.00010019292353589832,0.4915445321307779,0.4969150263485118,0.5025811428232362,16853,3370.6,0.8369211285789703
SOLUSDT,roll_spread_240,10,42948,0.004740617463489278,-0.005584334376981399,-0.43803025110755034,30,0.5,0.37558496203539704,0.3488693846578931,0.7072254721663016,0.0,1.0,-0.0003526482104935588,0.0031248127260391162,-1.0,0.00010018231963789468,0.49573855287133367,0.49760926812810524,0.5073767119261741,17013,1701.3,0.6509648808346956
SOLUSDT,roll_spread_240,15,42943,0.006258310089579637,-0.006386038374011282,-0.42827606613057134,30,0.5,0.409706580667828,0.37896388340088677,0.6820212021499594,0.0,1.0,0.00033356348750633005,0.0026284161789996976,1.0,0.000100248076712593,0.5086905460951262,0.507938409149339,0.5112742219612448,17030,1135.3333333333333,0.29658121901334983
SOLUSDT,cs_spread_60,5,43134,0.007094663928666486,0.00018311006728380074,0.016999936412911636,30,0.5,0.7894196812843226,0.7451848186472678,0.4298667565238028,0.016999936412911636,0.9864366665003301,0.0041556793152888825,0.006620135317132225,1.0,0.0001659035887520213,0.5009197175577048,0.5053992866036721,0.5025811428232362,16853,3370.6,0.46568233062693565
SOLUSDT,cs_spread_60,10,43129,0.012953540034401818,-3.6717881014565466e-06,-0.00024868366401884905,30,0.5,1.058936478003667,0.9911445777640108,0.2896287099775776,0.0,1.0,0.003356085808813661,0.01825147507331154,1.0,0.0001658844660465965,0.5077881619937694,0.5124133123501136,0.5073767119261741,17013,1701.3,0.2642201832957934
SOLUSDT,cs_spread_60,15,43124,0.023135119082592432,0.002989514316682896,0.16607811911567497,30,0.5,1.568397864112963,1.4660647570619947,0.11678830927601405,0.16607811911567497,0.8680954734287603,0.01490239693103525,0.02415706404049436,1.0,0.00016586256634202364,0.50857310628303,0.5155380152726236,0.5112742219612448,17030,1135.3333333333333,0.29658121901334983
SOLUSDT,zero_ret_frac_60,5,43134,0.0009555908379538385,0.0075058431343015,0.7825532828057263,30,1.0,0.10975834277420576,0.10300154397514079,0.9126010290237573,0.10300154397514079,0.9179617455579707,0.005355346878559981,0.0008971927658037192,1.0,0.06666666666666667,0.49587610514448466,0.4988012015096049,0.5025811428232362,16853,3370.6,0.6913024020286824
SOLUSDT,zero_ret_frac_60,10,43129,0.0013443253770773539,0.011529213521037246,0.9166366462524416,30,1.0,0.11266427852892301,0.10425155339383618,0.910296722487708,0.10425155339383618,0.9169697231285054,0.01532927945916809,-0.007597603826350023,1.0,0.06666666666666667,0.491565273614295,0.49966375603098007,0.5073767119261741,17013,1701.3,0.7665022215907459
SOLUSDT,zero_ret_frac_60,15,43124,-0.002154533028154572,0.013352146584594615,0.8725093080122348,30,0.0,-0.14927260325265798,-0.1382028722372712,0.8813385324826427,0.0,1.0,0.016401823502694975,-0.014437626578977127,1.0,0.06666666666666667,0.4830886670581327,0.4891220528638698,0.5112742219612448,17030,1135.3333333333333,0.8824532295945985
SOLUSDT,zscore_20,5,43175,-0.03263090902017475,-0.039591051829656596,-3.6511195134822763,30,1.0,-3.8202034854246487,-3.5943606769585412,0.00013334162022312994,-3.5943606769585412,0.00032518909983157604,-0.03602641401042803,-0.029096084164542867,-1.0,-0.010093513917477384,0.5115409719337803,0.5134243756092085,0.5025811428232362,16853,3370.6,0.09234886021125327
SOLUSDT,zscore_20,10,43170,-0.03545689503343842,-0.04228760906461737,-3.067795799536182,30,1.0,-3.2610620893605504,-3.0841049274992045,0.001109957326221132,-3.067795799536182,0.002156439196351894,-0.02875297405075913,-0.04388610839821765,-1.0,-0.010352359649130574,0.5220125786163522,0.5285697967035415,0.5073767119261741,17013,1701.3,0.036372189911343215
SOLUSDT,zscore_20,15,43165,-0.027797353994554495,-0.035495219700378645,-2.5199629230997904,30,1.0,-2.272591626823254,-2.193908211392995,0.023050800691926533,-2.193908211392995,0.028242008957612422,-0.013404106749539978,-0.046985166456232,-1.0,-0.011015612650981475,0.5227833235466823,0.5300544053976879,0.5112742219612448,17030,1135.3333333333333,0.06886978363743824
SOLUSDT,zscore_60,5,43135,-0.04939057106542795,-0.05855151289674099,-5.818229179167603,30,1.0,-5.46450203290219,-5.118328242817286,4.642080617492043e-08,-5.118328242817286,3.0825577868643896e-07,-0.04336288034772755,-0.05899981909228762,-1.0,0.024280353997310905,0.523230285409126,0.531767353702981,0.5025811428232362,16853,3370.6,0.0037876101405755706
SOLUSDT,zscore_60,10,43130,-0.06437767776277277,-0.07454052393535629,-5.399427700725289,30,1.0,-5.364064917891061,-4.9968708758394005,8.136963763723064e-08,-4.9968708758394005,5.826805548444676e-07,-0.048267979832496505,-0.08710041684442628,-1.0,0.024379598109713047,0.5343560806442132,0.5507747744993171,0.5073767119261741,17013,1701.3,0.0024499650997680707
SOLUSDT,zscore_60,15,43125,-0.0686541368816584,-0.08093404326603765,-5.198000870867774,30,1.0,-4.8551334133803445,-4.561348700562605,1.2030571911194725e-06,-4.561348700562605,5.082609325759513e-06,-0.04798616316500214,-0.09926334495681334,-1.0,0.02458171167493978,0.5340575455079272,0.5541798923808972,0.5112742219612448,17030,1135.3333333333333,0.012017900350427435
SOLUSDT,zscore_240,5,42955,-0.04357240899152395,-0.07015943384413763,-6.418211151562393,30,1.0,-4.6930545007479525,-4.400104961154981,2.691557471359228e-06,-4.400104961154981,1.0819853043106021e-05,-0.046363220566357444,-0.0434159861994006,-1.0,0.010856816019398316,0.5111849522340236,0.5262137166619181,0.5025811428232362,16853,3370.6,0.09818321737107086
SOLUSDT,zscore_240,10,42950,-0.056094449135049025,-0.09046814718560948,-6.15743655823528,30,1.0,-4.4617359700072345,-4.144746520021514,8.129835701552262e-06,-4.144746520021514,3.401898070375033e-05,-0.05659765566999961,-0.059969012000510934,-1.0,0.011157876509411411,0.518368306589079,0.535127836154398,0.5073767119261741,17013,1701.3,0.06637162580534131
SOLUSDT,zscore_240,15,42945,-0.060351244454842974,-0.10265252251035561,-6.04874284061063,30,1.0,-3.988117653517916,-3.6758364008397093,6.659963419604776e-05,-3.6758364008397093,0.00023707141755989703,-0.06409546622867002,-0.06201212747718918,-1.0,0.012215264377965211,0.5132119788608338,0.5322430984743811,0.5112742219612448,17030,1135.3333333333333,0.20296023596917928
SOLUSDT,acf1_60,5,43133,-0.0002506543215605084,-0.0016872160725265436,-0.15706761987309062,30,0.5,-0.028317501710215395,-0.026801652770758435,0.9774089218509443,-0.026801652770758435,0.9786179349722957,-0.022381149183330812,0.03009819146770372,-1.0,-0.02650314754054609,0.4910698391977689,0.48417983716694313,0.5025811428232362,16853,3370.6,0.8533225130056433
SOLUSDT,acf1_60,10,43128,0.0003532304646546076,-0.0018998433220434139,-0.1230731830241169,30,0.5,0.029235665652769312,0.026858286574097442,0.9766766363052005,0.0,1.0,-0.028785806837768355,0.040550342492763174,-1.0,-0.0265313775904157,0.48733321577617117,0.48200710840387795,0.5073767119261741,17013,1701.3,0.8569802575375205
SOLUSDT,acf1_60,15,43123,-0.00054180366791581,-0.0027185361322212874,-0.14843531580843594,30,0.5,-0.03705233979302728,-0.033739767752397065,0.9704432732451072,-0.033739767752397065,0.973084666932079,-0.029828763013374268,0.04121800230594883,-1.0,-0.026565166890244532,0.4924838520258368,0.48752993047545257,0.5112742219612448,17030,1135.3333333333333,0.7034187809866501
SOLUSDT,acf1_240,5,42953,0.0014881612908719843,-6.162786734982689e-05,-0.006285740588183783,30,0.5,0.16540919407817287,0.1561707683612222,0.8686219175280011,0.0,1.0,0.0027413939678684984,0.0017386463727330362,1.0,-0.0066538218804311705,0.4918412152139085,0.4975576449837129,0.5025811428232362,16853,3370.6,0.8282898687786151
SOLUSDT,acf1_240,10,42948,0.004879853585802306,0.002258232163326515,0.16492153207845311,30,0.5,0.39560302459087243,0.3668379044598924,0.6923979054668039,0.16492153207845311,0.8690057443173762,0.0038590895635852605,0.0078108811352627545,1.0,-0.006644432731737147,0.49538588138482337,0.5017488750261387,0.5073767119261741,17013,1701.3,0.6509648808346956
SOLUSDT,acf1_240,15,42943,0.010069343903617597,0.00509657262382894,0.31052758959415133,30,0.5,0.6729390793372046,0.6193443374749485,0.5009860489168324,0.31052758959415133,0.7561597822456592,0.009296078515476817,0.01344888554330415,1.0,-0.006661199176592155,0.49107457428068113,0.5004947607411736,0.5112742219612448,17030,1135.3333333333333,0.743118583567288
SOLUSDT,vr_5_240,5,42950,-0.0064828074362279844,-0.00627340096348457,-0.6519685736291656,30,1.0,-0.7346401387109778,-0.6942601187034192,0.46255868589525095,-0.6519685736291656,0.5144214458908264,-0.007314924902073495,-0.00669454937271808,-1.0,0.9386271506134815,0.5026998160564885,0.5046753415757785,0.5025811428232362,16853,3370.6,0.3848238368573939
SOLUSDT,vr_5_240,10,42945,-0.005943025338400693,-0.008471469040618351,-0.6532934249799857,30,1.0,-0.49298385351478763,-0.45698194418160787,0.6220239962039887,-0.45698194418160787,0.6476840235113386,-0.008824630901162584,-0.005682911085828737,-1.0,0.9385131883687471,0.5034973255745606,0.5038339732872548,0.5073767119261741,17013,1701.3,0.4042145342938058
SOLUSDT,vr_5_240,15,42940,-0.002229831536622565,-0.0089233507859561,-0.5667209514853707,30,1.0,-0.15188333721005948,-0.1391017783450893,0.8792789507932641,-0.1391017783450893,0.8893697229734773,-0.003597003478412279,-0.004446013900842676,-1.0,0.9384628214383928,0.5083969465648855,0.5073751702484344,0.5112742219612448,17030,1135.3333333333333,0.29658121901334983
SOLUSDT,skew_60,5,43134,-0.031696735700124296,-0.02758995960404486,-3.265011549024319,30,1.0,-3.564751271927671,-3.3952540501752217,0.0003642013992499383,-3.265011549024319,0.0010945961341992418,-0.02871323683990484,-0.036314691462352305,-1.0,-0.005172975396010474,0.5192547320951759,0.5230716969365533,0.5025811428232362,16853,3370.6,0.01312903414568081
SOLUSDT,skew_60,10,43129,-0.04601876594206084,-0.042473158299692754,-3.8102982051006284,30,1.0,-3.88564675837019,-3.626859236629017,0.00010205781602124336,-3.626859236629017,0.00028688958738693637,-0.0397948197331695,-0.05634486089333241,-1.0,-0.005118942992246677,0.5289484511843884,0.5336193170615515,0.5073767119261741,17013,1701.3,0.008734338400887855
SOLUSDT,skew_60,15,43124,-0.05368390982893269,-0.04896026990950811,-3.5042377181048154,30,1.0,-3.7901131830990624,-3.490846750201555,0.00015057865636699361,-3.490846750201555,0.0004814923525298764,-0.04226904817843457,-0.07205060595949941,-1.0,-0.005039489530137206,0.5381679389312977,0.541121165966483,0.5112742219612448,17030,1135.3333333333333,0.005328635956849618
SOLUSDT,kurt_60,5,43134,0.002253541996731666,0.004466667524971245,0.3986435632828293,30,1.0,0.25410926365120806,0.23861834689009337,0.7994111468611013,0.23861834689009337,0.8114015372738509,0.01133607428465491,-0.007794772326344751,1.0,0.9212281186791722,0.49759686702664213,0.49763559128561896,0.5025811428232362,16853,3370.6,0.615176163142606
SOLUSDT,kurt_60,10,43129,0.0013238218389526827,0.00546497303580668,0.35079243044724373,30,1.0,0.10974913316056645,0.10116391876568684,0.9126083331074749,0.10116391876568684,0.9194203383897155,0.014486179961310542,-0.01170029025848532,1.0,0.9211787044439345,0.49850114618233116,0.49542428016103773,0.5073767119261741,17013,1701.3,0.5578307358701147
SOLUSDT,kurt_60,15,43124,0.007953325219453113,0.014448952134800472,0.7178916798793917,30,1.0,0.547446977874797,0.5028128594585457,0.5840716881519212,0.5028128594585457,0.61509585164132,0.022528878950497967,-0.0066258004192554345,1.0,0.9208285183514382,0.5049324721080446,0.5032520467794215,0.5112742219612448,17030,1135.3333333333333,0.3833072405968463
SOLUSDT,skew_240,5,42954,-0.011571676185512867,-0.010268889335110139,-0.8883755534380445,30,0.5,-1.2684539723229402,-1.2056549670082002,0.20463587785732096,-0.8883755534380445,0.374338770913041,-0.011623905124333046,-0.01254207502432275,-1.0,-0.015431428665140513,0.504954607488281,0.5036397028843864,0.5025811428232362,16853,3370.6,0.2848649703627451
SOLUSDT,skew_240,10,42949,-0.014981983352954286,-0.0191756223917766,-1.2441972172780758,30,0.5,-1.2080438788207253,-1.1272202224553003,0.22703038483797522,-1.1272202224553003,0.25964938246896685,-0.009755590702322731,-0.023686272532453465,-1.0,-0.015293618100308227,0.5077881619937694,0.5090309195995752,0.5073767119261741,17013,1701.3,0.2642201832957934
SOLUSDT,skew_240,15,42944,-0.017005258220941327,-0.02416008302090495,-1.3666847640745687,30,0.5,-1.1349201247746454,-1.0501558340517152,0.2564087869614642,-1.0501558340517152,0.29364647168260405,-0.007128090437996908,-0.03204099299422138,-1.0,-0.015226456862829817,0.5113329418672931,0.514259381414739,0.5112742219612448,17030,1135.3333333333333,0.23812193426202213
SOLUSDT,kurt_240,5,42954,-0.0019220119813686,0.0005498008521124388,0.046080092095581136,30,0.5,-0.2126409282142552,-0.20049444884076886,0.8316070453206917,0.0,1.0,0.011097278583039376,-0.01575869630590421,1.0,1.9451780287602767,0.4959947783777369,0.4873927613384089,0.5025811428232362,16853,3370.6,0.67906779682765
SOLUSDT,kurt_240,10,42949,-0.0010155557996269955,0.00089771371060863,0.053945911630098015,30,0.0,-0.08259659073742417,-0.07675603720254266,0.9341723122111227,0.0,1.0,0.01323397221815369,-0.013913896035736959,1.0,1.9445821419429163,0.49221183800623053,0.4869667190417798,0.5073767119261741,17013,1701.3,0.7513937298809716
SOLUSDT,kurt_240,15,42944,0.003014771852949264,0.004991018609811476,0.2543048510021694,30,1.0,0.20281446672034723,0.18746175972832319,0.8392800501207248,0.18746175972832319,0.8512986034725645,0.019351663969479842,-0.011417609458140503,1.0,1.9444555981187779,0.49389312977099237,0.4870357906949213,0.5112742219612448,17030,1135.3333333333333,0.6611234757238768
SOLUSDT,hour_sin,5,43194,-0.011415075992691783,-0.011399153923454136,-1.509309360344002,30,1.0,-1.2820749243078768,-1.2061760647831723,0.19981636441857853,-1.2061760647831723,0.2277496107662037,-0.008996051932871221,-0.014878934406312114,-1.0,1.2246467991473532e-16,0.507921438319587,0.5123555486514071,0.5025811428232362,16853,3370.6,0.18062771146143833
SOLUSDT,hour_sin,10,43189,-0.016072546680632432,-0.014808256738287028,-1.3640959753697892,30,0.5,-1.3156162974052605,-1.226630997750738,0.18830286070964153,-1.226630997750738,0.21996131310230516,-0.008328005768032382,-0.027414797744624856,-1.0,1.2246467991473532e-16,0.5087286192911303,0.5152184002408908,0.5073767119261741,17013,1701.3,0.24860627011902833
SOLUSDT,hour_sin,15,43184,-0.019620378161404144,-0.016967503109608945,-1.2962234528957517,30,0.5,-1.3267299443913565,-1.2357858135042996,0.18459803176979594,-1.2357858135042996,0.21653818962241866,-0.009226559232647985,-0.03475627551538459,-1.0,1.2246467991473532e-16,0.5128596594245449,0.5204428798934752,0.5112742219612448,17030,1135.3333333333333,0.20296023596917928
SOLUSDT,hour_cos,5,43194,-0.014608685166025318,-0.01589114842665941,-1.806204987016417,30,1.0,-1.6419331064987328,-1.5503562878690553,0.10060386791455529,-1.5503562878690553,0.1210560241121343,-0.016534973137373957,-0.011249684792298289,-1.0,-1.8369701987210297e-16,0.507921438319587,0.5082025226462561,0.5025811428232362,16853,3370.6,0.18062771146143833
SOLUSDT,hour_cos,10,43189,-0.018717299721555863,-0.020913248871434368,-1.69031246663901,30,1.0,-1.539430327212396,-1.4217268419230762,0.12369927497740474,-1.4217268419230762,0.15510556469356532,-0.020369738410337526,-0.015207513533336279,-1.0,-1.8369701987210297e-16,0.511726326926468,0.513267748423411,0.5073767119261741,17013,1701.3,0.17843188686566264
SOLUSDT,hour_cos,15,43184,-0.023421663420214095,-0.02672777239673047,-1.7596914240797217,30,1.0,-1.5730819005473469,-1.445173771147267,0.11569985529445918,-1.445173771147267,0.1484090817590793,-0.02649919518985743,-0.018534215793425925,-1.0,-1.8369701987210297e-16,0.5086318261890781,0.5077488505639034,0.5112742219612448,17030,1135.3333333333333,0.29658121901334983
SOLUSDT,dow_sin,5,43194,-0.013991881248791827,-0.0006617238583824246,-0.07671248836073312,30,0.5,-1.6290453793849706,-1.5295866945920675,0.10330341274647516,-0.07671248836073312,0.9388522695432282,-0.011102811956435674,-0.024653350269716996,-1.0,-0.22282476414401375,0.5071500623034475,0.5122896861740626,0.5025811428232362,16853,3370.6,0.20908038991988334
SOLUSDT,dow_sin,10,43189,-0.017299204825226167,-0.0031955483841788644,-0.26077780831462083,30,0.5,-1.4619335949505101,-1.353066836264872,0.14375940781031626,-0.26077780831462083,0.7942638588567072,-0.015769892467153046,-0.03164961943412985,-1.0,-0.2231285943317129,0.5058484688179627,0.5125808365030616,0.5073767119261741,17013,1701.3,0.3312665763141669
SOLUSDT,dow_sin,15,43184,-0.019028068966508545,-0.004262681124879997,-0.2812157067458432,30,0.5,-1.320839284109122,-1.2199516125610987,0.18655495796870958,-0.2812157067458432,0.77854495833134,-0.013998110242455942,-0.040183473979951805,-1.0,-0.2231285943317134,0.5056958308866706,0.5153424816658956,0.5112742219612448,17030,1135.3333333333333,0.36085721316014246
SOLUSDT,dow_cos,5,43194,-0.006633168162740889,-0.0016860660015908726,-0.17988921290767199,30,1.0,-0.7178840205012984,-0.6774333548703632,0.47282880142289085,-0.17988921290767199,0.8572395439085627,-0.008209434839609508,-0.003350237108752716,-1.0,-0.05358087049305056,0.5042425680887676,0.5025433915633779,0.5025811428232362,16853,3370.6,0.32093220317235
SOLUSDT,dow_cos,10,43189,-0.009093918694109127,-0.0036062634564019646,-0.2712491583138632,30,1.0,-0.7192161029367102,-0.6644167474777167,0.4720077791372199,-0.2712491583138632,0.7861994067738697,-0.012040525830056235,-0.002889188379231709,-1.0,-0.053580870493050756,0.5044965614530065,0.5011000031626327,0.5073767119261741,17013,1701.3,0.3671409060088708
SOLUSDT,dow_cos,15,43184,-0.017323863576380192,-0.008060198317152982,-0.4814484729387632,30,1.0,-1.124481552643226,-1.033094629506208,0.26080879211871544,-0.4814484729387632,0.6301977928647461,-0.021780675105372807,-0.009238980336285629,-1.0,-0.05420329651135083,0.5065766294773928,0.5005966465834656,0.5112742219612448,17030,1135.3333333333333,0.33887652427612325
SOLUSDT,is_weekend,5,43194,-0.0034886343475371414,,,0,,-0.42389274736175625,-0.4013909257214025,0.6716440336935621,-0.4013909257214025,0.6881323292286788,0.006438543046692329,-0.015760595798660945,1.0,0.0,0.495045392511719,0.4967479442358256,0.5025811428232362,16853,3370.6,0.7267128398616444
SOLUSDT,is_weekend,10,43189,-0.004799848356807967,,,0,,-0.4289066145193355,-0.39461247626643275,0.6679911863723793,-0.39461247626643275,0.6931289045448337,0.01107480932089817,-0.022011973716559247,1.0,0.0,0.48897901604655264,0.49384648863182856,0.5073767119261741,17013,1701.3,0.8215681131343373
SOLUSDT,is_weekend,15,43184,-0.008367513860995025,,,0,,-0.6114181329100433,-0.5596884505164959,0.5409228012117622,-0.5596884505164959,0.5756919615119469,0.008421945767262766,-0.025625614259205905,1.0,0.0,0.4878449794480329,0.49529429815585313,0.5112742219612448,17030,1135.3333333333333,0.7970397640308207
SOLUSDT,session_asia,5,43194,-0.0004353069089262132,0.00029638814651190143,0.031135882634135702,22,0.5,-0.04765887824747694,-0.045148781182518694,0.9619881072426605,0.0,1.0,-0.0029818243248376773,0.0020194848295693054,-1.0,0.0,0.49741885717676376,0.503210748238022,0.5025811428232362,16853,3370.6,0.6282746739816532
SOLUSDT,session_asia,10,43189,-2.0756127486251456e-06,5.280437021903887e-05,0.0039636308898806085,22,0.5,-0.00016749177726783953,-0.0001552049389083362,0.9998663608974814,0.0,1.0,-0.00433148825903583,0.002441634652334601,-1.0,0.0,0.4926232880738259,0.5021211685839113,0.5073767119261741,17013,1701.3,0.7357798167042067
SOLUSDT,session_asia,15,43184,-0.0009354443531507694,-0.001686047968528716,-0.10039526770853054,22,0.5,-0.06198471766674793,-0.05771807721876914,0.9505750021330249,-0.05771807721876914,0.9539731941616713,-0.0023228003984694244,-0.0028091685463913292,-1.0,0.0,0.48872577803875517,0.502175176833377,0.5112742219612448,17030,1135.3333333333333,0.7798612934740179
SOLUSDT,session_europe,5,43194,0.008053882169896021,0.007921398371288491,0.9023160104561273,22,1.0,0.8621186553349734,0.8098598577975787,0.388622226554996,0.8098598577975787,0.4180207253349181,0.0004531794098209472,0.015615949880626881,1.0,0.0,0.5073874087699519,0.5084433400310772,0.5025811428232362,16853,3370.6,0.19931537750991357
SOLUSDT,session_europe,10,43189,0.006501962552355994,0.006336827499239702,0.5338189502994901,22,1.0,0.5056696717230458,0.46584668146639324,0.6130885623970013,0.46584668146639324,0.6413252482483485,-0.007097951950266892,0.019394433425725173,-1.0,0.0,0.4926232880738259,0.4866675544522956,0.5073767119261741,17013,1701.3,0.7357798167042067
SOLUSDT,session_europe,15,43184,0.009435034199705412,0.00931843887309833,0.6346282206321692,22,1.0,0.600553672337459,0.5502292034329468,0.5481373023132573,0.5502292034329468,0.582162175668853,-0.006183084149935373,0.025029682590991278,-1.0,0.0,0.48872577803875517,0.48951898470561517,0.5112742219612448,17030,1135.3333333333333,0.7798612934740179
SOLUSDT,session_us,5,43194,0.013060967890902083,0.013780171736387285,1.2141624199329462,22,1.0,1.329173115619006,1.2467733475183802,0.1837908625291259,1.2141624199329462,0.22468570785803554,0.009121737533990421,0.01736879427744307,1.0,0.0,0.5043612413220199,0.5057702797349051,0.5025811428232362,16853,3370.6,0.3086975979713175
SOLUSDT,session_us,10,43189,0.024859342701015856,0.026530247756748636,1.6713309789955482,22,1.0,1.8304448094568895,1.6976022962347979,0.06718345242399298,1.6713309789955482,0.09465632068189662,0.013814941242212508,0.037142368413900916,1.0,0.0,0.5093164051019808,0.5133400134732573,0.5073767119261741,17013,1701.3,0.2334977784092541
SOLUSDT,session_us,15,43184,0.03589813389937238,0.03866772800117324,2.2032795788887993,22,1.0,2.1795019801701763,2.0127886132617796,0.02929439772582501,2.0127886132617796,0.044136872329610534,0.02139418172515565,0.05210134867932795,1.0,0.0,0.5110393423370523,0.5172035628072229,0.5112742219612448,17030,1135.3333333333333,0.23812193426202213
SOLUSDT,us_open_window,5,43194,0.013150173367455019,0.014175209922350605,1.040090554450489,22,1.0,1.2751138966648548,1.2165126550208998,0.20226893136440705,1.040090554450489,0.29829783158778367,0.015358709165135681,0.010013235817592428,1.0,0.0,0.499020945825669,0.5014204831529937,0.5025811428232362,16853,3370.6,0.5479878390935797
SOLUSDT,us_open_window,10,43189,0.012640363226973744,0.013880164076417872,0.7844361453564626,22,1.0,0.942600338151593,0.8872060092442627,0.34588536681204596,0.7844361453564626,0.43278423628388085,0.012006394483686499,0.012455324427936742,1.0,0.0,0.4953271028037383,0.5021891831550224,0.5073767119261741,17013,1701.3,0.6509648808346956
SOLUSDT,us_open_window,15,43184,0.014263770959902637,0.01592952067383811,0.6972814074790817,22,0.5,0.8761863774214532,0.7945078718178702,0.38092872097616803,0.6972814074790817,0.4856267012453379,0.008153477639173325,0.02046677475234169,1.0,0.0,0.492190252495596,0.5026753813295156,0.5112742219612448,17030,1135.3333333333333,0.7034187809866501
SOLUSDT,min_since_funding,5,43194,-0.008828138908169055,-0.010124868617826176,-1.0048362777750708,30,1.0,-0.9918384579243759,-0.9328407332712291,0.3212763340381989,-0.9328407332712291,0.35090220645817327,-0.0016258177435846493,-0.017926623330806052,-1.0,239.0,0.5073874087699519,0.5102552799482734,0.5025811428232362,16853,3370.6,0.19931537750991357
SOLUSDT,min_since_funding,10,43189,-0.013719440655484954,-0.015442385094912088,-1.097573698740343,30,1.0,-1.1325620880628267,-1.0462841278090227,0.25739819706973066,-1.0462841278090227,0.2954298713073341,-0.005614525226036848,-0.023441014759746085,-1.0,239.0,0.5140774701698702,0.5172787766118672,0.5073767119261741,17013,1701.3,0.13235040968078132
SOLUSDT,min_since_funding,15,43184,-0.012634181920868598,-0.01488240470476498,-0.8996232748585182,30,1.0,-0.8575674790884225,-0.7987329907194551,0.3911313390113038,-0.7987329907194551,0.4244452529040389,-0.005368936781908991,-0.021440643589938833,-1.0,239.0,0.5140340575455079,0.5131191941818583,0.5112742219612448,17030,1135.3333333333333,0.18660822104053845
SOLUSDT,min_to_funding,5,43194,0.008828138908169055,0.010124868617826176,1.0048362777750708,30,1.0,0.9918384579243759,0.9328407332712291,0.3212763340381989,0.9328407332712291,0.35090220645817327,0.0016258177435846493,0.017926623330806052,1.0,241.0,0.5073874087699519,0.5102552799482734,0.5025811428232362,16853,3370.6,0.19931537750991357
SOLUSDT,min_to_funding,10,43189,0.013719440655484954,0.015442385094912088,1.097573698740343,30,1.0,1.1325620880628267,1.0462841278090227,0.25739819706973066,1.0462841278090227,0.2954298713073341,0.005614525226036848,0.023441014759746085,1.0,241.0,0.5140774701698702,0.5172787766118673,0.5073767119261741,17013,1701.3,0.13235040968078132
SOLUSDT,min_to_funding,15,43184,0.012634181920868598,0.01488240470476498,0.8996232748585182,30,1.0,0.8575674790884225,0.7987329907194551,0.3911313390113038,0.7987329907194551,0.4244452529040389,0.005368936781908991,0.021440643589938833,1.0,241.0,0.5140340575455079,0.5131191941818583,0.5112742219612448,17030,1135.3333333333333,0.18660822104053845
SOLUSDT,ret_since_day_open,5,43194,-0.0014365088233505036,-0.10801833927310925,-13.614320602034246,30,1.0,-0.15277073294816992,-0.14400613891666805,0.8785790784940126,-0.14400613891666805,0.8854956220134027,-0.011757664228599085,0.005688923788126915,-1.0,-0.0017937224540274244,0.49730018394351155,0.5006823980786437,0.5025811428232362,16853,3370.6,0.6282746739816532
SOLUSDT,ret_since_day_open,10,43189,-0.004505135044518807,-0.14939164619827272,-15.271009311577686,30,1.0,-0.3512492496728861,-0.3288164877463873,0.7254013650646705,-0.3288164877463873,0.7422944000241385,-0.021020041061111817,0.007390023874285972,-1.0,-0.0017847921698068703,0.49573855287133367,0.5012078754749894,0.5073767119261741,17013,1701.3,0.6509648808346956
SOLUSDT,ret_since_day_open,15,43184,-0.004376661791616934,-0.1786926967486342,-16.447816150344227,30,1.0,-0.2824982244361784,-0.2636233071582333,0.7775615078567013,-0.2636233071582333,0.792070197150344,-0.025362298354888027,0.011535887839327167,-1.0,-0.0017737489869213974,0.4945977686435702,0.500705293997197,0.5112742219612448,17030,1135.3333333333333,0.6611234757238768
SOLUSDT,ret_since_day_open_vol,5,43134,-0.008169252852841044,-0.09455837573700261,-11.50354442227759,30,1.0,-0.9150515367491183,-0.8620556303636395,0.36016457523879486,-0.8620556303636395,0.3886569058403424,-0.022579224190358745,0.00553251089175717,-1.0,-0.17187621654119797,0.4968254910105026,0.5011169650840848,0.5025811428232362,16853,3370.6,0.6540176730022182
SOLUSDT,ret_since_day_open_vol,10,43129,-0.013616894908310181,-0.13217760440148313,-11.452794584036226,30,1.0,-1.1193954100955894,-1.0407987195842572,0.2629714882285089,-1.0407987195842572,0.2979689744469697,-0.03398758161578798,0.005074142794997233,-1.0,-0.17178376783853205,0.4948568741550579,0.5025538258510716,0.5073767119261741,17013,1701.3,0.6687334236858331
SOLUSDT,ret_since_day_open_vol,15,43124,-0.013802171779115878,-0.15700857564213377,-10.954219950359354,30,1.0,-0.9363141313382883,-0.8709852681662911,0.3491114744487346,-0.8709852681662911,0.38376219691988456,-0.03912083086703182,0.009788954841151873,-1.0,-0.1715672785576644,0.4916617733411627,0.5001808720360048,0.5112742219612448,17030,1135.3333333333333,0.7236181523701088
SOLUSDT,ret15_x_weekend,5,43134,-0.011198678854323286,-0.029016395098927776,-0.9595295375818818,8,1.0,-1.544123001299347,-1.447976956058661,0.12255853762071378,-0.9595295375818818,0.33729204681319136,-0.004945144040704191,-0.023961680437666718,-1.0,0.0,0.4999109950750608,0.5067219090865431,0.5025811428232362,16853,3370.6,0.5068716795348256
SOLUSDT,ret15_x_weekend,10,43129,-0.0014230222973851915,-0.0076643244297230784,-0.20449877096046254,8,1.0,-0.1531553334201815,-0.14297099148629022,0.87827578078625,-0.14297099148629022,0.8863130912408694,0.011099472899900903,-0.022887747341367316,1.0,-0.0,0.483747722329983,0.48715153538626527,0.5073767119261741,17013,1701.3,0.9127453566586232
SOLUSDT,ret15_x_weekend,15,43124,0.0017235272672685802,-0.0043549128400039655,-0.13411519213004924,8,0.5,0.1614599455222921,0.15190631862097462,0.8717311562346037,0.0,1.0,0.013535352790855115,-0.01914878997454617,1.0,-0.0,0.48349970640046974,0.49167495315645404,0.5112742219612448,17030,1135.3333333333333,0.8703319315069352
SOLUSDT,bench_ret_1,5,43193,-0.009601796328469098,-0.012333560223834146,-2.4261585844373346,30,1.0,-1.8470523788521758,-1.8510797732964215,0.06473954932415334,-1.8470523788521758,0.06473954932415334,-0.012782988215901535,-0.005861918358573099,-1.0,0.0,0.503945885005637,0.5050002528026234,0.5025811428232362,16853,3370.6,0.3333643767588069
SOLUSDT,bench_ret_1,10,43188,-0.015049870464089302,-0.01817120593566291,-2.9165108906797523,30,1.0,-2.9118093956225004,-2.937614766890666,0.0035934183541540213,-2.9118093956225004,0.0035934183541540213,-0.016423299907672193,-0.013630960959560665,-1.0,0.0,0.5066125903720684,0.5086458124034692,0.5073767119261741,17013,1701.3,0.29687739328837504
SOLUSDT,bench_ret_1,15,43183,-0.010040176522349065,-0.014437275195899487,-2.516983779237238,30,1.0,-1.9589469231518273,-1.957045766694012,0.05011900299825722,-1.957045766694012,0.05034208777695714,-0.013903092897923951,-0.005307898303899985,-1.0,0.0,0.5039929536112743,0.5070550512381534,0.5112742219612448,17030,1135.3333333333333,0.4061560251816262
SOLUSDT,bench_ret_5,5,43189,-0.021688646660307943,-0.02649300052931247,-3.0236024737991047,30,1.0,-2.6660067994264054,-2.5566161549173203,0.007675814049798913,-2.5566161549173203,0.010569577669294011,-0.02175060693556702,-0.021919209995549853,-1.0,-1.8768314369310701e-06,0.5083367946359698,0.5113212972056085,0.5025811428232362,16853,3370.6,0.17171013122138495
SOLUSDT,bench_ret_5,10,43184,-0.03162214702190077,-0.03884710669586795,-3.3827785828039354,30,1.0,-3.345582871838772,-3.263550381521992,0.0008210981806685513,-3.263550381521992,0.0011002561996192306,-0.025541628767552473,-0.03896633835945946,-1.0,-1.7564248766532842e-06,0.5165461705754423,0.5227550934143262,0.5073767119261741,17013,1701.3,0.08725464334137673
SOLUSDT,bench_ret_5,15,43179,-0.024960971935393993,-0.03166201312882479,-3.0491090416329727,30,1.0,-2.542441313545144,-2.509246380563463,0.01100810855635645,-2.509246380563463,0.0120989062946436,-0.014055081566707449,-0.03785324323393195,-1.0,-1.6524709867127285e-06,0.5160892542571932,0.5222127143181836,0.5112742219612448,17030,1135.3333333333333,0.14262836353397237
SOLUSDT,bench_ret_15,5,43179,-0.02683896362313998,-0.03389505093336907,-3.76272465089601,30,1.0,-2.945708635618795,-2.782082264024399,0.003222157615192923,-2.782082264024399,0.005401134755650004,-0.02349533460711251,-0.03188872832899187,-1.0,-1.0541562620147715e-05,0.5101762297513796,0.5169582675682683,0.5025811428232362,16853,3370.6,0.1242187075508914
SOLUSDT,bench_ret_15,10,43174,-0.02905896222481682,-0.03357303733839366,-3.0492157190663156,30,1.0,-2.4712378365797343,-2.34886230894519,0.013464623595056109,-2.34886230894519,0.018830868918400828,-0.021155717758670204,-0.039703849166630584,-1.0,-1.0425269834080098e-05,0.5164873919943572,0.5243751478337237,0.5073767119261741,17013,1701.3,0.08725464334137673
SOLUSDT,bench_ret_15,15,43169,-0.024836299788237804,-0.028528507299059685,-2.4829172056056144,30,1.0,-1.8581858887790312,-1.7909770995114807,0.06314262121119003,-1.7909770995114807,0.07329696997776951,-0.01048047968014643,-0.043649388874680485,-1.0,-1.0386277550011869e-05,0.5185554903112155,0.5275419848394254,0.5112742219612448,17030,1135.3333333333333,0.10625005041893992
SOLUSDT,rel_ret_5,5,43189,-0.02521104191227051,-0.030533460944549208,-4.120654792775046,30,1.0,-3.0987914303085686,-2.9549582763825555,0.001943117592108462,-2.9549582763825555,0.0031271133858982395,-0.03903979078368085,-0.009379301078298832,-1.0,-3.488372286142294e-06,0.4995549753753041,0.5032320287262648,0.5025811428232362,16853,3370.6,0.5206068871459526
SOLUSDT,rel_ret_5,10,43184,-0.028536018412430576,-0.03359490962156692,-3.4266711586243903,30,1.0,-3.095710100806029,-3.017074937321081,0.0019634221895208355,-3.017074937321081,0.0025522670856210545,-0.039269128991006576,-0.015709446875146985,-1.0,-3.550634014803933e-06,0.5031446540880503,0.5112911237618873,0.5073767119261741,17013,1701.3,0.4042145342938058
SOLUSDT,rel_ret_5,15,43179,-0.019039799315420568,-0.025326996358087096,-2.653003326250375,30,1.0,-1.9963179047539414,-1.9853155937632627,0.045899330355754546,-1.9853155937632627,0.04710937017791402,-0.01759039264977347,-0.02178241191543377,-1.0,-3.728580137973836e-06,0.5031708749266001,0.5124455898761116,0.5112742219612448,17030,1135.3333333333333,0.4293289060016518
SOLUSDT,rel_ret_15,5,43179,-0.020892058433072607,-0.02757471522127731,-2.8664928006955486,30,1.0,-2.309601724529524,-2.183791110466141,0.020910214047867314,-2.183791110466141,0.0289776011130208,-0.02031227889167825,-0.02219800741652032,-1.0,-2.4155493564492758e-05,0.5071500623034475,0.5106040348988741,0.5025811428232362,16853,3370.6,0.20908038991988334
SOLUSDT,rel_ret_15,10,43174,-0.027203448605721017,-0.03207281451764577,-2.4989369711777,30,1.0,-2.3249678219947327,-2.205592868878831,0.020073680875636858,-2.205592868878831,0.027412518836030235,-0.01447425909309921,-0.04312020556956444,-1.0,-2.4434824885233297e-05,0.5180156351025687,0.5277773415949554,0.5073767119261741,17013,1701.3,0.07285325180974708
SOLUSDT,rel_ret_15,15,43169,-0.02658339123705936,-0.033051872803923486,-2.566459776827091,30,1.0,-2.0159229841277506,-1.9581017141209243,0.043808029797846815,-1.9581017141209243,0.05021807867295622,-0.007366010170274324,-0.05163890514356387,-1.0,-2.50759305746584e-05,0.52031708749266,0.5309247576331966,0.5112742219612448,17030,1135.3333333333333,0.08605008084733752
SOLUSDT,rel_ret_60,5,43134,-0.04634407035005116,-0.05846416961517673,-4.789220126316133,30,1.0,-4.960706601431947,-4.677595519213079,7.023721253265023e-07,-4.677595519213079,2.9025837703282394e-06,-0.04304450791990777,-0.053946069131856234,-1.0,-3.048133202909753e-05,0.5149231590814691,0.5270249102832361,0.5025811428232362,16853,3370.6,0.0440546249720143
SOLUSDT,rel_ret_60,10,43129,-0.06266656869701502,-0.07750622772877577,-4.645036323006464,30,1.0,-4.992819180058601,-4.6559072968587545,5.950426217625006e-07,-4.645036323006464,3.4001662605591155e-06,-0.04928118815010524,-0.08343591957883507,-1.0,-3.021147866899554e-05,0.5258919649679656,0.5473450390181507,0.5073767119261741,17013,1701.3,0.01641902894697531
SOLUSDT,rel_ret_60,15,43124,-0.07142596549373262,-0.09050588234855857,-4.697054500561461,30,1.0,-4.775692379237249,-4.409224538996546,1.790899866112644e-06,-4.409224538996546,1.0374142068694041e-05,-0.055645729237702925,-0.09760656361693378,-1.0,-3.0061044565599104e-05,0.527363476218438,0.5497057398607372,0.5112742219612448,17030,1135.3333333333333,0.03283683784086718
SOLUSDT,beta_bench_240,5,42954,0.0003066031594759648,-0.005022311125391486,-0.5251292345864833,30,0.5,0.03481812987306582,0.03296785104229559,0.9722247638481063,0.0,1.0,-0.001630633589425867,0.0058967639798041364,-1.0,1.3739902703757583,0.5021657865068534,0.4965619124891678,0.5025811428232362,16853,3370.6,0.4114046990108831
SOLUSDT,beta_bench_240,10,42949,0.0030976399458720215,-0.005082488645688491,-0.36415406626601726,30,0.5,0.2588402805293748,0.23991467269039615,0.7957584773033466,0.0,1.0,0.0048723217519298515,0.007290156046039037,1.0,1.3738572312666328,0.49667901016869453,0.500648961711024,0.5073767119261741,17013,1701.3,0.6144529741904421
SOLUSDT,beta_bench_240,15,42944,0.0021550461821084484,-0.00667133315937578,-0.3992784929624941,30,0.5,0.14795398662581566,0.13657213250695782,0.882379081835793,0.0,1.0,0.0065694595183612365,0.004741530569001631,1.0,1.3738127869049377,0.4908396946564885,0.49696482027515426,0.5112742219612448,17030,1135.3333333333333,0.743118583567288
SOLUSDT,corr_bench_240,5,42954,0.011480289810507686,0.01687629049595203,1.6607301662144685,30,1.0,1.2707523605784907,1.1987145158426744,0.20381676155444772,1.1987145158426744,0.23063897176218606,0.000903587703480898,0.023859108689750202,1.0,0.7733000868856148,0.512371684566546,0.5136297795011859,0.5025811428232362,16853,3370.6,0.07638765791969132
SOLUSDT,corr_bench_240,10,42949,0.017626517399521025,0.028945451692991345,2.017141370300049,30,1.0,1.4210092310283882,1.3077989872323879,0.15531407586387647,1.3077989872323879,0.1909414978268813,-0.00026920400096877464,0.03743844991392746,-1.0,0.7733502459184433,0.4828072650326221,0.48093981664913765,0.5073767119261741,17013,1701.3,0.9271467481902529
SOLUSDT,corr_bench_240,15,42944,0.02460162998542554,0.041890534959587625,2.4236126257311787,30,1.0,1.6259649242534477,1.4918516523239282,0.10395711725313794,1.4918516523239282,0.13573803957112066,0.005211649480814721,0.04671973707976892,1.0,0.7734765118395315,0.514445096887845,0.51814676752521,0.5112742219612448,17030,1135.3333333333333,0.17109764770342434
SOLUSDT,resid_ret_15,5,42954,-0.015420731353691215,-0.020089043261727068,-2.2153478358397893,30,1.0,-1.721572232744806,-1.6302874600202306,0.085147036806828,-1.6302874600202306,0.10304075663434246,-0.018096676071534628,-0.012134943958399346,-1.0,-3.207971107400419e-05,0.5050139441049072,0.5050770653657448,0.5025811428232362,16853,3370.6,0.2848649703627451
SOLUSDT,resid_ret_15,10,42949,-0.020733002915930037,-0.02428940921889599,-1.9034097263139755,30,1.0,-1.7783664195329707,-1.6743509558013785,0.0753436941565339,-1.6743509558013785,0.09406164552015334,-0.008432045163003525,-0.03526910205352225,-1.0,-3.242754428269077e-05,0.5186621994945042,0.522788274793851,0.5073767119261741,17013,1701.3,0.06637162580534131
SOLUSDT,resid_ret_15,15,42944,-0.021441624275832603,-0.02651194290911362,-2.0081543703811677,30,1.0,-1.6238550450439087,-1.555277393950224,0.10440674890703255,-1.555277393950224,0.11988001885579082,-0.002236416874369399,-0.04521027848108658,-1.0,-3.2446917279932614e-05,0.5204932472108045,0.5265627299063655,0.5112742219612448,17030,1135.3333333333333,0.08605008084733752
SOLUSDT,funding_rate_bp,5,7326,0.0303723485635245,-0.03132355753768468,-6.379787201039772,4,0.0,1.3792365231544783,1.3251688814552847,0.16782184059102778,0.0,1.0,0.030372348563524512,,1.0,-0.09830000000000001,,,,0,0.0,
SOLUSDT,funding_rate_bp,10,7326,0.03731635399937442,-0.057200456192858476,-8.390500051734653,4,0.0,1.2617179089442214,1.1734310874364955,0.20705031030894672,0.0,1.0,0.037316353999374434,,1.0,-0.09830000000000001,,,,0,0.0,
SOLUSDT,funding_rate_bp,15,7326,0.050107111261881804,-0.068143798806276,-6.414619290117338,4,0.0,1.3867687623368166,1.2839619791572046,0.16551228524348205,0.0,1.0,0.0501071112618818,,1.0,-0.09830000000000001,,,,0,0.0,
SOLUSDT,funding_rate_z_30d,5,5887,0.025685950017700736,-0.015464051333639955,-0.6860435679940886,4,0.0,1.0562713121607687,0.9935100600705018,0.29084427859920103,0.0,1.0,0.025685950017700736,,1.0,-0.5968359853141365,,,,0,0.0,
SOLUSDT,funding_rate_z_30d,10,5887,0.021193093579770027,-0.03601972019194863,-1.1368926215734694,4,0.0,0.624441826232449,0.5671028161171634,0.5323374636748878,0.0,1.0,0.021193093579770023,,1.0,-0.5968359853141365,,,,0,0.0,
SOLUSDT,funding_rate_z_30d,15,5887,0.02292752563253358,-0.0404834585190007,-1.0139178855258044,4,0.0,0.5501054639797374,0.5029871241666612,0.5822470392271772,0.0,1.0,0.022927525632533585,,1.0,-0.5968359853141365,,,,0,0.0,
SOLUSDT,oi_chg_5,5,41881,-0.0040419554573101054,-0.003121433072437836,-0.2834740748961299,29,0.5,-0.47075490706048423,-0.44686098592778667,0.6378157694459179,-0.2834740748961299,0.7768134521960705,0.00335391619669333,-0.015503043229837855,1.0,-0.00039886626492791066,0.5012843565373748,0.49616781083167805,0.5013485743642435,15572,3114.4,0.450088612198729
SOLUSDT,oi_chg_5,10,41881,0.006204352643910224,0.006565087617492389,0.5860083557791309,29,1.0,0.6027747354763723,0.5801284224333166,0.5466585560908241,0.5801284224333166,0.5618280180848946,0.01414989519343918,-0.0066220014304430985,1.0,-0.00039886626492791066,0.5045795700292584,0.4957729045193987,0.5069329601831828,15722,1572.2,0.37150645388244957
SOLUSDT,oi_chg_5,15,41881,0.005175945105272173,0.006673092709699014,0.67145662821701,29,0.5,0.4647155194864185,0.45253089830173815,0.6421351930008748,0.45253089830173815,0.6508865671751818,0.013945762288649995,-0.007514979088447444,1.0,-0.00039886626492791066,0.4969512195121951,0.4949722280342834,0.510670731707317,15744,1049.6,0.5975399120296532
SOLUSDT,oi_chg_15,5,41871,0.00015061154522625877,-0.0009358543848705123,-0.10834002075328526,29,0.5,0.016316574872390823,0.015413074936852924,0.9869818344657356,0.0,1.0,0.015374693978554715,-0.02106208263280588,1.0,-0.00045605894349876053,0.48073465193937837,0.48988766417378826,0.5013485743642435,15572,3114.4,0.9849415041521683
SOLUSDT,oi_chg_15,10,41871,0.001768182911079068,-0.00027349874459780426,-0.022519096465484067,29,0.5,0.1459457619936543,0.13744122193847003,0.883964205481732,0.0,1.0,0.0226342317889292,-0.028508770606125687,1.0,-0.00045605894349876053,0.48231777127591907,0.4841232861103234,0.5069329601831828,15722,1572.2,0.9247426897029726
SOLUSDT,oi_chg_15,15,41871,0.0009652882938125573,-0.0005436056203057217,-0.04033017647238082,29,0.5,0.06822918492573915,0.06461458294806374,0.945603194886522,0.0,1.0,0.023543620927327157,-0.033092693227773536,1.0,-0.00039618572863497903,0.48310467479674796,0.4841355188620759,0.510670731707317,15744,1049.6,0.866830767883732
SOLUSDT,oi_chg_60,5,41826,0.0007391449214874514,-0.0044255582824429445,-0.3775790967722187,29,0.5,0.07802932377530444,0.07383846416277205,0.9378047270985411,0.0,1.0,0.015057588474739073,-0.019888669528354126,1.0,-0.0077139302115836195,0.49364243513999484,0.4869406911145421,0.5013485743642435,15572,3114.4,0.7687436091306952
SOLUSDT,oi_chg_60,10,41826,0.004595208865982636,-0.003651423960552972,-0.2167869838372885,29,0.5,0.35925551920518695,0.3337927045582698,0.719403946655204,0.0,1.0,0.02550883671894474,-0.02573275502522324,1.0,-0.0076700611509772365,0.4874061824195395,0.48199985303505277,0.5069329601831828,15722,1572.2,0.8494534139147822
SOLUSDT,oi_chg_60,15,41826,0.003957411810443995,-0.0060311271141121146,-0.29657024641317326,29,0.0,0.25567169859560684,0.23427540911150055,0.798204350226334,0.0,1.0,0.02657136557635286,-0.02897622073364281,1.0,-0.0076700611509772365,0.49371189024390244,0.4833075584564199,0.510670731707317,15744,1049.6,0.6672118882066773
SOLUSDT,oi_z_1440,5,40447,0.003549380622533999,0.0010757179272475337,0.10641373232655026,28,0.5,0.3764296166795834,0.354764847329955,0.7065975314760612,0.10641373232655026,0.9152540981206784,-0.0001203578924308595,0.008225792647975072,-1.0,-0.4791302930995997,0.49563318777292575,0.4953443386410614,0.5013485743642435,15572,3114.4,0.6983542672441458
SOLUSDT,oi_z_1440,10,40447,0.008965250541234222,0.0028330663941336883,0.19357806040938882,28,0.5,0.6932022539671607,0.6403417329892732,0.4881826338838082,0.19357806040938882,0.8465062784861954,0.005431744099681039,0.011767893312891117,1.0,-0.47839431572497493,0.5030530466861722,0.5051064006795348,0.5069329601831828,15722,1572.2,0.4102182674178699
SOLUSDT,oi_z_1440,15,40447,0.010256688690961685,0.0007092348995971479,0.039176993976165156,28,0.5,0.6505918823855031,0.5972096376805347,0.5153099718676206,0.039176993976165156,0.9687492756994076,0.005762239176699518,0.01306851708221341,1.0,-0.4778053902838051,0.5033028455284553,0.5063443329820265,0.510670731707317,15744,1049.6,0.4265211728673344
SOLUSDT,oi_x_ret_15,5,41826,0.00547094211109781,0.0037459258966627378,0.3868747795324385,29,1.0,0.6286812526640627,0.5953383443555182,0.529557753980828,0.3868747795324385,0.6988489131279532,0.0007298438344249691,0.012129922755797813,1.0,0.001890513106765938,0.5044952478808117,0.5080569710129376,0.5013485743642435,15572,3114.4,0.31425217005875206
SOLUSDT,oi_x_ret_15,10,41826,0.008754837594300536,0.0041965664429829885,0.36691833142212316,29,0.5,0.8163636103545276,0.783287280904204,0.4142922028785643,0.36691833142212316,0.7136799372080151,0.006353399064929086,0.011845052454219462,1.0,0.0018877398851757387,0.502480600432515,0.5068453132425129,0.5069329601831828,15722,1572.2,0.4299338541729121
SOLUSDT,oi_x_ret_15,15,41826,0.018629689239750193,0.012001510056972326,1.000526100109219,29,1.0,1.5638032275806732,1.5175893797723001,0.11786378609659708,1.000526100109219,0.3170559731866942,0.016604741427166298,0.02045476990695349,1.0,0.0018927926280459149,0.5081935975609756,0.5119381512737455,0.510670731707317,15744,1049.6,0.3106614603279964
SOLUSDT,oi_x_ret_60,5,41826,0.019501342818144824,0.017189610195473156,1.6740360601166584,29,0.5,2.108887952646703,1.9904361049405888,0.03495425433674544,1.6740360601166584,0.09412351259492083,0.018170989103887418,0.021654034545596904,1.0,0.00808613384694235,0.5075777035705111,0.5093268370527184,0.5013485743642435,15572,3114.4,0.19982718978942052
SOLUSDT,oi_x_ret_60,10,41826,0.024436260469126305,0.018686699684963257,1.397548989300663,29,0.5,1.985672700121005,1.8494973041433977,0.04706967821119881,1.397548989300663,0.16224854568597646,0.011686000193770283,0.04267854978456694,1.0,0.008045461987920026,0.525442055718102,0.5263195283396328,0.5069329601831828,15722,1572.2,0.023140286640747257
SOLUSDT,oi_x_ret_60,15,41826,0.023204934764366105,0.014905705922323481,1.0251048587027842,29,0.5,1.5836126748752408,1.4726735545928786,0.11328188778257187,1.0251048587027842,0.3053137132267413,0.010086229470141685,0.043010753895391635,1.0,0.008032517855539621,0.5242632113821138,0.5267196355321007,0.510670731707317,15744,1049.6,0.06130162274192567
SOLUSDT,ls_ratio_top_log,5,41886,0.007965091206029841,0.016449781323095946,1.3669825514202567,29,0.5,0.8962289065777608,0.8470773836246555,0.3701305200855808,0.8470773836246555,0.39695199025158656,0.010801561809734166,0.0022904318487833924,1.0,0.7680046217915414,0.504687901361418,0.5059392601831483,0.5013485743642435,15572,3114.4,0.30164573275585416
SOLUSDT,ls_ratio_top_log,10,41886,0.01234986524156532,0.021577984804453016,1.1553295438934446,29,0.5,1.0159660832264001,0.941123978523222,0.3096455379627786,0.941123978523222,0.3466413288046548,0.017314951095075526,0.0006997335702320379,1.0,0.7680524062511628,0.5055336471186872,0.5041467341410578,0.5069329601831828,15722,1572.2,0.3340526903636449
SOLUSDT,ls_ratio_top_log,15,41886,0.01689002034313939,0.026715967033172538,1.1841340878792017,29,1.0,1.1358449701308042,1.0434388807975414,0.25602145254925535,1.0434388807975414,0.29674507398799976,0.02389268871769212,0.00107323014682761,1.0,0.7680524062511628,0.5099720528455285,0.5090327826082464,0.510670731707317,15744,1049.6,0.2684600396790241
SOLUSDT,ls_ratio_top_z_1440,5,40447,-0.009904824689069228,-0.00041776581189221525,-0.039547608250343896,28,0.5,-1.0546786350782327,-0.9936260669001694,0.2915723262704427,-0.039547608250343896,0.9684537972881644,0.0031240752150427428,-0.03146746625575978,1.0,-0.13666438480773668,0.49415617775494475,0.48716327769314954,0.5013485743642435,15572,3114.4,0.7463456606460779
SOLUSDT,ls_ratio_top_z_1440,10,40447,-0.012428619407844075,-0.0002811431608996515,-0.01710003830008864,28,0.5,-0.9651967406445872,-0.8930109753894258,0.33444627917356984,-0.01710003830008864,0.9863568083583849,0.007775389746351378,-0.046779137795846686,1.0,-0.1369634388865839,0.48874189034473986,0.4796309496525282,0.5069329601831828,15722,1572.2,0.8246403837647073
SOLUSDT,ls_ratio_top_z_1440,15,40447,-0.014097774637895882,-0.0006637161816344977,-0.03266653604557983,28,0.5,-0.8989460955669587,-0.8275245983553811,0.3686813735128923,-0.03266653604557983,0.9739405100082152,0.011876466324500151,-0.05819801659326893,1.0,-0.1375145608346586,0.4883130081300813,0.4753666441933634,0.510670731707317,15744,1049.6,0.7889366230968098
SOLUSDT,ls_ratio_accounts_log,5,41886,-0.00018609405337642569,0.02031123075622123,2.2054066962084184,29,0.0,-0.02056607210751344,-0.019474729036747945,0.9835918052746342,0.0,1.0,0.0073308244957790945,0.0045771161310187505,1.0,0.6952050217516191,0.49621114821474444,0.502393422251944,0.5013485743642435,15572,3114.4,0.6729209432813692
SOLUSDT,ls_ratio_accounts_log,10,41886,-0.0025498909379555695,0.031035447095025082,2.560382184875337,29,0.0,-0.20676346545025492,-0.19227700786965418,0.8361945899036158,0.0,1.0,0.010631427736137233,0.004163754328969739,1.0,0.6951936451221739,0.4977102149853708,0.5027127091013385,0.5069329601831828,15722,1572.2,0.5897817325821302
SOLUSDT,ls_ratio_accounts_log,15,41886,-0.007108104346582922,0.039445580178022764,2.587372716226379,29,0.0,-0.47219041311119725,-0.4401531469955252,0.6367908820164994,0.0,1.0,0.006130496028012881,0.006151456381951848,1.0,0.6951936451221739,0.49136178861788615,0.49874964804740574,0.510670731707317,15744,1049.6,0.7315399603209759
SOLUSDT,ls_ratio_accounts_z_1440,5,40447,-0.0047790663792450444,0.010019109123466452,1.0260759563526738,28,0.5,-0.4968506580306243,-0.4685777533952696,0.6192943688722048,0.0,1.0,0.0028896844154993138,-0.01305811413351061,1.0,0.4709009461646082,0.5032108913434369,0.4985836096867185,0.5013485743642435,15572,3114.4,0.36674978098051136
SOLUSDT,ls_ratio_accounts_z_1440,10,40447,-0.008266249265050906,0.013264757213479628,1.013502583022381,28,0.5,-0.6288904138572778,-0.5868653505004555,0.529420802316521,0.0,1.0,0.006319688509852079,-0.022437587787225637,1.0,0.4714669297404087,0.5004452359750667,0.49283403449209046,0.5069329601831828,15722,1572.2,0.4899396120633961
SOLUSDT,ls_ratio_accounts_z_1440,15,40447,-0.009425697247973486,0.016258378216132453,1.017631069940765,28,0.0,-0.5920988143741157,-0.551704370242537,0.5537844208232258,0.0,1.0,0.007749787937050433,-0.02559126304207238,1.0,0.4715589212595943,0.5015243902439024,0.49491890237287084,0.510670731707317,15744,1049.6,0.47538260985732533
SOLUSDT,taker_ls_ratio_log,5,41886,-0.041920126013673877,-0.040128284432192914,-3.6901300212403716,29,1.0,-5.333068836269858,-5.052716444376763,9.656668326825365e-08,-3.6901300212403716,0.00022413946066640318,-0.030997363954342265,-0.059761832280079606,-1.0,-0.02060891225655565,0.5256871307474955,0.5337527015026305,0.5013485743642435,15572,3114.4,0.0021870549349966525
SOLUSDT,taker_ls_ratio_log,10,41886,-0.02633557526234219,-0.024897415931292684,-2.0096057849865865,29,1.0,-2.8211701353150693,-2.708170204437862,0.00478488186660978,-2.0096057849865865,0.04447292850039385,-0.0047399144155471735,-0.06120694595864554,-1.0,-0.02060891225655565,0.5295127846329983,0.5338048674531557,0.5069329601831828,15722,1572.2,0.010846771525518962
SOLUSDT,taker_ls_ratio_log,15,41886,-0.027393485024937693,-0.026377023706914547,-2.078696791731564,29,1.0,-2.7294620617711782,-2.659174501112209,0.006343774797113519,-2.078696791731564,0.037645228057587105,0.004083494172439901,-0.07847278335476786,1.0,-0.02060891225655565,0.46741615853658536,0.45674793219778576,0.510670731707317,15744,1049.6,0.9846873465893644
SOLUSDT,taker_ls_ratio_z_1440,5,40447,-0.03830952784563463,-0.0360870649494597,-3.447027267220054,28,1.0,-4.7582863533171516,-4.516683154382812,1.9524339362344896e-06,-3.447027267220054,0.0005667913739098784,-0.02390775126958528,-0.05891757713509371,-1.0,0.009268836141959351,0.5263293090161829,0.5337784680002616,0.5013485743642435,15572,3114.4,0.0017413743547917912
SOLUSDT,taker_ls_ratio_z_1440,10,40447,-0.02649201656134857,-0.022433738663172036,-1.80539444387741,28,1.0,-2.7624379437206588,-2.6599458267968887,0.005737146673590171,-1.80539444387741,0.07101297999117542,-0.0008832940501982647,-0.06238887095298948,-1.0,0.009485690672066225,0.5298308103294747,0.5340717512653876,0.5069329601831828,15722,1572.2,0.009483596160194356
SOLUSDT,taker_ls_ratio_z_1440,15,40447,-0.030323170451069168,-0.026274445572836334,-2.0388615126570486,28,1.0,-2.9382054949392313,-2.878182957422167,0.00330118132140659,-2.0388615126570486,0.041463851027782585,0.005309960428351189,-0.08066456330617164,1.0,0.009259208113575274,0.46754319105691056,0.4566064085078243,0.510670731707317,15744,1049.6,0.9846873465893644
