modèle,mode,échantillon,margin,n_trades,pnl_total,pnl_per_trade,win_rate,avg_cost,share_up
logit_ind,taker,1re moitié (validation),0,10915,68.5094,0.00627663,0.529272,0.522995,0.388639
logit_ind,taker,1re moitié (validation),0.0025,9716,87.7123,0.00902762,0.5317,0.522673,0.375051
logit_ind,taker,1re moitié (validation),0.005,9295,84.6804,0.00911031,0.532222,0.523111,0.382141
logit_ind,taker,1re moitié (validation),0.0075,8302,117.643,0.0141704,0.53722,0.52305,0.375934
logit_ind,taker,1re moitié (validation),0.01,7607,97.6775,0.0128405,0.535822,0.522982,0.366505
logit_ind,taker,1re moitié (validation),0.0125,6322,106.377,0.0168265,0.539544,0.522718,0.381683
logit_ind,taker,1re moitié (validation),0.015,5930,100.088,0.0168782,0.539966,0.523088,0.384486
logit_ind,taker,1re moitié (validation),0.0175,5178,102.24,0.0197451,0.543067,0.523322,0.412321
logit_ind,taker,1re moitié (validation),0.02,4696,90.2695,0.0192226,0.542589,0.523367,0.401405
logit_ind,taker,1re moitié (validation),0.0225,3993,77.7654,0.0194754,0.54295,0.523475,0.423241
logit_ind,taker,1re moitié (validation),0.025,3839,65.2434,0.0169949,0.540505,0.52351,0.411305
logit_ind,taker,1re moitié (validation),0.0275,3642,63.3463,0.0173933,0.540637,0.523244,0.416529
logit_ind,taker,1re moitié (validation),0.03,3098,65.8391,0.0212521,0.544222,0.52297,0.336023
logit_ind,taker,1re moitié (validation),0.0325,2793,65.6488,0.0235048,0.546366,0.522861,0.325098
logit_ind,taker,1re moitié (validation),0.035,2562,46.0704,0.0179822,0.541374,0.523392,0.276737
logit_ind,taker,1re moitié (validation),0.0375,2354,44.7382,0.0190052,0.541631,0.522626,0.284197
logit_ind,taker,1re moitié (validation),0.04,2178,46.8081,0.0214913,0.544536,0.523045,0.242424
logit_ind,taker,1re moitié (validation),0.0425,2043,42.1265,0.0206199,0.543808,0.523188,0.235928
logit_ind,taker,1re moitié (validation),0.045,1984,32.0559,0.0161572,0.539819,0.523661,0.22379
logit_ind,taker,1re moitié (validation),0.0475,1733,28.728,0.0165771,0.538373,0.521796,0.25101
logit_ind,taker,1re moitié (validation),0.05,1654,29.1271,0.0176101,0.538694,0.521084,0.229141
logit_ind,taker,1re moitié (validation),0.0525,1512,38.9215,0.0257417,0.546296,0.520555,0.236111
logit_ind,taker,1re moitié (validation),0.055,1479,40.1932,0.0271759,0.547667,0.520491,0.229209
logit_ind,taker,1re moitié (validation),0.0575,1116,31.3584,0.0280989,0.545699,0.5176,0.296595
logit_ind,taker,1re moitié (validation),0.06,1046,22.1132,0.0211407,0.537285,0.516144,0.277247
logit_ind,taker,1re moitié (validation),0.0625,878,24.1314,0.0274846,0.542141,0.514657,0.323462
logit_ind,taker,1re moitié (validation),0.065,841,25.6949,0.0305528,0.54459,0.514037,0.311534
logit_ind,taker,1re moitié (validation),0.0675,615,21.5533,0.0350461,0.546341,0.511295,0.421138
logit_ind,taker,1re moitié (validation),0.07,533,16.3334,0.0306444,0.538462,0.507817,0.384615
logit_ind,taker,1re moitié (validation),0.0725,461,16.7114,0.0362502,0.542299,0.506049,0.440347
logit_ind,taker,1re moitié (validation),0.075,414,14.6461,0.035377,0.538647,0.50327,0.429952
logit_ind,taker,1re moitié (validation),0.0775,339,13.1869,0.0388994,0.539823,0.500924,0.525074
logit_ind,taker,1re moitié (validation),0.08,240,12.2214,0.0509224,0.541667,0.490744,0.425
logit_ind,taker,1re moitié (validation),0.0825,220,14.5548,0.0661584,0.554545,0.488387,0.459091
logit_ind,taker,1re moitié (validation),0.085,186,14.3446,0.0771213,0.55914,0.482018,0.413978
logit_ind,taker,1re moitié (validation),0.0875,172,14.3729,0.0835637,0.563953,0.48039,0.44186
logit_ind,taker,1re moitié (validation),0.09,114,15.3028,0.134235,0.596491,0.462256,0.385965
logit_ind,taker,1re moitié (validation),0.0925,99,16.785,0.169546,0.626263,0.456717,0.424242
logit_ind,taker,1re moitié (validation),0.095,88,15.1389,0.172033,0.625,0.452967,0.420455
logit_ind,taker,1re moitié (validation),0.0975,83,14.5858,0.175733,0.626506,0.450773,0.445783
logit_ind,taker,1re moitié (validation),0.1,67,13.7651,0.205449,0.641791,0.436342,0.358209
logit_ind,taker,2e moitié (test final),0,10429,18.0046,0.0017264,0.525074,0.523348,0.394765
logit_ind,taker,2e moitié (test final),0.0025,9223,39.5325,0.0042863,0.527377,0.523091,0.382305
logit_ind,taker,2e moitié (test final),0.005,8757,69.4513,0.00793095,0.531575,0.523644,0.3926
logit_ind,taker,2e moitié (test final),0.0075,7823,79.3066,0.0101376,0.533683,0.523545,0.390132
logit_ind,taker,2e moitié (test final),0.01,7060,88.726,0.0125674,0.535836,0.523268,0.381445
logit_ind,taker,2e moitié (test final),0.0125,5676,72.5206,0.0127767,0.535941,0.523164,0.397992
logit_ind,taker,2e moitié (test final),0.015,5284,75.5402,0.014296,0.538039,0.523743,0.401211
logit_ind,taker,2e moitié (test final),0.0175,4476,78.4052,0.0175168,0.541555,0.524038,0.444147
logit_ind,taker,2e moitié (test final),0.02,3989,74.6513,0.0187143,0.542492,0.523778,0.423414
logit_ind,taker,2e moitié (test final),0.0225,3362,71.1163,0.021153,0.545211,0.524058,0.442296
logit_ind,taker,2e moitié (test final),0.025,3211,79.544,0.0247724,0.54905,0.524278,0.429773
logit_ind,taker,2e moitié (test final),0.0275,2996,66.8731,0.0223208,0.546061,0.523741,0.438585
logit_ind,taker,2e moitié (test final),0.03,2520,41.072,0.0162984,0.539683,0.523384,0.355556
logit_ind,taker,2e moitié (test final),0.0325,2274,47.4199,0.0208531,0.544415,0.523562,0.342568
logit_ind,taker,2e moitié (test final),0.035,2052,53.5504,0.0260967,0.550682,0.524586,0.288499
logit_ind,taker,2e moitié (test final),0.0375,1892,58.2844,0.0308057,0.55444,0.523634,0.299683
logit_ind,taker,2e moitié (test final),0.04,1732,47.4253,0.0273818,0.550808,0.523426,0.249423
logit_ind,taker,2e moitié (test final),0.0425,1596,43.3915,0.0271876,0.550752,0.523564,0.234962
logit_ind,taker,2e moitié (test final),0.045,1554,44.3907,0.0285655,0.552767,0.524202,0.226512
logit_ind,taker,2e moitié (test final),0.0475,1333,39.933,0.0299572,0.552138,0.522181,0.255814
logit_ind,taker,2e moitié (test final),0.05,1263,38.5454,0.0305189,0.552652,0.522134,0.229612
logit_ind,taker,2e moitié (test final),0.0525,1166,40.954,0.0351235,0.556604,0.52148,0.233276
logit_ind,taker,2e moitié (test final),0.055,1139,42.3728,0.0372018,0.558385,0.521183,0.223881
logit_ind,taker,2e moitié (test final),0.0575,824,35.1151,0.0426154,0.56068,0.518064,0.305825
logit_ind,taker,2e moitié (test final),0.06,746,31.9646,0.042848,0.558981,0.516133,0.262735
logit_ind,taker,2e moitié (test final),0.0625,569,23.4392,0.0411937,0.55536,0.514167,0.332162
logit_ind,taker,2e moitié (test final),0.065,553,21.7922,0.0394073,0.553345,0.513938,0.327306
logit_ind,taker,2e moitié (test final),0.0675,398,24.7019,0.0620651,0.572864,0.510799,0.449749
logit_ind,taker,2e moitié (test final),0.07,341,18.9516,0.0555766,0.56305,0.507473,0.428152
logit_ind,taker,2e moitié (test final),0.0725,265,12.6197,0.0476214,0.550943,0.503322,0.54717
logit_ind,taker,2e moitié (test final),0.075,235,11.3025,0.0480957,0.548936,0.50084,0.553191
logit_ind,taker,2e moitié (test final),0.0775,210,11.0892,0.0528059,0.552381,0.499575,0.619048
logit_ind,taker,2e moitié (test final),0.08,141,1.53551,0.0108901,0.496454,0.485564,0.666667
logit_ind,taker,2e moitié (test final),0.0825,137,3.63527,0.0265348,0.510949,0.484414,0.686131
logit_ind,taker,2e moitié (test final),0.085,99,4.26312,0.0430618,0.515152,0.47209,0.676768
logit_ind,taker,2e moitié (test final),0.0875,96,2.67486,0.0278631,0.5,0.472137,0.6875
logit_ind,taker,2e moitié (test final),0.09,74,3.98796,0.0538914,0.513514,0.459622,0.635135
logit_ind,taker,2e moitié (test final),0.0925,63,4.30807,0.0683821,0.52381,0.455427,0.666667
logit_ind,taker,2e moitié (test final),0.095,59,5.39803,0.091492,0.542373,0.450881,0.661017
logit_ind,taker,2e moitié (test final),0.0975,56,5.96046,0.106437,0.553571,0.447135,0.696429
logit_ind,taker,2e moitié (test final),0.1,45,5.55723,0.123494,0.555556,0.432062,0.644444
hgb_ind,taker,1re moitié (validation),0,9718,24.064,0.00247623,0.528401,0.525925,0.369109
hgb_ind,taker,1re moitié (validation),0.0025,8944,7.50974,0.00083964,0.527057,0.526218,0.373099
hgb_ind,taker,1re moitié (validation),0.005,8512,23.5495,0.00276662,0.529018,0.526251,0.364427
hgb_ind,taker,1re moitié (validation),0.0075,7860,37.0873,0.00471848,0.53117,0.526452,0.351908
hgb_ind,taker,1re moitié (validation),0.01,7527,33.7264,0.00448072,0.531287,0.526807,0.349807
hgb_ind,taker,1re moitié (validation),0.0125,6816,35.2937,0.00517806,0.531543,0.526365,0.346244
hgb_ind,taker,1re moitié (validation),0.015,6471,39.3845,0.00608631,0.532375,0.526289,0.320198
hgb_ind,taker,1re moitié (validation),0.0175,5935,57.2119,0.00963975,0.535805,0.526165,0.324516
hgb_ind,taker,1re moitié (validation),0.02,5701,59.0235,0.0103532,0.536573,0.526219,0.317137
hgb_ind,taker,1re moitié (validation),0.0225,5058,63.5109,0.0125565,0.538553,0.525996,0.323053
hgb_ind,taker,1re moitié (validation),0.025,4566,63.5795,0.0139245,0.540079,0.526154,0.260841
hgb_ind,taker,1re moitié (validation),0.0275,4058,58.4992,0.0144158,0.539921,0.525505,0.272302
hgb_ind,taker,1re moitié (validation),0.03,3772,55.1199,0.0146129,0.540032,0.525419,0.241251
hgb_ind,taker,1re moitié (validation),0.0325,3381,73.1368,0.0216317,0.546584,0.524952,0.244602
hgb_ind,taker,1re moitié (validation),0.035,3217,68.8075,0.0213887,0.546472,0.525083,0.225365
hgb_ind,taker,1re moitié (validation),0.0375,2687,74.3166,0.0276579,0.551544,0.523887,0.240045
hgb_ind,taker,1re moitié (validation),0.04,2498,67.0161,0.0268279,0.55004,0.523212,0.2506
hgb_ind,taker,1re moitié (validation),0.0425,2126,65.3831,0.0307541,0.553151,0.522397,0.247883
hgb_ind,taker,1re moitié (validation),0.045,1930,64.4119,0.0333741,0.554922,0.521548,0.258031
hgb_ind,taker,1re moitié (validation),0.0475,1578,43.0233,0.0272644,0.548162,0.520898,0.26616
hgb_ind,taker,1re moitié (validation),0.05,1361,36.4485,0.0267807,0.546657,0.519876,0.290228
hgb_ind,taker,1re moitié (validation),0.0525,1187,45.3223,0.0381823,0.556866,0.518684,0.291491
hgb_ind,taker,1re moitié (validation),0.055,1012,43.3906,0.0428761,0.561265,0.518389,0.318182
hgb_ind,taker,1re moitié (validation),0.0575,874,36.6078,0.0418854,0.559497,0.517611,0.298627
hgb_ind,taker,1re moitié (validation),0.06,739,34.3071,0.0464237,0.562923,0.516499,0.305819
hgb_ind,taker,1re moitié (validation),0.0625,664,32.9597,0.0496381,0.564759,0.515121,0.310241
hgb_ind,taker,1re moitié (validation),0.065,595,29.389,0.0493933,0.564706,0.515313,0.310924
hgb_ind,taker,1re moitié (validation),0.0675,532,30.3276,0.0570067,0.571429,0.514422,0.332707
hgb_ind,taker,1re moitié (validation),0.07,470,22.0598,0.0469357,0.559574,0.512639,0.26383
hgb_ind,taker,1re moitié (validation),0.0725,435,23.6042,0.0542626,0.565517,0.511255,0.271264
hgb_ind,taker,1re moitié (validation),0.075,411,24.9326,0.0606632,0.571776,0.511113,0.250608
hgb_ind,taker,1re moitié (validation),0.0775,361,24.0297,0.0665643,0.573407,0.506843,0.279778
hgb_ind,taker,1re moitié (validation),0.08,317,21.6411,0.0682685,0.574132,0.505864,0.189274
hgb_ind,taker,1re moitié (validation),0.0825,288,24.312,0.0844166,0.586806,0.502389,0.177083
hgb_ind,taker,1re moitié (validation),0.085,275,22.7173,0.0826083,0.585455,0.502846,0.152727
hgb_ind,taker,1re moitié (validation),0.0875,216,16.1564,0.0747983,0.569444,0.494646,0.180556
hgb_ind,taker,1re moitié (validation),0.09,209,16.6587,0.0797067,0.574163,0.494456,0.172249
hgb_ind,taker,1re moitié (validation),0.0925,163,14.1423,0.0867625,0.570552,0.48379,0.202454
hgb_ind,taker,1re moitié (validation),0.095,160,13.5339,0.0845869,0.56875,0.484163,0.1875
hgb_ind,taker,1re moitié (validation),0.0975,105,12.3946,0.118044,0.580952,0.462908,0.257143
hgb_ind,taker,1re moitié (validation),0.1,104,12.872,0.123769,0.586538,0.462769,0.259615
hgb_ind,taker,2e moitié (test final),0,9188,78.2822,0.00852005,0.535481,0.526961,0.416848
hgb_ind,taker,2e moitié (test final),0.0025,8545,78.8069,0.00922257,0.536337,0.527114,0.420831
hgb_ind,taker,2e moitié (test final),0.005,8044,49.5705,0.00616242,0.533317,0.527154,0.414346
hgb_ind,taker,2e moitié (test final),0.0075,7403,50.6885,0.00684703,0.534108,0.527261,0.40281
hgb_ind,taker,2e moitié (test final),0.01,7101,62.1585,0.00875349,0.536544,0.527791,0.401211
hgb_ind,taker,2e moitié (test final),0.0125,6298,77.0436,0.012233,0.539695,0.527462,0.399016
hgb_ind,taker,2e moitié (test final),0.015,5935,70.8273,0.0119338,0.539343,0.527409,0.372873
hgb_ind,taker,2e moitié (test final),0.0175,5394,91.4445,0.016953,0.544308,0.527355,0.382462
hgb_ind,taker,2e moitié (test final),0.02,5177,98.2643,0.0189809,0.546455,0.527475,0.374348
hgb_ind,taker,2e moitié (test final),0.0225,4620,101.674,0.0220074,0.549351,0.527343,0.385931
hgb_ind,taker,2e moitié (test final),0.025,4119,84.0961,0.0204166,0.547949,0.527532,0.318767
hgb_ind,taker,2e moitié (test final),0.0275,3606,81.5813,0.0226238,0.549362,0.526738,0.345535
hgb_ind,taker,2e moitié (test final),0.03,3285,74.9841,0.0228262,0.549772,0.526945,0.30624
hgb_ind,taker,2e moitié (test final),0.0325,2952,81.5158,0.0276138,0.554201,0.526587,0.303862
hgb_ind,taker,2e moitié (test final),0.035,2795,80.2144,0.0286992,0.555635,0.526936,0.280143
hgb_ind,taker,2e moitié (test final),0.0375,2327,67.0459,0.0288122,0.554792,0.525979,0.305114
hgb_ind,taker,2e moitié (test final),0.04,2155,63.6799,0.0295498,0.554988,0.525439,0.318329
hgb_ind,taker,2e moitié (test final),0.0425,1830,39.9747,0.0218441,0.546995,0.52515,0.319126
hgb_ind,taker,2e moitié (test final),0.045,1653,41.4911,0.0251005,0.549909,0.524809,0.334543
hgb_ind,taker,2e moitié (test final),0.0475,1368,50.611,0.0369964,0.561404,0.524407,0.339912
hgb_ind,taker,2e moitié (test final),0.05,1174,48.9802,0.0417208,0.565588,0.523867,0.377342
hgb_ind,taker,2e moitié (test final),0.0525,1020,37.7201,0.0369805,0.559804,0.522823,0.401961
hgb_ind,taker,2e moitié (test final),0.055,840,40.3176,0.0479971,0.570238,0.522241,0.458333
hgb_ind,taker,2e moitié (test final),0.0575,695,39.8987,0.0574081,0.578417,0.521009,0.458993
hgb_ind,taker,2e moitié (test final),0.06,553,43.9084,0.0794003,0.598553,0.519153,0.470163
hgb_ind,taker,2e moitié (test final),0.0625,498,41.2331,0.0827973,0.600402,0.517604,0.46988
hgb_ind,taker,2e moitié (test final),0.065,466,39.7868,0.0853794,0.603004,0.517625,0.469957
hgb_ind,taker,2e moitié (test final),0.0675,426,35.8737,0.0842105,0.600939,0.516728,0.483568
hgb_ind,taker,2e moitié (test final),0.07,375,32.8237,0.0875297,0.602667,0.515137,0.424
hgb_ind,taker,2e moitié (test final),0.0725,350,28.2635,0.0807528,0.594286,0.513533,0.445714
hgb_ind,taker,2e moitié (test final),0.075,322,24.8466,0.0771634,0.590062,0.512899,0.406832
hgb_ind,taker,2e moitié (test final),0.0775,288,19.0734,0.0662271,0.576389,0.510162,0.447917
hgb_ind,taker,2e moitié (test final),0.08,250,17.8515,0.0714059,0.58,0.508594,0.376
hgb_ind,taker,2e moitié (test final),0.0825,229,19.8666,0.0867535,0.593886,0.507133,0.388646
hgb_ind,taker,2e moitié (test final),0.085,208,16.6579,0.080086,0.586538,0.506453,0.326923
hgb_ind,taker,2e moitié (test final),0.0875,167,15.5225,0.0929494,0.592814,0.499865,0.377246
hgb_ind,taker,2e moitié (test final),0.09,158,12.0644,0.0763572,0.575949,0.499592,0.348101
hgb_ind,taker,2e moitié (test final),0.0925,121,7.81484,0.0645855,0.553719,0.489134,0.371901
hgb_ind,taker,2e moitié (test final),0.095,116,9.22137,0.0794946,0.568966,0.489471,0.353448
hgb_ind,taker,2e moitié (test final),0.0975,69,5.78223,0.0838004,0.550725,0.466924,0.550725
hgb_ind,taker,2e moitié (test final),0.1,66,6.2746,0.0950697,0.560606,0.465536,0.545455
logit_ind1s,taker,1re moitié (validation),0,13806,137.783,0.00997995,0.531073,0.521093,0.283138
logit_ind1s,taker,1re moitié (validation),0.0025,13343,147.126,0.0110265,0.532114,0.521088,0.287492
logit_ind1s,taker,1re moitié (validation),0.005,12886,149.436,0.0115968,0.532594,0.520997,0.280304
logit_ind1s,taker,1re moitié (validation),0.0075,12254,143.951,0.0117472,0.532806,0.521058,0.286029
logit_ind1s,taker,1re moitié (validation),0.01,11605,155.008,0.013357,0.534511,0.521154,0.27333
logit_ind1s,taker,1re moitié (validation),0.0125,10924,172.458,0.015787,0.536617,0.52083,0.2684
logit_ind1s,taker,1re moitié (validation),0.015,10406,171.864,0.0165158,0.53719,0.520674,0.265712
logit_ind1s,taker,1re moitié (validation),0.0175,9582,179.962,0.0187813,0.539553,0.520772,0.273116
logit_ind1s,taker,1re moitié (validation),0.02,8813,164.668,0.0186847,0.539317,0.520632,0.261999
logit_ind1s,taker,1re moitié (validation),0.0225,8055,150.867,0.0187296,0.539417,0.520687,0.268529
logit_ind1s,taker,1re moitié (validation),0.025,7478,147.043,0.0196634,0.540519,0.520855,0.264108
logit_ind1s,taker,1re moitié (validation),0.0275,7133,170.477,0.0238998,0.544932,0.521032,0.269171
logit_ind1s,taker,1re moitié (validation),0.03,6488,172.403,0.0265726,0.547318,0.520746,0.229501
logit_ind1s,taker,1re moitié (validation),0.0325,6125,168.458,0.0275033,0.548082,0.520578,0.233306
logit_ind1s,taker,1re moitié (validation),0.035,5678,162.52,0.0286227,0.549313,0.52069,0.210109
logit_ind1s,taker,1re moitié (validation),0.0375,5426,174.603,0.0321789,0.552893,0.520715,0.212311
logit_ind1s,taker,1re moitié (validation),0.04,4978,182.311,0.0366233,0.557252,0.520629,0.196866
logit_ind1s,taker,1re moitié (validation),0.0425,4473,165.769,0.0370599,0.557344,0.520284,0.208808
logit_ind1s,taker,1re moitié (validation),0.045,4372,163.802,0.0374662,0.557868,0.520402,0.204941
logit_ind1s,taker,1re moitié (validation),0.0475,3953,155.571,0.0393551,0.559575,0.52022,0.219327
logit_ind1s,taker,1re moitié (validation),0.05,3715,154.062,0.0414703,0.561507,0.520037,0.219381
logit_ind1s,taker,1re moitié (validation),0.0525,3187,145.088,0.0455248,0.56605,0.520525,0.243489
logit_ind1s,taker,1re moitié (validation),0.055,3099,140.9,0.0454662,0.565989,0.520523,0.247177
logit_ind1s,taker,1re moitié (validation),0.0575,2964,139.284,0.046992,0.567476,0.520484,0.237179
logit_ind1s,taker,1re moitié (validation),0.06,2670,118.49,0.0443781,0.564419,0.520041,0.258801
logit_ind1s,taker,1re moitié (validation),0.0625,2511,114.943,0.0457756,0.566308,0.520533,0.247312
logit_ind1s,taker,1re moitié (validation),0.065,2261,119.34,0.0527821,0.573198,0.520416,0.270234
logit_ind1s,taker,1re moitié (validation),0.0675,2176,115.377,0.0530226,0.573529,0.520507,0.255515
logit_ind1s,taker,1re moitié (validation),0.07,1850,98.0816,0.0530171,0.574595,0.521578,0.29027
logit_ind1s,taker,1re moitié (validation),0.0725,1777,92.1792,0.0518735,0.574001,0.522128,0.285875
logit_ind1s,taker,1re moitié (validation),0.075,1739,94.6697,0.0544391,0.576768,0.522329,0.286371
logit_ind1s,taker,1re moitié (validation),0.0775,1677,90.5139,0.0539737,0.576625,0.522651,0.284436
logit_ind1s,taker,1re moitié (validation),0.08,1609,87.1873,0.0541872,0.577377,0.52319,0.290864
logit_ind1s,taker,1re moitié (validation),0.0825,1573,82.6653,0.0525526,0.575969,0.523417,0.291799
logit_ind1s,taker,1re moitié (validation),0.085,1551,81.4234,0.0524974,0.575758,0.52326,0.286912
logit_ind1s,taker,1re moitié (validation),0.0875,1518,79.1486,0.0521401,0.575758,0.523618,0.286561
logit_ind1s,taker,1re moitié (validation),0.09,1482,79.587,0.0537024,0.577598,0.523895,0.288124
logit_ind1s,taker,1re moitié (validation),0.0925,1461,75.8153,0.0518928,0.576318,0.524425,0.288159
logit_ind1s,taker,1re moitié (validation),0.095,1428,75.4657,0.0528472,0.577031,0.524184,0.276611
logit_ind1s,taker,1re moitié (validation),0.0975,1411,74.3666,0.0527049,0.576896,0.524191,0.275691
logit_ind1s,taker,1re moitié (validation),0.1,1379,67.0653,0.0486333,0.572879,0.524246,0.272661
logit_ind1s,taker,2e moitié (test final),0,13415,138.877,0.0103524,0.532165,0.521813,0.293552
logit_ind1s,taker,2e moitié (test final),0.0025,13001,152.325,0.0117164,0.533421,0.521704,0.296516
logit_ind1s,taker,2e moitié (test final),0.005,12596,178.856,0.0141994,0.535805,0.521606,0.290171
logit_ind1s,taker,2e moitié (test final),0.0075,11984,180.969,0.0151009,0.536966,0.521865,0.297313
logit_ind1s,taker,2e moitié (test final),0.01,11383,173.764,0.0152652,0.537292,0.522027,0.280594
logit_ind1s,taker,2e moitié (test final),0.0125,10544,183.69,0.0174212,0.539074,0.521653,0.277314
logit_ind1s,taker,2e moitié (test final),0.015,9993,189.318,0.0189451,0.540378,0.521433,0.277494
logit_ind1s,taker,2e moitié (test final),0.0175,9106,181.805,0.0199654,0.541621,0.521655,0.287173
logit_ind1s,taker,2e moitié (test final),0.02,8306,148.336,0.0178589,0.539369,0.52151,0.273778
logit_ind1s,taker,2e moitié (test final),0.0225,7672,157.09,0.0204757,0.542101,0.521625,0.279197
logit_ind1s,taker,2e moitié (test final),0.025,7136,146.259,0.0204959,0.542321,0.521825,0.275504
logit_ind1s,taker,2e moitié (test final),0.0275,6836,146.171,0.0213825,0.543593,0.52221,0.280866
logit_ind1s,taker,2e moitié (test final),0.03,6147,125.673,0.0204447,0.542378,0.521934,0.245486
logit_ind1s,taker,2e moitié (test final),0.0325,5777,125.105,0.0216557,0.543535,0.521879,0.249957
logit_ind1s,taker,2e moitié (test final),0.035,5319,118.13,0.022209,0.544275,0.522066,0.225982
logit_ind1s,taker,2e moitié (test final),0.0375,5112,114.878,0.0224722,0.544601,0.522129,0.228678
logit_ind1s,taker,2e moitié (test final),0.04,4710,108.651,0.0230682,0.545435,0.522367,0.210403
logit_ind1s,taker,2e moitié (test final),0.0425,4146,116.636,0.0281322,0.55041,0.522278,0.22986
logit_ind1s,taker,2e moitié (test final),0.045,4078,117.144,0.0287258,0.551005,0.52228,0.228543
logit_ind1s,taker,2e moitié (test final),0.0475,3585,95.2499,0.026569,0.548954,0.522385,0.250488
logit_ind1s,taker,2e moitié (test final),0.05,3349,87.5254,0.0261348,0.548522,0.522387,0.249328
logit_ind1s,taker,2e moitié (test final),0.0525,2896,78.0483,0.0269504,0.550069,0.523119,0.274171
logit_ind1s,taker,2e moitié (test final),0.055,2826,71.6404,0.0253505,0.548478,0.523128,0.276716
logit_ind1s,taker,2e moitié (test final),0.0575,2688,68.494,0.0254814,0.548735,0.523254,0.257812
logit_ind1s,taker,2e moitié (test final),0.06,2317,61.0508,0.0263491,0.549417,0.523068,0.291325
logit_ind1s,taker,2e moitié (test final),0.0625,2182,55.6853,0.0255203,0.549038,0.523517,0.280935
logit_ind1s,taker,2e moitié (test final),0.065,1926,59.1322,0.0307021,0.554517,0.523815,0.313603
logit_ind1s,taker,2e moitié (test final),0.0675,1835,53.887,0.0293662,0.553134,0.523767,0.298638
logit_ind1s,taker,2e moitié (test final),0.07,1599,60.9353,0.0381084,0.562852,0.524743,0.337711
logit_ind1s,taker,2e moitié (test final),0.0725,1554,57.9949,0.0373197,0.56242,0.5251,0.337194
logit_ind1s,taker,2e moitié (test final),0.075,1521,55.0901,0.0362197,0.561473,0.525253,0.335963
logit_ind1s,taker,2e moitié (test final),0.0775,1485,50.4459,0.0339703,0.559596,0.525626,0.3367
logit_ind1s,taker,2e moitié (test final),0.08,1422,50.4559,0.0354823,0.561885,0.526402,0.339662
logit_ind1s,taker,2e moitié (test final),0.0825,1404,49.423,0.0352015,0.561966,0.526764,0.342593
logit_ind1s,taker,2e moitié (test final),0.085,1368,51.0039,0.0372836,0.563596,0.526313,0.332602
logit_ind1s,taker,2e moitié (test final),0.0875,1346,52.3112,0.0388642,0.565379,0.526515,0.333581
logit_ind1s,taker,2e moitié (test final),0.09,1309,53.3566,0.0407613,0.567609,0.526848,0.336134
logit_ind1s,taker,2e moitié (test final),0.0925,1296,53.8614,0.0415597,0.568673,0.527113,0.339506
logit_ind1s,taker,2e moitié (test final),0.095,1265,53.3958,0.0422101,0.56917,0.52696,0.332016
logit_ind1s,taker,2e moitié (test final),0.0975,1258,53.0575,0.0421761,0.569157,0.526981,0.333068
logit_ind1s,taker,2e moitié (test final),0.1,1237,51.7689,0.0418503,0.569119,0.527268,0.329022
hgb_ind1s,taker,1re moitié (validation),0,15718,105.884,0.00673651,0.529457,0.52272,0.343364
hgb_ind1s,taker,1re moitié (validation),0.0025,14635,130.173,0.00889467,0.532149,0.523254,0.337957
hgb_ind1s,taker,1re moitié (validation),0.005,13967,141.547,0.0101344,0.533257,0.523123,0.329133
hgb_ind1s,taker,1re moitié (validation),0.0075,12958,158.085,0.0121998,0.535345,0.523145,0.327828
hgb_ind1s,taker,1re moitié (validation),0.01,12742,159.788,0.0125403,0.53563,0.52309,0.32436
hgb_ind1s,taker,1re moitié (validation),0.0125,11609,172.893,0.0148931,0.538375,0.523482,0.322681
hgb_ind1s,taker,1re moitié (validation),0.015,10817,194.662,0.0179959,0.541093,0.523097,0.294074
hgb_ind1s,taker,1re moitié (validation),0.0175,9765,193.822,0.0198486,0.543369,0.523521,0.299846
hgb_ind1s,taker,1re moitié (validation),0.02,9348,184.21,0.0197058,0.543111,0.523405,0.279525
hgb_ind1s,taker,1re moitié (validation),0.0225,8987,202.008,0.0224778,0.546233,0.523756,0.275843
hgb_ind1s,taker,1re moitié (validation),0.025,8403,206.782,0.0246081,0.548019,0.52341,0.257884
hgb_ind1s,taker,1re moitié (validation),0.0275,7962,216.573,0.0272009,0.550867,0.523666,0.262999
hgb_ind1s,taker,1re moitié (validation),0.03,7707,214.799,0.0278706,0.551317,0.523446,0.260542
hgb_ind1s,taker,1re moitié (validation),0.0325,7371,208.2,0.0282459,0.551893,0.523647,0.263872
hgb_ind1s,taker,1re moitié (validation),0.035,6471,190.135,0.0293826,0.55231,0.522928,0.256684
hgb_ind1s,taker,1re moitié (validation),0.0375,6118,173.344,0.0283334,0.551814,0.523481,0.262668
hgb_ind1s,taker,1re moitié (validation),0.04,5483,198.575,0.0362165,0.559548,0.523331,0.267189
hgb_ind1s,taker,1re moitié (validation),0.0425,5266,188.242,0.0357466,0.558678,0.522932,0.270794
hgb_ind1s,taker,1re moitié (validation),0.045,4606,181.791,0.0394683,0.562744,0.523276,0.282892
hgb_ind1s,taker,1re moitié (validation),0.0475,4413,185.215,0.0419703,0.565148,0.523178,0.27487
hgb_ind1s,taker,1re moitié (validation),0.05,4185,183.118,0.0437557,0.567025,0.523269,0.284349
hgb_ind1s,taker,1re moitié (validation),0.0525,3870,188.678,0.048754,0.571059,0.522305,0.297674
hgb_ind1s,taker,1re moitié (validation),0.055,3580,169.012,0.04721,0.569553,0.522343,0.311453
hgb_ind1s,taker,1re moitié (validation),0.0575,3332,166.749,0.0500447,0.572029,0.521984,0.306723
hgb_ind1s,taker,1re moitié (validation),0.06,3223,161.31,0.0500495,0.572138,0.522088,0.315545
hgb_ind1s,taker,1re moitié (validation),0.0625,2737,146.844,0.0536515,0.574717,0.521065,0.35148
hgb_ind1s,taker,1re moitié (validation),0.065,2584,144.722,0.0560071,0.577012,0.521005,0.368034
hgb_ind1s,taker,1re moitié (validation),0.0675,2203,134.821,0.0611989,0.581934,0.520735,0.409442
hgb_ind1s,taker,1re moitié (validation),0.07,2110,137.099,0.0649759,0.585308,0.520332,0.404265
hgb_ind1s,taker,1re moitié (validation),0.0725,1755,131.977,0.0752008,0.596011,0.520811,0.476923
hgb_ind1s,taker,1re moitié (validation),0.075,1653,137.945,0.0834512,0.604356,0.520905,0.489413
hgb_ind1s,taker,1re moitié (validation),0.0775,1566,139.127,0.0888423,0.609834,0.520992,0.502554
hgb_ind1s,taker,1re moitié (validation),0.08,1463,125.236,0.0856023,0.605605,0.520003,0.475735
hgb_ind1s,taker,1re moitié (validation),0.0825,1381,117.706,0.0852323,0.605358,0.520126,0.496017
hgb_ind1s,taker,1re moitié (validation),0.085,1333,114.589,0.0859634,0.606152,0.520188,0.489872
hgb_ind1s,taker,1re moitié (validation),0.0875,1252,110.193,0.0880132,0.607827,0.519814,0.496006
hgb_ind1s,taker,1re moitié (validation),0.09,1033,94.6277,0.0916048,0.609874,0.518269,0.391094
hgb_ind1s,taker,1re moitié (validation),0.0925,944,90.4969,0.0958654,0.613347,0.517482,0.404661
hgb_ind1s,taker,1re moitié (validation),0.095,819,83.4094,0.101843,0.619048,0.517205,0.319902
hgb_ind1s,taker,1re moitié (validation),0.0975,736,84.0936,0.114258,0.630435,0.516177,0.341033
hgb_ind1s,taker,1re moitié (validation),0.1,673,81.7061,0.121406,0.637444,0.516038,0.279346
hgb_ind1s,taker,2e moitié (test final),0,15659,122.331,0.00781221,0.531068,0.523256,0.370394
hgb_ind1s,taker,2e moitié (test final),0.0025,14537,140.208,0.00964493,0.533466,0.523821,0.362936
hgb_ind1s,taker,2e moitié (test final),0.005,13874,151.751,0.0109378,0.534669,0.523731,0.354764
hgb_ind1s,taker,2e moitié (test final),0.0075,12739,176.471,0.0138528,0.537562,0.523709,0.356464
hgb_ind1s,taker,2e moitié (test final),0.01,12524,179.462,0.0143295,0.538007,0.523678,0.354679
hgb_ind1s,taker,2e moitié (test final),0.0125,11367,178.24,0.0156805,0.539984,0.524304,0.356998
hgb_ind1s,taker,2e moitié (test final),0.015,10502,188.937,0.0179906,0.541992,0.524001,0.326033
hgb_ind1s,taker,2e moitié (test final),0.0175,9439,159.553,0.0169036,0.541477,0.524573,0.331391
hgb_ind1s,taker,2e moitié (test final),0.02,9013,163.883,0.018183,0.542661,0.524478,0.311661
hgb_ind1s,taker,2e moitié (test final),0.0225,8690,160.31,0.0184476,0.543498,0.525051,0.305639
hgb_ind1s,taker,2e moitié (test final),0.025,8034,162.752,0.0202579,0.545059,0.524801,0.28591
hgb_ind1s,taker,2e moitié (test final),0.0275,7575,166.771,0.022016,0.547063,0.525047,0.293861
hgb_ind1s,taker,2e moitié (test final),0.03,7328,178.465,0.0243538,0.549127,0.524773,0.294078
hgb_ind1s,taker,2e moitié (test final),0.0325,7007,174.714,0.0249342,0.550021,0.525087,0.300985
hgb_ind1s,taker,2e moitié (test final),0.035,6051,167.238,0.0276381,0.55214,0.524502,0.295654
hgb_ind1s,taker,2e moitié (test final),0.0375,5708,159.143,0.0278806,0.552733,0.524852,0.29993
hgb_ind1s,taker,2e moitié (test final),0.04,5065,145.38,0.0287028,0.553603,0.5249,0.30997
hgb_ind1s,taker,2e moitié (test final),0.0425,4855,149.89,0.0308733,0.55551,0.524637,0.315963
hgb_ind1s,taker,2e moitié (test final),0.045,4258,135.39,0.0317966,0.557069,0.525272,0.327149
hgb_ind1s,taker,2e moitié (test final),0.0475,4077,125.865,0.030872,0.556046,0.525174,0.317636
hgb_ind1s,taker,2e moitié (test final),0.05,3907,120.678,0.0308875,0.556181,0.525294,0.326337
hgb_ind1s,taker,2e moitié (test final),0.0525,3610,105.57,0.0292437,0.55374,0.524496,0.337673
hgb_ind1s,taker,2e moitié (test final),0.055,3338,100.162,0.0300067,0.554823,0.524817,0.353206
hgb_ind1s,taker,2e moitié (test final),0.0575,3172,96.8705,0.0305393,0.55517,0.524631,0.350883
hgb_ind1s,taker,2e moitié (test final),0.06,3089,103.262,0.0334288,0.558109,0.524681,0.35934
hgb_ind1s,taker,2e moitié (test final),0.0625,2597,87.1459,0.0335564,0.557566,0.52401,0.407778
hgb_ind1s,taker,2e moitié (test final),0.065,2471,85.9005,0.0347634,0.558883,0.52412,0.422906
hgb_ind1s,taker,2e moitié (test final),0.0675,2047,58.906,0.0287768,0.553004,0.524228,0.484123
hgb_ind1s,taker,2e moitié (test final),0.07,1951,57.2123,0.0293246,0.55305,0.523725,0.479754
hgb_ind1s,taker,2e moitié (test final),0.0725,1719,57.0289,0.0331756,0.557882,0.524707,0.538685
hgb_ind1s,taker,2e moitié (test final),0.075,1629,60.3652,0.0370566,0.561694,0.524638,0.554328
hgb_ind1s,taker,2e moitié (test final),0.0775,1566,58.2543,0.0371994,0.561941,0.524742,0.563218
hgb_ind1s,taker,2e moitié (test final),0.08,1467,57.0339,0.0388779,0.563054,0.524176,0.543286
hgb_ind1s,taker,2e moitié (test final),0.0825,1394,54.9526,0.0394208,0.563845,0.524424,0.563845
hgb_ind1s,taker,2e moitié (test final),0.085,1327,61.0634,0.0460162,0.57046,0.524444,0.553127
hgb_ind1s,taker,2e moitié (test final),0.0875,1243,60.3279,0.0485341,0.572808,0.524274,0.555109
hgb_ind1s,taker,2e moitié (test final),0.09,1031,51.1499,0.0496119,0.57323,0.523618,0.467507
hgb_ind1s,taker,2e moitié (test final),0.0925,952,50.348,0.0528866,0.57563,0.522744,0.478992
hgb_ind1s,taker,2e moitié (test final),0.095,826,50.0026,0.0605358,0.583535,0.522999,0.40678
hgb_ind1s,taker,2e moitié (test final),0.0975,737,47.753,0.0647938,0.587517,0.522723,0.438263
hgb_ind1s,taker,2e moitié (test final),0.1,645,41.2876,0.0640119,0.587597,0.523585,0.35814
logit_tw,taker,1re moitié (validation),0,15831,211.594,0.0133658,0.532563,0.519197,0.397385
logit_tw,taker,1re moitié (validation),0.0025,14507,269.254,0.0185603,0.537534,0.518973,0.408286
logit_tw,taker,1re moitié (validation),0.005,13944,282.126,0.0202328,0.539372,0.519139,0.410284
logit_tw,taker,1re moitié (validation),0.0075,12760,257.902,0.0202118,0.53942,0.519208,0.432759
logit_tw,taker,1re moitié (validation),0.01,12270,275.817,0.0224789,0.541565,0.519086,0.431459
logit_tw,taker,1re moitié (validation),0.0125,11524,267.739,0.0232332,0.542346,0.519113,0.439344
logit_tw,taker,1re moitié (validation),0.015,11137,260.312,0.0233736,0.542696,0.519322,0.443566
logit_tw,taker,1re moitié (validation),0.0175,10495,262.639,0.0250252,0.544354,0.519329,0.466984
logit_tw,taker,1re moitié (validation),0.02,10013,264.186,0.0263843,0.545591,0.519206,0.465195
logit_tw,taker,1re moitié (validation),0.0225,9382,273.689,0.0291717,0.548604,0.519432,0.48657
logit_tw,taker,1re moitié (validation),0.025,9061,271.188,0.0299292,0.549608,0.519679,0.490233
logit_tw,taker,1re moitié (validation),0.0275,8639,264.534,0.0306209,0.550411,0.51979,0.511981
logit_tw,taker,1re moitié (validation),0.03,8231,256.605,0.0311754,0.550723,0.519547,0.502612
logit_tw,taker,1re moitié (validation),0.0325,7723,259.768,0.0336356,0.553541,0.519906,0.530105
logit_tw,taker,1re moitié (validation),0.035,7529,257.055,0.0341419,0.554124,0.519982,0.52756
logit_tw,taker,1re moitié (validation),0.0375,7176,257.321,0.0358586,0.556159,0.520301,0.552118
logit_tw,taker,1re moitié (validation),0.04,6655,231.676,0.0348124,0.554621,0.519808,0.52592
logit_tw,taker,1re moitié (validation),0.0425,6519,227.791,0.0349426,0.554993,0.52005,0.535358
logit_tw,taker,1re moitié (validation),0.045,6275,214.2,0.0341354,0.554104,0.519968,0.519841
logit_tw,taker,1re moitié (validation),0.0475,6180,215.018,0.0347926,0.555016,0.520224,0.527184
logit_tw,taker,1re moitié (validation),0.05,5296,225.77,0.0426304,0.562122,0.519492,0.454305
logit_tw,taker,1re moitié (validation),0.0525,5254,227.631,0.0433252,0.563,0.519674,0.456033
logit_tw,taker,1re moitié (validation),0.055,4707,219.71,0.0466773,0.566178,0.519501,0.394731
logit_tw,taker,1re moitié (validation),0.0575,4672,216.107,0.0462557,0.565925,0.519669,0.397046
logit_tw,taker,1re moitié (validation),0.06,4166,202.756,0.0486693,0.568891,0.520222,0.331253
logit_tw,taker,1re moitié (validation),0.0625,4120,201.58,0.0489272,0.569175,0.520248,0.333495
logit_tw,taker,1re moitié (validation),0.065,3950,195.518,0.0494981,0.569873,0.520375,0.311392
logit_tw,taker,1re moitié (validation),0.0675,3912,198.797,0.0508172,0.571319,0.520502,0.313906
logit_tw,taker,1re moitié (validation),0.07,3680,196.89,0.0535028,0.574457,0.520954,0.283152
logit_tw,taker,1re moitié (validation),0.0725,3610,191.139,0.0529472,0.573684,0.520737,0.287812
logit_tw,taker,1re moitié (validation),0.075,3489,187.307,0.0536849,0.574663,0.520978,0.281743
logit_tw,taker,1re moitié (validation),0.0775,3448,187.026,0.0542418,0.575116,0.520874,0.284513
logit_tw,taker,1re moitié (validation),0.08,3313,186.52,0.0562993,0.577724,0.521425,0.272864
logit_tw,taker,1re moitié (validation),0.0825,3156,181.451,0.057494,0.578264,0.52077,0.286439
logit_tw,taker,1re moitié (validation),0.085,3115,179.728,0.0576974,0.578812,0.521115,0.280899
logit_tw,taker,1re moitié (validation),0.0875,3042,180.262,0.0592576,0.58021,0.520953,0.287311
logit_tw,taker,1re moitié (validation),0.09,2993,178.331,0.0595828,0.580688,0.521105,0.280321
logit_tw,taker,1re moitié (validation),0.0925,2683,166.22,0.0619529,0.582557,0.520604,0.311592
logit_tw,taker,1re moitié (validation),0.095,2648,167.024,0.0630755,0.583837,0.520761,0.308912
logit_tw,taker,1re moitié (validation),0.0975,2394,156.94,0.0655555,0.586048,0.520493,0.34127
logit_tw,taker,1re moitié (validation),0.1,2344,160.504,0.0684745,0.589164,0.520689,0.331911
logit_tw,taker,2e moitié (test final),0,15569,139.577,0.00896503,0.528036,0.519071,0.406384
logit_tw,taker,2e moitié (test final),0.0025,14140,114.462,0.00809488,0.526945,0.51885,0.418953
logit_tw,taker,2e moitié (test final),0.005,13551,127.064,0.00937675,0.528448,0.519071,0.422183
logit_tw,taker,2e moitié (test final),0.0075,12392,132.08,0.0106585,0.529777,0.519119,0.44214
logit_tw,taker,2e moitié (test final),0.01,11935,125.591,0.010523,0.529451,0.518928,0.439129
logit_tw,taker,2e moitié (test final),0.0125,11120,122.365,0.0110041,0.529946,0.518942,0.448651
logit_tw,taker,2e moitié (test final),0.015,10710,119.654,0.0111722,0.530439,0.519267,0.453595
logit_tw,taker,2e moitié (test final),0.0175,10072,101.566,0.010084,0.529388,0.519304,0.479647
logit_tw,taker,2e moitié (test final),0.02,9666,113.503,0.0117425,0.530726,0.518984,0.475274
logit_tw,taker,2e moitié (test final),0.0225,9067,102.239,0.011276,0.530495,0.519219,0.497408
logit_tw,taker,2e moitié (test final),0.025,8772,105.361,0.0120111,0.531578,0.519567,0.501596
logit_tw,taker,2e moitié (test final),0.0275,8372,114.188,0.0136392,0.533206,0.519567,0.524128
logit_tw,taker,2e moitié (test final),0.03,7931,109.512,0.0138081,0.532972,0.519164,0.513428
logit_tw,taker,2e moitié (test final),0.0325,7462,93.1643,0.0124852,0.531895,0.51941,0.541142
logit_tw,taker,2e moitié (test final),0.035,7266,94.259,0.0129726,0.532618,0.519645,0.540187
logit_tw,taker,2e moitié (test final),0.0375,6902,93.1344,0.0134938,0.533469,0.519975,0.568386
logit_tw,taker,2e moitié (test final),0.04,6440,77.1624,0.0119817,0.531522,0.51954,0.547671
logit_tw,taker,2e moitié (test final),0.0425,6334,74.3651,0.0117406,0.531576,0.519835,0.553836
logit_tw,taker,2e moitié (test final),0.045,6122,83.9744,0.0137168,0.533649,0.519932,0.543123
logit_tw,taker,2e moitié (test final),0.0475,6038,90.0659,0.0149165,0.535111,0.520194,0.550017
logit_tw,taker,2e moitié (test final),0.05,5133,74.0556,0.0144273,0.533996,0.519568,0.477693
logit_tw,taker,2e moitié (test final),0.0525,5062,81.7603,0.0161518,0.535954,0.519802,0.482616
logit_tw,taker,2e moitié (test final),0.055,4503,74.4393,0.016531,0.536309,0.519778,0.424606
logit_tw,taker,2e moitié (test final),0.0575,4459,76.7593,0.0172145,0.537116,0.519901,0.428123
logit_tw,taker,2e moitié (test final),0.06,3927,80.4878,0.020496,0.541126,0.52063,0.358289
logit_tw,taker,2e moitié (test final),0.0625,3864,77.9363,0.0201699,0.54089,0.52072,0.362578
logit_tw,taker,2e moitié (test final),0.065,3748,83.813,0.0223621,0.543223,0.520861,0.346852
logit_tw,taker,2e moitié (test final),0.0675,3724,85.3192,0.0229106,0.54377,0.52086,0.34855
logit_tw,taker,2e moitié (test final),0.07,3452,94.1341,0.0272694,0.548957,0.521688,0.311414
logit_tw,taker,2e moitié (test final),0.0725,3362,92.1707,0.0274154,0.54878,0.521365,0.319155
logit_tw,taker,2e moitié (test final),0.075,3254,95.8385,0.0294525,0.551014,0.521562,0.315304
logit_tw,taker,2e moitié (test final),0.0775,3211,88.9472,0.0277008,0.54905,0.521349,0.319527
logit_tw,taker,2e moitié (test final),0.08,3076,87.1382,0.0283284,0.55039,0.522062,0.308192
logit_tw,taker,2e moitié (test final),0.0825,2947,80.659,0.0273699,0.549033,0.521663,0.321683
logit_tw,taker,2e moitié (test final),0.085,2924,83.1642,0.0284419,0.550274,0.521832,0.318057
logit_tw,taker,2e moitié (test final),0.0875,2869,83.6337,0.0291508,0.550715,0.521564,0.324155
logit_tw,taker,2e moitié (test final),0.09,2798,88.3862,0.031589,0.55361,0.522021,0.313796
logit_tw,taker,2e moitié (test final),0.0925,2497,89.0223,0.0356517,0.557068,0.521417,0.350821
logit_tw,taker,2e moitié (test final),0.095,2479,88.4514,0.0356803,0.557079,0.521399,0.348931
logit_tw,taker,2e moitié (test final),0.0975,2149,80.6271,0.0375184,0.558399,0.520881,0.401582
logit_tw,taker,2e moitié (test final),0.1,2093,74.459,0.0355753,0.557095,0.52152,0.389393
hgb_tw,taker,1re moitié (validation),0,15099,145.047,0.00960639,0.528843,0.519237,0.422213
hgb_tw,taker,1re moitié (validation),0.0025,14255,160.089,0.0112304,0.530481,0.51925,0.402315
hgb_tw,taker,1re moitié (validation),0.005,13740,173.484,0.0126262,0.531951,0.519324,0.390684
hgb_tw,taker,1re moitié (validation),0.0075,13114,186.837,0.0142472,0.533323,0.519076,0.386991
hgb_tw,taker,1re moitié (validation),0.01,12496,186.536,0.0149277,0.533851,0.518923,0.371319
hgb_tw,taker,1re moitié (validation),0.0125,11794,198.328,0.016816,0.535866,0.51905,0.352637
hgb_tw,taker,1re moitié (validation),0.015,11354,189.738,0.0167111,0.535758,0.519047,0.334772
hgb_tw,taker,1re moitié (validation),0.0175,10401,189.978,0.0182653,0.536871,0.518606,0.348236
hgb_tw,taker,1re moitié (validation),0.02,10015,190.953,0.0190667,0.537494,0.518427,0.345482
hgb_tw,taker,1re moitié (validation),0.0225,9008,210.089,0.0233225,0.541852,0.518529,0.355906
hgb_tw,taker,1re moitié (validation),0.025,8728,209.319,0.0239825,0.542392,0.51841,0.348992
hgb_tw,taker,1re moitié (validation),0.0275,7734,192.584,0.024901,0.543574,0.518673,0.385441
hgb_tw,taker,1re moitié (validation),0.03,7334,176.504,0.0240665,0.542405,0.518339,0.39501
hgb_tw,taker,1re moitié (validation),0.0325,7076,190.584,0.0269338,0.545647,0.518713,0.390616
hgb_tw,taker,1re moitié (validation),0.035,6558,185.003,0.0282102,0.546356,0.518145,0.374962
hgb_tw,taker,1re moitié (validation),0.0375,6260,178.05,0.0284426,0.546965,0.518522,0.38147
hgb_tw,taker,1re moitié (validation),0.04,5650,188.837,0.0334225,0.551504,0.518082,0.379469
hgb_tw,taker,1re moitié (validation),0.0425,5540,187.279,0.0338048,0.552166,0.518361,0.376715
hgb_tw,taker,1re moitié (validation),0.045,5113,188.431,0.0368533,0.55486,0.518007,0.382945
hgb_tw,taker,1re moitié (validation),0.0475,4899,185.987,0.0379644,0.556032,0.518067,0.391508
hgb_tw,taker,1re moitié (validation),0.05,4374,190.531,0.0435599,0.561271,0.517711,0.415181
hgb_tw,taker,1re moitié (validation),0.0525,4209,194.499,0.0462103,0.564029,0.517819,0.423854
hgb_tw,taker,1re moitié (validation),0.055,3862,191.093,0.0494803,0.567323,0.517842,0.438115
hgb_tw,taker,1re moitié (validation),0.0575,3606,169.55,0.0470188,0.564892,0.517873,0.450915
hgb_tw,taker,1re moitié (validation),0.06,3221,178.501,0.0554179,0.573114,0.517696,0.434958
hgb_tw,taker,1re moitié (validation),0.0625,3159,172.867,0.0547219,0.57265,0.517928,0.432415
hgb_tw,taker,1re moitié (validation),0.065,2909,155.997,0.0536257,0.571674,0.518048,0.404263
hgb_tw,taker,1re moitié (validation),0.0675,2709,141.241,0.0521377,0.569952,0.517814,0.386859
hgb_tw,taker,1re moitié (validation),0.07,2518,145.249,0.0576842,0.575854,0.51817,0.367752
hgb_tw,taker,1re moitié (validation),0.0725,2424,141.966,0.0585666,0.576733,0.518166,0.349422
hgb_tw,taker,1re moitié (validation),0.075,2332,148.242,0.0635688,0.581904,0.518335,0.338336
hgb_tw,taker,1re moitié (validation),0.0775,2167,134.78,0.0621966,0.580065,0.517868,0.335487
hgb_tw,taker,1re moitié (validation),0.08,2061,121.826,0.0591099,0.576904,0.517794,0.341582
hgb_tw,taker,1re moitié (validation),0.0825,2007,122.928,0.0612497,0.578974,0.517724,0.344295
hgb_tw,taker,1re moitié (validation),0.085,1966,120.766,0.0614274,0.579349,0.517922,0.343845
hgb_tw,taker,1re moitié (validation),0.0875,1759,119.089,0.0677027,0.584991,0.517289,0.374076
hgb_tw,taker,1re moitié (validation),0.09,1649,111.39,0.0675501,0.584597,0.517047,0.39054
hgb_tw,taker,1re moitié (validation),0.0925,1482,104.165,0.0702868,0.587045,0.516758,0.432524
hgb_tw,taker,1re moitié (validation),0.095,1395,98.1207,0.0703374,0.587097,0.516759,0.453047
hgb_tw,taker,1re moitié (validation),0.0975,1208,99.6397,0.0824832,0.599338,0.516855,0.515728
hgb_tw,taker,1re moitié (validation),0.1,1085,86.8911,0.0800839,0.597235,0.517151,0.56682
hgb_tw,taker,2e moitié (test final),0,14889,42.6409,0.00286392,0.522601,0.519737,0.416683
hgb_tw,taker,2e moitié (test final),0.0025,14077,67.0723,0.00476467,0.524615,0.51985,0.397244
hgb_tw,taker,2e moitié (test final),0.005,13586,56.1307,0.00413151,0.524142,0.520011,0.38709
hgb_tw,taker,2e moitié (test final),0.0075,13013,55.477,0.0042632,0.524014,0.519751,0.38669
hgb_tw,taker,2e moitié (test final),0.01,12361,67.2097,0.00543724,0.524958,0.51952,0.370035
hgb_tw,taker,2e moitié (test final),0.0125,11758,64.8857,0.00551843,0.525174,0.519656,0.352696
hgb_tw,taker,2e moitié (test final),0.015,11293,57.2309,0.00506782,0.52475,0.519682,0.335606
hgb_tw,taker,2e moitié (test final),0.0175,10167,60.1758,0.00591874,0.525032,0.519113,0.357923
hgb_tw,taker,2e moitié (test final),0.02,9789,80.2859,0.00820165,0.527224,0.519023,0.354684
hgb_tw,taker,2e moitié (test final),0.0225,8712,84.3224,0.00967888,0.528811,0.519132,0.368343
hgb_tw,taker,2e moitié (test final),0.025,8409,81.143,0.00964954,0.5286,0.518951,0.361399
hgb_tw,taker,2e moitié (test final),0.0275,7431,86.1725,0.0115964,0.530884,0.519288,0.400619
hgb_tw,taker,2e moitié (test final),0.03,6996,100.379,0.0143481,0.533448,0.5191,0.412664
hgb_tw,taker,2e moitié (test final),0.0325,6801,114.132,0.0167817,0.536245,0.519463,0.40744
hgb_tw,taker,2e moitié (test final),0.035,6272,111.245,0.0177367,0.536671,0.518934,0.395568
hgb_tw,taker,2e moitié (test final),0.0375,5959,119.906,0.0201218,0.53952,0.519398,0.405941
hgb_tw,taker,2e moitié (test final),0.04,5407,140.772,0.0260352,0.545034,0.518999,0.40688
hgb_tw,taker,2e moitié (test final),0.0425,5291,136.944,0.0258825,0.545266,0.519383,0.400491
hgb_tw,taker,2e moitié (test final),0.045,4833,140.514,0.0290738,0.548107,0.519033,0.402442
hgb_tw,taker,2e moitié (test final),0.0475,4599,136.278,0.029632,0.548598,0.518965,0.410959
hgb_tw,taker,2e moitié (test final),0.05,4101,124.912,0.0304589,0.549134,0.518675,0.43721
hgb_tw,taker,2e moitié (test final),0.0525,3908,123.334,0.0315593,0.550409,0.51885,0.449335
hgb_tw,taker,2e moitié (test final),0.055,3549,112.857,0.0317998,0.550859,0.51906,0.467174
hgb_tw,taker,2e moitié (test final),0.0575,3319,99.386,0.0299446,0.548961,0.519016,0.483579
hgb_tw,taker,2e moitié (test final),0.06,2934,99.6473,0.0339629,0.552829,0.518866,0.466939
hgb_tw,taker,2e moitié (test final),0.0625,2875,103.534,0.036012,0.55513,0.519118,0.462261
hgb_tw,taker,2e moitié (test final),0.065,2644,92.5921,0.0350197,0.554463,0.519443,0.436838
hgb_tw,taker,2e moitié (test final),0.0675,2443,97.9032,0.040075,0.559149,0.519074,0.419975
hgb_tw,taker,2e moitié (test final),0.07,2239,88.9387,0.0397225,0.559178,0.519456,0.403752
hgb_tw,taker,2e moitié (test final),0.0725,2139,92.9618,0.0434604,0.56288,0.519419,0.381954
hgb_tw,taker,2e moitié (test final),0.075,2077,92.7169,0.0446398,0.564275,0.519636,0.376505
hgb_tw,taker,2e moitié (test final),0.0775,1941,97.7463,0.0503587,0.569809,0.519451,0.371458
hgb_tw,taker,2e moitié (test final),0.08,1836,95.033,0.0517609,0.571895,0.520135,0.376362
hgb_tw,taker,2e moitié (test final),0.0825,1782,100.963,0.0566573,0.57688,0.520223,0.376543
hgb_tw,taker,2e moitié (test final),0.085,1740,101.617,0.0584007,0.578736,0.520335,0.376437
hgb_tw,taker,2e moitié (test final),0.0875,1570,105.603,0.0672628,0.587261,0.519998,0.406369
hgb_tw,taker,2e moitié (test final),0.09,1447,88.4099,0.0610988,0.581202,0.520104,0.436766
hgb_tw,taker,2e moitié (test final),0.0925,1280,81.5944,0.0637456,0.583594,0.519848,0.490625
hgb_tw,taker,2e moitié (test final),0.095,1205,76.5355,0.0635149,0.583402,0.519888,0.511203
hgb_tw,taker,2e moitié (test final),0.0975,1047,81.5462,0.0778856,0.598854,0.520968,0.576886
hgb_tw,taker,2e moitié (test final),0.1,962,80.6859,0.0838731,0.606029,0.522156,0.619543
stack,taker,1re moitié (validation),0,10903,181.304,0.0166288,0.534348,0.51772,0.511144
stack,taker,1re moitié (validation),0.0025,9852,182.382,0.0185121,0.536033,0.517521,0.507207
stack,taker,1re moitié (validation),0.005,9360,189.272,0.0202214,0.537714,0.517492,0.520406
stack,taker,1re moitié (validation),0.0075,7160,218.982,0.0305841,0.546369,0.515785,0.509078
stack,taker,1re moitié (validation),0.01,7013,218.76,0.0311935,0.546984,0.515791,0.505062
stack,taker,1re moitié (validation),0.0125,5959,232.486,0.0390142,0.554455,0.515441,0.534821
stack,taker,1re moitié (validation),0.015,5392,217.347,0.0403092,0.555638,0.515329,0.504636
stack,taker,1re moitié (validation),0.0175,4479,193.238,0.0431431,0.557491,0.514347,0.561286
stack,taker,1re moitié (validation),0.02,3807,197.55,0.0518912,0.565537,0.513646,0.519569
stack,taker,1re moitié (validation),0.0225,3637,192.184,0.0528413,0.566126,0.513285,0.516635
stack,taker,1re moitié (validation),0.025,2985,175.966,0.05895,0.571524,0.512574,0.546064
stack,taker,1re moitié (validation),0.0275,2894,163.814,0.0566047,0.568763,0.512158,0.547685
stack,taker,1re moitié (validation),0.03,2325,156.423,0.0672788,0.579355,0.512076,0.625806
stack,taker,1re moitié (validation),0.0325,2061,161.509,0.0783645,0.58952,0.511155,0.610383
stack,taker,1re moitié (validation),0.035,1872,142.919,0.0763456,0.587607,0.511261,0.610577
stack,taker,1re moitié (validation),0.0375,1777,139.375,0.0784325,0.589758,0.511326,0.608329
stack,taker,1re moitié (validation),0.04,1658,139.301,0.0840175,0.595296,0.511278,0.620627
stack,taker,1re moitié (validation),0.0425,1378,123.172,0.0893847,0.600145,0.51076,0.615385
stack,taker,1re moitié (validation),0.045,1337,114.449,0.0856015,0.596111,0.510509,0.630516
stack,taker,1re moitié (validation),0.0475,1259,111.939,0.0889113,0.599682,0.510771,0.622716
stack,taker,1re moitié (validation),0.05,1177,101.392,0.0861443,0.596432,0.510287,0.632116
stack,taker,1re moitié (validation),0.0525,1099,106.372,0.0967894,0.606915,0.510126,0.627843
stack,taker,1re moitié (validation),0.055,840,93.4574,0.111259,0.617857,0.506598,0.535714
stack,taker,1re moitié (validation),0.0575,813,91.4434,0.112477,0.618696,0.50622,0.530135
stack,taker,1re moitié (validation),0.06,651,77.5189,0.119077,0.62212,0.503043,0.44086
stack,taker,1re moitié (validation),0.0625,638,76.8446,0.120446,0.623824,0.503378,0.440439
stack,taker,1re moitié (validation),0.065,591,69.2405,0.117158,0.620981,0.503823,0.428088
stack,taker,1re moitié (validation),0.0675,525,68.1392,0.129789,0.632381,0.502592,0.36
stack,taker,1re moitié (validation),0.07,473,57.59,0.121755,0.621564,0.49981,0.336152
stack,taker,1re moitié (validation),0.0725,458,57.885,0.126386,0.626638,0.500251,0.320961
stack,taker,1re moitié (validation),0.075,439,56.4358,0.128555,0.628702,0.500146,0.300683
stack,taker,1re moitié (validation),0.0775,401,52.4317,0.130752,0.630923,0.50017,0.27182
stack,taker,1re moitié (validation),0.08,373,48.0704,0.128875,0.627346,0.498471,0.217158
stack,taker,1re moitié (validation),0.0825,318,37.3256,0.117376,0.610063,0.492687,0.245283
stack,taker,1re moitié (validation),0.085,314,35.0334,0.111571,0.605096,0.493524,0.248408
stack,taker,1re moitié (validation),0.0875,270,35.0066,0.129654,0.618519,0.488865,0.225926
stack,taker,1re moitié (validation),0.09,260,32.7499,0.125961,0.615385,0.489424,0.2
stack,taker,1re moitié (validation),0.0925,176,27.517,0.156346,0.630682,0.474335,0.198864
stack,taker,1re moitié (validation),0.095,173,26.8126,0.154986,0.630058,0.475072,0.196532
stack,taker,1re moitié (validation),0.0975,171,25.8376,0.151097,0.625731,0.474634,0.187135
stack,taker,1re moitié (validation),0.1,124,20.1392,0.162413,0.620968,0.458555,0.217742
stack,taker,2e moitié (test final),0,10766,181.803,0.0168868,0.535018,0.518131,0.549508
stack,taker,2e moitié (test final),0.0025,9711,182.482,0.0187913,0.536814,0.518023,0.549892
stack,taker,2e moitié (test final),0.005,9175,164.746,0.017956,0.536022,0.518066,0.567193
stack,taker,2e moitié (test final),0.0075,7057,163.004,0.0230981,0.539464,0.516366,0.557461
stack,taker,2e moitié (test final),0.01,6905,163.477,0.0236752,0.540043,0.516368,0.555395
stack,taker,2e moitié (test final),0.0125,5919,133.181,0.0225007,0.538604,0.516104,0.576618
stack,taker,2e moitié (test final),0.015,5297,123.02,0.0232244,0.539362,0.516137,0.551255
stack,taker,2e moitié (test final),0.0175,4373,111.48,0.0254928,0.541047,0.515555,0.610336
stack,taker,2e moitié (test final),0.02,3635,91.6873,0.0252235,0.540303,0.515079,0.563411
stack,taker,2e moitié (test final),0.0225,3467,91.5068,0.0263936,0.541102,0.514708,0.561292
stack,taker,2e moitié (test final),0.025,2795,74.6211,0.0266981,0.540966,0.514268,0.612522
stack,taker,2e moitié (test final),0.0275,2704,80.2495,0.0296781,0.543639,0.513961,0.612426
stack,taker,2e moitié (test final),0.03,2272,82.9457,0.0365078,0.550616,0.514108,0.664613
stack,taker,2e moitié (test final),0.0325,1987,66.0787,0.0332555,0.546553,0.513297,0.65224
stack,taker,2e moitié (test final),0.035,1847,72.6704,0.0393451,0.552788,0.513443,0.649702
stack,taker,2e moitié (test final),0.0375,1740,75.727,0.0435213,0.556897,0.513375,0.662644
stack,taker,2e moitié (test final),0.04,1620,74.3891,0.0459192,0.559877,0.513957,0.674074
stack,taker,2e moitié (test final),0.0425,1371,69.7045,0.0508421,0.564551,0.513709,0.684172
stack,taker,2e moitié (test final),0.045,1339,67.1186,0.0501259,0.563854,0.513728,0.696042
stack,taker,2e moitié (test final),0.0475,1260,62.3279,0.0494666,0.563492,0.514025,0.692063
stack,taker,2e moitié (test final),0.05,1173,68.3296,0.058252,0.572038,0.513785,0.6948
stack,taker,2e moitié (test final),0.0525,1099,64.67,0.0588444,0.572338,0.513494,0.684258
stack,taker,2e moitié (test final),0.055,851,55.9083,0.0656971,0.576968,0.511271,0.609871
stack,taker,2e moitié (test final),0.0575,811,49.2258,0.0606977,0.5709,0.510202,0.595561
stack,taker,2e moitié (test final),0.06,638,39.482,0.061884,0.568966,0.507082,0.53605
stack,taker,2e moitié (test final),0.0625,630,41.2801,0.0655239,0.573016,0.507492,0.536508
stack,taker,2e moitié (test final),0.065,581,41.9475,0.0721988,0.580034,0.507836,0.531842
stack,taker,2e moitié (test final),0.0675,484,36.8487,0.0761337,0.582645,0.506511,0.442149
stack,taker,2e moitié (test final),0.07,420,28.6131,0.0681265,0.571429,0.503302,0.435714
stack,taker,2e moitié (test final),0.0725,408,28.4114,0.0696357,0.573529,0.503894,0.42402
stack,taker,2e moitié (test final),0.075,394,29.495,0.0748605,0.57868,0.50382,0.408629
stack,taker,2e moitié (test final),0.0775,350,25.4045,0.0725843,0.577143,0.504559,0.38
stack,taker,2e moitié (test final),0.08,307,21.0465,0.0685554,0.570033,0.501477,0.29316
stack,taker,2e moitié (test final),0.0825,262,19.4845,0.0743682,0.572519,0.498151,0.320611
stack,taker,2e moitié (test final),0.085,261,19.9114,0.0762889,0.574713,0.498424,0.321839
stack,taker,2e moitié (test final),0.0875,220,17.4281,0.0792186,0.572727,0.493509,0.281818
stack,taker,2e moitié (test final),0.09,210,18.2216,0.0867694,0.580952,0.494183,0.257143
stack,taker,2e moitié (test final),0.0925,134,12.02,0.0897014,0.567164,0.477463,0.291045
stack,taker,2e moitié (test final),0.095,133,12.4368,0.0935097,0.571429,0.477919,0.293233
stack,taker,2e moitié (test final),0.0975,131,12.3458,0.0942426,0.572519,0.478276,0.282443
stack,taker,2e moitié (test final),0.1,72,7.54527,0.104795,0.555556,0.45076,0.416667
logit_ind,maker,1re moitié (validation),0,24150,395.995,0.0163973,0.511139,0.494741,0.490973
logit_ind,maker,1re moitié (validation),0.0025,24150,395.995,0.0163973,0.511139,0.494741,0.490973
logit_ind,maker,1re moitié (validation),0.005,24150,395.995,0.0163973,0.511139,0.494741,0.490973
logit_ind,maker,1re moitié (validation),0.0075,22697,406.245,0.0178986,0.512887,0.494989,0.495528
logit_ind,maker,1re moitié (validation),0.01,19826,414.185,0.020891,0.515283,0.494392,0.445223
logit_ind,maker,1re moitié (validation),0.0125,18557,431.235,0.0232384,0.518079,0.494841,0.455246
logit_ind,maker,1re moitié (validation),0.015,16247,393.225,0.0242029,0.518865,0.494662,0.421862
logit_ind,maker,1re moitié (validation),0.0175,15461,364.195,0.0235557,0.518466,0.49491,0.417631
logit_ind,maker,1re moitié (validation),0.02,13350,393.815,0.0294993,0.524345,0.494845,0.382022
logit_ind,maker,1re moitié (validation),0.0225,12699,390.645,0.0307619,0.526183,0.495421,0.392393
logit_ind,maker,1re moitié (validation),0.025,11441,368.495,0.0322083,0.527838,0.49563,0.390088
logit_ind,maker,1re moitié (validation),0.0275,10914,367.88,0.0337072,0.529229,0.495521,0.388583
logit_ind,maker,1re moitié (validation),0.03,9716,354.56,0.0364924,0.5317,0.495208,0.375051
logit_ind,maker,1re moitié (validation),0.0325,9294,340.375,0.0366231,0.532279,0.495656,0.382182
logit_ind,maker,1re moitié (validation),0.035,8300,345.48,0.0416241,0.537229,0.495605,0.375904
logit_ind,maker,1re moitié (validation),0.0375,7605,306.72,0.0403314,0.535832,0.4955,0.366338
logit_ind,maker,1re moitié (validation),0.04,6322,279.96,0.0442835,0.539544,0.495261,0.381683
logit_ind,maker,1re moitié (validation),0.0425,5929,263.465,0.0444367,0.540057,0.495621,0.384382
logit_ind,maker,1re moitié (validation),0.045,5173,242.385,0.0468558,0.542818,0.495963,0.41272
logit_ind,maker,1re moitié (validation),0.0475,4695,219.63,0.0467796,0.542705,0.495925,0.401491
logit_ind,maker,1re moitié (validation),0.05,3993,187.35,0.0469196,0.54295,0.496031,0.423241
logit_ind,maker,1re moitié (validation),0.0525,3837,169.5,0.0441751,0.540266,0.496091,0.411519
logit_ind,maker,1re moitié (validation),0.055,3639,162.66,0.0446991,0.540533,0.495834,0.416048
logit_ind,maker,1re moitié (validation),0.0575,3098,150.84,0.0486895,0.544222,0.495533,0.336023
logit_ind,maker,1re moitié (validation),0.06,2785,140.87,0.0505817,0.54614,0.495558,0.32316
logit_ind,maker,1re moitié (validation),0.0625,2562,116.345,0.0454118,0.541374,0.495962,0.276737
logit_ind,maker,1re moitié (validation),0.065,2351,108.595,0.046191,0.541472,0.495281,0.283284
logit_ind,maker,1re moitié (validation),0.0675,2178,106.54,0.0489164,0.544536,0.49562,0.242424
logit_ind,maker,1re moitié (validation),0.07,2034,97.045,0.0477114,0.543756,0.496045,0.233038
logit_ind,maker,1re moitié (validation),0.0725,1983,85.895,0.0433157,0.539586,0.496271,0.223903
logit_ind,maker,1re moitié (validation),0.075,1733,76.245,0.043996,0.538373,0.494377,0.25101
logit_ind,maker,1re moitié (validation),0.0775,1653,73.91,0.0447126,0.538415,0.493702,0.228675
logit_ind,maker,1re moitié (validation),0.08,1509,80.6,0.0534129,0.54672,0.493307,0.235255
logit_ind,maker,1re moitié (validation),0.0825,1478,80.135,0.0542185,0.547361,0.493143,0.229364
logit_ind,maker,1re moitié (validation),0.085,1116,61.935,0.0554973,0.545699,0.490202,0.296595
logit_ind,maker,1re moitié (validation),0.0875,1045,51.19,0.0489856,0.537799,0.488813,0.276555
logit_ind,maker,1re moitié (validation),0.09,876,48.02,0.0548174,0.542237,0.48742,0.321918
logit_ind,maker,1re moitié (validation),0.0925,841,48.72,0.057931,0.54459,0.486659,0.311534
logit_ind,maker,1re moitié (validation),0.095,615,38.365,0.0623821,0.546341,0.483959,0.421138
logit_ind,maker,1re moitié (validation),0.0975,532,30.27,0.0568985,0.537594,0.480695,0.383459
logit_ind,maker,1re moitié (validation),0.1,461,29.295,0.0635466,0.542299,0.478753,0.440347
logit_ind,maker,2e moitié (test final),0,24173,353.867,0.0146389,0.50966,0.495021,0.512183
logit_ind,maker,2e moitié (test final),0.0025,24173,353.867,0.0146389,0.50966,0.495021,0.512183
logit_ind,maker,2e moitié (test final),0.005,24173,353.867,0.0146389,0.50966,0.495021,0.512183
logit_ind,maker,2e moitié (test final),0.0075,22774,369.387,0.0162197,0.51146,0.495241,0.514666
logit_ind,maker,2e moitié (test final),0.01,19682,416.367,0.0211547,0.515649,0.494494,0.461488
logit_ind,maker,2e moitié (test final),0.0125,18346,422.007,0.0230027,0.518042,0.495039,0.472365
logit_ind,maker,2e moitié (test final),0.015,15782,391.752,0.0248227,0.519769,0.494947,0.439044
logit_ind,maker,2e moitié (test final),0.0175,14957,377.837,0.0252615,0.520425,0.495164,0.436117
logit_ind,maker,2e moitié (test final),0.02,12690,370.242,0.0291759,0.524271,0.495095,0.393065
logit_ind,maker,2e moitié (test final),0.0225,12030,360.267,0.0299474,0.525769,0.495822,0.403159
logit_ind,maker,2e moitié (test final),0.025,10971,325.127,0.0296351,0.525567,0.495932,0.398596
logit_ind,maker,2e moitié (test final),0.0275,10428,304.037,0.0291558,0.525029,0.495873,0.394707
logit_ind,maker,2e moitié (test final),0.03,9223,292.852,0.0317524,0.527377,0.495625,0.382305
logit_ind,maker,2e moitié (test final),0.0325,8755,309.122,0.0353081,0.531468,0.49616,0.392461
logit_ind,maker,2e moitié (test final),0.035,7820,294.547,0.0376659,0.53376,0.496094,0.390281
logit_ind,maker,2e moitié (test final),0.0375,7060,282.62,0.0400312,0.535836,0.495805,0.381445
logit_ind,maker,2e moitié (test final),0.04,5675,227.835,0.0401471,0.535859,0.495712,0.397885
logit_ind,maker,2e moitié (test final),0.0425,5283,220.025,0.0416477,0.537952,0.496304,0.401287
logit_ind,maker,2e moitié (test final),0.045,4475,201.685,0.0450693,0.541676,0.496607,0.444246
logit_ind,maker,2e moitié (test final),0.0475,3989,184.155,0.0461657,0.542492,0.496326,0.423414
logit_ind,maker,2e moitié (test final),0.05,3360,164.23,0.048878,0.545536,0.496658,0.441964
logit_ind,maker,2e moitié (test final),0.0525,3208,166.905,0.0520277,0.54894,0.496912,0.430175
logit_ind,maker,2e moitié (test final),0.055,2991,149.295,0.0499147,0.546306,0.496391,0.437981
logit_ind,maker,2e moitié (test final),0.0575,2520,110.225,0.0437401,0.539683,0.495942,0.355556
logit_ind,maker,2e moitié (test final),0.06,2261,107.535,0.0475608,0.544007,0.496446,0.339673
logit_ind,maker,2e moitié (test final),0.0625,2049,110.08,0.0537238,0.551,0.497277,0.288433
logit_ind,maker,2e moitié (test final),0.065,1890,110.97,0.0587143,0.555026,0.496312,0.298942
logit_ind,maker,2e moitié (test final),0.0675,1732,94.945,0.0548181,0.550808,0.49599,0.249423
logit_ind,maker,2e moitié (test final),0.07,1589,86.255,0.0542826,0.550661,0.496378,0.231592
logit_ind,maker,2e moitié (test final),0.0725,1553,86.425,0.0556504,0.552479,0.496829,0.226014
logit_ind,maker,2e moitié (test final),0.075,1331,76.37,0.0573779,0.552216,0.494838,0.254696
logit_ind,maker,2e moitié (test final),0.0775,1263,73.195,0.0579533,0.552652,0.494699,0.229612
logit_ind,maker,2e moitié (test final),0.08,1164,73.735,0.0633462,0.55756,0.494214,0.232818
logit_ind,maker,2e moitié (test final),0.0825,1139,73.62,0.0646356,0.558385,0.493749,0.223881
logit_ind,maker,2e moitié (test final),0.085,823,58.13,0.0706318,0.561361,0.490729,0.304982
logit_ind,maker,2e moitié (test final),0.0875,745,52.79,0.0708591,0.559732,0.488872,0.261745
logit_ind,maker,2e moitié (test final),0.09,568,39.445,0.0694454,0.556338,0.486893,0.330986
logit_ind,maker,2e moitié (test final),0.0925,552,36.31,0.065779,0.552536,0.486757,0.326087
logit_ind,maker,2e moitié (test final),0.095,398,35.59,0.0894221,0.572864,0.483442,0.449749
logit_ind,maker,2e moitié (test final),0.0975,341,28.275,0.0829179,0.56305,0.480132,0.428152
logit_ind,maker,2e moitié (test final),0.1,265,19.855,0.0749245,0.550943,0.476019,0.54717
hgb_ind,maker,1re moitié (validation),0,24150,471.835,0.0195377,0.514907,0.495369,0.394948
hgb_ind,maker,1re moitié (validation),0.0025,24150,471.835,0.0195377,0.514907,0.495369,0.394948
hgb_ind,maker,1re moitié (validation),0.005,24150,471.835,0.0195377,0.514907,0.495369,0.394948
hgb_ind,maker,1re moitié (validation),0.0075,21641,455.52,0.0210489,0.516935,0.495887,0.399843
hgb_ind,maker,1re moitié (validation),0.01,19269,441.575,0.0229163,0.518553,0.495637,0.378068
hgb_ind,maker,1re moitié (validation),0.0125,17936,432.79,0.0241297,0.520071,0.495942,0.383586
hgb_ind,maker,1re moitié (validation),0.015,15077,350.565,0.0232516,0.519334,0.496082,0.367447
hgb_ind,maker,1re moitié (validation),0.0175,13832,331.67,0.0239785,0.520821,0.496843,0.376012
hgb_ind,maker,1re moitié (validation),0.02,12206,282.705,0.0231612,0.520072,0.496911,0.371129
hgb_ind,maker,1re moitié (validation),0.0225,11688,282.975,0.0242107,0.521304,0.497093,0.357888
hgb_ind,maker,1re moitié (validation),0.025,10207,290.235,0.0284349,0.526305,0.497871,0.368179
hgb_ind,maker,1re moitié (validation),0.0275,9717,291.465,0.0299954,0.528455,0.49846,0.369147
hgb_ind,maker,1re moitié (validation),0.03,8854,247.99,0.0280088,0.526655,0.498646,0.376892
hgb_ind,maker,1re moitié (validation),0.0325,8502,256.455,0.0301641,0.528934,0.49877,0.364855
hgb_ind,maker,1re moitié (validation),0.035,7860,252.895,0.0321749,0.53117,0.498996,0.351908
hgb_ind,maker,1re moitié (validation),0.0375,7521,239.64,0.0318628,0.531179,0.499317,0.350086
hgb_ind,maker,1re moitié (validation),0.04,6816,222.43,0.0326335,0.531543,0.49891,0.346244
hgb_ind,maker,1re moitié (validation),0.0425,6453,217.405,0.0336905,0.532466,0.498775,0.320936
hgb_ind,maker,1re moitié (validation),0.045,5934,219.575,0.0370029,0.535726,0.498723,0.32457
hgb_ind,maker,1re moitié (validation),0.0475,5692,214.36,0.0376599,0.536367,0.498707,0.317639
hgb_ind,maker,1re moitié (validation),0.05,5055,200.565,0.0396766,0.538279,0.498602,0.323244
hgb_ind,maker,1re moitié (validation),0.0525,4539,184.06,0.0405508,0.539106,0.498555,0.262393
hgb_ind,maker,1re moitié (validation),0.055,4058,169.885,0.0418642,0.539921,0.498057,0.272302
hgb_ind,maker,1re moitié (validation),0.0575,3761,157.425,0.0418572,0.53975,0.497893,0.241957
hgb_ind,maker,1re moitié (validation),0.06,3380,165.315,0.0489098,0.54645,0.49754,0.244675
hgb_ind,maker,1re moitié (validation),0.0625,3165,154.13,0.0486983,0.545972,0.497273,0.229068
hgb_ind,maker,1re moitié (validation),0.065,2687,148.04,0.0550949,0.551544,0.49645,0.240045
hgb_ind,maker,1re moitié (validation),0.0675,2498,135.55,0.0542634,0.55004,0.495777,0.2506
hgb_ind,maker,1re moitié (validation),0.07,2123,123.105,0.0579863,0.552991,0.495005,0.248234
hgb_ind,maker,1re moitié (validation),0.0725,1930,117.34,0.0607979,0.554922,0.494124,0.258031
hgb_ind,maker,1re moitié (validation),0.075,1573,86.515,0.055,0.548633,0.493633,0.267006
hgb_ind,maker,1re moitié (validation),0.0775,1361,73.745,0.0541844,0.546657,0.492472,0.290228
hgb_ind,maker,1re moitié (validation),0.08,1185,77.76,0.0656203,0.556962,0.491342,0.291983
hgb_ind,maker,1re moitié (validation),0.0825,1012,71.1,0.0702569,0.561265,0.491008,0.318182
hgb_ind,maker,1re moitié (validation),0.085,874,60.525,0.0692506,0.559497,0.490246,0.298627
hgb_ind,maker,1re moitié (validation),0.0875,738,54.925,0.0744241,0.563686,0.489262,0.306233
hgb_ind,maker,1re moitié (validation),0.09,662,52.01,0.078565,0.566465,0.4879,0.311178
hgb_ind,maker,1re moitié (validation),0.0925,594,46.05,0.0775253,0.565657,0.488131,0.311448
hgb_ind,maker,1re moitié (validation),0.095,532,44.855,0.0843139,0.571429,0.487115,0.332707
hgb_ind,maker,1re moitié (validation),0.0975,469,35.285,0.0752345,0.560768,0.485533,0.26226
hgb_ind,maker,1re moitié (validation),0.1,435,35.47,0.0815402,0.565517,0.483977,0.271264
hgb_ind,maker,2e moitié (test final),0,24173,390.787,0.0161663,0.511852,0.495686,0.427419
hgb_ind,maker,2e moitié (test final),0.0025,24173,390.787,0.0161663,0.511852,0.495686,0.427419
hgb_ind,maker,2e moitié (test final),0.005,24173,390.787,0.0161663,0.511852,0.495686,0.427419
hgb_ind,maker,2e moitié (test final),0.0075,21463,408.657,0.0190401,0.515352,0.496312,0.43801
hgb_ind,maker,2e moitié (test final),0.01,19143,392.552,0.0205063,0.516586,0.496079,0.419892
hgb_ind,maker,2e moitié (test final),0.0125,17767,360.852,0.0203102,0.516745,0.496434,0.428266
hgb_ind,maker,2e moitié (test final),0.015,14672,369.772,0.0252026,0.521878,0.496676,0.409147
hgb_ind,maker,2e moitié (test final),0.0175,13389,354.995,0.0265139,0.524162,0.497648,0.416909
hgb_ind,maker,2e moitié (test final),0.02,11562,325.475,0.0281504,0.526034,0.497883,0.414029
hgb_ind,maker,2e moitié (test final),0.0225,11057,311.83,0.028202,0.526273,0.498071,0.403726
hgb_ind,maker,2e moitié (test final),0.025,9674,332.875,0.0344092,0.533285,0.498876,0.415443
hgb_ind,maker,2e moitié (test final),0.0275,9182,331.885,0.0361452,0.535613,0.499468,0.41712
hgb_ind,maker,2e moitié (test final),0.03,8443,308.385,0.0365255,0.536065,0.49954,0.425915
hgb_ind,maker,2e moitié (test final),0.0325,8032,270.015,0.0336174,0.533242,0.499625,0.414965
hgb_ind,maker,2e moitié (test final),0.035,7402,254.395,0.0343684,0.53418,0.499812,0.402864
hgb_ind,maker,2e moitié (test final),0.0375,7100,256.69,0.0361535,0.536479,0.500325,0.401268
hgb_ind,maker,2e moitié (test final),0.04,6298,249.975,0.0396912,0.539695,0.500004,0.399016
hgb_ind,maker,2e moitié (test final),0.0425,5919,233.36,0.0394256,0.53928,0.499855,0.373881
hgb_ind,maker,2e moitié (test final),0.045,5394,239.55,0.0444105,0.544308,0.499898,0.382462
hgb_ind,maker,2e moitié (test final),0.0475,5171,241.42,0.0466873,0.546703,0.500015,0.374589
hgb_ind,maker,2e moitié (test final),0.05,4620,228.525,0.0494643,0.549351,0.499886,0.385931
hgb_ind,maker,2e moitié (test final),0.0525,4097,194.84,0.0475567,0.547474,0.499917,0.320478
hgb_ind,maker,2e moitié (test final),0.055,3606,180.58,0.0500776,0.549362,0.499285,0.345535
hgb_ind,maker,2e moitié (test final),0.0575,3270,165.04,0.0504709,0.549847,0.499376,0.307645
hgb_ind,maker,2e moitié (test final),0.06,2952,162.55,0.0550644,0.554201,0.499136,0.303862
hgb_ind,maker,2e moitié (test final),0.0625,2752,155.205,0.0563972,0.555596,0.499199,0.28452
hgb_ind,maker,2e moitié (test final),0.065,2326,131.295,0.0564467,0.55503,0.498583,0.305245
hgb_ind,maker,2e moitié (test final),0.0675,2154,122.25,0.0567549,0.554782,0.498027,0.318477
hgb_ind,maker,2e moitié (test final),0.07,1828,90.13,0.0493053,0.547046,0.497741,0.319475
hgb_ind,maker,2e moitié (test final),0.0725,1653,86.845,0.0525378,0.549909,0.497371,0.334543
hgb_ind,maker,2e moitié (test final),0.075,1368,88.135,0.0644262,0.561404,0.496977,0.339912
hgb_ind,maker,2e moitié (test final),0.0775,1174,81.175,0.069144,0.565588,0.496444,0.377342
hgb_ind,maker,2e moitié (test final),0.08,1020,65.685,0.0643971,0.559804,0.495407,0.401961
hgb_ind,maker,2e moitié (test final),0.0825,839,62.75,0.0747914,0.569726,0.494934,0.457688
hgb_ind,maker,2e moitié (test final),0.085,694,59.3,0.0854467,0.579251,0.493804,0.459654
hgb_ind,maker,2e moitié (test final),0.0875,553,59.045,0.106772,0.598553,0.491781,0.470163
hgb_ind,maker,2e moitié (test final),0.09,497,54.31,0.109276,0.599598,0.490322,0.470825
hgb_ind,maker,2e moitié (test final),0.0925,466,52.535,0.112736,0.603004,0.490268,0.469957
hgb_ind,maker,2e moitié (test final),0.095,426,47.525,0.111561,0.600939,0.489378,0.483568
hgb_ind,maker,2e moitié (test final),0.0975,375,43.075,0.114867,0.602667,0.4878,0.424
hgb_ind,maker,2e moitié (test final),0.1,349,37.27,0.106791,0.593123,0.486332,0.446991
logit_ind1s,maker,1re moitié (validation),0,24150,586.465,0.0242843,0.517723,0.493438,0.356025
logit_ind1s,maker,1re moitié (validation),0.0025,24150,586.465,0.0242843,0.517723,0.493438,0.356025
logit_ind1s,maker,1re moitié (validation),0.005,24150,586.465,0.0242843,0.517723,0.493438,0.356025
logit_ind1s,maker,1re moitié (validation),0.0075,22750,608.98,0.0267684,0.520088,0.49332,0.318813
logit_ind1s,maker,1re moitié (validation),0.01,21386,639.815,0.0299175,0.523052,0.493135,0.33737
logit_ind1s,maker,1re moitié (validation),0.0125,20823,612.295,0.0294047,0.522547,0.493142,0.322096
logit_ind1s,maker,1re moitié (validation),0.015,18906,595.775,0.0315125,0.52486,0.493347,0.352904
logit_ind1s,maker,1re moitié (validation),0.0175,17507,568.415,0.0324679,0.525618,0.49315,0.307705
logit_ind1s,maker,1re moitié (validation),0.02,16578,564.825,0.0340708,0.527265,0.493194,0.322114
logit_ind1s,maker,1re moitié (validation),0.0225,15779,552.34,0.0350048,0.528107,0.493102,0.295139
logit_ind1s,maker,1re moitié (validation),0.025,14772,543.175,0.0367706,0.53026,0.493489,0.313499
logit_ind1s,maker,1re moitié (validation),0.0275,13806,517.045,0.0374507,0.531073,0.493623,0.283138
logit_ind1s,maker,1re moitié (validation),0.03,13342,514.14,0.0385355,0.532154,0.493619,0.287513
logit_ind1s,maker,1re moitié (validation),0.0325,12886,503.425,0.0390676,0.532594,0.493526,0.280304
logit_ind1s,maker,1re moitié (validation),0.035,12253,481.31,0.039281,0.532849,0.493568,0.285971
logit_ind1s,maker,1re moitié (validation),0.0375,11605,473.81,0.0408281,0.534511,0.493683,0.27333
logit_ind1s,maker,1re moitié (validation),0.04,10918,471.305,0.0431677,0.536545,0.493377,0.268364
logit_ind1s,maker,1re moitié (validation),0.0425,10406,457.715,0.0439857,0.53719,0.493204,0.265712
logit_ind1s,maker,1re moitié (validation),0.045,9582,443.17,0.0462503,0.539553,0.493303,0.273116
logit_ind1s,maker,1re moitié (validation),0.0475,8797,406.91,0.0462555,0.539502,0.493247,0.260771
logit_ind1s,maker,1re moitié (validation),0.05,8054,372.555,0.0462571,0.539483,0.493226,0.268438
logit_ind1s,maker,1re moitié (validation),0.0525,7474,353.035,0.0472351,0.540674,0.493439,0.263714
logit_ind1s,maker,1re moitié (validation),0.055,7133,366.38,0.0513641,0.544932,0.493568,0.269171
logit_ind1s,maker,1re moitié (validation),0.0575,6473,349.625,0.0540128,0.547351,0.493338,0.227715
logit_ind1s,maker,1re moitié (validation),0.06,6124,336.105,0.0548832,0.548008,0.493125,0.233344
logit_ind1s,maker,1re moitié (validation),0.0625,5675,317.855,0.0560097,0.549251,0.493241,0.209692
logit_ind1s,maker,1re moitié (validation),0.065,5426,323.605,0.0596397,0.552893,0.493254,0.212311
logit_ind1s,maker,1re moitié (validation),0.0675,4971,318.12,0.0639952,0.557232,0.493237,0.195735
logit_ind1s,maker,1re moitié (validation),0.07,4473,288.58,0.064516,0.557344,0.492828,0.208808
logit_ind1s,maker,1re moitié (validation),0.0725,4370,282.91,0.0647391,0.557666,0.492927,0.204577
logit_ind1s,maker,1re moitié (validation),0.075,3952,263.355,0.0666384,0.559464,0.492825,0.219383
logit_ind1s,maker,1re moitié (validation),0.0775,3709,254.6,0.0686438,0.561337,0.492693,0.218657
logit_ind1s,maker,1re moitié (validation),0.08,3187,232.56,0.0729714,0.56605,0.493078,0.243489
logit_ind1s,maker,1re moitié (validation),0.0825,3096,225.53,0.0728456,0.565891,0.493046,0.246447
logit_ind1s,maker,1re moitié (validation),0.085,2964,220.63,0.0744366,0.567476,0.49304,0.237179
logit_ind1s,maker,1re moitié (validation),0.0875,2664,192.645,0.0723142,0.56494,0.492626,0.257132
logit_ind1s,maker,1re moitié (validation),0.09,2509,183.86,0.0732802,0.566361,0.493081,0.247509
logit_ind1s,maker,1re moitié (validation),0.0925,2259,181.275,0.0802457,0.573263,0.493017,0.269588
logit_ind1s,maker,1re moitié (validation),0.095,2174,174.85,0.0804278,0.573597,0.493169,0.25575
logit_ind1s,maker,1re moitié (validation),0.0975,1840,149.695,0.081356,0.575543,0.494188,0.286413
logit_ind1s,maker,1re moitié (validation),0.1,1774,140.1,0.0789741,0.573844,0.49487,0.285231
logit_ind1s,maker,2e moitié (test final),0,24173,689.043,0.0285047,0.522236,0.493731,0.365325
logit_ind1s,maker,2e moitié (test final),0.0025,24173,689.043,0.0285047,0.522236,0.493731,0.365325
logit_ind1s,maker,2e moitié (test final),0.005,24173,689.043,0.0285047,0.522236,0.493731,0.365325
logit_ind1s,maker,2e moitié (test final),0.0075,22640,668.648,0.0295339,0.523145,0.493611,0.325309
logit_ind1s,maker,2e moitié (test final),0.01,21212,653.553,0.0308105,0.524279,0.493468,0.345229
logit_ind1s,maker,2e moitié (test final),0.0125,20664,640.918,0.0310162,0.524535,0.493519,0.331543
logit_ind1s,maker,2e moitié (test final),0.015,18716,585.653,0.0312916,0.525112,0.493821,0.363112
logit_ind1s,maker,2e moitié (test final),0.0175,17231,544.068,0.031575,0.525158,0.493583,0.316755
logit_ind1s,maker,2e moitié (test final),0.02,16333,562.463,0.0344372,0.528072,0.493635,0.331476
logit_ind1s,maker,2e moitié (test final),0.0225,15535,550.278,0.0354218,0.528999,0.493577,0.305632
logit_ind1s,maker,2e moitié (test final),0.025,14419,540.713,0.0375,0.53166,0.49416,0.326028
logit_ind1s,maker,2e moitié (test final),0.0275,13415,507.408,0.0378239,0.532165,0.494342,0.293552
logit_ind1s,maker,2e moitié (test final),0.03,12997,509.553,0.0392054,0.533431,0.494225,0.296607
logit_ind1s,maker,2e moitié (test final),0.0325,12596,524.89,0.0416712,0.535805,0.494134,0.290171
logit_ind1s,maker,2e moitié (test final),0.035,11982,509.125,0.0424908,0.536889,0.494398,0.297363
logit_ind1s,maker,2e moitié (test final),0.0375,11383,486.48,0.0427374,0.537292,0.494555,0.280594
logit_ind1s,maker,2e moitié (test final),0.04,10543,473.81,0.0449407,0.539125,0.494185,0.277246
logit_ind1s,maker,2e moitié (test final),0.0425,9993,463.835,0.046416,0.540378,0.493962,0.277494
logit_ind1s,maker,2e moitié (test final),0.045,9106,431.945,0.0474352,0.541621,0.494186,0.287173
logit_ind1s,maker,2e moitié (test final),0.0475,8288,373.59,0.045076,0.539213,0.494137,0.272201
logit_ind1s,maker,2e moitié (test final),0.05,7672,367.82,0.0479432,0.542101,0.494158,0.279197
logit_ind1s,maker,2e moitié (test final),0.0525,7131,343.4,0.0481559,0.542561,0.494405,0.275137
logit_ind1s,maker,2e moitié (test final),0.055,6836,333.93,0.0488487,0.543593,0.494744,0.280866
logit_ind1s,maker,2e moitié (test final),0.0575,6135,295,0.0480848,0.542624,0.49454,0.24401
logit_ind1s,maker,2e moitié (test final),0.06,5777,283.77,0.0491207,0.543535,0.494414,0.249957
logit_ind1s,maker,2e moitié (test final),0.0625,5315,264.935,0.0498467,0.544497,0.49465,0.2254
logit_ind1s,maker,2e moitié (test final),0.065,5112,255.27,0.0499354,0.544601,0.494665,0.228678
logit_ind1s,maker,2e moitié (test final),0.0675,4702,238.745,0.0507752,0.545725,0.49495,0.20906
logit_ind1s,maker,2e moitié (test final),0.07,4145,229.875,0.0554584,0.550302,0.494843,0.229916
logit_ind1s,maker,2e moitié (test final),0.0725,4077,228.55,0.0560584,0.550895,0.494837,0.228354
logit_ind1s,maker,2e moitié (test final),0.075,3585,193.68,0.0540251,0.548954,0.494929,0.250488
logit_ind1s,maker,2e moitié (test final),0.0775,3344,179.785,0.0537635,0.548744,0.494981,0.248206
logit_ind1s,maker,2e moitié (test final),0.08,2895,157.09,0.0542625,0.549914,0.495651,0.274266
logit_ind1s,maker,2e moitié (test final),0.0825,2823,148.57,0.0526284,0.548353,0.495724,0.275948
logit_ind1s,maker,2e moitié (test final),0.085,2688,142.28,0.0529315,0.548735,0.495804,0.257812
logit_ind1s,maker,2e moitié (test final),0.0875,2310,123.16,0.053316,0.548918,0.495602,0.289177
logit_ind1s,maker,2e moitié (test final),0.09,2180,115.445,0.0529564,0.549083,0.496126,0.281193
logit_ind1s,maker,2e moitié (test final),0.0925,1924,113.005,0.0587344,0.555094,0.496359,0.31289
logit_ind1s,maker,2e moitié (test final),0.095,1835,104.23,0.0568011,0.553134,0.496332,0.298638
logit_ind1s,maker,2e moitié (test final),0.0975,1595,103.83,0.0650972,0.562382,0.497285,0.33605
logit_ind1s,maker,2e moitié (test final),0.1,1551,100.115,0.0645487,0.562218,0.497669,0.337847
hgb_ind1s,maker,1re moitié (validation),0,24150,602.135,0.0249331,0.519834,0.494901,0.328654
hgb_ind1s,maker,1re moitié (validation),0.0025,24150,602.135,0.0249331,0.519834,0.494901,0.328654
hgb_ind1s,maker,1re moitié (validation),0.005,24150,602.135,0.0249331,0.519834,0.494901,0.328654
hgb_ind1s,maker,1re moitié (validation),0.0075,23696,590.76,0.0249308,0.520003,0.495073,0.31959
hgb_ind1s,maker,1re moitié (validation),0.01,22336,561.47,0.0251374,0.520102,0.494965,0.332557
hgb_ind1s,maker,1re moitié (validation),0.0125,21591,560.535,0.0259615,0.520911,0.49495,0.321338
hgb_ind1s,maker,1re moitié (validation),0.015,20109,588.02,0.0292416,0.524094,0.494852,0.337113
hgb_ind1s,maker,1re moitié (validation),0.0175,19821,585.915,0.0295603,0.524494,0.494934,0.334342
hgb_ind1s,maker,1re moitié (validation),0.02,17868,553.46,0.0309749,0.526416,0.495441,0.361148
hgb_ind1s,maker,1re moitié (validation),0.0225,17093,531.38,0.0310876,0.526414,0.495327,0.355116
hgb_ind1s,maker,1re moitié (validation),0.025,16032,549.305,0.034263,0.529503,0.49524,0.344499
hgb_ind1s,maker,1re moitié (validation),0.0275,15699,538.78,0.0343194,0.529588,0.495268,0.34257
hgb_ind1s,maker,1re moitié (validation),0.03,14631,530.46,0.0362559,0.532021,0.495765,0.338049
hgb_ind1s,maker,1re moitié (validation),0.0325,13938,526.58,0.0377802,0.533506,0.495725,0.327737
hgb_ind1s,maker,1re moitié (validation),0.035,12953,514.81,0.0397445,0.535397,0.495653,0.327878
hgb_ind1s,maker,1re moitié (validation),0.0375,12728,508.445,0.039947,0.535591,0.495644,0.323617
hgb_ind1s,maker,1re moitié (validation),0.04,11591,495.225,0.042725,0.538694,0.495969,0.322837
hgb_ind1s,maker,1re moitié (validation),0.0425,10804,489.78,0.0453332,0.541003,0.49567,0.293225
hgb_ind1s,maker,1re moitié (validation),0.045,9761,461.1,0.047239,0.543284,0.496045,0.299764
hgb_ind1s,maker,1re moitié (validation),0.0475,9342,441.02,0.0472083,0.543139,0.49593,0.279062
hgb_ind1s,maker,1re moitié (validation),0.05,8968,449.675,0.0501422,0.546387,0.496245,0.275981
hgb_ind1s,maker,1re moitié (validation),0.0525,8394,439.675,0.0523797,0.548368,0.495988,0.257088
hgb_ind1s,maker,1re moitié (validation),0.055,7953,432.97,0.0544411,0.55061,0.496169,0.263171
hgb_ind1s,maker,1re moitié (validation),0.0575,7700,426.03,0.0553286,0.551299,0.49597,0.25987
hgb_ind1s,maker,1re moitié (validation),0.06,7318,418.73,0.0572192,0.553157,0.495937,0.265646
hgb_ind1s,maker,1re moitié (validation),0.0625,6462,363.795,0.0562976,0.551842,0.495544,0.255648
hgb_ind1s,maker,1re moitié (validation),0.065,6092,342.825,0.0562746,0.5522,0.495925,0.263132
hgb_ind1s,maker,1re moitié (validation),0.0675,5474,349.945,0.0639286,0.559737,0.495808,0.265985
hgb_ind1s,maker,1re moitié (validation),0.07,5264,333.925,0.0634356,0.558891,0.495455,0.270707
hgb_ind1s,maker,1re moitié (validation),0.0725,4602,308.32,0.066997,0.562799,0.495802,0.282269
hgb_ind1s,maker,1re moitié (validation),0.075,4409,307.39,0.0697188,0.565434,0.495716,0.274212
hgb_ind1s,maker,1re moitié (validation),0.0775,4177,299.345,0.0716651,0.567393,0.495728,0.282978
hgb_ind1s,maker,1re moitié (validation),0.08,3866,296.135,0.0765998,0.571392,0.494792,0.297982
hgb_ind1s,maker,1re moitié (validation),0.0825,3570,266.555,0.0746653,0.569468,0.494803,0.309524
hgb_ind1s,maker,1re moitié (validation),0.085,3332,258.225,0.0774985,0.572029,0.49453,0.306723
hgb_ind1s,maker,1re moitié (validation),0.0875,3195,252.355,0.0789844,0.573396,0.494412,0.309546
hgb_ind1s,maker,1re moitié (validation),0.09,2725,219.45,0.0805321,0.573945,0.493413,0.353028
hgb_ind1s,maker,1re moitié (validation),0.0925,2574,217.895,0.0846523,0.578089,0.493436,0.365579
hgb_ind1s,maker,1re moitié (validation),0.095,2201,195.23,0.0887006,0.582008,0.493308,0.408905
hgb_ind1s,maker,1re moitié (validation),0.0975,2110,194.995,0.0924147,0.585308,0.492893,0.404265
hgb_ind1s,maker,1re moitié (validation),0.1,1750,179.765,0.102723,0.596,0.493277,0.478286
hgb_ind1s,maker,2e moitié (test final),0,24173,615.917,0.0254795,0.520829,0.495349,0.345799
hgb_ind1s,maker,2e moitié (test final),0.0025,24173,615.917,0.0254795,0.520829,0.495349,0.345799
hgb_ind1s,maker,2e moitié (test final),0.005,24173,615.917,0.0254795,0.520829,0.495349,0.345799
hgb_ind1s,maker,2e moitié (test final),0.0075,23748,616.262,0.0259501,0.521475,0.495525,0.33906
hgb_ind1s,maker,2e moitié (test final),0.01,22233,632.587,0.0284526,0.523951,0.495498,0.354833
hgb_ind1s,maker,2e moitié (test final),0.0125,21426,628.252,0.0293219,0.52483,0.495508,0.342668
hgb_ind1s,maker,2e moitié (test final),0.015,19865,611.152,0.0307653,0.526152,0.495386,0.360433
hgb_ind1s,maker,2e moitié (test final),0.0175,19592,617.497,0.0315178,0.526899,0.495381,0.359126
hgb_ind1s,maker,2e moitié (test final),0.02,17769,569.252,0.0320362,0.527998,0.495962,0.387079
hgb_ind1s,maker,2e moitié (test final),0.0225,16985,556.93,0.0327895,0.528643,0.495853,0.379688
hgb_ind1s,maker,2e moitié (test final),0.025,15911,552.79,0.0347426,0.530513,0.495771,0.370561
hgb_ind1s,maker,2e moitié (test final),0.0275,15647,551.105,0.0352211,0.531028,0.495807,0.369911
hgb_ind1s,maker,2e moitié (test final),0.03,14532,539.365,0.0371157,0.533443,0.496328,0.363061
hgb_ind1s,maker,2e moitié (test final),0.0325,13839,528.995,0.0382249,0.534576,0.496351,0.353132
hgb_ind1s,maker,2e moitié (test final),0.035,12737,526.535,0.041339,0.537568,0.496229,0.35652
hgb_ind1s,maker,2e moitié (test final),0.0375,12518,522.37,0.0417295,0.537945,0.496216,0.35437
hgb_ind1s,maker,2e moitié (test final),0.04,11352,489.595,0.0431285,0.539905,0.496776,0.357382
hgb_ind1s,maker,2e moitié (test final),0.0425,10484,476.53,0.0454531,0.542064,0.496611,0.324876
hgb_ind1s,maker,2e moitié (test final),0.045,9432,418.645,0.0443856,0.541455,0.497069,0.331531
hgb_ind1s,maker,2e moitié (test final),0.0475,9009,411.28,0.0456521,0.54268,0.497027,0.311466
hgb_ind1s,maker,2e moitié (test final),0.05,8659,401.415,0.0463581,0.543827,0.497469,0.306386
hgb_ind1s,maker,2e moitié (test final),0.0525,8022,379.66,0.0473273,0.544752,0.497425,0.284842
hgb_ind1s,maker,2e moitié (test final),0.055,7560,375.85,0.0497156,0.547222,0.497507,0.294312
hgb_ind1s,maker,2e moitié (test final),0.0575,7320,379.955,0.0519064,0.54918,0.497274,0.293306
hgb_ind1s,maker,2e moitié (test final),0.06,6945,369.04,0.0531375,0.550468,0.49733,0.303672
hgb_ind1s,maker,2e moitié (test final),0.0625,6044,330.73,0.0547204,0.551787,0.497067,0.294838
hgb_ind1s,maker,2e moitié (test final),0.065,5680,317.435,0.0558864,0.553169,0.497283,0.30088
hgb_ind1s,maker,2e moitié (test final),0.0675,5048,281.975,0.0558588,0.553288,0.49743,0.307647
hgb_ind1s,maker,2e moitié (test final),0.07,4848,283.7,0.058519,0.555693,0.497174,0.315594
hgb_ind1s,maker,2e moitié (test final),0.0725,4254,252.25,0.0592971,0.557123,0.497826,0.326516
hgb_ind1s,maker,2e moitié (test final),0.075,4070,235.49,0.05786,0.555528,0.497668,0.317199
hgb_ind1s,maker,2e moitié (test final),0.0775,3888,226.075,0.0581469,0.555813,0.497666,0.323045
hgb_ind1s,maker,2e moitié (test final),0.08,3603,205.555,0.0570511,0.553983,0.496932,0.338329
hgb_ind1s,maker,2e moitié (test final),0.0825,3331,190.32,0.057136,0.554488,0.497352,0.351846
hgb_ind1s,maker,2e moitié (test final),0.085,3172,183.975,0.0579997,0.55517,0.497171,0.350883
hgb_ind1s,maker,2e moitié (test final),0.0875,3056,180.575,0.0590887,0.555955,0.496867,0.352421
hgb_ind1s,maker,2e moitié (test final),0.09,2586,158.39,0.061249,0.557618,0.496369,0.409513
hgb_ind1s,maker,2e moitié (test final),0.0925,2456,153.62,0.0625489,0.559039,0.49649,0.419381
hgb_ind1s,maker,2e moitié (test final),0.095,2043,115.125,0.056351,0.553108,0.496757,0.484092
hgb_ind1s,maker,2e moitié (test final),0.0975,1949,110.53,0.0567111,0.553104,0.496393,0.47922
hgb_ind1s,maker,2e moitié (test final),0.1,1700,102.275,0.0601618,0.557059,0.496897,0.544706
logit_tw,maker,1re moitié (validation),0,24150,640.645,0.0265277,0.519213,0.492686,0.389317
logit_tw,maker,1re moitié (validation),0.0025,24150,640.645,0.0265277,0.519213,0.492686,0.389317
logit_tw,maker,1re moitié (validation),0.005,24150,640.645,0.0265277,0.519213,0.492686,0.389317
logit_tw,maker,1re moitié (validation),0.0075,23606,658.685,0.0279033,0.520546,0.492642,0.387147
logit_tw,maker,1re moitié (validation),0.01,22661,670.95,0.0296081,0.522219,0.492611,0.375006
logit_tw,maker,1re moitié (validation),0.0125,21344,610.185,0.0285881,0.520943,0.492355,0.377577
logit_tw,maker,1re moitié (validation),0.015,20740,594.13,0.0286466,0.520829,0.492183,0.376037
logit_tw,maker,1re moitié (validation),0.0175,19562,598.195,0.0305794,0.522544,0.491964,0.37992
logit_tw,maker,1re moitié (validation),0.02,18813,617.545,0.0328254,0.524744,0.491918,0.376229
logit_tw,maker,1re moitié (validation),0.0225,17285,643.8,0.0372462,0.529361,0.492115,0.387619
logit_tw,maker,1re moitié (validation),0.025,16338,629.885,0.0385534,0.53042,0.491867,0.402375
logit_tw,maker,1re moitié (validation),0.0275,15831,646.535,0.0408398,0.532563,0.491723,0.397385
logit_tw,maker,1re moitié (validation),0.03,14507,667.8,0.0460329,0.537534,0.491501,0.408286
logit_tw,maker,1re moitié (validation),0.0325,13944,665.2,0.0477051,0.539372,0.491667,0.410284
logit_tw,maker,1re moitié (validation),0.035,12760,608.425,0.0476822,0.53942,0.491738,0.432759
logit_tw,maker,1re moitié (validation),0.0375,12269,613.22,0.0499813,0.541609,0.491628,0.431413
logit_tw,maker,1re moitié (validation),0.04,11522,584.215,0.0507043,0.542354,0.491649,0.439247
logit_tw,maker,1re moitié (validation),0.0425,11136,566.655,0.050885,0.542744,0.491859,0.443517
logit_tw,maker,1re moitié (validation),0.045,10495,550.915,0.0524931,0.544354,0.491861,0.466984
logit_tw,maker,1re moitié (validation),0.0475,10013,539.22,0.053852,0.545591,0.491739,0.465195
logit_tw,maker,1re moitié (validation),0.05,9382,531.38,0.0566382,0.548604,0.491965,0.48657
logit_tw,maker,1re moitié (validation),0.0525,9061,520.06,0.0573954,0.549608,0.492213,0.490233
logit_tw,maker,1re moitié (validation),0.055,8639,501.81,0.0580866,0.550411,0.492324,0.511981
logit_tw,maker,1re moitié (validation),0.0575,8231,482.675,0.0586411,0.550723,0.492082,0.502612
logit_tw,maker,1re moitié (validation),0.06,7723,471.875,0.0611,0.553541,0.492441,0.530105
logit_tw,maker,1re moitié (validation),0.0625,7526,463.035,0.0615247,0.554079,0.492554,0.527372
logit_tw,maker,1re moitié (validation),0.065,7176,454.4,0.0633222,0.556159,0.492837,0.552118
logit_tw,maker,1re moitié (validation),0.0675,6655,414.44,0.062275,0.554621,0.492346,0.52592
logit_tw,maker,1re moitié (validation),0.07,6519,406.82,0.0624053,0.554993,0.492588,0.535358
logit_tw,maker,1re moitié (validation),0.0725,6275,386.525,0.0615976,0.554104,0.492506,0.519841
logit_tw,maker,1re moitié (validation),0.075,6178,385.71,0.0624328,0.555196,0.492763,0.527193
logit_tw,maker,1re moitié (validation),0.0775,5296,371.19,0.0700887,0.562122,0.492034,0.454305
logit_tw,maker,1re moitié (validation),0.08,5253,372.42,0.0708966,0.563107,0.49221,0.45612
logit_tw,maker,1re moitié (validation),0.0825,4706,349.33,0.0742308,0.566298,0.492068,0.394815
logit_tw,maker,1re moitié (validation),0.085,4672,344.38,0.0737115,0.565925,0.492213,0.397046
logit_tw,maker,1re moitié (validation),0.0875,4166,317.12,0.076121,0.568891,0.49277,0.331253
logit_tw,maker,1re moitié (validation),0.09,4118,314.705,0.0764218,0.569208,0.492787,0.333657
logit_tw,maker,1re moitié (validation),0.0925,3949,304.32,0.0770625,0.570018,0.492955,0.311218
logit_tw,maker,1re moitié (validation),0.095,3912,306.19,0.0782694,0.571319,0.49305,0.313906
logit_tw,maker,1re moitié (validation),0.0975,3680,297.91,0.0809538,0.574457,0.493503,0.283152
logit_tw,maker,1re moitié (validation),0.1,3606,291.24,0.0807654,0.574043,0.493278,0.288131
logit_tw,maker,2e moitié (test final),0,24173,626.163,0.0259034,0.518595,0.492692,0.393869
logit_tw,maker,2e moitié (test final),0.0025,24173,626.163,0.0259034,0.518595,0.492692,0.393869
logit_tw,maker,2e moitié (test final),0.005,24173,626.163,0.0259034,0.518595,0.492692,0.393869
logit_tw,maker,2e moitié (test final),0.0075,23646,615.593,0.0260337,0.51865,0.492616,0.390679
logit_tw,maker,2e moitié (test final),0.01,22710,633.368,0.0278894,0.52052,0.49263,0.378159
logit_tw,maker,2e moitié (test final),0.0125,21258,635.483,0.0298938,0.52225,0.492357,0.385314
logit_tw,maker,2e moitié (test final),0.015,20650,652.543,0.0316001,0.523826,0.492226,0.382567
logit_tw,maker,2e moitié (test final),0.0175,19302,637.288,0.0330167,0.524972,0.491955,0.387784
logit_tw,maker,2e moitié (test final),0.02,18501,630.043,0.0340545,0.525972,0.491917,0.381655
logit_tw,maker,2e moitié (test final),0.0225,17011,616.888,0.0362641,0.528364,0.4921,0.393099
logit_tw,maker,2e moitié (test final),0.025,16032,583.633,0.0364043,0.528131,0.491727,0.412051
logit_tw,maker,2e moitié (test final),0.0275,15568,567.773,0.0364705,0.52807,0.4916,0.406346
logit_tw,maker,2e moitié (test final),0.03,14140,502.928,0.0355678,0.526945,0.491377,0.418953
logit_tw,maker,2e moitié (test final),0.0325,13551,499.343,0.0368492,0.528448,0.491599,0.422183
logit_tw,maker,2e moitié (test final),0.035,12392,472.493,0.0381289,0.529777,0.491648,0.44214
logit_tw,maker,2e moitié (test final),0.0375,11933,454.313,0.038072,0.52954,0.491468,0.439035
logit_tw,maker,2e moitié (test final),0.04,11118,427.743,0.038473,0.529951,0.491478,0.448552
logit_tw,maker,2e moitié (test final),0.0425,10707,412.108,0.0384896,0.530307,0.491818,0.453442
logit_tw,maker,2e moitié (test final),0.045,10072,378.223,0.0375519,0.529388,0.491836,0.479647
logit_tw,maker,2e moitié (test final),0.0475,9665,378.618,0.0391741,0.530678,0.491504,0.47522
logit_tw,maker,2e moitié (test final),0.05,9066,351.658,0.0387887,0.530554,0.491765,0.497463
logit_tw,maker,2e moitié (test final),0.0525,8771,346.713,0.0395295,0.531638,0.492109,0.501539
logit_tw,maker,2e moitié (test final),0.055,8372,344.138,0.0411058,0.533206,0.4921,0.524128
logit_tw,maker,2e moitié (test final),0.0575,7931,327.348,0.0412745,0.532972,0.491697,0.513428
logit_tw,maker,2e moitié (test final),0.06,7462,298.108,0.0399501,0.531895,0.491945,0.541142
logit_tw,maker,2e moitié (test final),0.0625,7266,293.823,0.0404381,0.532618,0.49218,0.540187
logit_tw,maker,2e moitié (test final),0.065,6902,282.693,0.0409581,0.533469,0.49251,0.568386
logit_tw,maker,2e moitié (test final),0.0675,6440,254.028,0.0394453,0.531522,0.492076,0.547671
logit_tw,maker,2e moitié (test final),0.07,6334,248.323,0.0392048,0.531576,0.492371,0.553836
logit_tw,maker,2e moitié (test final),0.0725,6121,251.503,0.0410885,0.533573,0.492484,0.543049
logit_tw,maker,2e moitié (test final),0.075,6038,255.898,0.0423813,0.535111,0.49273,0.550017
logit_tw,maker,2e moitié (test final),0.0775,5133,215.013,0.0418884,0.533996,0.492107,0.477693
logit_tw,maker,2e moitié (test final),0.08,5060,219.953,0.043469,0.535771,0.492302,0.482806
logit_tw,maker,2e moitié (test final),0.0825,4503,198.088,0.0439902,0.536309,0.492319,0.424606
logit_tw,maker,2e moitié (test final),0.085,4459,199.203,0.0446744,0.537116,0.492442,0.428123
logit_tw,maker,2e moitié (test final),0.0875,3927,188.308,0.0479521,0.541126,0.493173,0.358289
logit_tw,maker,2e moitié (test final),0.09,3863,184.453,0.0477486,0.54103,0.493282,0.362413
logit_tw,maker,2e moitié (test final),0.0925,3748,186.723,0.0498194,0.543223,0.493404,0.346852
logit_tw,maker,2e moitié (test final),0.095,3724,187.573,0.0503687,0.54377,0.493401,0.34855
logit_tw,maker,2e moitié (test final),0.0975,3451,189.298,0.0548531,0.549116,0.494263,0.311214
logit_tw,maker,2e moitié (test final),0.1,3360,183.483,0.054608,0.548512,0.493904,0.319345
hgb_tw,maker,1re moitié (validation),0,24150,631.675,0.0261563,0.518219,0.492063,0.472464
hgb_tw,maker,1re moitié (validation),0.0025,24150,631.675,0.0261563,0.518219,0.492063,0.472464
hgb_tw,maker,1re moitié (validation),0.005,24150,631.675,0.0261563,0.518219,0.492063,0.472464
hgb_tw,maker,1re moitié (validation),0.0075,23219,624.35,0.0268896,0.519058,0.492168,0.478401
hgb_tw,maker,1re moitié (validation),0.01,21275,624.685,0.0293624,0.520893,0.491531,0.457767
hgb_tw,maker,1re moitié (validation),0.0125,20616,606.255,0.029407,0.521149,0.491742,0.460565
hgb_tw,maker,1re moitié (validation),0.015,18699,597.57,0.0319573,0.523397,0.49144,0.441093
hgb_tw,maker,1re moitié (validation),0.0175,18255,604.53,0.0331159,0.524733,0.491617,0.444864
hgb_tw,maker,1re moitié (validation),0.02,16558,588.055,0.0355149,0.527056,0.491542,0.428192
hgb_tw,maker,1re moitié (validation),0.0225,16179,596.245,0.036853,0.528586,0.491733,0.428766
hgb_tw,maker,1re moitié (validation),0.025,15367,565.69,0.036812,0.528535,0.491723,0.423114
hgb_tw,maker,1re moitié (validation),0.0275,15096,559.535,0.0370651,0.528816,0.49175,0.422099
hgb_tw,maker,1re moitié (validation),0.03,14255,551.7,0.0387022,0.530481,0.491778,0.402315
hgb_tw,maker,1re moitié (validation),0.0325,13733,551.76,0.0401777,0.532003,0.491826,0.390738
hgb_tw,maker,1re moitié (validation),0.035,13088,547.325,0.0418188,0.533466,0.491647,0.38776
hgb_tw,maker,1re moitié (validation),0.0375,12490,530.095,0.0424416,0.533867,0.491426,0.371177
hgb_tw,maker,1re moitié (validation),0.04,11788,521.075,0.0442039,0.535799,0.491595,0.352816
hgb_tw,maker,1re moitié (validation),0.0425,11337,500.7,0.0441651,0.53568,0.491515,0.335009
hgb_tw,maker,1re moitié (validation),0.045,10395,475.455,0.0457388,0.536893,0.491154,0.348437
hgb_tw,maker,1re moitié (validation),0.0475,10001,467.155,0.0467108,0.537646,0.490935,0.345565
hgb_tw,maker,1re moitié (validation),0.05,9006,456.43,0.0506807,0.54175,0.491069,0.355985
hgb_tw,maker,1re moitié (validation),0.0525,8717,447.28,0.0513112,0.542274,0.490962,0.348973
hgb_tw,maker,1re moitié (validation),0.055,7732,403.9,0.0522375,0.543456,0.491218,0.385541
hgb_tw,maker,1re moitié (validation),0.0575,7313,382.87,0.0523547,0.543142,0.490788,0.393546
hgb_tw,maker,1re moitié (validation),0.06,7075,385.465,0.0544827,0.545724,0.491242,0.39053
hgb_tw,maker,1re moitié (validation),0.0625,6556,364.97,0.0556696,0.54637,0.4907,0.375076
hgb_tw,maker,1re moitié (validation),0.065,6255,350.17,0.0559824,0.547082,0.4911,0.381615
hgb_tw,maker,1re moitié (validation),0.0675,5650,343.995,0.0608841,0.551504,0.49062,0.379469
hgb_tw,maker,1re moitié (validation),0.07,5540,339.42,0.0612671,0.552166,0.490899,0.376715
hgb_tw,maker,1re moitié (validation),0.0725,5110,330.095,0.0645978,0.555186,0.490588,0.38317
hgb_tw,maker,1re moitié (validation),0.075,4899,320.515,0.0654246,0.556032,0.490607,0.391508
hgb_tw,maker,1re moitié (validation),0.0775,4373,311.04,0.0711274,0.561399,0.490272,0.415276
hgb_tw,maker,1re moitié (validation),0.08,4209,310.06,0.073666,0.564029,0.490364,0.423854
hgb_tw,maker,1re moitié (validation),0.0825,3860,296.87,0.0769093,0.567358,0.490448,0.438083
hgb_tw,maker,1re moitié (validation),0.085,3603,267.99,0.0743797,0.564807,0.490427,0.450735
hgb_tw,maker,1re moitié (validation),0.0875,3221,266.91,0.0828656,0.573114,0.490248,0.434958
hgb_tw,maker,1re moitié (validation),0.09,3157,259.595,0.0822284,0.572696,0.490467,0.432056
hgb_tw,maker,1re moitié (validation),0.0925,2908,235.235,0.0808924,0.571527,0.490634,0.404402
hgb_tw,maker,1re moitié (validation),0.095,2709,215.585,0.079581,0.569952,0.490371,0.386859
hgb_tw,maker,1re moitié (validation),0.0975,2517,213.74,0.0849186,0.575685,0.490767,0.367898
hgb_tw,maker,1re moitié (validation),0.1,2408,207.525,0.0861815,0.576827,0.490646,0.3451
hgb_tw,maker,2e moitié (test final),0,24173,602.143,0.0249097,0.517437,0.492527,0.468581
hgb_tw,maker,2e moitié (test final),0.0025,24173,602.143,0.0249097,0.517437,0.492527,0.468581
hgb_tw,maker,2e moitié (test final),0.005,24173,602.143,0.0249097,0.517437,0.492527,0.468581
hgb_tw,maker,2e moitié (test final),0.0075,23388,572.863,0.0244939,0.517146,0.492652,0.471951
hgb_tw,maker,2e moitié (test final),0.01,21390,555.093,0.0259511,0.517999,0.492048,0.45208
hgb_tw,maker,2e moitié (test final),0.0125,20698,557.653,0.0269424,0.519229,0.492287,0.458305
hgb_tw,maker,2e moitié (test final),0.015,18637,510.043,0.0273672,0.519397,0.49203,0.439019
hgb_tw,maker,2e moitié (test final),0.0175,18156,505.113,0.0278207,0.519938,0.492118,0.442719
hgb_tw,maker,2e moitié (test final),0.02,16377,472.033,0.0288229,0.520852,0.492029,0.422055
hgb_tw,maker,2e moitié (test final),0.0225,15982,457.368,0.0286177,0.520899,0.492281,0.423289
hgb_tw,maker,2e moitié (test final),0.025,15193,459.028,0.0302131,0.522477,0.492264,0.41631
hgb_tw,maker,2e moitié (test final),0.0275,14885,450.898,0.0302921,0.522539,0.492247,0.416661
hgb_tw,maker,2e moitié (test final),0.03,14077,453.803,0.0322372,0.524615,0.492377,0.397244
hgb_tw,maker,2e moitié (test final),0.0325,13583,428.998,0.0315834,0.524111,0.492528,0.387175
hgb_tw,maker,2e moitié (test final),0.035,13000,414.093,0.0318533,0.524154,0.492301,0.387077
hgb_tw,maker,2e moitié (test final),0.0375,12350,408.748,0.033097,0.525101,0.492004,0.37004
hgb_tw,maker,2e moitié (test final),0.04,11753,388.233,0.0330327,0.525228,0.492195,0.352846
hgb_tw,maker,2e moitié (test final),0.0425,11274,370.563,0.0328688,0.525013,0.492144,0.336083
hgb_tw,maker,2e moitié (test final),0.045,10158,341.618,0.0336304,0.5253,0.49167,0.35824
hgb_tw,maker,2e moitié (test final),0.0475,9772,346.913,0.0355007,0.527016,0.491515,0.354585
hgb_tw,maker,2e moitié (test final),0.05,8711,323.083,0.0370891,0.528757,0.491668,0.36827
hgb_tw,maker,2e moitié (test final),0.0525,8392,313.088,0.0373079,0.528837,0.491529,0.361535
hgb_tw,maker,2e moitié (test final),0.055,7428,290.508,0.0391099,0.530964,0.491854,0.400646
hgb_tw,maker,2e moitié (test final),0.0575,6982,294.863,0.0422319,0.533801,0.491569,0.41163
hgb_tw,maker,2e moitié (test final),0.06,6800,300.318,0.0441644,0.536176,0.492012,0.4075
hgb_tw,maker,2e moitié (test final),0.0625,6263,283.383,0.0452472,0.536803,0.491556,0.396136
hgb_tw,maker,2e moitié (test final),0.065,5957,283.463,0.0475849,0.539533,0.491948,0.406077
hgb_tw,maker,2e moitié (test final),0.0675,5406,289.703,0.0535892,0.545135,0.491546,0.406955
hgb_tw,maker,2e moitié (test final),0.07,5290,281.798,0.0532699,0.54518,0.49191,0.400378
hgb_tw,maker,2e moitié (test final),0.0725,4829,274.928,0.0569327,0.548561,0.491628,0.402775
hgb_tw,maker,2e moitié (test final),0.075,4598,262.113,0.0570059,0.548499,0.491493,0.410831
hgb_tw,maker,2e moitié (test final),0.0775,4100,236.948,0.0577922,0.549024,0.491232,0.437317
hgb_tw,maker,2e moitié (test final),0.08,3907,230.173,0.058913,0.550294,0.491381,0.449194
hgb_tw,maker,2e moitié (test final),0.0825,3546,209.538,0.0590914,0.550761,0.49167,0.467569
hgb_tw,maker,2e moitié (test final),0.085,3319,190.518,0.0574022,0.548961,0.491558,0.483579
hgb_tw,maker,2e moitié (test final),0.0875,2934,180.198,0.0614172,0.552829,0.491412,0.466939
hgb_tw,maker,2e moitié (test final),0.09,2870,183.018,0.0637693,0.555401,0.491631,0.461324
hgb_tw,maker,2e moitié (test final),0.0925,2643,165.548,0.0626364,0.554673,0.492036,0.437003
hgb_tw,maker,2e moitié (test final),0.095,2442,164.473,0.0673518,0.558968,0.491616,0.419738
hgb_tw,maker,2e moitié (test final),0.0975,2238,149.793,0.0669316,0.558981,0.49205,0.403932
hgb_tw,maker,2e moitié (test final),0.1,2129,151.673,0.0712414,0.563175,0.491934,0.379051
stack,maker,1re moitié (validation),0,24150,668.785,0.027693,0.519379,0.491686,0.48381
stack,maker,1re moitié (validation),0.0025,24150,668.785,0.027693,0.519379,0.491686,0.48381
stack,maker,1re moitié (validation),0.005,24150,668.785,0.027693,0.519379,0.491686,0.48381
stack,maker,1re moitié (validation),0.0075,21799,637.875,0.0292617,0.521079,0.491817,0.515207
stack,maker,1re moitié (validation),0.01,20664,644.255,0.0311777,0.522842,0.491664,0.523277
stack,maker,1re moitié (validation),0.0125,18165,618.765,0.0340636,0.525296,0.491232,0.50245
stack,maker,1re moitié (validation),0.015,17728,598.99,0.0337878,0.524876,0.491088,0.505246
stack,maker,1re moitié (validation),0.0175,15282,594.84,0.0389242,0.530101,0.491177,0.506871
stack,maker,1re moitié (validation),0.02,14944,598.985,0.040082,0.53125,0.491168,0.500201
stack,maker,1re moitié (validation),0.0225,13151,526.9,0.0400654,0.530986,0.490921,0.530074
stack,maker,1re moitié (validation),0.025,11933,516.885,0.0433156,0.533646,0.490331,0.503562
stack,maker,1re moitié (validation),0.0275,10899,482.58,0.0442775,0.534544,0.490267,0.511331
stack,maker,1re moitié (validation),0.03,9852,452.99,0.0459795,0.536033,0.490054,0.507207
stack,maker,1re moitié (validation),0.0325,9344,447.425,0.0478837,0.537885,0.490002,0.519906
stack,maker,1re moitié (validation),0.035,7160,415.605,0.0580454,0.546369,0.488323,0.509078
stack,maker,1re moitié (validation),0.0375,7013,411.345,0.0586546,0.546984,0.48833,0.505062
stack,maker,1re moitié (validation),0.04,5959,396.1,0.0664709,0.554455,0.487985,0.534821
stack,maker,1re moitié (validation),0.0425,5392,365.38,0.0677634,0.555638,0.487875,0.504636
stack,maker,1re moitié (validation),0.045,4477,316.04,0.0705919,0.557516,0.486924,0.561537
stack,maker,1re moitié (validation),0.0475,3806,301.39,0.0791881,0.565423,0.486235,0.519706
stack,maker,1re moitié (validation),0.05,3633,292.96,0.0806386,0.566474,0.485835,0.516653
stack,maker,1re moitié (validation),0.0525,2974,259.61,0.0872932,0.572293,0.485,0.544721
stack,maker,1re moitié (validation),0.055,2894,243.2,0.0840359,0.568763,0.484727,0.547685
stack,maker,1re moitié (validation),0.0575,2324,220.59,0.0949182,0.579604,0.484686,0.625645
stack,maker,1re moitié (validation),0.06,2061,218.005,0.105776,0.58952,0.483743,0.610383
stack,maker,1re moitié (validation),0.0625,1872,194.225,0.103753,0.587607,0.483854,0.610577
stack,maker,1re moitié (validation),0.065,1777,188.075,0.105838,0.589758,0.48392,0.608329
stack,maker,1re moitié (validation),0.0675,1657,185.135,0.111729,0.595655,0.483926,0.621002
stack,maker,1re moitié (validation),0.07,1378,160.92,0.116778,0.600145,0.483367,0.615385
stack,maker,1re moitié (validation),0.0725,1326,150.13,0.11322,0.596531,0.483311,0.635747
stack,maker,1re moitié (validation),0.075,1252,143.47,0.114593,0.598243,0.48365,0.621406
stack,maker,1re moitié (validation),0.0775,1177,133.62,0.113526,0.596432,0.482906,0.632116
stack,maker,1re moitié (validation),0.08,1097,136.28,0.12423,0.60711,0.482881,0.627165
stack,maker,1re moitié (validation),0.0825,840,116.43,0.138607,0.617857,0.47925,0.535714
stack,maker,1re moitié (validation),0.085,813,113.675,0.139822,0.618696,0.478875,0.530135
stack,maker,1re moitié (validation),0.0875,651,95.3,0.14639,0.62212,0.47573,0.44086
stack,maker,1re moitié (validation),0.09,638,94.27,0.147759,0.623824,0.476066,0.440439
stack,maker,1re moitié (validation),0.0925,588,85.645,0.145655,0.622449,0.476794,0.428571
stack,maker,1re moitié (validation),0.095,525,82.465,0.157076,0.632381,0.475305,0.36
stack,maker,1re moitié (validation),0.0975,473,70.49,0.149027,0.621564,0.472537,0.336152
stack,maker,1re moitié (validation),0.1,458,70.375,0.153657,0.626638,0.47298,0.320961
stack,maker,2e moitié (test final),0,24173,654.797,0.0270879,0.519009,0.491921,0.508046
stack,maker,2e moitié (test final),0.0025,24173,654.797,0.0270879,0.519009,0.491921,0.508046
stack,maker,2e moitié (test final),0.005,24173,654.797,0.0270879,0.519009,0.491921,0.508046
stack,maker,2e moitié (test final),0.0075,21991,602.467,0.0273961,0.519485,0.492089,0.539584
stack,maker,2e moitié (test final),0.01,20787,601.852,0.0289533,0.520902,0.491949,0.552268
stack,maker,2e moitié (test final),0.0125,18143,611.235,0.0336899,0.525106,0.491416,0.532657
stack,maker,2e moitié (test final),0.015,17702,608.88,0.0343961,0.525703,0.491307,0.535363
stack,maker,2e moitié (test final),0.0175,15170,557.085,0.0367228,0.528214,0.491491,0.538299
stack,maker,2e moitié (test final),0.02,14786,553.05,0.0374036,0.528879,0.491475,0.531787
stack,maker,2e moitié (test final),0.0225,13029,518.06,0.0397621,0.531046,0.491284,0.564126
stack,maker,2e moitié (test final),0.025,11791,474.045,0.040204,0.530913,0.490709,0.54126
stack,maker,2e moitié (test final),0.0275,10764,478.435,0.0444477,0.535117,0.490669,0.54961
stack,maker,2e moitié (test final),0.03,9709,449.025,0.0462483,0.536822,0.490573,0.550005
stack,maker,2e moitié (test final),0.0325,9170,416.38,0.0454068,0.535987,0.49058,0.566957
stack,maker,2e moitié (test final),0.035,7057,356.805,0.0505604,0.539464,0.488904,0.557461
stack,maker,2e moitié (test final),0.0375,6905,353.105,0.0511376,0.540043,0.488906,0.555395
stack,maker,2e moitié (test final),0.04,5917,294.85,0.049831,0.538449,0.488618,0.576813
stack,maker,2e moitié (test final),0.0425,5297,268.455,0.0506806,0.539362,0.488681,0.551255
stack,maker,2e moitié (test final),0.045,4372,231.955,0.0530547,0.541171,0.488116,0.610476
stack,maker,2e moitié (test final),0.0475,3635,191.455,0.0526699,0.540303,0.487633,0.563411
stack,maker,2e moitié (test final),0.05,3464,188.19,0.0543274,0.54157,0.487243,0.561201
stack,maker,2e moitié (test final),0.0525,2780,151.18,0.0543813,0.541007,0.486626,0.610432
stack,maker,2e moitié (test final),0.055,2704,154.435,0.0571135,0.543639,0.486526,0.612426
stack,maker,2e moitié (test final),0.0575,2270,145.09,0.0639163,0.550661,0.486744,0.664317
stack,maker,2e moitié (test final),0.06,1987,120.565,0.0606769,0.546553,0.485876,0.65224
stack,maker,2e moitié (test final),0.0625,1847,123.315,0.066765,0.552788,0.486023,0.649702
stack,maker,2e moitié (test final),0.065,1740,123.44,0.0709425,0.556897,0.485954,0.662644
stack,maker,2e moitié (test final),0.0675,1619,119.21,0.0736319,0.560222,0.48659,0.67449
stack,maker,2e moitié (test final),0.07,1371,107.29,0.0782567,0.564551,0.486295,0.684172
stack,maker,2e moitié (test final),0.0725,1331,105.485,0.0792524,0.56574,0.486488,0.698723
stack,maker,2e moitié (test final),0.075,1254,98.35,0.078429,0.565391,0.486962,0.694577
stack,maker,2e moitié (test final),0.0775,1173,100.485,0.085665,0.572038,0.486373,0.6948
stack,maker,2e moitié (test final),0.08,1098,94.205,0.0857969,0.571949,0.486152,0.683971
stack,maker,2e moitié (test final),0.0825,851,79.22,0.0930905,0.576968,0.483878,0.609871
stack,maker,2e moitié (test final),0.085,810,70.84,0.0874568,0.57037,0.482914,0.596296
stack,maker,2e moitié (test final),0.0875,638,56.945,0.0892555,0.568966,0.47971,0.53605
stack,maker,2e moitié (test final),0.09,630,58.525,0.0928968,0.573016,0.480119,0.536508
stack,maker,2e moitié (test final),0.0925,578,57.185,0.098936,0.579585,0.480649,0.531142
stack,maker,2e moitié (test final),0.095,484,50.085,0.103481,0.582645,0.479163,0.442149
stack,maker,2e moitié (test final),0.0975,419,40.53,0.0967303,0.572792,0.476062,0.436754
stack,maker,2e moitié (test final),0.1,408,39.565,0.096973,0.573529,0.476556,0.42402
logit_ind,taker_tick,1re moitié (validation),0,10522,60.859,0.00578398,0.530032,0.524248,0.39042
logit_ind,taker_tick,1re moitié (validation),0.0025,9094,85.684,0.00942204,0.533209,0.523787,0.380691
logit_ind,taker_tick,1re moitié (validation),0.005,8868,81.2087,0.0091575,0.533604,0.524446,0.387799
logit_ind,taker_tick,1re moitié (validation),0.0075,8004,123.001,0.0153674,0.539855,0.524488,0.370565
logit_ind,taker_tick,1re moitié (validation),0.01,7011,102.627,0.0146379,0.538867,0.52423,0.357866
logit_ind,taker_tick,1re moitié (validation),0.0125,5487,91.9527,0.0167583,0.54055,0.523792,0.408967
logit_ind,taker_tick,1re moitié (validation),0.015,5414,89.2028,0.0164763,0.54082,0.524344,0.412819
logit_ind,taker_tick,1re moitié (validation),0.0175,5137,96.3882,0.0187635,0.543313,0.52455,0.412887
logit_ind,taker_tick,1re moitié (validation),0.02,4537,75.2195,0.0165791,0.540886,0.524307,0.389464
logit_ind,taker_tick,1re moitié (validation),0.0225,3763,65.3921,0.0173777,0.541855,0.524477,0.410045
logit_ind,taker_tick,1re moitié (validation),0.025,3731,63.9278,0.0171342,0.541946,0.524812,0.412222
logit_ind,taker_tick,1re moitié (validation),0.0275,3593,63.0505,0.0175481,0.541887,0.524339,0.42054
logit_ind,taker_tick,1re moitié (validation),0.03,2851,47.1409,0.0165349,0.540512,0.523977,0.298492
logit_ind,taker_tick,1re moitié (validation),0.0325,2522,42.8333,0.0169839,0.541237,0.524253,0.276368
logit_ind,taker_tick,1re moitié (validation),0.035,2493,43.6858,0.0175234,0.542318,0.524795,0.273967
logit_ind,taker_tick,1re moitié (validation),0.0375,2309,43.7611,0.0189524,0.542659,0.523707,0.28757
logit_ind,taker_tick,1re moitié (validation),0.04,2099,34.248,0.0163163,0.540257,0.523941,0.236779
logit_ind,taker_tick,1re moitié (validation),0.0425,1984,27.2884,0.0137542,0.538306,0.524552,0.225806
logit_ind,taker_tick,1re moitié (validation),0.045,1959,27.9097,0.0142469,0.539561,0.525314,0.223073
logit_ind,taker_tick,1re moitié (validation),0.0475,1629,37.771,0.0231866,0.545734,0.522547,0.264579
logit_ind,taker_tick,1re moitié (validation),0.05,1529,39.0499,0.0255395,0.546763,0.521223,0.235448
logit_ind,taker_tick,1re moitié (validation),0.0525,1482,40.0892,0.0270507,0.548583,0.521532,0.228745
logit_ind,taker_tick,1re moitié (validation),0.055,1474,39.7568,0.026972,0.548847,0.521875,0.22863
logit_ind,taker_tick,1re moitié (validation),0.0575,957,30.6547,0.0320321,0.549634,0.517602,0.345873
logit_ind,taker_tick,1re moitié (validation),0.06,854,23.3791,0.027376,0.542155,0.514779,0.316159
logit_ind,taker_tick,1re moitié (validation),0.0625,841,22.8954,0.027224,0.542212,0.514988,0.313912
logit_ind,taker_tick,1re moitié (validation),0.065,836,22.0806,0.0264122,0.541866,0.515454,0.313397
logit_ind,taker_tick,1re moitié (validation),0.0675,553,19.8406,0.0358782,0.54792,0.512042,0.466546
logit_ind,taker_tick,1re moitié (validation),0.07,428,14.1026,0.0329499,0.537383,0.504433,0.418224
logit_ind,taker_tick,1re moitié (validation),0.0725,414,15.4862,0.0374063,0.541063,0.503657,0.429952
logit_ind,taker_tick,1re moitié (validation),0.075,411,14.7568,0.0359047,0.540146,0.504241,0.430657
logit_ind,taker_tick,1re moitié (validation),0.0775,327,14.7949,0.0452443,0.547401,0.502156,0.541284
logit_ind,taker_tick,1re moitié (validation),0.08,196,13.8143,0.0704811,0.556122,0.485641,0.403061
logit_ind,taker_tick,1re moitié (validation),0.0825,184,13.2232,0.0718651,0.554348,0.482483,0.423913
logit_ind,taker_tick,1re moitié (validation),0.085,181,13.5942,0.0751062,0.558011,0.482905,0.41989
logit_ind,taker_tick,1re moitié (validation),0.0875,167,13.3863,0.0801572,0.562874,0.482717,0.443114
logit_ind,taker_tick,1re moitié (validation),0.09,100,12.9017,0.129017,0.59,0.460983,0.38
logit_ind,taker_tick,1re moitié (validation),0.0925,86,14.0126,0.162938,0.616279,0.453342,0.430233
logit_ind,taker_tick,1re moitié (validation),0.095,86,14.0126,0.162938,0.616279,0.453342,0.430233
logit_ind,taker_tick,1re moitié (validation),0.0975,83,14.485,0.174518,0.626506,0.451988,0.445783
logit_ind,taker_tick,1re moitié (validation),0.1,63,12.7142,0.201813,0.634921,0.433108,0.31746
logit_ind,taker_tick,2e moitié (test final),0,10064,14.3827,0.00142912,0.525934,0.524505,0.39845
logit_ind,taker_tick,2e moitié (test final),0.0025,8645,33.9158,0.00392317,0.527935,0.524012,0.392828
logit_ind,taker_tick,2e moitié (test final),0.005,8407,56.0382,0.00666566,0.531462,0.524796,0.401213
logit_ind,taker_tick,2e moitié (test final),0.0075,7524,73.7226,0.00979833,0.534689,0.524891,0.382642
logit_ind,taker_tick,2e moitié (test final),0.01,6473,77.9473,0.0120419,0.536536,0.524494,0.37108
logit_ind,taker_tick,2e moitié (test final),0.0125,4828,62.7896,0.0130053,0.537283,0.524277,0.437034
logit_ind,taker_tick,2e moitié (test final),0.015,4736,70.5818,0.0149033,0.539907,0.525004,0.441301
logit_ind,taker_tick,2e moitié (test final),0.0175,4445,73.8886,0.0166229,0.541732,0.525109,0.445669
logit_ind,taker_tick,2e moitié (test final),0.02,3845,74.0973,0.0192711,0.543823,0.524552,0.411964
logit_ind,taker_tick,2e moitié (test final),0.0225,3139,67.5187,0.0215096,0.546352,0.524843,0.427843
logit_ind,taker_tick,2e moitié (test final),0.025,3103,72.5327,0.023375,0.548824,0.525449,0.430229
logit_ind,taker_tick,2e moitié (test final),0.0275,2966,64.9759,0.0219069,0.546864,0.524958,0.440661
logit_ind,taker_tick,2e moitié (test final),0.03,2307,47.993,0.0208032,0.545297,0.524494,0.312094
logit_ind,taker_tick,2e moitié (test final),0.0325,2048,53.7703,0.026255,0.55127,0.525015,0.287109
logit_ind,taker_tick,2e moitié (test final),0.035,2013,53.1163,0.0263866,0.552409,0.526023,0.28465
logit_ind,taker_tick,2e moitié (test final),0.0375,1846,51.6546,0.0279819,0.552546,0.524564,0.306067
logit_ind,taker_tick,2e moitié (test final),0.04,1666,39.6345,0.0237902,0.548019,0.524229,0.2497
logit_ind,taker_tick,2e moitié (test final),0.0425,1565,41.5903,0.0265753,0.551438,0.524862,0.229393
logit_ind,taker_tick,2e moitié (test final),0.045,1542,42.3176,0.0274433,0.553178,0.525734,0.226329
logit_ind,taker_tick,2e moitié (test final),0.0475,1259,35.3975,0.0281156,0.551231,0.523116,0.266084
logit_ind,taker_tick,2e moitié (test final),0.05,1166,35.7244,0.0306384,0.553173,0.522535,0.231561
logit_ind,taker_tick,2e moitié (test final),0.0525,1139,39.725,0.0348771,0.557507,0.52263,0.224759
logit_ind,taker_tick,2e moitié (test final),0.055,1136,40.0664,0.0352697,0.558099,0.522829,0.223592
logit_ind,taker_tick,2e moitié (test final),0.0575,656,27.0178,0.0411856,0.559451,0.518266,0.379573
logit_ind,taker_tick,2e moitié (test final),0.06,565,21.9739,0.0388918,0.553982,0.51509,0.330973
logit_ind,taker_tick,2e moitié (test final),0.0625,552,20.7201,0.0375365,0.552536,0.515,0.32971
logit_ind,taker_tick,2e moitié (test final),0.065,550,21.5942,0.0392623,0.554545,0.515283,0.329091
logit_ind,taker_tick,2e moitié (test final),0.0675,337,17.8982,0.0531103,0.563798,0.510688,0.52819
logit_ind,taker_tick,2e moitié (test final),0.07,253,10.7252,0.0423919,0.545455,0.503063,0.513834
logit_ind,taker_tick,2e moitié (test final),0.0725,237,11.1737,0.0471465,0.548523,0.501377,0.548523
logit_ind,taker_tick,2e moitié (test final),0.075,235,10.9972,0.0467965,0.548936,0.50214,0.553191
logit_ind,taker_tick,2e moitié (test final),0.0775,210,10.7839,0.051352,0.552381,0.501029,0.619048
logit_ind,taker_tick,2e moitié (test final),0.08,106,2.77215,0.0261524,0.5,0.473848,0.650943
logit_ind,taker_tick,2e moitié (test final),0.0825,102,4.87191,0.0477638,0.519608,0.471844,0.676471
logit_ind,taker_tick,2e moitié (test final),0.085,99,4.13242,0.0417416,0.515152,0.47341,0.676768
logit_ind,taker_tick,2e moitié (test final),0.0875,92,1.35275,0.0147038,0.48913,0.474427,0.684783
logit_ind,taker_tick,2e moitié (test final),0.09,66,3.77579,0.0572089,0.515152,0.457943,0.621212
logit_ind,taker_tick,2e moitié (test final),0.0925,57,5.38243,0.0944286,0.54386,0.449431,0.684211
logit_ind,taker_tick,2e moitié (test final),0.095,56,5.80936,0.103739,0.553571,0.449833,0.678571
logit_ind,taker_tick,2e moitié (test final),0.0975,54,5.74388,0.106368,0.555556,0.449187,0.685185
logit_ind,taker_tick,2e moitié (test final),0.1,37,3.57121,0.0965192,0.513514,0.416994,0.567568
hgb_ind,taker_tick,1re moitié (validation),0,9469,1.83451,0.000193739,0.527511,0.527317,0.367726
hgb_ind,taker_tick,1re moitié (validation),0.0025,8771,-9.3582,-0.00106695,0.526508,0.527575,0.374188
hgb_ind,taker_tick,1re moitié (validation),0.005,8291,11.4239,0.00137787,0.528766,0.527388,0.362682
hgb_ind,taker_tick,1re moitié (validation),0.0075,7639,24.6583,0.00322794,0.530829,0.527601,0.340621
hgb_ind,taker_tick,1re moitié (validation),0.01,7314,25.6724,0.00351004,0.531583,0.528073,0.341127
hgb_ind,taker_tick,1re moitié (validation),0.0125,6491,37.3383,0.00575231,0.533354,0.527602,0.351102
hgb_ind,taker_tick,1re moitié (validation),0.015,6115,33.8957,0.00554304,0.532952,0.527409,0.316435
hgb_ind,taker_tick,1re moitié (validation),0.0175,5771,50.0412,0.00867116,0.535782,0.527111,0.31537
hgb_ind,taker_tick,1re moitié (validation),0.02,5604,54.9399,0.00980369,0.537116,0.527313,0.318879
hgb_ind,taker_tick,1re moitié (validation),0.0225,4858,52.9809,0.0109059,0.538287,0.527381,0.327089
hgb_ind,taker_tick,1re moitié (validation),0.025,4207,46.2313,0.0109891,0.538626,0.527637,0.23033
hgb_ind,taker_tick,1re moitié (validation),0.0275,3740,52.2698,0.0139759,0.540374,0.526398,0.24385
hgb_ind,taker_tick,1re moitié (validation),0.03,3614,52.8445,0.0146222,0.540675,0.526053,0.248201
hgb_ind,taker_tick,1re moitié (validation),0.0325,3314,65.827,0.0198633,0.545866,0.526003,0.243814
hgb_ind,taker_tick,1re moitié (validation),0.035,3158,69.9537,0.0221513,0.548448,0.526297,0.220393
hgb_ind,taker_tick,1re moitié (validation),0.0375,2432,79.6585,0.0327543,0.557566,0.524811,0.255757
hgb_ind,taker_tick,1re moitié (validation),0.04,2238,68.5142,0.030614,0.554513,0.523899,0.270777
hgb_ind,taker_tick,1re moitié (validation),0.0425,2039,56.4695,0.0276947,0.55076,0.523065,0.243747
hgb_ind,taker_tick,1re moitié (validation),0.045,1845,57.008,0.0308986,0.553388,0.522489,0.256911
hgb_ind,taker_tick,1re moitié (validation),0.0475,1458,45.1812,0.0309885,0.552812,0.521824,0.274348
hgb_ind,taker_tick,1re moitié (validation),0.05,1220,36.0289,0.0295319,0.55,0.520468,0.302459
hgb_ind,taker_tick,1re moitié (validation),0.0525,1094,41.968,0.0383619,0.557587,0.519225,0.303473
hgb_ind,taker_tick,1re moitié (validation),0.055,951,41.4275,0.0435621,0.562566,0.519004,0.333333
hgb_ind,taker_tick,1re moitié (validation),0.0575,807,40.7236,0.0504629,0.568773,0.51831,0.307311
hgb_ind,taker_tick,1re moitié (validation),0.06,687,33.6278,0.0489488,0.56623,0.517281,0.286754
hgb_ind,taker_tick,1re moitié (validation),0.0625,625,28.5286,0.0456457,0.5616,0.515954,0.3024
hgb_ind,taker_tick,1re moitié (validation),0.065,577,28.0678,0.0486444,0.564991,0.516347,0.318891
hgb_ind,taker_tick,1re moitié (validation),0.0675,517,28.6531,0.0554219,0.5706,0.515178,0.340426
hgb_ind,taker_tick,1re moitié (validation),0.07,439,21.8344,0.0497366,0.562642,0.512906,0.246014
hgb_ind,taker_tick,1re moitié (validation),0.0725,414,25.0899,0.0606037,0.572464,0.51186,0.246377
hgb_ind,taker_tick,1re moitié (validation),0.075,405,25.3956,0.0627052,0.575309,0.512603,0.244444
hgb_ind,taker_tick,1re moitié (validation),0.0775,345,23.8923,0.0692532,0.576812,0.507558,0.275362
hgb_ind,taker_tick,1re moitié (validation),0.08,294,20.2515,0.0688826,0.57483,0.505947,0.170068
hgb_ind,taker_tick,1re moitié (validation),0.0825,276,22.0951,0.0800549,0.583333,0.503278,0.155797
hgb_ind,taker_tick,1re moitié (validation),0.085,273,22.4564,0.082258,0.586081,0.503823,0.150183
hgb_ind,taker_tick,1re moitié (validation),0.0875,186,16.8047,0.0903477,0.580645,0.490297,0.209677
hgb_ind,taker_tick,1re moitié (validation),0.09,177,17.2514,0.0974654,0.587571,0.490105,0.19209
hgb_ind,taker_tick,1re moitié (validation),0.0925,157,12.0506,0.0767555,0.56051,0.483754,0.184713
hgb_ind,taker_tick,1re moitié (validation),0.095,156,11.5079,0.0737684,0.557692,0.483924,0.179487
hgb_ind,taker_tick,1re moitié (validation),0.0975,93,12.5486,0.134931,0.591398,0.456467,0.290323
hgb_ind,taker_tick,1re moitié (validation),0.1,92,13.026,0.141587,0.597826,0.45624,0.293478
hgb_ind,taker_tick,2e moitié (test final),0,8978,71.3065,0.00794236,0.5362,0.528257,0.418802
hgb_ind,taker_tick,2e moitié (test final),0.0025,8390,63.2339,0.00753682,0.535876,0.528339,0.423123
hgb_ind,taker_tick,2e moitié (test final),0.005,7886,38.5945,0.00489406,0.533223,0.528329,0.413771
hgb_ind,taker_tick,2e moitié (test final),0.0075,7197,39.563,0.00549716,0.534111,0.528614,0.390302
hgb_ind,taker_tick,2e moitié (test final),0.01,6884,53.1534,0.00772129,0.536897,0.529176,0.389599
hgb_ind,taker_tick,2e moitié (test final),0.0125,5965,81.2148,0.0136152,0.54233,0.528715,0.406538
hgb_ind,taker_tick,2e moitié (test final),0.015,5577,74.9415,0.0134376,0.542048,0.52861,0.371705
hgb_ind,taker_tick,2e moitié (test final),0.0175,5241,84.8487,0.0161894,0.544553,0.528363,0.37531
hgb_ind,taker_tick,2e moitié (test final),0.02,5090,89.6975,0.0176223,0.546169,0.528547,0.377014
hgb_ind,taker_tick,2e moitié (test final),0.0225,4431,92.2434,0.0208177,0.549537,0.52872,0.396524
hgb_ind,taker_tick,2e moitié (test final),0.025,3730,76.0409,0.0203863,0.549598,0.529212,0.287668
hgb_ind,taker_tick,2e moitié (test final),0.0275,3264,85.858,0.0263045,0.554228,0.527923,0.310662
hgb_ind,taker_tick,2e moitié (test final),0.03,3145,81.2692,0.0258408,0.553577,0.527736,0.316375
hgb_ind,taker_tick,2e moitié (test final),0.0325,2896,78.7301,0.0271858,0.554903,0.527718,0.301105
hgb_ind,taker_tick,2e moitié (test final),0.035,2748,75.0859,0.0273239,0.555677,0.528353,0.273654
hgb_ind,taker_tick,2e moitié (test final),0.0375,2103,49.7057,0.0236356,0.551117,0.527482,0.328103
hgb_ind,taker_tick,2e moitié (test final),0.04,1913,48.4493,0.0253264,0.552013,0.526686,0.348667
hgb_ind,taker_tick,2e moitié (test final),0.0425,1737,37.9429,0.0218439,0.548071,0.526227,0.310881
hgb_ind,taker_tick,2e moitié (test final),0.045,1563,38.7422,0.0247871,0.550864,0.526077,0.329495
hgb_ind,taker_tick,2e moitié (test final),0.0475,1252,46.0263,0.0367622,0.5623,0.525538,0.36262
hgb_ind,taker_tick,2e moitié (test final),0.05,1012,40.209,0.0397322,0.564229,0.524497,0.411067
hgb_ind,taker_tick,2e moitié (test final),0.0525,902,30.8686,0.0342224,0.55765,0.523427,0.426829
hgb_ind,taker_tick,2e moitié (test final),0.055,762,35.176,0.0461627,0.569554,0.523391,0.494751
hgb_ind,taker_tick,2e moitié (test final),0.0575,624,36.2449,0.0580849,0.580128,0.522043,0.488782
hgb_ind,taker_tick,2e moitié (test final),0.06,517,41.2522,0.0797914,0.599613,0.519822,0.452611
hgb_ind,taker_tick,2e moitié (test final),0.0625,479,37.7242,0.0787562,0.597077,0.518321,0.461378
hgb_ind,taker_tick,2e moitié (test final),0.065,458,37.3106,0.0814643,0.600437,0.518972,0.471616
hgb_ind,taker_tick,2e moitié (test final),0.0675,417,33.9146,0.0813299,0.59952,0.51819,0.489209
hgb_ind,taker_tick,2e moitié (test final),0.07,341,28.2211,0.0827599,0.59824,0.515481,0.392962
hgb_ind,taker_tick,2e moitié (test final),0.0725,320,23.506,0.0734564,0.5875,0.514044,0.403125
hgb_ind,taker_tick,2e moitié (test final),0.075,318,23.4708,0.0738076,0.58805,0.514243,0.40566
hgb_ind,taker_tick,2e moitié (test final),0.0775,277,18.4048,0.0664434,0.577617,0.511174,0.462094
hgb_ind,taker_tick,2e moitié (test final),0.08,221,12.7127,0.0575237,0.565611,0.508087,0.334842
hgb_ind,taker_tick,2e moitié (test final),0.0825,204,14.8483,0.0727857,0.578431,0.505646,0.323529
hgb_ind,taker_tick,2e moitié (test final),0.085,201,15.2096,0.0756695,0.58209,0.50642,0.318408
hgb_ind,taker_tick,2e moitié (test final),0.0875,147,11.8608,0.0806856,0.578231,0.497546,0.421769
hgb_ind,taker_tick,2e moitié (test final),0.09,135,10.8896,0.0806641,0.577778,0.497114,0.37037
hgb_ind,taker_tick,2e moitié (test final),0.0925,115,9.74872,0.0847715,0.573913,0.489142,0.33913
hgb_ind,taker_tick,2e moitié (test final),0.095,114,9.19588,0.0806656,0.570175,0.48951,0.342105
hgb_ind,taker_tick,2e moitié (test final),0.0975,62,5.36425,0.0865202,0.548387,0.461867,0.612903
hgb_ind,taker_tick,2e moitié (test final),0.1,58,5.36411,0.0924847,0.551724,0.459239,0.603448
logit_ind1s,taker_tick,1re moitié (validation),0,13410,127.109,0.00947864,0.53214,0.522662,0.279717
logit_ind1s,taker_tick,1re moitié (validation),0.0025,12965,125.62,0.00968916,0.532125,0.522436,0.281604
logit_ind1s,taker_tick,1re moitié (validation),0.005,12675,138.583,0.0109336,0.533176,0.522242,0.279921
logit_ind1s,taker_tick,1re moitié (validation),0.0075,12035,142.503,0.0118407,0.534275,0.522434,0.286082
logit_ind1s,taker_tick,1re moitié (validation),0.01,11362,138.68,0.0122056,0.534853,0.522647,0.270111
logit_ind1s,taker_tick,1re moitié (validation),0.0125,10345,164.06,0.0158589,0.537941,0.522082,0.265829
logit_ind1s,taker_tick,1re moitié (validation),0.015,9583,153.286,0.0159956,0.537723,0.521727,0.271418
logit_ind1s,taker_tick,1re moitié (validation),0.0175,9109,145.584,0.0159824,0.538039,0.522057,0.28159
logit_ind1s,taker_tick,1re moitié (validation),0.02,8531,143.812,0.0168576,0.538741,0.521883,0.256242
logit_ind1s,taker_tick,1re moitié (validation),0.0225,7774,150.578,0.0193695,0.541291,0.521922,0.258168
logit_ind1s,taker_tick,1re moitié (validation),0.025,7320,144.79,0.01978,0.542077,0.522296,0.263661
logit_ind1s,taker_tick,1re moitié (validation),0.0275,7048,154.067,0.0218596,0.54441,0.52255,0.270148
logit_ind1s,taker_tick,1re moitié (validation),0.03,6090,152.706,0.0250748,0.547126,0.522052,0.208703
logit_ind1s,taker_tick,1re moitié (validation),0.0325,5639,157.523,0.0279345,0.549566,0.521631,0.213868
logit_ind1s,taker_tick,1re moitié (validation),0.035,5534,163.797,0.0295982,0.5515,0.521902,0.212866
logit_ind1s,taker_tick,1re moitié (validation),0.0375,5401,169.215,0.0313303,0.553416,0.522086,0.211442
logit_ind1s,taker_tick,1re moitié (validation),0.04,4892,174.114,0.0355916,0.557645,0.522054,0.192355
logit_ind1s,taker_tick,1re moitié (validation),0.0425,4027,149.429,0.0371068,0.55848,0.521373,0.22225
logit_ind1s,taker_tick,1re moitié (validation),0.045,3995,149.506,0.0374233,0.558949,0.521525,0.222528
logit_ind1s,taker_tick,1re moitié (validation),0.0475,3925,149.242,0.0380236,0.55949,0.521467,0.216815
logit_ind1s,taker_tick,1re moitié (validation),0.05,3621,148.152,0.0409147,0.561999,0.521085,0.219276
logit_ind1s,taker_tick,1re moitié (validation),0.0525,3055,149.822,0.0490416,0.570867,0.521826,0.250409
logit_ind1s,taker_tick,1re moitié (validation),0.055,3037,144.666,0.0476344,0.569641,0.522007,0.249918
logit_ind1s,taker_tick,1re moitié (validation),0.0575,2922,131.144,0.0448816,0.566735,0.521853,0.227926
logit_ind1s,taker_tick,1re moitié (validation),0.06,2392,118.652,0.0496036,0.570652,0.521049,0.272575
logit_ind1s,taker_tick,1re moitié (validation),0.0625,2249,117.67,0.0523211,0.574033,0.521712,0.26723
logit_ind1s,taker_tick,1re moitié (validation),0.065,2233,113.998,0.0510513,0.572772,0.521721,0.265114
logit_ind1s,taker_tick,1re moitié (validation),0.0675,2156,108.17,0.0501715,0.571892,0.521721,0.252783
logit_ind1s,taker_tick,1re moitié (validation),0.07,1806,95.0067,0.0526062,0.575858,0.523252,0.291251
logit_ind1s,taker_tick,1re moitié (validation),0.0725,1740,94.5958,0.0543654,0.578161,0.523796,0.288506
logit_ind1s,taker_tick,1re moitié (validation),0.075,1729,94.4666,0.0546366,0.578369,0.523732,0.286293
logit_ind1s,taker_tick,1re moitié (validation),0.0775,1650,87.1741,0.0528328,0.57697,0.524137,0.283636
logit_ind1s,taker_tick,1re moitié (validation),0.08,1574,81.9825,0.0520855,0.576874,0.524789,0.290978
logit_ind1s,taker_tick,1re moitié (validation),0.0825,1556,77.0048,0.0494889,0.57455,0.525061,0.291774
logit_ind1s,taker_tick,1re moitié (validation),0.085,1541,76.3255,0.0495299,0.574302,0.524773,0.28488
logit_ind1s,taker_tick,1re moitié (validation),0.0875,1507,73.649,0.0488713,0.573988,0.525117,0.283344
logit_ind1s,taker_tick,1re moitié (validation),0.09,1466,77.5047,0.0528682,0.578445,0.525577,0.287176
logit_ind1s,taker_tick,1re moitié (validation),0.0925,1447,77.0123,0.0532221,0.579129,0.525907,0.289565
logit_ind1s,taker_tick,1re moitié (validation),0.095,1411,72.7195,0.0515375,0.576896,0.525358,0.271439
logit_ind1s,taker_tick,1re moitié (validation),0.0975,1392,69.2886,0.0497763,0.575431,0.525655,0.270115
logit_ind1s,taker_tick,1re moitié (validation),0.1,1369,64.9404,0.0474363,0.573411,0.525975,0.273192
logit_ind1s,taker_tick,2e moitié (test final),0,13133,144.227,0.010982,0.534227,0.523245,0.292012
logit_ind1s,taker_tick,2e moitié (test final),0.0025,12739,157.158,0.0123367,0.535364,0.523027,0.292959
logit_ind1s,taker_tick,2e moitié (test final),0.005,12462,165.095,0.0132478,0.53611,0.522862,0.289761
logit_ind1s,taker_tick,2e moitié (test final),0.0075,11767,168.893,0.0143531,0.53752,0.523167,0.298207
logit_ind1s,taker_tick,2e moitié (test final),0.01,11120,163.826,0.0147325,0.538129,0.523397,0.280126
logit_ind1s,taker_tick,2e moitié (test final),0.0125,9933,165.438,0.0166554,0.539515,0.522859,0.277761
logit_ind1s,taker_tick,2e moitié (test final),0.015,9122,160.772,0.0176246,0.540123,0.522498,0.286341
logit_ind1s,taker_tick,2e moitié (test final),0.0175,8661,157.183,0.0181484,0.541046,0.522898,0.296732
logit_ind1s,taker_tick,2e moitié (test final),0.02,8057,134.753,0.016725,0.539407,0.522682,0.266352
logit_ind1s,taker_tick,2e moitié (test final),0.0225,7420,141.418,0.019059,0.541914,0.522855,0.269003
logit_ind1s,taker_tick,2e moitié (test final),0.025,7021,132.087,0.0188131,0.542088,0.523275,0.276171
logit_ind1s,taker_tick,2e moitié (test final),0.0275,6760,132.793,0.0196439,0.543343,0.523699,0.282249
logit_ind1s,taker_tick,2e moitié (test final),0.03,5727,106.552,0.0186051,0.541819,0.523214,0.224376
logit_ind1s,taker_tick,2e moitié (test final),0.0325,5299,112.887,0.0213035,0.544254,0.52295,0.230232
logit_ind1s,taker_tick,2e moitié (test final),0.035,5205,115.358,0.0221629,0.545437,0.523274,0.229395
logit_ind1s,taker_tick,2e moitié (test final),0.0375,5089,103.88,0.0204126,0.543918,0.523506,0.228532
logit_ind1s,taker_tick,2e moitié (test final),0.04,4638,99.9137,0.0215424,0.545278,0.523736,0.208711
logit_ind1s,taker_tick,2e moitié (test final),0.0425,3677,92.4239,0.0251357,0.548545,0.523409,0.254011
logit_ind1s,taker_tick,2e moitié (test final),0.045,3662,90.925,0.0248293,0.548334,0.523505,0.25396
logit_ind1s,taker_tick,2e moitié (test final),0.0475,3564,93.1338,0.0261318,0.549663,0.523531,0.247194
logit_ind1s,taker_tick,2e moitié (test final),0.05,3273,81.855,0.0250092,0.548427,0.523417,0.247785
logit_ind1s,taker_tick,2e moitié (test final),0.0525,2805,67.7898,0.0241675,0.548663,0.524496,0.278075
logit_ind1s,taker_tick,2e moitié (test final),0.055,2791,64.7233,0.02319,0.547832,0.524642,0.27732
logit_ind1s,taker_tick,2e moitié (test final),0.0575,2651,61.2374,0.0230998,0.547718,0.524618,0.248963
logit_ind1s,taker_tick,2e moitié (test final),0.06,2038,61.4067,0.0301308,0.554465,0.524334,0.314033
logit_ind1s,taker_tick,2e moitié (test final),0.0625,1915,58.7661,0.0306873,0.555614,0.524926,0.310183
logit_ind1s,taker_tick,2e moitié (test final),0.065,1899,56.913,0.02997,0.555029,0.525059,0.308583
logit_ind1s,taker_tick,2e moitié (test final),0.0675,1820,52.5827,0.0288916,0.553846,0.524955,0.297802
logit_ind1s,taker_tick,2e moitié (test final),0.07,1572,54.8812,0.0349117,0.561069,0.526157,0.339695
logit_ind1s,taker_tick,2e moitié (test final),0.0725,1531,50.6752,0.0330994,0.559765,0.526665,0.338341
logit_ind1s,taker_tick,2e moitié (test final),0.075,1511,52.213,0.0345553,0.561218,0.526662,0.334216
logit_ind1s,taker_tick,2e moitié (test final),0.0775,1474,47.2264,0.0320396,0.559023,0.526983,0.335142
logit_ind1s,taker_tick,2e moitié (test final),0.08,1404,49.8389,0.0354978,0.56339,0.527893,0.341168
logit_ind1s,taker_tick,2e moitié (test final),0.0825,1392,49.8362,0.0358019,0.563937,0.528135,0.344109
logit_ind1s,taker_tick,2e moitié (test final),0.085,1361,49.934,0.0366892,0.564291,0.527602,0.329904
logit_ind1s,taker_tick,2e moitié (test final),0.0875,1334,50.6133,0.037941,0.565967,0.528026,0.332084
logit_ind1s,taker_tick,2e moitié (test final),0.09,1294,53.0916,0.0410291,0.569552,0.528523,0.340031
logit_ind1s,taker_tick,2e moitié (test final),0.0925,1285,53.7468,0.0418263,0.570428,0.528602,0.342412
logit_ind1s,taker_tick,2e moitié (test final),0.095,1254,51.4159,0.0410016,0.569378,0.528376,0.327751
logit_ind1s,taker_tick,2e moitié (test final),0.0975,1249,51.0132,0.0408433,0.569255,0.528412,0.328263
logit_ind1s,taker_tick,2e moitié (test final),0.1,1234,50.4643,0.0408949,0.569692,0.528797,0.329011
hgb_ind1s,taker_tick,1re moitié (validation),0,15221,95.0167,0.00624247,0.53032,0.524077,0.330859
hgb_ind1s,taker_tick,1re moitié (validation),0.0025,14523,112.803,0.00776717,0.532535,0.524767,0.337189
hgb_ind1s,taker_tick,1re moitié (validation),0.005,13682,130.637,0.00954809,0.534132,0.524584,0.324952
hgb_ind1s,taker_tick,1re moitié (validation),0.0075,12118,148.103,0.0122218,0.536722,0.5245,0.337349
hgb_ind1s,taker_tick,1re moitié (validation),0.01,12076,147.093,0.0121806,0.536684,0.524504,0.337612
hgb_ind1s,taker_tick,1re moitié (validation),0.0125,11417,165.407,0.0144878,0.539371,0.524883,0.313305
hgb_ind1s,taker_tick,1re moitié (validation),0.015,10273,179.923,0.0175142,0.541906,0.524392,0.263701
hgb_ind1s,taker_tick,1re moitié (validation),0.0175,9225,180.16,0.0195295,0.54439,0.524861,0.282168
hgb_ind1s,taker_tick,1re moitié (validation),0.02,9153,180.474,0.0197175,0.544521,0.524803,0.283295
hgb_ind1s,taker_tick,1re moitié (validation),0.0225,8937,187.227,0.0209497,0.546156,0.525207,0.274924
hgb_ind1s,taker_tick,1re moitié (validation),0.025,8174,185.652,0.0227125,0.547468,0.524755,0.251896
hgb_ind1s,taker_tick,1re moitié (validation),0.0275,7492,201.382,0.0268796,0.551789,0.524909,0.264415
hgb_ind1s,taker_tick,1re moitié (validation),0.03,7406,208.114,0.0281008,0.55293,0.524829,0.267351
hgb_ind1s,taker_tick,1re moitié (validation),0.0325,7336,197.263,0.0268898,0.551936,0.525046,0.264177
hgb_ind1s,taker_tick,1re moitié (validation),0.035,5916,201.463,0.0340539,0.558147,0.524094,0.256423
hgb_ind1s,taker_tick,1re moitié (validation),0.0375,5520,181.514,0.032883,0.557609,0.524726,0.262319
hgb_ind1s,taker_tick,1re moitié (validation),0.04,5415,183.009,0.0337968,0.558449,0.524652,0.266482
hgb_ind1s,taker_tick,1re moitié (validation),0.0425,5206,179.619,0.0345023,0.558586,0.524084,0.272762
hgb_ind1s,taker_tick,1re moitié (validation),0.045,4398,180.872,0.0411259,0.565712,0.524586,0.290814
hgb_ind1s,taker_tick,1re moitié (validation),0.0475,4215,184.607,0.0437975,0.568446,0.524649,0.27758
hgb_ind1s,taker_tick,1re moitié (validation),0.05,4126,177.252,0.0429598,0.56762,0.52466,0.282356
hgb_ind1s,taker_tick,1re moitié (validation),0.0525,3712,190.89,0.0514252,0.574623,0.523198,0.307651
hgb_ind1s,taker_tick,1re moitié (validation),0.055,3394,170.269,0.0501676,0.573365,0.523197,0.324101
hgb_ind1s,taker_tick,1re moitié (validation),0.0575,3259,159.357,0.0488974,0.572261,0.523364,0.305308
hgb_ind1s,taker_tick,1re moitié (validation),0.06,3196,154.798,0.0484351,0.571965,0.52353,0.311327
hgb_ind1s,taker_tick,1re moitié (validation),0.0625,2403,133.632,0.0556104,0.577611,0.522001,0.396171
hgb_ind1s,taker_tick,1re moitié (validation),0.065,2216,133.218,0.0601164,0.58213,0.522014,0.423736
hgb_ind1s,taker_tick,1re moitié (validation),0.0675,2150,132.78,0.061758,0.583721,0.521963,0.415349
hgb_ind1s,taker_tick,1re moitié (validation),0.07,2073,136.573,0.0658818,0.587072,0.52119,0.397009
hgb_ind1s,taker_tick,1re moitié (validation),0.0725,1695,129.863,0.0766152,0.59882,0.522205,0.480236
hgb_ind1s,taker_tick,1re moitié (validation),0.075,1604,133.653,0.0833247,0.605985,0.52266,0.503741
hgb_ind1s,taker_tick,1re moitié (validation),0.0775,1538,133.714,0.0869399,0.609233,0.522293,0.506502
hgb_ind1s,taker_tick,1re moitié (validation),0.08,1418,115.17,0.0812201,0.602257,0.521037,0.465444
hgb_ind1s,taker_tick,1re moitié (validation),0.0825,1344,112.058,0.0833769,0.604911,0.521534,0.487351
hgb_ind1s,taker_tick,1re moitié (validation),0.085,1324,114.987,0.0868485,0.608761,0.521913,0.492447
hgb_ind1s,taker_tick,1re moitié (validation),0.0875,1214,107.269,0.08836,0.609555,0.521195,0.497529
hgb_ind1s,taker_tick,1re moitié (validation),0.09,876,84.3766,0.0963203,0.615297,0.518977,0.307078
hgb_ind1s,taker_tick,1re moitié (validation),0.0925,801,81.1038,0.101253,0.619226,0.517973,0.322097
hgb_ind1s,taker_tick,1re moitié (validation),0.095,796,81.4605,0.102337,0.620603,0.518266,0.321608
hgb_ind1s,taker_tick,1re moitié (validation),0.0975,696,72.8684,0.104696,0.622126,0.51743,0.354885
hgb_ind1s,taker_tick,1re moitié (validation),0.1,623,68.6659,0.110218,0.627608,0.51739,0.280899
hgb_ind1s,taker_tick,2e moitié (test final),0,15179,103.619,0.00682645,0.531392,0.524566,0.357072
hgb_ind1s,taker_tick,2e moitié (test final),0.0025,14445,124.126,0.00859303,0.533818,0.525225,0.362409
hgb_ind1s,taker_tick,2e moitié (test final),0.005,13618,133.023,0.00976818,0.53488,0.525112,0.351961
hgb_ind1s,taker_tick,2e moitié (test final),0.0075,11929,143.534,0.0120324,0.537094,0.525062,0.369855
hgb_ind1s,taker_tick,2e moitié (test final),0.01,11879,150.862,0.0126999,0.537756,0.525056,0.370654
hgb_ind1s,taker_tick,2e moitié (test final),0.0125,11152,156.734,0.0140543,0.539724,0.52567,0.346933
hgb_ind1s,taker_tick,2e moitié (test final),0.015,9932,171.641,0.0172816,0.54259,0.525308,0.2941
hgb_ind1s,taker_tick,2e moitié (test final),0.0175,8999,154.216,0.017137,0.54306,0.525923,0.31159
hgb_ind1s,taker_tick,2e moitié (test final),0.02,8901,154.513,0.017359,0.543197,0.525838,0.314347
hgb_ind1s,taker_tick,2e moitié (test final),0.0225,8643,148.838,0.0172206,0.543677,0.526456,0.306375
hgb_ind1s,taker_tick,2e moitié (test final),0.025,7850,163.315,0.0208044,0.546879,0.526075,0.282675
hgb_ind1s,taker_tick,2e moitié (test final),0.0275,7155,166.412,0.0232582,0.549546,0.526288,0.29993
hgb_ind1s,taker_tick,2e moitié (test final),0.03,7057,167.424,0.0237245,0.54995,0.526226,0.303954
hgb_ind1s,taker_tick,2e moitié (test final),0.0325,6978,163.188,0.0233861,0.549871,0.526485,0.301232
hgb_ind1s,taker_tick,2e moitié (test final),0.035,5475,140.02,0.0255745,0.551416,0.525841,0.300091
hgb_ind1s,taker_tick,2e moitié (test final),0.0375,5103,133.212,0.0261046,0.55242,0.526316,0.305311
hgb_ind1s,taker_tick,2e moitié (test final),0.04,4994,138.887,0.0278107,0.554065,0.526254,0.310773
hgb_ind1s,taker_tick,2e moitié (test final),0.0425,4790,141.166,0.029471,0.555324,0.525853,0.319207
hgb_ind1s,taker_tick,2e moitié (test final),0.045,4105,122.185,0.0297649,0.556395,0.52663,0.335201
hgb_ind1s,taker_tick,2e moitié (test final),0.0475,3916,111.755,0.028538,0.555158,0.52662,0.318437
hgb_ind1s,taker_tick,2e moitié (test final),0.05,3845,109.855,0.0285709,0.555267,0.526696,0.322757
hgb_ind1s,taker_tick,2e moitié (test final),0.0525,3496,89.225,0.025522,0.551201,0.525679,0.346682
hgb_ind1s,taker_tick,2e moitié (test final),0.055,3190,91.1814,0.0285835,0.554545,0.525962,0.366458
hgb_ind1s,taker_tick,2e moitié (test final),0.0575,3099,97.6291,0.0315034,0.557599,0.526096,0.35334
hgb_ind1s,taker_tick,2e moitié (test final),0.06,3065,96.9626,0.0316354,0.557912,0.526276,0.357259
hgb_ind1s,taker_tick,2e moitié (test final),0.0625,2218,56.6995,0.0255633,0.550947,0.525383,0.470243
hgb_ind1s,taker_tick,2e moitié (test final),0.065,2069,60.9124,0.0294405,0.554857,0.525417,0.497342
hgb_ind1s,taker_tick,2e moitié (test final),0.0675,2009,59.2788,0.0295066,0.555002,0.525496,0.490294
hgb_ind1s,taker_tick,2e moitié (test final),0.07,1924,53.2119,0.0276569,0.552495,0.524838,0.474532
hgb_ind1s,taker_tick,2e moitié (test final),0.0725,1684,54.2494,0.0322146,0.558195,0.52598,0.539192
hgb_ind1s,taker_tick,2e moitié (test final),0.075,1599,57.5636,0.0359998,0.562226,0.526227,0.563477
hgb_ind1s,taker_tick,2e moitié (test final),0.0775,1537,55.114,0.0358582,0.562134,0.526276,0.567339
hgb_ind1s,taker_tick,2e moitié (test final),0.08,1400,57.6274,0.0411624,0.566429,0.525266,0.527143
hgb_ind1s,taker_tick,2e moitié (test final),0.0825,1334,59.2191,0.0443921,0.569715,0.525323,0.549475
hgb_ind1s,taker_tick,2e moitié (test final),0.085,1316,61.2434,0.0465375,0.572188,0.525651,0.555471
hgb_ind1s,taker_tick,2e moitié (test final),0.0875,1216,60.768,0.0499737,0.575658,0.525684,0.555099
hgb_ind1s,taker_tick,2e moitié (test final),0.09,885,50.3563,0.0568998,0.581921,0.525021,0.39209
hgb_ind1s,taker_tick,2e moitié (test final),0.0925,807,49.3463,0.0611479,0.584882,0.523734,0.413879
hgb_ind1s,taker_tick,2e moitié (test final),0.095,800,50.748,0.063435,0.5875,0.524065,0.41625
hgb_ind1s,taker_tick,2e moitié (test final),0.0975,713,45.319,0.0635611,0.587658,0.524097,0.448808
hgb_ind1s,taker_tick,2e moitié (test final),0.1,616,39.5165,0.0641502,0.589286,0.525135,0.362013
logit_tw,taker_tick,1re moitié (validation),0,15092,217.432,0.0144071,0.53472,0.520313,0.411277
logit_tw,taker_tick,1re moitié (validation),0.0025,14100,252.653,0.0179187,0.538085,0.520166,0.400355
logit_tw,taker_tick,1re moitié (validation),0.005,13509,272.096,0.0201418,0.540603,0.520461,0.40721
logit_tw,taker_tick,1re moitié (validation),0.0075,12510,252.091,0.0201511,0.540847,0.520696,0.439249
logit_tw,taker_tick,1re moitié (validation),0.01,12062,254.157,0.0210709,0.541535,0.520465,0.434505
logit_tw,taker_tick,1re moitié (validation),0.0125,11050,243.272,0.0220155,0.542353,0.520337,0.450136
logit_tw,taker_tick,1re moitié (validation),0.015,10684,245.739,0.0230006,0.54371,0.52071,0.457413
logit_tw,taker_tick,1re moitié (validation),0.0175,10352,257.382,0.024863,0.545595,0.520732,0.471986
logit_tw,taker_tick,1re moitié (validation),0.02,9805,251.689,0.0256694,0.54615,0.52048,0.465987
logit_tw,taker_tick,1re moitié (validation),0.0225,9118,259.741,0.0284866,0.549353,0.520866,0.488923
logit_tw,taker_tick,1re moitié (validation),0.025,8894,259.693,0.0291987,0.550483,0.521285,0.495503
logit_tw,taker_tick,1re moitié (validation),0.0275,8350,248.833,0.0298003,0.551018,0.521218,0.527545
logit_tw,taker_tick,1re moitié (validation),0.03,7871,243.271,0.0309072,0.551645,0.520738,0.512768
logit_tw,taker_tick,1re moitié (validation),0.0325,7576,252.226,0.0332927,0.554514,0.521222,0.526399
logit_tw,taker_tick,1re moitié (validation),0.035,7486,249.205,0.0332894,0.554769,0.521479,0.529789
logit_tw,taker_tick,1re moitié (validation),0.0375,7124,243.355,0.0341599,0.556008,0.521848,0.556148
logit_tw,taker_tick,1re moitié (validation),0.04,6394,206.893,0.0323574,0.553488,0.52113,0.514388
logit_tw,taker_tick,1re moitié (validation),0.0425,6284,206.821,0.0329123,0.554265,0.521352,0.521165
logit_tw,taker_tick,1re moitié (validation),0.045,6246,210.091,0.0336361,0.555075,0.521439,0.520333
logit_tw,taker_tick,1re moitié (validation),0.0475,6167,209.772,0.0340152,0.5557,0.521685,0.526999
logit_tw,taker_tick,1re moitié (validation),0.05,4778,214.292,0.0448498,0.565509,0.520659,0.396191
logit_tw,taker_tick,1re moitié (validation),0.0525,4730,214.366,0.0453205,0.566173,0.520853,0.397674
logit_tw,taker_tick,1re moitié (validation),0.055,4683,210.725,0.0449979,0.565877,0.520879,0.393765
logit_tw,taker_tick,1re moitié (validation),0.0575,4649,207.386,0.0446087,0.565713,0.521104,0.396429
logit_tw,taker_tick,1re moitié (validation),0.06,4056,192.338,0.0474206,0.56928,0.521859,0.319034
logit_tw,taker_tick,1re moitié (validation),0.0625,3999,194.278,0.0485816,0.570393,0.521811,0.32183
logit_tw,taker_tick,1re moitié (validation),0.065,3892,192.218,0.0493879,0.571172,0.521784,0.305755
logit_tw,taker_tick,1re moitié (validation),0.0675,3868,192.114,0.0496674,0.571613,0.521946,0.307394
logit_tw,taker_tick,1re moitié (validation),0.07,3597,184.507,0.0512946,0.573812,0.522517,0.28357
logit_tw,taker_tick,1re moitié (validation),0.0725,3505,180.879,0.0516061,0.573752,0.522146,0.290157
logit_tw,taker_tick,1re moitié (validation),0.075,3449,184.517,0.0534987,0.575819,0.52232,0.281821
logit_tw,taker_tick,1re moitié (validation),0.0775,3431,182.578,0.0532143,0.575634,0.52242,0.282716
logit_tw,taker_tick,1re moitié (validation),0.08,3284,178.114,0.054237,0.577345,0.523108,0.27162
logit_tw,taker_tick,1re moitié (validation),0.0825,3069,177.45,0.0578202,0.579993,0.522173,0.290323
logit_tw,taker_tick,1re moitié (validation),0.085,3048,177.795,0.0583318,0.580709,0.522377,0.286089
logit_tw,taker_tick,1re moitié (validation),0.0875,3033,175.154,0.0577495,0.580284,0.522534,0.287504
logit_tw,taker_tick,1re moitié (validation),0.09,2962,173.683,0.0586371,0.581364,0.522727,0.279878
logit_tw,taker_tick,1re moitié (validation),0.0925,2429,158.483,0.0652462,0.587073,0.521827,0.340058
logit_tw,taker_tick,1re moitié (validation),0.095,2414,160.182,0.0663553,0.588235,0.52188,0.336785
logit_tw,taker_tick,1re moitié (validation),0.0975,2371,150.179,0.0633398,0.584985,0.521645,0.342472
logit_tw,taker_tick,1re moitié (validation),0.1,2319,152.614,0.0658101,0.587753,0.521943,0.333333
logit_tw,taker_tick,2e moitié (test final),0,14783,115.45,0.00780967,0.527904,0.520094,0.424339
logit_tw,taker_tick,2e moitié (test final),0.0025,13733,106.844,0.00778013,0.527707,0.519927,0.410107
logit_tw,taker_tick,2e moitié (test final),0.005,13108,122.762,0.00936543,0.5296,0.520235,0.416768
logit_tw,taker_tick,2e moitié (test final),0.0075,12188,119.646,0.00981669,0.530276,0.520459,0.447982
logit_tw,taker_tick,2e moitié (test final),0.01,11751,114.951,0.00978227,0.529997,0.520215,0.44226
logit_tw,taker_tick,2e moitié (test final),0.0125,10652,89.907,0.00844039,0.528445,0.520005,0.462448
logit_tw,taker_tick,2e moitié (test final),0.015,10294,89.5123,0.00869558,0.529143,0.520448,0.469303
logit_tw,taker_tick,2e moitié (test final),0.0175,9977,93.8408,0.00940571,0.530019,0.520613,0.483412
logit_tw,taker_tick,2e moitié (test final),0.02,9487,100.84,0.0106293,0.530832,0.520202,0.476863
logit_tw,taker_tick,2e moitié (test final),0.0225,8860,94.9695,0.0107189,0.531264,0.520545,0.5
logit_tw,taker_tick,2e moitié (test final),0.025,8673,97.6347,0.0112573,0.532226,0.520969,0.505592
logit_tw,taker_tick,2e moitié (test final),0.0275,8068,101.163,0.0125387,0.533342,0.520803,0.543381
logit_tw,taker_tick,2e moitié (test final),0.03,7544,92.2858,0.012233,0.532476,0.520243,0.527837
logit_tw,taker_tick,2e moitié (test final),0.0325,7319,81.5874,0.0111473,0.531767,0.520619,0.539145
logit_tw,taker_tick,2e moitié (test final),0.035,7217,89.7847,0.0124407,0.533463,0.521022,0.542746
logit_tw,taker_tick,2e moitié (test final),0.0375,6872,86.0287,0.0125187,0.533906,0.521387,0.569994
logit_tw,taker_tick,2e moitié (test final),0.04,6269,76.3954,0.0121862,0.53294,0.520754,0.539001
logit_tw,taker_tick,2e moitié (test final),0.0425,6171,72.5328,0.0117538,0.532815,0.521061,0.543996
logit_tw,taker_tick,2e moitié (test final),0.045,6104,73.6174,0.0120605,0.533421,0.52136,0.543578
logit_tw,taker_tick,2e moitié (test final),0.0475,6023,81.2119,0.0134836,0.535115,0.521632,0.550722
logit_tw,taker_tick,2e moitié (test final),0.05,4622,63.7523,0.0137932,0.534401,0.520607,0.422328
logit_tw,taker_tick,2e moitié (test final),0.0525,4548,71.2478,0.0156657,0.5365,0.520834,0.426781
logit_tw,taker_tick,2e moitié (test final),0.055,4477,68.1808,0.0152291,0.536297,0.521068,0.423721
logit_tw,taker_tick,2e moitié (test final),0.0575,4439,72.4617,0.0163239,0.537508,0.521185,0.427123
logit_tw,taker_tick,2e moitié (test final),0.06,3870,80.3129,0.0207527,0.542894,0.522141,0.352196
logit_tw,taker_tick,2e moitié (test final),0.0625,3798,78.6128,0.0206985,0.542917,0.522219,0.356767
logit_tw,taker_tick,2e moitié (test final),0.065,3686,88.17,0.0239202,0.54612,0.5222,0.339121
logit_tw,taker_tick,2e moitié (test final),0.0675,3672,88.3721,0.0240665,0.546296,0.52223,0.340142
logit_tw,taker_tick,2e moitié (test final),0.07,3382,90.7012,0.0268188,0.54997,0.523152,0.314015
logit_tw,taker_tick,2e moitié (test final),0.0725,3275,84.1453,0.0256932,0.548397,0.522704,0.323969
logit_tw,taker_tick,2e moitié (test final),0.075,3221,87.5667,0.0271862,0.55014,0.522954,0.316361
logit_tw,taker_tick,2e moitié (test final),0.0775,3200,85.8708,0.0268346,0.549687,0.522853,0.318437
logit_tw,taker_tick,2e moitié (test final),0.08,3061,85.3879,0.0278954,0.551454,0.523558,0.306436
logit_tw,taker_tick,2e moitié (test final),0.0825,2890,79.3928,0.0274716,0.550519,0.523047,0.324567
logit_tw,taker_tick,2e moitié (test final),0.085,2879,78.6934,0.0273336,0.550538,0.523205,0.322681
logit_tw,taker_tick,2e moitié (test final),0.0875,2859,79.6992,0.0278766,0.550892,0.523015,0.324589
logit_tw,taker_tick,2e moitié (test final),0.09,2774,84.0211,0.0302888,0.553713,0.523424,0.313266
logit_tw,taker_tick,2e moitié (test final),0.0925,2181,79.5311,0.0364654,0.558918,0.522453,0.397524
logit_tw,taker_tick,2e moitié (test final),0.095,2176,80.1279,0.0368235,0.559283,0.52246,0.39614
logit_tw,taker_tick,2e moitié (test final),0.0975,2131,79.8298,0.0374612,0.559362,0.521901,0.404036
logit_tw,taker_tick,2e moitié (test final),0.1,2062,72.589,0.0352032,0.557711,0.522508,0.389428
hgb_tw,taker_tick,1re moitié (validation),0,14920,134.375,0.00900634,0.529625,0.520618,0.422453
hgb_tw,taker_tick,1re moitié (validation),0.0025,13944,140.441,0.0100718,0.530766,0.520694,0.392499
hgb_tw,taker_tick,1re moitié (validation),0.005,13269,153.865,0.0115958,0.532369,0.520773,0.371467
hgb_tw,taker_tick,1re moitié (validation),0.0075,12682,186.087,0.0146733,0.53501,0.520337,0.381249
hgb_tw,taker_tick,1re moitié (validation),0.01,12102,179,0.0147909,0.53487,0.520079,0.369278
hgb_tw,taker_tick,1re moitié (validation),0.0125,11458,170.369,0.014869,0.535346,0.520477,0.338541
hgb_tw,taker_tick,1re moitié (validation),0.015,11176,172.015,0.0153915,0.53597,0.520578,0.32534
hgb_tw,taker_tick,1re moitié (validation),0.0175,9622,191.395,0.0198914,0.539493,0.519601,0.371025
hgb_tw,taker_tick,1re moitié (validation),0.02,9164,185.468,0.0202387,0.539612,0.519373,0.373418
hgb_tw,taker_tick,1re moitié (validation),0.0225,8850,193.922,0.0219121,0.541808,0.519896,0.355028
hgb_tw,taker_tick,1re moitié (validation),0.025,8626,193.873,0.0224754,0.542198,0.519723,0.342917
hgb_tw,taker_tick,1re moitié (validation),0.0275,7555,181.866,0.0240723,0.544143,0.520071,0.386896
hgb_tw,taker_tick,1re moitié (validation),0.03,7076,177.026,0.0250178,0.544799,0.519782,0.407151
hgb_tw,taker_tick,1re moitié (validation),0.0325,6914,187.532,0.0271235,0.547295,0.520172,0.395285
hgb_tw,taker_tick,1re moitié (validation),0.035,6289,181.527,0.0288643,0.548259,0.519395,0.355541
hgb_tw,taker_tick,1re moitié (validation),0.0375,5955,176.458,0.0296319,0.549286,0.519654,0.365239
hgb_tw,taker_tick,1re moitié (validation),0.04,5468,180.421,0.0329958,0.552304,0.519308,0.388076
hgb_tw,taker_tick,1re moitié (validation),0.0425,5407,173.974,0.0321756,0.551877,0.519702,0.382282
hgb_tw,taker_tick,1re moitié (validation),0.045,4899,173.078,0.0353292,0.554603,0.519274,0.392121
hgb_tw,taker_tick,1re moitié (validation),0.0475,4546,172.974,0.0380498,0.557193,0.519143,0.412231
hgb_tw,taker_tick,1re moitié (validation),0.05,4130,179.029,0.0433483,0.562228,0.518879,0.430266
hgb_tw,taker_tick,1re moitié (validation),0.0525,4105,182.711,0.0445094,0.563703,0.519193,0.427284
hgb_tw,taker_tick,1re moitié (validation),0.055,3813,190.769,0.0500311,0.569368,0.519337,0.437975
hgb_tw,taker_tick,1re moitié (validation),0.0575,3519,163.777,0.0465407,0.565786,0.519245,0.451833
hgb_tw,taker_tick,1re moitié (validation),0.06,3016,157.262,0.0521424,0.570955,0.518812,0.411141
hgb_tw,taker_tick,1re moitié (validation),0.0625,2997,155.12,0.0517585,0.570904,0.519146,0.408075
hgb_tw,taker_tick,1re moitié (validation),0.065,2883,151.151,0.0524282,0.571974,0.519545,0.402012
hgb_tw,taker_tick,1re moitié (validation),0.0675,2596,134.335,0.0517468,0.570878,0.519131,0.368259
hgb_tw,taker_tick,1re moitié (validation),0.07,2397,144.092,0.0601136,0.579474,0.519361,0.349604
hgb_tw,taker_tick,1re moitié (validation),0.0725,2391,143.876,0.0601738,0.579674,0.5195,0.348808
hgb_tw,taker_tick,1re moitié (validation),0.075,2322,144.981,0.062438,0.582257,0.519819,0.336779
hgb_tw,taker_tick,1re moitié (validation),0.0775,2112,133.36,0.0631437,0.582386,0.519243,0.339015
hgb_tw,taker_tick,1re moitié (validation),0.08,1980,121.123,0.061173,0.580303,0.51913,0.34798
hgb_tw,taker_tick,1re moitié (validation),0.0825,1975,120.448,0.0609865,0.580253,0.519267,0.346329
hgb_tw,taker_tick,1re moitié (validation),0.085,1962,116.714,0.0594873,0.579001,0.519514,0.344037
hgb_tw,taker_tick,1re moitié (validation),0.0875,1594,108.807,0.0682603,0.586575,0.518314,0.411543
hgb_tw,taker_tick,1re moitié (validation),0.09,1403,96.6344,0.068877,0.5866,0.517723,0.455453
hgb_tw,taker_tick,1re moitié (validation),0.0925,1401,97.5787,0.0696493,0.587438,0.517788,0.455389
hgb_tw,taker_tick,1re moitié (validation),0.095,1393,95.3871,0.068476,0.586504,0.518028,0.452261
hgb_tw,taker_tick,1re moitié (validation),0.0975,1184,96.0702,0.0811404,0.599662,0.518522,0.522804
hgb_tw,taker_tick,1re moitié (validation),0.1,1046,84.044,0.080348,0.599426,0.519078,0.58413
hgb_tw,taker_tick,2e moitié (test final),0,14771,22.3614,0.00151387,0.52251,0.520996,0.416966
hgb_tw,taker_tick,2e moitié (test final),0.0025,13889,44.3633,0.00319413,0.524372,0.521178,0.391245
hgb_tw,taker_tick,2e moitié (test final),0.005,13177,40.5426,0.00307677,0.524399,0.521322,0.369735
hgb_tw,taker_tick,2e moitié (test final),0.0075,12600,44.3293,0.0035182,0.524444,0.520926,0.377937
hgb_tw,taker_tick,2e moitié (test final),0.01,12006,49.605,0.00413169,0.524738,0.520606,0.367233
hgb_tw,taker_tick,2e moitié (test final),0.0125,11444,44.8515,0.00391922,0.524904,0.520985,0.34079
hgb_tw,taker_tick,2e moitié (test final),0.015,11158,41.1855,0.00369112,0.524825,0.521134,0.328554
hgb_tw,taker_tick,2e moitié (test final),0.0175,9342,46.2261,0.0049482,0.524941,0.519993,0.385678
hgb_tw,taker_tick,2e moitié (test final),0.02,8917,75.6316,0.00848173,0.528317,0.519835,0.387462
hgb_tw,taker_tick,2e moitié (test final),0.0225,8607,81.3668,0.00945356,0.529801,0.520348,0.368653
hgb_tw,taker_tick,2e moitié (test final),0.025,8316,70.5769,0.00848688,0.52862,0.520133,0.356061
hgb_tw,taker_tick,2e moitié (test final),0.0275,7295,79.4736,0.0108943,0.53146,0.520566,0.400137
hgb_tw,taker_tick,2e moitié (test final),0.03,6748,101.629,0.0150605,0.535418,0.520357,0.425904
hgb_tw,taker_tick,2e moitié (test final),0.0325,6606,111.015,0.0168052,0.537542,0.520736,0.415834
hgb_tw,taker_tick,2e moitié (test final),0.035,6049,103.892,0.0171751,0.537279,0.520104,0.37841
hgb_tw,taker_tick,2e moitié (test final),0.0375,5696,110.091,0.0193277,0.539853,0.520525,0.389396
hgb_tw,taker_tick,2e moitié (test final),0.04,5273,129.784,0.0246129,0.544851,0.520238,0.41172
hgb_tw,taker_tick,2e moitié (test final),0.0425,5197,128.628,0.0247504,0.545507,0.520757,0.403502
hgb_tw,taker_tick,2e moitié (test final),0.045,4610,117.263,0.0254367,0.54577,0.520333,0.413449
hgb_tw,taker_tick,2e moitié (test final),0.0475,4222,111.79,0.026478,0.546423,0.519946,0.437707
hgb_tw,taker_tick,2e moitié (test final),0.05,3840,114.419,0.0297966,0.549479,0.519683,0.455729
hgb_tw,taker_tick,2e moitié (test final),0.0525,3809,117.077,0.0307369,0.550801,0.520064,0.452612
hgb_tw,taker_tick,2e moitié (test final),0.055,3517,106.634,0.0303195,0.550753,0.520434,0.467728
hgb_tw,taker_tick,2e moitié (test final),0.0575,3251,94.5414,0.0290807,0.549369,0.520289,0.482928
hgb_tw,taker_tick,2e moitié (test final),0.06,2756,88.206,0.0320051,0.551887,0.519882,0.442308
hgb_tw,taker_tick,2e moitié (test final),0.0625,2731,89.9088,0.0329216,0.553277,0.520356,0.438667
hgb_tw,taker_tick,2e moitié (test final),0.065,2620,87.0467,0.0332239,0.554198,0.520975,0.433969
hgb_tw,taker_tick,2e moitié (test final),0.0675,2326,96.5738,0.0415192,0.561909,0.52039,0.398968
hgb_tw,taker_tick,2e moitié (test final),0.07,2122,91.1092,0.0429355,0.563619,0.520684,0.383129
hgb_tw,taker_tick,2e moitié (test final),0.0725,2118,90.9281,0.0429311,0.563739,0.520808,0.381964
hgb_tw,taker_tick,2e moitié (test final),0.075,2067,88.811,0.0429661,0.564103,0.521136,0.373488
hgb_tw,taker_tick,2e moitié (test final),0.0775,1898,100.351,0.052872,0.573762,0.52089,0.374078
hgb_tw,taker_tick,2e moitié (test final),0.08,1774,98.9348,0.0557694,0.577227,0.521457,0.384442
hgb_tw,taker_tick,2e moitié (test final),0.0825,1759,99.4143,0.0565175,0.578169,0.521652,0.38033
hgb_tw,taker_tick,2e moitié (test final),0.085,1739,99.4337,0.0571787,0.579068,0.52189,0.376078
hgb_tw,taker_tick,2e moitié (test final),0.0875,1407,97.0975,0.0690103,0.589908,0.520897,0.452026
hgb_tw,taker_tick,2e moitié (test final),0.09,1220,77.6341,0.0636345,0.584426,0.520792,0.515574
hgb_tw,taker_tick,2e moitié (test final),0.0925,1214,78.3653,0.0645513,0.585667,0.521116,0.514827
hgb_tw,taker_tick,2e moitié (test final),0.095,1202,76.3637,0.0635306,0.584859,0.521328,0.509983
hgb_tw,taker_tick,2e moitié (test final),0.0975,1037,80.0875,0.07723,0.599807,0.522577,0.581485
hgb_tw,taker_tick,2e moitié (test final),0.1,949,78.8349,0.0830715,0.606955,0.523883,0.62803
stack,taker_tick,1re moitié (validation),0,9736,175.61,0.0180372,0.53636,0.518323,0.523726
stack,taker_tick,1re moitié (validation),0.0025,9403,187.998,0.0199934,0.538658,0.518664,0.523663
stack,taker_tick,1re moitié (validation),0.005,9236,184.365,0.0199615,0.538761,0.5188,0.516566
stack,taker_tick,1re moitié (validation),0.0075,6641,228.281,0.0343745,0.550971,0.516597,0.515736
stack,taker_tick,1re moitié (validation),0.01,6112,221.758,0.0362824,0.552192,0.51591,0.485275
stack,taker_tick,1re moitié (validation),0.0125,5453,215.359,0.0394937,0.555657,0.516164,0.505593
stack,taker_tick,1re moitié (validation),0.015,5293,210.172,0.0397075,0.556395,0.516688,0.505573
stack,taker_tick,1re moitié (validation),0.0175,4439,187.05,0.0421379,0.558009,0.515871,0.562064
stack,taker_tick,1re moitié (validation),0.02,3202,178.539,0.0557585,0.569332,0.513573,0.550906
stack,taker_tick,1re moitié (validation),0.0225,3045,175.901,0.0577672,0.570772,0.513005,0.548768
stack,taker_tick,1re moitié (validation),0.025,2929,175.704,0.0599875,0.573575,0.513587,0.539433
stack,taker_tick,1re moitié (validation),0.0275,2827,162.275,0.0574017,0.57057,0.513168,0.545808
stack,taker_tick,1re moitié (validation),0.03,2240,150.059,0.0669907,0.580357,0.513366,0.642857
stack,taker_tick,1re moitié (validation),0.0325,1931,153.846,0.0796715,0.591921,0.51225,0.618332
stack,taker_tick,1re moitié (validation),0.035,1776,138.831,0.0781708,0.59009,0.511919,0.601351
stack,taker_tick,1re moitié (validation),0.0375,1742,135.251,0.0776411,0.590126,0.512485,0.605052
stack,taker_tick,1re moitié (validation),0.04,1617,129.403,0.0800265,0.592455,0.512429,0.634508
stack,taker_tick,1re moitié (validation),0.0425,1326,111.172,0.0838402,0.595777,0.511937,0.630468
stack,taker_tick,1re moitié (validation),0.045,1269,100.917,0.0795247,0.591017,0.511492,0.624113
stack,taker_tick,1re moitié (validation),0.0475,1189,101.95,0.0857447,0.59714,0.511396,0.613961
stack,taker_tick,1re moitié (validation),0.05,1157,100.42,0.0867935,0.598099,0.511305,0.630078
stack,taker_tick,1re moitié (validation),0.0525,1094,103.299,0.0944232,0.606033,0.51161,0.629799
stack,taker_tick,1re moitié (validation),0.055,692,83.4351,0.120571,0.625723,0.505152,0.450867
stack,taker_tick,1re moitié (validation),0.0575,670,82.9189,0.12376,0.628358,0.504599,0.438806
stack,taker_tick,1re moitié (validation),0.06,637,75.372,0.118323,0.621664,0.503341,0.436421
stack,taker_tick,1re moitié (validation),0.0625,623,75.1448,0.120618,0.624398,0.50378,0.436597
stack,taker_tick,1re moitié (validation),0.065,585,66.3935,0.113493,0.618803,0.50531,0.425641
stack,taker_tick,1re moitié (validation),0.0675,509,63.4721,0.1247,0.628684,0.503984,0.341847
stack,taker_tick,1re moitié (validation),0.07,452,52.7858,0.116783,0.617257,0.500474,0.30531
stack,taker_tick,1re moitié (validation),0.0725,439,53.4407,0.121733,0.621868,0.500135,0.312073
stack,taker_tick,1re moitié (validation),0.075,430,54.7068,0.127225,0.627907,0.500682,0.306977
stack,taker_tick,1re moitié (validation),0.0775,396,50.2274,0.126837,0.628788,0.501951,0.267677
stack,taker_tick,1re moitié (validation),0.08,368,45.8661,0.124636,0.625,0.500364,0.211957
stack,taker_tick,1re moitié (validation),0.0825,277,36.5457,0.131934,0.620939,0.489005,0.231047
stack,taker_tick,1re moitié (validation),0.085,272,33.66,0.12375,0.613971,0.49022,0.231618
stack,taker_tick,1re moitié (validation),0.0875,266,33.3631,0.125425,0.616541,0.491116,0.221805
stack,taker_tick,1re moitié (validation),0.09,253,30.4172,0.120226,0.612648,0.492422,0.193676
stack,taker_tick,1re moitié (validation),0.0925,171,25.5016,0.149132,0.625731,0.476599,0.187135
stack,taker_tick,1re moitié (validation),0.095,129,20.6562,0.160125,0.620155,0.46003,0.248062
stack,taker_tick,1re moitié (validation),0.0975,129,20.6562,0.160125,0.620155,0.46003,0.248062
stack,taker_tick,1re moitié (validation),0.1,123,19.46,0.158211,0.617886,0.459675,0.219512
stack,taker_tick,2e moitié (test final),0,9578,144.477,0.0150842,0.533723,0.518639,0.567655
stack,taker_tick,2e moitié (test final),0.0025,9271,151.7,0.0163628,0.535433,0.51907,0.572862
stack,taker_tick,2e moitié (test final),0.005,9107,153.773,0.0168851,0.536181,0.519296,0.566817
stack,taker_tick,2e moitié (test final),0.0075,6582,134.807,0.0204811,0.537679,0.517197,0.563507
stack,taker_tick,2e moitié (test final),0.01,6023,132.047,0.0219238,0.538436,0.516512,0.53578
stack,taker_tick,2e moitié (test final),0.0125,5448,119.847,0.0219984,0.53873,0.516731,0.548091
stack,taker_tick,2e moitié (test final),0.015,5237,119.659,0.0228487,0.540195,0.517346,0.550888
stack,taker_tick,2e moitié (test final),0.0175,4340,106.297,0.0244925,0.541475,0.516982,0.61106
stack,taker_tick,2e moitié (test final),0.02,3053,72.1276,0.0236251,0.538487,0.514862,0.614478
stack,taker_tick,2e moitié (test final),0.0225,2882,72.0134,0.0249873,0.539209,0.514222,0.613463
stack,taker_tick,2e moitié (test final),0.025,2730,70.3016,0.0257515,0.540659,0.514908,0.606227
stack,taker_tick,2e moitié (test final),0.0275,2640,76.1134,0.0288308,0.543561,0.51473,0.609848
stack,taker_tick,2e moitié (test final),0.03,2219,79.5934,0.035869,0.551149,0.51528,0.675079
stack,taker_tick,2e moitié (test final),0.0325,1898,67.1001,0.0353531,0.549526,0.514173,0.662276
stack,taker_tick,2e moitié (test final),0.035,1778,72.8222,0.0409574,0.555118,0.514161,0.649606
stack,taker_tick,2e moitié (test final),0.0375,1720,72.8374,0.0423473,0.556977,0.514629,0.661047
stack,taker_tick,2e moitié (test final),0.04,1595,71.1974,0.0446379,0.559875,0.515237,0.683386
stack,taker_tick,2e moitié (test final),0.0425,1337,67.2793,0.0503211,0.565445,0.515124,0.693343
stack,taker_tick,2e moitié (test final),0.045,1265,71.2967,0.056361,0.570751,0.51439,0.686957
stack,taker_tick,2e moitié (test final),0.0475,1179,67.6527,0.0573814,0.571671,0.514289,0.681086
stack,taker_tick,2e moitié (test final),0.05,1152,67.8203,0.0588718,0.573785,0.514913,0.69184
stack,taker_tick,2e moitié (test final),0.0525,1096,61.5479,0.0561569,0.571168,0.515011,0.684307
stack,taker_tick,2e moitié (test final),0.055,706,51.3742,0.0727679,0.583569,0.510801,0.536827
stack,taker_tick,2e moitié (test final),0.0575,668,45.6968,0.0684084,0.577844,0.509436,0.51497
stack,taker_tick,2e moitié (test final),0.06,621,39.8326,0.0641428,0.571659,0.507516,0.533011
stack,taker_tick,2e moitié (test final),0.0625,610,42.0426,0.0689223,0.577049,0.508127,0.534426
stack,taker_tick,2e moitié (test final),0.065,574,41.5584,0.0724014,0.581882,0.50948,0.533101
stack,taker_tick,2e moitié (test final),0.0675,470,37.0069,0.0787381,0.587234,0.508496,0.431915
stack,taker_tick,2e moitié (test final),0.07,402,28.1418,0.0700044,0.574627,0.504622,0.412935
stack,taker_tick,2e moitié (test final),0.0725,389,27.068,0.0695835,0.573265,0.503681,0.424165
stack,taker_tick,2e moitié (test final),0.075,383,28.8918,0.0754356,0.579634,0.504199,0.420366
stack,taker_tick,2e moitié (test final),0.0775,345,24.0999,0.0698548,0.576812,0.506957,0.376812
stack,taker_tick,2e moitié (test final),0.08,302,19.7419,0.0653706,0.569536,0.504166,0.288079
stack,taker_tick,2e moitié (test final),0.0825,222,16.2187,0.0730572,0.567568,0.49451,0.279279
stack,taker_tick,2e moitié (test final),0.085,220,17.0523,0.0775104,0.572727,0.495217,0.277273
stack,taker_tick,2e moitié (test final),0.0875,218,16.9868,0.0779211,0.573394,0.495473,0.275229
stack,taker_tick,2e moitié (test final),0.09,208,17.7803,0.0854821,0.581731,0.496249,0.25
stack,taker_tick,2e moitié (test final),0.0925,133,11.2022,0.0842268,0.56391,0.479683,0.285714
stack,taker_tick,2e moitié (test final),0.095,82,9.8929,0.120645,0.573171,0.452526,0.45122
stack,taker_tick,2e moitié (test final),0.0975,81,10.2894,0.12703,0.580247,0.453217,0.444444
stack,taker_tick,2e moitié (test final),0.1,71,6.89144,0.0970625,0.549296,0.452233,0.422535
