slug,S,start_ts,duration,sigma_timesfm_bp,sigma_timesfm_iqr_bp,sigma_rv_bp,amplitude_quantile_train,quintile_train
btc-updown-15m-1788480000,2026-09-04 00:00:00+00:00,1788480000,15m,16.2744,15.2753,17.8864,0.503968,3
btc-updown-5m-1788480000,2026-09-04 00:00:00+00:00,1788480000,5m,11.0856,10.5257,10.9531,0.566468,3
btc-updown-5m-1788480300,2026-09-04 00:05:00+00:00,1788480300,5m,12.4321,12.062,11.3459,0.657738,4
btc-updown-5m-1788480600,2026-09-04 00:10:00+00:00,1788480600,5m,12.0805,11.669,10.8475,0.638889,4
btc-updown-15m-1788480900,2026-09-04 00:15:00+00:00,1788480900,15m,16.0817,15.1704,20.1588,0.498016,3
btc-updown-5m-1788480900,2026-09-04 00:15:00+00:00,1788480900,5m,11.3246,10.8517,12.3447,0.58631,3
btc-updown-5m-1788481200,2026-09-04 00:20:00+00:00,1788481200,5m,12.9185,12.5439,13.1144,0.681548,4
btc-updown-5m-1788481500,2026-09-04 00:25:00+00:00,1788481500,5m,12.2624,11.9549,12.4711,0.649802,4
btc-updown-15m-1788481800,2026-09-04 00:30:00+00:00,1788481800,15m,15.4559,14.9638,20.2275,0.469246,3
btc-updown-5m-1788481800,2026-09-04 00:30:00+00:00,1788481800,5m,11.2127,11.0135,12.3868,0.578373,3
btc-updown-5m-1788482100,2026-09-04 00:35:00+00:00,1788482100,5m,12.8097,12.4454,13.6625,0.677083,4
btc-updown-5m-1788482400,2026-09-04 00:40:00+00:00,1788482400,5m,13.7299,13.1847,12.6687,0.71131,4
btc-updown-15m-1788482700,2026-09-04 00:45:00+00:00,1788482700,15m,23.2906,22.0802,28.7986,0.736607,4
btc-updown-5m-1788482700,2026-09-04 00:45:00+00:00,1788482700,5m,19.0999,18.4131,17.6355,0.875992,5
btc-updown-5m-1788483000,2026-09-04 00:50:00+00:00,1788483000,5m,15.0529,14.6714,17.855,0.770833,4
btc-updown-5m-1788483300,2026-09-04 00:55:00+00:00,1788483300,5m,16.1183,15.5343,18.5069,0.808532,5
btc-updown-15m-1788483600,2026-09-04 01:00:00+00:00,1788483600,15m,22.7145,21.8564,28.001,0.724702,4
btc-updown-5m-1788483600,2026-09-04 01:00:00+00:00,1788483600,5m,15.8142,15.2199,17.147,0.796627,4
btc-updown-5m-1788483900,2026-09-04 01:05:00+00:00,1788483900,5m,13.6492,13.1346,15.8885,0.709325,4
btc-updown-5m-1788484200,2026-09-04 01:10:00+00:00,1788484200,5m,13.9404,13.4544,15.7839,0.72123,4
btc-updown-15m-1788484500,2026-09-04 01:15:00+00:00,1788484500,15m,18.7088,17.8097,23.9154,0.605159,4
btc-updown-5m-1788484500,2026-09-04 01:15:00+00:00,1788484500,5m,12.6646,12.3048,14.6451,0.667659,4
btc-updown-5m-1788484800,2026-09-04 01:20:00+00:00,1788484800,5m,9.3104,9.0193,13.6386,0.44494,3
btc-updown-5m-1788485100,2026-09-04 01:25:00+00:00,1788485100,5m,11.239,11.0222,13.5709,0.580853,3
btc-updown-15m-1788485400,2026-09-04 01:30:00+00:00,1788485400,15m,17.6139,16.8418,21.426,0.56498,3
btc-updown-5m-1788485400,2026-09-04 01:30:00+00:00,1788485400,5m,11.5529,11.2655,13.1207,0.59871,3
btc-updown-5m-1788485700,2026-09-04 01:35:00+00:00,1788485700,5m,11.7218,11.2858,12.9653,0.611607,4
btc-updown-5m-1788486000,2026-09-04 01:40:00+00:00,1788486000,5m,10.8413,10.5072,12.3384,0.552083,3
btc-updown-15m-1788486300,2026-09-04 01:45:00+00:00,1788486300,15m,16.3259,15.6319,19.9675,0.506448,3
btc-updown-5m-1788486300,2026-09-04 01:45:00+00:00,1788486300,5m,10.5408,10.2598,12.2276,0.53125,3
btc-updown-5m-1788486600,2026-09-04 01:50:00+00:00,1788486600,5m,10.5861,10.2478,11.4849,0.536706,3
btc-updown-5m-1788486900,2026-09-04 01:55:00+00:00,1788486900,5m,12.8531,12.4718,11.4686,0.678571,4
btc-updown-15m-1788487200,2026-09-04 02:00:00+00:00,1788487200,15m,17.6792,16.9026,17.2721,0.566964,3
btc-updown-5m-1788487200,2026-09-04 02:00:00+00:00,1788487200,5m,11.7691,11.3486,10.577,0.613095,4
btc-updown-5m-1788487500,2026-09-04 02:05:00+00:00,1788487500,5m,10.6071,10.3405,10.1894,0.538194,3
btc-updown-5m-1788487800,2026-09-04 02:10:00+00:00,1788487800,5m,10.6347,10.3961,10.2556,0.540179,3
btc-updown-15m-1788488100,2026-09-04 02:15:00+00:00,1788488100,15m,14.8786,14.3968,16.0088,0.442956,3
btc-updown-5m-1788488100,2026-09-04 02:15:00+00:00,1788488100,5m,9.22625,9.06973,9.80332,0.438492,3
btc-updown-5m-1788488400,2026-09-04 02:20:00+00:00,1788488400,5m,9.3271,9.16954,9.96324,0.446925,3
btc-updown-5m-1788488700,2026-09-04 02:25:00+00:00,1788488700,5m,8.65078,8.37771,9.37091,0.395833,2
btc-updown-15m-1788489000,2026-09-04 02:30:00+00:00,1788489000,15m,13.6277,12.9395,14.872,0.384921,2
btc-updown-5m-1788489000,2026-09-04 02:30:00+00:00,1788489000,5m,8.18137,7.92928,9.10721,0.363095,2
btc-updown-5m-1788489300,2026-09-04 02:35:00+00:00,1788489300,5m,8.64855,8.39475,9.54294,0.395337,2
btc-updown-5m-1788489600,2026-09-04 02:40:00+00:00,1788489600,5m,10.1385,9.89864,9.85232,0.509425,3
btc-updown-15m-1788489900,2026-09-04 02:45:00+00:00,1788489900,15m,13.9586,13.3876,15.4468,0.39881,2
btc-updown-5m-1788489900,2026-09-04 02:45:00+00:00,1788489900,5m,8.86071,8.65147,9.45917,0.413194,3
btc-updown-5m-1788490200,2026-09-04 02:50:00+00:00,1788490200,5m,8.75729,8.47565,9.40871,0.404266,3
btc-updown-5m-1788490500,2026-09-04 02:55:00+00:00,1788490500,5m,8.98031,8.71304,8.84226,0.420635,3
btc-updown-15m-1788490800,2026-09-04 03:00:00+00:00,1788490800,15m,13.7556,13.177,13.8382,0.390873,2
btc-updown-5m-1788490800,2026-09-04 03:00:00+00:00,1788490800,5m,9.63287,9.36245,8.47412,0.472718,3
btc-updown-5m-1788491100,2026-09-04 03:05:00+00:00,1788491100,5m,10.9478,10.7947,9.41082,0.558532,3
btc-updown-5m-1788491400,2026-09-04 03:10:00+00:00,1788491400,5m,12.4277,12.1278,9.97857,0.657242,4
btc-updown-15m-1788491700,2026-09-04 03:15:00+00:00,1788491700,15m,16.9576,16.4216,15.5113,0.53869,3
btc-updown-5m-1788491700,2026-09-04 03:15:00+00:00,1788491700,5m,11.1697,10.8988,9.49868,0.575893,3
btc-updown-5m-1788492000,2026-09-04 03:20:00+00:00,1788492000,5m,11.1814,10.9219,9.01692,0.577381,3
btc-updown-5m-1788492300,2026-09-04 03:25:00+00:00,1788492300,5m,10.5704,10.2778,8.42824,0.534722,3
btc-updown-15m-1788492600,2026-09-04 03:30:00+00:00,1788492600,15m,14.4108,13.8212,15.519,0.420139,3
btc-updown-5m-1788492600,2026-09-04 03:30:00+00:00,1788492600,5m,10.0087,9.79677,9.50343,0.500496,3
btc-updown-5m-1788492900,2026-09-04 03:35:00+00:00,1788492900,5m,9.3926,9.21795,9.00065,0.452877,3
btc-updown-5m-1788493200,2026-09-04 03:40:00+00:00,1788493200,5m,9.29186,9.03146,9.22518,0.443452,3
btc-updown-15m-1788493500,2026-09-04 03:45:00+00:00,1788493500,15m,14.2899,13.7682,14.7797,0.41369,3
btc-updown-5m-1788493500,2026-09-04 03:45:00+00:00,1788493500,5m,10.6305,10.2719,9.05069,0.540179,3
btc-updown-5m-1788493800,2026-09-04 03:50:00+00:00,1788493800,5m,11.5321,11.2232,8.49662,0.59871,3
btc-updown-5m-1788494100,2026-09-04 03:55:00+00:00,1788494100,5m,10.8953,10.5678,7.80023,0.556052,3
btc-updown-15m-1788494400,2026-09-04 04:00:00+00:00,1788494400,15m,14.6729,14.3006,12.0362,0.434028,3
btc-updown-5m-1788494400,2026-09-04 04:00:00+00:00,1788494400,5m,9.82267,9.4507,7.37064,0.485615,3
btc-updown-5m-1788494700,2026-09-04 04:05:00+00:00,1788494700,5m,8.58218,8.29709,7.14256,0.390873,2
btc-updown-5m-1788495000,2026-09-04 04:10:00+00:00,1788495000,5m,8.59398,8.2084,6.64011,0.391369,2
btc-updown-15m-1788495300,2026-09-04 04:15:00+00:00,1788495300,15m,16.2795,15.5765,11.476,0.503968,3
btc-updown-5m-1788495300,2026-09-04 04:15:00+00:00,1788495300,5m,11.5718,11.23,7.02761,0.600198,4
btc-updown-5m-1788495600,2026-09-04 04:20:00+00:00,1788495600,5m,13.2889,12.939,7.55814,0.697917,4
btc-updown-5m-1788495900,2026-09-04 04:25:00+00:00,1788495900,5m,11.2893,11.0955,7.8884,0.584821,3
btc-updown-15m-1788496200,2026-09-04 04:30:00+00:00,1788496200,15m,20.233,19.6329,13.9928,0.650298,4
btc-updown-5m-1788496200,2026-09-04 04:30:00+00:00,1788496200,5m,12.4812,12.0675,8.56879,0.660218,4
btc-updown-5m-1788496500,2026-09-04 04:35:00+00:00,1788496500,5m,11.4492,11.2105,8.37749,0.594742,3
btc-updown-5m-1788496800,2026-09-04 04:40:00+00:00,1788496800,5m,11.7198,11.6246,9.30234,0.611607,4
btc-updown-15m-1788497100,2026-09-04 04:45:00+00:00,1788497100,15m,17.5651,16.9452,15.1895,0.563988,3
btc-updown-5m-1788497100,2026-09-04 04:45:00+00:00,1788497100,5m,10.7565,10.6054,9.30161,0.545139,3
btc-updown-5m-1788497400,2026-09-04 04:50:00+00:00,1788497400,5m,9.93815,9.70415,8.94759,0.494048,3
btc-updown-5m-1788497700,2026-09-04 04:55:00+00:00,1788497700,5m,9.96034,9.73272,8.69515,0.495536,3
btc-updown-15m-1788498000,2026-09-04 05:00:00+00:00,1788498000,15m,15.8545,15.3499,14.4557,0.486607,3
btc-updown-5m-1788498000,2026-09-04 05:00:00+00:00,1788498000,5m,9.71648,9.51904,8.85228,0.480159,3
btc-updown-5m-1788498300,2026-09-04 05:05:00+00:00,1788498300,5m,9.94244,9.78311,9.45572,0.494544,3
btc-updown-5m-1788498600,2026-09-04 05:10:00+00:00,1788498600,5m,10.3978,10.1609,9.04677,0.524306,3
btc-updown-15m-1788498900,2026-09-04 05:15:00+00:00,1788498900,15m,15.4173,14.8977,14.7303,0.468254,3
btc-updown-5m-1788498900,2026-09-04 05:15:00+00:00,1788498900,5m,9.57042,9.48953,9.02044,0.468254,3
btc-updown-5m-1788499200,2026-09-04 05:20:00+00:00,1788499200,5m,11.6027,11.4255,9.69741,0.601687,4
btc-updown-5m-1788499500,2026-09-04 05:25:00+00:00,1788499500,5m,10.0111,9.86072,9.5107,0.500496,3
btc-updown-15m-1788499800,2026-09-04 05:30:00+00:00,1788499800,15m,15.9311,15.4681,16.3629,0.490079,3
btc-updown-5m-1788499800,2026-09-04 05:30:00+00:00,1788499800,5m,10.0049,9.87952,10.0202,0.500496,3
btc-updown-5m-1788500100,2026-09-04 05:35:00+00:00,1788500100,5m,10.3678,10.1931,11.6163,0.522321,3
btc-updown-5m-1788500400,2026-09-04 05:40:00+00:00,1788500400,5m,9.88422,9.75945,11.0064,0.490079,3
btc-updown-15m-1788500700,2026-09-04 05:45:00+00:00,1788500700,15m,14.7592,14.3028,17.3976,0.4375,3
btc-updown-5m-1788500700,2026-09-04 05:45:00+00:00,1788500700,5m,9.62507,9.49711,10.6538,0.472718,3
btc-updown-5m-1788501000,2026-09-04 05:50:00+00:00,1788501000,5m,9.65442,9.48956,10.4588,0.47619,3
btc-updown-5m-1788501300,2026-09-04 05:55:00+00:00,1788501300,5m,9.43878,9.41779,9.98424,0.457837,3
btc-updown-15m-1788501600,2026-09-04 06:00:00+00:00,1788501600,15m,15.5334,15.0974,16.7077,0.472718,3
btc-updown-5m-1788501600,2026-09-04 06:00:00+00:00,1788501600,5m,10.3228,10.2519,10.2313,0.521329,3
btc-updown-5m-1788501900,2026-09-04 06:05:00+00:00,1788501900,5m,9.33838,9.17983,9.95311,0.447421,3
btc-updown-5m-1788502200,2026-09-04 06:10:00+00:00,1788502200,5m,8.8945,8.81553,9.25495,0.414683,3
btc-updown-15m-1788502500,2026-09-04 06:15:00+00:00,1788502500,15m,15.2415,14.8673,16.3974,0.462302,3
btc-updown-5m-1788502500,2026-09-04 06:15:00+00:00,1788502500,5m,10.0346,9.97034,10.0413,0.501984,3
btc-updown-5m-1788502800,2026-09-04 06:20:00+00:00,1788502800,5m,9.22037,9.11013,9.30277,0.4375,3
btc-updown-5m-1788503100,2026-09-04 06:25:00+00:00,1788503100,5m,8.92959,8.81764,9.03149,0.416171,3
btc-updown-15m-1788503400,2026-09-04 06:30:00+00:00,1788503400,15m,16.9487,16.7558,16.4281,0.53869,3
btc-updown-5m-1788503400,2026-09-04 06:30:00+00:00,1788503400,5m,10.358,10.4502,10.0601,0.522321,3
btc-updown-5m-1788503700,2026-09-04 06:35:00+00:00,1788503700,5m,9.5251,9.45736,9.33494,0.462302,3
btc-updown-5m-1788504000,2026-09-04 06:40:00+00:00,1788504000,5m,11.7893,11.6166,12.4094,0.614583,4
btc-updown-15m-1788504300,2026-09-04 06:45:00+00:00,1788504300,15m,16.365,16.0747,19.5013,0.508433,3
btc-updown-5m-1788504300,2026-09-04 06:45:00+00:00,1788504300,5m,10.4965,10.4681,11.9421,0.528274,3
btc-updown-5m-1788504600,2026-09-04 06:50:00+00:00,1788504600,5m,9.87449,9.74237,11.0952,0.489583,3
btc-updown-5m-1788504900,2026-09-04 06:55:00+00:00,1788504900,5m,9.57434,9.53266,10.407,0.468254,3
btc-updown-15m-1788505200,2026-09-04 07:00:00+00:00,1788505200,15m,14.4511,14.1546,16.0041,0.422619,3
btc-updown-5m-1788505200,2026-09-04 07:00:00+00:00,1788505200,5m,9.42723,9.30291,9.8005,0.457341,3
btc-updown-5m-1788505500,2026-09-04 07:05:00+00:00,1788505500,5m,9.63835,9.50177,9.41713,0.474206,3
btc-updown-5m-1788505800,2026-09-04 07:10:00+00:00,1788505800,5m,9.61757,9.66199,9.66157,0.472222,3
btc-updown-15m-1788506100,2026-09-04 07:15:00+00:00,1788506100,15m,15.9948,15.8259,14.8752,0.493056,3
btc-updown-5m-1788506100,2026-09-04 07:15:00+00:00,1788506100,5m,9.6999,9.73023,9.10913,0.478671,3
btc-updown-5m-1788506400,2026-09-04 07:20:00+00:00,1788506400,5m,9.71187,9.75415,8.90339,0.479663,3
btc-updown-5m-1788506700,2026-09-04 07:25:00+00:00,1788506700,5m,9.36978,9.44032,8.718,0.449901,3
btc-updown-15m-1788507000,2026-09-04 07:30:00+00:00,1788507000,15m,15.734,15.5653,14.2348,0.479663,3
btc-updown-5m-1788507000,2026-09-04 07:30:00+00:00,1788507000,5m,9.60859,9.71226,8.717,0.471726,3
btc-updown-5m-1788507300,2026-09-04 07:35:00+00:00,1788507300,5m,9.12384,9.12721,8.09344,0.431548,3
btc-updown-5m-1788507600,2026-09-04 07:40:00+00:00,1788507600,5m,9.24784,9.3292,8.02534,0.439484,3
btc-updown-15m-1788507900,2026-09-04 07:45:00+00:00,1788507900,15m,14.9718,14.6597,11.9714,0.449901,3
btc-updown-5m-1788507900,2026-09-04 07:45:00+00:00,1788507900,5m,8.86489,8.84375,7.33093,0.413194,3
btc-updown-5m-1788508200,2026-09-04 07:50:00+00:00,1788508200,5m,9.05102,9.02656,7.0277,0.425595,3
btc-updown-5m-1788508500,2026-09-04 07:55:00+00:00,1788508500,5m,8.70562,8.71946,6.58151,0.40129,3
btc-updown-15m-1788508800,2026-09-04 08:00:00+00:00,1788508800,15m,15.2282,14.8826,11.16,0.461806,3
btc-updown-5m-1788508800,2026-09-04 08:00:00+00:00,1788508800,5m,8.84371,8.78356,6.83405,0.412202,3
btc-updown-5m-1788509100,2026-09-04 08:05:00+00:00,1788509100,5m,9.45172,9.42618,8.7417,0.457837,3
btc-updown-5m-1788509400,2026-09-04 08:10:00+00:00,1788509400,5m,9.40441,9.40145,8.92146,0.453869,3
btc-updown-15m-1788509700,2026-09-04 08:15:00+00:00,1788509700,15m,16.0731,15.9385,13.9508,0.49752,3
btc-updown-5m-1788509700,2026-09-04 08:15:00+00:00,1788509700,5m,9.43424,9.50889,8.54306,0.457341,3
btc-updown-5m-1788510000,2026-09-04 08:20:00+00:00,1788510000,5m,8.96612,9.03154,8.53828,0.418651,3
btc-updown-5m-1788510300,2026-09-04 08:25:00+00:00,1788510300,5m,8.68669,8.66274,7.92127,0.399802,2
btc-updown-15m-1788510600,2026-09-04 08:30:00+00:00,1788510600,15m,15.2463,15.0937,12.5425,0.462302,3
btc-updown-5m-1788510600,2026-09-04 08:30:00+00:00,1788510600,5m,8.83465,8.8365,7.68066,0.410218,3
btc-updown-5m-1788510900,2026-09-04 08:35:00+00:00,1788510900,5m,10.3703,10.4407,10.4252,0.522817,3
btc-updown-5m-1788511200,2026-09-04 08:40:00+00:00,1788511200,5m,10.5505,10.5451,9.97538,0.532738,3
btc-updown-15m-1788511500,2026-09-04 08:45:00+00:00,1788511500,15m,17.4455,17.3527,17.6618,0.561508,3
btc-updown-5m-1788511500,2026-09-04 08:45:00+00:00,1788511500,5m,10.2996,10.4263,10.8156,0.520337,3
btc-updown-5m-1788511800,2026-09-04 08:50:00+00:00,1788511800,5m,10.4957,10.5482,11.1092,0.528274,3
btc-updown-5m-1788512100,2026-09-04 08:55:00+00:00,1788512100,5m,10.173,10.0767,10.1853,0.510913,3
btc-updown-15m-1788512400,2026-09-04 09:00:00+00:00,1788512400,15m,17.8149,17.5389,17.2337,0.575397,3
btc-updown-5m-1788512400,2026-09-04 09:00:00+00:00,1788512400,5m,10.3803,10.3514,10.5534,0.52381,3
btc-updown-5m-1788512700,2026-09-04 09:05:00+00:00,1788512700,5m,10.6356,10.6475,10.5979,0.540179,3
btc-updown-5m-1788513000,2026-09-04 09:10:00+00:00,1788513000,5m,10.0407,10.1434,10.2294,0.501984,3
btc-updown-15m-1788513300,2026-09-04 09:15:00+00:00,1788513300,15m,15.7724,15.6266,17.1672,0.484127,3
btc-updown-5m-1788513300,2026-09-04 09:15:00+00:00,1788513300,5m,9.62166,9.63593,10.5127,0.472222,3
btc-updown-5m-1788513600,2026-09-04 09:20:00+00:00,1788513600,5m,12.654,12.4968,13.9081,0.667163,4
btc-updown-5m-1788513900,2026-09-04 09:25:00+00:00,1788513900,5m,12.4532,12.2949,16.5271,0.659226,4
btc-updown-15m-1788514200,2026-09-04 09:30:00+00:00,1788514200,15m,17.1383,16.8695,24.984,0.545139,3
btc-updown-5m-1788514200,2026-09-04 09:30:00+00:00,1788514200,5m,11.27,11.193,15.2995,0.583829,3
btc-updown-5m-1788514500,2026-09-04 09:35:00+00:00,1788514500,5m,11.4287,11.2857,14.9072,0.592262,3
btc-updown-5m-1788514800,2026-09-04 09:40:00+00:00,1788514800,5m,13.0533,12.7956,15.1215,0.690476,4
btc-updown-15m-1788515100,2026-09-04 09:45:00+00:00,1788515100,15m,18.9416,18.6055,23.608,0.613095,4
btc-updown-5m-1788515100,2026-09-04 09:45:00+00:00,1788515100,5m,12.7931,12.6471,14.4569,0.676091,4
btc-updown-5m-1788515400,2026-09-04 09:50:00+00:00,1788515400,5m,10.99,10.8701,13.6809,0.562004,3
btc-updown-5m-1788515700,2026-09-04 09:55:00+00:00,1788515700,5m,10.5152,10.3772,12.5776,0.52877,3
btc-updown-15m-1788516000,2026-09-04 10:00:00+00:00,1788516000,15m,15.9852,15.6767,20.6651,0.49256,3
btc-updown-5m-1788516000,2026-09-04 10:00:00+00:00,1788516000,5m,10.8174,10.749,12.6547,0.550595,3
btc-updown-5m-1788516300,2026-09-04 10:05:00+00:00,1788516300,5m,11.3656,11.2414,13.3164,0.588294,3
btc-updown-5m-1788516600,2026-09-04 10:10:00+00:00,1788516600,5m,10.8006,10.754,13.2131,0.550099,3
btc-updown-15m-1788516900,2026-09-04 10:15:00+00:00,1788516900,15m,17.0435,16.7728,22.76,0.543651,3
btc-updown-5m-1788516900,2026-09-04 10:15:00+00:00,1788516900,5m,11.2945,11.2572,13.9376,0.584821,3
btc-updown-5m-1788517200,2026-09-04 10:20:00+00:00,1788517200,5m,10.3266,10.3174,13.549,0.521329,3
btc-updown-5m-1788517500,2026-09-04 10:25:00+00:00,1788517500,5m,9.76624,9.65071,12.3497,0.482143,3
btc-updown-15m-1788517800,2026-09-04 10:30:00+00:00,1788517800,15m,15.8078,15.5447,19.7667,0.484623,3
btc-updown-5m-1788517800,2026-09-04 10:30:00+00:00,1788517800,5m,10.4601,10.4176,12.1046,0.52629,3
btc-updown-5m-1788518100,2026-09-04 10:35:00+00:00,1788518100,5m,10.4125,10.335,11.7262,0.524802,3
btc-updown-5m-1788518400,2026-09-04 10:40:00+00:00,1788518400,5m,11.1495,11.0655,11.2988,0.573413,3
btc-updown-15m-1788518700,2026-09-04 10:45:00+00:00,1788518700,15m,16.0142,15.7067,17.184,0.494048,3
btc-updown-5m-1788518700,2026-09-04 10:45:00+00:00,1788518700,5m,10.0716,9.95919,10.523,0.505456,3
btc-updown-5m-1788519000,2026-09-04 10:50:00+00:00,1788519000,5m,9.98974,9.89055,10.0147,0.499504,3
btc-updown-5m-1788519300,2026-09-04 10:55:00+00:00,1788519300,5m,9.18811,9.11535,9.34768,0.435516,3
btc-updown-15m-1788519600,2026-09-04 11:00:00+00:00,1788519600,15m,15.8799,15.588,15.6377,0.488591,3
btc-updown-5m-1788519600,2026-09-04 11:00:00+00:00,1788519600,5m,10.1107,10.0373,9.57609,0.507937,3
btc-updown-5m-1788519900,2026-09-04 11:05:00+00:00,1788519900,5m,9.91723,9.88621,9.51317,0.492063,3
btc-updown-5m-1788520200,2026-09-04 11:10:00+00:00,1788520200,5m,10.1681,10.1195,9.01638,0.510913,3
btc-updown-15m-1788520500,2026-09-04 11:15:00+00:00,1788520500,15m,17.578,17.2637,15.32,0.563988,3
btc-updown-5m-1788520500,2026-09-04 11:15:00+00:00,1788520500,5m,10.7683,10.7047,9.38157,0.546131,3
btc-updown-5m-1788520800,2026-09-04 11:20:00+00:00,1788520800,5m,10.114,9.95144,9.40735,0.507937,3
btc-updown-5m-1788521100,2026-09-04 11:25:00+00:00,1788521100,5m,9.87492,9.70949,9.41807,0.489583,3
btc-updown-15m-1788521400,2026-09-04 11:30:00+00:00,1788521400,15m,18.0971,17.6664,15.7533,0.587302,3
btc-updown-5m-1788521400,2026-09-04 11:30:00+00:00,1788521400,5m,11.7454,11.6244,9.64689,0.612599,4
btc-updown-5m-1788521700,2026-09-04 11:35:00+00:00,1788521700,5m,10.7125,10.6116,10.2427,0.542659,3
btc-updown-5m-1788522000,2026-09-04 11:40:00+00:00,1788522000,5m,10.3049,10.2028,9.50493,0.520833,3
btc-updown-15m-1788522300,2026-09-04 11:45:00+00:00,1788522300,15m,17.2033,16.8055,14.5656,0.549603,3
btc-updown-5m-1788522300,2026-09-04 11:45:00+00:00,1788522300,5m,10.5672,10.3849,8.91956,0.534722,3
btc-updown-5m-1788522600,2026-09-04 11:50:00+00:00,1788522600,5m,9.39743,9.26532,8.59761,0.452877,3
btc-updown-5m-1788522900,2026-09-04 11:55:00+00:00,1788522900,5m,9.37372,9.21431,8.46494,0.449901,3
btc-updown-15m-1788523200,2026-09-04 12:00:00+00:00,1788523200,15m,15.3629,15.0035,14.2462,0.467262,3
btc-updown-5m-1788523200,2026-09-04 12:00:00+00:00,1788523200,5m,9.47098,9.23959,8.72395,0.459821,3
btc-updown-5m-1788523500,2026-09-04 12:05:00+00:00,1788523500,5m,9.92865,9.87464,10.0775,0.493552,3
btc-updown-5m-1788523800,2026-09-04 12:10:00+00:00,1788523800,5m,10.0192,9.9929,10.6382,0.500496,3
btc-updown-15m-1788524100,2026-09-04 12:15:00+00:00,1788524100,15m,14.6279,14.245,17.1691,0.43254,3
btc-updown-5m-1788524100,2026-09-04 12:15:00+00:00,1788524100,5m,9.7707,9.69554,10.5139,0.483135,3
btc-updown-5m-1788524400,2026-09-04 12:20:00+00:00,1788524400,5m,9.41354,9.33562,11.1369,0.454861,3
btc-updown-5m-1788524700,2026-09-04 12:25:00+00:00,1788524700,5m,9.14258,9.0495,10.6236,0.433532,3
btc-updown-15m-1788525000,2026-09-04 12:30:00+00:00,1788525000,15m,14.0987,13.7198,17.4215,0.405258,3
btc-updown-5m-1788525000,2026-09-04 12:30:00+00:00,1788525000,5m,9.35143,9.29135,10.6684,0.449405,3
btc-updown-5m-1788525300,2026-09-04 12:35:00+00:00,1788525300,5m,24.1066,11.3793,67.974,0.93254,5
btc-updown-5m-1788525600,2026-09-04 12:40:00+00:00,1788525600,5m,34.9544,26.6646,62.2495,0.982639,5
btc-updown-15m-1788525900,2026-09-04 12:45:00+00:00,1788525900,15m,58.7336,50.2306,98.5729,0.982639,5
btc-updown-5m-1788525900,2026-09-04 12:45:00+00:00,1788525900,5m,32.4732,27.3234,60.3633,0.977679,5
btc-updown-5m-1788526200,2026-09-04 12:50:00+00:00,1788526200,5m,44.4094,37.4998,59.3949,0.994544,5
btc-updown-5m-1788526500,2026-09-04 12:55:00+00:00,1788526500,5m,39.8283,34.0852,55.1863,0.992063,5
btc-updown-15m-1788526800,2026-09-04 13:00:00+00:00,1788526800,15m,63.2534,53.4849,84.6885,0.989087,5
btc-updown-5m-1788526800,2026-09-04 13:00:00+00:00,1788526800,5m,34.2661,30.4442,51.8609,0.981151,5
btc-updown-5m-1788527100,2026-09-04 13:05:00+00:00,1788527100,5m,23.9799,21.2335,47.6142,0.932044,5
btc-updown-5m-1788527400,2026-09-04 13:10:00+00:00,1788527400,5m,27.8589,24.392,46.001,0.960317,5
btc-updown-15m-1788527700,2026-09-04 13:15:00+00:00,1788527700,15m,61.9776,49.8009,69.1839,0.987599,5
btc-updown-5m-1788527700,2026-09-04 13:15:00+00:00,1788527700,5m,24.8228,19.9671,42.3663,0.93998,5
btc-updown-5m-1788528000,2026-09-04 13:20:00+00:00,1788528000,5m,22.6951,19.8889,38.955,0.919147,5
btc-updown-5m-1788528300,2026-09-04 13:25:00+00:00,1788528300,5m,17.5844,15.7463,35.5597,0.844742,5
btc-updown-15m-1788528600,2026-09-04 13:30:00+00:00,1788528600,15m,30.3304,23.5299,53.5017,0.866567,5
btc-updown-5m-1788528600,2026-09-04 13:30:00+00:00,1788528600,5m,17.2341,15.2879,32.763,0.837302,5
btc-updown-5m-1788528900,2026-09-04 13:35:00+00:00,1788528900,5m,15.7902,14.3287,31.1443,0.796131,4
btc-updown-5m-1788529200,2026-09-04 13:40:00+00:00,1788529200,5m,25.1549,22.6502,39.8036,0.940972,5
btc-updown-15m-1788529500,2026-09-04 13:45:00+00:00,1788529500,15m,38.399,26.6832,59.0697,0.922123,5
btc-updown-5m-1788529500,2026-09-04 13:45:00+00:00,1788529500,5m,19.8196,17.3646,36.1727,0.889385,5
btc-updown-5m-1788529800,2026-09-04 13:50:00+00:00,1788529800,5m,22.716,20.6941,34.7977,0.919147,5
btc-updown-5m-1788530100,2026-09-04 13:55:00+00:00,1788530100,5m,30.2247,28.2994,36.7841,0.969742,5
btc-updown-15m-1788530400,2026-09-04 14:00:00+00:00,1788530400,15m,29.8852,27.0057,57.4001,0.858135,5
btc-updown-5m-1788530400,2026-09-04 14:00:00+00:00,1788530400,5m,20.6663,19.5565,35.1502,0.895833,5
btc-updown-5m-1788530700,2026-09-04 14:05:00+00:00,1788530700,5m,18.6902,17.5716,32.2916,0.868056,5
btc-updown-5m-1788531000,2026-09-04 14:10:00+00:00,1788531000,5m,20.9685,19.9912,30.3732,0.899802,5
btc-updown-15m-1788531300,2026-09-04 14:15:00+00:00,1788531300,15m,29.4535,27.2816,49.9428,0.852679,5
btc-updown-5m-1788531300,2026-09-04 14:15:00+00:00,1788531300,5m,20.2249,19.3068,30.5836,0.891369,5
btc-updown-5m-1788531600,2026-09-04 14:20:00+00:00,1788531600,5m,18.2749,17.3382,28.8592,0.859623,5
btc-updown-5m-1788531900,2026-09-04 14:25:00+00:00,1788531900,5m,18.5939,17.9396,28.0606,0.864583,5
btc-updown-15m-1788532200,2026-09-04 14:30:00+00:00,1788532200,15m,24.6164,22.5042,42.3445,0.767857,4
btc-updown-5m-1788532200,2026-09-04 14:30:00+00:00,1788532200,5m,16.7548,15.8838,25.9306,0.826389,5
btc-updown-5m-1788532500,2026-09-04 14:35:00+00:00,1788532500,5m,14.4969,13.5693,23.5039,0.75248,4
btc-updown-5m-1788532800,2026-09-04 14:40:00+00:00,1788532800,5m,16.0862,15.2835,22.3865,0.808036,5
btc-updown-15m-1788533100,2026-09-04 14:45:00+00:00,1788533100,15m,32.5158,29.8092,38.921,0.885417,5
btc-updown-5m-1788533100,2026-09-04 14:45:00+00:00,1788533100,5m,23.7033,22.3731,23.8341,0.929563,5
btc-updown-5m-1788533400,2026-09-04 14:50:00+00:00,1788533400,5m,29.5459,27.6884,26.7789,0.967262,5
btc-updown-5m-1788533700,2026-09-04 14:55:00+00:00,1788533700,5m,23.2839,22.1673,26.5161,0.924107,5
btc-updown-15m-1788534000,2026-09-04 15:00:00+00:00,1788534000,15m,29.6223,27.5945,42.3979,0.853175,5
btc-updown-5m-1788534000,2026-09-04 15:00:00+00:00,1788534000,5m,19.2008,18.376,25.9633,0.87748,5
btc-updown-5m-1788534300,2026-09-04 15:05:00+00:00,1788534300,5m,17.4417,16.8283,24.5339,0.840278,5
btc-updown-5m-1788534600,2026-09-04 15:10:00+00:00,1788534600,5m,18.2217,17.2923,22.5721,0.858135,5
btc-updown-15m-1788534900,2026-09-04 15:15:00+00:00,1788534900,15m,26.1033,24.4744,35.4507,0.802579,5
btc-updown-5m-1788534900,2026-09-04 15:15:00+00:00,1788534900,5m,16.9471,15.9758,21.709,0.831845,5
btc-updown-5m-1788535200,2026-09-04 15:20:00+00:00,1788535200,5m,16.7276,15.7698,20.2539,0.825397,5
btc-updown-5m-1788535500,2026-09-04 15:25:00+00:00,1788535500,5m,13.1962,12.2751,18.3227,0.693948,4
btc-updown-15m-1788535800,2026-09-04 15:30:00+00:00,1788535800,15m,29.2422,27.5415,29.0354,0.850198,5
btc-updown-5m-1788535800,2026-09-04 15:30:00+00:00,1788535800,5m,17.084,16.2191,17.7805,0.834325,5
btc-updown-5m-1788536100,2026-09-04 15:35:00+00:00,1788536100,5m,13.706,12.8534,16.6233,0.710813,4
btc-updown-5m-1788536400,2026-09-04 15:40:00+00:00,1788536400,5m,13.6439,12.7903,16.0132,0.709325,4
btc-updown-15m-1788536700,2026-09-04 15:45:00+00:00,1788536700,15m,22.6947,21.2383,24.4386,0.724206,4
btc-updown-5m-1788536700,2026-09-04 15:45:00+00:00,1788536700,5m,12.8866,12.09,14.9656,0.679067,4
btc-updown-5m-1788537000,2026-09-04 15:50:00+00:00,1788537000,5m,12.275,11.5641,14.1649,0.649802,4
btc-updown-5m-1788537300,2026-09-04 15:55:00+00:00,1788537300,5m,13.8322,13.1533,15.646,0.718254,4
btc-updown-15m-1788537600,2026-09-04 16:00:00+00:00,1788537600,15m,21.5875,20.3633,24.7709,0.693452,4
btc-updown-5m-1788537600,2026-09-04 16:00:00+00:00,1788537600,5m,12.3952,11.8681,15.169,0.655754,4
btc-updown-5m-1788537900,2026-09-04 16:05:00+00:00,1788537900,5m,11.4151,10.8362,14.2069,0.590774,3
btc-updown-5m-1788538200,2026-09-04 16:10:00+00:00,1788538200,5m,11.2346,10.5995,13.6859,0.580853,3
btc-updown-15m-1788538500,2026-09-04 16:15:00+00:00,1788538500,15m,17.7144,16.6397,20.6409,0.568452,3
btc-updown-5m-1788538500,2026-09-04 16:15:00+00:00,1788538500,5m,10.5768,10.04,12.6399,0.535218,3
btc-updown-5m-1788538800,2026-09-04 16:20:00+00:00,1788538800,5m,10.6656,10.1175,12.2545,0.541171,3
btc-updown-5m-1788539100,2026-09-04 16:25:00+00:00,1788539100,5m,9.70372,9.21041,11.4859,0.479167,3
btc-updown-15m-1788539400,2026-09-04 16:30:00+00:00,1788539400,15m,16.5511,15.6909,17.9027,0.520337,3
btc-updown-5m-1788539400,2026-09-04 16:30:00+00:00,1788539400,5m,9.67607,9.27039,10.9631,0.477183,3
btc-updown-5m-1788539700,2026-09-04 16:35:00+00:00,1788539700,5m,15.1776,14.6352,12.3133,0.775794,4
btc-updown-5m-1788540000,2026-09-04 16:40:00+00:00,1788540000,5m,13.249,12.4479,12.1503,0.695437,4
btc-updown-15m-1788540300,2026-09-04 16:45:00+00:00,1788540300,15m,21.7849,20.4955,21.9725,0.698413,4
btc-updown-5m-1788540300,2026-09-04 16:45:00+00:00,1788540300,5m,13.0752,12.3306,13.4554,0.690476,4
btc-updown-5m-1788540600,2026-09-04 16:50:00+00:00,1788540600,5m,13.6005,12.7606,13.9576,0.708333,4
btc-updown-5m-1788540900,2026-09-04 16:55:00+00:00,1788540900,5m,12.7069,11.9648,13.3728,0.669643,4
btc-updown-15m-1788541200,2026-09-04 17:00:00+00:00,1788541200,15m,18.426,17.2477,20.6332,0.594742,3
btc-updown-5m-1788541200,2026-09-04 17:00:00+00:00,1788541200,5m,11.4273,10.81,12.6352,0.592262,3
btc-updown-5m-1788541500,2026-09-04 17:05:00+00:00,1788541500,5m,12.661,11.9091,11.8079,0.667659,4
btc-updown-5m-1788541800,2026-09-04 17:10:00+00:00,1788541800,5m,10.2561,9.73895,10.9929,0.516369,3
btc-updown-15m-1788542100,2026-09-04 17:15:00+00:00,1788542100,15m,16.1482,15.0384,16.2866,0.5,3
btc-updown-5m-1788542100,2026-09-04 17:15:00+00:00,1788542100,5m,9.07678,8.56597,9.97349,0.429067,3
btc-updown-5m-1788542400,2026-09-04 17:20:00+00:00,1788542400,5m,12.5877,11.8991,11.7584,0.66369,4
btc-updown-5m-1788542700,2026-09-04 17:25:00+00:00,1788542700,5m,12.2123,11.5576,11.2434,0.647321,4
btc-updown-15m-1788543000,2026-09-04 17:30:00+00:00,1788543000,15m,19.4085,18.2161,17.1045,0.626488,4
btc-updown-5m-1788543000,2026-09-04 17:30:00+00:00,1788543000,5m,11.5517,10.936,10.4743,0.59871,3
btc-updown-5m-1788543300,2026-09-04 17:35:00+00:00,1788543300,5m,12.103,11.4929,10.3396,0.640377,4
btc-updown-5m-1788543600,2026-09-04 17:40:00+00:00,1788543600,5m,11.78,11.2743,10.3077,0.614087,4
btc-updown-15m-1788543900,2026-09-04 17:45:00+00:00,1788543900,15m,20.1098,19.0014,18.9489,0.646825,4
btc-updown-5m-1788543900,2026-09-04 17:45:00+00:00,1788543900,5m,12.3764,11.7808,11.6038,0.65377,4
btc-updown-5m-1788544200,2026-09-04 17:50:00+00:00,1788544200,5m,10.2505,9.70419,10.5243,0.514881,3
btc-updown-5m-1788544500,2026-09-04 17:55:00+00:00,1788544500,5m,10.3333,9.79934,9.97761,0.521329,3
btc-updown-15m-1788544800,2026-09-04 18:00:00+00:00,1788544800,15m,18.067,17.255,15.8985,0.585317,3
btc-updown-5m-1788544800,2026-09-04 18:00:00+00:00,1788544800,5m,10.8027,10.2992,9.73578,0.550099,3
btc-updown-5m-1788545100,2026-09-04 18:05:00+00:00,1788545100,5m,10.4661,9.91729,10.3039,0.526786,3
btc-updown-5m-1788545400,2026-09-04 18:10:00+00:00,1788545400,5m,10.5865,10.1142,9.71247,0.536706,3
btc-updown-15m-1788545700,2026-09-04 18:15:00+00:00,1788545700,15m,16.9261,16.1259,15.7665,0.535714,3
btc-updown-5m-1788545700,2026-09-04 18:15:00+00:00,1788545700,5m,10.715,10.3072,9.655,0.542659,3
btc-updown-5m-1788546000,2026-09-04 18:20:00+00:00,1788546000,5m,9.43408,9.07337,9.02585,0.457341,3
btc-updown-5m-1788546300,2026-09-04 18:25:00+00:00,1788546300,5m,9.02752,8.57854,8.57386,0.425595,3
btc-updown-15m-1788546600,2026-09-04 18:30:00+00:00,1788546600,15m,14.6834,13.6774,13.1768,0.434524,3
btc-updown-5m-1788546600,2026-09-04 18:30:00+00:00,1788546600,5m,8.76507,8.26488,8.06912,0.405258,3
btc-updown-5m-1788546900,2026-09-04 18:35:00+00:00,1788546900,5m,8.93088,8.44564,8.04741,0.416171,3
btc-updown-5m-1788547200,2026-09-04 18:40:00+00:00,1788547200,5m,8.52151,8.15647,8.45065,0.386409,2
btc-updown-15m-1788547500,2026-09-04 18:45:00+00:00,1788547500,15m,13.3057,12.5777,13.4845,0.372024,2
btc-updown-5m-1788547500,2026-09-04 18:45:00+00:00,1788547500,5m,7.95279,7.59316,8.25755,0.35119,2
btc-updown-5m-1788547800,2026-09-04 18:50:00+00:00,1788547800,5m,7.1212,6.79465,7.59075,0.299107,2
btc-updown-5m-1788548100,2026-09-04 18:55:00+00:00,1788548100,5m,7.06749,6.74571,6.97039,0.293651,2
btc-updown-15m-1788548400,2026-09-04 19:00:00+00:00,1788548400,15m,12.7044,11.8973,11.4042,0.342262,2
btc-updown-5m-1788548400,2026-09-04 19:00:00+00:00,1788548400,5m,8.08833,7.64122,6.9836,0.358631,2
btc-updown-5m-1788548700,2026-09-04 19:05:00+00:00,1788548700,5m,7.91592,7.55726,7.42999,0.348214,2
btc-updown-5m-1788549000,2026-09-04 19:10:00+00:00,1788549000,5m,7.71165,7.3031,6.82375,0.33631,2
btc-updown-15m-1788549300,2026-09-04 19:15:00+00:00,1788549300,15m,12.3721,11.6793,10.6043,0.329861,2
btc-updown-5m-1788549300,2026-09-04 19:15:00+00:00,1788549300,5m,7.16541,6.85856,6.49378,0.301587,2
btc-updown-5m-1788549600,2026-09-04 19:20:00+00:00,1788549600,5m,7.65828,7.41098,6.5522,0.333829,2
btc-updown-5m-1788549900,2026-09-04 19:25:00+00:00,1788549900,5m,6.44653,6.18391,6.06646,0.261905,2
btc-updown-15m-1788550200,2026-09-04 19:30:00+00:00,1788550200,15m,11.7507,11.0399,9.28988,0.307044,2
btc-updown-5m-1788550200,2026-09-04 19:30:00+00:00,1788550200,5m,6.93484,6.55193,5.68887,0.289683,2
btc-updown-5m-1788550500,2026-09-04 19:35:00+00:00,1788550500,5m,7.22344,6.83671,6.95667,0.30506,2
btc-updown-5m-1788550800,2026-09-04 19:40:00+00:00,1788550800,5m,9.28213,8.80093,7.42734,0.44246,3
btc-updown-15m-1788551100,2026-09-04 19:45:00+00:00,1788551100,15m,12.8934,11.9899,11.7151,0.351687,2
btc-updown-5m-1788551100,2026-09-04 19:45:00+00:00,1788551100,5m,7.85802,7.44,7.17398,0.345238,2
btc-updown-5m-1788551400,2026-09-04 19:50:00+00:00,1788551400,5m,7.18036,6.95057,7.41455,0.302083,2
btc-updown-5m-1788551700,2026-09-04 19:55:00+00:00,1788551700,5m,7.86761,7.58805,7.61929,0.346726,2
btc-updown-15m-1788552000,2026-09-04 20:00:00+00:00,1788552000,15m,11.6143,10.9758,13.0585,0.304067,2
btc-updown-5m-1788552000,2026-09-04 20:00:00+00:00,1788552000,5m,7.25417,6.91059,7.99668,0.306052,2
btc-updown-5m-1788552300,2026-09-04 20:05:00+00:00,1788552300,5m,6.818,6.49661,7.54172,0.283234,2
btc-updown-5m-1788552600,2026-09-04 20:10:00+00:00,1788552600,5m,7.34081,7.03624,8.12179,0.312004,2
btc-updown-15m-1788552900,2026-09-04 20:15:00+00:00,1788552900,15m,11.7998,11.0245,13.0634,0.311012,2
btc-updown-5m-1788552900,2026-09-04 20:15:00+00:00,1788552900,5m,6.93011,6.53011,7.99967,0.289187,2
btc-updown-5m-1788553200,2026-09-04 20:20:00+00:00,1788553200,5m,6.96697,6.59303,7.44364,0.291171,2
btc-updown-5m-1788553500,2026-09-04 20:25:00+00:00,1788553500,5m,6.38022,6.02211,6.93689,0.256944,2
btc-updown-15m-1788553800,2026-09-04 20:30:00+00:00,1788553800,15m,10.9018,10.4258,11.5057,0.276786,2
btc-updown-5m-1788553800,2026-09-04 20:30:00+00:00,1788553800,5m,6.55285,6.33726,7.04577,0.268353,2
btc-updown-5m-1788554100,2026-09-04 20:35:00+00:00,1788554100,5m,7.00527,6.57016,6.52138,0.292163,2
btc-updown-5m-1788554400,2026-09-04 20:40:00+00:00,1788554400,5m,7.31059,6.83565,6.49568,0.31002,2
btc-updown-15m-1788554700,2026-09-04 20:45:00+00:00,1788554700,15m,11.1465,10.3113,9.85999,0.285714,2
btc-updown-5m-1788554700,2026-09-04 20:45:00+00:00,1788554700,5m,6.73544,6.29886,6.03799,0.279762,2
btc-updown-5m-1788555000,2026-09-04 20:50:00+00:00,1788555000,5m,6.12255,5.88468,6.14878,0.238095,2
btc-updown-5m-1788555300,2026-09-04 20:55:00+00:00,1788555300,5m,6.22781,5.97149,6.2235,0.244544,2
btc-updown-15m-1788555600,2026-09-04 21:00:00+00:00,1788555600,15m,9.40363,9.03307,9.75498,0.220734,2
btc-updown-5m-1788555600,2026-09-04 21:00:00+00:00,1788555600,5m,5.87531,5.70831,5.97368,0.227679,2
btc-updown-5m-1788555900,2026-09-04 21:05:00+00:00,1788555900,5m,5.39912,5.24445,5.8493,0.201885,2
btc-updown-5m-1788556200,2026-09-04 21:10:00+00:00,1788556200,5m,5.35595,5.17641,5.54166,0.199405,1
btc-updown-15m-1788556500,2026-09-04 21:15:00+00:00,1788556500,15m,7.85397,7.48502,8.43967,0.15377,1
btc-updown-5m-1788556500,2026-09-04 21:15:00+00:00,1788556500,5m,4.72038,4.53804,5.16822,0.150298,1
btc-updown-5m-1788556800,2026-09-04 21:20:00+00:00,1788556800,5m,4.54153,4.35648,4.96552,0.136905,1
btc-updown-5m-1788557100,2026-09-04 21:25:00+00:00,1788557100,5m,4.24288,4.06772,4.57935,0.118552,1
btc-updown-15m-1788557400,2026-09-04 21:30:00+00:00,1788557400,15m,7.16149,6.84461,7.43333,0.125496,1
btc-updown-5m-1788557400,2026-09-04 21:30:00+00:00,1788557400,5m,4.36506,4.2018,4.55197,0.12252,1
btc-updown-5m-1788557700,2026-09-04 21:35:00+00:00,1788557700,5m,4.00251,3.83992,4.47638,0.106647,1
btc-updown-5m-1788558000,2026-09-04 21:40:00+00:00,1788558000,5m,3.58001,3.4007,4.19241,0.094246,1
btc-updown-15m-1788558300,2026-09-04 21:45:00+00:00,1788558300,15m,7.46167,7.10816,8.20946,0.138889,1
btc-updown-5m-1788558300,2026-09-04 21:45:00+00:00,1788558300,5m,4.65988,4.50309,5.02725,0.144345,1
btc-updown-5m-1788558600,2026-09-04 21:50:00+00:00,1788558600,5m,5.03167,4.86314,4.96073,0.172619,1
btc-updown-5m-1788558900,2026-09-04 21:55:00+00:00,1788558900,5m,23.7642,22.4465,10.6501,0.93006,5
btc-updown-15m-1788559200,2026-09-04 22:00:00+00:00,1788559200,15m,16.0224,14.9368,19.8277,0.49504,3
btc-updown-5m-1788559200,2026-09-04 22:00:00+00:00,1788559200,5m,10.7323,10.128,12.1419,0.544147,3
btc-updown-5m-1788559500,2026-09-04 22:05:00+00:00,1788559500,5m,8.96918,8.32236,11.7277,0.419643,3
btc-updown-5m-1788559800,2026-09-04 22:10:00+00:00,1788559800,5m,7.34837,6.79688,10.7238,0.3125,2
btc-updown-15m-1788560100,2026-09-04 22:15:00+00:00,1788560100,15m,9.30383,8.45538,15.8656,0.218254,2
btc-updown-5m-1788560100,2026-09-04 22:15:00+00:00,1788560100,5m,5.16258,4.66967,9.71563,0.182044,1
btc-updown-5m-1788560400,2026-09-04 22:20:00+00:00,1788560400,5m,5.91786,5.57146,9.30173,0.229663,2
btc-updown-5m-1788560700,2026-09-04 22:25:00+00:00,1788560700,5m,5.45138,5.20433,8.51148,0.203373,2
btc-updown-15m-1788561000,2026-09-04 22:30:00+00:00,1788561000,15m,10.325,9.58845,13.4138,0.25496,2
btc-updown-5m-1788561000,2026-09-04 22:30:00+00:00,1788561000,5m,6.2162,5.91201,8.21422,0.243552,2
btc-updown-5m-1788561300,2026-09-04 22:35:00+00:00,1788561300,5m,5.86016,5.49931,7.70178,0.227679,2
btc-updown-5m-1788561600,2026-09-04 22:40:00+00:00,1788561600,5m,5.39221,5.08383,7.10863,0.201885,2
btc-updown-15m-1788561900,2026-09-04 22:45:00+00:00,1788561900,15m,9.30328,8.46811,10.963,0.218254,2
btc-updown-5m-1788561900,2026-09-04 22:45:00+00:00,1788561900,5m,5.99004,5.55436,6.71347,0.234127,2
btc-updown-5m-1788562200,2026-09-04 22:50:00+00:00,1788562200,5m,5.80569,5.48736,6.25403,0.22371,2
btc-updown-5m-1788562500,2026-09-04 22:55:00+00:00,1788562500,5m,5.15564,4.84992,5.85285,0.181548,1
btc-updown-15m-1788562800,2026-09-04 23:00:00+00:00,1788562800,15m,8.88005,8.11538,8.87471,0.199901,1
btc-updown-5m-1788562800,2026-09-04 23:00:00+00:00,1788562800,5m,5.30648,4.92586,5.43463,0.196429,1
btc-updown-5m-1788563100,2026-09-04 23:05:00+00:00,1788563100,5m,4.96264,4.74387,5.34532,0.168155,1
btc-updown-5m-1788563400,2026-09-04 23:10:00+00:00,1788563400,5m,4.15792,3.87508,4.83785,0.115079,1
btc-updown-15m-1788563700,2026-09-04 23:15:00+00:00,1788563700,15m,8.45869,7.74278,8.10668,0.183036,1
btc-updown-5m-1788563700,2026-09-04 23:15:00+00:00,1788563700,5m,5.54099,5.16938,4.96431,0.210813,2
btc-updown-5m-1788564000,2026-09-04 23:20:00+00:00,1788564000,5m,3.81788,3.58101,4.51992,0.101687,1
btc-updown-5m-1788564300,2026-09-04 23:25:00+00:00,1788564300,5m,4.46886,4.26489,4.69345,0.128472,1
btc-updown-15m-1788564600,2026-09-04 23:30:00+00:00,1788564600,15m,8.40741,8.02031,7.59895,0.182044,1
btc-updown-5m-1788564600,2026-09-04 23:30:00+00:00,1788564600,5m,4.81678,4.62555,4.65339,0.15625,1
btc-updown-5m-1788564900,2026-09-04 23:35:00+00:00,1788564900,5m,5.21481,5.0085,4.84526,0.1875,1
btc-updown-5m-1788565200,2026-09-04 23:40:00+00:00,1788565200,5m,4.45273,4.28857,4.4159,0.127976,1
btc-updown-15m-1788565500,2026-09-04 23:45:00+00:00,1788565500,15m,6.34491,5.77455,6.54908,0.100198,1
btc-updown-5m-1788565500,2026-09-04 23:45:00+00:00,1788565500,5m,3.3674,3.0521,4.01048,0.0858135,1
btc-updown-5m-1788565800,2026-09-04 23:50:00+00:00,1788565800,5m,3.52943,3.24238,3.67549,0.093254,1
btc-updown-5m-1788566100,2026-09-04 23:55:00+00:00,1788566100,5m,3.67596,3.45755,3.42562,0.0972222,1
btc-updown-15m-1788566400,2026-09-05 00:00:00+00:00,1788566400,15m,7.02494,6.61408,6.21036,0.121032,1
btc-updown-5m-1788566400,2026-09-05 00:00:00+00:00,1788566400,5m,4.18826,3.95225,3.80305,0.116071,1
btc-updown-5m-1788566700,2026-09-05 00:05:00+00:00,1788566700,5m,4.02495,3.77203,3.6786,0.107639,1
btc-updown-5m-1788567000,2026-09-05 00:10:00+00:00,1788567000,5m,3.82887,3.63886,3.5649,0.101687,1
btc-updown-15m-1788567300,2026-09-05 00:15:00+00:00,1788567300,15m,8.50764,8.16795,8.98742,0.186012,1
btc-updown-5m-1788567300,2026-09-05 00:15:00+00:00,1788567300,5m,5.68065,5.37613,5.50365,0.217262,2
btc-updown-5m-1788567600,2026-09-05 00:20:00+00:00,1788567600,5m,6.4732,6.18735,6.22047,0.263889,2
btc-updown-5m-1788567900,2026-09-05 00:25:00+00:00,1788567900,5m,3.61697,3.22828,5.70734,0.0957341,1
btc-updown-15m-1788568200,2026-09-05 00:30:00+00:00,1788568200,15m,6.34832,5.90756,8.47649,0.100198,1
btc-updown-5m-1788568200,2026-09-05 00:30:00+00:00,1788568200,5m,3.84208,3.49991,5.19077,0.101687,1
btc-updown-5m-1788568500,2026-09-05 00:35:00+00:00,1788568500,5m,5.05472,4.74752,5.87476,0.173611,1
btc-updown-5m-1788568800,2026-09-05 00:40:00+00:00,1788568800,5m,4.38644,4.111,5.40061,0.124008,1
btc-updown-15m-1788569100,2026-09-05 00:45:00+00:00,1788569100,15m,6.86376,6.43507,8.42988,0.116071,1
btc-updown-5m-1788569100,2026-09-05 00:45:00+00:00,1788569100,5m,4.56012,4.28637,5.16223,0.136905,1
btc-updown-5m-1788569400,2026-09-05 00:50:00+00:00,1788569400,5m,5.27394,4.88152,5.49175,0.193948,1
btc-updown-5m-1788569700,2026-09-05 00:55:00+00:00,1788569700,5m,5.35963,5.04372,5.53128,0.199405,1
btc-updown-15m-1788570000,2026-09-05 01:00:00+00:00,1788570000,15m,8.66497,8.18223,9.86115,0.194444,1
btc-updown-5m-1788570000,2026-09-05 01:00:00+00:00,1788570000,5m,6.41337,6.11909,6.0387,0.260913,2
btc-updown-5m-1788570300,2026-09-05 01:05:00+00:00,1788570300,5m,6.11552,5.88086,5.9683,0.238095,2
btc-updown-5m-1788570600,2026-09-05 01:10:00+00:00,1788570600,5m,5.56223,5.32298,5.9183,0.214286,2
btc-updown-15m-1788570900,2026-09-05 01:15:00+00:00,1788570900,15m,7.45571,7.21734,9.24627,0.137897,1
btc-updown-5m-1788570900,2026-09-05 01:15:00+00:00,1788570900,5m,5.00511,4.83844,5.66216,0.171627,1
btc-updown-5m-1788571200,2026-09-05 01:20:00+00:00,1788571200,5m,5.55433,5.40637,6.07635,0.213294,2
btc-updown-5m-1788571500,2026-09-05 01:25:00+00:00,1788571500,5m,5.02959,4.81771,5.83017,0.172619,1
btc-updown-15m-1788571800,2026-09-05 01:30:00+00:00,1788571800,15m,7.36484,7.03204,10.0845,0.132937,1
btc-updown-5m-1788571800,2026-09-05 01:30:00+00:00,1788571800,5m,5.39482,5.20991,6.17546,0.201885,2
btc-updown-5m-1788572100,2026-09-05 01:35:00+00:00,1788572100,5m,5.86921,5.73043,8.04119,0.227679,2
btc-updown-5m-1788572400,2026-09-05 01:40:00+00:00,1788572400,5m,5.75944,5.611,7.89736,0.220734,2
btc-updown-15m-1788572700,2026-09-05 01:45:00+00:00,1788572700,15m,7.77578,7.55752,13.0451,0.151786,1
btc-updown-5m-1788572700,2026-09-05 01:45:00+00:00,1788572700,5m,6.11941,5.99742,7.98848,0.238095,2
btc-updown-5m-1788573000,2026-09-05 01:50:00+00:00,1788573000,5m,6.16869,6.07353,8.1003,0.240575,2
btc-updown-5m-1788573300,2026-09-05 01:55:00+00:00,1788573300,5m,5.6887,5.51528,7.67774,0.217758,2
btc-updown-15m-1788573600,2026-09-05 02:00:00+00:00,1788573600,15m,8.10594,7.87606,11.8641,0.16369,1
btc-updown-5m-1788573600,2026-09-05 02:00:00+00:00,1788573600,5m,6.07048,5.90763,7.26526,0.237599,2
btc-updown-5m-1788573900,2026-09-05 02:05:00+00:00,1788573900,5m,6.94693,6.64186,6.92378,0.289683,2
btc-updown-5m-1788574200,2026-09-05 02:10:00+00:00,1788574200,5m,5.11806,4.70091,6.54868,0.178571,1
btc-updown-15m-1788574500,2026-09-05 02:15:00+00:00,1788574500,15m,7.91274,7.67699,10.0858,0.15625,1
btc-updown-5m-1788574500,2026-09-05 02:15:00+00:00,1788574500,5m,5.47922,5.28217,6.17629,0.205853,2
btc-updown-5m-1788574800,2026-09-05 02:20:00+00:00,1788574800,5m,5.12274,4.93549,5.78643,0.178571,1
btc-updown-5m-1788575100,2026-09-05 02:25:00+00:00,1788575100,5m,4.70852,4.48061,5.39527,0.14881,1
btc-updown-15m-1788575400,2026-09-05 02:30:00+00:00,1788575400,15m,8.10849,7.74183,9.58412,0.16369,1
btc-updown-5m-1788575400,2026-09-05 02:30:00+00:00,1788575400,5m,6.30015,6.08054,5.86905,0.251488,2
btc-updown-5m-1788575700,2026-09-05 02:35:00+00:00,1788575700,5m,5.46807,5.26611,6.07069,0.205357,2
btc-updown-5m-1788576000,2026-09-05 02:40:00+00:00,1788576000,5m,5.28214,5.10301,6.34197,0.19494,1
btc-updown-15m-1788576300,2026-09-05 02:45:00+00:00,1788576300,15m,6.8856,6.61542,9.74332,0.116567,1
btc-updown-5m-1788576300,2026-09-05 02:45:00+00:00,1788576300,5m,4.67786,4.44047,5.96654,0.146329,1
btc-updown-5m-1788576600,2026-09-05 02:50:00+00:00,1788576600,5m,4.91026,4.74627,5.80395,0.163194,1
btc-updown-5m-1788576900,2026-09-05 02:55:00+00:00,1788576900,5m,4.7324,4.54285,5.42129,0.150298,1
btc-updown-15m-1788577200,2026-09-05 03:00:00+00:00,1788577200,15m,6.41036,6.11992,8.06664,0.101687,1
btc-updown-5m-1788577200,2026-09-05 03:00:00+00:00,1788577200,5m,4.44402,4.19722,4.93979,0.12748,1
btc-updown-5m-1788577500,2026-09-05 03:05:00+00:00,1788577500,5m,4.25532,4.01018,4.57373,0.118552,1
btc-updown-5m-1788577800,2026-09-05 03:10:00+00:00,1788577800,5m,4.55533,4.33371,4.29379,0.136905,1
btc-updown-15m-1788578100,2026-09-05 03:15:00+00:00,1788578100,15m,6.04102,5.78032,7.12036,0.0927579,1
btc-updown-5m-1788578100,2026-09-05 03:15:00+00:00,1788578100,5m,4.32209,4.09586,4.36031,0.120536,1
btc-updown-5m-1788578400,2026-09-05 03:20:00+00:00,1788578400,5m,4.90902,4.73979,5.31543,0.163194,1
btc-updown-5m-1788578700,2026-09-05 03:25:00+00:00,1788578700,5m,5.05978,4.8995,5.34466,0.175099,1
btc-updown-15m-1788579000,2026-09-05 03:30:00+00:00,1788579000,15m,6.05201,5.80374,8.04572,0.0927579,1
btc-updown-5m-1788579000,2026-09-05 03:30:00+00:00,1788579000,5m,4.51816,4.26261,4.92698,0.134921,1
btc-updown-5m-1788579300,2026-09-05 03:35:00+00:00,1788579300,5m,4.46058,4.25272,4.6337,0.128472,1
btc-updown-5m-1788579600,2026-09-05 03:40:00+00:00,1788579600,5m,4.53267,4.31294,4.32087,0.136905,1
btc-updown-15m-1788579900,2026-09-05 03:45:00+00:00,1788579900,15m,5.53779,5.29242,6.4815,0.0828373,1
btc-updown-5m-1788579900,2026-09-05 03:45:00+00:00,1788579900,5m,3.60453,3.31818,3.96909,0.0947421,1
btc-updown-5m-1788580200,2026-09-05 03:50:00+00:00,1788580200,5m,3.4202,3.18998,3.65204,0.0868056,1
btc-updown-5m-1788580500,2026-09-05 03:55:00+00:00,1788580500,5m,3.42515,3.25662,3.45701,0.0868056,1
btc-updown-15m-1788580800,2026-09-05 04:00:00+00:00,1788580800,15m,5.21525,4.92557,5.41921,0.0768849,1
btc-updown-5m-1788580800,2026-09-05 04:00:00+00:00,1788580800,5m,3.63559,3.42617,3.31857,0.0967262,1
btc-updown-5m-1788581100,2026-09-05 04:05:00+00:00,1788581100,5m,3.76878,3.56852,3.31908,0.0992063,1
btc-updown-5m-1788581400,2026-09-05 04:10:00+00:00,1788581400,5m,3.96206,3.74545,3.91806,0.105655,1
btc-updown-15m-1788581700,2026-09-05 04:15:00+00:00,1788581700,15m,5.84745,5.59739,7.63437,0.0877976,1
btc-updown-5m-1788581700,2026-09-05 04:15:00+00:00,1788581700,5m,4.33515,4.12948,4.67508,0.121528,1
btc-updown-5m-1788582000,2026-09-05 04:20:00+00:00,1788582000,5m,3.9815,3.76451,4.48519,0.106151,1
btc-updown-5m-1788582300,2026-09-05 04:25:00+00:00,1788582300,5m,2.93988,2.68406,4.062,0.0714286,1
btc-updown-15m-1788582600,2026-09-05 04:30:00+00:00,1788582600,15m,4.07899,3.75266,6.01498,0.0525794,1
btc-updown-5m-1788582600,2026-09-05 04:30:00+00:00,1788582600,5m,2.45288,2.1621,3.68341,0.0590278,1
btc-updown-5m-1788582900,2026-09-05 04:35:00+00:00,1788582900,5m,3.0263,2.82599,3.50409,0.0729167,1
btc-updown-5m-1788583200,2026-09-05 04:40:00+00:00,1788583200,5m,3.59127,3.37011,3.41501,0.094246,1
btc-updown-15m-1788583500,2026-09-05 04:45:00+00:00,1788583500,15m,4.32377,3.93345,5.04271,0.0590278,1
btc-updown-5m-1788583500,2026-09-05 04:45:00+00:00,1788583500,5m,2.49506,2.15191,3.08802,0.0600198,1
btc-updown-5m-1788583800,2026-09-05 04:50:00+00:00,1788583800,5m,2.99077,2.73278,2.88861,0.0724206,1
btc-updown-5m-1788584100,2026-09-05 04:55:00+00:00,1788584100,5m,3.90875,3.72961,3.97333,0.104663,1
btc-updown-15m-1788584400,2026-09-05 05:00:00+00:00,1788584400,15m,5.07108,4.86315,6.48529,0.0724206,1
btc-updown-5m-1788584400,2026-09-05 05:00:00+00:00,1788584400,5m,4.02808,3.83696,3.97141,0.107639,1
btc-updown-5m-1788584700,2026-09-05 05:05:00+00:00,1788584700,5m,5.09626,4.97322,5.05046,0.178571,1
btc-updown-5m-1788585000,2026-09-05 05:10:00+00:00,1788585000,5m,4.8442,4.6812,5.13734,0.159226,1
btc-updown-15m-1788585300,2026-09-05 05:15:00+00:00,1788585300,15m,5.98878,5.82142,9.29582,0.0917659,1
btc-updown-5m-1788585300,2026-09-05 05:15:00+00:00,1788585300,5m,5.01206,4.98009,5.69251,0.172123,1
btc-updown-5m-1788585600,2026-09-05 05:20:00+00:00,1788585600,5m,4.3915,4.20689,5.38216,0.124008,1
btc-updown-5m-1788585900,2026-09-05 05:25:00+00:00,1788585900,5m,4.23979,4.07448,5.44643,0.118056,1
btc-updown-15m-1788586200,2026-09-05 05:30:00+00:00,1788586200,15m,5.22278,5.04229,8.50358,0.0768849,1
btc-updown-5m-1788586200,2026-09-05 05:30:00+00:00,1788586200,5m,3.93853,3.76295,5.20736,0.105655,1
btc-updown-5m-1788586500,2026-09-05 05:35:00+00:00,1788586500,5m,3.69608,3.52264,4.86011,0.0972222,1
btc-updown-5m-1788586800,2026-09-05 05:40:00+00:00,1788586800,5m,3.65184,3.39259,4.47732,0.0967262,1
btc-updown-15m-1788587100,2026-09-05 05:45:00+00:00,1788587100,15m,5.38225,5.2035,6.96595,0.0793651,1
btc-updown-5m-1788587100,2026-09-05 05:45:00+00:00,1788587100,5m,3.95736,3.75756,4.26576,0.105655,1
btc-updown-5m-1788587400,2026-09-05 05:50:00+00:00,1788587400,5m,4.57551,4.45317,4.35701,0.138393,1
btc-updown-5m-1788587700,2026-09-05 05:55:00+00:00,1788587700,5m,4.35695,4.22145,4.75654,0.12252,1
btc-updown-15m-1788588000,2026-09-05 06:00:00+00:00,1788588000,15m,4.98796,4.76955,7.07367,0.0699405,1
btc-updown-5m-1788588000,2026-09-05 06:00:00+00:00,1788588000,5m,3.45972,3.22757,4.33172,0.0882937,1
btc-updown-5m-1788588300,2026-09-05 06:05:00+00:00,1788588300,5m,4.5766,4.4565,4.13893,0.138889,1
btc-updown-5m-1788588600,2026-09-05 06:10:00+00:00,1788588600,5m,4.25559,4.0679,4.02938,0.118552,1
btc-updown-15m-1788588900,2026-09-05 06:15:00+00:00,1788588900,15m,6.05135,5.88645,8.38063,0.0927579,1
btc-updown-5m-1788588900,2026-09-05 06:15:00+00:00,1788588900,5m,4.7595,4.59802,5.13206,0.152778,1
btc-updown-5m-1788589200,2026-09-05 06:20:00+00:00,1788589200,5m,4.20928,4.00676,4.78129,0.11756,1
btc-updown-5m-1788589500,2026-09-05 06:25:00+00:00,1788589500,5m,3.79441,3.61985,4.4091,0.100198,1
btc-updown-15m-1788589800,2026-09-05 06:30:00+00:00,1788589800,15m,5.09453,4.9315,6.77583,0.0744048,1
btc-updown-5m-1788589800,2026-09-05 06:30:00+00:00,1788589800,5m,3.47939,3.26791,4.14933,0.0907738,1
btc-updown-5m-1788590100,2026-09-05 06:35:00+00:00,1788590100,5m,3.22937,2.97608,3.95521,0.0798611,1
btc-updown-5m-1788590400,2026-09-05 06:40:00+00:00,1788590400,5m,3.18004,2.93801,3.74157,0.078869,1
btc-updown-15m-1788590700,2026-09-05 06:45:00+00:00,1788590700,15m,5.87056,5.65071,8.88718,0.0877976,1
btc-updown-5m-1788590700,2026-09-05 06:45:00+00:00,1788590700,5m,4.0996,3.81473,5.44227,0.112103,1
btc-updown-5m-1788591000,2026-09-05 06:50:00+00:00,1788591000,5m,3.57956,3.28549,5.01327,0.094246,1
btc-updown-5m-1788591300,2026-09-05 06:55:00+00:00,1788591300,5m,3.12916,2.75852,4.54696,0.0763889,1
btc-updown-15m-1788591600,2026-09-05 07:00:00+00:00,1788591600,15m,5.31939,5.06586,7.73414,0.078373,1
btc-updown-5m-1788591600,2026-09-05 07:00:00+00:00,1788591600,5m,3.88055,3.6582,4.73617,0.103671,1
btc-updown-5m-1788591900,2026-09-05 07:05:00+00:00,1788591900,5m,4.12432,3.87627,5.70632,0.113095,1
btc-updown-5m-1788592200,2026-09-05 07:10:00+00:00,1788592200,5m,3.62347,3.33813,5.23147,0.0957341,1
btc-updown-15m-1788592500,2026-09-05 07:15:00+00:00,1788592500,15m,5.58125,5.24926,8.43633,0.0828373,1
btc-updown-5m-1788592500,2026-09-05 07:15:00+00:00,1788592500,5m,3.83593,3.57212,5.16617,0.101687,1
btc-updown-5m-1788592800,2026-09-05 07:20:00+00:00,1788592800,5m,3.76754,3.58874,4.96537,0.0992063,1
btc-updown-5m-1788593100,2026-09-05 07:25:00+00:00,1788593100,5m,3.6118,3.38637,4.76866,0.0957341,1
btc-updown-15m-1788593400,2026-09-05 07:30:00+00:00,1788593400,15m,5.17803,4.85526,7.09996,0.0763889,1
btc-updown-5m-1788593400,2026-09-05 07:30:00+00:00,1788593400,5m,3.25398,3.04207,4.34782,0.0808532,1
btc-updown-5m-1788593700,2026-09-05 07:35:00+00:00,1788593700,5m,3.00549,2.74095,3.9646,0.0724206,1
btc-updown-5m-1788594000,2026-09-05 07:40:00+00:00,1788594000,5m,2.77116,2.48252,4.14769,0.0684524,1
btc-updown-15m-1788594300,2026-09-05 07:45:00+00:00,1788594300,15m,5.00895,4.62763,6.15736,0.0704365,1
btc-updown-5m-1788594300,2026-09-05 07:45:00+00:00,1788594300,5m,3.23531,2.94796,3.7706,0.0803571,1
btc-updown-5m-1788594600,2026-09-05 07:50:00+00:00,1788594600,5m,3.38281,3.15333,3.92517,0.0858135,1
btc-updown-5m-1788594900,2026-09-05 07:55:00+00:00,1788594900,5m,3.30685,3.09098,3.94473,0.0838294,1
btc-updown-15m-1788595200,2026-09-05 08:00:00+00:00,1788595200,15m,5.08691,4.72961,6.64979,0.0724206,1
btc-updown-5m-1788595200,2026-09-05 08:00:00+00:00,1788595200,5m,3.57844,3.35396,4.07215,0.094246,1
btc-updown-5m-1788595500,2026-09-05 08:05:00+00:00,1788595500,5m,3.72587,3.57058,3.86919,0.0982143,1
btc-updown-5m-1788595800,2026-09-05 08:10:00+00:00,1788595800,5m,4.02906,3.84822,4.00259,0.107639,1
btc-updown-15m-1788596100,2026-09-05 08:15:00+00:00,1788596100,15m,6.00658,5.80556,7.40605,0.0927579,1
btc-updown-5m-1788596100,2026-09-05 08:15:00+00:00,1788596100,5m,4.28269,4.11761,4.53526,0.118552,1
btc-updown-5m-1788596400,2026-09-05 08:20:00+00:00,1788596400,5m,4.4875,4.35175,4.78969,0.130456,1
btc-updown-5m-1788596700,2026-09-05 08:25:00+00:00,1788596700,5m,4.13307,4.0386,5.59915,0.113591,1
btc-updown-15m-1788597000,2026-09-05 08:30:00+00:00,1788597000,15m,6.4783,6.26984,9.84275,0.104663,1
btc-updown-5m-1788597000,2026-09-05 08:30:00+00:00,1788597000,5m,4.74094,4.60166,6.02743,0.15129,1
btc-updown-5m-1788597300,2026-09-05 08:35:00+00:00,1788597300,5m,4.91536,4.82394,5.8232,0.16369,1
btc-updown-5m-1788597600,2026-09-05 08:40:00+00:00,1788597600,5m,4.74726,4.62162,5.79998,0.152282,1
btc-updown-15m-1788597900,2026-09-05 08:45:00+00:00,1788597900,15m,6.20365,5.83941,8.57703,0.0962302,1
btc-updown-5m-1788597900,2026-09-05 08:45:00+00:00,1788597900,5m,3.78986,3.4664,5.25234,0.100198,1
btc-updown-5m-1788598200,2026-09-05 08:50:00+00:00,1788598200,5m,2.94057,2.51663,4.74567,0.0714286,1
btc-updown-5m-1788598500,2026-09-05 08:55:00+00:00,1788598500,5m,3.83745,3.5722,4.44318,0.101687,1
btc-updown-15m-1788598800,2026-09-05 09:00:00+00:00,1788598800,15m,5.65205,5.24595,6.8298,0.0848214,1
btc-updown-5m-1788598800,2026-09-05 09:00:00+00:00,1788598800,5m,3.78765,3.51808,4.18238,0.100198,1
btc-updown-5m-1788599100,2026-09-05 09:05:00+00:00,1788599100,5m,4.59362,4.39593,4.16409,0.140873,1
btc-updown-5m-1788599400,2026-09-05 09:10:00+00:00,1788599400,5m,4.04231,3.84894,3.98845,0.109127,1
btc-updown-15m-1788599700,2026-09-05 09:15:00+00:00,1788599700,15m,6.4801,6.25821,6.13075,0.104663,1
btc-updown-5m-1788599700,2026-09-05 09:15:00+00:00,1788599700,5m,3.95113,3.77828,3.7543,0.105655,1
btc-updown-5m-1788600000,2026-09-05 09:20:00+00:00,1788600000,5m,3.78081,3.51522,3.72466,0.0997024,1
btc-updown-5m-1788600300,2026-09-05 09:25:00+00:00,1788600300,5m,3.41439,3.11945,3.4129,0.0868056,1
btc-updown-15m-1788600600,2026-09-05 09:30:00+00:00,1788600600,15m,5.39425,4.86946,5.05025,0.0793651,1
btc-updown-5m-1788600600,2026-09-05 09:30:00+00:00,1788600600,5m,3.00343,2.68643,3.09263,0.0724206,1
btc-updown-5m-1788600900,2026-09-05 09:35:00+00:00,1788600900,5m,2.31082,1.82815,2.79259,0.0515873,1
btc-updown-5m-1788601200,2026-09-05 09:40:00+00:00,1788601200,5m,2.27302,1.75411,2.53976,0.0481151,1
btc-updown-15m-1788601500,2026-09-05 09:45:00+00:00,1788601500,15m,5.24082,4.77544,4.49264,0.0768849,1
btc-updown-5m-1788601500,2026-09-05 09:45:00+00:00,1788601500,5m,3.08502,2.76546,2.75117,0.0753968,1
btc-updown-5m-1788601800,2026-09-05 09:50:00+00:00,1788601800,5m,4.03917,3.75945,3.49093,0.108631,1
btc-updown-5m-1788602100,2026-09-05 09:55:00+00:00,1788602100,5m,3.63635,3.28589,3.19779,0.0967262,1
btc-updown-15m-1788602400,2026-09-05 10:00:00+00:00,1788602400,15m,5.98675,5.68923,5.13942,0.0917659,1
btc-updown-5m-1788602400,2026-09-05 10:00:00+00:00,1788602400,5m,3.98509,3.75297,3.14724,0.106151,1
btc-updown-5m-1788602700,2026-09-05 10:05:00+00:00,1788602700,5m,3.25487,2.72742,2.86037,0.0808532,1
btc-updown-5m-1788603000,2026-09-05 10:10:00+00:00,1788603000,5m,2.52077,1.97115,2.60556,0.0605159,1
btc-updown-15m-1788603300,2026-09-05 10:15:00+00:00,1788603300,15m,4.91471,4.31108,3.92075,0.0684524,1
btc-updown-5m-1788603300,2026-09-05 10:15:00+00:00,1788603300,5m,2.53104,2.13256,2.40096,0.0615079,1
btc-updown-5m-1788603600,2026-09-05 10:20:00+00:00,1788603600,5m,1.64176,1.3104,2.16802,0.030754,1
btc-updown-5m-1788603900,2026-09-05 10:25:00+00:00,1788603900,5m,3.591,3.40879,2.91264,0.094246,1
btc-updown-15m-1788604200,2026-09-05 10:30:00+00:00,1788604200,15m,5.51105,5.23362,7.99981,0.0828373,1
btc-updown-5m-1788604200,2026-09-05 10:30:00+00:00,1788604200,5m,3.90837,3.69586,4.89886,0.104663,1
btc-updown-5m-1788604500,2026-09-05 10:35:00+00:00,1788604500,5m,3.62482,3.42479,4.85376,0.0957341,1
btc-updown-5m-1788604800,2026-09-05 10:40:00+00:00,1788604800,5m,3.41924,3.17601,5.20431,0.0868056,1
btc-updown-15m-1788605100,2026-09-05 10:45:00+00:00,1788605100,15m,5.63133,5.28356,8.22704,0.0843254,1
btc-updown-5m-1788605100,2026-09-05 10:45:00+00:00,1788605100,5m,3.74566,3.54235,5.03801,0.0992063,1
btc-updown-5m-1788605400,2026-09-05 10:50:00+00:00,1788605400,5m,3.32886,3.05805,4.55588,0.0838294,1
btc-updown-5m-1788605700,2026-09-05 10:55:00+00:00,1788605700,5m,3.13709,2.90567,4.22096,0.0763889,1
btc-updown-15m-1788606000,2026-09-05 11:00:00+00:00,1788606000,15m,5.61768,5.47159,6.40548,0.0843254,1
btc-updown-5m-1788606000,2026-09-05 11:00:00+00:00,1788606000,5m,3.43388,3.30094,3.92254,0.0873016,1
btc-updown-5m-1788606300,2026-09-05 11:05:00+00:00,1788606300,5m,3.22822,3.07035,4.11305,0.0798611,1
btc-updown-5m-1788606600,2026-09-05 11:10:00+00:00,1788606600,5m,3.36628,3.19607,4.60951,0.0858135,1
btc-updown-15m-1788606900,2026-09-05 11:15:00+00:00,1788606900,15m,5.93344,5.68574,8.1,0.0907738,1
btc-updown-5m-1788606900,2026-09-05 11:15:00+00:00,1788606900,5m,4.2281,4.11139,4.96022,0.118056,1
btc-updown-5m-1788607200,2026-09-05 11:20:00+00:00,1788607200,5m,3.62566,3.44198,4.69272,0.0957341,1
btc-updown-5m-1788607500,2026-09-05 11:25:00+00:00,1788607500,5m,2.61321,2.15898,4.23743,0.0644841,1
btc-updown-15m-1788607800,2026-09-05 11:30:00+00:00,1788607800,15m,4.79403,4.23397,6.26524,0.0664683,1
btc-updown-5m-1788607800,2026-09-05 11:30:00+00:00,1788607800,5m,2.40925,1.97066,3.83666,0.0575397,1
btc-updown-5m-1788608100,2026-09-05 11:35:00+00:00,1788608100,5m,3.10857,2.93094,3.50631,0.0758929,1
btc-updown-5m-1788608400,2026-09-05 11:40:00+00:00,1788608400,5m,2.50136,2.06712,3.16613,0.0600198,1
btc-updown-15m-1788608700,2026-09-05 11:45:00+00:00,1788608700,15m,4.73989,4.26327,4.69683,0.0654762,1
btc-updown-5m-1788608700,2026-09-05 11:45:00+00:00,1788608700,5m,2.71001,2.36345,2.87621,0.0659722,1
btc-updown-5m-1788609000,2026-09-05 11:50:00+00:00,1788609000,5m,2.44559,2.17718,2.83399,0.0585317,1
btc-updown-5m-1788609300,2026-09-05 11:55:00+00:00,1788609300,5m,3.21472,3.08689,3.39634,0.0798611,1
btc-updown-15m-1788609600,2026-09-05 12:00:00+00:00,1788609600,15m,5.28712,5.04297,6.4438,0.0768849,1
btc-updown-5m-1788609600,2026-09-05 12:00:00+00:00,1788609600,5m,3.83553,3.69546,3.946,0.101687,1
btc-updown-5m-1788609900,2026-09-05 12:05:00+00:00,1788609900,5m,3.61294,3.55601,3.88455,0.0957341,1
btc-updown-5m-1788610200,2026-09-05 12:10:00+00:00,1788610200,5m,3.64328,3.53141,3.63712,0.0967262,1
btc-updown-15m-1788610500,2026-09-05 12:15:00+00:00,1788610500,15m,5.03795,4.69319,5.43968,0.0709325,1
btc-updown-5m-1788610500,2026-09-05 12:15:00+00:00,1788610500,5m,3.14358,2.87905,3.33111,0.0763889,1
btc-updown-5m-1788610800,2026-09-05 12:20:00+00:00,1788610800,5m,2.51552,2.0281,3.00793,0.0605159,1
btc-updown-5m-1788611100,2026-09-05 12:25:00+00:00,1788611100,5m,2.88401,2.59669,2.80143,0.0699405,1
btc-updown-15m-1788611400,2026-09-05 12:30:00+00:00,1788611400,15m,4.53611,4.14144,4.34314,0.0625,1
btc-updown-5m-1788611400,2026-09-05 12:30:00+00:00,1788611400,5m,2.70157,2.40011,2.65962,0.0659722,1
btc-updown-5m-1788611700,2026-09-05 12:35:00+00:00,1788611700,5m,3.67091,3.42759,4.00141,0.0967262,1
btc-updown-5m-1788612000,2026-09-05 12:40:00+00:00,1788612000,5m,3.48211,3.33952,4.36971,0.0907738,1
btc-updown-15m-1788612300,2026-09-05 12:45:00+00:00,1788612300,15m,6.18187,5.88829,8.10869,0.0957341,1
btc-updown-5m-1788612300,2026-09-05 12:45:00+00:00,1788612300,5m,4.03395,3.81917,4.96554,0.107639,1
btc-updown-5m-1788612600,2026-09-05 12:50:00+00:00,1788612600,5m,4.31975,4.09465,5.22801,0.120536,1
btc-updown-5m-1788612900,2026-09-05 12:55:00+00:00,1788612900,5m,3.40574,3.06335,4.95596,0.0858135,1
btc-updown-15m-1788613200,2026-09-05 13:00:00+00:00,1788613200,15m,5.93013,5.6777,8.32551,0.0907738,1
btc-updown-5m-1788613200,2026-09-05 13:00:00+00:00,1788613200,5m,3.96122,3.77778,5.09831,0.105655,1
btc-updown-5m-1788613500,2026-09-05 13:05:00+00:00,1788613500,5m,4.05527,4.00125,5.18979,0.109623,1
btc-updown-5m-1788613800,2026-09-05 13:10:00+00:00,1788613800,5m,3.40517,3.15723,4.84814,0.0858135,1
btc-updown-15m-1788614100,2026-09-05 13:15:00+00:00,1788614100,15m,5.57162,5.19975,7.55886,0.0828373,1
btc-updown-5m-1788614100,2026-09-05 13:15:00+00:00,1788614100,5m,3.71191,3.4702,4.62884,0.0977183,1
btc-updown-5m-1788614400,2026-09-05 13:20:00+00:00,1788614400,5m,4.02147,3.7926,5.01999,0.107639,1
btc-updown-5m-1788614700,2026-09-05 13:25:00+00:00,1788614700,5m,4.51042,4.40191,5.0364,0.134921,1
btc-updown-15m-1788615000,2026-09-05 13:30:00+00:00,1788615000,15m,5.92253,5.7182,7.46797,0.0902778,1
btc-updown-5m-1788615000,2026-09-05 13:30:00+00:00,1788615000,5m,3.76421,3.5937,4.57318,0.0992063,1
btc-updown-5m-1788615300,2026-09-05 13:35:00+00:00,1788615300,5m,4.49551,4.38706,4.55561,0.13244,1
btc-updown-5m-1788615600,2026-09-05 13:40:00+00:00,1788615600,5m,4.51425,4.47517,4.77399,0.134921,1
btc-updown-15m-1788615900,2026-09-05 13:45:00+00:00,1788615900,15m,6.61836,6.50915,10.208,0.109127,1
btc-updown-5m-1788615900,2026-09-05 13:45:00+00:00,1788615900,5m,4.58362,4.64252,6.25108,0.138889,1
btc-updown-5m-1788616200,2026-09-05 13:50:00+00:00,1788616200,5m,3.94324,3.69771,5.85694,0.105655,1
btc-updown-5m-1788616500,2026-09-05 13:55:00+00:00,1788616500,5m,5.08669,4.79217,10.6845,0.177579,1
btc-updown-15m-1788616800,2026-09-05 14:00:00+00:00,1788616800,15m,6.87265,6.58734,16.1546,0.116567,1
btc-updown-5m-1788616800,2026-09-05 14:00:00+00:00,1788616800,5m,4.78906,4.4923,9.89265,0.154266,1
btc-updown-5m-1788617100,2026-09-05 14:05:00+00:00,1788617100,5m,5.21511,5.05204,9.51807,0.1875,1
btc-updown-5m-1788617400,2026-09-05 14:10:00+00:00,1788617400,5m,4.80762,4.68647,8.68892,0.155754,1
btc-updown-15m-1788617700,2026-09-05 14:15:00+00:00,1788617700,15m,6.171,5.84707,12.9435,0.0957341,1
btc-updown-5m-1788617700,2026-09-05 14:15:00+00:00,1788617700,5m,4.06796,3.78417,7.92626,0.110615,1
btc-updown-5m-1788618000,2026-09-05 14:20:00+00:00,1788618000,5m,3.39818,3.01274,7.2009,0.0858135,1
btc-updown-5m-1788618300,2026-09-05 14:25:00+00:00,1788618300,5m,2.74106,2.20038,6.50792,0.0674603,1
btc-updown-15m-1788618600,2026-09-05 14:30:00+00:00,1788618600,15m,6.05949,5.90841,10.4337,0.0927579,1
btc-updown-5m-1788618600,2026-09-05 14:30:00+00:00,1788618600,5m,4.35739,4.28752,6.38931,0.12252,1
btc-updown-5m-1788618900,2026-09-05 14:35:00+00:00,1788618900,5m,4.27554,4.1541,5.84483,0.118552,1
btc-updown-5m-1788619200,2026-09-05 14:40:00+00:00,1788619200,5m,3.7403,3.4861,5.41503,0.0987103,1
btc-updown-15m-1788619500,2026-09-05 14:45:00+00:00,1788619500,15m,5.74135,5.83415,8.24949,0.0863095,1
btc-updown-5m-1788619500,2026-09-05 14:45:00+00:00,1788619500,5m,4.13423,4.08076,5.05176,0.113591,1
btc-updown-5m-1788619800,2026-09-05 14:50:00+00:00,1788619800,5m,3.52966,3.27767,4.86485,0.093254,1
btc-updown-5m-1788620100,2026-09-05 14:55:00+00:00,1788620100,5m,2.9506,2.59178,4.40141,0.0714286,1
btc-updown-15m-1788620400,2026-09-05 15:00:00+00:00,1788620400,15m,5.26305,4.90771,6.62231,0.0768849,1
btc-updown-5m-1788620400,2026-09-05 15:00:00+00:00,1788620400,5m,3.15111,2.82396,4.05532,0.077381,1
btc-updown-5m-1788620700,2026-09-05 15:05:00+00:00,1788620700,5m,3.4777,3.19922,4.36387,0.0907738,1
btc-updown-5m-1788621000,2026-09-05 15:10:00+00:00,1788621000,5m,4.02009,3.82323,4.16909,0.107639,1
btc-updown-15m-1788621300,2026-09-05 15:15:00+00:00,1788621300,15m,5.52756,5.45649,7.02068,0.0828373,1
btc-updown-5m-1788621300,2026-09-05 15:15:00+00:00,1788621300,5m,3.70526,3.44092,4.29927,0.0977183,1
btc-updown-5m-1788621600,2026-09-05 15:20:00+00:00,1788621600,5m,3.94067,3.70281,4.19766,0.105655,1
btc-updown-5m-1788621900,2026-09-05 15:25:00+00:00,1788621900,5m,4.66669,4.43632,5.9792,0.144345,1
btc-updown-15m-1788622200,2026-09-05 15:30:00+00:00,1788622200,15m,6.52365,6.46535,11.5854,0.105655,1
btc-updown-5m-1788622200,2026-09-05 15:30:00+00:00,1788622200,5m,5.522,5.53702,7.09456,0.208829,2
btc-updown-5m-1788622500,2026-09-05 15:35:00+00:00,1788622500,5m,3.78108,3.46118,6.53464,0.0997024,1
btc-updown-5m-1788622800,2026-09-05 15:40:00+00:00,1788622800,5m,4.11507,4.03497,6.10172,0.112599,1
btc-updown-15m-1788623100,2026-09-05 15:45:00+00:00,1788623100,15m,5.04792,4.63722,9.00594,0.0714286,1
btc-updown-5m-1788623100,2026-09-05 15:45:00+00:00,1788623100,5m,3.33609,2.99957,5.51499,0.0843254,1
btc-updown-5m-1788623400,2026-09-05 15:50:00+00:00,1788623400,5m,3.72423,3.40722,5.25907,0.0982143,1
btc-updown-5m-1788623700,2026-09-05 15:55:00+00:00,1788623700,5m,3.80791,3.63123,5.13775,0.100694,1
btc-updown-15m-1788624000,2026-09-05 16:00:00+00:00,1788624000,15m,6.11462,5.87309,8.39043,0.093254,1
btc-updown-5m-1788624000,2026-09-05 16:00:00+00:00,1788624000,5m,4.2356,4.06027,5.13807,0.118056,1
btc-updown-5m-1788624300,2026-09-05 16:05:00+00:00,1788624300,5m,5.17732,4.93153,4.8824,0.183532,1
btc-updown-5m-1788624600,2026-09-05 16:10:00+00:00,1788624600,5m,5.03277,4.88777,6.08466,0.172619,1
btc-updown-15m-1788624900,2026-09-05 16:15:00+00:00,1788624900,15m,6.53353,6.36964,10.2085,0.105655,1
btc-updown-5m-1788624900,2026-09-05 16:15:00+00:00,1788624900,5m,4.94348,4.85528,6.25142,0.166171,1
btc-updown-5m-1788625200,2026-09-05 16:20:00+00:00,1788625200,5m,4.67401,4.50098,5.97348,0.145833,1
btc-updown-5m-1788625500,2026-09-05 16:25:00+00:00,1788625500,5m,5.34031,5.21131,5.81659,0.197917,1
btc-updown-15m-1788625800,2026-09-05 16:30:00+00:00,1788625800,15m,8.01691,7.6961,10.6431,0.159722,1
btc-updown-5m-1788625800,2026-09-05 16:30:00+00:00,1788625800,5m,5.49701,5.15622,6.51755,0.206845,2
btc-updown-5m-1788626100,2026-09-05 16:35:00+00:00,1788626100,5m,7.16995,6.93732,7.43819,0.301587,2
btc-updown-5m-1788626400,2026-09-05 16:40:00+00:00,1788626400,5m,7.40525,7.07238,8.39807,0.31746,2
btc-updown-15m-1788626700,2026-09-05 16:45:00+00:00,1788626700,15m,9.45238,8.8846,12.6002,0.222222,2
btc-updown-5m-1788626700,2026-09-05 16:45:00+00:00,1788626700,5m,5.84878,5.38332,7.71601,0.226687,2
btc-updown-5m-1788627000,2026-09-05 16:50:00+00:00,1788627000,5m,7.09998,6.70307,8.18846,0.296627,2
btc-updown-5m-1788627300,2026-09-05 16:55:00+00:00,1788627300,5m,6.9036,6.59432,7.78726,0.287698,2
btc-updown-15m-1788627600,2026-09-05 17:00:00+00:00,1788627600,15m,16.3207,15.6155,16.3317,0.505952,3
btc-updown-5m-1788627600,2026-09-05 17:00:00+00:00,1788627600,5m,10.8406,10.3099,10.0011,0.552083,3
btc-updown-5m-1788627900,2026-09-05 17:05:00+00:00,1788627900,5m,9.42147,8.87865,10.4838,0.456845,3
btc-updown-5m-1788628200,2026-09-05 17:10:00+00:00,1788628200,5m,10.2308,9.89189,11.6667,0.513889,3
btc-updown-15m-1788628500,2026-09-05 17:15:00+00:00,1788628500,15m,13.5945,12.1043,17.2907,0.383929,2
btc-updown-5m-1788628500,2026-09-05 17:15:00+00:00,1788628500,5m,7.82921,6.82827,10.5883,0.34375,2
btc-updown-5m-1788628800,2026-09-05 17:20:00+00:00,1788628800,5m,9.28725,8.75882,11.1327,0.442956,3
btc-updown-5m-1788629100,2026-09-05 17:25:00+00:00,1788629100,5m,6.88882,6.30147,10.1547,0.287202,2
btc-updown-15m-1788629400,2026-09-05 17:30:00+00:00,1788629400,15m,12.0964,11.4554,15.4682,0.318452,2
btc-updown-5m-1788629400,2026-09-05 17:30:00+00:00,1788629400,5m,7.62639,7.22611,9.47228,0.332837,2
btc-updown-5m-1788629700,2026-09-05 17:35:00+00:00,1788629700,5m,7.86589,7.40898,9.26461,0.34623,2
btc-updown-5m-1788630000,2026-09-05 17:40:00+00:00,1788630000,5m,8.15304,7.7877,8.75639,0.362103,2
btc-updown-15m-1788630300,2026-09-05 17:45:00+00:00,1788630300,15m,10.3187,9.64682,13.1161,0.25496,2
btc-updown-5m-1788630300,2026-09-05 17:45:00+00:00,1788630300,5m,6.23133,5.87227,8.03191,0.24504,2
btc-updown-5m-1788630600,2026-09-05 17:50:00+00:00,1788630600,5m,7.09465,6.71141,8.01707,0.296131,2
btc-updown-5m-1788630900,2026-09-05 17:55:00+00:00,1788630900,5m,7.03298,6.58238,7.66811,0.292659,2
btc-updown-15m-1788631200,2026-09-05 18:00:00+00:00,1788631200,15m,10.0083,9.18754,12.3854,0.244048,2
btc-updown-5m-1788631200,2026-09-05 18:00:00+00:00,1788631200,5m,6.65025,6.29689,7.58445,0.275298,2
btc-updown-5m-1788631500,2026-09-05 18:05:00+00:00,1788631500,5m,6.48982,6.21972,7.04041,0.264881,2
btc-updown-5m-1788631800,2026-09-05 18:10:00+00:00,1788631800,5m,5.94868,5.58951,6.9945,0.232143,2
btc-updown-15m-1788632100,2026-09-05 18:15:00+00:00,1788632100,15m,9.51595,8.83575,11.0104,0.225198,2
btc-updown-5m-1788632100,2026-09-05 18:15:00+00:00,1788632100,5m,5.87798,5.60841,6.74248,0.227679,2
btc-updown-5m-1788632400,2026-09-05 18:20:00+00:00,1788632400,5m,6.05739,5.76187,6.68353,0.237599,2
btc-updown-5m-1788632700,2026-09-05 18:25:00+00:00,1788632700,5m,5.80383,5.46329,6.43597,0.22371,2
btc-updown-15m-1788633000,2026-09-05 18:30:00+00:00,1788633000,15m,6.97997,6.58503,9.71339,0.120536,1
btc-updown-5m-1788633000,2026-09-05 18:30:00+00:00,1788633000,5m,4.93206,4.65199,5.94821,0.165179,1
btc-updown-5m-1788633300,2026-09-05 18:35:00+00:00,1788633300,5m,5.41164,5.12074,7.45596,0.201885,2
btc-updown-5m-1788633600,2026-09-05 18:40:00+00:00,1788633600,5m,4.76981,4.52178,6.89771,0.15377,1
btc-updown-15m-1788633900,2026-09-05 18:45:00+00:00,1788633900,15m,6.81268,6.4877,10.9108,0.113591,1
btc-updown-5m-1788633900,2026-09-05 18:45:00+00:00,1788633900,5m,4.95942,4.75475,6.68147,0.168155,1
btc-updown-5m-1788634200,2026-09-05 18:50:00+00:00,1788634200,5m,4.29495,4.05949,6.10814,0.118552,1
btc-updown-5m-1788634500,2026-09-05 18:55:00+00:00,1788634500,5m,4.06601,3.80636,5.69093,0.110615,1
btc-updown-15m-1788634800,2026-09-05 19:00:00+00:00,1788634800,15m,6.0917,5.70332,8.83583,0.093254,1
btc-updown-5m-1788634800,2026-09-05 19:00:00+00:00,1788634800,5m,4.37275,4.20513,5.41082,0.123512,1
btc-updown-5m-1788635100,2026-09-05 19:05:00+00:00,1788635100,5m,4.37181,4.12406,5.78283,0.123512,1
btc-updown-5m-1788635400,2026-09-05 19:10:00+00:00,1788635400,5m,4.0528,3.74885,5.32963,0.109623,1
btc-updown-15m-1788635700,2026-09-05 19:15:00+00:00,1788635700,15m,5.79788,5.36327,8.26337,0.0863095,1
btc-updown-5m-1788635700,2026-09-05 19:15:00+00:00,1788635700,5m,3.97728,3.68178,5.06026,0.106151,1
btc-updown-5m-1788636000,2026-09-05 19:20:00+00:00,1788636000,5m,3.78824,3.57835,4.8762,0.100198,1
btc-updown-5m-1788636300,2026-09-05 19:25:00+00:00,1788636300,5m,3.96111,3.65901,4.97424,0.105655,1
btc-updown-15m-1788636600,2026-09-05 19:30:00+00:00,1788636600,15m,5.34429,4.88347,7.83691,0.0793651,1
btc-updown-5m-1788636600,2026-09-05 19:30:00+00:00,1788636600,5m,3.72303,3.4647,4.7991,0.0982143,1
btc-updown-5m-1788636900,2026-09-05 19:35:00+00:00,1788636900,5m,4.43366,4.26333,4.9966,0.125992,1
btc-updown-5m-1788637200,2026-09-05 19:40:00+00:00,1788637200,5m,6.87641,6.44397,10.3047,0.286706,2
btc-updown-15m-1788637500,2026-09-05 19:45:00+00:00,1788637500,15m,8.98521,8.37726,16.7331,0.204365,2
btc-updown-5m-1788637500,2026-09-05 19:45:00+00:00,1788637500,5m,6.13645,5.65135,10.2469,0.238095,2
btc-updown-5m-1788637800,2026-09-05 19:50:00+00:00,1788637800,5m,5.0251,4.53581,9.65089,0.172619,1
btc-updown-5m-1788638100,2026-09-05 19:55:00+00:00,1788638100,5m,4.41684,4.00899,9.22231,0.125496,1
btc-updown-15m-1788638400,2026-09-05 20:00:00+00:00,1788638400,15m,6.8323,6.1245,14.3467,0.114087,1
btc-updown-5m-1788638400,2026-09-05 20:00:00+00:00,1788638400,5m,4.35966,3.92226,8.78552,0.12252,1
btc-updown-5m-1788638700,2026-09-05 20:05:00+00:00,1788638700,5m,4.23774,3.88823,8.55947,0.118056,1
btc-updown-5m-1788639000,2026-09-05 20:10:00+00:00,1788639000,5m,4.49379,4.25882,8.66051,0.131944,1
btc-updown-15m-1788639300,2026-09-05 20:15:00+00:00,1788639300,15m,8.04025,7.67395,15.8498,0.160218,1
btc-updown-5m-1788639300,2026-09-05 20:15:00+00:00,1788639300,5m,5.63955,5.44958,9.70598,0.216766,2
btc-updown-5m-1788639600,2026-09-05 20:20:00+00:00,1788639600,5m,4.83913,4.53232,9.06756,0.158234,1
btc-updown-5m-1788639900,2026-09-05 20:25:00+00:00,1788639900,5m,4.74793,4.60971,9.10587,0.152282,1
btc-updown-15m-1788640200,2026-09-05 20:30:00+00:00,1788640200,15m,7.7307,7.34386,16.0574,0.15129,1
btc-updown-5m-1788640200,2026-09-05 20:30:00+00:00,1788640200,5m,5.74654,5.54432,9.83313,0.220734,2
btc-updown-5m-1788640500,2026-09-05 20:35:00+00:00,1788640500,5m,4.69977,4.46393,9.17753,0.14881,1
btc-updown-5m-1788640800,2026-09-05 20:40:00+00:00,1788640800,5m,4.68362,4.47805,9.01557,0.147321,1
btc-updown-15m-1788641100,2026-09-05 20:45:00+00:00,1788641100,15m,7.01062,6.59989,13.4757,0.120536,1
btc-updown-5m-1788641100,2026-09-05 20:45:00+00:00,1788641100,5m,4.66234,4.42592,8.25215,0.144345,1
btc-updown-5m-1788641400,2026-09-05 20:50:00+00:00,1788641400,5m,4.21244,3.88205,7.61731,0.11756,1
btc-updown-5m-1788641700,2026-09-05 20:55:00+00:00,1788641700,5m,4.54898,4.34411,7.22724,0.136905,1
btc-updown-15m-1788642000,2026-09-05 21:00:00+00:00,1788642000,15m,6.90485,6.46012,11.3912,0.11756,1
btc-updown-5m-1788642000,2026-09-05 21:00:00+00:00,1788642000,5m,4.72428,4.51457,6.97563,0.150298,1
btc-updown-5m-1788642300,2026-09-05 21:05:00+00:00,1788642300,5m,3.62962,3.31036,6.92034,0.0957341,1
btc-updown-5m-1788642600,2026-09-05 21:10:00+00:00,1788642600,5m,4.42835,4.19199,6.55629,0.125992,1
btc-updown-15m-1788642900,2026-09-05 21:15:00+00:00,1788642900,15m,6.44164,6.02926,9.69766,0.102679,1
btc-updown-5m-1788642900,2026-09-05 21:15:00+00:00,1788642900,5m,4.47145,4.1437,5.93858,0.128968,1
btc-updown-5m-1788643200,2026-09-05 21:20:00+00:00,1788643200,5m,5.02584,4.79518,5.62685,0.172619,1
btc-updown-5m-1788643500,2026-09-05 21:25:00+00:00,1788643500,5m,5.92971,5.69129,5.41335,0.230159,2
btc-updown-15m-1788643800,2026-09-05 21:30:00+00:00,1788643800,15m,6.99686,6.59646,8.0856,0.120536,1
btc-updown-5m-1788643800,2026-09-05 21:30:00+00:00,1788643800,5m,4.52544,4.13911,4.9514,0.135417,1
btc-updown-5m-1788644100,2026-09-05 21:35:00+00:00,1788644100,5m,3.46891,3.15522,4.48617,0.0892857,1
btc-updown-5m-1788644400,2026-09-05 21:40:00+00:00,1788644400,5m,3.41309,3.07836,4.2584,0.0863095,1
btc-updown-15m-1788644700,2026-09-05 21:45:00+00:00,1788644700,15m,7.30556,7.00607,8.50936,0.128968,1
btc-updown-5m-1788644700,2026-09-05 21:45:00+00:00,1788644700,5m,5.33133,5.05623,5.2109,0.197917,1
btc-updown-5m-1788645000,2026-09-05 21:50:00+00:00,1788645000,5m,4.92397,4.67216,5.79161,0.164683,1
btc-updown-5m-1788645300,2026-09-05 21:55:00+00:00,1788645300,5m,4.98822,4.71614,6.2744,0.169643,1
btc-updown-15m-1788645600,2026-09-05 22:00:00+00:00,1788645600,15m,6.92955,6.49499,9.68111,0.118056,1
btc-updown-5m-1788645600,2026-09-05 22:00:00+00:00,1788645600,5m,4.73585,4.4721,5.92844,0.150794,1
btc-updown-5m-1788645900,2026-09-05 22:05:00+00:00,1788645900,5m,4.4102,4.1662,5.84844,0.125,1
btc-updown-5m-1788646200,2026-09-05 22:10:00+00:00,1788646200,5m,4.8062,4.57502,5.93448,0.155754,1
btc-updown-15m-1788646500,2026-09-05 22:15:00+00:00,1788646500,15m,7.05651,6.7761,10.4575,0.122024,1
btc-updown-5m-1788646500,2026-09-05 22:15:00+00:00,1788646500,5m,4.69747,4.56383,6.40391,0.148313,1
btc-updown-5m-1788646800,2026-09-05 22:20:00+00:00,1788646800,5m,5.2803,5.11349,6.42387,0.19494,1
btc-updown-5m-1788647100,2026-09-05 22:25:00+00:00,1788647100,5m,4.82876,4.51602,5.84267,0.157242,1
btc-updown-15m-1788647400,2026-09-05 22:30:00+00:00,1788647400,15m,8.69111,8.20892,9.32448,0.194444,1
btc-updown-5m-1788647400,2026-09-05 22:30:00+00:00,1788647400,5m,5.51006,5.19077,5.71006,0.207341,2
btc-updown-5m-1788647700,2026-09-05 22:35:00+00:00,1788647700,5m,4.6754,4.34099,5.432,0.145833,1
btc-updown-5m-1788648000,2026-09-05 22:40:00+00:00,1788648000,5m,4.14896,3.86979,5.07412,0.114583,1
btc-updown-15m-1788648300,2026-09-05 22:45:00+00:00,1788648300,15m,6.99644,6.54071,8.42683,0.120536,1
btc-updown-5m-1788648300,2026-09-05 22:45:00+00:00,1788648300,5m,4.74113,4.49371,5.16036,0.15129,1
btc-updown-5m-1788648600,2026-09-05 22:50:00+00:00,1788648600,5m,4.16947,3.90049,4.91334,0.115575,1
btc-updown-5m-1788648900,2026-09-05 22:55:00+00:00,1788648900,5m,4.04872,3.83278,4.53649,0.109623,1
btc-updown-15m-1788649200,2026-09-05 23:00:00+00:00,1788649200,15m,5.16735,4.83811,7.73531,0.0749008,1
btc-updown-5m-1788649200,2026-09-05 23:00:00+00:00,1788649200,5m,3.62388,3.53565,4.73689,0.0957341,1
btc-updown-5m-1788649500,2026-09-05 23:05:00+00:00,1788649500,5m,3.35528,3.20247,4.85569,0.0853175,1
btc-updown-5m-1788649800,2026-09-05 23:10:00+00:00,1788649800,5m,2.89776,2.73072,4.44777,0.0709325,1
btc-updown-15m-1788650100,2026-09-05 23:15:00+00:00,1788650100,15m,3.83811,3.44175,6.6179,0.0496032,1
btc-updown-5m-1788650100,2026-09-05 23:15:00+00:00,1788650100,5m,2.33535,2.17593,4.05262,0.0530754,1
btc-updown-5m-1788650400,2026-09-05 23:20:00+00:00,1788650400,5m,3.94589,3.77487,3.93218,0.105655,1
btc-updown-5m-1788650700,2026-09-05 23:25:00+00:00,1788650700,5m,3.59452,3.3939,3.6846,0.094246,1
btc-updown-15m-1788651000,2026-09-05 23:30:00+00:00,1788651000,15m,5.24505,4.9631,6.19545,0.0768849,1
btc-updown-5m-1788651000,2026-09-05 23:30:00+00:00,1788651000,5m,3.80064,3.57028,3.79392,0.100198,1
btc-updown-5m-1788651300,2026-09-05 23:35:00+00:00,1788651300,5m,3.5312,3.2782,3.46895,0.093254,1
btc-updown-5m-1788651600,2026-09-05 23:40:00+00:00,1788651600,5m,4.307,4.08413,5.15123,0.119544,1
btc-updown-15m-1788651900,2026-09-05 23:45:00+00:00,1788651900,15m,6.19654,5.87767,8.35916,0.0962302,1
btc-updown-5m-1788651900,2026-09-05 23:45:00+00:00,1788651900,5m,4.2991,3.96942,5.11892,0.118552,1
btc-updown-5m-1788652200,2026-09-05 23:50:00+00:00,1788652200,5m,4.51714,4.25532,5.28648,0.134921,1
btc-updown-5m-1788652500,2026-09-05 23:55:00+00:00,1788652500,5m,4.42731,4.14936,5.58948,0.125992,1
btc-updown-15m-1788652800,2026-09-06 00:00:00+00:00,1788652800,15m,7.31907,7.08808,10.7853,0.12996,1
btc-updown-5m-1788652800,2026-09-06 00:00:00+00:00,1788652800,5m,5.0197,4.76622,6.60461,0.172619,1
btc-updown-5m-1788653100,2026-09-06 00:05:00+00:00,1788653100,5m,4.6141,4.38413,6.0912,0.141865,1
btc-updown-5m-1788653400,2026-09-06 00:10:00+00:00,1788653400,5m,6.07961,5.7032,5.92341,0.237599,2
btc-updown-15m-1788653700,2026-09-06 00:15:00+00:00,1788653700,15m,9.37753,9.14564,8.83515,0.219742,2
btc-updown-5m-1788653700,2026-09-06 00:15:00+00:00,1788653700,5m,5.47916,5.06748,5.41041,0.205853,2
btc-updown-5m-1788654000,2026-09-06 00:20:00+00:00,1788654000,5m,4.44679,4.03517,4.92767,0.12748,1
btc-updown-5m-1788654300,2026-09-06 00:25:00+00:00,1788654300,5m,5.10654,4.75106,4.77812,0.178571,1
btc-updown-15m-1788654600,2026-09-06 00:30:00+00:00,1788654600,15m,7.43282,6.91836,7.81206,0.136905,1
btc-updown-5m-1788654600,2026-09-06 00:30:00+00:00,1788654600,5m,4.97773,4.62907,4.78389,0.169147,1
btc-updown-5m-1788654900,2026-09-06 00:35:00+00:00,1788654900,5m,4.75823,4.3906,4.97113,0.152778,1
btc-updown-5m-1788655200,2026-09-06 00:40:00+00:00,1788655200,5m,4.51332,4.16739,4.7609,0.134921,1
btc-updown-15m-1788655500,2026-09-06 00:45:00+00:00,1788655500,15m,5.86324,5.39735,7.1629,0.0877976,1
btc-updown-5m-1788655500,2026-09-06 00:45:00+00:00,1788655500,5m,3.69443,3.41534,4.38636,0.0972222,1
btc-updown-5m-1788655800,2026-09-06 00:50:00+00:00,1788655800,5m,3.96975,3.66044,4.16889,0.105655,1
btc-updown-5m-1788656100,2026-09-06 00:55:00+00:00,1788656100,5m,4.42918,4.19519,5.48609,0.125992,1
btc-updown-15m-1788656400,2026-09-06 01:00:00+00:00,1788656400,15m,5.92962,5.55685,9.03066,0.0907738,1
btc-updown-5m-1788656400,2026-09-06 01:00:00+00:00,1788656400,5m,4.14416,3.93772,5.53013,0.114583,1
btc-updown-5m-1788656700,2026-09-06 01:05:00+00:00,1788656700,5m,4.55631,4.42506,6.52275,0.136905,1
btc-updown-5m-1788657000,2026-09-06 01:10:00+00:00,1788657000,5m,4.87718,4.64137,6.1801,0.162202,1
btc-updown-15m-1788657300,2026-09-06 01:15:00+00:00,1788657300,15m,7.12174,6.76353,9.33098,0.125,1
btc-updown-5m-1788657300,2026-09-06 01:15:00+00:00,1788657300,5m,4.71614,4.53129,5.71403,0.149802,1
btc-updown-5m-1788657600,2026-09-06 01:20:00+00:00,1788657600,5m,4.97295,4.78958,6.06101,0.168651,1
btc-updown-5m-1788657900,2026-09-06 01:25:00+00:00,1788657900,5m,4.34212,4.22692,5.78513,0.122024,1
btc-updown-15m-1788658200,2026-09-06 01:30:00+00:00,1788658200,15m,5.73518,5.43044,8.63574,0.0863095,1
btc-updown-5m-1788658200,2026-09-06 01:30:00+00:00,1788658200,5m,3.80669,3.66143,5.28829,0.100198,1
btc-updown-5m-1788658500,2026-09-06 01:35:00+00:00,1788658500,5m,3.92799,3.75654,4.87259,0.104663,1
btc-updown-5m-1788658800,2026-09-06 01:40:00+00:00,1788658800,5m,4.4957,4.37532,5.70353,0.13244,1
btc-updown-15m-1788659100,2026-09-06 01:45:00+00:00,1788659100,15m,6.82274,6.62748,12.4327,0.113591,1
btc-updown-5m-1788659100,2026-09-06 01:45:00+00:00,1788659100,5m,5.11835,5.09574,7.61344,0.178571,1
btc-updown-5m-1788659400,2026-09-06 01:50:00+00:00,1788659400,5m,5.03816,4.94241,7.83387,0.172619,1
btc-updown-5m-1788659700,2026-09-06 01:55:00+00:00,1788659700,5m,5.27494,5.19139,7.72665,0.193948,1
btc-updown-15m-1788660000,2026-09-06 02:00:00+00:00,1788660000,15m,6.47344,6.22134,12.3334,0.104167,1
btc-updown-5m-1788660000,2026-09-06 02:00:00+00:00,1788660000,5m,4.78304,4.6723,7.55263,0.15377,1
btc-updown-5m-1788660300,2026-09-06 02:05:00+00:00,1788660300,5m,5.14167,5.08821,8.25941,0.181052,1
btc-updown-5m-1788660600,2026-09-06 02:10:00+00:00,1788660600,5m,4.48192,4.41943,7.64465,0.12996,1
btc-updown-15m-1788660900,2026-09-06 02:15:00+00:00,1788660900,15m,6.17229,5.96787,11.7711,0.0957341,1
btc-updown-5m-1788660900,2026-09-06 02:15:00+00:00,1788660900,5m,4.50768,4.45094,7.20831,0.134921,1
btc-updown-5m-1788661200,2026-09-06 02:20:00+00:00,1788661200,5m,4.21985,4.14531,6.66708,0.11756,1
btc-updown-5m-1788661500,2026-09-06 02:25:00+00:00,1788661500,5m,4.44413,4.30877,6.20901,0.12748,1
btc-updown-15m-1788661800,2026-09-06 02:30:00+00:00,1788661800,15m,5.90424,5.66512,9.22699,0.0892857,1
btc-updown-5m-1788661800,2026-09-06 02:30:00+00:00,1788661800,5m,4.11079,3.95902,5.65035,0.112599,1
btc-updown-5m-1788662100,2026-09-06 02:35:00+00:00,1788662100,5m,3.96634,3.73529,5.27928,0.105655,1
btc-updown-5m-1788662400,2026-09-06 02:40:00+00:00,1788662400,5m,3.99719,3.77687,4.86828,0.106647,1
btc-updown-15m-1788662700,2026-09-06 02:45:00+00:00,1788662700,15m,5.98983,5.71778,8.49849,0.0922619,1
btc-updown-5m-1788662700,2026-09-06 02:45:00+00:00,1788662700,5m,4.25958,4.09326,5.20424,0.118552,1
btc-updown-5m-1788663000,2026-09-06 02:50:00+00:00,1788663000,5m,4.08688,3.85749,4.80055,0.111607,1
btc-updown-5m-1788663300,2026-09-06 02:55:00+00:00,1788663300,5m,4.03444,3.75869,4.37006,0.107639,1
btc-updown-15m-1788663600,2026-09-06 03:00:00+00:00,1788663600,15m,5.40469,5.13144,7.12514,0.0798611,1
btc-updown-5m-1788663600,2026-09-06 03:00:00+00:00,1788663600,5m,4.05927,3.83839,4.36324,0.109623,1
btc-updown-5m-1788663900,2026-09-06 03:05:00+00:00,1788663900,5m,3.86613,3.65392,3.98226,0.102183,1
btc-updown-5m-1788664200,2026-09-06 03:10:00+00:00,1788664200,5m,3.37284,3.02743,3.61926,0.0858135,1
btc-updown-15m-1788664500,2026-09-06 03:15:00+00:00,1788664500,15m,5.42979,5.06987,6.19977,0.0813492,1
btc-updown-5m-1788664500,2026-09-06 03:15:00+00:00,1788664500,5m,3.92382,3.68064,3.79657,0.104663,1
btc-updown-5m-1788664800,2026-09-06 03:20:00+00:00,1788664800,5m,3.99477,3.82423,3.59736,0.106647,1
btc-updown-5m-1788665100,2026-09-06 03:25:00+00:00,1788665100,5m,3.47598,3.24631,3.48963,0.0907738,1
btc-updown-15m-1788665400,2026-09-06 03:30:00+00:00,1788665400,15m,6.13344,5.77679,7.18834,0.094246,1
btc-updown-5m-1788665400,2026-09-06 03:30:00+00:00,1788665400,5m,4.32202,4.12703,4.40194,0.120536,1
btc-updown-5m-1788665700,2026-09-06 03:35:00+00:00,1788665700,5m,4.51835,4.38787,5.1036,0.134921,1
btc-updown-5m-1788666000,2026-09-06 03:40:00+00:00,1788666000,5m,4.44408,4.35186,4.92768,0.12748,1
btc-updown-15m-1788666300,2026-09-06 03:45:00+00:00,1788666300,15m,10.8965,10.2994,9.28833,0.275794,2
btc-updown-5m-1788666300,2026-09-06 03:45:00+00:00,1788666300,5m,7.75187,7.39558,5.68792,0.339286,2
btc-updown-5m-1788666600,2026-09-06 03:50:00+00:00,1788666600,5m,6.26848,6.04174,6.10229,0.249008,2
btc-updown-5m-1788666900,2026-09-06 03:55:00+00:00,1788666900,5m,6.23388,5.96497,6.12872,0.24504,2
btc-updown-15m-1788667200,2026-09-06 04:00:00+00:00,1788667200,15m,7.85203,7.60351,9.18635,0.15377,1
btc-updown-5m-1788667200,2026-09-06 04:00:00+00:00,1788667200,5m,5.60559,5.33147,5.62547,0.215774,2
btc-updown-5m-1788667500,2026-09-06 04:05:00+00:00,1788667500,5m,5.08782,4.83518,5.29108,0.178075,1
btc-updown-5m-1788667800,2026-09-06 04:10:00+00:00,1788667800,5m,4.92923,4.72406,5.12744,0.165179,1
btc-updown-15m-1788668100,2026-09-06 04:15:00+00:00,1788668100,15m,6.67241,6.45578,8.14787,0.110119,1
btc-updown-5m-1788668100,2026-09-06 04:15:00+00:00,1788668100,5m,4.75492,4.54111,4.98953,0.152778,1
btc-updown-5m-1788668400,2026-09-06 04:20:00+00:00,1788668400,5m,4.37929,4.16004,4.5987,0.123512,1
btc-updown-5m-1788668700,2026-09-06 04:25:00+00:00,1788668700,5m,4.08381,3.88809,4.60998,0.111111,1
btc-updown-15m-1788669000,2026-09-06 04:30:00+00:00,1788669000,15m,6.1119,5.85936,7.08786,0.093254,1
btc-updown-5m-1788669000,2026-09-06 04:30:00+00:00,1788669000,5m,4.04308,3.8523,4.34041,0.109127,1
btc-updown-5m-1788669300,2026-09-06 04:35:00+00:00,1788669300,5m,3.86164,3.62069,4.03693,0.102183,1
btc-updown-5m-1788669600,2026-09-06 04:40:00+00:00,1788669600,5m,3.19755,2.95755,3.68149,0.0798611,1
btc-updown-15m-1788669900,2026-09-06 04:45:00+00:00,1788669900,15m,5.69132,5.41376,6.04244,0.0858135,1
btc-updown-5m-1788669900,2026-09-06 04:45:00+00:00,1788669900,5m,3.78083,3.57068,3.70022,0.0997024,1
btc-updown-5m-1788670200,2026-09-06 04:50:00+00:00,1788670200,5m,3.51674,3.25232,3.58957,0.0927579,1
btc-updown-5m-1788670500,2026-09-06 04:55:00+00:00,1788670500,5m,3.57718,3.39387,3.39847,0.094246,1
btc-updown-15m-1788670800,2026-09-06 05:00:00+00:00,1788670800,15m,5.43644,5.23164,6.22552,0.0813492,1
btc-updown-5m-1788670800,2026-09-06 05:00:00+00:00,1788670800,5m,3.27761,3.14753,3.81234,0.0823413,1
btc-updown-5m-1788671100,2026-09-06 05:05:00+00:00,1788671100,5m,3.73265,3.59398,3.8098,0.0982143,1
btc-updown-5m-1788671400,2026-09-06 05:10:00+00:00,1788671400,5m,3.45897,3.28656,4.14052,0.0882937,1
btc-updown-15m-1788671700,2026-09-06 05:15:00+00:00,1788671700,15m,6.70478,6.57756,6.84933,0.111607,1
btc-updown-5m-1788671700,2026-09-06 05:15:00+00:00,1788671700,5m,4.24205,4.14115,4.19434,0.118552,1
btc-updown-5m-1788672000,2026-09-06 05:20:00+00:00,1788672000,5m,3.78148,3.60245,3.80413,0.0997024,1
btc-updown-5m-1788672300,2026-09-06 05:25:00+00:00,1788672300,5m,4.2174,4.11315,4.31895,0.11756,1
btc-updown-15m-1788672600,2026-09-06 05:30:00+00:00,1788672600,15m,6.26521,6.07834,6.6901,0.0982143,1
btc-updown-5m-1788672600,2026-09-06 05:30:00+00:00,1788672600,5m,3.96889,3.80974,4.09683,0.105655,1
btc-updown-5m-1788672900,2026-09-06 05:35:00+00:00,1788672900,5m,4.56988,4.42121,4.09468,0.137897,1
btc-updown-5m-1788673200,2026-09-06 05:40:00+00:00,1788673200,5m,6.85678,6.58701,5.7035,0.285714,2
btc-updown-15m-1788673500,2026-09-06 05:45:00+00:00,1788673500,15m,9.89193,9.47107,13.1381,0.238095,2
btc-updown-5m-1788673500,2026-09-06 05:45:00+00:00,1788673500,5m,6.96579,6.62955,8.04539,0.290675,2
btc-updown-5m-1788673800,2026-09-06 05:50:00+00:00,1788673800,5m,5.82614,5.54911,7.51059,0.225694,2
btc-updown-5m-1788674100,2026-09-06 05:55:00+00:00,1788674100,5m,5.23678,4.98661,6.91503,0.18998,1
btc-updown-15m-1788674400,2026-09-06 06:00:00+00:00,1788674400,15m,7.30734,7.04617,10.8414,0.128968,1
btc-updown-5m-1788674400,2026-09-06 06:00:00+00:00,1788674400,5m,4.90606,4.67403,6.63899,0.163194,1
btc-updown-5m-1788674700,2026-09-06 06:05:00+00:00,1788674700,5m,4.93034,4.70731,6.77609,0.165179,1
btc-updown-5m-1788675000,2026-09-06 06:10:00+00:00,1788675000,5m,4.0548,3.83373,6.17283,0.109623,1
btc-updown-15m-1788675300,2026-09-06 06:15:00+00:00,1788675300,15m,6.04619,5.75269,9.45724,0.0927579,1
btc-updown-5m-1788675300,2026-09-06 06:15:00+00:00,1788675300,5m,3.90737,3.68971,5.79135,0.104663,1
btc-updown-5m-1788675600,2026-09-06 06:20:00+00:00,1788675600,5m,4.02547,3.78549,5.36128,0.107639,1
btc-updown-5m-1788675900,2026-09-06 06:25:00+00:00,1788675900,5m,4.10755,3.89154,5.12279,0.112599,1
btc-updown-15m-1788676200,2026-09-06 06:30:00+00:00,1788676200,15m,7.13656,6.85616,8.51875,0.125496,1
btc-updown-5m-1788676200,2026-09-06 06:30:00+00:00,1788676200,5m,4.28234,4.02369,5.21665,0.118552,1
btc-updown-5m-1788676500,2026-09-06 06:35:00+00:00,1788676500,5m,4.41075,4.16097,5.14694,0.125,1
btc-updown-5m-1788676800,2026-09-06 06:40:00+00:00,1788676800,5m,4.26548,4.0438,4.79078,0.118552,1
btc-updown-15m-1788677100,2026-09-06 06:45:00+00:00,1788677100,15m,7.05976,6.77665,8.64811,0.122024,1
btc-updown-5m-1788677100,2026-09-06 06:45:00+00:00,1788677100,5m,4.36931,4.14031,5.29586,0.12252,1
btc-updown-5m-1788677400,2026-09-06 06:50:00+00:00,1788677400,5m,6.13513,5.8817,6.5488,0.238095,2
btc-updown-5m-1788677700,2026-09-06 06:55:00+00:00,1788677700,5m,4.55363,4.29024,6.60269,0.136905,1
btc-updown-15m-1788678000,2026-09-06 07:00:00+00:00,1788678000,15m,7.32681,7.02931,10.0823,0.130456,1
btc-updown-5m-1788678000,2026-09-06 07:00:00+00:00,1788678000,5m,4.10544,3.87206,6.17411,0.112599,1
btc-updown-5m-1788678300,2026-09-06 07:05:00+00:00,1788678300,5m,4.30765,4.08804,5.80008,0.119544,1
btc-updown-5m-1788678600,2026-09-06 07:10:00+00:00,1788678600,5m,4.51872,4.30097,5.63401,0.134921,1
btc-updown-15m-1788678900,2026-09-06 07:15:00+00:00,1788678900,15m,9.95318,9.66571,10.663,0.240079,2
btc-updown-5m-1788678900,2026-09-06 07:15:00+00:00,1788678900,5m,6.98402,6.82163,6.52972,0.292163,2
btc-updown-5m-1788679200,2026-09-06 07:20:00+00:00,1788679200,5m,5.45794,5.1939,7.87537,0.203869,2
btc-updown-5m-1788679500,2026-09-06 07:25:00+00:00,1788679500,5m,5.06499,4.80219,7.32982,0.176587,1
btc-updown-15m-1788679800,2026-09-06 07:30:00+00:00,1788679800,15m,8.32859,8.01982,13.3841,0.177083,1
btc-updown-5m-1788679800,2026-09-06 07:30:00+00:00,1788679800,5m,5.60318,5.32875,8.19604,0.214782,2
btc-updown-5m-1788680100,2026-09-06 07:35:00+00:00,1788680100,5m,4.87887,4.57169,7.50016,0.162202,1
btc-updown-5m-1788680400,2026-09-06 07:40:00+00:00,1788680400,5m,4.87044,4.55935,7.02047,0.161706,1
btc-updown-15m-1788680700,2026-09-06 07:45:00+00:00,1788680700,15m,6.98118,6.59225,10.5811,0.120536,1
btc-updown-5m-1788680700,2026-09-06 07:45:00+00:00,1788680700,5m,4.464,4.15155,6.47956,0.128472,1
btc-updown-5m-1788681000,2026-09-06 07:50:00+00:00,1788681000,5m,4.07934,3.76502,5.96846,0.110615,1
btc-updown-5m-1788681300,2026-09-06 07:55:00+00:00,1788681300,5m,4.1203,3.81458,5.5888,0.113095,1
btc-updown-15m-1788681600,2026-09-06 08:00:00+00:00,1788681600,15m,6.38975,5.91365,8.77876,0.100694,1
btc-updown-5m-1788681600,2026-09-06 08:00:00+00:00,1788681600,5m,4.20993,3.84208,5.37587,0.11756,1
btc-updown-5m-1788681900,2026-09-06 08:05:00+00:00,1788681900,5m,3.67758,3.37426,5.0423,0.0972222,1
btc-updown-5m-1788682200,2026-09-06 08:10:00+00:00,1788682200,5m,4.33984,4.02079,5.34585,0.122024,1
btc-updown-15m-1788682500,2026-09-06 08:15:00+00:00,1788682500,15m,6.94848,6.66184,8.52063,0.118552,1
btc-updown-5m-1788682500,2026-09-06 08:15:00+00:00,1788682500,5m,4.58338,4.34171,5.2178,0.138889,1
btc-updown-5m-1788682800,2026-09-06 08:20:00+00:00,1788682800,5m,4.52385,4.21328,5.24162,0.134921,1
btc-updown-5m-1788683100,2026-09-06 08:25:00+00:00,1788683100,5m,3.82039,3.51595,4.77913,0.101687,1
btc-updown-15m-1788683400,2026-09-06 08:30:00+00:00,1788683400,15m,6.57818,6.07691,7.25526,0.107639,1
btc-updown-5m-1788683400,2026-09-06 08:30:00+00:00,1788683400,5m,4.13849,3.82392,4.44292,0.114087,1
btc-updown-5m-1788683700,2026-09-06 08:35:00+00:00,1788683700,5m,3.57666,3.24785,4.05467,0.094246,1
btc-updown-5m-1788684000,2026-09-06 08:40:00+00:00,1788684000,5m,2.68702,2.35902,3.68125,0.0654762,1
btc-updown-15m-1788684300,2026-09-06 08:45:00+00:00,1788684300,15m,6.50077,6.02606,5.70729,0.105159,1
btc-updown-5m-1788684300,2026-09-06 08:45:00+00:00,1788684300,5m,3.74046,3.44957,3.49499,0.0987103,1
btc-updown-5m-1788684600,2026-09-06 08:50:00+00:00,1788684600,5m,3.3397,3.0518,3.44942,0.0848214,1
btc-updown-5m-1788684900,2026-09-06 08:55:00+00:00,1788684900,5m,6.41101,6.15315,4.38431,0.260913,2
btc-updown-15m-1788685200,2026-09-06 09:00:00+00:00,1788685200,15m,7.89414,7.58988,7.56126,0.154762,1
btc-updown-5m-1788685200,2026-09-06 09:00:00+00:00,1788685200,5m,5.15891,4.83714,4.63031,0.182044,1
btc-updown-5m-1788685500,2026-09-06 09:05:00+00:00,1788685500,5m,5.30237,5.08481,4.751,0.196429,1
btc-updown-5m-1788685800,2026-09-06 09:10:00+00:00,1788685800,5m,4.31376,4.04513,4.39402,0.12004,1
btc-updown-15m-1788686100,2026-09-06 09:15:00+00:00,1788686100,15m,7.76427,7.43265,7.35791,0.151786,1
btc-updown-5m-1788686100,2026-09-06 09:15:00+00:00,1788686100,5m,4.98469,4.72545,4.50578,0.169643,1
btc-updown-5m-1788686400,2026-09-06 09:20:00+00:00,1788686400,5m,4.65742,4.42759,4.26121,0.144345,1
btc-updown-5m-1788686700,2026-09-06 09:25:00+00:00,1788686700,5m,4.80961,4.5608,4.17288,0.155754,1
btc-updown-15m-1788687000,2026-09-06 09:30:00+00:00,1788687000,15m,7.9849,7.68565,6.54974,0.158234,1
btc-updown-5m-1788687000,2026-09-06 09:30:00+00:00,1788687000,5m,4.75168,4.53345,4.01088,0.152282,1
btc-updown-5m-1788687300,2026-09-06 09:35:00+00:00,1788687300,5m,4.53284,4.31138,3.8974,0.136905,1
btc-updown-5m-1788687600,2026-09-06 09:40:00+00:00,1788687600,5m,5.06272,4.91162,4.08836,0.176091,1
btc-updown-15m-1788687900,2026-09-06 09:45:00+00:00,1788687900,15m,8.05842,7.71519,6.49437,0.160714,1
btc-updown-5m-1788687900,2026-09-06 09:45:00+00:00,1788687900,5m,4.8604,4.57887,3.97697,0.160714,1
btc-updown-5m-1788688200,2026-09-06 09:50:00+00:00,1788688200,5m,4.04262,3.7829,3.66587,0.109127,1
btc-updown-5m-1788688500,2026-09-06 09:55:00+00:00,1788688500,5m,3.53855,3.29138,3.31875,0.093254,1
btc-updown-15m-1788688800,2026-09-06 10:00:00+00:00,1788688800,15m,8.38775,8.2238,6.71413,0.180556,1
btc-updown-5m-1788688800,2026-09-06 10:00:00+00:00,1788688800,5m,5.948,5.81679,4.11155,0.232143,2
btc-updown-5m-1788689100,2026-09-06 10:05:00+00:00,1788689100,5m,5.05533,4.88172,4.16023,0.174107,1
btc-updown-5m-1788689400,2026-09-06 10:10:00+00:00,1788689400,5m,4.71163,4.53942,4.13589,0.149306,1
btc-updown-15m-1788689700,2026-09-06 10:15:00+00:00,1788689700,15m,6.9516,6.63502,6.09862,0.119048,1
btc-updown-5m-1788689700,2026-09-06 10:15:00+00:00,1788689700,5m,3.74995,3.46891,3.73462,0.0992063,1
btc-updown-5m-1788690000,2026-09-06 10:20:00+00:00,1788690000,5m,5.62536,5.45817,4.03077,0.216766,2
btc-updown-5m-1788690300,2026-09-06 10:25:00+00:00,1788690300,5m,4.54206,4.3204,3.6614,0.136905,1
btc-updown-15m-1788690600,2026-09-06 10:30:00+00:00,1788690600,15m,7.92969,7.67878,5.82979,0.156746,1
btc-updown-5m-1788690600,2026-09-06 10:30:00+00:00,1788690600,5m,4.7522,4.57568,3.57,0.152282,1
btc-updown-5m-1788690900,2026-09-06 10:35:00+00:00,1788690900,5m,3.6619,3.47326,3.29443,0.0967262,1
btc-updown-5m-1788691200,2026-09-06 10:40:00+00:00,1788691200,5m,3.48054,3.30573,3.02662,0.0907738,1
btc-updown-15m-1788691500,2026-09-06 10:45:00+00:00,1788691500,15m,7.81933,7.53204,5.16042,0.15377,1
btc-updown-5m-1788691500,2026-09-06 10:45:00+00:00,1788691500,5m,4.71732,4.5419,3.1601,0.149802,1
btc-updown-5m-1788691800,2026-09-06 10:50:00+00:00,1788691800,5m,3.91684,3.73604,3.03515,0.104663,1
btc-updown-5m-1788692100,2026-09-06 10:55:00+00:00,1788692100,5m,3.68742,3.50706,2.83819,0.0972222,1
btc-updown-15m-1788692400,2026-09-06 11:00:00+00:00,1788692400,15m,6.88673,6.59263,4.49034,0.116567,1
btc-updown-5m-1788692400,2026-09-06 11:00:00+00:00,1788692400,5m,3.66285,3.47067,2.74976,0.0967262,1
btc-updown-5m-1788692700,2026-09-06 11:05:00+00:00,1788692700,5m,3.7864,3.61809,3.01005,0.0997024,1
btc-updown-5m-1788693000,2026-09-06 11:10:00+00:00,1788693000,5m,4.3696,4.20404,3.44791,0.12252,1
btc-updown-15m-1788693300,2026-09-06 11:15:00+00:00,1788693300,15m,7.06759,6.89725,5.71552,0.122024,1
btc-updown-5m-1788693300,2026-09-06 11:15:00+00:00,1788693300,5m,4.22873,4.10721,3.50002,0.118056,1
btc-updown-5m-1788693600,2026-09-06 11:20:00+00:00,1788693600,5m,4.62491,4.46859,3.77145,0.142857,1
btc-updown-5m-1788693900,2026-09-06 11:25:00+00:00,1788693900,5m,4.23374,4.0317,4.01142,0.118056,1
btc-updown-15m-1788694200,2026-09-06 11:30:00+00:00,1788694200,15m,7.8058,7.60216,8.52338,0.152778,1
btc-updown-5m-1788694200,2026-09-06 11:30:00+00:00,1788694200,5m,5.2328,5.04276,5.21948,0.188988,1
btc-updown-5m-1788694500,2026-09-06 11:35:00+00:00,1788694500,5m,5.17625,5.01428,5.82532,0.183532,1
btc-updown-5m-1788694800,2026-09-06 11:40:00+00:00,1788694800,5m,4.70839,4.48476,6.52028,0.14881,1
btc-updown-15m-1788695100,2026-09-06 11:45:00+00:00,1788695100,15m,7.42044,7.25053,10.0731,0.136409,1
btc-updown-5m-1788695100,2026-09-06 11:45:00+00:00,1788695100,5m,4.88789,4.74127,6.16848,0.162698,1
btc-updown-5m-1788695400,2026-09-06 11:50:00+00:00,1788695400,5m,4.5305,4.35203,5.632,0.136905,1
btc-updown-5m-1788695700,2026-09-06 11:55:00+00:00,1788695700,5m,4.93774,4.78854,5.32701,0.165179,1
btc-updown-15m-1788696000,2026-09-06 12:00:00+00:00,1788696000,15m,7.02745,6.77935,7.91599,0.121032,1
btc-updown-5m-1788696000,2026-09-06 12:00:00+00:00,1788696000,5m,4.29127,4.09863,4.84754,0.118552,1
btc-updown-5m-1788696300,2026-09-06 12:05:00+00:00,1788696300,5m,3.38538,3.09255,4.42241,0.0858135,1
btc-updown-5m-1788696600,2026-09-06 12:10:00+00:00,1788696600,5m,3.40544,3.26594,4.05978,0.0858135,1
btc-updown-15m-1788696900,2026-09-06 12:15:00+00:00,1788696900,15m,6.97353,6.76295,6.38493,0.119544,1
btc-updown-5m-1788696900,2026-09-06 12:15:00+00:00,1788696900,5m,4.35621,4.21347,3.90996,0.12252,1
btc-updown-5m-1788697200,2026-09-06 12:20:00+00:00,1788697200,5m,4.4637,4.28158,5.24964,0.128472,1
btc-updown-5m-1788697500,2026-09-06 12:25:00+00:00,1788697500,5m,4.77671,4.59458,5.06426,0.15377,1
btc-updown-15m-1788697800,2026-09-06 12:30:00+00:00,1788697800,15m,6.90913,6.67434,8.18373,0.11756,1
btc-updown-5m-1788697800,2026-09-06 12:30:00+00:00,1788697800,5m,4.40227,4.23413,5.01149,0.124008,1
btc-updown-5m-1788698100,2026-09-06 12:35:00+00:00,1788698100,5m,4.57035,4.41658,5.20939,0.137897,1
btc-updown-5m-1788698400,2026-09-06 12:40:00+00:00,1788698400,5m,3.99499,3.87795,5.4089,0.106647,1
btc-updown-15m-1788698700,2026-09-06 12:45:00+00:00,1788698700,15m,6.97803,6.79582,8.83952,0.119544,1
btc-updown-5m-1788698700,2026-09-06 12:45:00+00:00,1788698700,5m,4.54703,4.44366,5.41308,0.136905,1
btc-updown-5m-1788699000,2026-09-06 12:50:00+00:00,1788699000,5m,4.24244,4.07426,5.59455,0.118552,1
btc-updown-5m-1788699300,2026-09-06 12:55:00+00:00,1788699300,5m,3.70618,3.45327,5.13675,0.0977183,1
btc-updown-15m-1788699600,2026-09-06 13:00:00+00:00,1788699600,15m,6.50229,6.21989,8.04752,0.105159,1
btc-updown-5m-1788699600,2026-09-06 13:00:00+00:00,1788699600,5m,3.93831,3.72513,4.92808,0.105655,1
btc-updown-5m-1788699900,2026-09-06 13:05:00+00:00,1788699900,5m,4.71406,4.53127,5.45215,0.149306,1
btc-updown-5m-1788700200,2026-09-06 13:10:00+00:00,1788700200,5m,4.67063,4.51038,5.31969,0.145337,1
btc-updown-15m-1788700500,2026-09-06 13:15:00+00:00,1788700500,15m,6.77371,6.62971,8.48168,0.113095,1
btc-updown-5m-1788700500,2026-09-06 13:15:00+00:00,1788700500,5m,4.09516,3.92842,5.19395,0.112103,1
btc-updown-5m-1788700800,2026-09-06 13:20:00+00:00,1788700800,5m,5.54809,5.3872,5.76572,0.211806,2
btc-updown-5m-1788701100,2026-09-06 13:25:00+00:00,1788701100,5m,4.49043,4.17824,5.28363,0.130456,1
btc-updown-15m-1788701400,2026-09-06 13:30:00+00:00,1788701400,15m,7.64558,7.3649,8.15162,0.147321,1
btc-updown-5m-1788701400,2026-09-06 13:30:00+00:00,1788701400,5m,4.03933,3.72291,4.99183,0.108631,1
btc-updown-5m-1788701700,2026-09-06 13:35:00+00:00,1788701700,5m,4.30544,3.98261,4.66426,0.119048,1
btc-updown-5m-1788702000,2026-09-06 13:40:00+00:00,1788702000,5m,5.4576,5.23778,4.95025,0.203869,2
btc-updown-15m-1788702300,2026-09-06 13:45:00+00:00,1788702300,15m,7.79369,7.52854,8.73634,0.152282,1
btc-updown-5m-1788702300,2026-09-06 13:45:00+00:00,1788702300,5m,4.69743,4.40185,5.3499,0.148313,1
btc-updown-5m-1788702600,2026-09-06 13:50:00+00:00,1788702600,5m,5.22345,5.01549,5.17606,0.188492,1
btc-updown-5m-1788702900,2026-09-06 13:55:00+00:00,1788702900,5m,4.96704,4.62973,5.54475,0.168155,1
btc-updown-15m-1788703200,2026-09-06 14:00:00+00:00,1788703200,15m,8.62347,8.20454,9.52829,0.19246,1
btc-updown-5m-1788703200,2026-09-06 14:00:00+00:00,1788703200,5m,5.72897,5.38424,5.83486,0.220734,2
btc-updown-5m-1788703500,2026-09-06 14:05:00+00:00,1788703500,5m,5.02558,4.77064,6.49572,0.172619,1
btc-updown-5m-1788703800,2026-09-06 14:10:00+00:00,1788703800,5m,4.95291,4.72209,6.20018,0.167659,1
btc-updown-15m-1788704100,2026-09-06 14:15:00+00:00,1788704100,15m,8.01959,7.68962,9.49793,0.159722,1
btc-updown-5m-1788704100,2026-09-06 14:15:00+00:00,1788704100,5m,4.57751,4.33772,5.81627,0.138889,1
btc-updown-5m-1788704400,2026-09-06 14:20:00+00:00,1788704400,5m,6.63291,6.46586,7.90402,0.275298,2
btc-updown-5m-1788704700,2026-09-06 14:25:00+00:00,1788704700,5m,7.05467,6.60686,9.14281,0.293155,2
btc-updown-15m-1788705000,2026-09-06 14:30:00+00:00,1788705000,15m,9.74225,9.38954,13.8719,0.232143,2
btc-updown-5m-1788705000,2026-09-06 14:30:00+00:00,1788705000,5m,5.79817,5.37608,8.49475,0.22371,2
btc-updown-5m-1788705300,2026-09-06 14:35:00+00:00,1788705300,5m,13.8126,13.2575,10.5346,0.71627,4
btc-updown-5m-1788705600,2026-09-06 14:40:00+00:00,1788705600,5m,9.05545,8.36506,11.12,0.426587,3
btc-updown-15m-1788705900,2026-09-06 14:45:00+00:00,1788705900,15m,13.1637,12.6865,17.7645,0.367063,2
btc-updown-5m-1788705900,2026-09-06 14:45:00+00:00,1788705900,5m,8.87869,8.48949,10.8785,0.41369,3
btc-updown-5m-1788706200,2026-09-06 14:50:00+00:00,1788706200,5m,11.4212,10.9609,12.1998,0.59127,3
btc-updown-5m-1788706500,2026-09-06 14:55:00+00:00,1788706500,5m,8.33871,7.84859,11.4391,0.373016,2
btc-updown-15m-1788706800,2026-09-06 15:00:00+00:00,1788706800,15m,16.8034,16.0555,18.1434,0.53125,3
btc-updown-5m-1788706800,2026-09-06 15:00:00+00:00,1788706800,5m,12.1058,11.7249,11.1105,0.640873,4
btc-updown-5m-1788707100,2026-09-06 15:05:00+00:00,1788707100,5m,14.3317,13.6122,12.4636,0.739583,4
btc-updown-5m-1788707400,2026-09-06 15:10:00+00:00,1788707400,5m,12.7206,11.9015,12.3977,0.671627,4
btc-updown-15m-1788707700,2026-09-06 15:15:00+00:00,1788707700,15m,18.4834,17.6485,20.043,0.596726,3
btc-updown-5m-1788707700,2026-09-06 15:15:00+00:00,1788707700,5m,12.5303,11.9674,12.2738,0.662202,4
btc-updown-5m-1788708000,2026-09-06 15:20:00+00:00,1788708000,5m,10.6392,10.1277,11.8189,0.540675,3
btc-updown-5m-1788708300,2026-09-06 15:25:00+00:00,1788708300,5m,8.68767,8.09385,10.8777,0.399802,2
btc-updown-15m-1788708600,2026-09-06 15:30:00+00:00,1788708600,15m,13.0677,12.2829,16.4325,0.362599,2
btc-updown-5m-1788708600,2026-09-06 15:30:00+00:00,1788708600,5m,7.97133,7.53684,10.0628,0.352679,2
btc-updown-5m-1788708900,2026-09-06 15:35:00+00:00,1788708900,5m,8.08534,7.52829,9.31399,0.358135,2
btc-updown-5m-1788709200,2026-09-06 15:40:00+00:00,1788709200,5m,8.00502,7.71374,9.2894,0.354663,2
btc-updown-15m-1788709500,2026-09-06 15:45:00+00:00,1788709500,15m,11.1639,10.4994,13.9076,0.286706,2
btc-updown-5m-1788709500,2026-09-06 15:45:00+00:00,1788709500,5m,6.68269,6.25453,8.51665,0.27629,2
btc-updown-5m-1788709800,2026-09-06 15:50:00+00:00,1788709800,5m,5.62678,5.35497,7.83033,0.216766,2
btc-updown-5m-1788710100,2026-09-06 15:55:00+00:00,1788710100,5m,4.90952,4.66795,7.20041,0.163194,1
btc-updown-15m-1788710400,2026-09-06 16:00:00+00:00,1788710400,15m,10.0736,9.49936,13.1783,0.244544,2
btc-updown-5m-1788710400,2026-09-06 16:00:00+00:00,1788710400,5m,6.52824,6.26369,8.07,0.266865,2
btc-updown-5m-1788710700,2026-09-06 16:05:00+00:00,1788710700,5m,7.25693,6.96096,7.59405,0.306548,2
btc-updown-5m-1788711000,2026-09-06 16:10:00+00:00,1788711000,5m,7.73338,7.21639,7.95354,0.337798,2
btc-updown-15m-1788711300,2026-09-06 16:15:00+00:00,1788711300,15m,11.1733,10.5838,14.0126,0.287202,2
btc-updown-5m-1788711300,2026-09-06 16:15:00+00:00,1788711300,5m,7.65484,7.40549,8.58095,0.333333,2
btc-updown-5m-1788711600,2026-09-06 16:20:00+00:00,1788711600,5m,6.57786,6.32557,7.95322,0.270337,2
btc-updown-5m-1788711900,2026-09-06 16:25:00+00:00,1788711900,5m,6.22512,5.93447,7.51171,0.244544,2
btc-updown-15m-1788712200,2026-09-06 16:30:00+00:00,1788712200,15m,9.90819,9.49649,13.3146,0.238591,2
btc-updown-5m-1788712200,2026-09-06 16:30:00+00:00,1788712200,5m,6.45253,6.32144,8.15351,0.261905,2
btc-updown-5m-1788712500,2026-09-06 16:35:00+00:00,1788712500,5m,6.50495,6.35491,8.32502,0.265377,2
btc-updown-5m-1788712800,2026-09-06 16:40:00+00:00,1788712800,5m,6.1504,5.92965,8.25766,0.239087,2
btc-updown-15m-1788713100,2026-09-06 16:45:00+00:00,1788713100,15m,9.40782,8.94819,12.5261,0.220734,2
btc-updown-5m-1788713100,2026-09-06 16:45:00+00:00,1788713100,5m,6.18776,5.93289,7.67067,0.242063,2
btc-updown-5m-1788713400,2026-09-06 16:50:00+00:00,1788713400,5m,5.229,4.92375,7.12426,0.188492,1
btc-updown-5m-1788713700,2026-09-06 16:55:00+00:00,1788713700,5m,4.89912,4.57526,6.56482,0.163194,1
btc-updown-15m-1788714000,2026-09-06 17:00:00+00:00,1788714000,15m,8.46093,8.09173,10.5244,0.183036,1
btc-updown-5m-1788714000,2026-09-06 17:00:00+00:00,1788714000,5m,5.58552,5.39448,6.44486,0.214286,2
btc-updown-5m-1788714300,2026-09-06 17:05:00+00:00,1788714300,5m,5.06685,4.66693,5.92684,0.176587,1
btc-updown-5m-1788714600,2026-09-06 17:10:00+00:00,1788714600,5m,6.15099,5.8647,5.98858,0.239087,2
btc-updown-15m-1788714900,2026-09-06 17:15:00+00:00,1788714900,15m,9.64628,9.0564,10.3037,0.228671,2
btc-updown-5m-1788714900,2026-09-06 17:15:00+00:00,1788714900,5m,6.21901,5.84794,6.3097,0.243552,2
btc-updown-5m-1788715200,2026-09-06 17:20:00+00:00,1788715200,5m,5.97432,5.73654,6.1489,0.232639,2
btc-updown-5m-1788715500,2026-09-06 17:25:00+00:00,1788715500,5m,5.58876,5.28375,6.4593,0.214286,2
btc-updown-15m-1788715800,2026-09-06 17:30:00+00:00,1788715800,15m,8.62509,8.15159,10.1206,0.19246,1
btc-updown-5m-1788715800,2026-09-06 17:30:00+00:00,1788715800,5m,5.76261,5.53456,6.19756,0.22123,2
btc-updown-5m-1788716100,2026-09-06 17:35:00+00:00,1788716100,5m,5.83068,5.69488,6.44022,0.226687,2
btc-updown-5m-1788716400,2026-09-06 17:40:00+00:00,1788716400,5m,5.49106,5.28893,6.61478,0.206845,2
btc-updown-15m-1788716700,2026-09-06 17:45:00+00:00,1788716700,15m,7.37622,6.90964,9.86679,0.133929,1
btc-updown-5m-1788716700,2026-09-06 17:45:00+00:00,1788716700,5m,4.37917,4.13379,6.04215,0.123512,1
btc-updown-5m-1788717000,2026-09-06 17:50:00+00:00,1788717000,5m,3.4027,2.7367,5.45941,0.0858135,1
btc-updown-5m-1788717300,2026-09-06 17:55:00+00:00,1788717300,5m,3.04487,2.62626,5.0688,0.0739087,1
btc-updown-15m-1788717600,2026-09-06 18:00:00+00:00,1788717600,15m,6.35115,5.78294,8.19977,0.100198,1
btc-updown-5m-1788717600,2026-09-06 18:00:00+00:00,1788717600,5m,4.10967,3.75741,5.02131,0.112599,1
btc-updown-5m-1788717900,2026-09-06 18:05:00+00:00,1788717900,5m,4.04105,3.7892,4.76721,0.108631,1
btc-updown-5m-1788718200,2026-09-06 18:10:00+00:00,1788718200,5m,4.35411,4.13783,5.1264,0.122024,1
btc-updown-15m-1788718500,2026-09-06 18:15:00+00:00,1788718500,15m,6.07257,5.79878,8.2008,0.093254,1
btc-updown-5m-1788718500,2026-09-06 18:15:00+00:00,1788718500,5m,3.71501,3.53996,5.02194,0.0982143,1
btc-updown-5m-1788718800,2026-09-06 18:20:00+00:00,1788718800,5m,3.85973,3.64582,4.97377,0.102183,1
btc-updown-5m-1788719100,2026-09-06 18:25:00+00:00,1788719100,5m,4.03599,3.87629,5.0588,0.107639,1
btc-updown-15m-1788719400,2026-09-06 18:30:00+00:00,1788719400,15m,5.92635,5.50799,7.7898,0.0907738,1
btc-updown-5m-1788719400,2026-09-06 18:30:00+00:00,1788719400,5m,3.51268,3.28913,4.77026,0.0927579,1
btc-updown-5m-1788719700,2026-09-06 18:35:00+00:00,1788719700,5m,3.65514,3.45527,4.80527,0.0967262,1
btc-updown-5m-1788720000,2026-09-06 18:40:00+00:00,1788720000,5m,2.97103,2.79079,4.63368,0.0719246,1
btc-updown-15m-1788720300,2026-09-06 18:45:00+00:00,1788720300,15m,5.93081,5.57845,7.51362,0.0907738,1
btc-updown-5m-1788720300,2026-09-06 18:45:00+00:00,1788720300,5m,3.69418,3.51067,4.60113,0.0972222,1
btc-updown-5m-1788720600,2026-09-06 18:50:00+00:00,1788720600,5m,3.64165,3.52261,4.59657,0.0967262,1
btc-updown-5m-1788720900,2026-09-06 18:55:00+00:00,1788720900,5m,3.47584,3.36577,4.52665,0.0907738,1
btc-updown-15m-1788721200,2026-09-06 19:00:00+00:00,1788721200,15m,5.81997,5.51249,7.61137,0.0873016,1
btc-updown-5m-1788721200,2026-09-06 19:00:00+00:00,1788721200,5m,3.81973,3.69374,4.66099,0.101687,1
btc-updown-5m-1788721500,2026-09-06 19:05:00+00:00,1788721500,5m,3.77709,3.73411,4.70747,0.0997024,1
btc-updown-5m-1788721800,2026-09-06 19:10:00+00:00,1788721800,5m,4.26669,4.15344,4.53266,0.118552,1
btc-updown-15m-1788722100,2026-09-06 19:15:00+00:00,1788722100,15m,6.55239,6.2631,6.79132,0.106647,1
btc-updown-5m-1788722100,2026-09-06 19:15:00+00:00,1788722100,5m,3.76131,3.60421,4.15882,0.0992063,1
btc-updown-5m-1788722400,2026-09-06 19:20:00+00:00,1788722400,5m,3.41744,3.2478,3.78876,0.0868056,1
btc-updown-5m-1788722700,2026-09-06 19:25:00+00:00,1788722700,5m,4.12531,3.94274,4.14219,0.113095,1
btc-updown-15m-1788723000,2026-09-06 19:30:00+00:00,1788723000,15m,6.33001,5.96654,6.26491,0.100198,1
btc-updown-5m-1788723000,2026-09-06 19:30:00+00:00,1788723000,5m,3.68024,3.45654,3.83646,0.0972222,1
btc-updown-5m-1788723300,2026-09-06 19:35:00+00:00,1788723300,5m,3.67292,3.50036,3.57396,0.0967262,1
btc-updown-5m-1788723600,2026-09-06 19:40:00+00:00,1788723600,5m,3.71644,3.55695,3.50334,0.0982143,1
btc-updown-15m-1788723900,2026-09-06 19:45:00+00:00,1788723900,15m,5.89232,5.53839,5.26183,0.0892857,1
btc-updown-5m-1788723900,2026-09-06 19:45:00+00:00,1788723900,5m,2.99249,2.77834,3.2222,0.0724206,1
btc-updown-5m-1788724200,2026-09-06 19:50:00+00:00,1788724200,5m,2.70856,2.52098,2.92692,0.0659722,1
btc-updown-5m-1788724500,2026-09-06 19:55:00+00:00,1788724500,5m,1.57223,1.30674,2.64295,0.0277778,1
btc-updown-15m-1788724800,2026-09-06 20:00:00+00:00,1788724800,15m,4.71268,4.28019,4.09337,0.0649802,1
btc-updown-5m-1788724800,2026-09-06 20:00:00+00:00,1788724800,5m,2.41199,2.22139,2.50666,0.0575397,1
btc-updown-5m-1788725100,2026-09-06 20:05:00+00:00,1788725100,5m,2.09412,1.6856,2.88359,0.0436508,1
btc-updown-5m-1788725400,2026-09-06 20:10:00+00:00,1788725400,5m,3.76319,3.50061,3.20158,0.0992063,1
btc-updown-15m-1788725700,2026-09-06 20:15:00+00:00,1788725700,15m,5.57545,5.10513,4.89502,0.0828373,1
btc-updown-5m-1788725700,2026-09-06 20:15:00+00:00,1788725700,5m,2.96482,2.76234,2.99757,0.0719246,1
btc-updown-5m-1788726000,2026-09-06 20:20:00+00:00,1788726000,5m,2.40326,2.14223,2.79847,0.0570437,1
btc-updown-5m-1788726300,2026-09-06 20:25:00+00:00,1788726300,5m,6.75814,6.55906,4.9246,0.280258,2
btc-updown-15m-1788726600,2026-09-06 20:30:00+00:00,1788726600,15m,8.2627,7.61356,7.6607,0.171627,1
btc-updown-5m-1788726600,2026-09-06 20:30:00+00:00,1788726600,5m,4.62556,4.24579,4.6912,0.142857,1
btc-updown-5m-1788726900,2026-09-06 20:35:00+00:00,1788726900,5m,3.78785,3.54101,4.356,0.100198,1
btc-updown-5m-1788727200,2026-09-06 20:40:00+00:00,1788727200,5m,3.74877,3.52816,4.42254,0.0992063,1
btc-updown-15m-1788727500,2026-09-06 20:45:00+00:00,1788727500,15m,6.43478,6.07609,6.87204,0.101687,1
btc-updown-5m-1788727500,2026-09-06 20:45:00+00:00,1788727500,5m,3.5858,3.42116,4.20825,0.094246,1
btc-updown-5m-1788727800,2026-09-06 20:50:00+00:00,1788727800,5m,3.79002,3.71298,4.69803,0.100198,1
btc-updown-5m-1788728100,2026-09-06 20:55:00+00:00,1788728100,5m,4.19354,4.11688,4.76014,0.116071,1
btc-updown-15m-1788728400,2026-09-06 21:00:00+00:00,1788728400,15m,6.2893,5.9289,7.04692,0.0997024,1
btc-updown-5m-1788728400,2026-09-06 21:00:00+00:00,1788728400,5m,3.1094,2.81799,4.31534,0.0758929,1
btc-updown-5m-1788728700,2026-09-06 21:05:00+00:00,1788728700,5m,4.14926,4.04511,4.57492,0.114583,1
btc-updown-5m-1788729000,2026-09-06 21:10:00+00:00,1788729000,5m,5.41633,5.34551,5.71966,0.202381,2
btc-updown-15m-1788729300,2026-09-06 21:15:00+00:00,1788729300,15m,7.33465,7.08221,9.45167,0.130456,1
btc-updown-5m-1788729300,2026-09-06 21:15:00+00:00,1788729300,5m,4.72735,4.6298,5.78794,0.150298,1
btc-updown-5m-1788729600,2026-09-06 21:20:00+00:00,1788729600,5m,4.20863,4.13029,5.70707,0.11756,1
btc-updown-5m-1788729900,2026-09-06 21:25:00+00:00,1788729900,5m,5.24044,5.15485,6.42337,0.190972,1
btc-updown-15m-1788730200,2026-09-06 21:30:00+00:00,1788730200,15m,8.86227,8.66487,10.7162,0.199901,1
btc-updown-5m-1788730200,2026-09-06 21:30:00+00:00,1788730200,5m,5.57383,5.4956,6.56233,0.214286,2
btc-updown-5m-1788730500,2026-09-06 21:35:00+00:00,1788730500,5m,4.98453,4.80229,6.13749,0.169643,1
btc-updown-5m-1788730800,2026-09-06 21:40:00+00:00,1788730800,5m,4.07638,3.57714,5.61942,0.110615,1
btc-updown-15m-1788731100,2026-09-06 21:45:00+00:00,1788731100,15m,7.35308,7.01267,8.88786,0.131944,1
btc-updown-5m-1788731100,2026-09-06 21:45:00+00:00,1788731100,5m,4.87148,4.6263,5.44268,0.161706,1
btc-updown-5m-1788731400,2026-09-06 21:50:00+00:00,1788731400,5m,5.62175,5.49741,7.22244,0.216766,2
btc-updown-5m-1788731700,2026-09-06 21:55:00+00:00,1788731700,5m,5.25292,5.20493,6.80567,0.191468,1
btc-updown-15m-1788732000,2026-09-06 22:00:00+00:00,1788732000,15m,7.2777,7.17163,10.4191,0.127976,1
btc-updown-5m-1788732000,2026-09-06 22:00:00+00:00,1788732000,5m,5.08565,5.0086,6.38034,0.177579,1
btc-updown-5m-1788732300,2026-09-06 22:05:00+00:00,1788732300,5m,7.54524,7.45178,8.38361,0.327381,2
btc-updown-5m-1788732600,2026-09-06 22:10:00+00:00,1788732600,5m,9.35709,9.38707,9.82118,0.449901,3
btc-updown-15m-1788732900,2026-09-06 22:15:00+00:00,1788732900,15m,13.9792,13.6239,17.4251,0.400298,3
btc-updown-5m-1788732900,2026-09-06 22:15:00+00:00,1788732900,5m,9.6667,9.26995,10.6707,0.477183,3
btc-updown-5m-1788733200,2026-09-06 22:20:00+00:00,1788733200,5m,9.8467,9.36731,10.4206,0.487103,3
btc-updown-5m-1788733500,2026-09-06 22:25:00+00:00,1788733500,5m,9.18008,8.78404,10.062,0.434524,3
btc-updown-15m-1788733800,2026-09-06 22:30:00+00:00,1788733800,15m,13.1681,12.799,16.3345,0.367063,2
btc-updown-5m-1788733800,2026-09-06 22:30:00+00:00,1788733800,5m,8.98097,8.80342,10.0028,0.420635,3
btc-updown-5m-1788734100,2026-09-06 22:35:00+00:00,1788734100,5m,8.38984,8.23704,9.79099,0.376488,2
btc-updown-5m-1788734400,2026-09-06 22:40:00+00:00,1788734400,5m,8.79663,8.66479,9.54672,0.408234,3
btc-updown-15m-1788734700,2026-09-06 22:45:00+00:00,1788734700,15m,12.712,12.1058,14.4179,0.342262,2
btc-updown-5m-1788734700,2026-09-06 22:45:00+00:00,1788734700,5m,7.74417,7.4232,8.82914,0.338294,2
btc-updown-5m-1788735000,2026-09-06 22:50:00+00:00,1788735000,5m,6.20412,5.81909,8.25652,0.24256,2
btc-updown-5m-1788735300,2026-09-06 22:55:00+00:00,1788735300,5m,6.48587,6.19608,7.92451,0.264881,2
btc-updown-15m-1788735600,2026-09-06 23:00:00+00:00,1788735600,15m,14.2427,13.8737,15.2186,0.411706,3
btc-updown-5m-1788735600,2026-09-06 23:00:00+00:00,1788735600,5m,8.77467,8.66332,9.31947,0.405754,3
btc-updown-5m-1788735900,2026-09-06 23:05:00+00:00,1788735900,5m,19.3394,18.1242,14.3323,0.878968,5
btc-updown-5m-1788736200,2026-09-06 23:10:00+00:00,1788736200,5m,11.3506,10.9227,13.9519,0.587798,3
btc-updown-15m-1788736500,2026-09-06 23:15:00+00:00,1788736500,15m,16.4723,15.1585,21.8103,0.515873,3
btc-updown-5m-1788736500,2026-09-06 23:15:00+00:00,1788736500,5m,9.15767,8.31335,13.356,0.434028,3
btc-updown-5m-1788736800,2026-09-06 23:20:00+00:00,1788736800,5m,10.6231,10.0511,12.6819,0.539187,3
btc-updown-5m-1788737100,2026-09-06 23:25:00+00:00,1788737100,5m,10.1158,9.46742,12.1772,0.507937,3
btc-updown-15m-1788737400,2026-09-06 23:30:00+00:00,1788737400,15m,14.1996,13.5937,19.45,0.41121,3
btc-updown-5m-1788737400,2026-09-06 23:30:00+00:00,1788737400,5m,9.34836,8.98169,11.9106,0.449405,3
btc-updown-5m-1788737700,2026-09-06 23:35:00+00:00,1788737700,5m,9.24714,8.97439,11.5318,0.439484,3
btc-updown-5m-1788738000,2026-09-06 23:40:00+00:00,1788738000,5m,15.2962,14.5081,13.4238,0.779762,4
btc-updown-15m-1788738300,2026-09-06 23:45:00+00:00,1788738300,15m,22.3953,21.7689,22.2874,0.715774,4
btc-updown-5m-1788738300,2026-09-06 23:45:00+00:00,1788738300,5m,13.435,13.2195,13.6482,0.704365,4
btc-updown-5m-1788738600,2026-09-06 23:50:00+00:00,1788738600,5m,14.6071,14.2746,14.9261,0.756448,4
btc-updown-5m-1788738900,2026-09-06 23:55:00+00:00,1788738900,5m,12.8141,12.4639,14.9274,0.677579,4
btc-updown-15m-1788739200,2026-09-07 00:00:00+00:00,1788739200,15m,19.4107,18.5925,22.9859,0.626488,4
btc-updown-5m-1788739200,2026-09-07 00:00:00+00:00,1788739200,5m,11.7275,11.3871,14.076,0.611607,4
btc-updown-5m-1788739500,2026-09-07 00:05:00+00:00,1788739500,5m,13.3072,13.1111,14.6218,0.698909,4
btc-updown-5m-1788739800,2026-09-07 00:10:00+00:00,1788739800,5m,14.4884,14.1377,15.2516,0.751984,4
btc-updown-15m-1788740100,2026-09-07 00:15:00+00:00,1788740100,15m,20.9176,20.2487,22.8951,0.674603,4
btc-updown-5m-1788740100,2026-09-07 00:15:00+00:00,1788740100,5m,12.5562,12.3541,14.0203,0.66369,4
btc-updown-5m-1788740400,2026-09-07 00:20:00+00:00,1788740400,5m,11.3467,11.2365,13.5269,0.587302,3
btc-updown-5m-1788740700,2026-09-07 00:25:00+00:00,1788740700,5m,11.8407,11.7644,14.0717,0.618056,4
btc-updown-15m-1788741000,2026-09-07 00:30:00+00:00,1788741000,15m,19.0248,18.4755,21.3404,0.615575,4
btc-updown-5m-1788741000,2026-09-07 00:30:00+00:00,1788741000,5m,11.7557,11.5573,13.0683,0.612599,4
btc-updown-5m-1788741300,2026-09-07 00:35:00+00:00,1788741300,5m,11.5914,11.3821,12.419,0.601687,4
btc-updown-5m-1788741600,2026-09-07 00:40:00+00:00,1788741600,5m,10.1773,10.1266,11.6456,0.510913,3
btc-updown-15m-1788741900,2026-09-07 00:45:00+00:00,1788741900,15m,17.6319,17.0512,18.4553,0.565972,3
btc-updown-5m-1788741900,2026-09-07 00:45:00+00:00,1788741900,5m,10.503,10.3402,11.3015,0.528274,3
btc-updown-5m-1788742200,2026-09-07 00:50:00+00:00,1788742200,5m,9.29087,9.05851,11.6733,0.443452,3
btc-updown-5m-1788742500,2026-09-07 00:55:00+00:00,1788742500,5m,8.75563,8.59932,11.4588,0.404266,3
btc-updown-15m-1788742800,2026-09-07 01:00:00+00:00,1788742800,15m,14.0976,13.5978,17.9945,0.405258,3
btc-updown-5m-1788742800,2026-09-07 01:00:00+00:00,1788742800,5m,8.32361,8.19829,11.0194,0.371528,2
btc-updown-5m-1788743100,2026-09-07 01:05:00+00:00,1788743100,5m,10.7805,10.7292,11.4944,0.547619,3
btc-updown-5m-1788743400,2026-09-07 01:10:00+00:00,1788743400,5m,9.91292,9.89408,11.9933,0.492063,3
btc-updown-15m-1788743700,2026-09-07 01:15:00+00:00,1788743700,15m,20.954,20.5684,21.476,0.676587,4
btc-updown-5m-1788743700,2026-09-07 01:15:00+00:00,1788743700,5m,12.2388,12.267,13.1513,0.649306,4
btc-updown-5m-1788744000,2026-09-07 01:20:00+00:00,1788744000,5m,13.2924,13.2458,13.3933,0.697917,4
btc-updown-5m-1788744300,2026-09-07 01:25:00+00:00,1788744300,5m,13.0528,13.0596,14.0757,0.690476,4
btc-updown-15m-1788744600,2026-09-07 01:30:00+00:00,1788744600,15m,20.5563,20.1662,22.1092,0.662698,4
btc-updown-5m-1788744600,2026-09-07 01:30:00+00:00,1788744600,5m,12.6888,12.626,13.5391,0.668155,4
btc-updown-5m-1788744900,2026-09-07 01:35:00+00:00,1788744900,5m,10.5595,10.3169,12.3841,0.53373,3
btc-updown-5m-1788745200,2026-09-07 01:40:00+00:00,1788745200,5m,9.42855,9.33111,11.4173,0.457341,3
btc-updown-15m-1788745500,2026-09-07 01:45:00+00:00,1788745500,15m,15.9557,15.3616,17.89,0.490079,3
btc-updown-5m-1788745500,2026-09-07 01:45:00+00:00,1788745500,5m,9.41428,9.26968,10.9553,0.454861,3
btc-updown-5m-1788745800,2026-09-07 01:50:00+00:00,1788745800,5m,9.05223,8.93759,10.5929,0.425595,3
btc-updown-5m-1788746100,2026-09-07 01:55:00+00:00,1788746100,5m,8.88122,8.61602,9.80287,0.41369,3
btc-updown-15m-1788746400,2026-09-07 02:00:00+00:00,1788746400,15m,13.0994,12.3271,15.303,0.363095,2
btc-updown-5m-1788746400,2026-09-07 02:00:00+00:00,1788746400,5m,7.67926,7.35901,9.37116,0.334821,2
btc-updown-5m-1788746700,2026-09-07 02:05:00+00:00,1788746700,5m,6.16533,5.8616,8.55334,0.240079,2
btc-updown-5m-1788747000,2026-09-07 02:10:00+00:00,1788747000,5m,6.98814,6.8289,8.46733,0.292163,2
btc-updown-15m-1788747300,2026-09-07 02:15:00+00:00,1788747300,15m,12.2506,11.6722,13.6893,0.324405,2
btc-updown-5m-1788747300,2026-09-07 02:15:00+00:00,1788747300,5m,7.17628,7.02495,8.38293,0.301587,2
btc-updown-5m-1788747600,2026-09-07 02:20:00+00:00,1788747600,5m,10.4117,9.96683,8.95837,0.524802,3
btc-updown-5m-1788747900,2026-09-07 02:25:00+00:00,1788747900,5m,7.75377,7.52893,8.29632,0.339782,2
btc-updown-15m-1788748200,2026-09-07 02:30:00+00:00,1788748200,15m,13.7155,13.0173,13.0886,0.388889,2
btc-updown-5m-1788748200,2026-09-07 02:30:00+00:00,1788748200,5m,8.16885,7.88458,8.01511,0.362599,2
btc-updown-5m-1788748500,2026-09-07 02:35:00+00:00,1788748500,5m,7.71344,7.1755,7.43752,0.33631,2
btc-updown-5m-1788748800,2026-09-07 02:40:00+00:00,1788748800,5m,16.1754,15.4105,11.4604,0.81002,5
btc-updown-15m-1788749100,2026-09-07 02:45:00+00:00,1788749100,15m,23.1159,22.2997,21.5023,0.733631,4
btc-updown-5m-1788749100,2026-09-07 02:45:00+00:00,1788749100,5m,15.1144,14.4198,13.1674,0.774306,4
btc-updown-5m-1788749400,2026-09-07 02:50:00+00:00,1788749400,5m,13.3346,12.6631,12.3173,0.700893,4
btc-updown-5m-1788749700,2026-09-07 02:55:00+00:00,1788749700,5m,11.9069,11.3971,12.1867,0.625496,4
btc-updown-15m-1788750000,2026-09-07 03:00:00+00:00,1788750000,15m,25.012,23.6987,22.8997,0.780754,4
btc-updown-5m-1788750000,2026-09-07 03:00:00+00:00,1788750000,5m,17.0299,16.2501,14.0232,0.833333,5
btc-updown-5m-1788750300,2026-09-07 03:05:00+00:00,1788750300,5m,14.1515,13.3458,14.0019,0.731647,4
btc-updown-5m-1788750600,2026-09-07 03:10:00+00:00,1788750600,5m,13.1239,12.4077,13.524,0.692956,4
btc-updown-15m-1788750900,2026-09-07 03:15:00+00:00,1788750900,15m,17.1881,15.7597,20.1445,0.549107,3
btc-updown-5m-1788750900,2026-09-07 03:15:00+00:00,1788750900,5m,9.62592,8.89122,12.3359,0.472718,3
btc-updown-5m-1788751200,2026-09-07 03:20:00+00:00,1788751200,5m,10.4811,9.73966,11.5336,0.527778,3
btc-updown-5m-1788751500,2026-09-07 03:25:00+00:00,1788751500,5m,8.84006,8.19701,10.5804,0.411706,3
btc-updown-15m-1788751800,2026-09-07 03:30:00+00:00,1788751800,15m,16.4776,15.5811,17.7539,0.515873,3
btc-updown-5m-1788751800,2026-09-07 03:30:00+00:00,1788751800,5m,9.55064,9.27492,10.872,0.465774,3
btc-updown-5m-1788752100,2026-09-07 03:35:00+00:00,1788752100,5m,11.2483,10.8545,10.7729,0.581845,3
btc-updown-5m-1788752400,2026-09-07 03:40:00+00:00,1788752400,5m,9.5478,9.03457,10.1173,0.465278,3
btc-updown-15m-1788752700,2026-09-07 03:45:00+00:00,1788752700,15m,16.2625,15.2198,16.0284,0.503968,3
btc-updown-5m-1788752700,2026-09-07 03:45:00+00:00,1788752700,5m,9.22627,8.68121,9.81535,0.438492,3
btc-updown-5m-1788753000,2026-09-07 03:50:00+00:00,1788753000,5m,7.76513,7.39896,9.10576,0.340774,2
btc-updown-5m-1788753300,2026-09-07 03:55:00+00:00,1788753300,5m,7.06867,6.7607,8.4866,0.294147,2
btc-updown-15m-1788753600,2026-09-07 04:00:00+00:00,1788753600,15m,17.5254,16.6457,16.3397,0.5625,3
btc-updown-5m-1788753600,2026-09-07 04:00:00+00:00,1788753600,5m,10.2446,9.90336,10.006,0.514881,3
btc-updown-5m-1788753900,2026-09-07 04:05:00+00:00,1788753900,5m,7.98249,7.63897,9.2933,0.353671,2
btc-updown-5m-1788754200,2026-09-07 04:10:00+00:00,1788754200,5m,8.34287,7.9379,8.80972,0.373512,2
btc-updown-15m-1788754500,2026-09-07 04:15:00+00:00,1788754500,15m,15.0445,14.0667,14.7544,0.454861,3
btc-updown-5m-1788754500,2026-09-07 04:15:00+00:00,1788754500,5m,8.65029,8.19357,9.03521,0.395833,2
btc-updown-5m-1788754800,2026-09-07 04:20:00+00:00,1788754800,5m,8.62158,7.9902,9.90686,0.392361,2
btc-updown-5m-1788755100,2026-09-07 04:25:00+00:00,1788755100,5m,6.34959,5.60386,9.07494,0.254464,2
btc-updown-15m-1788755400,2026-09-07 04:30:00+00:00,1788755400,15m,14.1687,13.1777,15.8058,0.407738,3
btc-updown-5m-1788755400,2026-09-07 04:30:00+00:00,1788755400,5m,8.9466,8.46543,9.67903,0.417163,3
btc-updown-5m-1788755700,2026-09-07 04:35:00+00:00,1788755700,5m,7.52781,7.20481,9.14012,0.325893,2
btc-updown-5m-1788756000,2026-09-07 04:40:00+00:00,1788756000,5m,7.91532,7.52659,9.19295,0.348214,2
btc-updown-15m-1788756300,2026-09-07 04:45:00+00:00,1788756300,15m,13.2945,12.3534,14.3517,0.371528,2
btc-updown-5m-1788756300,2026-09-07 04:45:00+00:00,1788756300,5m,8.05051,7.64787,8.78859,0.356647,2
btc-updown-5m-1788756600,2026-09-07 04:50:00+00:00,1788756600,5m,7.76242,7.23267,8.13602,0.340774,2
btc-updown-5m-1788756900,2026-09-07 04:55:00+00:00,1788756900,5m,7.23748,6.90822,7.50772,0.30506,2
btc-updown-15m-1788757200,2026-09-07 05:00:00+00:00,1788757200,15m,14.1217,13.253,12.1715,0.405258,3
btc-updown-5m-1788757200,2026-09-07 05:00:00+00:00,1788757200,5m,8.20486,7.77276,7.45351,0.365575,2
btc-updown-5m-1788757500,2026-09-07 05:05:00+00:00,1788757500,5m,7.51482,7.17892,7.23091,0.325893,2
btc-updown-5m-1788757800,2026-09-07 05:10:00+00:00,1788757800,5m,7.83305,7.58421,7.62826,0.34375,2
btc-updown-15m-1788758100,2026-09-07 05:15:00+00:00,1788758100,15m,14.4139,13.2181,15.0243,0.420139,3
btc-updown-5m-1788758100,2026-09-07 05:15:00+00:00,1788758100,5m,9.48739,8.84154,9.20044,0.460317,3
btc-updown-5m-1788758400,2026-09-07 05:20:00+00:00,1788758400,5m,9.84137,9.48497,9.12785,0.487103,3
btc-updown-5m-1788758700,2026-09-07 05:25:00+00:00,1788758700,5m,9.38681,9.19264,8.58267,0.451885,3
btc-updown-15m-1788759000,2026-09-07 05:30:00+00:00,1788759000,15m,14.7361,14.1735,13.6826,0.436508,3
btc-updown-5m-1788759000,2026-09-07 05:30:00+00:00,1788759000,5m,8.92671,8.66349,8.37883,0.416171,3
btc-updown-5m-1788759300,2026-09-07 05:35:00+00:00,1788759300,5m,8.20551,7.88316,7.66656,0.365575,2
btc-updown-5m-1788759600,2026-09-07 05:40:00+00:00,1788759600,5m,7.5161,7.039,6.99379,0.325893,2
btc-updown-15m-1788759900,2026-09-07 05:45:00+00:00,1788759900,15m,12.3413,11.2234,10.6319,0.328373,2
btc-updown-5m-1788759900,2026-09-07 05:45:00+00:00,1788759900,5m,7.09594,6.39726,6.51068,0.296131,2
btc-updown-5m-1788760200,2026-09-07 05:50:00+00:00,1788760200,5m,6.60656,5.82168,6.11169,0.273313,2
btc-updown-5m-1788760500,2026-09-07 05:55:00+00:00,1788760500,5m,7.99369,7.60697,7.15747,0.354167,2
btc-updown-15m-1788760800,2026-09-07 06:00:00+00:00,1788760800,15m,11.9959,11.2826,11.0431,0.31746,2
btc-updown-5m-1788760800,2026-09-07 06:00:00+00:00,1788760800,5m,6.66414,6.29898,6.76251,0.275298,2
btc-updown-5m-1788761100,2026-09-07 06:05:00+00:00,1788761100,5m,6.70181,6.31397,6.30884,0.27877,2
btc-updown-5m-1788761400,2026-09-07 06:10:00+00:00,1788761400,5m,7.20308,6.86618,6.2573,0.304067,2
btc-updown-15m-1788761700,2026-09-07 06:15:00+00:00,1788761700,15m,10.9091,9.84367,9.48165,0.277282,2
btc-updown-5m-1788761700,2026-09-07 06:15:00+00:00,1788761700,5m,5.9526,5.40296,5.8063,0.232143,2
btc-updown-5m-1788762000,2026-09-07 06:20:00+00:00,1788762000,5m,6.80874,6.4924,5.78844,0.282738,2
btc-updown-5m-1788762300,2026-09-07 06:25:00+00:00,1788762300,5m,6.37696,6.01699,5.73799,0.256448,2
btc-updown-15m-1788762600,2026-09-07 06:30:00+00:00,1788762600,15m,10.2153,9.63154,9.23776,0.251984,2
btc-updown-5m-1788762600,2026-09-07 06:30:00+00:00,1788762600,5m,5.75331,5.49518,5.65695,0.220734,2
btc-updown-5m-1788762900,2026-09-07 06:35:00+00:00,1788762900,5m,5.84244,5.60319,5.41967,0.226687,2
btc-updown-5m-1788763200,2026-09-07 06:40:00+00:00,1788763200,5m,5.91201,5.67114,5.43488,0.229663,2
btc-updown-15m-1788763500,2026-09-07 06:45:00+00:00,1788763500,15m,9.66115,8.9788,8.32494,0.229167,2
btc-updown-5m-1788763500,2026-09-07 06:45:00+00:00,1788763500,5m,5.52638,5.22413,5.09797,0.209325,2
btc-updown-5m-1788763800,2026-09-07 06:50:00+00:00,1788763800,5m,4.94711,4.50469,4.69296,0.167163,1
btc-updown-5m-1788764100,2026-09-07 06:55:00+00:00,1788764100,5m,3.8679,3.53531,4.26812,0.102183,1
btc-updown-15m-1788764400,2026-09-07 07:00:00+00:00,1788764400,15m,6.06309,5.43366,6.79379,0.0927579,1
btc-updown-5m-1788764400,2026-09-07 07:00:00+00:00,1788764400,5m,3.6397,3.35601,4.16033,0.0967262,1
btc-updown-5m-1788764700,2026-09-07 07:05:00+00:00,1788764700,5m,3.89461,3.67143,4.11764,0.104167,1
btc-updown-5m-1788765000,2026-09-07 07:10:00+00:00,1788765000,5m,6.03922,5.71425,5.04502,0.236607,2
btc-updown-15m-1788765300,2026-09-07 07:15:00+00:00,1788765300,15m,8.34956,7.80552,7.95072,0.179067,1
btc-updown-5m-1788765300,2026-09-07 07:15:00+00:00,1788765300,5m,4.92609,4.66961,4.8688,0.164683,1
btc-updown-5m-1788765600,2026-09-07 07:20:00+00:00,1788765600,5m,4.53405,4.23101,4.5992,0.136905,1
btc-updown-5m-1788765900,2026-09-07 07:25:00+00:00,1788765900,5m,8.44622,7.92541,6.08234,0.379464,2
btc-updown-15m-1788766200,2026-09-07 07:30:00+00:00,1788766200,15m,15.7114,14.9065,15.3021,0.479167,3
btc-updown-5m-1788766200,2026-09-07 07:30:00+00:00,1788766200,5m,10.8053,10.1632,9.37059,0.550595,3
btc-updown-5m-1788766500,2026-09-07 07:35:00+00:00,1788766500,5m,18.2265,17.1711,13.0907,0.858135,5
btc-updown-5m-1788766800,2026-09-07 07:40:00+00:00,1788766800,5m,14.4941,13.7276,13.4073,0.75248,4
btc-updown-15m-1788767100,2026-09-07 07:45:00+00:00,1788767100,15m,28.0579,26.8482,26.953,0.834325,5
btc-updown-5m-1788767100,2026-09-07 07:45:00+00:00,1788767100,5m,18.7647,17.963,16.5052,0.868552,5
btc-updown-5m-1788767400,2026-09-07 07:50:00+00:00,1788767400,5m,13.2592,12.3927,15.2438,0.695933,4
btc-updown-5m-1788767700,2026-09-07 07:55:00+00:00,1788767700,5m,11.7958,11.0813,14.468,0.615079,4
btc-updown-15m-1788768000,2026-09-07 08:00:00+00:00,1788768000,15m,16.3445,15.2995,22.3519,0.506944,3
btc-updown-5m-1788768000,2026-09-07 08:00:00+00:00,1788768000,5m,9.95215,9.38235,13.6877,0.49504,3
btc-updown-5m-1788768300,2026-09-07 08:05:00+00:00,1788768300,5m,9.02429,8.48823,12.5034,0.425595,3
btc-updown-5m-1788768600,2026-09-07 08:10:00+00:00,1788768600,5m,7.39914,6.99684,11.5856,0.316964,2
btc-updown-15m-1788768900,2026-09-07 08:15:00+00:00,1788768900,15m,13.0631,12.1784,17.685,0.362599,2
btc-updown-5m-1788768900,2026-09-07 08:15:00+00:00,1788768900,5m,7.15877,6.72341,10.8298,0.301587,2
btc-updown-5m-1788769200,2026-09-07 08:20:00+00:00,1788769200,5m,5.6508,5.1593,9.82456,0.217262,2
btc-updown-5m-1788769500,2026-09-07 08:25:00+00:00,1788769500,5m,5.64145,5.10507,9.82961,0.216766,2
btc-updown-15m-1788769800,2026-09-07 08:30:00+00:00,1788769800,15m,11.7131,10.8776,16.0997,0.305556,2
btc-updown-5m-1788769800,2026-09-07 08:30:00+00:00,1788769800,5m,7.17916,6.78065,9.85901,0.302083,2
btc-updown-5m-1788770100,2026-09-07 08:35:00+00:00,1788770100,5m,5.04487,4.54387,9.02587,0.173115,1
btc-updown-5m-1788770400,2026-09-07 08:40:00+00:00,1788770400,5m,6.45726,5.99649,8.60494,0.262897,2
btc-updown-15m-1788770700,2026-09-07 08:45:00+00:00,1788770700,15m,9.47145,8.49445,13.343,0.223214,2
btc-updown-5m-1788770700,2026-09-07 08:45:00+00:00,1788770700,5m,5.41405,4.98488,8.1709,0.202381,2
btc-updown-5m-1788771000,2026-09-07 08:50:00+00:00,1788771000,5m,5.15943,4.77235,7.50712,0.182044,1
btc-updown-5m-1788771300,2026-09-07 08:55:00+00:00,1788771300,5m,6.49014,6.11267,7.74132,0.264881,2
btc-updown-15m-1788771600,2026-09-07 09:00:00+00:00,1788771600,15m,8.62349,7.68198,11.5001,0.19246,1
btc-updown-5m-1788771600,2026-09-07 09:00:00+00:00,1788771600,5m,4.95684,4.53569,7.04232,0.167659,1
btc-updown-5m-1788771900,2026-09-07 09:05:00+00:00,1788771900,5m,4.37085,3.88614,6.47763,0.123016,1
btc-updown-5m-1788772200,2026-09-07 09:10:00+00:00,1788772200,5m,6.68405,6.20534,6.87078,0.27629,2
btc-updown-15m-1788772500,2026-09-07 09:15:00+00:00,1788772500,15m,11.9291,11.1474,11.5779,0.31498,2
btc-updown-5m-1788772500,2026-09-07 09:15:00+00:00,1788772500,5m,7.52677,7.0738,7.08999,0.325893,2
btc-updown-5m-1788772800,2026-09-07 09:20:00+00:00,1788772800,5m,5.51176,5.05089,6.49179,0.207341,2
btc-updown-5m-1788773100,2026-09-07 09:25:00+00:00,1788773100,5m,5.80686,5.33725,6.17733,0.224206,2
btc-updown-15m-1788773400,2026-09-07 09:30:00+00:00,1788773400,15m,9.27903,8.40017,10.599,0.217758,2
btc-updown-5m-1788773400,2026-09-07 09:30:00+00:00,1788773400,5m,6.02315,5.6032,6.49053,0.236111,2
btc-updown-5m-1788773700,2026-09-07 09:35:00+00:00,1788773700,5m,5.2787,4.73112,6.01398,0.194444,1
btc-updown-5m-1788774000,2026-09-07 09:40:00+00:00,1788774000,5m,9.70904,9.12354,7.15434,0.479167,3
btc-updown-15m-1788774300,2026-09-07 09:45:00+00:00,1788774300,15m,10.6238,9.82191,10.7247,0.264385,2
btc-updown-5m-1788774300,2026-09-07 09:45:00+00:00,1788774300,5m,6.54795,6.06813,6.56749,0.268353,2
btc-updown-5m-1788774600,2026-09-07 09:50:00+00:00,1788774600,5m,5.83058,5.38746,6.03879,0.226687,2
btc-updown-5m-1788774900,2026-09-07 09:55:00+00:00,1788774900,5m,7.66336,7.25448,6.78585,0.333829,2
btc-updown-15m-1788775200,2026-09-07 10:00:00+00:00,1788775200,15m,11.602,10.8481,10.6301,0.303571,2
btc-updown-5m-1788775200,2026-09-07 10:00:00+00:00,1788775200,5m,7.41582,7.03809,6.5096,0.318452,2
btc-updown-5m-1788775500,2026-09-07 10:05:00+00:00,1788775500,5m,7.71154,7.2544,7.58536,0.33631,2
btc-updown-5m-1788775800,2026-09-07 10:10:00+00:00,1788775800,5m,9.08284,8.52779,7.9061,0.429563,3
btc-updown-15m-1788776100,2026-09-07 10:15:00+00:00,1788776100,15m,10.8465,10.1574,12.3897,0.275794,2
btc-updown-5m-1788776100,2026-09-07 10:15:00+00:00,1788776100,5m,7.2602,6.81587,7.58712,0.307044,2
btc-updown-5m-1788776400,2026-09-07 10:20:00+00:00,1788776400,5m,5.94897,5.52041,6.94957,0.232143,2
btc-updown-5m-1788776700,2026-09-07 10:25:00+00:00,1788776700,5m,5.60465,5.14801,6.35917,0.215278,2
btc-updown-15m-1788777000,2026-09-07 10:30:00+00:00,1788777000,15m,8.61884,7.8874,9.89408,0.191964,1
btc-updown-5m-1788777000,2026-09-07 10:30:00+00:00,1788777000,5m,5.54511,5.11246,6.05886,0.211806,2
btc-updown-5m-1788777300,2026-09-07 10:35:00+00:00,1788777300,5m,4.46172,3.91749,5.50325,0.128472,1
btc-updown-5m-1788777600,2026-09-07 10:40:00+00:00,1788777600,5m,5.18914,4.684,5.57223,0.185516,1
btc-updown-15m-1788777900,2026-09-07 10:45:00+00:00,1788777900,15m,7.35827,6.52086,8.64524,0.131944,1
btc-updown-5m-1788777900,2026-09-07 10:45:00+00:00,1788777900,5m,4.2395,3.85142,5.29411,0.118056,1
btc-updown-5m-1788778200,2026-09-07 10:50:00+00:00,1788778200,5m,5.85052,5.50271,5.1637,0.226687,2
btc-updown-5m-1788778500,2026-09-07 10:55:00+00:00,1788778500,5m,4.97712,4.54939,5.2267,0.169147,1
btc-updown-15m-1788778800,2026-09-07 11:00:00+00:00,1788778800,15m,9.18793,8.53961,9.57592,0.211806,2
btc-updown-5m-1788778800,2026-09-07 11:00:00+00:00,1788778800,5m,6.26726,5.91936,5.86403,0.249008,2
btc-updown-5m-1788779100,2026-09-07 11:05:00+00:00,1788779100,5m,8.01732,7.64984,5.90004,0.354663,2
btc-updown-5m-1788779400,2026-09-07 11:10:00+00:00,1788779400,5m,7.75816,7.37863,5.80161,0.340774,2
btc-updown-15m-1788779700,2026-09-07 11:15:00+00:00,1788779700,15m,9.99619,8.94019,11.3597,0.243552,2
btc-updown-5m-1788779700,2026-09-07 11:15:00+00:00,1788779700,5m,6.56712,5.97144,6.95639,0.269345,2
btc-updown-5m-1788780000,2026-09-07 11:20:00+00:00,1788780000,5m,5.3524,4.81896,6.44216,0.199405,1
btc-updown-5m-1788780300,2026-09-07 11:25:00+00:00,1788780300,5m,5.92522,5.60316,6.35909,0.230159,2
btc-updown-15m-1788780600,2026-09-07 11:30:00+00:00,1788780600,15m,8.18828,7.75973,9.54904,0.168651,1
btc-updown-5m-1788780600,2026-09-07 11:30:00+00:00,1788780600,5m,5.22098,4.94075,5.84757,0.1875,1
btc-updown-5m-1788780900,2026-09-07 11:35:00+00:00,1788780900,5m,5.44928,5.14037,5.76754,0.203373,2
btc-updown-5m-1788781200,2026-09-07 11:40:00+00:00,1788781200,5m,5.146,4.89957,5.69463,0.181052,1
btc-updown-15m-1788781500,2026-09-07 11:45:00+00:00,1788781500,15m,7.72643,7.23441,8.54545,0.15129,1
btc-updown-5m-1788781500,2026-09-07 11:45:00+00:00,1788781500,5m,4.58604,4.31388,5.233,0.139881,1
btc-updown-5m-1788781800,2026-09-07 11:50:00+00:00,1788781800,5m,4.44567,4.19973,4.93918,0.12748,1
btc-updown-5m-1788782100,2026-09-07 11:55:00+00:00,1788782100,5m,4.72582,4.51726,5.3082,0.150298,1
btc-updown-15m-1788782400,2026-09-07 12:00:00+00:00,1788782400,15m,7.99532,7.44609,9.17423,0.15873,1
btc-updown-5m-1788782400,2026-09-07 12:00:00+00:00,1788782400,5m,5.06209,4.80588,5.61805,0.175595,1
btc-updown-5m-1788782700,2026-09-07 12:05:00+00:00,1788782700,5m,4.51245,4.21992,5.18964,0.134921,1
btc-updown-5m-1788783000,2026-09-07 12:10:00+00:00,1788783000,5m,5.95895,5.49771,6.16913,0.232143,2
btc-updown-15m-1788783300,2026-09-07 12:15:00+00:00,1788783300,15m,7.43017,6.78603,9.43859,0.136905,1
btc-updown-5m-1788783300,2026-09-07 12:15:00+00:00,1788783300,5m,4.80098,4.42157,5.77993,0.155258,1
btc-updown-5m-1788783600,2026-09-07 12:20:00+00:00,1788783600,5m,4.77902,4.35904,5.36153,0.15377,1
btc-updown-5m-1788783900,2026-09-07 12:25:00+00:00,1788783900,5m,5.68371,5.30227,6.21057,0.217758,2
btc-updown-15m-1788784200,2026-09-07 12:30:00+00:00,1788784200,15m,7.91913,7.4103,9.68606,0.156746,1
btc-updown-5m-1788784200,2026-09-07 12:30:00+00:00,1788784200,5m,4.83215,4.46122,5.93148,0.157242,1
btc-updown-5m-1788784500,2026-09-07 12:35:00+00:00,1788784500,5m,4.14054,3.77515,5.42501,0.114087,1
btc-updown-5m-1788784800,2026-09-07 12:40:00+00:00,1788784800,5m,4.35997,4.073,4.99117,0.12252,1
btc-updown-15m-1788785100,2026-09-07 12:45:00+00:00,1788785100,15m,7.2902,6.82447,7.83173,0.128472,1
btc-updown-5m-1788785100,2026-09-07 12:45:00+00:00,1788785100,5m,4.52408,4.24255,4.79593,0.134921,1
btc-updown-5m-1788785400,2026-09-07 12:50:00+00:00,1788785400,5m,5.39109,5.08037,5.04982,0.201389,2
btc-updown-5m-1788785700,2026-09-07 12:55:00+00:00,1788785700,5m,6.18928,5.89456,5.72879,0.242063,2
btc-updown-15m-1788786000,2026-09-07 13:00:00+00:00,1788786000,15m,8.22425,7.78293,8.93566,0.169643,1
btc-updown-5m-1788786000,2026-09-07 13:00:00+00:00,1788786000,5m,4.50085,4.22148,5.47195,0.133929,1
btc-updown-5m-1788786300,2026-09-07 13:05:00+00:00,1788786300,5m,6.01486,5.79274,5.55091,0.235615,2
btc-updown-5m-1788786600,2026-09-07 13:10:00+00:00,1788786600,5m,5.93852,5.44325,6.84236,0.231647,2
btc-updown-15m-1788786900,2026-09-07 13:15:00+00:00,1788786900,15m,9.11096,8.69805,12.5528,0.210317,2
btc-updown-5m-1788786900,2026-09-07 13:15:00+00:00,1788786900,5m,6.22385,5.94142,7.68698,0.244048,2
btc-updown-5m-1788787200,2026-09-07 13:20:00+00:00,1788787200,5m,5.91395,5.65578,7.82139,0.229663,2
btc-updown-5m-1788787500,2026-09-07 13:25:00+00:00,1788787500,5m,5.22101,4.92216,7.22631,0.1875,1
btc-updown-15m-1788787800,2026-09-07 13:30:00+00:00,1788787800,15m,7.54882,7.02877,10.7727,0.143353,1
btc-updown-5m-1788787800,2026-09-07 13:30:00+00:00,1788787800,5m,4.36077,4.04811,6.59688,0.12252,1
btc-updown-5m-1788788100,2026-09-07 13:35:00+00:00,1788788100,5m,10.8367,11.0654,8.97179,0.551587,3
btc-updown-5m-1788788400,2026-09-07 13:40:00+00:00,1788788400,5m,9.48174,9.15873,9.71563,0.459821,3
btc-updown-15m-1788788700,2026-09-07 13:45:00+00:00,1788788700,15m,13.7784,13.2219,15.068,0.391369,2
btc-updown-5m-1788788700,2026-09-07 13:45:00+00:00,1788788700,5m,8.9162,8.36752,9.22724,0.416171,3
btc-updown-5m-1788789000,2026-09-07 13:50:00+00:00,1788789000,5m,7.14219,6.4995,8.69054,0.300099,2
btc-updown-5m-1788789300,2026-09-07 13:55:00+00:00,1788789300,5m,8.17649,7.63219,8.57,0.363095,2
btc-updown-15m-1788789600,2026-09-07 14:00:00+00:00,1788789600,15m,9.35298,8.66008,12.8939,0.219742,2
btc-updown-5m-1788789600,2026-09-07 14:00:00+00:00,1788789600,5m,5.69439,5.27813,7.89585,0.217758,2
btc-updown-5m-1788789900,2026-09-07 14:05:00+00:00,1788789900,5m,5.29049,5.00886,7.58514,0.195437,1
btc-updown-5m-1788790200,2026-09-07 14:10:00+00:00,1788790200,5m,10.3574,9.60087,11.1218,0.521825,3
btc-updown-15m-1788790500,2026-09-07 14:15:00+00:00,1788790500,15m,18.8209,17.5277,18.7273,0.608631,4
btc-updown-5m-1788790500,2026-09-07 14:15:00+00:00,1788790500,5m,11.5774,10.8818,11.4681,0.600694,4
btc-updown-5m-1788790800,2026-09-07 14:20:00+00:00,1788790800,5m,11.4777,10.7909,11.8648,0.596726,3
btc-updown-5m-1788791100,2026-09-07 14:25:00+00:00,1788791100,5m,11.8253,10.9732,11.5596,0.61756,4
btc-updown-15m-1788791400,2026-09-07 14:30:00+00:00,1788791400,15m,16.1654,14.9582,17.6481,0.500992,3
btc-updown-5m-1788791400,2026-09-07 14:30:00+00:00,1788791400,5m,9.225,8.57079,10.8072,0.437996,3
btc-updown-5m-1788791700,2026-09-07 14:35:00+00:00,1788791700,5m,10.3889,9.57363,10.4607,0.524306,3
btc-updown-5m-1788792000,2026-09-07 14:40:00+00:00,1788792000,5m,10.0872,9.31069,10.2195,0.506448,3
btc-updown-15m-1788792300,2026-09-07 14:45:00+00:00,1788792300,15m,15.8096,14.5192,15.7333,0.484623,3
btc-updown-5m-1788792300,2026-09-07 14:45:00+00:00,1788792300,5m,9.54813,8.93611,9.63464,0.465774,3
btc-updown-5m-1788792600,2026-09-07 14:50:00+00:00,1788792600,5m,8.09361,7.43853,8.91564,0.358631,2
btc-updown-5m-1788792900,2026-09-07 14:55:00+00:00,1788792900,5m,11.7186,11.2037,10.7696,0.611607,4
btc-updown-15m-1788793200,2026-09-07 15:00:00+00:00,1788793200,15m,14.2602,13.4828,16.5525,0.411706,3
btc-updown-5m-1788793200,2026-09-07 15:00:00+00:00,1788793200,5m,8.79165,8.24319,10.1363,0.407738,3
btc-updown-5m-1788793500,2026-09-07 15:05:00+00:00,1788793500,5m,10.1055,9.52312,9.71221,0.507937,3
btc-updown-5m-1788793800,2026-09-07 15:10:00+00:00,1788793800,5m,9.73161,9.10494,9.34318,0.480655,3
btc-updown-15m-1788794100,2026-09-07 15:15:00+00:00,1788794100,15m,14.732,13.5242,14.3749,0.436508,3
btc-updown-5m-1788794100,2026-09-07 15:15:00+00:00,1788794100,5m,8.79126,8.10808,8.8028,0.407738,3
btc-updown-5m-1788794400,2026-09-07 15:20:00+00:00,1788794400,5m,9.40176,8.82845,8.93642,0.452877,3
btc-updown-5m-1788794700,2026-09-07 15:25:00+00:00,1788794700,5m,8.47937,8.01577,10.4694,0.381448,2
btc-updown-15m-1788795000,2026-09-07 15:30:00+00:00,1788795000,15m,13.6092,12.6947,15.8703,0.384425,2
btc-updown-5m-1788795000,2026-09-07 15:30:00+00:00,1788795000,5m,8.31623,7.85588,9.71856,0.371528,2
btc-updown-5m-1788795300,2026-09-07 15:35:00+00:00,1788795300,5m,13.8091,13.2905,10.3766,0.71627,4
btc-updown-5m-1788795600,2026-09-07 15:40:00+00:00,1788795600,5m,13.5943,13.0249,10.6501,0.708333,4
btc-updown-15m-1788795900,2026-09-07 15:45:00+00:00,1788795900,15m,25.564,24.6266,18.3804,0.791667,4
btc-updown-5m-1788795900,2026-09-07 15:45:00+00:00,1788795900,5m,14.1069,13.3274,11.2557,0.728671,4
btc-updown-5m-1788796200,2026-09-07 15:50:00+00:00,1788796200,5m,13.8254,13.3245,11.4767,0.718254,4
btc-updown-5m-1788796500,2026-09-07 15:55:00+00:00,1788796500,5m,10.8638,9.84752,10.4624,0.552579,3
btc-updown-15m-1788796800,2026-09-07 16:00:00+00:00,1788796800,15m,22.0076,21.2105,18.7836,0.705357,4
btc-updown-5m-1788796800,2026-09-07 16:00:00+00:00,1788796800,5m,12.5487,12.1003,11.5026,0.66369,4
btc-updown-5m-1788797100,2026-09-07 16:05:00+00:00,1788797100,5m,11.4221,11.1497,11.209,0.591766,3
btc-updown-5m-1788797400,2026-09-07 16:10:00+00:00,1788797400,5m,11.1042,10.744,10.5813,0.568948,3
btc-updown-15m-1788797700,2026-09-07 16:15:00+00:00,1788797700,15m,15.8583,15.128,15.7197,0.486607,3
btc-updown-5m-1788797700,2026-09-07 16:15:00+00:00,1788797700,5m,8.89545,8.55569,9.62632,0.414683,3
btc-updown-5m-1788798000,2026-09-07 16:20:00+00:00,1788798000,5m,9.55444,9.20482,9.22323,0.46627,3
btc-updown-5m-1788798300,2026-09-07 16:25:00+00:00,1788798300,5m,8.33611,7.9089,8.47095,0.37252,2
btc-updown-15m-1788798600,2026-09-07 16:30:00+00:00,1788798600,15m,14.1973,13.3756,13.2507,0.41121,3
btc-updown-5m-1788798600,2026-09-07 16:30:00+00:00,1788798600,5m,8.49191,8.22161,8.11434,0.383433,2
btc-updown-5m-1788798900,2026-09-07 16:35:00+00:00,1788798900,5m,8.82737,8.55437,8.62253,0.410218,3
btc-updown-5m-1788799200,2026-09-07 16:40:00+00:00,1788799200,5m,9.14274,9.09503,8.44623,0.433532,3
btc-updown-15m-1788799500,2026-09-07 16:45:00+00:00,1788799500,15m,14.0958,13.5475,12.7808,0.405258,3
btc-updown-5m-1788799500,2026-09-07 16:45:00+00:00,1788799500,5m,7.99267,7.82238,7.82661,0.354167,2
btc-updown-5m-1788799800,2026-09-07 16:50:00+00:00,1788799800,5m,7.72356,7.40387,7.27291,0.337302,2
btc-updown-5m-1788800100,2026-09-07 16:55:00+00:00,1788800100,5m,7.34459,7.03736,6.7664,0.312004,2
btc-updown-15m-1788800400,2026-09-07 17:00:00+00:00,1788800400,15m,11.8433,10.9583,10.2199,0.311508,2
btc-updown-5m-1788800400,2026-09-07 17:00:00+00:00,1788800400,5m,6.72927,6.34541,6.25836,0.279762,2
btc-updown-5m-1788800700,2026-09-07 17:05:00+00:00,1788800700,5m,5.91641,5.49806,6.1946,0.229663,2
btc-updown-5m-1788801000,2026-09-07 17:10:00+00:00,1788801000,5m,7.06261,6.83836,6.26602,0.293155,2
btc-updown-15m-1788801300,2026-09-07 17:15:00+00:00,1788801300,15m,12.3205,11.668,9.60765,0.327877,2
btc-updown-5m-1788801300,2026-09-07 17:15:00+00:00,1788801300,5m,6.98789,6.6836,5.88346,0.292163,2
btc-updown-5m-1788801600,2026-09-07 17:20:00+00:00,1788801600,5m,6.35835,5.98469,5.74304,0.25496,2
btc-updown-5m-1788801900,2026-09-07 17:25:00+00:00,1788801900,5m,7.168,6.78701,5.97415,0.301587,2
btc-updown-15m-1788802200,2026-09-07 17:30:00+00:00,1788802200,15m,11.6111,10.8092,9.71743,0.304067,2
btc-updown-5m-1788802200,2026-09-07 17:30:00+00:00,1788802200,5m,7.04749,6.70423,5.95069,0.292659,2
btc-updown-5m-1788802500,2026-09-07 17:35:00+00:00,1788802500,5m,6.16261,5.77642,5.59821,0.240079,2
btc-updown-5m-1788802800,2026-09-07 17:40:00+00:00,1788802800,5m,6.22552,5.98168,5.45056,0.244544,2
btc-updown-15m-1788803100,2026-09-07 17:45:00+00:00,1788803100,15m,10.433,9.70763,8.563,0.259425,2
btc-updown-5m-1788803100,2026-09-07 17:45:00+00:00,1788803100,5m,6.11934,5.85564,5.24375,0.238095,2
btc-updown-5m-1788803400,2026-09-07 17:50:00+00:00,1788803400,5m,6.08012,5.81978,5.21294,0.237599,2
btc-updown-5m-1788803700,2026-09-07 17:55:00+00:00,1788803700,5m,6.05233,5.73125,5.17153,0.237599,2
btc-updown-15m-1788804000,2026-09-07 18:00:00+00:00,1788804000,15m,9.18809,8.34026,8.03761,0.211806,2
btc-updown-5m-1788804000,2026-09-07 18:00:00+00:00,1788804000,5m,5.30527,4.95469,4.92201,0.196429,1
btc-updown-5m-1788804300,2026-09-07 18:05:00+00:00,1788804300,5m,5.57963,5.31376,5.06582,0.214286,2
btc-updown-5m-1788804600,2026-09-07 18:10:00+00:00,1788804600,5m,5.7555,5.49624,5.19645,0.220734,2
btc-updown-15m-1788804900,2026-09-07 18:15:00+00:00,1788804900,15m,8.75326,8.06914,8.42557,0.196429,1
btc-updown-5m-1788804900,2026-09-07 18:15:00+00:00,1788804900,5m,5.21998,4.95632,5.15958,0.1875,1
btc-updown-5m-1788805200,2026-09-07 18:20:00+00:00,1788805200,5m,4.92554,4.66858,4.91845,0.164683,1
btc-updown-5m-1788805500,2026-09-07 18:25:00+00:00,1788805500,5m,6.67848,6.35776,5.14871,0.27629,2
btc-updown-15m-1788805800,2026-09-07 18:30:00+00:00,1788805800,15m,8.89123,8.20988,7.87712,0.199901,1
btc-updown-5m-1788805800,2026-09-07 18:30:00+00:00,1788805800,5m,5.05567,4.84396,4.82373,0.174107,1
btc-updown-5m-1788806100,2026-09-07 18:35:00+00:00,1788806100,5m,5.17136,4.99719,4.67509,0.18254,1
btc-updown-5m-1788806400,2026-09-07 18:40:00+00:00,1788806400,5m,4.93163,4.71782,4.75481,0.165179,1
btc-updown-15m-1788806700,2026-09-07 18:45:00+00:00,1788806700,15m,8.24321,7.67926,7.64729,0.171131,1
btc-updown-5m-1788806700,2026-09-07 18:45:00+00:00,1788806700,5m,4.94586,4.70897,4.68299,0.167163,1
btc-updown-5m-1788807000,2026-09-07 18:50:00+00:00,1788807000,5m,4.43332,4.21055,4.53131,0.125992,1
btc-updown-5m-1788807300,2026-09-07 18:55:00+00:00,1788807300,5m,5.01009,4.74529,4.84653,0.172123,1
btc-updown-15m-1788807600,2026-09-07 19:00:00+00:00,1788807600,15m,8.49301,7.85286,8.38637,0.185516,1
btc-updown-5m-1788807600,2026-09-07 19:00:00+00:00,1788807600,5m,4.95265,4.73534,5.13558,0.167659,1
btc-updown-5m-1788807900,2026-09-07 19:05:00+00:00,1788807900,5m,4.71156,4.50931,4.80305,0.149306,1
btc-updown-5m-1788808200,2026-09-07 19:10:00+00:00,1788808200,5m,4.44345,4.21341,4.55899,0.12748,1
btc-updown-15m-1788808500,2026-09-07 19:15:00+00:00,1788808500,15m,7.50078,6.89878,6.95054,0.139881,1
btc-updown-5m-1788808500,2026-09-07 19:15:00+00:00,1788808500,5m,4.33186,4.08025,4.25632,0.121032,1
btc-updown-5m-1788808800,2026-09-07 19:20:00+00:00,1788808800,5m,4.19737,3.95387,3.89858,0.116567,1
btc-updown-5m-1788809100,2026-09-07 19:25:00+00:00,1788809100,5m,4.94924,4.73286,4.12582,0.167163,1
btc-updown-15m-1788809400,2026-09-07 19:30:00+00:00,1788809400,15m,8.21714,7.5351,6.66147,0.169643,1
btc-updown-5m-1788809400,2026-09-07 19:30:00+00:00,1788809400,5m,4.6217,4.39222,4.0793,0.142857,1
btc-updown-5m-1788809700,2026-09-07 19:35:00+00:00,1788809700,5m,6.97088,6.3394,6.15062,0.291667,2
btc-updown-5m-1788810000,2026-09-07 19:40:00+00:00,1788810000,5m,9.05321,8.36199,7.61907,0.425595,3
btc-updown-15m-1788810300,2026-09-07 19:45:00+00:00,1788810300,15m,11.196,10.5763,11.6604,0.287698,2
btc-updown-5m-1788810300,2026-09-07 19:45:00+00:00,1788810300,5m,6.82809,6.46441,7.14048,0.28373,2
btc-updown-5m-1788810600,2026-09-07 19:50:00+00:00,1788810600,5m,5.03907,4.7387,6.48449,0.172619,1
btc-updown-5m-1788810900,2026-09-07 19:55:00+00:00,1788810900,5m,5.1949,4.919,6.17103,0.185516,1
btc-updown-15m-1788811200,2026-09-07 20:00:00+00:00,1788811200,15m,8.59458,7.83765,9.26052,0.18998,1
btc-updown-5m-1788811200,2026-09-07 20:00:00+00:00,1788811200,5m,4.55165,4.21607,5.67089,0.136905,1
btc-updown-5m-1788811500,2026-09-07 20:05:00+00:00,1788811500,5m,5.52127,5.28247,5.37976,0.208829,2
btc-updown-5m-1788811800,2026-09-07 20:10:00+00:00,1788811800,5m,6.79258,6.53749,6.12173,0.280754,2
btc-updown-15m-1788812100,2026-09-07 20:15:00+00:00,1788812100,15m,11.2203,10.3431,9.66201,0.28869,2
btc-updown-5m-1788812100,2026-09-07 20:15:00+00:00,1788812100,5m,5.99737,5.61093,5.91675,0.235119,2
btc-updown-5m-1788812400,2026-09-07 20:20:00+00:00,1788812400,5m,5.67362,5.38854,5.46128,0.217262,2
btc-updown-5m-1788812700,2026-09-07 20:25:00+00:00,1788812700,5m,6.10961,5.89457,5.60043,0.237599,2
btc-updown-15m-1788813000,2026-09-07 20:30:00+00:00,1788813000,15m,10.3853,9.75955,8.90511,0.25744,2
btc-updown-5m-1788813000,2026-09-07 20:30:00+00:00,1788813000,5m,5.68567,5.40575,5.45325,0.217758,2
btc-updown-5m-1788813300,2026-09-07 20:35:00+00:00,1788813300,5m,5.56117,5.19579,5.02215,0.214286,2
btc-updown-5m-1788813600,2026-09-07 20:40:00+00:00,1788813600,5m,4.99926,4.65419,4.64375,0.170635,1
btc-updown-15m-1788813900,2026-09-07 20:45:00+00:00,1788813900,15m,9.00904,8.33848,7.24497,0.204861,2
btc-updown-5m-1788813900,2026-09-07 20:45:00+00:00,1788813900,5m,4.89294,4.60254,4.43662,0.162698,1
btc-updown-5m-1788814200,2026-09-07 20:50:00+00:00,1788814200,5m,5.49622,5.15013,4.91601,0.206845,2
btc-updown-5m-1788814500,2026-09-07 20:55:00+00:00,1788814500,5m,5.71045,5.42457,5.00488,0.219246,2
btc-updown-15m-1788814800,2026-09-07 21:00:00+00:00,1788814800,15m,9.41047,8.81481,8.21776,0.220734,2
btc-updown-5m-1788814800,2026-09-07 21:00:00+00:00,1788814800,5m,5.18425,4.91878,5.03233,0.185516,1
btc-updown-5m-1788815100,2026-09-07 21:05:00+00:00,1788815100,5m,4.76187,4.4877,4.71458,0.153274,1
btc-updown-5m-1788815400,2026-09-07 21:10:00+00:00,1788815400,5m,4.95126,4.66523,4.44145,0.167659,1
btc-updown-15m-1788815700,2026-09-07 21:15:00+00:00,1788815700,15m,8.09186,7.42984,6.59084,0.163194,1
btc-updown-5m-1788815700,2026-09-07 21:15:00+00:00,1788815700,5m,4.25216,3.9448,4.03605,0.118552,1
btc-updown-5m-1788816000,2026-09-07 21:20:00+00:00,1788816000,5m,4.89931,4.64579,5.2539,0.163194,1
btc-updown-5m-1788816300,2026-09-07 21:25:00+00:00,1788816300,5m,4.2652,3.98435,5.12504,0.118552,1
btc-updown-15m-1788816600,2026-09-07 21:30:00+00:00,1788816600,15m,7.65161,7.11174,7.71373,0.147321,1
btc-updown-5m-1788816600,2026-09-07 21:30:00+00:00,1788816600,5m,4.41751,4.18963,4.72368,0.125496,1
btc-updown-5m-1788816900,2026-09-07 21:35:00+00:00,1788816900,5m,4.03643,3.87179,4.36564,0.107639,1
btc-updown-5m-1788817200,2026-09-07 21:40:00+00:00,1788817200,5m,3.60932,3.44215,4.09475,0.0952381,1
btc-updown-15m-1788817500,2026-09-07 21:45:00+00:00,1788817500,15m,7.91165,7.20416,7.21076,0.15625,1
btc-updown-5m-1788817500,2026-09-07 21:45:00+00:00,1788817500,5m,4.82479,4.5048,4.41567,0.157242,1
btc-updown-5m-1788817800,2026-09-07 21:50:00+00:00,1788817800,5m,4.25626,4.00995,4.87728,0.118552,1
btc-updown-5m-1788818100,2026-09-07 21:55:00+00:00,1788818100,5m,4.88179,4.64495,4.9203,0.162202,1
btc-updown-15m-1788818400,2026-09-07 22:00:00+00:00,1788818400,15m,7.22187,6.51922,7.57906,0.126488,1
btc-updown-5m-1788818400,2026-09-07 22:00:00+00:00,1788818400,5m,4.6301,4.26873,4.64121,0.142857,1
btc-updown-5m-1788818700,2026-09-07 22:05:00+00:00,1788818700,5m,6.46388,5.87521,7.01913,0.263393,2
btc-updown-5m-1788819000,2026-09-07 22:10:00+00:00,1788819000,5m,4.97238,4.68926,6.78632,0.168651,1
btc-updown-15m-1788819300,2026-09-07 22:15:00+00:00,1788819300,15m,8.58308,7.96107,10.7556,0.189484,1
btc-updown-5m-1788819300,2026-09-07 22:15:00+00:00,1788819300,5m,5.45086,5.16687,6.58646,0.203373,2
btc-updown-5m-1788819600,2026-09-07 22:20:00+00:00,1788819600,5m,7.97239,7.53794,8.72989,0.352679,2
btc-updown-5m-1788819900,2026-09-07 22:25:00+00:00,1788819900,5m,8.01674,7.55242,8.7071,0.354663,2
btc-updown-15m-1788820200,2026-09-07 22:30:00+00:00,1788820200,15m,12.0005,11.2178,14.7015,0.31746,2
btc-updown-5m-1788820200,2026-09-07 22:30:00+00:00,1788820200,5m,8.68946,8.20151,9.00281,0.399802,2
btc-updown-5m-1788820500,2026-09-07 22:35:00+00:00,1788820500,5m,9.30437,8.91283,8.83461,0.44494,3
btc-updown-5m-1788820800,2026-09-07 22:40:00+00:00,1788820800,5m,9.9891,9.60088,8.50856,0.499008,3
btc-updown-15m-1788821100,2026-09-07 22:45:00+00:00,1788821100,15m,20.3674,19.3674,16.4695,0.657242,4
btc-updown-5m-1788821100,2026-09-07 22:45:00+00:00,1788821100,5m,11.9634,11.2138,10.0854,0.630456,4
btc-updown-5m-1788821400,2026-09-07 22:50:00+00:00,1788821400,5m,11.6634,11.2622,10.4029,0.604663,4
btc-updown-5m-1788821700,2026-09-07 22:55:00+00:00,1788821700,5m,10.2597,9.59118,9.66442,0.517857,3
btc-updown-15m-1788822000,2026-09-07 23:00:00+00:00,1788822000,15m,14.8952,14.1311,16.5402,0.443948,3
btc-updown-5m-1788822000,2026-09-07 23:00:00+00:00,1788822000,5m,9.9948,9.51946,10.1288,0.499504,3
btc-updown-5m-1788822300,2026-09-07 23:05:00+00:00,1788822300,5m,8.29214,7.71294,9.2734,0.370536,2
btc-updown-5m-1788822600,2026-09-07 23:10:00+00:00,1788822600,5m,10.0924,9.71492,10.04,0.506448,3
btc-updown-15m-1788822900,2026-09-07 23:15:00+00:00,1788822900,15m,12.044,11.1046,14.8796,0.317956,2
btc-updown-5m-1788822900,2026-09-07 23:15:00+00:00,1788822900,5m,6.65124,6.06757,9.11186,0.275298,2
btc-updown-5m-1788823200,2026-09-07 23:20:00+00:00,1788823200,5m,8.56474,8.07853,8.57282,0.389881,2
btc-updown-5m-1788823500,2026-09-07 23:25:00+00:00,1788823500,5m,12.9352,12.5364,10.1008,0.68254,4
btc-updown-15m-1788823800,2026-09-07 23:30:00+00:00,1788823800,15m,15.3166,14.5116,15.5368,0.465278,3
btc-updown-5m-1788823800,2026-09-07 23:30:00+00:00,1788823800,5m,9.61858,9.06589,9.51429,0.472222,3
btc-updown-5m-1788824100,2026-09-07 23:35:00+00:00,1788824100,5m,8.28411,7.82768,8.78762,0.370536,2
btc-updown-5m-1788824400,2026-09-07 23:40:00+00:00,1788824400,5m,7.16816,6.80435,8.23712,0.301587,2
btc-updown-15m-1788824700,2026-09-07 23:45:00+00:00,1788824700,15m,10.9632,10.3993,12.3984,0.280258,2
btc-updown-5m-1788824700,2026-09-07 23:45:00+00:00,1788824700,5m,6.46369,6.1835,7.59246,0.263393,2
btc-updown-5m-1788825000,2026-09-07 23:50:00+00:00,1788825000,5m,7.39241,7.16989,7.5372,0.316964,2
btc-updown-5m-1788825300,2026-09-07 23:55:00+00:00,1788825300,5m,6.35008,6.11008,7.0816,0.254464,2
btc-updown-15m-1788825600,2026-09-08 00:00:00+00:00,1788825600,15m,10.2296,9.48324,10.9552,0.251984,2
btc-updown-5m-1788825600,2026-09-08 00:00:00+00:00,1788825600,5m,6.03536,5.66871,6.70864,0.236607,2
btc-updown-5m-1788825900,2026-09-08 00:05:00+00:00,1788825900,5m,6.0492,5.6623,6.41823,0.237599,2
btc-updown-5m-1788826200,2026-09-08 00:10:00+00:00,1788826200,5m,7.35451,6.86508,8.73863,0.3125,2
btc-updown-15m-1788826500,2026-09-08 00:15:00+00:00,1788826500,15m,11.6557,11.0028,14.6061,0.304563,2
btc-updown-5m-1788826500,2026-09-08 00:15:00+00:00,1788826500,5m,7.96799,7.6228,8.94436,0.352183,2
btc-updown-5m-1788826800,2026-09-08 00:20:00+00:00,1788826800,5m,7.30439,7.07132,8.98012,0.308532,2
btc-updown-5m-1788827100,2026-09-08 00:25:00+00:00,1788827100,5m,8.90606,8.63646,8.97527,0.415675,3
btc-updown-15m-1788827400,2026-09-08 00:30:00+00:00,1788827400,15m,13.7578,13.0008,14.7874,0.390873,2
btc-updown-5m-1788827400,2026-09-08 00:30:00+00:00,1788827400,5m,8.83156,8.53886,9.05541,0.410218,3
btc-updown-5m-1788827700,2026-09-08 00:35:00+00:00,1788827700,5m,11.0689,10.7124,10.3165,0.565972,3
btc-updown-5m-1788828000,2026-09-08 00:40:00+00:00,1788828000,5m,7.6461,7.16065,9.6071,0.332837,2
btc-updown-15m-1788828300,2026-09-08 00:45:00+00:00,1788828300,15m,15.7456,15.2991,15.6141,0.481151,3
btc-updown-5m-1788828300,2026-09-08 00:45:00+00:00,1788828300,5m,10.5864,10.2057,9.56162,0.536706,3
btc-updown-5m-1788828600,2026-09-08 00:50:00+00:00,1788828600,5m,7.09673,6.59278,8.80051,0.296627,2
btc-updown-5m-1788828900,2026-09-08 00:55:00+00:00,1788828900,5m,6.86228,6.48598,8.30369,0.285714,2
btc-updown-15m-1788829200,2026-09-08 01:00:00+00:00,1788829200,15m,10.9591,10.0455,13.1494,0.280258,2
btc-updown-5m-1788829200,2026-09-08 01:00:00+00:00,1788829200,5m,6.7495,6.27368,8.05231,0.280258,2
btc-updown-5m-1788829500,2026-09-08 01:05:00+00:00,1788829500,5m,5.83133,5.40052,7.3896,0.226687,2
btc-updown-5m-1788829800,2026-09-08 01:10:00+00:00,1788829800,5m,6.26279,5.90887,8.8445,0.248016,2
btc-updown-15m-1788830100,2026-09-08 01:15:00+00:00,1788830100,15m,10.6664,9.7775,13.7713,0.266865,2
btc-updown-5m-1788830100,2026-09-08 01:15:00+00:00,1788830100,5m,6.71795,6.25427,8.43316,0.279266,2
btc-updown-5m-1788830400,2026-09-08 01:20:00+00:00,1788830400,5m,6.71698,6.32959,9.58891,0.279266,2
btc-updown-5m-1788830700,2026-09-08 01:25:00+00:00,1788830700,5m,8.40225,8.05309,9.385,0.37748,2
btc-updown-15m-1788831000,2026-09-08 01:30:00+00:00,1788831000,15m,11.0529,10.4489,15.3534,0.282738,2
btc-updown-5m-1788831000,2026-09-08 01:30:00+00:00,1788831000,5m,7.30316,7.03386,9.402,0.308532,2
btc-updown-5m-1788831300,2026-09-08 01:35:00+00:00,1788831300,5m,7.1918,6.92037,8.99751,0.302579,2
btc-updown-5m-1788831600,2026-09-08 01:40:00+00:00,1788831600,5m,6.49117,6.26182,8.37049,0.264881,2
btc-updown-15m-1788831900,2026-09-08 01:45:00+00:00,1788831900,15m,8.70752,8.18943,12.5065,0.195933,1
btc-updown-5m-1788831900,2026-09-08 01:45:00+00:00,1788831900,5m,5.13242,4.84216,7.65866,0.18006,1
btc-updown-5m-1788832200,2026-09-08 01:50:00+00:00,1788832200,5m,5.42877,5.17277,7.11375,0.202877,2
btc-updown-5m-1788832500,2026-09-08 01:55:00+00:00,1788832500,5m,5.41777,5.16943,7.08465,0.202381,2
btc-updown-15m-1788832800,2026-09-08 02:00:00+00:00,1788832800,15m,11.5971,10.9797,12.0456,0.303571,2
btc-updown-5m-1788832800,2026-09-08 02:00:00+00:00,1788832800,5m,7.56794,7.32162,7.37641,0.329365,2
btc-updown-5m-1788833100,2026-09-08 02:05:00+00:00,1788833100,5m,5.78093,5.53949,6.90202,0.223214,2
btc-updown-5m-1788833400,2026-09-08 02:10:00+00:00,1788833400,5m,5.89304,5.71923,6.78228,0.228175,2
btc-updown-15m-1788833700,2026-09-08 02:15:00+00:00,1788833700,15m,9.40747,8.95258,12.0482,0.220734,2
btc-updown-5m-1788833700,2026-09-08 02:15:00+00:00,1788833700,5m,5.97754,5.73905,7.37797,0.232639,2
btc-updown-5m-1788834000,2026-09-08 02:20:00+00:00,1788834000,5m,6.38441,6.08278,7.21705,0.256944,2
btc-updown-5m-1788834300,2026-09-08 02:25:00+00:00,1788834300,5m,9.21231,8.75243,8.53538,0.436012,3
btc-updown-15m-1788834600,2026-09-08 02:30:00+00:00,1788834600,15m,14.2853,13.6611,16.9192,0.413194,3
btc-updown-5m-1788834600,2026-09-08 02:30:00+00:00,1788834600,5m,11.2088,10.8227,10.3609,0.578373,3
btc-updown-5m-1788834900,2026-09-08 02:35:00+00:00,1788834900,5m,9.03206,8.66679,10.4747,0.425595,3
btc-updown-5m-1788835200,2026-09-08 02:40:00+00:00,1788835200,5m,7.58367,7.13879,9.66368,0.330357,2
btc-updown-15m-1788835500,2026-09-08 02:45:00+00:00,1788835500,15m,12.8354,12.0099,14.9529,0.346726,2
btc-updown-5m-1788835500,2026-09-08 02:45:00+00:00,1788835500,5m,7.97584,7.48365,9.15674,0.353175,2
btc-updown-5m-1788835800,2026-09-08 02:50:00+00:00,1788835800,5m,6.99961,6.60021,8.92392,0.292163,2
btc-updown-5m-1788836100,2026-09-08 02:55:00+00:00,1788836100,5m,10.7027,10.3285,9.17383,0.542163,3
btc-updown-15m-1788836400,2026-09-08 03:00:00+00:00,1788836400,15m,16.9121,16.1289,14.5056,0.534226,3
btc-updown-5m-1788836400,2026-09-08 03:00:00+00:00,1788836400,5m,10.2013,9.73678,8.88285,0.512897,3
btc-updown-5m-1788836700,2026-09-08 03:05:00+00:00,1788836700,5m,10.0068,9.66746,9.0444,0.500496,3
btc-updown-5m-1788837000,2026-09-08 03:10:00+00:00,1788837000,5m,9.57596,9.34695,8.9299,0.468254,3
btc-updown-15m-1788837300,2026-09-08 03:15:00+00:00,1788837300,15m,16.1377,15.6069,14.4196,0.499008,3
btc-updown-5m-1788837300,2026-09-08 03:15:00+00:00,1788837300,5m,9.42533,9.07538,8.83017,0.457341,3
btc-updown-5m-1788837600,2026-09-08 03:20:00+00:00,1788837600,5m,9.50704,9.03992,8.81891,0.46131,3
btc-updown-5m-1788837900,2026-09-08 03:25:00+00:00,1788837900,5m,11.6499,11.2391,9.41367,0.604167,4
btc-updown-15m-1788838200,2026-09-08 03:30:00+00:00,1788838200,15m,20.2479,19.506,15.8435,0.65129,4
btc-updown-5m-1788838200,2026-09-08 03:30:00+00:00,1788838200,5m,11.8177,11.4313,9.70215,0.616071,4
btc-updown-5m-1788838500,2026-09-08 03:35:00+00:00,1788838500,5m,11.6046,11.3797,11.1432,0.601687,4
btc-updown-5m-1788838800,2026-09-08 03:40:00+00:00,1788838800,5m,10.5529,10.2601,10.6381,0.532738,3
btc-updown-15m-1788839100,2026-09-08 03:45:00+00:00,1788839100,15m,15.3157,14.7245,17.3493,0.465278,3
btc-updown-5m-1788839100,2026-09-08 03:45:00+00:00,1788839100,5m,9.72283,9.39881,10.6242,0.480655,3
btc-updown-5m-1788839400,2026-09-08 03:50:00+00:00,1788839400,5m,9.61522,9.05683,10.1704,0.472222,3
btc-updown-5m-1788839700,2026-09-08 03:55:00+00:00,1788839700,5m,9.2681,8.63415,9.56191,0.440972,3
btc-updown-15m-1788840000,2026-09-08 04:00:00+00:00,1788840000,15m,13.5179,11.8225,14.1233,0.381448,2
btc-updown-5m-1788840000,2026-09-08 04:00:00+00:00,1788840000,5m,7.29314,6.09,8.64871,0.308532,2
btc-updown-5m-1788840300,2026-09-08 04:05:00+00:00,1788840300,5m,7.58628,6.87151,8.07463,0.330357,2
btc-updown-5m-1788840600,2026-09-08 04:10:00+00:00,1788840600,5m,7.22176,6.72836,7.50707,0.30506,2
btc-updown-15m-1788840900,2026-09-08 04:15:00+00:00,1788840900,15m,13.6327,12.7305,12.4864,0.384921,2
btc-updown-5m-1788840900,2026-09-08 04:15:00+00:00,1788840900,5m,8.46831,8.01729,7.64635,0.381448,2
btc-updown-5m-1788841200,2026-09-08 04:20:00+00:00,1788841200,5m,8.52362,7.93302,7.80215,0.386409,2
btc-updown-5m-1788841500,2026-09-08 04:25:00+00:00,1788841500,5m,8.3378,7.58035,7.80455,0.373016,2
btc-updown-15m-1788841800,2026-09-08 04:30:00+00:00,1788841800,15m,13.431,12.5194,12.5689,0.376488,2
btc-updown-5m-1788841800,2026-09-08 04:30:00+00:00,1788841800,5m,7.95969,7.55142,7.69686,0.351687,2
btc-updown-5m-1788842100,2026-09-08 04:35:00+00:00,1788842100,5m,7.77676,7.43729,7.42728,0.34127,2
btc-updown-5m-1788842400,2026-09-08 04:40:00+00:00,1788842400,5m,7.57368,7.22198,7.42081,0.329365,2
btc-updown-15m-1788842700,2026-09-08 04:45:00+00:00,1788842700,15m,13.4432,12.946,12.4643,0.376488,2
btc-updown-5m-1788842700,2026-09-08 04:45:00+00:00,1788842700,5m,8.05611,7.67805,7.6328,0.356647,2
btc-updown-5m-1788843000,2026-09-08 04:50:00+00:00,1788843000,5m,7.61163,7.14511,7.09205,0.331349,2
btc-updown-5m-1788843300,2026-09-08 04:55:00+00:00,1788843300,5m,8.28467,7.82146,7.38873,0.370536,2
btc-updown-15m-1788843600,2026-09-08 05:00:00+00:00,1788843600,15m,14.5662,13.6644,11.5747,0.428571,3
btc-updown-5m-1788843600,2026-09-08 05:00:00+00:00,1788843600,5m,8.37047,7.83844,7.08805,0.374504,2
btc-updown-5m-1788843900,2026-09-08 05:05:00+00:00,1788843900,5m,10.4467,9.8874,9.65737,0.525298,3
btc-updown-5m-1788844200,2026-09-08 05:10:00+00:00,1788844200,5m,10.8276,10.2217,11.7822,0.551091,3
btc-updown-15m-1788844500,2026-09-08 05:15:00+00:00,1788844500,15m,19.5922,19.2823,18.3114,0.632937,4
btc-updown-5m-1788844500,2026-09-08 05:15:00+00:00,1788844500,5m,11.1547,10.6048,11.2134,0.573909,3
btc-updown-5m-1788844800,2026-09-08 05:20:00+00:00,1788844800,5m,11.2965,10.6949,11.5519,0.584821,3
btc-updown-5m-1788845100,2026-09-08 05:25:00+00:00,1788845100,5m,8.9552,8.50724,10.8999,0.417163,3
btc-updown-15m-1788845400,2026-09-08 05:30:00+00:00,1788845400,15m,13.4405,12.6949,16.8282,0.376488,2
btc-updown-5m-1788845400,2026-09-08 05:30:00+00:00,1788845400,5m,8.02443,7.68346,10.3051,0.354663,2
btc-updown-5m-1788845700,2026-09-08 05:35:00+00:00,1788845700,5m,9.33285,9.02734,10.2376,0.446925,3
btc-updown-5m-1788846000,2026-09-08 05:40:00+00:00,1788846000,5m,8.91273,8.66468,10.8782,0.416171,3
btc-updown-15m-1788846300,2026-09-08 05:45:00+00:00,1788846300,15m,14.4998,13.9911,16.6218,0.424107,3
btc-updown-5m-1788846300,2026-09-08 05:45:00+00:00,1788846300,5m,8.8489,8.65823,10.1787,0.412202,3
btc-updown-5m-1788846600,2026-09-08 05:50:00+00:00,1788846600,5m,9.06968,8.84795,10.2158,0.428075,3
btc-updown-5m-1788846900,2026-09-08 05:55:00+00:00,1788846900,5m,8.63011,8.42804,9.70564,0.393849,2
btc-updown-15m-1788847200,2026-09-08 06:00:00+00:00,1788847200,15m,14.78,13.957,14.7794,0.438492,3
btc-updown-5m-1788847200,2026-09-08 06:00:00+00:00,1788847200,5m,8.56417,8.25046,9.05053,0.389385,2
btc-updown-5m-1788847500,2026-09-08 06:05:00+00:00,1788847500,5m,9.58742,9.20515,10.1547,0.470734,3
btc-updown-5m-1788847800,2026-09-08 06:10:00+00:00,1788847800,5m,9.48744,9.19198,11.1363,0.460317,3
btc-updown-15m-1788848100,2026-09-08 06:15:00+00:00,1788848100,15m,15.5211,14.8928,18.228,0.471726,3
btc-updown-5m-1788848100,2026-09-08 06:15:00+00:00,1788848100,5m,9.64442,9.41293,11.1623,0.475198,3
btc-updown-5m-1788848400,2026-09-08 06:20:00+00:00,1788848400,5m,9.80368,9.70513,11.3536,0.484127,3
btc-updown-5m-1788848700,2026-09-08 06:25:00+00:00,1788848700,5m,10.865,10.7133,11.692,0.553075,3
btc-updown-15m-1788849000,2026-09-08 06:30:00+00:00,1788849000,15m,15.7274,15.1959,17.8076,0.479167,3
btc-updown-5m-1788849000,2026-09-08 06:30:00+00:00,1788849000,5m,9.31459,9.18694,10.9049,0.445437,3
btc-updown-5m-1788849300,2026-09-08 06:35:00+00:00,1788849300,5m,9.34139,9.09161,10.4952,0.448413,3
btc-updown-5m-1788849600,2026-09-08 06:40:00+00:00,1788849600,5m,9.73378,9.63996,10.2691,0.480655,3
btc-updown-15m-1788849900,2026-09-08 06:45:00+00:00,1788849900,15m,15.1508,14.671,15.4114,0.460317,3
btc-updown-5m-1788849900,2026-09-08 06:45:00+00:00,1788849900,5m,9.39845,9.24483,9.43752,0.452877,3
btc-updown-5m-1788850200,2026-09-08 06:50:00+00:00,1788850200,5m,9.71142,9.69033,10.4382,0.479663,3
btc-updown-5m-1788850500,2026-09-08 06:55:00+00:00,1788850500,5m,9.98849,9.95368,10.8334,0.499008,3
btc-updown-15m-1788850800,2026-09-08 07:00:00+00:00,1788850800,15m,15.3693,15.0696,17.9968,0.467262,3
btc-updown-5m-1788850800,2026-09-08 07:00:00+00:00,1788850800,5m,10.0069,10.037,11.0207,0.500496,3
btc-updown-5m-1788851100,2026-09-08 07:05:00+00:00,1788851100,5m,9.28348,9.11112,10.9522,0.442956,3
btc-updown-5m-1788851400,2026-09-08 07:10:00+00:00,1788851400,5m,9.14509,9.20841,11.1988,0.433532,3
btc-updown-15m-1788851700,2026-09-08 07:15:00+00:00,1788851700,15m,14.3215,14.1531,17.136,0.416667,3
btc-updown-5m-1788851700,2026-09-08 07:15:00+00:00,1788851700,5m,8.88506,8.9424,10.4936,0.41369,3
btc-updown-5m-1788852000,2026-09-08 07:20:00+00:00,1788852000,5m,8.65273,8.65236,10.0397,0.395833,2
btc-updown-5m-1788852300,2026-09-08 07:25:00+00:00,1788852300,5m,8.46576,8.3683,9.28235,0.381448,2
btc-updown-15m-1788852600,2026-09-08 07:30:00+00:00,1788852600,15m,13.9481,13.7253,15.2242,0.398313,2
btc-updown-5m-1788852600,2026-09-08 07:30:00+00:00,1788852600,5m,8.58126,8.59405,9.32286,0.390873,2
btc-updown-5m-1788852900,2026-09-08 07:35:00+00:00,1788852900,5m,7.95869,7.85919,8.73001,0.351687,2
btc-updown-5m-1788853200,2026-09-08 07:40:00+00:00,1788853200,5m,8.16069,8.04388,8.25836,0.362103,2
btc-updown-15m-1788853500,2026-09-08 07:45:00+00:00,1788853500,15m,13.9277,13.709,14.6953,0.397321,2
btc-updown-5m-1788853500,2026-09-08 07:45:00+00:00,1788853500,5m,8.68057,8.71591,8.99899,0.399306,2
btc-updown-5m-1788853800,2026-09-08 07:50:00+00:00,1788853800,5m,9.99967,9.97815,9.54481,0.500496,3
btc-updown-5m-1788854100,2026-09-08 07:55:00+00:00,1788854100,5m,9.68337,9.8181,10.3472,0.477183,3
btc-updown-15m-1788854400,2026-09-08 08:00:00+00:00,1788854400,15m,16.0918,15.7903,19.3052,0.498016,3
btc-updown-5m-1788854400,2026-09-08 08:00:00+00:00,1788854400,5m,10.0407,10.0634,11.822,0.501984,3
btc-updown-5m-1788854700,2026-09-08 08:05:00+00:00,1788854700,5m,10.692,10.6679,13.1278,0.542163,3
btc-updown-5m-1788855000,2026-09-08 08:10:00+00:00,1788855000,5m,10.0939,9.87311,12.4358,0.506944,3
btc-updown-15m-1788855300,2026-09-08 08:15:00+00:00,1788855300,15m,13.4576,13.05,19.1924,0.37748,2
btc-updown-5m-1788855300,2026-09-08 08:15:00+00:00,1788855300,5m,8.99686,8.82906,11.7529,0.422619,3
btc-updown-5m-1788855600,2026-09-08 08:20:00+00:00,1788855600,5m,8.73882,8.52922,11.2443,0.402778,3
btc-updown-5m-1788855900,2026-09-08 08:25:00+00:00,1788855900,5m,8.67263,8.51934,10.6356,0.397321,2
btc-updown-15m-1788856200,2026-09-08 08:30:00+00:00,1788856200,15m,16.4979,15.9253,17.1543,0.516369,3
btc-updown-5m-1788856200,2026-09-08 08:30:00+00:00,1788856200,5m,11.3183,11.0714,10.5048,0.585813,3
btc-updown-5m-1788856500,2026-09-08 08:35:00+00:00,1788856500,5m,10.3272,10.0718,10.1203,0.521329,3
btc-updown-5m-1788856800,2026-09-08 08:40:00+00:00,1788856800,5m,10.0117,9.81525,9.43941,0.500496,3
btc-updown-15m-1788857100,2026-09-08 08:45:00+00:00,1788857100,15m,14.3608,13.9589,14.1075,0.418155,3
btc-updown-5m-1788857100,2026-09-08 08:45:00+00:00,1788857100,5m,8.53569,8.29022,8.63901,0.386905,2
btc-updown-5m-1788857400,2026-09-08 08:50:00+00:00,1788857400,5m,8.88021,8.68376,8.31137,0.41369,3
btc-updown-5m-1788857700,2026-09-08 08:55:00+00:00,1788857700,5m,9.71325,9.60714,8.84156,0.479663,3
btc-updown-15m-1788858000,2026-09-08 09:00:00+00:00,1788858000,15m,14.0286,13.9223,15.5237,0.402282,3
btc-updown-5m-1788858000,2026-09-08 09:00:00+00:00,1788858000,5m,9.61001,9.56176,9.50628,0.472222,3
btc-updown-5m-1788858300,2026-09-08 09:05:00+00:00,1788858300,5m,9.01199,8.9587,9.39331,0.423115,3
btc-updown-5m-1788858600,2026-09-08 09:10:00+00:00,1788858600,5m,9.56314,9.48286,10.3444,0.468254,3
btc-updown-15m-1788858900,2026-09-08 09:15:00+00:00,1788858900,15m,16.111,15.7249,17.9938,0.498512,3
btc-updown-5m-1788858900,2026-09-08 09:15:00+00:00,1788858900,5m,10.6389,10.467,11.0189,0.540675,3
btc-updown-5m-1788859200,2026-09-08 09:20:00+00:00,1788859200,5m,9.24279,9.03918,10.163,0.439484,3
btc-updown-5m-1788859500,2026-09-08 09:25:00+00:00,1788859500,5m,9.55017,9.55646,10.4718,0.465774,3
btc-updown-15m-1788859800,2026-09-08 09:30:00+00:00,1788859800,15m,14.3969,14.1627,15.8216,0.419147,3
btc-updown-5m-1788859800,2026-09-08 09:30:00+00:00,1788859800,5m,9.10633,9.00748,9.6887,0.43006,3
btc-updown-5m-1788860100,2026-09-08 09:35:00+00:00,1788860100,5m,11.6496,11.4052,10.0258,0.604167,4
btc-updown-5m-1788860400,2026-09-08 09:40:00+00:00,1788860400,5m,12.4698,12.2418,10.0565,0.660218,4
btc-updown-15m-1788860700,2026-09-08 09:45:00+00:00,1788860700,15m,22.2619,21.352,16.5214,0.71131,4
btc-updown-5m-1788860700,2026-09-08 09:45:00+00:00,1788860700,5m,11.9229,11.6223,10.1173,0.625992,4
btc-updown-5m-1788861000,2026-09-08 09:50:00+00:00,1788861000,5m,10.0907,9.94303,9.41381,0.506448,3
btc-updown-5m-1788861300,2026-09-08 09:55:00+00:00,1788861300,5m,9.14616,9.00322,8.7026,0.433532,3
btc-updown-15m-1788861600,2026-09-08 10:00:00+00:00,1788861600,15m,13.488,13.0059,13.2579,0.37996,2
btc-updown-5m-1788861600,2026-09-08 10:00:00+00:00,1788861600,5m,7.90314,7.6178,8.11875,0.347718,2
btc-updown-5m-1788861900,2026-09-08 10:05:00+00:00,1788861900,5m,8.49469,8.29794,8.42514,0.383929,2
btc-updown-5m-1788862200,2026-09-08 10:10:00+00:00,1788862200,5m,8.70587,8.52421,8.37225,0.401786,3
btc-updown-15m-1788862500,2026-09-08 10:15:00+00:00,1788862500,15m,13.2546,12.7645,12.7495,0.370536,2
btc-updown-5m-1788862500,2026-09-08 10:15:00+00:00,1788862500,5m,7.93191,7.71171,7.80743,0.349206,2
btc-updown-5m-1788862800,2026-09-08 10:20:00+00:00,1788862800,5m,7.67193,7.45598,7.29425,0.334821,2
btc-updown-5m-1788863100,2026-09-08 10:25:00+00:00,1788863100,5m,9.1966,8.89203,11.0998,0.435516,3
btc-updown-15m-1788863400,2026-09-08 10:30:00+00:00,1788863400,15m,15.1502,14.5752,17.8559,0.459821,3
btc-updown-5m-1788863400,2026-09-08 10:30:00+00:00,1788863400,5m,9.0787,8.80428,10.9344,0.429067,3
btc-updown-5m-1788863700,2026-09-08 10:35:00+00:00,1788863700,5m,9.10441,8.94113,10.5596,0.43006,3
btc-updown-5m-1788864000,2026-09-08 10:40:00+00:00,1788864000,5m,9.09531,8.93259,9.96193,0.429563,3
btc-updown-15m-1788864300,2026-09-08 10:45:00+00:00,1788864300,15m,14.4688,14.0621,15.7572,0.423611,3
btc-updown-5m-1788864300,2026-09-08 10:45:00+00:00,1788864300,5m,9.00908,8.82078,9.6493,0.422619,3
btc-updown-5m-1788864600,2026-09-08 10:50:00+00:00,1788864600,5m,8.12059,7.83003,8.76032,0.360119,2
btc-updown-5m-1788864900,2026-09-08 10:55:00+00:00,1788864900,5m,8.41153,8.23674,8.20645,0.37748,2
btc-updown-15m-1788865200,2026-09-08 11:00:00+00:00,1788865200,15m,13.372,13.0026,12.4861,0.374504,2
btc-updown-5m-1788865200,2026-09-08 11:00:00+00:00,1788865200,5m,8.29139,8.10012,7.64614,0.370536,2
btc-updown-5m-1788865500,2026-09-08 11:05:00+00:00,1788865500,5m,8.80704,8.52429,7.66202,0.40873,3
btc-updown-5m-1788865800,2026-09-08 11:10:00+00:00,1788865800,5m,9.85133,9.73307,7.80071,0.487103,3
btc-updown-15m-1788866100,2026-09-08 11:15:00+00:00,1788866100,15m,18.3342,17.7669,12.9129,0.592758,3
btc-updown-5m-1788866100,2026-09-08 11:15:00+00:00,1788866100,5m,10.6648,10.4293,7.90753,0.541171,3
btc-updown-5m-1788866400,2026-09-08 11:20:00+00:00,1788866400,5m,9.39193,9.1727,7.3742,0.452877,3
btc-updown-5m-1788866700,2026-09-08 11:25:00+00:00,1788866700,5m,9.71308,9.70954,8.81386,0.479663,3
btc-updown-15m-1788867000,2026-09-08 11:30:00+00:00,1788867000,15m,14.4325,14.132,14.0179,0.421131,3
btc-updown-5m-1788867000,2026-09-08 11:30:00+00:00,1788867000,5m,8.51967,8.4363,8.58417,0.386409,2
btc-updown-5m-1788867300,2026-09-08 11:35:00+00:00,1788867300,5m,8.69183,8.60355,8.54316,0.399802,2
btc-updown-5m-1788867600,2026-09-08 11:40:00+00:00,1788867600,5m,8.71914,8.7382,8.06018,0.401786,3
btc-updown-15m-1788867900,2026-09-08 11:45:00+00:00,1788867900,15m,13.729,13.249,12.4816,0.389385,2
btc-updown-5m-1788867900,2026-09-08 11:45:00+00:00,1788867900,5m,8.21966,8.05425,7.64338,0.366071,2
btc-updown-5m-1788868200,2026-09-08 11:50:00+00:00,1788868200,5m,8.28246,8.15632,7.5837,0.370536,2
btc-updown-5m-1788868500,2026-09-08 11:55:00+00:00,1788868500,5m,8.40405,8.33856,7.72439,0.37748,2
btc-updown-15m-1788868800,2026-09-08 12:00:00+00:00,1788868800,15m,14.1582,13.6903,15.0214,0.407242,3
btc-updown-5m-1788868800,2026-09-08 12:00:00+00:00,1788868800,5m,8.45703,8.34992,9.19867,0.381448,2
btc-updown-5m-1788869100,2026-09-08 12:05:00+00:00,1788869100,5m,10.6406,10.5231,9.96396,0.540675,3
btc-updown-5m-1788869400,2026-09-08 12:10:00+00:00,1788869400,5m,9.75323,9.62784,9.87708,0.481151,3
btc-updown-15m-1788869700,2026-09-08 12:15:00+00:00,1788869700,15m,14.6305,14.5335,16.2184,0.43254,3
btc-updown-5m-1788869700,2026-09-08 12:15:00+00:00,1788869700,5m,9.63565,9.72903,9.93172,0.47371,3
btc-updown-5m-1788870000,2026-09-08 12:20:00+00:00,1788870000,5m,9.38309,9.36082,9.2572,0.450397,3
btc-updown-5m-1788870300,2026-09-08 12:25:00+00:00,1788870300,5m,9.06682,8.98115,8.56481,0.427579,3
btc-updown-15m-1788870600,2026-09-08 12:30:00+00:00,1788870600,15m,14.4485,14.2007,13.4168,0.422619,3
btc-updown-5m-1788870600,2026-09-08 12:30:00+00:00,1788870600,5m,8.85115,8.8515,8.21611,0.412698,3
btc-updown-5m-1788870900,2026-09-08 12:35:00+00:00,1788870900,5m,9.35444,9.32754,8.83318,0.449405,3
btc-updown-5m-1788871200,2026-09-08 12:40:00+00:00,1788871200,5m,8.98275,9.00111,8.91162,0.421131,3
btc-updown-15m-1788871500,2026-09-08 12:45:00+00:00,1788871500,15m,14.2008,13.9871,13.8768,0.41121,3
btc-updown-5m-1788871500,2026-09-08 12:45:00+00:00,1788871500,5m,8.7597,8.83473,8.49779,0.404266,3
btc-updown-5m-1788871800,2026-09-08 12:50:00+00:00,1788871800,5m,8.80192,8.86907,7.94228,0.40873,3
btc-updown-5m-1788872100,2026-09-08 12:55:00+00:00,1788872100,5m,8.86,8.91496,9.08062,0.413194,3
btc-updown-15m-1788872400,2026-09-08 13:00:00+00:00,1788872400,15m,14.6971,14.4965,16.1028,0.434524,3
btc-updown-5m-1788872400,2026-09-08 13:00:00+00:00,1788872400,5m,9.11093,9.1632,9.86091,0.43006,3
btc-updown-5m-1788872700,2026-09-08 13:05:00+00:00,1788872700,5m,9.25606,9.23725,9.55522,0.440476,3
btc-updown-5m-1788873000,2026-09-08 13:10:00+00:00,1788873000,5m,8.73889,8.71342,8.91947,0.402778,3
btc-updown-15m-1788873300,2026-09-08 13:15:00+00:00,1788873300,15m,13.8918,13.6958,14.8458,0.396329,2
btc-updown-5m-1788873300,2026-09-08 13:15:00+00:00,1788873300,5m,8.79079,8.80323,9.09116,0.407738,3
btc-updown-5m-1788873600,2026-09-08 13:20:00+00:00,1788873600,5m,8.6295,8.6666,8.58707,0.393353,2
btc-updown-5m-1788873900,2026-09-08 13:25:00+00:00,1788873900,5m,8.53725,8.62264,8.64013,0.386905,2
btc-updown-15m-1788874200,2026-09-08 13:30:00+00:00,1788874200,15m,14.305,14.1707,13.6595,0.416171,3
btc-updown-5m-1788874200,2026-09-08 13:30:00+00:00,1788874200,5m,8.73834,8.72798,8.36468,0.402778,3
btc-updown-5m-1788874500,2026-09-08 13:35:00+00:00,1788874500,5m,13.7773,13.2859,13.1952,0.71379,4
btc-updown-5m-1788874800,2026-09-08 13:40:00+00:00,1788874800,5m,16.838,16.4066,13.6669,0.827877,5
btc-updown-15m-1788875100,2026-09-08 13:45:00+00:00,1788875100,15m,39.3316,37.8631,24.6434,0.926587,5
btc-updown-5m-1788875100,2026-09-08 13:45:00+00:00,1788875100,5m,19.6561,18.5412,15.091,0.886409,5
btc-updown-5m-1788875400,2026-09-08 13:50:00+00:00,1788875400,5m,23.5966,23.2906,17.9623,0.927579,5
btc-updown-5m-1788875700,2026-09-08 13:55:00+00:00,1788875700,5m,24.9197,24.1625,18.5201,0.940476,5
btc-updown-15m-1788876000,2026-09-08 14:00:00+00:00,1788876000,15m,44.0995,45.8271,34.5407,0.948413,5
btc-updown-5m-1788876000,2026-09-08 14:00:00+00:00,1788876000,5m,28.4166,27.8005,21.1517,0.962798,5
btc-updown-5m-1788876300,2026-09-08 14:05:00+00:00,1788876300,5m,23.7763,23.1752,20.2964,0.930556,5
btc-updown-5m-1788876600,2026-09-08 14:10:00+00:00,1788876600,5m,18.0418,17.7581,20.0651,0.854663,5
btc-updown-15m-1788876900,2026-09-08 14:15:00+00:00,1788876900,15m,25.109,23.7182,29.8505,0.782242,4
btc-updown-5m-1788876900,2026-09-08 14:15:00+00:00,1788876900,5m,14.0992,13.4788,18.2796,0.728671,4
btc-updown-5m-1788877200,2026-09-08 14:20:00+00:00,1788877200,5m,14.5923,14.0505,18.9098,0.755952,4
btc-updown-5m-1788877500,2026-09-08 14:25:00+00:00,1788877500,5m,11.2484,10.4782,17.646,0.581845,3
btc-updown-15m-1788877800,2026-09-08 14:30:00+00:00,1788877800,15m,23.6981,21.3748,27.8724,0.74504,4
btc-updown-5m-1788877800,2026-09-08 14:30:00+00:00,1788877800,5m,13.742,12.8278,17.0683,0.71131,4
btc-updown-5m-1788878100,2026-09-08 14:35:00+00:00,1788878100,5m,12.9156,12.2616,16.562,0.681052,4
btc-updown-5m-1788878400,2026-09-08 14:40:00+00:00,1788878400,5m,11.481,11.0629,15.6915,0.596726,3
btc-updown-15m-1788878700,2026-09-08 14:45:00+00:00,1788878700,15m,18.859,17.2591,24.3472,0.610119,4
btc-updown-5m-1788878700,2026-09-08 14:45:00+00:00,1788878700,5m,11.0626,10.5471,14.9096,0.565972,3
btc-updown-5m-1788879000,2026-09-08 14:50:00+00:00,1788879000,5m,11.9791,11.7374,14.8178,0.631448,4
btc-updown-5m-1788879300,2026-09-08 14:55:00+00:00,1788879300,5m,10.6177,10.2776,13.7709,0.53869,3
btc-updown-15m-1788879600,2026-09-08 15:00:00+00:00,1788879600,15m,15.3189,14.0905,20.492,0.465278,3
btc-updown-5m-1788879600,2026-09-08 15:00:00+00:00,1788879600,5m,8.42738,7.99968,12.5487,0.378968,2
btc-updown-5m-1788879900,2026-09-08 15:05:00+00:00,1788879900,5m,9.61692,9.2589,12.4898,0.472222,3
btc-updown-5m-1788880200,2026-09-08 15:10:00+00:00,1788880200,5m,9.92782,9.47336,12.947,0.493552,3
btc-updown-15m-1788880500,2026-09-08 15:15:00+00:00,1788880500,15m,15.5675,14.585,20.2652,0.475198,3
btc-updown-5m-1788880500,2026-09-08 15:15:00+00:00,1788880500,5m,8.91155,8.61157,12.4098,0.416171,3
btc-updown-5m-1788880800,2026-09-08 15:20:00+00:00,1788880800,5m,9.42452,9.11686,11.9062,0.457341,3
btc-updown-5m-1788881100,2026-09-08 15:25:00+00:00,1788881100,5m,11.5107,11.2122,11.65,0.597718,3
btc-updown-15m-1788881400,2026-09-08 15:30:00+00:00,1788881400,15m,18.8722,17.3876,18.2158,0.610119,4
btc-updown-5m-1788881400,2026-09-08 15:30:00+00:00,1788881400,5m,10.0569,9.53664,11.1549,0.503472,3
btc-updown-5m-1788881700,2026-09-08 15:35:00+00:00,1788881700,5m,9.85285,9.48299,10.3575,0.487103,3
btc-updown-5m-1788882000,2026-09-08 15:40:00+00:00,1788882000,5m,11.4118,11.1058,11.1381,0.590774,3
btc-updown-15m-1788882300,2026-09-08 15:45:00+00:00,1788882300,15m,17.9167,16.9437,17.3845,0.578373,3
btc-updown-5m-1788882300,2026-09-08 15:45:00+00:00,1788882300,5m,10.4691,10.2303,10.6458,0.527282,3
btc-updown-5m-1788882600,2026-09-08 15:50:00+00:00,1788882600,5m,9.4798,9.20247,10.0664,0.459821,3
btc-updown-5m-1788882900,2026-09-08 15:55:00+00:00,1788882900,5m,10.0981,9.81884,11.8014,0.50744,3
btc-updown-15m-1788883200,2026-09-08 16:00:00+00:00,1788883200,15m,19.938,19.2587,18.5459,0.644841,4
btc-updown-5m-1788883200,2026-09-08 16:00:00+00:00,1788883200,5m,10.9132,10.7129,11.357,0.557044,3
btc-updown-5m-1788883500,2026-09-08 16:05:00+00:00,1788883500,5m,11.8533,11.471,12.4985,0.618056,4
btc-updown-5m-1788883800,2026-09-08 16:10:00+00:00,1788883800,5m,10.9021,10.5464,11.7035,0.556548,3
btc-updown-15m-1788884100,2026-09-08 16:15:00+00:00,1788884100,15m,19.8551,19.0291,18.4853,0.641369,4
btc-updown-5m-1788884100,2026-09-08 16:15:00+00:00,1788884100,5m,10.9753,10.7603,11.3199,0.56002,3
btc-updown-5m-1788884400,2026-09-08 16:20:00+00:00,1788884400,5m,10.5194,10.3112,10.8484,0.52877,3
btc-updown-5m-1788884700,2026-09-08 16:25:00+00:00,1788884700,5m,10.0999,9.88789,10.7565,0.50744,3
btc-updown-15m-1788885000,2026-09-08 16:30:00+00:00,1788885000,15m,18.7843,18.0514,16.7916,0.608135,4
btc-updown-5m-1788885000,2026-09-08 16:30:00+00:00,1788885000,5m,9.84882,9.68476,10.2827,0.487103,3
btc-updown-5m-1788885300,2026-09-08 16:35:00+00:00,1788885300,5m,9.95535,9.82303,9.96576,0.49504,3
btc-updown-5m-1788885600,2026-09-08 16:40:00+00:00,1788885600,5m,12.6517,12.3274,11.4773,0.666667,4
btc-updown-15m-1788885900,2026-09-08 16:45:00+00:00,1788885900,15m,22.7639,21.726,20.3705,0.724702,4
btc-updown-5m-1788885900,2026-09-08 16:45:00+00:00,1788885900,5m,13.2823,12.9223,12.4743,0.697917,4
btc-updown-5m-1788886200,2026-09-08 16:50:00+00:00,1788886200,5m,11.9117,11.6417,11.6695,0.625992,4
btc-updown-5m-1788886500,2026-09-08 16:55:00+00:00,1788886500,5m,10.9031,10.6539,11.4198,0.556548,3
btc-updown-15m-1788886800,2026-09-08 17:00:00+00:00,1788886800,15m,19.507,18.7753,18.2405,0.62996,4
btc-updown-5m-1788886800,2026-09-08 17:00:00+00:00,1788886800,5m,11.3341,11.0155,11.17,0.586806,3
btc-updown-5m-1788887100,2026-09-08 17:05:00+00:00,1788887100,5m,11.609,11.4145,10.7689,0.601687,4
btc-updown-5m-1788887400,2026-09-08 17:10:00+00:00,1788887400,5m,14.3463,13.854,13.3488,0.739583,4
btc-updown-15m-1788887700,2026-09-08 17:15:00+00:00,1788887700,15m,20.6198,19.5073,20.2899,0.664683,4
btc-updown-5m-1788887700,2026-09-08 17:15:00+00:00,1788887700,5m,11.7431,11.3428,12.425,0.612599,4
btc-updown-5m-1788888000,2026-09-08 17:20:00+00:00,1788888000,5m,11.7667,11.3211,11.7658,0.613095,4
btc-updown-5m-1788888300,2026-09-08 17:25:00+00:00,1788888300,5m,10.1718,9.50794,10.8033,0.510913,3
btc-updown-15m-1788888600,2026-09-08 17:30:00+00:00,1788888600,15m,18.4528,17.7443,16.8526,0.59623,3
btc-updown-5m-1788888600,2026-09-08 17:30:00+00:00,1788888600,5m,11.1787,10.8377,10.32,0.577381,3
btc-updown-5m-1788888900,2026-09-08 17:35:00+00:00,1788888900,5m,11.2668,11.0611,10.1329,0.583829,3
btc-updown-5m-1788889200,2026-09-08 17:40:00+00:00,1788889200,5m,10.0254,9.51696,9.48354,0.500496,3
btc-updown-15m-1788889500,2026-09-08 17:45:00+00:00,1788889500,15m,17.5462,16.438,14.9323,0.562996,3
btc-updown-5m-1788889500,2026-09-08 17:45:00+00:00,1788889500,5m,9.63416,9.30689,9.14412,0.473214,3
btc-updown-5m-1788889800,2026-09-08 17:50:00+00:00,1788889800,5m,9.59041,9.09607,9.1,0.470734,3
btc-updown-5m-1788890100,2026-09-08 17:55:00+00:00,1788890100,5m,10.4485,10.1257,9.04982,0.525794,3
btc-updown-15m-1788890400,2026-09-08 18:00:00+00:00,1788890400,15m,18.0793,17.1768,14.5289,0.58631,3
btc-updown-5m-1788890400,2026-09-08 18:00:00+00:00,1788890400,5m,10.4944,10.233,8.89709,0.528274,3
btc-updown-5m-1788890700,2026-09-08 18:05:00+00:00,1788890700,5m,10.5635,10.2202,9.1064,0.534226,3
btc-updown-5m-1788891000,2026-09-08 18:10:00+00:00,1788891000,5m,11.3996,10.9875,9.26017,0.589782,3
btc-updown-15m-1788891300,2026-09-08 18:15:00+00:00,1788891300,15m,16.9836,16.1556,14.8286,0.539683,3
btc-updown-5m-1788891300,2026-09-08 18:15:00+00:00,1788891300,5m,10.1524,9.87044,9.08064,0.510913,3
btc-updown-5m-1788891600,2026-09-08 18:20:00+00:00,1788891600,5m,9.86295,9.57115,8.76138,0.487103,3
btc-updown-5m-1788891900,2026-09-08 18:25:00+00:00,1788891900,5m,9.35509,9.00301,8.16105,0.449405,3
btc-updown-15m-1788892200,2026-09-08 18:30:00+00:00,1788892200,15m,16.9939,16.1405,12.9432,0.539683,3
btc-updown-5m-1788892200,2026-09-08 18:30:00+00:00,1788892200,5m,9.62968,9.32414,7.92607,0.472718,3
btc-updown-5m-1788892500,2026-09-08 18:35:00+00:00,1788892500,5m,9.4192,9.14171,7.662,0.456845,3
btc-updown-5m-1788892800,2026-09-08 18:40:00+00:00,1788892800,5m,10.4036,10.1508,8.43697,0.524306,3
btc-updown-15m-1788893100,2026-09-08 18:45:00+00:00,1788893100,15m,17.7363,16.8431,12.9223,0.569444,3
btc-updown-5m-1788893100,2026-09-08 18:45:00+00:00,1788893100,5m,9.95833,9.59504,7.91326,0.49504,3
btc-updown-5m-1788893400,2026-09-08 18:50:00+00:00,1788893400,5m,28.4938,27.5838,14.7859,0.962798,5
btc-updown-5m-1788893700,2026-09-08 18:55:00+00:00,1788893700,5m,19.9375,18.5254,16.6493,0.889385,5
btc-updown-15m-1788894000,2026-09-08 19:00:00+00:00,1788894000,15m,21.2919,19.9865,25.1206,0.684028,4
btc-updown-5m-1788894000,2026-09-08 19:00:00+00:00,1788894000,5m,13.2917,12.6258,15.3831,0.697917,4
btc-updown-5m-1788894300,2026-09-08 19:05:00+00:00,1788894300,5m,10.4034,10.1493,14.3207,0.524306,3
btc-updown-5m-1788894600,2026-09-08 19:10:00+00:00,1788894600,5m,11.4249,11.0474,13.1756,0.592262,3
btc-updown-15m-1788894900,2026-09-08 19:15:00+00:00,1788894900,15m,17.4882,16.2541,19.5679,0.5625,3
btc-updown-5m-1788894900,2026-09-08 19:15:00+00:00,1788894900,5m,10.053,9.42087,11.9829,0.50248,3
btc-updown-5m-1788895200,2026-09-08 19:20:00+00:00,1788895200,5m,11.3958,10.6913,12.2526,0.589782,3
btc-updown-5m-1788895500,2026-09-08 19:25:00+00:00,1788895500,5m,11.3653,10.6056,11.4607,0.588294,3
btc-updown-15m-1788895800,2026-09-08 19:30:00+00:00,1788895800,15m,20.2151,18.9996,18.232,0.650298,4
btc-updown-5m-1788895800,2026-09-08 19:30:00+00:00,1788895800,5m,11.5701,11.1059,11.1648,0.600198,4
btc-updown-5m-1788896100,2026-09-08 19:35:00+00:00,1788896100,5m,14.2198,13.5422,11.7645,0.735615,4
btc-updown-5m-1788896400,2026-09-08 19:40:00+00:00,1788896400,5m,11.9447,11.5594,12.2661,0.62996,4
btc-updown-15m-1788896700,2026-09-08 19:45:00+00:00,1788896700,15m,16.3321,15.3754,18.404,0.506944,3
btc-updown-5m-1788896700,2026-09-08 19:45:00+00:00,1788896700,5m,10.372,9.951,11.2701,0.522817,3
btc-updown-5m-1788897000,2026-09-08 19:50:00+00:00,1788897000,5m,9.3959,8.7436,10.3862,0.452877,3
btc-updown-5m-1788897300,2026-09-08 19:55:00+00:00,1788897300,5m,10.134,9.65793,10.7564,0.509425,3
btc-updown-15m-1788897600,2026-09-08 20:00:00+00:00,1788897600,15m,15.6213,14.4365,16.0968,0.476687,3
btc-updown-5m-1788897600,2026-09-08 20:00:00+00:00,1788897600,5m,9.6119,9.04322,9.85726,0.472222,3
btc-updown-5m-1788897900,2026-09-08 20:05:00+00:00,1788897900,5m,9.13785,8.64518,10.0113,0.433532,3
btc-updown-5m-1788898200,2026-09-08 20:10:00+00:00,1788898200,5m,9.59812,9.04159,9.29062,0.47123,3
btc-updown-15m-1788898500,2026-09-08 20:15:00+00:00,1788898500,15m,15.8836,14.9584,14.9045,0.488591,3
btc-updown-5m-1788898500,2026-09-08 20:15:00+00:00,1788898500,5m,9.43949,9.0575,9.12713,0.457837,3
btc-updown-5m-1788898800,2026-09-08 20:20:00+00:00,1788898800,5m,9.87261,9.33852,9.36095,0.489087,3
btc-updown-5m-1788899100,2026-09-08 20:25:00+00:00,1788899100,5m,9.90616,9.35066,9.25809,0.492063,3
btc-updown-15m-1788899400,2026-09-08 20:30:00+00:00,1788899400,15m,14.5977,13.7557,14.5396,0.430556,3
btc-updown-5m-1788899400,2026-09-08 20:30:00+00:00,1788899400,5m,9.60105,9.26892,8.90365,0.471726,3
btc-updown-5m-1788899700,2026-09-08 20:35:00+00:00,1788899700,5m,10.8403,10.3852,9.15387,0.552083,3
btc-updown-5m-1788900000,2026-09-08 20:40:00+00:00,1788900000,5m,9.74732,9.49354,9.3796,0.481151,3
btc-updown-15m-1788900300,2026-09-08 20:45:00+00:00,1788900300,15m,14.7004,14.0395,14.6046,0.434524,3
btc-updown-5m-1788900300,2026-09-08 20:45:00+00:00,1788900300,5m,8.8707,8.68251,8.94347,0.41369,3
btc-updown-5m-1788900600,2026-09-08 20:50:00+00:00,1788900600,5m,8.88747,8.58019,8.20434,0.41369,3
btc-updown-5m-1788900900,2026-09-08 20:55:00+00:00,1788900900,5m,8.31469,7.89986,7.96958,0.371528,2
btc-updown-15m-1788901200,2026-09-08 21:00:00+00:00,1788901200,15m,12.7472,11.9683,14.21,0.342758,2
btc-updown-5m-1788901200,2026-09-08 21:00:00+00:00,1788901200,5m,8.69107,8.25734,8.70183,0.399802,2
btc-updown-5m-1788901500,2026-09-08 21:05:00+00:00,1788901500,5m,8.93856,8.55346,10.3068,0.416667,3
btc-updown-5m-1788901800,2026-09-08 21:10:00+00:00,1788901800,5m,8.89511,8.39103,9.51191,0.414683,3
btc-updown-15m-1788902100,2026-09-08 21:15:00+00:00,1788902100,15m,13.6353,12.7647,14.2644,0.384921,2
btc-updown-5m-1788902100,2026-09-08 21:15:00+00:00,1788902100,5m,8.43008,8.01952,8.7351,0.378968,2
btc-updown-5m-1788902400,2026-09-08 21:20:00+00:00,1788902400,5m,8.81112,8.48389,8.16904,0.409226,3
btc-updown-5m-1788902700,2026-09-08 21:25:00+00:00,1788902700,5m,8.3002,7.83004,7.78786,0.370536,2
btc-updown-15m-1788903000,2026-09-08 21:30:00+00:00,1788903000,15m,11.7766,11.1587,13.2936,0.308036,2
btc-updown-5m-1788903000,2026-09-08 21:30:00+00:00,1788903000,5m,7.98627,7.69691,8.14063,0.353671,2
btc-updown-5m-1788903300,2026-09-08 21:35:00+00:00,1788903300,5m,7.05755,6.70417,7.81485,0.293155,2
btc-updown-5m-1788903600,2026-09-08 21:40:00+00:00,1788903600,5m,7.69773,7.39726,7.66795,0.335317,2
btc-updown-15m-1788903900,2026-09-08 21:45:00+00:00,1788903900,15m,12.5918,11.9969,13.0976,0.338294,2
btc-updown-5m-1788903900,2026-09-08 21:45:00+00:00,1788903900,5m,8.1527,7.89053,8.02058,0.362103,2
btc-updown-5m-1788904200,2026-09-08 21:50:00+00:00,1788904200,5m,7.3495,7.08054,7.50761,0.3125,2
btc-updown-5m-1788904500,2026-09-08 21:55:00+00:00,1788904500,5m,9.29251,8.95783,8.0348,0.443948,3
btc-updown-15m-1788904800,2026-09-08 22:00:00+00:00,1788904800,15m,12.7482,12.196,12.3462,0.342758,2
btc-updown-5m-1788904800,2026-09-08 22:00:00+00:00,1788904800,5m,8.20795,8.02085,7.56046,0.366071,2
btc-updown-5m-1788905100,2026-09-08 22:05:00+00:00,1788905100,5m,8.96025,8.8746,8.32433,0.417659,3
btc-updown-5m-1788905400,2026-09-08 22:10:00+00:00,1788905400,5m,9.64152,9.48221,9.1582,0.475198,3
btc-updown-15m-1788905700,2026-09-08 22:15:00+00:00,1788905700,15m,12.3346,11.5817,13.7219,0.327877,2
btc-updown-5m-1788905700,2026-09-08 22:15:00+00:00,1788905700,5m,8.79371,8.39171,8.40289,0.407738,3
btc-updown-5m-1788906000,2026-09-08 22:20:00+00:00,1788906000,5m,7.7802,7.35335,7.67169,0.34127,2
btc-updown-5m-1788906300,2026-09-08 22:25:00+00:00,1788906300,5m,8.10808,7.83166,8.47679,0.359623,2
btc-updown-15m-1788906600,2026-09-08 22:30:00+00:00,1788906600,15m,11.9614,11.3128,13.2148,0.315972,2
btc-updown-5m-1788906600,2026-09-08 22:30:00+00:00,1788906600,5m,8.01225,7.64783,8.09237,0.354663,2
btc-updown-5m-1788906900,2026-09-08 22:35:00+00:00,1788906900,5m,7.571,7.33955,7.38817,0.329365,2
btc-updown-5m-1788907200,2026-09-08 22:40:00+00:00,1788907200,5m,7.47114,7.17446,7.0824,0.323413,2
btc-updown-15m-1788907500,2026-09-08 22:45:00+00:00,1788907500,15m,10.2612,9.70343,11.0314,0.25248,2
btc-updown-5m-1788907500,2026-09-08 22:45:00+00:00,1788907500,5m,7.22027,6.84317,6.75535,0.30506,2
btc-updown-5m-1788907800,2026-09-08 22:50:00+00:00,1788907800,5m,7.00872,6.66848,6.36976,0.292163,2
btc-updown-5m-1788908100,2026-09-08 22:55:00+00:00,1788908100,5m,6.53538,6.21824,6.49953,0.267857,2
btc-updown-15m-1788908400,2026-09-08 23:00:00+00:00,1788908400,15m,9.49832,8.89235,10.1172,0.224702,2
btc-updown-5m-1788908400,2026-09-08 23:00:00+00:00,1788908400,5m,6.34944,6.0134,6.19551,0.254464,2
btc-updown-5m-1788908700,2026-09-08 23:05:00+00:00,1788908700,5m,6.72392,6.35717,6.23232,0.279266,2
btc-updown-5m-1788909000,2026-09-08 23:10:00+00:00,1788909000,5m,6.04134,5.69622,5.66599,0.237103,2
btc-updown-15m-1788909300,2026-09-08 23:15:00+00:00,1788909300,15m,8.74614,8.17143,10.3119,0.196429,1
btc-updown-5m-1788909300,2026-09-08 23:15:00+00:00,1788909300,5m,6.44724,6.12976,6.31475,0.261905,2
btc-updown-5m-1788909600,2026-09-08 23:20:00+00:00,1788909600,5m,6.40965,6.11038,6.08174,0.260417,2
btc-updown-5m-1788909900,2026-09-08 23:25:00+00:00,1788909900,5m,5.84012,5.60068,5.91249,0.226687,2
btc-updown-15m-1788910200,2026-09-08 23:30:00+00:00,1788910200,15m,10.7046,9.54809,9.42223,0.268849,2
btc-updown-5m-1788910200,2026-09-08 23:30:00+00:00,1788910200,5m,6.89163,6.4477,5.76991,0.287202,2
btc-updown-5m-1788910500,2026-09-08 23:35:00+00:00,1788910500,5m,5.42146,5.13437,5.36057,0.202381,2
btc-updown-5m-1788910800,2026-09-08 23:40:00+00:00,1788910800,5m,5.3509,5.04212,4.93035,0.199405,1
btc-updown-15m-1788911100,2026-09-08 23:45:00+00:00,1788911100,15m,6.47637,5.99587,7.50764,0.104167,1
btc-updown-5m-1788911100,2026-09-08 23:45:00+00:00,1788911100,5m,4.2804,4.04774,4.59747,0.118552,1
btc-updown-5m-1788911400,2026-09-08 23:50:00+00:00,1788911400,5m,4.15629,3.85653,4.29037,0.115079,1
btc-updown-5m-1788911700,2026-09-08 23:55:00+00:00,1788911700,5m,4.16839,3.90788,4.75427,0.115575,1
btc-updown-15m-1788912000,2026-09-09 00:00:00+00:00,1788912000,15m,6.48528,5.79758,7.80443,0.104663,1
btc-updown-5m-1788912000,2026-09-09 00:00:00+00:00,1788912000,5m,4.39895,4.05784,4.77921,0.124008,1
btc-updown-5m-1788912300,2026-09-09 00:05:00+00:00,1788912300,5m,9.13782,8.807,5.73431,0.433532,3
btc-updown-5m-1788912600,2026-09-09 00:10:00+00:00,1788912600,5m,8.61307,8.21365,5.97495,0.391865,2
btc-updown-15m-1788912900,2026-09-09 00:15:00+00:00,1788912900,15m,16.4995,16.1254,11.2097,0.516865,3
btc-updown-5m-1788912900,2026-09-09 00:15:00+00:00,1788912900,5m,10.7981,10.3384,6.86452,0.550099,3
btc-updown-5m-1788913200,2026-09-09 00:20:00+00:00,1788913200,5m,9.14498,8.74842,7.24145,0.433532,3
btc-updown-5m-1788913500,2026-09-09 00:25:00+00:00,1788913500,5m,8.75013,8.40825,7.71421,0.40377,3
btc-updown-15m-1788913800,2026-09-09 00:30:00+00:00,1788913800,15m,12.6939,12.1729,11.8727,0.341766,2
btc-updown-5m-1788913800,2026-09-09 00:30:00+00:00,1788913800,5m,8.22136,7.88065,7.27051,0.366071,2
btc-updown-5m-1788914100,2026-09-09 00:35:00+00:00,1788914100,5m,7.93034,7.62727,7.02528,0.349206,2
btc-updown-5m-1788914400,2026-09-09 00:40:00+00:00,1788914400,5m,7.8235,7.43517,7.43026,0.34375,2
btc-updown-15m-1788914700,2026-09-09 00:45:00+00:00,1788914700,15m,11.5047,10.9528,12.0752,0.299603,2
btc-updown-5m-1788914700,2026-09-09 00:45:00+00:00,1788914700,5m,7.80202,7.39178,7.39454,0.34375,2
btc-updown-5m-1788915000,2026-09-09 00:50:00+00:00,1788915000,5m,8.78355,8.45929,7.60468,0.407738,3
btc-updown-5m-1788915300,2026-09-09 00:55:00+00:00,1788915300,5m,8.57541,8.26588,7.82928,0.390377,2
btc-updown-15m-1788915600,2026-09-09 01:00:00+00:00,1788915600,15m,13.1175,12.4274,11.6728,0.363095,2
btc-updown-5m-1788915600,2026-09-09 01:00:00+00:00,1788915600,5m,7.46067,6.99935,7.14812,0.321925,2
btc-updown-5m-1788915900,2026-09-09 01:05:00+00:00,1788915900,5m,8.09203,7.64914,7.00711,0.358631,2
btc-updown-5m-1788916200,2026-09-09 01:10:00+00:00,1788916200,5m,7.68323,7.35733,8.12201,0.334821,2
btc-updown-15m-1788916500,2026-09-09 01:15:00+00:00,1788916500,15m,13.4588,12.8918,17.0388,0.37748,2
btc-updown-5m-1788916500,2026-09-09 01:15:00+00:00,1788916500,5m,10.3177,9.965,10.4341,0.520833,3
btc-updown-5m-1788916800,2026-09-09 01:20:00+00:00,1788916800,5m,9.54629,9.24621,10.5219,0.465278,3
btc-updown-5m-1788917100,2026-09-09 01:25:00+00:00,1788917100,5m,9.14527,8.85043,10.4785,0.433532,3
btc-updown-15m-1788917400,2026-09-09 01:30:00+00:00,1788917400,15m,13.4297,13.0322,18.7807,0.376488,2
btc-updown-5m-1788917400,2026-09-09 01:30:00+00:00,1788917400,5m,9.66377,9.4364,11.5008,0.476687,3
btc-updown-5m-1788917700,2026-09-09 01:35:00+00:00,1788917700,5m,8.44084,8.01816,10.5877,0.378968,2
btc-updown-5m-1788918000,2026-09-09 01:40:00+00:00,1788918000,5m,9.60931,9.24812,11.3265,0.472222,3
btc-updown-15m-1788918300,2026-09-09 01:45:00+00:00,1788918300,15m,13.8472,13.1434,17.2917,0.394841,2
btc-updown-5m-1788918300,2026-09-09 01:45:00+00:00,1788918300,5m,9.42916,8.99331,10.5889,0.457341,3
btc-updown-5m-1788918600,2026-09-09 01:50:00+00:00,1788918600,5m,8.35063,7.76281,9.63931,0.374008,2
btc-updown-5m-1788918900,2026-09-09 01:55:00+00:00,1788918900,5m,8.09969,7.64453,9.78981,0.358631,2
btc-updown-15m-1788919200,2026-09-09 02:00:00+00:00,1788919200,15m,12.3431,11.7237,15.8616,0.328373,2
btc-updown-5m-1788919200,2026-09-09 02:00:00+00:00,1788919200,5m,8.31472,7.84957,9.71324,0.371528,2
btc-updown-5m-1788919500,2026-09-09 02:05:00+00:00,1788919500,5m,8.73888,8.33409,9.79108,0.402778,3
btc-updown-5m-1788919800,2026-09-09 02:10:00+00:00,1788919800,5m,6.60992,6.09414,9.87458,0.273313,2
btc-updown-15m-1788920100,2026-09-09 02:15:00+00:00,1788920100,15m,12.4965,12.1623,16.9237,0.335813,2
btc-updown-5m-1788920100,2026-09-09 02:15:00+00:00,1788920100,5m,8.75439,8.5223,10.3636,0.40377,3
btc-updown-5m-1788920400,2026-09-09 02:20:00+00:00,1788920400,5m,10.3675,10.2836,11.762,0.522321,3
btc-updown-5m-1788920700,2026-09-09 02:25:00+00:00,1788920700,5m,9.88753,9.77323,11.5375,0.490575,3
btc-updown-15m-1788921000,2026-09-09 02:30:00+00:00,1788921000,15m,12.8536,12.4219,17.9254,0.348214,2
btc-updown-5m-1788921000,2026-09-09 02:30:00+00:00,1788921000,5m,8.68381,8.38295,10.977,0.399306,2
btc-updown-5m-1788921300,2026-09-09 02:35:00+00:00,1788921300,5m,7.91962,7.69109,10.29,0.348214,2
btc-updown-5m-1788921600,2026-09-09 02:40:00+00:00,1788921600,5m,7.49554,7.15423,9.38749,0.325397,2
btc-updown-15m-1788921900,2026-09-09 02:45:00+00:00,1788921900,15m,10.0009,9.37525,13.9589,0.243552,2
btc-updown-5m-1788921900,2026-09-09 02:45:00+00:00,1788921900,5m,6.5834,6.22342,8.54803,0.270833,2
btc-updown-5m-1788922200,2026-09-09 02:50:00+00:00,1788922200,5m,6.31039,6.08723,7.83232,0.251488,2
btc-updown-5m-1788922500,2026-09-09 02:55:00+00:00,1788922500,5m,5.92947,5.56426,7.31116,0.230159,2
btc-updown-15m-1788922800,2026-09-09 03:00:00+00:00,1788922800,15m,9.12211,8.17011,11.1769,0.210317,2
btc-updown-5m-1788922800,2026-09-09 03:00:00+00:00,1788922800,5m,5.33499,4.84091,6.8444,0.197917,1
btc-updown-5m-1788923100,2026-09-09 03:05:00+00:00,1788923100,5m,6.92827,6.63392,6.65222,0.289187,2
btc-updown-5m-1788923400,2026-09-09 03:10:00+00:00,1788923400,5m,7.17518,6.93207,6.95487,0.301587,2
btc-updown-15m-1788923700,2026-09-09 03:15:00+00:00,1788923700,15m,11.7717,11.4519,12.9136,0.308036,2
btc-updown-5m-1788923700,2026-09-09 03:15:00+00:00,1788923700,5m,7.60215,7.34356,7.90791,0.330853,2
btc-updown-5m-1788924000,2026-09-09 03:20:00+00:00,1788924000,5m,6.94836,6.69165,7.48526,0.290179,2
btc-updown-5m-1788924300,2026-09-09 03:25:00+00:00,1788924300,5m,6.39948,6.04225,7.56023,0.259425,2
btc-updown-15m-1788924600,2026-09-09 03:30:00+00:00,1788924600,15m,9.99343,9.34785,12.1312,0.243552,2
btc-updown-5m-1788924600,2026-09-09 03:30:00+00:00,1788924600,5m,6.30482,5.89603,7.42879,0.251488,2
btc-updown-5m-1788924900,2026-09-09 03:35:00+00:00,1788924900,5m,5.21528,4.88111,6.8252,0.1875,1
btc-updown-5m-1788925200,2026-09-09 03:40:00+00:00,1788925200,5m,4.29988,3.87964,6.22684,0.118552,1
btc-updown-15m-1788925500,2026-09-09 03:45:00+00:00,1788925500,15m,10.6232,10.3364,10.2627,0.264385,2
btc-updown-5m-1788925500,2026-09-09 03:45:00+00:00,1788925500,5m,6.22415,5.9759,6.28458,0.244048,2
btc-updown-5m-1788925800,2026-09-09 03:50:00+00:00,1788925800,5m,5.64049,5.42312,5.96627,0.216766,2
btc-updown-5m-1788926100,2026-09-09 03:55:00+00:00,1788926100,5m,6.07809,5.84842,6.06496,0.237599,2
btc-updown-15m-1788926400,2026-09-09 04:00:00+00:00,1788926400,15m,10.3357,9.85518,10.8489,0.25496,2
btc-updown-5m-1788926400,2026-09-09 04:00:00+00:00,1788926400,5m,5.91735,5.68172,6.64358,0.229663,2
btc-updown-5m-1788926700,2026-09-09 04:05:00+00:00,1788926700,5m,10.2197,9.45147,11.4652,0.513393,3
btc-updown-5m-1788927000,2026-09-09 04:10:00+00:00,1788927000,5m,11.004,10.8179,11.3678,0.5625,3
btc-updown-15m-1788927300,2026-09-09 04:15:00+00:00,1788927300,15m,13.7956,13.5784,18.1299,0.391369,2
btc-updown-5m-1788927300,2026-09-09 04:15:00+00:00,1788927300,5m,9.0826,8.70057,11.1022,0.429563,3
btc-updown-5m-1788927600,2026-09-09 04:20:00+00:00,1788927600,5m,9.07581,8.60361,10.7778,0.429067,3
btc-updown-5m-1788927900,2026-09-09 04:25:00+00:00,1788927900,5m,8.22968,7.72023,10.3053,0.367063,2
btc-updown-15m-1788928200,2026-09-09 04:30:00+00:00,1788928200,15m,13.3919,12.7163,15.8568,0.375496,2
btc-updown-5m-1788928200,2026-09-09 04:30:00+00:00,1788928200,5m,8.54924,8.08607,9.71026,0.387897,2
btc-updown-5m-1788928500,2026-09-09 04:35:00+00:00,1788928500,5m,6.64444,6.12592,9.06961,0.275298,2
btc-updown-5m-1788928800,2026-09-09 04:40:00+00:00,1788928800,5m,5.81762,5.20111,8.51516,0.225694,2
btc-updown-15m-1788929100,2026-09-09 04:45:00+00:00,1788929100,15m,30.5595,27.8166,27.8156,0.869048,5
btc-updown-5m-1788929100,2026-09-09 04:45:00+00:00,1788929100,5m,27.4808,26.6215,17.0335,0.957341,5
btc-updown-5m-1788929400,2026-09-09 04:50:00+00:00,1788929400,5m,12.6982,11.6902,16.6395,0.668651,4
btc-updown-5m-1788929700,2026-09-09 04:55:00+00:00,1788929700,5m,9.49235,7.95343,15.1285,0.46131,3
btc-updown-15m-1788930000,2026-09-09 05:00:00+00:00,1788930000,15m,15.5392,13.8212,22.3956,0.472718,3
btc-updown-5m-1788930000,2026-09-09 05:00:00+00:00,1788930000,5m,8.59483,7.32596,13.7145,0.391369,2
btc-updown-5m-1788930300,2026-09-09 05:05:00+00:00,1788930300,5m,10.5031,9.6515,13.0686,0.528274,3
btc-updown-5m-1788930600,2026-09-09 05:10:00+00:00,1788930600,5m,8.07485,7.09015,12.1201,0.357143,2
btc-updown-15m-1788930900,2026-09-09 05:15:00+00:00,1788930900,15m,14.0969,12.4261,18.8549,0.405258,3
btc-updown-5m-1788930900,2026-09-09 05:15:00+00:00,1788930900,5m,8.08702,7.15864,11.5462,0.358631,2
btc-updown-5m-1788931200,2026-09-09 05:20:00+00:00,1788931200,5m,11.5353,10.6561,12.6309,0.59871,3
btc-updown-5m-1788931500,2026-09-09 05:25:00+00:00,1788931500,5m,11.3642,10.9389,12.3252,0.588294,3
btc-updown-15m-1788931800,2026-09-09 05:30:00+00:00,1788931800,15m,17.1555,16.4076,18.6303,0.546627,3
btc-updown-5m-1788931800,2026-09-09 05:30:00+00:00,1788931800,5m,10.6476,10.139,11.4087,0.540675,3
btc-updown-5m-1788932100,2026-09-09 05:35:00+00:00,1788932100,5m,11.2139,10.4397,12.8352,0.578373,3
btc-updown-5m-1788932400,2026-09-09 05:40:00+00:00,1788932400,5m,10.1782,9.71014,12.6855,0.510913,3
btc-updown-15m-1788932700,2026-09-09 05:45:00+00:00,1788932700,15m,14.3365,13.2985,19.0889,0.417163,3
btc-updown-5m-1788932700,2026-09-09 05:45:00+00:00,1788932700,5m,7.40643,6.74771,11.6895,0.31746,2
btc-updown-5m-1788933000,2026-09-09 05:50:00+00:00,1788933000,5m,8.45291,7.83173,10.9744,0.380952,2
btc-updown-5m-1788933300,2026-09-09 05:55:00+00:00,1788933300,5m,8.76683,8.30497,10.0671,0.405258,3
btc-updown-15m-1788933600,2026-09-09 06:00:00+00:00,1788933600,15m,14.1463,13.3219,15.3356,0.406746,3
btc-updown-5m-1788933600,2026-09-09 06:00:00+00:00,1788933600,5m,7.89897,7.48182,9.39112,0.347718,2
btc-updown-5m-1788933900,2026-09-09 06:05:00+00:00,1788933900,5m,6.75511,6.42861,8.67026,0.280258,2
btc-updown-5m-1788934200,2026-09-09 06:10:00+00:00,1788934200,5m,8.73227,8.30638,8.5943,0.402778,3
btc-updown-15m-1788934500,2026-09-09 06:15:00+00:00,1788934500,15m,18.8016,18.2596,16.3038,0.608631,4
btc-updown-5m-1788934500,2026-09-09 06:15:00+00:00,1788934500,5m,11.7157,11.3401,9.98402,0.611607,4
btc-updown-5m-1788934800,2026-09-09 06:20:00+00:00,1788934800,5m,12.178,11.5428,10.2811,0.645337,4
btc-updown-5m-1788935100,2026-09-09 06:25:00+00:00,1788935100,5m,16.7079,15.8907,10.7232,0.825397,5
btc-updown-15m-1788935400,2026-09-09 06:30:00+00:00,1788935400,15m,19.5959,18.475,17.2252,0.632937,4
btc-updown-5m-1788935400,2026-09-09 06:30:00+00:00,1788935400,5m,10.8293,10.2142,10.5482,0.551587,3
btc-updown-5m-1788935700,2026-09-09 06:35:00+00:00,1788935700,5m,10.8426,10.4297,10.2986,0.552083,3
btc-updown-5m-1788936000,2026-09-09 06:40:00+00:00,1788936000,5m,9.82269,9.28694,9.79005,0.485615,3
btc-updown-15m-1788936300,2026-09-09 06:45:00+00:00,1788936300,15m,17.4967,16.3172,14.6765,0.5625,3
btc-updown-5m-1788936300,2026-09-09 06:45:00+00:00,1788936300,5m,9.18852,8.60612,8.98749,0.435516,3
btc-updown-5m-1788936600,2026-09-09 06:50:00+00:00,1788936600,5m,8.15459,7.61987,8.34347,0.362103,2
btc-updown-5m-1788936900,2026-09-09 06:55:00+00:00,1788936900,5m,8.19691,7.63082,7.83136,0.365079,2
btc-updown-15m-1788937200,2026-09-09 07:00:00+00:00,1788937200,15m,16.4821,15.3699,12.5388,0.515873,3
btc-updown-5m-1788937200,2026-09-09 07:00:00+00:00,1788937200,5m,9.26088,8.66625,7.67842,0.440476,3
btc-updown-5m-1788937500,2026-09-09 07:05:00+00:00,1788937500,5m,7.78248,7.26418,7.06351,0.34127,2
btc-updown-5m-1788937800,2026-09-09 07:10:00+00:00,1788937800,5m,10.6193,10.143,8.52325,0.53869,3
btc-updown-15m-1788938100,2026-09-09 07:15:00+00:00,1788938100,15m,17.5689,16.8481,14.2968,0.563988,3
btc-updown-5m-1788938100,2026-09-09 07:15:00+00:00,1788938100,5m,10.6102,10.3316,8.75496,0.538194,3
btc-updown-5m-1788938400,2026-09-09 07:20:00+00:00,1788938400,5m,8.48836,8.10052,9.01299,0.38244,2
btc-updown-5m-1788938700,2026-09-09 07:25:00+00:00,1788938700,5m,8.69995,8.15275,8.44437,0.400298,3
btc-updown-15m-1788939000,2026-09-09 07:30:00+00:00,1788939000,15m,14.3469,13.3508,12.76,0.417163,3
btc-updown-5m-1788939000,2026-09-09 07:30:00+00:00,1788939000,5m,7.56812,7.06625,7.81388,0.329365,2
btc-updown-5m-1788939300,2026-09-09 07:35:00+00:00,1788939300,5m,7.36953,7.01553,7.2708,0.31498,2
btc-updown-5m-1788939600,2026-09-09 07:40:00+00:00,1788939600,5m,7.46747,7.13558,6.78596,0.321925,2
btc-updown-15m-1788939900,2026-09-09 07:45:00+00:00,1788939900,15m,13.6015,12.8949,10.7569,0.383929,2
btc-updown-5m-1788939900,2026-09-09 07:45:00+00:00,1788939900,5m,7.28484,6.9194,6.58722,0.308532,2
btc-updown-5m-1788940200,2026-09-09 07:50:00+00:00,1788940200,5m,7.55718,7.1884,7.14958,0.327877,2
btc-updown-5m-1788940500,2026-09-09 07:55:00+00:00,1788940500,5m,7.83369,7.43839,7.57178,0.34375,2
btc-updown-15m-1788940800,2026-09-09 08:00:00+00:00,1788940800,15m,12.252,11.4918,11.4429,0.324405,2
btc-updown-5m-1788940800,2026-09-09 08:00:00+00:00,1788940800,5m,6.80247,6.3434,7.00734,0.282242,2
btc-updown-5m-1788941100,2026-09-09 08:05:00+00:00,1788941100,5m,8.77959,8.47019,8.74023,0.407738,3
btc-updown-5m-1788941400,2026-09-09 08:10:00+00:00,1788941400,5m,10.1591,9.68095,8.98581,0.510913,3
btc-updown-15m-1788941700,2026-09-09 08:15:00+00:00,1788941700,15m,15.6409,14.9858,14.6644,0.477183,3
btc-updown-5m-1788941700,2026-09-09 08:15:00+00:00,1788941700,5m,9.11934,8.84513,8.98006,0.431548,3
btc-updown-5m-1788942000,2026-09-09 08:20:00+00:00,1788942000,5m,8.86337,8.56439,9.72389,0.413194,3
btc-updown-5m-1788942300,2026-09-09 08:25:00+00:00,1788942300,5m,9.52537,9.0837,10.9127,0.462302,3
btc-updown-15m-1788942600,2026-09-09 08:30:00+00:00,1788942600,15m,20.3226,19.3458,17.4524,0.65625,4
btc-updown-5m-1788942600,2026-09-09 08:30:00+00:00,1788942600,5m,11.0345,10.5414,10.6874,0.564484,3
btc-updown-5m-1788942900,2026-09-09 08:35:00+00:00,1788942900,5m,9.70869,9.24536,10.2215,0.479167,3
btc-updown-5m-1788943200,2026-09-09 08:40:00+00:00,1788943200,5m,9.83141,9.41645,10.0738,0.486111,3
btc-updown-15m-1788943500,2026-09-09 08:45:00+00:00,1788943500,15m,16.537,15.936,16.7993,0.517857,3
btc-updown-5m-1788943500,2026-09-09 08:45:00+00:00,1788943500,5m,9.63746,9.39628,10.2875,0.474206,3
btc-updown-5m-1788943800,2026-09-09 08:50:00+00:00,1788943800,5m,8.57349,8.18129,9.47926,0.390377,2
btc-updown-5m-1788944100,2026-09-09 08:55:00+00:00,1788944100,5m,8.91413,8.66571,10.0316,0.416171,3
btc-updown-15m-1788944400,2026-09-09 09:00:00+00:00,1788944400,15m,15.2248,14.4487,15.2654,0.461806,3
btc-updown-5m-1788944400,2026-09-09 09:00:00+00:00,1788944400,5m,8.30828,7.92901,9.34812,0.371528,2
btc-updown-5m-1788944700,2026-09-09 09:05:00+00:00,1788944700,5m,7.92549,7.66396,9.16052,0.34871,2
btc-updown-5m-1788945000,2026-09-09 09:10:00+00:00,1788945000,5m,9.06917,8.89309,9.03394,0.427579,3
btc-updown-15m-1788945300,2026-09-09 09:15:00+00:00,1788945300,15m,14.9466,14.9435,14.3071,0.448413,3
btc-updown-5m-1788945300,2026-09-09 09:15:00+00:00,1788945300,5m,9.14569,9.05955,8.76127,0.433532,3
btc-updown-5m-1788945600,2026-09-09 09:20:00+00:00,1788945600,5m,8.23581,8.01925,8.32958,0.36756,2
btc-updown-5m-1788945900,2026-09-09 09:25:00+00:00,1788945900,5m,7.466,7.16589,7.68069,0.321925,2
btc-updown-15m-1788946200,2026-09-09 09:30:00+00:00,1788946200,15m,12.6301,11.8478,11.4938,0.33879,2
btc-updown-5m-1788946200,2026-09-09 09:30:00+00:00,1788946200,5m,5.9397,5.43528,7.03851,0.231647,2
btc-updown-5m-1788946500,2026-09-09 09:35:00+00:00,1788946500,5m,6.19688,5.73153,6.77255,0.242063,2
btc-updown-5m-1788946800,2026-09-09 09:40:00+00:00,1788946800,5m,7.16305,6.79042,6.87758,0.301587,2
btc-updown-15m-1788947100,2026-09-09 09:45:00+00:00,1788947100,15m,20.2906,19.8025,18.2005,0.65377,4
btc-updown-5m-1788947100,2026-09-09 09:45:00+00:00,1788947100,5m,11.951,11.1083,11.1455,0.62996,4
btc-updown-5m-1788947400,2026-09-09 09:50:00+00:00,1788947400,5m,10.5995,9.65621,12.0104,0.537202,3
btc-updown-5m-1788947700,2026-09-09 09:55:00+00:00,1788947700,5m,9.14815,8.42981,11.0321,0.433532,3
btc-updown-15m-1788948000,2026-09-09 10:00:00+00:00,1788948000,15m,17.8023,16.8709,17.5663,0.573909,3
btc-updown-5m-1788948000,2026-09-09 10:00:00+00:00,1788948000,5m,9.16337,8.52561,10.7571,0.434028,3
btc-updown-5m-1788948300,2026-09-09 10:05:00+00:00,1788948300,5m,9.1469,8.62838,10.3137,0.433532,3
btc-updown-5m-1788948600,2026-09-09 10:10:00+00:00,1788948600,5m,8.9311,8.58805,9.92096,0.416171,3
btc-updown-15m-1788948900,2026-09-09 10:15:00+00:00,1788948900,15m,16.4108,15.7083,15.2981,0.512897,3
btc-updown-5m-1788948900,2026-09-09 10:15:00+00:00,1788948900,5m,8.57944,8.24893,9.36815,0.390873,2
btc-updown-5m-1788949200,2026-09-09 10:20:00+00:00,1788949200,5m,9.23335,8.98634,9.56688,0.438988,3
btc-updown-5m-1788949500,2026-09-09 10:25:00+00:00,1788949500,5m,10.1689,9.98084,9.79851,0.510913,3
btc-updown-15m-1788949800,2026-09-09 10:30:00+00:00,1788949800,15m,16.267,15.675,14.5718,0.503968,3
btc-updown-5m-1788949800,2026-09-09 10:30:00+00:00,1788949800,5m,8.29681,8.03642,8.92334,0.370536,2
btc-updown-5m-1788950100,2026-09-09 10:35:00+00:00,1788950100,5m,7.77798,7.47665,8.26319,0.34127,2
btc-updown-5m-1788950400,2026-09-09 10:40:00+00:00,1788950400,5m,9.41498,9.01239,9.3536,0.455357,3
btc-updown-15m-1788950700,2026-09-09 10:45:00+00:00,1788950700,15m,15.9494,15.3656,15.2865,0.490079,3
btc-updown-5m-1788950700,2026-09-09 10:45:00+00:00,1788950700,5m,8.61067,8.33588,9.36105,0.391369,2
btc-updown-5m-1788951000,2026-09-09 10:50:00+00:00,1788951000,5m,9.27418,8.99048,9.47007,0.441468,3
btc-updown-5m-1788951300,2026-09-09 10:55:00+00:00,1788951300,5m,10.61,10.3653,9.6553,0.538194,3
btc-updown-15m-1788951600,2026-09-09 11:00:00+00:00,1788951600,15m,16.6972,16.1946,15.4642,0.527778,3
btc-updown-5m-1788951600,2026-09-09 11:00:00+00:00,1788951600,5m,8.80826,8.59064,9.46983,0.40873,3
btc-updown-5m-1788951900,2026-09-09 11:05:00+00:00,1788951900,5m,9.99846,9.60597,10.1556,0.500496,3
btc-updown-5m-1788952200,2026-09-09 11:10:00+00:00,1788952200,5m,9.51944,9.24654,9.6221,0.461806,3
btc-updown-15m-1788952500,2026-09-09 11:15:00+00:00,1788952500,15m,17.366,16.7008,14.8667,0.557044,3
btc-updown-5m-1788952500,2026-09-09 11:15:00+00:00,1788952500,5m,9.1156,8.81891,9.10397,0.431052,3
btc-updown-5m-1788952800,2026-09-09 11:20:00+00:00,1788952800,5m,8.96841,8.72435,8.5704,0.419643,3
btc-updown-5m-1788953100,2026-09-09 11:25:00+00:00,1788953100,5m,9.87242,9.61574,8.57682,0.489087,3
btc-updown-15m-1788953400,2026-09-09 11:30:00+00:00,1788953400,15m,19.271,18.8134,14.1506,0.623512,4
btc-updown-5m-1788953400,2026-09-09 11:30:00+00:00,1788953400,5m,10.6591,10.5318,8.66543,0.540675,3
btc-updown-5m-1788953700,2026-09-09 11:35:00+00:00,1788953700,5m,11.5225,11.3125,9.43884,0.598214,3
btc-updown-5m-1788954000,2026-09-09 11:40:00+00:00,1788954000,5m,9.84413,9.65611,8.82794,0.487103,3
btc-updown-15m-1788954300,2026-09-09 11:45:00+00:00,1788954300,15m,18.145,17.6969,14.2367,0.589286,3
btc-updown-5m-1788954300,2026-09-09 11:45:00+00:00,1788954300,5m,9.71024,9.58026,8.71819,0.479663,3
btc-updown-5m-1788954600,2026-09-09 11:50:00+00:00,1788954600,5m,9.20678,9.08145,8.6326,0.435516,3
btc-updown-5m-1788954900,2026-09-09 11:55:00+00:00,1788954900,5m,12.5676,12.2618,11.5143,0.66369,4
btc-updown-15m-1788955200,2026-09-09 12:00:00+00:00,1788955200,15m,22.4796,21.8735,17.929,0.718254,4
btc-updown-5m-1788955200,2026-09-09 12:00:00+00:00,1788955200,5m,12.0626,11.7922,10.9792,0.638393,4
btc-updown-5m-1788955500,2026-09-09 12:05:00+00:00,1788955500,5m,11.6398,11.5123,10.9665,0.603175,4
btc-updown-5m-1788955800,2026-09-09 12:10:00+00:00,1788955800,5m,11.7718,11.5551,10.7914,0.613095,4
btc-updown-15m-1788956100,2026-09-09 12:15:00+00:00,1788956100,15m,19.4974,18.9354,16.4882,0.629464,4
btc-updown-5m-1788956100,2026-09-09 12:15:00+00:00,1788956100,5m,10.8157,10.59,10.0969,0.550595,3
btc-updown-5m-1788956400,2026-09-09 12:20:00+00:00,1788956400,5m,10.8749,10.7266,9.67512,0.554563,3
btc-updown-5m-1788956700,2026-09-09 12:25:00+00:00,1788956700,5m,10.7563,10.5694,9.28255,0.545139,3
btc-updown-15m-1788957000,2026-09-09 12:30:00+00:00,1788957000,15m,16.8118,16.2433,14.3539,0.53125,3
btc-updown-5m-1788957000,2026-09-09 12:30:00+00:00,1788957000,5m,9.5405,9.37993,8.78995,0.464782,3
btc-updown-5m-1788957300,2026-09-09 12:35:00+00:00,1788957300,5m,10.2166,10.0557,8.84367,0.513393,3
btc-updown-5m-1788957600,2026-09-09 12:40:00+00:00,1788957600,5m,10.6264,10.4785,10.0362,0.539187,3
btc-updown-15m-1788957900,2026-09-09 12:45:00+00:00,1788957900,15m,18.726,18.1776,16.7121,0.606151,4
btc-updown-5m-1788957900,2026-09-09 12:45:00+00:00,1788957900,5m,10.2831,10.1506,10.234,0.518849,3
btc-updown-5m-1788958200,2026-09-09 12:50:00+00:00,1788958200,5m,9.62562,9.50655,9.7337,0.472718,3
btc-updown-5m-1788958500,2026-09-09 12:55:00+00:00,1788958500,5m,9.47011,9.34017,9.87238,0.459821,3
btc-updown-15m-1788958800,2026-09-09 13:00:00+00:00,1788958800,15m,16.6153,15.9934,15.2011,0.523313,3
btc-updown-5m-1788958800,2026-09-09 13:00:00+00:00,1788958800,5m,9.01326,8.87086,9.30874,0.423611,3
btc-updown-5m-1788959100,2026-09-09 13:05:00+00:00,1788959100,5m,9.43663,9.40561,9.65012,0.457837,3
btc-updown-5m-1788959400,2026-09-09 13:10:00+00:00,1788959400,5m,9.76805,9.67183,10.5853,0.482143,3
btc-updown-15m-1788959700,2026-09-09 13:15:00+00:00,1788959700,15m,16.7286,16.232,16.4087,0.528274,3
btc-updown-5m-1788959700,2026-09-09 13:15:00+00:00,1788959700,5m,9.59701,9.51194,10.0482,0.47123,3
btc-updown-5m-1788960000,2026-09-09 13:20:00+00:00,1788960000,5m,9.175,9.02157,9.45532,0.434028,3
btc-updown-5m-1788960300,2026-09-09 13:25:00+00:00,1788960300,5m,9.1962,9.0398,9.58798,0.435516,3
btc-updown-15m-1788960600,2026-09-09 13:30:00+00:00,1788960600,15m,15.3086,14.7372,14.667,0.465278,3
btc-updown-5m-1788960600,2026-09-09 13:30:00+00:00,1788960600,5m,8.89965,8.68081,8.98166,0.414683,3
btc-updown-5m-1788960900,2026-09-09 13:35:00+00:00,1788960900,5m,8.87465,8.69994,9.25986,0.41369,3
btc-updown-5m-1788961200,2026-09-09 13:40:00+00:00,1788961200,5m,14.0816,13.4614,15.2661,0.727679,4
btc-updown-15m-1788961500,2026-09-09 13:45:00+00:00,1788961500,15m,31.9266,30.409,30.7711,0.880456,5
btc-updown-5m-1788961500,2026-09-09 13:45:00+00:00,1788961500,5m,18.3303,17.5954,18.8434,0.860615,5
btc-updown-5m-1788961800,2026-09-09 13:50:00+00:00,1788961800,5m,13.597,12.9902,19.5137,0.708333,4
btc-updown-5m-1788962100,2026-09-09 13:55:00+00:00,1788962100,5m,14.0285,13.2134,18.5499,0.724206,4
btc-updown-15m-1788962400,2026-09-09 14:00:00+00:00,1788962400,15m,28.115,26.2815,30.1354,0.834325,5
btc-updown-5m-1788962400,2026-09-09 14:00:00+00:00,1788962400,5m,16.1476,15.1358,18.4541,0.809524,5
btc-updown-5m-1788962700,2026-09-09 14:05:00+00:00,1788962700,5m,25.2507,23.464,19.9852,0.941964,5
btc-updown-5m-1788963000,2026-09-09 14:10:00+00:00,1788963000,5m,22.9424,22.0439,21.6489,0.921627,5
btc-updown-15m-1788963300,2026-09-09 14:15:00+00:00,1788963300,15m,37.0171,36.7658,34.7086,0.91369,5
btc-updown-5m-1788963300,2026-09-09 14:15:00+00:00,1788963300,5m,23.0447,22.6901,21.2546,0.921627,5
btc-updown-5m-1788963600,2026-09-09 14:20:00+00:00,1788963600,5m,16.738,16.1441,19.8274,0.825893,5
btc-updown-5m-1788963900,2026-09-09 14:25:00+00:00,1788963900,5m,15.985,15.1417,18.9799,0.803571,5
btc-updown-15m-1788964200,2026-09-09 14:30:00+00:00,1788964200,15m,33.0235,32.0067,33.1019,0.890873,5
btc-updown-5m-1788964200,2026-09-09 14:30:00+00:00,1788964200,5m,21.9809,21.1512,20.2707,0.915179,5
btc-updown-5m-1788964500,2026-09-09 14:35:00+00:00,1788964500,5m,16.8197,15.8684,18.8369,0.827877,5
btc-updown-5m-1788964800,2026-09-09 14:40:00+00:00,1788964800,5m,16.1139,15.5432,18.6016,0.808532,5
btc-updown-15m-1788965100,2026-09-09 14:45:00+00:00,1788965100,15m,26.4284,25.5891,29.8546,0.81002,5
btc-updown-5m-1788965100,2026-09-09 14:45:00+00:00,1788965100,5m,16.7327,16.5731,18.2821,0.825893,5
btc-updown-5m-1788965400,2026-09-09 14:50:00+00:00,1788965400,5m,16.2644,15.9574,18.3481,0.813988,5
btc-updown-5m-1788965700,2026-09-09 14:55:00+00:00,1788965700,5m,17.1102,16.7992,19.0697,0.834325,5
btc-updown-15m-1788966000,2026-09-09 15:00:00+00:00,1788966000,15m,24.4554,23.6012,28.9486,0.761409,4
btc-updown-5m-1788966000,2026-09-09 15:00:00+00:00,1788966000,5m,14.9623,14.6043,17.7273,0.767361,4
btc-updown-5m-1788966300,2026-09-09 15:05:00+00:00,1788966300,5m,28.1239,26.7475,45.4227,0.960813,5
btc-updown-5m-1788966600,2026-09-09 15:10:00+00:00,1788966600,5m,24.9474,23.4053,41.921,0.940476,5
btc-updown-15m-1788966900,2026-09-09 15:15:00+00:00,1788966900,15m,51.4548,48.6265,66.9317,0.970238,5
btc-updown-5m-1788966900,2026-09-09 15:15:00+00:00,1788966900,5m,32.6955,30.8589,40.9871,0.978671,5
btc-updown-5m-1788967200,2026-09-09 15:20:00+00:00,1788967200,5m,27.4978,25.9494,38.0866,0.957341,5
btc-updown-5m-1788967500,2026-09-09 15:25:00+00:00,1788967500,5m,33.9457,31.4914,38.1614,0.980655,5
btc-updown-15m-1788967800,2026-09-09 15:30:00+00:00,1788967800,15m,48.3255,46.4454,58.9,0.963294,5
btc-updown-5m-1788967800,2026-09-09 15:30:00+00:00,1788967800,5m,31.2343,29.8261,36.0687,0.972718,5
btc-updown-5m-1788968100,2026-09-09 15:35:00+00:00,1788968100,5m,27.0449,26.206,33.2228,0.953373,5
btc-updown-5m-1788968400,2026-09-09 15:40:00+00:00,1788968400,5m,27.2307,25.9754,31.6813,0.954861,5
btc-updown-15m-1788968700,2026-09-09 15:45:00+00:00,1788968700,15m,40.7539,38.6172,49.2814,0.934524,5
btc-updown-5m-1788968700,2026-09-09 15:45:00+00:00,1788968700,5m,24.4091,23.4909,30.1785,0.936508,5
btc-updown-5m-1788969000,2026-09-09 15:50:00+00:00,1788969000,5m,25.186,24.1971,28.1012,0.940972,5
btc-updown-5m-1788969300,2026-09-09 15:55:00+00:00,1788969300,5m,17.9335,16.6198,25.6244,0.853671,5
btc-updown-15m-1788969600,2026-09-09 16:00:00+00:00,1788969600,15m,31.9828,30.4972,39.3447,0.880456,5
btc-updown-5m-1788969600,2026-09-09 16:00:00+00:00,1788969600,5m,17.0802,15.9927,24.0936,0.834325,5
btc-updown-5m-1788969900,2026-09-09 16:05:00+00:00,1788969900,5m,16.7337,15.7417,22.4162,0.825893,5
btc-updown-5m-1788970200,2026-09-09 16:10:00+00:00,1788970200,5m,20.9529,20.2,21.767,0.899306,5
btc-updown-15m-1788970500,2026-09-09 16:15:00+00:00,1788970500,15m,33.8631,32.7992,33.5903,0.895337,5
btc-updown-5m-1788970500,2026-09-09 16:15:00+00:00,1788970500,5m,19.0065,18.4988,20.5698,0.873512,5
btc-updown-5m-1788970800,2026-09-09 16:20:00+00:00,1788970800,5m,18.3119,17.8121,20.0713,0.860615,5
btc-updown-5m-1788971100,2026-09-09 16:25:00+00:00,1788971100,5m,19.4073,18.7484,20.2804,0.880456,5
btc-updown-15m-1788971400,2026-09-09 16:30:00+00:00,1788971400,15m,30.6962,29.6272,30.8135,0.870536,5
btc-updown-5m-1788971400,2026-09-09 16:30:00+00:00,1788971400,5m,17.1947,16.4027,18.8693,0.835813,5
btc-updown-5m-1788971700,2026-09-09 16:35:00+00:00,1788971700,5m,15.3906,14.8427,18.2309,0.78125,4
btc-updown-5m-1788972000,2026-09-09 16:40:00+00:00,1788972000,5m,17.4017,16.8426,17.4664,0.840278,5
btc-updown-15m-1788972300,2026-09-09 16:45:00+00:00,1788972300,15m,26.4267,25.4255,26.2742,0.81002,5
btc-updown-5m-1788972300,2026-09-09 16:45:00+00:00,1788972300,5m,15.2541,14.6332,16.0896,0.778274,4
btc-updown-5m-1788972600,2026-09-09 16:50:00+00:00,1788972600,5m,13.4341,12.9017,14.6823,0.704365,4
btc-updown-5m-1788972900,2026-09-09 16:55:00+00:00,1788972900,5m,12.1166,11.485,13.4457,0.640873,4
btc-updown-15m-1788973200,2026-09-09 17:00:00+00:00,1788973200,15m,20.5964,19.0276,20.1887,0.664187,4
btc-updown-5m-1788973200,2026-09-09 17:00:00+00:00,1788973200,5m,10.3623,9.58181,12.363,0.522321,3
btc-updown-5m-1788973500,2026-09-09 17:05:00+00:00,1788973500,5m,12.3405,11.4225,13.2529,0.651786,4
btc-updown-5m-1788973800,2026-09-09 17:10:00+00:00,1788973800,5m,11.8683,11.0976,13.1567,0.619048,4
btc-updown-15m-1788974100,2026-09-09 17:15:00+00:00,1788974100,15m,20.5651,19.335,20.3636,0.662698,4
btc-updown-5m-1788974100,2026-09-09 17:15:00+00:00,1788974100,5m,11.3203,10.6797,12.4701,0.585813,3
btc-updown-5m-1788974400,2026-09-09 17:20:00+00:00,1788974400,5m,10.9174,10.3819,11.8059,0.557044,3
btc-updown-5m-1788974700,2026-09-09 17:25:00+00:00,1788974700,5m,10.6966,10.2644,10.9335,0.542163,3
btc-updown-15m-1788975000,2026-09-09 17:30:00+00:00,1788975000,15m,19.12,17.8682,17.7655,0.618552,4
btc-updown-5m-1788975000,2026-09-09 17:30:00+00:00,1788975000,5m,10.9402,10.362,10.8791,0.558036,3
btc-updown-5m-1788975300,2026-09-09 17:35:00+00:00,1788975300,5m,10.3992,9.87245,10.5968,0.524306,3
btc-updown-5m-1788975600,2026-09-09 17:40:00+00:00,1788975600,5m,10.5609,9.93177,10.1654,0.534226,3
btc-updown-15m-1788975900,2026-09-09 17:45:00+00:00,1788975900,15m,19.2069,17.7305,15.5717,0.622024,4
btc-updown-5m-1788975900,2026-09-09 17:45:00+00:00,1788975900,5m,10.4381,9.84462,9.53568,0.525298,3
btc-updown-5m-1788976200,2026-09-09 17:50:00+00:00,1788976200,5m,8.47895,7.96183,8.7103,0.381448,2
btc-updown-5m-1788976500,2026-09-09 17:55:00+00:00,1788976500,5m,9.58614,9.05878,8.76422,0.470734,3
btc-updown-15m-1788976800,2026-09-09 18:00:00+00:00,1788976800,15m,16.0596,14.7822,13.5058,0.496032,3
btc-updown-5m-1788976800,2026-09-09 18:00:00+00:00,1788976800,5m,8.88233,8.34906,8.27055,0.41369,3
btc-updown-5m-1788977100,2026-09-09 18:05:00+00:00,1788977100,5m,9.42115,8.88829,8.11502,0.456845,3
btc-updown-5m-1788977400,2026-09-09 18:10:00+00:00,1788977400,5m,10.6229,10.1845,8.52677,0.539187,3
btc-updown-15m-1788977700,2026-09-09 18:15:00+00:00,1788977700,15m,16.823,15.8385,13.1868,0.53125,3
btc-updown-5m-1788977700,2026-09-09 18:15:00+00:00,1788977700,5m,9.66367,9.28525,8.07521,0.476687,3
btc-updown-5m-1788978000,2026-09-09 18:20:00+00:00,1788978000,5m,8.1037,7.66974,7.40285,0.359127,2
btc-updown-5m-1788978300,2026-09-09 18:25:00+00:00,1788978300,5m,9.87967,9.43142,8.4724,0.490079,3
btc-updown-15m-1788978600,2026-09-09 18:30:00+00:00,1788978600,15m,13.3994,12.6454,13.002,0.375992,2
btc-updown-5m-1788978600,2026-09-09 18:30:00+00:00,1788978600,5m,7.60276,7.24095,7.96204,0.330853,2
btc-updown-5m-1788978900,2026-09-09 18:35:00+00:00,1788978900,5m,8.18669,7.7422,7.86281,0.363591,2
btc-updown-5m-1788979200,2026-09-09 18:40:00+00:00,1788979200,5m,8.06943,7.73157,8.21619,0.357143,2
btc-updown-15m-1788979500,2026-09-09 18:45:00+00:00,1788979500,15m,14.2302,13.5334,12.8999,0.41121,3
btc-updown-5m-1788979500,2026-09-09 18:45:00+00:00,1788979500,5m,8.01461,7.65401,7.89956,0.354663,2
btc-updown-5m-1788979800,2026-09-09 18:50:00+00:00,1788979800,5m,6.86036,6.51564,7.51959,0.285714,2
btc-updown-5m-1788980100,2026-09-09 18:55:00+00:00,1788980100,5m,7.49192,7.14357,7.39088,0.325397,2
btc-updown-15m-1788980400,2026-09-09 19:00:00+00:00,1788980400,15m,12.8052,12.1924,13.0432,0.345734,2
btc-updown-5m-1788980400,2026-09-09 19:00:00+00:00,1788980400,5m,7.18198,6.88141,7.98727,0.302083,2
btc-updown-5m-1788980700,2026-09-09 19:05:00+00:00,1788980700,5m,9.06238,8.70102,9.24989,0.427579,3
btc-updown-5m-1788981000,2026-09-09 19:10:00+00:00,1788981000,5m,7.33059,7.01434,8.52145,0.312004,2
btc-updown-15m-1788981300,2026-09-09 19:15:00+00:00,1788981300,15m,13.7092,12.9154,13.1321,0.388889,2
btc-updown-5m-1788981300,2026-09-09 19:15:00+00:00,1788981300,5m,7.96615,7.62417,8.04174,0.352183,2
btc-updown-5m-1788981600,2026-09-09 19:20:00+00:00,1788981600,5m,7.41273,7.09909,7.70838,0.317956,2
btc-updown-5m-1788981900,2026-09-09 19:25:00+00:00,1788981900,5m,7.76474,7.46372,7.37813,0.340774,2
btc-updown-15m-1788982200,2026-09-09 19:30:00+00:00,1788982200,15m,12.773,12.0797,11.5827,0.344246,2
btc-updown-5m-1788982200,2026-09-09 19:30:00+00:00,1788982200,5m,7.18023,6.87276,7.0929,0.302083,2
btc-updown-5m-1788982500,2026-09-09 19:35:00+00:00,1788982500,5m,6.96246,6.71248,6.82836,0.290675,2
btc-updown-5m-1788982800,2026-09-09 19:40:00+00:00,1788982800,5m,11.8109,11.4682,8.21921,0.615575,4
btc-updown-15m-1788983100,2026-09-09 19:45:00+00:00,1788983100,15m,15.9864,15.2595,12.5229,0.49256,3
btc-updown-5m-1788983100,2026-09-09 19:45:00+00:00,1788983100,5m,8.93011,8.6322,7.6687,0.416171,3
btc-updown-5m-1788983400,2026-09-09 19:50:00+00:00,1788983400,5m,9.41003,9.05815,8.30162,0.454861,3
btc-updown-5m-1788983700,2026-09-09 19:55:00+00:00,1788983700,5m,15.193,14.9153,11.6877,0.77629,4
btc-updown-15m-1788984000,2026-09-09 20:00:00+00:00,1788984000,15m,18.9754,18.003,18.0595,0.614583,4
btc-updown-5m-1788984000,2026-09-09 20:00:00+00:00,1788984000,5m,11.0935,10.6806,11.0591,0.567956,3
btc-updown-5m-1788984300,2026-09-09 20:05:00+00:00,1788984300,5m,9.79422,9.31031,10.2207,0.484127,3
btc-updown-5m-1788984600,2026-09-09 20:10:00+00:00,1788984600,5m,10.2061,9.66177,10.7281,0.513393,3
btc-updown-15m-1788984900,2026-09-09 20:15:00+00:00,1788984900,15m,16.2437,15.4626,16.745,0.503472,3
btc-updown-5m-1788984900,2026-09-09 20:15:00+00:00,1788984900,5m,9.61553,9.24514,10.2541,0.472222,3
btc-updown-5m-1788985200,2026-09-09 20:20:00+00:00,1788985200,5m,8.76701,8.43142,10.266,0.405258,3
btc-updown-5m-1788985500,2026-09-09 20:25:00+00:00,1788985500,5m,7.85527,7.54519,9.39731,0.345238,2
btc-updown-15m-1788985800,2026-09-09 20:30:00+00:00,1788985800,15m,13.2049,12.135,16.668,0.36756,2
btc-updown-5m-1788985800,2026-09-09 20:30:00+00:00,1788985800,5m,9.09603,8.60588,10.2071,0.429563,3
btc-updown-5m-1788986100,2026-09-09 20:35:00+00:00,1788986100,5m,10.3999,9.83303,13.2106,0.524306,3
btc-updown-5m-1788986400,2026-09-09 20:40:00+00:00,1788986400,5m,9.13387,8.66557,12.717,0.433036,3
btc-updown-15m-1788986700,2026-09-09 20:45:00+00:00,1788986700,15m,13.4152,12.3467,20.4842,0.376488,2
btc-updown-5m-1788986700,2026-09-09 20:45:00+00:00,1788986700,5m,8.33972,7.87297,12.544,0.373016,2
btc-updown-5m-1788987000,2026-09-09 20:50:00+00:00,1788987000,5m,13.3537,12.3409,13.1954,0.700893,4
btc-updown-5m-1788987300,2026-09-09 20:55:00+00:00,1788987300,5m,10.3499,9.61303,13.11,0.521825,3
btc-updown-15m-1788987600,2026-09-09 21:00:00+00:00,1788987600,15m,15.8005,14.8306,20.1466,0.484127,3
btc-updown-5m-1788987600,2026-09-09 21:00:00+00:00,1788987600,5m,9.23235,8.6779,12.3372,0.438492,3
btc-updown-5m-1788987900,2026-09-09 21:05:00+00:00,1788987900,5m,8.36783,7.84655,11.3224,0.374504,2
btc-updown-5m-1788988200,2026-09-09 21:10:00+00:00,1788988200,5m,8.60481,8.09115,10.7488,0.391369,2
btc-updown-15m-1788988500,2026-09-09 21:15:00+00:00,1788988500,15m,14.3534,13.3745,18.3093,0.417659,3
btc-updown-5m-1788988500,2026-09-09 21:15:00+00:00,1788988500,5m,9.20568,8.57513,11.2121,0.435516,3
btc-updown-5m-1788988800,2026-09-09 21:20:00+00:00,1788988800,5m,9.74344,9.19624,10.6974,0.480655,3
btc-updown-5m-1788989100,2026-09-09 21:25:00+00:00,1788989100,5m,9.57394,9.11846,10.651,0.468254,3
btc-updown-15m-1788989400,2026-09-09 21:30:00+00:00,1788989400,15m,14.3387,13.5585,16.2721,0.417163,3
btc-updown-5m-1788989400,2026-09-09 21:30:00+00:00,1788989400,5m,8.73045,8.24671,9.9646,0.402778,3
btc-updown-5m-1788989700,2026-09-09 21:35:00+00:00,1788989700,5m,10.9032,10.2593,9.94427,0.556548,3
btc-updown-5m-1788990000,2026-09-09 21:40:00+00:00,1788990000,5m,8.96318,8.48639,9.85116,0.418155,3
btc-updown-15m-1788990300,2026-09-09 21:45:00+00:00,1788990300,15m,12.4655,11.5561,14.6138,0.333829,2
btc-updown-5m-1788990300,2026-09-09 21:45:00+00:00,1788990300,5m,7.67815,7.12074,8.94908,0.334821,2
btc-updown-5m-1788990600,2026-09-09 21:50:00+00:00,1788990600,5m,10.598,10.1221,9.3126,0.537202,3
btc-updown-5m-1788990900,2026-09-09 21:55:00+00:00,1788990900,5m,10.2811,9.9272,10.4898,0.518849,3
btc-updown-15m-1788991200,2026-09-09 22:00:00+00:00,1788991200,15m,14.6747,14.1956,16.0459,0.434028,3
btc-updown-5m-1788991200,2026-09-09 22:00:00+00:00,1788991200,5m,9.77428,9.48712,9.82609,0.483135,3
btc-updown-5m-1788991500,2026-09-09 22:05:00+00:00,1788991500,5m,12.1823,11.811,10.6578,0.645337,4
btc-updown-5m-1788991800,2026-09-09 22:10:00+00:00,1788991800,5m,20.9045,20.2284,14.6854,0.89881,5
btc-updown-15m-1788992100,2026-09-09 22:15:00+00:00,1788992100,15m,20.1311,19.4128,23.4491,0.647817,4
btc-updown-5m-1788992100,2026-09-09 22:15:00+00:00,1788992100,5m,13.7984,13.1381,14.3596,0.71627,4
btc-updown-5m-1788992400,2026-09-09 22:20:00+00:00,1788992400,5m,13.8873,13.2947,14.1097,0.720238,4
btc-updown-5m-1788992700,2026-09-09 22:25:00+00:00,1788992700,5m,11.8303,11.2307,13.3411,0.618056,4
btc-updown-15m-1788993000,2026-09-09 22:30:00+00:00,1788993000,15m,16.0548,15.3824,20.0638,0.495536,3
btc-updown-5m-1788993000,2026-09-09 22:30:00+00:00,1788993000,5m,10.7625,10.1575,12.2865,0.545139,3
btc-updown-5m-1788993300,2026-09-09 22:35:00+00:00,1788993300,5m,11.1337,10.5813,11.4417,0.571429,3
btc-updown-5m-1788993600,2026-09-09 22:40:00+00:00,1788993600,5m,9.60495,9.20066,10.8686,0.471726,3
btc-updown-15m-1788993900,2026-09-09 22:45:00+00:00,1788993900,15m,14.3656,13.6214,17.1394,0.418155,3
btc-updown-5m-1788993900,2026-09-09 22:45:00+00:00,1788993900,5m,9.06777,8.54494,10.4957,0.427579,3
btc-updown-5m-1788994200,2026-09-09 22:50:00+00:00,1788994200,5m,7.82621,7.05519,9.53827,0.34375,2
btc-updown-5m-1788994500,2026-09-09 22:55:00+00:00,1788994500,5m,9.52055,9.03137,9.27348,0.461806,3
btc-updown-15m-1788994800,2026-09-09 23:00:00+00:00,1788994800,15m,14.3661,13.5893,14.0888,0.418155,3
btc-updown-5m-1788994800,2026-09-09 23:00:00+00:00,1788994800,5m,9.11797,8.57223,8.62757,0.431052,3
btc-updown-5m-1788995100,2026-09-09 23:05:00+00:00,1788995100,5m,11.1264,10.764,9.07933,0.570933,3
btc-updown-5m-1788995400,2026-09-09 23:10:00+00:00,1788995400,5m,11.2321,10.8501,9.20326,0.580853,3
btc-updown-15m-1788995700,2026-09-09 23:15:00+00:00,1788995700,15m,16.3141,15.8159,14.2511,0.505952,3
btc-updown-5m-1788995700,2026-09-09 23:15:00+00:00,1788995700,5m,10.2996,9.92078,8.72698,0.520337,3
btc-updown-5m-1788996000,2026-09-09 23:20:00+00:00,1788996000,5m,9.1943,8.79198,8.53146,0.435516,3
btc-updown-5m-1788996300,2026-09-09 23:25:00+00:00,1788996300,5m,9.9273,9.59836,8.65139,0.493056,3
btc-updown-15m-1788996600,2026-09-09 23:30:00+00:00,1788996600,15m,14.2738,13.4821,12.8765,0.412698,3
btc-updown-5m-1788996600,2026-09-09 23:30:00+00:00,1788996600,5m,8.59671,8.02289,7.88521,0.391369,2
btc-updown-5m-1788996900,2026-09-09 23:35:00+00:00,1788996900,5m,8.76353,8.491,7.85091,0.405258,3
btc-updown-5m-1788997200,2026-09-09 23:40:00+00:00,1788997200,5m,8.44885,8.16983,7.30126,0.379464,2
btc-updown-15m-1788997500,2026-09-09 23:45:00+00:00,1788997500,15m,13.3976,12.7848,11.121,0.375992,2
btc-updown-5m-1788997500,2026-09-09 23:45:00+00:00,1788997500,5m,7.59433,7.19454,6.81018,0.330357,2
btc-updown-5m-1788997800,2026-09-09 23:50:00+00:00,1788997800,5m,6.85294,6.47358,6.29289,0.285714,2
btc-updown-5m-1788998100,2026-09-09 23:55:00+00:00,1788998100,5m,6.58519,6.31239,5.86995,0.270833,2
btc-updown-15m-1788998400,2026-09-10 00:00:00+00:00,1788998400,15m,10.5439,9.78604,9.22581,0.262401,2
btc-updown-5m-1788998400,2026-09-10 00:00:00+00:00,1788998400,5m,6.09257,5.69001,5.64963,0.237599,2
btc-updown-5m-1788998700,2026-09-10 00:05:00+00:00,1788998700,5m,6.80261,6.39414,5.6699,0.282242,2
btc-updown-5m-1788999000,2026-09-10 00:10:00+00:00,1788999000,5m,6.25443,5.91072,5.50648,0.24752,2
btc-updown-15m-1788999300,2026-09-10 00:15:00+00:00,1788999300,15m,12.2388,11.6839,10.5844,0.323413,2
btc-updown-5m-1788999300,2026-09-10 00:15:00+00:00,1788999300,5m,8.18619,7.82494,6.48157,0.363591,2
btc-updown-5m-1788999600,2026-09-10 00:20:00+00:00,1788999600,5m,7.26782,6.95969,6.12614,0.308036,2
btc-updown-5m-1788999900,2026-09-10 00:25:00+00:00,1788999900,5m,8.83098,8.64692,7.45555,0.410218,3
btc-updown-15m-1789000200,2026-09-10 00:30:00+00:00,1789000200,15m,11.7954,11.2575,12.1589,0.31002,2
btc-updown-5m-1789000200,2026-09-10 00:30:00+00:00,1789000200,5m,7.39966,7.16207,7.44575,0.316964,2
btc-updown-5m-1789000500,2026-09-10 00:35:00+00:00,1789000500,5m,8.26219,7.97763,8.0879,0.37004,2
btc-updown-5m-1789000800,2026-09-10 00:40:00+00:00,1789000800,5m,7.26111,7.04777,7.65429,0.307044,2
btc-updown-15m-1789001100,2026-09-10 00:45:00+00:00,1789001100,15m,13.9911,13.4796,12.7799,0.400298,3
btc-updown-5m-1789001100,2026-09-10 00:45:00+00:00,1789001100,5m,8.98482,8.76481,7.82605,0.421627,3
btc-updown-5m-1789001400,2026-09-10 00:50:00+00:00,1789001400,5m,8.52829,8.35093,8.3916,0.386409,2
btc-updown-5m-1789001700,2026-09-10 00:55:00+00:00,1789001700,5m,8.82223,8.70487,8.35975,0.410218,3
btc-updown-15m-1789002000,2026-09-10 01:00:00+00:00,1789002000,15m,13.4537,13.1111,14.5315,0.37748,2
btc-updown-5m-1789002000,2026-09-10 01:00:00+00:00,1789002000,5m,8.83342,8.77807,8.89869,0.410218,3
btc-updown-5m-1789002300,2026-09-10 01:05:00+00:00,1789002300,5m,8.68518,8.6515,8.70882,0.399306,2
btc-updown-5m-1789002600,2026-09-10 01:10:00+00:00,1789002600,5m,15.1472,14.7355,11.2887,0.775298,4
btc-updown-15m-1789002900,2026-09-10 01:15:00+00:00,1789002900,15m,17.1108,16.3995,18.9085,0.544643,3
btc-updown-5m-1789002900,2026-09-10 01:15:00+00:00,1789002900,5m,11.3748,10.9427,11.579,0.589286,3
btc-updown-5m-1789003200,2026-09-10 01:20:00+00:00,1789003200,5m,12.095,11.8006,12.0147,0.639881,4
btc-updown-5m-1789003500,2026-09-10 01:25:00+00:00,1789003500,5m,13.5584,13.1891,14.0255,0.706845,4
btc-updown-15m-1789003800,2026-09-10 01:30:00+00:00,1789003800,15m,15.6909,15.1836,20.9615,0.479167,3
btc-updown-5m-1789003800,2026-09-10 01:30:00+00:00,1789003800,5m,9.8493,9.62074,12.8363,0.487103,3
btc-updown-5m-1789004100,2026-09-10 01:35:00+00:00,1789004100,5m,13.235,12.9774,12.7045,0.69494,4
btc-updown-5m-1789004400,2026-09-10 01:40:00+00:00,1789004400,5m,12.9791,12.694,12.314,0.685516,4
btc-updown-15m-1789004700,2026-09-10 01:45:00+00:00,1789004700,15m,20.1759,19.3427,26.3765,0.64881,4
btc-updown-5m-1789004700,2026-09-10 01:45:00+00:00,1789004700,5m,13.7178,13.2715,16.1522,0.71131,4
btc-updown-5m-1789005000,2026-09-10 01:50:00+00:00,1789005000,5m,12.2501,11.8937,15.878,0.649306,4
btc-updown-5m-1789005300,2026-09-10 01:55:00+00:00,1789005300,5m,13.5979,13.0706,14.8278,0.708333,4
btc-updown-15m-1789005600,2026-09-10 02:00:00+00:00,1789005600,15m,18.0946,17.1468,22.818,0.587302,3
btc-updown-5m-1789005600,2026-09-10 02:00:00+00:00,1789005600,5m,11.7298,11.2042,13.9731,0.611607,4
btc-updown-5m-1789005900,2026-09-10 02:05:00+00:00,1789005900,5m,10.9729,10.3729,12.8577,0.56002,3
btc-updown-5m-1789006200,2026-09-10 02:10:00+00:00,1789006200,5m,10.6749,10.294,12.2198,0.541667,3
btc-updown-15m-1789006500,2026-09-10 02:15:00+00:00,1789006500,15m,15.4612,14.7021,18.8704,0.469246,3
btc-updown-5m-1789006500,2026-09-10 02:15:00+00:00,1789006500,5m,10.233,9.76142,11.5557,0.513889,3
btc-updown-5m-1789006800,2026-09-10 02:20:00+00:00,1789006800,5m,9.68488,9.20989,11.0195,0.477183,3
btc-updown-5m-1789007100,2026-09-10 02:25:00+00:00,1789007100,5m,9.34283,8.82781,10.2096,0.449405,3
btc-updown-15m-1789007400,2026-09-10 02:30:00+00:00,1789007400,15m,13.4606,12.3907,15.4844,0.37748,2
btc-updown-5m-1789007400,2026-09-10 02:30:00+00:00,1789007400,5m,9.30537,8.59719,9.48221,0.44494,3
btc-updown-5m-1789007700,2026-09-10 02:35:00+00:00,1789007700,5m,10.0286,9.50684,9.23738,0.500992,3
btc-updown-5m-1789008000,2026-09-10 02:40:00+00:00,1789008000,5m,11.295,10.967,9.3956,0.584821,3
btc-updown-15m-1789008300,2026-09-10 02:45:00+00:00,1789008300,15m,15.1183,14.5949,14.6962,0.459325,3
btc-updown-5m-1789008300,2026-09-10 02:45:00+00:00,1789008300,5m,9.31885,8.93926,8.99952,0.446429,3
btc-updown-5m-1789008600,2026-09-10 02:50:00+00:00,1789008600,5m,6.80876,6.42498,8.22015,0.282738,2
btc-updown-5m-1789008900,2026-09-10 02:55:00+00:00,1789008900,5m,8.03893,7.69755,8.00677,0.356151,2
btc-updown-15m-1789009200,2026-09-10 03:00:00+00:00,1789009200,15m,12.1629,11.4023,11.9471,0.31994,2
btc-updown-5m-1789009200,2026-09-10 03:00:00+00:00,1789009200,5m,6.53946,6.1625,7.31609,0.268353,2
btc-updown-5m-1789009500,2026-09-10 03:05:00+00:00,1789009500,5m,9.38555,8.94013,9.21243,0.450893,3
btc-updown-5m-1789009800,2026-09-10 03:10:00+00:00,1789009800,5m,8.6014,8.18487,9.82466,0.391369,2
btc-updown-15m-1789010100,2026-09-10 03:15:00+00:00,1789010100,15m,12.524,11.6897,14.5961,0.33631,2
btc-updown-5m-1789010100,2026-09-10 03:15:00+00:00,1789010100,5m,6.76349,6.27857,8.93827,0.280258,2
btc-updown-5m-1789010400,2026-09-10 03:20:00+00:00,1789010400,5m,7.30744,6.93401,8.35579,0.308532,2
btc-updown-5m-1789010700,2026-09-10 03:25:00+00:00,1789010700,5m,8.48241,8.02804,8.075,0.38244,2
btc-updown-15m-1789011000,2026-09-10 03:30:00+00:00,1789011000,15m,14.6022,13.7356,14.9494,0.431052,3
btc-updown-5m-1789011000,2026-09-10 03:30:00+00:00,1789011000,5m,10.1827,9.65609,9.15461,0.510913,3
btc-updown-5m-1789011300,2026-09-10 03:35:00+00:00,1789011300,5m,9.66956,9.15558,9.0428,0.477183,3
btc-updown-5m-1789011600,2026-09-10 03:40:00+00:00,1789011600,5m,8.55246,8.14574,9.31691,0.387897,2
btc-updown-15m-1789011900,2026-09-10 03:45:00+00:00,1789011900,15m,12.3711,11.6517,14.4141,0.329365,2
btc-updown-5m-1789011900,2026-09-10 03:45:00+00:00,1789011900,5m,8.12861,7.70833,8.82678,0.360615,2
btc-updown-5m-1789012200,2026-09-10 03:50:00+00:00,1789012200,5m,8.92201,8.53803,8.50072,0.416171,3
btc-updown-5m-1789012500,2026-09-10 03:55:00+00:00,1789012500,5m,8.38193,7.94622,9.04767,0.375496,2
btc-updown-15m-1789012800,2026-09-10 04:00:00+00:00,1789012800,15m,13.5845,13.077,14.323,0.383929,2
btc-updown-5m-1789012800,2026-09-10 04:00:00+00:00,1789012800,5m,8.51262,8.21427,8.77098,0.385913,2
btc-updown-5m-1789013100,2026-09-10 04:05:00+00:00,1789013100,5m,7.74222,7.2109,8.49588,0.338294,2
btc-updown-5m-1789013400,2026-09-10 04:10:00+00:00,1789013400,5m,7.65161,7.18923,8.3151,0.332837,2
btc-updown-15m-1789013700,2026-09-10 04:15:00+00:00,1789013700,15m,10.4589,9.68851,12.4034,0.260913,2
btc-updown-5m-1789013700,2026-09-10 04:15:00+00:00,1789013700,5m,6.8056,6.25336,7.5955,0.282242,2
btc-updown-5m-1789014000,2026-09-10 04:20:00+00:00,1789014000,5m,7.30519,6.80916,7.34598,0.308532,2
btc-updown-5m-1789014300,2026-09-10 04:25:00+00:00,1789014300,5m,6.51686,6.07536,6.80166,0.265873,2
btc-updown-15m-1789014600,2026-09-10 04:30:00+00:00,1789014600,15m,10.8805,10.0659,10.973,0.275794,2
btc-updown-5m-1789014600,2026-09-10 04:30:00+00:00,1789014600,5m,7.23097,6.76825,6.71955,0.30506,2
btc-updown-5m-1789014900,2026-09-10 04:35:00+00:00,1789014900,5m,5.91426,5.49377,6.60895,0.229663,2
btc-updown-5m-1789015200,2026-09-10 04:40:00+00:00,1789015200,5m,6.50973,6.08316,6.30004,0.265873,2
btc-updown-15m-1789015500,2026-09-10 04:45:00+00:00,1789015500,15m,10.6745,9.98764,9.78141,0.267361,2
btc-updown-5m-1789015500,2026-09-10 04:45:00+00:00,1789015500,5m,6.60373,6.12787,5.98987,0.273313,2
btc-updown-5m-1789015800,2026-09-10 04:50:00+00:00,1789015800,5m,6.49929,6.04191,6.1925,0.265377,2
btc-updown-5m-1789016100,2026-09-10 04:55:00+00:00,1789016100,5m,6.06986,5.67626,6.10695,0.237599,2
btc-updown-15m-1789016400,2026-09-10 05:00:00+00:00,1789016400,15m,10.7321,9.61158,11.0329,0.270833,2
btc-updown-5m-1789016400,2026-09-10 05:00:00+00:00,1789016400,5m,7.6966,7.16235,6.75627,0.335317,2
btc-updown-5m-1789016700,2026-09-10 05:05:00+00:00,1789016700,5m,8.7429,8.35818,6.97198,0.402778,3
btc-updown-5m-1789017000,2026-09-10 05:10:00+00:00,1789017000,5m,6.88282,6.42942,6.89616,0.287202,2
btc-updown-15m-1789017300,2026-09-10 05:15:00+00:00,1789017300,15m,12.7101,11.8296,11.7822,0.342262,2
btc-updown-5m-1789017300,2026-09-10 05:15:00+00:00,1789017300,5m,8.69959,8.27166,7.21511,0.400298,3
btc-updown-5m-1789017600,2026-09-10 05:20:00+00:00,1789017600,5m,8.14999,7.48187,7.99002,0.361607,2
btc-updown-5m-1789017900,2026-09-10 05:25:00+00:00,1789017900,5m,6.85206,6.39812,7.35875,0.285218,2
btc-updown-15m-1789018200,2026-09-10 05:30:00+00:00,1789018200,15m,14.7823,12.6949,17.9133,0.438988,3
btc-updown-5m-1789018200,2026-09-10 05:30:00+00:00,1789018200,5m,12.5977,11.2299,10.9696,0.664187,4
btc-updown-5m-1789018500,2026-09-10 05:35:00+00:00,1789018500,5m,8.88769,8.219,10.451,0.41369,3
btc-updown-5m-1789018800,2026-09-10 05:40:00+00:00,1789018800,5m,9.30965,8.60653,10.0054,0.44494,3
btc-updown-15m-1789019100,2026-09-10 05:45:00+00:00,1789019100,15m,10.9266,10.0372,15.1121,0.277778,2
btc-updown-5m-1789019100,2026-09-10 05:45:00+00:00,1789019100,5m,7.2115,6.67422,9.25426,0.304067,2
btc-updown-5m-1789019400,2026-09-10 05:50:00+00:00,1789019400,5m,6.46907,5.98821,8.43873,0.263393,2
btc-updown-5m-1789019700,2026-09-10 05:55:00+00:00,1789019700,5m,8.38965,7.80339,8.30373,0.376488,2
btc-updown-15m-1789020000,2026-09-10 06:00:00+00:00,1789020000,15m,13.3176,12.2161,13.4607,0.37252,2
btc-updown-5m-1789020000,2026-09-10 06:00:00+00:00,1789020000,5m,9.28184,8.67142,8.24297,0.44246,3
btc-updown-5m-1789020300,2026-09-10 06:05:00+00:00,1789020300,5m,7.4828,7.03852,7.6808,0.324405,2
btc-updown-5m-1789020600,2026-09-10 06:10:00+00:00,1789020600,5m,7.77672,7.35753,7.80767,0.34127,2
btc-updown-15m-1789020900,2026-09-10 06:15:00+00:00,1789020900,15m,14.8506,14.2291,14.8184,0.44246,3
btc-updown-5m-1789020900,2026-09-10 06:15:00+00:00,1789020900,5m,9.63508,9.08447,9.07437,0.473214,3
btc-updown-5m-1789021200,2026-09-10 06:20:00+00:00,1789021200,5m,12.168,11.7029,9.29725,0.644345,4
btc-updown-5m-1789021500,2026-09-10 06:25:00+00:00,1789021500,5m,9.91011,9.3652,8.65508,0.492063,3
btc-updown-15m-1789021800,2026-09-10 06:30:00+00:00,1789021800,15m,14.0054,13.2228,13.2321,0.40129,3
btc-updown-5m-1789021800,2026-09-10 06:30:00+00:00,1789021800,5m,8.38728,7.88461,8.10295,0.375992,2
btc-updown-5m-1789022100,2026-09-10 06:35:00+00:00,1789022100,5m,8.37704,7.87346,7.91597,0.375,2
btc-updown-5m-1789022400,2026-09-10 06:40:00+00:00,1789022400,5m,7.73187,7.15464,7.42226,0.337302,2
btc-updown-15m-1789022700,2026-09-10 06:45:00+00:00,1789022700,15m,14.5988,13.8936,14.605,0.430556,3
btc-updown-5m-1789022700,2026-09-10 06:45:00+00:00,1789022700,5m,9.97614,9.63371,8.94369,0.498512,3
btc-updown-5m-1789023000,2026-09-10 06:50:00+00:00,1789023000,5m,12.1495,11.7272,11.024,0.644345,4
btc-updown-5m-1789023300,2026-09-10 06:55:00+00:00,1789023300,5m,11.4714,10.9005,11.8261,0.596726,3
btc-updown-15m-1789023600,2026-09-10 07:00:00+00:00,1789023600,15m,15.8371,15.2715,18.0597,0.485615,3
btc-updown-5m-1789023600,2026-09-10 07:00:00+00:00,1789023600,5m,10.4105,9.94445,11.0593,0.524802,3
btc-updown-5m-1789023900,2026-09-10 07:05:00+00:00,1789023900,5m,10.2455,9.79055,10.7696,0.514881,3
btc-updown-5m-1789024200,2026-09-10 07:10:00+00:00,1789024200,5m,11.9005,11.5347,11.8237,0.624504,4
btc-updown-15m-1789024500,2026-09-10 07:15:00+00:00,1789024500,15m,16.5839,16.0134,18.2646,0.522817,3
btc-updown-5m-1789024500,2026-09-10 07:15:00+00:00,1789024500,5m,10.7084,10.288,11.1847,0.542163,3
btc-updown-5m-1789024800,2026-09-10 07:20:00+00:00,1789024800,5m,8.9764,8.37761,10.1729,0.420635,3
btc-updown-5m-1789025100,2026-09-10 07:25:00+00:00,1789025100,5m,9.85782,9.43151,9.75998,0.487103,3
btc-updown-15m-1789025400,2026-09-10 07:30:00+00:00,1789025400,15m,16.095,15.5025,15.1515,0.498016,3
btc-updown-5m-1789025400,2026-09-10 07:30:00+00:00,1789025400,5m,10.3219,9.87522,9.27837,0.521329,3
btc-updown-5m-1789025700,2026-09-10 07:35:00+00:00,1789025700,5m,10.729,10.2642,9.07491,0.544147,3
btc-updown-5m-1789026000,2026-09-10 07:40:00+00:00,1789026000,5m,10.0434,9.52019,9.20079,0.501984,3
btc-updown-15m-1789026300,2026-09-10 07:45:00+00:00,1789026300,15m,14.8964,14.1576,13.8233,0.443948,3
btc-updown-5m-1789026300,2026-09-10 07:45:00+00:00,1789026300,5m,8.6229,7.94973,8.46502,0.392361,2
btc-updown-5m-1789026600,2026-09-10 07:50:00+00:00,1789026600,5m,8.99857,8.53243,8.07744,0.422619,3
btc-updown-5m-1789026900,2026-09-10 07:55:00+00:00,1789026900,5m,9.50467,9.10554,8.47169,0.46131,3
btc-updown-15m-1789027200,2026-09-10 08:00:00+00:00,1789027200,15m,13.6032,13.2294,12.9324,0.383929,2
btc-updown-5m-1789027200,2026-09-10 08:00:00+00:00,1789027200,5m,8.49273,8.06306,7.91943,0.383433,2
btc-updown-5m-1789027500,2026-09-10 08:05:00+00:00,1789027500,5m,8.32642,7.99802,7.8346,0.371528,2
btc-updown-5m-1789027800,2026-09-10 08:10:00+00:00,1789027800,5m,8.72631,8.42311,7.65241,0.402282,3
btc-updown-15m-1789028100,2026-09-10 08:15:00+00:00,1789028100,15m,14.7646,14.3272,11.9919,0.4375,3
btc-updown-5m-1789028100,2026-09-10 08:15:00+00:00,1789028100,5m,8.63721,8.28281,7.34351,0.394841,2
btc-updown-5m-1789028400,2026-09-10 08:20:00+00:00,1789028400,5m,8.22282,7.98196,7.44805,0.366071,2
btc-updown-5m-1789028700,2026-09-10 08:25:00+00:00,1789028700,5m,8.74825,8.39535,7.35548,0.403274,3
btc-updown-15m-1789029000,2026-09-10 08:30:00+00:00,1789029000,15m,13.8614,13.616,13.5813,0.394841,2
btc-updown-5m-1789029000,2026-09-10 08:30:00+00:00,1789029000,5m,9.4803,9.14023,8.31683,0.459821,3
btc-updown-5m-1789029300,2026-09-10 08:35:00+00:00,1789029300,5m,9.3096,8.94882,9.03281,0.44494,3
btc-updown-5m-1789029600,2026-09-10 08:40:00+00:00,1789029600,5m,8.5188,8.16538,8.40875,0.386409,2
btc-updown-15m-1789029900,2026-09-10 08:45:00+00:00,1789029900,15m,12.7384,12.1931,12.8724,0.342758,2
btc-updown-5m-1789029900,2026-09-10 08:45:00+00:00,1789029900,5m,8.03676,7.72406,7.88272,0.355655,2
btc-updown-5m-1789030200,2026-09-10 08:50:00+00:00,1789030200,5m,7.45743,7.20153,7.33116,0.321925,2
btc-updown-5m-1789030500,2026-09-10 08:55:00+00:00,1789030500,5m,7.93902,7.66413,7.39634,0.349206,2
btc-updown-15m-1789030800,2026-09-10 09:00:00+00:00,1789030800,15m,11.7099,11.2236,11.3716,0.305556,2
btc-updown-5m-1789030800,2026-09-10 09:00:00+00:00,1789030800,5m,7.6715,7.42099,6.96366,0.334821,2
btc-updown-5m-1789031100,2026-09-10 09:05:00+00:00,1789031100,5m,7.87011,7.5634,6.56162,0.346726,2
btc-updown-5m-1789031400,2026-09-10 09:10:00+00:00,1789031400,5m,8.11189,7.86903,6.74145,0.360119,2
btc-updown-15m-1789031700,2026-09-10 09:15:00+00:00,1789031700,15m,10.9154,10.4723,11.1023,0.277282,2
btc-updown-5m-1789031700,2026-09-10 09:15:00+00:00,1789031700,5m,7.6556,7.39703,6.79873,0.333333,2
btc-updown-5m-1789032000,2026-09-10 09:20:00+00:00,1789032000,5m,7.83767,7.54977,6.54498,0.34375,2
btc-updown-5m-1789032300,2026-09-10 09:25:00+00:00,1789032300,5m,7.30222,7.05096,6.14471,0.308532,2
btc-updown-15m-1789032600,2026-09-10 09:30:00+00:00,1789032600,15m,11.2238,10.8411,11.6857,0.28869,2
btc-updown-5m-1789032600,2026-09-10 09:30:00+00:00,1789032600,5m,7.72954,7.51635,7.15597,0.337302,2
btc-updown-5m-1789032900,2026-09-10 09:35:00+00:00,1789032900,5m,8.20614,7.99671,7.68169,0.365575,2
btc-updown-5m-1789033200,2026-09-10 09:40:00+00:00,1789033200,5m,9.14402,8.80175,9.04694,0.433532,3
btc-updown-15m-1789033500,2026-09-10 09:45:00+00:00,1789033500,15m,14.4466,13.9623,14.6748,0.422123,3
btc-updown-5m-1789033500,2026-09-10 09:45:00+00:00,1789033500,5m,9.4704,9.24462,8.98644,0.459821,3
btc-updown-5m-1789033800,2026-09-10 09:50:00+00:00,1789033800,5m,8.1237,7.97647,8.58695,0.360119,2
btc-updown-5m-1789034100,2026-09-10 09:55:00+00:00,1789034100,5m,8.29008,8.03257,8.14741,0.370536,2
btc-updown-15m-1789034400,2026-09-10 10:00:00+00:00,1789034400,15m,11.7568,11.2376,13.4514,0.30754,2
btc-updown-5m-1789034400,2026-09-10 10:00:00+00:00,1789034400,5m,7.64273,7.44694,8.23726,0.332837,2
btc-updown-5m-1789034700,2026-09-10 10:05:00+00:00,1789034700,5m,7.73157,7.52724,8.45059,0.337302,2
btc-updown-5m-1789035000,2026-09-10 10:10:00+00:00,1789035000,5m,6.85758,6.67752,8.69272,0.285714,2
btc-updown-15m-1789035300,2026-09-10 10:15:00+00:00,1789035300,15m,10.6065,10.2167,13.9661,0.263393,2
btc-updown-5m-1789035300,2026-09-10 10:15:00+00:00,1789035300,5m,7.25979,7.14436,8.55244,0.307044,2
btc-updown-5m-1789035600,2026-09-10 10:20:00+00:00,1789035600,5m,6.71201,6.58535,8.24408,0.279266,2
btc-updown-5m-1789035900,2026-09-10 10:25:00+00:00,1789035900,5m,6.53648,6.46077,7.99272,0.267857,2
btc-updown-15m-1789036200,2026-09-10 10:30:00+00:00,1789036200,15m,9.93548,9.63089,12.6007,0.239583,2
btc-updown-5m-1789036200,2026-09-10 10:30:00+00:00,1789036200,5m,6.8916,6.81136,7.7163,0.287202,2
btc-updown-5m-1789036500,2026-09-10 10:35:00+00:00,1789036500,5m,7.91601,7.8769,8.40321,0.348214,2
btc-updown-5m-1789036800,2026-09-10 10:40:00+00:00,1789036800,5m,7.86155,7.71468,9.12981,0.345734,2
btc-updown-15m-1789037100,2026-09-10 10:45:00+00:00,1789037100,15m,11.154,10.7702,14.1114,0.286706,2
btc-updown-5m-1789037100,2026-09-10 10:45:00+00:00,1789037100,5m,7.51642,7.4151,8.64146,0.325893,2
btc-updown-5m-1789037400,2026-09-10 10:50:00+00:00,1789037400,5m,7.16271,7.03125,7.85994,0.301587,2
btc-updown-5m-1789037700,2026-09-10 10:55:00+00:00,1789037700,5m,7.54593,7.4686,7.71917,0.327381,2
btc-updown-15m-1789038000,2026-09-10 11:00:00+00:00,1789038000,15m,12.5881,12.0808,20.0928,0.337302,2
btc-updown-5m-1789038000,2026-09-10 11:00:00+00:00,1789038000,5m,9.55398,9.26241,12.3043,0.46627,3
btc-updown-5m-1789038300,2026-09-10 11:05:00+00:00,1789038300,5m,8.47415,8.25606,11.5477,0.381448,2
btc-updown-5m-1789038600,2026-09-10 11:10:00+00:00,1789038600,5m,9.02559,8.79654,13.2808,0.425595,3
btc-updown-15m-1789038900,2026-09-10 11:15:00+00:00,1789038900,15m,12.6564,12.0748,20.7867,0.340278,2
btc-updown-5m-1789038900,2026-09-10 11:15:00+00:00,1789038900,5m,9.34122,9.02688,12.7292,0.448413,3
btc-updown-5m-1789039200,2026-09-10 11:20:00+00:00,1789039200,5m,9.95255,9.53873,13.3105,0.49504,3
btc-updown-5m-1789039500,2026-09-10 11:25:00+00:00,1789039500,5m,8.74909,8.39765,12.2733,0.403274,3
btc-updown-15m-1789039800,2026-09-10 11:30:00+00:00,1789039800,15m,11.6388,11.0234,18.8951,0.304563,2
btc-updown-5m-1789039800,2026-09-10 11:30:00+00:00,1789039800,5m,8.3929,8.07797,11.5709,0.376488,2
btc-updown-5m-1789040100,2026-09-10 11:35:00+00:00,1789040100,5m,8.75521,8.35941,10.8171,0.40377,3
btc-updown-5m-1789040400,2026-09-10 11:40:00+00:00,1789040400,5m,7.86207,7.63,9.98899,0.345734,2
btc-updown-15m-1789040700,2026-09-10 11:45:00+00:00,1789040700,15m,11.173,10.6557,15.6653,0.287202,2
btc-updown-5m-1789040700,2026-09-10 11:45:00+00:00,1789040700,5m,7.54591,7.3335,9.593,0.327381,2
btc-updown-5m-1789041000,2026-09-10 11:50:00+00:00,1789041000,5m,8.42886,8.20878,10.0508,0.378968,2
btc-updown-5m-1789041300,2026-09-10 11:55:00+00:00,1789041300,5m,9.4471,9.12717,11.3935,0.457837,3
btc-updown-15m-1789041600,2026-09-10 12:00:00+00:00,1789041600,15m,11.8701,11.5476,18.7827,0.3125,2
btc-updown-5m-1789041600,2026-09-10 12:00:00+00:00,1789041600,5m,8.72005,8.47875,11.502,0.402282,3
btc-updown-5m-1789041900,2026-09-10 12:05:00+00:00,1789041900,5m,8.21992,7.88765,11.0318,0.366071,2
btc-updown-5m-1789042200,2026-09-10 12:10:00+00:00,1789042200,5m,8.61213,8.38083,10.5057,0.391865,2
btc-updown-15m-1789042500,2026-09-10 12:15:00+00:00,1789042500,15m,13.2782,12.9112,18.5728,0.371528,2
btc-updown-5m-1789042500,2026-09-10 12:15:00+00:00,1789042500,5m,10.6779,10.3636,11.3735,0.542163,3
btc-updown-5m-1789042800,2026-09-10 12:20:00+00:00,1789042800,5m,8.95122,8.62353,11.0157,0.417163,3
btc-updown-5m-1789043100,2026-09-10 12:25:00+00:00,1789043100,5m,9.37453,9.14253,11.2645,0.449901,3
btc-updown-15m-1789043400,2026-09-10 12:30:00+00:00,1789043400,15m,11.9905,11.6901,17.1283,0.316964,2
btc-updown-5m-1789043400,2026-09-10 12:30:00+00:00,1789043400,5m,8.29977,8.04869,10.4889,0.370536,2
btc-updown-5m-1789043700,2026-09-10 12:35:00+00:00,1789043700,5m,17.062,16.966,15.1391,0.834325,5
btc-updown-5m-1789044000,2026-09-10 12:40:00+00:00,1789044000,5m,81.2328,73.9672,21.7477,0.998512,5
btc-updown-15m-1789044300,2026-09-10 12:45:00+00:00,1789044300,15m,26.7354,24.7116,33.0405,0.813988,5
btc-updown-5m-1789044300,2026-09-10 12:45:00+00:00,1789044300,5m,17.4064,16.3105,20.2331,0.840278,5
btc-updown-5m-1789044600,2026-09-10 12:50:00+00:00,1789044600,5m,20.2027,18.579,21.3927,0.891369,5
btc-updown-5m-1789044900,2026-09-10 12:55:00+00:00,1789044900,5m,27.834,26.3272,22.0181,0.960317,5
btc-updown-15m-1789045200,2026-09-10 13:00:00+00:00,1789045200,15m,43.4534,39.6062,38.1351,0.945933,5
btc-updown-5m-1789045200,2026-09-10 13:00:00+00:00,1789045200,5m,27.4094,25.3563,23.3529,0.956349,5
btc-updown-5m-1789045500,2026-09-10 13:05:00+00:00,1789045500,5m,26.4805,25.5748,22.3214,0.950397,5
btc-updown-5m-1789045800,2026-09-10 13:10:00+00:00,1789045800,5m,19.2051,18.7358,21.1153,0.87748,5
btc-updown-15m-1789046100,2026-09-10 13:15:00+00:00,1789046100,15m,31.974,30.6359,34.1552,0.880456,5
btc-updown-5m-1789046100,2026-09-10 13:15:00+00:00,1789046100,5m,20.8861,20.6188,20.9157,0.898313,5
btc-updown-5m-1789046400,2026-09-10 13:20:00+00:00,1789046400,5m,18.3248,17.8081,19.4615,0.860615,5
btc-updown-5m-1789046700,2026-09-10 13:25:00+00:00,1789046700,5m,19.0025,18.7278,19.9935,0.873016,5
btc-updown-15m-1789047000,2026-09-10 13:30:00+00:00,1789047000,15m,27.5013,26.4382,30.531,0.826389,5
btc-updown-5m-1789047000,2026-09-10 13:30:00+00:00,1789047000,5m,18.3509,18.1604,18.6964,0.860615,5
btc-updown-5m-1789047300,2026-09-10 13:35:00+00:00,1789047300,5m,17.8664,17.8114,19.7062,0.853175,5
btc-updown-5m-1789047600,2026-09-10 13:40:00+00:00,1789047600,5m,18.2426,17.9981,20.1076,0.858631,5
btc-updown-15m-1789047900,2026-09-10 13:45:00+00:00,1789047900,15m,22.9841,22.2083,31.1854,0.730159,4
btc-updown-5m-1789047900,2026-09-10 13:45:00+00:00,1789047900,5m,15.6691,15.4891,19.0971,0.790675,4
btc-updown-5m-1789048200,2026-09-10 13:50:00+00:00,1789048200,5m,16.6291,16.3345,18.1962,0.822917,5
btc-updown-5m-1789048500,2026-09-10 13:55:00+00:00,1789048500,5m,18.8572,19.008,21.2447,0.872024,5
btc-updown-15m-1789048800,2026-09-10 14:00:00+00:00,1789048800,15m,24.6469,23.7509,31.5856,0.768849,4
btc-updown-5m-1789048800,2026-09-10 14:00:00+00:00,1789048800,5m,17.1146,16.6577,19.3422,0.834325,5
btc-updown-5m-1789049100,2026-09-10 14:05:00+00:00,1789049100,5m,17.3389,16.9491,18.7217,0.839286,5
btc-updown-5m-1789049400,2026-09-10 14:10:00+00:00,1789049400,5m,17.556,17.4694,19.194,0.843254,5
btc-updown-15m-1789049700,2026-09-10 14:15:00+00:00,1789049700,15m,22.5049,21.8832,30.1928,0.718254,4
btc-updown-5m-1789049700,2026-09-10 14:15:00+00:00,1789049700,5m,16.8479,16.6168,18.4892,0.828373,5
btc-updown-5m-1789050000,2026-09-10 14:20:00+00:00,1789050000,5m,16.4204,16.2801,17.4684,0.81746,5
btc-updown-5m-1789050300,2026-09-10 14:25:00+00:00,1789050300,5m,16.04,16.0088,17.8663,0.804067,5
btc-updown-15m-1789050600,2026-09-10 14:30:00+00:00,1789050600,15m,27.668,26.9136,30.8597,0.828373,5
btc-updown-5m-1789050600,2026-09-10 14:30:00+00:00,1789050600,5m,18.5616,18.5115,18.8976,0.864087,5
btc-updown-5m-1789050900,2026-09-10 14:35:00+00:00,1789050900,5m,17.2405,17.0508,18.0506,0.837302,5
btc-updown-5m-1789051200,2026-09-10 14:40:00+00:00,1789051200,5m,16.627,16.4174,17.1453,0.822917,5
btc-updown-15m-1789051500,2026-09-10 14:45:00+00:00,1789051500,15m,22.2803,21.4174,26.0842,0.712302,4
btc-updown-5m-1789051500,2026-09-10 14:45:00+00:00,1789051500,5m,14.996,14.8255,15.9733,0.769345,4
btc-updown-5m-1789051800,2026-09-10 14:50:00+00:00,1789051800,5m,14.5678,14.3335,15.396,0.755456,4
btc-updown-5m-1789052100,2026-09-10 14:55:00+00:00,1789052100,5m,14.1706,14.0331,14.9035,0.732143,4
btc-updown-15m-1789052400,2026-09-10 15:00:00+00:00,1789052400,15m,21.0611,20.4015,22.4813,0.679067,4
btc-updown-5m-1789052400,2026-09-10 15:00:00+00:00,1789052400,5m,14.0744,13.7656,13.767,0.727679,4
btc-updown-5m-1789052700,2026-09-10 15:05:00+00:00,1789052700,5m,13.949,13.7356,14.115,0.72123,4
btc-updown-5m-1789053000,2026-09-10 15:10:00+00:00,1789053000,5m,13.3067,13.0249,13.8908,0.698909,4
btc-updown-15m-1789053300,2026-09-10 15:15:00+00:00,1789053300,15m,19.3956,18.6069,22.4942,0.626488,4
btc-updown-5m-1789053300,2026-09-10 15:15:00+00:00,1789053300,5m,13.383,13.0047,13.7748,0.702381,4
btc-updown-5m-1789053600,2026-09-10 15:20:00+00:00,1789053600,5m,13.5483,13.2417,13.3108,0.706845,4
btc-updown-5m-1789053900,2026-09-10 15:25:00+00:00,1789053900,5m,14.8665,14.6679,12.9454,0.764385,4
btc-updown-15m-1789054200,2026-09-10 15:30:00+00:00,1789054200,15m,22.3005,21.3879,19.6881,0.712302,4
btc-updown-5m-1789054200,2026-09-10 15:30:00+00:00,1789054200,5m,14.5236,14.3728,12.0565,0.753472,4
btc-updown-5m-1789054500,2026-09-10 15:35:00+00:00,1789054500,5m,14.3299,14.0295,11.7945,0.739583,4
btc-updown-5m-1789054800,2026-09-10 15:40:00+00:00,1789054800,5m,13.6797,13.265,12.6783,0.710317,4
btc-updown-15m-1789055100,2026-09-10 15:45:00+00:00,1789055100,15m,21.5483,20.5068,19.9872,0.69246,4
btc-updown-5m-1789055100,2026-09-10 15:45:00+00:00,1789055100,5m,13.2287,12.808,12.2396,0.69494,4
btc-updown-5m-1789055400,2026-09-10 15:50:00+00:00,1789055400,5m,13.9558,13.5365,13.2169,0.72123,4
btc-updown-5m-1789055700,2026-09-10 15:55:00+00:00,1789055700,5m,13.3436,12.9859,12.6572,0.700893,4
btc-updown-15m-1789056000,2026-09-10 16:00:00+00:00,1789056000,15m,20.5337,19.4511,19.4885,0.662698,4
btc-updown-5m-1789056000,2026-09-10 16:00:00+00:00,1789056000,5m,12.9362,12.5061,11.9342,0.68254,4
btc-updown-5m-1789056300,2026-09-10 16:05:00+00:00,1789056300,5m,15.4417,15.0836,13.1003,0.782738,4
btc-updown-5m-1789056600,2026-09-10 16:10:00+00:00,1789056600,5m,16.8968,16.6264,13.2922,0.828869,5
btc-updown-15m-1789056900,2026-09-10 16:15:00+00:00,1789056900,15m,25.8217,24.8242,20.9573,0.796131,4
btc-updown-5m-1789056900,2026-09-10 16:15:00+00:00,1789056900,5m,16.5093,16.1136,12.8337,0.821429,5
btc-updown-5m-1789057200,2026-09-10 16:20:00+00:00,1789057200,5m,16.6503,16.1457,12.3011,0.823909,5
btc-updown-5m-1789057500,2026-09-10 16:25:00+00:00,1789057500,5m,15.4093,15.0414,13.8052,0.781746,4
btc-updown-15m-1789057800,2026-09-10 16:30:00+00:00,1789057800,15m,24.8457,23.6379,20.9011,0.774306,4
btc-updown-5m-1789057800,2026-09-10 16:30:00+00:00,1789057800,5m,15.8115,15.2481,12.7993,0.796627,4
btc-updown-5m-1789058100,2026-09-10 16:35:00+00:00,1789058100,5m,15.4382,14.9956,11.9645,0.782738,4
btc-updown-5m-1789058400,2026-09-10 16:40:00+00:00,1789058400,5m,16.6405,16.2649,14.2439,0.823413,5
btc-updown-15m-1789058700,2026-09-10 16:45:00+00:00,1789058700,15m,22.9957,22.185,22.5389,0.730159,4
btc-updown-5m-1789058700,2026-09-10 16:45:00+00:00,1789058700,5m,14.6712,14.3197,13.8022,0.759425,4
btc-updown-5m-1789059000,2026-09-10 16:50:00+00:00,1789059000,5m,14.8455,14.5586,14.5287,0.763889,4
btc-updown-5m-1789059300,2026-09-10 16:55:00+00:00,1789059300,5m,14.3681,13.8309,13.5925,0.741567,4
btc-updown-15m-1789059600,2026-09-10 17:00:00+00:00,1789059600,15m,21.3812,20.6542,21.607,0.687004,4
btc-updown-5m-1789059600,2026-09-10 17:00:00+00:00,1789059600,5m,13.7198,13.393,13.2316,0.71131,4
btc-updown-5m-1789059900,2026-09-10 17:05:00+00:00,1789059900,5m,13.8374,13.5229,12.8811,0.718254,4
btc-updown-5m-1789060200,2026-09-10 17:10:00+00:00,1789060200,5m,12.5226,12.1107,11.8018,0.661706,4
btc-updown-15m-1789060500,2026-09-10 17:15:00+00:00,1789060500,15m,19.3087,18.4049,18.1979,0.625,4
btc-updown-5m-1789060500,2026-09-10 17:15:00+00:00,1789060500,5m,11.7828,11.4585,11.1439,0.614583,4
btc-updown-5m-1789060800,2026-09-10 17:20:00+00:00,1789060800,5m,11.5083,11.0499,10.2038,0.597718,3
btc-updown-5m-1789061100,2026-09-10 17:25:00+00:00,1789061100,5m,10.5289,10.1518,10.1232,0.529266,3
btc-updown-15m-1789061400,2026-09-10 17:30:00+00:00,1789061400,15m,18.0132,17.398,17.4134,0.582837,3
btc-updown-5m-1789061400,2026-09-10 17:30:00+00:00,1789061400,5m,11.2861,11.0544,10.6635,0.584821,3
btc-updown-5m-1789061700,2026-09-10 17:35:00+00:00,1789061700,5m,11.0906,10.7481,10.4231,0.56746,3
btc-updown-5m-1789062000,2026-09-10 17:40:00+00:00,1789062000,5m,12.8189,12.4632,12.4024,0.677579,4
btc-updown-15m-1789062300,2026-09-10 17:45:00+00:00,1789062300,15m,19.9814,19.2726,18.9185,0.646825,4
btc-updown-5m-1789062300,2026-09-10 17:45:00+00:00,1789062300,5m,11.8947,11.6708,11.5852,0.623512,4
btc-updown-5m-1789062600,2026-09-10 17:50:00+00:00,1789062600,5m,10.8843,10.5264,10.9875,0.555556,3
btc-updown-5m-1789062900,2026-09-10 17:55:00+00:00,1789062900,5m,10.4945,10.1528,10.4482,0.528274,3
btc-updown-15m-1789063200,2026-09-10 18:00:00+00:00,1789063200,15m,16.3236,15.3752,15.9314,0.505952,3
btc-updown-5m-1789063200,2026-09-10 18:00:00+00:00,1789063200,5m,10.0437,9.5862,9.75597,0.501984,3
btc-updown-5m-1789063500,2026-09-10 18:05:00+00:00,1789063500,5m,13.2731,12.8596,10.2162,0.697421,4
btc-updown-5m-1789063800,2026-09-10 18:10:00+00:00,1789063800,5m,14.0925,13.7207,10.2303,0.728671,4
btc-updown-15m-1789064100,2026-09-10 18:15:00+00:00,1789064100,15m,25.5634,24.5801,17.7895,0.791667,4
btc-updown-5m-1789064100,2026-09-10 18:15:00+00:00,1789064100,5m,14.2479,13.8138,10.8938,0.738591,4
btc-updown-5m-1789064400,2026-09-10 18:20:00+00:00,1789064400,5m,13.4424,12.9566,10.4051,0.704365,4
btc-updown-5m-1789064700,2026-09-10 18:25:00+00:00,1789064700,5m,12.8173,12.4396,10.2814,0.677579,4
btc-updown-15m-1789065000,2026-09-10 18:30:00+00:00,1789065000,15m,19.6877,18.8028,15.4307,0.635417,4
btc-updown-5m-1789065000,2026-09-10 18:30:00+00:00,1789065000,5m,11.9378,11.4394,9.44933,0.62996,4
btc-updown-5m-1789065300,2026-09-10 18:35:00+00:00,1789065300,5m,12.3444,11.8446,9.25616,0.652282,4
btc-updown-5m-1789065600,2026-09-10 18:40:00+00:00,1789065600,5m,11.019,10.7344,9.41826,0.562996,3
btc-updown-15m-1789065900,2026-09-10 18:45:00+00:00,1789065900,15m,18.8319,17.9106,14.4629,0.609127,4
btc-updown-5m-1789065900,2026-09-10 18:45:00+00:00,1789065900,5m,10.5898,10.1982,8.8567,0.537202,3
btc-updown-5m-1789066200,2026-09-10 18:50:00+00:00,1789066200,5m,10.6678,10.1789,8.3202,0.541171,3
btc-updown-5m-1789066500,2026-09-10 18:55:00+00:00,1789066500,5m,11.8682,11.5846,9.92814,0.619048,4
btc-updown-15m-1789066800,2026-09-10 19:00:00+00:00,1789066800,15m,17.7125,16.9768,15.5591,0.567956,3
btc-updown-5m-1789066800,2026-09-10 19:00:00+00:00,1789066800,5m,10.6041,10.2993,9.52798,0.537202,3
btc-updown-5m-1789067100,2026-09-10 19:05:00+00:00,1789067100,5m,10.6539,10.2703,9.4354,0.540675,3
btc-updown-5m-1789067400,2026-09-10 19:10:00+00:00,1789067400,5m,10.2683,9.92386,8.95097,0.517857,3
btc-updown-15m-1789067700,2026-09-10 19:15:00+00:00,1789067700,15m,18.1779,17.1463,14.6559,0.589286,3
btc-updown-5m-1789067700,2026-09-10 19:15:00+00:00,1789067700,5m,10.7449,10.2625,8.97488,0.544643,3
btc-updown-5m-1789068000,2026-09-10 19:20:00+00:00,1789068000,5m,9.79427,9.30277,8.27377,0.484127,3
btc-updown-5m-1789068300,2026-09-10 19:25:00+00:00,1789068300,5m,9.47179,9.10184,7.98153,0.459821,3
btc-updown-15m-1789068600,2026-09-10 19:30:00+00:00,1789068600,15m,15.1435,14.55,13.7217,0.459325,3
btc-updown-5m-1789068600,2026-09-10 19:30:00+00:00,1789068600,5m,8.71129,8.45024,8.4028,0.401786,3
btc-updown-5m-1789068900,2026-09-10 19:35:00+00:00,1789068900,5m,9.30739,8.94514,8.54503,0.44494,3
btc-updown-5m-1789069200,2026-09-10 19:40:00+00:00,1789069200,5m,8.95149,8.67218,8.3996,0.417163,3
btc-updown-15m-1789069500,2026-09-10 19:45:00+00:00,1789069500,15m,15.9207,15.4374,14.1211,0.490079,3
btc-updown-5m-1789069500,2026-09-10 19:45:00+00:00,1789069500,5m,9.64001,9.43558,8.64738,0.474702,3
btc-updown-5m-1789069800,2026-09-10 19:50:00+00:00,1789069800,5m,9.43134,9.09717,8.68453,0.457341,3
btc-updown-5m-1789070100,2026-09-10 19:55:00+00:00,1789070100,5m,9.66078,9.41849,9.63773,0.476687,3
btc-updown-15m-1789070400,2026-09-10 20:00:00+00:00,1789070400,15m,15.113,14.6454,15.5862,0.459325,3
btc-updown-5m-1789070400,2026-09-10 20:00:00+00:00,1789070400,5m,9.45785,9.29957,9.54456,0.458829,3
btc-updown-5m-1789070700,2026-09-10 20:05:00+00:00,1789070700,5m,9.11317,8.83024,9.20205,0.43006,3
btc-updown-5m-1789071000,2026-09-10 20:10:00+00:00,1789071000,5m,9.08617,8.84294,9.12691,0.429563,3
btc-updown-15m-1789071300,2026-09-10 20:15:00+00:00,1789071300,15m,13.7828,13.3662,14.0296,0.391369,2
btc-updown-5m-1789071300,2026-09-10 20:15:00+00:00,1789071300,5m,8.38479,8.2502,8.59134,0.375992,2
btc-updown-5m-1789071600,2026-09-10 20:20:00+00:00,1789071600,5m,8.59528,8.36506,8.02329,0.391369,2
btc-updown-5m-1789071900,2026-09-10 20:25:00+00:00,1789071900,5m,7.59913,7.36724,7.42122,0.330357,2
btc-updown-15m-1789072200,2026-09-10 20:30:00+00:00,1789072200,15m,12.3777,11.9509,12.5092,0.330357,2
btc-updown-5m-1789072200,2026-09-10 20:30:00+00:00,1789072200,5m,7.88464,7.64908,7.6603,0.346726,2
btc-updown-5m-1789072500,2026-09-10 20:35:00+00:00,1789072500,5m,8.25723,8.03119,7.40271,0.369544,2
btc-updown-5m-1789072800,2026-09-10 20:40:00+00:00,1789072800,5m,8.079,7.88827,6.91923,0.357143,2
btc-updown-15m-1789073100,2026-09-10 20:45:00+00:00,1789073100,15m,10.7869,10.4895,10.4279,0.273313,2
btc-updown-5m-1789073100,2026-09-10 20:45:00+00:00,1789073100,5m,6.7326,6.60532,6.38577,0.279762,2
btc-updown-5m-1789073400,2026-09-10 20:50:00+00:00,1789073400,5m,7.45345,7.3169,6.40693,0.321925,2
btc-updown-5m-1789073700,2026-09-10 20:55:00+00:00,1789073700,5m,6.49649,6.3267,6.04255,0.265377,2
btc-updown-15m-1789074000,2026-09-10 21:00:00+00:00,1789074000,15m,8.13327,7.88428,9.27661,0.165675,1
btc-updown-5m-1789074000,2026-09-10 21:00:00+00:00,1789074000,5m,5.49802,5.32219,5.68074,0.206845,2
btc-updown-5m-1789074300,2026-09-10 21:05:00+00:00,1789074300,5m,5.28461,5.12409,5.43395,0.195437,1
btc-updown-5m-1789074600,2026-09-10 21:10:00+00:00,1789074600,5m,6.00157,5.82229,5.98956,0.235119,2
btc-updown-15m-1789074900,2026-09-10 21:15:00+00:00,1789074900,15m,9.01873,8.72636,10.2661,0.205357,2
btc-updown-5m-1789074900,2026-09-10 21:15:00+00:00,1789074900,5m,6.72561,6.53124,6.2867,0.279762,2
btc-updown-5m-1789075200,2026-09-10 21:20:00+00:00,1789075200,5m,6.34303,6.17197,6.09194,0.253472,2
btc-updown-5m-1789075500,2026-09-10 21:25:00+00:00,1789075500,5m,5.10161,4.9319,5.54239,0.178571,1
btc-updown-15m-1789075800,2026-09-10 21:30:00+00:00,1789075800,15m,5.85636,5.50669,8.24137,0.0877976,1
btc-updown-5m-1789075800,2026-09-10 21:30:00+00:00,1789075800,5m,3.81366,3.55745,5.04679,0.101687,1
btc-updown-5m-1789076100,2026-09-10 21:35:00+00:00,1789076100,5m,4.45956,4.24956,4.8372,0.128472,1
btc-updown-5m-1789076400,2026-09-10 21:40:00+00:00,1789076400,5m,4.47714,4.24781,5.00413,0.129464,1
btc-updown-15m-1789076700,2026-09-10 21:45:00+00:00,1789076700,15m,7.48237,7.20311,8.1108,0.138889,1
btc-updown-5m-1789076700,2026-09-10 21:45:00+00:00,1789076700,5m,5.35981,5.17265,4.96683,0.199405,1
btc-updown-5m-1789077000,2026-09-10 21:50:00+00:00,1789077000,5m,5.13544,4.94457,5.09608,0.18006,1
btc-updown-5m-1789077300,2026-09-10 21:55:00+00:00,1789077300,5m,4.58045,4.42858,5.06665,0.138889,1
btc-updown-15m-1789077600,2026-09-10 22:00:00+00:00,1789077600,15m,7.16616,6.92869,8.11926,0.125496,1
btc-updown-5m-1789077600,2026-09-10 22:00:00+00:00,1789077600,5m,4.89872,4.75886,4.97201,0.163194,1
btc-updown-5m-1789077900,2026-09-10 22:05:00+00:00,1789077900,5m,6.21922,6.09485,6.67529,0.243552,2
btc-updown-5m-1789078200,2026-09-10 22:10:00+00:00,1789078200,5m,6.07972,5.91253,6.89156,0.237599,2
btc-updown-15m-1789078500,2026-09-10 22:15:00+00:00,1789078500,15m,9.68661,9.28423,11.5229,0.230655,2
btc-updown-5m-1789078500,2026-09-10 22:15:00+00:00,1789078500,5m,7.03965,6.81953,7.05628,0.292659,2
btc-updown-5m-1789078800,2026-09-10 22:20:00+00:00,1789078800,5m,5.82076,5.63626,6.96966,0.225694,2
btc-updown-5m-1789079100,2026-09-10 22:25:00+00:00,1789079100,5m,5.66084,5.53691,6.96322,0.217262,2
btc-updown-15m-1789079400,2026-09-10 22:30:00+00:00,1789079400,15m,7.69275,7.49022,10.7292,0.147817,1
btc-updown-5m-1789079400,2026-09-10 22:30:00+00:00,1789079400,5m,5.56965,5.48381,6.57026,0.214286,2
btc-updown-5m-1789079700,2026-09-10 22:35:00+00:00,1789079700,5m,9.07937,8.93561,7.11666,0.429067,3
btc-updown-5m-1789080000,2026-09-10 22:40:00+00:00,1789080000,5m,11.7804,11.5244,7.59953,0.614087,4
btc-updown-15m-1789080300,2026-09-10 22:45:00+00:00,1789080300,15m,17.8955,17.7756,12.0623,0.578373,3
btc-updown-5m-1789080300,2026-09-10 22:45:00+00:00,1789080300,5m,9.65589,9.32784,7.38661,0.476687,3
btc-updown-5m-1789080600,2026-09-10 22:50:00+00:00,1789080600,5m,9.79194,9.52288,7.47275,0.484127,3
btc-updown-5m-1789080900,2026-09-10 22:55:00+00:00,1789080900,5m,8.92603,8.69678,7.23109,0.416171,3
btc-updown-15m-1789081200,2026-09-10 23:00:00+00:00,1789081200,15m,14.6686,14.3664,11.4136,0.434028,3
btc-updown-5m-1789081200,2026-09-10 23:00:00+00:00,1789081200,5m,8.58389,8.42168,6.98936,0.390873,2
btc-updown-5m-1789081500,2026-09-10 23:05:00+00:00,1789081500,5m,9.65343,9.55316,7.97702,0.47619,3
btc-updown-5m-1789081800,2026-09-10 23:10:00+00:00,1789081800,5m,21.535,20.9517,12.937,0.910714,5
btc-updown-15m-1789082100,2026-09-10 23:15:00+00:00,1789082100,15m,28.5088,28.1809,22.4404,0.837302,5
btc-updown-5m-1789082100,2026-09-10 23:15:00+00:00,1789082100,5m,18.1762,17.8786,13.7419,0.857639,5
btc-updown-5m-1789082400,2026-09-10 23:20:00+00:00,1789082400,5m,21.0668,20.3839,18.6879,0.899802,5
btc-updown-5m-1789082700,2026-09-10 23:25:00+00:00,1789082700,5m,18.1732,17.4957,18.0697,0.857639,5
btc-updown-15m-1789083000,2026-09-10 23:30:00+00:00,1789083000,15m,24.5983,23.882,26.9998,0.767361,4
btc-updown-5m-1789083000,2026-09-10 23:30:00+00:00,1789083000,5m,15.6075,15.2212,16.5339,0.787202,4
btc-updown-5m-1789083300,2026-09-10 23:35:00+00:00,1789083300,5m,14.8343,14.657,15.7271,0.763889,4
btc-updown-5m-1789083600,2026-09-10 23:40:00+00:00,1789083600,5m,11.4108,11.2386,14.3037,0.590774,3
btc-updown-15m-1789083900,2026-09-10 23:45:00+00:00,1789083900,15m,19.97,19.0296,21.7257,0.646825,4
btc-updown-5m-1789083900,2026-09-10 23:45:00+00:00,1789083900,5m,11.7305,11.3941,13.3042,0.611607,4
btc-updown-5m-1789084200,2026-09-10 23:50:00+00:00,1789084200,5m,10.5864,10.0624,12.2507,0.536706,3
btc-updown-5m-1789084500,2026-09-10 23:55:00+00:00,1789084500,5m,11.1109,10.6937,11.4743,0.568948,3
btc-updown-15m-1789084800,2026-09-11 00:00:00+00:00,1789084800,15m,18.5791,17.9432,19.2862,0.599702,3
btc-updown-5m-1789084800,2026-09-11 00:00:00+00:00,1789084800,5m,11.7301,11.511,11.8103,0.611607,4
btc-updown-5m-1789085100,2026-09-11 00:05:00+00:00,1789085100,5m,12.1528,12.0498,12.2817,0.644345,4
btc-updown-5m-1789085400,2026-09-11 00:10:00+00:00,1789085400,5m,11.8719,11.8569,12.3235,0.619048,4
btc-updown-15m-1789085700,2026-09-11 00:15:00+00:00,1789085700,15m,17.1534,16.4933,18.6611,0.546627,3
btc-updown-5m-1789085700,2026-09-11 00:15:00+00:00,1789085700,5m,10.0369,9.85,11.4275,0.501984,3
btc-updown-5m-1789086000,2026-09-11 00:20:00+00:00,1789086000,5m,8.90213,8.30335,10.392,0.414683,3
btc-updown-5m-1789086300,2026-09-11 00:25:00+00:00,1789086300,5m,9.20286,8.98564,10.2677,0.435516,3
btc-updown-15m-1789086600,2026-09-11 00:30:00+00:00,1789086600,15m,15.4405,14.6377,17.0419,0.469246,3
btc-updown-5m-1789086600,2026-09-11 00:30:00+00:00,1789086600,5m,9.98561,9.72816,10.436,0.499008,3
btc-updown-5m-1789086900,2026-09-11 00:35:00+00:00,1789086900,5m,11.8048,11.5868,11.9746,0.615575,4
btc-updown-5m-1789087200,2026-09-11 00:40:00+00:00,1789087200,5m,10.6306,10.3583,12.356,0.540179,3
btc-updown-15m-1789087500,2026-09-11 00:45:00+00:00,1789087500,15m,15.5196,14.8557,19.424,0.471726,3
btc-updown-5m-1789087500,2026-09-11 00:45:00+00:00,1789087500,5m,10.1209,9.93863,11.8947,0.507937,3
btc-updown-5m-1789087800,2026-09-11 00:50:00+00:00,1789087800,5m,9.41148,9.17302,11.0677,0.454861,3
btc-updown-5m-1789088100,2026-09-11 00:55:00+00:00,1789088100,5m,9.27398,9.10339,10.719,0.441468,3
btc-updown-15m-1789088400,2026-09-11 01:00:00+00:00,1789088400,15m,13.9895,13.4257,16.9101,0.400298,3
btc-updown-5m-1789088400,2026-09-11 01:00:00+00:00,1789088400,5m,9.1806,9.0637,10.3553,0.434524,3
btc-updown-5m-1789088700,2026-09-11 01:05:00+00:00,1789088700,5m,8.74513,8.6998,9.87866,0.403274,3
btc-updown-5m-1789089000,2026-09-11 01:10:00+00:00,1789089000,5m,8.53414,8.35825,9.44079,0.386905,2
btc-updown-15m-1789089300,2026-09-11 01:15:00+00:00,1789089300,15m,13.5438,13.0561,14.7012,0.38244,2
btc-updown-5m-1789089300,2026-09-11 01:15:00+00:00,1789089300,5m,9.0044,8.84334,9.00263,0.422619,3
btc-updown-5m-1789089600,2026-09-11 01:20:00+00:00,1789089600,5m,8.74701,8.57075,8.89378,0.403274,3
btc-updown-5m-1789089900,2026-09-11 01:25:00+00:00,1789089900,5m,10.6902,10.3582,12.2805,0.542163,3
btc-updown-15m-1789090200,2026-09-11 01:30:00+00:00,1789090200,15m,14.7416,14.2079,20.3717,0.436508,3
btc-updown-5m-1789090200,2026-09-11 01:30:00+00:00,1789090200,5m,9.9871,9.83352,12.475,0.499008,3
btc-updown-5m-1789090500,2026-09-11 01:35:00+00:00,1789090500,5m,12.7832,12.4791,11.9186,0.675595,4
btc-updown-5m-1789090800,2026-09-11 01:40:00+00:00,1789090800,5m,12.5669,12.3455,15.0585,0.66369,4
btc-updown-15m-1789091100,2026-09-11 01:45:00+00:00,1789091100,15m,19.1182,18.7041,24.9317,0.618552,4
btc-updown-5m-1789091100,2026-09-11 01:45:00+00:00,1789091100,5m,13.4096,13.2957,15.2675,0.704365,4
btc-updown-5m-1789091400,2026-09-11 01:50:00+00:00,1789091400,5m,11.8766,11.7513,14.8501,0.62004,4
btc-updown-5m-1789091700,2026-09-11 01:55:00+00:00,1789091700,5m,8.75224,8.47276,13.4867,0.40377,3
btc-updown-15m-1789092000,2026-09-11 02:00:00+00:00,1789092000,15m,12.7475,11.9638,20.2184,0.342758,2
btc-updown-5m-1789092000,2026-09-11 02:00:00+00:00,1789092000,5m,7.44907,7.03245,12.3812,0.321925,2
btc-updown-5m-1789092300,2026-09-11 02:05:00+00:00,1789092300,5m,8.53101,8.21601,11.3324,0.386409,2
btc-updown-5m-1789092600,2026-09-11 02:10:00+00:00,1789092600,5m,9.19259,8.9417,11.6894,0.435516,3
btc-updown-15m-1789092900,2026-09-11 02:15:00+00:00,1789092900,15m,13.5634,12.9913,18.2856,0.383433,2
btc-updown-5m-1789092900,2026-09-11 02:15:00+00:00,1789092900,5m,8.83931,8.69247,11.1976,0.411706,3
btc-updown-5m-1789093200,2026-09-11 02:20:00+00:00,1789093200,5m,10.2574,9.98718,11.2112,0.516865,3
btc-updown-5m-1789093500,2026-09-11 02:25:00+00:00,1789093500,5m,9.40964,9.08689,10.3193,0.454365,3
btc-updown-15m-1789093800,2026-09-11 02:30:00+00:00,1789093800,15m,15.0357,14.3391,16.3224,0.454365,3
btc-updown-5m-1789093800,2026-09-11 02:30:00+00:00,1789093800,5m,10.093,9.74685,9.99537,0.506448,3
btc-updown-5m-1789094100,2026-09-11 02:35:00+00:00,1789094100,5m,9.25325,8.85863,9.10995,0.440476,3
btc-updown-5m-1789094400,2026-09-11 02:40:00+00:00,1789094400,5m,8.58277,8.60521,9.18278,0.390873,2
btc-updown-15m-1789094700,2026-09-11 02:45:00+00:00,1789094700,15m,13.5467,12.8984,14.3763,0.38244,2
btc-updown-5m-1789094700,2026-09-11 02:45:00+00:00,1789094700,5m,8.96017,8.69929,8.80364,0.417659,3
btc-updown-5m-1789095000,2026-09-11 02:50:00+00:00,1789095000,5m,7.57247,7.42704,8.20546,0.329365,2
btc-updown-5m-1789095300,2026-09-11 02:55:00+00:00,1789095300,5m,9.39047,9.14996,8.01141,0.452877,3
btc-updown-15m-1789095600,2026-09-11 03:00:00+00:00,1789095600,15m,13.9611,13.1266,12.6886,0.39881,2
btc-updown-5m-1789095600,2026-09-11 03:00:00+00:00,1789095600,5m,8.87846,8.53286,7.77015,0.41369,3
btc-updown-5m-1789095900,2026-09-11 03:05:00+00:00,1789095900,5m,8.14518,7.83112,7.24434,0.361111,2
btc-updown-5m-1789096200,2026-09-11 03:10:00+00:00,1789096200,5m,10.9011,10.6446,7.79941,0.556548,3
btc-updown-15m-1789096500,2026-09-11 03:15:00+00:00,1789096500,15m,16.6676,16.4934,18.6648,0.527282,3
btc-updown-5m-1789096500,2026-09-11 03:15:00+00:00,1789096500,5m,13.3577,13.2132,11.4298,0.700893,4
btc-updown-5m-1789096800,2026-09-11 03:20:00+00:00,1789096800,5m,10.737,10.51,11.7099,0.544147,3
btc-updown-5m-1789097100,2026-09-11 03:25:00+00:00,1789097100,5m,10.5736,10.4368,11.4832,0.534722,3
btc-updown-15m-1789097400,2026-09-11 03:30:00+00:00,1789097400,15m,12.6516,12.0586,17.1677,0.340278,2
btc-updown-5m-1789097400,2026-09-11 03:30:00+00:00,1789097400,5m,8.59103,8.30637,10.513,0.391369,2
btc-updown-5m-1789097700,2026-09-11 03:35:00+00:00,1789097700,5m,10.6271,10.2204,10.3165,0.539187,3
btc-updown-5m-1789098000,2026-09-11 03:40:00+00:00,1789098000,5m,9.79185,9.59807,11.0595,0.484127,3
btc-updown-15m-1789098300,2026-09-11 03:45:00+00:00,1789098300,15m,13.6423,13.135,16.6222,0.385417,2
btc-updown-5m-1789098300,2026-09-11 03:45:00+00:00,1789098300,5m,8.90035,8.6879,10.179,0.414683,3
btc-updown-5m-1789098600,2026-09-11 03:50:00+00:00,1789098600,5m,9.01836,8.81118,9.62109,0.424107,3
btc-updown-5m-1789098900,2026-09-11 03:55:00+00:00,1789098900,5m,9.36751,9.12098,9.08271,0.449901,3
btc-updown-15m-1789099200,2026-09-11 04:00:00+00:00,1789099200,15m,12.9521,12.6445,14.1792,0.356151,2
btc-updown-5m-1789099200,2026-09-11 04:00:00+00:00,1789099200,5m,8.15333,7.98405,8.68297,0.362103,2
btc-updown-5m-1789099500,2026-09-11 04:05:00+00:00,1789099500,5m,7.55837,7.40324,8.08845,0.327877,2
btc-updown-5m-1789099800,2026-09-11 04:10:00+00:00,1789099800,5m,7.01293,6.82012,7.69407,0.292659,2
btc-updown-15m-1789100100,2026-09-11 04:15:00+00:00,1789100100,15m,12.2214,11.9001,12.4557,0.322421,2
btc-updown-5m-1789100100,2026-09-11 04:15:00+00:00,1789100100,5m,7.3368,7.24322,7.62755,0.312004,2
btc-updown-5m-1789100400,2026-09-11 04:20:00+00:00,1789100400,5m,6.7577,6.61978,7.2959,0.280258,2
btc-updown-5m-1789100700,2026-09-11 04:25:00+00:00,1789100700,5m,7.24372,7.20608,7.56205,0.305556,2
btc-updown-15m-1789101000,2026-09-11 04:30:00+00:00,1789101000,15m,13.071,12.6925,13.6399,0.362599,2
btc-updown-5m-1789101000,2026-09-11 04:30:00+00:00,1789101000,5m,7.87218,7.69818,8.35268,0.346726,2
btc-updown-5m-1789101300,2026-09-11 04:35:00+00:00,1789101300,5m,6.97161,6.79197,7.82647,0.291667,2
btc-updown-5m-1789101600,2026-09-11 04:40:00+00:00,1789101600,5m,7.1854,7.09501,7.45276,0.302083,2
btc-updown-15m-1789101900,2026-09-11 04:45:00+00:00,1789101900,15m,10.6409,10.3975,11.8342,0.266369,2
btc-updown-5m-1789101900,2026-09-11 04:45:00+00:00,1789101900,5m,6.87648,6.79624,7.24694,0.286706,2
btc-updown-5m-1789102200,2026-09-11 04:50:00+00:00,1789102200,5m,5.67187,5.58397,6.58174,0.217262,2
btc-updown-5m-1789102500,2026-09-11 04:55:00+00:00,1789102500,5m,4.88554,4.71292,6.03625,0.162698,1
btc-updown-15m-1789102800,2026-09-11 05:00:00+00:00,1789102800,15m,8.08615,7.6891,9.03912,0.163194,1
btc-updown-5m-1789102800,2026-09-11 05:00:00+00:00,1789102800,5m,4.86855,4.62885,5.53531,0.161706,1
btc-updown-5m-1789103100,2026-09-11 05:05:00+00:00,1789103100,5m,5.51583,5.37972,5.1849,0.207341,2
btc-updown-5m-1789103400,2026-09-11 05:10:00+00:00,1789103400,5m,6.12241,5.98039,5.10527,0.238095,2
btc-updown-15m-1789103700,2026-09-11 05:15:00+00:00,1789103700,15m,10.0264,9.80726,9.00278,0.244048,2
btc-updown-5m-1789103700,2026-09-11 05:15:00+00:00,1789103700,5m,6.07946,6.02162,5.51305,0.237599,2
btc-updown-5m-1789104000,2026-09-11 05:20:00+00:00,1789104000,5m,5.40794,5.34357,6.22168,0.201885,2
btc-updown-5m-1789104300,2026-09-11 05:25:00+00:00,1789104300,5m,5.38541,5.26282,6.08662,0.200893,2
btc-updown-15m-1789104600,2026-09-11 05:30:00+00:00,1789104600,15m,9.01846,8.69194,9.76702,0.205357,2
btc-updown-5m-1789104600,2026-09-11 05:30:00+00:00,1789104600,5m,5.43569,5.34256,5.98105,0.203373,2
btc-updown-5m-1789104900,2026-09-11 05:35:00+00:00,1789104900,5m,5.99337,5.89135,6.53347,0.234127,2
btc-updown-5m-1789105200,2026-09-11 05:40:00+00:00,1789105200,5m,5.40047,5.2645,6.6954,0.201885,2
btc-updown-15m-1789105500,2026-09-11 05:45:00+00:00,1789105500,15m,7.74664,7.4176,10.5927,0.151786,1
btc-updown-5m-1789105500,2026-09-11 05:45:00+00:00,1789105500,5m,4.48458,4.38809,6.48667,0.130456,1
btc-updown-5m-1789105800,2026-09-11 05:50:00+00:00,1789105800,5m,3.64623,3.52753,6.23903,0.0967262,1
btc-updown-5m-1789106100,2026-09-11 05:55:00+00:00,1789106100,5m,4.27178,4.13729,5.74589,0.118552,1
btc-updown-15m-1789106400,2026-09-11 06:00:00+00:00,1789106400,15m,6.26714,5.94189,9.23165,0.0982143,1
btc-updown-5m-1789106400,2026-09-11 06:00:00+00:00,1789106400,5m,3.59316,3.44397,5.65321,0.094246,1
btc-updown-5m-1789106700,2026-09-11 06:05:00+00:00,1789106700,5m,3.69196,3.47779,5.46822,0.0972222,1
btc-updown-5m-1789107000,2026-09-11 06:10:00+00:00,1789107000,5m,3.1686,3.00976,5.25448,0.077381,1
btc-updown-15m-1789107300,2026-09-11 06:15:00+00:00,1789107300,15m,12.5763,11.6561,11.5801,0.337302,2
btc-updown-5m-1789107300,2026-09-11 06:15:00+00:00,1789107300,5m,8.48952,7.91327,7.09134,0.382937,2
btc-updown-5m-1789107600,2026-09-11 06:20:00+00:00,1789107600,5m,7.88645,7.556,7.1766,0.346726,2
btc-updown-5m-1789107900,2026-09-11 06:25:00+00:00,1789107900,5m,7.77376,7.4327,7.02917,0.340774,2
btc-updown-15m-1789108200,2026-09-11 06:30:00+00:00,1789108200,15m,9.54455,9.00701,10.4269,0.225694,2
btc-updown-5m-1789108200,2026-09-11 06:30:00+00:00,1789108200,5m,5.37848,5.0381,6.38514,0.199901,1
btc-updown-5m-1789108500,2026-09-11 06:35:00+00:00,1789108500,5m,7.71531,7.42647,6.59172,0.33631,2
btc-updown-5m-1789108800,2026-09-11 06:40:00+00:00,1789108800,5m,5.88718,5.54824,6.3552,0.228175,2
btc-updown-15m-1789109100,2026-09-11 06:45:00+00:00,1789109100,15m,8.95298,8.38441,9.60071,0.202381,2
btc-updown-5m-1789109100,2026-09-11 06:45:00+00:00,1789109100,5m,4.94434,4.65849,5.87921,0.166171,1
btc-updown-5m-1789109400,2026-09-11 06:50:00+00:00,1789109400,5m,5.08765,4.83896,5.49252,0.178075,1
btc-updown-5m-1789109700,2026-09-11 06:55:00+00:00,1789109700,5m,5.34903,5.08389,5.21364,0.199405,1
btc-updown-15m-1789110000,2026-09-11 07:00:00+00:00,1789110000,15m,7.54428,6.93336,7.73258,0.142361,1
btc-updown-5m-1789110000,2026-09-11 07:00:00+00:00,1789110000,5m,4.20761,3.92194,4.73522,0.11756,1
btc-updown-5m-1789110300,2026-09-11 07:05:00+00:00,1789110300,5m,3.54018,3.31959,4.32366,0.093254,1
btc-updown-5m-1789110600,2026-09-11 07:10:00+00:00,1789110600,5m,4.68834,4.493,4.40725,0.147321,1
btc-updown-15m-1789110900,2026-09-11 07:15:00+00:00,1789110900,15m,10.4409,9.81937,8.36861,0.259425,2
btc-updown-5m-1789110900,2026-09-11 07:15:00+00:00,1789110900,5m,6.87084,6.508,5.12471,0.28621,2
btc-updown-5m-1789111200,2026-09-11 07:20:00+00:00,1789111200,5m,5.33237,5.02477,4.9432,0.197917,1
btc-updown-5m-1789111500,2026-09-11 07:25:00+00:00,1789111500,5m,6.10475,5.88365,5.33432,0.237599,2
btc-updown-15m-1789111800,2026-09-11 07:30:00+00:00,1789111800,15m,8.2269,7.86136,10.0503,0.169643,1
btc-updown-5m-1789111800,2026-09-11 07:30:00+00:00,1789111800,5m,5.92353,5.6085,6.15455,0.230159,2
btc-updown-5m-1789112100,2026-09-11 07:35:00+00:00,1789112100,5m,6.53724,6.26606,6.21591,0.267857,2
btc-updown-5m-1789112400,2026-09-11 07:40:00+00:00,1789112400,5m,6.20553,5.97716,5.92475,0.243056,2
btc-updown-15m-1789112700,2026-09-11 07:45:00+00:00,1789112700,15m,8.98271,8.73387,8.91935,0.204365,2
btc-updown-5m-1789112700,2026-09-11 07:45:00+00:00,1789112700,5m,5.57414,5.3199,5.46196,0.214286,2
btc-updown-5m-1789113000,2026-09-11 07:50:00+00:00,1789113000,5m,5.8785,5.65115,5.08937,0.227679,2
btc-updown-5m-1789113300,2026-09-11 07:55:00+00:00,1789113300,5m,5.94514,5.72452,4.83692,0.232143,2
btc-updown-15m-1789113600,2026-09-11 08:00:00+00:00,1789113600,15m,9.77555,9.53252,9.1212,0.233135,2
btc-updown-5m-1789113600,2026-09-11 08:00:00+00:00,1789113600,5m,6.34378,6.07565,5.58557,0.253472,2
btc-updown-5m-1789113900,2026-09-11 08:05:00+00:00,1789113900,5m,7.27428,7.01955,5.72115,0.308532,2
btc-updown-5m-1789114200,2026-09-11 08:10:00+00:00,1789114200,5m,7.00615,6.7185,5.37885,0.292163,2
btc-updown-15m-1789114500,2026-09-11 08:15:00+00:00,1789114500,15m,10.8726,10.7887,8.33655,0.275794,2
btc-updown-5m-1789114500,2026-09-11 08:15:00+00:00,1789114500,5m,7.08827,6.84436,5.10507,0.295635,2
btc-updown-5m-1789114800,2026-09-11 08:20:00+00:00,1789114800,5m,6.9509,6.71678,5.24108,0.290675,2
btc-updown-5m-1789115100,2026-09-11 08:25:00+00:00,1789115100,5m,5.6145,5.38023,4.86212,0.215774,2
btc-updown-15m-1789115400,2026-09-11 08:30:00+00:00,1789115400,15m,11.0084,10.6502,16.8973,0.281746,2
btc-updown-5m-1789115400,2026-09-11 08:30:00+00:00,1789115400,5m,7.68598,7.29863,10.3474,0.334821,2
btc-updown-5m-1789115700,2026-09-11 08:35:00+00:00,1789115700,5m,8.79249,8.43681,11.1606,0.407738,3
btc-updown-5m-1789116000,2026-09-11 08:40:00+00:00,1789116000,5m,7.87674,7.54048,10.4963,0.346726,2
btc-updown-15m-1789116300,2026-09-11 08:45:00+00:00,1789116300,15m,10.5488,10.1691,15.8171,0.262401,2
btc-updown-5m-1789116300,2026-09-11 08:45:00+00:00,1789116300,5m,7.42482,7.1656,9.68598,0.318948,2
btc-updown-5m-1789116600,2026-09-11 08:50:00+00:00,1789116600,5m,6.29665,6.00111,8.82429,0.251488,2
btc-updown-5m-1789116900,2026-09-11 08:55:00+00:00,1789116900,5m,6.12552,5.81875,8.20686,0.238095,2
btc-updown-15m-1789117200,2026-09-11 09:00:00+00:00,1789117200,15m,9.49468,9.09272,12.4583,0.224702,2
btc-updown-5m-1789117200,2026-09-11 09:00:00+00:00,1789117200,5m,5.9261,5.60328,7.62909,0.230159,2
btc-updown-5m-1789117500,2026-09-11 09:05:00+00:00,1789117500,5m,6.36467,6.11134,7.01646,0.25496,2
btc-updown-5m-1789117800,2026-09-11 09:10:00+00:00,1789117800,5m,7.54142,7.30767,6.75707,0.326885,2
btc-updown-15m-1789118100,2026-09-11 09:15:00+00:00,1789118100,15m,10.8039,10.5542,10.2969,0.274306,2
btc-updown-5m-1789118100,2026-09-11 09:15:00+00:00,1789118100,5m,6.72879,6.42472,6.30556,0.279762,2
btc-updown-5m-1789118400,2026-09-11 09:20:00+00:00,1789118400,5m,5.69383,5.4407,5.73945,0.217758,2
btc-updown-5m-1789118700,2026-09-11 09:25:00+00:00,1789118700,5m,6.56137,6.3208,5.42798,0.268849,2
btc-updown-15m-1789119000,2026-09-11 09:30:00+00:00,1789119000,15m,12.9169,12.8014,8.62466,0.352679,2
btc-updown-5m-1789119000,2026-09-11 09:30:00+00:00,1789119000,5m,7.53142,7.17947,5.2815,0.326389,2
btc-updown-5m-1789119300,2026-09-11 09:35:00+00:00,1789119300,5m,9.0063,8.60015,5.49348,0.422619,3
btc-updown-5m-1789119600,2026-09-11 09:40:00+00:00,1789119600,5m,11.6814,11.0413,8.24332,0.607639,4
btc-updown-15m-1789119900,2026-09-11 09:45:00+00:00,1789119900,15m,18.7781,18.2274,14.7945,0.608135,4
btc-updown-5m-1789119900,2026-09-11 09:45:00+00:00,1789119900,5m,12.231,11.6783,9.05973,0.649306,4
btc-updown-5m-1789120200,2026-09-11 09:50:00+00:00,1789120200,5m,10.122,9.69939,8.62994,0.507937,3
btc-updown-5m-1789120500,2026-09-11 09:55:00+00:00,1789120500,5m,8.83167,8.44303,8.28676,0.410218,3
btc-updown-15m-1789120800,2026-09-11 10:00:00+00:00,1789120800,15m,14.4267,13.9425,12.6657,0.420635,3
btc-updown-5m-1789120800,2026-09-11 10:00:00+00:00,1789120800,5m,8.68669,8.39269,7.75611,0.399802,2
btc-updown-5m-1789121100,2026-09-11 10:05:00+00:00,1789121100,5m,8.99253,8.64681,7.70515,0.422123,3
btc-updown-5m-1789121400,2026-09-11 10:10:00+00:00,1789121400,5m,7.89705,7.5862,7.93497,0.347718,2
btc-updown-15m-1789121700,2026-09-11 10:15:00+00:00,1789121700,15m,14.7614,14.2342,13.4468,0.4375,3
btc-updown-5m-1789121700,2026-09-11 10:15:00+00:00,1789121700,5m,8.93644,8.74259,8.23448,0.416667,3
btc-updown-5m-1789122000,2026-09-11 10:20:00+00:00,1789122000,5m,8.38475,8.07059,8.3737,0.375992,2
btc-updown-5m-1789122300,2026-09-11 10:25:00+00:00,1789122300,5m,7.96586,7.66106,8.12991,0.352183,2
btc-updown-15m-1789122600,2026-09-11 10:30:00+00:00,1789122600,15m,12.5431,12.0535,12.4316,0.337302,2
btc-updown-5m-1789122600,2026-09-11 10:30:00+00:00,1789122600,5m,7.38085,7.18281,7.61279,0.316468,2
btc-updown-5m-1789122900,2026-09-11 10:35:00+00:00,1789122900,5m,8.4087,8.15358,7.95682,0.37748,2
btc-updown-5m-1789123200,2026-09-11 10:40:00+00:00,1789123200,5m,8.0256,7.80061,7.98894,0.354663,2
btc-updown-15m-1789123500,2026-09-11 10:45:00+00:00,1789123500,15m,11.6664,11.1655,12.13,0.30506,2
btc-updown-5m-1789123500,2026-09-11 10:45:00+00:00,1789123500,5m,7.04818,6.83242,7.42805,0.292659,2
btc-updown-5m-1789123800,2026-09-11 10:50:00+00:00,1789123800,5m,6.72137,6.53728,6.98055,0.279266,2
btc-updown-5m-1789124100,2026-09-11 10:55:00+00:00,1789124100,5m,6.28795,6.01812,6.48832,0.250992,2
btc-updown-15m-1789124400,2026-09-11 11:00:00+00:00,1789124400,15m,11.1146,10.5511,9.81941,0.284722,2
btc-updown-5m-1789124400,2026-09-11 11:00:00+00:00,1789124400,5m,6.46705,6.17689,6.01313,0.263393,2
btc-updown-5m-1789124700,2026-09-11 11:05:00+00:00,1789124700,5m,8.25511,8.02975,6.32857,0.369544,2
btc-updown-5m-1789125000,2026-09-11 11:10:00+00:00,1789125000,5m,11.0865,10.8689,7.03494,0.566468,3
btc-updown-15m-1789125300,2026-09-11 11:15:00+00:00,1789125300,15m,16.2697,15.9171,12.5184,0.503968,3
btc-updown-5m-1789125300,2026-09-11 11:15:00+00:00,1789125300,5m,10.3027,10.08,7.66591,0.520337,3
btc-updown-5m-1789125600,2026-09-11 11:20:00+00:00,1789125600,5m,8.99,8.77214,7.88414,0.422123,3
btc-updown-5m-1789125900,2026-09-11 11:25:00+00:00,1789125900,5m,8.17084,7.94839,7.55364,0.362599,2
btc-updown-15m-1789126200,2026-09-11 11:30:00+00:00,1789126200,15m,14.3764,13.8495,13.725,0.418155,3
btc-updown-5m-1789126200,2026-09-11 11:30:00+00:00,1789126200,5m,9.06223,8.8491,8.40483,0.427579,3
btc-updown-5m-1789126500,2026-09-11 11:35:00+00:00,1789126500,5m,8.14952,7.95489,7.68108,0.361607,2
btc-updown-5m-1789126800,2026-09-11 11:40:00+00:00,1789126800,5m,8.84983,8.72931,8.08694,0.412202,3
btc-updown-15m-1789127100,2026-09-11 11:45:00+00:00,1789127100,15m,13.3984,12.9579,12.9227,0.375992,2
btc-updown-5m-1789127100,2026-09-11 11:45:00+00:00,1789127100,5m,8.11377,7.93741,7.91349,0.360119,2
btc-updown-5m-1789127400,2026-09-11 11:50:00+00:00,1789127400,5m,8.03804,7.92625,8.58743,0.355655,2
btc-updown-5m-1789127700,2026-09-11 11:55:00+00:00,1789127700,5m,8.53096,8.44791,8.84563,0.386409,2
btc-updown-15m-1789128000,2026-09-11 12:00:00+00:00,1789128000,15m,13.1245,12.8873,13.654,0.364583,2
btc-updown-5m-1789128000,2026-09-11 12:00:00+00:00,1789128000,5m,7.87143,7.77936,8.36136,0.346726,2
btc-updown-5m-1789128300,2026-09-11 12:05:00+00:00,1789128300,5m,9.15391,9.01744,9.61042,0.433532,3
btc-updown-5m-1789128600,2026-09-11 12:10:00+00:00,1789128600,5m,8.82168,8.73809,9.66673,0.410218,3
btc-updown-15m-1789128900,2026-09-11 12:15:00+00:00,1789128900,15m,13.6859,13.3485,15.3824,0.388393,2
btc-updown-5m-1789128900,2026-09-11 12:15:00+00:00,1789128900,5m,8.67913,8.62842,9.41977,0.397817,2
btc-updown-5m-1789129200,2026-09-11 12:20:00+00:00,1789129200,5m,10.3869,10.2731,9.44404,0.524306,3
btc-updown-5m-1789129500,2026-09-11 12:25:00+00:00,1789129500,5m,8.5516,8.39254,11.4461,0.387897,2
btc-updown-15m-1789129800,2026-09-11 12:30:00+00:00,1789129800,15m,13.1216,12.7036,19.9093,0.363095,2
btc-updown-5m-1789129800,2026-09-11 12:30:00+00:00,1789129800,5m,9.04873,8.97601,12.1919,0.425595,3
btc-updown-5m-1789130100,2026-09-11 12:35:00+00:00,1789130100,5m,22.8481,21.2489,48.7958,0.920635,5
btc-updown-5m-1789130400,2026-09-11 12:40:00+00:00,1789130400,5m,25.5536,22.6764,46.4737,0.944444,5
btc-updown-15m-1789130700,2026-09-11 12:45:00+00:00,1789130700,15m,44.2359,39.7119,73.1461,0.948413,5
btc-updown-5m-1789130700,2026-09-11 12:45:00+00:00,1789130700,5m,26.748,23.807,44.7927,0.952381,5
btc-updown-5m-1789131000,2026-09-11 12:50:00+00:00,1789131000,5m,37.1214,32.8974,43.2968,0.989087,5
btc-updown-5m-1789131300,2026-09-11 12:55:00+00:00,1789131300,5m,33.1411,27.4361,40.7175,0.979663,5
btc-updown-15m-1789131600,2026-09-11 13:00:00+00:00,1789131600,15m,45.3249,37.6621,61.3965,0.951885,5
btc-updown-5m-1789131600,2026-09-11 13:00:00+00:00,1789131600,5m,25.2918,21.3427,37.5975,0.941964,5
btc-updown-5m-1789131900,2026-09-11 13:05:00+00:00,1789131900,5m,22.6041,20.1159,35.5482,0.918651,5
btc-updown-5m-1789132200,2026-09-11 13:10:00+00:00,1789132200,5m,31.3354,30.407,35.1467,0.972718,5
btc-updown-15m-1789132500,2026-09-11 13:15:00+00:00,1789132500,15m,44.3445,42.8345,53.1531,0.949405,5
btc-updown-5m-1789132500,2026-09-11 13:15:00+00:00,1789132500,5m,27.0979,25.4615,32.5495,0.953869,5
btc-updown-5m-1789132800,2026-09-11 13:20:00+00:00,1789132800,5m,22.4035,20.7411,30.4038,0.918155,5
btc-updown-5m-1789133100,2026-09-11 13:25:00+00:00,1789133100,5m,23.7682,21.8223,28.3618,0.93006,5
btc-updown-15m-1789133400,2026-09-11 13:30:00+00:00,1789133400,15m,37.5276,34.9507,44.1204,0.917163,5
btc-updown-5m-1789133400,2026-09-11 13:30:00+00:00,1789133400,5m,22.842,21.571,27.0181,0.920635,5
btc-updown-5m-1789133700,2026-09-11 13:35:00+00:00,1789133700,5m,23.007,21.9919,28.6231,0.921627,5
btc-updown-5m-1789134000,2026-09-11 13:40:00+00:00,1789134000,5m,26.6427,26.0261,30.8575,0.951885,5
btc-updown-15m-1789134300,2026-09-11 13:45:00+00:00,1789134300,15m,45.3515,43.6205,52.1344,0.952381,5
btc-updown-5m-1789134300,2026-09-11 13:45:00+00:00,1789134300,5m,29.4654,28.5912,31.9257,0.96627,5
btc-updown-5m-1789134600,2026-09-11 13:50:00+00:00,1789134600,5m,32.7968,31.3534,31.1932,0.978671,5
btc-updown-5m-1789134900,2026-09-11 13:55:00+00:00,1789134900,5m,47.3407,44.8803,38.5713,0.994544,5
btc-updown-15m-1789135200,2026-09-11 14:00:00+00:00,1789135200,15m,82.2765,76.7074,61.8825,0.995536,5
btc-updown-5m-1789135200,2026-09-11 14:00:00+00:00,1789135200,5m,48.5281,45.4174,37.8951,0.994544,5
btc-updown-5m-1789135500,2026-09-11 14:05:00+00:00,1789135500,5m,58.1032,54.5332,41.2641,0.99752,5
btc-updown-5m-1789135800,2026-09-11 14:10:00+00:00,1789135800,5m,54.8469,53.924,41.8196,0.997024,5
btc-updown-15m-1789136100,2026-09-11 14:15:00+00:00,1789136100,15m,92.3864,87.8631,67.7387,0.996528,5
btc-updown-5m-1789136100,2026-09-11 14:15:00+00:00,1789136100,5m,52.8204,51.3299,41.4813,0.996528,5
btc-updown-5m-1789136400,2026-09-11 14:20:00+00:00,1789136400,5m,47.8205,45.516,38.8704,0.994544,5
btc-updown-5m-1789136700,2026-09-11 14:25:00+00:00,1789136700,5m,38.7624,36.0915,35.5613,0.991071,5
btc-updown-15m-1789137000,2026-09-11 14:30:00+00:00,1789137000,15m,64.6271,58.2345,53.7803,0.990079,5
btc-updown-5m-1789137000,2026-09-11 14:30:00+00:00,1789137000,5m,35.3952,32.3743,32.9336,0.985119,5
btc-updown-5m-1789137300,2026-09-11 14:35:00+00:00,1789137300,5m,34.3744,31.3448,31.4216,0.981647,5
btc-updown-5m-1789137600,2026-09-11 14:40:00+00:00,1789137600,5m,36.4364,35.4986,32.2143,0.986607,5
btc-updown-15m-1789137900,2026-09-11 14:45:00+00:00,1789137900,15m,55.2618,51.4512,48.4963,0.976687,5
btc-updown-5m-1789137900,2026-09-11 14:45:00+00:00,1789137900,5m,29.2549,27.6424,29.6978,0.965774,5
btc-updown-5m-1789138200,2026-09-11 14:50:00+00:00,1789138200,5m,31.4444,30.4518,27.9897,0.973214,5
btc-updown-5m-1789138500,2026-09-11 14:55:00+00:00,1789138500,5m,33.3568,31.6344,28.1953,0.980655,5
btc-updown-15m-1789138800,2026-09-11 15:00:00+00:00,1789138800,15m,49.8958,45.9745,42.0007,0.967758,5
btc-updown-5m-1789138800,2026-09-11 15:00:00+00:00,1789138800,5m,28.9838,27.6125,25.7201,0.964782,5
btc-updown-5m-1789139100,2026-09-11 15:05:00+00:00,1789139100,5m,30.6473,29.098,27.5107,0.97123,5
btc-updown-5m-1789139400,2026-09-11 15:10:00+00:00,1789139400,5m,27.5491,26.2203,26.1425,0.958829,5
btc-updown-15m-1789139700,2026-09-11 15:15:00+00:00,1789139700,15m,40.3457,37.5425,39.4692,0.931052,5
btc-updown-5m-1789139700,2026-09-11 15:15:00+00:00,1789139700,5m,23.3891,22.3399,24.1699,0.925595,5
btc-updown-5m-1789140000,2026-09-11 15:20:00+00:00,1789140000,5m,22.4817,21.137,23.6162,0.918155,5
btc-updown-5m-1789140300,2026-09-11 15:25:00+00:00,1789140300,5m,25.7776,24.3024,23.1201,0.945933,5
btc-updown-15m-1789140600,2026-09-11 15:30:00+00:00,1789140600,15m,32.7584,28.9401,34.8787,0.888393,5
btc-updown-5m-1789140600,2026-09-11 15:30:00+00:00,1789140600,5m,19.1602,17.5088,21.3588,0.876984,5
btc-updown-5m-1789140900,2026-09-11 15:35:00+00:00,1789140900,5m,19.0673,17.4782,19.9394,0.875496,5
btc-updown-5m-1789141200,2026-09-11 15:40:00+00:00,1789141200,5m,18.199,16.7139,19.7231,0.857639,5
btc-updown-15m-1789141500,2026-09-11 15:45:00+00:00,1789141500,15m,30.6498,27.608,30.0904,0.87004,5
btc-updown-5m-1789141500,2026-09-11 15:45:00+00:00,1789141500,5m,17.1287,16.0229,18.4265,0.834325,5
btc-updown-5m-1789141800,2026-09-11 15:50:00+00:00,1789141800,5m,18.6278,18.0329,17.9831,0.866071,5
btc-updown-5m-1789142100,2026-09-11 15:55:00+00:00,1789142100,5m,74.021,77.3645,36.0278,0.998512,5
btc-updown-15m-1789142400,2026-09-11 16:00:00+00:00,1789142400,15m,77.5345,81.1858,63.7521,0.99504,5
btc-updown-5m-1789142400,2026-09-11 16:00:00+00:00,1789142400,5m,49.8583,49.399,39.04,0.99504,5
btc-updown-5m-1789142700,2026-09-11 16:05:00+00:00,1789142700,5m,49.4568,48.3822,38.7242,0.99504,5
btc-updown-5m-1789143000,2026-09-11 16:10:00+00:00,1789143000,5m,38.6833,36.9227,37.6699,0.991071,5
btc-updown-15m-1789143300,2026-09-11 16:15:00+00:00,1789143300,15m,47.4384,40.9321,56.5312,0.959325,5
btc-updown-5m-1789143300,2026-09-11 16:15:00+00:00,1789143300,5m,24.7485,21.2898,34.6182,0.937996,5
btc-updown-5m-1789143600,2026-09-11 16:20:00+00:00,1789143600,5m,27.7016,25.8956,33.174,0.959325,5
btc-updown-5m-1789143900,2026-09-11 16:25:00+00:00,1789143900,5m,29.0055,27.6481,31.4024,0.964782,5
btc-updown-15m-1789144200,2026-09-11 16:30:00+00:00,1789144200,15m,58.692,55.5162,49.7018,0.982143,5
btc-updown-5m-1789144200,2026-09-11 16:30:00+00:00,1789144200,5m,31.4346,29.9251,30.436,0.973214,5
btc-updown-5m-1789144500,2026-09-11 16:35:00+00:00,1789144500,5m,26.3604,24.9002,29.1285,0.949405,5
btc-updown-5m-1789144800,2026-09-11 16:40:00+00:00,1789144800,5m,21.096,19.4369,26.9439,0.900794,5
btc-updown-15m-1789145100,2026-09-11 16:45:00+00:00,1789145100,15m,35.4822,31.8277,40.7508,0.905258,5
btc-updown-5m-1789145100,2026-09-11 16:45:00+00:00,1789145100,5m,18.5338,17.0024,24.9546,0.863591,5
btc-updown-5m-1789145400,2026-09-11 16:50:00+00:00,1789145400,5m,21.5927,20.3743,23.3027,0.91121,5
btc-updown-5m-1789145700,2026-09-11 16:55:00+00:00,1789145700,5m,20.2768,19.3473,21.7103,0.891369,5
btc-updown-15m-1789146000,2026-09-11 17:00:00+00:00,1789146000,15m,35.4417,32.0935,32.4338,0.905258,5
btc-updown-5m-1789146000,2026-09-11 17:00:00+00:00,1789146000,5m,17.6986,16.5044,19.8616,0.847222,5
btc-updown-5m-1789146300,2026-09-11 17:05:00+00:00,1789146300,5m,15.5069,14.285,18.4454,0.784226,4
btc-updown-5m-1789146600,2026-09-11 17:10:00+00:00,1789146600,5m,14.5011,13.2956,17.2152,0.75248,4
btc-updown-15m-1789146900,2026-09-11 17:15:00+00:00,1789146900,15m,23.6881,20.9009,25.7926,0.74504,4
btc-updown-5m-1789146900,2026-09-11 17:15:00+00:00,1789146900,5m,12.062,10.9653,15.7947,0.638393,4
btc-updown-5m-1789147200,2026-09-11 17:20:00+00:00,1789147200,5m,12.2932,11.1942,15.5942,0.650298,4
btc-updown-5m-1789147500,2026-09-11 17:25:00+00:00,1789147500,5m,15.9389,14.7754,15.9064,0.802083,5
btc-updown-15m-1789147800,2026-09-11 17:30:00+00:00,1789147800,15m,24.6638,21.8723,23.7701,0.768849,4
btc-updown-5m-1789147800,2026-09-11 17:30:00+00:00,1789147800,5m,12.4304,11.4122,14.5561,0.657738,4
btc-updown-5m-1789148100,2026-09-11 17:35:00+00:00,1789148100,5m,10.6655,9.69724,13.376,0.541171,3
btc-updown-5m-1789148400,2026-09-11 17:40:00+00:00,1789148400,5m,18.0597,17.0171,13.3977,0.855159,5
btc-updown-15m-1789148700,2026-09-11 17:45:00+00:00,1789148700,15m,30.139,27.7357,22.3621,0.862103,5
btc-updown-5m-1789148700,2026-09-11 17:45:00+00:00,1789148700,5m,16.6048,15.5638,13.6939,0.822421,5
btc-updown-5m-1789149000,2026-09-11 17:50:00+00:00,1789149000,5m,13.6751,12.7568,12.8712,0.710317,4
btc-updown-5m-1789149300,2026-09-11 17:55:00+00:00,1789149300,5m,12.733,12.094,12.107,0.673115,4
btc-updown-15m-1789149600,2026-09-11 18:00:00+00:00,1789149600,15m,23.4747,21.6762,18.863,0.739087,4
btc-updown-5m-1789149600,2026-09-11 18:00:00+00:00,1789149600,5m,12.565,11.7775,11.5512,0.66369,4
btc-updown-5m-1789149900,2026-09-11 18:05:00+00:00,1789149900,5m,33.8702,31.8455,17.8124,0.980655,5
btc-updown-5m-1789150200,2026-09-11 18:10:00+00:00,1789150200,5m,20.5419,19.1372,19.0029,0.892857,5
btc-updown-15m-1789150500,2026-09-11 18:15:00+00:00,1789150500,15m,32.7398,29.654,29.9523,0.888393,5
btc-updown-5m-1789150500,2026-09-11 18:15:00+00:00,1789150500,5m,17.834,16.5081,18.3419,0.851687,5
btc-updown-5m-1789150800,2026-09-11 18:20:00+00:00,1789150800,5m,16.978,15.8092,17.2546,0.831845,5
btc-updown-5m-1789151100,2026-09-11 18:25:00+00:00,1789151100,5m,13.1871,12.0893,15.9957,0.693948,4
btc-updown-15m-1789151400,2026-09-11 18:30:00+00:00,1789151400,15m,25.8612,23.3173,25.4301,0.796627,4
btc-updown-5m-1789151400,2026-09-11 18:30:00+00:00,1789151400,5m,14.1471,13.1274,15.5727,0.730159,4
btc-updown-5m-1789151700,2026-09-11 18:35:00+00:00,1789151700,5m,11.6212,10.5315,14.4117,0.601687,4
btc-updown-5m-1789152000,2026-09-11 18:40:00+00:00,1789152000,5m,12.5897,11.5518,13.8528,0.66369,4
btc-updown-15m-1789152300,2026-09-11 18:45:00+00:00,1789152300,15m,25.2482,22.803,23.648,0.78373,4
btc-updown-5m-1789152300,2026-09-11 18:45:00+00:00,1789152300,5m,14.4283,13.3696,14.4814,0.746528,4
btc-updown-5m-1789152600,2026-09-11 18:50:00+00:00,1789152600,5m,13.1721,12.3707,13.4081,0.693452,4
btc-updown-5m-1789152900,2026-09-11 18:55:00+00:00,1789152900,5m,10.6298,9.78961,12.7647,0.540179,3
btc-updown-15m-1789153200,2026-09-11 19:00:00+00:00,1789153200,15m,20.4015,18.8094,19.5719,0.657242,4
btc-updown-5m-1789153200,2026-09-11 19:00:00+00:00,1789153200,5m,11.2613,10.5234,11.9853,0.583333,3
btc-updown-5m-1789153500,2026-09-11 19:05:00+00:00,1789153500,5m,12.5613,11.7272,12.3908,0.66369,4
btc-updown-5m-1789153800,2026-09-11 19:10:00+00:00,1789153800,5m,15.4186,14.7367,12.6218,0.782242,4
btc-updown-15m-1789154100,2026-09-11 19:15:00+00:00,1789154100,15m,24.9033,23.2078,20.2925,0.775794,4
btc-updown-5m-1789154100,2026-09-11 19:15:00+00:00,1789154100,5m,13.762,13.0401,12.4265,0.712302,4
btc-updown-5m-1789154400,2026-09-11 19:20:00+00:00,1789154400,5m,13.4993,12.7133,12.6788,0.706349,4
btc-updown-5m-1789154700,2026-09-11 19:25:00+00:00,1789154700,5m,12.5771,11.9425,12.062,0.66369,4
btc-updown-15m-1789155000,2026-09-11 19:30:00+00:00,1789155000,15m,22.4512,20.8902,18.576,0.717262,4
btc-updown-5m-1789155000,2026-09-11 19:30:00+00:00,1789155000,5m,11.9681,11.261,11.3754,0.631448,4
btc-updown-5m-1789155300,2026-09-11 19:35:00+00:00,1789155300,5m,10.7686,10.1552,10.6746,0.546131,3
btc-updown-5m-1789155600,2026-09-11 19:40:00+00:00,1789155600,5m,11.0835,10.5904,10.6059,0.566468,3
btc-updown-15m-1789155900,2026-09-11 19:45:00+00:00,1789155900,15m,18.0805,16.6341,16.8908,0.58631,3
btc-updown-5m-1789155900,2026-09-11 19:45:00+00:00,1789155900,5m,10.2374,9.60277,10.3435,0.514385,3
btc-updown-5m-1789156200,2026-09-11 19:50:00+00:00,1789156200,5m,10.3232,9.61822,9.80704,0.521329,3
btc-updown-5m-1789156500,2026-09-11 19:55:00+00:00,1789156500,5m,10.8983,10.2869,9.65737,0.556548,3
btc-updown-15m-1789156800,2026-09-11 20:00:00+00:00,1789156800,15m,18.1386,17.0513,15.3753,0.58879,3
btc-updown-5m-1789156800,2026-09-11 20:00:00+00:00,1789156800,5m,10.0195,9.44463,9.41544,0.500496,3
btc-updown-5m-1789157100,2026-09-11 20:05:00+00:00,1789157100,5m,13.2073,12.4462,11.0973,0.693948,4
btc-updown-5m-1789157400,2026-09-11 20:10:00+00:00,1789157400,5m,11.7301,11.0024,10.2098,0.611607,4
btc-updown-15m-1789157700,2026-09-11 20:15:00+00:00,1789157700,15m,20.1512,18.1704,17.1055,0.647817,4
btc-updown-5m-1789157700,2026-09-11 20:15:00+00:00,1789157700,5m,11.4557,10.5501,10.4749,0.595238,3
btc-updown-5m-1789158000,2026-09-11 20:20:00+00:00,1789158000,5m,12.2728,11.5647,9.96295,0.649802,4
btc-updown-5m-1789158300,2026-09-11 20:25:00+00:00,1789158300,5m,10.4325,9.78904,9.19092,0.525298,3
btc-updown-15m-1789158600,2026-09-11 20:30:00+00:00,1789158600,15m,15.8811,14.7515,14.0459,0.488591,3
btc-updown-5m-1789158600,2026-09-11 20:30:00+00:00,1789158600,5m,9.09982,8.59203,8.60133,0.429563,3
btc-updown-5m-1789158900,2026-09-11 20:35:00+00:00,1789158900,5m,9.68309,9.13356,8.39526,0.477183,3
btc-updown-5m-1789159200,2026-09-11 20:40:00+00:00,1789159200,5m,9.68052,9.13563,8.25075,0.477183,3
btc-updown-15m-1789159500,2026-09-11 20:45:00+00:00,1789159500,15m,16.1321,14.7696,13.672,0.499008,3
btc-updown-5m-1789159500,2026-09-11 20:45:00+00:00,1789159500,5m,9.41968,8.8608,8.37233,0.456845,3
btc-updown-5m-1789159800,2026-09-11 20:50:00+00:00,1789159800,5m,10.6702,10.1681,8.3116,0.541171,3
btc-updown-5m-1789160100,2026-09-11 20:55:00+00:00,1789160100,5m,10.8998,10.3366,10.6408,0.556548,3
btc-updown-15m-1789160400,2026-09-11 21:00:00+00:00,1789160400,15m,15.9226,14.9587,16.2888,0.490079,3
btc-updown-5m-1789160400,2026-09-11 21:00:00+00:00,1789160400,5m,9.44931,9.01401,9.97483,0.457837,3
btc-updown-5m-1789160700,2026-09-11 21:05:00+00:00,1789160700,5m,9.00805,8.54145,9.10363,0.422619,3
btc-updown-5m-1789161000,2026-09-11 21:10:00+00:00,1789161000,5m,8.27472,7.85849,8.51338,0.370536,2
btc-updown-15m-1789161300,2026-09-11 21:15:00+00:00,1789161300,15m,14.3621,13.4311,13.6342,0.418155,3
btc-updown-5m-1789161300,2026-09-11 21:15:00+00:00,1789161300,5m,9.09672,8.63864,8.34921,0.429563,3
btc-updown-5m-1789161600,2026-09-11 21:20:00+00:00,1789161600,5m,7.31716,6.77063,7.94998,0.310516,2
btc-updown-5m-1789161900,2026-09-11 21:25:00+00:00,1789161900,5m,6.8262,6.35828,7.19282,0.28373,2
btc-updown-15m-1789162200,2026-09-11 21:30:00+00:00,1789162200,15m,13.3844,12.479,11.7983,0.375,2
btc-updown-5m-1789162200,2026-09-11 21:30:00+00:00,1789162200,5m,8.50187,8.01796,7.22494,0.383929,2
btc-updown-5m-1789162500,2026-09-11 21:35:00+00:00,1789162500,5m,5.7545,5.4268,6.62978,0.220734,2
btc-updown-5m-1789162800,2026-09-11 21:40:00+00:00,1789162800,5m,5.82324,5.33115,6.29897,0.225694,2
btc-updown-15m-1789163100,2026-09-11 21:45:00+00:00,1789163100,15m,9.73969,9.06305,9.98258,0.232143,2
btc-updown-5m-1789163100,2026-09-11 21:45:00+00:00,1789163100,5m,5.79435,5.46152,6.11306,0.22371,2
btc-updown-5m-1789163400,2026-09-11 21:50:00+00:00,1789163400,5m,7.47746,7.01844,6.11745,0.323413,2
btc-updown-5m-1789163700,2026-09-11 21:55:00+00:00,1789163700,5m,8.22821,7.89406,6.57324,0.366567,2
btc-updown-15m-1789164000,2026-09-11 22:00:00+00:00,1789164000,15m,20.825,19.8083,12.5027,0.672123,4
btc-updown-5m-1789164000,2026-09-11 22:00:00+00:00,1789164000,5m,10.155,9.7117,7.65632,0.510913,3
btc-updown-5m-1789164300,2026-09-11 22:05:00+00:00,1789164300,5m,13.4539,12.0486,11.2635,0.704861,4
btc-updown-5m-1789164600,2026-09-11 22:10:00+00:00,1789164600,5m,12.8462,11.7947,11.7141,0.678571,4
btc-updown-15m-1789164900,2026-09-11 22:15:00+00:00,1789164900,15m,16.3576,14.9133,18.5875,0.508433,3
btc-updown-5m-1789164900,2026-09-11 22:15:00+00:00,1789164900,5m,9.77625,8.87113,11.3825,0.483135,3
btc-updown-5m-1789165200,2026-09-11 22:20:00+00:00,1789165200,5m,9.27653,8.56742,11.1267,0.44246,3
btc-updown-5m-1789165500,2026-09-11 22:25:00+00:00,1789165500,5m,8.75248,8.07297,10.67,0.40377,3
btc-updown-15m-1789165800,2026-09-11 22:30:00+00:00,1789165800,15m,17.9421,16.8116,20.7686,0.579861,3
btc-updown-5m-1789165800,2026-09-11 22:30:00+00:00,1789165800,5m,12.4719,11.7488,12.7181,0.660218,4
btc-updown-5m-1789166100,2026-09-11 22:35:00+00:00,1789166100,5m,10.1421,9.57631,11.9801,0.509425,3
btc-updown-5m-1789166400,2026-09-11 22:40:00+00:00,1789166400,5m,10.107,9.60446,12.5383,0.507937,3
btc-updown-15m-1789166700,2026-09-11 22:45:00+00:00,1789166700,15m,13.8184,12.7185,18.5733,0.393353,2
btc-updown-5m-1789166700,2026-09-11 22:45:00+00:00,1789166700,5m,7.76254,7.09321,11.3738,0.340774,2
btc-updown-5m-1789167000,2026-09-11 22:50:00+00:00,1789167000,5m,12.0243,11.3179,11.5714,0.634921,4
btc-updown-5m-1789167300,2026-09-11 22:55:00+00:00,1789167300,5m,10.0739,9.41976,11.0633,0.505952,3
btc-updown-15m-1789167600,2026-09-11 23:00:00+00:00,1789167600,15m,15.4306,14.5097,19.7521,0.46875,3
btc-updown-5m-1789167600,2026-09-11 23:00:00+00:00,1789167600,5m,9.82982,9.31062,12.0956,0.486111,3
btc-updown-5m-1789167900,2026-09-11 23:05:00+00:00,1789167900,5m,8.21507,7.70168,11.2406,0.366071,2
btc-updown-5m-1789168200,2026-09-11 23:10:00+00:00,1789168200,5m,7.93909,7.48296,10.7821,0.349206,2
btc-updown-15m-1789168500,2026-09-11 23:15:00+00:00,1789168500,15m,13.7357,12.937,16.5913,0.389881,2
btc-updown-5m-1789168500,2026-09-11 23:15:00+00:00,1789168500,5m,8.61425,8.1555,10.16,0.391865,2
btc-updown-5m-1789168800,2026-09-11 23:20:00+00:00,1789168800,5m,8.19268,7.66938,9.36381,0.364087,2
btc-updown-5m-1789169100,2026-09-11 23:25:00+00:00,1789169100,5m,7.06595,6.56609,8.51754,0.293651,2
btc-updown-15m-1789169400,2026-09-11 23:30:00+00:00,1789169400,15m,10.8581,10.1623,12.8099,0.275794,2
btc-updown-5m-1789169400,2026-09-11 23:30:00+00:00,1789169400,5m,6.24136,5.89258,7.84441,0.245536,2
btc-updown-5m-1789169700,2026-09-11 23:35:00+00:00,1789169700,5m,5.25375,4.77786,7.12189,0.191468,1
btc-updown-5m-1789170000,2026-09-11 23:40:00+00:00,1789170000,5m,4.72164,4.2894,6.47207,0.150298,1
btc-updown-15m-1789170300,2026-09-11 23:45:00+00:00,1789170300,15m,8.472,7.58759,9.97095,0.184028,1
btc-updown-5m-1789170300,2026-09-11 23:45:00+00:00,1789170300,5m,4.77367,4.33326,6.10594,0.15377,1
btc-updown-5m-1789170600,2026-09-11 23:50:00+00:00,1789170600,5m,4.86093,4.49494,5.9572,0.160714,1
btc-updown-5m-1789170900,2026-09-11 23:55:00+00:00,1789170900,5m,4.53907,4.12171,5.52984,0.136905,1
btc-updown-15m-1789171200,2026-09-12 00:00:00+00:00,1789171200,15m,6.68834,6.10663,8.42296,0.111607,1
btc-updown-5m-1789171200,2026-09-12 00:00:00+00:00,1789171200,5m,4.0718,3.8423,5.15799,0.110615,1
btc-updown-5m-1789171500,2026-09-12 00:05:00+00:00,1789171500,5m,5.57754,5.30723,5.25213,0.214286,2
btc-updown-5m-1789171800,2026-09-12 00:10:00+00:00,1789171800,5m,5.37326,5.03826,5.30508,0.199901,1
btc-updown-15m-1789172100,2026-09-12 00:15:00+00:00,1789172100,15m,8.50442,7.82736,8.13336,0.186012,1
btc-updown-5m-1789172100,2026-09-12 00:15:00+00:00,1789172100,5m,4.6214,4.25887,4.98064,0.142857,1
btc-updown-5m-1789172400,2026-09-12 00:20:00+00:00,1789172400,5m,4.36304,4.06658,4.71898,0.12252,1
btc-updown-5m-1789172700,2026-09-12 00:25:00+00:00,1789172700,5m,3.69661,3.43832,4.51986,0.0972222,1
btc-updown-15m-1789173000,2026-09-12 00:30:00+00:00,1789173000,15m,6.04896,5.50058,6.80097,0.0927579,1
btc-updown-5m-1789173000,2026-09-12 00:30:00+00:00,1789173000,5m,3.45993,3.21824,4.16473,0.0882937,1
btc-updown-5m-1789173300,2026-09-12 00:35:00+00:00,1789173300,5m,4.30076,4.14024,4.19129,0.118552,1
btc-updown-5m-1789173600,2026-09-12 00:40:00+00:00,1789173600,5m,4.32908,4.14151,4.16657,0.121032,1
btc-updown-15m-1789173900,2026-09-12 00:45:00+00:00,1789173900,15m,6.93936,6.57889,6.59959,0.118056,1
btc-updown-5m-1789173900,2026-09-12 00:45:00+00:00,1789173900,5m,3.90925,3.74546,4.0414,0.104663,1
btc-updown-5m-1789174200,2026-09-12 00:50:00+00:00,1789174200,5m,2.98806,2.80361,3.65589,0.0724206,1
btc-updown-5m-1789174500,2026-09-12 00:55:00+00:00,1789174500,5m,3.04179,2.8948,3.48209,0.0739087,1
btc-updown-15m-1789174800,2026-09-12 01:00:00+00:00,1789174800,15m,5.77413,5.38422,6.10957,0.0863095,1
btc-updown-5m-1789174800,2026-09-12 01:00:00+00:00,1789174800,5m,3.33852,3.1781,3.74133,0.0843254,1
btc-updown-5m-1789175100,2026-09-12 01:05:00+00:00,1789175100,5m,3.7045,3.51879,3.73042,0.0977183,1
btc-updown-5m-1789175400,2026-09-12 01:10:00+00:00,1789175400,5m,3.92511,3.73435,3.92361,0.104663,1
btc-updown-15m-1789175700,2026-09-12 01:15:00+00:00,1789175700,15m,5.63245,5.29038,5.94167,0.0843254,1
btc-updown-5m-1789175700,2026-09-12 01:15:00+00:00,1789175700,5m,2.92392,2.78056,3.63851,0.0714286,1
btc-updown-5m-1789176000,2026-09-12 01:20:00+00:00,1789176000,5m,2.71387,2.54657,3.34708,0.0664683,1
btc-updown-5m-1789176300,2026-09-12 01:25:00+00:00,1789176300,5m,4.04058,3.8207,3.37755,0.108631,1
btc-updown-15m-1789176600,2026-09-12 01:30:00+00:00,1789176600,15m,7.11351,6.58722,5.47097,0.124008,1
btc-updown-5m-1789176600,2026-09-12 01:30:00+00:00,1789176600,5m,4.04313,3.75812,3.35027,0.109127,1
btc-updown-5m-1789176900,2026-09-12 01:35:00+00:00,1789176900,5m,3.54044,3.30312,3.14308,0.093254,1
btc-updown-5m-1789177200,2026-09-12 01:40:00+00:00,1789177200,5m,6.51939,6.14217,4.07878,0.265873,2
btc-updown-15m-1789177500,2026-09-12 01:45:00+00:00,1789177500,15m,8.31036,7.98352,6.97725,0.177083,1
btc-updown-5m-1789177500,2026-09-12 01:45:00+00:00,1789177500,5m,5.14524,5.00741,4.27268,0.181052,1
btc-updown-5m-1789177800,2026-09-12 01:50:00+00:00,1789177800,5m,4.14164,3.97391,4.03112,0.114087,1
btc-updown-5m-1789178100,2026-09-12 01:55:00+00:00,1789178100,5m,5.81284,5.45138,5.28652,0.225198,2
btc-updown-15m-1789178400,2026-09-12 02:00:00+00:00,1789178400,15m,8.61414,7.88961,8.08674,0.190972,1
btc-updown-5m-1789178400,2026-09-12 02:00:00+00:00,1789178400,5m,5.5932,5.18719,4.9521,0.214286,2
btc-updown-5m-1789178700,2026-09-12 02:05:00+00:00,1789178700,5m,5.14682,4.79402,4.91192,0.181052,1
btc-updown-5m-1789179000,2026-09-12 02:10:00+00:00,1789179000,5m,3.96517,3.78963,4.54947,0.105655,1
btc-updown-15m-1789179300,2026-09-12 02:15:00+00:00,1789179300,15m,5.47046,4.77663,6.70847,0.0823413,1
btc-updown-5m-1789179300,2026-09-12 02:15:00+00:00,1789179300,5m,2.59562,2.18411,4.10808,0.0639881,1
btc-updown-5m-1789179600,2026-09-12 02:20:00+00:00,1789179600,5m,2.62767,2.30022,3.79804,0.0649802,1
btc-updown-5m-1789179900,2026-09-12 02:25:00+00:00,1789179900,5m,1.71552,1.1961,3.42955,0.0322421,1
btc-updown-15m-1789180200,2026-09-12 02:30:00+00:00,1789180200,15m,5.18646,4.21647,5.3913,0.0763889,1
btc-updown-5m-1789180200,2026-09-12 02:30:00+00:00,1789180200,5m,2.72195,2.18139,3.30148,0.0669643,1
btc-updown-5m-1789180500,2026-09-12 02:35:00+00:00,1789180500,5m,3.34606,2.85262,3.30947,0.0848214,1
btc-updown-5m-1789180800,2026-09-12 02:40:00+00:00,1789180800,5m,6.99138,6.73244,3.73264,0.292163,2
btc-updown-15m-1789181100,2026-09-12 02:45:00+00:00,1789181100,15m,7.51279,7.25019,6.23519,0.140873,1
btc-updown-5m-1789181100,2026-09-12 02:45:00+00:00,1789181100,5m,5.04644,4.87288,3.81826,0.173115,1
btc-updown-5m-1789181400,2026-09-12 02:50:00+00:00,1789181400,5m,3.66144,3.4915,3.60607,0.0967262,1
btc-updown-5m-1789181700,2026-09-12 02:55:00+00:00,1789181700,5m,4.16659,3.99872,3.88382,0.115575,1
btc-updown-15m-1789182000,2026-09-12 03:00:00+00:00,1789182000,15m,6.58049,6.19624,6.09005,0.107639,1
btc-updown-5m-1789182000,2026-09-12 03:00:00+00:00,1789182000,5m,4.249,4.05214,3.72938,0.118552,1
btc-updown-5m-1789182300,2026-09-12 03:05:00+00:00,1789182300,5m,5.06214,4.78822,5.46726,0.175595,1
btc-updown-5m-1789182600,2026-09-12 03:10:00+00:00,1789182600,5m,6.14754,5.75745,6.25987,0.238591,2
btc-updown-15m-1789182900,2026-09-12 03:15:00+00:00,1789182900,15m,7.85564,7.44983,10.2202,0.15377,1
btc-updown-5m-1789182900,2026-09-12 03:15:00+00:00,1789182900,5m,5.55052,5.31663,6.2586,0.212798,2
btc-updown-5m-1789183200,2026-09-12 03:20:00+00:00,1789183200,5m,4.70277,4.57429,5.95786,0.14881,1
btc-updown-5m-1789183500,2026-09-12 03:25:00+00:00,1789183500,5m,5.55517,5.38712,6.02101,0.213294,2
btc-updown-15m-1789183800,2026-09-12 03:30:00+00:00,1789183800,15m,7.84937,7.41215,9.80467,0.15377,1
btc-updown-5m-1789183800,2026-09-12 03:30:00+00:00,1789183800,5m,5.77888,5.56518,6.00411,0.223214,2
btc-updown-5m-1789184100,2026-09-12 03:35:00+00:00,1789184100,5m,4.51216,4.17187,5.4892,0.134921,1
btc-updown-5m-1789184400,2026-09-12 03:40:00+00:00,1789184400,5m,3.84308,3.38754,4.98797,0.101687,1
btc-updown-15m-1789184700,2026-09-12 03:45:00+00:00,1789184700,15m,6.80204,6.1196,7.64766,0.113591,1
btc-updown-5m-1789184700,2026-09-12 03:45:00+00:00,1789184700,5m,4.47378,4.07156,4.68321,0.128968,1
btc-updown-5m-1789185000,2026-09-12 03:50:00+00:00,1789185000,5m,3.63508,3.30909,4.2462,0.0962302,1
btc-updown-5m-1789185300,2026-09-12 03:55:00+00:00,1789185300,5m,2.88275,2.52646,3.85237,0.0699405,1
btc-updown-15m-1789185600,2026-09-12 04:00:00+00:00,1789185600,15m,5.13277,4.43952,5.88465,0.0744048,1
btc-updown-5m-1789185600,2026-09-12 04:00:00+00:00,1789185600,5m,2.84976,2.3826,3.6036,0.0699405,1
btc-updown-5m-1789185900,2026-09-12 04:05:00+00:00,1789185900,5m,3.85434,3.60708,3.54623,0.102183,1
btc-updown-5m-1789186200,2026-09-12 04:10:00+00:00,1789186200,5m,3.40261,3.2002,3.30388,0.0858135,1
btc-updown-15m-1789186500,2026-09-12 04:15:00+00:00,1789186500,15m,4.85906,4.32719,4.97198,0.0669643,1
btc-updown-5m-1789186500,2026-09-12 04:15:00+00:00,1789186500,5m,2.98874,2.69996,3.0447,0.0724206,1
btc-updown-5m-1789186800,2026-09-12 04:20:00+00:00,1789186800,5m,4.14811,3.90134,3.59956,0.114583,1
btc-updown-5m-1789187100,2026-09-12 04:25:00+00:00,1789187100,5m,3.62294,3.34749,3.41559,0.0957341,1
btc-updown-15m-1789187400,2026-09-12 04:30:00+00:00,1789187400,15m,5.10983,4.5256,5.06508,0.0744048,1
btc-updown-5m-1789187400,2026-09-12 04:30:00+00:00,1789187400,5m,2.7881,2.41002,3.10172,0.0689484,1
btc-updown-5m-1789187700,2026-09-12 04:35:00+00:00,1789187700,5m,3.30991,3.12754,3.25327,0.0838294,1
btc-updown-5m-1789188000,2026-09-12 04:40:00+00:00,1789188000,5m,3.36543,3.17348,3.03114,0.0858135,1
btc-updown-15m-1789188300,2026-09-12 04:45:00+00:00,1789188300,15m,5.47105,5.09969,7.05461,0.0823413,1
btc-updown-5m-1789188300,2026-09-12 04:45:00+00:00,1789188300,5m,4.1456,3.91219,4.32005,0.114583,1
btc-updown-5m-1789188600,2026-09-12 04:50:00+00:00,1789188600,5m,4.27553,4.05761,4.21314,0.118552,1
btc-updown-5m-1789188900,2026-09-12 04:55:00+00:00,1789188900,5m,3.87023,3.61545,3.88677,0.102679,1
btc-updown-15m-1789189200,2026-09-12 05:00:00+00:00,1789189200,15m,6.08134,5.74456,5.9272,0.093254,1
btc-updown-5m-1789189200,2026-09-12 05:00:00+00:00,1789189200,5m,3.83454,3.57374,3.62965,0.101687,1
btc-updown-5m-1789189500,2026-09-12 05:05:00+00:00,1789189500,5m,4.48145,4.16782,3.43014,0.12996,1
btc-updown-5m-1789189800,2026-09-12 05:10:00+00:00,1789189800,5m,4.62811,4.30336,3.27722,0.142857,1
btc-updown-15m-1789190100,2026-09-12 05:15:00+00:00,1789190100,15m,6.60025,6.23824,6.21485,0.108135,1
btc-updown-5m-1789190100,2026-09-12 05:15:00+00:00,1789190100,5m,4.38147,4.13677,3.8058,0.123512,1
btc-updown-5m-1789190400,2026-09-12 05:20:00+00:00,1789190400,5m,4.6963,4.44455,4.02664,0.148313,1
btc-updown-5m-1789190700,2026-09-12 05:25:00+00:00,1789190700,5m,5.22562,4.98163,4.60857,0.188492,1
btc-updown-15m-1789191000,2026-09-12 05:30:00+00:00,1789191000,15m,7.23292,6.95506,8.70403,0.126488,1
btc-updown-5m-1789191000,2026-09-12 05:30:00+00:00,1789191000,5m,5.45506,5.26913,5.33011,0.203869,2
btc-updown-5m-1789191300,2026-09-12 05:35:00+00:00,1789191300,5m,4.72957,4.46289,5.46569,0.150298,1
btc-updown-5m-1789191600,2026-09-12 05:40:00+00:00,1789191600,5m,4.25876,4.0505,5.13689,0.118552,1
btc-updown-15m-1789191900,2026-09-12 05:45:00+00:00,1789191900,15m,5.69216,5.27549,7.73681,0.0858135,1
btc-updown-5m-1789191900,2026-09-12 05:45:00+00:00,1789191900,5m,3.77604,3.49488,4.73781,0.0997024,1
btc-updown-5m-1789192200,2026-09-12 05:50:00+00:00,1789192200,5m,2.46263,1.90853,4.27814,0.0590278,1
btc-updown-5m-1789192500,2026-09-12 05:55:00+00:00,1789192500,5m,3.61937,3.34714,3.96732,0.0957341,1
btc-updown-15m-1789192800,2026-09-12 06:00:00+00:00,1789192800,15m,6.28485,5.69702,6.34374,0.0992063,1
btc-updown-5m-1789192800,2026-09-12 06:00:00+00:00,1789192800,5m,4.29622,3.91272,3.88473,0.118552,1
btc-updown-5m-1789193100,2026-09-12 06:05:00+00:00,1789193100,5m,3.81709,3.47389,3.60297,0.101687,1
btc-updown-5m-1789193400,2026-09-12 06:10:00+00:00,1789193400,5m,3.8952,3.51237,3.41566,0.104167,1
btc-updown-15m-1789193700,2026-09-12 06:15:00+00:00,1789193700,15m,5.39968,4.98443,5.64254,0.0798611,1
btc-updown-5m-1789193700,2026-09-12 06:15:00+00:00,1789193700,5m,3.60364,3.33347,3.45534,0.0947421,1
btc-updown-5m-1789194000,2026-09-12 06:20:00+00:00,1789194000,5m,3.62699,3.38832,3.26332,0.0957341,1
btc-updown-5m-1789194300,2026-09-12 06:25:00+00:00,1789194300,5m,2.80768,2.39526,2.94671,0.0689484,1
btc-updown-15m-1789194600,2026-09-12 06:30:00+00:00,1789194600,15m,4.26584,3.87849,4.40174,0.0575397,1
btc-updown-5m-1789194600,2026-09-12 06:30:00+00:00,1789194600,5m,2.74782,2.48059,2.6955,0.0674603,1
btc-updown-5m-1789194900,2026-09-12 06:35:00+00:00,1789194900,5m,3.50315,3.37202,3.47567,0.0922619,1
btc-updown-5m-1789195200,2026-09-12 06:40:00+00:00,1789195200,5m,3.24992,2.95661,3.44861,0.0808532,1
btc-updown-15m-1789195500,2026-09-12 06:45:00+00:00,1789195500,15m,5.57616,5.5741,6.3483,0.0828373,1
btc-updown-5m-1789195500,2026-09-12 06:45:00+00:00,1789195500,5m,3.75254,3.67456,3.88752,0.0992063,1
btc-updown-5m-1789195800,2026-09-12 06:50:00+00:00,1789195800,5m,4.3546,4.21885,4.1517,0.122024,1
btc-updown-5m-1789196100,2026-09-12 06:55:00+00:00,1789196100,5m,3.95362,3.69467,3.88284,0.105655,1
btc-updown-15m-1789196400,2026-09-12 07:00:00+00:00,1789196400,15m,5.33404,4.98648,5.8586,0.078869,1
btc-updown-5m-1789196400,2026-09-12 07:00:00+00:00,1789196400,5m,3.30199,3.01456,3.58764,0.0838294,1
btc-updown-5m-1789196700,2026-09-12 07:05:00+00:00,1789196700,5m,3.46447,3.25925,3.38153,0.0892857,1
btc-updown-5m-1789197000,2026-09-12 07:10:00+00:00,1789197000,5m,3.44631,3.23811,3.20199,0.0877976,1
btc-updown-15m-1789197300,2026-09-12 07:15:00+00:00,1789197300,15m,5.11723,4.92121,4.81901,0.0744048,1
btc-updown-5m-1789197300,2026-09-12 07:15:00+00:00,1789197300,5m,3.01204,2.81439,2.95103,0.0724206,1
btc-updown-5m-1789197600,2026-09-12 07:20:00+00:00,1789197600,5m,3.18713,3.01677,2.82333,0.078869,1
btc-updown-5m-1789197900,2026-09-12 07:25:00+00:00,1789197900,5m,2.95499,2.75241,2.66126,0.0714286,1
btc-updown-15m-1789198200,2026-09-12 07:30:00+00:00,1789198200,15m,5.24141,5.0551,4.3988,0.0768849,1
btc-updown-5m-1789198200,2026-09-12 07:30:00+00:00,1789198200,5m,3.35605,3.1536,2.6937,0.0853175,1
btc-updown-5m-1789198500,2026-09-12 07:35:00+00:00,1789198500,5m,3.11302,2.89024,2.46915,0.0758929,1
btc-updown-5m-1789198800,2026-09-12 07:40:00+00:00,1789198800,5m,3.29461,3.09539,2.33266,0.0833333,1
btc-updown-15m-1789199100,2026-09-12 07:45:00+00:00,1789199100,15m,4.82143,4.51561,3.45115,0.0669643,1
btc-updown-5m-1789199100,2026-09-12 07:45:00+00:00,1789199100,5m,2.50858,2.19885,2.11339,0.0605159,1
btc-updown-5m-1789199400,2026-09-12 07:50:00+00:00,1789199400,5m,3.00231,2.76703,2.39346,0.0724206,1
btc-updown-5m-1789199700,2026-09-12 07:55:00+00:00,1789199700,5m,3.34688,3.16663,2.40962,0.0848214,1
btc-updown-15m-1789200000,2026-09-12 08:00:00+00:00,1789200000,15m,4.74216,4.63226,4.04372,0.0654762,1
btc-updown-5m-1789200000,2026-09-12 08:00:00+00:00,1789200000,5m,3.24026,3.06694,2.47626,0.0808532,1
btc-updown-5m-1789200300,2026-09-12 08:05:00+00:00,1789200300,5m,3.46268,3.30921,3.00845,0.0892857,1
btc-updown-5m-1789200600,2026-09-12 08:10:00+00:00,1789200600,5m,3.47603,3.36181,3.18025,0.0907738,1
btc-updown-15m-1789200900,2026-09-12 08:15:00+00:00,1789200900,15m,5.45323,5.39909,8.83668,0.0818452,1
btc-updown-5m-1789200900,2026-09-12 08:15:00+00:00,1789200900,5m,4.48551,4.46556,5.41134,0.130456,1
btc-updown-5m-1789201200,2026-09-12 08:20:00+00:00,1789201200,5m,3.91686,3.78501,5.80271,0.104663,1
btc-updown-5m-1789201500,2026-09-12 08:25:00+00:00,1789201500,5m,3.64705,3.56556,5.33975,0.0967262,1
btc-updown-15m-1789201800,2026-09-12 08:30:00+00:00,1789201800,15m,4.40541,4.24536,7.96036,0.0605159,1
btc-updown-5m-1789201800,2026-09-12 08:30:00+00:00,1789201800,5m,2.96542,2.72589,4.87471,0.0719246,1
btc-updown-5m-1789202100,2026-09-12 08:35:00+00:00,1789202100,5m,2.42904,2.18734,4.41862,0.0580357,1
btc-updown-5m-1789202400,2026-09-12 08:40:00+00:00,1789202400,5m,3.43886,3.38511,4.37843,0.0877976,1
btc-updown-15m-1789202700,2026-09-12 08:45:00+00:00,1789202700,15m,4.30638,4.32931,6.45626,0.0585317,1
btc-updown-5m-1789202700,2026-09-12 08:45:00+00:00,1789202700,5m,2.7002,2.54438,3.95364,0.0659722,1
btc-updown-5m-1789203000,2026-09-12 08:50:00+00:00,1789203000,5m,2.7145,2.6009,3.6069,0.0664683,1
btc-updown-5m-1789203300,2026-09-12 08:55:00+00:00,1789203300,5m,2.65926,2.47652,3.28675,0.0654762,1
btc-updown-15m-1789203600,2026-09-12 09:00:00+00:00,1789203600,15m,4.55064,4.45594,5.78037,0.062996,1
btc-updown-5m-1789203600,2026-09-12 09:00:00+00:00,1789203600,5m,3.22716,3.11599,3.53974,0.0798611,1
btc-updown-5m-1789203900,2026-09-12 09:05:00+00:00,1789203900,5m,3.05989,2.89945,3.35773,0.0744048,1
btc-updown-5m-1789204200,2026-09-12 09:10:00+00:00,1789204200,5m,3.17499,3.03291,3.42276,0.077877,1
btc-updown-15m-1789204500,2026-09-12 09:15:00+00:00,1789204500,15m,4.33053,4.20316,5.59481,0.0590278,1
btc-updown-5m-1789204500,2026-09-12 09:15:00+00:00,1789204500,5m,3.04861,2.90247,3.4261,0.0739087,1
btc-updown-5m-1789204800,2026-09-12 09:20:00+00:00,1789204800,5m,2.99141,2.87236,3.68614,0.0724206,1
btc-updown-5m-1789205100,2026-09-12 09:25:00+00:00,1789205100,5m,2.90979,2.77934,3.43561,0.0709325,1
btc-updown-15m-1789205400,2026-09-12 09:30:00+00:00,1789205400,15m,4.14846,4.00059,6.33272,0.0540675,1
btc-updown-5m-1789205400,2026-09-12 09:30:00+00:00,1789205400,5m,3.06104,2.95057,3.87798,0.0744048,1
btc-updown-5m-1789205700,2026-09-12 09:35:00+00:00,1789205700,5m,3.01695,2.89662,4.0271,0.0724206,1
btc-updown-5m-1789206000,2026-09-12 09:40:00+00:00,1789206000,5m,3.28393,3.22439,4.36783,0.0828373,1
btc-updown-15m-1789206300,2026-09-12 09:45:00+00:00,1789206300,15m,4.08228,3.95006,6.65283,0.0525794,1
btc-updown-5m-1789206300,2026-09-12 09:45:00+00:00,1789206300,5m,3.04208,2.93499,4.07401,0.0739087,1
btc-updown-5m-1789206600,2026-09-12 09:50:00+00:00,1789206600,5m,3.09563,2.97615,3.79132,0.0753968,1
btc-updown-5m-1789206900,2026-09-12 09:55:00+00:00,1789206900,5m,3.04287,2.97444,3.92342,0.0739087,1
btc-updown-15m-1789207200,2026-09-12 10:00:00+00:00,1789207200,15m,3.74225,3.51981,5.81407,0.0456349,1
btc-updown-5m-1789207200,2026-09-12 10:00:00+00:00,1789207200,5m,2.51355,2.3734,3.56038,0.0605159,1
btc-updown-5m-1789207500,2026-09-12 10:05:00+00:00,1789207500,5m,2.75416,2.68079,3.66578,0.0674603,1
btc-updown-5m-1789207800,2026-09-12 10:10:00+00:00,1789207800,5m,2.43632,2.32238,3.39873,0.0585317,1
btc-updown-15m-1789208100,2026-09-12 10:15:00+00:00,1789208100,15m,3.50561,3.32786,5.01163,0.0376984,1
btc-updown-5m-1789208100,2026-09-12 10:15:00+00:00,1789208100,5m,2.00472,1.78847,3.06899,0.0391865,1
btc-updown-5m-1789208400,2026-09-12 10:20:00+00:00,1789208400,5m,2.13496,2.00026,2.81943,0.0441468,1
btc-updown-5m-1789208700,2026-09-12 10:25:00+00:00,1789208700,5m,2.16711,1.9689,2.59046,0.0451389,1
btc-updown-15m-1789209000,2026-09-12 10:30:00+00:00,1789209000,15m,3.14235,3.02778,3.81979,0.0272817,1
btc-updown-5m-1789209000,2026-09-12 10:30:00+00:00,1789209000,5m,1.76068,1.53071,2.33913,0.0332341,1
btc-updown-5m-1789209300,2026-09-12 10:35:00+00:00,1789209300,5m,2.183,2.05927,2.32814,0.0451389,1
btc-updown-5m-1789209600,2026-09-12 10:40:00+00:00,1789209600,5m,1.4827,1.31312,2.10865,0.0252976,1
btc-updown-15m-1789209900,2026-09-12 10:45:00+00:00,1789209900,15m,2.94954,2.77125,3.26459,0.0218254,1
btc-updown-5m-1789209900,2026-09-12 10:45:00+00:00,1789209900,5m,1.69384,1.56687,1.99915,0.0322421,1
btc-updown-5m-1789210200,2026-09-12 10:50:00+00:00,1789210200,5m,2.29312,2.20069,2.02986,0.0496032,1
btc-updown-5m-1789210500,2026-09-12 10:55:00+00:00,1789210500,5m,2.63021,2.52167,2.07722,0.0649802,1
btc-updown-15m-1789210800,2026-09-12 11:00:00+00:00,1789210800,15m,4.28172,4.17452,5.38995,0.0580357,1
btc-updown-5m-1789210800,2026-09-12 11:00:00+00:00,1789210800,5m,2.92535,2.82586,3.30066,0.0714286,1
btc-updown-5m-1789211100,2026-09-12 11:05:00+00:00,1789211100,5m,3.35979,3.29424,3.63702,0.0858135,1
btc-updown-5m-1789211400,2026-09-12 11:10:00+00:00,1789211400,5m,3.46227,3.33706,3.75378,0.0892857,1
btc-updown-15m-1789211700,2026-09-12 11:15:00+00:00,1789211700,15m,4.43684,4.2961,5.68179,0.0605159,1
btc-updown-5m-1789211700,2026-09-12 11:15:00+00:00,1789211700,5m,2.82808,2.68676,3.47937,0.0699405,1
btc-updown-5m-1789212000,2026-09-12 11:20:00+00:00,1789212000,5m,3.22344,3.07144,3.39908,0.0798611,1
btc-updown-5m-1789212300,2026-09-12 11:25:00+00:00,1789212300,5m,2.9625,2.89687,3.1528,0.0719246,1
btc-updown-15m-1789212600,2026-09-12 11:30:00+00:00,1789212600,15m,4.41017,4.21089,4.67224,0.0605159,1
btc-updown-5m-1789212600,2026-09-12 11:30:00+00:00,1789212600,5m,2.5583,2.36349,2.86115,0.0634921,1
btc-updown-5m-1789212900,2026-09-12 11:35:00+00:00,1789212900,5m,2.40056,2.21197,2.62771,0.0570437,1
btc-updown-5m-1789213200,2026-09-12 11:40:00+00:00,1789213200,5m,2.39967,2.28711,2.84317,0.0570437,1
btc-updown-15m-1789213500,2026-09-12 11:45:00+00:00,1789213500,15m,4.26977,4.22356,4.58692,0.0575397,1
btc-updown-5m-1789213500,2026-09-12 11:45:00+00:00,1789213500,5m,2.6377,2.6044,2.8089,0.0649802,1
btc-updown-5m-1789213800,2026-09-12 11:50:00+00:00,1789213800,5m,2.39925,2.28385,2.54874,0.0570437,1
btc-updown-5m-1789214100,2026-09-12 11:55:00+00:00,1789214100,5m,1.99384,1.87382,2.34957,0.0391865,1
btc-updown-15m-1789214400,2026-09-12 12:00:00+00:00,1789214400,15m,3.77761,3.56007,3.46983,0.047619,1
btc-updown-5m-1789214400,2026-09-12 12:00:00+00:00,1789214400,5m,1.75926,1.55637,2.12483,0.0327381,1
btc-updown-5m-1789214700,2026-09-12 12:05:00+00:00,1789214700,5m,2.2442,2.13133,2.01773,0.047123,1
btc-updown-5m-1789215000,2026-09-12 12:10:00+00:00,1789215000,5m,1.85467,1.68022,1.92537,0.0342262,1
btc-updown-15m-1789215300,2026-09-12 12:15:00+00:00,1789215300,15m,4.07336,3.98633,3.75748,0.0525794,1
btc-updown-5m-1789215300,2026-09-12 12:15:00+00:00,1789215300,5m,2.3603,2.25721,2.30098,0.0540675,1
btc-updown-5m-1789215600,2026-09-12 12:20:00+00:00,1789215600,5m,2.73982,2.62709,2.55611,0.0674603,1
btc-updown-5m-1789215900,2026-09-12 12:25:00+00:00,1789215900,5m,1.9608,1.73635,2.31453,0.0362103,1
btc-updown-15m-1789216200,2026-09-12 12:30:00+00:00,1789216200,15m,4.18851,4.06198,3.77468,0.0565476,1
btc-updown-5m-1789216200,2026-09-12 12:30:00+00:00,1789216200,5m,2.5416,2.40484,2.31151,0.062996,1
btc-updown-5m-1789216500,2026-09-12 12:35:00+00:00,1789216500,5m,2.04035,1.76483,2.13874,0.0411706,1
btc-updown-5m-1789216800,2026-09-12 12:40:00+00:00,1789216800,5m,2.11454,1.98795,1.96744,0.0441468,1
btc-updown-15m-1789217100,2026-09-12 12:45:00+00:00,1789217100,15m,3.38425,3.2546,2.93384,0.0342262,1
btc-updown-5m-1789217100,2026-09-12 12:45:00+00:00,1789217100,5m,1.80759,1.66286,1.7966,0.0337302,1
btc-updown-5m-1789217400,2026-09-12 12:50:00+00:00,1789217400,5m,2.31207,2.18747,2.38046,0.0520833,1
btc-updown-5m-1789217700,2026-09-12 12:55:00+00:00,1789217700,5m,2.81638,2.71952,2.63504,0.0694444,1
btc-updown-15m-1789218000,2026-09-12 13:00:00+00:00,1789218000,15m,4.23271,4.21766,4.40685,0.0575397,1
btc-updown-5m-1789218000,2026-09-12 13:00:00+00:00,1789218000,5m,2.78734,2.67704,2.69863,0.0689484,1
btc-updown-5m-1789218300,2026-09-12 13:05:00+00:00,1789218300,5m,2.57016,2.4913,3.34857,0.0639881,1
btc-updown-5m-1789218600,2026-09-12 13:10:00+00:00,1789218600,5m,3.49518,3.39245,4.10191,0.0917659,1
btc-updown-15m-1789218900,2026-09-12 13:15:00+00:00,1789218900,15m,4.52155,4.48723,7.29707,0.0625,1
btc-updown-5m-1789218900,2026-09-12 13:15:00+00:00,1789218900,5m,3.40451,3.36932,4.46852,0.0858135,1
btc-updown-5m-1789219200,2026-09-12 13:20:00+00:00,1789219200,5m,3.60159,3.53865,4.51864,0.0947421,1
btc-updown-5m-1789219500,2026-09-12 13:25:00+00:00,1789219500,5m,3.4713,3.35248,4.64127,0.0897817,1
btc-updown-15m-1789219800,2026-09-12 13:30:00+00:00,1789219800,15m,5.42614,5.42779,9.59105,0.0803571,1
btc-updown-5m-1789219800,2026-09-12 13:30:00+00:00,1789219800,5m,4.00645,3.93086,5.87329,0.106647,1
btc-updown-5m-1789220100,2026-09-12 13:35:00+00:00,1789220100,5m,4.06274,4.00996,6.10877,0.110119,1
btc-updown-5m-1789220400,2026-09-12 13:40:00+00:00,1789220400,5m,3.41574,3.31492,5.63352,0.0868056,1
btc-updown-15m-1789220700,2026-09-12 13:45:00+00:00,1789220700,15m,4.43139,4.30265,8.44914,0.0605159,1
btc-updown-5m-1789220700,2026-09-12 13:45:00+00:00,1789220700,5m,2.95679,2.81242,5.17402,0.0714286,1
btc-updown-5m-1789221000,2026-09-12 13:50:00+00:00,1789221000,5m,2.89404,2.76641,4.75169,0.0704365,1
btc-updown-5m-1789221300,2026-09-12 13:55:00+00:00,1789221300,5m,3.07516,2.94249,4.59341,0.0749008,1
btc-updown-15m-1789221600,2026-09-12 14:00:00+00:00,1789221600,15m,4.5324,4.39784,7.04829,0.0625,1
btc-updown-5m-1789221600,2026-09-12 14:00:00+00:00,1789221600,5m,2.77288,2.61358,4.31618,0.0684524,1
btc-updown-5m-1789221900,2026-09-12 14:05:00+00:00,1789221900,5m,1.96496,1.76124,4.02086,0.0367063,1
btc-updown-5m-1789222200,2026-09-12 14:10:00+00:00,1789222200,5m,1.95493,1.80246,3.66844,0.0362103,1
btc-updown-15m-1789222500,2026-09-12 14:15:00+00:00,1789222500,15m,3.98247,3.89273,5.45564,0.0505952,1
btc-updown-5m-1789222500,2026-09-12 14:15:00+00:00,1789222500,5m,2.04457,1.88328,3.34088,0.0416667,1
btc-updown-5m-1789222800,2026-09-12 14:20:00+00:00,1789222800,5m,1.31725,1.09407,3.01675,0.0198413,1
btc-updown-5m-1789223100,2026-09-12 14:25:00+00:00,1789223100,5m,1.62807,1.48824,2.90877,0.030754,1
btc-updown-15m-1789223400,2026-09-12 14:30:00+00:00,1789223400,15m,4.75576,4.62329,5.22866,0.0654762,1
btc-updown-5m-1789223400,2026-09-12 14:30:00+00:00,1789223400,5m,2.91084,2.7561,3.20188,0.0709325,1
btc-updown-5m-1789223700,2026-09-12 14:35:00+00:00,1789223700,5m,4.54097,4.25047,3.37825,0.136905,1
btc-updown-5m-1789224000,2026-09-12 14:40:00+00:00,1789224000,5m,4.86045,4.55878,3.8387,0.160714,1
btc-updown-15m-1789224300,2026-09-12 14:45:00+00:00,1789224300,15m,5.64852,5.27962,5.69216,0.0843254,1
btc-updown-5m-1789224300,2026-09-12 14:45:00+00:00,1789224300,5m,2.82219,2.58183,3.48572,0.0699405,1
btc-updown-5m-1789224600,2026-09-12 14:50:00+00:00,1789224600,5m,3.64615,3.41867,3.68817,0.0967262,1
btc-updown-5m-1789224900,2026-09-12 14:55:00+00:00,1789224900,5m,3.40465,3.15359,3.41349,0.0858135,1
btc-updown-15m-1789225200,2026-09-12 15:00:00+00:00,1789225200,15m,5.93031,5.70756,5.4286,0.0907738,1
btc-updown-5m-1789225200,2026-09-12 15:00:00+00:00,1789225200,5m,3.38901,3.21019,3.32433,0.0858135,1
btc-updown-5m-1789225500,2026-09-12 15:05:00+00:00,1789225500,5m,2.46027,2.22132,3.00569,0.0590278,1
btc-updown-5m-1789225800,2026-09-12 15:10:00+00:00,1789225800,5m,3.25764,3.12046,3.03713,0.0813492,1
btc-updown-15m-1789226100,2026-09-12 15:15:00+00:00,1789226100,15m,5.24015,5.05912,4.60291,0.0768849,1
btc-updown-5m-1789226100,2026-09-12 15:15:00+00:00,1789226100,5m,2.89182,2.69722,2.81869,0.0704365,1
btc-updown-5m-1789226400,2026-09-12 15:20:00+00:00,1789226400,5m,3.16298,3.00006,3.10234,0.077381,1
btc-updown-5m-1789226700,2026-09-12 15:25:00+00:00,1789226700,5m,2.95689,2.71814,2.93325,0.0714286,1
btc-updown-15m-1789227000,2026-09-12 15:30:00+00:00,1789227000,15m,5.31256,5.11462,5.52496,0.077877,1
btc-updown-5m-1789227000,2026-09-12 15:30:00+00:00,1789227000,5m,2.98174,2.80554,3.38334,0.0724206,1
btc-updown-5m-1789227300,2026-09-12 15:35:00+00:00,1789227300,5m,4.25132,4.19613,4.76175,0.118552,1
btc-updown-5m-1789227600,2026-09-12 15:40:00+00:00,1789227600,5m,3.59664,3.47675,4.59357,0.0947421,1
btc-updown-15m-1789227900,2026-09-12 15:45:00+00:00,1789227900,15m,5.7949,5.7092,8.71744,0.0863095,1
btc-updown-5m-1789227900,2026-09-12 15:45:00+00:00,1789227900,5m,3.82499,3.7151,5.33832,0.101687,1
btc-updown-5m-1789228200,2026-09-12 15:50:00+00:00,1789228200,5m,3.68226,3.60036,5.05105,0.0972222,1
btc-updown-5m-1789228500,2026-09-12 15:55:00+00:00,1789228500,5m,2.60436,2.30706,4.561,0.0644841,1
btc-updown-15m-1789228800,2026-09-12 16:00:00+00:00,1789228800,15m,5.70065,5.59763,9.545,0.0858135,1
btc-updown-5m-1789228800,2026-09-12 16:00:00+00:00,1789228800,5m,3.89395,3.76561,5.8451,0.104167,1
btc-updown-5m-1789229100,2026-09-12 16:05:00+00:00,1789229100,5m,3.75712,3.65331,5.62321,0.0992063,1
btc-updown-5m-1789229400,2026-09-12 16:10:00+00:00,1789229400,5m,3.48757,3.39163,5.64518,0.0917659,1
btc-updown-15m-1789229700,2026-09-12 16:15:00+00:00,1789229700,15m,4.81311,4.53302,8.331,0.0664683,1
btc-updown-5m-1789229700,2026-09-12 16:15:00+00:00,1789229700,5m,2.72764,2.48557,5.10167,0.0669643,1
btc-updown-5m-1789230000,2026-09-12 16:20:00+00:00,1789230000,5m,3.07437,2.83206,4.63378,0.0749008,1
btc-updown-5m-1789230300,2026-09-12 16:25:00+00:00,1789230300,5m,2.13075,1.7079,4.18773,0.0441468,1
btc-updown-15m-1789230600,2026-09-12 16:30:00+00:00,1789230600,15m,4.40686,3.47543,6.17506,0.0605159,1
btc-updown-5m-1789230600,2026-09-12 16:30:00+00:00,1789230600,5m,1.96915,1.32807,3.78144,0.0372024,1
btc-updown-5m-1789230900,2026-09-12 16:35:00+00:00,1789230900,5m,1.41401,0.952552,3.4167,0.0233135,1
btc-updown-5m-1789231200,2026-09-12 16:40:00+00:00,1789231200,5m,2.67122,2.43145,3.24792,0.0654762,1
btc-updown-15m-1789231500,2026-09-12 16:45:00+00:00,1789231500,15m,4.24318,3.91668,4.97875,0.0575397,1
btc-updown-5m-1789231500,2026-09-12 16:45:00+00:00,1789231500,5m,2.55926,2.32601,3.04885,0.0634921,1
btc-updown-5m-1789231800,2026-09-12 16:50:00+00:00,1789231800,5m,2.02221,1.70328,2.76494,0.0401786,1
btc-updown-5m-1789232100,2026-09-12 16:55:00+00:00,1789232100,5m,2.31992,2.12119,2.5945,0.0520833,1
btc-updown-15m-1789232400,2026-09-12 17:00:00+00:00,1789232400,15m,4.83365,4.58891,5.57434,0.0669643,1
btc-updown-5m-1789232400,2026-09-12 17:00:00+00:00,1789232400,5m,3.45498,3.34046,3.41357,0.0882937,1
btc-updown-5m-1789232700,2026-09-12 17:05:00+00:00,1789232700,5m,3.04327,2.89444,3.39766,0.0739087,1
btc-updown-5m-1789233000,2026-09-12 17:10:00+00:00,1789233000,5m,3.10417,3.00794,3.61041,0.0758929,1
btc-updown-15m-1789233300,2026-09-12 17:15:00+00:00,1789233300,15m,4.27818,4.058,6.6206,0.0580357,1
btc-updown-5m-1789233300,2026-09-12 17:15:00+00:00,1789233300,5m,2.7915,2.65951,4.05428,0.0689484,1
btc-updown-5m-1789233600,2026-09-12 17:20:00+00:00,1789233600,5m,3.11237,3.00526,4.29139,0.0758929,1
btc-updown-5m-1789233900,2026-09-12 17:25:00+00:00,1789233900,5m,3.39627,3.24236,4.09452,0.0858135,1
btc-updown-15m-1789234200,2026-09-12 17:30:00+00:00,1789234200,15m,5.05715,4.90566,6.07349,0.0714286,1
btc-updown-5m-1789234200,2026-09-12 17:30:00+00:00,1789234200,5m,2.71084,2.48354,3.71924,0.0664683,1
btc-updown-5m-1789234500,2026-09-12 17:35:00+00:00,1789234500,5m,3.5687,3.42701,3.78405,0.094246,1
btc-updown-5m-1789234800,2026-09-12 17:40:00+00:00,1789234800,5m,4.04943,3.89437,3.84742,0.109623,1
btc-updown-15m-1789235100,2026-09-12 17:45:00+00:00,1789235100,15m,6.64364,6.41088,5.92594,0.109127,1
btc-updown-5m-1789235100,2026-09-12 17:45:00+00:00,1789235100,5m,3.95363,3.74159,3.62888,0.105655,1
btc-updown-5m-1789235400,2026-09-12 17:50:00+00:00,1789235400,5m,4.24386,4.07668,3.89041,0.118552,1
btc-updown-5m-1789235700,2026-09-12 17:55:00+00:00,1789235700,5m,4.01501,3.85201,3.78574,0.106647,1
btc-updown-15m-1789236000,2026-09-12 18:00:00+00:00,1789236000,15m,6.53936,6.32887,5.89649,0.105655,1
btc-updown-5m-1789236000,2026-09-12 18:00:00+00:00,1789236000,5m,3.69958,3.51741,3.61085,0.0972222,1
btc-updown-5m-1789236300,2026-09-12 18:05:00+00:00,1789236300,5m,3.46806,3.277,3.37651,0.0892857,1
btc-updown-5m-1789236600,2026-09-12 18:10:00+00:00,1789236600,5m,3.46033,3.29803,3.53901,0.0882937,1
btc-updown-15m-1789236900,2026-09-12 18:15:00+00:00,1789236900,15m,5.9705,5.68876,5.58515,0.0912698,1
btc-updown-5m-1789236900,2026-09-12 18:15:00+00:00,1789236900,5m,3.31618,3.16877,3.42019,0.0838294,1
btc-updown-5m-1789237200,2026-09-12 18:20:00+00:00,1789237200,5m,4.18233,3.99682,4.88182,0.116071,1
btc-updown-5m-1789237500,2026-09-12 18:25:00+00:00,1789237500,5m,4.9113,4.82428,5.40366,0.163194,1
btc-updown-15m-1789237800,2026-09-12 18:30:00+00:00,1789237800,15m,6.91623,6.71571,8.52149,0.11756,1
btc-updown-5m-1789237800,2026-09-12 18:30:00+00:00,1789237800,5m,4.20542,4.07025,5.21833,0.117063,1
btc-updown-5m-1789238100,2026-09-12 18:35:00+00:00,1789238100,5m,3.52543,3.32031,5.24918,0.093254,1
btc-updown-5m-1789238400,2026-09-12 18:40:00+00:00,1789238400,5m,4.31205,4.19403,5.49327,0.12004,1
btc-updown-15m-1789238700,2026-09-12 18:45:00+00:00,1789238700,15m,6.43577,6.188,8.30798,0.101687,1
btc-updown-5m-1789238700,2026-09-12 18:45:00+00:00,1789238700,5m,3.94075,3.82092,5.08758,0.105655,1
btc-updown-5m-1789239000,2026-09-12 18:50:00+00:00,1789239000,5m,3.71071,3.61531,4.65268,0.0977183,1
btc-updown-5m-1789239300,2026-09-12 18:55:00+00:00,1789239300,5m,3.99818,3.90858,4.61936,0.106647,1
btc-updown-15m-1789239600,2026-09-12 19:00:00+00:00,1789239600,15m,5.92094,5.70336,6.90908,0.0902778,1
btc-updown-5m-1789239600,2026-09-12 19:00:00+00:00,1789239600,5m,3.52481,3.40392,4.23093,0.093254,1
btc-updown-5m-1789239900,2026-09-12 19:05:00+00:00,1789239900,5m,3.64433,3.56337,4.27224,0.0967262,1
btc-updown-5m-1789240200,2026-09-12 19:10:00+00:00,1789240200,5m,3.87764,3.74913,4.62933,0.103175,1
btc-updown-15m-1789240500,2026-09-12 19:15:00+00:00,1789240500,15m,5.96465,5.77419,7.00638,0.0912698,1
btc-updown-5m-1789240500,2026-09-12 19:15:00+00:00,1789240500,5m,3.75819,3.65982,4.29051,0.0992063,1
btc-updown-5m-1789240800,2026-09-12 19:20:00+00:00,1789240800,5m,3.43052,3.27461,4.27843,0.0873016,1
btc-updown-5m-1789241100,2026-09-12 19:25:00+00:00,1789241100,5m,3.67115,3.5533,4.25098,0.0967262,1
btc-updown-15m-1789241400,2026-09-12 19:30:00+00:00,1789241400,15m,5.87015,5.68727,8.52663,0.0877976,1
btc-updown-5m-1789241400,2026-09-12 19:30:00+00:00,1789241400,5m,4.11036,4.17164,5.22147,0.112599,1
btc-updown-5m-1789241700,2026-09-12 19:35:00+00:00,1789241700,5m,3.72572,3.59889,5.739,0.0982143,1
btc-updown-5m-1789242000,2026-09-12 19:40:00+00:00,1789242000,5m,4.23181,4.11184,5.71221,0.118056,1
btc-updown-15m-1789242300,2026-09-12 19:45:00+00:00,1789242300,15m,6.31271,6.07721,9.22598,0.100198,1
btc-updown-5m-1789242300,2026-09-12 19:45:00+00:00,1789242300,5m,3.79825,3.64728,5.64974,0.100198,1
btc-updown-5m-1789242600,2026-09-12 19:50:00+00:00,1789242600,5m,4.57954,4.49045,5.49212,0.138889,1
btc-updown-5m-1789242900,2026-09-12 19:55:00+00:00,1789242900,5m,3.82068,3.64769,4.98914,0.101687,1
btc-updown-15m-1789243200,2026-09-12 20:00:00+00:00,1789243200,15m,6.16397,6.00241,8.30145,0.0952381,1
btc-updown-5m-1789243200,2026-09-12 20:00:00+00:00,1789243200,5m,4.24746,4.16366,5.08358,0.118552,1
btc-updown-5m-1789243500,2026-09-12 20:05:00+00:00,1789243500,5m,4.15819,4.03458,5.12098,0.115079,1
btc-updown-5m-1789243800,2026-09-12 20:10:00+00:00,1789243800,5m,3.78307,3.64448,4.70185,0.0997024,1
btc-updown-15m-1789244100,2026-09-12 20:15:00+00:00,1789244100,15m,6.164,5.93599,7.05201,0.0952381,1
btc-updown-5m-1789244100,2026-09-12 20:15:00+00:00,1789244100,5m,3.43899,3.28752,4.31846,0.0877976,1
btc-updown-5m-1789244400,2026-09-12 20:20:00+00:00,1789244400,5m,3.35568,3.19357,3.95244,0.0853175,1
btc-updown-5m-1789244700,2026-09-12 20:25:00+00:00,1789244700,5m,3.15078,2.98111,3.61279,0.077381,1
btc-updown-15m-1789245000,2026-09-12 20:30:00+00:00,1789245000,15m,5.67236,5.4152,5.79712,0.0853175,1
btc-updown-5m-1789245000,2026-09-12 20:30:00+00:00,1789245000,5m,3.47871,3.33283,3.55,0.0907738,1
btc-updown-5m-1789245300,2026-09-12 20:35:00+00:00,1789245300,5m,3.5431,3.41605,3.37617,0.093254,1
btc-updown-5m-1789245600,2026-09-12 20:40:00+00:00,1789245600,5m,3.23331,3.10476,3.22257,0.0803571,1
btc-updown-15m-1789245900,2026-09-12 20:45:00+00:00,1789245900,15m,5.65191,5.48726,5.88091,0.0848214,1
btc-updown-5m-1789245900,2026-09-12 20:45:00+00:00,1789245900,5m,3.83753,3.79376,3.60131,0.101687,1
btc-updown-5m-1789246200,2026-09-12 20:50:00+00:00,1789246200,5m,3.05614,2.87386,3.60756,0.0744048,1
btc-updown-5m-1789246500,2026-09-12 20:55:00+00:00,1789246500,5m,3.56125,3.45506,4.22188,0.09375,1
btc-updown-15m-1789246800,2026-09-12 21:00:00+00:00,1789246800,15m,5.2437,4.8532,6.22948,0.0768849,1
btc-updown-5m-1789246800,2026-09-12 21:00:00+00:00,1789246800,5m,2.96329,2.68414,3.81476,0.0719246,1
btc-updown-5m-1789247100,2026-09-12 21:05:00+00:00,1789247100,5m,3.58644,3.63762,4.47485,0.094246,1
btc-updown-5m-1789247400,2026-09-12 21:10:00+00:00,1789247400,5m,3.46209,3.36508,4.12135,0.0892857,1
btc-updown-15m-1789247700,2026-09-12 21:15:00+00:00,1789247700,15m,5.74879,5.5601,10.1289,0.0863095,1
btc-updown-5m-1789247700,2026-09-12 21:15:00+00:00,1789247700,5m,3.46976,3.27692,6.20268,0.0892857,1
btc-updown-5m-1789248000,2026-09-12 21:20:00+00:00,1789248000,5m,2.89648,2.57256,5.61195,0.0709325,1
btc-updown-5m-1789248300,2026-09-12 21:25:00+00:00,1789248300,5m,3.24709,3.04303,5.09902,0.0808532,1
btc-updown-15m-1789248600,2026-09-12 21:30:00+00:00,1789248600,15m,5.3253,5.05763,7.69159,0.078869,1
btc-updown-5m-1789248600,2026-09-12 21:30:00+00:00,1789248600,5m,3.50022,3.32165,4.71011,0.0922619,1
btc-updown-5m-1789248900,2026-09-12 21:35:00+00:00,1789248900,5m,3.83548,3.65884,4.3288,0.101687,1
btc-updown-5m-1789249200,2026-09-12 21:40:00+00:00,1789249200,5m,3.49056,3.26588,3.99086,0.0917659,1
btc-updown-15m-1789249500,2026-09-12 21:45:00+00:00,1789249500,15m,5.0784,4.90347,6.01578,0.0724206,1
btc-updown-5m-1789249500,2026-09-12 21:45:00+00:00,1789249500,5m,2.95048,2.81737,3.6839,0.0714286,1
btc-updown-5m-1789249800,2026-09-12 21:50:00+00:00,1789249800,5m,4.13566,4.02069,5.59137,0.113591,1
btc-updown-5m-1789250100,2026-09-12 21:55:00+00:00,1789250100,5m,4.08723,4.0262,6.19503,0.111607,1
btc-updown-15m-1789250400,2026-09-12 22:00:00+00:00,1789250400,15m,5.7962,5.58277,9.82044,0.0863095,1
btc-updown-5m-1789250400,2026-09-12 22:00:00+00:00,1789250400,5m,3.82293,3.66142,6.01377,0.101687,1
btc-updown-5m-1789250700,2026-09-12 22:05:00+00:00,1789250700,5m,4.06006,4.01817,6.47644,0.109623,1
btc-updown-5m-1789251000,2026-09-12 22:10:00+00:00,1789251000,5m,3.58473,3.5707,6.2543,0.094246,1
btc-updown-15m-1789251300,2026-09-12 22:15:00+00:00,1789251300,15m,5.63623,5.47995,10.3463,0.0843254,1
btc-updown-5m-1789251300,2026-09-12 22:15:00+00:00,1789251300,5m,3.68969,3.63119,6.3358,0.0972222,1
btc-updown-5m-1789251600,2026-09-12 22:20:00+00:00,1789251600,5m,3.81615,3.69468,6.06765,0.101687,1
btc-updown-5m-1789251900,2026-09-12 22:25:00+00:00,1789251900,5m,3.70828,3.54602,5.78252,0.0977183,1
btc-updown-15m-1789252200,2026-09-12 22:30:00+00:00,1789252200,15m,6.81357,6.52952,11.8492,0.113591,1
btc-updown-5m-1789252200,2026-09-12 22:30:00+00:00,1789252200,5m,4.95455,4.92945,7.25612,0.167659,1
btc-updown-5m-1789252500,2026-09-12 22:35:00+00:00,1789252500,5m,3.63831,3.61622,6.84738,0.0967262,1
btc-updown-5m-1789252800,2026-09-12 22:40:00+00:00,1789252800,5m,3.04622,2.90358,6.20119,0.0739087,1
btc-updown-15m-1789253100,2026-09-12 22:45:00+00:00,1789253100,15m,5.31151,5.05043,9.23455,0.077877,1
btc-updown-5m-1789253100,2026-09-12 22:45:00+00:00,1789253100,5m,3.22444,3.06016,5.65498,0.0798611,1
btc-updown-5m-1789253400,2026-09-12 22:50:00+00:00,1789253400,5m,2.97693,2.75467,5.15652,0.0724206,1
btc-updown-5m-1789253700,2026-09-12 22:55:00+00:00,1789253700,5m,3.5009,3.39401,4.87887,0.0922619,1
btc-updown-15m-1789254000,2026-09-12 23:00:00+00:00,1789254000,15m,4.88603,4.62563,7.26777,0.0679563,1
btc-updown-5m-1789254000,2026-09-12 23:00:00+00:00,1789254000,5m,3.00593,2.80529,4.45058,0.0724206,1
btc-updown-5m-1789254300,2026-09-12 23:05:00+00:00,1789254300,5m,3.33606,3.23956,4.14176,0.0843254,1
btc-updown-5m-1789254600,2026-09-12 23:10:00+00:00,1789254600,5m,3.19954,3.10441,3.8665,0.0798611,1
btc-updown-15m-1789254900,2026-09-12 23:15:00+00:00,1789254900,15m,4.47505,4.19687,5.72277,0.0605159,1
btc-updown-5m-1789254900,2026-09-12 23:15:00+00:00,1789254900,5m,2.58503,2.40072,3.50447,0.0639881,1
btc-updown-5m-1789255200,2026-09-12 23:20:00+00:00,1789255200,5m,2.47429,2.26737,3.27674,0.0590278,1
btc-updown-5m-1789255500,2026-09-12 23:25:00+00:00,1789255500,5m,2.73543,2.57648,3.10155,0.0674603,1
btc-updown-15m-1789255800,2026-09-12 23:30:00+00:00,1789255800,15m,4.2742,4.04891,4.65354,0.0575397,1
btc-updown-5m-1789255800,2026-09-12 23:30:00+00:00,1789255800,5m,2.40137,2.24503,2.8497,0.0570437,1
btc-updown-5m-1789256100,2026-09-12 23:35:00+00:00,1789256100,5m,2.27734,2.12521,2.57322,0.0486111,1
btc-updown-5m-1789256400,2026-09-12 23:40:00+00:00,1789256400,5m,2.37473,2.14729,2.37415,0.0555556,1
btc-updown-15m-1789256700,2026-09-12 23:45:00+00:00,1789256700,15m,4.55591,4.22974,3.59937,0.062996,1
btc-updown-5m-1789256700,2026-09-12 23:45:00+00:00,1789256700,5m,2.65619,2.41743,2.20415,0.0654762,1
btc-updown-5m-1789257000,2026-09-12 23:50:00+00:00,1789257000,5m,2.32006,2.09023,2.04943,0.0520833,1
btc-updown-5m-1789257300,2026-09-12 23:55:00+00:00,1789257300,5m,2.76599,2.50691,2.58401,0.0684524,1
btc-updown-15m-1789257600,2026-09-13 00:00:00+00:00,1789257600,15m,4.20478,3.96789,4.07492,0.0565476,1
btc-updown-5m-1789257600,2026-09-13 00:00:00+00:00,1789257600,5m,2.75364,2.56942,2.49537,0.0674603,1
btc-updown-5m-1789257900,2026-09-13 00:05:00+00:00,1789257900,5m,2.593,2.39673,2.59826,0.0639881,1
btc-updown-5m-1789258200,2026-09-13 00:10:00+00:00,1789258200,5m,1.90878,1.69798,2.34618,0.0347222,1
btc-updown-15m-1789258500,2026-09-13 00:15:00+00:00,1789258500,15m,3.79174,3.48274,4.45145,0.0481151,1
btc-updown-5m-1789258500,2026-09-13 00:15:00+00:00,1789258500,5m,2.38662,2.19055,2.72594,0.0560516,1
btc-updown-5m-1789258800,2026-09-13 00:20:00+00:00,1789258800,5m,1.86855,1.61012,2.46147,0.0347222,1
btc-updown-5m-1789259100,2026-09-13 00:25:00+00:00,1789259100,5m,1.87047,1.56893,2.23267,0.0347222,1
btc-updown-15m-1789259400,2026-09-13 00:30:00+00:00,1789259400,15m,3.45675,3.11009,3.36596,0.0362103,1
btc-updown-5m-1789259400,2026-09-13 00:30:00+00:00,1789259400,5m,1.92515,1.68203,2.06122,0.0357143,1
btc-updown-5m-1789259700,2026-09-13 00:35:00+00:00,1789259700,5m,1.6678,1.49358,1.88139,0.03125,1
btc-updown-5m-1789260000,2026-09-13 00:40:00+00:00,1789260000,5m,1.46258,1.27389,1.69886,0.0248016,1
btc-updown-15m-1789260300,2026-09-13 00:45:00+00:00,1789260300,15m,5.41268,5.23064,7.53058,0.0798611,1
btc-updown-5m-1789260300,2026-09-13 00:45:00+00:00,1789260300,5m,3.41362,3.12894,4.61152,0.0868056,1
btc-updown-5m-1789260600,2026-09-13 00:50:00+00:00,1789260600,5m,3.20595,2.95319,4.45769,0.0798611,1
btc-updown-5m-1789260900,2026-09-13 00:55:00+00:00,1789260900,5m,3.35067,3.13352,4.26998,0.0853175,1
btc-updown-15m-1789261200,2026-09-13 01:00:00+00:00,1789261200,15m,3.68404,3.34367,6.29634,0.0436508,1
btc-updown-5m-1789261200,2026-09-13 01:00:00+00:00,1789261200,5m,1.91523,1.66864,3.8557,0.0352183,1
btc-updown-5m-1789261500,2026-09-13 01:05:00+00:00,1789261500,5m,2.45073,2.28953,3.66931,0.0590278,1
btc-updown-5m-1789261800,2026-09-13 01:10:00+00:00,1789261800,5m,2.67992,2.48913,3.53542,0.0654762,1
btc-updown-15m-1789262100,2026-09-13 01:15:00+00:00,1789262100,15m,4.17209,3.92579,6.41792,0.0550595,1
btc-updown-5m-1789262100,2026-09-13 01:15:00+00:00,1789262100,5m,2.87435,2.72802,3.93016,0.0699405,1
btc-updown-5m-1789262400,2026-09-13 01:20:00+00:00,1789262400,5m,2.13205,1.97761,3.56289,0.0441468,1
btc-updown-5m-1789262700,2026-09-13 01:25:00+00:00,1789262700,5m,3.66476,3.49399,4.32907,0.0967262,1
btc-updown-15m-1789263000,2026-09-13 01:30:00+00:00,1789263000,15m,4.58742,4.31944,8.734,0.0634921,1
btc-updown-5m-1789263000,2026-09-13 01:30:00+00:00,1789263000,5m,3.42549,3.33419,5.34846,0.0868056,1
btc-updown-5m-1789263300,2026-09-13 01:35:00+00:00,1789263300,5m,2.61355,2.41806,4.93161,0.0644841,1
btc-updown-5m-1789263600,2026-09-13 01:40:00+00:00,1789263600,5m,2.94558,2.6943,4.54685,0.0714286,1
btc-updown-15m-1789263900,2026-09-13 01:45:00+00:00,1789263900,15m,4.6503,4.44641,7.85713,0.0639881,1
btc-updown-5m-1789263900,2026-09-13 01:45:00+00:00,1789263900,5m,3.55837,3.42361,4.81149,0.09375,1
btc-updown-5m-1789264200,2026-09-13 01:50:00+00:00,1789264200,5m,3.5962,3.4373,4.59315,0.0947421,1
btc-updown-5m-1789264500,2026-09-13 01:55:00+00:00,1789264500,5m,2.94757,2.54848,4.43062,0.0714286,1
btc-updown-15m-1789264800,2026-09-13 02:00:00+00:00,1789264800,15m,4.61211,4.40822,7.86577,0.0634921,1
btc-updown-5m-1789264800,2026-09-13 02:00:00+00:00,1789264800,5m,3.50135,3.41287,4.81678,0.0922619,1
btc-updown-5m-1789265100,2026-09-13 02:05:00+00:00,1789265100,5m,2.70487,2.47882,4.41388,0.0659722,1
btc-updown-5m-1789265400,2026-09-13 02:10:00+00:00,1789265400,5m,2.74484,2.53129,4.07567,0.0674603,1
btc-updown-15m-1789265700,2026-09-13 02:15:00+00:00,1789265700,15m,3.61573,3.01305,6.00982,0.0421627,1
btc-updown-5m-1789265700,2026-09-13 02:15:00+00:00,1789265700,5m,2.23343,1.70046,3.68025,0.046627,1
btc-updown-5m-1789266000,2026-09-13 02:20:00+00:00,1789266000,5m,2.51,2.13427,3.37593,0.0605159,1
btc-updown-5m-1789266300,2026-09-13 02:25:00+00:00,1789266300,5m,2.38884,1.95655,3.07485,0.0560516,1
btc-updown-15m-1789266600,2026-09-13 02:30:00+00:00,1789266600,15m,3.7015,3.36398,5.78699,0.0436508,1
btc-updown-5m-1789266600,2026-09-13 02:30:00+00:00,1789266600,5m,2.72643,2.61819,3.54379,0.0669643,1
btc-updown-5m-1789266900,2026-09-13 02:35:00+00:00,1789266900,5m,2.66811,2.4152,3.48819,0.0654762,1
btc-updown-5m-1789267200,2026-09-13 02:40:00+00:00,1789267200,5m,2.86997,2.88892,3.92765,0.0699405,1
btc-updown-15m-1789267500,2026-09-13 02:45:00+00:00,1789267500,15m,3.86087,3.70752,6.95105,0.0500992,1
btc-updown-5m-1789267500,2026-09-13 02:45:00+00:00,1789267500,5m,3.26508,3.16504,4.25663,0.0813492,1
btc-updown-5m-1789267800,2026-09-13 02:50:00+00:00,1789267800,5m,3.40421,3.56528,4.2378,0.0858135,1
btc-updown-5m-1789268100,2026-09-13 02:55:00+00:00,1789268100,5m,3.12445,2.90934,4.33893,0.0763889,1
btc-updown-15m-1789268400,2026-09-13 03:00:00+00:00,1789268400,15m,3.42265,3.1703,6.85802,0.0352183,1
btc-updown-5m-1789268400,2026-09-13 03:00:00+00:00,1789268400,5m,2.44234,2.19005,4.19966,0.0585317,1
btc-updown-5m-1789268700,2026-09-13 03:05:00+00:00,1789268700,5m,2.19221,1.94565,3.81964,0.0456349,1
btc-updown-5m-1789269000,2026-09-13 03:10:00+00:00,1789269000,5m,2.19742,1.9038,4.16655,0.0456349,1
btc-updown-15m-1789269300,2026-09-13 03:15:00+00:00,1789269300,15m,3.48395,3.2706,6.43895,0.0372024,1
btc-updown-5m-1789269300,2026-09-13 03:15:00+00:00,1789269300,5m,2.5792,2.34371,3.94304,0.0639881,1
btc-updown-5m-1789269600,2026-09-13 03:20:00+00:00,1789269600,5m,2.15345,1.57741,3.79215,0.0451389,1
btc-updown-5m-1789269900,2026-09-13 03:25:00+00:00,1789269900,5m,1.93696,1.22045,3.42423,0.0357143,1
btc-updown-15m-1789270200,2026-09-13 03:30:00+00:00,1789270200,15m,3.7078,3.42099,5.85148,0.0441468,1
btc-updown-5m-1789270200,2026-09-13 03:30:00+00:00,1789270200,5m,2.85705,2.66566,3.58328,0.0699405,1
btc-updown-5m-1789270500,2026-09-13 03:35:00+00:00,1789270500,5m,3.35896,3.32749,3.44968,0.0858135,1
btc-updown-5m-1789270800,2026-09-13 03:40:00+00:00,1789270800,5m,3.89878,3.71705,3.2481,0.104167,1
btc-updown-15m-1789271100,2026-09-13 03:45:00+00:00,1789271100,15m,4.66407,4.49073,4.84867,0.0639881,1
btc-updown-5m-1789271100,2026-09-13 03:45:00+00:00,1789271100,5m,2.67059,2.44024,2.96919,0.0654762,1
btc-updown-5m-1789271400,2026-09-13 03:50:00+00:00,1789271400,5m,2.80553,2.55564,2.97033,0.0689484,1
btc-updown-5m-1789271700,2026-09-13 03:55:00+00:00,1789271700,5m,3.44117,3.14748,2.91784,0.0877976,1
btc-updown-15m-1789272000,2026-09-13 04:00:00+00:00,1789272000,15m,5.27317,4.88905,4.51562,0.0768849,1
btc-updown-5m-1789272000,2026-09-13 04:00:00+00:00,1789272000,5m,3.06152,2.78908,2.76524,0.0744048,1
btc-updown-5m-1789272300,2026-09-13 04:05:00+00:00,1789272300,5m,2.44431,2.16003,2.61385,0.0585317,1
btc-updown-5m-1789272600,2026-09-13 04:10:00+00:00,1789272600,5m,2.43329,2.24623,3.19321,0.0585317,1
btc-updown-15m-1789272900,2026-09-13 04:15:00+00:00,1789272900,15m,5.19632,5.09329,7.86083,0.0768849,1
btc-updown-5m-1789272900,2026-09-13 04:15:00+00:00,1789272900,5m,3.8839,3.94045,4.81375,0.103671,1
btc-updown-5m-1789273200,2026-09-13 04:20:00+00:00,1789273200,5m,3.42433,3.31592,4.78446,0.0868056,1
btc-updown-5m-1789273500,2026-09-13 04:25:00+00:00,1789273500,5m,3.09695,2.87379,4.54204,0.0753968,1
btc-updown-15m-1789273800,2026-09-13 04:30:00+00:00,1789273800,15m,4.18828,3.81548,6.7852,0.0565476,1
btc-updown-5m-1789273800,2026-09-13 04:30:00+00:00,1789273800,5m,2.55044,2.15615,4.15507,0.0634921,1
btc-updown-5m-1789274100,2026-09-13 04:35:00+00:00,1789274100,5m,2.75003,2.55079,4.08073,0.0674603,1
btc-updown-5m-1789274400,2026-09-13 04:40:00+00:00,1789274400,5m,2.47677,2.30304,3.72715,0.0590278,1
btc-updown-15m-1789274700,2026-09-13 04:45:00+00:00,1789274700,15m,3.61382,3.45252,5.61407,0.0421627,1
btc-updown-5m-1789274700,2026-09-13 04:45:00+00:00,1789274700,5m,2.17565,1.97097,3.4379,0.0451389,1
btc-updown-5m-1789275000,2026-09-13 04:50:00+00:00,1789275000,5m,2.05805,1.71127,3.10435,0.0431548,1
btc-updown-5m-1789275300,2026-09-13 04:55:00+00:00,1789275300,5m,1.53024,0.970723,2.80317,0.0267857,1
btc-updown-15m-1789275600,2026-09-13 05:00:00+00:00,1789275600,15m,3.79334,3.56745,5.05145,0.0481151,1
btc-updown-5m-1789275600,2026-09-13 05:00:00+00:00,1789275600,5m,2.74244,2.5981,3.09337,0.0674603,1
btc-updown-5m-1789275900,2026-09-13 05:05:00+00:00,1789275900,5m,2.22371,1.95985,3.03933,0.046131,1
btc-updown-5m-1789276200,2026-09-13 05:10:00+00:00,1789276200,5m,2.70623,2.49339,2.96468,0.0659722,1
btc-updown-15m-1789276500,2026-09-13 05:15:00+00:00,1789276500,15m,3.72864,3.55224,4.47457,0.0451389,1
btc-updown-5m-1789276500,2026-09-13 05:15:00+00:00,1789276500,5m,2.39304,2.21253,2.7401,0.0565476,1
btc-updown-5m-1789276800,2026-09-13 05:20:00+00:00,1789276800,5m,2.33469,2.08709,2.50296,0.0530754,1
btc-updown-5m-1789277100,2026-09-13 05:25:00+00:00,1789277100,5m,2.47425,2.16363,2.45962,0.0590278,1
btc-updown-15m-1789277400,2026-09-13 05:30:00+00:00,1789277400,15m,4.02538,3.49177,3.66878,0.0515873,1
btc-updown-5m-1789277400,2026-09-13 05:30:00+00:00,1789277400,5m,2.19579,1.76919,2.24666,0.0456349,1
btc-updown-5m-1789277700,2026-09-13 05:35:00+00:00,1789277700,5m,2.42736,2.02664,2.30909,0.0580357,1
btc-updown-5m-1789278000,2026-09-13 05:40:00+00:00,1789278000,5m,2.08641,1.63717,2.08944,0.0436508,1
btc-updown-15m-1789278300,2026-09-13 05:45:00+00:00,1789278300,15m,3.95701,3.26785,3.10589,0.0505952,1
btc-updown-5m-1789278300,2026-09-13 05:45:00+00:00,1789278300,5m,1.85621,1.38328,1.90196,0.0342262,1
btc-updown-5m-1789278600,2026-09-13 05:50:00+00:00,1789278600,5m,2.4998,2.04283,1.83774,0.0600198,1
btc-updown-5m-1789278900,2026-09-13 05:55:00+00:00,1789278900,5m,1.96015,1.51822,1.68382,0.0362103,1
btc-updown-15m-1789279200,2026-09-13 06:00:00+00:00,1789279200,15m,3.91024,3.00507,2.48591,0.0505952,1
btc-updown-5m-1789279200,2026-09-13 06:00:00+00:00,1789279200,5m,1.78535,1.19833,1.5223,0.0332341,1
btc-updown-5m-1789279500,2026-09-13 06:05:00+00:00,1789279500,5m,1.18414,0.829939,1.3871,0.0138889,1
btc-updown-5m-1789279800,2026-09-13 06:10:00+00:00,1789279800,5m,2.3141,1.9118,1.50257,0.0520833,1
btc-updown-15m-1789280100,2026-09-13 06:15:00+00:00,1789280100,15m,3.66917,3.29827,2.87801,0.0421627,1
btc-updown-5m-1789280100,2026-09-13 06:15:00+00:00,1789280100,5m,2.25117,1.87508,1.76242,0.047123,1
btc-updown-5m-1789280400,2026-09-13 06:20:00+00:00,1789280400,5m,2.1212,1.80401,2.11083,0.0441468,1
btc-updown-5m-1789280700,2026-09-13 06:25:00+00:00,1789280700,5m,2.47223,2.20778,1.97224,0.0590278,1
btc-updown-15m-1789281000,2026-09-13 06:30:00+00:00,1789281000,15m,3.6027,2.98128,2.93203,0.0421627,1
btc-updown-5m-1789281000,2026-09-13 06:30:00+00:00,1789281000,5m,2.06597,1.63887,1.79549,0.0431548,1
btc-updown-5m-1789281300,2026-09-13 06:35:00+00:00,1789281300,5m,1.44399,0.97791,1.6213,0.0238095,1
btc-updown-5m-1789281600,2026-09-13 06:40:00+00:00,1789281600,5m,2.14944,1.81461,1.63907,0.0446429,1
btc-updown-15m-1789281900,2026-09-13 06:45:00+00:00,1789281900,15m,3.62012,3.31803,3.45979,0.0421627,1
btc-updown-5m-1789281900,2026-09-13 06:45:00+00:00,1789281900,5m,2.69794,2.47992,2.11868,0.0659722,1
btc-updown-5m-1789282200,2026-09-13 06:50:00+00:00,1789282200,5m,2.55167,2.36114,3.29901,0.0634921,1
btc-updown-5m-1789282500,2026-09-13 06:55:00+00:00,1789282500,5m,6.13771,5.94181,4.51153,0.238095,2
btc-updown-15m-1789282800,2026-09-13 07:00:00+00:00,1789282800,15m,26.4863,22.4867,8.67174,0.810516,5
btc-updown-5m-1789282800,2026-09-13 07:00:00+00:00,1789282800,5m,11.5341,10.3413,5.31033,0.59871,3
btc-updown-5m-1789283100,2026-09-13 07:05:00+00:00,1789283100,5m,6.19712,5.43502,6.12281,0.242063,2
btc-updown-5m-1789283400,2026-09-13 07:10:00+00:00,1789283400,5m,3.71367,3.0965,5.57554,0.0982143,1
btc-updown-15m-1789283700,2026-09-13 07:15:00+00:00,1789283700,15m,5.77339,5.00471,8.23812,0.0863095,1
btc-updown-5m-1789283700,2026-09-13 07:15:00+00:00,1789283700,5m,2.88329,2.37073,5.0448,0.0699405,1
btc-updown-5m-1789284000,2026-09-13 07:20:00+00:00,1789284000,5m,2.67703,2.28928,4.61498,0.0654762,1
btc-updown-5m-1789284300,2026-09-13 07:25:00+00:00,1789284300,5m,2.16984,1.70251,4.17006,0.0451389,1
btc-updown-15m-1789284600,2026-09-13 07:30:00+00:00,1789284600,15m,6.05502,5.22701,6.48481,0.0927579,1
btc-updown-5m-1789284600,2026-09-13 07:30:00+00:00,1789284600,5m,3.14996,2.66645,3.97112,0.077381,1
btc-updown-5m-1789284900,2026-09-13 07:35:00+00:00,1789284900,5m,2.9175,2.28508,3.63888,0.0714286,1
btc-updown-5m-1789285200,2026-09-13 07:40:00+00:00,1789285200,5m,3.40425,2.83937,3.59988,0.0858135,1
btc-updown-15m-1789285500,2026-09-13 07:45:00+00:00,1789285500,15m,6.03698,5.16546,6.34107,0.0927579,1
btc-updown-5m-1789285500,2026-09-13 07:45:00+00:00,1789285500,5m,3.64169,3.06939,3.8831,0.0967262,1
btc-updown-5m-1789285800,2026-09-13 07:50:00+00:00,1789285800,5m,2.93508,2.36245,4.01511,0.0714286,1
btc-updown-5m-1789286100,2026-09-13 07:55:00+00:00,1789286100,5m,3.91904,3.53498,3.94059,0.104663,1
btc-updown-15m-1789286400,2026-09-13 08:00:00+00:00,1789286400,15m,5.80564,5.18261,6.45703,0.0868056,1
btc-updown-5m-1789286400,2026-09-13 08:00:00+00:00,1789286400,5m,3.55097,3.16409,3.95411,0.093254,1
btc-updown-5m-1789286700,2026-09-13 08:05:00+00:00,1789286700,5m,4.93803,4.6304,4.28848,0.165179,1
btc-updown-5m-1789287000,2026-09-13 08:10:00+00:00,1789287000,5m,3.43338,3.02117,4.59758,0.0873016,1
btc-updown-15m-1789287300,2026-09-13 08:15:00+00:00,1789287300,15m,7.63017,7.01229,8.39207,0.146825,1
btc-updown-5m-1789287300,2026-09-13 08:15:00+00:00,1789287300,5m,4.80629,4.46288,5.13908,0.155754,1
btc-updown-5m-1789287600,2026-09-13 08:20:00+00:00,1789287600,5m,5.71022,5.34707,5.50438,0.219246,2
btc-updown-5m-1789287900,2026-09-13 08:25:00+00:00,1789287900,5m,4.74714,4.15967,5.19697,0.152282,1
btc-updown-15m-1789288200,2026-09-13 08:30:00+00:00,1789288200,15m,8.11003,7.12211,7.74449,0.16369,1
btc-updown-5m-1789288200,2026-09-13 08:30:00+00:00,1789288200,5m,4.53836,3.87235,4.74251,0.136905,1
btc-updown-5m-1789288500,2026-09-13 08:35:00+00:00,1789288500,5m,10.4829,9.55807,6.04819,0.527778,3
btc-updown-5m-1789288800,2026-09-13 08:40:00+00:00,1789288800,5m,7.29007,6.22092,5.64686,0.308532,2
btc-updown-15m-1789289100,2026-09-13 08:45:00+00:00,1789289100,15m,15.9235,14.4094,13.1003,0.490079,3
btc-updown-5m-1789289100,2026-09-13 08:45:00+00:00,1789289100,5m,8.59883,7.73419,8.02228,0.391369,2
btc-updown-5m-1789289400,2026-09-13 08:50:00+00:00,1789289400,5m,6.73219,5.6759,7.38333,0.279762,2
btc-updown-5m-1789289700,2026-09-13 08:55:00+00:00,1789289700,5m,8.17335,7.45673,7.44726,0.363095,2
btc-updown-15m-1789290000,2026-09-13 09:00:00+00:00,1789290000,15m,14.9154,13.5997,12.7662,0.446925,3
btc-updown-5m-1789290000,2026-09-13 09:00:00+00:00,1789290000,5m,7.97495,7.35514,7.81769,0.353175,2
btc-updown-5m-1789290300,2026-09-13 09:05:00+00:00,1789290300,5m,6.49275,5.95214,7.32508,0.265377,2
btc-updown-5m-1789290600,2026-09-13 09:10:00+00:00,1789290600,5m,6.76865,6.36975,7.32819,0.280258,2
btc-updown-15m-1789290900,2026-09-13 09:15:00+00:00,1789290900,15m,13.0265,12.073,11.5183,0.358631,2
btc-updown-5m-1789290900,2026-09-13 09:15:00+00:00,1789290900,5m,7.15575,6.78039,7.05348,0.301587,2
btc-updown-5m-1789291200,2026-09-13 09:20:00+00:00,1789291200,5m,7.46486,7.03232,7.35554,0.321925,2
btc-updown-5m-1789291500,2026-09-13 09:25:00+00:00,1789291500,5m,6.65482,6.09452,7.42499,0.275298,2
btc-updown-15m-1789291800,2026-09-13 09:30:00+00:00,1789291800,15m,17.9958,16.6391,15.1003,0.582341,3
btc-updown-5m-1789291800,2026-09-13 09:30:00+00:00,1789291800,5m,9.68058,9.21602,9.24699,0.477183,3
btc-updown-5m-1789292100,2026-09-13 09:35:00+00:00,1789292100,5m,11.3922,10.7332,9.27746,0.589782,3
btc-updown-5m-1789292400,2026-09-13 09:40:00+00:00,1789292400,5m,11.7187,11.2754,11.2095,0.611607,4
btc-updown-15m-1789292700,2026-09-13 09:45:00+00:00,1789292700,15m,15.7925,14.9327,16.9169,0.484127,3
btc-updown-5m-1789292700,2026-09-13 09:45:00+00:00,1789292700,5m,8.94985,8.69578,10.3594,0.417163,3
btc-updown-5m-1789293000,2026-09-13 09:50:00+00:00,1789293000,5m,8.38409,7.96402,9.69577,0.375992,2
btc-updown-5m-1789293300,2026-09-13 09:55:00+00:00,1789293300,5m,5.04437,4.35755,8.76807,0.173115,1
btc-updown-15m-1789293600,2026-09-13 10:00:00+00:00,1789293600,15m,12.7781,11.7817,14.3483,0.344742,2
btc-updown-5m-1789293600,2026-09-13 10:00:00+00:00,1789293600,5m,6.89079,6.53991,8.78648,0.287202,2
btc-updown-5m-1789293900,2026-09-13 10:05:00+00:00,1789293900,5m,6.19154,5.7911,8.33726,0.242063,2
btc-updown-5m-1789294200,2026-09-13 10:10:00+00:00,1789294200,5m,6.246,5.8679,7.70959,0.246032,2
btc-updown-15m-1789294500,2026-09-13 10:15:00+00:00,1789294500,15m,11.7912,10.8814,12.0067,0.31002,2
btc-updown-5m-1789294500,2026-09-13 10:15:00+00:00,1789294500,5m,6.96801,6.55463,7.35257,0.291171,2
btc-updown-5m-1789294800,2026-09-13 10:20:00+00:00,1789294800,5m,6.09902,5.64862,6.80202,0.237599,2
btc-updown-5m-1789295100,2026-09-13 10:25:00+00:00,1789295100,5m,5.85188,5.35991,6.24184,0.227183,2
btc-updown-15m-1789295400,2026-09-13 10:30:00+00:00,1789295400,15m,9.47769,8.14567,9.21508,0.22371,2
btc-updown-5m-1789295400,2026-09-13 10:30:00+00:00,1789295400,5m,4.30681,3.75755,5.64306,0.119544,1
btc-updown-5m-1789295700,2026-09-13 10:35:00+00:00,1789295700,5m,5.40949,5.12305,5.52954,0.201885,2
btc-updown-5m-1789296000,2026-09-13 10:40:00+00:00,1789296000,5m,5.15228,4.75532,5.12417,0.181052,1
btc-updown-15m-1789296300,2026-09-13 10:45:00+00:00,1789296300,15m,12.3658,11.4051,8.46059,0.329365,2
btc-updown-5m-1789296300,2026-09-13 10:45:00+00:00,1789296300,5m,7.2859,6.90202,5.18103,0.308532,2
btc-updown-5m-1789296600,2026-09-13 10:50:00+00:00,1789296600,5m,5.68122,5.25508,5.55578,0.217262,2
btc-updown-5m-1789296900,2026-09-13 10:55:00+00:00,1789296900,5m,7.35754,6.93683,5.58877,0.312996,2
btc-updown-15m-1789297200,2026-09-13 11:00:00+00:00,1789297200,15m,11.5008,10.7205,8.46106,0.299603,2
btc-updown-5m-1789297200,2026-09-13 11:00:00+00:00,1789297200,5m,5.95729,5.62251,5.18132,0.232143,2
btc-updown-5m-1789297500,2026-09-13 11:05:00+00:00,1789297500,5m,7.01381,6.68791,7.44716,0.292659,2
btc-updown-5m-1789297800,2026-09-13 11:10:00+00:00,1789297800,5m,9.28699,8.81313,7.80476,0.442956,3
btc-updown-15m-1789298100,2026-09-13 11:15:00+00:00,1789298100,15m,12.5425,11.9109,13.4102,0.336806,2
btc-updown-5m-1789298100,2026-09-13 11:15:00+00:00,1789298100,5m,8.89644,8.53563,8.21204,0.414683,3
btc-updown-5m-1789298400,2026-09-13 11:20:00+00:00,1789298400,5m,8.00008,7.79125,8.50046,0.354167,2
btc-updown-5m-1789298700,2026-09-13 11:25:00+00:00,1789298700,5m,5.9276,5.64173,7.87715,0.230159,2
btc-updown-15m-1789299000,2026-09-13 11:30:00+00:00,1789299000,15m,9.70654,9.19296,11.887,0.231151,2
btc-updown-5m-1789299000,2026-09-13 11:30:00+00:00,1789299000,5m,6.22922,5.9332,7.27927,0.244544,2
btc-updown-5m-1789299300,2026-09-13 11:35:00+00:00,1789299300,5m,4.612,4.33188,6.67597,0.141369,1
btc-updown-5m-1789299600,2026-09-13 11:40:00+00:00,1789299600,5m,6.20197,5.97755,6.72883,0.242063,2
btc-updown-15m-1789299900,2026-09-13 11:45:00+00:00,1789299900,15m,8.21825,7.78704,10.379,0.169643,1
btc-updown-5m-1789299900,2026-09-13 11:45:00+00:00,1789299900,5m,4.76958,4.45112,6.35579,0.15377,1
btc-updown-5m-1789300200,2026-09-13 11:50:00+00:00,1789300200,5m,4.97309,4.74377,5.96442,0.168651,1
btc-updown-5m-1789300500,2026-09-13 11:55:00+00:00,1789300500,5m,3.29382,3.0221,5.50743,0.0833333,1
btc-updown-15m-1789300800,2026-09-13 12:00:00+00:00,1789300800,15m,7.98288,7.43384,8.44066,0.158234,1
btc-updown-5m-1789300800,2026-09-13 12:00:00+00:00,1789300800,5m,4.70032,4.34808,5.16883,0.14881,1
btc-updown-5m-1789301100,2026-09-13 12:05:00+00:00,1789301100,5m,4.25917,3.87653,5.04044,0.118552,1
btc-updown-5m-1789301400,2026-09-13 12:10:00+00:00,1789301400,5m,3.01148,2.79774,4.61988,0.0724206,1
btc-updown-15m-1789301700,2026-09-13 12:15:00+00:00,1789301700,15m,6.31351,5.91135,7.16599,0.100198,1
btc-updown-5m-1789301700,2026-09-13 12:15:00+00:00,1789301700,5m,3.33417,3.153,4.38826,0.0838294,1
btc-updown-5m-1789302000,2026-09-13 12:20:00+00:00,1789302000,5m,3.70499,3.52901,4.34748,0.0977183,1
btc-updown-5m-1789302300,2026-09-13 12:25:00+00:00,1789302300,5m,3.87058,3.68529,4.32052,0.102679,1
btc-updown-15m-1789302600,2026-09-13 12:30:00+00:00,1789302600,15m,6.02635,5.55681,6.43491,0.0927579,1
btc-updown-5m-1789302600,2026-09-13 12:30:00+00:00,1789302600,5m,3.10405,2.89201,3.94056,0.0758929,1
btc-updown-5m-1789302900,2026-09-13 12:35:00+00:00,1789302900,5m,4.47833,4.30433,4.16917,0.129464,1
btc-updown-5m-1789303200,2026-09-13 12:40:00+00:00,1789303200,5m,5.37205,5.11308,4.36246,0.199901,1
btc-updown-15m-1789303500,2026-09-13 12:45:00+00:00,1789303500,15m,9.98559,9.74555,8.69331,0.243056,2
btc-updown-5m-1789303500,2026-09-13 12:45:00+00:00,1789303500,5m,6.16636,5.98243,5.32354,0.240079,2
btc-updown-5m-1789303800,2026-09-13 12:50:00+00:00,1789303800,5m,5.95625,5.80521,5.15383,0.232143,2
btc-updown-5m-1789304100,2026-09-13 12:55:00+00:00,1789304100,5m,5.22585,5.14892,5.23579,0.188492,1
btc-updown-15m-1789304400,2026-09-13 13:00:00+00:00,1789304400,15m,8.12872,7.86212,7.79598,0.164683,1
btc-updown-5m-1789304400,2026-09-13 13:00:00+00:00,1789304400,5m,4.34844,4.22702,4.77404,0.122024,1
btc-updown-5m-1789304700,2026-09-13 13:05:00+00:00,1789304700,5m,4.95742,4.85169,4.89167,0.167659,1
btc-updown-5m-1789305000,2026-09-13 13:10:00+00:00,1789305000,5m,5.09553,5.00216,4.77509,0.178571,1
btc-updown-15m-1789305300,2026-09-13 13:15:00+00:00,1789305300,15m,7.19316,6.88857,7.68451,0.125992,1
btc-updown-5m-1789305300,2026-09-13 13:15:00+00:00,1789305300,5m,3.8703,3.76972,4.70578,0.102679,1
btc-updown-5m-1789305600,2026-09-13 13:20:00+00:00,1789305600,5m,5.52065,5.43021,4.7194,0.208829,2
btc-updown-5m-1789305900,2026-09-13 13:25:00+00:00,1789305900,5m,6.56088,6.47073,4.98674,0.268849,2
btc-updown-15m-1789306200,2026-09-13 13:30:00+00:00,1789306200,15m,11.5649,11.2568,10.5172,0.301587,2
btc-updown-5m-1789306200,2026-09-13 13:30:00+00:00,1789306200,5m,7.02622,6.84679,6.44044,0.292659,2
btc-updown-5m-1789306500,2026-09-13 13:35:00+00:00,1789306500,5m,6.079,6.05626,6.48691,0.237599,2
btc-updown-5m-1789306800,2026-09-13 13:40:00+00:00,1789306800,5m,5.10674,4.98173,6.10989,0.178571,1
btc-updown-15m-1789307100,2026-09-13 13:45:00+00:00,1789307100,15m,9.60793,9.29515,9.63474,0.227679,2
btc-updown-5m-1789307100,2026-09-13 13:45:00+00:00,1789307100,5m,5.19066,5.15116,5.90005,0.185516,1
btc-updown-5m-1789307400,2026-09-13 13:50:00+00:00,1789307400,5m,4.26238,4.09902,5.62977,0.118552,1
btc-updown-5m-1789307700,2026-09-13 13:55:00+00:00,1789307700,5m,6.44785,6.19361,6.01237,0.261905,2
btc-updown-15m-1789308000,2026-09-13 14:00:00+00:00,1789308000,15m,9.29049,8.82222,9.34116,0.217758,2
btc-updown-5m-1789308000,2026-09-13 14:00:00+00:00,1789308000,5m,4.89331,4.61837,5.72027,0.162698,1
btc-updown-5m-1789308300,2026-09-13 14:05:00+00:00,1789308300,5m,4.69805,4.43023,5.30048,0.148313,1
btc-updown-5m-1789308600,2026-09-13 14:10:00+00:00,1789308600,5m,5.24199,5.07568,5.51436,0.190972,1
btc-updown-15m-1789308900,2026-09-13 14:15:00+00:00,1789308900,15m,8.62834,8.27658,8.91886,0.192956,1
btc-updown-5m-1789308900,2026-09-13 14:15:00+00:00,1789308900,5m,4.76291,4.50811,5.46166,0.153274,1
btc-updown-5m-1789309200,2026-09-13 14:20:00+00:00,1789309200,5m,6.75334,6.41432,6.97168,0.280258,2
btc-updown-5m-1789309500,2026-09-13 14:25:00+00:00,1789309500,5m,5.76979,5.51258,6.8231,0.22123,2
btc-updown-15m-1789309800,2026-09-13 14:30:00+00:00,1789309800,15m,9.67624,9.15245,10.9219,0.230159,2
btc-updown-5m-1789309800,2026-09-13 14:30:00+00:00,1789309800,5m,5.71862,5.47789,6.68827,0.220734,2
btc-updown-5m-1789310100,2026-09-13 14:35:00+00:00,1789310100,5m,5.68762,5.42233,6.38093,0.217758,2
btc-updown-5m-1789310400,2026-09-13 14:40:00+00:00,1789310400,5m,7.35302,7.03883,6.69764,0.3125,2
btc-updown-15m-1789310700,2026-09-13 14:45:00+00:00,1789310700,15m,12.081,11.453,11.8793,0.317956,2
btc-updown-5m-1789310700,2026-09-13 14:45:00+00:00,1789310700,5m,6.14884,5.8311,7.27458,0.239087,2
btc-updown-5m-1789311000,2026-09-13 14:50:00+00:00,1789311000,5m,5.83009,5.52317,8.07377,0.226687,2
btc-updown-5m-1789311300,2026-09-13 14:55:00+00:00,1789311300,5m,6.15147,5.9637,7.63075,0.239087,2
btc-updown-15m-1789311600,2026-09-13 15:00:00+00:00,1789311600,15m,10.831,10.3597,12.1035,0.275298,2
btc-updown-5m-1789311600,2026-09-13 15:00:00+00:00,1789311600,5m,6.24357,6.06221,7.41188,0.246032,2
btc-updown-5m-1789311900,2026-09-13 15:05:00+00:00,1789311900,5m,6.77659,6.71442,7.2985,0.280258,2
btc-updown-5m-1789312200,2026-09-13 15:10:00+00:00,1789312200,5m,6.16137,6.05901,6.66903,0.240079,2
btc-updown-15m-1789312500,2026-09-13 15:15:00+00:00,1789312500,15m,12.0683,11.6831,10.1349,0.317956,2
btc-updown-5m-1789312500,2026-09-13 15:15:00+00:00,1789312500,5m,6.36846,6.22898,6.20636,0.255456,2
btc-updown-5m-1789312800,2026-09-13 15:20:00+00:00,1789312800,5m,7.9196,7.80103,6.49688,0.348214,2
btc-updown-5m-1789313100,2026-09-13 15:25:00+00:00,1789313100,5m,7.94042,7.85388,6.7557,0.349206,2
btc-updown-15m-1789313400,2026-09-13 15:30:00+00:00,1789313400,15m,15.9298,15.5786,16.0775,0.490079,3
btc-updown-5m-1789313400,2026-09-13 15:30:00+00:00,1789313400,5m,10.3866,10.1422,9.84545,0.524306,3
btc-updown-5m-1789313700,2026-09-13 15:35:00+00:00,1789313700,5m,8.22325,8.10703,9.33504,0.366071,2
btc-updown-5m-1789314000,2026-09-13 15:40:00+00:00,1789314000,5m,7.07427,6.93479,8.72202,0.294147,2
btc-updown-15m-1789314300,2026-09-13 15:45:00+00:00,1789314300,15m,13.8302,13.1381,15.3784,0.393849,2
btc-updown-5m-1789314300,2026-09-13 15:45:00+00:00,1789314300,5m,8.93347,8.56557,9.41728,0.416171,3
btc-updown-5m-1789314600,2026-09-13 15:50:00+00:00,1789314600,5m,7.1542,6.84332,8.69603,0.301587,2
btc-updown-5m-1789314900,2026-09-13 15:55:00+00:00,1789314900,5m,6.37106,6.02359,7.97403,0.255952,2
btc-updown-15m-1789315200,2026-09-13 16:00:00+00:00,1789315200,15m,11.7638,11.3407,12.3693,0.308036,2
btc-updown-5m-1789315200,2026-09-13 16:00:00+00:00,1789315200,5m,6.66614,6.39748,7.57462,0.275298,2
btc-updown-5m-1789315500,2026-09-13 16:05:00+00:00,1789315500,5m,6.72941,6.53351,7.15648,0.279762,2
btc-updown-5m-1789315800,2026-09-13 16:10:00+00:00,1789315800,5m,6.9012,6.69251,7.11828,0.287698,2
btc-updown-15m-1789316100,2026-09-13 16:15:00+00:00,1789316100,15m,11.3867,11.012,12.968,0.296131,2
btc-updown-5m-1789316100,2026-09-13 16:15:00+00:00,1789316100,5m,6.80838,6.58334,7.94124,0.282738,2
btc-updown-5m-1789316400,2026-09-13 16:20:00+00:00,1789316400,5m,7.09842,6.76429,7.43397,0.296627,2
btc-updown-5m-1789316700,2026-09-13 16:25:00+00:00,1789316700,5m,6.6461,6.3443,6.97811,0.275298,2
btc-updown-15m-1789317000,2026-09-13 16:30:00+00:00,1789317000,15m,11.4191,10.8041,10.4581,0.298115,2
btc-updown-5m-1789317000,2026-09-13 16:30:00+00:00,1789317000,5m,6.16077,5.87003,6.40427,0.240079,2
btc-updown-5m-1789317300,2026-09-13 16:35:00+00:00,1789317300,5m,5.72453,5.47702,5.93222,0.220734,2
btc-updown-5m-1789317600,2026-09-13 16:40:00+00:00,1789317600,5m,5.87026,5.59318,5.5558,0.227679,2
btc-updown-15m-1789317900,2026-09-13 16:45:00+00:00,1789317900,15m,10.3267,9.86218,9.31315,0.25496,2
btc-updown-5m-1789317900,2026-09-13 16:45:00+00:00,1789317900,5m,5.84238,5.56707,5.70312,0.226687,2
btc-updown-5m-1789318200,2026-09-13 16:50:00+00:00,1789318200,5m,5.80116,5.51311,5.65908,0.22371,2
btc-updown-5m-1789318500,2026-09-13 16:55:00+00:00,1789318500,5m,6.19043,5.96545,5.47584,0.242063,2
btc-updown-15m-1789318800,2026-09-13 17:00:00+00:00,1789318800,15m,10.8222,10.375,9.69701,0.275298,2
btc-updown-5m-1789318800,2026-09-13 17:00:00+00:00,1789318800,5m,6.83916,6.63804,5.93818,0.284226,2
btc-updown-5m-1789319100,2026-09-13 17:05:00+00:00,1789319100,5m,5.68378,5.50658,5.60946,0.217758,2
btc-updown-5m-1789319400,2026-09-13 17:10:00+00:00,1789319400,5m,4.56761,4.28026,5.12785,0.137401,1
btc-updown-15m-1789319700,2026-09-13 17:15:00+00:00,1789319700,15m,10.796,10.3348,10.2191,0.274306,2
btc-updown-5m-1789319700,2026-09-13 17:15:00+00:00,1789319700,5m,6.58013,6.3455,6.25792,0.270337,2
btc-updown-5m-1789320000,2026-09-13 17:20:00+00:00,1789320000,5m,5.72738,5.50791,5.99441,0.220734,2
btc-updown-5m-1789320300,2026-09-13 17:25:00+00:00,1789320300,5m,5.84716,5.57861,5.72585,0.226687,2
btc-updown-15m-1789320600,2026-09-13 17:30:00+00:00,1789320600,15m,9.40612,8.98844,8.64939,0.220734,2
btc-updown-5m-1789320600,2026-09-13 17:30:00+00:00,1789320600,5m,5.62702,5.3944,5.29665,0.216766,2
btc-updown-5m-1789320900,2026-09-13 17:35:00+00:00,1789320900,5m,6.51411,6.37277,5.40089,0.265873,2
btc-updown-5m-1789321200,2026-09-13 17:40:00+00:00,1789321200,5m,5.88658,5.69251,5.26211,0.228175,2
btc-updown-15m-1789321500,2026-09-13 17:45:00+00:00,1789321500,15m,8.811,8.22042,7.7593,0.197421,1
btc-updown-5m-1789321500,2026-09-13 17:45:00+00:00,1789321500,5m,4.36182,4.00775,4.75158,0.12252,1
btc-updown-5m-1789321800,2026-09-13 17:50:00+00:00,1789321800,5m,5.55629,5.35497,4.79753,0.21379,2
btc-updown-5m-1789322100,2026-09-13 17:55:00+00:00,1789322100,5m,5.60969,5.40625,4.69725,0.215774,2
btc-updown-15m-1789322400,2026-09-13 18:00:00+00:00,1789322400,15m,9.24347,8.86249,7.20893,0.213294,2
btc-updown-5m-1789322400,2026-09-13 18:00:00+00:00,1789322400,5m,5.37976,5.20696,4.41455,0.200397,2
btc-updown-5m-1789322700,2026-09-13 18:05:00+00:00,1789322700,5m,4.92939,4.71708,4.05056,0.165179,1
btc-updown-5m-1789323000,2026-09-13 18:10:00+00:00,1789323000,5m,4.73974,4.5323,3.72379,0.15129,1
btc-updown-15m-1789323300,2026-09-13 18:15:00+00:00,1789323300,15m,8.64752,8.15831,5.6029,0.194444,1
btc-updown-5m-1789323300,2026-09-13 18:15:00+00:00,1789323300,5m,4.66181,4.38866,3.43106,0.144345,1
btc-updown-5m-1789323600,2026-09-13 18:20:00+00:00,1789323600,5m,4.80175,4.59749,4.68322,0.155754,1
btc-updown-5m-1789323900,2026-09-13 18:25:00+00:00,1789323900,5m,5.29301,5.06099,4.65164,0.195933,1
btc-updown-15m-1789324200,2026-09-13 18:30:00+00:00,1789324200,15m,9.0041,8.58086,7.15051,0.204861,2
btc-updown-5m-1789324200,2026-09-13 18:30:00+00:00,1789324200,5m,5.14628,4.92911,4.37878,0.181052,1
btc-updown-5m-1789324500,2026-09-13 18:35:00+00:00,1789324500,5m,5.72255,5.53707,4.3784,0.220734,2
btc-updown-5m-1789324800,2026-09-13 18:40:00+00:00,1789324800,5m,5.32844,5.09615,4.42693,0.197917,1
btc-updown-15m-1789325100,2026-09-13 18:45:00+00:00,1789325100,15m,8.78013,8.30958,6.88134,0.196429,1
btc-updown-5m-1789325100,2026-09-13 18:45:00+00:00,1789325100,5m,5.28379,5.00586,4.21395,0.195437,1
btc-updown-5m-1789325400,2026-09-13 18:50:00+00:00,1789325400,5m,3.89127,3.41395,3.86079,0.104167,1
btc-updown-5m-1789325700,2026-09-13 18:55:00+00:00,1789325700,5m,3.90601,3.5561,3.5575,0.104663,1
btc-updown-15m-1789326000,2026-09-13 19:00:00+00:00,1789326000,15m,9.27888,8.83487,5.73284,0.217758,2
btc-updown-5m-1789326000,2026-09-13 19:00:00+00:00,1789326000,5m,5.52917,5.29626,3.51063,0.209821,2
btc-updown-5m-1789326300,2026-09-13 19:05:00+00:00,1789326300,5m,4.80491,4.59036,3.48549,0.155754,1
btc-updown-5m-1789326600,2026-09-13 19:10:00+00:00,1789326600,5m,7.12672,6.89796,4.60888,0.299107,2
btc-updown-15m-1789326900,2026-09-13 19:15:00+00:00,1789326900,15m,11.0609,10.796,7.44645,0.283234,2
btc-updown-5m-1789326900,2026-09-13 19:15:00+00:00,1789326900,5m,6.75989,6.65147,4.56,0.280258,2
btc-updown-5m-1789327200,2026-09-13 19:20:00+00:00,1789327200,5m,6.5183,6.32554,4.32796,0.265873,2
btc-updown-5m-1789327500,2026-09-13 19:25:00+00:00,1789327500,5m,5.871,5.63304,4.05781,0.227679,2
btc-updown-15m-1789327800,2026-09-13 19:30:00+00:00,1789327800,15m,10.1763,9.72475,5.98675,0.250496,2
btc-updown-5m-1789327800,2026-09-13 19:30:00+00:00,1789327800,5m,4.59817,4.12976,3.66612,0.140873,1
btc-updown-5m-1789328100,2026-09-13 19:35:00+00:00,1789328100,5m,5.36722,5.04216,3.61573,0.199405,1
btc-updown-5m-1789328400,2026-09-13 19:40:00+00:00,1789328400,5m,4.27557,3.95475,3.31385,0.118552,1
btc-updown-15m-1789328700,2026-09-13 19:45:00+00:00,1789328700,15m,8.84869,8.16461,4.96176,0.199901,1
btc-updown-5m-1789328700,2026-09-13 19:45:00+00:00,1789328700,5m,4.17453,3.77008,3.03844,0.116071,1
btc-updown-5m-1789329000,2026-09-13 19:50:00+00:00,1789329000,5m,3.6731,3.26724,2.81975,0.0967262,1
btc-updown-5m-1789329300,2026-09-13 19:55:00+00:00,1789329300,5m,4.75852,4.39404,3.0716,0.152778,1
btc-updown-15m-1789329600,2026-09-13 20:00:00+00:00,1789329600,15m,7.7968,6.86277,4.65551,0.152282,1
btc-updown-5m-1789329600,2026-09-13 20:00:00+00:00,1789329600,5m,3.61458,3.10395,2.8509,0.0957341,1
btc-updown-5m-1789329900,2026-09-13 20:05:00+00:00,1789329900,5m,3.85266,3.54153,2.68598,0.102183,1
btc-updown-5m-1789330200,2026-09-13 20:10:00+00:00,1789330200,5m,4.53411,4.30501,3.09014,0.136905,1
btc-updown-15m-1789330500,2026-09-13 20:15:00+00:00,1789330500,15m,6.94286,6.32934,4.57528,0.118552,1
btc-updown-5m-1789330500,2026-09-13 20:15:00+00:00,1789330500,5m,3.41916,3.11298,2.80178,0.0868056,1
btc-updown-5m-1789330800,2026-09-13 20:20:00+00:00,1789330800,5m,3.08432,2.79509,2.84538,0.0753968,1
btc-updown-5m-1789331100,2026-09-13 20:25:00+00:00,1789331100,5m,3.04867,2.85636,2.79675,0.0739087,1
btc-updown-15m-1789331400,2026-09-13 20:30:00+00:00,1789331400,15m,6.54468,6.18054,4.23188,0.106151,1
btc-updown-5m-1789331400,2026-09-13 20:30:00+00:00,1789331400,5m,3.43259,3.21272,2.59149,0.0873016,1
btc-updown-5m-1789331700,2026-09-13 20:35:00+00:00,1789331700,5m,3.7442,3.52384,2.84102,0.0992063,1
btc-updown-5m-1789332000,2026-09-13 20:40:00+00:00,1789332000,5m,4.04123,3.78427,3.64992,0.108631,1
btc-updown-15m-1789332300,2026-09-13 20:45:00+00:00,1789332300,15m,6.83307,6.44195,5.66592,0.114087,1
btc-updown-5m-1789332300,2026-09-13 20:45:00+00:00,1789332300,5m,3.92047,3.70118,3.46965,0.104663,1
btc-updown-5m-1789332600,2026-09-13 20:50:00+00:00,1789332600,5m,4.25968,4.01412,3.49855,0.118552,1
btc-updown-5m-1789332900,2026-09-13 20:55:00+00:00,1789332900,5m,3.74576,3.56302,3.70735,0.0992063,1
btc-updown-15m-1789333200,2026-09-13 21:00:00+00:00,1789333200,15m,6.13805,5.69464,5.52601,0.094246,1
btc-updown-5m-1789333200,2026-09-13 21:00:00+00:00,1789333200,5m,3.31269,3.07673,3.38398,0.0838294,1
btc-updown-5m-1789333500,2026-09-13 21:05:00+00:00,1789333500,5m,3.19666,2.97238,3.11463,0.0798611,1
btc-updown-5m-1789333800,2026-09-13 21:10:00+00:00,1789333800,5m,3.01154,2.80984,2.98155,0.0724206,1
btc-updown-15m-1789334100,2026-09-13 21:15:00+00:00,1789334100,15m,6.53181,6.12474,6.23123,0.105655,1
btc-updown-5m-1789334100,2026-09-13 21:15:00+00:00,1789334100,5m,4.052,3.82803,3.81583,0.109623,1
btc-updown-5m-1789334400,2026-09-13 21:20:00+00:00,1789334400,5m,4.31966,4.07675,4.05354,0.120536,1
btc-updown-5m-1789334700,2026-09-13 21:25:00+00:00,1789334700,5m,5.33671,4.98797,4.9777,0.197917,1
btc-updown-15m-1789335000,2026-09-13 21:30:00+00:00,1789335000,15m,7.56253,6.94243,7.44069,0.143849,1
btc-updown-5m-1789335000,2026-09-13 21:30:00+00:00,1789335000,5m,4.27006,3.88758,4.55648,0.118552,1
btc-updown-5m-1789335300,2026-09-13 21:35:00+00:00,1789335300,5m,4.17409,3.82814,4.3499,0.115575,1
btc-updown-5m-1789335600,2026-09-13 21:40:00+00:00,1789335600,5m,3.87226,3.61892,4.14694,0.102679,1
btc-updown-15m-1789335900,2026-09-13 21:45:00+00:00,1789335900,15m,6.57507,6.15292,7.81019,0.107143,1
btc-updown-5m-1789335900,2026-09-13 21:45:00+00:00,1789335900,5m,4.18602,3.94732,4.78274,0.116071,1
btc-updown-5m-1789336200,2026-09-13 21:50:00+00:00,1789336200,5m,4.27099,4.02403,4.52729,0.118552,1
btc-updown-5m-1789336500,2026-09-13 21:55:00+00:00,1789336500,5m,4.06143,3.70925,4.29753,0.110119,1
btc-updown-15m-1789336800,2026-09-13 22:00:00+00:00,1789336800,15m,6.53559,5.95733,6.45961,0.105655,1
btc-updown-5m-1789336800,2026-09-13 22:00:00+00:00,1789336800,5m,3.83441,3.44505,3.95569,0.101687,1
btc-updown-5m-1789337100,2026-09-13 22:05:00+00:00,1789337100,5m,9.54418,8.39693,9.93859,0.464782,3
btc-updown-5m-1789337400,2026-09-13 22:10:00+00:00,1789337400,5m,14.9014,13.5922,12.6967,0.765873,4
btc-updown-15m-1789337700,2026-09-13 22:15:00+00:00,1789337700,15m,13.3952,12.085,18.9599,0.375992,2
btc-updown-5m-1789337700,2026-09-13 22:15:00+00:00,1789337700,5m,7.16823,6.44992,11.6105,0.301587,2
btc-updown-5m-1789338000,2026-09-13 22:20:00+00:00,1789338000,5m,12.8319,11.1958,12.1376,0.678075,4
btc-updown-5m-1789338300,2026-09-13 22:25:00+00:00,1789338300,5m,9.20311,7.81546,11.3949,0.435516,3
btc-updown-15m-1789338600,2026-09-13 22:30:00+00:00,1789338600,15m,18.247,16.4141,19.276,0.59127,3
btc-updown-5m-1789338600,2026-09-13 22:30:00+00:00,1789338600,5m,10.7504,9.85188,11.8041,0.544643,3
btc-updown-5m-1789338900,2026-09-13 22:35:00+00:00,1789338900,5m,13.2753,12.6411,13.7107,0.697421,4
btc-updown-5m-1789339200,2026-09-13 22:40:00+00:00,1789339200,5m,10.0528,9.73705,12.8801,0.50248,3
btc-updown-15m-1789339500,2026-09-13 22:45:00+00:00,1789339500,15m,13.7976,12.7819,20.0429,0.392361,2
btc-updown-5m-1789339500,2026-09-13 22:45:00+00:00,1789339500,5m,8.07834,7.6245,12.2737,0.357143,2
btc-updown-5m-1789339800,2026-09-13 22:50:00+00:00,1789339800,5m,8.31882,7.65541,11.9003,0.371528,2
btc-updown-5m-1789340100,2026-09-13 22:55:00+00:00,1789340100,5m,8.6212,8.05066,11.4827,0.392361,2
btc-updown-15m-1789340400,2026-09-13 23:00:00+00:00,1789340400,15m,15.6517,14.2361,18.8048,0.477679,3
btc-updown-5m-1789340400,2026-09-13 23:00:00+00:00,1789340400,5m,9.26524,8.68952,11.5155,0.440476,3
btc-updown-5m-1789340700,2026-09-13 23:05:00+00:00,1789340700,5m,8.24611,7.77717,10.6028,0.368552,2
btc-updown-5m-1789341000,2026-09-13 23:10:00+00:00,1789341000,5m,7.24949,6.6947,10.197,0.305556,2
btc-updown-15m-1789341300,2026-09-13 23:15:00+00:00,1789341300,15m,11.3769,10.1409,16.2472,0.295635,2
btc-updown-5m-1789341300,2026-09-13 23:15:00+00:00,1789341300,5m,6.98655,6.38022,9.94932,0.292163,2
btc-updown-5m-1789341600,2026-09-13 23:20:00+00:00,1789341600,5m,8.11354,7.48208,10.6656,0.360119,2
btc-updown-5m-1789341900,2026-09-13 23:25:00+00:00,1789341900,5m,7.0721,6.62362,9.82375,0.294147,2
btc-updown-15m-1789342200,2026-09-13 23:30:00+00:00,1789342200,15m,9.41361,8.70091,15.821,0.220734,2
btc-updown-5m-1789342200,2026-09-13 23:30:00+00:00,1789342200,5m,6.69972,6.42739,9.68834,0.278274,2
btc-updown-5m-1789342500,2026-09-13 23:35:00+00:00,1789342500,5m,9.79518,9.35745,10.741,0.484127,3
btc-updown-5m-1789342800,2026-09-13 23:40:00+00:00,1789342800,5m,9.46107,9.23307,10.7424,0.459325,3
btc-updown-15m-1789343100,2026-09-13 23:45:00+00:00,1789343100,15m,11.4228,10.7923,17.3265,0.298115,2
btc-updown-5m-1789343100,2026-09-13 23:45:00+00:00,1789343100,5m,7.85003,7.57894,10.6103,0.344246,2
btc-updown-5m-1789343400,2026-09-13 23:50:00+00:00,1789343400,5m,6.9281,6.58888,9.66291,0.28869,2
btc-updown-5m-1789343700,2026-09-13 23:55:00+00:00,1789343700,5m,6.18096,5.8237,8.90503,0.241567,2
btc-updown-15m-1789344000,2026-09-14 00:00:00+00:00,1789344000,15m,10.6493,9.94452,14.2992,0.266369,2
btc-updown-5m-1789344000,2026-09-14 00:00:00+00:00,1789344000,5m,7.12125,6.92206,8.75643,0.299107,2
btc-updown-5m-1789344300,2026-09-14 00:05:00+00:00,1789344300,5m,5.78353,5.43667,8.19598,0.223214,2
btc-updown-5m-1789344600,2026-09-14 00:10:00+00:00,1789344600,5m,9.51825,9.1949,9.51289,0.461806,3
btc-updown-15m-1789344900,2026-09-14 00:15:00+00:00,1789344900,15m,11.2228,10.497,15.2251,0.28869,2
btc-updown-5m-1789344900,2026-09-14 00:15:00+00:00,1789344900,5m,7.18184,6.77665,9.32341,0.302083,2
btc-updown-5m-1789345200,2026-09-14 00:20:00+00:00,1789345200,5m,7.02024,6.79984,8.97415,0.292659,2
btc-updown-5m-1789345500,2026-09-14 00:25:00+00:00,1789345500,5m,9.90865,9.54603,10.7942,0.492063,3
btc-updown-15m-1789345800,2026-09-14 00:30:00+00:00,1789345800,15m,44.9978,38.2439,23.3774,0.951389,5
btc-updown-5m-1789345800,2026-09-14 00:30:00+00:00,1789345800,5m,26.5616,24.5118,14.3157,0.951389,5
btc-updown-5m-1789346100,2026-09-14 00:35:00+00:00,1789346100,5m,15.305,14.8328,16.2725,0.779762,4
btc-updown-5m-1789346400,2026-09-14 00:40:00+00:00,1789346400,5m,13.1462,12.5293,16.0461,0.692956,4
btc-updown-15m-1789346700,2026-09-14 00:45:00+00:00,1789346700,15m,16.4722,15.0249,24.8127,0.515873,3
btc-updown-5m-1789346700,2026-09-14 00:45:00+00:00,1789346700,5m,10.3697,9.80987,15.1946,0.522817,3
btc-updown-5m-1789347000,2026-09-14 00:50:00+00:00,1789347000,5m,8.82892,8.39201,14.2932,0.410218,3
btc-updown-5m-1789347300,2026-09-14 00:55:00+00:00,1789347300,5m,8.25958,7.80345,13.5447,0.369544,2
btc-updown-15m-1789347600,2026-09-14 01:00:00+00:00,1789347600,15m,13.8123,12.521,20.434,0.393353,2
btc-updown-5m-1789347600,2026-09-14 01:00:00+00:00,1789347600,5m,8.37598,7.77332,12.5132,0.375,2
btc-updown-5m-1789347900,2026-09-14 01:05:00+00:00,1789347900,5m,7.44551,6.73726,11.5808,0.321925,2
btc-updown-5m-1789348200,2026-09-14 01:10:00+00:00,1789348200,5m,9.59396,8.91618,10.7805,0.470734,3
btc-updown-15m-1789348500,2026-09-14 01:15:00+00:00,1789348500,15m,14.9804,13.4967,20.4602,0.449901,3
btc-updown-5m-1789348500,2026-09-14 01:15:00+00:00,1789348500,5m,10.4234,9.73235,12.5293,0.524802,3
btc-updown-5m-1789348800,2026-09-14 01:20:00+00:00,1789348800,5m,10.1039,9.72536,12.2357,0.507937,3
btc-updown-5m-1789349100,2026-09-14 01:25:00+00:00,1789349100,5m,9.01031,8.49207,11.6152,0.423115,3
btc-updown-15m-1789349400,2026-09-14 01:30:00+00:00,1789349400,15m,14.2954,13.4052,18.5089,0.414187,3
btc-updown-5m-1789349400,2026-09-14 01:30:00+00:00,1789349400,5m,9.49231,9.08174,11.3343,0.46131,3
btc-updown-5m-1789349700,2026-09-14 01:35:00+00:00,1789349700,5m,15.4087,14.3904,12.951,0.781746,4
btc-updown-5m-1789350000,2026-09-14 01:40:00+00:00,1789350000,5m,10.0156,9.55687,12.4853,0.500496,3
btc-updown-15m-1789350300,2026-09-14 01:45:00+00:00,1789350300,15m,19.9457,18.2643,24.0698,0.645337,4
btc-updown-5m-1789350300,2026-09-14 01:45:00+00:00,1789350300,5m,14.3394,13.5012,14.7397,0.739583,4
btc-updown-5m-1789350600,2026-09-14 01:50:00+00:00,1789350600,5m,11.5598,11.0043,14.2861,0.599206,3
btc-updown-5m-1789350900,2026-09-14 01:55:00+00:00,1789350900,5m,9.74781,9.26026,13.3286,0.481151,3
btc-updown-15m-1789351200,2026-09-14 02:00:00+00:00,1789351200,15m,26.0547,25.3296,23.6549,0.801091,5
btc-updown-5m-1789351200,2026-09-14 02:00:00+00:00,1789351200,5m,18.054,17.6363,14.4856,0.855159,5
btc-updown-5m-1789351500,2026-09-14 02:05:00+00:00,1789351500,5m,12.2637,11.4246,13.3477,0.649802,4
btc-updown-5m-1789351800,2026-09-14 02:10:00+00:00,1789351800,5m,16.4196,15.7266,14.2489,0.81746,5
btc-updown-15m-1789352100,2026-09-14 02:15:00+00:00,1789352100,15m,20.7435,18.6765,21.9175,0.669643,4
btc-updown-5m-1789352100,2026-09-14 02:15:00+00:00,1789352100,5m,12.3717,11.3443,13.4217,0.653274,4
btc-updown-5m-1789352400,2026-09-14 02:20:00+00:00,1789352400,5m,11.6715,10.6192,13.5477,0.606151,4
btc-updown-5m-1789352700,2026-09-14 02:25:00+00:00,1789352700,5m,12.7361,11.6996,13.4189,0.673115,4
btc-updown-15m-1789353000,2026-09-14 02:30:00+00:00,1789353000,15m,25.5511,23.4612,26.5985,0.791171,4
btc-updown-5m-1789353000,2026-09-14 02:30:00+00:00,1789353000,5m,15.8254,14.6549,16.2882,0.796627,4
btc-updown-5m-1789353300,2026-09-14 02:35:00+00:00,1789353300,5m,14.4543,13.4231,15.3896,0.749008,4
btc-updown-5m-1789353600,2026-09-14 02:40:00+00:00,1789353600,5m,17.1695,16.2421,14.7697,0.835317,5
btc-updown-15m-1789353900,2026-09-14 02:45:00+00:00,1789353900,15m,22.7195,20.7931,22.3602,0.724702,4
btc-updown-5m-1789353900,2026-09-14 02:45:00+00:00,1789353900,5m,13.5603,12.6206,13.6928,0.706845,4
btc-updown-5m-1789354200,2026-09-14 02:50:00+00:00,1789354200,5m,11.3985,10.4701,13.0575,0.589782,3
btc-updown-5m-1789354500,2026-09-14 02:55:00+00:00,1789354500,5m,13.2374,12.4128,13.7473,0.695437,4
btc-updown-15m-1789354800,2026-09-14 03:00:00+00:00,1789354800,15m,20.4209,18.8054,21.2397,0.657738,4
btc-updown-5m-1789354800,2026-09-14 03:00:00+00:00,1789354800,5m,11.9743,11.1976,13.0066,0.631448,4
btc-updown-5m-1789355100,2026-09-14 03:05:00+00:00,1789355100,5m,12.0205,11.5332,12.2041,0.633433,4
btc-updown-5m-1789355400,2026-09-14 03:10:00+00:00,1789355400,5m,14.4424,13.8318,13.3706,0.748016,4
btc-updown-15m-1789355700,2026-09-14 03:15:00+00:00,1789355700,15m,22.7061,21.7529,20.5081,0.724206,4
btc-updown-5m-1789355700,2026-09-14 03:15:00+00:00,1789355700,5m,12.8649,12.4407,12.5586,0.678571,4
btc-updown-5m-1789356000,2026-09-14 03:20:00+00:00,1789356000,5m,12.7633,12.4258,11.8638,0.675099,4
btc-updown-5m-1789356300,2026-09-14 03:25:00+00:00,1789356300,5m,11.0662,10.541,11.8236,0.565972,3
btc-updown-15m-1789356600,2026-09-14 03:30:00+00:00,1789356600,15m,20.176,19.2369,19.4694,0.64881,4
btc-updown-5m-1789356600,2026-09-14 03:30:00+00:00,1789356600,5m,11.7325,11.2674,11.9225,0.612103,4
btc-updown-5m-1789356900,2026-09-14 03:35:00+00:00,1789356900,5m,14.5774,14.1541,11.9895,0.755952,4
btc-updown-5m-1789357200,2026-09-14 03:40:00+00:00,1789357200,5m,13.6614,13.0804,11.4889,0.709325,4
btc-updown-15m-1789357500,2026-09-14 03:45:00+00:00,1789357500,15m,23.7054,22.6353,17.5252,0.74504,4
btc-updown-5m-1789357500,2026-09-14 03:45:00+00:00,1789357500,5m,12.8469,12.2543,10.732,0.678571,4
btc-updown-5m-1789357800,2026-09-14 03:50:00+00:00,1789357800,5m,12.0277,11.2368,9.82239,0.634921,4
btc-updown-5m-1789358100,2026-09-14 03:55:00+00:00,1789358100,5m,12.5556,11.9621,9.35374,0.66369,4
btc-updown-15m-1789358400,2026-09-14 04:00:00+00:00,1789358400,15m,20.0301,19.0909,14.5131,0.646825,4
btc-updown-5m-1789358400,2026-09-14 04:00:00+00:00,1789358400,5m,11.6044,11.1597,8.88743,0.601687,4
btc-updown-5m-1789358700,2026-09-14 04:05:00+00:00,1789358700,5m,9.93791,9.0781,8.25472,0.494048,3
btc-updown-5m-1789359000,2026-09-14 04:10:00+00:00,1789359000,5m,10.4566,9.90446,9.16502,0.525794,3
btc-updown-15m-1789359300,2026-09-14 04:15:00+00:00,1789359300,15m,15.7294,13.7923,13.9533,0.479663,3
btc-updown-5m-1789359300,2026-09-14 04:15:00+00:00,1789359300,5m,8.77784,7.841,8.54462,0.407242,3
btc-updown-5m-1789359600,2026-09-14 04:20:00+00:00,1789359600,5m,8.47033,7.6023,8.08665,0.381448,2
btc-updown-5m-1789359900,2026-09-14 04:25:00+00:00,1789359900,5m,12.2626,11.6486,9.42369,0.649802,4
btc-updown-15m-1789360200,2026-09-14 04:30:00+00:00,1789360200,15m,17.2446,16.0881,14.6956,0.552083,3
btc-updown-5m-1789360200,2026-09-14 04:30:00+00:00,1789360200,5m,10.0892,9.62622,8.99921,0.506448,3
btc-updown-5m-1789360500,2026-09-14 04:35:00+00:00,1789360500,5m,11.1772,10.6521,9.13236,0.577381,3
btc-updown-5m-1789360800,2026-09-14 04:40:00+00:00,1789360800,5m,9.29613,8.72393,8.97731,0.443948,3
btc-updown-15m-1789361100,2026-09-14 04:45:00+00:00,1789361100,15m,15.3336,13.9381,13.8873,0.46627,3
btc-updown-5m-1789361100,2026-09-14 04:45:00+00:00,1789361100,5m,9.28423,8.5814,8.50421,0.442956,3
btc-updown-5m-1789361400,2026-09-14 04:50:00+00:00,1789361400,5m,8.92297,8.32374,8.61389,0.416171,3
btc-updown-5m-1789361700,2026-09-14 04:55:00+00:00,1789361700,5m,8.80084,8.36565,8.14831,0.40873,3
btc-updown-15m-1789362000,2026-09-14 05:00:00+00:00,1789362000,15m,15.5171,14.5928,15.7306,0.47123,3
btc-updown-5m-1789362000,2026-09-14 05:00:00+00:00,1789362000,5m,9.7413,9.24482,9.63299,0.480655,3
btc-updown-5m-1789362300,2026-09-14 05:05:00+00:00,1789362300,5m,8.96241,8.51034,9.72755,0.418155,3
btc-updown-5m-1789362600,2026-09-14 05:10:00+00:00,1789362600,5m,9.66168,9.11557,8.95443,0.476687,3
btc-updown-15m-1789362900,2026-09-14 05:15:00+00:00,1789362900,15m,14.4113,13.2043,13.8793,0.420139,3
btc-updown-5m-1789362900,2026-09-14 05:15:00+00:00,1789362900,5m,8.47429,7.9269,8.49932,0.381448,2
btc-updown-5m-1789363200,2026-09-14 05:20:00+00:00,1789363200,5m,8.3598,7.83696,8.31526,0.374504,2
btc-updown-5m-1789363500,2026-09-14 05:25:00+00:00,1789363500,5m,8.07585,7.70586,7.666,0.357143,2
btc-updown-15m-1789363800,2026-09-14 05:30:00+00:00,1789363800,15m,13.9743,13.2331,11.6106,0.400298,3
btc-updown-5m-1789363800,2026-09-14 05:30:00+00:00,1789363800,5m,7.74162,7.38092,7.11003,0.338294,2
btc-updown-5m-1789364100,2026-09-14 05:35:00+00:00,1789364100,5m,6.66746,6.30652,6.51298,0.275298,2
btc-updown-5m-1789364400,2026-09-14 05:40:00+00:00,1789364400,5m,9.07935,8.67726,7.10641,0.429067,3
btc-updown-15m-1789364700,2026-09-14 05:45:00+00:00,1789364700,15m,14.3016,13.4205,12.6321,0.414683,3
btc-updown-5m-1789364700,2026-09-14 05:45:00+00:00,1789364700,5m,8.46782,8.05726,7.73557,0.381448,2
btc-updown-5m-1789365000,2026-09-14 05:50:00+00:00,1789365000,5m,6.98997,6.59441,7.06974,0.292163,2
btc-updown-5m-1789365300,2026-09-14 05:55:00+00:00,1789365300,5m,7.26101,6.8909,6.80468,0.307044,2
btc-updown-15m-1789365600,2026-09-14 06:00:00+00:00,1789365600,15m,12.5138,11.7584,10.9248,0.33631,2
btc-updown-5m-1789365600,2026-09-14 06:00:00+00:00,1789365600,5m,7.38975,7.11489,6.69004,0.316964,2
btc-updown-5m-1789365900,2026-09-14 06:05:00+00:00,1789365900,5m,8.76039,8.56192,7.08495,0.404266,3
btc-updown-5m-1789366200,2026-09-14 06:10:00+00:00,1789366200,5m,9.70729,9.44249,7.45673,0.479167,3
btc-updown-15m-1789366500,2026-09-14 06:15:00+00:00,1789366500,15m,20.5432,19.5165,16.7039,0.662698,4
btc-updown-5m-1789366500,2026-09-14 06:15:00+00:00,1789366500,5m,12.8793,12.4537,10.229,0.679067,4
btc-updown-5m-1789366800,2026-09-14 06:20:00+00:00,1789366800,5m,8.4109,7.68726,9.45337,0.37748,2
btc-updown-5m-1789367100,2026-09-14 06:25:00+00:00,1789367100,5m,8.51017,7.82733,8.87257,0.384921,2
btc-updown-15m-1789367400,2026-09-14 06:30:00+00:00,1789367400,15m,13.4673,12.4545,13.3665,0.37748,2
btc-updown-5m-1789367400,2026-09-14 06:30:00+00:00,1789367400,5m,8.00327,7.42671,8.18529,0.354663,2
btc-updown-5m-1789367700,2026-09-14 06:35:00+00:00,1789367700,5m,11.9141,11.2767,11.8902,0.625992,4
btc-updown-5m-1789368000,2026-09-14 06:40:00+00:00,1789368000,5m,10.1463,9.51027,11.0161,0.509921,3
btc-updown-15m-1789368300,2026-09-14 06:45:00+00:00,1789368300,15m,20.3702,19.1878,21.141,0.657242,4
btc-updown-5m-1789368300,2026-09-14 06:45:00+00:00,1789368300,5m,12.4276,11.962,12.9461,0.657242,4
btc-updown-5m-1789368600,2026-09-14 06:50:00+00:00,1789368600,5m,13.2473,12.7699,12.4403,0.695437,4
btc-updown-5m-1789368900,2026-09-14 06:55:00+00:00,1789368900,5m,11.8744,11.3098,11.414,0.619544,4
btc-updown-15m-1789369200,2026-09-14 07:00:00+00:00,1789369200,15m,14.3731,13.1311,16.9059,0.418155,3
btc-updown-5m-1789369200,2026-09-14 07:00:00+00:00,1789369200,5m,7.75129,7.0552,10.3527,0.339286,2
btc-updown-5m-1789369500,2026-09-14 07:05:00+00:00,1789369500,5m,10.9258,10.4837,11.1825,0.558036,3
btc-updown-5m-1789369800,2026-09-14 07:10:00+00:00,1789369800,5m,9.41388,8.99873,10.5924,0.454861,3
btc-updown-15m-1789370100,2026-09-14 07:15:00+00:00,1789370100,15m,15.7574,14.795,15.9692,0.482143,3
btc-updown-5m-1789370100,2026-09-14 07:15:00+00:00,1789370100,5m,9.41136,8.96225,9.7791,0.454861,3
btc-updown-5m-1789370400,2026-09-14 07:20:00+00:00,1789370400,5m,8.92652,8.52111,9.36991,0.416171,3
btc-updown-5m-1789370700,2026-09-14 07:25:00+00:00,1789370700,5m,8.99089,8.58638,8.75839,0.422123,3
btc-updown-15m-1789371000,2026-09-14 07:30:00+00:00,1789371000,15m,14.2597,13.1189,12.9314,0.411706,3
btc-updown-5m-1789371000,2026-09-14 07:30:00+00:00,1789371000,5m,7.67642,7.04565,7.91885,0.334821,2
btc-updown-5m-1789371300,2026-09-14 07:35:00+00:00,1789371300,5m,7.84728,7.37608,7.41651,0.344246,2
btc-updown-5m-1789371600,2026-09-14 07:40:00+00:00,1789371600,5m,8.59906,8.0749,7.2915,0.391369,2
btc-updown-15m-1789371900,2026-09-14 07:45:00+00:00,1789371900,15m,15.5156,14.4201,14.0298,0.47123,3
btc-updown-5m-1789371900,2026-09-14 07:45:00+00:00,1789371900,5m,9.63614,8.94365,8.59148,0.474206,3
btc-updown-5m-1789372200,2026-09-14 07:50:00+00:00,1789372200,5m,8.91933,8.369,8.79965,0.416171,3
btc-updown-5m-1789372500,2026-09-14 07:55:00+00:00,1789372500,5m,9.0063,8.48399,8.56602,0.422619,3
btc-updown-15m-1789372800,2026-09-14 08:00:00+00:00,1789372800,15m,14.5836,13.6444,12.8863,0.43006,3
btc-updown-5m-1789372800,2026-09-14 08:00:00+00:00,1789372800,5m,8.24194,7.64552,7.89122,0.368056,2
btc-updown-5m-1789373100,2026-09-14 08:05:00+00:00,1789373100,5m,10.4681,9.87575,9.97471,0.527282,3
btc-updown-5m-1789373400,2026-09-14 08:10:00+00:00,1789373400,5m,10.0221,9.52098,10.2608,0.500496,3
btc-updown-15m-1789373700,2026-09-14 08:15:00+00:00,1789373700,15m,14.388,13.5202,15.4876,0.418651,3
btc-updown-5m-1789373700,2026-09-14 08:15:00+00:00,1789373700,5m,8.93159,8.45367,9.48418,0.416171,3
btc-updown-5m-1789374000,2026-09-14 08:20:00+00:00,1789374000,5m,10.3856,9.91698,9.94805,0.52381,3
btc-updown-5m-1789374300,2026-09-14 08:25:00+00:00,1789374300,5m,8.762,8.34476,9.59583,0.404762,3
btc-updown-15m-1789374600,2026-09-14 08:30:00+00:00,1789374600,15m,15.42,14.6905,18.8447,0.468254,3
btc-updown-5m-1789374600,2026-09-14 08:30:00+00:00,1789374600,5m,10.3105,9.98492,11.54,0.520833,3
btc-updown-5m-1789374900,2026-09-14 08:35:00+00:00,1789374900,5m,10.128,9.75134,11.1911,0.508929,3
btc-updown-5m-1789375200,2026-09-14 08:40:00+00:00,1789375200,5m,8.77018,8.35453,10.2888,0.405258,3
btc-updown-15m-1789375500,2026-09-14 08:45:00+00:00,1789375500,15m,13.101,12.2036,15.7095,0.363095,2
btc-updown-5m-1789375500,2026-09-14 08:45:00+00:00,1789375500,5m,8.16673,7.72497,9.62007,0.362599,2
btc-updown-5m-1789375800,2026-09-14 08:50:00+00:00,1789375800,5m,8.94506,8.49162,9.03808,0.417163,3
btc-updown-5m-1789376100,2026-09-14 08:55:00+00:00,1789376100,5m,7.97804,7.56456,8.42894,0.353175,2
btc-updown-15m-1789376400,2026-09-14 09:00:00+00:00,1789376400,15m,12.6993,12.0009,13.4417,0.341766,2
btc-updown-5m-1789376400,2026-09-14 09:00:00+00:00,1789376400,5m,8.01322,7.65307,8.23131,0.354663,2
btc-updown-5m-1789376700,2026-09-14 09:05:00+00:00,1789376700,5m,7.4486,7.17108,7.842,0.321925,2
btc-updown-5m-1789377000,2026-09-14 09:10:00+00:00,1789377000,5m,9.55879,9.14627,8.78231,0.46627,3
btc-updown-15m-1789377300,2026-09-14 09:15:00+00:00,1789377300,15m,12.6503,11.9819,14.7932,0.340278,2
btc-updown-5m-1789377300,2026-09-14 09:15:00+00:00,1789377300,5m,8.67522,8.35378,9.05892,0.397321,2
btc-updown-5m-1789377600,2026-09-14 09:20:00+00:00,1789377600,5m,8.19075,7.88405,8.90372,0.363591,2
btc-updown-5m-1789377900,2026-09-14 09:25:00+00:00,1789377900,5m,8.91111,8.59022,9.5669,0.416171,3
btc-updown-15m-1789378200,2026-09-14 09:30:00+00:00,1789378200,15m,13.4982,13.0203,16.2589,0.37996,2
btc-updown-5m-1789378200,2026-09-14 09:30:00+00:00,1789378200,5m,9.09936,8.92154,9.95651,0.429563,3
btc-updown-5m-1789378500,2026-09-14 09:35:00+00:00,1789378500,5m,12.8114,12.4475,12.9523,0.677083,4
btc-updown-5m-1789378800,2026-09-14 09:40:00+00:00,1789378800,5m,9.97558,9.42158,11.9947,0.498512,3
btc-updown-15m-1789379100,2026-09-14 09:45:00+00:00,1789379100,15m,16.8155,15.9498,18.9735,0.53125,3
btc-updown-5m-1789379100,2026-09-14 09:45:00+00:00,1789379100,5m,11.8932,11.4569,11.6189,0.62252,4
btc-updown-5m-1789379400,2026-09-14 09:50:00+00:00,1789379400,5m,10.8897,10.592,11.509,0.556052,3
btc-updown-5m-1789379700,2026-09-14 09:55:00+00:00,1789379700,5m,30.8068,29.3978,15.2032,0.97123,5
btc-updown-15m-1789380000,2026-09-14 10:00:00+00:00,1789380000,15m,27.4137,26.7724,24.6818,0.825397,5
btc-updown-5m-1789380000,2026-09-14 10:00:00+00:00,1789380000,5m,17.7017,17.142,15.1144,0.847222,5
btc-updown-5m-1789380300,2026-09-14 10:05:00+00:00,1789380300,5m,18.3248,17.6202,15.0887,0.860615,5
btc-updown-5m-1789380600,2026-09-14 10:10:00+00:00,1789380600,5m,16.3546,15.7865,14.9478,0.816468,5
btc-updown-15m-1789380900,2026-09-14 10:15:00+00:00,1789380900,15m,18.3776,17.6969,22.4273,0.59375,3
btc-updown-5m-1789380900,2026-09-14 10:15:00+00:00,1789380900,5m,12.3175,12.0052,13.7339,0.651786,4
btc-updown-5m-1789381200,2026-09-14 10:20:00+00:00,1789381200,5m,11.8371,11.4676,12.8886,0.618056,4
btc-updown-5m-1789381500,2026-09-14 10:25:00+00:00,1789381500,5m,11.8279,11.5015,12.4218,0.61756,4
btc-updown-15m-1789381800,2026-09-14 10:30:00+00:00,1789381800,15m,16.8243,16.2638,19.1248,0.53125,3
btc-updown-5m-1789381800,2026-09-14 10:30:00+00:00,1789381800,5m,11.0302,10.7141,11.7115,0.563988,3
btc-updown-5m-1789382100,2026-09-14 10:35:00+00:00,1789382100,5m,10.4033,9.96254,10.6767,0.524306,3
btc-updown-5m-1789382400,2026-09-14 10:40:00+00:00,1789382400,5m,9.65816,9.1541,10.0518,0.476687,3
btc-updown-15m-1789382700,2026-09-14 10:45:00+00:00,1789382700,15m,15.3487,14.4868,15.714,0.467262,3
btc-updown-5m-1789382700,2026-09-14 10:45:00+00:00,1789382700,5m,10.0946,9.59711,9.62282,0.506944,3
btc-updown-5m-1789383000,2026-09-14 10:50:00+00:00,1789383000,5m,9.38654,9.02414,8.94301,0.451885,3
btc-updown-5m-1789383300,2026-09-14 10:55:00+00:00,1789383300,5m,10.0553,9.76059,9.907,0.503472,3
btc-updown-15m-1789383600,2026-09-14 11:00:00+00:00,1789383600,15m,13.0685,12.4842,15.7873,0.362599,2
btc-updown-5m-1789383600,2026-09-14 11:00:00+00:00,1789383600,5m,9.13149,8.83751,9.66772,0.433036,3
btc-updown-5m-1789383900,2026-09-14 11:05:00+00:00,1789383900,5m,11.0324,10.7765,9.62858,0.563988,3
btc-updown-5m-1789384200,2026-09-14 11:10:00+00:00,1789384200,5m,9.73889,9.38084,9.27018,0.480655,3
btc-updown-15m-1789384500,2026-09-14 11:15:00+00:00,1789384500,15m,13.8715,13.2396,14.5893,0.395833,2
btc-updown-5m-1789384500,2026-09-14 11:15:00+00:00,1789384500,5m,9.43241,9.06345,8.9341,0.457341,3
btc-updown-5m-1789384800,2026-09-14 11:20:00+00:00,1789384800,5m,8.91509,8.51935,8.20451,0.416171,3
btc-updown-5m-1789385100,2026-09-14 11:25:00+00:00,1789385100,5m,9.05288,8.78862,8.06218,0.425595,3
btc-updown-15m-1789385400,2026-09-14 11:30:00+00:00,1789385400,15m,13.2743,12.6459,13.1365,0.371528,2
btc-updown-5m-1789385400,2026-09-14 11:30:00+00:00,1789385400,5m,9.15527,8.86765,8.04443,0.434028,3
btc-updown-5m-1789385700,2026-09-14 11:35:00+00:00,1789385700,5m,14.4322,13.6714,10.1749,0.747024,4
btc-updown-5m-1789386000,2026-09-14 11:40:00+00:00,1789386000,5m,9.86426,9.47779,9.89248,0.487599,3
btc-updown-15m-1789386300,2026-09-14 11:45:00+00:00,1789386300,15m,14.4534,13.7938,16.3956,0.422619,3
btc-updown-5m-1789386300,2026-09-14 11:45:00+00:00,1789386300,5m,9.76035,9.43227,10.0402,0.481647,3
btc-updown-5m-1789386600,2026-09-14 11:50:00+00:00,1789386600,5m,8.6715,8.23754,9.15715,0.397321,2
btc-updown-5m-1789386900,2026-09-14 11:55:00+00:00,1789386900,5m,10.5711,10.1617,9.36135,0.534722,3
btc-updown-15m-1789387200,2026-09-14 12:00:00+00:00,1789387200,15m,13.1949,12.4704,14.1067,0.36756,2
btc-updown-5m-1789387200,2026-09-14 12:00:00+00:00,1789387200,5m,8.68902,8.2553,8.63857,0.399802,2
btc-updown-5m-1789387500,2026-09-14 12:05:00+00:00,1789387500,5m,8.64463,8.20677,9.10933,0.394841,2
btc-updown-5m-1789387800,2026-09-14 12:10:00+00:00,1789387800,5m,8.28459,7.95418,9.0501,0.370536,2
btc-updown-15m-1789388100,2026-09-14 12:15:00+00:00,1789388100,15m,11.6447,10.8639,13.4174,0.304563,2
btc-updown-5m-1789388100,2026-09-14 12:15:00+00:00,1789388100,5m,7.46744,6.95188,8.21646,0.321925,2
btc-updown-5m-1789388400,2026-09-14 12:20:00+00:00,1789388400,5m,9.60486,9.2113,8.72621,0.471726,3
btc-updown-5m-1789388700,2026-09-14 12:25:00+00:00,1789388700,5m,10.0576,9.56964,9.34603,0.503472,3
btc-updown-15m-1789389000,2026-09-14 12:30:00+00:00,1789389000,15m,15.0535,14.3358,14.5835,0.455357,3
btc-updown-5m-1789389000,2026-09-14 12:30:00+00:00,1789389000,5m,10.1357,9.75127,8.93053,0.509425,3
btc-updown-5m-1789389300,2026-09-14 12:35:00+00:00,1789389300,5m,11.4588,10.9493,8.89644,0.595238,3
btc-updown-5m-1789389600,2026-09-14 12:40:00+00:00,1789389600,5m,12.3545,11.7822,14.1962,0.653274,4
btc-updown-15m-1789389900,2026-09-14 12:45:00+00:00,1789389900,15m,18.2446,17.1704,23.2161,0.59127,3
btc-updown-5m-1789389900,2026-09-14 12:45:00+00:00,1789389900,5m,13.4606,12.8276,14.2169,0.705357,4
btc-updown-5m-1789390200,2026-09-14 12:50:00+00:00,1789390200,5m,12.557,12.1034,14.2327,0.66369,4
btc-updown-5m-1789390500,2026-09-14 12:55:00+00:00,1789390500,5m,11.1762,10.773,13.3714,0.576885,3
btc-updown-15m-1789390800,2026-09-14 13:00:00+00:00,1789390800,15m,16.0883,15.671,20.5748,0.498016,3
btc-updown-5m-1789390800,2026-09-14 13:00:00+00:00,1789390800,5m,10.5456,10.2649,12.5994,0.531746,3
btc-updown-5m-1789391100,2026-09-14 13:05:00+00:00,1789391100,5m,10.5354,10.1601,12.0458,0.529762,3
btc-updown-5m-1789391400,2026-09-14 13:10:00+00:00,1789391400,5m,13.3415,12.8931,13.5545,0.700893,4
btc-updown-15m-1789391700,2026-09-14 13:15:00+00:00,1789391700,15m,16.222,15.4595,24.1723,0.50248,3
btc-updown-5m-1789391700,2026-09-14 13:15:00+00:00,1789391700,5m,10.9437,10.3814,14.8025,0.558036,3
btc-updown-5m-1789392000,2026-09-14 13:20:00+00:00,1789392000,5m,12.0593,11.4846,14.2798,0.637897,4
btc-updown-5m-1789392300,2026-09-14 13:25:00+00:00,1789392300,5m,10.9939,10.5465,13.6672,0.562004,3
btc-updown-15m-1789392600,2026-09-14 13:30:00+00:00,1789392600,15m,15.0116,14.2233,20.5971,0.452381,3
btc-updown-5m-1789392600,2026-09-14 13:30:00+00:00,1789392600,5m,9.77796,9.29529,12.6131,0.483135,3
btc-updown-5m-1789392900,2026-09-14 13:35:00+00:00,1789392900,5m,16.6585,16.3732,15.4106,0.824405,5
btc-updown-5m-1789393200,2026-09-14 13:40:00+00:00,1789393200,5m,19.4216,18.9259,18.8664,0.881448,5
btc-updown-15m-1789393500,2026-09-14 13:45:00+00:00,1789393500,15m,24.4387,23.8868,30.4764,0.761409,4
btc-updown-5m-1789393500,2026-09-14 13:45:00+00:00,1789393500,5m,17.3029,16.8617,18.6629,0.837798,5
btc-updown-5m-1789393800,2026-09-14 13:50:00+00:00,1789393800,5m,21.4883,21.1361,18.198,0.909226,5
btc-updown-5m-1789394100,2026-09-14 13:55:00+00:00,1789394100,5m,23.7655,23.1997,20.7535,0.93006,5
btc-updown-15m-1789394400,2026-09-14 14:00:00+00:00,1789394400,15m,33.1569,32.3221,36.3379,0.891369,5
btc-updown-5m-1789394400,2026-09-14 14:00:00+00:00,1789394400,5m,23.0922,22.384,22.2523,0.922619,5
btc-updown-5m-1789394700,2026-09-14 14:05:00+00:00,1789394700,5m,22.9028,22.3056,21.8963,0.921131,5
btc-updown-5m-1789395000,2026-09-14 14:10:00+00:00,1789395000,5m,19.013,17.9741,20.6822,0.873512,5
btc-updown-15m-1789395300,2026-09-14 14:15:00+00:00,1789395300,15m,31.5386,30.6264,37.2476,0.876984,5
btc-updown-5m-1789395300,2026-09-14 14:15:00+00:00,1789395300,5m,22.1994,21.5961,22.8094,0.915675,5
btc-updown-5m-1789395600,2026-09-14 14:20:00+00:00,1789395600,5m,21.098,20.4185,21.1858,0.900794,5
btc-updown-5m-1789395900,2026-09-14 14:25:00+00:00,1789395900,5m,20.8625,20.3593,22.4589,0.898313,5
btc-updown-15m-1789396200,2026-09-14 14:30:00+00:00,1789396200,15m,32.3565,31.4213,40.6904,0.883929,5
btc-updown-5m-1789396200,2026-09-14 14:30:00+00:00,1789396200,5m,23.5016,22.8697,24.9177,0.926587,5
btc-updown-5m-1789396500,2026-09-14 14:35:00+00:00,1789396500,5m,24.0132,23.5307,25.5907,0.93254,5
btc-updown-5m-1789396800,2026-09-14 14:40:00+00:00,1789396800,5m,21.4145,20.6558,24.1026,0.908234,5
btc-updown-15m-1789397100,2026-09-14 14:45:00+00:00,1789397100,15m,28.5621,27.8677,36.3999,0.837798,5
btc-updown-5m-1789397100,2026-09-14 14:45:00+00:00,1789397100,5m,20.3791,19.8317,22.2903,0.891865,5
btc-updown-5m-1789397400,2026-09-14 14:50:00+00:00,1789397400,5m,18.8788,18.5308,21.3003,0.87252,5
btc-updown-5m-1789397700,2026-09-14 14:55:00+00:00,1789397700,5m,19.455,18.9774,21.9789,0.883433,5
btc-updown-15m-1789398000,2026-09-14 15:00:00+00:00,1789398000,15m,27.8753,27.0009,36.5015,0.832341,5
btc-updown-5m-1789398000,2026-09-14 15:00:00+00:00,1789398000,5m,19.9034,19.4268,22.3525,0.889385,5
btc-updown-5m-1789398300,2026-09-14 15:05:00+00:00,1789398300,5m,18.5073,18.1826,20.9327,0.863591,5
btc-updown-5m-1789398600,2026-09-14 15:10:00+00:00,1789398600,5m,19.4931,19.156,21.5298,0.884425,5
btc-updown-15m-1789398900,2026-09-14 15:15:00+00:00,1789398900,15m,25.5365,24.6534,34.1765,0.789683,4
btc-updown-5m-1789398900,2026-09-14 15:15:00+00:00,1789398900,5m,18.7382,18.2795,20.9288,0.868056,5
btc-updown-5m-1789399200,2026-09-14 15:20:00+00:00,1789399200,5m,16.8855,16.5243,19.6282,0.828869,5
btc-updown-5m-1789399500,2026-09-14 15:25:00+00:00,1789399500,5m,15.4622,14.9311,18.7178,0.782738,4
btc-updown-15m-1789399800,2026-09-14 15:30:00+00:00,1789399800,15m,22.5505,21.328,29.0203,0.719742,4
btc-updown-5m-1789399800,2026-09-14 15:30:00+00:00,1789399800,5m,15.7731,15.2186,17.7713,0.795635,4
btc-updown-5m-1789400100,2026-09-14 15:35:00+00:00,1789400100,5m,15.491,14.9706,17.8832,0.78373,4
btc-updown-5m-1789400400,2026-09-14 15:40:00+00:00,1789400400,5m,14.9415,14.7694,19.7815,0.767361,4
btc-updown-15m-1789400700,2026-09-14 15:45:00+00:00,1789400700,15m,21.1806,20.2778,31.1817,0.681052,4
btc-updown-5m-1789400700,2026-09-14 15:45:00+00:00,1789400700,5m,16.3639,16.0611,19.0948,0.816964,5
btc-updown-5m-1789401000,2026-09-14 15:50:00+00:00,1789401000,5m,14.5446,14.0001,19.98,0.753472,4
btc-updown-5m-1789401300,2026-09-14 15:55:00+00:00,1789401300,5m,15.2852,15.0967,18.9555,0.779762,4
btc-updown-15m-1789401600,2026-09-14 16:00:00+00:00,1789401600,15m,18.9814,17.9409,28.6891,0.614583,4
btc-updown-5m-1789401600,2026-09-14 16:00:00+00:00,1789401600,5m,14.2895,13.7995,17.5684,0.739087,4
btc-updown-5m-1789401900,2026-09-14 16:05:00+00:00,1789401900,5m,14.0664,13.5561,16.1802,0.72619,4
btc-updown-5m-1789402200,2026-09-14 16:10:00+00:00,1789402200,5m,14.0823,13.6294,14.8847,0.727679,4
btc-updown-15m-1789402500,2026-09-14 16:15:00+00:00,1789402500,15m,16.6843,15.3928,22.5727,0.527282,3
btc-updown-5m-1789402500,2026-09-14 16:15:00+00:00,1789402500,5m,11.5703,11.0189,13.8229,0.600198,4
btc-updown-5m-1789402800,2026-09-14 16:20:00+00:00,1789402800,5m,24.3791,23.4016,19.0432,0.936012,5
btc-updown-5m-1789403100,2026-09-14 16:25:00+00:00,1789403100,5m,20.7553,20.3153,18.7465,0.896825,5
btc-updown-15m-1789403400,2026-09-14 16:30:00+00:00,1789403400,15m,22.4493,21.5332,30.5303,0.717262,4
btc-updown-5m-1789403400,2026-09-14 16:30:00+00:00,1789403400,5m,17.8682,17.4785,18.6959,0.853175,5
btc-updown-5m-1789403700,2026-09-14 16:35:00+00:00,1789403700,5m,16.2894,15.7841,17.1481,0.813988,5
btc-updown-5m-1789404000,2026-09-14 16:40:00+00:00,1789404000,5m,14.8168,14.4368,15.9028,0.763889,4
btc-updown-15m-1789404300,2026-09-14 16:45:00+00:00,1789404300,15m,15.8581,14.2448,23.6223,0.486607,3
btc-updown-5m-1789404300,2026-09-14 16:45:00+00:00,1789404300,5m,11.3889,10.557,14.4656,0.589782,3
btc-updown-5m-1789404600,2026-09-14 16:50:00+00:00,1789404600,5m,16.1503,15.7062,15.4578,0.809524,5
btc-updown-5m-1789404900,2026-09-14 16:55:00+00:00,1789404900,5m,15.6154,15.357,14.5945,0.787202,4
btc-updown-15m-1789405200,2026-09-14 17:00:00+00:00,1789405200,15m,18.2886,17.2445,22.2276,0.59127,3
btc-updown-5m-1789405200,2026-09-14 17:00:00+00:00,1789405200,5m,13.3796,12.9227,13.6116,0.701885,4
btc-updown-5m-1789405500,2026-09-14 17:05:00+00:00,1789405500,5m,12.1451,11.9313,12.6808,0.643849,4
btc-updown-5m-1789405800,2026-09-14 17:10:00+00:00,1789405800,5m,12.215,11.7198,12.5692,0.648313,4
btc-updown-15m-1789406100,2026-09-14 17:15:00+00:00,1789406100,15m,14.0179,12.865,18.6694,0.402282,3
btc-updown-5m-1789406100,2026-09-14 17:15:00+00:00,1789406100,5m,9.68049,9.04392,11.4326,0.477183,3
btc-updown-5m-1789406400,2026-09-14 17:20:00+00:00,1789406400,5m,11.9123,10.9151,11.6688,0.625992,4
btc-updown-5m-1789406700,2026-09-14 17:25:00+00:00,1789406700,5m,14.6244,14.0941,13.0421,0.758433,4
btc-updown-15m-1789407000,2026-09-14 17:30:00+00:00,1789407000,15m,15.9474,14.8982,19.9404,0.490079,3
btc-updown-5m-1789407000,2026-09-14 17:30:00+00:00,1789407000,5m,10.6868,10.2337,12.211,0.542163,3
btc-updown-5m-1789407300,2026-09-14 17:35:00+00:00,1789407300,5m,15.0899,14.7857,12.4176,0.771825,4
btc-updown-5m-1789407600,2026-09-14 17:40:00+00:00,1789407600,5m,11.3237,10.8521,11.8278,0.58631,3
btc-updown-15m-1789407900,2026-09-14 17:45:00+00:00,1789407900,15m,14.3902,13.4451,17.6915,0.418651,3
btc-updown-5m-1789407900,2026-09-14 17:45:00+00:00,1789407900,5m,10.0483,9.60269,10.8338,0.501984,3
btc-updown-5m-1789408200,2026-09-14 17:50:00+00:00,1789408200,5m,13.7259,12.8412,11.7482,0.71131,4
btc-updown-5m-1789408500,2026-09-14 17:55:00+00:00,1789408500,5m,11.0767,10.6452,11.0883,0.566468,3
btc-updown-15m-1789408800,2026-09-14 18:00:00+00:00,1789408800,15m,16.1683,15.1702,17.6246,0.500992,3
btc-updown-5m-1789408800,2026-09-14 18:00:00+00:00,1789408800,5m,11.0988,10.6573,10.7928,0.568452,3
btc-updown-5m-1789409100,2026-09-14 18:05:00+00:00,1789409100,5m,9.96943,9.55456,10.7247,0.496528,3
btc-updown-5m-1789409400,2026-09-14 18:10:00+00:00,1789409400,5m,9.63738,9.15604,10.5355,0.474206,3
btc-updown-15m-1789409700,2026-09-14 18:15:00+00:00,1789409700,15m,14.17,13.0893,16.7008,0.407738,3
btc-updown-5m-1789409700,2026-09-14 18:15:00+00:00,1789409700,5m,9.79749,9.35991,10.2271,0.484127,3
btc-updown-5m-1789410000,2026-09-14 18:20:00+00:00,1789410000,5m,12.3549,11.644,11.1954,0.653274,4
btc-updown-5m-1789410300,2026-09-14 18:25:00+00:00,1789410300,5m,14.0471,13.3749,13.0171,0.724702,4
btc-updown-15m-1789410600,2026-09-14 18:30:00+00:00,1789410600,15m,19.702,18.835,23.1291,0.635417,4
btc-updown-5m-1789410600,2026-09-14 18:30:00+00:00,1789410600,5m,14.5201,14.0738,14.1636,0.752976,4
btc-updown-5m-1789410900,2026-09-14 18:35:00+00:00,1789410900,5m,11.9664,11.4799,13.2029,0.630952,4
btc-updown-5m-1789411200,2026-09-14 18:40:00+00:00,1789411200,5m,11.8071,11.1367,12.5418,0.615575,4
btc-updown-15m-1789411500,2026-09-14 18:45:00+00:00,1789411500,15m,17.8191,17.0069,21.8738,0.575397,3
btc-updown-5m-1789411500,2026-09-14 18:45:00+00:00,1789411500,5m,13.3351,12.9141,13.3949,0.700893,4
btc-updown-5m-1789411800,2026-09-14 18:50:00+00:00,1789411800,5m,13.3996,13.076,13.6711,0.703869,4
btc-updown-5m-1789412100,2026-09-14 18:55:00+00:00,1789412100,5m,11.7469,11.2242,12.9839,0.612599,4
btc-updown-15m-1789412400,2026-09-14 19:00:00+00:00,1789412400,15m,14.5401,13.6133,20.4899,0.426091,3
btc-updown-5m-1789412400,2026-09-14 19:00:00+00:00,1789412400,5m,10.474,9.92419,12.5475,0.527282,3
btc-updown-5m-1789412700,2026-09-14 19:05:00+00:00,1789412700,5m,13.4628,12.9949,12.7571,0.705853,4
btc-updown-5m-1789413000,2026-09-14 19:10:00+00:00,1789413000,5m,13.865,13.3994,12.75,0.719246,4
btc-updown-15m-1789413300,2026-09-14 19:15:00+00:00,1789413300,15m,16.9528,16.1733,19.8504,0.53869,3
btc-updown-5m-1789413300,2026-09-14 19:15:00+00:00,1789413300,5m,11.9652,11.4771,12.1558,0.630456,4
btc-updown-5m-1789413600,2026-09-14 19:20:00+00:00,1789413600,5m,10.7981,10.1864,11.4125,0.550099,3
btc-updown-5m-1789413900,2026-09-14 19:25:00+00:00,1789413900,5m,10.6341,9.97679,11.3724,0.540179,3
btc-updown-15m-1789414200,2026-09-14 19:30:00+00:00,1789414200,15m,14.6592,13.8643,17.3615,0.433532,3
btc-updown-5m-1789414200,2026-09-14 19:30:00+00:00,1789414200,5m,10.8781,10.4245,10.6317,0.55506,3
btc-updown-5m-1789414500,2026-09-14 19:35:00+00:00,1789414500,5m,10.0729,9.62835,10.0513,0.505952,3
btc-updown-5m-1789414800,2026-09-14 19:40:00+00:00,1789414800,5m,16.6377,16.3051,11.9519,0.823413,5
btc-updown-15m-1789415100,2026-09-14 19:45:00+00:00,1789415100,15m,18.0048,17.4755,19.2498,0.582341,3
btc-updown-5m-1789415100,2026-09-14 19:45:00+00:00,1789415100,5m,12.7944,12.1246,11.788,0.676091,4
btc-updown-5m-1789415400,2026-09-14 19:50:00+00:00,1789415400,5m,12.6392,11.9941,11.2248,0.665675,4
btc-updown-5m-1789415700,2026-09-14 19:55:00+00:00,1789415700,5m,11.9857,11.3691,10.2921,0.631448,4
btc-updown-15m-1789416000,2026-09-14 20:00:00+00:00,1789416000,15m,18.3081,17.5561,16.3605,0.591766,3
btc-updown-5m-1789416000,2026-09-14 20:00:00+00:00,1789416000,5m,12.1324,11.4116,10.0187,0.641865,4
btc-updown-5m-1789416300,2026-09-14 20:05:00+00:00,1789416300,5m,10.6008,10.0146,9.28381,0.537202,3
btc-updown-5m-1789416600,2026-09-14 20:10:00+00:00,1789416600,5m,8.16613,7.51769,8.62494,0.362599,2
btc-updown-15m-1789416900,2026-09-14 20:15:00+00:00,1789416900,15m,18.1698,17.8572,20.2106,0.589286,3
btc-updown-5m-1789416900,2026-09-14 20:15:00+00:00,1789416900,5m,12.8913,12.3612,12.3764,0.679563,4
btc-updown-5m-1789417200,2026-09-14 20:20:00+00:00,1789417200,5m,15.5668,15.2245,13.5576,0.786706,4
btc-updown-5m-1789417500,2026-09-14 20:25:00+00:00,1789417500,5m,13.135,12.4724,13.5227,0.692956,4
btc-updown-15m-1789417800,2026-09-14 20:30:00+00:00,1789417800,15m,15.9287,15.0659,21.5153,0.490079,3
btc-updown-5m-1789417800,2026-09-14 20:30:00+00:00,1789417800,5m,11.306,10.6947,13.1754,0.585317,3
btc-updown-5m-1789418100,2026-09-14 20:35:00+00:00,1789418100,5m,11.9878,11.4237,13.1322,0.631944,4
btc-updown-5m-1789418400,2026-09-14 20:40:00+00:00,1789418400,5m,11.6978,11.1087,12.325,0.609623,4
btc-updown-15m-1789418700,2026-09-14 20:45:00+00:00,1789418700,15m,16.7507,16.0425,19.2908,0.529266,3
btc-updown-5m-1789418700,2026-09-14 20:45:00+00:00,1789418700,5m,11.836,11.2542,11.8132,0.618056,4
btc-updown-5m-1789419000,2026-09-14 20:50:00+00:00,1789419000,5m,12.5449,12.2569,11.2288,0.66369,4
btc-updown-5m-1789419300,2026-09-14 20:55:00+00:00,1789419300,5m,12.0628,11.7256,10.9672,0.638393,4
btc-updown-15m-1789419600,2026-09-14 21:00:00+00:00,1789419600,15m,24.1491,23.6899,18.0041,0.752976,4
btc-updown-5m-1789419600,2026-09-14 21:00:00+00:00,1789419600,5m,14.1544,13.5912,11.0252,0.731647,4
btc-updown-5m-1789419900,2026-09-14 21:05:00+00:00,1789419900,5m,18.6708,17.7652,14.38,0.86756,5
btc-updown-5m-1789420200,2026-09-14 21:10:00+00:00,1789420200,5m,13.9486,13.1362,13.4763,0.72123,4
btc-updown-15m-1789420500,2026-09-14 21:15:00+00:00,1789420500,15m,25.2106,24.1511,20.855,0.783234,4
btc-updown-5m-1789420500,2026-09-14 21:15:00+00:00,1789420500,5m,14.0581,12.8848,12.771,0.725198,4
btc-updown-5m-1789420800,2026-09-14 21:20:00+00:00,1789420800,5m,17.1794,16.3391,13.901,0.835317,5
btc-updown-5m-1789421100,2026-09-14 21:25:00+00:00,1789421100,5m,14.1322,13.6019,12.9588,0.729663,4
btc-updown-15m-1789421400,2026-09-14 21:30:00+00:00,1789421400,15m,24.2515,23.387,21.2988,0.753968,4
btc-updown-5m-1789421400,2026-09-14 21:30:00+00:00,1789421400,5m,14.4297,13.9474,13.0428,0.746528,4
btc-updown-5m-1789421700,2026-09-14 21:35:00+00:00,1789421700,5m,13.1971,12.5923,12.7144,0.693948,4
btc-updown-5m-1789422000,2026-09-14 21:40:00+00:00,1789422000,5m,13.4186,12.741,12.3782,0.704365,4
btc-updown-15m-1789422300,2026-09-14 21:45:00+00:00,1789422300,15m,21.6312,20.3688,18.7873,0.693948,4
btc-updown-5m-1789422300,2026-09-14 21:45:00+00:00,1789422300,5m,12.2234,11.5855,11.5048,0.64881,4
btc-updown-5m-1789422600,2026-09-14 21:50:00+00:00,1789422600,5m,10.139,9.55351,11.0641,0.509425,3
btc-updown-5m-1789422900,2026-09-14 21:55:00+00:00,1789422900,5m,9.97117,9.46406,10.3319,0.497024,3
btc-updown-15m-1789423200,2026-09-14 22:00:00+00:00,1789423200,15m,14.8521,13.8773,15.5004,0.44246,3
btc-updown-5m-1789423200,2026-09-14 22:00:00+00:00,1789423200,5m,9.2706,8.76131,9.49199,0.440972,3
btc-updown-5m-1789423500,2026-09-14 22:05:00+00:00,1789423500,5m,8.70448,8.09973,8.9939,0.40129,3
btc-updown-5m-1789423800,2026-09-14 22:10:00+00:00,1789423800,5m,8.94772,8.48642,9.53632,0.417163,3
btc-updown-15m-1789424100,2026-09-14 22:15:00+00:00,1789424100,15m,14.2776,13.494,15.5927,0.412698,3
btc-updown-5m-1789424100,2026-09-14 22:15:00+00:00,1789424100,5m,9.70098,9.2753,9.54854,0.478671,3
btc-updown-5m-1789424400,2026-09-14 22:20:00+00:00,1789424400,5m,8.90361,8.53353,9.24108,0.415179,3
btc-updown-5m-1789424700,2026-09-14 22:25:00+00:00,1789424700,5m,10.818,10.3479,10.0584,0.550595,3
btc-updown-15m-1789425000,2026-09-14 22:30:00+00:00,1789425000,15m,15.9561,15.243,16.373,0.490079,3
btc-updown-5m-1789425000,2026-09-14 22:30:00+00:00,1789425000,5m,9.84477,9.46535,10.0264,0.487103,3
btc-updown-5m-1789425300,2026-09-14 22:35:00+00:00,1789425300,5m,8.97141,8.59136,10.0048,0.420139,3
btc-updown-5m-1789425600,2026-09-14 22:40:00+00:00,1789425600,5m,9.34706,8.98906,10.6095,0.449405,3
btc-updown-15m-1789425900,2026-09-14 22:45:00+00:00,1789425900,15m,14.0468,13.345,16.6945,0.402282,3
btc-updown-5m-1789425900,2026-09-14 22:45:00+00:00,1789425900,5m,9.21458,8.94887,10.2232,0.436012,3
btc-updown-5m-1789426200,2026-09-14 22:50:00+00:00,1789426200,5m,9.1932,8.8685,9.63665,0.435516,3
btc-updown-5m-1789426500,2026-09-14 22:55:00+00:00,1789426500,5m,8.65033,8.34363,8.83679,0.395833,2
btc-updown-15m-1789426800,2026-09-14 23:00:00+00:00,1789426800,15m,11.4408,10.8169,13.2307,0.298611,2
btc-updown-5m-1789426800,2026-09-14 23:00:00+00:00,1789426800,5m,7.64587,7.29815,8.10212,0.332837,2
btc-updown-5m-1789427100,2026-09-14 23:05:00+00:00,1789427100,5m,8.78619,8.40065,8.42547,0.407738,3
btc-updown-5m-1789427400,2026-09-14 23:10:00+00:00,1789427400,5m,8.97911,8.59718,9.27689,0.420635,3
btc-updown-15m-1789427700,2026-09-14 23:15:00+00:00,1789427700,15m,11.7267,11.1082,13.9789,0.306052,2
btc-updown-5m-1789427700,2026-09-14 23:15:00+00:00,1789427700,5m,7.39894,7.03998,8.56028,0.316964,2
btc-updown-5m-1789428000,2026-09-14 23:20:00+00:00,1789428000,5m,7.49933,7.1413,8.1517,0.325397,2
btc-updown-5m-1789428300,2026-09-14 23:25:00+00:00,1789428300,5m,8.41901,8.08845,8.04142,0.378472,2
btc-updown-15m-1789428600,2026-09-14 23:30:00+00:00,1789428600,15m,11.5983,10.9937,12.2673,0.303571,2
btc-updown-5m-1789428600,2026-09-14 23:30:00+00:00,1789428600,5m,7.35108,7.07472,7.51213,0.3125,2
btc-updown-5m-1789428900,2026-09-14 23:35:00+00:00,1789428900,5m,8.86498,8.50319,8.33799,0.413194,3
btc-updown-5m-1789429200,2026-09-14 23:40:00+00:00,1789429200,5m,8.31556,7.93296,7.85007,0.371528,2
btc-updown-15m-1789429500,2026-09-14 23:45:00+00:00,1789429500,15m,13.5774,12.9297,12.8271,0.383929,2
btc-updown-5m-1789429500,2026-09-14 23:45:00+00:00,1789429500,5m,8.36718,8.00382,7.85498,0.374504,2
btc-updown-5m-1789429800,2026-09-14 23:50:00+00:00,1789429800,5m,7.6353,7.26673,7.4822,0.332837,2
btc-updown-5m-1789430100,2026-09-14 23:55:00+00:00,1789430100,5m,9.00739,8.75122,8.96183,0.422619,3
btc-updown-15m-1789430400,2026-09-15 00:00:00+00:00,1789430400,15m,13.6261,12.9346,13.7102,0.384921,2
btc-updown-5m-1789430400,2026-09-15 00:00:00+00:00,1789430400,5m,8.19182,7.88175,8.39574,0.363591,2
btc-updown-5m-1789430700,2026-09-15 00:05:00+00:00,1789430700,5m,8.02202,7.65731,7.77791,0.354663,2
btc-updown-5m-1789431000,2026-09-15 00:10:00+00:00,1789431000,5m,9.39572,9.216,8.08609,0.452877,3
btc-updown-15m-1789431300,2026-09-15 00:15:00+00:00,1789431300,15m,15.3922,14.6982,15.5515,0.467758,3
btc-updown-5m-1789431300,2026-09-15 00:15:00+00:00,1789431300,5m,9.58419,9.24118,9.52331,0.470238,3
btc-updown-5m-1789431600,2026-09-15 00:20:00+00:00,1789431600,5m,8.50904,8.27297,8.85145,0.384921,2
btc-updown-5m-1789431900,2026-09-15 00:25:00+00:00,1789431900,5m,8.16476,7.98413,8.39226,0.362599,2
btc-updown-15m-1789432200,2026-09-15 00:30:00+00:00,1789432200,15m,12.8841,12.4352,13.812,0.350198,2
btc-updown-5m-1789432200,2026-09-15 00:30:00+00:00,1789432200,5m,8.15468,7.94656,8.4581,0.362103,2
btc-updown-5m-1789432500,2026-09-15 00:35:00+00:00,1789432500,5m,7.18113,6.98079,7.79281,0.302083,2
btc-updown-5m-1789432800,2026-09-15 00:40:00+00:00,1789432800,5m,7.81548,7.66201,8.05826,0.34375,2
btc-updown-15m-1789433100,2026-09-15 00:45:00+00:00,1789433100,15m,13.3173,12.9658,14.3295,0.37252,2
btc-updown-5m-1789433100,2026-09-15 00:45:00+00:00,1789433100,5m,8.4106,8.22949,8.77497,0.37748,2
btc-updown-5m-1789433400,2026-09-15 00:50:00+00:00,1789433400,5m,7.8089,7.66189,8.8406,0.34375,2
btc-updown-5m-1789433700,2026-09-15 00:55:00+00:00,1789433700,5m,7.14838,7.02222,8.40642,0.300595,2
btc-updown-15m-1789434000,2026-09-15 01:00:00+00:00,1789434000,15m,10.7818,10.4206,13.396,0.273313,2
btc-updown-5m-1789434000,2026-09-15 01:00:00+00:00,1789434000,5m,6.77864,6.63962,8.20331,0.280258,2
btc-updown-5m-1789434300,2026-09-15 01:05:00+00:00,1789434300,5m,8.04274,7.94324,8.61299,0.356647,2
btc-updown-5m-1789434600,2026-09-15 01:10:00+00:00,1789434600,5m,7.74082,7.61988,8.00455,0.338294,2
btc-updown-15m-1789434900,2026-09-15 01:15:00+00:00,1789434900,15m,12.18,11.8699,13.636,0.321429,2
btc-updown-5m-1789434900,2026-09-15 01:15:00+00:00,1789434900,5m,7.81928,7.67979,8.35029,0.34375,2
btc-updown-5m-1789435200,2026-09-15 01:20:00+00:00,1789435200,5m,8.28665,8.19874,8.3546,0.370536,2
btc-updown-5m-1789435500,2026-09-15 01:25:00+00:00,1789435500,5m,10.1071,9.93083,9.69598,0.507937,3
btc-updown-15m-1789435800,2026-09-15 01:30:00+00:00,1789435800,15m,16.5065,15.8452,18.2479,0.516865,3
btc-updown-5m-1789435800,2026-09-15 01:30:00+00:00,1789435800,5m,11.5388,11.3491,11.1745,0.59871,3
btc-updown-5m-1789436100,2026-09-15 01:35:00+00:00,1789436100,5m,11.2675,11.061,12.0629,0.583829,3
btc-updown-5m-1789436400,2026-09-15 01:40:00+00:00,1789436400,5m,10.6545,10.322,11.3507,0.540675,3
btc-updown-15m-1789436700,2026-09-15 01:45:00+00:00,1789436700,15m,16.2288,15.7721,17.0604,0.50248,3
btc-updown-5m-1789436700,2026-09-15 01:45:00+00:00,1789436700,5m,9.66402,9.44417,10.4473,0.476687,3
btc-updown-5m-1789437000,2026-09-15 01:50:00+00:00,1789437000,5m,9.73065,9.5259,10.0074,0.480655,3
btc-updown-5m-1789437300,2026-09-15 01:55:00+00:00,1789437300,5m,9.97188,9.72443,10.4337,0.497024,3
btc-updown-15m-1789437600,2026-09-15 02:00:00+00:00,1789437600,15m,16.5564,15.9294,17.1136,0.520337,3
btc-updown-5m-1789437600,2026-09-15 02:00:00+00:00,1789437600,5m,10.3835,10.1377,10.4799,0.52381,3
btc-updown-5m-1789437900,2026-09-15 02:05:00+00:00,1789437900,5m,10.271,10.1358,9.9125,0.517857,3
btc-updown-5m-1789438200,2026-09-15 02:10:00+00:00,1789438200,5m,10.4878,10.1934,9.88694,0.527778,3
btc-updown-15m-1789438500,2026-09-15 02:15:00+00:00,1789438500,15m,17.1231,16.4802,15.3955,0.544643,3
btc-updown-5m-1789438500,2026-09-15 02:15:00+00:00,1789438500,5m,10.4372,10.2271,9.4278,0.525298,3
btc-updown-5m-1789438800,2026-09-15 02:20:00+00:00,1789438800,5m,9.32145,9.00029,9.11369,0.446429,3
btc-updown-5m-1789439100,2026-09-15 02:25:00+00:00,1789439100,5m,9.31017,9.0925,8.58951,0.44494,3
btc-updown-15m-1789439400,2026-09-15 02:30:00+00:00,1789439400,15m,15.3006,14.7824,14.2512,0.465278,3
btc-updown-5m-1789439400,2026-09-15 02:30:00+00:00,1789439400,5m,9.81868,9.69973,8.72703,0.485615,3
btc-updown-5m-1789439700,2026-09-15 02:35:00+00:00,1789439700,5m,9.19833,9.03495,8.1783,0.435516,3
btc-updown-5m-1789440000,2026-09-15 02:40:00+00:00,1789440000,5m,9.11724,8.90875,7.80668,0.431052,3
btc-updown-15m-1789440300,2026-09-15 02:45:00+00:00,1789440300,15m,13.5634,13.0069,12.0146,0.383433,2
btc-updown-5m-1789440300,2026-09-15 02:45:00+00:00,1789440300,5m,8.79864,8.58157,7.35742,0.408234,3
btc-updown-5m-1789440600,2026-09-15 02:50:00+00:00,1789440600,5m,8.02625,7.82142,6.80622,0.354663,2
btc-updown-5m-1789440900,2026-09-15 02:55:00+00:00,1789440900,5m,8.1886,7.93007,6.83937,0.363591,2
btc-updown-15m-1789441200,2026-09-15 03:00:00+00:00,1789441200,15m,13.1518,12.5269,11.9793,0.366567,2
btc-updown-5m-1789441200,2026-09-15 03:00:00+00:00,1789441200,5m,8.64512,8.33775,7.33578,0.394841,2
btc-updown-5m-1789441500,2026-09-15 03:05:00+00:00,1789441500,5m,8.75966,8.48553,8.1665,0.404266,3
btc-updown-5m-1789441800,2026-09-15 03:10:00+00:00,1789441800,5m,8.24827,7.99582,8.66176,0.368552,2
btc-updown-15m-1789442100,2026-09-15 03:15:00+00:00,1789442100,15m,11.5781,11.1232,14.3628,0.301587,2
btc-updown-5m-1789442100,2026-09-15 03:15:00+00:00,1789442100,5m,8.0861,7.8449,8.79537,0.358135,2
btc-updown-5m-1789442400,2026-09-15 03:20:00+00:00,1789442400,5m,7.72877,7.44651,8.06465,0.337302,2
btc-updown-5m-1789442700,2026-09-15 03:25:00+00:00,1789442700,5m,8.9286,8.67643,7.93862,0.416171,3
btc-updown-15m-1789443000,2026-09-15 03:30:00+00:00,1789443000,15m,13.1775,12.6859,11.9745,0.367063,2
btc-updown-5m-1789443000,2026-09-15 03:30:00+00:00,1789443000,5m,8.82495,8.58052,7.33282,0.410218,3
btc-updown-5m-1789443300,2026-09-15 03:35:00+00:00,1789443300,5m,8.94604,8.75084,7.29387,0.417163,3
btc-updown-5m-1789443600,2026-09-15 03:40:00+00:00,1789443600,5m,8.14041,7.83173,6.95591,0.361111,2
btc-updown-15m-1789443900,2026-09-15 03:45:00+00:00,1789443900,15m,12.229,11.6507,11.1519,0.322421,2
btc-updown-5m-1789443900,2026-09-15 03:45:00+00:00,1789443900,5m,7.68826,7.37973,6.82914,0.334821,2
btc-updown-5m-1789444200,2026-09-15 03:50:00+00:00,1789444200,5m,7.39799,7.1123,6.76596,0.316964,2
btc-updown-5m-1789444500,2026-09-15 03:55:00+00:00,1789444500,5m,7.05036,6.738,6.3604,0.292659,2
btc-updown-15m-1789444800,2026-09-15 04:00:00+00:00,1789444800,15m,10.9255,10.4437,10.3801,0.277282,2
btc-updown-5m-1789444800,2026-09-15 04:00:00+00:00,1789444800,5m,6.9254,6.71818,6.35646,0.288194,2
btc-updown-5m-1789445100,2026-09-15 04:05:00+00:00,1789445100,5m,7.08881,6.82559,6.30665,0.295635,2
btc-updown-5m-1789445400,2026-09-15 04:10:00+00:00,1789445400,5m,8.43102,8.23592,7.55483,0.378968,2
btc-updown-15m-1789445700,2026-09-15 04:15:00+00:00,1789445700,15m,11.2351,10.6948,12.4634,0.289187,2
btc-updown-5m-1789445700,2026-09-15 04:15:00+00:00,1789445700,5m,7.74674,7.48807,7.63225,0.33879,2
btc-updown-5m-1789446000,2026-09-15 04:20:00+00:00,1789446000,5m,6.92635,6.6878,7.58928,0.288194,2
btc-updown-5m-1789446300,2026-09-15 04:25:00+00:00,1789446300,5m,6.36618,6.17792,7.08811,0.255456,2
btc-updown-15m-1789446600,2026-09-15 04:30:00+00:00,1789446600,15m,10.4281,10.0937,12.0384,0.258929,2
btc-updown-5m-1789446600,2026-09-15 04:30:00+00:00,1789446600,5m,7.02602,6.90426,7.37201,0.292659,2
btc-updown-5m-1789446900,2026-09-15 04:35:00+00:00,1789446900,5m,7.07964,6.94603,7.44398,0.294643,2
btc-updown-5m-1789447200,2026-09-15 04:40:00+00:00,1789447200,5m,6.76248,6.63176,7.46337,0.280258,2
btc-updown-15m-1789447500,2026-09-15 04:45:00+00:00,1789447500,15m,9.92376,9.64728,11.6351,0.239087,2
btc-updown-5m-1789447500,2026-09-15 04:45:00+00:00,1789447500,5m,6.86491,6.84714,7.12499,0.28621,2
btc-updown-5m-1789447800,2026-09-15 04:50:00+00:00,1789447800,5m,6.55169,6.41708,6.93782,0.268353,2
btc-updown-5m-1789448100,2026-09-15 04:55:00+00:00,1789448100,5m,5.90154,5.76672,6.40262,0.228175,2
btc-updown-15m-1789448400,2026-09-15 05:00:00+00:00,1789448400,15m,8.87318,8.57704,9.62387,0.199901,1
btc-updown-5m-1789448400,2026-09-15 05:00:00+00:00,1789448400,5m,6.01227,5.88461,5.89339,0.235615,2
btc-updown-5m-1789448700,2026-09-15 05:05:00+00:00,1789448700,5m,6.27435,6.12302,5.73606,0.249008,2
btc-updown-5m-1789449000,2026-09-15 05:10:00+00:00,1789449000,5m,6.87136,6.73924,5.81487,0.28621,2
btc-updown-15m-1789449300,2026-09-15 05:15:00+00:00,1789449300,15m,13.1603,12.9545,15.1279,0.367063,2
btc-updown-5m-1789449300,2026-09-15 05:15:00+00:00,1789449300,5m,9.79661,9.70976,9.26389,0.484127,3
btc-updown-5m-1789449600,2026-09-15 05:20:00+00:00,1789449600,5m,9.69933,9.526,10.5337,0.478671,3
btc-updown-5m-1789449900,2026-09-15 05:25:00+00:00,1789449900,5m,8.94522,8.79487,10.5784,0.417163,3
btc-updown-15m-1789450200,2026-09-15 05:30:00+00:00,1789450200,15m,11.8181,11.7744,16.3338,0.311508,2
btc-updown-5m-1789450200,2026-09-15 05:30:00+00:00,1789450200,5m,8.88287,8.74045,10.0024,0.41369,3
btc-updown-5m-1789450500,2026-09-15 05:35:00+00:00,1789450500,5m,8.5518,8.5169,9.20453,0.387897,2
btc-updown-5m-1789450800,2026-09-15 05:40:00+00:00,1789450800,5m,7.6974,7.50865,9.07297,0.335317,2
btc-updown-15m-1789451100,2026-09-15 05:45:00+00:00,1789451100,15m,11.1901,11.0465,15.2222,0.287698,2
btc-updown-5m-1789451100,2026-09-15 05:45:00+00:00,1789451100,5m,8.27512,8.08855,9.32168,0.370536,2
btc-updown-5m-1789451400,2026-09-15 05:50:00+00:00,1789451400,5m,7.58067,7.48273,8.67853,0.329861,2
btc-updown-5m-1789451700,2026-09-15 05:55:00+00:00,1789451700,5m,9.46607,9.36761,8.58803,0.459821,3
btc-updown-15m-1789452000,2026-09-15 06:00:00+00:00,1789452000,15m,15.5206,15.145,14.5398,0.471726,3
btc-updown-5m-1789452000,2026-09-15 06:00:00+00:00,1789452000,5m,10.0327,9.88064,8.90378,0.501984,3
btc-updown-5m-1789452300,2026-09-15 06:05:00+00:00,1789452300,5m,10.3401,10.0778,8.79032,0.521329,3
btc-updown-5m-1789452600,2026-09-15 06:10:00+00:00,1789452600,5m,8.55972,8.4228,8.51191,0.388889,2
btc-updown-15m-1789452900,2026-09-15 06:15:00+00:00,1789452900,15m,13.7882,13.5114,13.7773,0.391369,2
btc-updown-5m-1789452900,2026-09-15 06:15:00+00:00,1789452900,5m,8.4247,8.3526,8.43684,0.378968,2
btc-updown-5m-1789453200,2026-09-15 06:20:00+00:00,1789453200,5m,8.07422,8.0255,7.72922,0.357143,2
btc-updown-5m-1789453500,2026-09-15 06:25:00+00:00,1789453500,5m,8.11946,8.14997,8.0295,0.360119,2
btc-updown-15m-1789453800,2026-09-15 06:30:00+00:00,1789453800,15m,12.9859,12.7846,12.7155,0.357143,2
btc-updown-5m-1789453800,2026-09-15 06:30:00+00:00,1789453800,5m,8.38897,8.34338,7.78662,0.376488,2
btc-updown-5m-1789454100,2026-09-15 06:35:00+00:00,1789454100,5m,7.97781,7.93459,7.31508,0.353175,2
btc-updown-5m-1789454400,2026-09-15 06:40:00+00:00,1789454400,5m,7.48491,7.43319,6.80206,0.324405,2
btc-updown-15m-1789454700,2026-09-15 06:45:00+00:00,1789454700,15m,11.8435,11.5695,10.591,0.311508,2
btc-updown-5m-1789454700,2026-09-15 06:45:00+00:00,1789454700,5m,7.47558,7.38578,6.48565,0.323413,2
btc-updown-5m-1789455000,2026-09-15 06:50:00+00:00,1789455000,5m,7.52154,7.52369,6.59187,0.325893,2
btc-updown-5m-1789455300,2026-09-15 06:55:00+00:00,1789455300,5m,8.34833,8.39516,7.69789,0.373512,2
btc-updown-15m-1789455600,2026-09-15 07:00:00+00:00,1789455600,15m,12.3442,12.088,12.2578,0.328373,2
btc-updown-5m-1789455600,2026-09-15 07:00:00+00:00,1789455600,5m,7.83124,7.79478,7.50635,0.34375,2
btc-updown-5m-1789455900,2026-09-15 07:05:00+00:00,1789455900,5m,7.92913,7.84812,7.73322,0.34871,2
btc-updown-5m-1789456200,2026-09-15 07:10:00+00:00,1789456200,5m,8.08631,8.09574,8.21197,0.358135,2
btc-updown-15m-1789456500,2026-09-15 07:15:00+00:00,1789456500,15m,11.6564,11.4287,14.4123,0.304563,2
btc-updown-5m-1789456500,2026-09-15 07:15:00+00:00,1789456500,5m,7.74127,7.72885,8.82572,0.338294,2
btc-updown-5m-1789456800,2026-09-15 07:20:00+00:00,1789456800,5m,7.58038,7.57581,9.07934,0.329861,2
btc-updown-5m-1789457100,2026-09-15 07:25:00+00:00,1789457100,5m,7.68705,7.65991,8.81152,0.334821,2
btc-updown-15m-1789457400,2026-09-15 07:30:00+00:00,1789457400,15m,11.0999,10.8974,13.6785,0.284722,2
btc-updown-5m-1789457400,2026-09-15 07:30:00+00:00,1789457400,5m,7.82392,7.7374,8.37633,0.34375,2
btc-updown-5m-1789457700,2026-09-15 07:35:00+00:00,1789457700,5m,7.90905,7.84794,8.29764,0.348214,2
btc-updown-5m-1789458000,2026-09-15 07:40:00+00:00,1789458000,5m,8.32741,8.26105,9.4117,0.372024,2
btc-updown-15m-1789458300,2026-09-15 07:45:00+00:00,1789458300,15m,12.581,12.3736,16.6477,0.337302,2
btc-updown-5m-1789458300,2026-09-15 07:45:00+00:00,1789458300,5m,8.88157,8.7634,10.1946,0.41369,3
btc-updown-5m-1789458600,2026-09-15 07:50:00+00:00,1789458600,5m,8.83264,8.7826,10.2236,0.410218,3
btc-updown-5m-1789458900,2026-09-15 07:55:00+00:00,1789458900,5m,10.3883,10.3401,10.0109,0.524306,3
btc-updown-15m-1789459200,2026-09-15 08:00:00+00:00,1789459200,15m,15.0306,14.9859,15.1642,0.453869,3
btc-updown-5m-1789459200,2026-09-15 08:00:00+00:00,1789459200,5m,9.22013,9.25702,9.28617,0.4375,3
btc-updown-5m-1789459500,2026-09-15 08:05:00+00:00,1789459500,5m,9.23359,9.23011,9.20342,0.438988,3
btc-updown-5m-1789459800,2026-09-15 08:10:00+00:00,1789459800,5m,10.0468,10.0218,9.44467,0.501984,3
btc-updown-15m-1789460100,2026-09-15 08:15:00+00:00,1789460100,15m,16.0218,15.8863,15.3761,0.49504,3
btc-updown-5m-1789460100,2026-09-15 08:15:00+00:00,1789460100,5m,9.3868,9.42435,9.41589,0.451885,3
btc-updown-5m-1789460400,2026-09-15 08:20:00+00:00,1789460400,5m,9.88298,9.77236,10.46,0.490079,3
btc-updown-5m-1789460700,2026-09-15 08:25:00+00:00,1789460700,5m,9.36284,9.37928,10.5644,0.449901,3
btc-updown-15m-1789461000,2026-09-15 08:30:00+00:00,1789461000,15m,14.0144,13.824,17.0732,0.402282,3
btc-updown-5m-1789461000,2026-09-15 08:30:00+00:00,1789461000,5m,9.09174,9.11174,10.4552,0.429563,3
btc-updown-5m-1789461300,2026-09-15 08:35:00+00:00,1789461300,5m,8.53282,8.46091,9.51175,0.386905,2
btc-updown-5m-1789461600,2026-09-15 08:40:00+00:00,1789461600,5m,8.31155,8.28466,8.74781,0.371528,2
btc-updown-15m-1789461900,2026-09-15 08:45:00+00:00,1789461900,15m,13.1552,13.0497,13.3763,0.366567,2
btc-updown-5m-1789461900,2026-09-15 08:45:00+00:00,1789461900,5m,8.10183,8.15894,8.19127,0.359127,2
btc-updown-5m-1789462200,2026-09-15 08:50:00+00:00,1789462200,5m,8.11252,8.11651,8.25611,0.360119,2
btc-updown-5m-1789462500,2026-09-15 08:55:00+00:00,1789462500,5m,8.26849,8.29514,9.06941,0.370536,2
btc-updown-15m-1789462800,2026-09-15 09:00:00+00:00,1789462800,15m,12.7465,12.555,13.5676,0.342758,2
btc-updown-5m-1789462800,2026-09-15 09:00:00+00:00,1789462800,5m,7.89241,7.90046,8.30841,0.347222,2
btc-updown-5m-1789463100,2026-09-15 09:05:00+00:00,1789463100,5m,8.12744,8.19722,8.70942,0.360615,2
btc-updown-5m-1789463400,2026-09-15 09:10:00+00:00,1789463400,5m,7.84445,7.88057,8.0388,0.34375,2
btc-updown-15m-1789463700,2026-09-15 09:15:00+00:00,1789463700,15m,12.2968,12.1291,13.0298,0.326885,2
btc-updown-5m-1789463700,2026-09-15 09:15:00+00:00,1789463700,5m,7.91128,7.961,7.9791,0.348214,2
btc-updown-5m-1789464000,2026-09-15 09:20:00+00:00,1789464000,5m,8.03348,8.12586,8.27957,0.355159,2
btc-updown-5m-1789464300,2026-09-15 09:25:00+00:00,1789464300,5m,7.82791,7.84372,7.99454,0.34375,2
btc-updown-15m-1789464600,2026-09-15 09:30:00+00:00,1789464600,15m,12.7649,12.6215,12.4112,0.344246,2
btc-updown-5m-1789464600,2026-09-15 09:30:00+00:00,1789464600,5m,7.8224,7.87552,7.60031,0.34375,2
btc-updown-5m-1789464900,2026-09-15 09:35:00+00:00,1789464900,5m,7.46544,7.44915,7.27609,0.321925,2
btc-updown-5m-1789465200,2026-09-15 09:40:00+00:00,1789465200,5m,7.7955,7.73823,7.90852,0.34375,2
btc-updown-15m-1789465500,2026-09-15 09:45:00+00:00,1789465500,15m,12.3341,12.1753,11.8131,0.327877,2
btc-updown-5m-1789465500,2026-09-15 09:45:00+00:00,1789465500,5m,7.7022,7.71858,7.23399,0.335813,2
btc-updown-5m-1789465800,2026-09-15 09:50:00+00:00,1789465800,5m,8.41869,8.36667,7.45036,0.378472,2
btc-updown-5m-1789466100,2026-09-15 09:55:00+00:00,1789466100,5m,7.99605,8.089,7.40341,0.354167,2
btc-updown-15m-1789466400,2026-09-15 10:00:00+00:00,1789466400,15m,13.3897,13.3332,12.1894,0.375,2
btc-updown-5m-1789466400,2026-09-15 10:00:00+00:00,1789466400,5m,7.80567,7.89252,7.46447,0.34375,2
btc-updown-5m-1789466700,2026-09-15 10:05:00+00:00,1789466700,5m,7.95706,8.02145,8.648,0.351687,2
btc-updown-5m-1789467000,2026-09-15 10:10:00+00:00,1789467000,5m,9.73978,9.6619,9.96516,0.480655,3
btc-updown-15m-1789467300,2026-09-15 10:15:00+00:00,1789467300,15m,14.2462,14.1623,15.5965,0.411706,3
btc-updown-5m-1789467300,2026-09-15 10:15:00+00:00,1789467300,5m,8.39999,8.45658,9.55086,0.37748,2
btc-updown-5m-1789467600,2026-09-15 10:20:00+00:00,1789467600,5m,8.12496,8.1728,8.71283,0.360119,2
btc-updown-5m-1789467900,2026-09-15 10:25:00+00:00,1789467900,5m,8.2272,8.33571,9.29092,0.366567,2
btc-updown-15m-1789468200,2026-09-15 10:30:00+00:00,1789468200,15m,14.5473,14.4813,16.9744,0.427579,3
btc-updown-5m-1789468200,2026-09-15 10:30:00+00:00,1789468200,5m,8.86283,8.9545,10.3947,0.413194,3
btc-updown-5m-1789468500,2026-09-15 10:35:00+00:00,1789468500,5m,9.60551,9.61959,10.1769,0.471726,3
btc-updown-5m-1789468800,2026-09-15 10:40:00+00:00,1789468800,5m,8.50026,8.56591,9.56905,0.383929,2
btc-updown-15m-1789469100,2026-09-15 10:45:00+00:00,1789469100,15m,14.4033,14.258,14.6089,0.419147,3
btc-updown-5m-1789469100,2026-09-15 10:45:00+00:00,1789469100,5m,8.40603,8.44768,8.9461,0.37748,2
btc-updown-5m-1789469400,2026-09-15 10:50:00+00:00,1789469400,5m,8.96104,8.97819,9.10896,0.417659,3
btc-updown-5m-1789469700,2026-09-15 10:55:00+00:00,1789469700,5m,11.1664,11.1088,11.5997,0.574901,3
btc-updown-15m-1789470000,2026-09-15 11:00:00+00:00,1789470000,15m,17.5826,17.4326,19.1019,0.563988,3
btc-updown-5m-1789470000,2026-09-15 11:00:00+00:00,1789470000,5m,10.4981,10.5158,11.6975,0.528274,3
btc-updown-5m-1789470300,2026-09-15 11:05:00+00:00,1789470300,5m,10.2988,10.2218,11.0538,0.520337,3
btc-updown-5m-1789470600,2026-09-15 11:10:00+00:00,1789470600,5m,9.60481,9.58264,10.4624,0.471726,3
btc-updown-15m-1789470900,2026-09-15 11:15:00+00:00,1789470900,15m,18.1138,17.6978,19.4663,0.588294,3
btc-updown-5m-1789470900,2026-09-15 11:15:00+00:00,1789470900,5m,11.0205,10.9188,11.9206,0.562996,3
btc-updown-5m-1789471200,2026-09-15 11:20:00+00:00,1789471200,5m,10.2211,10.1596,11.1918,0.513393,3
btc-updown-5m-1789471500,2026-09-15 11:25:00+00:00,1789471500,5m,9.12701,9.29441,10.6372,0.432044,3
btc-updown-15m-1789471800,2026-09-15 11:30:00+00:00,1789471800,15m,15.4749,15.3011,15.8588,0.469742,3
btc-updown-5m-1789471800,2026-09-15 11:30:00+00:00,1789471800,5m,8.90888,8.91858,9.71151,0.415675,3
btc-updown-5m-1789472100,2026-09-15 11:35:00+00:00,1789472100,5m,8.72808,8.84445,9.17522,0.402282,3
btc-updown-5m-1789472400,2026-09-15 11:40:00+00:00,1789472400,5m,8.69622,8.80698,8.62995,0.400298,3
btc-updown-15m-1789472700,2026-09-15 11:45:00+00:00,1789472700,15m,15.1281,14.9091,14.7857,0.459325,3
btc-updown-5m-1789472700,2026-09-15 11:45:00+00:00,1789472700,5m,8.78568,8.83783,9.05435,0.407738,3
btc-updown-5m-1789473000,2026-09-15 11:50:00+00:00,1789473000,5m,8.33585,8.33785,8.65314,0.37252,2
btc-updown-5m-1789473300,2026-09-15 11:55:00+00:00,1789473300,5m,8.60148,8.6537,9.1335,0.391369,2
btc-updown-15m-1789473600,2026-09-15 12:00:00+00:00,1789473600,15m,15.7812,15.6955,14.2591,0.484127,3
btc-updown-5m-1789473600,2026-09-15 12:00:00+00:00,1789473600,5m,9.18864,9.19991,8.73185,0.435516,3
btc-updown-5m-1789473900,2026-09-15 12:05:00+00:00,1789473900,5m,8.7389,8.69843,8.36766,0.402778,3
btc-updown-5m-1789474200,2026-09-15 12:10:00+00:00,1789474200,5m,8.5296,8.49573,8.11369,0.386409,2
btc-updown-15m-1789474500,2026-09-15 12:15:00+00:00,1789474500,15m,12.9672,12.7687,14.5614,0.356647,2
btc-updown-5m-1789474500,2026-09-15 12:15:00+00:00,1789474500,5m,8.39234,8.39155,8.91697,0.376488,2
btc-updown-5m-1789474800,2026-09-15 12:20:00+00:00,1789474800,5m,8.64083,8.59403,8.7717,0.394841,2
btc-updown-5m-1789475100,2026-09-15 12:25:00+00:00,1789475100,5m,8.73514,8.76931,8.30603,0.402778,3
btc-updown-15m-1789475400,2026-09-15 12:30:00+00:00,1789475400,15m,13.4517,13.1977,13.1574,0.376984,2
btc-updown-5m-1789475400,2026-09-15 12:30:00+00:00,1789475400,5m,8.50654,8.47836,8.0572,0.383929,2
btc-updown-5m-1789475700,2026-09-15 12:35:00+00:00,1789475700,5m,8.86055,8.92134,8.0667,0.413194,3
btc-updown-5m-1789476000,2026-09-15 12:40:00+00:00,1789476000,5m,8.16002,8.13547,8.26364,0.362103,2
btc-updown-15m-1789476300,2026-09-15 12:45:00+00:00,1789476300,15m,12.4017,12.1067,12.7101,0.331349,2
btc-updown-5m-1789476300,2026-09-15 12:45:00+00:00,1789476300,5m,7.7692,7.72682,7.78334,0.340774,2
btc-updown-5m-1789476600,2026-09-15 12:50:00+00:00,1789476600,5m,7.85663,7.85337,7.7109,0.345238,2
btc-updown-5m-1789476900,2026-09-15 12:55:00+00:00,1789476900,5m,8.99999,9.01391,7.69285,0.422619,3
btc-updown-15m-1789477200,2026-09-15 13:00:00+00:00,1789477200,15m,17.711,17.2282,18.8561,0.567956,3
btc-updown-5m-1789477200,2026-09-15 13:00:00+00:00,1789477200,5m,11.82,11.6956,11.547,0.616567,4
btc-updown-5m-1789477500,2026-09-15 13:05:00+00:00,1789477500,5m,9.63905,9.52695,11.9558,0.474206,3
btc-updown-5m-1789477800,2026-09-15 13:10:00+00:00,1789477800,5m,10.4825,10.3202,12.1423,0.527778,3
btc-updown-15m-1789478100,2026-09-15 13:15:00+00:00,1789478100,15m,15.6204,15.0336,19.0917,0.476687,3
btc-updown-5m-1789478100,2026-09-15 13:15:00+00:00,1789478100,5m,10.1896,10.0577,11.6912,0.511905,3
btc-updown-5m-1789478400,2026-09-15 13:20:00+00:00,1789478400,5m,9.40196,9.2974,11.6183,0.452877,3
btc-updown-5m-1789478700,2026-09-15 13:25:00+00:00,1789478700,5m,8.88923,8.75292,10.7327,0.41369,3
btc-updown-15m-1789479000,2026-09-15 13:30:00+00:00,1789479000,15m,13.7887,13.4137,17.4911,0.391369,2
btc-updown-5m-1789479000,2026-09-15 13:30:00+00:00,1789479000,5m,8.96901,8.9282,10.7111,0.419643,3
btc-updown-5m-1789479300,2026-09-15 13:35:00+00:00,1789479300,5m,10.4682,10.3442,13.7693,0.527282,3
btc-updown-5m-1789479600,2026-09-15 13:40:00+00:00,1789479600,5m,38.551,38.1766,18.6487,0.991071,5
btc-updown-15m-1789479900,2026-09-15 13:45:00+00:00,1789479900,15m,45.6518,44.1106,34.7579,0.953373,5
btc-updown-5m-1789479900,2026-09-15 13:45:00+00:00,1789479900,5m,26.7404,25.4631,21.2848,0.952381,5
btc-updown-5m-1789480200,2026-09-15 13:50:00+00:00,1789480200,5m,20.4269,19.6048,20.55,0.892361,5
btc-updown-5m-1789480500,2026-09-15 13:55:00+00:00,1789480500,5m,20.1983,19.7996,20.8428,0.891369,5
btc-updown-15m-1789480800,2026-09-15 14:00:00+00:00,1789480800,15m,32.2058,32.106,34.2591,0.881944,5
btc-updown-5m-1789480800,2026-09-15 14:00:00+00:00,1789480800,5m,22.063,21.8911,20.9793,0.915179,5
btc-updown-5m-1789481100,2026-09-15 14:05:00+00:00,1789481100,5m,24.3904,23.9716,22.2029,0.936012,5
btc-updown-5m-1789481400,2026-09-15 14:10:00+00:00,1789481400,5m,21.8978,21.4511,22.5156,0.913194,5
btc-updown-15m-1789481700,2026-09-15 14:15:00+00:00,1789481700,15m,33.4056,32.0864,35.732,0.891865,5
btc-updown-5m-1789481700,2026-09-15 14:15:00+00:00,1789481700,5m,22.0091,21.1787,21.8813,0.915179,5
btc-updown-5m-1789482000,2026-09-15 14:20:00+00:00,1789482000,5m,22.1111,21.3215,22.0433,0.915675,5
btc-updown-5m-1789482300,2026-09-15 14:25:00+00:00,1789482300,5m,18.0389,17.845,21.0743,0.854663,5
btc-updown-15m-1789482600,2026-09-15 14:30:00+00:00,1789482600,15m,24.4714,23.1858,31.5884,0.761409,4
btc-updown-5m-1789482600,2026-09-15 14:30:00+00:00,1789482600,5m,16.7684,16.1965,19.3439,0.826389,5
btc-updown-5m-1789482900,2026-09-15 14:35:00+00:00,1789482900,5m,18.7948,18.4276,19.4786,0.869544,5
btc-updown-5m-1789483200,2026-09-15 14:40:00+00:00,1789483200,5m,23.4642,23.0437,21.2805,0.926587,5
btc-updown-15m-1789483500,2026-09-15 14:45:00+00:00,1789483500,15m,43.8251,42.695,37.5567,0.946429,5
btc-updown-5m-1789483500,2026-09-15 14:45:00+00:00,1789483500,5m,27.4337,27.0757,22.9987,0.956845,5
btc-updown-5m-1789483800,2026-09-15 14:50:00+00:00,1789483800,5m,29.1261,28.4014,22.7997,0.965278,5
btc-updown-5m-1789484100,2026-09-15 14:55:00+00:00,1789484100,5m,28.2945,28.0309,23.4143,0.962302,5
btc-updown-15m-1789484400,2026-09-15 15:00:00+00:00,1789484400,15m,40.6704,39.4227,37.9284,0.933036,5
btc-updown-5m-1789484400,2026-09-15 15:00:00+00:00,1789484400,5m,24.6038,24.2744,23.2263,0.937996,5
btc-updown-5m-1789484700,2026-09-15 15:05:00+00:00,1789484700,5m,23.6193,23.5635,23.6605,0.927579,5
btc-updown-5m-1789485000,2026-09-15 15:10:00+00:00,1789485000,5m,23.5988,23.2552,22.1741,0.927579,5
btc-updown-15m-1789485300,2026-09-15 15:15:00+00:00,1789485300,15m,32.6905,31.2289,32.8369,0.887897,5
btc-updown-5m-1789485300,2026-09-15 15:15:00+00:00,1789485300,5m,19.3678,18.9394,20.1084,0.878968,5
btc-updown-5m-1789485600,2026-09-15 15:20:00+00:00,1789485600,5m,18.763,18.403,19.2748,0.868056,5
btc-updown-5m-1789485900,2026-09-15 15:25:00+00:00,1789485900,5m,15.4231,14.7393,18.2699,0.782242,4
btc-updown-15m-1789486200,2026-09-15 15:30:00+00:00,1789486200,15m,37.0578,35.4035,39.7324,0.914187,5
btc-updown-5m-1789486200,2026-09-15 15:30:00+00:00,1789486200,5m,22.7584,21.586,24.331,0.919147,5
btc-updown-5m-1789486500,2026-09-15 15:35:00+00:00,1789486500,5m,20.014,19.4826,22.8454,0.889881,5
btc-updown-5m-1789486800,2026-09-15 15:40:00+00:00,1789486800,5m,19.7336,19.2519,22.7354,0.887897,5
btc-updown-15m-1789487100,2026-09-15 15:45:00+00:00,1789487100,15m,28.9507,26.7965,33.7627,0.845238,5
btc-updown-5m-1789487100,2026-09-15 15:45:00+00:00,1789487100,5m,17.8812,16.3512,20.6753,0.853671,5
btc-updown-5m-1789487400,2026-09-15 15:50:00+00:00,1789487400,5m,14.829,13.3492,18.9311,0.763889,4
btc-updown-5m-1789487700,2026-09-15 15:55:00+00:00,1789487700,5m,14.7677,13.3689,18.9273,0.762897,4
btc-updown-15m-1789488000,2026-09-15 16:00:00+00:00,1789488000,15m,26.1566,24.1614,33.9837,0.803571,5
btc-updown-5m-1789488000,2026-09-15 16:00:00+00:00,1789488000,5m,17.1414,15.9784,20.8107,0.834325,5
btc-updown-5m-1789488300,2026-09-15 16:05:00+00:00,1789488300,5m,16.0291,15.1703,20.2106,0.804067,5
btc-updown-5m-1789488600,2026-09-15 16:10:00+00:00,1789488600,5m,16.442,15.6976,18.8027,0.818948,5
btc-updown-15m-1789488900,2026-09-15 16:15:00+00:00,1789488900,15m,26.963,25.3768,29.1325,0.819444,5
btc-updown-5m-1789488900,2026-09-15 16:15:00+00:00,1789488900,5m,17.0393,16.4663,17.84,0.833333,5
btc-updown-5m-1789489200,2026-09-15 16:20:00+00:00,1789489200,5m,15.2474,14.5375,17.0405,0.778274,4
btc-updown-5m-1789489500,2026-09-15 16:25:00+00:00,1789489500,5m,12.3335,11.8763,15.776,0.651786,4
btc-updown-15m-1789489800,2026-09-15 16:30:00+00:00,1789489800,15m,19.6858,18.54,24.7166,0.635417,4
btc-updown-5m-1789489800,2026-09-15 16:30:00+00:00,1789489800,5m,12.3476,12.0278,15.1358,0.652778,4
btc-updown-5m-1789490100,2026-09-15 16:35:00+00:00,1789490100,5m,12.159,11.7199,14.1609,0.644345,4
btc-updown-5m-1789490400,2026-09-15 16:40:00+00:00,1789490400,5m,11.9782,11.6016,13.4868,0.631448,4
btc-updown-15m-1789490700,2026-09-15 16:45:00+00:00,1789490700,15m,20.1463,18.8422,20.9282,0.647817,4
btc-updown-5m-1789490700,2026-09-15 16:45:00+00:00,1789490700,5m,12.3444,11.9347,12.8159,0.652282,4
btc-updown-5m-1789491000,2026-09-15 16:50:00+00:00,1789491000,5m,10.4743,9.98257,11.7763,0.527282,3
btc-updown-5m-1789491300,2026-09-15 16:55:00+00:00,1789491300,5m,10.542,10.1625,11.3611,0.53125,3
btc-updown-15m-1789491600,2026-09-15 17:00:00+00:00,1789491600,15m,16.3244,15.2713,18.1847,0.506448,3
btc-updown-5m-1789491600,2026-09-15 17:00:00+00:00,1789491600,5m,10.1286,9.73891,11.1358,0.508929,3
btc-updown-5m-1789491900,2026-09-15 17:05:00+00:00,1789491900,5m,10.8281,10.449,12.314,0.551091,3
btc-updown-5m-1789492200,2026-09-15 17:10:00+00:00,1789492200,5m,14.3129,14.2133,12.3118,0.739087,4
btc-updown-15m-1789492500,2026-09-15 17:15:00+00:00,1789492500,15m,20.3227,19.5167,19.1326,0.65625,4
btc-updown-5m-1789492500,2026-09-15 17:15:00+00:00,1789492500,5m,12.4731,12.3728,11.7163,0.660218,4
btc-updown-5m-1789492800,2026-09-15 17:20:00+00:00,1789492800,5m,11.2155,10.9659,11.1441,0.578869,3
btc-updown-5m-1789493100,2026-09-15 17:25:00+00:00,1789493100,5m,10.703,10.4284,10.9272,0.542163,3
btc-updown-15m-1789493400,2026-09-15 17:30:00+00:00,1789493400,15m,20.6639,20.0023,18.8765,0.665675,4
btc-updown-5m-1789493400,2026-09-15 17:30:00+00:00,1789493400,5m,12.977,12.7214,11.5594,0.685516,4
btc-updown-5m-1789493700,2026-09-15 17:35:00+00:00,1789493700,5m,26.3973,25.3122,19.066,0.949405,5
btc-updown-5m-1789494000,2026-09-15 17:40:00+00:00,1789494000,5m,30.5539,29.456,27.4598,0.969742,5
btc-updown-15m-1789494300,2026-09-15 17:45:00+00:00,1789494300,15m,35.1863,33.2201,42.7507,0.903274,5
btc-updown-5m-1789494300,2026-09-15 17:45:00+00:00,1789494300,5m,23.4655,22.0776,26.1794,0.926587,5
btc-updown-5m-1789494600,2026-09-15 17:50:00+00:00,1789494600,5m,25.2927,23.0562,25.2898,0.941964,5
btc-updown-5m-1789494900,2026-09-15 17:55:00+00:00,1789494900,5m,17.8076,15.5824,23.411,0.850694,5
btc-updown-15m-1789495200,2026-09-15 18:00:00+00:00,1789495200,15m,22.8476,19.4186,36.8877,0.727183,4
btc-updown-5m-1789495200,2026-09-15 18:00:00+00:00,1789495200,5m,13.8556,11.8648,22.589,0.719246,4
btc-updown-5m-1789495500,2026-09-15 18:05:00+00:00,1789495500,5m,14.3582,12.5716,21.3515,0.741071,4
btc-updown-5m-1789495800,2026-09-15 18:10:00+00:00,1789495800,5m,15.0909,13.7282,20.638,0.771825,4
btc-updown-15m-1789496100,2026-09-15 18:15:00+00:00,1789496100,15m,19.6724,17.7988,30.5659,0.634921,4
btc-updown-5m-1789496100,2026-09-15 18:15:00+00:00,1789496100,5m,11.0335,10.1699,18.7177,0.563988,3
btc-updown-5m-1789496400,2026-09-15 18:20:00+00:00,1789496400,5m,25.8386,25.1507,22.0424,0.945933,5
btc-updown-5m-1789496700,2026-09-15 18:25:00+00:00,1789496700,5m,19.0425,18.0489,20.7502,0.875,5
btc-updown-15m-1789497000,2026-09-15 18:30:00+00:00,1789497000,15m,28.3744,27.4544,34.8658,0.83631,5
btc-updown-5m-1789497000,2026-09-15 18:30:00+00:00,1789497000,5m,19.6556,19.0532,21.3509,0.886409,5
btc-updown-5m-1789497300,2026-09-15 18:35:00+00:00,1789497300,5m,40.7781,41.5113,31.546,0.99256,5
btc-updown-5m-1789497600,2026-09-15 18:40:00+00:00,1789497600,5m,28.0471,27.8122,36.6331,0.960813,5
btc-updown-15m-1789497900,2026-09-15 18:45:00+00:00,1789497900,15m,55.5942,53.6848,63.694,0.978175,5
btc-updown-5m-1789497900,2026-09-15 18:45:00+00:00,1789497900,5m,37.8206,36.0605,39.0045,0.990079,5
btc-updown-5m-1789498200,2026-09-15 18:50:00+00:00,1789498200,5m,66.0144,61.7953,43.1218,0.99752,5
btc-updown-5m-1789498500,2026-09-15 18:55:00+00:00,1789498500,5m,57.4397,56.4079,44.8716,0.99752,5
btc-updown-15m-1789498800,2026-09-15 19:00:00+00:00,1789498800,15m,81.028,78.4898,74.5474,0.995536,5
btc-updown-5m-1789498800,2026-09-15 19:00:00+00:00,1789498800,5m,49.7718,47.1354,45.6508,0.99504,5
btc-updown-5m-1789499100,2026-09-15 19:05:00+00:00,1789499100,5m,45.7694,43.5177,43.8596,0.994544,5
btc-updown-5m-1789499400,2026-09-15 19:10:00+00:00,1789499400,5m,38.6013,36.0948,41.3884,0.991071,5
btc-updown-15m-1789499700,2026-09-15 19:15:00+00:00,1789499700,15m,44.7291,40.0914,61.4743,0.951389,5
btc-updown-5m-1789499700,2026-09-15 19:15:00+00:00,1789499700,5m,27.612,25.0505,37.6452,0.958829,5
btc-updown-5m-1789500000,2026-09-15 19:20:00+00:00,1789500000,5m,29.2721,26.4252,36.5445,0.965774,5
btc-updown-5m-1789500300,2026-09-15 19:25:00+00:00,1789500300,5m,24.0715,22.064,34.0078,0.93254,5
btc-updown-15m-1789500600,2026-09-15 19:30:00+00:00,1789500600,15m,40.8351,35.876,51.7293,0.936012,5
btc-updown-5m-1789500600,2026-09-15 19:30:00+00:00,1789500600,5m,25.1969,22.9444,31.6776,0.941468,5
btc-updown-5m-1789500900,2026-09-15 19:35:00+00:00,1789500900,5m,24.8958,22.8239,29.8376,0.940476,5
btc-updown-5m-1789501200,2026-09-15 19:40:00+00:00,1789501200,5m,24.0916,22.5239,28.3364,0.93254,5
btc-updown-15m-1789501500,2026-09-15 19:45:00+00:00,1789501500,15m,35.0918,31.6429,43.855,0.902778,5
btc-updown-5m-1789501500,2026-09-15 19:45:00+00:00,1789501500,5m,20.9893,19.1039,26.8556,0.899802,5
btc-updown-5m-1789501800,2026-09-15 19:50:00+00:00,1789501800,5m,17.9198,16.7634,24.8021,0.853671,5
btc-updown-5m-1789502100,2026-09-15 19:55:00+00:00,1789502100,5m,16.4475,15.2738,23.2073,0.818948,5
btc-updown-15m-1789502400,2026-09-15 20:00:00+00:00,1789502400,15m,31.3178,30.0025,35.2877,0.875,5
btc-updown-5m-1789502400,2026-09-15 20:00:00+00:00,1789502400,5m,17.8539,16.8693,21.6092,0.852183,5
btc-updown-5m-1789502700,2026-09-15 20:05:00+00:00,1789502700,5m,19.2165,18.2571,20.5975,0.87748,5
btc-updown-5m-1789503000,2026-09-15 20:10:00+00:00,1789503000,5m,22.2028,21.0397,19.2676,0.915675,5
btc-updown-15m-1789503300,2026-09-15 20:15:00+00:00,1789503300,15m,29.8668,27.5808,31.2825,0.857639,5
btc-updown-5m-1789503300,2026-09-15 20:15:00+00:00,1789503300,5m,17.7494,16.6958,19.1565,0.848214,5
btc-updown-5m-1789503600,2026-09-15 20:20:00+00:00,1789503600,5m,17.1216,16.0679,18.3094,0.834325,5
btc-updown-5m-1789503900,2026-09-15 20:25:00+00:00,1789503900,5m,19.0446,18.0127,17.3546,0.875,5
btc-updown-15m-1789504200,2026-09-15 20:30:00+00:00,1789504200,15m,30.808,29.6432,26.486,0.87252,5
btc-updown-5m-1789504200,2026-09-15 20:30:00+00:00,1789504200,5m,17.096,16.1133,16.2193,0.834325,5
btc-updown-5m-1789504500,2026-09-15 20:35:00+00:00,1789504500,5m,23.6459,22.3743,19.402,0.928075,5
btc-updown-5m-1789504800,2026-09-15 20:40:00+00:00,1789504800,5m,19.9142,19.1092,17.9367,0.889385,5
btc-updown-15m-1789505100,2026-09-15 20:45:00+00:00,1789505100,15m,32.3062,30.7925,28.6247,0.883433,5
btc-updown-5m-1789505100,2026-09-15 20:45:00+00:00,1789505100,5m,18.3986,17.6758,17.529,0.861607,5
btc-updown-5m-1789505400,2026-09-15 20:50:00+00:00,1789505400,5m,16.8457,15.762,16.5149,0.828373,5
btc-updown-5m-1789505700,2026-09-15 20:55:00+00:00,1789505700,5m,15.5781,14.8629,16.0199,0.787202,4
btc-updown-15m-1789506000,2026-09-15 21:00:00+00:00,1789506000,15m,26.8084,25.1577,24.2931,0.814484,5
btc-updown-5m-1789506000,2026-09-15 21:00:00+00:00,1789506000,5m,15.0442,14.1648,14.8764,0.770833,4
btc-updown-5m-1789506300,2026-09-15 21:05:00+00:00,1789506300,5m,18.4815,17.6321,15.4948,0.863591,5
btc-updown-5m-1789506600,2026-09-15 21:10:00+00:00,1789506600,5m,18.2351,17.281,15.1238,0.858631,5
btc-updown-15m-1789506900,2026-09-15 21:15:00+00:00,1789506900,15m,34.8822,33.4179,25.2157,0.900298,5
btc-updown-5m-1789506900,2026-09-15 21:15:00+00:00,1789506900,5m,21.5243,20.7575,15.4414,0.910218,5
btc-updown-5m-1789507200,2026-09-15 21:20:00+00:00,1789507200,5m,16.7195,15.893,15.6608,0.825397,5
btc-updown-5m-1789507500,2026-09-15 21:25:00+00:00,1789507500,5m,16.8293,15.8628,15.7861,0.827877,5
btc-updown-15m-1789507800,2026-09-15 21:30:00+00:00,1789507800,15m,31.8408,29.8651,25.0398,0.87996,5
btc-updown-5m-1789507800,2026-09-15 21:30:00+00:00,1789507800,5m,18.3513,17.5007,15.3337,0.860615,5
btc-updown-5m-1789508100,2026-09-15 21:35:00+00:00,1789508100,5m,15.7555,15.0952,14.7825,0.795139,4
btc-updown-5m-1789508400,2026-09-15 21:40:00+00:00,1789508400,5m,15.7406,15.0247,15.6085,0.795139,4
btc-updown-15m-1789508700,2026-09-15 21:45:00+00:00,1789508700,15m,29.2624,27.7983,23.6429,0.850198,5
btc-updown-5m-1789508700,2026-09-15 21:45:00+00:00,1789508700,5m,15.9641,15.3646,14.4783,0.802579,5
btc-updown-5m-1789509000,2026-09-15 21:50:00+00:00,1789509000,5m,14.6578,13.9087,13.6361,0.758929,4
btc-updown-5m-1789509300,2026-09-15 21:55:00+00:00,1789509300,5m,14.7661,13.8599,13.889,0.762897,4
btc-updown-15m-1789509600,2026-09-15 22:00:00+00:00,1789509600,15m,30.3451,28.3221,22.4674,0.867063,5
btc-updown-5m-1789509600,2026-09-15 22:00:00+00:00,1789509600,5m,16.0282,15.2706,13.7584,0.804067,5
btc-updown-5m-1789509900,2026-09-15 22:05:00+00:00,1789509900,5m,16.7242,15.7762,15.3579,0.825397,5
btc-updown-5m-1789510200,2026-09-15 22:10:00+00:00,1789510200,5m,15.2882,14.6095,14.5831,0.779762,4
btc-updown-15m-1789510500,2026-09-15 22:15:00+00:00,1789510500,15m,28.3793,26.5434,23.8287,0.83631,5
btc-updown-5m-1789510500,2026-09-15 22:15:00+00:00,1789510500,5m,15.2732,14.4901,14.5921,0.779266,4
btc-updown-5m-1789510800,2026-09-15 22:20:00+00:00,1789510800,5m,18.8055,17.9606,14.7726,0.87004,5
btc-updown-5m-1789511100,2026-09-15 22:25:00+00:00,1789511100,5m,14.5309,13.64,13.7391,0.753472,4
btc-updown-15m-1789511400,2026-09-15 22:30:00+00:00,1789511400,15m,37.4442,35.9954,27.2098,0.916171,5
btc-updown-5m-1789511400,2026-09-15 22:30:00+00:00,1789511400,5m,21.132,20.56,16.6626,0.90129,5
btc-updown-5m-1789511700,2026-09-15 22:35:00+00:00,1789511700,5m,17.1874,16.7282,16.1278,0.835317,5
btc-updown-5m-1789512000,2026-09-15 22:40:00+00:00,1789512000,5m,16.8292,16.5083,15.3763,0.827877,5
btc-updown-15m-1789512300,2026-09-15 22:45:00+00:00,1789512300,15m,27.0468,25.4647,23.114,0.820437,5
btc-updown-5m-1789512300,2026-09-15 22:45:00+00:00,1789512300,5m,15.2015,14.5417,14.1544,0.777778,4
btc-updown-5m-1789512600,2026-09-15 22:50:00+00:00,1789512600,5m,16.771,16.2196,13.7111,0.826389,5
btc-updown-5m-1789512900,2026-09-15 22:55:00+00:00,1789512900,5m,13.6761,12.8326,12.5392,0.710317,4
btc-updown-15m-1789513200,2026-09-15 23:00:00+00:00,1789513200,15m,25.5499,23.7219,19.462,0.791171,4
btc-updown-5m-1789513200,2026-09-15 23:00:00+00:00,1789513200,5m,13.3797,12.5173,11.918,0.701885,4
btc-updown-5m-1789513500,2026-09-15 23:05:00+00:00,1789513500,5m,13.1773,12.4125,11.9379,0.693452,4
btc-updown-5m-1789513800,2026-09-15 23:10:00+00:00,1789513800,5m,11.6622,10.9253,11.0259,0.604663,4
btc-updown-15m-1789514100,2026-09-15 23:15:00+00:00,1789514100,15m,21.4898,19.9299,17.0751,0.690476,4
btc-updown-5m-1789514100,2026-09-15 23:15:00+00:00,1789514100,5m,11.3195,10.6107,10.4563,0.585813,3
btc-updown-5m-1789514400,2026-09-15 23:20:00+00:00,1789514400,5m,9.35005,8.8103,9.65113,0.449405,3
btc-updown-5m-1789514700,2026-09-15 23:25:00+00:00,1789514700,5m,9.41814,8.85562,9.0559,0.456349,3
btc-updown-15m-1789515000,2026-09-15 23:30:00+00:00,1789515000,15m,19.5083,18.2854,13.9905,0.62996,4
btc-updown-5m-1789515000,2026-09-15 23:30:00+00:00,1789515000,5m,10.1154,9.57339,8.56739,0.507937,3
btc-updown-5m-1789515300,2026-09-15 23:35:00+00:00,1789515300,5m,18.2527,17.5846,11.6875,0.859127,5
btc-updown-5m-1789515600,2026-09-15 23:40:00+00:00,1789515600,5m,15.6146,15.1517,11.2598,0.787202,4
btc-updown-15m-1789515900,2026-09-15 23:45:00+00:00,1789515900,15m,25.3899,24.0748,18.6904,0.786706,4
btc-updown-5m-1789515900,2026-09-15 23:45:00+00:00,1789515900,5m,14.193,13.7203,11.4455,0.733631,4
btc-updown-5m-1789516200,2026-09-15 23:50:00+00:00,1789516200,5m,13.627,13.1517,11.4022,0.708829,4
btc-updown-5m-1789516500,2026-09-15 23:55:00+00:00,1789516500,5m,11.2805,10.8039,10.6805,0.584325,3
btc-updown-15m-1789516800,2026-09-16 00:00:00+00:00,1789516800,15m,20.1163,18.7146,16.9735,0.647321,4
btc-updown-5m-1789516800,2026-09-16 00:00:00+00:00,1789516800,5m,10.846,10.2599,10.3941,0.552083,3
btc-updown-5m-1789517100,2026-09-16 00:05:00+00:00,1789517100,5m,11.7093,11.2477,10.3351,0.611111,4
btc-updown-5m-1789517400,2026-09-16 00:10:00+00:00,1789517400,5m,12.1131,11.7785,10.0623,0.640873,4
btc-updown-15m-1789517700,2026-09-16 00:15:00+00:00,1789517700,15m,22.175,21.1397,18.5313,0.710317,4
btc-updown-5m-1789517700,2026-09-16 00:15:00+00:00,1789517700,5m,12.5825,12.1845,11.348,0.66369,4
btc-updown-5m-1789518000,2026-09-16 00:20:00+00:00,1789518000,5m,11.7042,11.2369,10.9795,0.609623,4
btc-updown-5m-1789518300,2026-09-16 00:25:00+00:00,1789518300,5m,12.1435,11.7669,11.0332,0.642857,4
btc-updown-15m-1789518600,2026-09-16 00:30:00+00:00,1789518600,15m,19.3036,18.1215,16.6092,0.625,4
btc-updown-5m-1789518600,2026-09-16 00:30:00+00:00,1789518600,5m,10.5131,10.0093,10.171,0.528274,3
btc-updown-5m-1789518900,2026-09-16 00:35:00+00:00,1789518900,5m,10.3183,9.81115,9.54625,0.520833,3
btc-updown-5m-1789519200,2026-09-16 00:40:00+00:00,1789519200,5m,10.1855,9.72611,9.05112,0.510913,3
btc-updown-15m-1789519500,2026-09-16 00:45:00+00:00,1789519500,15m,20.88,19.8557,16.3099,0.673611,4
btc-updown-5m-1789519500,2026-09-16 00:45:00+00:00,1789519500,5m,12.1389,11.6869,9.98775,0.642361,4
btc-updown-5m-1789519800,2026-09-16 00:50:00+00:00,1789519800,5m,13.2052,12.8546,10.8048,0.693948,4
btc-updown-5m-1789520100,2026-09-16 00:55:00+00:00,1789520100,5m,11.5982,11.1577,10.4747,0.601687,4
btc-updown-15m-1789520400,2026-09-16 01:00:00+00:00,1789520400,15m,19.4958,18.5694,17.7592,0.629464,4
btc-updown-5m-1789520400,2026-09-16 01:00:00+00:00,1789520400,5m,11.0215,10.6264,10.8752,0.562996,3
btc-updown-5m-1789520700,2026-09-16 01:05:00+00:00,1789520700,5m,11.2546,10.8403,10.8492,0.582341,3
btc-updown-5m-1789521000,2026-09-16 01:10:00+00:00,1789521000,5m,11.5457,11.2006,11.2239,0.59871,3
btc-updown-15m-1789521300,2026-09-16 01:15:00+00:00,1789521300,15m,21.0864,20.1931,18.9821,0.679067,4
btc-updown-5m-1789521300,2026-09-16 01:15:00+00:00,1789521300,5m,12.1929,11.8663,11.6241,0.645337,4
btc-updown-5m-1789521600,2026-09-16 01:20:00+00:00,1789521600,5m,11.7627,11.4426,11.7904,0.613095,4
btc-updown-5m-1789521900,2026-09-16 01:25:00+00:00,1789521900,5m,11.3415,10.9368,11.2463,0.587302,3
btc-updown-15m-1789522200,2026-09-16 01:30:00+00:00,1789522200,15m,21.3543,20.4964,18.7656,0.686012,4
btc-updown-5m-1789522200,2026-09-16 01:30:00+00:00,1789522200,5m,12.4138,12.0309,11.4915,0.656746,4
btc-updown-5m-1789522500,2026-09-16 01:35:00+00:00,1789522500,5m,19.2139,18.2672,14.0411,0.87748,5
btc-updown-5m-1789522800,2026-09-16 01:40:00+00:00,1789522800,5m,16.268,15.8395,15.181,0.813988,5
btc-updown-15m-1789523100,2026-09-16 01:45:00+00:00,1789523100,15m,22.7633,21.8301,23.7243,0.724702,4
btc-updown-5m-1789523100,2026-09-16 01:45:00+00:00,1789523100,5m,13.8707,13.5284,14.5281,0.719742,4
btc-updown-5m-1789523400,2026-09-16 01:50:00+00:00,1789523400,5m,13.7195,13.4723,13.6598,0.71131,4
btc-updown-5m-1789523700,2026-09-16 01:55:00+00:00,1789523700,5m,13.8012,13.6502,12.9003,0.71627,4
btc-updown-15m-1789524000,2026-09-16 02:00:00+00:00,1789524000,15m,21.8303,21.3753,20.164,0.698909,4
btc-updown-5m-1789524000,2026-09-16 02:00:00+00:00,1789524000,5m,13.0579,12.9129,12.3479,0.690476,4
btc-updown-5m-1789524300,2026-09-16 02:05:00+00:00,1789524300,5m,12.3706,12.2265,12.7068,0.653274,4
btc-updown-5m-1789524600,2026-09-16 02:10:00+00:00,1789524600,5m,11.7289,11.3557,11.7784,0.611607,4
btc-updown-15m-1789524900,2026-09-16 02:15:00+00:00,1789524900,15m,21.6182,20.8617,20.8224,0.693948,4
btc-updown-5m-1789524900,2026-09-16 02:15:00+00:00,1789524900,5m,13.1519,12.858,12.7511,0.692956,4
btc-updown-5m-1789525200,2026-09-16 02:20:00+00:00,1789525200,5m,13.0283,12.8103,12.819,0.689484,4
btc-updown-5m-1789525500,2026-09-16 02:25:00+00:00,1789525500,5m,11.74,11.5422,12.0901,0.612599,4
btc-updown-15m-1789525800,2026-09-16 02:30:00+00:00,1789525800,15m,20.5393,20.0013,18.7345,0.662698,4
btc-updown-5m-1789525800,2026-09-16 02:30:00+00:00,1789525800,5m,11.4525,11.2415,11.4725,0.594742,3
btc-updown-5m-1789526100,2026-09-16 02:35:00+00:00,1789526100,5m,12.5761,12.3485,11.6335,0.66369,4
btc-updown-5m-1789526400,2026-09-16 02:40:00+00:00,1789526400,5m,12.64,12.3129,11.5761,0.665675,4
btc-updown-15m-1789526700,2026-09-16 02:45:00+00:00,1789526700,15m,21.61,21.0164,18.3786,0.693452,4
btc-updown-5m-1789526700,2026-09-16 02:45:00+00:00,1789526700,5m,12.1248,11.9048,11.2546,0.641369,4
btc-updown-5m-1789527000,2026-09-16 02:50:00+00:00,1789527000,5m,11.3959,11.1824,10.5501,0.589782,3
btc-updown-5m-1789527300,2026-09-16 02:55:00+00:00,1789527300,5m,11.3371,11.1237,10.0839,0.587302,3
btc-updown-15m-1789527600,2026-09-16 03:00:00+00:00,1789527600,15m,19.8283,19.2078,18.2553,0.640377,4
btc-updown-5m-1789527600,2026-09-16 03:00:00+00:00,1789527600,5m,12.0527,11.8934,11.1791,0.637401,4
btc-updown-5m-1789527900,2026-09-16 03:05:00+00:00,1789527900,5m,11.3465,11.1994,10.6564,0.587302,3
btc-updown-5m-1789528200,2026-09-16 03:10:00+00:00,1789528200,5m,11.3867,11.2387,10.4031,0.589286,3
btc-updown-15m-1789528500,2026-09-16 03:15:00+00:00,1789528500,15m,17.322,16.6855,16.7408,0.556052,3
btc-updown-5m-1789528500,2026-09-16 03:15:00+00:00,1789528500,5m,10.7851,10.5438,10.2516,0.548115,3
btc-updown-5m-1789528800,2026-09-16 03:20:00+00:00,1789528800,5m,10.4958,10.3325,9.86669,0.528274,3
btc-updown-5m-1789529100,2026-09-16 03:25:00+00:00,1789529100,5m,10.568,10.3601,9.24866,0.534722,3
btc-updown-15m-1789529400,2026-09-16 03:30:00+00:00,1789529400,15m,19.3384,19.0262,15.3638,0.625992,4
btc-updown-5m-1789529400,2026-09-16 03:30:00+00:00,1789529400,5m,12.0251,12.0389,9.40837,0.634921,4
btc-updown-5m-1789529700,2026-09-16 03:35:00+00:00,1789529700,5m,11.4915,11.5321,9.66633,0.597222,3
btc-updown-5m-1789530000,2026-09-16 03:40:00+00:00,1789530000,5m,10.9474,10.8856,9.15157,0.558532,3
btc-updown-15m-1789530300,2026-09-16 03:45:00+00:00,1789530300,15m,17.3324,17.0629,14.2668,0.556548,3
btc-updown-5m-1789530300,2026-09-16 03:45:00+00:00,1789530300,5m,10.5143,10.4646,8.73662,0.52877,3
btc-updown-5m-1789530600,2026-09-16 03:50:00+00:00,1789530600,5m,10.384,10.423,8.65868,0.52381,3
btc-updown-5m-1789530900,2026-09-16 03:55:00+00:00,1789530900,5m,9.93684,9.95506,7.93895,0.494048,3
btc-updown-15m-1789531200,2026-09-16 04:00:00+00:00,1789531200,15m,15.8397,15.454,12.2222,0.486111,3
btc-updown-5m-1789531200,2026-09-16 04:00:00+00:00,1789531200,5m,9.53252,9.47323,7.48456,0.46379,3
btc-updown-5m-1789531500,2026-09-16 04:05:00+00:00,1789531500,5m,9.43816,9.39185,7.53647,0.457837,3
btc-updown-5m-1789531800,2026-09-16 04:10:00+00:00,1789531800,5m,8.93917,8.78245,7.0641,0.416667,3
btc-updown-15m-1789532100,2026-09-16 04:15:00+00:00,1789532100,15m,15.0441,14.4587,12.0083,0.454861,3
btc-updown-5m-1789532100,2026-09-16 04:15:00+00:00,1789532100,5m,8.97016,8.81246,7.35357,0.420139,3
btc-updown-5m-1789532400,2026-09-16 04:20:00+00:00,1789532400,5m,7.37244,7.05711,6.84221,0.31498,2
btc-updown-5m-1789532700,2026-09-16 04:25:00+00:00,1789532700,5m,9.56862,9.54674,8.14808,0.468254,3
btc-updown-15m-1789533000,2026-09-16 04:30:00+00:00,1789533000,15m,16.4133,16.0821,13.8499,0.512897,3
btc-updown-5m-1789533000,2026-09-16 04:30:00+00:00,1789533000,5m,10.4578,10.4656,8.48127,0.52629,3
btc-updown-5m-1789533300,2026-09-16 04:35:00+00:00,1789533300,5m,9.35544,9.26791,7.86132,0.449405,3
btc-updown-5m-1789533600,2026-09-16 04:40:00+00:00,1789533600,5m,9.85483,9.75873,8.03014,0.487103,3
btc-updown-15m-1789533900,2026-09-16 04:45:00+00:00,1789533900,15m,17.7511,17.2801,14.686,0.570933,3
btc-updown-5m-1789533900,2026-09-16 04:45:00+00:00,1789533900,5m,11.0786,11.0431,8.99333,0.566468,3
btc-updown-5m-1789534200,2026-09-16 04:50:00+00:00,1789534200,5m,10.1375,10.1453,9.00226,0.509425,3
btc-updown-5m-1789534500,2026-09-16 04:55:00+00:00,1789534500,5m,10.0685,10.0651,8.54424,0.504464,3
btc-updown-15m-1789534800,2026-09-16 05:00:00+00:00,1789534800,15m,16.405,16.0069,13.99,0.512897,3
btc-updown-5m-1789534800,2026-09-16 05:00:00+00:00,1789534800,5m,10.136,10.1351,8.56708,0.509425,3
btc-updown-5m-1789535100,2026-09-16 05:05:00+00:00,1789535100,5m,14.2223,14.0007,11.8125,0.735615,4
btc-updown-5m-1789535400,2026-09-16 05:10:00+00:00,1789535400,5m,11.9781,11.8341,11.0661,0.631448,4
btc-updown-15m-1789535700,2026-09-16 05:15:00+00:00,1789535700,15m,16.8697,16.2796,16.9859,0.533234,3
btc-updown-5m-1789535700,2026-09-16 05:15:00+00:00,1789535700,5m,10.6796,10.45,10.4017,0.542163,3
btc-updown-5m-1789536000,2026-09-16 05:20:00+00:00,1789536000,5m,9.58667,9.31972,9.57602,0.470734,3
btc-updown-5m-1789536300,2026-09-16 05:25:00+00:00,1789536300,5m,10.258,9.94481,10.1691,0.516865,3
btc-updown-15m-1789536600,2026-09-16 05:30:00+00:00,1789536600,15m,15.8614,15.271,15.6926,0.488095,3
btc-updown-5m-1789536600,2026-09-16 05:30:00+00:00,1789536600,5m,10.2507,10.0682,9.6097,0.514881,3
btc-updown-5m-1789536900,2026-09-16 05:35:00+00:00,1789536900,5m,9.67965,9.50788,9.18618,0.477183,3
btc-updown-5m-1789537200,2026-09-16 05:40:00+00:00,1789537200,5m,9.3591,9.18586,8.61241,0.449901,3
btc-updown-15m-1789537500,2026-09-16 05:45:00+00:00,1789537500,15m,14.2133,13.6415,13.4876,0.41121,3
btc-updown-5m-1789537500,2026-09-16 05:45:00+00:00,1789537500,5m,8.87615,8.7299,8.25945,0.41369,3
btc-updown-5m-1789537800,2026-09-16 05:50:00+00:00,1789537800,5m,8.04183,7.98365,7.64365,0.356647,2
btc-updown-5m-1789538100,2026-09-16 05:55:00+00:00,1789538100,5m,7.94725,7.78944,7.4023,0.350198,2
btc-updown-15m-1789538400,2026-09-16 06:00:00+00:00,1789538400,15m,13.0734,12.5313,12.4335,0.362599,2
btc-updown-5m-1789538400,2026-09-16 06:00:00+00:00,1789538400,5m,8.07274,7.96559,7.61393,0.357143,2
btc-updown-5m-1789538700,2026-09-16 06:05:00+00:00,1789538700,5m,8.16789,8.14874,7.46455,0.362599,2
btc-updown-5m-1789539000,2026-09-16 06:10:00+00:00,1789539000,5m,8.39409,8.21683,7.03181,0.376984,2
btc-updown-15m-1789539300,2026-09-16 06:15:00+00:00,1789539300,15m,13.8768,13.3424,11.5467,0.395833,2
btc-updown-5m-1789539300,2026-09-16 06:15:00+00:00,1789539300,5m,8.90402,8.79033,7.07087,0.415675,3
btc-updown-5m-1789539600,2026-09-16 06:20:00+00:00,1789539600,5m,8.06269,7.99028,7.695,0.357143,2
btc-updown-5m-1789539900,2026-09-16 06:25:00+00:00,1789539900,5m,8.19364,8.19497,7.72478,0.364583,2
btc-updown-15m-1789540200,2026-09-16 06:30:00+00:00,1789540200,15m,12.4739,12.1917,11.9747,0.334821,2
btc-updown-5m-1789540200,2026-09-16 06:30:00+00:00,1789540200,5m,8.26903,8.21907,7.33299,0.370536,2
btc-updown-5m-1789540500,2026-09-16 06:35:00+00:00,1789540500,5m,8.42633,8.33516,7.01869,0.378968,2
btc-updown-5m-1789540800,2026-09-16 06:40:00+00:00,1789540800,5m,9.5614,9.46575,7.27186,0.467758,3
btc-updown-15m-1789541100,2026-09-16 06:45:00+00:00,1789541100,15m,13.0765,12.6255,11.3357,0.362599,2
btc-updown-5m-1789541100,2026-09-16 06:45:00+00:00,1789541100,5m,8.40895,8.2809,6.94169,0.37748,2
btc-updown-5m-1789541400,2026-09-16 06:50:00+00:00,1789541400,5m,8.73899,8.69033,8.26374,0.402778,3
btc-updown-5m-1789541700,2026-09-16 06:55:00+00:00,1789541700,5m,8.2052,8.0808,7.88815,0.365575,2
btc-updown-15m-1789542000,2026-09-16 07:00:00+00:00,1789542000,15m,11.6946,11.2729,12.4351,0.30506,2
btc-updown-5m-1789542000,2026-09-16 07:00:00+00:00,1789542000,5m,7.79342,7.62559,7.6149,0.342758,2
btc-updown-5m-1789542300,2026-09-16 07:05:00+00:00,1789542300,5m,8.43705,8.35323,8.12365,0.378968,2
btc-updown-5m-1789542600,2026-09-16 07:10:00+00:00,1789542600,5m,8.56345,8.43686,8.21131,0.389385,2
btc-updown-15m-1789542900,2026-09-16 07:15:00+00:00,1789542900,15m,14.815,14.574,16.1341,0.440972,3
btc-updown-5m-1789542900,2026-09-16 07:15:00+00:00,1789542900,5m,9.58807,9.57076,9.88008,0.470734,3
btc-updown-5m-1789543200,2026-09-16 07:20:00+00:00,1789543200,5m,9.9847,9.87853,10.0593,0.499008,3
btc-updown-5m-1789543500,2026-09-16 07:25:00+00:00,1789543500,5m,9.66679,9.45938,9.70249,0.477183,3
btc-updown-15m-1789543800,2026-09-16 07:30:00+00:00,1789543800,15m,13.9294,13.5341,15.0333,0.397817,2
btc-updown-5m-1789543800,2026-09-16 07:30:00+00:00,1789543800,5m,9.69401,9.50903,9.20601,0.478671,3
btc-updown-5m-1789544100,2026-09-16 07:35:00+00:00,1789544100,5m,9.59753,9.3819,9.23558,0.47123,3
btc-updown-5m-1789544400,2026-09-16 07:40:00+00:00,1789544400,5m,8.14794,7.90043,8.40253,0.361111,2
btc-updown-15m-1789544700,2026-09-16 07:45:00+00:00,1789544700,15m,13.9343,13.448,15,0.398313,2
btc-updown-5m-1789544700,2026-09-16 07:45:00+00:00,1789544700,5m,9.96988,9.723,9.18558,0.496528,3
btc-updown-5m-1789545000,2026-09-16 07:50:00+00:00,1789545000,5m,9.0764,8.84274,8.92871,0.429067,3
btc-updown-5m-1789545300,2026-09-16 07:55:00+00:00,1789545300,5m,9.12202,8.86989,8.45268,0.431548,3
btc-updown-15m-1789545600,2026-09-16 08:00:00+00:00,1789545600,15m,12.5966,12.2659,13.9785,0.338294,2
btc-updown-5m-1789545600,2026-09-16 08:00:00+00:00,1789545600,5m,8.97106,8.75866,8.56007,0.420139,3
btc-updown-5m-1789545900,2026-09-16 08:05:00+00:00,1789545900,5m,9.72951,9.55916,8.27357,0.480655,3
btc-updown-5m-1789546200,2026-09-16 08:10:00+00:00,1789546200,5m,17.1844,16.1951,9.38799,0.835317,5
btc-updown-15m-1789546500,2026-09-16 08:15:00+00:00,1789546500,15m,19.1305,18.7164,15.3615,0.619048,4
btc-updown-5m-1789546500,2026-09-16 08:15:00+00:00,1789546500,5m,11.6945,11.5408,9.40698,0.609127,4
btc-updown-5m-1789546800,2026-09-16 08:20:00+00:00,1789546800,5m,12.5228,12.3979,10.4886,0.661706,4
btc-updown-5m-1789547100,2026-09-16 08:25:00+00:00,1789547100,5m,14.7941,14.4678,13.3183,0.763393,4
btc-updown-15m-1789547400,2026-09-16 08:30:00+00:00,1789547400,15m,21.7656,21.4446,21.5146,0.697917,4
btc-updown-5m-1789547400,2026-09-16 08:30:00+00:00,1789547400,5m,13.983,13.7968,13.175,0.722222,4
btc-updown-5m-1789547700,2026-09-16 08:35:00+00:00,1789547700,5m,13.1746,12.9219,12.7567,0.693452,4
btc-updown-5m-1789548000,2026-09-16 08:40:00+00:00,1789548000,5m,11.5601,11.446,11.8916,0.599206,3
btc-updown-15m-1789548300,2026-09-16 08:45:00+00:00,1789548300,15m,17.8613,17.2641,18.0041,0.576885,3
btc-updown-5m-1789548300,2026-09-16 08:45:00+00:00,1789548300,5m,11.1157,10.8356,11.0252,0.569444,3
btc-updown-5m-1789548600,2026-09-16 08:50:00+00:00,1789548600,5m,11.0578,10.6498,10.1338,0.565476,3
btc-updown-5m-1789548900,2026-09-16 08:55:00+00:00,1789548900,5m,10.2369,9.9107,9.24021,0.514385,3
btc-updown-15m-1789549200,2026-09-16 09:00:00+00:00,1789549200,15m,16.3377,15.9255,15.057,0.506944,3
btc-updown-5m-1789549200,2026-09-16 09:00:00+00:00,1789549200,5m,10.4468,10.2926,9.22048,0.525298,3
btc-updown-5m-1789549500,2026-09-16 09:05:00+00:00,1789549500,5m,10.7567,10.6975,9.2804,0.545139,3
btc-updown-5m-1789549800,2026-09-16 09:10:00+00:00,1789549800,5m,10.476,10.4389,10.973,0.527282,3
btc-updown-15m-1789550100,2026-09-16 09:15:00+00:00,1789550100,15m,15.0161,14.6092,16.8951,0.452381,3
btc-updown-5m-1789550100,2026-09-16 09:15:00+00:00,1789550100,5m,9.71424,9.5317,10.3461,0.479663,3
btc-updown-5m-1789550400,2026-09-16 09:20:00+00:00,1789550400,5m,9.94051,9.8115,9.6656,0.494544,3
btc-updown-5m-1789550700,2026-09-16 09:25:00+00:00,1789550700,5m,9.95853,9.73111,9.24181,0.49504,3
btc-updown-15m-1789551000,2026-09-16 09:30:00+00:00,1789551000,15m,14.8041,14.3979,14.4591,0.440476,3
btc-updown-5m-1789551000,2026-09-16 09:30:00+00:00,1789551000,5m,9.59178,9.45264,8.85435,0.470734,3
btc-updown-5m-1789551300,2026-09-16 09:35:00+00:00,1789551300,5m,9.20279,9.12912,8.41295,0.435516,3
btc-updown-5m-1789551600,2026-09-16 09:40:00+00:00,1789551600,5m,9.17524,9.01947,8.4737,0.434028,3
btc-updown-15m-1789551900,2026-09-16 09:45:00+00:00,1789551900,15m,13.7256,13.2812,12.6464,0.389385,2
btc-updown-5m-1789551900,2026-09-16 09:45:00+00:00,1789551900,5m,8.6628,8.38838,7.74429,0.396329,2
btc-updown-5m-1789552200,2026-09-16 09:50:00+00:00,1789552200,5m,9.04233,8.85178,7.56016,0.425595,3
btc-updown-5m-1789552500,2026-09-16 09:55:00+00:00,1789552500,5m,8.64031,8.41018,6.90529,0.394841,2
btc-updown-15m-1789552800,2026-09-16 10:00:00+00:00,1789552800,15m,14.0433,13.709,10.9526,0.402282,3
btc-updown-5m-1789552800,2026-09-16 10:00:00+00:00,1789552800,5m,8.9305,8.81658,6.70709,0.416171,3
btc-updown-5m-1789553100,2026-09-16 10:05:00+00:00,1789553100,5m,8.91568,8.77265,6.9162,0.416171,3
btc-updown-5m-1789553400,2026-09-16 10:10:00+00:00,1789553400,5m,8.88432,8.80621,7.064,0.41369,3
btc-updown-15m-1789553700,2026-09-16 10:15:00+00:00,1789553700,15m,13.3221,13.0325,11.2084,0.37252,2
btc-updown-5m-1789553700,2026-09-16 10:15:00+00:00,1789553700,5m,8.48952,8.4111,6.86369,0.382937,2
btc-updown-5m-1789554000,2026-09-16 10:20:00+00:00,1789554000,5m,8.60023,8.47703,6.48896,0.391369,2
btc-updown-5m-1789554300,2026-09-16 10:25:00+00:00,1789554300,5m,8.5352,8.4921,6.86855,0.386905,2
btc-updown-15m-1789554600,2026-09-16 10:30:00+00:00,1789554600,15m,12.8535,12.4987,11.514,0.348214,2
btc-updown-5m-1789554600,2026-09-16 10:30:00+00:00,1789554600,5m,8.48792,8.32677,7.05084,0.38244,2
btc-updown-5m-1789554900,2026-09-16 10:35:00+00:00,1789554900,5m,8.46774,8.28624,7.02525,0.381448,2
btc-updown-5m-1789555200,2026-09-16 10:40:00+00:00,1789555200,5m,7.70685,7.54833,6.71052,0.335813,2
btc-updown-15m-1789555500,2026-09-16 10:45:00+00:00,1789555500,15m,10.5053,10.0161,10.093,0.261409,2
btc-updown-5m-1789555500,2026-09-16 10:45:00+00:00,1789555500,5m,6.86453,6.7142,6.18066,0.28621,2
btc-updown-5m-1789555800,2026-09-16 10:50:00+00:00,1789555800,5m,6.82175,6.60691,5.80578,0.28373,2
btc-updown-5m-1789556100,2026-09-16 10:55:00+00:00,1789556100,5m,6.47797,6.17674,5.2757,0.264385,2
btc-updown-15m-1789556400,2026-09-16 11:00:00+00:00,1789556400,15m,10.6358,10.1784,8.53405,0.265377,2
btc-updown-5m-1789556400,2026-09-16 11:00:00+00:00,1789556400,5m,7.14232,6.96353,5.22602,0.300099,2
btc-updown-5m-1789556700,2026-09-16 11:05:00+00:00,1789556700,5m,8.62667,8.28096,10.028,0.393353,2
btc-updown-5m-1789557000,2026-09-16 11:10:00+00:00,1789557000,5m,8.19381,7.87167,9.78764,0.364583,2
btc-updown-15m-1789557300,2026-09-16 11:15:00+00:00,1789557300,15m,10.5637,9.9543,14.8481,0.262401,2
btc-updown-5m-1789557300,2026-09-16 11:15:00+00:00,1789557300,5m,7.32752,7.04103,9.09255,0.312004,2
btc-updown-5m-1789557600,2026-09-16 11:20:00+00:00,1789557600,5m,7.20584,7.00319,8.72896,0.304067,2
btc-updown-5m-1789557900,2026-09-16 11:25:00+00:00,1789557900,5m,7.2739,7.07365,8.63676,0.308532,2
btc-updown-15m-1789558200,2026-09-16 11:30:00+00:00,1789558200,15m,10.8993,10.403,14.0864,0.275794,2
btc-updown-5m-1789558200,2026-09-16 11:30:00+00:00,1789558200,5m,7.49701,7.24007,8.6261,0.325397,2
btc-updown-5m-1789558500,2026-09-16 11:35:00+00:00,1789558500,5m,7.19094,6.9901,8.70218,0.302579,2
btc-updown-5m-1789558800,2026-09-16 11:40:00+00:00,1789558800,5m,7.42377,7.25807,9.26541,0.318948,2
btc-updown-15m-1789559100,2026-09-16 11:45:00+00:00,1789559100,15m,27.6134,25.8652,21.7015,0.827877,5
btc-updown-5m-1789559100,2026-09-16 11:45:00+00:00,1789559100,5m,21.2362,21.3237,13.2894,0.902282,5
btc-updown-5m-1789559400,2026-09-16 11:50:00+00:00,1789559400,5m,11.1102,10.6365,13.1568,0.568948,3
btc-updown-5m-1789559700,2026-09-16 11:55:00+00:00,1789559700,5m,12.0728,11.6306,12.519,0.638889,4
btc-updown-15m-1789560000,2026-09-16 12:00:00+00:00,1789560000,15m,14.8501,14.2698,18.994,0.44246,3
btc-updown-5m-1789560000,2026-09-16 12:00:00+00:00,1789560000,5m,9.63403,9.33884,11.6314,0.472718,3
btc-updown-5m-1789560300,2026-09-16 12:05:00+00:00,1789560300,5m,10.084,9.74467,11.6612,0.506448,3
btc-updown-5m-1789560600,2026-09-16 12:10:00+00:00,1789560600,5m,10.2506,9.88171,12.1996,0.514881,3
btc-updown-15m-1789560900,2026-09-16 12:15:00+00:00,1789560900,15m,14.8513,14.1534,18.7632,0.44246,3
btc-updown-5m-1789560900,2026-09-16 12:15:00+00:00,1789560900,5m,9.44678,9.14618,11.4901,0.457837,3
btc-updown-5m-1789561200,2026-09-16 12:20:00+00:00,1789561200,5m,9.54201,9.20151,11.0665,0.464782,3
btc-updown-5m-1789561500,2026-09-16 12:25:00+00:00,1789561500,5m,8.58589,8.36464,10.6514,0.390873,2
btc-updown-15m-1789561800,2026-09-16 12:30:00+00:00,1789561800,15m,16.507,15.6505,17.6913,0.516865,3
btc-updown-5m-1789561800,2026-09-16 12:30:00+00:00,1789561800,5m,10.2319,9.78558,10.8336,0.513889,3
btc-updown-5m-1789562100,2026-09-16 12:35:00+00:00,1789562100,5m,15.6189,14.6865,15.6568,0.787698,4
btc-updown-5m-1789562400,2026-09-16 12:40:00+00:00,1789562400,5m,10.0534,9.65175,14.6289,0.50248,3
btc-updown-15m-1789562700,2026-09-16 12:45:00+00:00,1789562700,15m,15.2116,14.5775,22.4139,0.46131,3
btc-updown-5m-1789562700,2026-09-16 12:45:00+00:00,1789562700,5m,10.128,9.75883,13.7257,0.508929,3
btc-updown-5m-1789563000,2026-09-16 12:50:00+00:00,1789563000,5m,9.34419,8.90282,12.5154,0.449405,3
btc-updown-5m-1789563300,2026-09-16 12:55:00+00:00,1789563300,5m,8.60433,8.28015,11.7066,0.391369,2
btc-updown-15m-1789563600,2026-09-16 13:00:00+00:00,1789563600,15m,14.5621,13.8397,20.3796,0.428571,3
btc-updown-5m-1789563600,2026-09-16 13:00:00+00:00,1789563600,5m,9.90749,9.43286,12.4799,0.492063,3
btc-updown-5m-1789563900,2026-09-16 13:05:00+00:00,1789563900,5m,17.9069,17.4769,14.0852,0.853671,5
btc-updown-5m-1789564200,2026-09-16 13:10:00+00:00,1789564200,5m,11.5406,10.8912,13.0079,0.59871,3
btc-updown-15m-1789564500,2026-09-16 13:15:00+00:00,1789564500,15m,18.9987,18.3953,22.3322,0.614583,4
btc-updown-5m-1789564500,2026-09-16 13:15:00+00:00,1789564500,5m,13.0487,12.6023,13.6756,0.690476,4
btc-updown-5m-1789564800,2026-09-16 13:20:00+00:00,1789564800,5m,11.5432,11.0908,12.7582,0.59871,3
btc-updown-5m-1789565100,2026-09-16 13:25:00+00:00,1789565100,5m,11.7554,11.3268,12.6527,0.612599,4
btc-updown-15m-1789565400,2026-09-16 13:30:00+00:00,1789565400,15m,15.5988,14.7097,19.4374,0.47619,3
btc-updown-5m-1789565400,2026-09-16 13:30:00+00:00,1789565400,5m,10.15,9.65465,11.9029,0.510913,3
btc-updown-5m-1789565700,2026-09-16 13:35:00+00:00,1789565700,5m,10.8394,10.4009,11.6019,0.551587,3
btc-updown-5m-1789566000,2026-09-16 13:40:00+00:00,1789566000,5m,11.3713,11.1226,11.4808,0.58879,3
btc-updown-15m-1789566300,2026-09-16 13:45:00+00:00,1789566300,15m,17.545,16.9759,21.5778,0.562996,3
btc-updown-5m-1789566300,2026-09-16 13:45:00+00:00,1789566300,5m,11.3667,11.0691,13.2136,0.588294,3
btc-updown-5m-1789566600,2026-09-16 13:50:00+00:00,1789566600,5m,13.9708,13.4138,19.537,0.722222,4
btc-updown-5m-1789566900,2026-09-16 13:55:00+00:00,1789566900,5m,13.5499,13.1578,18.9454,0.706845,4
btc-updown-15m-1789567200,2026-09-16 14:00:00+00:00,1789567200,15m,18.7776,17.8907,29.7089,0.608135,4
btc-updown-5m-1789567200,2026-09-16 14:00:00+00:00,1789567200,5m,12.8993,12.3583,18.1929,0.679563,4
btc-updown-5m-1789567500,2026-09-16 14:05:00+00:00,1789567500,5m,15.2011,14.6627,17.9339,0.777778,4
btc-updown-5m-1789567800,2026-09-16 14:10:00+00:00,1789567800,5m,15.9213,15.3617,19.0235,0.800099,5
btc-updown-15m-1789568100,2026-09-16 14:15:00+00:00,1789568100,15m,20.4924,19.6548,28.7273,0.66121,4
btc-updown-5m-1789568100,2026-09-16 14:15:00+00:00,1789568100,5m,13.1351,12.5043,17.5918,0.692956,4
btc-updown-5m-1789568400,2026-09-16 14:20:00+00:00,1789568400,5m,14.3237,13.9978,18.3072,0.739087,4
btc-updown-5m-1789568700,2026-09-16 14:25:00+00:00,1789568700,5m,13.5553,13.1252,18.8035,0.706845,4
btc-updown-15m-1789569000,2026-09-16 14:30:00+00:00,1789569000,15m,18.7544,18.1968,29.3867,0.607639,4
btc-updown-5m-1789569000,2026-09-16 14:30:00+00:00,1789569000,5m,13.8554,13.4232,17.9956,0.719246,4
btc-updown-5m-1789569300,2026-09-16 14:35:00+00:00,1789569300,5m,14.7923,14.3469,18.8632,0.763393,4
btc-updown-5m-1789569600,2026-09-16 14:40:00+00:00,1789569600,5m,12.8413,12.5199,17.2715,0.678571,4
btc-updown-15m-1789569900,2026-09-16 14:45:00+00:00,1789569900,15m,17.5638,16.7162,27.1823,0.563988,3
btc-updown-5m-1789569900,2026-09-16 14:45:00+00:00,1789569900,5m,12.6721,12.2057,16.6457,0.667659,4
btc-updown-5m-1789570200,2026-09-16 14:50:00+00:00,1789570200,5m,14.7164,14.3168,16.2747,0.760913,4
btc-updown-5m-1789570500,2026-09-16 14:55:00+00:00,1789570500,5m,13.7782,13.5553,16.6123,0.714286,4
btc-updown-15m-1789570800,2026-09-16 15:00:00+00:00,1789570800,15m,18.4032,18.252,25.4096,0.594246,3
btc-updown-5m-1789570800,2026-09-16 15:00:00+00:00,1789570800,5m,12.9429,12.79,15.5601,0.68254,4
btc-updown-5m-1789571100,2026-09-16 15:05:00+00:00,1789571100,5m,11.931,11.5651,15.4144,0.62748,4
btc-updown-5m-1789571400,2026-09-16 15:10:00+00:00,1789571400,5m,15.2564,14.8756,19.4388,0.778274,4
btc-updown-15m-1789571700,2026-09-16 15:15:00+00:00,1789571700,15m,18.3185,17.6298,33.4287,0.592262,3
btc-updown-5m-1789571700,2026-09-16 15:15:00+00:00,1789571700,5m,13.053,12.7093,20.4708,0.690476,4
btc-updown-5m-1789572000,2026-09-16 15:20:00+00:00,1789572000,5m,12.9575,12.6097,19.0265,0.684028,4
btc-updown-5m-1789572300,2026-09-16 15:25:00+00:00,1789572300,5m,11.197,10.8373,17.7055,0.577877,3
btc-updown-15m-1789572600,2026-09-16 15:30:00+00:00,1789572600,15m,14.4231,13.9219,27.2099,0.420635,3
btc-updown-5m-1789572600,2026-09-16 15:30:00+00:00,1789572600,5m,11.1276,10.7803,16.6626,0.570933,3
btc-updown-5m-1789572900,2026-09-16 15:35:00+00:00,1789572900,5m,12.8754,12.5236,16.077,0.679067,4
btc-updown-5m-1789573200,2026-09-16 15:40:00+00:00,1789573200,5m,12.5716,12.2721,15.8373,0.66369,4
btc-updown-15m-1789573500,2026-09-16 15:45:00+00:00,1789573500,15m,14.3266,13.9035,23.7479,0.416667,3
btc-updown-5m-1789573500,2026-09-16 15:45:00+00:00,1789573500,5m,10.6191,10.3356,14.5426,0.53869,3
btc-updown-5m-1789573800,2026-09-16 15:50:00+00:00,1789573800,5m,12.3641,12.0195,16.7032,0.653274,4
btc-updown-5m-1789574100,2026-09-16 15:55:00+00:00,1789574100,5m,10.6132,10.3413,16.0246,0.538194,3
btc-updown-15m-1789574400,2026-09-16 16:00:00+00:00,1789574400,15m,14.4106,13.9827,25.4629,0.420139,3
btc-updown-5m-1789574400,2026-09-16 16:00:00+00:00,1789574400,5m,10.7331,10.4908,15.5928,0.544147,3
btc-updown-5m-1789574700,2026-09-16 16:05:00+00:00,1789574700,5m,9.51278,9.22783,14.4868,0.461806,3
btc-updown-5m-1789575000,2026-09-16 16:10:00+00:00,1789575000,5m,12.3631,12.0831,14.8021,0.653274,4
btc-updown-15m-1789575300,2026-09-16 16:15:00+00:00,1789575300,15m,15.9657,15.4252,25.1389,0.491071,3
btc-updown-5m-1789575300,2026-09-16 16:15:00+00:00,1789575300,5m,11.7279,11.4552,15.3944,0.611607,4
btc-updown-5m-1789575600,2026-09-16 16:20:00+00:00,1789575600,5m,10.8575,10.586,15.6925,0.552579,3
btc-updown-5m-1789575900,2026-09-16 16:25:00+00:00,1789575900,5m,10.1614,9.89671,14.7014,0.510913,3
btc-updown-15m-1789576200,2026-09-16 16:30:00+00:00,1789576200,15m,14.4647,14.0494,22.9318,0.423115,3
btc-updown-5m-1789576200,2026-09-16 16:30:00+00:00,1789576200,5m,10.5788,10.3648,14.0428,0.535218,3
btc-updown-5m-1789576500,2026-09-16 16:35:00+00:00,1789576500,5m,10.1619,9.86155,13.6487,0.510913,3
btc-updown-5m-1789576800,2026-09-16 16:40:00+00:00,1789576800,5m,9.41046,9.10428,12.7339,0.454861,3
btc-updown-15m-1789577100,2026-09-16 16:45:00+00:00,1789577100,15m,14.0239,13.6466,19.7339,0.402282,3
btc-updown-5m-1789577100,2026-09-16 16:45:00+00:00,1789577100,5m,9.97723,9.80203,12.0845,0.498512,3
btc-updown-5m-1789577400,2026-09-16 16:50:00+00:00,1789577400,5m,9.86913,9.66393,12.2778,0.488095,3
btc-updown-5m-1789577700,2026-09-16 16:55:00+00:00,1789577700,5m,9.77292,9.48268,11.5272,0.483135,3
btc-updown-15m-1789578000,2026-09-16 17:00:00+00:00,1789578000,15m,11.7258,11.0855,17.3161,0.306052,2
btc-updown-5m-1789578000,2026-09-16 17:00:00+00:00,1789578000,5m,8.37419,8.06434,10.6039,0.374504,2
btc-updown-5m-1789578300,2026-09-16 17:05:00+00:00,1789578300,5m,7.08821,6.71247,9.64899,0.295635,2
btc-updown-5m-1789578600,2026-09-16 17:10:00+00:00,1789578600,5m,8.75512,8.46208,9.77273,0.40377,3
btc-updown-15m-1789578900,2026-09-16 17:15:00+00:00,1789578900,15m,12.2073,11.5733,14.763,0.321925,2
btc-updown-5m-1789578900,2026-09-16 17:15:00+00:00,1789578900,5m,8.53357,8.15341,9.04047,0.386905,2
btc-updown-5m-1789579200,2026-09-16 17:20:00+00:00,1789579200,5m,8.53648,8.29854,9.30775,0.386905,2
btc-updown-5m-1789579500,2026-09-16 17:25:00+00:00,1789579500,5m,8.94912,8.68118,9.72708,0.417163,3
btc-updown-15m-1789579800,2026-09-16 17:30:00+00:00,1789579800,15m,10.8777,10.329,15.3901,0.275794,2
btc-updown-5m-1789579800,2026-09-16 17:30:00+00:00,1789579800,5m,8.23955,7.94849,9.42447,0.368056,2
btc-updown-5m-1789580100,2026-09-16 17:35:00+00:00,1789580100,5m,7.76292,7.51628,9.10367,0.340774,2
btc-updown-5m-1789580400,2026-09-16 17:40:00+00:00,1789580400,5m,14.4899,14.3442,10.7026,0.75248,4
btc-updown-15m-1789580700,2026-09-16 17:45:00+00:00,1789580700,15m,20.9426,20.3078,21.5893,0.674603,4
btc-updown-5m-1789580700,2026-09-16 17:45:00+00:00,1789580700,5m,15.4091,14.9531,13.2207,0.781746,4
btc-updown-5m-1789581000,2026-09-16 17:50:00+00:00,1789581000,5m,13.6505,13.1094,12.7308,0.709325,4
btc-updown-5m-1789581300,2026-09-16 17:55:00+00:00,1789581300,5m,12.787,12.4611,12.9108,0.675595,4
btc-updown-15m-1789581600,2026-09-16 18:00:00+00:00,1789581600,15m,25.8729,25.0799,27.5784,0.796627,4
btc-updown-5m-1789581600,2026-09-16 18:00:00+00:00,1789581600,5m,21.0944,20.6129,16.8883,0.900794,5
btc-updown-5m-1789581900,2026-09-16 18:05:00+00:00,1789581900,5m,25.5935,25.479,27.6795,0.944444,5
btc-updown-5m-1789582200,2026-09-16 18:10:00+00:00,1789582200,5m,32.1846,29.9071,32.6415,0.976687,5
btc-updown-15m-1789582500,2026-09-16 18:15:00+00:00,1789582500,15m,24.7062,22.6014,52.9425,0.770833,4
btc-updown-5m-1789582500,2026-09-16 18:15:00+00:00,1789582500,5m,17.4623,15.9385,32.4205,0.840774,5
btc-updown-5m-1789582800,2026-09-16 18:20:00+00:00,1789582800,5m,17.9239,16.7249,31.1935,0.853671,5
btc-updown-5m-1789583100,2026-09-16 18:25:00+00:00,1789583100,5m,21.2102,19.9499,29.1972,0.902282,5
btc-updown-15m-1789583400,2026-09-16 18:30:00+00:00,1789583400,15m,23.1925,21.8317,48.5464,0.734127,4
btc-updown-5m-1789583400,2026-09-16 18:30:00+00:00,1789583400,5m,17.413,16.4135,29.7284,0.840278,5
btc-updown-5m-1789583700,2026-09-16 18:35:00+00:00,1789583700,5m,25.3796,23.7692,32.5804,0.942956,5
btc-updown-5m-1789584000,2026-09-16 18:40:00+00:00,1789584000,5m,41.2251,39.44,45.3399,0.993056,5
btc-updown-15m-1789584300,2026-09-16 18:45:00+00:00,1789584300,15m,54.007,52.9963,78.0702,0.97371,5
btc-updown-5m-1789584300,2026-09-16 18:45:00+00:00,1789584300,5m,44.6385,44.0874,47.8081,0.994544,5
btc-updown-5m-1789584600,2026-09-16 18:50:00+00:00,1789584600,5m,25.5217,22.6609,45.9772,0.944444,5
btc-updown-5m-1789584900,2026-09-16 18:55:00+00:00,1789584900,5m,38.8993,36.4816,46.3747,0.991071,5
btc-updown-15m-1789585200,2026-09-16 19:00:00+00:00,1789585200,15m,35.5797,33.2615,70.2217,0.905754,5
btc-updown-5m-1789585200,2026-09-16 19:00:00+00:00,1789585200,5m,28.9228,27.0755,43.0018,0.964782,5
btc-updown-5m-1789585500,2026-09-16 19:05:00+00:00,1789585500,5m,38.4077,38.0182,44.5467,0.990575,5
btc-updown-5m-1789585800,2026-09-16 19:10:00+00:00,1789585800,5m,24.329,22.4172,40.7092,0.936012,5
btc-updown-15m-1789586100,2026-09-16 19:15:00+00:00,1789586100,15m,31.3874,29.6918,62.2136,0.875992,5
btc-updown-5m-1789586100,2026-09-16 19:15:00+00:00,1789586100,5m,23.8486,22.35,38.0979,0.931052,5
btc-updown-5m-1789586400,2026-09-16 19:20:00+00:00,1789586400,5m,22.9856,21.6078,36.2442,0.921627,5
btc-updown-5m-1789586700,2026-09-16 19:25:00+00:00,1789586700,5m,27.449,28.4283,33.5459,0.956845,5
btc-updown-15m-1789587000,2026-09-16 19:30:00+00:00,1789587000,15m,42.0974,40.1071,56.7136,0.940476,5
btc-updown-5m-1789587000,2026-09-16 19:30:00+00:00,1789587000,5m,33.6496,32.5137,34.7299,0.980655,5
btc-updown-5m-1789587300,2026-09-16 19:35:00+00:00,1789587300,5m,27.4041,25.9657,34.1777,0.956349,5
btc-updown-5m-1789587600,2026-09-16 19:40:00+00:00,1789587600,5m,25.2712,24.1842,33.3804,0.941964,5
btc-updown-15m-1789587900,2026-09-16 19:45:00+00:00,1789587900,15m,32.7347,31.2469,50.4997,0.888393,5
btc-updown-5m-1789587900,2026-09-16 19:45:00+00:00,1789587900,5m,23.5201,22.4294,30.9246,0.926587,5
btc-updown-5m-1789588200,2026-09-16 19:50:00+00:00,1789588200,5m,19.8649,18.8699,28.5941,0.889385,5
btc-updown-5m-1789588500,2026-09-16 19:55:00+00:00,1789588500,5m,16.0025,15.0861,26.2495,0.804067,5
btc-updown-15m-1789588800,2026-09-16 20:00:00+00:00,1789588800,15m,24.3214,22.5797,39.3594,0.755952,4
btc-updown-5m-1789588800,2026-09-16 20:00:00+00:00,1789588800,5m,14.7237,13.7491,24.1026,0.760913,4
btc-updown-5m-1789589100,2026-09-16 20:05:00+00:00,1789589100,5m,17.8921,16.9751,23.8716,0.853671,5
btc-updown-5m-1789589400,2026-09-16 20:10:00+00:00,1789589400,5m,19.3414,18.2434,24.6562,0.878968,5
btc-updown-15m-1789589700,2026-09-16 20:15:00+00:00,1789589700,15m,27.8992,25.9172,37.1917,0.832341,5
btc-updown-5m-1789589700,2026-09-16 20:15:00+00:00,1789589700,5m,16.9636,15.8634,22.7752,0.831845,5
btc-updown-5m-1789590000,2026-09-16 20:20:00+00:00,1789590000,5m,17.1905,16.3004,21.7166,0.835317,5
btc-updown-5m-1789590300,2026-09-16 20:25:00+00:00,1789590300,5m,14.0058,13.0781,20.0464,0.723214,4
btc-updown-15m-1789590600,2026-09-16 20:30:00+00:00,1789590600,15m,28.3055,26.7144,31.3105,0.834821,5
btc-updown-5m-1789590600,2026-09-16 20:30:00+00:00,1789590600,5m,18.1589,17.4607,19.1737,0.857639,5
btc-updown-5m-1789590900,2026-09-16 20:35:00+00:00,1789590900,5m,16.1235,15.4357,18.5654,0.809028,5
btc-updown-5m-1789591200,2026-09-16 20:40:00+00:00,1789591200,5m,15.6659,15.1332,17.7989,0.790675,4
btc-updown-15m-1789591500,2026-09-16 20:45:00+00:00,1789591500,15m,22.5081,21.1499,26.9434,0.718254,4
btc-updown-5m-1789591500,2026-09-16 20:45:00+00:00,1789591500,5m,13.8824,13.2562,16.4994,0.720238,4
btc-updown-5m-1789591800,2026-09-16 20:50:00+00:00,1789591800,5m,14.1654,13.4481,15.6852,0.732143,4
btc-updown-5m-1789592100,2026-09-16 20:55:00+00:00,1789592100,5m,12.7366,11.8926,14.5615,0.673115,4
btc-updown-15m-1789592400,2026-09-16 21:00:00+00:00,1789592400,15m,17.7364,16.041,21.8725,0.569444,3
btc-updown-5m-1789592400,2026-09-16 21:00:00+00:00,1789592400,5m,10.382,9.69791,13.3941,0.52381,3
btc-updown-5m-1789592700,2026-09-16 21:05:00+00:00,1789592700,5m,8.88119,8.16813,12.1637,0.41369,3
btc-updown-5m-1789593000,2026-09-16 21:10:00+00:00,1789593000,5m,8.57317,8.03529,11.6142,0.390377,2
btc-updown-15m-1789593300,2026-09-16 21:15:00+00:00,1789593300,15m,15.2195,13.7892,17.9085,0.461806,3
btc-updown-5m-1789593300,2026-09-16 21:15:00+00:00,1789593300,5m,8.88333,8.29769,10.9667,0.41369,3
btc-updown-5m-1789593600,2026-09-16 21:20:00+00:00,1789593600,5m,8.74589,8.10256,10.0994,0.403274,3
btc-updown-5m-1789593900,2026-09-16 21:25:00+00:00,1789593900,5m,8.18158,7.53307,9.55312,0.363095,2
btc-updown-15m-1789594200,2026-09-16 21:30:00+00:00,1789594200,15m,16.2082,14.4642,16.2191,0.501984,3
btc-updown-5m-1789594200,2026-09-16 21:30:00+00:00,1789594200,5m,10.4495,9.68068,9.93215,0.525794,3
btc-updown-5m-1789594500,2026-09-16 21:35:00+00:00,1789594500,5m,7.28469,6.72439,9.2687,0.308532,2
btc-updown-5m-1789594800,2026-09-16 21:40:00+00:00,1789594800,5m,8.77827,8.33186,8.98876,0.407242,3
btc-updown-15m-1789595100,2026-09-16 21:45:00+00:00,1789595100,15m,15.7574,14.7331,13.6883,0.482143,3
btc-updown-5m-1789595100,2026-09-16 21:45:00+00:00,1789595100,5m,9.37022,8.9582,8.38236,0.449901,3
btc-updown-5m-1789595400,2026-09-16 21:50:00+00:00,1789595400,5m,7.96118,7.41547,7.64198,0.352183,2
btc-updown-5m-1789595700,2026-09-16 21:55:00+00:00,1789595700,5m,7.14823,6.56209,7.07041,0.300595,2
btc-updown-15m-1789596000,2026-09-16 22:00:00+00:00,1789596000,15m,12.7883,11.5161,12.553,0.344742,2
btc-updown-5m-1789596000,2026-09-16 22:00:00+00:00,1789596000,5m,7.43948,6.86789,7.68709,0.321429,2
btc-updown-5m-1789596300,2026-09-16 22:05:00+00:00,1789596300,5m,17.5538,16.5908,10.5965,0.843254,5
btc-updown-5m-1789596600,2026-09-16 22:10:00+00:00,1789596600,5m,18.6541,17.2633,11.3461,0.866567,5
btc-updown-15m-1789596900,2026-09-16 22:15:00+00:00,1789596900,15m,23.0824,21.7058,19.2158,0.733135,4
btc-updown-5m-1789596900,2026-09-16 22:15:00+00:00,1789596900,5m,15.3125,14.4772,11.7672,0.779762,4
btc-updown-5m-1789597200,2026-09-16 22:20:00+00:00,1789597200,5m,13.5792,12.865,11.1949,0.707837,4
btc-updown-5m-1789597500,2026-09-16 22:25:00+00:00,1789597500,5m,18.008,17.2494,11.5021,0.854167,5
btc-updown-15m-1789597800,2026-09-16 22:30:00+00:00,1789597800,15m,22.9695,21.5967,18.2171,0.729663,4
btc-updown-5m-1789597800,2026-09-16 22:30:00+00:00,1789597800,5m,15.4603,14.8646,11.1556,0.782738,4
btc-updown-5m-1789598100,2026-09-16 22:35:00+00:00,1789598100,5m,13.998,13.2623,10.5253,0.723214,4
btc-updown-5m-1789598400,2026-09-16 22:40:00+00:00,1789598400,5m,13.0885,12.3584,10.2572,0.690972,4
btc-updown-15m-1789598700,2026-09-16 22:45:00+00:00,1789598700,15m,19.445,18.1182,17.1713,0.62748,4
btc-updown-5m-1789598700,2026-09-16 22:45:00+00:00,1789598700,5m,12.6438,11.9891,10.5152,0.665675,4
btc-updown-5m-1789599000,2026-09-16 22:50:00+00:00,1789599000,5m,12.6003,12.0546,10.2694,0.664187,4
btc-updown-5m-1789599300,2026-09-16 22:55:00+00:00,1789599300,5m,13.0891,12.5777,10.1029,0.690972,4
btc-updown-15m-1789599600,2026-09-16 23:00:00+00:00,1789599600,15m,17.1267,15.9833,15.0469,0.544643,3
btc-updown-5m-1789599600,2026-09-16 23:00:00+00:00,1789599600,5m,10.7686,10.2524,9.21433,0.546131,3
btc-updown-5m-1789599900,2026-09-16 23:05:00+00:00,1789599900,5m,10.8278,10.2758,9.42705,0.551091,3
btc-updown-5m-1789600200,2026-09-16 23:10:00+00:00,1789600200,5m,13.5026,12.8775,10.9325,0.706349,4
btc-updown-15m-1789600500,2026-09-16 23:15:00+00:00,1789600500,15m,16.9361,15.6822,16.5385,0.537698,3
btc-updown-5m-1789600500,2026-09-16 23:15:00+00:00,1789600500,5m,11.0887,10.4196,10.1277,0.566964,3
btc-updown-5m-1789600800,2026-09-16 23:20:00+00:00,1789600800,5m,16.345,15.9307,11.5713,0.816468,5
btc-updown-5m-1789601100,2026-09-16 23:25:00+00:00,1789601100,5m,14.9954,14.5251,11.4356,0.769345,4
btc-updown-15m-1789601400,2026-09-16 23:30:00+00:00,1789601400,15m,21.9251,20.9689,17.8415,0.702381,4
btc-updown-5m-1789601400,2026-09-16 23:30:00+00:00,1789601400,5m,13.6307,13.1418,10.9256,0.709325,4
btc-updown-5m-1789601700,2026-09-16 23:35:00+00:00,1789601700,5m,12.4038,11.9112,11.1284,0.655754,4
btc-updown-5m-1789602000,2026-09-16 23:40:00+00:00,1789602000,5m,11.3403,10.8646,10.6446,0.587302,3
btc-updown-15m-1789602300,2026-09-16 23:45:00+00:00,1789602300,15m,19.7659,18.0342,19.3413,0.636905,4
btc-updown-5m-1789602300,2026-09-16 23:45:00+00:00,1789602300,5m,12.5488,11.8172,11.8441,0.66369,4
btc-updown-5m-1789602600,2026-09-16 23:50:00+00:00,1789602600,5m,12.2886,11.7999,11.5319,0.650298,4
btc-updown-5m-1789602900,2026-09-16 23:55:00+00:00,1789602900,5m,10.0514,9.5965,11.2193,0.50248,3
btc-updown-15m-1789603200,2026-09-17 00:00:00+00:00,1789603200,15m,15.2444,14.1414,17.6233,0.462302,3
btc-updown-5m-1789603200,2026-09-17 00:00:00+00:00,1789603200,5m,9.09604,8.67613,10.792,0.429563,3
btc-updown-5m-1789603500,2026-09-17 00:05:00+00:00,1789603500,5m,8.67642,8.21969,10.1197,0.397817,2
btc-updown-5m-1789603800,2026-09-17 00:10:00+00:00,1789603800,5m,9.43168,8.99167,10.5033,0.457341,3
btc-updown-15m-1789604100,2026-09-17 00:15:00+00:00,1789604100,15m,21.0121,19.4696,20.8243,0.678075,4
btc-updown-5m-1789604100,2026-09-17 00:15:00+00:00,1789604100,5m,14.1776,13.421,12.7523,0.732143,4
btc-updown-5m-1789604400,2026-09-17 00:20:00+00:00,1789604400,5m,13.6034,13.0569,13.2241,0.708333,4
btc-updown-5m-1789604700,2026-09-17 00:25:00+00:00,1789604700,5m,11.7608,11.3617,13.1133,0.613095,4
btc-updown-15m-1789605000,2026-09-17 00:30:00+00:00,1789605000,15m,18.3557,17.3055,21.2663,0.593254,3
btc-updown-5m-1789605000,2026-09-17 00:30:00+00:00,1789605000,5m,11.0772,10.6827,13.0229,0.566468,3
btc-updown-5m-1789605300,2026-09-17 00:35:00+00:00,1789605300,5m,10.2591,9.87133,12.5498,0.517857,3
btc-updown-5m-1789605600,2026-09-17 00:40:00+00:00,1789605600,5m,11.6025,11.2704,13.4462,0.601687,4
btc-updown-15m-1789605900,2026-09-17 00:45:00+00:00,1789605900,15m,15.9016,14.8146,20.0586,0.489087,3
btc-updown-5m-1789605900,2026-09-17 00:45:00+00:00,1789605900,5m,9.48575,9.03311,12.2833,0.459821,3
btc-updown-5m-1789606200,2026-09-17 00:50:00+00:00,1789606200,5m,9.94262,9.53263,11.5561,0.494544,3
btc-updown-5m-1789606500,2026-09-17 00:55:00+00:00,1789606500,5m,8.8353,8.36292,10.5084,0.410218,3
btc-updown-15m-1789606800,2026-09-17 01:00:00+00:00,1789606800,15m,14.3898,13.5655,16.2391,0.418651,3
btc-updown-5m-1789606800,2026-09-17 01:00:00+00:00,1789606800,5m,8.27511,7.90058,9.9444,0.370536,2
btc-updown-5m-1789607100,2026-09-17 01:05:00+00:00,1789607100,5m,10.7594,10.4241,10.5024,0.545139,3
btc-updown-5m-1789607400,2026-09-17 01:10:00+00:00,1789607400,5m,11.5475,11.0673,12.4414,0.59871,3
btc-updown-15m-1789607700,2026-09-17 01:15:00+00:00,1789607700,15m,17.0333,16.1061,19.3011,0.543155,3
btc-updown-5m-1789607700,2026-09-17 01:15:00+00:00,1789607700,5m,10.9242,10.4344,11.8195,0.55754,3
btc-updown-5m-1789608000,2026-09-17 01:20:00+00:00,1789608000,5m,11.5221,10.9863,12.0814,0.598214,3
btc-updown-5m-1789608300,2026-09-17 01:25:00+00:00,1789608300,5m,12.2729,11.7811,11.6401,0.649802,4
btc-updown-15m-1789608600,2026-09-17 01:30:00+00:00,1789608600,15m,32.1912,30.3694,21.9604,0.881944,5
btc-updown-5m-1789608600,2026-09-17 01:30:00+00:00,1789608600,5m,20.2029,19.3364,13.4479,0.891369,5
btc-updown-5m-1789608900,2026-09-17 01:35:00+00:00,1789608900,5m,16.9162,16.2452,14.1363,0.830357,5
btc-updown-5m-1789609200,2026-09-17 01:40:00+00:00,1789609200,5m,16.4494,15.8889,14.5472,0.818948,5
btc-updown-15m-1789609500,2026-09-17 01:45:00+00:00,1789609500,15m,29.5001,28.4821,25.2003,0.852679,5
btc-updown-5m-1789609500,2026-09-17 01:45:00+00:00,1789609500,5m,17.4291,16.9169,15.432,0.840278,5
btc-updown-5m-1789609800,2026-09-17 01:50:00+00:00,1789609800,5m,15.4768,14.9974,15.2856,0.783234,4
btc-updown-5m-1789610100,2026-09-17 01:55:00+00:00,1789610100,5m,15.6755,15.2905,15.0121,0.791171,4
btc-updown-15m-1789610400,2026-09-17 02:00:00+00:00,1789610400,15m,24.0881,23.1762,23.6127,0.75248,4
btc-updown-5m-1789610400,2026-09-17 02:00:00+00:00,1789610400,5m,13.8839,13.3142,14.4598,0.720238,4
btc-updown-5m-1789610700,2026-09-17 02:05:00+00:00,1789610700,5m,13.4151,12.9782,13.6983,0.704365,4
btc-updown-5m-1789611000,2026-09-17 02:10:00+00:00,1789611000,5m,14.7992,14.5047,14.4033,0.763393,4
btc-updown-15m-1789611300,2026-09-17 02:15:00+00:00,1789611300,15m,25.6499,24.849,23.1156,0.794147,4
btc-updown-5m-1789611300,2026-09-17 02:15:00+00:00,1789611300,5m,14.6015,14.3358,14.1554,0.756448,4
btc-updown-5m-1789611600,2026-09-17 02:20:00+00:00,1789611600,5m,13.3427,12.856,13.4329,0.700893,4
btc-updown-5m-1789611900,2026-09-17 02:25:00+00:00,1789611900,5m,11.8614,11.1316,12.3336,0.619048,4
btc-updown-15m-1789612200,2026-09-17 02:30:00+00:00,1789612200,15m,21.757,20.6694,19.038,0.697917,4
btc-updown-5m-1789612200,2026-09-17 02:30:00+00:00,1789612200,5m,12.9316,12.3365,11.6583,0.682044,4
btc-updown-5m-1789612500,2026-09-17 02:35:00+00:00,1789612500,5m,12.0832,11.5309,10.7897,0.639385,4
btc-updown-5m-1789612800,2026-09-17 02:40:00+00:00,1789612800,5m,15.8605,15.5653,11.5441,0.799107,4
btc-updown-15m-1789613100,2026-09-17 02:45:00+00:00,1789613100,15m,24.2241,23.5262,18.3644,0.752976,4
btc-updown-5m-1789613100,2026-09-17 02:45:00+00:00,1789613100,5m,13.6276,13.3702,11.2458,0.708829,4
btc-updown-5m-1789613400,2026-09-17 02:50:00+00:00,1789613400,5m,10.9835,10.5675,10.3441,0.561012,3
btc-updown-5m-1789613700,2026-09-17 02:55:00+00:00,1789613700,5m,12.8212,12.5101,11.1024,0.677579,4
btc-updown-15m-1789614000,2026-09-17 03:00:00+00:00,1789614000,15m,20.6621,19.74,17.1817,0.665675,4
btc-updown-5m-1789614000,2026-09-17 03:00:00+00:00,1789614000,5m,11.8068,11.323,10.5216,0.615575,4
btc-updown-5m-1789614300,2026-09-17 03:05:00+00:00,1789614300,5m,12.4735,12.0368,10.418,0.660218,4
btc-updown-5m-1789614600,2026-09-17 03:10:00+00:00,1789614600,5m,11.745,11.4853,10.011,0.612599,4
btc-updown-15m-1789614900,2026-09-17 03:15:00+00:00,1789614900,15m,18.8421,18.1167,15.0225,0.609623,4
btc-updown-5m-1789614900,2026-09-17 03:15:00+00:00,1789614900,5m,10.5973,10.3015,9.19936,0.537202,3
btc-updown-5m-1789615200,2026-09-17 03:20:00+00:00,1789615200,5m,10.6178,10.3387,8.77636,0.53869,3
btc-updown-5m-1789615500,2026-09-17 03:25:00+00:00,1789615500,5m,10.6388,10.3536,8.16009,0.540675,3
btc-updown-15m-1789615800,2026-09-17 03:30:00+00:00,1789615800,15m,17.41,16.7686,12.7343,0.559524,3
btc-updown-5m-1789615800,2026-09-17 03:30:00+00:00,1789615800,5m,10.475,10.2001,7.79811,0.527282,3
btc-updown-5m-1789616100,2026-09-17 03:35:00+00:00,1789616100,5m,11.1511,10.8007,8.2239,0.573413,3
btc-updown-5m-1789616400,2026-09-17 03:40:00+00:00,1789616400,5m,10.0476,9.75399,8.12585,0.501984,3
btc-updown-15m-1789616700,2026-09-17 03:45:00+00:00,1789616700,15m,15.9591,15.1944,12.3651,0.490079,3
btc-updown-5m-1789616700,2026-09-17 03:45:00+00:00,1789616700,5m,8.99411,8.63276,7.57205,0.422619,3
btc-updown-5m-1789617000,2026-09-17 03:50:00+00:00,1789617000,5m,8.88586,8.41766,7.10136,0.41369,3
btc-updown-5m-1789617300,2026-09-17 03:55:00+00:00,1789617300,5m,8.99219,8.7032,7.02559,0.422123,3
btc-updown-15m-1789617600,2026-09-17 04:00:00+00:00,1789617600,15m,14.2884,13.4882,10.8676,0.41369,3
btc-updown-5m-1789617600,2026-09-17 04:00:00+00:00,1789617600,5m,8.15926,7.77852,6.655,0.362103,2
btc-updown-5m-1789617900,2026-09-17 04:05:00+00:00,1789617900,5m,8.75212,8.43805,6.50297,0.40377,3
btc-updown-5m-1789618200,2026-09-17 04:10:00+00:00,1789618200,5m,7.31908,7.00812,6.22693,0.310516,2
btc-updown-15m-1789618500,2026-09-17 04:15:00+00:00,1789618500,15m,14.5566,14.0236,10.0135,0.427579,3
btc-updown-5m-1789618500,2026-09-17 04:15:00+00:00,1789618500,5m,7.56978,7.25923,6.13199,0.329365,2
btc-updown-5m-1789618800,2026-09-17 04:20:00+00:00,1789618800,5m,6.21237,5.8552,5.62336,0.243552,2
btc-updown-5m-1789619100,2026-09-17 04:25:00+00:00,1789619100,5m,7.49483,7.21959,5.9416,0.325397,2
btc-updown-15m-1789619400,2026-09-17 04:30:00+00:00,1789619400,15m,13.8712,13.351,9.90702,0.395833,2
btc-updown-5m-1789619400,2026-09-17 04:30:00+00:00,1789619400,5m,7.40184,7.04948,6.06678,0.31746,2
btc-updown-5m-1789619700,2026-09-17 04:35:00+00:00,1789619700,5m,7.87728,7.5089,6.403,0.346726,2
btc-updown-5m-1789620000,2026-09-17 04:40:00+00:00,1789620000,5m,9.79914,9.50342,6.98334,0.484127,3
btc-updown-15m-1789620300,2026-09-17 04:45:00+00:00,1789620300,15m,17.9023,17.0727,11.9979,0.578373,3
btc-updown-5m-1789620300,2026-09-17 04:45:00+00:00,1789620300,5m,10.0924,9.70602,7.34716,0.506448,3
btc-updown-5m-1789620600,2026-09-17 04:50:00+00:00,1789620600,5m,14.1192,13.6196,9.65377,0.728671,4
btc-updown-5m-1789620900,2026-09-17 04:55:00+00:00,1789620900,5m,11.3359,11.0581,9.03973,0.587302,3
btc-updown-15m-1789621200,2026-09-17 05:00:00+00:00,1789621200,15m,22.6889,21.9647,16.4424,0.72371,4
btc-updown-5m-1789621200,2026-09-17 05:00:00+00:00,1789621200,5m,13.3072,13.0697,10.0689,0.698909,4
btc-updown-5m-1789621500,2026-09-17 05:05:00+00:00,1789621500,5m,13.1583,12.944,11.2023,0.692956,4
btc-updown-5m-1789621800,2026-09-17 05:10:00+00:00,1789621800,5m,10.6881,10.4942,10.3073,0.542163,3
btc-updown-15m-1789622100,2026-09-17 05:15:00+00:00,1789622100,15m,17.1801,16.4279,15.9156,0.547619,3
btc-updown-5m-1789622100,2026-09-17 05:15:00+00:00,1789622100,5m,9.47023,9.11285,9.74628,0.459821,3
btc-updown-5m-1789622400,2026-09-17 05:20:00+00:00,1789622400,5m,8.49031,8.14324,8.95833,0.382937,2
btc-updown-5m-1789622700,2026-09-17 05:25:00+00:00,1789622700,5m,8.13721,7.70637,8.31273,0.361111,2
btc-updown-15m-1789623000,2026-09-17 05:30:00+00:00,1789623000,15m,17.0418,16.2517,16.2267,0.543651,3
btc-updown-5m-1789623000,2026-09-17 05:30:00+00:00,1789623000,5m,9.62541,9.22126,9.9368,0.472718,3
btc-updown-5m-1789623300,2026-09-17 05:35:00+00:00,1789623300,5m,9.75939,9.40635,9.55481,0.481647,3
btc-updown-5m-1789623600,2026-09-17 05:40:00+00:00,1789623600,5m,9.43956,8.98408,10.1618,0.457837,3
btc-updown-15m-1789623900,2026-09-17 05:45:00+00:00,1789623900,15m,16.8981,16.1051,15.652,0.53373,3
btc-updown-5m-1789623900,2026-09-17 05:45:00+00:00,1789623900,5m,9.02058,8.59086,9.58483,0.424107,3
btc-updown-5m-1789624200,2026-09-17 05:50:00+00:00,1789624200,5m,7.47225,7.08653,8.76604,0.323413,2
btc-updown-5m-1789624500,2026-09-17 05:55:00+00:00,1789624500,5m,8.23362,7.88508,8.42727,0.36756,2
btc-updown-15m-1789624800,2026-09-17 06:00:00+00:00,1789624800,15m,16.0016,15.2721,13.9257,0.493552,3
btc-updown-5m-1789624800,2026-09-17 06:00:00+00:00,1789624800,5m,8.95415,8.62878,8.52773,0.417163,3
btc-updown-5m-1789625100,2026-09-17 06:05:00+00:00,1789625100,5m,9.13948,8.90103,8.57817,0.433532,3
btc-updown-5m-1789625400,2026-09-17 06:10:00+00:00,1789625400,5m,9.46212,9.23614,8.38176,0.459325,3
btc-updown-15m-1789625700,2026-09-17 06:15:00+00:00,1789625700,15m,15.2005,14.5357,12.7693,0.46131,3
btc-updown-5m-1789625700,2026-09-17 06:15:00+00:00,1789625700,5m,7.99408,7.66085,7.81956,0.354167,2
btc-updown-5m-1789626000,2026-09-17 06:20:00+00:00,1789626000,5m,8.73763,8.59022,7.97947,0.402778,3
btc-updown-5m-1789626300,2026-09-17 06:25:00+00:00,1789626300,5m,8.06667,7.9562,8.04721,0.357143,2
btc-updown-15m-1789626600,2026-09-17 06:30:00+00:00,1789626600,15m,15.0663,14.5088,13.1686,0.455357,3
btc-updown-5m-1789626600,2026-09-17 06:30:00+00:00,1789626600,5m,8.82402,8.62753,8.06411,0.410218,3
btc-updown-5m-1789626900,2026-09-17 06:35:00+00:00,1789626900,5m,10.2446,10.169,8.68341,0.514881,3
btc-updown-5m-1789627200,2026-09-17 06:40:00+00:00,1789627200,5m,9.68705,9.49276,8.26844,0.478175,3
btc-updown-15m-1789627500,2026-09-17 06:45:00+00:00,1789627500,15m,15.886,15.428,13.0451,0.489087,3
btc-updown-5m-1789627500,2026-09-17 06:45:00+00:00,1789627500,5m,8.77017,8.57899,7.98847,0.405258,3
btc-updown-5m-1789627800,2026-09-17 06:50:00+00:00,1789627800,5m,8.01499,7.78693,7.31463,0.354663,2
btc-updown-5m-1789628100,2026-09-17 06:55:00+00:00,1789628100,5m,8.13492,7.94732,7.13973,0.361111,2
btc-updown-15m-1789628400,2026-09-17 07:00:00+00:00,1789628400,15m,14.6124,14.2112,11.1002,0.43254,3
btc-updown-5m-1789628400,2026-09-17 07:00:00+00:00,1789628400,5m,7.93552,7.73124,6.79748,0.349206,2
btc-updown-5m-1789628700,2026-09-17 07:05:00+00:00,1789628700,5m,7.22283,7.00307,6.53151,0.30506,2
btc-updown-5m-1789629000,2026-09-17 07:10:00+00:00,1789629000,5m,10.4623,10.2559,8.62929,0.526786,3
btc-updown-15m-1789629300,2026-09-17 07:15:00+00:00,1789629300,15m,16.8187,16.4386,14.6862,0.53125,3
btc-updown-5m-1789629300,2026-09-17 07:15:00+00:00,1789629300,5m,9.41977,9.32606,8.9934,0.456845,3
btc-updown-5m-1789629600,2026-09-17 07:20:00+00:00,1789629600,5m,11.3225,11.0757,9.78235,0.58631,3
btc-updown-5m-1789629900,2026-09-17 07:25:00+00:00,1789629900,5m,9.6015,9.29067,9.91725,0.471726,3
btc-updown-15m-1789630200,2026-09-17 07:30:00+00:00,1789630200,15m,14.4483,13.8442,14.7732,0.422619,3
btc-updown-5m-1789630200,2026-09-17 07:30:00+00:00,1789630200,5m,8.71607,8.39131,9.04672,0.401786,3
btc-updown-5m-1789630500,2026-09-17 07:35:00+00:00,1789630500,5m,8.383,8.06892,8.79259,0.375992,2
btc-updown-5m-1789630800,2026-09-17 07:40:00+00:00,1789630800,5m,7.35664,6.8445,8.03848,0.312996,2
btc-updown-15m-1789631100,2026-09-17 07:45:00+00:00,1789631100,15m,12.5943,11.987,12.6689,0.338294,2
btc-updown-5m-1789631100,2026-09-17 07:45:00+00:00,1789631100,5m,7.86586,7.48965,7.75808,0.34623,2
btc-updown-5m-1789631400,2026-09-17 07:50:00+00:00,1789631400,5m,7.8009,7.5531,7.95004,0.34375,2
btc-updown-5m-1789631700,2026-09-17 07:55:00+00:00,1789631700,5m,6.56036,6.22076,7.48067,0.268849,2
btc-updown-15m-1789632000,2026-09-17 08:00:00+00:00,1789632000,15m,12.2365,11.7229,11.3715,0.323413,2
btc-updown-5m-1789632000,2026-09-17 08:00:00+00:00,1789632000,5m,6.79268,6.50139,6.9636,0.280754,2
btc-updown-5m-1789632300,2026-09-17 08:05:00+00:00,1789632300,5m,7.40439,7.07433,6.73901,0.31746,2
btc-updown-5m-1789632600,2026-09-17 08:10:00+00:00,1789632600,5m,7.15602,6.83448,7.00092,0.301587,2
btc-updown-15m-1789632900,2026-09-17 08:15:00+00:00,1789632900,15m,12.8629,12.4447,12.4756,0.34871,2
btc-updown-5m-1789632900,2026-09-17 08:15:00+00:00,1789632900,5m,7.97496,7.77419,7.63971,0.353175,2
btc-updown-5m-1789633200,2026-09-17 08:20:00+00:00,1789633200,5m,8.10135,7.85755,7.49757,0.359127,2
btc-updown-5m-1789633500,2026-09-17 08:25:00+00:00,1789633500,5m,8.22379,7.95097,7.3374,0.366071,2
btc-updown-15m-1789633800,2026-09-17 08:30:00+00:00,1789633800,15m,12.0739,11.5924,12.6466,0.317956,2
btc-updown-5m-1789633800,2026-09-17 08:30:00+00:00,1789633800,5m,7.99029,7.7274,7.74443,0.353671,2
btc-updown-5m-1789634100,2026-09-17 08:35:00+00:00,1789634100,5m,8.06716,7.80771,7.47737,0.357143,2
btc-updown-5m-1789634400,2026-09-17 08:40:00+00:00,1789634400,5m,8.41864,8.16553,8.04728,0.378472,2
btc-updown-15m-1789634700,2026-09-17 08:45:00+00:00,1789634700,15m,11.1201,10.4728,13.5397,0.284722,2
btc-updown-5m-1789634700,2026-09-17 08:45:00+00:00,1789634700,5m,7.66185,7.25293,8.29134,0.333829,2
btc-updown-5m-1789635000,2026-09-17 08:50:00+00:00,1789635000,5m,6.3389,5.84149,7.59279,0.252976,2
btc-updown-5m-1789635300,2026-09-17 08:55:00+00:00,1789635300,5m,7.074,6.70409,7.37908,0.294147,2
btc-updown-15m-1789635600,2026-09-17 09:00:00+00:00,1789635600,15m,10.9994,10.4866,12.1242,0.28125,2
btc-updown-5m-1789635600,2026-09-17 09:00:00+00:00,1789635600,5m,7.74967,7.45002,7.4245,0.339286,2
btc-updown-5m-1789635900,2026-09-17 09:05:00+00:00,1789635900,5m,8.54946,8.26243,8.89931,0.387897,2
btc-updown-5m-1789636200,2026-09-17 09:10:00+00:00,1789636200,5m,8.72185,8.41282,8.54515,0.402282,3
btc-updown-15m-1789636500,2026-09-17 09:15:00+00:00,1789636500,15m,13.999,13.5787,13.8999,0.400794,3
btc-updown-5m-1789636500,2026-09-17 09:15:00+00:00,1789636500,5m,9.3787,9.06185,8.51192,0.450397,3
btc-updown-5m-1789636800,2026-09-17 09:20:00+00:00,1789636800,5m,9.61585,9.31432,8.40822,0.472222,3
btc-updown-5m-1789637100,2026-09-17 09:25:00+00:00,1789637100,5m,9.0811,8.88854,10.0776,0.429067,3
btc-updown-15m-1789637400,2026-09-17 09:30:00+00:00,1789637400,15m,13.3141,12.8961,15.0498,0.37252,2
btc-updown-5m-1789637400,2026-09-17 09:30:00+00:00,1789637400,5m,8.12238,7.89728,9.21609,0.360119,2
btc-updown-5m-1789637700,2026-09-17 09:35:00+00:00,1789637700,5m,7.86395,7.6699,8.92016,0.345734,2
btc-updown-5m-1789638000,2026-09-17 09:40:00+00:00,1789638000,5m,8.93551,8.7322,9.45135,0.416667,3
btc-updown-15m-1789638300,2026-09-17 09:45:00+00:00,1789638300,15m,13.4961,13.0311,14.7908,0.37996,2
btc-updown-5m-1789638300,2026-09-17 09:45:00+00:00,1789638300,5m,8.65362,8.4456,9.05746,0.395833,2
btc-updown-5m-1789638600,2026-09-17 09:50:00+00:00,1789638600,5m,8.34376,8.10914,8.73047,0.373512,2
btc-updown-5m-1789638900,2026-09-17 09:55:00+00:00,1789638900,5m,8.47428,8.25521,8.61166,0.381448,2
btc-updown-15m-1789639200,2026-09-17 10:00:00+00:00,1789639200,15m,12.538,12.2255,13.5322,0.336806,2
btc-updown-5m-1789639200,2026-09-17 10:00:00+00:00,1789639200,5m,7.94957,7.76666,8.28678,0.350198,2
btc-updown-5m-1789639500,2026-09-17 10:05:00+00:00,1789639500,5m,10.6523,10.4857,9.21223,0.540675,3
btc-updown-5m-1789639800,2026-09-17 10:10:00+00:00,1789639800,5m,9.10396,8.87084,8.87029,0.429563,3
btc-updown-15m-1789640100,2026-09-17 10:15:00+00:00,1789640100,15m,12.865,12.6362,15.1066,0.34871,2
btc-updown-5m-1789640100,2026-09-17 10:15:00+00:00,1789640100,5m,8.53025,8.42467,9.25086,0.386409,2
btc-updown-5m-1789640400,2026-09-17 10:20:00+00:00,1789640400,5m,8.73707,8.62672,9.13908,0.402778,3
btc-updown-5m-1789640700,2026-09-17 10:25:00+00:00,1789640700,5m,8.29535,8.1941,8.5644,0.370536,2
btc-updown-15m-1789641000,2026-09-17 10:30:00+00:00,1789641000,15m,12.7103,12.5315,13.0091,0.342262,2
btc-updown-5m-1789641000,2026-09-17 10:30:00+00:00,1789641000,5m,8.097,7.97747,7.9664,0.358631,2
btc-updown-5m-1789641300,2026-09-17 10:35:00+00:00,1789641300,5m,7.9099,7.91413,7.41632,0.348214,2
btc-updown-5m-1789641600,2026-09-17 10:40:00+00:00,1789641600,5m,7.92198,7.85184,7.31916,0.348214,2
btc-updown-15m-1789641900,2026-09-17 10:45:00+00:00,1789641900,15m,12.091,11.8536,11.2169,0.318452,2
btc-updown-5m-1789641900,2026-09-17 10:45:00+00:00,1789641900,5m,7.55308,7.50272,6.86892,0.327877,2
btc-updown-5m-1789642200,2026-09-17 10:50:00+00:00,1789642200,5m,7.83187,7.78244,6.55482,0.34375,2
btc-updown-5m-1789642500,2026-09-17 10:55:00+00:00,1789642500,5m,7.49982,7.48086,6.59441,0.325397,2
btc-updown-15m-1789642800,2026-09-17 11:00:00+00:00,1789642800,15m,11.4423,11.1563,11.3178,0.298611,2
btc-updown-5m-1789642800,2026-09-17 11:00:00+00:00,1789642800,5m,7.61829,7.51669,6.93068,0.331845,2
btc-updown-5m-1789643100,2026-09-17 11:05:00+00:00,1789643100,5m,7.61603,7.55142,6.87224,0.331845,2
btc-updown-5m-1789643400,2026-09-17 11:10:00+00:00,1789643400,5m,7.57354,7.6391,7.17089,0.329365,2
btc-updown-15m-1789643700,2026-09-17 11:15:00+00:00,1789643700,15m,10.9602,10.6921,11.5751,0.280258,2
btc-updown-5m-1789643700,2026-09-17 11:15:00+00:00,1789643700,5m,7.24382,7.13562,7.0883,0.305556,2
btc-updown-5m-1789644000,2026-09-17 11:20:00+00:00,1789644000,5m,7.59064,7.50418,8.03145,0.330357,2
btc-updown-5m-1789644300,2026-09-17 11:25:00+00:00,1789644300,5m,7.0787,6.99512,7.59954,0.294643,2
btc-updown-15m-1789644600,2026-09-17 11:30:00+00:00,1789644600,15m,11.3752,11.2224,12.4065,0.295635,2
btc-updown-5m-1789644600,2026-09-17 11:30:00+00:00,1789644600,5m,7.31244,7.31414,7.59738,0.31002,2
btc-updown-5m-1789644900,2026-09-17 11:35:00+00:00,1789644900,5m,7.36074,7.3828,7.47318,0.313988,2
btc-updown-5m-1789645200,2026-09-17 11:40:00+00:00,1789645200,5m,7.69677,7.78288,7.40308,0.335317,2
btc-updown-15m-1789645500,2026-09-17 11:45:00+00:00,1789645500,15m,14.1448,14.1041,12.6768,0.406746,3
btc-updown-5m-1789645500,2026-09-17 11:45:00+00:00,1789645500,5m,8.10079,8.19512,7.76293,0.359127,2
btc-updown-5m-1789645800,2026-09-17 11:50:00+00:00,1789645800,5m,7.94743,7.99009,7.56324,0.350198,2
btc-updown-5m-1789646100,2026-09-17 11:55:00+00:00,1789646100,5m,7.72178,7.79107,7.20666,0.337302,2
btc-updown-15m-1789646400,2026-09-17 12:00:00+00:00,1789646400,15m,20.2459,19.0831,17.7958,0.65129,4
btc-updown-5m-1789646400,2026-09-17 12:00:00+00:00,1789646400,5m,14.6708,14.1747,10.8977,0.759425,4
btc-updown-5m-1789646700,2026-09-17 12:05:00+00:00,1789646700,5m,11.2894,11.0354,12.5476,0.584821,3
btc-updown-5m-1789647000,2026-09-17 12:10:00+00:00,1789647000,5m,11.9465,11.7793,13.6401,0.62996,4
btc-updown-15m-1789647300,2026-09-17 12:15:00+00:00,1789647300,15m,28.406,28.8655,24.295,0.83631,5
btc-updown-5m-1789647300,2026-09-17 12:15:00+00:00,1789647300,5m,17.6546,16.976,14.8776,0.84623,5
btc-updown-5m-1789647600,2026-09-17 12:20:00+00:00,1789647600,5m,21.0262,20.5744,15.9306,0.899802,5
btc-updown-5m-1789647900,2026-09-17 12:25:00+00:00,1789647900,5m,15.167,14.5319,15.9342,0.775794,4
btc-updown-15m-1789648200,2026-09-17 12:30:00+00:00,1789648200,15m,19.1582,18.1753,24.1706,0.619544,4
btc-updown-5m-1789648200,2026-09-17 12:30:00+00:00,1789648200,5m,12.3562,12.0502,14.8014,0.653274,4
btc-updown-5m-1789648500,2026-09-17 12:35:00+00:00,1789648500,5m,13.9602,13.5657,16.7563,0.721726,4
btc-updown-5m-1789648800,2026-09-17 12:40:00+00:00,1789648800,5m,12.6226,12.206,16.7122,0.664683,4
btc-updown-15m-1789649100,2026-09-17 12:45:00+00:00,1789649100,15m,17.8944,16.5607,24.9925,0.578373,3
btc-updown-5m-1789649100,2026-09-17 12:45:00+00:00,1789649100,5m,11.1312,10.6937,15.3047,0.571429,3
btc-updown-5m-1789649400,2026-09-17 12:50:00+00:00,1789649400,5m,12.2945,12.1103,14.589,0.650298,4
btc-updown-5m-1789649700,2026-09-17 12:55:00+00:00,1789649700,5m,11.6618,11.5155,14.0474,0.604663,4
btc-updown-15m-1789650000,2026-09-17 13:00:00+00:00,1789650000,15m,18.1319,17.3164,21.3648,0.588294,3
btc-updown-5m-1789650000,2026-09-17 13:00:00+00:00,1789650000,5m,11.2259,10.9493,13.0832,0.579365,3
btc-updown-5m-1789650300,2026-09-17 13:05:00+00:00,1789650300,5m,12.0759,11.8886,13.0219,0.638889,4
btc-updown-5m-1789650600,2026-09-17 13:10:00+00:00,1789650600,5m,11.1696,11.0876,12.5932,0.575893,3
btc-updown-15m-1789650900,2026-09-17 13:15:00+00:00,1789650900,15m,18.4567,17.9611,21.1359,0.59623,3
btc-updown-5m-1789650900,2026-09-17 13:15:00+00:00,1789650900,5m,11.7953,11.6565,12.9431,0.614583,4
btc-updown-5m-1789651200,2026-09-17 13:20:00+00:00,1789651200,5m,10.4188,10.3407,12.1626,0.524802,3
btc-updown-5m-1789651500,2026-09-17 13:25:00+00:00,1789651500,5m,10.898,10.8305,12.4184,0.556548,3
btc-updown-15m-1789651800,2026-09-17 13:30:00+00:00,1789651800,15m,16.0428,15.5111,19.2271,0.495536,3
btc-updown-5m-1789651800,2026-09-17 13:30:00+00:00,1789651800,5m,10.0713,9.95315,11.7741,0.505456,3
btc-updown-5m-1789652100,2026-09-17 13:35:00+00:00,1789652100,5m,14.4389,14.2914,15.5199,0.74752,4
btc-updown-5m-1789652400,2026-09-17 13:40:00+00:00,1789652400,5m,22.242,20.77,17.8071,0.915675,5
btc-updown-15m-1789652700,2026-09-17 13:45:00+00:00,1789652700,15m,36.7026,34.7989,29.5021,0.91121,5
btc-updown-5m-1789652700,2026-09-17 13:45:00+00:00,1789652700,5m,20.9211,20.0378,18.0663,0.899306,5
btc-updown-5m-1789653000,2026-09-17 13:50:00+00:00,1789653000,5m,24.7571,23.2668,20.4413,0.937996,5
btc-updown-5m-1789653300,2026-09-17 13:55:00+00:00,1789653300,5m,22.6783,21.3562,20.3065,0.919147,5
btc-updown-15m-1789653600,2026-09-17 14:00:00+00:00,1789653600,15m,30.4669,28.4005,32.4267,0.86756,5
btc-updown-5m-1789653600,2026-09-17 14:00:00+00:00,1789653600,5m,18.5001,17.4568,19.8572,0.863591,5
btc-updown-5m-1789653900,2026-09-17 14:05:00+00:00,1789653900,5m,20.0972,19.4087,19.6382,0.889881,5
btc-updown-5m-1789654200,2026-09-17 14:10:00+00:00,1789654200,5m,21.5044,21.1885,21.2978,0.909226,5
btc-updown-15m-1789654500,2026-09-17 14:15:00+00:00,1789654500,15m,39.5384,37.4529,35.4286,0.927083,5
btc-updown-5m-1789654500,2026-09-17 14:15:00+00:00,1789654500,5m,22.451,21.9061,21.6955,0.918155,5
btc-updown-5m-1789654800,2026-09-17 14:20:00+00:00,1789654800,5m,23.2915,22.5957,23.1941,0.924107,5
btc-updown-5m-1789655100,2026-09-17 14:25:00+00:00,1789655100,5m,21.4647,20.9835,22.7444,0.909226,5
btc-updown-15m-1789655400,2026-09-17 14:30:00+00:00,1789655400,15m,39.5767,38.2398,36.1603,0.927083,5
btc-updown-5m-1789655400,2026-09-17 14:30:00+00:00,1789655400,5m,21.703,21.4877,22.1436,0.91121,5
btc-updown-5m-1789655700,2026-09-17 14:35:00+00:00,1789655700,5m,20.5851,20.2593,20.6789,0.894345,5
btc-updown-5m-1789656000,2026-09-17 14:40:00+00:00,1789656000,5m,19.6444,19.4629,19.9379,0.886409,5
btc-updown-15m-1789656300,2026-09-17 14:45:00+00:00,1789656300,15m,33.4568,32.4486,31.8222,0.891865,5
btc-updown-5m-1789656300,2026-09-17 14:45:00+00:00,1789656300,5m,18.8848,18.7986,19.487,0.87252,5
btc-updown-5m-1789656600,2026-09-17 14:50:00+00:00,1789656600,5m,18.3712,18.2105,19.2789,0.861111,5
btc-updown-5m-1789656900,2026-09-17 14:55:00+00:00,1789656900,5m,18.3363,17.8849,18.639,0.860615,5
btc-updown-15m-1789657200,2026-09-17 15:00:00+00:00,1789657200,15m,28.0773,26.7403,28.652,0.834325,5
btc-updown-5m-1789657200,2026-09-17 15:00:00+00:00,1789657200,5m,16.7463,16.4323,17.5457,0.826389,5
btc-updown-5m-1789657500,2026-09-17 15:05:00+00:00,1789657500,5m,18.8468,18.4428,17.9315,0.871032,5
btc-updown-5m-1789657800,2026-09-17 15:10:00+00:00,1789657800,5m,19.7485,19.6968,18.0633,0.888889,5
btc-updown-15m-1789658100,2026-09-17 15:15:00+00:00,1789658100,15m,30.649,29.5547,27.621,0.87004,5
btc-updown-5m-1789658100,2026-09-17 15:15:00+00:00,1789658100,5m,17.5825,17.2966,16.9143,0.844742,5
btc-updown-5m-1789658400,2026-09-17 15:20:00+00:00,1789658400,5m,18.262,18.216,16.5139,0.859623,5
btc-updown-5m-1789658700,2026-09-17 15:25:00+00:00,1789658700,5m,16.8677,16.4036,15.7061,0.828869,5
btc-updown-15m-1789659000,2026-09-17 15:30:00+00:00,1789659000,15m,24.3421,23.0003,24.5783,0.756448,4
btc-updown-5m-1789659000,2026-09-17 15:30:00+00:00,1789659000,5m,14.7855,14.3148,15.0511,0.763393,4
btc-updown-5m-1789659300,2026-09-17 15:35:00+00:00,1789659300,5m,13.4297,12.893,14.0662,0.704365,4
btc-updown-5m-1789659600,2026-09-17 15:40:00+00:00,1789659600,5m,16.3912,16.29,14.5111,0.81746,5
btc-updown-15m-1789659900,2026-09-17 15:45:00+00:00,1789659900,15m,32.16,31.547,25.1157,0.881448,5
btc-updown-5m-1789659900,2026-09-17 15:45:00+00:00,1789659900,5m,18.6202,18.6287,15.3801,0.866071,5
btc-updown-5m-1789660200,2026-09-17 15:50:00+00:00,1789660200,5m,16.474,16.2337,14.7504,0.819444,5
btc-updown-5m-1789660500,2026-09-17 15:55:00+00:00,1789660500,5m,17.7177,17.6179,14.2346,0.847222,5
btc-updown-15m-1789660800,2026-09-17 16:00:00+00:00,1789660800,15m,26.8749,26.0318,22.673,0.816468,5
btc-updown-5m-1789660800,2026-09-17 16:00:00+00:00,1789660800,5m,16.742,16.534,13.8843,0.825893,5
btc-updown-5m-1789661100,2026-09-17 16:05:00+00:00,1789661100,5m,14.9063,14.5511,12.6653,0.765873,4
btc-updown-5m-1789661400,2026-09-17 16:10:00+00:00,1789661400,5m,13.3747,13.0259,12.6288,0.701389,4
btc-updown-15m-1789661700,2026-09-17 16:15:00+00:00,1789661700,15m,18.7281,17.573,20.47,0.606151,4
btc-updown-5m-1789661700,2026-09-17 16:15:00+00:00,1789661700,5m,11.4078,10.8823,12.5352,0.590774,3
btc-updown-5m-1789662000,2026-09-17 16:20:00+00:00,1789662000,5m,12.2053,11.9582,11.9576,0.646329,4
btc-updown-5m-1789662300,2026-09-17 16:25:00+00:00,1789662300,5m,12.7214,12.6184,11.8225,0.671627,4
btc-updown-15m-1789662600,2026-09-17 16:30:00+00:00,1789662600,15m,22.1996,21.3375,19.9174,0.710813,4
btc-updown-5m-1789662600,2026-09-17 16:30:00+00:00,1789662600,5m,12.9406,12.6729,12.1969,0.68254,4
btc-updown-5m-1789662900,2026-09-17 16:35:00+00:00,1789662900,5m,14.8794,14.4186,12.1105,0.765377,4
btc-updown-5m-1789663200,2026-09-17 16:40:00+00:00,1789663200,5m,11.8138,11.4137,11.5768,0.615575,4
btc-updown-15m-1789663500,2026-09-17 16:45:00+00:00,1789663500,15m,18.1754,17.1277,17.963,0.589286,3
btc-updown-5m-1789663500,2026-09-17 16:45:00+00:00,1789663500,5m,10.6673,10.2666,11,0.541171,3
btc-updown-5m-1789663800,2026-09-17 16:50:00+00:00,1789663800,5m,13.4278,13.1141,12.0905,0.704365,4
btc-updown-5m-1789664100,2026-09-17 16:55:00+00:00,1789664100,5m,13.4053,12.9883,11.9801,0.704365,4
btc-updown-15m-1789664400,2026-09-17 17:00:00+00:00,1789664400,15m,22.3457,21.3242,21.5437,0.71379,4
btc-updown-5m-1789664400,2026-09-17 17:00:00+00:00,1789664400,5m,13.4381,13.0859,13.1928,0.704365,4
btc-updown-5m-1789664700,2026-09-17 17:05:00+00:00,1789664700,5m,12.8552,12.5955,12.9662,0.678571,4
btc-updown-5m-1789665000,2026-09-17 17:10:00+00:00,1789665000,5m,13.9956,13.818,12.6995,0.723214,4
btc-updown-15m-1789665300,2026-09-17 17:15:00+00:00,1789665300,15m,20.4646,19.562,19.2067,0.660218,4
btc-updown-5m-1789665300,2026-09-17 17:15:00+00:00,1789665300,5m,11.5966,11.2976,11.7616,0.601687,4
btc-updown-5m-1789665600,2026-09-17 17:20:00+00:00,1789665600,5m,11.6706,11.4588,11.727,0.606151,4
btc-updown-5m-1789665900,2026-09-17 17:25:00+00:00,1789665900,5m,11.7178,11.4417,11.1126,0.611607,4
btc-updown-15m-1789666200,2026-09-17 17:30:00+00:00,1789666200,15m,18.1992,17.5459,18.1015,0.589286,3
btc-updown-5m-1789666200,2026-09-17 17:30:00+00:00,1789666200,5m,10.9247,10.7462,11.0848,0.558036,3
btc-updown-5m-1789666500,2026-09-17 17:35:00+00:00,1789666500,5m,10.1986,9.9068,10.7816,0.512897,3
btc-updown-5m-1789666800,2026-09-17 17:40:00+00:00,1789666800,5m,9.66918,9.42158,10.7419,0.477183,3
btc-updown-15m-1789667100,2026-09-17 17:45:00+00:00,1789667100,15m,17.3206,16.8401,17.2035,0.556052,3
btc-updown-5m-1789667100,2026-09-17 17:45:00+00:00,1789667100,5m,10.6282,10.4752,10.5349,0.539187,3
btc-updown-5m-1789667400,2026-09-17 17:50:00+00:00,1789667400,5m,12.5796,12.5011,11.3302,0.66369,4
btc-updown-5m-1789667700,2026-09-17 17:55:00+00:00,1789667700,5m,11.4916,11.3714,10.8701,0.597222,3
btc-updown-15m-1789668000,2026-09-17 18:00:00+00:00,1789668000,15m,19.2727,18.6047,17.2408,0.623512,4
btc-updown-5m-1789668000,2026-09-17 18:00:00+00:00,1789668000,5m,11.1468,10.9387,10.5578,0.573413,3
btc-updown-5m-1789668300,2026-09-17 18:05:00+00:00,1789668300,5m,10.2599,9.94208,9.632,0.517857,3
btc-updown-5m-1789668600,2026-09-17 18:10:00+00:00,1789668600,5m,9.85197,9.38169,9.20918,0.487103,3
btc-updown-15m-1789668900,2026-09-17 18:15:00+00:00,1789668900,15m,14.9921,13.7223,14.1324,0.450397,3
btc-updown-5m-1789668900,2026-09-17 18:15:00+00:00,1789668900,5m,8.56262,7.96856,8.65432,0.388889,2
btc-updown-5m-1789669200,2026-09-17 18:20:00+00:00,1789669200,5m,6.9704,6.33917,7.95745,0.291667,2
btc-updown-5m-1789669500,2026-09-17 18:25:00+00:00,1789669500,5m,7.38466,6.72918,7.56608,0.316468,2
btc-updown-15m-1789669800,2026-09-17 18:30:00+00:00,1789669800,15m,11.7849,10.6508,11.5581,0.31002,2
btc-updown-5m-1789669800,2026-09-17 18:30:00+00:00,1789669800,5m,6.93874,6.35695,7.07785,0.289683,2
btc-updown-5m-1789670100,2026-09-17 18:35:00+00:00,1789670100,5m,5.72343,5.20384,6.73982,0.220734,2
btc-updown-5m-1789670400,2026-09-17 18:40:00+00:00,1789670400,5m,14.6378,14.2147,9.43923,0.758433,4
btc-updown-15m-1789670700,2026-09-17 18:45:00+00:00,1789670700,15m,19.872,18.3893,17.8862,0.643353,4
btc-updown-5m-1789670700,2026-09-17 18:45:00+00:00,1789670700,5m,12.6794,11.8325,10.953,0.667659,4
btc-updown-5m-1789671000,2026-09-17 18:50:00+00:00,1789671000,5m,11.297,10.6081,10.7245,0.585317,3
btc-updown-5m-1789671300,2026-09-17 18:55:00+00:00,1789671300,5m,9.15813,8.46671,10.3652,0.434028,3
btc-updown-15m-1789671600,2026-09-17 19:00:00+00:00,1789671600,15m,12.4783,11.2327,15.488,0.335317,2
btc-updown-5m-1789671600,2026-09-17 19:00:00+00:00,1789671600,5m,7.59214,6.95339,9.48442,0.330357,2
btc-updown-5m-1789671900,2026-09-17 19:05:00+00:00,1789671900,5m,7.74801,7.20921,9.45413,0.33879,2
btc-updown-5m-1789672200,2026-09-17 19:10:00+00:00,1789672200,5m,7.84489,7.26971,8.84466,0.34375,2
btc-updown-15m-1789672500,2026-09-17 19:15:00+00:00,1789672500,15m,13.4907,12.3137,13.7352,0.37996,2
btc-updown-5m-1789672500,2026-09-17 19:15:00+00:00,1789672500,5m,7.84883,7.25497,8.41107,0.344246,2
btc-updown-5m-1789672800,2026-09-17 19:20:00+00:00,1789672800,5m,8.08088,7.58963,7.87413,0.357143,2
btc-updown-5m-1789673100,2026-09-17 19:25:00+00:00,1789673100,5m,8.03292,7.51849,8.14539,0.355159,2
btc-updown-15m-1789673400,2026-09-17 19:30:00+00:00,1789673400,15m,10.2671,9.19429,12.0575,0.25248,2
btc-updown-5m-1789673400,2026-09-17 19:30:00+00:00,1789673400,5m,5.90055,5.26425,7.38366,0.228175,2
btc-updown-5m-1789673700,2026-09-17 19:35:00+00:00,1789673700,5m,7.26096,6.79667,7.90646,0.307044,2
btc-updown-5m-1789674000,2026-09-17 19:40:00+00:00,1789674000,5m,6.90073,6.48126,7.72616,0.287698,2
btc-updown-15m-1789674300,2026-09-17 19:45:00+00:00,1789674300,15m,11.8141,10.8783,12.3098,0.311012,2
btc-updown-5m-1789674300,2026-09-17 19:45:00+00:00,1789674300,5m,6.93852,6.52513,7.53819,0.289683,2
btc-updown-5m-1789674600,2026-09-17 19:50:00+00:00,1789674600,5m,8.68033,8.27076,7.87218,0.398313,2
btc-updown-5m-1789674900,2026-09-17 19:55:00+00:00,1789674900,5m,9.73049,9.33746,8.69874,0.480655,3
btc-updown-15m-1789675200,2026-09-17 20:00:00+00:00,1789675200,15m,14.9562,14.0624,15.5192,0.448413,3
btc-updown-5m-1789675200,2026-09-17 20:00:00+00:00,1789675200,5m,9.55208,9.10064,9.5035,0.46627,3
btc-updown-5m-1789675500,2026-09-17 20:05:00+00:00,1789675500,5m,9.4428,9.17565,9.67055,0.457837,3
btc-updown-5m-1789675800,2026-09-17 20:10:00+00:00,1789675800,5m,8.14673,7.83896,9.02061,0.361111,2
btc-updown-15m-1789676100,2026-09-17 20:15:00+00:00,1789676100,15m,11.1596,10.4703,13.4189,0.286706,2
btc-updown-5m-1789676100,2026-09-17 20:15:00+00:00,1789676100,5m,7.01726,6.6809,8.21734,0.292659,2
btc-updown-5m-1789676400,2026-09-17 20:20:00+00:00,1789676400,5m,5.88617,5.38722,7.69881,0.228175,2
btc-updown-5m-1789676700,2026-09-17 20:25:00+00:00,1789676700,5m,8.8258,8.54522,7.87699,0.410218,3
btc-updown-15m-1789677000,2026-09-17 20:30:00+00:00,1789677000,15m,10.3377,9.64765,11.8426,0.25496,2
btc-updown-5m-1789677000,2026-09-17 20:30:00+00:00,1789677000,5m,6.282,5.8984,7.2521,0.250496,2
btc-updown-5m-1789677300,2026-09-17 20:35:00+00:00,1789677300,5m,7.1855,6.85522,7.50727,0.302083,2
btc-updown-5m-1789677600,2026-09-17 20:40:00+00:00,1789677600,5m,6.71846,6.48724,7.02512,0.279266,2
btc-updown-15m-1789677900,2026-09-17 20:45:00+00:00,1789677900,15m,13.5614,12.9705,13.2357,0.383433,2
btc-updown-5m-1789677900,2026-09-17 20:45:00+00:00,1789677900,5m,9.55219,9.18045,8.10517,0.46627,3
btc-updown-5m-1789678200,2026-09-17 20:50:00+00:00,1789678200,5m,6.86674,6.33966,7.42253,0.28621,2
btc-updown-5m-1789678500,2026-09-17 20:55:00+00:00,1789678500,5m,7.68192,7.3726,7.07902,0.334821,2
btc-updown-15m-1789678800,2026-09-17 21:00:00+00:00,1789678800,15m,10.2822,9.73322,10.809,0.252976,2
btc-updown-5m-1789678800,2026-09-17 21:00:00+00:00,1789678800,5m,6.29095,5.9759,6.61914,0.251488,2
btc-updown-5m-1789679100,2026-09-17 21:05:00+00:00,1789679100,5m,6.76686,6.45727,6.47083,0.280258,2
btc-updown-5m-1789679400,2026-09-17 21:10:00+00:00,1789679400,5m,4.41387,3.93623,5.87471,0.125,1
btc-updown-15m-1789679700,2026-09-17 21:15:00+00:00,1789679700,15m,8.19306,7.76067,8.87507,0.168651,1
btc-updown-5m-1789679700,2026-09-17 21:15:00+00:00,1789679700,5m,5.05857,4.74182,5.43485,0.174603,1
btc-updown-5m-1789680000,2026-09-17 21:20:00+00:00,1789680000,5m,2.53394,1.93296,4.91555,0.062004,1
btc-updown-5m-1789680300,2026-09-17 21:25:00+00:00,1789680300,5m,3.26367,2.87983,4.51946,0.0813492,1
btc-updown-15m-1789680600,2026-09-17 21:30:00+00:00,1789680600,15m,7.54202,7.17087,7.66012,0.142361,1
btc-updown-5m-1789680600,2026-09-17 21:30:00+00:00,1789680600,5m,4.70318,4.42127,4.69084,0.14881,1
btc-updown-5m-1789680900,2026-09-17 21:35:00+00:00,1789680900,5m,3.7247,3.37058,4.46955,0.0982143,1
btc-updown-5m-1789681200,2026-09-17 21:40:00+00:00,1789681200,5m,4.18386,3.79224,4.24454,0.116071,1
btc-updown-15m-1789681500,2026-09-17 21:45:00+00:00,1789681500,15m,5.25612,4.90131,6.63675,0.0768849,1
btc-updown-5m-1789681500,2026-09-17 21:45:00+00:00,1789681500,5m,3.42834,3.17356,4.06416,0.0873016,1
btc-updown-5m-1789681800,2026-09-17 21:50:00+00:00,1789681800,5m,5.37403,5.1091,4.88606,0.199901,1
btc-updown-5m-1789682100,2026-09-17 21:55:00+00:00,1789682100,5m,5.95018,5.57697,4.76538,0.232143,2
btc-updown-15m-1789682400,2026-09-17 22:00:00+00:00,1789682400,15m,8.87009,8.55874,7.96757,0.199901,1
btc-updown-5m-1789682400,2026-09-17 22:00:00+00:00,1789682400,5m,5.37201,5.13243,4.87912,0.199901,1
btc-updown-5m-1789682700,2026-09-17 22:05:00+00:00,1789682700,5m,8.80315,8.446,7.9802,0.40873,3
btc-updown-5m-1789683000,2026-09-17 22:10:00+00:00,1789683000,5m,12.455,12.0323,9.55658,0.659226,4
btc-updown-15m-1789683300,2026-09-17 22:15:00+00:00,1789683300,15m,14.9435,14.4558,14.8304,0.447917,3
btc-updown-5m-1789683300,2026-09-17 22:15:00+00:00,1789683300,5m,9.89531,9.68719,9.0817,0.492063,3
btc-updown-5m-1789683600,2026-09-17 22:20:00+00:00,1789683600,5m,10.3662,10.2068,9.50814,0.522321,3
btc-updown-5m-1789683900,2026-09-17 22:25:00+00:00,1789683900,5m,9.5974,9.50455,8.93274,0.47123,3
btc-updown-15m-1789684200,2026-09-17 22:30:00+00:00,1789684200,15m,13.2945,12.7752,13.2203,0.371528,2
btc-updown-5m-1789684200,2026-09-17 22:30:00+00:00,1789684200,5m,7.45593,7.00878,8.09574,0.321925,2
btc-updown-5m-1789684500,2026-09-17 22:35:00+00:00,1789684500,5m,6.93535,6.63683,7.57854,0.289683,2
btc-updown-5m-1789684800,2026-09-17 22:40:00+00:00,1789684800,5m,8.97608,8.80059,8.28158,0.420635,3
btc-updown-15m-1789685100,2026-09-17 22:45:00+00:00,1789685100,15m,11.7488,11.3066,12.4572,0.307044,2
btc-updown-5m-1789685100,2026-09-17 22:45:00+00:00,1789685100,5m,7.08522,6.73045,7.62842,0.295635,2
btc-updown-5m-1789685400,2026-09-17 22:50:00+00:00,1789685400,5m,5.40879,5.10663,6.94841,0.201885,2
btc-updown-5m-1789685700,2026-09-17 22:55:00+00:00,1789685700,5m,7.49276,7.27605,7.14646,0.325397,2
btc-updown-15m-1789686000,2026-09-17 23:00:00+00:00,1789686000,15m,14.0401,13.5749,13.0203,0.402282,3
btc-updown-5m-1789686000,2026-09-17 23:00:00+00:00,1789686000,5m,9.75244,9.45876,7.97328,0.481151,3
btc-updown-5m-1789686300,2026-09-17 23:05:00+00:00,1789686300,5m,8.96174,8.80421,8.27206,0.418155,3
btc-updown-5m-1789686600,2026-09-17 23:10:00+00:00,1789686600,5m,8.03849,7.73816,8.03339,0.355655,2
btc-updown-15m-1789686900,2026-09-17 23:15:00+00:00,1789686900,15m,11.9185,11.2991,12.3528,0.314484,2
btc-updown-5m-1789686900,2026-09-17 23:15:00+00:00,1789686900,5m,7.06941,6.63363,7.56449,0.294147,2
btc-updown-5m-1789687200,2026-09-17 23:20:00+00:00,1789687200,5m,6.11281,5.26793,6.89666,0.237599,2
btc-updown-5m-1789687500,2026-09-17 23:25:00+00:00,1789687500,5m,5.30944,4.30074,6.29806,0.196925,1
btc-updown-15m-1789687800,2026-09-17 23:30:00+00:00,1789687800,15m,7.03163,4.74351,9.31432,0.121528,1
btc-updown-5m-1789687800,2026-09-17 23:30:00+00:00,1789687800,5m,3.12072,1.91937,5.70384,0.0758929,1
btc-updown-5m-1789688100,2026-09-17 23:35:00+00:00,1789688100,5m,5.21766,4.718,5.43071,0.1875,1
btc-updown-5m-1789688400,2026-09-17 23:40:00+00:00,1789688400,5m,6.59378,6.27494,6.18473,0.271825,2
btc-updown-15m-1789688700,2026-09-17 23:45:00+00:00,1789688700,15m,9.85393,9.55973,9.83205,0.237599,2
btc-updown-5m-1789688700,2026-09-17 23:45:00+00:00,1789688700,5m,6.3064,6.07022,6.02088,0.251488,2
btc-updown-5m-1789689000,2026-09-17 23:50:00+00:00,1789689000,5m,7.94455,7.47131,6.81242,0.349702,2
btc-updown-5m-1789689300,2026-09-17 23:55:00+00:00,1789689300,5m,7.10831,6.7619,6.44143,0.297123,2
btc-updown-15m-1789689600,2026-09-18 00:00:00+00:00,1789689600,15m,9.90325,8.49504,10.8126,0.238591,2
btc-updown-5m-1789689600,2026-09-18 00:00:00+00:00,1789689600,5m,6.06066,5.07338,6.62133,0.237599,2
btc-updown-5m-1789689900,2026-09-18 00:05:00+00:00,1789689900,5m,6.80889,6.3919,7.15252,0.282738,2
btc-updown-5m-1789690200,2026-09-18 00:10:00+00:00,1789690200,5m,7.13949,6.9622,7.47994,0.300099,2
btc-updown-15m-1789690500,2026-09-18 00:15:00+00:00,1789690500,15m,11.3969,10.9736,14.8578,0.296627,2
btc-updown-5m-1789690500,2026-09-18 00:15:00+00:00,1789690500,5m,8.27331,8.06271,9.09848,0.370536,2
btc-updown-5m-1789690800,2026-09-18 00:20:00+00:00,1789690800,5m,7.97413,7.72872,8.94212,0.353175,2
btc-updown-5m-1789691100,2026-09-18 00:25:00+00:00,1789691100,5m,7.6613,7.4185,8.57408,0.333829,2
btc-updown-15m-1789691400,2026-09-18 00:30:00+00:00,1789691400,15m,11.6282,11.181,13.3482,0.304067,2
btc-updown-5m-1789691400,2026-09-18 00:30:00+00:00,1789691400,5m,7.76004,7.48858,8.17404,0.340774,2
btc-updown-5m-1789691700,2026-09-18 00:35:00+00:00,1789691700,5m,7.47187,7.15219,8.42895,0.323413,2
btc-updown-5m-1789692000,2026-09-18 00:40:00+00:00,1789692000,5m,7.70166,7.52526,8.32623,0.335813,2
btc-updown-15m-1789692300,2026-09-18 00:45:00+00:00,1789692300,15m,10.276,9.9068,12.8755,0.252976,2
btc-updown-5m-1789692300,2026-09-18 00:45:00+00:00,1789692300,5m,7.03385,6.80583,7.88459,0.292659,2
btc-updown-5m-1789692600,2026-09-18 00:50:00+00:00,1789692600,5m,6.69942,6.42368,7.59706,0.278274,2
btc-updown-5m-1789692900,2026-09-18 00:55:00+00:00,1789692900,5m,8.93696,8.71912,7.88783,0.416667,3
btc-updown-15m-1789693200,2026-09-18 01:00:00+00:00,1789693200,15m,12.0083,11.688,12.1141,0.31746,2
btc-updown-5m-1789693200,2026-09-18 01:00:00+00:00,1789693200,5m,6.94618,6.57237,7.41836,0.289683,2
btc-updown-5m-1789693500,2026-09-18 01:05:00+00:00,1789693500,5m,7.87083,7.60059,7.59651,0.346726,2
btc-updown-5m-1789693800,2026-09-18 01:10:00+00:00,1789693800,5m,7.19441,6.91206,7.5,0.303571,2
btc-updown-15m-1789694100,2026-09-18 01:15:00+00:00,1789694100,15m,14.353,14.0781,14.1232,0.417659,3
btc-updown-5m-1789694100,2026-09-18 01:15:00+00:00,1789694100,5m,10.1162,9.9074,8.64868,0.507937,3
btc-updown-5m-1789694400,2026-09-18 01:20:00+00:00,1789694400,5m,8.52051,8.3411,8.31604,0.386409,2
btc-updown-5m-1789694700,2026-09-18 01:25:00+00:00,1789694700,5m,7.91136,7.64227,8.41338,0.348214,2
btc-updown-15m-1789695000,2026-09-18 01:30:00+00:00,1789695000,15m,11.6751,11.1782,12.5544,0.30506,2
btc-updown-5m-1789695000,2026-09-18 01:30:00+00:00,1789695000,5m,7.22874,6.89958,7.68797,0.30506,2
btc-updown-5m-1789695300,2026-09-18 01:35:00+00:00,1789695300,5m,7.13398,6.88187,7.24634,0.300099,2
btc-updown-5m-1789695600,2026-09-18 01:40:00+00:00,1789695600,5m,6.97734,6.68096,7.12479,0.292163,2
btc-updown-15m-1789695900,2026-09-18 01:45:00+00:00,1789695900,15m,13.5793,13.2597,11.6485,0.383929,2
btc-updown-5m-1789695900,2026-09-18 01:45:00+00:00,1789695900,5m,8.06153,7.93647,7.1332,0.357143,2
btc-updown-5m-1789696200,2026-09-18 01:50:00+00:00,1789696200,5m,7.44155,7.34991,6.84767,0.321429,2
btc-updown-5m-1789696500,2026-09-18 01:55:00+00:00,1789696500,5m,7.74682,7.5442,7.08855,0.33879,2
btc-updown-15m-1789696800,2026-09-18 02:00:00+00:00,1789696800,15m,12.6144,12.2424,10.9986,0.338294,2
btc-updown-5m-1789696800,2026-09-18 02:00:00+00:00,1789696800,5m,7.61208,7.36712,6.73522,0.331349,2
btc-updown-5m-1789697100,2026-09-18 02:05:00+00:00,1789697100,5m,9.55342,9.28633,8.52228,0.46627,3
btc-updown-5m-1789697400,2026-09-18 02:10:00+00:00,1789697400,5m,8.01037,7.6519,7.89959,0.354663,2
btc-updown-15m-1789697700,2026-09-18 02:15:00+00:00,1789697700,15m,12.1018,11.6255,15.1073,0.318452,2
btc-updown-5m-1789697700,2026-09-18 02:15:00+00:00,1789697700,5m,7.72819,7.38524,9.25132,0.337302,2
btc-updown-5m-1789698000,2026-09-18 02:20:00+00:00,1789698000,5m,7.18556,6.86549,8.48656,0.302083,2
btc-updown-5m-1789698300,2026-09-18 02:25:00+00:00,1789698300,5m,7.75325,7.44689,8.56603,0.339782,2
btc-updown-15m-1789698600,2026-09-18 02:30:00+00:00,1789698600,15m,14.5807,14.0335,14.7071,0.429563,3
btc-updown-5m-1789698600,2026-09-18 02:30:00+00:00,1789698600,5m,8.73266,8.4186,9.00625,0.402778,3
btc-updown-5m-1789698900,2026-09-18 02:35:00+00:00,1789698900,5m,9.17028,8.95262,8.93022,0.434028,3
btc-updown-5m-1789699200,2026-09-18 02:40:00+00:00,1789699200,5m,8.0232,7.59813,8.45776,0.354663,2
btc-updown-15m-1789699500,2026-09-18 02:45:00+00:00,1789699500,15m,14.6552,14.145,13.7793,0.433532,3
btc-updown-5m-1789699500,2026-09-18 02:45:00+00:00,1789699500,5m,8.49251,8.25477,8.43808,0.383433,2
btc-updown-5m-1789699800,2026-09-18 02:50:00+00:00,1789699800,5m,7.55757,7.308,8.024,0.327877,2
btc-updown-5m-1789700100,2026-09-18 02:55:00+00:00,1789700100,5m,7.79537,7.69638,8.08881,0.34375,2
btc-updown-15m-1789700400,2026-09-18 03:00:00+00:00,1789700400,15m,13.007,12.6299,12.7261,0.357639,2
btc-updown-5m-1789700400,2026-09-18 03:00:00+00:00,1789700400,5m,7.55344,7.47684,7.79311,0.327877,2
btc-updown-5m-1789700700,2026-09-18 03:05:00+00:00,1789700700,5m,7.11133,6.98277,7.20492,0.297619,2
btc-updown-5m-1789701000,2026-09-18 03:10:00+00:00,1789701000,5m,7.11542,6.99649,6.96472,0.298115,2
btc-updown-15m-1789701300,2026-09-18 03:15:00+00:00,1789701300,15m,23.9381,22.6927,17.045,0.750496,4
btc-updown-5m-1789701300,2026-09-18 03:15:00+00:00,1789701300,5m,13.5452,12.8599,10.4379,0.706845,4
btc-updown-5m-1789701600,2026-09-18 03:20:00+00:00,1789701600,5m,21.4754,20.3519,15.0761,0.909226,5
btc-updown-5m-1789701900,2026-09-18 03:25:00+00:00,1789701900,5m,18.444,17.3432,18.4592,0.862599,5
btc-updown-15m-1789702200,2026-09-18 03:30:00+00:00,1789702200,15m,34.6672,33.291,30.0048,0.89881,5
btc-updown-5m-1789702200,2026-09-18 03:30:00+00:00,1789702200,5m,22.5183,21.931,18.3741,0.918651,5
btc-updown-5m-1789702500,2026-09-18 03:35:00+00:00,1789702500,5m,18.5808,18.075,17.5861,0.864583,5
btc-updown-5m-1789702800,2026-09-18 03:40:00+00:00,1789702800,5m,14.4348,13.4646,16.0114,0.747024,4
btc-updown-15m-1789703100,2026-09-18 03:45:00+00:00,1789703100,15m,22.1719,20.7249,24.7096,0.710317,4
btc-updown-5m-1789703100,2026-09-18 03:45:00+00:00,1789703100,5m,12.2602,11.803,15.1314,0.649802,4
btc-updown-5m-1789703400,2026-09-18 03:50:00+00:00,1789703400,5m,13.1472,12.5886,14.3759,0.692956,4
btc-updown-5m-1789703700,2026-09-18 03:55:00+00:00,1789703700,5m,10.9624,10.4771,13.1195,0.559028,3
btc-updown-15m-1789704000,2026-09-18 04:00:00+00:00,1789704000,15m,19.0305,17.4714,19.6965,0.615575,4
btc-updown-5m-1789704000,2026-09-18 04:00:00+00:00,1789704000,5m,10.0199,9.36246,12.0616,0.500496,3
btc-updown-5m-1789704300,2026-09-18 04:05:00+00:00,1789704300,5m,10.7952,10.2907,11.5461,0.550099,3
btc-updown-5m-1789704600,2026-09-18 04:10:00+00:00,1789704600,5m,12.3496,12.0246,11.4259,0.652778,4
btc-updown-15m-1789704900,2026-09-18 04:15:00+00:00,1789704900,15m,22.5459,21.496,18.098,0.719742,4
btc-updown-5m-1789704900,2026-09-18 04:15:00+00:00,1789704900,5m,13.6367,13.3241,11.0827,0.709325,4
btc-updown-5m-1789705200,2026-09-18 04:20:00+00:00,1789705200,5m,11.3806,11.0931,10.9949,0.589286,3
btc-updown-5m-1789705500,2026-09-18 04:25:00+00:00,1789705500,5m,10.9436,10.6912,10.8716,0.558036,3
btc-updown-15m-1789705800,2026-09-18 04:30:00+00:00,1789705800,15m,18.6936,17.9559,17.5263,0.605159,4
btc-updown-5m-1789705800,2026-09-18 04:30:00+00:00,1789705800,5m,10.5852,10.3907,10.7326,0.536706,3
btc-updown-5m-1789706100,2026-09-18 04:35:00+00:00,1789706100,5m,10.2006,9.94089,10.3313,0.512897,3
btc-updown-5m-1789706400,2026-09-18 04:40:00+00:00,1789706400,5m,10.8889,10.4431,10.8944,0.556052,3
btc-updown-15m-1789706700,2026-09-18 04:45:00+00:00,1789706700,15m,21.9994,20.592,18.7109,0.705357,4
btc-updown-5m-1789706700,2026-09-18 04:45:00+00:00,1789706700,5m,13.4125,12.9449,11.458,0.704365,4
btc-updown-5m-1789707000,2026-09-18 04:50:00+00:00,1789707000,5m,11.2189,10.7987,11.5106,0.578869,3
btc-updown-5m-1789707300,2026-09-18 04:55:00+00:00,1789707300,5m,11.7731,11.339,11.0105,0.613591,4
btc-updown-15m-1789707600,2026-09-18 05:00:00+00:00,1789707600,15m,22.5493,21.3991,18.3532,0.719742,4
btc-updown-5m-1789707600,2026-09-18 05:00:00+00:00,1789707600,5m,13.1747,12.837,11.239,0.693452,4
btc-updown-5m-1789707900,2026-09-18 05:05:00+00:00,1789707900,5m,14.0913,13.6449,12.2207,0.728175,4
btc-updown-5m-1789708200,2026-09-18 05:10:00+00:00,1789708200,5m,16.726,16.1133,13.0276,0.825397,5
btc-updown-15m-1789708500,2026-09-18 05:15:00+00:00,1789708500,15m,20.8118,19.9034,23.4448,0.671627,4
btc-updown-5m-1789708500,2026-09-18 05:15:00+00:00,1789708500,5m,12.8187,12.421,14.3569,0.677579,4
btc-updown-5m-1789708800,2026-09-18 05:20:00+00:00,1789708800,5m,11.1258,10.9251,13.5906,0.570933,3
btc-updown-5m-1789709100,2026-09-18 05:25:00+00:00,1789709100,5m,10.973,10.652,13.1808,0.56002,3
btc-updown-15m-1789709400,2026-09-18 05:30:00+00:00,1789709400,15m,17.6,16.9762,21.8197,0.56498,3
btc-updown-5m-1789709400,2026-09-18 05:30:00+00:00,1789709400,5m,12.4013,12.0998,13.3618,0.655754,4
btc-updown-5m-1789709700,2026-09-18 05:35:00+00:00,1789709700,5m,12.9043,12.7015,13.4071,0.679563,4
btc-updown-5m-1789710000,2026-09-18 05:40:00+00:00,1789710000,5m,13.3887,13.2474,14.0179,0.702877,4
btc-updown-15m-1789710300,2026-09-18 05:45:00+00:00,1789710300,15m,16.7478,15.9633,21.3329,0.52877,3
btc-updown-5m-1789710300,2026-09-18 05:45:00+00:00,1789710300,5m,10.9965,10.6833,13.0637,0.562004,3
btc-updown-5m-1789710600,2026-09-18 05:50:00+00:00,1789710600,5m,10.5135,10.4668,12.3329,0.528274,3
btc-updown-5m-1789710900,2026-09-18 05:55:00+00:00,1789710900,5m,9.76544,9.52701,11.6355,0.482143,3
btc-updown-15m-1789711200,2026-09-18 06:00:00+00:00,1789711200,15m,15.1002,14.4196,17.3986,0.457837,3
btc-updown-5m-1789711200,2026-09-18 06:00:00+00:00,1789711200,5m,9.09412,8.68948,10.6544,0.429563,3
btc-updown-5m-1789711500,2026-09-18 06:05:00+00:00,1789711500,5m,9.96401,9.8517,10.4736,0.496528,3
btc-updown-5m-1789711800,2026-09-18 06:10:00+00:00,1789711800,5m,9.07159,8.93121,10.1077,0.428075,3
btc-updown-15m-1789712100,2026-09-18 06:15:00+00:00,1789712100,15m,13.1322,12.6873,16.4802,0.365079,2
btc-updown-5m-1789712100,2026-09-18 06:15:00+00:00,1789712100,5m,8.7238,8.63431,10.092,0.402282,3
btc-updown-5m-1789712400,2026-09-18 06:20:00+00:00,1789712400,5m,8.84056,8.76827,10.3451,0.411706,3
btc-updown-5m-1789712700,2026-09-18 06:25:00+00:00,1789712700,5m,10.6456,10.3625,11.9825,0.540675,3
btc-updown-15m-1789713000,2026-09-18 06:30:00+00:00,1789713000,15m,14.2071,13.698,20.7983,0.41121,3
btc-updown-5m-1789713000,2026-09-18 06:30:00+00:00,1789713000,5m,10.1356,9.89711,12.7363,0.509425,3
btc-updown-5m-1789713300,2026-09-18 06:35:00+00:00,1789713300,5m,8.60775,8.2049,11.5244,0.391369,2
btc-updown-5m-1789713600,2026-09-18 06:40:00+00:00,1789713600,5m,8.84786,8.64363,10.869,0.412202,3
btc-updown-15m-1789713900,2026-09-18 06:45:00+00:00,1789713900,15m,12.4209,11.9986,16.7354,0.332341,2
btc-updown-5m-1789713900,2026-09-18 06:45:00+00:00,1789713900,5m,8.46109,8.25978,10.2483,0.381448,2
btc-updown-5m-1789714200,2026-09-18 06:50:00+00:00,1789714200,5m,7.8004,7.6437,9.45652,0.34375,2
btc-updown-5m-1789714500,2026-09-18 06:55:00+00:00,1789714500,5m,7.47269,7.25655,8.8197,0.323413,2
btc-updown-15m-1789714800,2026-09-18 07:00:00+00:00,1789714800,15m,16.0233,15.4454,18.4409,0.49504,3
btc-updown-5m-1789714800,2026-09-18 07:00:00+00:00,1789714800,5m,12.3319,11.8903,11.2927,0.651786,4
btc-updown-5m-1789715100,2026-09-18 07:05:00+00:00,1789715100,5m,11.046,10.8881,10.8264,0.56498,3
btc-updown-5m-1789715400,2026-09-18 07:10:00+00:00,1789715400,5m,11.1722,11.0126,12.6684,0.575893,3
btc-updown-15m-1789715700,2026-09-18 07:15:00+00:00,1789715700,15m,14.3135,13.9518,19.9728,0.416667,3
btc-updown-5m-1789715700,2026-09-18 07:15:00+00:00,1789715700,5m,10.3737,10.0977,12.2308,0.522817,3
btc-updown-5m-1789716000,2026-09-18 07:20:00+00:00,1789716000,5m,12.0934,11.8941,13.3529,0.639881,4
btc-updown-5m-1789716300,2026-09-18 07:25:00+00:00,1789716300,5m,11.2123,10.9716,12.934,0.578373,3
btc-updown-15m-1789716600,2026-09-18 07:30:00+00:00,1789716600,15m,14.5679,14.2898,20.2905,0.428571,3
btc-updown-5m-1789716600,2026-09-18 07:30:00+00:00,1789716600,5m,10.4238,10.2108,12.4253,0.524802,3
btc-updown-5m-1789716900,2026-09-18 07:35:00+00:00,1789716900,5m,9.46944,9.35205,11.8332,0.459821,3
btc-updown-5m-1789717200,2026-09-18 07:40:00+00:00,1789717200,5m,8.60346,8.36653,11.0406,0.391369,2
btc-updown-15m-1789717500,2026-09-18 07:45:00+00:00,1789717500,15m,12.8555,12.389,16.9714,0.348214,2
btc-updown-5m-1789717500,2026-09-18 07:45:00+00:00,1789717500,5m,8.26024,8.02482,10.3928,0.369544,2
btc-updown-5m-1789717800,2026-09-18 07:50:00+00:00,1789717800,5m,9.53812,9.41572,10.6669,0.46379,3
btc-updown-5m-1789718100,2026-09-18 07:55:00+00:00,1789718100,5m,8.62114,8.38301,9.92613,0.392361,2
btc-updown-15m-1789718400,2026-09-18 08:00:00+00:00,1789718400,15m,12.643,12.2683,15.0044,0.340278,2
btc-updown-5m-1789718400,2026-09-18 08:00:00+00:00,1789718400,5m,8.47833,8.28686,9.1883,0.381448,2
btc-updown-5m-1789718700,2026-09-18 08:05:00+00:00,1789718700,5m,9.53827,9.37259,10.6455,0.464286,3
btc-updown-5m-1789719000,2026-09-18 08:10:00+00:00,1789719000,5m,10.5654,10.3263,11.721,0.534722,3
btc-updown-15m-1789719300,2026-09-18 08:15:00+00:00,1789719300,15m,13.9869,13.5951,19.9671,0.400298,3
btc-updown-5m-1789719300,2026-09-18 08:15:00+00:00,1789719300,5m,10.2449,10.0014,12.2273,0.514881,3
btc-updown-5m-1789719600,2026-09-18 08:20:00+00:00,1789719600,5m,10.3553,10.0812,12.3526,0.521825,3
btc-updown-5m-1789719900,2026-09-18 08:25:00+00:00,1789719900,5m,12.3575,12.2018,13.4605,0.653274,4
btc-updown-15m-1789720200,2026-09-18 08:30:00+00:00,1789720200,15m,15.6953,15.2918,21.2365,0.479167,3
btc-updown-5m-1789720200,2026-09-18 08:30:00+00:00,1789720200,5m,11.4875,11.1561,13.0047,0.596726,3
btc-updown-5m-1789720500,2026-09-18 08:35:00+00:00,1789720500,5m,11.65,11.3389,12.704,0.604167,4
btc-updown-5m-1789720800,2026-09-18 08:40:00+00:00,1789720800,5m,10.6651,10.3637,12.2457,0.541171,3
btc-updown-15m-1789721100,2026-09-18 08:45:00+00:00,1789721100,15m,13.9295,13.5899,18.7286,0.397817,2
btc-updown-5m-1789721100,2026-09-18 08:45:00+00:00,1789721100,5m,10.0907,9.75075,11.4689,0.506448,3
btc-updown-5m-1789721400,2026-09-18 08:50:00+00:00,1789721400,5m,9.6209,9.28944,11.0362,0.472222,3
btc-updown-5m-1789721700,2026-09-18 08:55:00+00:00,1789721700,5m,9.79473,9.38858,10.4663,0.484127,3
btc-updown-15m-1789722000,2026-09-18 09:00:00+00:00,1789722000,15m,16.3588,15.9107,16.9818,0.508433,3
btc-updown-5m-1789722000,2026-09-18 09:00:00+00:00,1789722000,5m,11.8131,11.5384,10.3992,0.615575,4
btc-updown-5m-1789722300,2026-09-18 09:05:00+00:00,1789722300,5m,12.6717,12.4879,11.3945,0.667659,4
btc-updown-5m-1789722600,2026-09-18 09:10:00+00:00,1789722600,5m,15.8127,15.6476,12.8081,0.796627,4
btc-updown-15m-1789722900,2026-09-18 09:15:00+00:00,1789722900,15m,17.3023,16.9724,21.0796,0.55506,3
btc-updown-5m-1789722900,2026-09-18 09:15:00+00:00,1789722900,5m,12.8122,12.549,12.9086,0.677083,4
btc-updown-5m-1789723200,2026-09-18 09:20:00+00:00,1789723200,5m,12.1816,11.8799,12.1105,0.645337,4
btc-updown-5m-1789723500,2026-09-18 09:25:00+00:00,1789723500,5m,11.2088,10.9742,11.768,0.578373,3
btc-updown-15m-1789723800,2026-09-18 09:30:00+00:00,1789723800,15m,17.2078,16.93,19.0071,0.549603,3
btc-updown-5m-1789723800,2026-09-18 09:30:00+00:00,1789723800,5m,11.9326,11.7529,11.6394,0.628472,4
btc-updown-5m-1789724100,2026-09-18 09:35:00+00:00,1789724100,5m,11.6508,11.4839,11.2575,0.604167,4
btc-updown-5m-1789724400,2026-09-18 09:40:00+00:00,1789724400,5m,11.0331,10.7149,10.6144,0.563988,3
btc-updown-15m-1789724700,2026-09-18 09:45:00+00:00,1789724700,15m,15.3696,15.006,16.0074,0.467262,3
btc-updown-5m-1789724700,2026-09-18 09:45:00+00:00,1789724700,5m,9.71673,9.45166,9.80251,0.480159,3
btc-updown-5m-1789725000,2026-09-18 09:50:00+00:00,1789725000,5m,11.0655,10.8434,11.2257,0.565972,3
btc-updown-5m-1789725300,2026-09-18 09:55:00+00:00,1789725300,5m,10.8392,10.5271,10.8191,0.551587,3
btc-updown-15m-1789725600,2026-09-18 10:00:00+00:00,1789725600,15m,15.7536,15.4777,16.6987,0.481647,3
btc-updown-5m-1789725600,2026-09-18 10:00:00+00:00,1789725600,5m,10.6604,10.49,10.2258,0.541171,3
btc-updown-5m-1789725900,2026-09-18 10:05:00+00:00,1789725900,5m,9.686,9.44803,9.41732,0.477679,3
btc-updown-5m-1789726200,2026-09-18 10:10:00+00:00,1789726200,5m,9.85855,9.65592,9.40597,0.487103,3
btc-updown-15m-1789726500,2026-09-18 10:15:00+00:00,1789726500,15m,14.3241,13.9171,15.5868,0.416667,3
btc-updown-5m-1789726500,2026-09-18 10:15:00+00:00,1789726500,5m,9.39052,9.22068,9.54491,0.452877,3
btc-updown-5m-1789726800,2026-09-18 10:20:00+00:00,1789726800,5m,9.82683,9.64033,9.72937,0.486111,3
btc-updown-5m-1789727100,2026-09-18 10:25:00+00:00,1789727100,5m,9.25123,8.99057,8.90626,0.440476,3
btc-updown-15m-1789727400,2026-09-18 10:30:00+00:00,1789727400,15m,14.325,14.0036,14.9886,0.416667,3
btc-updown-5m-1789727400,2026-09-18 10:30:00+00:00,1789727400,5m,10.2168,10.0481,9.17858,0.513393,3
btc-updown-5m-1789727700,2026-09-18 10:35:00+00:00,1789727700,5m,10.0914,9.73418,8.41423,0.506448,3
btc-updown-5m-1789728000,2026-09-18 10:40:00+00:00,1789728000,5m,9.07344,8.75374,7.78589,0.428075,3
btc-updown-15m-1789728300,2026-09-18 10:45:00+00:00,1789728300,15m,13.5385,13.1093,12.1568,0.381944,2
btc-updown-5m-1789728300,2026-09-18 10:45:00+00:00,1789728300,5m,8.83333,8.61091,7.44449,0.410218,3
btc-updown-5m-1789728600,2026-09-18 10:50:00+00:00,1789728600,5m,9.36823,9.16345,7.2247,0.449901,3
btc-updown-5m-1789728900,2026-09-18 10:55:00+00:00,1789728900,5m,9.35939,9.1484,8.33744,0.449901,3
btc-updown-15m-1789729200,2026-09-18 11:00:00+00:00,1789729200,15m,12.2276,11.7977,12.682,0.322421,2
btc-updown-5m-1789729200,2026-09-18 11:00:00+00:00,1789729200,5m,8.58658,8.31298,7.76611,0.390873,2
btc-updown-5m-1789729500,2026-09-18 11:05:00+00:00,1789729500,5m,8.91228,8.64792,7.51443,0.416171,3
btc-updown-5m-1789729800,2026-09-18 11:10:00+00:00,1789729800,5m,11.8544,11.3857,16.4977,0.618552,4
btc-updown-15m-1789730100,2026-09-18 11:15:00+00:00,1789730100,15m,21.3467,21.0447,25.567,0.686012,4
btc-updown-5m-1789730100,2026-09-18 11:15:00+00:00,1789730100,5m,15.1401,14.579,15.6565,0.775298,4
btc-updown-5m-1789730400,2026-09-18 11:20:00+00:00,1789730400,5m,11.9679,11.5963,14.7651,0.630952,4
btc-updown-5m-1789730700,2026-09-18 11:25:00+00:00,1789730700,5m,13.2844,12.7349,14.3781,0.697917,4
btc-updown-15m-1789731000,2026-09-18 11:30:00+00:00,1789731000,15m,17.9162,16.9057,23.1393,0.578373,3
btc-updown-5m-1789731000,2026-09-18 11:30:00+00:00,1789731000,5m,12.3469,11.7575,14.1698,0.652778,4
btc-updown-5m-1789731300,2026-09-18 11:35:00+00:00,1789731300,5m,11.3941,10.9913,13.7792,0.589782,3
btc-updown-5m-1789731600,2026-09-18 11:40:00+00:00,1789731600,5m,10.5911,10.1983,12.9552,0.537202,3
btc-updown-15m-1789731900,2026-09-18 11:45:00+00:00,1789731900,15m,16.9312,16.4545,19.7404,0.537202,3
btc-updown-5m-1789731900,2026-09-18 11:45:00+00:00,1789731900,5m,11.0501,10.668,12.0885,0.565476,3
btc-updown-5m-1789732200,2026-09-18 11:50:00+00:00,1789732200,5m,10.5355,10.1027,11.3276,0.529762,3
btc-updown-5m-1789732500,2026-09-18 11:55:00+00:00,1789732500,5m,10.1971,9.87276,10.4406,0.512897,3
btc-updown-15m-1789732800,2026-09-18 12:00:00+00:00,1789732800,15m,14.2765,13.7961,15.8613,0.412698,3
btc-updown-5m-1789732800,2026-09-18 12:00:00+00:00,1789732800,5m,8.96475,8.68668,9.71299,0.418155,3
btc-updown-5m-1789733100,2026-09-18 12:05:00+00:00,1789733100,5m,8.90387,8.61179,9.18141,0.415675,3
btc-updown-5m-1789733400,2026-09-18 12:10:00+00:00,1789733400,5m,8.64661,8.31286,10.6971,0.394841,2
btc-updown-15m-1789733700,2026-09-18 12:15:00+00:00,1789733700,15m,15.322,14.8409,17.974,0.465774,3
btc-updown-5m-1789733700,2026-09-18 12:15:00+00:00,1789733700,5m,10.9949,10.6519,11.0068,0.562004,3
btc-updown-5m-1789734000,2026-09-18 12:20:00+00:00,1789734000,5m,9.58286,9.29528,10.4119,0.470238,3
btc-updown-5m-1789734300,2026-09-18 12:25:00+00:00,1789734300,5m,9.74131,9.48955,11.0468,0.480655,3
btc-updown-15m-1789734600,2026-09-18 12:30:00+00:00,1789734600,15m,12.6584,12.1619,16.4913,0.340774,2
btc-updown-5m-1789734600,2026-09-18 12:30:00+00:00,1789734600,5m,8.29849,8.03145,10.0988,0.370536,2
btc-updown-5m-1789734900,2026-09-18 12:35:00+00:00,1789734900,5m,9.03698,8.80719,10.0969,0.425595,3
btc-updown-5m-1789735200,2026-09-18 12:40:00+00:00,1789735200,5m,8.71132,8.4902,9.54036,0.401786,3
btc-updown-15m-1789735500,2026-09-18 12:45:00+00:00,1789735500,15m,14.3139,13.7926,16.0517,0.416667,3
btc-updown-5m-1789735500,2026-09-18 12:45:00+00:00,1789735500,5m,9.16031,8.97244,9.82961,0.434028,3
btc-updown-5m-1789735800,2026-09-18 12:50:00+00:00,1789735800,5m,9.22402,8.94858,9.79947,0.437996,3
btc-updown-5m-1789736100,2026-09-18 12:55:00+00:00,1789736100,5m,8.85998,8.70268,9.75023,0.413194,3
btc-updown-15m-1789736400,2026-09-18 13:00:00+00:00,1789736400,15m,12.6479,12.0202,14.5347,0.340278,2
btc-updown-5m-1789736400,2026-09-18 13:00:00+00:00,1789736400,5m,7.77558,7.44343,8.90065,0.34127,2
btc-updown-5m-1789736700,2026-09-18 13:05:00+00:00,1789736700,5m,8.50832,8.27053,8.95461,0.384425,2
btc-updown-5m-1789737000,2026-09-18 13:10:00+00:00,1789737000,5m,7.93524,7.66799,8.95033,0.349206,2
btc-updown-15m-1789737300,2026-09-18 13:15:00+00:00,1789737300,15m,11.6685,10.7935,13.5319,0.30506,2
btc-updown-5m-1789737300,2026-09-18 13:15:00+00:00,1789737300,5m,7.18055,6.81371,8.28655,0.302083,2
btc-updown-5m-1789737600,2026-09-18 13:20:00+00:00,1789737600,5m,7.69952,7.29816,7.97983,0.335813,2
btc-updown-5m-1789737900,2026-09-18 13:25:00+00:00,1789737900,5m,8.53641,8.28725,8.47179,0.386905,2
btc-updown-15m-1789738200,2026-09-18 13:30:00+00:00,1789738200,15m,12.0256,11.4652,14.6305,0.317956,2
btc-updown-5m-1789738200,2026-09-18 13:30:00+00:00,1789738200,5m,8.73367,8.39104,8.95934,0.402778,3
btc-updown-5m-1789738500,2026-09-18 13:35:00+00:00,1789738500,5m,13.8039,13.381,9.58385,0.71627,4
btc-updown-5m-1789738800,2026-09-18 13:40:00+00:00,1789738800,5m,28.1255,26.7516,14.4556,0.960813,5
btc-updown-15m-1789739100,2026-09-18 13:45:00+00:00,1789739100,15m,69.5362,72.0974,47.1708,0.992063,5
btc-updown-5m-1789739100,2026-09-18 13:45:00+00:00,1789739100,5m,47.98,47.2311,28.8861,0.994544,5
btc-updown-5m-1789739400,2026-09-18 13:50:00+00:00,1789739400,5m,87.1014,80.5706,36.7913,0.999008,5
btc-updown-5m-1789739700,2026-09-18 13:55:00+00:00,1789739700,5m,83.18,70.8897,40.9222,0.998512,5
btc-updown-15m-1789740000,2026-09-18 14:00:00+00:00,1789740000,15m,122.697,113.097,70.5114,0.998016,5
btc-updown-5m-1789740000,2026-09-18 14:00:00+00:00,1789740000,5m,64.7225,59.2445,43.1792,0.99752,5
btc-updown-5m-1789740300,2026-09-18 14:05:00+00:00,1789740300,5m,59.4757,54.6671,42.6583,0.99752,5
btc-updown-5m-1789740600,2026-09-18 14:10:00+00:00,1789740600,5m,50.2694,48.2297,42.0189,0.99504,5
btc-updown-15m-1789740900,2026-09-18 14:15:00+00:00,1789740900,15m,66.0403,59.9459,64.0731,0.990079,5
btc-updown-5m-1789740900,2026-09-18 14:15:00+00:00,1789740900,5m,34.0095,31.1799,39.2366,0.981151,5
btc-updown-5m-1789741200,2026-09-18 14:20:00+00:00,1789741200,5m,39.9818,37.089,37.4182,0.992063,5
btc-updown-5m-1789741500,2026-09-18 14:25:00+00:00,1789741500,5m,45.7056,41.5742,35.0851,0.994544,5
btc-updown-15m-1789741800,2026-09-18 14:30:00+00:00,1789741800,15m,80.9156,74.0869,56.8028,0.995536,5
btc-updown-5m-1789741800,2026-09-18 14:30:00+00:00,1789741800,5m,40.3478,37.9378,34.7845,0.99256,5
btc-updown-5m-1789742100,2026-09-18 14:35:00+00:00,1789742100,5m,35.9331,34.4824,33.0331,0.986607,5
btc-updown-5m-1789742400,2026-09-18 14:40:00+00:00,1789742400,5m,33.7202,32.3687,32.1378,0.980655,5
btc-updown-15m-1789742700,2026-09-18 14:45:00+00:00,1789742700,15m,52.7184,48.1216,48.6112,0.97123,5
btc-updown-5m-1789742700,2026-09-18 14:45:00+00:00,1789742700,5m,27.7158,26.2869,29.7682,0.959821,5
btc-updown-5m-1789743000,2026-09-18 14:50:00+00:00,1789743000,5m,28.1537,26.3209,27.941,0.961806,5
btc-updown-5m-1789743300,2026-09-18 14:55:00+00:00,1789743300,5m,23.7189,21.3911,25.8647,0.93006,5
btc-updown-15m-1789743600,2026-09-18 15:00:00+00:00,1789743600,15m,35.9414,29.2181,38.3612,0.907738,5
btc-updown-5m-1789743600,2026-09-18 15:00:00+00:00,1789743600,5m,18.6449,16.0453,23.4913,0.866071,5
btc-updown-5m-1789743900,2026-09-18 15:05:00+00:00,1789743900,5m,26.6323,23.7533,23.6357,0.951885,5
btc-updown-5m-1789744200,2026-09-18 15:10:00+00:00,1789744200,5m,17.7834,16.1598,23.3069,0.849206,5
btc-updown-15m-1789744500,2026-09-18 15:15:00+00:00,1789744500,15m,34.6258,31.8208,39.8372,0.898313,5
btc-updown-5m-1789744500,2026-09-18 15:15:00+00:00,1789744500,5m,22.2171,21.0951,24.3952,0.915675,5
btc-updown-5m-1789744800,2026-09-18 15:20:00+00:00,1789744800,5m,24.94,23.4908,25.811,0.940476,5
btc-updown-5m-1789745100,2026-09-18 15:25:00+00:00,1789745100,5m,22.3694,21.0739,24.3952,0.917659,5
btc-updown-15m-1789745400,2026-09-18 15:30:00+00:00,1789745400,15m,37.9366,32.9674,38.3213,0.919147,5
btc-updown-5m-1789745400,2026-09-18 15:30:00+00:00,1789745400,5m,21.9203,20.2741,23.4669,0.91369,5
btc-updown-5m-1789745700,2026-09-18 15:35:00+00:00,1789745700,5m,21.9056,20.541,23.5588,0.913194,5
btc-updown-5m-1789746000,2026-09-18 15:40:00+00:00,1789746000,5m,18.241,17.0685,22.0923,0.858631,5
btc-updown-15m-1789746300,2026-09-18 15:45:00+00:00,1789746300,15m,34.2906,29.6863,33.071,0.896825,5
btc-updown-5m-1789746300,2026-09-18 15:45:00+00:00,1789746300,5m,19.3685,18.153,20.2518,0.878968,5
btc-updown-5m-1789746600,2026-09-18 15:50:00+00:00,1789746600,5m,24.2974,20.9213,20.2914,0.93502,5
btc-updown-5m-1789746900,2026-09-18 15:55:00+00:00,1789746900,5m,19.2382,17.0018,19.7299,0.877976,5
btc-updown-15m-1789747200,2026-09-18 16:00:00+00:00,1789747200,15m,36.1597,28.5383,31.5888,0.90873,5
btc-updown-5m-1789747200,2026-09-18 16:00:00+00:00,1789747200,5m,17.4954,15.5887,19.3441,0.841766,5
btc-updown-5m-1789747500,2026-09-18 16:05:00+00:00,1789747500,5m,15.2268,14.0916,18.6909,0.777778,4
btc-updown-5m-1789747800,2026-09-18 16:10:00+00:00,1789747800,5m,16.7536,15.5714,19.2064,0.826389,5
btc-updown-15m-1789748100,2026-09-18 16:15:00+00:00,1789748100,15m,23.8765,20.6826,31.1775,0.748512,4
btc-updown-5m-1789748100,2026-09-18 16:15:00+00:00,1789748100,5m,14.8155,14.0771,19.0922,0.763889,4
btc-updown-5m-1789748400,2026-09-18 16:20:00+00:00,1789748400,5m,15.5764,15.0831,17.914,0.787202,4
btc-updown-5m-1789748700,2026-09-18 16:25:00+00:00,1789748700,5m,16.4448,15.8154,18.4582,0.818948,5
btc-updown-15m-1789749000,2026-09-18 16:30:00+00:00,1789749000,15m,25.4769,22.9196,29.9586,0.788194,4
btc-updown-5m-1789749000,2026-09-18 16:30:00+00:00,1789749000,5m,15.6041,15.103,18.3458,0.787202,4
btc-updown-5m-1789749300,2026-09-18 16:35:00+00:00,1789749300,5m,19.5506,19.0025,18.0974,0.885913,5
btc-updown-5m-1789749600,2026-09-18 16:40:00+00:00,1789749600,5m,17.3585,16.5651,17.603,0.839286,5
btc-updown-15m-1789749900,2026-09-18 16:45:00+00:00,1789749900,15m,25.1881,22.5778,28.2373,0.783234,4
btc-updown-5m-1789749900,2026-09-18 16:45:00+00:00,1789749900,5m,16.3519,15.6306,17.2917,0.816468,5
btc-updown-5m-1789750200,2026-09-18 16:50:00+00:00,1789750200,5m,17.7259,16.9262,17.8353,0.847718,5
btc-updown-5m-1789750500,2026-09-18 16:55:00+00:00,1789750500,5m,16.6388,15.9865,16.8521,0.823413,5
btc-updown-15m-1789750800,2026-09-18 17:00:00+00:00,1789750800,15m,30.0176,22.3394,26.586,0.861111,5
btc-updown-5m-1789750800,2026-09-18 17:00:00+00:00,1789750800,5m,14.8713,13.8914,16.2805,0.764385,4
btc-updown-5m-1789751100,2026-09-18 17:05:00+00:00,1789751100,5m,13.8138,13.0359,15.4077,0.71627,4
btc-updown-5m-1789751400,2026-09-18 17:10:00+00:00,1789751400,5m,13.4616,12.6727,14.8077,0.705357,4
btc-updown-15m-1789751700,2026-09-18 17:15:00+00:00,1789751700,15m,25.9269,20.6005,23.7501,0.797619,4
btc-updown-5m-1789751700,2026-09-18 17:15:00+00:00,1789751700,5m,13.8209,13.0437,14.5439,0.717262,4
btc-updown-5m-1789752000,2026-09-18 17:20:00+00:00,1789752000,5m,13.7046,12.9407,14.1018,0.710813,4
btc-updown-5m-1789752300,2026-09-18 17:25:00+00:00,1789752300,5m,13.855,13.7802,14.9735,0.719246,4
btc-updown-15m-1789752600,2026-09-18 17:30:00+00:00,1789752600,15m,17.2463,16.6306,26.2944,0.552083,3
btc-updown-5m-1789752600,2026-09-18 17:30:00+00:00,1789752600,5m,11.5801,11.3466,16.102,0.60119,4
btc-updown-5m-1789752900,2026-09-18 17:35:00+00:00,1789752900,5m,11.2561,11.0483,15.6688,0.582341,3
btc-updown-5m-1789753200,2026-09-18 17:40:00+00:00,1789753200,5m,10.6975,10.4832,14.4471,0.542163,3
btc-updown-15m-1789753500,2026-09-18 17:45:00+00:00,1789753500,15m,14.7698,14.316,21.7209,0.437996,3
btc-updown-5m-1789753500,2026-09-18 17:45:00+00:00,1789753500,5m,10.8312,10.5858,13.3013,0.551587,3
btc-updown-5m-1789753800,2026-09-18 17:50:00+00:00,1789753800,5m,12.9098,12.5037,12.5488,0.68006,4
btc-updown-5m-1789754100,2026-09-18 17:55:00+00:00,1789754100,5m,12.1941,11.6059,11.9797,0.645337,4
btc-updown-15m-1789754400,2026-09-18 18:00:00+00:00,1789754400,15m,25.4044,23.9534,19.0836,0.787698,4
btc-updown-5m-1789754400,2026-09-18 18:00:00+00:00,1789754400,5m,13.1602,12.4605,11.6863,0.692956,4
btc-updown-5m-1789754700,2026-09-18 18:05:00+00:00,1789754700,5m,14.4807,13.599,12.9877,0.750992,4
btc-updown-5m-1789755000,2026-09-18 18:10:00+00:00,1789755000,5m,12.3624,11.5242,12.1725,0.653274,4
btc-updown-15m-1789755300,2026-09-18 18:15:00+00:00,1789755300,15m,27.8854,22.6193,20.3101,0.832341,5
btc-updown-5m-1789755300,2026-09-18 18:15:00+00:00,1789755300,5m,12.4785,11.5241,12.4373,0.660218,4
btc-updown-5m-1789755600,2026-09-18 18:20:00+00:00,1789755600,5m,12.6349,11.4741,11.691,0.665675,4
btc-updown-5m-1789755900,2026-09-18 18:25:00+00:00,1789755900,5m,16.3801,14.1333,11.13,0.81746,5
btc-updown-15m-1789756200,2026-09-18 18:30:00+00:00,1789756200,15m,33.1258,26.9081,19.7088,0.891369,5
btc-updown-5m-1789756200,2026-09-18 18:30:00+00:00,1789756200,5m,14.7564,13.2494,12.0691,0.762897,4
btc-updown-5m-1789756500,2026-09-18 18:35:00+00:00,1789756500,5m,11.1986,10.7049,14.0303,0.578373,3
btc-updown-5m-1789756800,2026-09-18 18:40:00+00:00,1789756800,5m,13.4089,12.2306,15.1945,0.704365,4
btc-updown-15m-1789757100,2026-09-18 18:45:00+00:00,1789757100,15m,20.1559,18.2007,24.6048,0.647817,4
btc-updown-5m-1789757100,2026-09-18 18:45:00+00:00,1789757100,5m,11.912,11.4135,15.0673,0.625992,4
btc-updown-5m-1789757400,2026-09-18 18:50:00+00:00,1789757400,5m,11.7718,11.2518,14.0535,0.613095,4
btc-updown-5m-1789757700,2026-09-18 18:55:00+00:00,1789757700,5m,11.7923,11.2887,13.5101,0.614583,4
btc-updown-15m-1789758000,2026-09-18 19:00:00+00:00,1789758000,15m,17.4282,16.5277,23.2289,0.561012,3
btc-updown-5m-1789758000,2026-09-18 19:00:00+00:00,1789758000,5m,11.5531,11.1097,14.2247,0.59871,3
btc-updown-5m-1789758300,2026-09-18 19:05:00+00:00,1789758300,5m,11.6239,10.8582,13.1615,0.602183,4
btc-updown-5m-1789758600,2026-09-18 19:10:00+00:00,1789758600,5m,10.3966,9.93756,12.5789,0.524306,3
btc-updown-15m-1789758900,2026-09-18 19:15:00+00:00,1789758900,15m,22.6568,19.6978,20.374,0.723214,4
btc-updown-5m-1789758900,2026-09-18 19:15:00+00:00,1789758900,5m,11.8877,11.1379,12.4765,0.622024,4
btc-updown-5m-1789759200,2026-09-18 19:20:00+00:00,1789759200,5m,13.2313,12.1507,13.0141,0.69494,4
btc-updown-5m-1789759500,2026-09-18 19:25:00+00:00,1789759500,5m,12.3178,11.9235,12.0697,0.651786,4
btc-updown-15m-1789759800,2026-09-18 19:30:00+00:00,1789759800,15m,19.9799,19.1912,20.5972,0.646825,4
btc-updown-5m-1789759800,2026-09-18 19:30:00+00:00,1789759800,5m,13.2787,12.8786,12.6131,0.697421,4
btc-updown-5m-1789760100,2026-09-18 19:35:00+00:00,1789760100,5m,11.7652,11.4331,12.6579,0.613095,4
btc-updown-5m-1789760400,2026-09-18 19:40:00+00:00,1789760400,5m,11.8282,11.458,12.5786,0.61756,4
btc-updown-15m-1789760700,2026-09-18 19:45:00+00:00,1789760700,15m,18.0431,17.4863,22.777,0.583829,3
btc-updown-5m-1789760700,2026-09-18 19:45:00+00:00,1789760700,5m,12.4042,12.018,13.948,0.655754,4
btc-updown-5m-1789761000,2026-09-18 19:50:00+00:00,1789761000,5m,15.039,14.8341,14.8112,0.770833,4
btc-updown-5m-1789761300,2026-09-18 19:55:00+00:00,1789761300,5m,12.2547,12.0081,15.8533,0.649802,4
btc-updown-15m-1789761600,2026-09-18 20:00:00+00:00,1789761600,15m,17.6735,16.8966,28.4336,0.566468,3
btc-updown-5m-1789761600,2026-09-18 20:00:00+00:00,1789761600,5m,12.3074,11.7777,17.412,0.651786,4
btc-updown-5m-1789761900,2026-09-18 20:05:00+00:00,1789761900,5m,13.3616,12.8787,17.4053,0.700893,4
btc-updown-5m-1789762200,2026-09-18 20:10:00+00:00,1789762200,5m,13.0618,12.5857,18.2968,0.690476,4
btc-updown-15m-1789762500,2026-09-18 20:15:00+00:00,1789762500,15m,19.8372,19.079,28.1024,0.640377,4
btc-updown-5m-1789762500,2026-09-18 20:15:00+00:00,1789762500,5m,13.2636,12.7533,17.2091,0.695933,4
btc-updown-5m-1789762800,2026-09-18 20:20:00+00:00,1789762800,5m,13.0685,12.6578,16.3928,0.690476,4
btc-updown-5m-1789763100,2026-09-18 20:25:00+00:00,1789763100,5m,13.4451,13.1094,15.4026,0.704365,4
btc-updown-15m-1789763400,2026-09-18 20:30:00+00:00,1789763400,15m,19.2854,18.5778,23.8011,0.624008,4
btc-updown-5m-1789763400,2026-09-18 20:30:00+00:00,1789763400,5m,12.9627,12.4815,14.5751,0.68502,4
btc-updown-5m-1789763700,2026-09-18 20:35:00+00:00,1789763700,5m,12.6956,12.247,13.8089,0.668651,4
btc-updown-5m-1789764000,2026-09-18 20:40:00+00:00,1789764000,5m,12.4111,12.0186,12.9494,0.65625,4
btc-updown-15m-1789764300,2026-09-18 20:45:00+00:00,1789764300,15m,19.7134,19.0593,22.8003,0.635913,4
btc-updown-5m-1789764300,2026-09-18 20:45:00+00:00,1789764300,5m,14.0034,13.7365,13.9623,0.723214,4
btc-updown-5m-1789764600,2026-09-18 20:50:00+00:00,1789764600,5m,12.6454,12.3634,12.8122,0.665675,4
btc-updown-5m-1789764900,2026-09-18 20:55:00+00:00,1789764900,5m,12.5158,12.1309,13.288,0.66121,4
btc-updown-15m-1789765200,2026-09-18 21:00:00+00:00,1789765200,15m,17.4918,16.8406,20.157,0.5625,3
btc-updown-5m-1789765200,2026-09-18 21:00:00+00:00,1789765200,5m,11.9432,11.5549,12.3436,0.62996,4
btc-updown-5m-1789765500,2026-09-18 21:05:00+00:00,1789765500,5m,12.5011,12.111,12.9745,0.660714,4
btc-updown-5m-1789765800,2026-09-18 21:10:00+00:00,1789765800,5m,12.4865,12.1568,12.4821,0.660714,4
btc-updown-15m-1789766100,2026-09-18 21:15:00+00:00,1789766100,15m,19.1432,18.2915,19.3697,0.619544,4
btc-updown-5m-1789766100,2026-09-18 21:15:00+00:00,1789766100,5m,12.3524,12.0275,11.8615,0.653274,4
btc-updown-5m-1789766400,2026-09-18 21:20:00+00:00,1789766400,5m,13.2797,12.8809,12.7818,0.697421,4
btc-updown-5m-1789766700,2026-09-18 21:25:00+00:00,1789766700,5m,11.817,11.4705,12.1522,0.616071,4
btc-updown-15m-1789767000,2026-09-18 21:30:00+00:00,1789767000,15m,16.8527,16.1904,18.3111,0.53125,3
btc-updown-5m-1789767000,2026-09-18 21:30:00+00:00,1789767000,5m,11.5995,11.268,11.2132,0.601687,4
btc-updown-5m-1789767300,2026-09-18 21:35:00+00:00,1789767300,5m,11.2406,10.8647,10.7831,0.580853,3
btc-updown-5m-1789767600,2026-09-18 21:40:00+00:00,1789767600,5m,10.7654,10.5145,10.1398,0.546131,3
btc-updown-15m-1789767900,2026-09-18 21:45:00+00:00,1789767900,15m,14.8833,14.2691,16.2499,0.443452,3
btc-updown-5m-1789767900,2026-09-18 21:45:00+00:00,1789767900,5m,10.4,10.0996,9.951,0.524306,3
btc-updown-5m-1789768200,2026-09-18 21:50:00+00:00,1789768200,5m,9.20734,8.78831,9.15759,0.435516,3
btc-updown-5m-1789768500,2026-09-18 21:55:00+00:00,1789768500,5m,8.73064,8.41551,9.05447,0.402778,3
btc-updown-15m-1789768800,2026-09-18 22:00:00+00:00,1789768800,15m,12.3255,11.7241,13.6462,0.327877,2
btc-updown-5m-1789768800,2026-09-18 22:00:00+00:00,1789768800,5m,8.2166,7.86505,8.35655,0.366071,2
btc-updown-5m-1789769100,2026-09-18 22:05:00+00:00,1789769100,5m,6.88821,6.62666,7.94611,0.287202,2
btc-updown-5m-1789769400,2026-09-18 22:10:00+00:00,1789769400,5m,8.21815,8.08539,8.0562,0.366071,2
btc-updown-15m-1789769700,2026-09-18 22:15:00+00:00,1789769700,15m,10.5811,10.3686,13.6736,0.262897,2
btc-updown-5m-1789769700,2026-09-18 22:15:00+00:00,1789769700,5m,7.86675,7.68792,8.37334,0.346726,2
btc-updown-5m-1789770000,2026-09-18 22:20:00+00:00,1789770000,5m,6.51561,6.43835,8.01522,0.265873,2
btc-updown-5m-1789770300,2026-09-18 22:25:00+00:00,1789770300,5m,6.29275,6.14777,7.83094,0.251488,2
btc-updown-15m-1789770600,2026-09-18 22:30:00+00:00,1789770600,15m,8.73556,8.52834,11.7883,0.196429,1
btc-updown-5m-1789770600,2026-09-18 22:30:00+00:00,1789770600,5m,6.45808,6.3113,7.21881,0.262897,2
btc-updown-5m-1789770900,2026-09-18 22:35:00+00:00,1789770900,5m,5.94373,5.88919,7.20559,0.232143,2
btc-updown-5m-1789771200,2026-09-18 22:40:00+00:00,1789771200,5m,7.76633,7.63076,7.70585,0.340774,2
btc-updown-15m-1789771500,2026-09-18 22:45:00+00:00,1789771500,15m,10.0187,9.91739,12.8485,0.244048,2
btc-updown-5m-1789771500,2026-09-18 22:45:00+00:00,1789771500,5m,7.37142,7.38248,7.86804,0.31498,2
btc-updown-5m-1789771800,2026-09-18 22:50:00+00:00,1789771800,5m,7.26561,7.13607,7.30463,0.30754,2
btc-updown-5m-1789772100,2026-09-18 22:55:00+00:00,1789772100,5m,6.44821,6.29331,6.90782,0.261905,2
btc-updown-15m-1789772400,2026-09-18 23:00:00+00:00,1789772400,15m,9.57949,9.42362,11.7379,0.226687,2
btc-updown-5m-1789772400,2026-09-18 23:00:00+00:00,1789772400,5m,6.68841,6.58994,7.18796,0.276786,2
btc-updown-5m-1789772700,2026-09-18 23:05:00+00:00,1789772700,5m,6.74632,6.63614,7.43088,0.280258,2
btc-updown-5m-1789773000,2026-09-18 23:10:00+00:00,1789773000,5m,7.34303,7.26388,8.09227,0.312004,2
btc-updown-15m-1789773300,2026-09-18 23:15:00+00:00,1789773300,15m,11.0668,10.8532,13.4408,0.28373,2
btc-updown-5m-1789773300,2026-09-18 23:15:00+00:00,1789773300,5m,7.98265,7.88249,8.23079,0.353671,2
btc-updown-5m-1789773600,2026-09-18 23:20:00+00:00,1789773600,5m,6.76353,6.6859,7.84761,0.280258,2
btc-updown-5m-1789773900,2026-09-18 23:25:00+00:00,1789773900,5m,6.44209,6.3707,7.28493,0.261905,2
btc-updown-15m-1789774200,2026-09-18 23:30:00+00:00,1789774200,15m,10.8212,10.6002,12.0172,0.275298,2
btc-updown-5m-1789774200,2026-09-18 23:30:00+00:00,1789774200,5m,7.04982,6.96794,7.359,0.292659,2
btc-updown-5m-1789774500,2026-09-18 23:35:00+00:00,1789774500,5m,6.70897,6.54941,6.90426,0.279266,2
btc-updown-5m-1789774800,2026-09-18 23:40:00+00:00,1789774800,5m,8.01009,7.87526,8.4459,0.354663,2
btc-updown-15m-1789775100,2026-09-18 23:45:00+00:00,1789775100,15m,12.7213,12.5082,13.2388,0.342262,2
btc-updown-5m-1789775100,2026-09-18 23:45:00+00:00,1789775100,5m,7.78148,7.63302,8.10709,0.34127,2
btc-updown-5m-1789775400,2026-09-18 23:50:00+00:00,1789775400,5m,6.64106,6.45108,7.38642,0.275298,2
btc-updown-5m-1789775700,2026-09-18 23:55:00+00:00,1789775700,5m,7.25706,7.11238,8.48947,0.306548,2
btc-updown-15m-1789776000,2026-09-19 00:00:00+00:00,1789776000,15m,12.3503,12.228,15.4845,0.328373,2
btc-updown-5m-1789776000,2026-09-19 00:00:00+00:00,1789776000,5m,8.0913,8.029,9.48229,0.358631,2
btc-updown-5m-1789776300,2026-09-19 00:05:00+00:00,1789776300,5m,7.21611,7.12226,9.76375,0.30506,2
btc-updown-5m-1789776600,2026-09-19 00:10:00+00:00,1789776600,5m,6.98521,6.92669,9.2106,0.292163,2
btc-updown-15m-1789776900,2026-09-19 00:15:00+00:00,1789776900,15m,11.5748,11.4287,14.9857,0.301587,2
btc-updown-5m-1789776900,2026-09-19 00:15:00+00:00,1789776900,5m,7.53595,7.4861,9.17684,0.326885,2
btc-updown-5m-1789777200,2026-09-19 00:20:00+00:00,1789777200,5m,8.21142,8.24512,9.03379,0.366071,2
btc-updown-5m-1789777500,2026-09-19 00:25:00+00:00,1789777500,5m,7.54203,7.55019,8.79983,0.326885,2
btc-updown-15m-1789777800,2026-09-19 00:30:00+00:00,1789777800,15m,11.4343,11.2388,13.4697,0.298611,2
btc-updown-5m-1789777800,2026-09-19 00:30:00+00:00,1789777800,5m,7.08541,7.03,8.24849,0.295635,2
btc-updown-5m-1789778100,2026-09-19 00:35:00+00:00,1789778100,5m,11.9569,11.8399,10.4642,0.62996,4
btc-updown-5m-1789778400,2026-09-19 00:40:00+00:00,1789778400,5m,9.65039,9.50423,9.66994,0.475198,3
btc-updown-15m-1789778700,2026-09-19 00:45:00+00:00,1789778700,15m,14.2953,13.9338,14.7382,0.414187,3
btc-updown-5m-1789778700,2026-09-19 00:45:00+00:00,1789778700,5m,8.54511,8.40461,9.02525,0.387897,2
btc-updown-5m-1789779000,2026-09-19 00:50:00+00:00,1789779000,5m,8.42631,8.29936,8.5319,0.378968,2
btc-updown-5m-1789779300,2026-09-19 00:55:00+00:00,1789779300,5m,16.2746,15.6996,13.2351,0.813988,5
btc-updown-15m-1789779600,2026-09-19 01:00:00+00:00,1789779600,15m,27.8609,27.1994,24.6672,0.831349,5
btc-updown-5m-1789779600,2026-09-19 01:00:00+00:00,1789779600,5m,17.1757,16.9188,15.1055,0.835317,5
btc-updown-5m-1789779900,2026-09-19 01:05:00+00:00,1789779900,5m,18.3679,18.2767,15.3674,0.861111,5
btc-updown-5m-1789780200,2026-09-19 01:10:00+00:00,1789780200,5m,14.2257,14.0242,15.2717,0.736111,4
btc-updown-15m-1789780500,2026-09-19 01:15:00+00:00,1789780500,15m,22.1789,21.6146,24.708,0.710813,4
btc-updown-5m-1789780500,2026-09-19 01:15:00+00:00,1789780500,5m,13.8847,13.7406,15.1305,0.720238,4
btc-updown-5m-1789780800,2026-09-19 01:20:00+00:00,1789780800,5m,11.4872,11.2929,14.2747,0.596726,3
btc-updown-5m-1789781100,2026-09-19 01:25:00+00:00,1789781100,5m,13.059,12.8194,13.8535,0.690476,4
btc-updown-15m-1789781400,2026-09-19 01:30:00+00:00,1789781400,15m,18.086,17.4595,22.3056,0.586806,3
btc-updown-5m-1789781400,2026-09-19 01:30:00+00:00,1789781400,5m,11.7705,11.5342,13.6593,0.613095,4
btc-updown-5m-1789781700,2026-09-19 01:35:00+00:00,1789781700,5m,10.4227,10.2644,12.6882,0.524802,3
btc-updown-5m-1789782000,2026-09-19 01:40:00+00:00,1789782000,5m,10.6811,10.6399,12.5564,0.542163,3
btc-updown-15m-1789782300,2026-09-19 01:45:00+00:00,1789782300,15m,18.0836,17.686,19.6084,0.58631,3
btc-updown-5m-1789782300,2026-09-19 01:45:00+00:00,1789782300,5m,11.2897,11.1672,12.0076,0.584821,3
btc-updown-5m-1789782600,2026-09-19 01:50:00+00:00,1789782600,5m,12.281,12.1826,11.607,0.650298,4
btc-updown-5m-1789782900,2026-09-19 01:55:00+00:00,1789782900,5m,12.7824,12.6036,12.0744,0.675595,4
btc-updown-15m-1789783200,2026-09-19 02:00:00+00:00,1789783200,15m,18.2415,17.7943,19.0619,0.59127,3
btc-updown-5m-1789783200,2026-09-19 02:00:00+00:00,1789783200,5m,11.4423,11.3318,11.673,0.59375,3
btc-updown-5m-1789783500,2026-09-19 02:05:00+00:00,1789783500,5m,10.1776,9.96817,10.6163,0.510913,3
btc-updown-5m-1789783800,2026-09-19 02:10:00+00:00,1789783800,5m,11.346,11.128,10.3358,0.587302,3
btc-updown-15m-1789784100,2026-09-19 02:15:00+00:00,1789784100,15m,20.5407,19.8178,16.6212,0.662698,4
btc-updown-5m-1789784100,2026-09-19 02:15:00+00:00,1789784100,5m,12.5253,12.3201,10.1783,0.661706,4
btc-updown-5m-1789784400,2026-09-19 02:20:00+00:00,1789784400,5m,10.1784,10.0479,9.7471,0.510913,3
btc-updown-5m-1789784700,2026-09-19 02:25:00+00:00,1789784700,5m,12.1276,11.83,10.2027,0.641369,4
btc-updown-15m-1789785000,2026-09-19 02:30:00+00:00,1789785000,15m,16.3372,15.8204,15.9978,0.506944,3
btc-updown-5m-1789785000,2026-09-19 02:30:00+00:00,1789785000,5m,10.1397,9.96534,9.79659,0.509425,3
btc-updown-5m-1789785300,2026-09-19 02:35:00+00:00,1789785300,5m,9.52771,9.19424,9.01459,0.462302,3
btc-updown-5m-1789785600,2026-09-19 02:40:00+00:00,1789785600,5m,9.7121,9.47469,9.327,0.479663,3
btc-updown-15m-1789785900,2026-09-19 02:45:00+00:00,1789785900,15m,14.4827,14.0036,14.5177,0.423611,3
btc-updown-5m-1789785900,2026-09-19 02:45:00+00:00,1789785900,5m,9.02836,8.82598,8.89022,0.425595,3
btc-updown-5m-1789786200,2026-09-19 02:50:00+00:00,1789786200,5m,8.84587,8.6065,8.32633,0.412202,3
btc-updown-5m-1789786500,2026-09-19 02:55:00+00:00,1789786500,5m,7.46339,7.11549,7.68879,0.321925,2
btc-updown-15m-1789786800,2026-09-19 03:00:00+00:00,1789786800,15m,10.729,10.1674,11.7019,0.270337,2
btc-updown-5m-1789786800,2026-09-19 03:00:00+00:00,1789786800,5m,6.59637,6.26218,7.16592,0.272321,2
btc-updown-5m-1789787100,2026-09-19 03:05:00+00:00,1789787100,5m,6.98687,6.61093,6.88499,0.292163,2
btc-updown-5m-1789787400,2026-09-19 03:10:00+00:00,1789787400,5m,7.57338,7.15147,7.62934,0.329365,2
btc-updown-15m-1789787700,2026-09-19 03:15:00+00:00,1789787700,15m,10.9122,10.4417,11.5425,0.277282,2
btc-updown-5m-1789787700,2026-09-19 03:15:00+00:00,1789787700,5m,6.74939,6.40247,7.0683,0.280258,2
btc-updown-5m-1789788000,2026-09-19 03:20:00+00:00,1789788000,5m,7.73151,7.45725,6.8352,0.337302,2
btc-updown-5m-1789788300,2026-09-19 03:25:00+00:00,1789788300,5m,8.03044,7.75967,6.72587,0.355159,2
btc-updown-15m-1789788600,2026-09-19 03:30:00+00:00,1789788600,15m,11.6629,11.1962,10.2775,0.30506,2
btc-updown-5m-1789788600,2026-09-19 03:30:00+00:00,1789788600,5m,6.88352,6.5983,6.29367,0.287202,2
btc-updown-5m-1789788900,2026-09-19 03:35:00+00:00,1789788900,5m,6.88704,6.62876,6.21447,0.287202,2
btc-updown-5m-1789789200,2026-09-19 03:40:00+00:00,1789789200,5m,5.75817,5.44723,5.63254,0.220734,2
btc-updown-15m-1789789500,2026-09-19 03:45:00+00:00,1789789500,15m,10.3205,9.91855,8.74908,0.25496,2
btc-updown-5m-1789789500,2026-09-19 03:45:00+00:00,1789789500,5m,6.59475,6.32769,5.3577,0.272321,2
btc-updown-5m-1789789800,2026-09-19 03:50:00+00:00,1789789800,5m,5.50447,5.18653,4.88063,0.206845,2
btc-updown-5m-1789790100,2026-09-19 03:55:00+00:00,1789790100,5m,4.62776,4.29574,4.53364,0.142857,1
btc-updown-15m-1789790400,2026-09-19 04:00:00+00:00,1789790400,15m,9.66507,9.26191,7.64094,0.229167,2
btc-updown-5m-1789790400,2026-09-19 04:00:00+00:00,1789790400,5m,5.49333,5.23318,4.6791,0.206845,2
btc-updown-5m-1789790700,2026-09-19 04:05:00+00:00,1789790700,5m,5.65891,5.42213,4.58209,0.217262,2
btc-updown-5m-1789791000,2026-09-19 04:10:00+00:00,1789791000,5m,6.895,6.68103,5.1012,0.287698,2
btc-updown-15m-1789791300,2026-09-19 04:15:00+00:00,1789791300,15m,9.25486,8.71838,7.80052,0.214782,2
btc-updown-5m-1789791300,2026-09-19 04:15:00+00:00,1789791300,5m,5.27928,4.99295,4.77682,0.194444,1
btc-updown-5m-1789791600,2026-09-19 04:20:00+00:00,1789791600,5m,6.50687,6.3195,5.23439,0.265377,2
btc-updown-5m-1789791900,2026-09-19 04:25:00+00:00,1789791900,5m,6.30088,6.06423,5.7403,0.251488,2
btc-updown-15m-1789792200,2026-09-19 04:30:00+00:00,1789792200,15m,9.74446,9.24168,8.93912,0.232143,2
btc-updown-5m-1789792200,2026-09-19 04:30:00+00:00,1789792200,5m,6.16431,5.8591,5.47407,0.240079,2
btc-updown-5m-1789792500,2026-09-19 04:35:00+00:00,1789792500,5m,7.11305,6.98135,5.85304,0.298115,2
btc-updown-5m-1789792800,2026-09-19 04:40:00+00:00,1789792800,5m,8.6422,8.53121,6.55776,0.394841,2
btc-updown-15m-1789793100,2026-09-19 04:45:00+00:00,1789793100,15m,13.0169,12.5697,11.9602,0.358135,2
btc-updown-5m-1789793100,2026-09-19 04:45:00+00:00,1789793100,5m,8.25946,8.07295,7.32413,0.369544,2
btc-updown-5m-1789793400,2026-09-19 04:50:00+00:00,1789793400,5m,7.27369,7.03675,6.95344,0.308532,2
btc-updown-5m-1789793700,2026-09-19 04:55:00+00:00,1789793700,5m,7.92831,7.68955,7.03543,0.34871,2
btc-updown-15m-1789794000,2026-09-19 05:00:00+00:00,1789794000,15m,12.4342,11.9944,10.6864,0.332837,2
btc-updown-5m-1789794000,2026-09-19 05:00:00+00:00,1789794000,5m,6.88016,6.53464,6.54408,0.287202,2
btc-updown-5m-1789794300,2026-09-19 05:05:00+00:00,1789794300,5m,6.37832,6.08576,6.13962,0.256448,2
btc-updown-5m-1789794600,2026-09-19 05:10:00+00:00,1789794600,5m,6.90344,6.68171,5.96154,0.287698,2
btc-updown-15m-1789794900,2026-09-19 05:15:00+00:00,1789794900,15m,12.787,12.3493,9.6283,0.344742,2
btc-updown-5m-1789794900,2026-09-19 05:15:00+00:00,1789794900,5m,7.36208,7.04847,5.8961,0.313988,2
btc-updown-5m-1789795200,2026-09-19 05:20:00+00:00,1789795200,5m,7.09692,6.82723,5.78854,0.296627,2
btc-updown-5m-1789795500,2026-09-19 05:25:00+00:00,1789795500,5m,7.32371,6.87331,6.18348,0.310516,2
btc-updown-15m-1789795800,2026-09-19 05:30:00+00:00,1789795800,15m,13.7214,13.1951,10.4886,0.388889,2
btc-updown-5m-1789795800,2026-09-19 05:30:00+00:00,1789795800,5m,7.92069,7.51655,6.42292,0.348214,2
btc-updown-5m-1789796100,2026-09-19 05:35:00+00:00,1789796100,5m,6.77832,6.25786,6.30742,0.280258,2
btc-updown-5m-1789796400,2026-09-19 05:40:00+00:00,1789796400,5m,7.74863,7.42262,6.44961,0.339286,2
btc-updown-15m-1789796700,2026-09-19 05:45:00+00:00,1789796700,15m,12.1987,11.7168,11.01,0.321925,2
btc-updown-5m-1789796700,2026-09-19 05:45:00+00:00,1789796700,5m,7.84415,7.57987,6.7422,0.34375,2
btc-updown-5m-1789797000,2026-09-19 05:50:00+00:00,1789797000,5m,7.278,7.0166,6.40493,0.308532,2
btc-updown-5m-1789797300,2026-09-19 05:55:00+00:00,1789797300,5m,6.57945,6.26431,6.14908,0.270337,2
btc-updown-15m-1789797600,2026-09-19 06:00:00+00:00,1789797600,15m,10.1484,9.69023,9.53493,0.248016,2
btc-updown-5m-1789797600,2026-09-19 06:00:00+00:00,1789797600,5m,6.25724,6.02581,5.83893,0.24752,2
btc-updown-5m-1789797900,2026-09-19 06:05:00+00:00,1789797900,5m,6.74501,6.53151,6.20564,0.280258,2
btc-updown-5m-1789798200,2026-09-19 06:10:00+00:00,1789798200,5m,6.57641,6.26405,5.8001,0.270337,2
btc-updown-15m-1789798500,2026-09-19 06:15:00+00:00,1789798500,15m,10.4497,10.0262,9.13477,0.259921,2
btc-updown-5m-1789798500,2026-09-19 06:15:00+00:00,1789798500,5m,6.32729,6.08549,5.59388,0.25248,2
btc-updown-5m-1789798800,2026-09-19 06:20:00+00:00,1789798800,5m,5.9694,5.68832,5.62202,0.232143,2
btc-updown-5m-1789799100,2026-09-19 06:25:00+00:00,1789799100,5m,5.41122,5.13185,5.25895,0.201885,2
btc-updown-15m-1789799400,2026-09-19 06:30:00+00:00,1789799400,15m,10.8088,10.3049,8.99275,0.274306,2
btc-updown-5m-1789799400,2026-09-19 06:30:00+00:00,1789799400,5m,6.52867,6.27547,5.50691,0.266865,2
btc-updown-5m-1789799700,2026-09-19 06:35:00+00:00,1789799700,5m,7.03675,6.82573,5.67652,0.292659,2
btc-updown-5m-1789800000,2026-09-19 06:40:00+00:00,1789800000,5m,6.5443,6.34843,5.57582,0.268353,2
btc-updown-15m-1789800300,2026-09-19 06:45:00+00:00,1789800300,15m,10.8066,10.2769,8.39462,0.274306,2
btc-updown-5m-1789800300,2026-09-19 06:45:00+00:00,1789800300,5m,6.25733,6.00794,5.14063,0.24752,2
btc-updown-5m-1789800600,2026-09-19 06:50:00+00:00,1789800600,5m,6.32535,6.05781,4.86648,0.251984,2
btc-updown-5m-1789800900,2026-09-19 06:55:00+00:00,1789800900,5m,5.58349,5.31053,4.66735,0.214286,2
btc-updown-15m-1789801200,2026-09-19 07:00:00+00:00,1789801200,15m,9.01277,8.47981,7.12689,0.205357,2
btc-updown-5m-1789801200,2026-09-19 07:00:00+00:00,1789801200,5m,5.25716,5.00046,4.36431,0.191468,1
btc-updown-5m-1789801500,2026-09-19 07:05:00+00:00,1789801500,5m,4.91197,4.68723,4.13668,0.16369,1
btc-updown-5m-1789801800,2026-09-19 07:10:00+00:00,1789801800,5m,4.8719,4.56517,3.86653,0.161706,1
btc-updown-15m-1789802100,2026-09-19 07:15:00+00:00,1789802100,15m,8.67347,8.13928,6.00163,0.194444,1
btc-updown-5m-1789802100,2026-09-19 07:15:00+00:00,1789802100,5m,4.73092,4.42651,3.67523,0.150298,1
btc-updown-5m-1789802400,2026-09-19 07:20:00+00:00,1789802400,5m,8.60231,8.26158,4.89019,0.391369,2
btc-updown-5m-1789802700,2026-09-19 07:25:00+00:00,1789802700,5m,6.76828,6.4779,5.26955,0.280258,2
btc-updown-15m-1789803000,2026-09-19 07:30:00+00:00,1789803000,15m,10.3638,9.99854,8.42172,0.256944,2
btc-updown-5m-1789803000,2026-09-19 07:30:00+00:00,1789803000,5m,5.88891,5.73167,5.15723,0.228175,2
btc-updown-5m-1789803300,2026-09-19 07:35:00+00:00,1789803300,5m,6.94859,6.77151,5.54448,0.290179,2
btc-updown-5m-1789803600,2026-09-19 07:40:00+00:00,1789803600,5m,6.27041,6.12867,5.6055,0.249008,2
btc-updown-15m-1789803900,2026-09-19 07:45:00+00:00,1789803900,15m,9.83777,9.29466,8.62806,0.235615,2
btc-updown-5m-1789803900,2026-09-19 07:45:00+00:00,1789803900,5m,5.98815,5.72517,5.28358,0.234127,2
btc-updown-5m-1789804200,2026-09-19 07:50:00+00:00,1789804200,5m,5.29382,5.07768,4.97064,0.195933,1
btc-updown-5m-1789804500,2026-09-19 07:55:00+00:00,1789804500,5m,6.08111,5.82277,4.96631,0.237599,2
btc-updown-15m-1789804800,2026-09-19 08:00:00+00:00,1789804800,15m,10.4044,9.96196,8.74916,0.257937,2
btc-updown-5m-1789804800,2026-09-19 08:00:00+00:00,1789804800,5m,6.10304,5.90409,5.35775,0.237599,2
btc-updown-5m-1789805100,2026-09-19 08:05:00+00:00,1789805100,5m,5.32703,5.19177,5.52478,0.197917,1
btc-updown-5m-1789805400,2026-09-19 08:10:00+00:00,1789805400,5m,9.15606,8.85307,6.8944,0.434028,3
btc-updown-15m-1789805700,2026-09-19 08:15:00+00:00,1789805700,15m,12.9915,12.6309,10.7388,0.357639,2
btc-updown-5m-1789805700,2026-09-19 08:15:00+00:00,1789805700,5m,8.20665,7.96702,6.57613,0.365575,2
btc-updown-5m-1789806000,2026-09-19 08:20:00+00:00,1789806000,5m,8.54196,8.28579,6.4747,0.387897,2
btc-updown-5m-1789806300,2026-09-19 08:25:00+00:00,1789806300,5m,10.2211,9.7047,8.71618,0.513393,3
btc-updown-15m-1789806600,2026-09-19 08:30:00+00:00,1789806600,15m,14.2573,13.5012,13.4311,0.411706,3
btc-updown-5m-1789806600,2026-09-19 08:30:00+00:00,1789806600,5m,9.00502,8.60841,8.22483,0.422619,3
btc-updown-5m-1789806900,2026-09-19 08:35:00+00:00,1789806900,5m,7.80614,7.3884,7.7175,0.34375,2
btc-updown-5m-1789807200,2026-09-19 08:40:00+00:00,1789807200,5m,8.44768,8.10039,7.39935,0.379464,2
btc-updown-15m-1789807500,2026-09-19 08:45:00+00:00,1789807500,15m,12.8579,12.0669,11.3345,0.348214,2
btc-updown-5m-1789807500,2026-09-19 08:45:00+00:00,1789807500,5m,7.79769,7.32837,6.94092,0.34375,2
btc-updown-5m-1789807800,2026-09-19 08:50:00+00:00,1789807800,5m,6.851,6.32653,6.35483,0.285218,2
btc-updown-5m-1789808100,2026-09-19 08:55:00+00:00,1789808100,5m,7.06987,6.60139,5.94772,0.294147,2
btc-updown-15m-1789808400,2026-09-19 09:00:00+00:00,1789808400,15m,10.7757,10.3259,10.2144,0.273313,2
btc-updown-5m-1789808400,2026-09-19 09:00:00+00:00,1789808400,5m,7.08985,6.82232,6.25502,0.295635,2
btc-updown-5m-1789808700,2026-09-19 09:05:00+00:00,1789808700,5m,6.47234,6.15961,5.94115,0.263889,2
btc-updown-5m-1789809000,2026-09-19 09:10:00+00:00,1789809000,5m,17.2876,15.5873,10.5862,0.837798,5
btc-updown-15m-1789809300,2026-09-19 09:15:00+00:00,1789809300,15m,13.9209,12.9107,16.9908,0.397321,2
btc-updown-5m-1789809300,2026-09-19 09:15:00+00:00,1789809300,5m,8.97732,8.40723,10.4047,0.420635,3
btc-updown-5m-1789809600,2026-09-19 09:20:00+00:00,1789809600,5m,7.31942,6.92901,9.4888,0.310516,2
btc-updown-5m-1789809900,2026-09-19 09:25:00+00:00,1789809900,5m,8.47688,8.11126,9.30558,0.381448,2
btc-updown-15m-1789810200,2026-09-19 09:30:00+00:00,1789810200,15m,11.2283,10.6811,15.1808,0.28869,2
btc-updown-5m-1789810200,2026-09-19 09:30:00+00:00,1789810200,5m,7.85273,7.50444,9.2963,0.344742,2
btc-updown-5m-1789810500,2026-09-19 09:35:00+00:00,1789810500,5m,13.2847,12.7272,11.0712,0.697917,4
btc-updown-5m-1789810800,2026-09-19 09:40:00+00:00,1789810800,5m,8.31416,8.07216,10.6975,0.371528,2
btc-updown-15m-1789811100,2026-09-19 09:45:00+00:00,1789811100,15m,11.6978,11.418,16.4113,0.30506,2
btc-updown-5m-1789811100,2026-09-19 09:45:00+00:00,1789811100,5m,7.97069,7.77786,10.0498,0.352679,2
btc-updown-5m-1789811400,2026-09-19 09:50:00+00:00,1789811400,5m,7.55053,7.27095,9.35698,0.327381,2
btc-updown-5m-1789811700,2026-09-19 09:55:00+00:00,1789811700,5m,6.99142,6.67053,8.55552,0.292163,2
btc-updown-15m-1789812000,2026-09-19 10:00:00+00:00,1789812000,15m,9.79973,9.07914,12.6366,0.234127,2
btc-updown-5m-1789812000,2026-09-19 10:00:00+00:00,1789812000,5m,5.41942,4.96425,7.73834,0.202381,2
btc-updown-5m-1789812300,2026-09-19 10:05:00+00:00,1789812300,5m,5.23795,4.81346,7.0368,0.190476,1
btc-updown-5m-1789812600,2026-09-19 10:10:00+00:00,1789812600,5m,7.13693,6.89479,7.20101,0.300099,2
btc-updown-15m-1789812900,2026-09-19 10:15:00+00:00,1789812900,15m,9.92935,9.46478,11.0146,0.239583,2
btc-updown-5m-1789812900,2026-09-19 10:15:00+00:00,1789812900,5m,6.47584,6.23707,6.74501,0.263889,2
btc-updown-5m-1789813200,2026-09-19 10:20:00+00:00,1789813200,5m,6.58053,6.31799,6.3383,0.270337,2
btc-updown-5m-1789813500,2026-09-19 10:25:00+00:00,1789813500,5m,6.70332,6.38966,6.26703,0.279266,2
btc-updown-15m-1789813800,2026-09-19 10:30:00+00:00,1789813800,15m,10.1023,9.44937,9.90556,0.24504,2
btc-updown-5m-1789813800,2026-09-19 10:30:00+00:00,1789813800,5m,6.55576,6.23166,6.06589,0.268353,2
btc-updown-5m-1789814100,2026-09-19 10:35:00+00:00,1789814100,5m,6.26739,6.07072,5.91834,0.249008,2
btc-updown-5m-1789814400,2026-09-19 10:40:00+00:00,1789814400,5m,6.29253,6.13069,5.87764,0.251488,2
btc-updown-15m-1789814700,2026-09-19 10:45:00+00:00,1789814700,15m,9.03305,8.67957,9.11557,0.206845,2
btc-updown-5m-1789814700,2026-09-19 10:45:00+00:00,1789814700,5m,5.85882,5.68095,5.58212,0.227679,2
btc-updown-5m-1789815000,2026-09-19 10:50:00+00:00,1789815000,5m,5.85609,5.63149,5.4114,0.227183,2
btc-updown-5m-1789815300,2026-09-19 10:55:00+00:00,1789815300,5m,5.92,5.71129,5.16211,0.230159,2
btc-updown-15m-1789815600,2026-09-19 11:00:00+00:00,1789815600,15m,11.0374,10.4469,10.9952,0.281746,2
btc-updown-5m-1789815600,2026-09-19 11:00:00+00:00,1789815600,5m,7.88543,7.5544,6.73318,0.346726,2
btc-updown-5m-1789815900,2026-09-19 11:05:00+00:00,1789815900,5m,6.56063,6.34572,6.86214,0.268849,2
btc-updown-5m-1789816200,2026-09-19 11:10:00+00:00,1789816200,5m,6.4015,6.19359,6.43822,0.259921,2
btc-updown-15m-1789816500,2026-09-19 11:15:00+00:00,1789816500,15m,9.02565,8.63184,10.7383,0.206349,2
btc-updown-5m-1789816500,2026-09-19 11:15:00+00:00,1789816500,5m,6.0278,5.82795,6.57582,0.236111,2
btc-updown-5m-1789816800,2026-09-19 11:20:00+00:00,1789816800,5m,6.1584,5.90274,6.40936,0.239583,2
btc-updown-5m-1789817100,2026-09-19 11:25:00+00:00,1789817100,5m,6.23284,5.80171,5.86427,0.24504,2
btc-updown-15m-1789817400,2026-09-19 11:30:00+00:00,1789817400,15m,9.38309,8.96525,10.4084,0.219742,2
btc-updown-5m-1789817400,2026-09-19 11:30:00+00:00,1789817400,5m,6.38307,6.11762,6.37381,0.256944,2
btc-updown-5m-1789817700,2026-09-19 11:35:00+00:00,1789817700,5m,5.97425,5.78342,6.12676,0.232639,2
btc-updown-5m-1789818000,2026-09-19 11:40:00+00:00,1789818000,5m,5.6248,5.37096,5.76971,0.216766,2
btc-updown-15m-1789818300,2026-09-19 11:45:00+00:00,1789818300,15m,8.27255,7.94114,9.23391,0.172619,1
btc-updown-5m-1789818300,2026-09-19 11:45:00+00:00,1789818300,5m,5.50897,5.37251,5.65459,0.207341,2
btc-updown-5m-1789818600,2026-09-19 11:50:00+00:00,1789818600,5m,5.01272,4.68383,5.12179,0.172123,1
btc-updown-5m-1789818900,2026-09-19 11:55:00+00:00,1789818900,5m,4.38227,4.01877,4.64137,0.124008,1
btc-updown-15m-1789819200,2026-09-19 12:00:00+00:00,1789819200,15m,7.21725,6.70532,7.12781,0.126488,1
btc-updown-5m-1789819200,2026-09-19 12:00:00+00:00,1789819200,5m,4.51951,4.22586,4.36487,0.134921,1
btc-updown-5m-1789819500,2026-09-19 12:05:00+00:00,1789819500,5m,4.84221,4.51244,4.4756,0.158234,1
btc-updown-5m-1789819800,2026-09-19 12:10:00+00:00,1789819800,5m,5.26142,5.00796,4.50934,0.191468,1
btc-updown-15m-1789820100,2026-09-19 12:15:00+00:00,1789820100,15m,7.79093,7.37568,6.88475,0.152282,1
btc-updown-5m-1789820100,2026-09-19 12:15:00+00:00,1789820100,5m,5.06385,4.87241,4.21603,0.176091,1
btc-updown-5m-1789820400,2026-09-19 12:20:00+00:00,1789820400,5m,5.99616,5.7525,4.58801,0.235119,2
btc-updown-5m-1789820700,2026-09-19 12:25:00+00:00,1789820700,5m,5.55319,5.34422,4.64953,0.213294,2
btc-updown-15m-1789821000,2026-09-19 12:30:00+00:00,1789821000,15m,9.42723,9.02641,9.33618,0.22123,2
btc-updown-5m-1789821000,2026-09-19 12:30:00+00:00,1789821000,5m,6.48466,6.19593,5.71722,0.264385,2
btc-updown-5m-1789821300,2026-09-19 12:35:00+00:00,1789821300,5m,5.65445,5.29548,5.29917,0.217262,2
btc-updown-5m-1789821600,2026-09-19 12:40:00+00:00,1789821600,5m,5.25845,5.0036,5.01068,0.191468,1
btc-updown-15m-1789821900,2026-09-19 12:45:00+00:00,1789821900,15m,7.11087,6.61815,7.62616,0.124008,1
btc-updown-5m-1789821900,2026-09-19 12:45:00+00:00,1789821900,5m,4.59642,4.31858,4.67005,0.140873,1
btc-updown-5m-1789822200,2026-09-19 12:50:00+00:00,1789822200,5m,5.57139,5.28932,4.77259,0.214286,2
btc-updown-5m-1789822500,2026-09-19 12:55:00+00:00,1789822500,5m,5.15613,4.90465,4.9245,0.181548,1
btc-updown-15m-1789822800,2026-09-19 13:00:00+00:00,1789822800,15m,7.07568,6.36711,7.45524,0.12252,1
btc-updown-5m-1789822800,2026-09-19 13:00:00+00:00,1789822800,5m,4.63112,4.22366,4.56538,0.142857,1
btc-updown-5m-1789823100,2026-09-19 13:05:00+00:00,1789823100,5m,4.88189,4.58106,4.83339,0.162202,1
btc-updown-5m-1789823400,2026-09-19 13:10:00+00:00,1789823400,5m,5.3945,5.20716,4.88199,0.201885,2
btc-updown-15m-1789823700,2026-09-19 13:15:00+00:00,1789823700,15m,8.25646,7.7163,11.3022,0.171627,1
btc-updown-5m-1789823700,2026-09-19 13:15:00+00:00,1789823700,5m,6.23074,5.90609,6.92113,0.244544,2
btc-updown-5m-1789824000,2026-09-19 13:20:00+00:00,1789824000,5m,6.17243,5.90499,6.79776,0.241071,2
btc-updown-5m-1789824300,2026-09-19 13:25:00+00:00,1789824300,5m,5.58896,5.32062,6.61747,0.214286,2
btc-updown-15m-1789824600,2026-09-19 13:30:00+00:00,1789824600,15m,8.42309,8.00479,10.8228,0.18254,1
btc-updown-5m-1789824600,2026-09-19 13:30:00+00:00,1789824600,5m,6.28509,6.06073,6.62758,0.250992,2
btc-updown-5m-1789824900,2026-09-19 13:35:00+00:00,1789824900,5m,5.87445,5.61772,7.53421,0.227679,2
btc-updown-5m-1789825200,2026-09-19 13:40:00+00:00,1789825200,5m,4.69525,4.2941,6.81438,0.148313,1
btc-updown-15m-1789825500,2026-09-19 13:45:00+00:00,1789825500,15m,7.19095,6.7052,10.2194,0.125496,1
btc-updown-5m-1789825500,2026-09-19 13:45:00+00:00,1789825500,5m,4.89169,4.58991,6.25807,0.162698,1
btc-updown-5m-1789825800,2026-09-19 13:50:00+00:00,1789825800,5m,3.77756,3.15216,5.71423,0.0997024,1
btc-updown-5m-1789826100,2026-09-19 13:55:00+00:00,1789826100,5m,5.2036,4.76632,6.03477,0.186012,1
btc-updown-15m-1789826400,2026-09-19 14:00:00+00:00,1789826400,15m,9.47023,8.90781,10.8215,0.223214,2
btc-updown-5m-1789826400,2026-09-19 14:00:00+00:00,1789826400,5m,6.72017,6.39718,6.62677,0.279266,2
btc-updown-5m-1789826700,2026-09-19 14:05:00+00:00,1789826700,5m,5.69605,5.28713,6.14721,0.217758,2
btc-updown-5m-1789827000,2026-09-19 14:10:00+00:00,1789827000,5m,7.41295,6.93921,6.11651,0.317956,2
btc-updown-15m-1789827300,2026-09-19 14:15:00+00:00,1789827300,15m,9.07309,8.53222,9.64606,0.207837,2
btc-updown-5m-1789827300,2026-09-19 14:15:00+00:00,1789827300,5m,6.27609,5.92037,5.90698,0.25,2
btc-updown-5m-1789827600,2026-09-19 14:20:00+00:00,1789827600,5m,6.88041,6.50105,5.90127,0.287202,2
btc-updown-5m-1789827900,2026-09-19 14:25:00+00:00,1789827900,5m,7.11648,6.80032,6.85384,0.298611,2
btc-updown-15m-1789828200,2026-09-19 14:30:00+00:00,1789828200,15m,12.474,11.8589,10.5689,0.334821,2
btc-updown-5m-1789828200,2026-09-19 14:30:00+00:00,1789828200,5m,7.66287,7.3009,6.47209,0.333829,2
btc-updown-5m-1789828500,2026-09-19 14:35:00+00:00,1789828500,5m,8.44499,8.15125,8.01521,0.379464,2
btc-updown-5m-1789828800,2026-09-19 14:40:00+00:00,1789828800,5m,7.69917,7.44026,7.50493,0.335813,2
btc-updown-15m-1789829100,2026-09-19 14:45:00+00:00,1789829100,15m,11.48,10.9905,11.6757,0.299107,2
btc-updown-5m-1789829100,2026-09-19 14:45:00+00:00,1789829100,5m,7.42061,7.15716,7.14989,0.318948,2
btc-updown-5m-1789829400,2026-09-19 14:50:00+00:00,1789829400,5m,7.26239,6.97172,8.0957,0.307044,2
btc-updown-5m-1789829700,2026-09-19 14:55:00+00:00,1789829700,5m,7.05953,6.81906,7.66527,0.293155,2
btc-updown-15m-1789830000,2026-09-19 15:00:00+00:00,1789830000,15m,9.31842,8.99613,12.1811,0.219246,2
btc-updown-5m-1789830000,2026-09-19 15:00:00+00:00,1789830000,5m,6.70693,6.53165,7.45939,0.279266,2
btc-updown-5m-1789830300,2026-09-19 15:05:00+00:00,1789830300,5m,10.0001,9.71669,8.51558,0.500496,3
btc-updown-5m-1789830600,2026-09-19 15:10:00+00:00,1789830600,5m,9.23552,8.95205,7.90568,0.438988,3
btc-updown-15m-1789830900,2026-09-19 15:15:00+00:00,1789830900,15m,14.8807,14.5696,15.0323,0.442956,3
btc-updown-5m-1789830900,2026-09-19 15:15:00+00:00,1789830900,5m,10.0042,9.79261,9.20534,0.500496,3
btc-updown-5m-1789831200,2026-09-19 15:20:00+00:00,1789831200,5m,10.1217,9.97509,9.50661,0.507937,3
btc-updown-5m-1789831500,2026-09-19 15:25:00+00:00,1789831500,5m,8.68573,8.49328,8.84225,0.399802,2
btc-updown-15m-1789831800,2026-09-19 15:30:00+00:00,1789831800,15m,11.594,11.2609,14.9514,0.303571,2
btc-updown-5m-1789831800,2026-09-19 15:30:00+00:00,1789831800,5m,9.28258,9.04569,9.15581,0.44246,3
btc-updown-5m-1789832100,2026-09-19 15:35:00+00:00,1789832100,5m,8.0724,7.9427,8.93259,0.357143,2
btc-updown-5m-1789832400,2026-09-19 15:40:00+00:00,1789832400,5m,8.00932,7.45708,8.10531,0.354663,2
btc-updown-15m-1789832700,2026-09-19 15:45:00+00:00,1789832700,15m,17.0192,16.4007,22.0844,0.541171,3
btc-updown-5m-1789832700,2026-09-19 15:45:00+00:00,1789832700,5m,12.4639,11.9267,13.5239,0.660218,4
btc-updown-5m-1789833000,2026-09-19 15:50:00+00:00,1789833000,5m,11.1916,10.6791,14.4878,0.577381,3
btc-updown-5m-1789833300,2026-09-19 15:55:00+00:00,1789833300,5m,11.0706,10.4406,13.6052,0.565972,3
btc-updown-15m-1789833600,2026-09-19 16:00:00+00:00,1789833600,15m,11.9644,11.4057,21.2239,0.315972,2
btc-updown-5m-1789833600,2026-09-19 16:00:00+00:00,1789833600,5m,8.91493,8.45576,12.9969,0.416171,3
btc-updown-5m-1789833900,2026-09-19 16:05:00+00:00,1789833900,5m,8.22262,7.84789,12.075,0.366071,2
btc-updown-5m-1789834200,2026-09-19 16:10:00+00:00,1789834200,5m,9.80981,9.38194,12.9124,0.484623,3
btc-updown-15m-1789834500,2026-09-19 16:15:00+00:00,1789834500,15m,17.8283,16.9756,22.1529,0.576389,3
btc-updown-5m-1789834500,2026-09-19 16:15:00+00:00,1789834500,5m,12.4029,11.8411,13.5658,0.655754,4
btc-updown-5m-1789834800,2026-09-19 16:20:00+00:00,1789834800,5m,12.3091,11.5616,12.5397,0.651786,4
btc-updown-5m-1789835100,2026-09-19 16:25:00+00:00,1789835100,5m,11.5119,10.4666,11.4744,0.597718,3
btc-updown-15m-1789835400,2026-09-19 16:30:00+00:00,1789835400,15m,16.2403,14.2736,17.2018,0.503472,3
btc-updown-5m-1789835400,2026-09-19 16:30:00+00:00,1789835400,5m,9.23465,7.92028,10.5339,0.438988,3
btc-updown-5m-1789835700,2026-09-19 16:35:00+00:00,1789835700,5m,9.69491,8.7501,10.0979,0.478671,3
btc-updown-5m-1789836000,2026-09-19 16:40:00+00:00,1789836000,5m,9.22537,8.23217,9.42299,0.437996,3
btc-updown-15m-1789836300,2026-09-19 16:45:00+00:00,1789836300,15m,16.3076,14.1109,14.6215,0.505952,3
btc-updown-5m-1789836300,2026-09-19 16:45:00+00:00,1789836300,5m,9.49437,8.28581,8.95379,0.46131,3
btc-updown-5m-1789836600,2026-09-19 16:50:00+00:00,1789836600,5m,8.75179,7.71742,8.32568,0.40377,3
btc-updown-5m-1789836900,2026-09-19 16:55:00+00:00,1789836900,5m,6.13361,4.80543,7.59192,0.238095,2
btc-updown-15m-1789837200,2026-09-19 17:00:00+00:00,1789837200,15m,11.193,9.05917,11.4508,0.287698,2
btc-updown-5m-1789837200,2026-09-19 17:00:00+00:00,1789837200,5m,6.15748,5.18425,7.01212,0.239583,2
btc-updown-5m-1789837500,2026-09-19 17:05:00+00:00,1789837500,5m,7.0234,6.47021,6.80744,0.292659,2
btc-updown-5m-1789837800,2026-09-19 17:10:00+00:00,1789837800,5m,6.5824,5.95924,6.50716,0.270833,2
btc-updown-15m-1789838100,2026-09-19 17:15:00+00:00,1789838100,15m,12.8845,11.8486,10.466,0.350198,2
btc-updown-5m-1789838100,2026-09-19 17:15:00+00:00,1789838100,5m,8.34784,7.7608,6.40908,0.373512,2
btc-updown-5m-1789838400,2026-09-19 17:20:00+00:00,1789838400,5m,9.73981,9.26623,7.20257,0.480655,3
btc-updown-5m-1789838700,2026-09-19 17:25:00+00:00,1789838700,5m,12.7183,12.6527,9.38904,0.671131,4
btc-updown-15m-1789839000,2026-09-19 17:30:00+00:00,1789839000,15m,15.9903,15.2705,15.6587,0.49256,3
btc-updown-5m-1789839000,2026-09-19 17:30:00+00:00,1789839000,5m,10.0212,9.36314,9.58893,0.500496,3
btc-updown-5m-1789839300,2026-09-19 17:35:00+00:00,1789839300,5m,11.2599,10.7212,9.89622,0.583333,3
btc-updown-5m-1789839600,2026-09-19 17:40:00+00:00,1789839600,5m,8.04767,7.3512,9.33579,0.356647,2
btc-updown-15m-1789839900,2026-09-19 17:45:00+00:00,1789839900,15m,11.2854,9.92766,14.342,0.291171,2
btc-updown-5m-1789839900,2026-09-19 17:45:00+00:00,1789839900,5m,6.83889,6.119,8.78266,0.284226,2
btc-updown-5m-1789840200,2026-09-19 17:50:00+00:00,1789840200,5m,7.92294,7.4711,8.52255,0.348214,2
btc-updown-5m-1789840500,2026-09-19 17:55:00+00:00,1789840500,5m,7.18496,6.80962,7.90021,0.302083,2
btc-updown-15m-1789840800,2026-09-19 18:00:00+00:00,1789840800,15m,10.9616,9.95432,12.01,0.280258,2
btc-updown-5m-1789840800,2026-09-19 18:00:00+00:00,1789840800,5m,6.50303,6.06655,7.35458,0.265377,2
btc-updown-5m-1789841100,2026-09-19 18:05:00+00:00,1789841100,5m,7.1445,6.73545,7.17461,0.300099,2
btc-updown-5m-1789841400,2026-09-19 18:10:00+00:00,1789841400,5m,9.15734,8.76254,8.38052,0.434028,3
btc-updown-15m-1789841700,2026-09-19 18:15:00+00:00,1789841700,15m,12.8885,11.9429,14.8374,0.350694,2
btc-updown-5m-1789841700,2026-09-19 18:15:00+00:00,1789841700,5m,9.16674,8.73884,9.08603,0.434028,3
btc-updown-5m-1789842000,2026-09-19 18:20:00+00:00,1789842000,5m,7.4471,7.12077,9.77365,0.321925,2
btc-updown-5m-1789842300,2026-09-19 18:25:00+00:00,1789842300,5m,7.56221,7.25309,9.34913,0.327877,2
btc-updown-15m-1789842600,2026-09-19 18:30:00+00:00,1789842600,15m,9.86841,9.19637,13.9601,0.238095,2
btc-updown-5m-1789842600,2026-09-19 18:30:00+00:00,1789842600,5m,6.35862,6.07554,8.54877,0.25496,2
btc-updown-5m-1789842900,2026-09-19 18:35:00+00:00,1789842900,5m,5.96467,5.69075,8.2596,0.232143,2
btc-updown-5m-1789843200,2026-09-19 18:40:00+00:00,1789843200,5m,7.16286,6.69579,7.84687,0.301587,2
btc-updown-15m-1789843500,2026-09-19 18:45:00+00:00,1789843500,15m,10.0193,9.30449,11.7466,0.244048,2
btc-updown-5m-1789843500,2026-09-19 18:45:00+00:00,1789843500,5m,6.15603,5.85664,7.19329,0.239583,2
btc-updown-5m-1789843800,2026-09-19 18:50:00+00:00,1789843800,5m,5.98021,5.67353,6.67072,0.233135,2
btc-updown-5m-1789844100,2026-09-19 18:55:00+00:00,1789844100,5m,5.92536,5.6581,6.68922,0.230159,2
btc-updown-15m-1789844400,2026-09-19 19:00:00+00:00,1789844400,15m,9.05555,8.4569,10.7062,0.206845,2
btc-updown-5m-1789844400,2026-09-19 19:00:00+00:00,1789844400,5m,5.72194,5.45041,6.55621,0.220734,2
btc-updown-5m-1789844700,2026-09-19 19:05:00+00:00,1789844700,5m,5.78784,5.46568,6.17161,0.22371,2
btc-updown-5m-1789845000,2026-09-19 19:10:00+00:00,1789845000,5m,6.55045,6.34607,6.16254,0.268353,2
btc-updown-15m-1789845300,2026-09-19 19:15:00+00:00,1789845300,15m,8.15942,7.49425,9.38668,0.167163,1
btc-updown-5m-1789845300,2026-09-19 19:15:00+00:00,1789845300,5m,5.16398,4.87702,5.74814,0.18254,1
btc-updown-5m-1789845600,2026-09-19 19:20:00+00:00,1789845600,5m,5.29948,5.10088,5.59544,0.196429,1
btc-updown-5m-1789845900,2026-09-19 19:25:00+00:00,1789845900,5m,5.41341,5.19352,5.70727,0.202381,2
btc-updown-15m-1789846200,2026-09-19 19:30:00+00:00,1789846200,15m,8.07068,7.56442,8.57666,0.162202,1
btc-updown-5m-1789846200,2026-09-19 19:30:00+00:00,1789846200,5m,5.24584,5.03896,5.25211,0.191468,1
btc-updown-5m-1789846500,2026-09-19 19:35:00+00:00,1789846500,5m,4.56672,4.3621,4.88596,0.137401,1
btc-updown-5m-1789846800,2026-09-19 19:40:00+00:00,1789846800,5m,4.99354,4.76102,4.74164,0.170139,1
btc-updown-15m-1789847100,2026-09-19 19:45:00+00:00,1789847100,15m,6.96844,6.45529,7.41011,0.119544,1
btc-updown-5m-1789847100,2026-09-19 19:45:00+00:00,1789847100,5m,4.23035,3.97993,4.53775,0.118056,1
btc-updown-5m-1789847400,2026-09-19 19:50:00+00:00,1789847400,5m,4.29891,4.04399,4.50192,0.118552,1
btc-updown-5m-1789847700,2026-09-19 19:55:00+00:00,1789847700,5m,4.19855,3.97229,4.32962,0.116567,1
btc-updown-15m-1789848000,2026-09-19 20:00:00+00:00,1789848000,15m,6.83751,6.26732,7.27396,0.114087,1
btc-updown-5m-1789848000,2026-09-19 20:00:00+00:00,1789848000,5m,4.30921,4.05172,4.45437,0.119544,1
btc-updown-5m-1789848300,2026-09-19 20:05:00+00:00,1789848300,5m,4.56115,4.38035,4.97765,0.137401,1
btc-updown-5m-1789848600,2026-09-19 20:10:00+00:00,1789848600,5m,5.06566,4.91319,5.00292,0.176587,1
btc-updown-15m-1789848900,2026-09-19 20:15:00+00:00,1789848900,15m,7.91791,7.28478,7.53576,0.156746,1
btc-updown-5m-1789848900,2026-09-19 20:15:00+00:00,1789848900,5m,4.73845,4.47793,4.61469,0.150794,1
btc-updown-5m-1789849200,2026-09-19 20:20:00+00:00,1789849200,5m,5.59167,5.39431,5.42874,0.214286,2
btc-updown-5m-1789849500,2026-09-19 20:25:00+00:00,1789849500,5m,4.63651,4.42952,5.14119,0.142857,1
btc-updown-15m-1789849800,2026-09-19 20:30:00+00:00,1789849800,15m,7.51159,7.03324,7.94391,0.140873,1
btc-updown-5m-1789849800,2026-09-19 20:30:00+00:00,1789849800,5m,4.69524,4.49712,4.86463,0.148313,1
btc-updown-5m-1789850100,2026-09-19 20:35:00+00:00,1789850100,5m,5.17074,4.99897,5.44554,0.18254,1
btc-updown-5m-1789850400,2026-09-19 20:40:00+00:00,1789850400,5m,4.28924,3.99462,4.95279,0.118552,1
btc-updown-15m-1789850700,2026-09-19 20:45:00+00:00,1789850700,15m,6.90029,6.31971,7.44851,0.11756,1
btc-updown-5m-1789850700,2026-09-19 20:45:00+00:00,1789850700,5m,3.84744,3.54097,4.56126,0.101687,1
btc-updown-5m-1789851000,2026-09-19 20:50:00+00:00,1789851000,5m,5.16812,4.91051,5.15091,0.18254,1
btc-updown-5m-1789851300,2026-09-19 20:55:00+00:00,1789851300,5m,6.51015,6.11927,5.73546,0.265873,2
btc-updown-15m-1789851600,2026-09-19 21:00:00+00:00,1789851600,15m,10.9083,10.3461,10.4186,0.277282,2
btc-updown-5m-1789851600,2026-09-19 21:00:00+00:00,1789851600,5m,6.83521,6.55435,6.38003,0.284226,2
btc-updown-5m-1789851900,2026-09-19 21:05:00+00:00,1789851900,5m,6.31835,6.10632,6.39102,0.251984,2
btc-updown-5m-1789852200,2026-09-19 21:10:00+00:00,1789852200,5m,6.89561,6.68061,6.66483,0.287698,2
btc-updown-15m-1789852500,2026-09-19 21:15:00+00:00,1789852500,15m,14.3145,13.769,11.2799,0.416667,3
btc-updown-5m-1789852500,2026-09-19 21:15:00+00:00,1789852500,5m,8.73404,8.47038,6.90752,0.402778,3
btc-updown-5m-1789852800,2026-09-19 21:20:00+00:00,1789852800,5m,7.13737,6.91774,6.87368,0.300099,2
btc-updown-5m-1789853100,2026-09-19 21:25:00+00:00,1789853100,5m,9.8691,9.50422,8.2307,0.488095,3
btc-updown-15m-1789853400,2026-09-19 21:30:00+00:00,1789853400,15m,13.8364,13.4822,12.9946,0.393849,2
btc-updown-5m-1789853400,2026-09-19 21:30:00+00:00,1789853400,5m,8.49439,8.31788,7.9575,0.383929,2
btc-updown-5m-1789853700,2026-09-19 21:35:00+00:00,1789853700,5m,8.57852,8.34227,8.13301,0.390377,2
btc-updown-5m-1789854000,2026-09-19 21:40:00+00:00,1789854000,5m,8.53879,8.32805,8.37032,0.386905,2
btc-updown-15m-1789854300,2026-09-19 21:45:00+00:00,1789854300,15m,11.6863,11.297,12.6169,0.30506,2
btc-updown-5m-1789854300,2026-09-19 21:45:00+00:00,1789854300,5m,7.25967,6.99074,7.72626,0.307044,2
btc-updown-5m-1789854600,2026-09-19 21:50:00+00:00,1789854600,5m,7.49512,7.21541,7.3267,0.325397,2
btc-updown-5m-1789854900,2026-09-19 21:55:00+00:00,1789854900,5m,7.15697,6.926,7.49985,0.301587,2
btc-updown-15m-1789855200,2026-09-19 22:00:00+00:00,1789855200,15m,11.8086,11.3991,11.6726,0.311012,2
btc-updown-5m-1789855200,2026-09-19 22:00:00+00:00,1789855200,5m,6.78823,6.65888,7.14796,0.280754,2
btc-updown-5m-1789855500,2026-09-19 22:05:00+00:00,1789855500,5m,8.51412,8.46442,7.73013,0.385913,2
btc-updown-5m-1789855800,2026-09-19 22:10:00+00:00,1789855800,5m,8.07538,7.98962,8.06477,0.357143,2
btc-updown-15m-1789856100,2026-09-19 22:15:00+00:00,1789856100,15m,12.271,11.9021,13.3755,0.325397,2
btc-updown-5m-1789856100,2026-09-19 22:15:00+00:00,1789856100,5m,7.53854,7.4294,8.19078,0.326885,2
btc-updown-5m-1789856400,2026-09-19 22:20:00+00:00,1789856400,5m,8.08147,8.02115,8.50857,0.357639,2
btc-updown-5m-1789856700,2026-09-19 22:25:00+00:00,1789856700,5m,7.47146,7.40883,8.11624,0.323413,2
btc-updown-15m-1789857000,2026-09-19 22:30:00+00:00,1789857000,15m,11.5698,11.163,12.3365,0.301587,2
btc-updown-5m-1789857000,2026-09-19 22:30:00+00:00,1789857000,5m,7.13256,6.95441,7.55452,0.300099,2
btc-updown-5m-1789857300,2026-09-19 22:35:00+00:00,1789857300,5m,6.72366,6.47081,7.0277,0.279266,2
btc-updown-5m-1789857600,2026-09-19 22:40:00+00:00,1789857600,5m,8.68275,8.46305,7.12298,0.399306,2
btc-updown-15m-1789857900,2026-09-19 22:45:00+00:00,1789857900,15m,12.4677,11.9583,10.8145,0.333829,2
btc-updown-5m-1789857900,2026-09-19 22:45:00+00:00,1789857900,5m,7.28002,6.99761,6.62251,0.308532,2
btc-updown-5m-1789858200,2026-09-19 22:50:00+00:00,1789858200,5m,7.29246,7.00107,6.37972,0.308532,2
btc-updown-5m-1789858500,2026-09-19 22:55:00+00:00,1789858500,5m,6.42472,6.13434,5.98643,0.261905,2
btc-updown-15m-1789858800,2026-09-19 23:00:00+00:00,1789858800,15m,9.57463,8.98871,9.15879,0.226687,2
btc-updown-5m-1789858800,2026-09-19 23:00:00+00:00,1789858800,5m,5.41501,5.08996,5.60859,0.202381,2
btc-updown-5m-1789859100,2026-09-19 23:05:00+00:00,1789859100,5m,4.97177,4.5484,5.1966,0.168651,1
btc-updown-5m-1789859400,2026-09-19 23:10:00+00:00,1789859400,5m,4.82242,4.36427,4.74958,0.157242,1
btc-updown-15m-1789859700,2026-09-19 23:15:00+00:00,1789859700,15m,8.16844,7.6194,7.28576,0.167659,1
btc-updown-5m-1789859700,2026-09-19 23:15:00+00:00,1789859700,5m,4.14505,3.87463,4.4616,0.114583,1
btc-updown-5m-1789860000,2026-09-19 23:20:00+00:00,1789860000,5m,6.09355,5.70083,4.85296,0.237599,2
btc-updown-5m-1789860300,2026-09-19 23:25:00+00:00,1789860300,5m,5.55913,5.22806,4.65494,0.214286,2
btc-updown-15m-1789860600,2026-09-19 23:30:00+00:00,1789860600,15m,15.355,15.2752,9.76114,0.467262,3
btc-updown-5m-1789860600,2026-09-19 23:30:00+00:00,1789860600,5m,9.72538,9.35252,5.97745,0.480655,3
btc-updown-5m-1789860900,2026-09-19 23:35:00+00:00,1789860900,5m,8.38586,7.82883,5.92443,0.375992,2
btc-updown-5m-1789861200,2026-09-19 23:40:00+00:00,1789861200,5m,7.06187,6.68867,5.87236,0.293155,2
btc-updown-15m-1789861500,2026-09-19 23:45:00+00:00,1789861500,15m,9.66664,8.74397,8.81217,0.229663,2
btc-updown-5m-1789861500,2026-09-19 23:45:00+00:00,1789861500,5m,5.39491,4.89651,5.39633,0.201885,2
btc-updown-5m-1789861800,2026-09-19 23:50:00+00:00,1789861800,5m,4.83914,4.49104,4.995,0.158234,1
btc-updown-5m-1789862100,2026-09-19 23:55:00+00:00,1789862100,5m,3.50131,2.97586,4.51038,0.0922619,1
btc-updown-15m-1789862400,2026-09-20 00:00:00+00:00,1789862400,15m,11.2856,10.6592,8.34118,0.291171,2
btc-updown-5m-1789862400,2026-09-20 00:00:00+00:00,1789862400,5m,7.61403,7.3847,5.10791,0.331349,2
btc-updown-5m-1789862700,2026-09-20 00:05:00+00:00,1789862700,5m,6.7572,6.54284,5.14929,0.280258,2
btc-updown-5m-1789863000,2026-09-20 00:10:00+00:00,1789863000,5m,5.22602,4.89529,4.65338,0.188492,1
btc-updown-15m-1789863300,2026-09-20 00:15:00+00:00,1789863300,15m,8.7262,8.06616,7.82156,0.196429,1
btc-updown-5m-1789863300,2026-09-20 00:15:00+00:00,1789863300,5m,5.16514,4.83739,4.78971,0.18254,1
btc-updown-5m-1789863600,2026-09-20 00:20:00+00:00,1789863600,5m,5.3813,5.11316,4.83004,0.200397,2
btc-updown-5m-1789863900,2026-09-20 00:25:00+00:00,1789863900,5m,5.66366,5.41722,5.10942,0.217262,2
btc-updown-15m-1789864200,2026-09-20 00:30:00+00:00,1789864200,15m,9.37621,8.80519,9.76054,0.219742,2
btc-updown-5m-1789864200,2026-09-20 00:30:00+00:00,1789864200,5m,5.7484,5.43997,5.97709,0.220734,2
btc-updown-5m-1789864500,2026-09-20 00:35:00+00:00,1789864500,5m,6.3063,6.21515,6.1458,0.251488,2
btc-updown-5m-1789864800,2026-09-20 00:40:00+00:00,1789864800,5m,5.84441,5.65578,6.14755,0.226687,2
btc-updown-15m-1789865100,2026-09-20 00:45:00+00:00,1789865100,15m,8.79958,8.29334,9.8131,0.196925,1
btc-updown-5m-1789865100,2026-09-20 00:45:00+00:00,1789865100,5m,5.45033,5.18342,6.00927,0.203373,2
btc-updown-5m-1789865400,2026-09-20 00:50:00+00:00,1789865400,5m,5.23949,4.9562,5.63171,0.190972,1
btc-updown-5m-1789865700,2026-09-20 00:55:00+00:00,1789865700,5m,4.3589,4.13211,5.13026,0.12252,1
btc-updown-15m-1789866000,2026-09-20 01:00:00+00:00,1789866000,15m,7.45728,6.74347,7.67619,0.137897,1
btc-updown-5m-1789866000,2026-09-20 01:00:00+00:00,1789866000,5m,4.32936,3.92679,4.70069,0.121032,1
btc-updown-5m-1789866300,2026-09-20 01:05:00+00:00,1789866300,5m,4.89418,4.68122,4.52591,0.162698,1
btc-updown-5m-1789866600,2026-09-20 01:10:00+00:00,1789866600,5m,4.4375,4.13767,4.14411,0.126984,1
btc-updown-15m-1789866900,2026-09-20 01:15:00+00:00,1789866900,15m,11.9795,11.5835,8.66521,0.316964,2
btc-updown-5m-1789866900,2026-09-20 01:15:00+00:00,1789866900,5m,7.72052,7.48693,5.30634,0.33631,2
btc-updown-5m-1789867200,2026-09-20 01:20:00+00:00,1789867200,5m,8.20635,7.88672,5.8095,0.365575,2
btc-updown-5m-1789867500,2026-09-20 01:25:00+00:00,1789867500,5m,7.59551,7.30502,6.11607,0.330357,2
btc-updown-15m-1789867800,2026-09-20 01:30:00+00:00,1789867800,15m,11.0296,10.6234,9.35824,0.281746,2
btc-updown-5m-1789867800,2026-09-20 01:30:00+00:00,1789867800,5m,6.75071,6.53818,5.73073,0.280258,2
btc-updown-5m-1789868100,2026-09-20 01:35:00+00:00,1789868100,5m,6.98798,6.73884,5.69886,0.292163,2
btc-updown-5m-1789868400,2026-09-20 01:40:00+00:00,1789868400,5m,7.39528,7.25631,5.957,0.316964,2
btc-updown-15m-1789868700,2026-09-20 01:45:00+00:00,1789868700,15m,10.7295,10.3839,9.1276,0.270337,2
btc-updown-5m-1789868700,2026-09-20 01:45:00+00:00,1789868700,5m,6.58435,6.44215,5.58949,0.270833,2
btc-updown-5m-1789869000,2026-09-20 01:50:00+00:00,1789869000,5m,7.07544,6.97797,6.09629,0.294643,2
btc-updown-5m-1789869300,2026-09-20 01:55:00+00:00,1789869300,5m,6.55118,6.41774,5.77911,0.268353,2
btc-updown-15m-1789869600,2026-09-20 02:00:00+00:00,1789869600,15m,10.0264,9.74028,9.02049,0.244048,2
btc-updown-5m-1789869600,2026-09-20 02:00:00+00:00,1789869600,5m,6.44376,6.22897,5.5239,0.261905,2
btc-updown-5m-1789869900,2026-09-20 02:05:00+00:00,1789869900,5m,6.66551,6.52339,5.72893,0.275298,2
btc-updown-5m-1789870200,2026-09-20 02:10:00+00:00,1789870200,5m,6.34667,6.23321,5.95544,0.253968,2
btc-updown-15m-1789870500,2026-09-20 02:15:00+00:00,1789870500,15m,9.90909,9.60796,9.15864,0.238591,2
btc-updown-5m-1789870500,2026-09-20 02:15:00+00:00,1789870500,5m,6.25431,6.10137,5.6085,0.24752,2
btc-updown-5m-1789870800,2026-09-20 02:20:00+00:00,1789870800,5m,8.9147,8.85628,7.20028,0.416171,3
btc-updown-5m-1789871100,2026-09-20 02:25:00+00:00,1789871100,5m,7.2592,7.11965,6.71213,0.306548,2
btc-updown-15m-1789871400,2026-09-20 02:30:00+00:00,1789871400,15m,11.0252,10.6877,10.1114,0.281746,2
btc-updown-5m-1789871400,2026-09-20 02:30:00+00:00,1789871400,5m,6.8591,6.67023,6.19193,0.285714,2
btc-updown-5m-1789871700,2026-09-20 02:35:00+00:00,1789871700,5m,7.65474,7.45938,6.09806,0.333333,2
btc-updown-5m-1789872000,2026-09-20 02:40:00+00:00,1789872000,5m,7.43201,7.29517,6.2149,0.320437,2
btc-updown-15m-1789872300,2026-09-20 02:45:00+00:00,1789872300,15m,30.2094,27.6142,19.2714,0.864087,5
btc-updown-5m-1789872300,2026-09-20 02:45:00+00:00,1789872300,5m,22.3157,20.5246,11.8013,0.916667,5
btc-updown-5m-1789872600,2026-09-20 02:50:00+00:00,1789872600,5m,21.5518,20.895,15.8926,0.910714,5
btc-updown-5m-1789872900,2026-09-20 02:55:00+00:00,1789872900,5m,29.202,28.0979,18.3955,0.965278,5
btc-updown-15m-1789873200,2026-09-20 03:00:00+00:00,1789873200,15m,44.8062,44.624,37.2427,0.951389,5
btc-updown-5m-1789873200,2026-09-20 03:00:00+00:00,1789873200,5m,30.4778,29.7891,22.8064,0.969742,5
btc-updown-5m-1789873500,2026-09-20 03:05:00+00:00,1789873500,5m,27.5392,26.8188,21.9759,0.958333,5
btc-updown-5m-1789873800,2026-09-20 03:10:00+00:00,1789873800,5m,22.9472,21.8758,20.7903,0.921627,5
btc-updown-15m-1789874100,2026-09-20 03:15:00+00:00,1789874100,15m,38.7783,36.7353,32.724,0.923115,5
btc-updown-5m-1789874100,2026-09-20 03:15:00+00:00,1789874100,5m,23.9792,22.9284,20.0393,0.932044,5
btc-updown-5m-1789874400,2026-09-20 03:20:00+00:00,1789874400,5m,21.8216,20.744,21.8986,0.912698,5
btc-updown-5m-1789874700,2026-09-20 03:25:00+00:00,1789874700,5m,21.6223,20.7306,21.0758,0.91121,5
btc-updown-15m-1789875000,2026-09-20 03:30:00+00:00,1789875000,15m,40.3038,38.1324,32.2491,0.931052,5
btc-updown-5m-1789875000,2026-09-20 03:30:00+00:00,1789875000,5m,25.8307,24.4493,19.7485,0.945933,5
btc-updown-5m-1789875300,2026-09-20 03:35:00+00:00,1789875300,5m,17.9109,17.0305,18.0731,0.853671,5
btc-updown-5m-1789875600,2026-09-20 03:40:00+00:00,1789875600,5m,17.5763,16.5007,16.5573,0.844246,5
btc-updown-15m-1789875900,2026-09-20 03:45:00+00:00,1789875900,15m,27.8171,24.9649,25.5401,0.830357,5
btc-updown-5m-1789875900,2026-09-20 03:45:00+00:00,1789875900,5m,16.6241,15.3263,15.6401,0.822917,5
btc-updown-5m-1789876200,2026-09-20 03:50:00+00:00,1789876200,5m,15.6956,15.211,15.5547,0.792659,4
btc-updown-5m-1789876500,2026-09-20 03:55:00+00:00,1789876500,5m,13.9106,13.5503,14.4574,0.72123,4
btc-updown-15m-1789876800,2026-09-20 04:00:00+00:00,1789876800,15m,23.8562,22.5071,21.8636,0.748512,4
btc-updown-5m-1789876800,2026-09-20 04:00:00+00:00,1789876800,5m,13.9343,13.4274,13.3887,0.72123,4
btc-updown-5m-1789877100,2026-09-20 04:05:00+00:00,1789877100,5m,11.7365,11.3896,12.5912,0.612599,4
btc-updown-5m-1789877400,2026-09-20 04:10:00+00:00,1789877400,5m,12.25,11.891,11.8167,0.649306,4
btc-updown-15m-1789877700,2026-09-20 04:15:00+00:00,1789877700,15m,17.9838,16.8807,18.0297,0.582341,3
btc-updown-5m-1789877700,2026-09-20 04:15:00+00:00,1789877700,5m,10.9683,10.5879,11.0409,0.56002,3
btc-updown-5m-1789878000,2026-09-20 04:20:00+00:00,1789878000,5m,14.8302,14.1787,12.0849,0.763889,4
btc-updown-5m-1789878300,2026-09-20 04:25:00+00:00,1789878300,5m,12.3989,12.1143,12.2058,0.655754,4
btc-updown-15m-1789878600,2026-09-20 04:30:00+00:00,1789878600,15m,18.6622,17.5269,18.9043,0.603671,4
btc-updown-5m-1789878600,2026-09-20 04:30:00+00:00,1789878600,5m,12.3715,11.9819,11.5765,0.653274,4
btc-updown-5m-1789878900,2026-09-20 04:35:00+00:00,1789878900,5m,10.9227,10.5882,10.7728,0.557044,3
btc-updown-5m-1789879200,2026-09-20 04:40:00+00:00,1789879200,5m,10.3334,10.0485,10.2187,0.521329,3
btc-updown-15m-1789879500,2026-09-20 04:45:00+00:00,1789879500,15m,17.4816,16.2044,16.0463,0.562004,3
btc-updown-5m-1789879500,2026-09-20 04:45:00+00:00,1789879500,5m,11.3364,10.9442,9.8263,0.587302,3
btc-updown-5m-1789879800,2026-09-20 04:50:00+00:00,1789879800,5m,10.8053,10.3868,9.9545,0.550595,3
btc-updown-5m-1789880100,2026-09-20 04:55:00+00:00,1789880100,5m,8.93177,8.34323,9.28438,0.416171,3
btc-updown-15m-1789880400,2026-09-20 05:00:00+00:00,1789880400,15m,14.644,13.3662,14.2519,0.433532,3
btc-updown-5m-1789880400,2026-09-20 05:00:00+00:00,1789880400,5m,9.11591,8.58406,8.72747,0.431052,3
btc-updown-5m-1789880700,2026-09-20 05:05:00+00:00,1789880700,5m,8.32873,7.92754,8.403,0.37252,2
btc-updown-5m-1789881000,2026-09-20 05:10:00+00:00,1789881000,5m,8.83685,8.53055,8.08338,0.41121,3
btc-updown-15m-1789881300,2026-09-20 05:15:00+00:00,1789881300,15m,16.7116,15.9182,14.8724,0.528274,3
btc-updown-5m-1789881300,2026-09-20 05:15:00+00:00,1789881300,5m,10.2101,9.89435,9.10746,0.513393,3
btc-updown-5m-1789881600,2026-09-20 05:20:00+00:00,1789881600,5m,10.4578,10.1721,9.8811,0.52629,3
btc-updown-5m-1789881900,2026-09-20 05:25:00+00:00,1789881900,5m,8.8673,8.38559,9.80756,0.413194,3
btc-updown-15m-1789882200,2026-09-20 05:30:00+00:00,1789882200,15m,13.8397,12.8365,15.9534,0.393849,2
btc-updown-5m-1789882200,2026-09-20 05:30:00+00:00,1789882200,5m,8.97199,8.60831,9.76941,0.420139,3
btc-updown-5m-1789882500,2026-09-20 05:35:00+00:00,1789882500,5m,8.87322,8.58932,9.5535,0.41369,3
btc-updown-5m-1789882800,2026-09-20 05:40:00+00:00,1789882800,5m,8.85684,8.58635,10.1394,0.413194,3
btc-updown-15m-1789883100,2026-09-20 05:45:00+00:00,1789883100,15m,13.024,12.3428,15.1365,0.358631,2
btc-updown-5m-1789883100,2026-09-20 05:45:00+00:00,1789883100,5m,8.6695,8.40749,9.2692,0.397321,2
btc-updown-5m-1789883400,2026-09-20 05:50:00+00:00,1789883400,5m,8.65935,8.28519,9.17631,0.396329,2
btc-updown-5m-1789883700,2026-09-20 05:55:00+00:00,1789883700,5m,8.18815,7.82307,8.51085,0.363591,2
btc-updown-15m-1789884000,2026-09-20 06:00:00+00:00,1789884000,15m,10.9742,10.3392,13.1639,0.280258,2
btc-updown-5m-1789884000,2026-09-20 06:00:00+00:00,1789884000,5m,7.68433,7.35478,8.06122,0.334821,2
btc-updown-5m-1789884300,2026-09-20 06:05:00+00:00,1789884300,5m,8.52175,8.15682,8.37843,0.386409,2
btc-updown-5m-1789884600,2026-09-20 06:10:00+00:00,1789884600,5m,8.04125,7.79607,8.81125,0.356647,2
btc-updown-15m-1789884900,2026-09-20 06:15:00+00:00,1789884900,15m,10.9395,10.4293,15.5368,0.27877,2
btc-updown-5m-1789884900,2026-09-20 06:15:00+00:00,1789884900,5m,7.78219,7.60284,9.51428,0.34127,2
btc-updown-5m-1789885200,2026-09-20 06:20:00+00:00,1789885200,5m,8.21338,8.05243,11.129,0.366071,2
btc-updown-5m-1789885500,2026-09-20 06:25:00+00:00,1789885500,5m,7.3917,7.07231,10.3349,0.316964,2
btc-updown-15m-1789885800,2026-09-20 06:30:00+00:00,1789885800,15m,9.59568,9.03261,15.7552,0.227679,2
btc-updown-5m-1789885800,2026-09-20 06:30:00+00:00,1789885800,5m,6.88997,6.56362,9.64804,0.287202,2
btc-updown-5m-1789886100,2026-09-20 06:35:00+00:00,1789886100,5m,6.39566,6.14154,8.97468,0.258929,2
btc-updown-5m-1789886400,2026-09-20 06:40:00+00:00,1789886400,5m,7.5707,7.34374,8.80182,0.329365,2
btc-updown-15m-1789886700,2026-09-20 06:45:00+00:00,1789886700,15m,13.6705,12.9142,17.7528,0.387897,2
btc-updown-5m-1789886700,2026-09-20 06:45:00+00:00,1789886700,5m,9.94798,9.55271,10.8713,0.49504,3
btc-updown-5m-1789887000,2026-09-20 06:50:00+00:00,1789887000,5m,8.54633,8.28963,11.6114,0.387897,2
btc-updown-5m-1789887300,2026-09-20 06:55:00+00:00,1789887300,5m,7.50267,6.91845,10.7615,0.325397,2
btc-updown-15m-1789887600,2026-09-20 07:00:00+00:00,1789887600,15m,10.9749,10.0997,19.3942,0.280258,2
btc-updown-5m-1789887600,2026-09-20 07:00:00+00:00,1789887600,5m,8.03767,7.58016,11.8765,0.355655,2
btc-updown-5m-1789887900,2026-09-20 07:05:00+00:00,1789887900,5m,7.1682,6.68126,10.9198,0.301587,2
btc-updown-5m-1789888200,2026-09-20 07:10:00+00:00,1789888200,5m,7.01458,6.65474,10.3277,0.292659,2
btc-updown-15m-1789888500,2026-09-20 07:15:00+00:00,1789888500,15m,8.98271,8.33668,15.6033,0.204365,2
btc-updown-5m-1789888500,2026-09-20 07:15:00+00:00,1789888500,5m,6.14742,5.89172,9.55502,0.238591,2
btc-updown-5m-1789888800,2026-09-20 07:20:00+00:00,1789888800,5m,5.54032,5.25946,8.75192,0.210813,2
btc-updown-5m-1789889100,2026-09-20 07:25:00+00:00,1789889100,5m,5.81216,5.50223,8.298,0.225198,2
btc-updown-15m-1789889400,2026-09-20 07:30:00+00:00,1789889400,15m,9.34096,8.67866,13.1495,0.219742,2
btc-updown-5m-1789889400,2026-09-20 07:30:00+00:00,1789889400,5m,6.18056,5.94179,8.05239,0.241567,2
btc-updown-5m-1789889700,2026-09-20 07:35:00+00:00,1789889700,5m,5.6984,5.45775,7.34051,0.217758,2
btc-updown-5m-1789890000,2026-09-20 07:40:00+00:00,1789890000,5m,7.11705,6.82166,7.2452,0.298611,2
btc-updown-15m-1789890300,2026-09-20 07:45:00+00:00,1789890300,15m,8.42017,7.99425,11.2003,0.182044,1
btc-updown-5m-1789890300,2026-09-20 07:45:00+00:00,1789890300,5m,5.67109,5.51215,6.85873,0.217262,2
btc-updown-5m-1789890600,2026-09-20 07:50:00+00:00,1789890600,5m,5.00797,4.83637,6.48439,0.172123,1
btc-updown-5m-1789890900,2026-09-20 07:55:00+00:00,1789890900,5m,5.14466,4.86156,6.38131,0.181052,1
btc-updown-15m-1789891200,2026-09-20 08:00:00+00:00,1789891200,15m,7.92321,7.3314,9.64976,0.156746,1
btc-updown-5m-1789891200,2026-09-20 08:00:00+00:00,1789891200,5m,5.05637,4.79839,5.90925,0.174107,1
btc-updown-5m-1789891500,2026-09-20 08:05:00+00:00,1789891500,5m,8.65123,8.18101,7.89309,0.395833,2
btc-updown-5m-1789891800,2026-09-20 08:10:00+00:00,1789891800,5m,6.33905,6.00169,7.42434,0.252976,2
btc-updown-15m-1789892100,2026-09-20 08:15:00+00:00,1789892100,15m,10.4186,9.81449,11.9563,0.258433,2
btc-updown-5m-1789892100,2026-09-20 08:15:00+00:00,1789892100,5m,6.64997,6.2911,7.32169,0.275298,2
btc-updown-5m-1789892400,2026-09-20 08:20:00+00:00,1789892400,5m,6.19677,5.86268,6.91091,0.242063,2
btc-updown-5m-1789892700,2026-09-20 08:25:00+00:00,1789892700,5m,6.02318,5.63962,6.32188,0.236111,2
btc-updown-15m-1789893000,2026-09-20 08:30:00+00:00,1789893000,15m,8.49771,7.8453,9.71384,0.186012,1
btc-updown-5m-1789893000,2026-09-20 08:30:00+00:00,1789893000,5m,5.51616,5.16214,5.94849,0.207341,2
btc-updown-5m-1789893300,2026-09-20 08:35:00+00:00,1789893300,5m,5.63632,5.2448,5.59695,0.216766,2
btc-updown-5m-1789893600,2026-09-20 08:40:00+00:00,1789893600,5m,5.38332,5.06434,5.42643,0.200397,2
btc-updown-15m-1789893900,2026-09-20 08:45:00+00:00,1789893900,15m,13.1432,12.2964,9.81145,0.366567,2
btc-updown-5m-1789893900,2026-09-20 08:45:00+00:00,1789893900,5m,9.06132,8.43531,6.00826,0.427579,3
btc-updown-5m-1789894200,2026-09-20 08:50:00+00:00,1789894200,5m,8.05211,7.58589,6.12317,0.356647,2
btc-updown-5m-1789894500,2026-09-20 08:55:00+00:00,1789894500,5m,8.67967,8.16163,8.4309,0.398313,2
btc-updown-15m-1789894800,2026-09-20 09:00:00+00:00,1789894800,15m,10.6798,9.64879,12.7102,0.267857,2
btc-updown-5m-1789894800,2026-09-20 09:00:00+00:00,1789894800,5m,6.48507,5.95136,7.7834,0.264881,2
btc-updown-5m-1789895100,2026-09-20 09:05:00+00:00,1789895100,5m,6.37773,5.92222,7.34729,0.256448,2
btc-updown-5m-1789895400,2026-09-20 09:10:00+00:00,1789895400,5m,5.94501,5.55767,6.95258,0.232143,2
btc-updown-15m-1789895700,2026-09-20 09:15:00+00:00,1789895700,15m,9.04276,8.42368,10.6209,0.206845,2
btc-updown-5m-1789895700,2026-09-20 09:15:00+00:00,1789895700,5m,5.57119,5.23062,6.50393,0.214286,2
btc-updown-5m-1789896000,2026-09-20 09:20:00+00:00,1789896000,5m,5.4271,5.13764,6.11426,0.202877,2
btc-updown-5m-1789896300,2026-09-20 09:25:00+00:00,1789896300,5m,6.06032,5.71702,6.6959,0.237599,2
btc-updown-15m-1789896600,2026-09-20 09:30:00+00:00,1789896600,15m,10.6815,10.0688,10.2845,0.267857,2
btc-updown-5m-1789896600,2026-09-20 09:30:00+00:00,1789896600,5m,6.18703,5.8246,6.29793,0.242063,2
btc-updown-5m-1789896900,2026-09-20 09:35:00+00:00,1789896900,5m,6.69144,6.21375,6.03022,0.277282,2
btc-updown-5m-1789897200,2026-09-20 09:40:00+00:00,1789897200,5m,7.69513,7.09837,6.88833,0.335317,2
btc-updown-15m-1789897500,2026-09-20 09:45:00+00:00,1789897500,15m,14.287,13.6301,12.7623,0.413194,3
btc-updown-5m-1789897500,2026-09-20 09:45:00+00:00,1789897500,5m,9.3052,8.82552,7.81527,0.44494,3
btc-updown-5m-1789897800,2026-09-20 09:50:00+00:00,1789897800,5m,7.64956,7.25716,7.66132,0.332837,2
btc-updown-5m-1789898100,2026-09-20 09:55:00+00:00,1789898100,5m,6.84484,6.42097,7.02979,0.284722,2
btc-updown-15m-1789898400,2026-09-20 10:00:00+00:00,1789898400,15m,9.89233,9.28483,10.718,0.238095,2
btc-updown-5m-1789898400,2026-09-20 10:00:00+00:00,1789898400,5m,5.79989,5.49166,6.56342,0.22371,2
btc-updown-5m-1789898700,2026-09-20 10:05:00+00:00,1789898700,5m,6.18101,5.87078,6.29117,0.241567,2
btc-updown-5m-1789899000,2026-09-20 10:10:00+00:00,1789899000,5m,9.00431,8.59419,8.02431,0.422619,3
btc-updown-15m-1789899300,2026-09-20 10:15:00+00:00,1789899300,15m,13.1814,12.5528,12.3528,0.367063,2
btc-updown-5m-1789899300,2026-09-20 10:15:00+00:00,1789899300,5m,8.01848,7.72097,7.56449,0.354663,2
btc-updown-5m-1789899600,2026-09-20 10:20:00+00:00,1789899600,5m,7.7629,7.4626,8.34371,0.340774,2
btc-updown-5m-1789899900,2026-09-20 10:25:00+00:00,1789899900,5m,7.04475,6.70814,7.99416,0.292659,2
btc-updown-15m-1789900200,2026-09-20 10:30:00+00:00,1789900200,15m,10.5166,9.7989,11.8816,0.261905,2
btc-updown-5m-1789900200,2026-09-20 10:30:00+00:00,1789900200,5m,6.17942,5.7702,7.27598,0.241071,2
btc-updown-5m-1789900500,2026-09-20 10:35:00+00:00,1789900500,5m,6.28891,5.90655,7.14841,0.250992,2
btc-updown-5m-1789900800,2026-09-20 10:40:00+00:00,1789900800,5m,6.30617,5.80828,6.64387,0.251488,2
btc-updown-15m-1789901100,2026-09-20 10:45:00+00:00,1789901100,15m,10.09,9.3407,10.3535,0.244544,2
btc-updown-5m-1789901100,2026-09-20 10:45:00+00:00,1789901100,5m,6.40999,6.02803,6.34018,0.260417,2
btc-updown-5m-1789901400,2026-09-20 10:50:00+00:00,1789901400,5m,5.76129,5.37389,6.02854,0.22123,2
btc-updown-5m-1789901700,2026-09-20 10:55:00+00:00,1789901700,5m,6.16554,5.76503,5.8597,0.240079,2
btc-updown-15m-1789902000,2026-09-20 11:00:00+00:00,1789902000,15m,8.78172,8.1963,9.63606,0.196429,1
btc-updown-5m-1789902000,2026-09-20 11:00:00+00:00,1789902000,5m,5.63939,5.34979,5.90086,0.216766,2
btc-updown-5m-1789902300,2026-09-20 11:05:00+00:00,1789902300,5m,5.72212,5.40893,5.66416,0.220734,2
btc-updown-5m-1789902600,2026-09-20 11:10:00+00:00,1789902600,5m,6.17152,5.86447,6.15848,0.240575,2
btc-updown-15m-1789902900,2026-09-20 11:15:00+00:00,1789902900,15m,8.5525,8.14169,9.99461,0.187004,1
btc-updown-5m-1789902900,2026-09-20 11:15:00+00:00,1789902900,5m,5.85911,5.55684,6.12042,0.227679,2
btc-updown-5m-1789903200,2026-09-20 11:20:00+00:00,1789903200,5m,5.86075,5.63564,5.84571,0.227679,2
btc-updown-5m-1789903500,2026-09-20 11:25:00+00:00,1789903500,5m,6.13694,5.75821,6.80141,0.238095,2
btc-updown-15m-1789903800,2026-09-20 11:30:00+00:00,1789903800,15m,7.40375,6.90612,10.1296,0.135913,1
btc-updown-5m-1789903800,2026-09-20 11:30:00+00:00,1789903800,5m,5.32634,4.98223,6.2031,0.197917,1
btc-updown-5m-1789904100,2026-09-20 11:35:00+00:00,1789904100,5m,7.20373,7.00734,6.75424,0.304067,2
btc-updown-5m-1789904400,2026-09-20 11:40:00+00:00,1789904400,5m,6.69419,6.50894,7.14297,0.277282,2
btc-updown-15m-1789904700,2026-09-20 11:45:00+00:00,1789904700,15m,9.02546,8.84383,11.8688,0.206349,2
btc-updown-5m-1789904700,2026-09-20 11:45:00+00:00,1789904700,5m,6.77858,6.58245,7.26814,0.280258,2
btc-updown-5m-1789905000,2026-09-20 11:50:00+00:00,1789905000,5m,6.37008,6.18139,6.74209,0.255456,2
btc-updown-5m-1789905300,2026-09-20 11:55:00+00:00,1789905300,5m,6.26799,6.12365,6.25959,0.249008,2
btc-updown-15m-1789905600,2026-09-20 12:00:00+00:00,1789905600,15m,8.31435,8.11756,10.4813,0.177083,1
btc-updown-5m-1789905600,2026-09-20 12:00:00+00:00,1789905600,5m,6.0695,5.9305,6.41843,0.237599,2
btc-updown-5m-1789905900,2026-09-20 12:05:00+00:00,1789905900,5m,6.31609,6.18236,6.46241,0.251984,2
btc-updown-5m-1789906200,2026-09-20 12:10:00+00:00,1789906200,5m,6.0478,5.88456,5.98482,0.237599,2
btc-updown-15m-1789906500,2026-09-20 12:15:00+00:00,1789906500,15m,8.63383,8.38478,10.4333,0.192956,1
btc-updown-5m-1789906500,2026-09-20 12:15:00+00:00,1789906500,5m,6.52955,6.34461,6.38908,0.266865,2
btc-updown-5m-1789906800,2026-09-20 12:20:00+00:00,1789906800,5m,6.37024,6.22051,6.35915,0.255456,2
btc-updown-5m-1789907100,2026-09-20 12:25:00+00:00,1789907100,5m,5.75067,5.56324,5.81126,0.220734,2
btc-updown-15m-1789907400,2026-09-20 12:30:00+00:00,1789907400,15m,8.53831,8.25456,9.66746,0.187004,1
btc-updown-5m-1789907400,2026-09-20 12:30:00+00:00,1789907400,5m,6.0378,5.86727,5.92009,0.236607,2
btc-updown-5m-1789907700,2026-09-20 12:35:00+00:00,1789907700,5m,5.97335,5.85107,5.86235,0.232143,2
btc-updown-5m-1789908000,2026-09-20 12:40:00+00:00,1789908000,5m,5.70785,5.54287,5.3414,0.219246,2
btc-updown-15m-1789908300,2026-09-20 12:45:00+00:00,1789908300,15m,7.67144,7.4125,7.99297,0.147321,1
btc-updown-5m-1789908300,2026-09-20 12:45:00+00:00,1789908300,5m,5.17856,4.93858,4.89467,0.183532,1
btc-updown-5m-1789908600,2026-09-20 12:50:00+00:00,1789908600,5m,4.52199,4.22592,4.48978,0.134921,1
btc-updown-5m-1789908900,2026-09-20 12:55:00+00:00,1789908900,5m,5.91326,5.74755,4.97657,0.229663,2
btc-updown-15m-1789909200,2026-09-20 13:00:00+00:00,1789909200,15m,8.6763,8.54482,8.2802,0.194444,1
btc-updown-5m-1789909200,2026-09-20 13:00:00+00:00,1789909200,5m,5.8761,5.76946,5.07057,0.227679,2
btc-updown-5m-1789909500,2026-09-20 13:05:00+00:00,1789909500,5m,6.42375,6.28973,5.42487,0.261905,2
btc-updown-5m-1789909800,2026-09-20 13:10:00+00:00,1789909800,5m,7.96932,7.75727,6.6054,0.352183,2
btc-updown-15m-1789910100,2026-09-20 13:15:00+00:00,1789910100,15m,9.9825,9.64345,10.1183,0.242063,2
btc-updown-5m-1789910100,2026-09-20 13:15:00+00:00,1789910100,5m,6.46305,6.21636,6.19617,0.263393,2
btc-updown-5m-1789910400,2026-09-20 13:20:00+00:00,1789910400,5m,7.31072,7.125,6.3296,0.31002,2
btc-updown-5m-1789910700,2026-09-20 13:25:00+00:00,1789910700,5m,6.502,6.31167,6.55405,0.265377,2
btc-updown-15m-1789911000,2026-09-20 13:30:00+00:00,1789911000,15m,9.76735,9.62659,10.3023,0.232639,2
btc-updown-5m-1789911000,2026-09-20 13:30:00+00:00,1789911000,5m,6.51638,6.38674,6.30887,0.265873,2
btc-updown-5m-1789911300,2026-09-20 13:35:00+00:00,1789911300,5m,6.50476,6.39888,6.19308,0.265377,2
btc-updown-5m-1789911600,2026-09-20 13:40:00+00:00,1789911600,5m,6.15384,5.99066,6.37953,0.239087,2
btc-updown-15m-1789911900,2026-09-20 13:45:00+00:00,1789911900,15m,9.42968,9.20782,10.9979,0.22123,2
btc-updown-5m-1789911900,2026-09-20 13:45:00+00:00,1789911900,5m,6.3416,6.24901,6.73481,0.253472,2
btc-updown-5m-1789912200,2026-09-20 13:50:00+00:00,1789912200,5m,6.11472,5.93999,6.52374,0.238095,2
btc-updown-5m-1789912500,2026-09-20 13:55:00+00:00,1789912500,5m,6.11933,5.94985,6.45842,0.238095,2
btc-updown-15m-1789912800,2026-09-20 14:00:00+00:00,1789912800,15m,9.4139,9.19673,9.74155,0.220734,2
btc-updown-5m-1789912800,2026-09-20 14:00:00+00:00,1789912800,5m,5.8596,5.67878,5.96545,0.227679,2
btc-updown-5m-1789913100,2026-09-20 14:05:00+00:00,1789913100,5m,17.6566,17.1963,8.93602,0.84623,5
btc-updown-5m-1789913400,2026-09-20 14:10:00+00:00,1789913400,5m,7.2886,6.98706,9.70341,0.308532,2
btc-updown-15m-1789913700,2026-09-20 14:15:00+00:00,1789913700,15m,10.9455,10.5182,14.8881,0.27877,2
btc-updown-5m-1789913700,2026-09-20 14:15:00+00:00,1789913700,5m,7.09786,6.81145,9.11707,0.296627,2
btc-updown-5m-1789914000,2026-09-20 14:20:00+00:00,1789914000,5m,8.01784,7.7135,10.1956,0.354663,2
btc-updown-5m-1789914300,2026-09-20 14:25:00+00:00,1789914300,5m,7.51752,7.28445,10.2658,0.325893,2
btc-updown-15m-1789914600,2026-09-20 14:30:00+00:00,1789914600,15m,10.9951,10.4945,15.9043,0.28125,2
btc-updown-5m-1789914600,2026-09-20 14:30:00+00:00,1789914600,5m,7.1572,6.71187,9.73938,0.301587,2
btc-updown-5m-1789914900,2026-09-20 14:35:00+00:00,1789914900,5m,8.45444,8.12619,9.34357,0.380952,2
btc-updown-5m-1789915200,2026-09-20 14:40:00+00:00,1789915200,5m,8.03265,7.7261,9.04353,0.355159,2
btc-updown-15m-1789915500,2026-09-20 14:45:00+00:00,1789915500,15m,11.1721,10.7043,13.5888,0.287202,2
btc-updown-5m-1789915500,2026-09-20 14:45:00+00:00,1789915500,5m,6.96391,6.66281,8.3214,0.290675,2
btc-updown-5m-1789915800,2026-09-20 14:50:00+00:00,1789915800,5m,6.8237,6.58309,7.79391,0.28373,2
btc-updown-5m-1789916100,2026-09-20 14:55:00+00:00,1789916100,5m,8.02863,7.76587,7.81532,0.355159,2
btc-updown-15m-1789916400,2026-09-20 15:00:00+00:00,1789916400,15m,11.5371,11.0612,14.0484,0.300595,2
btc-updown-5m-1789916400,2026-09-20 15:00:00+00:00,1789916400,5m,7.54688,7.24243,8.60288,0.327381,2
btc-updown-5m-1789916700,2026-09-20 15:05:00+00:00,1789916700,5m,10.8002,10.3781,12.3495,0.550099,3
btc-updown-5m-1789917000,2026-09-20 15:10:00+00:00,1789917000,5m,10.8508,10.3716,11.7828,0.552083,3
btc-updown-15m-1789917300,2026-09-20 15:15:00+00:00,1789917300,15m,13.6436,13.0238,17.7638,0.385417,2
btc-updown-5m-1789917300,2026-09-20 15:15:00+00:00,1789917300,5m,8.95566,8.49022,10.8781,0.417163,3
btc-updown-5m-1789917600,2026-09-20 15:20:00+00:00,1789917600,5m,8.85937,8.55649,11.383,0.413194,3
btc-updown-5m-1789917900,2026-09-20 15:25:00+00:00,1789917900,5m,8.63249,8.40451,10.5277,0.394345,2
btc-updown-15m-1789918200,2026-09-20 15:30:00+00:00,1789918200,15m,14.3408,13.9655,17.4524,0.417163,3
btc-updown-5m-1789918200,2026-09-20 15:30:00+00:00,1789918200,5m,9.24156,9.065,10.6874,0.439484,3
btc-updown-5m-1789918500,2026-09-20 15:35:00+00:00,1789918500,5m,9.02004,8.80345,10.5456,0.424107,3
btc-updown-5m-1789918800,2026-09-20 15:40:00+00:00,1789918800,5m,8.68453,8.31763,9.74812,0.399306,2
btc-updown-15m-1789919100,2026-09-20 15:45:00+00:00,1789919100,15m,14.6709,14.0095,16.6695,0.434028,3
btc-updown-5m-1789919100,2026-09-20 15:45:00+00:00,1789919100,5m,9.63964,9.33983,10.2079,0.474702,3
btc-updown-5m-1789919400,2026-09-20 15:50:00+00:00,1789919400,5m,9.76456,9.52631,9.78578,0.482143,3
btc-updown-5m-1789919700,2026-09-20 15:55:00+00:00,1789919700,5m,8.84522,8.61977,9.15307,0.412202,3
btc-updown-15m-1789920000,2026-09-20 16:00:00+00:00,1789920000,15m,13.9466,13.5039,14.1107,0.398313,2
btc-updown-5m-1789920000,2026-09-20 16:00:00+00:00,1789920000,5m,8.84044,8.5998,8.641,0.411706,3
btc-updown-5m-1789920300,2026-09-20 16:05:00+00:00,1789920300,5m,8.82704,8.70987,8.9426,0.410218,3
btc-updown-5m-1789920600,2026-09-20 16:10:00+00:00,1789920600,5m,9.74739,9.57474,9.65698,0.481151,3
btc-updown-15m-1789920900,2026-09-20 16:15:00+00:00,1789920900,15m,21.7438,20.7898,18.5313,0.697421,4
btc-updown-5m-1789920900,2026-09-20 16:15:00+00:00,1789920900,5m,14.0885,13.8303,11.3481,0.728175,4
btc-updown-5m-1789921200,2026-09-20 16:20:00+00:00,1789921200,5m,11.9528,11.8364,10.9647,0.62996,4
btc-updown-5m-1789921500,2026-09-20 16:25:00+00:00,1789921500,5m,11.269,11.1523,11.0636,0.583829,3
btc-updown-15m-1789921800,2026-09-20 16:30:00+00:00,1789921800,15m,23.7772,22.608,21.9606,0.746032,4
btc-updown-5m-1789921800,2026-09-20 16:30:00+00:00,1789921800,5m,15.0764,14.81,13.4481,0.771329,4
btc-updown-5m-1789922100,2026-09-20 16:35:00+00:00,1789922100,5m,15.7139,15.3898,14.803,0.793651,4
btc-updown-5m-1789922400,2026-09-20 16:40:00+00:00,1789922400,5m,16.4078,15.9995,14.0898,0.81746,5
btc-updown-15m-1789922700,2026-09-20 16:45:00+00:00,1789922700,15m,25.4339,24.7594,24.1308,0.787698,4
btc-updown-5m-1789922700,2026-09-20 16:45:00+00:00,1789922700,5m,14.7058,14.7433,14.777,0.760417,4
btc-updown-5m-1789923000,2026-09-20 16:50:00+00:00,1789923000,5m,13.5395,13.5678,15.0837,0.706845,4
btc-updown-5m-1789923300,2026-09-20 16:55:00+00:00,1789923300,5m,13.3593,13.1785,14.0377,0.700893,4
btc-updown-15m-1789923600,2026-09-20 17:00:00+00:00,1789923600,15m,19.207,18.5958,21.8706,0.622024,4
btc-updown-5m-1789923600,2026-09-20 17:00:00+00:00,1789923600,5m,12.2184,12.089,13.3929,0.648313,4
btc-updown-5m-1789923900,2026-09-20 17:05:00+00:00,1789923900,5m,12.9708,12.8704,12.7898,0.68502,4
btc-updown-5m-1789924200,2026-09-20 17:10:00+00:00,1789924200,5m,13.3785,13.3963,13.6626,0.701885,4
btc-updown-15m-1789924500,2026-09-20 17:15:00+00:00,1789924500,15m,19.6538,18.9802,20.7702,0.633929,4
btc-updown-5m-1789924500,2026-09-20 17:15:00+00:00,1789924500,5m,12.0598,11.9004,12.7191,0.637897,4
btc-updown-5m-1789924800,2026-09-20 17:20:00+00:00,1789924800,5m,12.1429,12.1866,12.539,0.642857,4
btc-updown-5m-1789925100,2026-09-20 17:25:00+00:00,1789925100,5m,12.2478,12.2884,12.8071,0.649306,4
btc-updown-15m-1789925400,2026-09-20 17:30:00+00:00,1789925400,15m,17.3703,16.9983,21.8227,0.557044,3
btc-updown-5m-1789925400,2026-09-20 17:30:00+00:00,1789925400,5m,11.7032,11.5777,13.3636,0.609623,4
btc-updown-5m-1789925700,2026-09-20 17:35:00+00:00,1789925700,5m,11.2114,10.9063,12.7542,0.578373,3
btc-updown-5m-1789926000,2026-09-20 17:40:00+00:00,1789926000,5m,13.181,12.7992,12.1008,0.693948,4
btc-updown-15m-1789926300,2026-09-20 17:45:00+00:00,1789926300,15m,16.2705,15.3898,18.144,0.503968,3
btc-updown-5m-1789926300,2026-09-20 17:45:00+00:00,1789926300,5m,10.478,9.92303,11.1109,0.527282,3
btc-updown-5m-1789926600,2026-09-20 17:50:00+00:00,1789926600,5m,9.3976,9.12193,10.2904,0.452877,3
btc-updown-5m-1789926900,2026-09-20 17:55:00+00:00,1789926900,5m,11.6343,11.6052,11.3364,0.602679,4
btc-updown-15m-1789927200,2026-09-20 18:00:00+00:00,1789927200,15m,15.7775,15.4232,17.3182,0.484127,3
btc-updown-5m-1789927200,2026-09-20 18:00:00+00:00,1789927200,5m,10.0001,9.70917,10.6052,0.500496,3
btc-updown-5m-1789927500,2026-09-20 18:05:00+00:00,1789927500,5m,9.56757,9.20126,9.80937,0.468254,3
btc-updown-5m-1789927800,2026-09-20 18:10:00+00:00,1789927800,5m,11.9274,11.5317,10.947,0.626488,4
btc-updown-15m-1789928100,2026-09-20 18:15:00+00:00,1789928100,15m,14.8221,13.9484,16.6066,0.441468,3
btc-updown-5m-1789928100,2026-09-20 18:15:00+00:00,1789928100,5m,9.79951,9.37801,10.1694,0.484127,3
btc-updown-5m-1789928400,2026-09-20 18:20:00+00:00,1789928400,5m,10.9134,10.5832,10.2207,0.557044,3
btc-updown-5m-1789928700,2026-09-20 18:25:00+00:00,1789928700,5m,9.40015,9.09801,9.495,0.452877,3
btc-updown-15m-1789929000,2026-09-20 18:30:00+00:00,1789929000,15m,14.1828,13.7295,14.8902,0.409226,3
btc-updown-5m-1789929000,2026-09-20 18:30:00+00:00,1789929000,5m,9.75827,9.52384,9.11833,0.481647,3
btc-updown-5m-1789929300,2026-09-20 18:35:00+00:00,1789929300,5m,9.24952,8.83329,8.85474,0.440476,3
btc-updown-5m-1789929600,2026-09-20 18:40:00+00:00,1789929600,5m,8.57221,8.2941,8.34191,0.390377,2
btc-updown-15m-1789929900,2026-09-20 18:45:00+00:00,1789929900,15m,12.8712,12.1775,12.9258,0.349206,2
btc-updown-5m-1789929900,2026-09-20 18:45:00+00:00,1789929900,5m,8.65857,8.32472,7.91539,0.396329,2
btc-updown-5m-1789930200,2026-09-20 18:50:00+00:00,1789930200,5m,8.32476,8.16364,7.57048,0.371528,2
btc-updown-5m-1789930500,2026-09-20 18:55:00+00:00,1789930500,5m,9.74334,9.57132,8.43243,0.480655,3
btc-updown-15m-1789930800,2026-09-20 19:00:00+00:00,1789930800,15m,14.4682,14.1233,12.9379,0.423611,3
btc-updown-5m-1789930800,2026-09-20 19:00:00+00:00,1789930800,5m,8.25288,8.05511,7.92282,0.369544,2
btc-updown-5m-1789931100,2026-09-20 19:05:00+00:00,1789931100,5m,8.81441,8.65786,7.76791,0.409226,3
btc-updown-5m-1789931400,2026-09-20 19:10:00+00:00,1789931400,5m,7.79833,7.63695,7.36084,0.34375,2
btc-updown-15m-1789931700,2026-09-20 19:15:00+00:00,1789931700,15m,11.7911,11.333,11.0233,0.31002,2
btc-updown-5m-1789931700,2026-09-20 19:15:00+00:00,1789931700,5m,7.04431,6.83901,6.7504,0.292659,2
btc-updown-5m-1789932000,2026-09-20 19:20:00+00:00,1789932000,5m,7.20665,6.9462,6.35207,0.304067,2
btc-updown-5m-1789932300,2026-09-20 19:25:00+00:00,1789932300,5m,6.19749,5.86334,5.94167,0.242063,2
btc-updown-15m-1789932600,2026-09-20 19:30:00+00:00,1789932600,15m,10.5697,9.98944,9.14061,0.262897,2
btc-updown-5m-1789932600,2026-09-20 19:30:00+00:00,1789932600,5m,6.05485,5.71477,5.59746,0.237599,2
btc-updown-5m-1789932900,2026-09-20 19:35:00+00:00,1789932900,5m,9.74511,9.69087,6.77354,0.480655,3
btc-updown-5m-1789933200,2026-09-20 19:40:00+00:00,1789933200,5m,8.28586,8.15303,6.4355,0.370536,2
btc-updown-15m-1789933500,2026-09-20 19:45:00+00:00,1789933500,15m,11.9818,11.6164,10.7764,0.316964,2
btc-updown-5m-1789933500,2026-09-20 19:45:00+00:00,1789933500,5m,7.62195,7.49625,6.59914,0.332837,2
btc-updown-5m-1789933800,2026-09-20 19:50:00+00:00,1789933800,5m,7.82792,7.72457,6.70394,0.34375,2
btc-updown-5m-1789934100,2026-09-20 19:55:00+00:00,1789934100,5m,7.04831,6.8874,6.2298,0.292659,2
btc-updown-15m-1789934400,2026-09-20 20:00:00+00:00,1789934400,15m,12.5355,12.1823,10.9805,0.336806,2
btc-updown-5m-1789934400,2026-09-20 20:00:00+00:00,1789934400,5m,7.84433,7.68978,6.72416,0.34375,2
btc-updown-5m-1789934700,2026-09-20 20:05:00+00:00,1789934700,5m,7.02253,6.92226,6.29501,0.292659,2
btc-updown-5m-1789935000,2026-09-20 20:10:00+00:00,1789935000,5m,6.26634,6.18753,5.8844,0.248512,2
btc-updown-15m-1789935300,2026-09-20 20:15:00+00:00,1789935300,15m,11.1743,10.845,9.0757,0.287202,2
btc-updown-5m-1789935300,2026-09-20 20:15:00+00:00,1789935300,5m,6.26758,6.17293,5.55771,0.249008,2
btc-updown-5m-1789935600,2026-09-20 20:20:00+00:00,1789935600,5m,5.89815,5.74391,5.34188,0.228175,2
btc-updown-5m-1789935900,2026-09-20 20:25:00+00:00,1789935900,5m,5.49415,5.19844,4.94426,0.206845,2
btc-updown-15m-1789936200,2026-09-20 20:30:00+00:00,1789936200,15m,12.8167,12.4762,10.1713,0.34623,2
btc-updown-5m-1789936200,2026-09-20 20:30:00+00:00,1789936200,5m,8.44508,8.26085,6.22864,0.379464,2
btc-updown-5m-1789936500,2026-09-20 20:35:00+00:00,1789936500,5m,5.99745,5.82501,6.18717,0.235119,2
btc-updown-5m-1789936800,2026-09-20 20:40:00+00:00,1789936800,5m,6.1571,5.88042,5.76139,0.239583,2
btc-updown-15m-1789937100,2026-09-20 20:45:00+00:00,1789937100,15m,11.7692,11.1421,10.1333,0.308036,2
btc-updown-5m-1789937100,2026-09-20 20:45:00+00:00,1789937100,5m,6.65824,6.36587,6.20534,0.275298,2
btc-updown-5m-1789937400,2026-09-20 20:50:00+00:00,1789937400,5m,8.04141,7.66825,9.14765,0.356647,2
btc-updown-5m-1789937700,2026-09-20 20:55:00+00:00,1789937700,5m,7.20764,6.90088,8.4875,0.304067,2
btc-updown-15m-1789938000,2026-09-20 21:00:00+00:00,1789938000,15m,10.8931,10.2594,12.6534,0.275794,2
btc-updown-5m-1789938000,2026-09-20 21:00:00+00:00,1789938000,5m,6.06405,5.70612,7.74862,0.237599,2
btc-updown-5m-1789938300,2026-09-20 21:05:00+00:00,1789938300,5m,13.3804,12.7679,11.8267,0.701885,4
btc-updown-5m-1789938600,2026-09-20 21:10:00+00:00,1789938600,5m,11.3585,10.7308,11.5612,0.588294,3
btc-updown-15m-1789938900,2026-09-20 21:15:00+00:00,1789938900,15m,27.3053,25.534,25.2444,0.823909,5
btc-updown-5m-1789938900,2026-09-20 21:15:00+00:00,1789938900,5m,18.0663,16.8063,15.459,0.855159,5
btc-updown-5m-1789939200,2026-09-20 21:20:00+00:00,1789939200,5m,12.1658,11.269,14.7657,0.644345,4
btc-updown-5m-1789939500,2026-09-20 21:25:00+00:00,1789939500,5m,11.9519,11.1104,13.8112,0.62996,4
btc-updown-15m-1789939800,2026-09-20 21:30:00+00:00,1789939800,15m,16.1342,15.0609,21.2576,0.499008,3
btc-updown-5m-1789939800,2026-09-20 21:30:00+00:00,1789939800,5m,9.8394,9.19042,13.0176,0.487103,3
btc-updown-5m-1789940100,2026-09-20 21:35:00+00:00,1789940100,5m,9.38702,8.88301,12.1192,0.451885,3
btc-updown-5m-1789940400,2026-09-20 21:40:00+00:00,1789940400,5m,8.87209,8.39953,11.153,0.41369,3
btc-updown-15m-1789940700,2026-09-20 21:45:00+00:00,1789940700,15m,16.8562,16.0299,17.188,0.531746,3
btc-updown-5m-1789940700,2026-09-20 21:45:00+00:00,1789940700,5m,9.28906,8.92315,10.5255,0.443452,3
btc-updown-5m-1789941000,2026-09-20 21:50:00+00:00,1789941000,5m,9.55516,9.17502,10.6333,0.46627,3
btc-updown-5m-1789941300,2026-09-20 21:55:00+00:00,1789941300,5m,8.37036,7.96436,10.3001,0.374504,2
btc-updown-15m-1789941600,2026-09-20 22:00:00+00:00,1789941600,15m,13.5563,12.7476,17.5316,0.382937,2
btc-updown-5m-1789941600,2026-09-20 22:00:00+00:00,1789941600,5m,8.39215,8.04382,10.7359,0.376488,2
btc-updown-5m-1789941900,2026-09-20 22:05:00+00:00,1789941900,5m,9.46049,9.00685,15.8983,0.458829,3
btc-updown-5m-1789942200,2026-09-20 22:10:00+00:00,1789942200,5m,11.6931,11.2925,15.6608,0.609127,4
btc-updown-15m-1789942500,2026-09-20 22:15:00+00:00,1789942500,15m,23.0348,22.3166,26.2969,0.731151,4
btc-updown-5m-1789942500,2026-09-20 22:15:00+00:00,1789942500,5m,14.9877,14.3766,16.1035,0.768849,4
btc-updown-5m-1789942800,2026-09-20 22:20:00+00:00,1789942800,5m,13.6978,13.1468,16.5326,0.710317,4
btc-updown-5m-1789943100,2026-09-20 22:25:00+00:00,1789943100,5m,12.2222,11.7657,15.5087,0.64881,4
btc-updown-15m-1789943400,2026-09-20 22:30:00+00:00,1789943400,15m,15.8871,14.9867,23.0083,0.489087,3
btc-updown-5m-1789943400,2026-09-20 22:30:00+00:00,1789943400,5m,9.63,9.06066,14.0896,0.472718,3
btc-updown-5m-1789943700,2026-09-20 22:35:00+00:00,1789943700,5m,8.68941,7.96707,12.8975,0.399802,2
btc-updown-5m-1789944000,2026-09-20 22:40:00+00:00,1789944000,5m,9.65115,9.0997,11.9678,0.475198,3
btc-updown-15m-1789944300,2026-09-20 22:45:00+00:00,1789944300,15m,16.7532,16.0394,21.6553,0.529266,3
btc-updown-5m-1789944300,2026-09-20 22:45:00+00:00,1789944300,5m,11.1958,10.716,13.2611,0.577877,3
btc-updown-5m-1789944600,2026-09-20 22:50:00+00:00,1789944600,5m,10.2644,9.7307,12.408,0.517857,3
btc-updown-5m-1789944900,2026-09-20 22:55:00+00:00,1789944900,5m,10.9988,10.4286,12.8148,0.562004,3
btc-updown-15m-1789945200,2026-09-20 23:00:00+00:00,1789945200,15m,14.975,13.9908,19.294,0.449901,3
btc-updown-5m-1789945200,2026-09-20 23:00:00+00:00,1789945200,5m,10.0125,9.39189,11.8151,0.500496,3
btc-updown-5m-1789945500,2026-09-20 23:05:00+00:00,1789945500,5m,9.4171,8.88726,11.4082,0.455853,3
btc-updown-5m-1789945800,2026-09-20 23:10:00+00:00,1789945800,5m,8.86328,8.27046,10.8739,0.413194,3
btc-updown-15m-1789946100,2026-09-20 23:15:00+00:00,1789946100,15m,14.4687,13.5981,16.8827,0.423611,3
btc-updown-5m-1789946100,2026-09-20 23:15:00+00:00,1789946100,5m,9.68792,9.24239,10.3385,0.478671,3
btc-updown-5m-1789946400,2026-09-20 23:20:00+00:00,1789946400,5m,8.88174,8.50266,10.2252,0.41369,3
btc-updown-5m-1789946700,2026-09-20 23:25:00+00:00,1789946700,5m,8.5334,8.13662,9.62483,0.386905,2
btc-updown-15m-1789947000,2026-09-20 23:30:00+00:00,1789947000,15m,12.6426,11.8402,15.7385,0.340278,2
btc-updown-5m-1789947000,2026-09-20 23:30:00+00:00,1789947000,5m,8.75214,8.36582,9.63784,0.40377,3
btc-updown-5m-1789947300,2026-09-20 23:35:00+00:00,1789947300,5m,7.71061,7.28555,8.85246,0.33631,2
btc-updown-5m-1789947600,2026-09-20 23:40:00+00:00,1789947600,5m,11.093,10.723,10.2148,0.567956,3
btc-updown-15m-1789947900,2026-09-20 23:45:00+00:00,1789947900,15m,12.5617,11.9997,18.1197,0.337302,2
btc-updown-5m-1789947900,2026-09-20 23:45:00+00:00,1789947900,5m,9.13581,8.76655,11.096,0.433036,3
btc-updown-5m-1789948200,2026-09-20 23:50:00+00:00,1789948200,5m,9.18164,8.89013,10.8414,0.434524,3
btc-updown-5m-1789948500,2026-09-20 23:55:00+00:00,1789948500,5m,8.08848,7.64176,10.3356,0.358631,2
btc-updown-15m-1789948800,2026-09-21 00:00:00+00:00,1789948800,15m,10.3841,9.58649,15.578,0.25744,2
btc-updown-5m-1789948800,2026-09-21 00:00:00+00:00,1789948800,5m,7.0413,6.58461,9.53954,0.292659,2
btc-updown-5m-1789949100,2026-09-21 00:05:00+00:00,1789949100,5m,9.54908,8.90842,12.2665,0.465774,3
btc-updown-5m-1789949400,2026-09-21 00:10:00+00:00,1789949400,5m,22.8879,21.9608,16.2104,0.921131,5
btc-updown-15m-1789949700,2026-09-21 00:15:00+00:00,1789949700,15m,25.4095,24.3823,31.6633,0.787698,4
btc-updown-5m-1789949700,2026-09-21 00:15:00+00:00,1789949700,5m,19.5806,18.8927,19.3898,0.886409,5
btc-updown-5m-1789950000,2026-09-21 00:20:00+00:00,1789950000,5m,19.5341,19.041,20.2252,0.885913,5
btc-updown-5m-1789950300,2026-09-21 00:25:00+00:00,1789950300,5m,19.6822,19.1789,19.2444,0.887401,5
btc-updown-15m-1789950600,2026-09-21 00:30:00+00:00,1789950600,15m,26.9881,26.7879,29.308,0.819444,5
btc-updown-5m-1789950600,2026-09-21 00:30:00+00:00,1789950600,5m,17.5813,16.947,17.9474,0.844742,5
btc-updown-5m-1789950900,2026-09-21 00:35:00+00:00,1789950900,5m,15.3701,14.137,16.7044,0.78125,4
btc-updown-5m-1789951200,2026-09-21 00:40:00+00:00,1789951200,5m,16.148,15.4974,16.417,0.809524,5
btc-updown-15m-1789951500,2026-09-21 00:45:00+00:00,1789951500,15m,23.401,23.1227,25.3328,0.738591,4
btc-updown-5m-1789951500,2026-09-21 00:45:00+00:00,1789951500,5m,15.1775,14.5841,15.5131,0.775794,4
btc-updown-5m-1789951800,2026-09-21 00:50:00+00:00,1789951800,5m,16.7954,16.5503,17.928,0.827877,5
btc-updown-5m-1789952100,2026-09-21 00:55:00+00:00,1789952100,5m,15.5113,15.2462,17.7909,0.784722,4
btc-updown-15m-1789952400,2026-09-21 01:00:00+00:00,1789952400,15m,18.7677,17.8988,26.8912,0.607639,4
btc-updown-5m-1789952400,2026-09-21 01:00:00+00:00,1789952400,5m,13.4151,13.0143,16.4674,0.704365,4
btc-updown-5m-1789952700,2026-09-21 01:05:00+00:00,1789952700,5m,12.5831,11.9362,15.3795,0.66369,4
btc-updown-5m-1789953000,2026-09-21 01:10:00+00:00,1789953000,5m,13.1172,12.5935,14.5621,0.69246,4
btc-updown-15m-1789953300,2026-09-21 01:15:00+00:00,1789953300,15m,20.691,19.8702,21.9128,0.667163,4
btc-updown-5m-1789953300,2026-09-21 01:15:00+00:00,1789953300,5m,12.9174,12.1483,13.4188,0.681052,4
btc-updown-5m-1789953600,2026-09-21 01:20:00+00:00,1789953600,5m,12.6248,11.9821,12.4091,0.664683,4
btc-updown-5m-1789953900,2026-09-21 01:25:00+00:00,1789953900,5m,15.8896,15.4679,15.4413,0.799603,4
btc-updown-15m-1789954200,2026-09-21 01:30:00+00:00,1789954200,15m,25.912,24.7001,42.4019,0.797123,4
btc-updown-5m-1789954200,2026-09-21 01:30:00+00:00,1789954200,5m,20.2676,19.4668,25.9658,0.891369,5
btc-updown-5m-1789954500,2026-09-21 01:35:00+00:00,1789954500,5m,24.586,24.5281,27.5789,0.937996,5
btc-updown-5m-1789954800,2026-09-21 01:40:00+00:00,1789954800,5m,15.098,13.5088,25.9588,0.772817,4
btc-updown-15m-1789955100,2026-09-21 01:45:00+00:00,1789955100,15m,21.8447,19.8418,38.4704,0.699405,4
btc-updown-5m-1789955100,2026-09-21 01:45:00+00:00,1789955100,5m,13.8185,12.3645,23.5582,0.716766,4
btc-updown-5m-1789955400,2026-09-21 01:50:00+00:00,1789955400,5m,12.792,11.5848,21.8251,0.676091,4
btc-updown-5m-1789955700,2026-09-21 01:55:00+00:00,1789955700,5m,17.4724,16.0103,22.986,0.840774,5
btc-updown-15m-1789956000,2026-09-21 02:00:00+00:00,1789956000,15m,25.8475,23.7616,34.7974,0.796627,4
btc-updown-5m-1789956000,2026-09-21 02:00:00+00:00,1789956000,5m,15.9491,14.6882,21.309,0.802083,5
btc-updown-5m-1789956300,2026-09-21 02:05:00+00:00,1789956300,5m,20.4824,19.3654,22.9238,0.892361,5
btc-updown-5m-1789956600,2026-09-21 02:10:00+00:00,1789956600,5m,16.3944,15.082,20.9718,0.81746,5
btc-updown-15m-1789956900,2026-09-21 02:15:00+00:00,1789956900,15m,22.5698,20.2153,31.297,0.72123,4
btc-updown-5m-1789956900,2026-09-21 02:15:00+00:00,1789956900,5m,13.8798,12.3474,19.1654,0.719742,4
btc-updown-5m-1789957200,2026-09-21 02:20:00+00:00,1789957200,5m,11.8272,10.1943,17.5872,0.61756,4
btc-updown-5m-1789957500,2026-09-21 02:25:00+00:00,1789957500,5m,15.0491,13.9097,17.3259,0.770833,4
btc-updown-15m-1789957800,2026-09-21 02:30:00+00:00,1789957800,15m,20.7515,18.5243,26.7121,0.669643,4
btc-updown-5m-1789957800,2026-09-21 02:30:00+00:00,1789957800,5m,12.9117,11.7886,16.3577,0.68006,4
btc-updown-5m-1789958100,2026-09-21 02:35:00+00:00,1789958100,5m,16.2159,15.589,17.079,0.812004,5
btc-updown-5m-1789958400,2026-09-21 02:40:00+00:00,1789958400,5m,13.7441,12.6776,15.9755,0.71131,4
btc-updown-15m-1789958700,2026-09-21 02:45:00+00:00,1789958700,15m,19.2066,17.2747,24.0912,0.622024,4
btc-updown-5m-1789958700,2026-09-21 02:45:00+00:00,1789958700,5m,12.0263,11.0581,14.7528,0.634921,4
btc-updown-5m-1789959000,2026-09-21 02:50:00+00:00,1789959000,5m,12.6107,11.7423,14.3986,0.664187,4
btc-updown-5m-1789959300,2026-09-21 02:55:00+00:00,1789959300,5m,12.0052,10.9936,13.2593,0.63244,4
btc-updown-15m-1789959600,2026-09-21 03:00:00+00:00,1789959600,15m,19.3083,17.4965,21.198,0.625,4
btc-updown-5m-1789959600,2026-09-21 03:00:00+00:00,1789959600,5m,12.845,11.8473,12.9811,0.678571,4
btc-updown-5m-1789959900,2026-09-21 03:05:00+00:00,1789959900,5m,14.8108,14.1157,13.2227,0.763889,4
btc-updown-5m-1789960200,2026-09-21 03:10:00+00:00,1789960200,5m,11.9861,11.3928,12.7572,0.631448,4
btc-updown-15m-1789960500,2026-09-21 03:15:00+00:00,1789960500,15m,16.915,15.7205,19.3097,0.534226,3
btc-updown-5m-1789960500,2026-09-21 03:15:00+00:00,1789960500,5m,10.7584,10.1131,11.8247,0.545139,3
btc-updown-5m-1789960800,2026-09-21 03:20:00+00:00,1789960800,5m,11.6333,10.8308,11.8392,0.602679,4
btc-updown-5m-1789961100,2026-09-21 03:25:00+00:00,1789961100,5m,12.3343,11.5173,11.0913,0.651786,4
btc-updown-15m-1789961400,2026-09-21 03:30:00+00:00,1789961400,15m,17.918,16.5926,19.1152,0.578869,3
btc-updown-5m-1789961400,2026-09-21 03:30:00+00:00,1789961400,5m,13.1297,12.2329,11.7056,0.692956,4
btc-updown-5m-1789961700,2026-09-21 03:35:00+00:00,1789961700,5m,12.7041,11.9456,12.0475,0.669147,4
btc-updown-5m-1789962000,2026-09-21 03:40:00+00:00,1789962000,5m,11.7448,11.16,11.1613,0.612599,4
btc-updown-15m-1789962300,2026-09-21 03:45:00+00:00,1789962300,15m,15.9263,14.5587,16.7688,0.490079,3
btc-updown-5m-1789962300,2026-09-21 03:45:00+00:00,1789962300,5m,10.2616,9.49627,10.2687,0.517857,3
btc-updown-5m-1789962600,2026-09-21 03:50:00+00:00,1789962600,5m,10.3306,9.58575,9.57302,0.521329,3
btc-updown-5m-1789962900,2026-09-21 03:55:00+00:00,1789962900,5m,10.56,9.8198,9.56959,0.53373,3
btc-updown-15m-1789963200,2026-09-21 04:00:00+00:00,1789963200,15m,13.8156,12.7105,14.8509,0.393353,2
btc-updown-5m-1789963200,2026-09-21 04:00:00+00:00,1789963200,5m,9.55971,8.9436,9.09426,0.46627,3
btc-updown-5m-1789963500,2026-09-21 04:05:00+00:00,1789963500,5m,10.3096,9.66526,9.48975,0.520833,3
btc-updown-5m-1789963800,2026-09-21 04:10:00+00:00,1789963800,5m,10.0748,9.59178,9.51501,0.505952,3
btc-updown-15m-1789964100,2026-09-21 04:15:00+00:00,1789964100,15m,14.5196,13.6477,15.1969,0.425595,3
btc-updown-5m-1789964100,2026-09-21 04:15:00+00:00,1789964100,5m,9.61378,9.18348,9.30615,0.472222,3
btc-updown-5m-1789964400,2026-09-21 04:20:00+00:00,1789964400,5m,9.28558,8.81402,9.17768,0.442956,3
btc-updown-5m-1789964700,2026-09-21 04:25:00+00:00,1789964700,5m,8.9464,8.38866,8.89546,0.417163,3
btc-updown-15m-1789965000,2026-09-21 04:30:00+00:00,1789965000,15m,13.6786,12.6134,13.9007,0.388393,2
btc-updown-5m-1789965000,2026-09-21 04:30:00+00:00,1789965000,5m,8.73996,8.23095,8.51239,0.402778,3
btc-updown-5m-1789965300,2026-09-21 04:35:00+00:00,1789965300,5m,8.44758,7.85179,8.58961,0.379464,2
btc-updown-5m-1789965600,2026-09-21 04:40:00+00:00,1789965600,5m,8.88329,8.4481,8.56758,0.41369,3
btc-updown-15m-1789965900,2026-09-21 04:45:00+00:00,1789965900,15m,13.6384,12.6928,12.7693,0.385417,2
btc-updown-5m-1789965900,2026-09-21 04:45:00+00:00,1789965900,5m,8.54686,8.14292,7.81955,0.387897,2
btc-updown-5m-1789966200,2026-09-21 04:50:00+00:00,1789966200,5m,9.05915,8.64375,7.47494,0.426587,3
btc-updown-5m-1789966500,2026-09-21 04:55:00+00:00,1789966500,5m,8.48586,7.96329,7.3714,0.38244,2
btc-updown-15m-1789966800,2026-09-21 05:00:00+00:00,1789966800,15m,15.8715,14.5882,14.856,0.488591,3
btc-updown-5m-1789966800,2026-09-21 05:00:00+00:00,1789966800,5m,9.93756,9.30652,9.09743,0.494048,3
btc-updown-5m-1789967100,2026-09-21 05:05:00+00:00,1789967100,5m,9.39557,8.99405,8.84269,0.452877,3
btc-updown-5m-1789967400,2026-09-21 05:10:00+00:00,1789967400,5m,9.33778,8.76467,8.19129,0.447421,3
btc-updown-15m-1789967700,2026-09-21 05:15:00+00:00,1789967700,15m,13.7093,12.7147,12.642,0.388889,2
btc-updown-5m-1789967700,2026-09-21 05:15:00+00:00,1789967700,5m,8.25775,7.89632,7.74163,0.369544,2
btc-updown-5m-1789968000,2026-09-21 05:20:00+00:00,1789968000,5m,8.08035,7.69959,7.4881,0.357143,2
btc-updown-5m-1789968300,2026-09-21 05:25:00+00:00,1789968300,5m,10.9538,10.6101,8.35342,0.558532,3
btc-updown-15m-1789968600,2026-09-21 05:30:00+00:00,1789968600,15m,19.7736,18.8621,14.1829,0.638393,4
btc-updown-5m-1789968600,2026-09-21 05:30:00+00:00,1789968600,5m,12.8055,12.2094,8.68523,0.677083,4
btc-updown-5m-1789968900,2026-09-21 05:35:00+00:00,1789968900,5m,18.9895,18.3043,12.3951,0.873016,5
btc-updown-5m-1789969200,2026-09-21 05:40:00+00:00,1789969200,5m,16.1697,15.2525,12.2066,0.809524,5
btc-updown-15m-1789969500,2026-09-21 05:45:00+00:00,1789969500,15m,18.8294,17.7635,18.8769,0.609127,4
btc-updown-5m-1789969500,2026-09-21 05:45:00+00:00,1789969500,5m,12.3476,11.7653,11.5597,0.652778,4
btc-updown-5m-1789969800,2026-09-21 05:50:00+00:00,1789969800,5m,13.8413,13.4031,12.2993,0.718254,4
btc-updown-5m-1789970100,2026-09-21 05:55:00+00:00,1789970100,5m,11.0685,10.7023,11.6391,0.565972,3
btc-updown-15m-1789970400,2026-09-21 06:00:00+00:00,1789970400,15m,16.4634,15.367,17.6782,0.515873,3
btc-updown-5m-1789970400,2026-09-21 06:00:00+00:00,1789970400,5m,9.5268,8.97087,10.8256,0.462302,3
btc-updown-5m-1789970700,2026-09-21 06:05:00+00:00,1789970700,5m,12.223,11.5599,10.7755,0.64881,4
btc-updown-5m-1789971000,2026-09-21 06:10:00+00:00,1789971000,5m,12.1119,11.5408,10.906,0.640873,4
btc-updown-15m-1789971300,2026-09-21 06:15:00+00:00,1789971300,15m,17.5039,16.3655,16.8247,0.5625,3
btc-updown-5m-1789971300,2026-09-21 06:15:00+00:00,1789971300,5m,11.2285,10.6928,10.303,0.580357,3
btc-updown-5m-1789971600,2026-09-21 06:20:00+00:00,1789971600,5m,12.7382,12.2876,10.615,0.673115,4
btc-updown-5m-1789971900,2026-09-21 06:25:00+00:00,1789971900,5m,12.8655,12.4361,10.3813,0.678571,4
btc-updown-15m-1789972200,2026-09-21 06:30:00+00:00,1789972200,15m,19.6688,18.7656,17.9841,0.634425,4
btc-updown-5m-1789972200,2026-09-21 06:30:00+00:00,1789972200,5m,12.4112,11.8851,11.013,0.65625,4
btc-updown-5m-1789972500,2026-09-21 06:35:00+00:00,1789972500,5m,10.67,10.0709,10.3452,0.541171,3
btc-updown-5m-1789972800,2026-09-21 06:40:00+00:00,1789972800,5m,13.4945,13.0857,11.3337,0.706349,4
btc-updown-15m-1789973100,2026-09-21 06:45:00+00:00,1789973100,15m,20.1537,19.5346,17.5737,0.647817,4
btc-updown-5m-1789973100,2026-09-21 06:45:00+00:00,1789973100,5m,12.6952,12.1396,10.7616,0.668651,4
btc-updown-5m-1789973400,2026-09-21 06:50:00+00:00,1789973400,5m,14.6775,13.9875,17.4227,0.759425,4
btc-updown-5m-1789973700,2026-09-21 06:55:00+00:00,1789973700,5m,14.6879,14.1785,16.2725,0.759425,4
btc-updown-15m-1789974000,2026-09-21 07:00:00+00:00,1789974000,15m,20.3064,19.594,24.4644,0.654762,4
btc-updown-5m-1789974000,2026-09-21 07:00:00+00:00,1789974000,5m,12.6152,12.1061,14.9813,0.664187,4
btc-updown-5m-1789974300,2026-09-21 07:05:00+00:00,1789974300,5m,11.6544,11.0427,13.7639,0.604167,4
btc-updown-5m-1789974600,2026-09-21 07:10:00+00:00,1789974600,5m,11.4297,10.6473,12.6109,0.592758,3
btc-updown-15m-1789974900,2026-09-21 07:15:00+00:00,1789974900,15m,18.8935,18.1918,19.4394,0.611111,4
btc-updown-5m-1789974900,2026-09-21 07:15:00+00:00,1789974900,5m,12.2459,11.5392,11.9042,0.649306,4
btc-updown-5m-1789975200,2026-09-21 07:20:00+00:00,1789975200,5m,11.1303,10.5157,11.6954,0.571429,3
btc-updown-5m-1789975500,2026-09-21 07:25:00+00:00,1789975500,5m,11.238,10.6804,10.7165,0.580853,3
btc-updown-15m-1789975800,2026-09-21 07:30:00+00:00,1789975800,15m,16.9156,16.1386,16.4763,0.534226,3
btc-updown-5m-1789975800,2026-09-21 07:30:00+00:00,1789975800,5m,10.3363,9.84465,10.0896,0.521329,3
btc-updown-5m-1789976100,2026-09-21 07:35:00+00:00,1789976100,5m,11.2093,10.7711,10.6127,0.578373,3
btc-updown-5m-1789976400,2026-09-21 07:40:00+00:00,1789976400,5m,10.5249,10.1537,10.0088,0.52877,3
btc-updown-15m-1789976700,2026-09-21 07:45:00+00:00,1789976700,15m,16.6394,16.0524,15.6156,0.525298,3
btc-updown-5m-1789976700,2026-09-21 07:45:00+00:00,1789976700,5m,10.6266,10.3457,9.56256,0.539187,3
btc-updown-5m-1789977000,2026-09-21 07:50:00+00:00,1789977000,5m,10.5309,10.1665,9.66507,0.529266,3
btc-updown-5m-1789977300,2026-09-21 07:55:00+00:00,1789977300,5m,10.5985,10.3104,9.36644,0.537202,3
btc-updown-15m-1789977600,2026-09-21 08:00:00+00:00,1789977600,15m,18.2716,17.6127,15.0999,0.59127,3
btc-updown-5m-1789977600,2026-09-21 08:00:00+00:00,1789977600,5m,10.8476,10.5637,9.24678,0.552083,3
btc-updown-5m-1789977900,2026-09-21 08:05:00+00:00,1789977900,5m,13.9421,13.5593,10.5806,0.72123,4
btc-updown-5m-1789978200,2026-09-21 08:10:00+00:00,1789978200,5m,12.9487,12.528,11.4764,0.683532,4
btc-updown-15m-1789978500,2026-09-21 08:15:00+00:00,1789978500,15m,21.4983,20.9391,19.4099,0.690972,4
btc-updown-5m-1789978500,2026-09-21 08:15:00+00:00,1789978500,5m,13.0786,12.7556,11.8861,0.690476,4
btc-updown-5m-1789978800,2026-09-21 08:20:00+00:00,1789978800,5m,12.4169,11.9315,11.4863,0.657242,4
btc-updown-5m-1789979100,2026-09-21 08:25:00+00:00,1789979100,5m,16.1526,15.7917,12.005,0.809524,5
btc-updown-15m-1789979400,2026-09-21 08:30:00+00:00,1789979400,15m,25.0372,24.448,22.0369,0.780754,4
btc-updown-5m-1789979400,2026-09-21 08:30:00+00:00,1789979400,5m,16.0423,15.8524,13.4948,0.804067,5
btc-updown-5m-1789979700,2026-09-21 08:35:00+00:00,1789979700,5m,27.8249,26.1186,25.6279,0.960317,5
btc-updown-5m-1789980000,2026-09-21 08:40:00+00:00,1789980000,5m,89.3939,83.6255,49.307,0.999008,5
btc-updown-15m-1789980300,2026-09-21 08:45:00+00:00,1789980300,15m,78.8294,66.8806,77.6498,0.99504,5
btc-updown-5m-1789980300,2026-09-21 08:45:00+00:00,1789980300,5m,48.4401,40.5938,47.5506,0.994544,5
btc-updown-5m-1789980600,2026-09-21 08:50:00+00:00,1789980600,5m,47.3231,39.9541,45.591,0.994544,5
btc-updown-5m-1789980900,2026-09-21 08:55:00+00:00,1789980900,5m,34.2911,28.1223,42.0366,0.981151,5
btc-updown-15m-1789981200,2026-09-21 09:00:00+00:00,1789981200,15m,52.6299,37.4361,63.9085,0.97123,5
btc-updown-5m-1789981200,2026-09-21 09:00:00+00:00,1789981200,5m,26.9023,19.377,39.1358,0.953373,5
btc-updown-5m-1789981500,2026-09-21 09:05:00+00:00,1789981500,5m,23.1949,19.0396,36.1845,0.922619,5
btc-updown-5m-1789981800,2026-09-21 09:10:00+00:00,1789981800,5m,22.0234,17.5621,33.4097,0.915179,5
btc-updown-15m-1789982100,2026-09-21 09:15:00+00:00,1789982100,15m,39.6397,33.1556,50.4307,0.927579,5
btc-updown-5m-1789982100,2026-09-21 09:15:00+00:00,1789982100,5m,19.9668,17.3515,30.8824,0.889385,5
btc-updown-5m-1789982400,2026-09-21 09:20:00+00:00,1789982400,5m,18.8488,16.1916,28.7847,0.871032,5
btc-updown-5m-1789982700,2026-09-21 09:25:00+00:00,1789982700,5m,21.99,18.7927,26.4723,0.915179,5
btc-updown-15m-1789983000,2026-09-21 09:30:00+00:00,1789983000,15m,58.3074,53.1472,46.6159,0.980655,5
btc-updown-5m-1789983000,2026-09-21 09:30:00+00:00,1789983000,5m,29.522,27.6355,28.5463,0.966766,5
btc-updown-5m-1789983300,2026-09-21 09:35:00+00:00,1789983300,5m,28.9045,26.8714,30.5225,0.964286,5
btc-updown-5m-1789983600,2026-09-21 09:40:00+00:00,1789983600,5m,35.6052,32.4237,33.0276,0.985615,5
btc-updown-15m-1789983900,2026-09-21 09:45:00+00:00,1789983900,15m,56.9497,52.1937,52.6664,0.980655,5
btc-updown-5m-1789983900,2026-09-21 09:45:00+00:00,1789983900,5m,28.5263,26.5575,32.2515,0.962798,5
btc-updown-5m-1789984200,2026-09-21 09:50:00+00:00,1789984200,5m,23.4545,20.7451,29.2337,0.926587,5
btc-updown-5m-1789984500,2026-09-21 09:55:00+00:00,1789984500,5m,26.9227,24.7222,28.6039,0.953373,5
btc-updown-15m-1789984800,2026-09-21 10:00:00+00:00,1789984800,15m,47.7936,44.1503,42.6536,0.96131,5
btc-updown-5m-1789984800,2026-09-21 10:00:00+00:00,1789984800,5m,24.8155,23.1116,26.1199,0.93998,5
btc-updown-5m-1789985100,2026-09-21 10:05:00+00:00,1789985100,5m,25.0606,23.674,27.7079,0.940476,5
btc-updown-5m-1789985400,2026-09-21 10:10:00+00:00,1789985400,5m,22.028,20.527,25.3192,0.915179,5
btc-updown-15m-1789985700,2026-09-21 10:15:00+00:00,1789985700,15m,38.7418,35.4162,38.3039,0.923115,5
btc-updown-5m-1789985700,2026-09-21 10:15:00+00:00,1789985700,5m,22.0387,20.641,23.4562,0.915179,5
btc-updown-5m-1789986000,2026-09-21 10:20:00+00:00,1789986000,5m,17.0923,15.4501,21.259,0.834325,5
btc-updown-5m-1789986300,2026-09-21 10:25:00+00:00,1789986300,5m,19.2954,17.9453,20.6033,0.878472,5
btc-updown-15m-1789986600,2026-09-21 10:30:00+00:00,1789986600,15m,37.191,33.5,33.138,0.914683,5
btc-updown-5m-1789986600,2026-09-21 10:30:00+00:00,1789986600,5m,20.4865,19.2722,20.2928,0.892857,5
btc-updown-5m-1789986900,2026-09-21 10:35:00+00:00,1789986900,5m,22.6166,21.4337,19.6136,0.918651,5
btc-updown-5m-1789987200,2026-09-21 10:40:00+00:00,1789987200,5m,18.7128,17.6856,17.9908,0.868056,5
btc-updown-15m-1789987500,2026-09-21 10:45:00+00:00,1789987500,15m,35.2745,32.8985,27.5195,0.90377,5
btc-updown-5m-1789987500,2026-09-21 10:45:00+00:00,1789987500,5m,18.6988,17.5883,16.8522,0.868056,5
btc-updown-5m-1789987800,2026-09-21 10:50:00+00:00,1789987800,5m,16.1825,15.1139,15.4253,0.810516,5
btc-updown-5m-1789988100,2026-09-21 10:55:00+00:00,1789988100,5m,16.6808,15.5621,14.4345,0.824405,5
btc-updown-15m-1789988400,2026-09-21 11:00:00+00:00,1789988400,15m,33.6643,30.3251,24.8491,0.894345,5
btc-updown-5m-1789988400,2026-09-21 11:00:00+00:00,1789988400,5m,19.2166,17.8671,15.2169,0.87748,5
btc-updown-5m-1789988700,2026-09-21 11:05:00+00:00,1789988700,5m,19.355,18.3304,13.9422,0.878968,5
btc-updown-5m-1789989000,2026-09-21 11:10:00+00:00,1789989000,5m,19.0812,18.1209,13.2959,0.875496,5
btc-updown-15m-1789989300,2026-09-21 11:15:00+00:00,1789989300,15m,34.8169,32.7651,20.9876,0.900298,5
btc-updown-5m-1789989300,2026-09-21 11:15:00+00:00,1789989300,5m,17.7414,16.8842,12.8522,0.848214,5
btc-updown-5m-1789989600,2026-09-21 11:20:00+00:00,1789989600,5m,20.5888,19.6265,13.8356,0.894345,5
btc-updown-5m-1789989900,2026-09-21 11:25:00+00:00,1789989900,5m,16.4449,15.4934,12.8108,0.818948,5
btc-updown-15m-1789990200,2026-09-21 11:30:00+00:00,1789990200,15m,28.0916,26.4801,19.6529,0.834325,5
btc-updown-5m-1789990200,2026-09-21 11:30:00+00:00,1789990200,5m,14.0829,13.4237,12.0349,0.727679,4
btc-updown-5m-1789990500,2026-09-21 11:35:00+00:00,1789990500,5m,13.3269,12.7205,12.4276,0.699901,4
btc-updown-5m-1789990800,2026-09-21 11:40:00+00:00,1789990800,5m,13.5271,12.9072,12.1523,0.706845,4
btc-updown-15m-1789991100,2026-09-21 11:45:00+00:00,1789991100,15m,28.2001,26.68,19.5,0.834821,5
btc-updown-5m-1789991100,2026-09-21 11:45:00+00:00,1789991100,5m,13.6962,13.1685,11.9413,0.710317,4
btc-updown-5m-1789991400,2026-09-21 11:50:00+00:00,1789991400,5m,12.9909,12.4632,11.4972,0.686508,4
btc-updown-5m-1789991700,2026-09-21 11:55:00+00:00,1789991700,5m,12.7995,12.2679,11.4196,0.676587,4
btc-updown-15m-1789992000,2026-09-21 12:00:00+00:00,1789992000,15m,26.1225,24.8994,17.7898,0.803075,5
btc-updown-5m-1789992000,2026-09-21 12:00:00+00:00,1789992000,5m,13.7201,13.1519,10.894,0.71131,4
btc-updown-5m-1789992300,2026-09-21 12:05:00+00:00,1789992300,5m,12.8628,12.3556,11.5997,0.678571,4
btc-updown-5m-1789992600,2026-09-21 12:10:00+00:00,1789992600,5m,18.5337,17.505,13.1882,0.863591,5
btc-updown-15m-1789992900,2026-09-21 12:15:00+00:00,1789992900,15m,28.9209,26.7569,29.7454,0.844742,5
btc-updown-5m-1789992900,2026-09-21 12:15:00+00:00,1789992900,5m,15.3181,14.4623,18.2152,0.779762,4
btc-updown-5m-1789993200,2026-09-21 12:20:00+00:00,1789993200,5m,16.6655,15.6002,19.0404,0.824405,5
btc-updown-5m-1789993500,2026-09-21 12:25:00+00:00,1789993500,5m,16.5824,15.7114,18.0996,0.821925,5
btc-updown-15m-1789993800,2026-09-21 12:30:00+00:00,1789993800,15m,31.433,29.8339,28.4296,0.876488,5
btc-updown-5m-1789993800,2026-09-21 12:30:00+00:00,1789993800,5m,17.2435,16.8162,17.4095,0.837302,5
btc-updown-5m-1789994100,2026-09-21 12:35:00+00:00,1789994100,5m,14.7423,13.9153,16.5538,0.760913,4
btc-updown-5m-1789994400,2026-09-21 12:40:00+00:00,1789994400,5m,14.8127,14.0584,16.2895,0.763889,4
btc-updown-15m-1789994700,2026-09-21 12:45:00+00:00,1789994700,15m,30.351,28.886,26.4594,0.867063,5
btc-updown-5m-1789994700,2026-09-21 12:45:00+00:00,1789994700,5m,16.5638,15.9708,16.203,0.821925,5
btc-updown-5m-1789995000,2026-09-21 12:50:00+00:00,1789995000,5m,16.1263,15.1477,17.9104,0.809028,5
btc-updown-5m-1789995300,2026-09-21 12:55:00+00:00,1789995300,5m,13.906,13.1512,16.425,0.720734,4
btc-updown-15m-1789995600,2026-09-21 13:00:00+00:00,1789995600,15m,34.5183,32.089,27.2937,0.897321,5
btc-updown-5m-1789995600,2026-09-21 13:00:00+00:00,1789995600,5m,17.2204,16.1236,16.7139,0.836806,5
btc-updown-5m-1789995900,2026-09-21 13:05:00+00:00,1789995900,5m,17.1141,16.4025,18.0736,0.834325,5
btc-updown-5m-1789996200,2026-09-21 13:10:00+00:00,1789996200,5m,17.4279,16.5986,18.7601,0.840278,5
btc-updown-15m-1789996500,2026-09-21 13:15:00+00:00,1789996500,15m,56.5537,55.868,32.9786,0.980655,5
btc-updown-5m-1789996500,2026-09-21 13:15:00+00:00,1789996500,5m,21.1423,20.4289,20.1952,0.901786,5
btc-updown-5m-1789996800,2026-09-21 13:20:00+00:00,1789996800,5m,27.5651,24.9306,18.4118,0.958829,5
btc-updown-5m-1789997100,2026-09-21 13:25:00+00:00,1789997100,5m,23.588,21.9519,17.2202,0.927579,5
btc-updown-15m-1789997400,2026-09-21 13:30:00+00:00,1789997400,15m,31.4485,29.3354,26.269,0.876984,5
btc-updown-5m-1789997400,2026-09-21 13:30:00+00:00,1789997400,5m,15.5703,14.8256,16.0864,0.787202,4
btc-updown-5m-1789997700,2026-09-21 13:35:00+00:00,1789997700,5m,15.5709,14.9835,15.7801,0.787202,4
btc-updown-5m-1789998000,2026-09-21 13:40:00+00:00,1789998000,5m,18.0892,17.1475,20.2108,0.855159,5
btc-updown-15m-1789998300,2026-09-21 13:45:00+00:00,1789998300,15m,34.4457,32.3233,32.7669,0.897321,5
btc-updown-5m-1789998300,2026-09-21 13:45:00+00:00,1789998300,5m,18.8662,18.0189,20.0656,0.872024,5
btc-updown-5m-1789998600,2026-09-21 13:50:00+00:00,1789998600,5m,23.6849,22.6706,21.9771,0.929563,5
btc-updown-5m-1789998900,2026-09-21 13:55:00+00:00,1789998900,5m,27.2157,26.3851,27.9579,0.954365,5
btc-updown-15m-1789999200,2026-09-21 14:00:00+00:00,1789999200,15m,44.3825,42.7515,45.4155,0.949405,5
btc-updown-5m-1789999200,2026-09-21 14:00:00+00:00,1789999200,5m,25.7177,25.0291,27.8112,0.94494,5
btc-updown-5m-1789999500,2026-09-21 14:05:00+00:00,1789999500,5m,23.786,23.0202,26.9796,0.931052,5
btc-updown-5m-1789999800,2026-09-21 14:10:00+00:00,1789999800,5m,27.2437,26.4812,28.1018,0.955357,5
btc-updown-15m-1790000100,2026-09-21 14:15:00+00:00,1790000100,15m,41.5663,39.319,43.7871,0.9375,5
btc-updown-5m-1790000100,2026-09-21 14:15:00+00:00,1790000100,5m,23.58,22.8302,26.814,0.927579,5
btc-updown-5m-1790000400,2026-09-21 14:20:00+00:00,1790000400,5m,22.3532,21.3815,25.0117,0.917163,5
btc-updown-5m-1790000700,2026-09-21 14:25:00+00:00,1790000700,5m,28.5101,27.7402,26.5828,0.962798,5
btc-updown-15m-1790001000,2026-09-21 14:30:00+00:00,1790001000,15m,40.5783,39.0094,39.8027,0.93254,5
btc-updown-5m-1790001000,2026-09-21 14:30:00+00:00,1790001000,5m,22.5694,21.8425,24.3741,0.918651,5
btc-updown-5m-1790001300,2026-09-21 14:35:00+00:00,1790001300,5m,29.3316,28.706,24.9509,0.965774,5
btc-updown-5m-1790001600,2026-09-21 14:40:00+00:00,1790001600,5m,24.8288,24.1487,23.3815,0.93998,5
btc-updown-15m-1790001900,2026-09-21 14:45:00+00:00,1790001900,15m,45.5118,44.1092,41.5924,0.953373,5
btc-updown-5m-1790001900,2026-09-21 14:45:00+00:00,1790001900,5m,26.7224,26.0254,25.47,0.952381,5
btc-updown-5m-1790002200,2026-09-21 14:50:00+00:00,1790002200,5m,24.4139,23.7911,24.9317,0.936508,5
btc-updown-5m-1790002500,2026-09-21 14:55:00+00:00,1790002500,5m,23.91,23.3574,24.9731,0.931548,5
btc-updown-15m-1790002800,2026-09-21 15:00:00+00:00,1790002800,15m,38.024,36.6183,39.5914,0.919643,5
btc-updown-5m-1790002800,2026-09-21 15:00:00+00:00,1790002800,5m,23.3464,23.0741,24.2447,0.924603,5
btc-updown-5m-1790003100,2026-09-21 15:05:00+00:00,1790003100,5m,22.2699,21.5365,22.5369,0.916667,5
btc-updown-5m-1790003400,2026-09-21 15:10:00+00:00,1790003400,5m,26.0429,25.7789,24.1355,0.948909,5
btc-updown-15m-1790003700,2026-09-21 15:15:00+00:00,1790003700,15m,35.4433,34.1159,41.6549,0.905258,5
btc-updown-5m-1790003700,2026-09-21 15:15:00+00:00,1790003700,5m,23.0535,22.8652,25.5083,0.921627,5
btc-updown-5m-1790004000,2026-09-21 15:20:00+00:00,1790004000,5m,20.1379,19.7842,24.2981,0.889881,5
btc-updown-5m-1790004300,2026-09-21 15:25:00+00:00,1790004300,5m,20.4769,20.1434,22.755,0.892361,5
btc-updown-15m-1790004600,2026-09-21 15:30:00+00:00,1790004600,15m,34.5628,33.0249,35.3034,0.897321,5
btc-updown-5m-1790004600,2026-09-21 15:30:00+00:00,1790004600,5m,20.269,19.7183,21.6188,0.891369,5
btc-updown-5m-1790004900,2026-09-21 15:35:00+00:00,1790004900,5m,18.025,17.4118,19.9689,0.854167,5
btc-updown-5m-1790005200,2026-09-21 15:40:00+00:00,1790005200,5m,18.9983,18.5309,19.7574,0.873016,5
btc-updown-15m-1790005500,2026-09-21 15:45:00+00:00,1790005500,15m,32.0709,30.8491,31.0059,0.880456,5
btc-updown-5m-1790005500,2026-09-21 15:45:00+00:00,1790005500,5m,19.2452,18.9092,18.9872,0.877976,5
btc-updown-5m-1790005800,2026-09-21 15:50:00+00:00,1790005800,5m,17.3117,16.7626,18.997,0.83879,5
btc-updown-5m-1790006100,2026-09-21 15:55:00+00:00,1790006100,5m,17.6717,17.3005,18.6915,0.846726,5
btc-updown-15m-1790006400,2026-09-21 16:00:00+00:00,1790006400,15m,29.8706,28.5948,29.7907,0.857639,5
btc-updown-5m-1790006400,2026-09-21 16:00:00+00:00,1790006400,5m,17.1841,16.7942,18.243,0.835317,5
btc-updown-5m-1790006700,2026-09-21 16:05:00+00:00,1790006700,5m,14.047,13.5164,16.7481,0.724702,4
btc-updown-5m-1790007000,2026-09-21 16:10:00+00:00,1790007000,5m,13.9807,13.256,16.0839,0.722222,4
btc-updown-15m-1790007300,2026-09-21 16:15:00+00:00,1790007300,15m,26.3296,25.014,25.6941,0.806548,5
btc-updown-5m-1790007300,2026-09-21 16:15:00+00:00,1790007300,5m,14.5013,13.8478,15.7343,0.75248,4
btc-updown-5m-1790007600,2026-09-21 16:20:00+00:00,1790007600,5m,15.9303,15.2252,18.0635,0.801091,5
btc-updown-5m-1790007900,2026-09-21 16:25:00+00:00,1790007900,5m,15.7698,15.1202,16.7979,0.795635,4
btc-updown-15m-1790008200,2026-09-21 16:30:00+00:00,1790008200,15m,25.736,24.3922,27.6153,0.795139,4
btc-updown-5m-1790008200,2026-09-21 16:30:00+00:00,1790008200,5m,15.7366,15.1554,16.9109,0.794147,4
btc-updown-5m-1790008500,2026-09-21 16:35:00+00:00,1790008500,5m,14.1157,13.4983,16.3604,0.728671,4
btc-updown-5m-1790008800,2026-09-21 16:40:00+00:00,1790008800,5m,15.2386,14.5703,16.6156,0.778274,4
btc-updown-15m-1790009100,2026-09-21 16:45:00+00:00,1790009100,15m,28.3867,27.0394,26.3161,0.83631,5
btc-updown-5m-1790009100,2026-09-21 16:45:00+00:00,1790009100,5m,17.3342,16.7235,16.1153,0.839286,5
btc-updown-5m-1790009400,2026-09-21 16:50:00+00:00,1790009400,5m,16.4408,16.0193,15.228,0.818948,5
btc-updown-5m-1790009700,2026-09-21 16:55:00+00:00,1790009700,5m,15.5278,15.0512,14.4594,0.785714,4
btc-updown-15m-1790010000,2026-09-21 17:00:00+00:00,1790010000,15m,23.6756,22.2244,23.7494,0.74504,4
btc-updown-5m-1790010000,2026-09-21 17:00:00+00:00,1790010000,5m,15.6571,14.9155,14.5435,0.790675,4
btc-updown-5m-1790010300,2026-09-21 17:05:00+00:00,1790010300,5m,13.9678,13.2396,13.3462,0.722222,4
btc-updown-5m-1790010600,2026-09-21 17:10:00+00:00,1790010600,5m,14.4813,13.9624,13.8142,0.750992,4
btc-updown-15m-1790010900,2026-09-21 17:15:00+00:00,1790010900,15m,21.8249,21.1758,21.8553,0.698909,4
btc-updown-5m-1790010900,2026-09-21 17:15:00+00:00,1790010900,5m,14.2299,13.7733,13.3836,0.736607,4
btc-updown-5m-1790011200,2026-09-21 17:20:00+00:00,1790011200,5m,18.4691,18.2276,14.6397,0.863095,5
btc-updown-5m-1790011500,2026-09-21 17:25:00+00:00,1790011500,5m,16.8984,16.3205,14.9042,0.828869,5
btc-updown-15m-1790011800,2026-09-21 17:30:00+00:00,1790011800,15m,23.0128,22.3314,22.3831,0.730655,4
btc-updown-5m-1790011800,2026-09-21 17:30:00+00:00,1790011800,5m,14.5187,14.2001,13.7068,0.752976,4
btc-updown-5m-1790012100,2026-09-21 17:35:00+00:00,1790012100,5m,12.6855,12.284,12.9651,0.668155,4
btc-updown-5m-1790012400,2026-09-21 17:40:00+00:00,1790012400,5m,12.7412,12.2911,12.1515,0.673611,4
btc-updown-15m-1790012700,2026-09-21 17:45:00+00:00,1790012700,15m,20.9524,20.1907,18.7776,0.676091,4
btc-updown-5m-1790012700,2026-09-21 17:45:00+00:00,1790012700,5m,12.266,11.7172,11.4989,0.649802,4
btc-updown-5m-1790013000,2026-09-21 17:50:00+00:00,1790013000,5m,12.5244,12.1254,11.0519,0.661706,4
btc-updown-5m-1790013300,2026-09-21 17:55:00+00:00,1790013300,5m,15.2864,14.9046,12.2521,0.779762,4
btc-updown-15m-1790013600,2026-09-21 18:00:00+00:00,1790013600,15m,21.8486,21.5134,20.1596,0.699405,4
btc-updown-5m-1790013600,2026-09-21 18:00:00+00:00,1790013600,5m,13.8891,13.6659,12.3452,0.720238,4
btc-updown-5m-1790013900,2026-09-21 18:05:00+00:00,1790013900,5m,13.8053,13.4949,12.9779,0.71627,4
btc-updown-5m-1790014200,2026-09-21 18:10:00+00:00,1790014200,5m,13.7447,13.5523,12.7222,0.71131,4
btc-updown-15m-1790014500,2026-09-21 18:15:00+00:00,1790014500,15m,19.7557,19.224,19.9013,0.636905,4
btc-updown-5m-1790014500,2026-09-21 18:15:00+00:00,1790014500,5m,12.8692,12.5234,12.187,0.678571,4
btc-updown-5m-1790014800,2026-09-21 18:20:00+00:00,1790014800,5m,12.3535,11.9302,11.7088,0.653274,4
btc-updown-5m-1790015100,2026-09-21 18:25:00+00:00,1790015100,5m,10.5855,10.4103,11.142,0.536706,3
btc-updown-15m-1790015400,2026-09-21 18:30:00+00:00,1790015400,15m,19.6661,18.9509,18.3887,0.634425,4
btc-updown-5m-1790015400,2026-09-21 18:30:00+00:00,1790015400,5m,12.3223,12.1209,11.2607,0.651786,4
btc-updown-5m-1790015700,2026-09-21 18:35:00+00:00,1790015700,5m,9.99909,9.75332,10.3222,0.500496,3
btc-updown-5m-1790016000,2026-09-21 18:40:00+00:00,1790016000,5m,10.1917,9.92082,10.3851,0.511905,3
btc-updown-15m-1790016300,2026-09-21 18:45:00+00:00,1790016300,15m,16.5886,16.0812,16.7892,0.522817,3
btc-updown-5m-1790016300,2026-09-21 18:45:00+00:00,1790016300,5m,10.1605,10.0137,10.2812,0.510913,3
btc-updown-5m-1790016600,2026-09-21 18:50:00+00:00,1790016600,5m,9.85157,9.70449,11.0022,0.487103,3
btc-updown-5m-1790016900,2026-09-21 18:55:00+00:00,1790016900,5m,8.88823,8.80852,10.5618,0.41369,3
btc-updown-15m-1790017200,2026-09-21 19:00:00+00:00,1790017200,15m,13.3061,12.7201,15.6762,0.372024,2
btc-updown-5m-1790017200,2026-09-21 19:00:00+00:00,1790017200,5m,8.12217,7.9507,9.59968,0.360119,2
btc-updown-5m-1790017500,2026-09-21 19:05:00+00:00,1790017500,5m,7.19345,6.96054,9.05889,0.302579,2
btc-updown-5m-1790017800,2026-09-21 19:10:00+00:00,1790017800,5m,6.88841,6.61923,8.89644,0.287202,2
btc-updown-15m-1790018100,2026-09-21 19:15:00+00:00,1790018100,15m,9.98363,9.43148,14.5792,0.243056,2
btc-updown-5m-1790018100,2026-09-21 19:15:00+00:00,1790018100,5m,6.46891,6.17213,8.92792,0.263393,2
btc-updown-5m-1790018400,2026-09-21 19:20:00+00:00,1790018400,5m,12.2294,12.0159,9.9127,0.649306,4
btc-updown-5m-1790018700,2026-09-21 19:25:00+00:00,1790018700,5m,15.3772,14.7951,12.505,0.78125,4
btc-updown-15m-1790019000,2026-09-21 19:30:00+00:00,1790019000,15m,20.295,19.5157,19.2382,0.654266,4
btc-updown-5m-1790019000,2026-09-21 19:30:00+00:00,1790019000,5m,12.9071,12.4998,11.781,0.68006,4
btc-updown-5m-1790019300,2026-09-21 19:35:00+00:00,1790019300,5m,22.6591,22.0838,15.294,0.918651,5
btc-updown-5m-1790019600,2026-09-21 19:40:00+00:00,1790019600,5m,22.1665,21.4225,21.5051,0.915675,5
btc-updown-15m-1790019900,2026-09-21 19:45:00+00:00,1790019900,15m,28.6126,28.2589,32.8439,0.838294,5
btc-updown-5m-1790019900,2026-09-21 19:45:00+00:00,1790019900,5m,18.9162,18.3704,20.1127,0.87252,5
btc-updown-5m-1790020200,2026-09-21 19:50:00+00:00,1790020200,5m,19.5569,18.9805,19.2181,0.885913,5
btc-updown-5m-1790020500,2026-09-21 19:55:00+00:00,1790020500,5m,14.8101,14.0348,17.5916,0.763889,4
btc-updown-15m-1790020800,2026-09-21 20:00:00+00:00,1790020800,15m,24.5878,23.6449,28.5362,0.766865,4
btc-updown-5m-1790020800,2026-09-21 20:00:00+00:00,1790020800,5m,16.8631,16.2171,17.4748,0.828373,5
btc-updown-5m-1790021100,2026-09-21 20:05:00+00:00,1790021100,5m,18.6531,18.2305,18.7178,0.866567,5
btc-updown-5m-1790021400,2026-09-21 20:10:00+00:00,1790021400,5m,17.0632,16.5193,17.3823,0.834325,5
btc-updown-15m-1790021700,2026-09-21 20:15:00+00:00,1790021700,15m,23.6963,22.9687,26.8216,0.74504,4
btc-updown-5m-1790021700,2026-09-21 20:15:00+00:00,1790021700,5m,15.983,15.4867,16.4248,0.803075,5
btc-updown-5m-1790022000,2026-09-21 20:20:00+00:00,1790022000,5m,23.4656,22.7103,19.0763,0.926587,5
btc-updown-5m-1790022300,2026-09-21 20:25:00+00:00,1790022300,5m,21.1888,20.6052,19.3456,0.902282,5
btc-updown-15m-1790022600,2026-09-21 20:30:00+00:00,1790022600,15m,43.8649,41.7881,51.0605,0.946429,5
btc-updown-5m-1790022600,2026-09-21 20:30:00+00:00,1790022600,5m,32.4931,31.0385,31.2681,0.978175,5
btc-updown-5m-1790022900,2026-09-21 20:35:00+00:00,1790022900,5m,25.9855,25.0546,32.3013,0.947917,5
btc-updown-5m-1790023200,2026-09-21 20:40:00+00:00,1790023200,5m,21.0975,20.0094,29.2936,0.900794,5
btc-updown-15m-1790023500,2026-09-21 20:45:00+00:00,1790023500,15m,27.4195,26.3222,44.2478,0.825397,5
btc-updown-5m-1790023500,2026-09-21 20:45:00+00:00,1790023500,5m,18.975,18.1494,27.0962,0.873016,5
btc-updown-5m-1790023800,2026-09-21 20:50:00+00:00,1790023800,5m,14.9935,14.0889,24.6733,0.769345,4
btc-updown-5m-1790024100,2026-09-21 20:55:00+00:00,1790024100,5m,17.8871,17.1008,23.0723,0.853671,5
btc-updown-15m-1790024400,2026-09-21 21:00:00+00:00,1790024400,15m,23.9997,22.8361,35.9565,0.750992,4
btc-updown-5m-1790024400,2026-09-21 21:00:00+00:00,1790024400,5m,16.373,15.5884,22.0188,0.816964,5
btc-updown-5m-1790024700,2026-09-21 21:05:00+00:00,1790024700,5m,16.6575,16.2346,21.0278,0.824405,5
btc-updown-5m-1790025000,2026-09-21 21:10:00+00:00,1790025000,5m,14.5507,14.1023,19.2558,0.753968,4
btc-updown-15m-1790025300,2026-09-21 21:15:00+00:00,1790025300,15m,20.7421,19.8701,29.0134,0.669643,4
btc-updown-5m-1790025300,2026-09-21 21:15:00+00:00,1790025300,5m,12.3707,11.9706,17.767,0.653274,4
btc-updown-5m-1790025600,2026-09-21 21:20:00+00:00,1790025600,5m,13.0429,12.4886,16.5799,0.68998,4
btc-updown-5m-1790025900,2026-09-21 21:25:00+00:00,1790025900,5m,12.9466,12.2789,16.9404,0.68254,4
btc-updown-15m-1790026200,2026-09-21 21:30:00+00:00,1790026200,15m,19.8056,18.5026,25.9526,0.639881,4
btc-updown-5m-1790026200,2026-09-21 21:30:00+00:00,1790026200,5m,11.9273,11.234,15.8927,0.626488,4
btc-updown-5m-1790026500,2026-09-21 21:35:00+00:00,1790026500,5m,14.398,13.6254,15.0638,0.743056,4
btc-updown-5m-1790026800,2026-09-21 21:40:00+00:00,1790026800,5m,13.8409,13.3118,14.4881,0.718254,4
btc-updown-15m-1790027100,2026-09-21 21:45:00+00:00,1790027100,15m,19.5086,18.5839,22.7624,0.62996,4
btc-updown-5m-1790027100,2026-09-21 21:45:00+00:00,1790027100,5m,12.5953,12.1695,13.9391,0.664187,4
btc-updown-5m-1790027400,2026-09-21 21:50:00+00:00,1790027400,5m,11.469,10.9832,13.1348,0.596726,3
btc-updown-5m-1790027700,2026-09-21 21:55:00+00:00,1790027700,5m,11.2371,10.7886,12.7386,0.580853,3
btc-updown-15m-1790028000,2026-09-21 22:00:00+00:00,1790028000,15m,16.8258,15.654,18.9534,0.53125,3
btc-updown-5m-1790028000,2026-09-21 22:00:00+00:00,1790028000,5m,10.0952,9.52619,11.6065,0.506944,3
btc-updown-5m-1790028300,2026-09-21 22:05:00+00:00,1790028300,5m,10.9828,10.4302,11.3697,0.560516,3
btc-updown-5m-1790028600,2026-09-21 22:10:00+00:00,1790028600,5m,10.8637,10.3765,11.4901,0.552579,3
btc-updown-15m-1790028900,2026-09-21 22:15:00+00:00,1790028900,15m,16.5957,15.658,17.8924,0.522817,3
btc-updown-5m-1790028900,2026-09-21 22:15:00+00:00,1790028900,5m,10.2744,9.85706,10.9568,0.518849,3
btc-updown-5m-1790029200,2026-09-21 22:20:00+00:00,1790029200,5m,11.4801,11.0719,11.0121,0.596726,3
btc-updown-5m-1790029500,2026-09-21 22:25:00+00:00,1790029500,5m,10.2279,9.89004,10.9036,0.513889,3
btc-updown-15m-1790029800,2026-09-21 22:30:00+00:00,1790029800,15m,21.887,21.0412,19.7882,0.701389,4
btc-updown-5m-1790029800,2026-09-21 22:30:00+00:00,1790029800,5m,14.2624,13.8,12.1177,0.738591,4
btc-updown-5m-1790030100,2026-09-21 22:35:00+00:00,1790030100,5m,10.9045,10.4381,11.6132,0.556548,3
btc-updown-5m-1790030400,2026-09-21 22:40:00+00:00,1790030400,5m,13.2075,12.7848,13.9788,0.693948,4
btc-updown-15m-1790030700,2026-09-21 22:45:00+00:00,1790030700,15m,19.5676,18.6953,21.1287,0.631448,4
btc-updown-5m-1790030700,2026-09-21 22:45:00+00:00,1790030700,5m,11.8326,11.4152,12.9387,0.618056,4
btc-updown-5m-1790031000,2026-09-21 22:50:00+00:00,1790031000,5m,9.50818,9.04959,11.8875,0.46131,3
btc-updown-5m-1790031300,2026-09-21 22:55:00+00:00,1790031300,5m,9.89885,9.42264,12.7029,0.492063,3
btc-updown-15m-1790031600,2026-09-21 23:00:00+00:00,1790031600,15m,16.0865,15.287,19.298,0.498016,3
btc-updown-5m-1790031600,2026-09-21 23:00:00+00:00,1790031600,5m,9.7383,9.31834,11.8176,0.480655,3
btc-updown-5m-1790031900,2026-09-21 23:05:00+00:00,1790031900,5m,13.9428,13.689,11.5063,0.72123,4
btc-updown-5m-1790032200,2026-09-21 23:10:00+00:00,1790032200,5m,10.8062,10.452,10.6365,0.550595,3
btc-updown-15m-1790032500,2026-09-21 23:15:00+00:00,1790032500,15m,22.315,21.2588,17.675,0.713294,4
btc-updown-5m-1790032500,2026-09-21 23:15:00+00:00,1790032500,5m,12.8907,12.514,10.8237,0.679563,4
btc-updown-5m-1790032800,2026-09-21 23:20:00+00:00,1790032800,5m,10.9365,10.5408,10.4164,0.558036,3
btc-updown-5m-1790033100,2026-09-21 23:25:00+00:00,1790033100,5m,9.90896,9.55108,9.61207,0.492063,3
btc-updown-15m-1790033400,2026-09-21 23:30:00+00:00,1790033400,15m,17.2122,16.3749,14.3859,0.550099,3
btc-updown-5m-1790033400,2026-09-21 23:30:00+00:00,1790033400,5m,9.05981,8.5475,8.80951,0.427083,3
btc-updown-5m-1790033700,2026-09-21 23:35:00+00:00,1790033700,5m,8.37661,7.95631,8.4763,0.375,2
btc-updown-5m-1790034000,2026-09-21 23:40:00+00:00,1790034000,5m,9.11909,8.70974,8.96761,0.431548,3
btc-updown-15m-1790034300,2026-09-21 23:45:00+00:00,1790034300,15m,17.7622,16.7854,14.5709,0.570933,3
btc-updown-5m-1790034300,2026-09-21 23:45:00+00:00,1790034300,5m,10.4079,9.99137,8.9228,0.524802,3
btc-updown-5m-1790034600,2026-09-21 23:50:00+00:00,1790034600,5m,8.95872,8.44913,8.88624,0.417659,3
btc-updown-5m-1790034900,2026-09-21 23:55:00+00:00,1790034900,5m,9.92514,9.45,8.54814,0.49256,3
btc-updown-15m-1790035200,2026-09-22 00:00:00+00:00,1790035200,15m,17.1528,16.4168,13.5923,0.546627,3
btc-updown-5m-1790035200,2026-09-22 00:00:00+00:00,1790035200,5m,9.74812,9.38163,8.32358,0.481151,3
btc-updown-5m-1790035500,2026-09-22 00:05:00+00:00,1790035500,5m,9.80855,9.637,9.12527,0.484127,3
btc-updown-5m-1790035800,2026-09-22 00:10:00+00:00,1790035800,5m,12.0145,11.7316,12.0267,0.632937,4
btc-updown-15m-1790036100,2026-09-22 00:15:00+00:00,1790036100,15m,17.2897,16.3987,18.6422,0.554563,3
btc-updown-5m-1790036100,2026-09-22 00:15:00+00:00,1790036100,5m,10.4698,10.082,11.416,0.527282,3
btc-updown-5m-1790036400,2026-09-22 00:20:00+00:00,1790036400,5m,11.1746,10.7681,11.2568,0.575893,3
btc-updown-5m-1790036700,2026-09-22 00:25:00+00:00,1790036700,5m,11.6638,11.4044,12.5005,0.604663,4
btc-updown-15m-1790037000,2026-09-22 00:30:00+00:00,1790037000,15m,16.4024,15.7966,19.7297,0.512897,3
btc-updown-5m-1790037000,2026-09-22 00:30:00+00:00,1790037000,5m,9.95051,9.711,12.0819,0.49504,3
btc-updown-5m-1790037300,2026-09-22 00:35:00+00:00,1790037300,5m,9.93699,9.65987,12.6051,0.494048,3
btc-updown-5m-1790037600,2026-09-22 00:40:00+00:00,1790037600,5m,10.7745,10.6139,12.3305,0.547123,3
btc-updown-15m-1790037900,2026-09-22 00:45:00+00:00,1790037900,15m,17.1383,16.539,22.0867,0.545139,3
btc-updown-5m-1790037900,2026-09-22 00:45:00+00:00,1790037900,5m,10.9447,10.7531,13.5253,0.558036,3
btc-updown-5m-1790038200,2026-09-22 00:50:00+00:00,1790038200,5m,11.7869,11.4232,13.5826,0.614583,4
btc-updown-5m-1790038500,2026-09-22 00:55:00+00:00,1790038500,5m,12.2097,12.0399,13.7054,0.646329,4
btc-updown-15m-1790038800,2026-09-22 01:00:00+00:00,1790038800,15m,24.9788,24.2849,28.2558,0.779266,4
btc-updown-5m-1790038800,2026-09-22 01:00:00+00:00,1790038800,5m,15.3043,14.7633,17.3031,0.779762,4
btc-updown-5m-1790039100,2026-09-22 01:05:00+00:00,1790039100,5m,22.3284,21.1266,17.864,0.916667,5
btc-updown-5m-1790039400,2026-09-22 01:10:00+00:00,1790039400,5m,19.851,19.2369,17.9534,0.889385,5
btc-updown-15m-1790039700,2026-09-22 01:15:00+00:00,1790039700,15m,27.6269,26.4341,28.1656,0.827877,5
btc-updown-5m-1790039700,2026-09-22 01:15:00+00:00,1790039700,5m,16.7472,16.2076,17.2478,0.826389,5
btc-updown-5m-1790040000,2026-09-22 01:20:00+00:00,1790040000,5m,30.1079,28.1981,22.2877,0.969246,5
btc-updown-5m-1790040300,2026-09-22 01:25:00+00:00,1790040300,5m,17.0451,16.1435,20.995,0.833829,5
btc-updown-15m-1790040600,2026-09-22 01:30:00+00:00,1790040600,15m,25.4263,24.1413,32.4018,0.787698,4
btc-updown-5m-1790040600,2026-09-22 01:30:00+00:00,1790040600,5m,15.5034,14.8026,19.842,0.784226,4
btc-updown-5m-1790040900,2026-09-22 01:35:00+00:00,1790040900,5m,14.4761,13.8975,18.9741,0.750496,4
btc-updown-5m-1790041200,2026-09-22 01:40:00+00:00,1790041200,5m,17.9415,17.2738,18.5444,0.853671,5
btc-updown-15m-1790041500,2026-09-22 01:45:00+00:00,1790041500,15m,25.1581,24.0052,28.4089,0.783234,4
btc-updown-5m-1790041500,2026-09-22 01:45:00+00:00,1790041500,5m,14.7583,14.2922,17.3969,0.762897,4
btc-updown-5m-1790041800,2026-09-22 01:50:00+00:00,1790041800,5m,11.3928,10.6886,15.7878,0.589782,3
btc-updown-5m-1790042100,2026-09-22 01:55:00+00:00,1790042100,5m,13.8187,13.3702,15.8837,0.716766,4
btc-updown-15m-1790042400,2026-09-22 02:00:00+00:00,1790042400,15m,21.8416,20.9959,24.1977,0.699405,4
btc-updown-5m-1790042400,2026-09-22 02:00:00+00:00,1790042400,5m,12.6422,12.3364,14.818,0.665675,4
btc-updown-5m-1790042700,2026-09-22 02:05:00+00:00,1790042700,5m,12.8703,12.5427,15.5292,0.679067,4
btc-updown-5m-1790043000,2026-09-22 02:10:00+00:00,1790043000,5m,13.1816,12.8464,15.109,0.693948,4
btc-updown-15m-1790043300,2026-09-22 02:15:00+00:00,1790043300,15m,23.1123,22.2957,25.9521,0.733631,4
btc-updown-5m-1790043300,2026-09-22 02:15:00+00:00,1790043300,5m,14.8191,14.5269,15.8923,0.763889,4
btc-updown-5m-1790043600,2026-09-22 02:20:00+00:00,1790043600,5m,13.2609,13.0839,15.8095,0.695933,4
btc-updown-5m-1790043900,2026-09-22 02:25:00+00:00,1790043900,5m,13.1128,12.8213,16.0274,0.69246,4
btc-updown-15m-1790044200,2026-09-22 02:30:00+00:00,1790044200,15m,23.6764,23.0244,24.6962,0.74504,4
btc-updown-5m-1790044200,2026-09-22 02:30:00+00:00,1790044200,5m,14.4443,14.1673,15.1232,0.748512,4
btc-updown-5m-1790044500,2026-09-22 02:35:00+00:00,1790044500,5m,13.4006,13.1268,14.3465,0.703869,4
btc-updown-5m-1790044800,2026-09-22 02:40:00+00:00,1790044800,5m,13.1666,12.9184,13.3703,0.692956,4
btc-updown-15m-1790045100,2026-09-22 02:45:00+00:00,1790045100,15m,20.5149,19.8762,19.8537,0.661706,4
btc-updown-5m-1790045100,2026-09-22 02:45:00+00:00,1790045100,5m,11.5873,11.1354,12.1579,0.601687,4
btc-updown-5m-1790045400,2026-09-22 02:50:00+00:00,1790045400,5m,12.4848,12.1619,11.6791,0.660714,4
btc-updown-5m-1790045700,2026-09-22 02:55:00+00:00,1790045700,5m,11.0381,10.6731,11.8369,0.564484,3
btc-updown-15m-1790046000,2026-09-22 03:00:00+00:00,1790046000,15m,18.8528,17.8978,19.4036,0.609623,4
btc-updown-5m-1790046000,2026-09-22 03:00:00+00:00,1790046000,5m,11.4242,11.0546,11.8822,0.592262,3
btc-updown-5m-1790046300,2026-09-22 03:05:00+00:00,1790046300,5m,11.532,11.1552,13.3987,0.59871,3
btc-updown-5m-1790046600,2026-09-22 03:10:00+00:00,1790046600,5m,12.0643,11.7517,13.883,0.638393,4
btc-updown-15m-1790046900,2026-09-22 03:15:00+00:00,1790046900,15m,22.1657,21.4024,23.2752,0.709821,4
btc-updown-5m-1790046900,2026-09-22 03:15:00+00:00,1790046900,5m,13.192,12.9381,14.2531,0.693948,4
btc-updown-5m-1790047200,2026-09-22 03:20:00+00:00,1790047200,5m,14.1071,13.8881,15.8107,0.728671,4
btc-updown-5m-1790047500,2026-09-22 03:25:00+00:00,1790047500,5m,14.9341,14.7207,16.5466,0.767361,4
btc-updown-15m-1790047800,2026-09-22 03:30:00+00:00,1790047800,15m,22.3765,21.5874,27.0768,0.714782,4
btc-updown-5m-1790047800,2026-09-22 03:30:00+00:00,1790047800,5m,14.8394,14.6278,16.5811,0.763889,4
btc-updown-5m-1790048100,2026-09-22 03:35:00+00:00,1790048100,5m,14.0925,13.6865,15.7277,0.728671,4
btc-updown-5m-1790048400,2026-09-22 03:40:00+00:00,1790048400,5m,11.8706,11.485,14.3841,0.619048,4
btc-updown-15m-1790048700,2026-09-22 03:45:00+00:00,1790048700,15m,20.199,19.3409,22.4431,0.64881,4
btc-updown-5m-1790048700,2026-09-22 03:45:00+00:00,1790048700,5m,12.6416,12.2634,13.7435,0.665675,4
btc-updown-5m-1790049000,2026-09-22 03:50:00+00:00,1790049000,5m,11.3088,10.779,12.5841,0.585317,3
btc-updown-5m-1790049300,2026-09-22 03:55:00+00:00,1790049300,5m,10.2651,9.87464,11.8833,0.517857,3
btc-updown-15m-1790049600,2026-09-22 04:00:00+00:00,1790049600,15m,17.2216,16.5284,18.7307,0.550099,3
btc-updown-5m-1790049600,2026-09-22 04:00:00+00:00,1790049600,5m,11.2653,11.0693,11.4701,0.583829,3
btc-updown-5m-1790049900,2026-09-22 04:05:00+00:00,1790049900,5m,9.76241,9.49284,10.8311,0.481647,3
btc-updown-5m-1790050200,2026-09-22 04:10:00+00:00,1790050200,5m,11.6563,11.472,10.9362,0.604167,4
btc-updown-15m-1790050500,2026-09-22 04:15:00+00:00,1790050500,15m,17.0599,16.4713,16.5229,0.543651,3
btc-updown-5m-1790050500,2026-09-22 04:15:00+00:00,1790050500,5m,10.246,9.92119,10.1182,0.514881,3
btc-updown-5m-1790050800,2026-09-22 04:20:00+00:00,1790050800,5m,11.3482,11.0913,9.96679,0.587302,3
btc-updown-5m-1790051100,2026-09-22 04:25:00+00:00,1790051100,5m,9.82819,9.4903,9.14533,0.486111,3
btc-updown-15m-1790051400,2026-09-22 04:30:00+00:00,1790051400,15m,15.5031,14.9742,15.4905,0.470734,3
btc-updown-5m-1790051400,2026-09-22 04:30:00+00:00,1790051400,5m,9.75649,9.55013,9.48596,0.481151,3
btc-updown-5m-1790051700,2026-09-22 04:35:00+00:00,1790051700,5m,9.7103,9.37043,8.87955,0.479663,3
btc-updown-5m-1790052000,2026-09-22 04:40:00+00:00,1790052000,5m,10.5212,10.2899,10.0137,0.52877,3
btc-updown-15m-1790052300,2026-09-22 04:45:00+00:00,1790052300,15m,15.7503,15.257,16.2915,0.481647,3
btc-updown-5m-1790052300,2026-09-22 04:45:00+00:00,1790052300,5m,10.0961,9.7126,9.97649,0.506944,3
btc-updown-5m-1790052600,2026-09-22 04:50:00+00:00,1790052600,5m,9.37217,8.98428,9.44042,0.449901,3
btc-updown-5m-1790052900,2026-09-22 04:55:00+00:00,1790052900,5m,9.22373,8.99567,9.25579,0.437996,3
btc-updown-15m-1790053200,2026-09-22 05:00:00+00:00,1790053200,15m,13.4341,12.9426,14.3471,0.376488,2
btc-updown-5m-1790053200,2026-09-22 05:00:00+00:00,1790053200,5m,9.02426,8.67753,8.78578,0.425099,3
btc-updown-5m-1790053500,2026-09-22 05:05:00+00:00,1790053500,5m,7.14414,6.78239,8.11716,0.300099,2
btc-updown-5m-1790053800,2026-09-22 05:10:00+00:00,1790053800,5m,7.85279,7.66916,7.93698,0.344742,2
btc-updown-15m-1790054100,2026-09-22 05:15:00+00:00,1790054100,15m,12.0454,11.6468,13.0617,0.317956,2
btc-updown-5m-1790054100,2026-09-22 05:15:00+00:00,1790054100,5m,7.62276,7.45236,7.99861,0.332837,2
btc-updown-5m-1790054400,2026-09-22 05:20:00+00:00,1790054400,5m,12.3778,12.2049,9.19692,0.65377,4
btc-updown-5m-1790054700,2026-09-22 05:25:00+00:00,1790054700,5m,10.7306,10.4974,9.08931,0.544147,3
btc-updown-15m-1790055000,2026-09-22 05:30:00+00:00,1790055000,15m,22.1875,21.8325,18.7271,0.710813,4
btc-updown-5m-1790055000,2026-09-22 05:30:00+00:00,1790055000,5m,13.536,13.3535,11.4679,0.706845,4
btc-updown-5m-1790055300,2026-09-22 05:35:00+00:00,1790055300,5m,13.0531,12.7348,11.2664,0.690476,4
btc-updown-5m-1790055600,2026-09-22 05:40:00+00:00,1790055600,5m,14.5451,14.4113,11.9613,0.753472,4
btc-updown-15m-1790055900,2026-09-22 05:45:00+00:00,1790055900,15m,19.9629,19.9461,18.1791,0.646329,4
btc-updown-5m-1790055900,2026-09-22 05:45:00+00:00,1790055900,5m,11.9727,11.5542,11.1324,0.631448,4
btc-updown-5m-1790056200,2026-09-22 05:50:00+00:00,1790056200,5m,13.3014,12.8562,10.9829,0.697917,4
btc-updown-5m-1790056500,2026-09-22 05:55:00+00:00,1790056500,5m,11.876,11.5261,10.5659,0.62004,4
btc-updown-15m-1790056800,2026-09-22 06:00:00+00:00,1790056800,15m,20.899,20.4434,19.2636,0.674107,4
btc-updown-5m-1790056800,2026-09-22 06:00:00+00:00,1790056800,5m,14.1015,13.8214,11.7965,0.728671,4
btc-updown-5m-1790057100,2026-09-22 06:05:00+00:00,1790057100,5m,11.6083,11.4957,11.6161,0.601687,4
btc-updown-5m-1790057400,2026-09-22 06:10:00+00:00,1790057400,5m,10.8329,10.7569,11.4488,0.551587,3
btc-updown-15m-1790057700,2026-09-22 06:15:00+00:00,1790057700,15m,16.9993,16.4504,17.4207,0.540179,3
btc-updown-5m-1790057700,2026-09-22 06:15:00+00:00,1790057700,5m,10.4305,10.215,10.6679,0.525298,3
btc-updown-5m-1790058000,2026-09-22 06:20:00+00:00,1790058000,5m,10.5986,10.4481,10.9362,0.537202,3
btc-updown-5m-1790058300,2026-09-22 06:25:00+00:00,1790058300,5m,9.97014,9.65838,10.1781,0.496528,3
btc-updown-15m-1790058600,2026-09-22 06:30:00+00:00,1790058600,15m,15.9495,15.3312,15.9463,0.490079,3
btc-updown-5m-1790058600,2026-09-22 06:30:00+00:00,1790058600,5m,9.79104,9.62076,9.76507,0.484127,3
btc-updown-5m-1790058900,2026-09-22 06:35:00+00:00,1790058900,5m,11.6628,11.5467,11.1282,0.604663,4
btc-updown-5m-1790059200,2026-09-22 06:40:00+00:00,1790059200,5m,10.5869,10.4854,10.3357,0.537202,3
btc-updown-15m-1790059500,2026-09-22 06:45:00+00:00,1790059500,15m,18.5892,18.1781,15.7668,0.600198,4
btc-updown-5m-1790059500,2026-09-22 06:45:00+00:00,1790059500,5m,10.6816,10.5195,9.65514,0.542163,3
btc-updown-5m-1790059800,2026-09-22 06:50:00+00:00,1790059800,5m,9.61945,9.5891,9.01188,0.472222,3
btc-updown-5m-1790060100,2026-09-22 06:55:00+00:00,1790060100,5m,8.81058,8.69439,8.65394,0.409226,3
btc-updown-15m-1790060400,2026-09-22 07:00:00+00:00,1790060400,15m,16.1242,15.9357,14.2086,0.498512,3
btc-updown-5m-1790060400,2026-09-22 07:00:00+00:00,1790060400,5m,9.6187,9.59832,8.70095,0.472222,3
btc-updown-5m-1790060700,2026-09-22 07:05:00+00:00,1790060700,5m,8.64212,8.45831,8.12894,0.394841,2
btc-updown-5m-1790061000,2026-09-22 07:10:00+00:00,1790061000,5m,8.95606,8.75806,8.96824,0.417163,3
btc-updown-15m-1790061300,2026-09-22 07:15:00+00:00,1790061300,15m,15.5981,15.0915,15.3956,0.47619,3
btc-updown-5m-1790061300,2026-09-22 07:15:00+00:00,1790061300,5m,9.40233,9.27852,9.42782,0.453869,3
btc-updown-5m-1790061600,2026-09-22 07:20:00+00:00,1790061600,5m,9.26205,9.14328,9.04966,0.440476,3
btc-updown-5m-1790061900,2026-09-22 07:25:00+00:00,1790061900,5m,11.5352,11.4108,10.3076,0.59871,3
btc-updown-15m-1790062200,2026-09-22 07:30:00+00:00,1790062200,15m,16.0252,15.687,16.154,0.49504,3
btc-updown-5m-1790062200,2026-09-22 07:30:00+00:00,1790062200,5m,10.2855,10.2407,9.89229,0.518849,3
btc-updown-5m-1790062500,2026-09-22 07:35:00+00:00,1790062500,5m,10.8189,10.8159,10.5618,0.550595,3
btc-updown-5m-1790062800,2026-09-22 07:40:00+00:00,1790062800,5m,10.9214,10.6088,9.84337,0.557044,3
btc-updown-15m-1790063100,2026-09-22 07:45:00+00:00,1790063100,15m,17.9115,17.3713,15.2771,0.578373,3
btc-updown-5m-1790063100,2026-09-22 07:45:00+00:00,1790063100,5m,10.8481,10.6182,9.35528,0.552083,3
btc-updown-5m-1790063400,2026-09-22 07:50:00+00:00,1790063400,5m,10.4025,10.127,9.28028,0.524306,3
btc-updown-5m-1790063700,2026-09-22 07:55:00+00:00,1790063700,5m,9.63063,9.42345,8.76179,0.472718,3
btc-updown-15m-1790064000,2026-09-22 08:00:00+00:00,1790064000,15m,15.1276,14.5956,14.0911,0.459325,3
btc-updown-5m-1790064000,2026-09-22 08:00:00+00:00,1790064000,5m,9.11695,8.86017,8.62899,0.431052,3
btc-updown-5m-1790064300,2026-09-22 08:05:00+00:00,1790064300,5m,11.5637,11.3857,10.4491,0.599702,3
btc-updown-5m-1790064600,2026-09-22 08:10:00+00:00,1790064600,5m,11.5286,11.4405,12.499,0.59871,3
btc-updown-15m-1790064900,2026-09-22 08:15:00+00:00,1790064900,15m,17.0859,16.7421,18.7129,0.544643,3
btc-updown-5m-1790064900,2026-09-22 08:15:00+00:00,1790064900,5m,9.97742,9.77064,11.4593,0.498512,3
btc-updown-5m-1790065200,2026-09-22 08:20:00+00:00,1790065200,5m,9.4129,9.10572,10.676,0.454861,3
btc-updown-5m-1790065500,2026-09-22 08:25:00+00:00,1790065500,5m,9.45529,9.10314,10.0087,0.458333,3
btc-updown-15m-1790065800,2026-09-22 08:30:00+00:00,1790065800,15m,15.6047,15.1214,16.9238,0.47619,3
btc-updown-5m-1790065800,2026-09-22 08:30:00+00:00,1790065800,5m,9.57593,9.36649,10.3636,0.468254,3
btc-updown-5m-1790066100,2026-09-22 08:35:00+00:00,1790066100,5m,9.69691,9.62278,10.5517,0.478671,3
btc-updown-5m-1790066400,2026-09-22 08:40:00+00:00,1790066400,5m,14.9857,14.1384,14.1393,0.768353,4
btc-updown-15m-1790066700,2026-09-22 08:45:00+00:00,1790066700,15m,29.7784,28.8075,24.3111,0.856647,5
btc-updown-5m-1790066700,2026-09-22 08:45:00+00:00,1790066700,5m,16.1086,15.7351,14.8874,0.808532,5
btc-updown-5m-1790067000,2026-09-22 08:50:00+00:00,1790067000,5m,19.4513,18.755,16.4822,0.883433,5
btc-updown-5m-1790067300,2026-09-22 08:55:00+00:00,1790067300,5m,14.2651,13.6538,15.4873,0.738591,4
btc-updown-15m-1790067600,2026-09-22 09:00:00+00:00,1790067600,15m,27.8318,26.375,24.2978,0.830853,5
btc-updown-5m-1790067600,2026-09-22 09:00:00+00:00,1790067600,5m,15.7423,15.2064,14.8793,0.795139,4
btc-updown-5m-1790067900,2026-09-22 09:05:00+00:00,1790067900,5m,29.5037,29.6053,21.7643,0.966766,5
btc-updown-5m-1790068200,2026-09-22 09:10:00+00:00,1790068200,5m,21.1145,20.7917,21.8972,0.900794,5
btc-updown-15m-1790068500,2026-09-22 09:15:00+00:00,1790068500,15m,31.0638,30.6469,33.318,0.873016,5
btc-updown-5m-1790068500,2026-09-22 09:15:00+00:00,1790068500,5m,19.3341,18.8903,20.403,0.878968,5
btc-updown-5m-1790068800,2026-09-22 09:20:00+00:00,1790068800,5m,16.5224,15.9276,18.8151,0.821925,5
btc-updown-5m-1790069100,2026-09-22 09:25:00+00:00,1790069100,5m,14.9415,14.3833,17.3388,0.767361,4
btc-updown-15m-1790069400,2026-09-22 09:30:00+00:00,1790069400,15m,21.887,20.9577,26.0385,0.701389,4
btc-updown-5m-1790069400,2026-09-22 09:30:00+00:00,1790069400,5m,12.1768,11.737,15.9453,0.644841,4
btc-updown-5m-1790069700,2026-09-22 09:35:00+00:00,1790069700,5m,13.6389,13.2753,14.9501,0.709325,4
btc-updown-5m-1790070000,2026-09-22 09:40:00+00:00,1790070000,5m,13.2478,12.9782,14.6955,0.695437,4
btc-updown-15m-1790070300,2026-09-22 09:45:00+00:00,1790070300,15m,24.4598,23.6382,22.3061,0.761409,4
btc-updown-5m-1790070300,2026-09-22 09:45:00+00:00,1790070300,5m,13.4283,13.0381,13.6597,0.704365,4
btc-updown-5m-1790070600,2026-09-22 09:50:00+00:00,1790070600,5m,12.1102,11.8904,12.4438,0.640873,4
btc-updown-5m-1790070900,2026-09-22 09:55:00+00:00,1790070900,5m,19.4427,18.8687,13.7978,0.88244,5
btc-updown-15m-1790071200,2026-09-22 10:00:00+00:00,1790071200,15m,25.513,24.3835,22.6215,0.789683,4
btc-updown-5m-1790071200,2026-09-22 10:00:00+00:00,1790071200,5m,14.3842,14.0644,13.8528,0.741567,4
btc-updown-5m-1790071500,2026-09-22 10:05:00+00:00,1790071500,5m,13.547,13.2456,13.1978,0.706845,4
btc-updown-5m-1790071800,2026-09-22 10:10:00+00:00,1790071800,5m,12.8307,12.537,12.6174,0.678075,4
btc-updown-15m-1790072100,2026-09-22 10:15:00+00:00,1790072100,15m,23.0329,22.2866,20.6542,0.731151,4
btc-updown-5m-1790072100,2026-09-22 10:15:00+00:00,1790072100,5m,13.6656,13.3974,12.6481,0.709325,4
btc-updown-5m-1790072400,2026-09-22 10:20:00+00:00,1790072400,5m,12.18,11.9723,11.9661,0.645337,4
btc-updown-5m-1790072700,2026-09-22 10:25:00+00:00,1790072700,5m,12.4075,12.2582,11.2124,0.655754,4
btc-updown-15m-1790073000,2026-09-22 10:30:00+00:00,1790073000,15m,20.7082,20.1096,17.3998,0.668651,4
btc-updown-5m-1790073000,2026-09-22 10:30:00+00:00,1790073000,5m,11.8263,11.6309,10.6552,0.61756,4
btc-updown-5m-1790073300,2026-09-22 10:35:00+00:00,1790073300,5m,10.9902,10.6714,10.0596,0.562004,3
btc-updown-5m-1790073600,2026-09-22 10:40:00+00:00,1790073600,5m,11.9007,11.6823,9.7759,0.624504,4
btc-updown-15m-1790073900,2026-09-22 10:45:00+00:00,1790073900,15m,20.0771,19.4303,15.8399,0.646825,4
btc-updown-5m-1790073900,2026-09-22 10:45:00+00:00,1790073900,5m,12.1515,11.9953,9.69992,0.644345,4
btc-updown-5m-1790074200,2026-09-22 10:50:00+00:00,1790074200,5m,11.0064,10.7848,9.56814,0.5625,3
btc-updown-5m-1790074500,2026-09-22 10:55:00+00:00,1790074500,5m,11.3759,11.2006,9.26224,0.589286,3
btc-updown-15m-1790074800,2026-09-22 11:00:00+00:00,1790074800,15m,19.4815,18.7101,14.3058,0.628472,4
btc-updown-5m-1790074800,2026-09-22 11:00:00+00:00,1790074800,5m,10.7024,10.4987,8.76048,0.542163,3
btc-updown-5m-1790075100,2026-09-22 11:05:00+00:00,1790075100,5m,11.2881,11.0634,9.10364,0.584821,3
btc-updown-5m-1790075400,2026-09-22 11:10:00+00:00,1790075400,5m,10.066,9.88261,8.66581,0.504464,3
btc-updown-15m-1790075700,2026-09-22 11:15:00+00:00,1790075700,15m,19.2113,18.3725,19.1126,0.622024,4
btc-updown-5m-1790075700,2026-09-22 11:15:00+00:00,1790075700,5m,10.9845,10.739,11.704,0.561012,3
btc-updown-5m-1790076000,2026-09-22 11:20:00+00:00,1790076000,5m,12.1167,11.8921,11.4649,0.640873,4
btc-updown-5m-1790076300,2026-09-22 11:25:00+00:00,1790076300,5m,11.1442,10.9684,10.7446,0.572917,3
btc-updown-15m-1790076600,2026-09-22 11:30:00+00:00,1790076600,15m,22.0854,21.3981,16.9806,0.706845,4
btc-updown-5m-1790076600,2026-09-22 11:30:00+00:00,1790076600,5m,12.3649,12.2678,10.3984,0.653274,4
btc-updown-5m-1790076900,2026-09-22 11:35:00+00:00,1790076900,5m,11.0867,10.9202,9.73612,0.566468,3
btc-updown-5m-1790077200,2026-09-22 11:40:00+00:00,1790077200,5m,11.2504,11.1446,9.92909,0.581845,3
btc-updown-15m-1790077500,2026-09-22 11:45:00+00:00,1790077500,15m,20.103,19.5597,15.5708,0.646825,4
btc-updown-5m-1790077500,2026-09-22 11:45:00+00:00,1790077500,5m,11.2164,11.1028,9.53511,0.578869,3
btc-updown-5m-1790077800,2026-09-22 11:50:00+00:00,1790077800,5m,10.8948,10.7386,9.22684,0.556052,3
btc-updown-5m-1790078100,2026-09-22 11:55:00+00:00,1790078100,5m,10.5419,10.4563,9.17307,0.53125,3
btc-updown-15m-1790078400,2026-09-22 12:00:00+00:00,1790078400,15m,18.09,17.3619,14.3341,0.587302,3
btc-updown-5m-1790078400,2026-09-22 12:00:00+00:00,1790078400,5m,10.6039,10.4744,8.7778,0.537202,3
btc-updown-5m-1790078700,2026-09-22 12:05:00+00:00,1790078700,5m,10.3706,10.2128,9.41961,0.522817,3
btc-updown-5m-1790079000,2026-09-22 12:10:00+00:00,1790079000,5m,9.91434,9.74277,8.88455,0.492063,3
btc-updown-15m-1790079300,2026-09-22 12:15:00+00:00,1790079300,15m,17.5107,16.8415,14.3113,0.5625,3
btc-updown-5m-1790079300,2026-09-22 12:15:00+00:00,1790079300,5m,10.2778,10.1355,8.76385,0.518849,3
btc-updown-5m-1790079600,2026-09-22 12:20:00+00:00,1790079600,5m,11.8343,11.757,10.3767,0.618056,4
btc-updown-5m-1790079900,2026-09-22 12:25:00+00:00,1790079900,5m,11.7556,11.5472,11.2233,0.612599,4
btc-updown-15m-1790080200,2026-09-22 12:30:00+00:00,1790080200,15m,19.355,18.5959,18.7127,0.625992,4
btc-updown-5m-1790080200,2026-09-22 12:30:00+00:00,1790080200,5m,11.5078,11.3256,11.4591,0.597718,3
btc-updown-5m-1790080500,2026-09-22 12:35:00+00:00,1790080500,5m,12.2212,12.0861,11.8689,0.64881,4
btc-updown-5m-1790080800,2026-09-22 12:40:00+00:00,1790080800,5m,11.4322,11.23,11.4756,0.593254,3
btc-updown-15m-1790081100,2026-09-22 12:45:00+00:00,1790081100,15m,18.1119,17.3951,17.8227,0.588294,3
btc-updown-5m-1790081100,2026-09-22 12:45:00+00:00,1790081100,5m,10.9827,10.7494,10.9142,0.560516,3
btc-updown-5m-1790081400,2026-09-22 12:50:00+00:00,1790081400,5m,9.92248,9.68328,10.4256,0.49256,3
btc-updown-5m-1790081700,2026-09-22 12:55:00+00:00,1790081700,5m,9.94779,9.69521,9.92168,0.49504,3
btc-updown-15m-1790082000,2026-09-22 13:00:00+00:00,1790082000,15m,15.8289,14.9434,15.8152,0.485119,3
btc-updown-5m-1790082000,2026-09-22 13:00:00+00:00,1790082000,5m,9.54596,9.21866,9.68482,0.465278,3
btc-updown-5m-1790082300,2026-09-22 13:05:00+00:00,1790082300,5m,11.505,11.3781,9.75202,0.597718,3
btc-updown-5m-1790082600,2026-09-22 13:10:00+00:00,1790082600,5m,11.3367,11.1689,11.2575,0.587302,3
btc-updown-15m-1790082900,2026-09-22 13:15:00+00:00,1790082900,15m,17.5698,16.7962,19.2924,0.563988,3
btc-updown-5m-1790082900,2026-09-22 13:15:00+00:00,1790082900,5m,10.9726,10.7468,11.8141,0.56002,3
btc-updown-5m-1790083200,2026-09-22 13:20:00+00:00,1790083200,5m,10.2368,10.0933,11.6753,0.514385,3
btc-updown-5m-1790083500,2026-09-22 13:25:00+00:00,1790083500,5m,10.5188,10.3842,10.8926,0.52877,3
btc-updown-15m-1790083800,2026-09-22 13:30:00+00:00,1790083800,15m,19.7902,19.4418,17.6619,0.638889,4
btc-updown-5m-1790083800,2026-09-22 13:30:00+00:00,1790083800,5m,11.1174,11.0952,10.8157,0.569444,3
btc-updown-5m-1790084100,2026-09-22 13:35:00+00:00,1790084100,5m,15.0529,14.8012,13.0444,0.770833,4
btc-updown-5m-1790084400,2026-09-22 13:40:00+00:00,1790084400,5m,19.2617,18.4008,18.3371,0.877976,5
btc-updown-15m-1790084700,2026-09-22 13:45:00+00:00,1790084700,15m,22.301,21.2422,30.5348,0.712302,4
btc-updown-5m-1790084700,2026-09-22 13:45:00+00:00,1790084700,5m,16.0486,15.4946,18.6987,0.80506,5
btc-updown-5m-1790085000,2026-09-22 13:50:00+00:00,1790085000,5m,17.1157,16.5566,18.0023,0.834325,5
btc-updown-5m-1790085300,2026-09-22 13:55:00+00:00,1790085300,5m,14.8631,14.3741,17.0565,0.763889,4
btc-updown-15m-1790085600,2026-09-22 14:00:00+00:00,1790085600,15m,28.0565,26.7084,27.2647,0.834325,5
btc-updown-5m-1790085600,2026-09-22 14:00:00+00:00,1790085600,5m,18.4126,17.8608,16.6961,0.862103,5
btc-updown-5m-1790085900,2026-09-22 14:05:00+00:00,1790085900,5m,15.6582,15.2998,18.1195,0.790675,4
btc-updown-5m-1790086200,2026-09-22 14:10:00+00:00,1790086200,5m,14.9797,14.2724,17.3992,0.767857,4
btc-updown-15m-1790086500,2026-09-22 14:15:00+00:00,1790086500,15m,28.5334,27.286,29.6554,0.837798,5
btc-updown-5m-1790086500,2026-09-22 14:15:00+00:00,1790086500,5m,18.0592,17.584,18.1602,0.855159,5
btc-updown-5m-1790086800,2026-09-22 14:20:00+00:00,1790086800,5m,17.2544,16.7287,17.545,0.837302,5
btc-updown-5m-1790087100,2026-09-22 14:25:00+00:00,1790087100,5m,14.0425,13.5453,16.0832,0.724206,4
btc-updown-15m-1790087400,2026-09-22 14:30:00+00:00,1790087400,15m,21.1807,20.1631,24.5347,0.681052,4
btc-updown-5m-1790087400,2026-09-22 14:30:00+00:00,1790087400,5m,13.3836,12.8686,15.0244,0.702381,4
btc-updown-5m-1790087700,2026-09-22 14:35:00+00:00,1790087700,5m,18.3361,17.9025,17.1918,0.860615,5
btc-updown-5m-1790088000,2026-09-22 14:40:00+00:00,1790088000,5m,19.7165,19.09,24.3098,0.887897,5
btc-updown-15m-1790088300,2026-09-22 14:45:00+00:00,1790088300,15m,29.6159,28.5041,39.0558,0.853175,5
btc-updown-5m-1790088300,2026-09-22 14:45:00+00:00,1790088300,5m,19.8416,19.1302,23.9167,0.889385,5
btc-updown-5m-1790088600,2026-09-22 14:50:00+00:00,1790088600,5m,16.6437,15.7166,22.3127,0.823909,5
btc-updown-5m-1790088900,2026-09-22 14:55:00+00:00,1790088900,5m,14.4501,13.3569,20.3157,0.749008,4
btc-updown-15m-1790089200,2026-09-22 15:00:00+00:00,1790089200,15m,24.5546,23.3671,31.3623,0.766369,4
btc-updown-5m-1790089200,2026-09-22 15:00:00+00:00,1790089200,5m,15.7676,15.1577,19.2054,0.795635,4
btc-updown-5m-1790089500,2026-09-22 15:05:00+00:00,1790089500,5m,15.3215,14.6823,18.1745,0.779762,4
btc-updown-5m-1790089800,2026-09-22 15:10:00+00:00,1790089800,5m,15.3796,14.6878,17.2064,0.78125,4
btc-updown-15m-1790090100,2026-09-22 15:15:00+00:00,1790090100,15m,23.2128,21.7231,28.2668,0.734127,4
btc-updown-5m-1790090100,2026-09-22 15:15:00+00:00,1790090100,5m,14.2279,13.4616,17.3098,0.736607,4
btc-updown-5m-1790090400,2026-09-22 15:20:00+00:00,1790090400,5m,14.9368,14.2247,16.7905,0.767361,4
btc-updown-5m-1790090700,2026-09-22 15:25:00+00:00,1790090700,5m,14.2421,13.7476,16.87,0.737599,4
btc-updown-15m-1790091000,2026-09-22 15:30:00+00:00,1790091000,15m,21.4628,20.303,25.9943,0.68998,4
btc-updown-5m-1790091000,2026-09-22 15:30:00+00:00,1790091000,5m,13.0338,12.396,15.9182,0.689484,4
btc-updown-5m-1790091300,2026-09-22 15:35:00+00:00,1790091300,5m,11.8284,11.2471,14.5233,0.61756,4
btc-updown-5m-1790091600,2026-09-22 15:40:00+00:00,1790091600,5m,13.8131,13.218,15.0876,0.71627,4
btc-updown-15m-1790091900,2026-09-22 15:45:00+00:00,1790091900,15m,21.1636,20.198,23.9087,0.681052,4
btc-updown-5m-1790091900,2026-09-22 15:45:00+00:00,1790091900,5m,13.7855,13.3544,14.6411,0.714782,4
btc-updown-5m-1790092200,2026-09-22 15:50:00+00:00,1790092200,5m,15.5414,14.9905,15.7083,0.78621,4
btc-updown-5m-1790092500,2026-09-22 15:55:00+00:00,1790092500,5m,14.5023,13.9113,16.1525,0.75248,4
btc-updown-15m-1790092800,2026-09-22 16:00:00+00:00,1790092800,15m,22.1322,20.8258,24.5913,0.708333,4
btc-updown-5m-1790092800,2026-09-22 16:00:00+00:00,1790092800,5m,14.4683,13.7196,15.059,0.75,4
btc-updown-5m-1790093100,2026-09-22 16:05:00+00:00,1790093100,5m,14.4551,13.9305,14.5781,0.749008,4
btc-updown-5m-1790093400,2026-09-22 16:10:00+00:00,1790093400,5m,14.0897,13.523,15.7864,0.728175,4
btc-updown-15m-1790093700,2026-09-22 16:15:00+00:00,1790093700,15m,26.2394,25.0883,26.1585,0.80506,5
btc-updown-5m-1790093700,2026-09-22 16:15:00+00:00,1790093700,5m,17.2928,16.624,16.0187,0.837798,5
btc-updown-5m-1790094000,2026-09-22 16:20:00+00:00,1790094000,5m,14.6115,14.1731,14.9973,0.756448,4
btc-updown-5m-1790094300,2026-09-22 16:25:00+00:00,1790094300,5m,13.6666,13.2261,14.6046,0.709821,4
btc-updown-15m-1790094600,2026-09-22 16:30:00+00:00,1790094600,15m,21.5196,20.7874,23.9847,0.691964,4
btc-updown-5m-1790094600,2026-09-22 16:30:00+00:00,1790094600,5m,15.1857,14.7192,14.6875,0.77629,4
btc-updown-5m-1790094900,2026-09-22 16:35:00+00:00,1790094900,5m,13.6892,13.1137,13.7748,0.710317,4
btc-updown-5m-1790095200,2026-09-22 16:40:00+00:00,1790095200,5m,13.4047,12.9518,13.0039,0.704365,4
btc-updown-15m-1790095500,2026-09-22 16:45:00+00:00,1790095500,15m,17.9288,17.4297,19.926,0.579365,3
btc-updown-5m-1790095500,2026-09-22 16:45:00+00:00,1790095500,5m,12.7708,12.3809,12.2022,0.675099,4
btc-updown-5m-1790095800,2026-09-22 16:50:00+00:00,1790095800,5m,12.712,12.4964,12.0624,0.670635,4
btc-updown-5m-1790096100,2026-09-22 16:55:00+00:00,1790096100,5m,14.8687,14.5923,14.7329,0.764385,4
btc-updown-15m-1790096400,2026-09-22 17:00:00+00:00,1790096400,15m,19.7922,19.3177,22.8824,0.638889,4
btc-updown-5m-1790096400,2026-09-22 17:00:00+00:00,1790096400,5m,14.1204,13.832,14.0125,0.728671,4
btc-updown-5m-1790096700,2026-09-22 17:05:00+00:00,1790096700,5m,15.7048,15.4778,14.4872,0.793651,4
btc-updown-5m-1790097000,2026-09-22 17:10:00+00:00,1790097000,5m,14.5703,14.2363,14.2813,0.755456,4
btc-updown-15m-1790097300,2026-09-22 17:15:00+00:00,1790097300,15m,19.4047,18.751,24.5487,0.626488,4
btc-updown-5m-1790097300,2026-09-22 17:15:00+00:00,1790097300,5m,14.3925,14.0444,15.033,0.74256,4
btc-updown-5m-1790097600,2026-09-22 17:20:00+00:00,1790097600,5m,15.8982,15.5182,16.1113,0.799603,4
btc-updown-5m-1790097900,2026-09-22 17:25:00+00:00,1790097900,5m,14.6701,14.2847,16.1264,0.759425,4
btc-updown-15m-1790098200,2026-09-22 17:30:00+00:00,1790098200,15m,19.0882,18.547,24.0288,0.618056,4
btc-updown-5m-1790098200,2026-09-22 17:30:00+00:00,1790098200,5m,13.3925,12.9119,14.7146,0.703373,4
btc-updown-5m-1790098500,2026-09-22 17:35:00+00:00,1790098500,5m,13.3423,13.0525,13.5901,0.700893,4
btc-updown-5m-1790098800,2026-09-22 17:40:00+00:00,1790098800,5m,13.5043,13.248,13.0439,0.706349,4
btc-updown-15m-1790099100,2026-09-22 17:45:00+00:00,1790099100,15m,17.5911,17.1645,20.4984,0.56498,3
btc-updown-5m-1790099100,2026-09-22 17:45:00+00:00,1790099100,5m,12.9689,12.7538,12.5526,0.68502,4
btc-updown-5m-1790099400,2026-09-22 17:50:00+00:00,1790099400,5m,12.7517,12.5681,12.3002,0.674603,4
btc-updown-5m-1790099700,2026-09-22 17:55:00+00:00,1790099700,5m,13.2127,13.0993,14.371,0.694444,4
btc-updown-15m-1790100000,2026-09-22 18:00:00+00:00,1790100000,15m,17.252,17.0434,22.1682,0.552579,3
btc-updown-5m-1790100000,2026-09-22 18:00:00+00:00,1790100000,5m,13.2787,13.1887,13.5752,0.697421,4
btc-updown-5m-1790100300,2026-09-22 18:05:00+00:00,1790100300,5m,12.7768,12.6008,13.0529,0.675099,4
btc-updown-5m-1790100600,2026-09-22 18:10:00+00:00,1790100600,5m,11.9747,11.744,11.9971,0.631448,4
btc-updown-15m-1790100900,2026-09-22 18:15:00+00:00,1790100900,15m,16.4329,16.1881,20.3422,0.513889,3
btc-updown-5m-1790100900,2026-09-22 18:15:00+00:00,1790100900,5m,12.8702,12.773,12.457,0.679067,4
btc-updown-5m-1790101200,2026-09-22 18:20:00+00:00,1790101200,5m,12.4007,12.2504,12.8197,0.655754,4
btc-updown-5m-1790101500,2026-09-22 18:25:00+00:00,1790101500,5m,12.2391,12.0966,12.8803,0.649306,4
btc-updown-15m-1790101800,2026-09-22 18:30:00+00:00,1790101800,15m,19.0666,18.8319,22.2787,0.616567,4
btc-updown-5m-1790101800,2026-09-22 18:30:00+00:00,1790101800,5m,13.9568,13.9196,13.6429,0.72123,4
btc-updown-5m-1790102100,2026-09-22 18:35:00+00:00,1790102100,5m,13.2617,13.1184,12.5289,0.695933,4
btc-updown-5m-1790102400,2026-09-22 18:40:00+00:00,1790102400,5m,13.2919,13.0819,12.9545,0.697917,4
btc-updown-15m-1790102700,2026-09-22 18:45:00+00:00,1790102700,15m,16.518,16.1726,19.3201,0.517361,3
btc-updown-5m-1790102700,2026-09-22 18:45:00+00:00,1790102700,5m,12.1604,12.0053,11.8311,0.644345,4
btc-updown-5m-1790103000,2026-09-22 18:50:00+00:00,1790103000,5m,12.2847,12.1877,11.4136,0.650298,4
btc-updown-5m-1790103300,2026-09-22 18:55:00+00:00,1790103300,5m,12.0552,11.8863,10.8641,0.637401,4
btc-updown-15m-1790103600,2026-09-22 19:00:00+00:00,1790103600,15m,15.6724,15.3476,16.4177,0.478671,3
btc-updown-5m-1790103600,2026-09-22 19:00:00+00:00,1790103600,5m,11.501,11.3748,10.0537,0.597222,3
btc-updown-5m-1790103900,2026-09-22 19:05:00+00:00,1790103900,5m,12.7718,12.567,10.8912,0.675099,4
btc-updown-5m-1790104200,2026-09-22 19:10:00+00:00,1790104200,5m,11.6292,11.308,11.4026,0.602183,4
btc-updown-15m-1790104500,2026-09-22 19:15:00+00:00,1790104500,15m,14.6255,14.0905,17.8017,0.43254,3
btc-updown-5m-1790104500,2026-09-22 19:15:00+00:00,1790104500,5m,10.9245,10.6511,10.9013,0.55754,3
btc-updown-5m-1790104800,2026-09-22 19:20:00+00:00,1790104800,5m,10.8859,10.6446,10.8553,0.555556,3
btc-updown-5m-1790105100,2026-09-22 19:25:00+00:00,1790105100,5m,10.4407,10.2304,10.0438,0.525298,3
btc-updown-15m-1790105400,2026-09-22 19:30:00+00:00,1790105400,15m,14.298,13.8116,16.7702,0.414683,3
btc-updown-5m-1790105400,2026-09-22 19:30:00+00:00,1790105400,5m,10.8502,10.5933,10.2696,0.552083,3
btc-updown-5m-1790105700,2026-09-22 19:35:00+00:00,1790105700,5m,11.9272,11.7254,10.7379,0.626488,4
btc-updown-5m-1790106000,2026-09-22 19:40:00+00:00,1790106000,5m,13.749,13.4069,12.5529,0.71131,4
btc-updown-15m-1790106300,2026-09-22 19:45:00+00:00,1790106300,15m,15.7522,15.25,21.0448,0.481647,3
btc-updown-5m-1790106300,2026-09-22 19:45:00+00:00,1790106300,5m,11.6667,11.4013,12.8872,0.604663,4
btc-updown-5m-1790106600,2026-09-22 19:50:00+00:00,1790106600,5m,11.7315,11.2996,12.2075,0.612103,4
btc-updown-5m-1790106900,2026-09-22 19:55:00+00:00,1790106900,5m,13.4184,13.0736,12.1353,0.704365,4
btc-updown-15m-1790107200,2026-09-22 20:00:00+00:00,1790107200,15m,17.8299,17.333,18.8864,0.576389,3
btc-updown-5m-1790107200,2026-09-22 20:00:00+00:00,1790107200,5m,12.4666,12.1852,11.5655,0.660218,4
btc-updown-5m-1790107500,2026-09-22 20:05:00+00:00,1790107500,5m,12.266,12.1412,11.4593,0.649802,4
btc-updown-5m-1790107800,2026-09-22 20:10:00+00:00,1790107800,5m,11.8705,11.6785,11.5984,0.619048,4
btc-updown-15m-1790108100,2026-09-22 20:15:00+00:00,1790108100,15m,16.3798,15.7957,17.9246,0.510417,3
btc-updown-5m-1790108100,2026-09-22 20:15:00+00:00,1790108100,5m,11.1915,10.8542,10.9765,0.577381,3
btc-updown-5m-1790108400,2026-09-22 20:20:00+00:00,1790108400,5m,10.8773,10.5828,10.3675,0.55506,3
btc-updown-5m-1790108700,2026-09-22 20:25:00+00:00,1790108700,5m,9.64595,9.29723,9.51489,0.475198,3
btc-updown-15m-1790109000,2026-09-22 20:30:00+00:00,1790109000,15m,14.7483,14.1038,14.6275,0.437004,3
btc-updown-5m-1790109000,2026-09-22 20:30:00+00:00,1790109000,5m,9.62862,9.34766,8.95746,0.472718,3
btc-updown-5m-1790109300,2026-09-22 20:35:00+00:00,1790109300,5m,10.6807,10.3929,9.7685,0.542163,3
btc-updown-5m-1790109600,2026-09-22 20:40:00+00:00,1790109600,5m,9.79459,9.46626,9.04295,0.484127,3
btc-updown-15m-1790109900,2026-09-22 20:45:00+00:00,1790109900,15m,13.5777,12.9347,13.466,0.383929,2
btc-updown-5m-1790109900,2026-09-22 20:45:00+00:00,1790109900,5m,8.92568,8.57134,8.24622,0.416171,3
btc-updown-5m-1790110200,2026-09-22 20:50:00+00:00,1790110200,5m,9.51763,9.15486,8.1922,0.461806,3
btc-updown-5m-1790110500,2026-09-22 20:55:00+00:00,1790110500,5m,9.1423,8.70455,8.16169,0.433532,3
btc-updown-15m-1790110800,2026-09-22 21:00:00+00:00,1790110800,15m,13.1527,12.4799,12.4035,0.366567,2
btc-updown-5m-1790110800,2026-09-22 21:00:00+00:00,1790110800,5m,8.38344,8.02403,7.59559,0.375992,2
btc-updown-5m-1790111100,2026-09-22 21:05:00+00:00,1790111100,5m,9.22544,8.93746,7.8119,0.437996,3
btc-updown-5m-1790111400,2026-09-22 21:10:00+00:00,1790111400,5m,7.84806,7.61961,7.34135,0.344246,2
btc-updown-15m-1790111700,2026-09-22 21:15:00+00:00,1790111700,15m,12.0055,11.323,12.4683,0.31746,2
btc-updown-5m-1790111700,2026-09-22 21:15:00+00:00,1790111700,5m,7.61265,7.33062,7.63522,0.331349,2
btc-updown-5m-1790112000,2026-09-22 21:20:00+00:00,1790112000,5m,7.07868,6.75546,7.136,0.294643,2
btc-updown-5m-1790112300,2026-09-22 21:25:00+00:00,1790112300,5m,5.9309,5.61337,6.63419,0.230159,2
btc-updown-15m-1790112600,2026-09-22 21:30:00+00:00,1790112600,15m,8.59568,8.1032,10.105,0.18998,1
btc-updown-5m-1790112600,2026-09-22 21:30:00+00:00,1790112600,5m,5.47432,5.22275,6.18803,0.205853,2
btc-updown-5m-1790112900,2026-09-22 21:35:00+00:00,1790112900,5m,5.20673,5.00019,5.88181,0.186012,1
btc-updown-5m-1790113200,2026-09-22 21:40:00+00:00,1790113200,5m,4.61172,4.43497,5.85694,0.141369,1
btc-updown-15m-1790113500,2026-09-22 21:45:00+00:00,1790113500,15m,7.06862,6.73428,9.02657,0.122024,1
btc-updown-5m-1790113500,2026-09-22 21:45:00+00:00,1790113500,5m,4.4959,4.27675,5.52762,0.13244,1
btc-updown-5m-1790113800,2026-09-22 21:50:00+00:00,1790113800,5m,5.34239,5.19236,5.9182,0.197917,1
btc-updown-5m-1790114100,2026-09-22 21:55:00+00:00,1790114100,5m,5.66602,5.5068,5.95964,0.217262,2
btc-updown-15m-1790114400,2026-09-22 22:00:00+00:00,1790114400,15m,8.70287,8.29042,10.2273,0.195933,1
btc-updown-5m-1790114400,2026-09-22 22:00:00+00:00,1790114400,5m,5.94162,5.72463,6.26289,0.232143,2
btc-updown-5m-1790114700,2026-09-22 22:05:00+00:00,1790114700,5m,7.61057,7.30024,8.71424,0.331349,2
btc-updown-5m-1790115000,2026-09-22 22:10:00+00:00,1790115000,5m,8.42215,8.12118,9.68783,0.378968,2
btc-updown-15m-1790115300,2026-09-22 22:15:00+00:00,1790115300,15m,14.1973,13.5119,14.8035,0.41121,3
btc-updown-5m-1790115300,2026-09-22 22:15:00+00:00,1790115300,5m,8.75048,8.39003,9.06528,0.40377,3
btc-updown-5m-1790115600,2026-09-22 22:20:00+00:00,1790115600,5m,8.21684,8.04619,8.95949,0.366071,2
btc-updown-5m-1790115900,2026-09-22 22:25:00+00:00,1790115900,5m,8.53984,8.24985,9.03834,0.386905,2
btc-updown-15m-1790116200,2026-09-22 22:30:00+00:00,1790116200,15m,11.2822,10.8475,13.8939,0.291171,2
btc-updown-5m-1790116200,2026-09-22 22:30:00+00:00,1790116200,5m,7.74008,7.52435,8.50824,0.338294,2
btc-updown-5m-1790116500,2026-09-22 22:35:00+00:00,1790116500,5m,7.64304,7.32998,8.01872,0.332837,2
btc-updown-5m-1790116800,2026-09-22 22:40:00+00:00,1790116800,5m,6.93244,6.644,7.78191,0.289683,2
btc-updown-15m-1790117100,2026-09-22 22:45:00+00:00,1790117100,15m,10.2039,9.83234,12.2709,0.251488,2
btc-updown-5m-1790117100,2026-09-22 22:45:00+00:00,1790117100,5m,6.80528,6.65157,7.51438,0.282242,2
btc-updown-5m-1790117400,2026-09-22 22:50:00+00:00,1790117400,5m,6.86411,6.68796,7.82428,0.285714,2
btc-updown-5m-1790117700,2026-09-22 22:55:00+00:00,1790117700,5m,6.75815,6.56769,7.36279,0.280258,2
btc-updown-15m-1790118000,2026-09-22 23:00:00+00:00,1790118000,15m,9.98579,9.58347,11.4378,0.243056,2
btc-updown-5m-1790118000,2026-09-22 23:00:00+00:00,1790118000,5m,6.74263,6.54808,7.00419,0.279762,2
btc-updown-5m-1790118300,2026-09-22 23:05:00+00:00,1790118300,5m,6.80782,6.62177,6.93241,0.282738,2
btc-updown-5m-1790118600,2026-09-22 23:10:00+00:00,1790118600,5m,13.5476,13.0258,10.5064,0.706845,4
btc-updown-15m-1790118900,2026-09-22 23:15:00+00:00,1790118900,15m,15.3542,14.6975,18.5123,0.467262,3
btc-updown-5m-1790118900,2026-09-22 23:15:00+00:00,1790118900,5m,11.4382,11.0284,11.3364,0.59375,3
btc-updown-5m-1790119200,2026-09-22 23:20:00+00:00,1790119200,5m,10.3641,9.9634,10.6332,0.522321,3
btc-updown-5m-1790119500,2026-09-22 23:25:00+00:00,1790119500,5m,10.2146,10.0272,10.5306,0.513393,3
btc-updown-15m-1790119800,2026-09-22 23:30:00+00:00,1790119800,15m,13.3554,13.241,17.4017,0.374008,2
btc-updown-5m-1790119800,2026-09-22 23:30:00+00:00,1790119800,5m,9.85839,9.66479,10.6563,0.487103,3
btc-updown-5m-1790120100,2026-09-22 23:35:00+00:00,1790120100,5m,9.57511,9.30549,10.8274,0.468254,3
btc-updown-5m-1790120400,2026-09-22 23:40:00+00:00,1790120400,5m,9.02836,8.7089,10.5085,0.425595,3
btc-updown-15m-1790120700,2026-09-22 23:45:00+00:00,1790120700,15m,12.383,11.8261,16.317,0.330357,2
btc-updown-5m-1790120700,2026-09-22 23:45:00+00:00,1790120700,5m,8.0528,7.77315,9.99211,0.356647,2
btc-updown-5m-1790121000,2026-09-22 23:50:00+00:00,1790121000,5m,7.8341,7.62895,9.47687,0.34375,2
btc-updown-5m-1790121300,2026-09-22 23:55:00+00:00,1790121300,5m,7.50046,7.22161,9.27109,0.325397,2
btc-updown-15m-1790121600,2026-09-23 00:00:00+00:00,1790121600,15m,10.0091,9.33995,14.0739,0.244048,2
btc-updown-5m-1790121600,2026-09-23 00:00:00+00:00,1790121600,5m,6.64038,6.25934,8.61846,0.275298,2
btc-updown-5m-1790121900,2026-09-23 00:05:00+00:00,1790121900,5m,8.43026,8.26936,8.89268,0.378968,2
btc-updown-5m-1790122200,2026-09-23 00:10:00+00:00,1790122200,5m,8.42711,8.14484,11.1172,0.378968,2
btc-updown-15m-1790122500,2026-09-23 00:15:00+00:00,1790122500,15m,15.9816,16.0547,18.3318,0.492063,3
btc-updown-5m-1790122500,2026-09-23 00:15:00+00:00,1790122500,5m,11.5306,11.4133,11.2259,0.59871,3
btc-updown-5m-1790122800,2026-09-23 00:20:00+00:00,1790122800,5m,9.42907,9.27297,10.3879,0.457341,3
btc-updown-5m-1790123100,2026-09-23 00:25:00+00:00,1790123100,5m,9.58358,9.08703,11.7111,0.470238,3
btc-updown-15m-1790123400,2026-09-23 00:30:00+00:00,1790123400,15m,15.3451,15.2518,18.8476,0.467262,3
btc-updown-5m-1790123400,2026-09-23 00:30:00+00:00,1790123400,5m,10.7085,10.3434,11.5417,0.542163,3
btc-updown-5m-1790123700,2026-09-23 00:35:00+00:00,1790123700,5m,10.557,10.1789,11.4928,0.53373,3
btc-updown-5m-1790124000,2026-09-23 00:40:00+00:00,1790124000,5m,9.93276,9.3719,11.2388,0.493552,3
btc-updown-15m-1790124300,2026-09-23 00:45:00+00:00,1790124300,15m,15.3727,15.3518,20.7528,0.467262,3
btc-updown-5m-1790124300,2026-09-23 00:45:00+00:00,1790124300,5m,11.5302,11.3203,12.7085,0.59871,3
btc-updown-5m-1790124600,2026-09-23 00:50:00+00:00,1790124600,5m,10.0602,9.6931,11.6888,0.503472,3
btc-updown-5m-1790124900,2026-09-23 00:55:00+00:00,1790124900,5m,8.71561,8.24362,10.6617,0.401786,3
btc-updown-15m-1790125200,2026-09-23 01:00:00+00:00,1790125200,15m,12.5238,11.7535,15.9507,0.33631,2
btc-updown-5m-1790125200,2026-09-23 01:00:00+00:00,1790125200,5m,8.16501,7.52151,9.76774,0.362599,2
btc-updown-5m-1790125500,2026-09-23 01:05:00+00:00,1790125500,5m,10.003,9.63351,11.7159,0.500496,3
btc-updown-5m-1790125800,2026-09-23 01:10:00+00:00,1790125800,5m,10.2043,9.83611,11.5741,0.512897,3
btc-updown-15m-1790126100,2026-09-23 01:15:00+00:00,1790126100,15m,18.3622,17.5968,21.7211,0.593254,3
btc-updown-5m-1790126100,2026-09-23 01:15:00+00:00,1790126100,5m,12.7569,12.3529,13.3014,0.674603,4
btc-updown-5m-1790126400,2026-09-23 01:20:00+00:00,1790126400,5m,10.1998,9.85972,12.4257,0.512897,3
btc-updown-5m-1790126700,2026-09-23 01:25:00+00:00,1790126700,5m,9.45098,9.15972,12.0812,0.457837,3
btc-updown-15m-1790127000,2026-09-23 01:30:00+00:00,1790127000,15m,13.7542,12.9578,18.316,0.390873,2
btc-updown-5m-1790127000,2026-09-23 01:30:00+00:00,1790127000,5m,8.94517,8.54117,11.2162,0.417163,3
btc-updown-5m-1790127300,2026-09-23 01:35:00+00:00,1790127300,5m,8.5432,8.15335,10.487,0.387897,2
btc-updown-5m-1790127600,2026-09-23 01:40:00+00:00,1790127600,5m,10.8069,10.526,11.791,0.550595,3
btc-updown-15m-1790127900,2026-09-23 01:45:00+00:00,1790127900,15m,17.3524,17.2942,19.5614,0.557044,3
btc-updown-5m-1790127900,2026-09-23 01:45:00+00:00,1790127900,5m,11.2822,10.956,11.9789,0.584821,3
btc-updown-5m-1790128200,2026-09-23 01:50:00+00:00,1790128200,5m,10.0317,9.81106,11.0865,0.501984,3
btc-updown-5m-1790128500,2026-09-23 01:55:00+00:00,1790128500,5m,8.98089,8.74252,10.5872,0.420635,3
btc-updown-15m-1790128800,2026-09-23 02:00:00+00:00,1790128800,15m,16.0083,16.3259,16.7141,0.493552,3
btc-updown-5m-1790128800,2026-09-23 02:00:00+00:00,1790128800,5m,10.5992,10.4646,10.2352,0.537202,3
btc-updown-5m-1790129100,2026-09-23 02:05:00+00:00,1790129100,5m,9.86621,9.78096,10.0417,0.488095,3
btc-updown-5m-1790129400,2026-09-23 02:10:00+00:00,1790129400,5m,10.4938,10.3834,11.2784,0.528274,3
btc-updown-15m-1790129700,2026-09-23 02:15:00+00:00,1790129700,15m,14.3519,14.1728,17.5258,0.417659,3
btc-updown-5m-1790129700,2026-09-23 02:15:00+00:00,1790129700,5m,9.34965,9.08139,10.7323,0.449405,3
btc-updown-5m-1790130000,2026-09-23 02:20:00+00:00,1790130000,5m,9.09469,8.80659,9.92765,0.429563,3
btc-updown-5m-1790130300,2026-09-23 02:25:00+00:00,1790130300,5m,10.9857,10.6112,11.1157,0.561508,3
btc-updown-15m-1790130600,2026-09-23 02:30:00+00:00,1790130600,15m,16.15,15.838,16.4626,0.500496,3
btc-updown-5m-1790130600,2026-09-23 02:30:00+00:00,1790130600,5m,9.31194,8.87762,10.0813,0.445437,3
btc-updown-5m-1790130900,2026-09-23 02:35:00+00:00,1790130900,5m,9.8544,9.65915,9.74347,0.487103,3
btc-updown-5m-1790131200,2026-09-23 02:40:00+00:00,1790131200,5m,9.25046,8.73809,8.93885,0.440476,3
btc-updown-15m-1790131500,2026-09-23 02:45:00+00:00,1790131500,15m,16.0763,16.3338,13.5319,0.498016,3
btc-updown-5m-1790131500,2026-09-23 02:45:00+00:00,1790131500,5m,9.37236,8.99589,8.28659,0.449901,3
btc-updown-5m-1790131800,2026-09-23 02:50:00+00:00,1790131800,5m,8.80019,8.60092,8.20602,0.40873,3
btc-updown-5m-1790132100,2026-09-23 02:55:00+00:00,1790132100,5m,7.15202,6.85484,7.59149,0.301091,2
btc-updown-15m-1790132400,2026-09-23 03:00:00+00:00,1790132400,15m,12.587,11.9622,11.8495,0.337302,2
btc-updown-5m-1790132400,2026-09-23 03:00:00+00:00,1790132400,5m,7.29032,6.95124,7.25629,0.308532,2
btc-updown-5m-1790132700,2026-09-23 03:05:00+00:00,1790132700,5m,8.16749,7.85934,7.28409,0.362599,2
btc-updown-5m-1790133000,2026-09-23 03:10:00+00:00,1790133000,5m,7.37538,7.05427,6.75782,0.31498,2
btc-updown-15m-1790133300,2026-09-23 03:15:00+00:00,1790133300,15m,11.8024,11.2128,10.6793,0.311012,2
btc-updown-5m-1790133300,2026-09-23 03:15:00+00:00,1790133300,5m,7.23037,6.90144,6.53968,0.30506,2
btc-updown-5m-1790133600,2026-09-23 03:20:00+00:00,1790133600,5m,7.29635,6.89096,6.36907,0.308532,2
btc-updown-5m-1790133900,2026-09-23 03:25:00+00:00,1790133900,5m,13.276,12.6499,8.24017,0.697421,4
btc-updown-15m-1790134200,2026-09-23 03:30:00+00:00,1790134200,15m,15.4001,14.8161,13.3703,0.467758,3
btc-updown-5m-1790134200,2026-09-23 03:30:00+00:00,1790134200,5m,9.10728,8.60442,8.18759,0.43006,3
btc-updown-5m-1790134500,2026-09-23 03:35:00+00:00,1790134500,5m,8.8105,8.39468,7.84702,0.409226,3
btc-updown-5m-1790134800,2026-09-23 03:40:00+00:00,1790134800,5m,9.38046,9.0105,7.91749,0.450397,3
btc-updown-15m-1790135100,2026-09-23 03:45:00+00:00,1790135100,15m,22.4461,21.5204,19.0314,0.717262,4
btc-updown-5m-1790135100,2026-09-23 03:45:00+00:00,1790135100,5m,13.7812,13.1601,11.6543,0.714782,4
btc-updown-5m-1790135400,2026-09-23 03:50:00+00:00,1790135400,5m,12.115,11.5313,11.9,0.640873,4
btc-updown-5m-1790135700,2026-09-23 03:55:00+00:00,1790135700,5m,9.19044,8.65582,10.9193,0.435516,3
btc-updown-15m-1790136000,2026-09-23 04:00:00+00:00,1790136000,15m,14.5327,13.7177,16.2555,0.425595,3
btc-updown-5m-1790136000,2026-09-23 04:00:00+00:00,1790136000,5m,8.29115,7.7826,9.95439,0.370536,2
btc-updown-5m-1790136300,2026-09-23 04:05:00+00:00,1790136300,5m,7.69595,7.29169,9.26804,0.335317,2
btc-updown-5m-1790136600,2026-09-23 04:10:00+00:00,1790136600,5m,9.59955,9.1026,8.87325,0.471726,3
btc-updown-15m-1790136900,2026-09-23 04:15:00+00:00,1790136900,15m,17.1331,16.2828,15.151,0.545139,3
btc-updown-5m-1790136900,2026-09-23 04:15:00+00:00,1790136900,5m,9.44976,9.05123,9.27805,0.457837,3
btc-updown-5m-1790137200,2026-09-23 04:20:00+00:00,1790137200,5m,10.6899,10.3916,10.6876,0.542163,3
btc-updown-5m-1790137500,2026-09-23 04:25:00+00:00,1790137500,5m,18.0954,17.5917,14.4368,0.855159,5
btc-updown-15m-1790137800,2026-09-23 04:30:00+00:00,1790137800,15m,26.8662,26.1578,26.1874,0.816468,5
btc-updown-5m-1790137800,2026-09-23 04:30:00+00:00,1790137800,5m,17.8977,17.4267,16.0365,0.853671,5
btc-updown-5m-1790138100,2026-09-23 04:35:00+00:00,1790138100,5m,18.4024,17.5912,16.7658,0.861607,5
btc-updown-5m-1790138400,2026-09-23 04:40:00+00:00,1790138400,5m,16.1022,15.496,15.5786,0.808036,5
btc-updown-15m-1790138700,2026-09-23 04:45:00+00:00,1790138700,15m,25.4584,24.1965,23.8096,0.787698,4
btc-updown-5m-1790138700,2026-09-23 04:45:00+00:00,1790138700,5m,14.3842,13.747,14.5804,0.741567,4
btc-updown-5m-1790139000,2026-09-23 04:50:00+00:00,1790139000,5m,13.8786,13.2464,13.5234,0.719742,4
btc-updown-5m-1790139300,2026-09-23 04:55:00+00:00,1790139300,5m,11.035,10.3173,12.4916,0.564484,3
btc-updown-15m-1790139600,2026-09-23 05:00:00+00:00,1790139600,15m,19.7112,18.3093,19.4121,0.635913,4
btc-updown-5m-1790139600,2026-09-23 05:00:00+00:00,1790139600,5m,10.7546,10.0299,11.8874,0.545139,3
btc-updown-5m-1790139900,2026-09-23 05:05:00+00:00,1790139900,5m,14.1164,13.8436,12.7303,0.728671,4
btc-updown-5m-1790140200,2026-09-23 05:10:00+00:00,1790140200,5m,13.1917,13.0414,12.6977,0.693948,4
btc-updown-15m-1790140500,2026-09-23 05:15:00+00:00,1790140500,15m,21.6964,21.3174,19.9205,0.696429,4
btc-updown-5m-1790140500,2026-09-23 05:15:00+00:00,1790140500,5m,12.835,12.6792,12.1988,0.678571,4
btc-updown-5m-1790140800,2026-09-23 05:20:00+00:00,1790140800,5m,12.1366,11.9586,11.6286,0.642361,4
btc-updown-5m-1790141100,2026-09-23 05:25:00+00:00,1790141100,5m,11.867,11.7384,11.5603,0.619048,4
btc-updown-15m-1790141400,2026-09-23 05:30:00+00:00,1790141400,15m,19.1652,18.5913,18.1538,0.619544,4
btc-updown-5m-1790141400,2026-09-23 05:30:00+00:00,1790141400,5m,10.8007,10.5616,11.1169,0.550099,3
btc-updown-5m-1790141700,2026-09-23 05:35:00+00:00,1790141700,5m,10.2075,9.88335,10.2722,0.513393,3
btc-updown-5m-1790142000,2026-09-23 05:40:00+00:00,1790142000,5m,10.0696,9.79853,10.1074,0.504464,3
btc-updown-15m-1790142300,2026-09-23 05:45:00+00:00,1790142300,15m,17.7644,17.1757,17.6331,0.570933,3
btc-updown-5m-1790142300,2026-09-23 05:45:00+00:00,1790142300,5m,10.7573,10.5938,10.798,0.545139,3
btc-updown-5m-1790142600,2026-09-23 05:50:00+00:00,1790142600,5m,9.72004,9.44693,9.92597,0.480655,3
btc-updown-5m-1790142900,2026-09-23 05:55:00+00:00,1790142900,5m,12.1223,11.9406,13.588,0.641369,4
btc-updown-15m-1790143200,2026-09-23 06:00:00+00:00,1790143200,15m,18.8921,18.2842,20.6378,0.611111,4
btc-updown-5m-1790143200,2026-09-23 06:00:00+00:00,1790143200,5m,10.6144,10.3382,12.638,0.538194,3
btc-updown-5m-1790143500,2026-09-23 06:05:00+00:00,1790143500,5m,11.5109,11.2907,12.0085,0.597718,3
btc-updown-5m-1790143800,2026-09-23 06:10:00+00:00,1790143800,5m,10.5,10.1459,11.7223,0.528274,3
btc-updown-15m-1790144100,2026-09-23 06:15:00+00:00,1790144100,15m,18.5718,17.8928,17.7615,0.599702,3
btc-updown-5m-1790144100,2026-09-23 06:15:00+00:00,1790144100,5m,10.3515,9.99549,10.8767,0.521825,3
btc-updown-5m-1790144400,2026-09-23 06:20:00+00:00,1790144400,5m,9.72623,9.48118,10.1502,0.480655,3
btc-updown-5m-1790144700,2026-09-23 06:25:00+00:00,1790144700,5m,9.13116,8.81065,9.43576,0.433036,3
btc-updown-15m-1790145000,2026-09-23 06:30:00+00:00,1790145000,15m,15.7029,14.9991,14.3532,0.479167,3
btc-updown-5m-1790145000,2026-09-23 06:30:00+00:00,1790145000,5m,7.89987,7.57671,8.78952,0.347718,2
btc-updown-5m-1790145300,2026-09-23 06:35:00+00:00,1790145300,5m,8.85553,8.53303,8.75093,0.412698,3
btc-updown-5m-1790145600,2026-09-23 06:40:00+00:00,1790145600,5m,9.36945,9.03175,8.32306,0.449901,3
btc-updown-15m-1790145900,2026-09-23 06:45:00+00:00,1790145900,15m,16.6133,15.8515,12.9048,0.523313,3
btc-updown-5m-1790145900,2026-09-23 06:45:00+00:00,1790145900,5m,9.14441,8.83213,7.90255,0.433532,3
btc-updown-5m-1790146200,2026-09-23 06:50:00+00:00,1790146200,5m,8.2377,8.02127,7.542,0.368056,2
btc-updown-5m-1790146500,2026-09-23 06:55:00+00:00,1790146500,5m,8.39833,8.12511,7.37832,0.37748,2
btc-updown-15m-1790146800,2026-09-23 07:00:00+00:00,1790146800,15m,15.2037,14.4169,11.8652,0.46131,3
btc-updown-5m-1790146800,2026-09-23 07:00:00+00:00,1790146800,5m,8.54837,8.21806,7.26595,0.387897,2
btc-updown-5m-1790147100,2026-09-23 07:05:00+00:00,1790147100,5m,10.7236,10.348,9.23365,0.544147,3
btc-updown-5m-1790147400,2026-09-23 07:10:00+00:00,1790147400,5m,11.799,11.4886,10.6542,0.615079,4
btc-updown-15m-1790147700,2026-09-23 07:15:00+00:00,1790147700,15m,17.2023,16.4383,17.3221,0.549603,3
btc-updown-5m-1790147700,2026-09-23 07:15:00+00:00,1790147700,5m,10.1335,9.80421,10.6076,0.509425,3
btc-updown-5m-1790148000,2026-09-23 07:20:00+00:00,1790148000,5m,9.28136,8.97407,10.0607,0.44246,3
btc-updown-5m-1790148300,2026-09-23 07:25:00+00:00,1790148300,5m,9.60158,9.47323,10.3571,0.471726,3
btc-updown-15m-1790148600,2026-09-23 07:30:00+00:00,1790148600,15m,16.6739,16.0038,16.1578,0.527282,3
btc-updown-5m-1790148600,2026-09-23 07:30:00+00:00,1790148600,5m,9.91661,9.67902,9.89459,0.492063,3
btc-updown-5m-1790148900,2026-09-23 07:35:00+00:00,1790148900,5m,9.46167,9.31436,9.65399,0.459325,3
btc-updown-5m-1790149200,2026-09-23 07:40:00+00:00,1790149200,5m,10.0247,9.85843,10.9056,0.500496,3
btc-updown-15m-1790149500,2026-09-23 07:45:00+00:00,1790149500,15m,17.2066,16.7928,17.326,0.549603,3
btc-updown-5m-1790149500,2026-09-23 07:45:00+00:00,1790149500,5m,9.42511,9.27544,10.6099,0.457341,3
btc-updown-5m-1790149800,2026-09-23 07:50:00+00:00,1790149800,5m,10.6827,10.4505,13.2227,0.542163,3
btc-updown-5m-1790150100,2026-09-23 07:55:00+00:00,1790150100,5m,10.8742,10.6898,12.6533,0.554563,3
btc-updown-15m-1790150400,2026-09-23 08:00:00+00:00,1790150400,15m,17.3378,16.7188,19.1377,0.556548,3
btc-updown-5m-1790150400,2026-09-23 08:00:00+00:00,1790150400,5m,10.2722,9.98203,11.7194,0.518353,3
btc-updown-5m-1790150700,2026-09-23 08:05:00+00:00,1790150700,5m,10.0899,9.93434,12.3215,0.506448,3
btc-updown-5m-1790151000,2026-09-23 08:10:00+00:00,1790151000,5m,10.015,9.87809,11.8425,0.500496,3
btc-updown-15m-1790151300,2026-09-23 08:15:00+00:00,1790151300,15m,16.7232,16.3508,17.6409,0.528274,3
btc-updown-5m-1790151300,2026-09-23 08:15:00+00:00,1790151300,5m,9.69466,9.52492,10.8028,0.478671,3
btc-updown-5m-1790151600,2026-09-23 08:20:00+00:00,1790151600,5m,9.17485,8.96765,10.5599,0.434028,3
btc-updown-5m-1790151900,2026-09-23 08:25:00+00:00,1790151900,5m,8.66242,8.41524,9.70292,0.396329,2
btc-updown-15m-1790152200,2026-09-23 08:30:00+00:00,1790152200,15m,16.067,15.7478,15.7662,0.496528,3
btc-updown-5m-1790152200,2026-09-23 08:30:00+00:00,1790152200,5m,9.21311,9.14311,9.65476,0.436012,3
btc-updown-5m-1790152500,2026-09-23 08:35:00+00:00,1790152500,5m,8.70763,8.46412,9.15873,0.401786,3
btc-updown-5m-1790152800,2026-09-23 08:40:00+00:00,1790152800,5m,8.97662,8.68832,8.88149,0.420635,3
btc-updown-15m-1790153100,2026-09-23 08:45:00+00:00,1790153100,15m,15.6094,15.013,14.9254,0.47619,3
btc-updown-5m-1790153100,2026-09-23 08:45:00+00:00,1790153100,5m,9.16369,8.94392,9.13992,0.434028,3
btc-updown-5m-1790153400,2026-09-23 08:50:00+00:00,1790153400,5m,10.379,10.0075,10.806,0.52381,3
btc-updown-5m-1790153700,2026-09-23 08:55:00+00:00,1790153700,5m,12.7536,12.1963,14.2339,0.674603,4
btc-updown-15m-1790154000,2026-09-23 09:00:00+00:00,1790154000,15m,20.8654,20.1612,23.031,0.673611,4
btc-updown-5m-1790154000,2026-09-23 09:00:00+00:00,1790154000,5m,12.4039,12.0055,14.1036,0.655754,4
btc-updown-5m-1790154300,2026-09-23 09:05:00+00:00,1790154300,5m,11.4162,10.9372,12.9409,0.59127,3
btc-updown-5m-1790154600,2026-09-23 09:10:00+00:00,1790154600,5m,10.7931,10.3815,12.1185,0.550099,3
btc-updown-15m-1790154900,2026-09-23 09:15:00+00:00,1790154900,15m,18.3317,17.4403,18.9224,0.592758,3
btc-updown-5m-1790154900,2026-09-23 09:15:00+00:00,1790154900,5m,10.9109,10.4515,11.5876,0.557044,3
btc-updown-5m-1790155200,2026-09-23 09:20:00+00:00,1790155200,5m,9.68306,9.32337,10.62,0.477183,3
btc-updown-5m-1790155500,2026-09-23 09:25:00+00:00,1790155500,5m,9.13451,8.8196,9.91434,0.433036,3
btc-updown-15m-1790155800,2026-09-23 09:30:00+00:00,1790155800,15m,17.9976,17.2786,16.4003,0.582341,3
btc-updown-5m-1790155800,2026-09-23 09:30:00+00:00,1790155800,5m,10.5634,10.1986,10.0431,0.534226,3
btc-updown-5m-1790156100,2026-09-23 09:35:00+00:00,1790156100,5m,9.49,9.16016,9.72315,0.460813,3
btc-updown-5m-1790156400,2026-09-23 09:40:00+00:00,1790156400,5m,8.92887,8.65118,9.15502,0.416171,3
btc-updown-15m-1790156700,2026-09-23 09:45:00+00:00,1790156700,15m,15.2629,14.4126,13.8835,0.46379,3
btc-updown-5m-1790156700,2026-09-23 09:45:00+00:00,1790156700,5m,8.06597,7.66554,8.50185,0.357143,2
btc-updown-5m-1790157000,2026-09-23 09:50:00+00:00,1790157000,5m,7.91423,7.58125,8.15899,0.348214,2
btc-updown-5m-1790157300,2026-09-23 09:55:00+00:00,1790157300,5m,8.83072,8.46039,8.37566,0.410218,3
btc-updown-15m-1790157600,2026-09-23 10:00:00+00:00,1790157600,15m,16.6764,15.8346,15.2101,0.527282,3
btc-updown-5m-1790157600,2026-09-23 10:00:00+00:00,1790157600,5m,9.74861,9.41614,9.31422,0.481151,3
btc-updown-5m-1790157900,2026-09-23 10:05:00+00:00,1790157900,5m,9.45389,9.14394,9.60755,0.457837,3
btc-updown-5m-1790158200,2026-09-23 10:10:00+00:00,1790158200,5m,8.57145,8.27293,8.94628,0.390377,2
btc-updown-15m-1790158500,2026-09-23 10:15:00+00:00,1790158500,15m,14.201,13.3296,14.2083,0.41121,3
btc-updown-5m-1790158500,2026-09-23 10:15:00+00:00,1790158500,5m,8.39047,8.0203,8.70077,0.376488,2
btc-updown-5m-1790158800,2026-09-23 10:20:00+00:00,1790158800,5m,7.88331,7.5616,8.30714,0.346726,2
btc-updown-5m-1790159100,2026-09-23 10:25:00+00:00,1790159100,5m,9.42157,9.14305,8.55097,0.456845,3
btc-updown-15m-1790159400,2026-09-23 10:30:00+00:00,1790159400,15m,15.153,14.4522,14.5274,0.460813,3
btc-updown-5m-1790159400,2026-09-23 10:30:00+00:00,1790159400,5m,9.46297,9.14283,8.89616,0.459325,3
btc-updown-5m-1790159700,2026-09-23 10:35:00+00:00,1790159700,5m,8.71431,8.25633,8.74741,0.401786,3
btc-updown-5m-1790160000,2026-09-23 10:40:00+00:00,1790160000,5m,9.20033,8.94321,9.6833,0.435516,3
btc-updown-15m-1790160300,2026-09-23 10:45:00+00:00,1790160300,15m,12.3611,11.7249,15.0274,0.328869,2
btc-updown-5m-1790160300,2026-09-23 10:45:00+00:00,1790160300,5m,8.05492,7.71624,9.20234,0.356647,2
btc-updown-5m-1790160600,2026-09-23 10:50:00+00:00,1790160600,5m,7.49779,7.11062,8.46516,0.325397,2
btc-updown-5m-1790160900,2026-09-23 10:55:00+00:00,1790160900,5m,6.47711,5.91299,7.73416,0.264385,2
btc-updown-15m-1790161200,2026-09-23 11:00:00+00:00,1790161200,15m,13.0616,12.3666,12.3624,0.362599,2
btc-updown-5m-1790161200,2026-09-23 11:00:00+00:00,1790161200,5m,8.12385,7.75176,7.57038,0.360119,2
btc-updown-5m-1790161500,2026-09-23 11:05:00+00:00,1790161500,5m,8.16649,7.75828,8.08479,0.362599,2
btc-updown-5m-1790161800,2026-09-23 11:10:00+00:00,1790161800,5m,7.70924,7.27495,8.02799,0.335813,2
btc-updown-15m-1790162100,2026-09-23 11:15:00+00:00,1790162100,15m,12.8467,11.9926,15.5331,0.347718,2
btc-updown-5m-1790162100,2026-09-23 11:15:00+00:00,1790162100,5m,8.35022,7.82458,9.51203,0.374008,2
btc-updown-5m-1790162400,2026-09-23 11:20:00+00:00,1790162400,5m,8.30189,8.00743,8.82279,0.370536,2
btc-updown-5m-1790162700,2026-09-23 11:25:00+00:00,1790162700,5m,8.73527,8.38979,9.08507,0.402778,3
btc-updown-15m-1790163000,2026-09-23 11:30:00+00:00,1790163000,15m,14.6494,14.066,14.1984,0.433532,3
btc-updown-5m-1790163000,2026-09-23 11:30:00+00:00,1790163000,5m,8.43099,8.07915,8.69472,0.378968,2
btc-updown-5m-1790163300,2026-09-23 11:35:00+00:00,1790163300,5m,9.00587,8.71677,8.88978,0.422619,3
btc-updown-5m-1790163600,2026-09-23 11:40:00+00:00,1790163600,5m,8.36199,8.02794,8.26745,0.374504,2
btc-updown-15m-1790163900,2026-09-23 11:45:00+00:00,1790163900,15m,13.1759,12.6461,12.9432,0.367063,2
btc-updown-5m-1790163900,2026-09-23 11:45:00+00:00,1790163900,5m,8.38871,8.13035,7.92609,0.376488,2
btc-updown-5m-1790164200,2026-09-23 11:50:00+00:00,1790164200,5m,8.72376,8.56594,8.24397,0.402282,3
btc-updown-5m-1790164500,2026-09-23 11:55:00+00:00,1790164500,5m,7.94501,7.57652,7.65369,0.349702,2
btc-updown-15m-1790164800,2026-09-23 12:00:00+00:00,1790164800,15m,13.0988,12.5302,11.4131,0.363095,2
btc-updown-5m-1790164800,2026-09-23 12:00:00+00:00,1790164800,5m,6.81283,6.25595,6.98904,0.283234,2
btc-updown-5m-1790165100,2026-09-23 12:05:00+00:00,1790165100,5m,11.2167,10.9643,9.0364,0.578869,3
btc-updown-5m-1790165400,2026-09-23 12:10:00+00:00,1790165400,5m,9.66322,9.33854,9.27744,0.476687,3
btc-updown-15m-1790165700,2026-09-23 12:15:00+00:00,1790165700,15m,13.7645,13.3417,14.73,0.390873,2
btc-updown-5m-1790165700,2026-09-23 12:15:00+00:00,1790165700,5m,9.52667,9.24638,9.02027,0.462302,3
btc-updown-5m-1790166000,2026-09-23 12:20:00+00:00,1790166000,5m,11.8539,11.5478,10.302,0.618552,4
btc-updown-5m-1790166300,2026-09-23 12:25:00+00:00,1790166300,5m,8.72101,8.45309,11.0098,0.402282,3
btc-updown-15m-1790166600,2026-09-23 12:30:00+00:00,1790166600,15m,12.1991,11.8,17.3309,0.321925,2
btc-updown-5m-1790166600,2026-09-23 12:30:00+00:00,1790166600,5m,8.52443,8.27855,10.6129,0.386409,2
btc-updown-5m-1790166900,2026-09-23 12:35:00+00:00,1790166900,5m,9.37727,9.09231,10.5476,0.450397,3
btc-updown-5m-1790167200,2026-09-23 12:40:00+00:00,1790167200,5m,8.35848,8.17559,9.7734,0.374504,2
btc-updown-15m-1790167500,2026-09-23 12:45:00+00:00,1790167500,15m,11.3402,10.8906,14.5267,0.293651,2
btc-updown-5m-1790167500,2026-09-23 12:45:00+00:00,1790167500,5m,7.33034,7.03457,8.89575,0.312004,2
btc-updown-5m-1790167800,2026-09-23 12:50:00+00:00,1790167800,5m,8.44856,8.24684,8.67175,0.379464,2
btc-updown-5m-1790168100,2026-09-23 12:55:00+00:00,1790168100,5m,8.67945,8.38422,9.37094,0.397817,2
btc-updown-15m-1790168400,2026-09-23 13:00:00+00:00,1790168400,15m,11.147,10.7272,13.9092,0.285714,2
btc-updown-5m-1790168400,2026-09-23 13:00:00+00:00,1790168400,5m,7.83438,7.50212,8.51764,0.34375,2
btc-updown-5m-1790168700,2026-09-23 13:05:00+00:00,1790168700,5m,8.29115,7.99886,8.49589,0.370536,2
btc-updown-5m-1790169000,2026-09-23 13:10:00+00:00,1790169000,5m,8.63864,8.41808,8.40871,0.394841,2
btc-updown-15m-1790169300,2026-09-23 13:15:00+00:00,1790169300,15m,10.5748,10.2518,13.5976,0.262897,2
btc-updown-5m-1790169300,2026-09-23 13:15:00+00:00,1790169300,5m,7.99618,7.8158,8.32679,0.354167,2
btc-updown-5m-1790169600,2026-09-23 13:20:00+00:00,1790169600,5m,8.34519,8.1791,9.57494,0.373512,2
btc-updown-5m-1790169900,2026-09-23 13:25:00+00:00,1790169900,5m,8.42961,8.20745,9.50588,0.378968,2
btc-updown-15m-1790170200,2026-09-23 13:30:00+00:00,1790170200,15m,11.745,11.4716,15.006,0.307044,2
btc-updown-5m-1790170200,2026-09-23 13:30:00+00:00,1790170200,5m,8.31242,8.15849,9.18926,0.371528,2
btc-updown-5m-1790170500,2026-09-23 13:35:00+00:00,1790170500,5m,10.5369,10.0602,10.4996,0.529762,3
btc-updown-5m-1790170800,2026-09-23 13:40:00+00:00,1790170800,5m,15.9229,15.2685,14.7774,0.800595,5
btc-updown-15m-1790171100,2026-09-23 13:45:00+00:00,1790171100,15m,23.6719,22.3053,25.6656,0.74504,4
btc-updown-5m-1790171100,2026-09-23 13:45:00+00:00,1790171100,5m,15.7513,14.7794,15.7169,0.795139,4
btc-updown-5m-1790171400,2026-09-23 13:50:00+00:00,1790171400,5m,15.0856,14.4557,16.2321,0.771825,4
btc-updown-5m-1790171700,2026-09-23 13:55:00+00:00,1790171700,5m,13.3976,12.6453,15.662,0.703869,4
btc-updown-15m-1790172000,2026-09-23 14:00:00+00:00,1790172000,15m,19.3549,18.2706,25.3511,0.625992,4
btc-updown-5m-1790172000,2026-09-23 14:00:00+00:00,1790172000,5m,13.7735,13.0782,15.5243,0.713294,4
btc-updown-5m-1790172300,2026-09-23 14:05:00+00:00,1790172300,5m,14.0597,13.5563,16.843,0.725198,4
btc-updown-5m-1790172600,2026-09-23 14:10:00+00:00,1790172600,5m,21.2122,20.4265,18.1644,0.902282,5
btc-updown-15m-1790172900,2026-09-23 14:15:00+00:00,1790172900,15m,81.2645,74.4146,41.3512,0.995536,5
btc-updown-5m-1790172900,2026-09-23 14:15:00+00:00,1790172900,5m,53.6505,50.5455,25.3223,0.996528,5
btc-updown-5m-1790173200,2026-09-23 14:20:00+00:00,1790173200,5m,52.6102,50.6381,27.5029,0.996528,5
btc-updown-5m-1790173500,2026-09-23 14:25:00+00:00,1790173500,5m,63.7388,61.1784,30.1154,0.99752,5
btc-updown-15m-1790173800,2026-09-23 14:30:00+00:00,1790173800,15m,103.338,99.5191,47.7869,0.99752,5
btc-updown-5m-1790173800,2026-09-23 14:30:00+00:00,1790173800,5m,50.3132,47.948,29.2634,0.99504,5
btc-updown-5m-1790174100,2026-09-23 14:35:00+00:00,1790174100,5m,40.0368,37.3259,29.3525,0.992063,5
btc-updown-5m-1790174400,2026-09-23 14:40:00+00:00,1790174400,5m,39.9538,39.5706,30.4682,0.992063,5
btc-updown-15m-1790174700,2026-09-23 14:45:00+00:00,1790174700,15m,62.2797,58.662,46.8609,0.987599,5
btc-updown-5m-1790174700,2026-09-23 14:45:00+00:00,1790174700,5m,33.9162,32.4854,28.6964,0.980655,5
btc-updown-5m-1790175000,2026-09-23 14:50:00+00:00,1790175000,5m,26.8856,25.4069,27.5815,0.953373,5
btc-updown-5m-1790175300,2026-09-23 14:55:00+00:00,1790175300,5m,25.4955,24.312,27.8075,0.943948,5
btc-updown-15m-1790175600,2026-09-23 15:00:00+00:00,1790175600,15m,49.1254,45.6762,43.5214,0.964782,5
btc-updown-5m-1790175600,2026-09-23 15:00:00+00:00,1790175600,5m,26.6062,25.4015,26.6513,0.951885,5
btc-updown-5m-1790175900,2026-09-23 15:05:00+00:00,1790175900,5m,21.8565,21.0359,24.7649,0.913194,5
btc-updown-5m-1790176200,2026-09-23 15:10:00+00:00,1790176200,5m,22.1014,20.9841,23.136,0.915675,5
btc-updown-15m-1790176500,2026-09-23 15:15:00+00:00,1790176500,15m,28.2049,25.6721,35.0872,0.834821,5
btc-updown-5m-1790176500,2026-09-23 15:15:00+00:00,1790176500,5m,15.9355,14.9002,21.4864,0.801587,5
btc-updown-5m-1790176800,2026-09-23 15:20:00+00:00,1790176800,5m,19.8438,19.1257,20.914,0.889385,5
btc-updown-5m-1790177100,2026-09-23 15:25:00+00:00,1790177100,5m,15.2238,14.1788,19.3086,0.777778,4
btc-updown-15m-1790177400,2026-09-23 15:30:00+00:00,1790177400,15m,30.9766,27.4297,31.213,0.873016,5
btc-updown-5m-1790177400,2026-09-23 15:30:00+00:00,1790177400,5m,18.1418,16.7444,19.114,0.857143,5
btc-updown-5m-1790177700,2026-09-23 15:35:00+00:00,1790177700,5m,16.7715,16.0973,17.7261,0.826389,5
btc-updown-5m-1790178000,2026-09-23 15:40:00+00:00,1790178000,5m,17.5246,16.7718,17.5822,0.841766,5
btc-updown-15m-1790178300,2026-09-23 15:45:00+00:00,1790178300,15m,27.2004,25.3583,26.7406,0.822421,5
btc-updown-5m-1790178300,2026-09-23 15:45:00+00:00,1790178300,5m,15.7507,15.0008,16.3752,0.795139,4
btc-updown-5m-1790178600,2026-09-23 15:50:00+00:00,1790178600,5m,14.2508,13.5175,15.3687,0.738591,4
btc-updown-5m-1790178900,2026-09-23 15:55:00+00:00,1790178900,5m,15.4955,14.763,14.6355,0.784226,4
btc-updown-15m-1790179200,2026-09-23 16:00:00+00:00,1790179200,15m,32.3591,29.7837,25.95,0.883929,5
btc-updown-5m-1790179200,2026-09-23 16:00:00+00:00,1790179200,5m,19.6387,18.5351,15.8911,0.886409,5
btc-updown-5m-1790179500,2026-09-23 16:05:00+00:00,1790179500,5m,29.4531,27.7931,24.3726,0.96627,5
btc-updown-5m-1790179800,2026-09-23 16:10:00+00:00,1790179800,5m,20.2851,18.7502,27.2882,0.891369,5
btc-updown-15m-1790180100,2026-09-23 16:15:00+00:00,1790180100,15m,21.7507,18.3492,40.6127,0.697421,4
btc-updown-5m-1790180100,2026-09-23 16:15:00+00:00,1790180100,5m,12.0903,10.5913,24.8701,0.639881,4
btc-updown-5m-1790180400,2026-09-23 16:20:00+00:00,1790180400,5m,11.8385,10.3544,22.9748,0.618056,4
btc-updown-5m-1790180700,2026-09-23 16:25:00+00:00,1790180700,5m,12.4888,11.1227,21.4128,0.660714,4
btc-updown-15m-1790181000,2026-09-23 16:30:00+00:00,1790181000,15m,20.4801,17.8648,31.9347,0.66121,4
btc-updown-5m-1790181000,2026-09-23 16:30:00+00:00,1790181000,5m,11.2186,10.0877,19.5559,0.578869,3
btc-updown-5m-1790181300,2026-09-23 16:35:00+00:00,1790181300,5m,10.8533,9.53872,18.9383,0.552579,3
btc-updown-5m-1790181600,2026-09-23 16:40:00+00:00,1790181600,5m,15.8633,14.5501,18.9788,0.799107,4
btc-updown-15m-1790181900,2026-09-23 16:45:00+00:00,1790181900,15m,23.4201,21.2047,30.7476,0.738591,4
btc-updown-5m-1790181900,2026-09-23 16:45:00+00:00,1790181900,5m,15.4149,14.358,18.829,0.781746,4
btc-updown-5m-1790182200,2026-09-23 16:50:00+00:00,1790182200,5m,18.2315,16.955,17.8406,0.858135,5
btc-updown-5m-1790182500,2026-09-23 16:55:00+00:00,1790182500,5m,14.7008,13.7849,16.3816,0.759425,4
btc-updown-15m-1790182800,2026-09-23 17:00:00+00:00,1790182800,15m,21.6773,20.123,25.1644,0.695933,4
btc-updown-5m-1790182800,2026-09-23 17:00:00+00:00,1790182800,5m,12.9166,12.3603,15.41,0.681052,4
btc-updown-5m-1790183100,2026-09-23 17:05:00+00:00,1790183100,5m,21.2262,19.8258,19.5493,0.902282,5
btc-updown-5m-1790183400,2026-09-23 17:10:00+00:00,1790183400,5m,16.1699,14.9627,18.1153,0.809524,5
btc-updown-15m-1790183700,2026-09-23 17:15:00+00:00,1790183700,15m,28.8852,26.1359,29.1498,0.84375,5
btc-updown-5m-1790183700,2026-09-23 17:15:00+00:00,1790183700,5m,19.0486,17.7522,17.8505,0.875496,5
btc-updown-5m-1790184000,2026-09-23 17:20:00+00:00,1790184000,5m,15.2275,14.0044,17.9068,0.777778,4
btc-updown-5m-1790184300,2026-09-23 17:25:00+00:00,1790184300,5m,16.9993,15.9126,17.3664,0.832341,5
btc-updown-15m-1790184600,2026-09-23 17:30:00+00:00,1790184600,15m,27.1038,25.5999,28.362,0.820933,5
btc-updown-5m-1790184600,2026-09-23 17:30:00+00:00,1790184600,5m,16.6224,16.0072,17.3681,0.822917,5
btc-updown-5m-1790184900,2026-09-23 17:35:00+00:00,1790184900,5m,15.1421,14.3882,16.1307,0.775298,4
btc-updown-5m-1790185200,2026-09-23 17:40:00+00:00,1790185200,5m,12.3842,11.8031,15.0393,0.654266,4
btc-updown-15m-1790185500,2026-09-23 17:45:00+00:00,1790185500,15m,31.1018,29.2363,25.4026,0.873512,5
btc-updown-5m-1790185500,2026-09-23 17:45:00+00:00,1790185500,5m,19.4825,18.714,15.5558,0.883929,5
btc-updown-5m-1790185800,2026-09-23 17:50:00+00:00,1790185800,5m,17.8061,17.1791,14.4595,0.850694,5
btc-updown-5m-1790186100,2026-09-23 17:55:00+00:00,1790186100,5m,16.6798,16.0196,13.4105,0.824405,5
btc-updown-15m-1790186400,2026-09-23 18:00:00+00:00,1790186400,15m,24.3752,23.1484,20.9471,0.75744,4
btc-updown-5m-1790186400,2026-09-23 18:00:00+00:00,1790186400,5m,13.4511,13.0264,12.8274,0.704861,4
btc-updown-5m-1790186700,2026-09-23 18:05:00+00:00,1790186700,5m,15.3852,14.6524,13.0741,0.78125,4
btc-updown-5m-1790187000,2026-09-23 18:10:00+00:00,1790187000,5m,13.5579,12.9379,12.5169,0.706845,4
btc-updown-15m-1790187300,2026-09-23 18:15:00+00:00,1790187300,15m,24.3301,22.7616,20.4072,0.755952,4
btc-updown-5m-1790187300,2026-09-23 18:15:00+00:00,1790187300,5m,13.5929,12.8263,12.4968,0.708333,4
btc-updown-5m-1790187600,2026-09-23 18:20:00+00:00,1790187600,5m,12.5015,11.7629,11.7691,0.660714,4
btc-updown-5m-1790187900,2026-09-23 18:25:00+00:00,1790187900,5m,12.6212,11.8497,12.1674,0.664683,4
btc-updown-15m-1790188200,2026-09-23 18:30:00+00:00,1790188200,15m,20.3919,18.436,18.055,0.657242,4
btc-updown-5m-1790188200,2026-09-23 18:30:00+00:00,1790188200,5m,10.6989,10.0291,11.0564,0.542163,3
btc-updown-5m-1790188500,2026-09-23 18:35:00+00:00,1790188500,5m,10.2628,9.71514,10.3607,0.517857,3
btc-updown-5m-1790188800,2026-09-23 18:40:00+00:00,1790188800,5m,10.0773,8.75442,9.46963,0.505952,3
btc-updown-15m-1790189100,2026-09-23 18:45:00+00:00,1790189100,15m,27.1218,24.9277,14.8587,0.820933,5
btc-updown-5m-1790189100,2026-09-23 18:45:00+00:00,1790189100,5m,12.6716,11.4205,9.09905,0.667659,4
btc-updown-5m-1790189400,2026-09-23 18:50:00+00:00,1790189400,5m,12.8717,11.7804,8.94021,0.679067,4
btc-updown-5m-1790189700,2026-09-23 18:55:00+00:00,1790189700,5m,19.5818,16.9065,9.33121,0.886409,5
btc-updown-15m-1790190000,2026-09-23 19:00:00+00:00,1790190000,15m,33.8855,29.8219,15.2181,0.895337,5
btc-updown-5m-1790190000,2026-09-23 19:00:00+00:00,1790190000,5m,14.5307,12.9662,9.31912,0.753472,4
btc-updown-5m-1790190300,2026-09-23 19:05:00+00:00,1790190300,5m,16.6352,13.8653,8.9625,0.822917,5
btc-updown-5m-1790190600,2026-09-23 19:10:00+00:00,1790190600,5m,19.005,16.4723,9.92683,0.873512,5
btc-updown-15m-1790190900,2026-09-23 19:15:00+00:00,1790190900,15m,35.0793,32.9037,16.263,0.902282,5
btc-updown-5m-1790190900,2026-09-23 19:15:00+00:00,1790190900,5m,16.1897,14.6643,9.95899,0.811508,5
btc-updown-5m-1790191200,2026-09-23 19:20:00+00:00,1790191200,5m,10.153,9.54583,9.1939,0.510913,3
btc-updown-5m-1790191500,2026-09-23 19:25:00+00:00,1790191500,5m,11.0782,10.521,8.91909,0.566468,3
btc-updown-15m-1790191800,2026-09-23 19:30:00+00:00,1790191800,15m,18.0853,16.7076,15.0004,0.586806,3
btc-updown-5m-1790191800,2026-09-23 19:30:00+00:00,1790191800,5m,11.1363,10.4864,9.18583,0.571925,3
btc-updown-5m-1790192100,2026-09-23 19:35:00+00:00,1790192100,5m,10.0735,9.47943,8.60658,0.505952,3
btc-updown-5m-1790192400,2026-09-23 19:40:00+00:00,1790192400,5m,8.67219,8.08894,7.89384,0.397321,2
btc-updown-15m-1790192700,2026-09-23 19:45:00+00:00,1790192700,15m,13.7218,12.5172,12.117,0.388889,2
btc-updown-5m-1790192700,2026-09-23 19:45:00+00:00,1790192700,5m,7.89356,7.31276,7.4201,0.347718,2
btc-updown-5m-1790193000,2026-09-23 19:50:00+00:00,1790193000,5m,8.79009,8.18147,7.61779,0.407738,3
btc-updown-5m-1790193300,2026-09-23 19:55:00+00:00,1790193300,5m,8.3043,7.75338,8.22209,0.371528,2
btc-updown-15m-1790193600,2026-09-23 20:00:00+00:00,1790193600,15m,13.1657,12.0965,12.3984,0.367063,2
btc-updown-5m-1790193600,2026-09-23 20:00:00+00:00,1790193600,5m,7.70855,7.20369,7.59243,0.335813,2
btc-updown-5m-1790193900,2026-09-23 20:05:00+00:00,1790193900,5m,13.3445,12.5185,9.14051,0.700893,4
btc-updown-5m-1790194200,2026-09-23 20:10:00+00:00,1790194200,5m,10.4359,9.82251,9.13478,0.525298,3
btc-updown-15m-1790194500,2026-09-23 20:15:00+00:00,1790194500,15m,16.6254,15.4636,14.245,0.524306,3
btc-updown-5m-1790194500,2026-09-23 20:15:00+00:00,1790194500,5m,9.7096,9.14692,8.72327,0.479663,3
btc-updown-5m-1790194800,2026-09-23 20:20:00+00:00,1790194800,5m,9.46636,8.82649,8.90483,0.459821,3
btc-updown-5m-1790195100,2026-09-23 20:25:00+00:00,1790195100,5m,9.50022,8.88313,8.55675,0.46131,3
btc-updown-15m-1790195400,2026-09-23 20:30:00+00:00,1790195400,15m,15.4377,14.2402,13.2758,0.469246,3
btc-updown-5m-1790195400,2026-09-23 20:30:00+00:00,1790195400,5m,9.16889,8.66594,8.12975,0.434028,3
btc-updown-5m-1790195700,2026-09-23 20:35:00+00:00,1790195700,5m,8.86704,8.4457,8.2726,0.413194,3
btc-updown-5m-1790196000,2026-09-23 20:40:00+00:00,1790196000,5m,8.76028,8.28765,7.7209,0.404266,3
btc-updown-15m-1790196300,2026-09-23 20:45:00+00:00,1790196300,15m,16.0274,15.0786,12.3456,0.49504,3
btc-updown-5m-1790196300,2026-09-23 20:45:00+00:00,1790196300,5m,9.20977,8.73326,7.5601,0.436012,3
btc-updown-5m-1790196600,2026-09-23 20:50:00+00:00,1790196600,5m,10.9002,10.2988,7.60326,0.556548,3
btc-updown-5m-1790196900,2026-09-23 20:55:00+00:00,1790196900,5m,9.0284,8.51748,7.11471,0.425595,3
btc-updown-15m-1790197200,2026-09-23 21:00:00+00:00,1790197200,15m,14.3968,13.5669,10.7154,0.419147,3
btc-updown-5m-1790197200,2026-09-23 21:00:00+00:00,1790197200,5m,8.0238,7.6586,6.56184,0.354663,2
btc-updown-5m-1790197500,2026-09-23 21:05:00+00:00,1790197500,5m,8.79026,8.37808,6.86325,0.407738,3
btc-updown-5m-1790197800,2026-09-23 21:10:00+00:00,1790197800,5m,7.45863,7.07069,6.41429,0.321925,2
btc-updown-15m-1790198100,2026-09-23 21:15:00+00:00,1790198100,15m,14.5823,13.8581,11.0622,0.43006,3
btc-updown-5m-1790198100,2026-09-23 21:15:00+00:00,1790198100,5m,8.12604,7.78382,6.77421,0.360119,2
btc-updown-5m-1790198400,2026-09-23 21:20:00+00:00,1790198400,5m,7.30285,6.85157,6.29076,0.308532,2
btc-updown-5m-1790198700,2026-09-23 21:25:00+00:00,1790198700,5m,8.37866,7.93272,6.64362,0.375,2
btc-updown-15m-1790199000,2026-09-23 21:30:00+00:00,1790199000,15m,12.3616,11.8534,10.3514,0.328869,2
btc-updown-5m-1790199000,2026-09-23 21:30:00+00:00,1790199000,5m,7.23134,6.91182,6.3389,0.30506,2
btc-updown-5m-1790199300,2026-09-23 21:35:00+00:00,1790199300,5m,7.05645,6.58307,5.92913,0.293155,2
btc-updown-5m-1790199600,2026-09-23 21:40:00+00:00,1790199600,5m,6.87866,6.45281,5.81447,0.287202,2
btc-updown-15m-1790199900,2026-09-23 21:45:00+00:00,1790199900,15m,12.01,11.3097,9.05799,0.31746,2
btc-updown-5m-1790199900,2026-09-23 21:45:00+00:00,1790199900,5m,6.69001,6.33206,5.54686,0.277282,2
btc-updown-5m-1790200200,2026-09-23 21:50:00+00:00,1790200200,5m,7.64456,7.2447,5.80367,0.332837,2
btc-updown-5m-1790200500,2026-09-23 21:55:00+00:00,1790200500,5m,6.21187,5.79534,5.43142,0.243552,2
btc-updown-15m-1790200800,2026-09-23 22:00:00+00:00,1790200800,15m,10.3095,9.82577,8.65763,0.25496,2
btc-updown-5m-1790200800,2026-09-23 22:00:00+00:00,1790200800,5m,5.95882,5.64743,5.3017,0.232143,2
btc-updown-5m-1790201100,2026-09-23 22:05:00+00:00,1790201100,5m,5.76789,5.63273,5.78972,0.22123,2
btc-updown-5m-1790201400,2026-09-23 22:10:00+00:00,1790201400,5m,22.9426,20.8013,11.1179,0.921627,5
btc-updown-15m-1790201700,2026-09-23 22:15:00+00:00,1790201700,15m,22.007,20.2177,17.9198,0.705357,4
btc-updown-5m-1790201700,2026-09-23 22:15:00+00:00,1790201700,5m,12.6614,11.7658,10.9736,0.667659,4
btc-updown-5m-1790202000,2026-09-23 22:20:00+00:00,1790202000,5m,9.94382,9.22056,10.3912,0.49504,3
btc-updown-5m-1790202300,2026-09-23 22:25:00+00:00,1790202300,5m,9.66114,9.0845,9.98246,0.476687,3
btc-updown-15m-1790202600,2026-09-23 22:30:00+00:00,1790202600,15m,12.9411,11.8607,14.7706,0.354663,2
btc-updown-5m-1790202600,2026-09-23 22:30:00+00:00,1790202600,5m,7.28348,6.63699,9.04508,0.308532,2
btc-updown-5m-1790202900,2026-09-23 22:35:00+00:00,1790202900,5m,8.473,7.97897,9.63378,0.381448,2
btc-updown-5m-1790203200,2026-09-23 22:40:00+00:00,1790203200,5m,8.09939,7.57059,8.89584,0.358631,2
btc-updown-15m-1790203500,2026-09-23 22:45:00+00:00,1790203500,15m,12.803,12.0057,13.47,0.345238,2
btc-updown-5m-1790203500,2026-09-23 22:45:00+00:00,1790203500,5m,7.49356,7.02998,8.24863,0.325397,2
btc-updown-5m-1790203800,2026-09-23 22:50:00+00:00,1790203800,5m,9.24047,8.86186,8.77869,0.439484,3
btc-updown-5m-1790204100,2026-09-23 22:55:00+00:00,1790204100,5m,8.26564,7.76983,8.34324,0.370536,2
btc-updown-15m-1790204400,2026-09-23 23:00:00+00:00,1790204400,15m,12.1394,11.2941,12.4636,0.318948,2
btc-updown-5m-1790204400,2026-09-23 23:00:00+00:00,1790204400,5m,6.6738,6.18688,7.63234,0.275298,2
btc-updown-5m-1790204700,2026-09-23 23:05:00+00:00,1790204700,5m,7.49919,7.2185,7.68657,0.325397,2
btc-updown-5m-1790205000,2026-09-23 23:10:00+00:00,1790205000,5m,7.44592,7.08578,7.73928,0.321925,2
btc-updown-15m-1790205300,2026-09-23 23:15:00+00:00,1790205300,15m,11.1976,10.5257,11.4998,0.287698,2
btc-updown-5m-1790205300,2026-09-23 23:15:00+00:00,1790205300,5m,6.81358,6.4137,7.04218,0.283234,2
btc-updown-5m-1790205600,2026-09-23 23:20:00+00:00,1790205600,5m,7.41446,7.07965,6.80318,0.317956,2
btc-updown-5m-1790205900,2026-09-23 23:25:00+00:00,1790205900,5m,7.57496,7.10708,6.37426,0.329861,2
btc-updown-15m-1790206200,2026-09-23 23:30:00+00:00,1790206200,15m,10.9849,10.2589,9.54509,0.28125,2
btc-updown-5m-1790206200,2026-09-23 23:30:00+00:00,1790206200,5m,6.57277,6.16758,5.84515,0.269841,2
btc-updown-5m-1790206500,2026-09-23 23:35:00+00:00,1790206500,5m,7.09761,6.77403,6.12894,0.296627,2
btc-updown-5m-1790206800,2026-09-23 23:40:00+00:00,1790206800,5m,5.72815,5.36588,5.763,0.220734,2
btc-updown-15m-1790207100,2026-09-23 23:45:00+00:00,1790207100,15m,11.2861,10.4409,10.4003,0.291171,2
btc-updown-5m-1790207100,2026-09-23 23:45:00+00:00,1790207100,5m,7.2238,6.76351,6.36884,0.30506,2
btc-updown-5m-1790207400,2026-09-23 23:50:00+00:00,1790207400,5m,7.09402,6.5748,6.24043,0.295635,2
btc-updown-5m-1790207700,2026-09-23 23:55:00+00:00,1790207700,5m,7.47258,7.16733,6.54012,0.323413,2
btc-updown-15m-1790208000,2026-09-24 00:00:00+00:00,1790208000,15m,10.9006,10.2676,10.503,0.27629,2
btc-updown-5m-1790208000,2026-09-24 00:00:00+00:00,1790208000,5m,6.96972,6.61936,6.43175,0.291171,2
btc-updown-5m-1790208300,2026-09-24 00:05:00+00:00,1790208300,5m,6.83109,6.53718,6.74774,0.284226,2
btc-updown-5m-1790208600,2026-09-24 00:10:00+00:00,1790208600,5m,7.3413,7.08797,6.87703,0.312004,2
btc-updown-15m-1790208900,2026-09-24 00:15:00+00:00,1790208900,15m,11.9483,11.4157,12.2847,0.315972,2
btc-updown-5m-1790208900,2026-09-24 00:15:00+00:00,1790208900,5m,7.91572,7.63946,7.52283,0.348214,2
btc-updown-5m-1790209200,2026-09-24 00:20:00+00:00,1790209200,5m,7.41865,7.15646,7.79741,0.318452,2
btc-updown-5m-1790209500,2026-09-24 00:25:00+00:00,1790209500,5m,7.93692,7.66021,8.25397,0.349206,2
btc-updown-15m-1790209800,2026-09-24 00:30:00+00:00,1790209800,15m,10.9879,10.3995,12.903,0.28125,2
btc-updown-5m-1790209800,2026-09-24 00:30:00+00:00,1790209800,5m,7.5116,7.21778,7.90141,0.325893,2
btc-updown-5m-1790210100,2026-09-24 00:35:00+00:00,1790210100,5m,8.38117,7.98575,8.58989,0.375496,2
btc-updown-5m-1790210400,2026-09-24 00:40:00+00:00,1790210400,5m,7.43583,7.08413,8.15241,0.320437,2
btc-updown-15m-1790210700,2026-09-24 00:45:00+00:00,1790210700,15m,11.41,10.9081,12.9127,0.297619,2
btc-updown-5m-1790210700,2026-09-24 00:45:00+00:00,1790210700,5m,7.48049,7.18704,7.90738,0.323413,2
btc-updown-5m-1790211000,2026-09-24 00:50:00+00:00,1790211000,5m,7.91346,7.62505,8.70984,0.348214,2
btc-updown-5m-1790211300,2026-09-24 00:55:00+00:00,1790211300,5m,7.97948,7.64997,8.15912,0.353175,2
btc-updown-15m-1790211600,2026-09-24 01:00:00+00:00,1790211600,15m,11.1539,10.7167,14.0686,0.286706,2
btc-updown-5m-1790211600,2026-09-24 01:00:00+00:00,1790211600,5m,7.93917,7.69826,8.61522,0.349206,2
btc-updown-5m-1790211900,2026-09-24 01:05:00+00:00,1790211900,5m,7.30068,7.05614,8.31903,0.308532,2
btc-updown-5m-1790212200,2026-09-24 01:10:00+00:00,1790212200,5m,7.55964,7.32099,8.87483,0.327877,2
btc-updown-15m-1790212500,2026-09-24 01:15:00+00:00,1790212500,15m,11.0648,10.5509,13.6376,0.28373,2
btc-updown-5m-1790212500,2026-09-24 01:15:00+00:00,1790212500,5m,7.29698,7.04315,8.3513,0.308532,2
btc-updown-5m-1790212800,2026-09-24 01:20:00+00:00,1790212800,5m,8.69979,8.44346,10.4652,0.400298,3
btc-updown-5m-1790213100,2026-09-24 01:25:00+00:00,1790213100,5m,8.45388,8.2062,10.1986,0.380952,2
btc-updown-15m-1790213400,2026-09-24 01:30:00+00:00,1790213400,15m,11.2714,10.8853,18.4722,0.291171,2
btc-updown-5m-1790213400,2026-09-24 01:30:00+00:00,1790213400,5m,8.43909,8.25212,11.3118,0.378968,2
btc-updown-5m-1790213700,2026-09-24 01:35:00+00:00,1790213700,5m,8.15764,7.97307,11.0598,0.362103,2
btc-updown-5m-1790214000,2026-09-24 01:40:00+00:00,1790214000,5m,9.65684,9.34422,12.5298,0.476687,3
btc-updown-15m-1790214300,2026-09-24 01:45:00+00:00,1790214300,15m,15.8465,15.286,22.4532,0.486607,3
btc-updown-5m-1790214300,2026-09-24 01:45:00+00:00,1790214300,5m,12.1663,11.896,13.7497,0.644345,4
btc-updown-5m-1790214600,2026-09-24 01:50:00+00:00,1790214600,5m,10.089,9.88653,14.0142,0.506448,3
btc-updown-5m-1790214900,2026-09-24 01:55:00+00:00,1790214900,5m,10.2576,10.0569,14.0222,0.516865,3
btc-updown-15m-1790215200,2026-09-24 02:00:00+00:00,1790215200,15m,12.4958,12.1921,21.7157,0.335813,2
btc-updown-5m-1790215200,2026-09-24 02:00:00+00:00,1790215200,5m,9.5288,9.4063,13.2981,0.462302,3
btc-updown-5m-1790215500,2026-09-24 02:05:00+00:00,1790215500,5m,10.2506,10.0749,12.8828,0.514881,3
btc-updown-5m-1790215800,2026-09-24 02:10:00+00:00,1790215800,5m,15.3225,15.0122,13.9182,0.779762,4
btc-updown-15m-1790216100,2026-09-24 02:15:00+00:00,1790216100,15m,21.7319,21.0886,25.5781,0.697421,4
btc-updown-5m-1790216100,2026-09-24 02:15:00+00:00,1790216100,5m,16.1918,15.815,15.6633,0.811508,5
btc-updown-5m-1790216400,2026-09-24 02:20:00+00:00,1790216400,5m,14.4075,13.9194,16.4105,0.745536,4
btc-updown-5m-1790216700,2026-09-24 02:25:00+00:00,1790216700,5m,14.0975,13.6174,15.3094,0.728671,4
btc-updown-15m-1790217000,2026-09-24 02:30:00+00:00,1790217000,15m,16.5587,15.9481,22.7133,0.520833,3
btc-updown-5m-1790217000,2026-09-24 02:30:00+00:00,1790217000,5m,11.5553,11.0909,13.909,0.599206,3
btc-updown-5m-1790217300,2026-09-24 02:35:00+00:00,1790217300,5m,11.6178,11.2723,14.4422,0.601687,4
btc-updown-5m-1790217600,2026-09-24 02:40:00+00:00,1790217600,5m,10.6036,10.2417,13.5529,0.537202,3
btc-updown-15m-1790217900,2026-09-24 02:45:00+00:00,1790217900,15m,13.781,13.2807,20.7072,0.391369,2
btc-updown-5m-1790217900,2026-09-24 02:45:00+00:00,1790217900,5m,8.88662,8.58445,12.6805,0.41369,3
btc-updown-5m-1790218200,2026-09-24 02:50:00+00:00,1790218200,5m,7.49366,7.16341,11.5444,0.325397,2
btc-updown-5m-1790218500,2026-09-24 02:55:00+00:00,1790218500,5m,6.39401,5.8691,10.4637,0.258929,2
btc-updown-15m-1790218800,2026-09-24 03:00:00+00:00,1790218800,15m,10.2337,9.47513,15.6726,0.251984,2
btc-updown-5m-1790218800,2026-09-24 03:00:00+00:00,1790218800,5m,5.81621,5.36977,9.59745,0.225694,2
btc-updown-5m-1790219100,2026-09-24 03:05:00+00:00,1790219100,5m,8.26463,8.04054,9.19081,0.37004,2
btc-updown-5m-1790219400,2026-09-24 03:10:00+00:00,1790219400,5m,9.2432,8.95401,9.21209,0.439484,3
btc-updown-15m-1790219700,2026-09-24 03:15:00+00:00,1790219700,15m,13.5313,13.1141,14.7985,0.381944,2
btc-updown-5m-1790219700,2026-09-24 03:15:00+00:00,1790219700,5m,9.52432,9.22797,9.06218,0.462302,3
btc-updown-5m-1790220000,2026-09-24 03:20:00+00:00,1790220000,5m,9.73339,9.35048,9.36603,0.480655,3
btc-updown-5m-1790220300,2026-09-24 03:25:00+00:00,1790220300,5m,15.3874,14.861,9.86522,0.78125,4
btc-updown-15m-1790220600,2026-09-24 03:30:00+00:00,1790220600,15m,21.7298,21.5229,15.7045,0.697421,4
btc-updown-5m-1790220600,2026-09-24 03:30:00+00:00,1790220600,5m,14.6813,14.278,9.61702,0.759425,4
btc-updown-5m-1790220900,2026-09-24 03:35:00+00:00,1790220900,5m,14.5785,13.9684,9.64353,0.755952,4
btc-updown-5m-1790221200,2026-09-24 03:40:00+00:00,1790221200,5m,12.9118,12.2187,9.0991,0.68006,4
btc-updown-15m-1790221500,2026-09-24 03:45:00+00:00,1790221500,15m,19.953,19.4399,14.1652,0.645833,4
btc-updown-5m-1790221500,2026-09-24 03:45:00+00:00,1790221500,5m,11.8139,11.251,8.6744,0.615575,4
btc-updown-5m-1790221800,2026-09-24 03:50:00+00:00,1790221800,5m,10.9143,10.0867,8.02688,0.557044,3
btc-updown-5m-1790222100,2026-09-24 03:55:00+00:00,1790222100,5m,12.8555,12.1362,8.14586,0.678571,4
btc-updown-15m-1790222400,2026-09-24 04:00:00+00:00,1790222400,15m,21.6104,20.8036,13.1631,0.693452,4
btc-updown-5m-1790222400,2026-09-24 04:00:00+00:00,1790222400,5m,13.0756,12.209,8.06072,0.690476,4
btc-updown-5m-1790222700,2026-09-24 04:05:00+00:00,1790222700,5m,11.1303,10.0889,8.10535,0.571429,3
btc-updown-5m-1790223000,2026-09-24 04:10:00+00:00,1790223000,5m,10.3462,9.62046,8.24162,0.521825,3
btc-updown-15m-1790223300,2026-09-24 04:15:00+00:00,1790223300,15m,18.547,17.6137,14.3111,0.59871,3
btc-updown-5m-1790223300,2026-09-24 04:15:00+00:00,1790223300,5m,10.7136,10.1013,8.76375,0.542659,3
btc-updown-5m-1790223600,2026-09-24 04:20:00+00:00,1790223600,5m,11.424,10.8421,9.35633,0.592262,3
btc-updown-5m-1790223900,2026-09-24 04:25:00+00:00,1790223900,5m,10.3355,9.64512,8.86418,0.521329,3
btc-updown-15m-1790224200,2026-09-24 04:30:00+00:00,1790224200,15m,16.6863,15.3553,13.3557,0.527282,3
btc-updown-5m-1790224200,2026-09-24 04:30:00+00:00,1790224200,5m,9.8405,9.2126,8.17868,0.487103,3
btc-updown-5m-1790224500,2026-09-24 04:35:00+00:00,1790224500,5m,9.52114,8.87552,7.8175,0.462302,3
btc-updown-5m-1790224800,2026-09-24 04:40:00+00:00,1790224800,5m,8.98601,8.35046,7.373,0.421627,3
btc-updown-15m-1790225100,2026-09-24 04:45:00+00:00,1790225100,15m,12.6373,10.9724,10.9852,0.339782,2
btc-updown-5m-1790225100,2026-09-24 04:45:00+00:00,1790225100,5m,6.80996,6.06812,6.72704,0.283234,2
btc-updown-5m-1790225400,2026-09-24 04:50:00+00:00,1790225400,5m,9.40715,8.82285,6.92671,0.454365,3
btc-updown-5m-1790225700,2026-09-24 04:55:00+00:00,1790225700,5m,8.25461,7.80346,6.95789,0.369544,2
btc-updown-15m-1790226000,2026-09-24 05:00:00+00:00,1790226000,15m,18.2306,17.5924,16.351,0.59127,3
btc-updown-5m-1790226000,2026-09-24 05:00:00+00:00,1790226000,5m,11.2874,10.8517,10.0129,0.584821,3
btc-updown-5m-1790226300,2026-09-24 05:05:00+00:00,1790226300,5m,12.8028,12.4504,10.7198,0.677083,4
btc-updown-5m-1790226600,2026-09-24 05:10:00+00:00,1790226600,5m,11.5695,10.8474,11.843,0.600198,4
btc-updown-15m-1790226900,2026-09-24 05:15:00+00:00,1790226900,15m,20.9079,20.5396,18.2694,0.674603,4
btc-updown-5m-1790226900,2026-09-24 05:15:00+00:00,1790226900,5m,13.0259,12.5904,11.1877,0.689484,4
btc-updown-5m-1790227200,2026-09-24 05:20:00+00:00,1790227200,5m,9.96624,9.47949,10.3503,0.496528,3
btc-updown-5m-1790227500,2026-09-24 05:25:00+00:00,1790227500,5m,9.69674,9.30724,9.79133,0.478671,3
btc-updown-15m-1790227800,2026-09-24 05:30:00+00:00,1790227800,15m,14.8715,14.1126,14.968,0.442956,3
btc-updown-5m-1790227800,2026-09-24 05:30:00+00:00,1790227800,5m,8.34996,7.94239,9.16599,0.374008,2
btc-updown-5m-1790228100,2026-09-24 05:35:00+00:00,1790228100,5m,8.8516,8.45255,8.49999,0.412698,3
btc-updown-5m-1790228400,2026-09-24 05:40:00+00:00,1790228400,5m,11.2911,10.8161,9.66247,0.584821,3
btc-updown-15m-1790228700,2026-09-24 05:45:00+00:00,1790228700,15m,15.4944,14.6689,15.8455,0.470238,3
btc-updown-5m-1790228700,2026-09-24 05:45:00+00:00,1790228700,5m,9.37934,8.95697,9.70336,0.450397,3
btc-updown-5m-1790229000,2026-09-24 05:50:00+00:00,1790229000,5m,8.58938,8.26072,9.78781,0.391369,2
btc-updown-5m-1790229300,2026-09-24 05:55:00+00:00,1790229300,5m,8.26506,7.92243,9.37139,0.37004,2
btc-updown-15m-1790229600,2026-09-24 06:00:00+00:00,1790229600,15m,19.918,19.1672,16.2317,0.644841,4
btc-updown-5m-1790229600,2026-09-24 06:00:00+00:00,1790229600,5m,12.4498,11.9519,9.93985,0.659226,4
btc-updown-5m-1790229900,2026-09-24 06:05:00+00:00,1790229900,5m,12.807,12.4453,9.95291,0.677083,4
btc-updown-5m-1790230200,2026-09-24 06:10:00+00:00,1790230200,5m,12.1543,11.8407,10.9511,0.644345,4
btc-updown-15m-1790230500,2026-09-24 06:15:00+00:00,1790230500,15m,17.062,16.4077,17.3626,0.543651,3
btc-updown-5m-1790230500,2026-09-24 06:15:00+00:00,1790230500,5m,10.6524,10.2546,10.6324,0.540675,3
btc-updown-5m-1790230800,2026-09-24 06:20:00+00:00,1790230800,5m,10.4644,10.1201,10.6063,0.526786,3
btc-updown-5m-1790231100,2026-09-24 06:25:00+00:00,1790231100,5m,10.1295,9.79684,10.3678,0.509425,3
btc-updown-15m-1790231400,2026-09-24 06:30:00+00:00,1790231400,15m,15.0739,14.5118,17.0118,0.455853,3
btc-updown-5m-1790231400,2026-09-24 06:30:00+00:00,1790231400,5m,9.61963,9.31707,10.4176,0.472222,3
btc-updown-5m-1790231700,2026-09-24 06:35:00+00:00,1790231700,5m,9.52294,9.30847,10.0101,0.462302,3
btc-updown-5m-1790232000,2026-09-24 06:40:00+00:00,1790232000,5m,8.65887,8.41971,9.13424,0.396329,2
btc-updown-15m-1790232300,2026-09-24 06:45:00+00:00,1790232300,15m,13.3277,12.2636,13.9226,0.37252,2
btc-updown-5m-1790232300,2026-09-24 06:45:00+00:00,1790232300,5m,7.82266,7.2652,8.52579,0.34375,2
btc-updown-5m-1790232600,2026-09-24 06:50:00+00:00,1790232600,5m,9.08902,8.65314,9.1749,0.429563,3
btc-updown-5m-1790232900,2026-09-24 06:55:00+00:00,1790232900,5m,9.15495,8.75758,8.6772,0.434028,3
btc-updown-15m-1790233200,2026-09-24 07:00:00+00:00,1790233200,15m,12.4218,11.6298,13.1289,0.332341,2
btc-updown-5m-1790233200,2026-09-24 07:00:00+00:00,1790233200,5m,7.72685,7.37301,8.03979,0.337302,2
btc-updown-5m-1790233500,2026-09-24 07:05:00+00:00,1790233500,5m,11.3815,11.0444,8.59981,0.589286,3
btc-updown-5m-1790233800,2026-09-24 07:10:00+00:00,1790233800,5m,10.133,9.93018,8.57887,0.509425,3
btc-updown-15m-1790234100,2026-09-24 07:15:00+00:00,1790234100,15m,14.0805,13.5528,13.6782,0.404266,3
btc-updown-5m-1790234100,2026-09-24 07:15:00+00:00,1790234100,5m,9.2993,9.03021,8.37617,0.443948,3
btc-updown-5m-1790234400,2026-09-24 07:20:00+00:00,1790234400,5m,9.37386,9.13005,8.6946,0.449901,3
btc-updown-5m-1790234700,2026-09-24 07:25:00+00:00,1790234700,5m,8.66725,8.42622,8.4475,0.397321,2
btc-updown-15m-1790235000,2026-09-24 07:30:00+00:00,1790235000,15m,16.8944,16.1857,16.4719,0.533234,3
btc-updown-5m-1790235000,2026-09-24 07:30:00+00:00,1790235000,5m,11.6773,11.3794,10.087,0.606647,4
btc-updown-5m-1790235300,2026-09-24 07:35:00+00:00,1790235300,5m,12.0795,11.6251,11.6557,0.638889,4
btc-updown-5m-1790235600,2026-09-24 07:40:00+00:00,1790235600,5m,11.7845,11.5829,11.3657,0.614583,4
btc-updown-15m-1790235900,2026-09-24 07:45:00+00:00,1790235900,15m,16.7346,16.1679,17.4969,0.528274,3
btc-updown-5m-1790235900,2026-09-24 07:45:00+00:00,1790235900,5m,9.78344,9.53038,10.7146,0.483631,3
btc-updown-5m-1790236200,2026-09-24 07:50:00+00:00,1790236200,5m,10.4849,10.2127,10.9292,0.527778,3
btc-updown-5m-1790236500,2026-09-24 07:55:00+00:00,1790236500,5m,11.7824,11.5382,11.1689,0.614583,4
btc-updown-15m-1790236800,2026-09-24 08:00:00+00:00,1790236800,15m,17.6048,16.8986,17.6731,0.56498,3
btc-updown-5m-1790236800,2026-09-24 08:00:00+00:00,1790236800,5m,10.5866,10.3679,10.8225,0.536706,3
btc-updown-5m-1790237100,2026-09-24 08:05:00+00:00,1790237100,5m,9.79254,9.44697,10.3921,0.484127,3
btc-updown-5m-1790237400,2026-09-24 08:10:00+00:00,1790237400,5m,8.9843,8.68846,9.60551,0.421627,3
btc-updown-15m-1790237700,2026-09-24 08:15:00+00:00,1790237700,15m,18.292,17.9778,15.6469,0.59127,3
btc-updown-5m-1790237700,2026-09-24 08:15:00+00:00,1790237700,5m,10.8864,10.8074,9.58173,0.555556,3
btc-updown-5m-1790238000,2026-09-24 08:20:00+00:00,1790238000,5m,10.9371,10.7754,9.94036,0.558036,3
btc-updown-5m-1790238300,2026-09-24 08:25:00+00:00,1790238300,5m,13.5589,13.45,11.4831,0.706845,4
btc-updown-15m-1790238600,2026-09-24 08:30:00+00:00,1790238600,15m,26.6883,26.2228,22.1873,0.812004,5
btc-updown-5m-1790238600,2026-09-24 08:30:00+00:00,1790238600,5m,17.9151,17.4707,13.5869,0.853671,5
btc-updown-5m-1790238900,2026-09-24 08:35:00+00:00,1790238900,5m,17.1135,16.5362,16.1179,0.834325,5
btc-updown-5m-1790239200,2026-09-24 08:40:00+00:00,1790239200,5m,17.5897,16.9296,17.3739,0.844742,5
btc-updown-15m-1790239500,2026-09-24 08:45:00+00:00,1790239500,15m,25.8019,25.1138,26.8697,0.795635,4
btc-updown-5m-1790239500,2026-09-24 08:45:00+00:00,1790239500,5m,16.025,15.3649,16.4543,0.804067,5
btc-updown-5m-1790239800,2026-09-24 08:50:00+00:00,1790239800,5m,15.7831,15.0681,15.489,0.796131,4
btc-updown-5m-1790240100,2026-09-24 08:55:00+00:00,1790240100,5m,21.5757,20.2036,23.3368,0.910714,5
btc-updown-15m-1790240400,2026-09-24 09:00:00+00:00,1790240400,15m,29.427,28.0104,34.9733,0.852679,5
btc-updown-5m-1790240400,2026-09-24 09:00:00+00:00,1790240400,5m,16.9779,15.7827,21.4167,0.831845,5
btc-updown-5m-1790240700,2026-09-24 09:05:00+00:00,1790240700,5m,18.3558,16.8587,20.6348,0.860615,5
btc-updown-5m-1790241000,2026-09-24 09:10:00+00:00,1790241000,5m,15.9771,14.8448,19.4993,0.802579,5
btc-updown-15m-1790241300,2026-09-24 09:15:00+00:00,1790241300,15m,27.8589,26.1136,29.7551,0.831349,5
btc-updown-5m-1790241300,2026-09-24 09:15:00+00:00,1790241300,5m,16.3074,15.2134,18.2212,0.814484,5
btc-updown-5m-1790241600,2026-09-24 09:20:00+00:00,1790241600,5m,16.9515,16.0542,17.2792,0.831845,5
btc-updown-5m-1790241900,2026-09-24 09:25:00+00:00,1790241900,5m,15.5509,14.6988,16.5047,0.786706,4
btc-updown-15m-1790242200,2026-09-24 09:30:00+00:00,1790242200,15m,26.5848,25.1419,25.1303,0.811508,5
btc-updown-5m-1790242200,2026-09-24 09:30:00+00:00,1790242200,5m,13.9696,13.2988,15.3891,0.722222,4
btc-updown-5m-1790242500,2026-09-24 09:35:00+00:00,1790242500,5m,27.6143,26.4004,18.4657,0.958829,5
btc-updown-5m-1790242800,2026-09-24 09:40:00+00:00,1790242800,5m,23.1357,22.0643,22.5288,0.922619,5
btc-updown-15m-1790243100,2026-09-24 09:45:00+00:00,1790243100,15m,44.2966,42.2568,35.8153,0.949405,5
btc-updown-5m-1790243100,2026-09-24 09:45:00+00:00,1790243100,5m,26.535,25.4871,21.9323,0.950397,5
btc-updown-5m-1790243400,2026-09-24 09:50:00+00:00,1790243400,5m,22.9631,22.1284,20.6122,0.921627,5
btc-updown-5m-1790243700,2026-09-24 09:55:00+00:00,1790243700,5m,21.0109,20.1577,19.9344,0.899802,5
btc-updown-15m-1790244000,2026-09-24 10:00:00+00:00,1790244000,15m,33.1973,31.4747,30.0759,0.891865,5
btc-updown-5m-1790244000,2026-09-24 10:00:00+00:00,1790244000,5m,18.6352,17.688,18.4177,0.866071,5
btc-updown-5m-1790244300,2026-09-24 10:05:00+00:00,1790244300,5m,16.534,15.9332,17.1924,0.821925,5
btc-updown-5m-1790244600,2026-09-24 10:10:00+00:00,1790244600,5m,17.2729,16.7399,16.299,0.837302,5
btc-updown-15m-1790244900,2026-09-24 10:15:00+00:00,1790244900,15m,34.4682,32.976,27.8625,0.897321,5
btc-updown-5m-1790244900,2026-09-24 10:15:00+00:00,1790244900,5m,21.1645,20.6355,17.0622,0.901786,5
btc-updown-5m-1790245200,2026-09-24 10:20:00+00:00,1790245200,5m,17.4048,16.7459,18.0806,0.840278,5
btc-updown-5m-1790245500,2026-09-24 10:25:00+00:00,1790245500,5m,16.6684,16.1498,16.9494,0.824405,5
btc-updown-15m-1790245800,2026-09-24 10:30:00+00:00,1790245800,15m,25.5985,24.0647,25.7838,0.792659,4
btc-updown-5m-1790245800,2026-09-24 10:30:00+00:00,1790245800,5m,15.83,15.1682,15.7893,0.797123,4
btc-updown-5m-1790246100,2026-09-24 10:35:00+00:00,1790246100,5m,14.5338,14.0169,15.3766,0.753472,4
btc-updown-5m-1790246400,2026-09-24 10:40:00+00:00,1790246400,5m,14.4901,14.1529,14.7328,0.75248,4
btc-updown-15m-1790246700,2026-09-24 10:45:00+00:00,1790246700,15m,23.4593,22.1969,23.0305,0.739087,4
btc-updown-5m-1790246700,2026-09-24 10:45:00+00:00,1790246700,5m,13.95,13.6165,14.1032,0.72123,4
btc-updown-5m-1790247000,2026-09-24 10:50:00+00:00,1790247000,5m,12.5331,11.9531,12.8329,0.662698,4
btc-updown-5m-1790247300,2026-09-24 10:55:00+00:00,1790247300,5m,13.5334,13.1701,13.2277,0.706845,4
btc-updown-15m-1790247600,2026-09-24 11:00:00+00:00,1790247600,15m,21.9545,21.0209,20.7243,0.704365,4
btc-updown-5m-1790247600,2026-09-24 11:00:00+00:00,1790247600,5m,13.2172,12.9902,12.691,0.694444,4
btc-updown-5m-1790247900,2026-09-24 11:05:00+00:00,1790247900,5m,13.3459,13.0122,12.1162,0.700893,4
btc-updown-5m-1790248200,2026-09-24 11:10:00+00:00,1790248200,5m,12.3819,11.917,11.3273,0.65377,4
btc-updown-15m-1790248500,2026-09-24 11:15:00+00:00,1790248500,15m,19.3291,18.2647,17.4745,0.625496,4
btc-updown-5m-1790248500,2026-09-24 11:15:00+00:00,1790248500,5m,11.5812,11.2016,10.7009,0.601687,4
btc-updown-5m-1790248800,2026-09-24 11:20:00+00:00,1790248800,5m,10.5296,10.0583,10.1382,0.529266,3
btc-updown-5m-1790249100,2026-09-24 11:25:00+00:00,1790249100,5m,10.1058,9.7041,9.62035,0.507937,3
btc-updown-15m-1790249400,2026-09-24 11:30:00+00:00,1790249400,15m,18.3432,17.1917,14.8329,0.592758,3
btc-updown-5m-1790249400,2026-09-24 11:30:00+00:00,1790249400,5m,10.8573,10.388,9.08327,0.552579,3
btc-updown-5m-1790249700,2026-09-24 11:35:00+00:00,1790249700,5m,8.6112,8.17806,8.36155,0.391865,2
btc-updown-5m-1790250000,2026-09-24 11:40:00+00:00,1790250000,5m,9.08759,8.54695,7.75185,0.429563,3
btc-updown-15m-1790250300,2026-09-24 11:45:00+00:00,1790250300,15m,16.1625,14.9378,12.489,0.500992,3
btc-updown-5m-1790250300,2026-09-24 11:45:00+00:00,1790250300,5m,9.24599,8.7356,7.6479,0.439484,3
btc-updown-5m-1790250600,2026-09-24 11:50:00+00:00,1790250600,5m,8.22256,7.80812,7.30995,0.366071,2
btc-updown-5m-1790250900,2026-09-24 11:55:00+00:00,1790250900,5m,8.68587,8.26057,8.04218,0.399802,2
btc-updown-15m-1790251200,2026-09-24 12:00:00+00:00,1790251200,15m,14.8898,13.795,12.7291,0.443452,3
btc-updown-5m-1790251200,2026-09-24 12:00:00+00:00,1790251200,5m,8.35834,7.94439,7.79493,0.374504,2
btc-updown-5m-1790251500,2026-09-24 12:05:00+00:00,1790251500,5m,8.19228,7.82487,8.60413,0.363591,2
btc-updown-5m-1790251800,2026-09-24 12:10:00+00:00,1790251800,5m,14.1639,13.7245,9.98512,0.732143,4
btc-updown-15m-1790252100,2026-09-24 12:15:00+00:00,1790252100,15m,17.607,16.1962,16.6835,0.56498,3
btc-updown-5m-1790252100,2026-09-24 12:15:00+00:00,1790252100,5m,10.741,10.1352,10.2165,0.544643,3
btc-updown-5m-1790252400,2026-09-24 12:20:00+00:00,1790252400,5m,9.51097,8.97447,9.67708,0.461806,3
btc-updown-5m-1790252700,2026-09-24 12:25:00+00:00,1790252700,5m,9.51074,9.0695,9.57168,0.461806,3
btc-updown-15m-1790253000,2026-09-24 12:30:00+00:00,1790253000,15m,17.2797,16.3462,17.7209,0.553571,3
btc-updown-5m-1790253000,2026-09-24 12:30:00+00:00,1790253000,5m,10.4246,10.0238,10.8518,0.524802,3
btc-updown-5m-1790253300,2026-09-24 12:35:00+00:00,1790253300,5m,15.0656,14.6276,11.5922,0.771329,4
btc-updown-5m-1790253600,2026-09-24 12:40:00+00:00,1790253600,5m,11.9972,11.4493,11.2339,0.63244,4
btc-updown-15m-1790253900,2026-09-24 12:45:00+00:00,1790253900,15m,18.7316,17.6216,18.1495,0.606647,4
btc-updown-5m-1790253900,2026-09-24 12:45:00+00:00,1790253900,5m,11.617,11.1088,11.1143,0.601687,4
btc-updown-5m-1790254200,2026-09-24 12:50:00+00:00,1790254200,5m,10.8203,10.1812,10.7707,0.550595,3
btc-updown-5m-1790254500,2026-09-24 12:55:00+00:00,1790254500,5m,10.8673,10.2287,10.5027,0.553075,3
btc-updown-15m-1790254800,2026-09-24 13:00:00+00:00,1790254800,15m,19.8621,18.6221,18.723,0.642361,4
btc-updown-5m-1790254800,2026-09-24 13:00:00+00:00,1790254800,5m,11.4376,11.0148,11.4655,0.59375,3
btc-updown-5m-1790255100,2026-09-24 13:05:00+00:00,1790255100,5m,12.3244,11.9817,11.2096,0.651786,4
btc-updown-5m-1790255400,2026-09-24 13:10:00+00:00,1790255400,5m,11.0993,10.7361,10.592,0.568948,3
btc-updown-15m-1790255700,2026-09-24 13:15:00+00:00,1790255700,15m,20.0982,19.2773,16.7359,0.646825,4
btc-updown-5m-1790255700,2026-09-24 13:15:00+00:00,1790255700,5m,11.3721,10.9983,10.2486,0.58879,3
btc-updown-5m-1790256000,2026-09-24 13:20:00+00:00,1790256000,5m,11.8874,11.628,9.6968,0.622024,4
btc-updown-5m-1790256300,2026-09-24 13:25:00+00:00,1790256300,5m,12.7021,12.0564,11.7558,0.668651,4
btc-updown-15m-1790256600,2026-09-24 13:30:00+00:00,1790256600,15m,18.7659,17.6956,17.8808,0.607639,4
btc-updown-5m-1790256600,2026-09-24 13:30:00+00:00,1790256600,5m,11.0642,10.5354,10.9497,0.565972,3
btc-updown-5m-1790256900,2026-09-24 13:35:00+00:00,1790256900,5m,17.7397,16.7869,17.0923,0.848214,5
btc-updown-5m-1790257200,2026-09-24 13:40:00+00:00,1790257200,5m,23.2156,22.2153,19.0118,0.923115,5
btc-updown-15m-1790257500,2026-09-24 13:45:00+00:00,1790257500,15m,35.4423,35.9423,35.989,0.905258,5
btc-updown-5m-1790257500,2026-09-24 13:45:00+00:00,1790257500,5m,24.8711,24.5843,22.0386,0.940476,5
btc-updown-5m-1790257800,2026-09-24 13:50:00+00:00,1790257800,5m,20.2662,19.5414,20.7785,0.891369,5
btc-updown-5m-1790258100,2026-09-24 13:55:00+00:00,1790258100,5m,19.2524,18.4655,19.8613,0.877976,5
btc-updown-15m-1790258400,2026-09-24 14:00:00+00:00,1790258400,15m,36.3423,35.4927,34.4496,0.909226,5
btc-updown-5m-1790258400,2026-09-24 14:00:00+00:00,1790258400,5m,23.5762,22.8283,21.096,0.927579,5
btc-updown-5m-1790258700,2026-09-24 14:05:00+00:00,1790258700,5m,20.0797,19.3766,20.3769,0.889881,5
btc-updown-5m-1790259000,2026-09-24 14:10:00+00:00,1790259000,5m,19.853,19.1702,20.3255,0.889385,5
btc-updown-15m-1790259300,2026-09-24 14:15:00+00:00,1790259300,15m,32.8848,31.8337,32.5948,0.889385,5
btc-updown-5m-1790259300,2026-09-24 14:15:00+00:00,1790259300,5m,19.7888,19.0533,19.9601,0.889385,5
btc-updown-5m-1790259600,2026-09-24 14:20:00+00:00,1790259600,5m,18.1344,17.6356,19.6282,0.856647,5
btc-updown-5m-1790259900,2026-09-24 14:25:00+00:00,1790259900,5m,16.0439,15.5205,18.1661,0.804067,5
btc-updown-15m-1790260200,2026-09-24 14:30:00+00:00,1790260200,15m,60.168,55.6667,38.6006,0.985615,5
btc-updown-5m-1790260200,2026-09-24 14:30:00+00:00,1790260200,5m,40.0901,38.0434,23.638,0.992063,5
btc-updown-5m-1790260500,2026-09-24 14:35:00+00:00,1790260500,5m,26.1611,25.5047,22.5519,0.948909,5
btc-updown-5m-1790260800,2026-09-24 14:40:00+00:00,1790260800,5m,23.7488,23.388,22.2889,0.93006,5
btc-updown-15m-1790261100,2026-09-24 14:45:00+00:00,1790261100,15m,37.1036,35.9915,34.4124,0.914187,5
btc-updown-5m-1790261100,2026-09-24 14:45:00+00:00,1790261100,5m,22.8542,22.1999,21.0732,0.920635,5
btc-updown-5m-1790261400,2026-09-24 14:50:00+00:00,1790261400,5m,33.6403,33.4299,24.2859,0.980655,5
btc-updown-5m-1790261700,2026-09-24 14:55:00+00:00,1790261700,5m,32.8771,32.4117,28.2109,0.978671,5
btc-updown-15m-1790262000,2026-09-24 15:00:00+00:00,1790262000,15m,39.5828,38.528,44.0492,0.927083,5
btc-updown-5m-1790262000,2026-09-24 15:00:00+00:00,1790262000,5m,25.7406,25.0708,26.9745,0.945933,5
btc-updown-5m-1790262300,2026-09-24 15:05:00+00:00,1790262300,5m,23.9106,23.0064,26.9285,0.931548,5
btc-updown-5m-1790262600,2026-09-24 15:10:00+00:00,1790262600,5m,26.1627,25.6649,26.2912,0.948909,5
btc-updown-15m-1790262900,2026-09-24 15:15:00+00:00,1790262900,15m,36.4565,35.2688,40.8561,0.910714,5
btc-updown-5m-1790262900,2026-09-24 15:15:00+00:00,1790262900,5m,22.9888,22.3971,25.0192,0.921627,5
btc-updown-5m-1790263200,2026-09-24 15:20:00+00:00,1790263200,5m,23.6743,22.8014,23.6234,0.929563,5
btc-updown-5m-1790263500,2026-09-24 15:25:00+00:00,1790263500,5m,21.1626,20.5097,22.2141,0.901786,5
btc-updown-15m-1790263800,2026-09-24 15:30:00+00:00,1790263800,15m,32.7521,31.8681,34.8162,0.888393,5
btc-updown-5m-1790263800,2026-09-24 15:30:00+00:00,1790263800,5m,18.992,18.487,21.3205,0.873016,5
btc-updown-5m-1790264100,2026-09-24 15:35:00+00:00,1790264100,5m,16.2768,15.7005,19.7589,0.813988,5
btc-updown-5m-1790264400,2026-09-24 15:40:00+00:00,1790264400,5m,20.4339,20.097,19.5141,0.892361,5
btc-updown-15m-1790264700,2026-09-24 15:45:00+00:00,1790264700,15m,31.8672,30.938,29.2051,0.87996,5
btc-updown-5m-1790264700,2026-09-24 15:45:00+00:00,1790264700,5m,16.9702,16.5675,17.8844,0.831845,5
btc-updown-5m-1790265000,2026-09-24 15:50:00+00:00,1790265000,5m,17.4047,16.763,17.4682,0.840278,5
btc-updown-5m-1790265300,2026-09-24 15:55:00+00:00,1790265300,5m,15.3864,14.7341,16.0735,0.78125,4
btc-updown-15m-1790265600,2026-09-24 16:00:00+00:00,1790265600,15m,25.4499,23.9856,24.4361,0.787698,4
btc-updown-5m-1790265600,2026-09-24 16:00:00+00:00,1790265600,5m,13.6213,12.9892,14.964,0.708333,4
btc-updown-5m-1790265900,2026-09-24 16:05:00+00:00,1790265900,5m,17.9516,17.4691,16.0933,0.853671,5
btc-updown-5m-1790266200,2026-09-24 16:10:00+00:00,1790266200,5m,16.8982,16.3964,15.8654,0.828869,5
btc-updown-15m-1790266500,2026-09-24 16:15:00+00:00,1790266500,15m,30.277,29.6741,25.525,0.865079,5
btc-updown-5m-1790266500,2026-09-24 16:15:00+00:00,1790266500,5m,18.0376,17.5863,15.6308,0.854663,5
btc-updown-5m-1790266800,2026-09-24 16:20:00+00:00,1790266800,5m,35.5264,34.2426,28.4988,0.985615,5
btc-updown-5m-1790267100,2026-09-24 16:25:00+00:00,1790267100,5m,25.0756,23.7278,26.7928,0.940476,5
btc-updown-15m-1790267400,2026-09-24 16:30:00+00:00,1790267400,15m,42.5788,41.0411,41.7876,0.941468,5
btc-updown-5m-1790267400,2026-09-24 16:30:00+00:00,1790267400,5m,27.1642,26.301,25.5896,0.954365,5
btc-updown-5m-1790267700,2026-09-24 16:35:00+00:00,1790267700,5m,22.526,21.5108,23.8991,0.918651,5
btc-updown-5m-1790268000,2026-09-24 16:40:00+00:00,1790268000,5m,22.3004,20.9836,22.5203,0.916667,5
btc-updown-15m-1790268300,2026-09-24 16:45:00+00:00,1790268300,15m,39.575,37.7486,38.1121,0.927083,5
btc-updown-5m-1790268300,2026-09-24 16:45:00+00:00,1790268300,5m,24.953,23.9154,23.3388,0.940476,5
btc-updown-5m-1790268600,2026-09-24 16:50:00+00:00,1790268600,5m,24.2532,23.1215,23.5688,0.933532,5
btc-updown-5m-1790268900,2026-09-24 16:55:00+00:00,1790268900,5m,21.5869,20.843,22.0389,0.91121,5
btc-updown-15m-1790269200,2026-09-24 17:00:00+00:00,1790269200,15m,31.3636,29.923,34.0322,0.875496,5
btc-updown-5m-1790269200,2026-09-24 17:00:00+00:00,1790269200,5m,20.1836,19.3291,20.8404,0.890377,5
btc-updown-5m-1790269500,2026-09-24 17:05:00+00:00,1790269500,5m,18.2412,17.3958,19.7723,0.858631,5
btc-updown-5m-1790269800,2026-09-24 17:10:00+00:00,1790269800,5m,16.9351,16.1791,18.628,0.830853,5
btc-updown-15m-1790270100,2026-09-24 17:15:00+00:00,1790270100,15m,25.2083,23.5019,28.0382,0.783234,4
btc-updown-5m-1790270100,2026-09-24 17:15:00+00:00,1790270100,5m,14.1976,13.351,17.1698,0.733631,4
btc-updown-5m-1790270400,2026-09-24 17:20:00+00:00,1790270400,5m,12.4895,11.8554,17.8125,0.660714,4
btc-updown-5m-1790270700,2026-09-24 17:25:00+00:00,1790270700,5m,14.2907,13.662,17.058,0.739087,4
btc-updown-15m-1790271000,2026-09-24 17:30:00+00:00,1790271000,15m,20.135,19.0648,25.809,0.647817,4
btc-updown-5m-1790271000,2026-09-24 17:30:00+00:00,1790271000,5m,13.4735,12.8288,15.8047,0.706349,4
btc-updown-5m-1790271300,2026-09-24 17:35:00+00:00,1790271300,5m,11.5653,10.9245,14.7484,0.599702,3
btc-updown-5m-1790271600,2026-09-24 17:40:00+00:00,1790271600,5m,16.2841,15.8016,14.6093,0.813988,5
btc-updown-15m-1790271900,2026-09-24 17:45:00+00:00,1790271900,15m,25.6476,23.8126,25.2393,0.794147,4
btc-updown-5m-1790271900,2026-09-24 17:45:00+00:00,1790271900,5m,17.916,16.8941,15.4558,0.853671,5
btc-updown-5m-1790272200,2026-09-24 17:50:00+00:00,1790272200,5m,12.7271,11.8316,14.1023,0.672619,4
btc-updown-5m-1790272500,2026-09-24 17:55:00+00:00,1790272500,5m,14.6411,13.8699,13.6208,0.758433,4
btc-updown-15m-1790272800,2026-09-24 18:00:00+00:00,1790272800,15m,24.0566,23.0366,21.2091,0.751984,4
btc-updown-5m-1790272800,2026-09-24 18:00:00+00:00,1790272800,5m,14.4932,13.6916,12.9879,0.75248,4
btc-updown-5m-1790273100,2026-09-24 18:05:00+00:00,1790273100,5m,14.1518,13.884,13.228,0.731647,4
btc-updown-5m-1790273400,2026-09-24 18:10:00+00:00,1790273400,5m,18.2002,17.7106,14.8852,0.857639,5
btc-updown-15m-1790273700,2026-09-24 18:15:00+00:00,1790273700,15m,23.5061,22.0743,22.3963,0.740079,4
btc-updown-5m-1790273700,2026-09-24 18:15:00+00:00,1790273700,5m,13.9846,13.3285,13.7148,0.722222,4
btc-updown-5m-1790274000,2026-09-24 18:20:00+00:00,1790274000,5m,14.8819,13.9594,13.2273,0.765377,4
btc-updown-5m-1790274300,2026-09-24 18:25:00+00:00,1790274300,5m,13.4904,12.5215,12.1725,0.706349,4
btc-updown-15m-1790274600,2026-09-24 18:30:00+00:00,1790274600,15m,23.88,22.319,18.9139,0.749008,4
btc-updown-5m-1790274600,2026-09-24 18:30:00+00:00,1790274600,5m,12.7023,11.9252,11.5824,0.668651,4
btc-updown-5m-1790274900,2026-09-24 18:35:00+00:00,1790274900,5m,12.5317,11.7411,11.4297,0.662202,4
btc-updown-5m-1790275200,2026-09-24 18:40:00+00:00,1790275200,5m,22.3082,21.4439,15.3214,0.916667,5
btc-updown-15m-1790275500,2026-09-24 18:45:00+00:00,1790275500,15m,23.3556,21.8142,23.2261,0.738095,4
btc-updown-5m-1790275500,2026-09-24 18:45:00+00:00,1790275500,5m,13.4669,12.6466,14.223,0.705853,4
btc-updown-5m-1790275800,2026-09-24 18:50:00+00:00,1790275800,5m,12.2509,11.4035,13.1922,0.649306,4
btc-updown-5m-1790276100,2026-09-24 18:55:00+00:00,1790276100,5m,13.5872,12.8005,13.5125,0.707837,4
btc-updown-15m-1790276400,2026-09-24 19:00:00+00:00,1790276400,15m,23.5301,21.7782,20.9644,0.742063,4
btc-updown-5m-1790276400,2026-09-24 19:00:00+00:00,1790276400,5m,13.893,12.9285,12.8381,0.720238,4
btc-updown-5m-1790276700,2026-09-24 19:05:00+00:00,1790276700,5m,14.817,14.0463,12.713,0.763889,4
btc-updown-5m-1790277000,2026-09-24 19:10:00+00:00,1790277000,5m,14.1331,13.3768,12.3088,0.729663,4
btc-updown-15m-1790277300,2026-09-24 19:15:00+00:00,1790277300,15m,26.5248,24.9514,19.4931,0.810516,5
btc-updown-5m-1790277300,2026-09-24 19:15:00+00:00,1790277300,5m,16.6748,15.9696,11.937,0.824405,5
btc-updown-5m-1790277600,2026-09-24 19:20:00+00:00,1790277600,5m,13.2049,12.6106,11.1901,0.693948,4
btc-updown-5m-1790277900,2026-09-24 19:25:00+00:00,1790277900,5m,12.6231,11.8231,10.5419,0.664683,4
btc-updown-15m-1790278200,2026-09-24 19:30:00+00:00,1790278200,15m,20.9123,19.3765,16.0013,0.674603,4
btc-updown-5m-1790278200,2026-09-24 19:30:00+00:00,1790278200,5m,11.7759,10.9561,9.79876,0.613591,4
btc-updown-5m-1790278500,2026-09-24 19:35:00+00:00,1790278500,5m,10.5549,9.86101,9.14321,0.533234,3
btc-updown-5m-1790278800,2026-09-24 19:40:00+00:00,1790278800,5m,12.0288,11.3256,9.4778,0.634921,4
btc-updown-15m-1790279100,2026-09-24 19:45:00+00:00,1790279100,15m,20.8641,19.8935,14.7933,0.673611,4
btc-updown-5m-1790279100,2026-09-24 19:45:00+00:00,1790279100,5m,11.4549,10.9076,9.05903,0.594742,3
btc-updown-5m-1790279400,2026-09-24 19:50:00+00:00,1790279400,5m,11.0159,10.4581,9.08839,0.5625,3
btc-updown-5m-1790279700,2026-09-24 19:55:00+00:00,1790279700,5m,10.5854,9.9079,8.96092,0.536706,3
btc-updown-15m-1790280000,2026-09-24 20:00:00+00:00,1790280000,15m,26.5722,25.6019,18.4735,0.811508,5
btc-updown-5m-1790280000,2026-09-24 20:00:00+00:00,1790280000,5m,17.6007,16.9855,11.3127,0.845238,5
btc-updown-5m-1790280300,2026-09-24 20:05:00+00:00,1790280300,5m,14.1161,13.3834,12.2848,0.728671,4
btc-updown-5m-1790280600,2026-09-24 20:10:00+00:00,1790280600,5m,13.0337,12.4546,11.7929,0.689484,4
btc-updown-15m-1790280900,2026-09-24 20:15:00+00:00,1790280900,15m,22.1618,21.2889,18.448,0.709325,4
btc-updown-5m-1790280900,2026-09-24 20:15:00+00:00,1790280900,5m,13.5925,13.1787,11.297,0.708333,4
btc-updown-5m-1790281200,2026-09-24 20:20:00+00:00,1790281200,5m,12.8594,12.4895,11.061,0.678571,4
btc-updown-5m-1790281500,2026-09-24 20:25:00+00:00,1790281500,5m,14.0334,13.5997,11.0984,0.724206,4
btc-updown-15m-1790281800,2026-09-24 20:30:00+00:00,1790281800,15m,21.7453,20.7862,17.269,0.697421,4
btc-updown-5m-1790281800,2026-09-24 20:30:00+00:00,1790281800,5m,13.0805,12.7136,10.5751,0.690476,4
btc-updown-5m-1790282100,2026-09-24 20:35:00+00:00,1790282100,5m,12.0372,11.6181,9.93503,0.636409,4
btc-updown-5m-1790282400,2026-09-24 20:40:00+00:00,1790282400,5m,11.5885,11.2338,9.55987,0.601687,4
btc-updown-15m-1790282700,2026-09-24 20:45:00+00:00,1790282700,15m,18.965,18.1927,14.7687,0.614087,4
btc-updown-5m-1790282700,2026-09-24 20:45:00+00:00,1790282700,5m,10.9098,10.5639,9.04396,0.556548,3
btc-updown-5m-1790283000,2026-09-24 20:50:00+00:00,1790283000,5m,11.1098,10.7041,9.14848,0.568948,3
btc-updown-5m-1790283300,2026-09-24 20:55:00+00:00,1790283300,5m,11.6022,11.1796,10.098,0.601687,4
btc-updown-15m-1790283600,2026-09-24 21:00:00+00:00,1790283600,15m,19.6866,18.6346,18.9453,0.635417,4
btc-updown-5m-1790283600,2026-09-24 21:00:00+00:00,1790283600,5m,12.8507,12.3137,11.6016,0.678571,4
btc-updown-5m-1790283900,2026-09-24 21:05:00+00:00,1790283900,5m,11.1376,10.6403,10.6532,0.571925,3
btc-updown-5m-1790284200,2026-09-24 21:10:00+00:00,1790284200,5m,10.4865,9.95602,9.93464,0.527778,3
btc-updown-15m-1790284500,2026-09-24 21:15:00+00:00,1790284500,15m,16.6252,15.5987,14.728,0.524306,3
btc-updown-5m-1790284500,2026-09-24 21:15:00+00:00,1790284500,5m,9.51242,8.98467,9.01901,0.461806,3
btc-updown-5m-1790284800,2026-09-24 21:20:00+00:00,1790284800,5m,9.41071,9.01406,8.67104,0.454861,3
btc-updown-5m-1790285100,2026-09-24 21:25:00+00:00,1790285100,5m,7.96238,7.42591,7.9652,0.352183,2
btc-updown-15m-1790285400,2026-09-24 21:30:00+00:00,1790285400,15m,12.9221,11.9207,12.1015,0.352679,2
btc-updown-5m-1790285400,2026-09-24 21:30:00+00:00,1790285400,5m,7.69614,7.12822,7.41064,0.335317,2
btc-updown-5m-1790285700,2026-09-24 21:35:00+00:00,1790285700,5m,8.34394,7.8958,7.06828,0.373512,2
btc-updown-5m-1790286000,2026-09-24 21:40:00+00:00,1790286000,5m,8.62638,8.15538,6.99278,0.393353,2
btc-updown-15m-1790286300,2026-09-24 21:45:00+00:00,1790286300,15m,11.3426,10.7015,11.4068,0.293651,2
btc-updown-5m-1790286300,2026-09-24 21:45:00+00:00,1790286300,5m,6.96124,6.61366,6.98524,0.290675,2
btc-updown-5m-1790286600,2026-09-24 21:50:00+00:00,1790286600,5m,6.67194,6.29833,6.86329,0.275298,2
btc-updown-5m-1790286900,2026-09-24 21:55:00+00:00,1790286900,5m,5.82844,5.48265,6.4771,0.225694,2
btc-updown-15m-1790287200,2026-09-24 22:00:00+00:00,1790287200,15m,10.8332,10.4075,10.319,0.275298,2
btc-updown-5m-1790287200,2026-09-24 22:00:00+00:00,1790287200,5m,6.80728,6.60296,6.31906,0.282738,2
btc-updown-5m-1790287500,2026-09-24 22:05:00+00:00,1790287500,5m,7.33713,7.07568,7.04612,0.312004,2
btc-updown-5m-1790287800,2026-09-24 22:10:00+00:00,1790287800,5m,9.09851,8.7243,8.53118,0.429563,3
btc-updown-15m-1790288100,2026-09-24 22:15:00+00:00,1790288100,15m,13.133,12.5083,13.0198,0.365575,2
btc-updown-5m-1790288100,2026-09-24 22:15:00+00:00,1790288100,5m,8.20212,7.89929,7.97299,0.365079,2
btc-updown-5m-1790288400,2026-09-24 22:20:00+00:00,1790288400,5m,14.8589,14.4611,9.56127,0.763889,4
btc-updown-5m-1790288700,2026-09-24 22:25:00+00:00,1790288700,5m,15.0213,14.459,11.1522,0.769841,4
btc-updown-15m-1790289000,2026-09-24 22:30:00+00:00,1790289000,15m,20.1819,19.0851,17.9891,0.64881,4
btc-updown-5m-1790289000,2026-09-24 22:30:00+00:00,1790289000,5m,13.1414,12.4721,11.016,0.692956,4
btc-updown-5m-1790289300,2026-09-24 22:35:00+00:00,1790289300,5m,11.4833,11.1165,10.7427,0.596726,3
btc-updown-5m-1790289600,2026-09-24 22:40:00+00:00,1790289600,5m,10.7137,10.2451,9.96271,0.542659,3
btc-updown-15m-1790289900,2026-09-24 22:45:00+00:00,1790289900,15m,16.27,15.7262,15.7101,0.503968,3
btc-updown-5m-1790289900,2026-09-24 22:45:00+00:00,1790289900,5m,10.1066,9.75097,9.62043,0.507937,3
btc-updown-5m-1790290200,2026-09-24 22:50:00+00:00,1790290200,5m,9.85246,9.56059,9.377,0.487103,3
btc-updown-5m-1790290500,2026-09-24 22:55:00+00:00,1790290500,5m,8.26636,7.94187,8.60257,0.370536,2
btc-updown-15m-1790290800,2026-09-24 23:00:00+00:00,1790290800,15m,13.2138,12.3636,12.9058,0.368552,2
btc-updown-5m-1790290800,2026-09-24 23:00:00+00:00,1790290800,5m,7.76407,7.35158,7.90317,0.340774,2
btc-updown-5m-1790291100,2026-09-24 23:05:00+00:00,1790291100,5m,7.87437,7.58315,7.79416,0.346726,2
btc-updown-5m-1790291400,2026-09-24 23:10:00+00:00,1790291400,5m,7.25756,7.02824,7.3693,0.306548,2
btc-updown-15m-1790291700,2026-09-24 23:15:00+00:00,1790291700,15m,13.2964,12.737,14.2957,0.371528,2
btc-updown-5m-1790291700,2026-09-24 23:15:00+00:00,1790291700,5m,8.55454,8.23557,8.75429,0.387897,2
btc-updown-5m-1790292000,2026-09-24 23:20:00+00:00,1790292000,5m,7.05364,6.80848,8.30199,0.293155,2
btc-updown-5m-1790292300,2026-09-24 23:25:00+00:00,1790292300,5m,6.31166,5.97098,7.72346,0.251984,2
btc-updown-15m-1790292600,2026-09-24 23:30:00+00:00,1790292600,15m,10.5079,10.0123,11.7088,0.261409,2
btc-updown-5m-1790292600,2026-09-24 23:30:00+00:00,1790292600,5m,6.13136,5.86239,7.17017,0.238095,2
btc-updown-5m-1790292900,2026-09-24 23:35:00+00:00,1790292900,5m,5.76163,5.44999,6.57184,0.22123,2
btc-updown-5m-1790293200,2026-09-24 23:40:00+00:00,1790293200,5m,4.84925,4.53933,6.12879,0.159722,1
btc-updown-15m-1790293500,2026-09-24 23:45:00+00:00,1790293500,15m,10.0018,9.49283,10.1105,0.243552,2
btc-updown-5m-1790293500,2026-09-24 23:45:00+00:00,1790293500,5m,6.17518,5.87309,6.19137,0.241071,2
btc-updown-5m-1790293800,2026-09-24 23:50:00+00:00,1790293800,5m,4.79488,4.42731,5.61118,0.154762,1
btc-updown-5m-1790294100,2026-09-24 23:55:00+00:00,1790294100,5m,5.33784,5.02198,5.78196,0.197917,1
